EXPERIMENT
==========
2025-04-23 10:48:50

ANNBFIS, neuro-fuzzy system with logical interpretation of fuzzy rules
ANNBFIS
number of rules:     10
number of clustering iterations: 100
number of tuning interations:    100
learning coefficient: 0.001
partitioner: fcm
implication: Reichenbach
normalisation:   false
RMSE for train data: 0.879594
RMSE for test data:  0.894878
MAE  for train data: 0.638325
MAE  for test data:  0.647651
fuzzy rule base creation time: 145 [s]


fuzzy rule base
RULE 1

logical rule
implication: Reichenbach
premise: 
premise
desciptors
1: 
descriptor: gaussian
   c == 28615.4
   s == 2.41158

2: 
descriptor: gaussian
   c == 28545.5
   s == 1.56843

3: 
descriptor: gaussian
   c == 11888
   s == 2.32372

4: 
descriptor: gaussian
   c == -921.185
   s == 13.755

5: 
descriptor: gaussian
   c == -46599.1
   s == 0.813291


consequence: 
linear parameters: 1  1  1  1  1  1  
support width: 2

RULE 2

logical rule
implication: Reichenbach
premise: 
premise
desciptors
1: 
descriptor: gaussian
   c == -26.7021
   s == 0.515596

2: 
descriptor: gaussian
   c == -2.41376
   s == 0.513017

3: 
descriptor: gaussian
   c == -16.59
   s == 0.527762

4: 
descriptor: gaussian
   c == 5.59742
   s == 0.552051

5: 
descriptor: gaussian
   c == -8.19633
   s == 0.674246


consequence: 
linear parameters: 1  1  1  1  1  1  
support width: 2

RULE 3

logical rule
implication: Reichenbach
premise: 
premise
desciptors
1: 
descriptor: gaussian
   c == 1.14287e+10
   s == 27.9648

2: 
descriptor: gaussian
   c == -2.21311e+09
   s == 82.9902

3: 
descriptor: gaussian
   c == 1.07126e+09
   s == 41.0279

4: 
descriptor: gaussian
   c == -6.59207e+09
   s == 39.0307

5: 
descriptor: gaussian
   c == 2.78384e+08
   s == 340.499


consequence: 
linear parameters: 1  1  1  1  1  1  
support width: 2

RULE 4

logical rule
implication: Reichenbach
premise: 
premise
desciptors
1: 
descriptor: gaussian
   c == -6528.96
   s == 10.1821

2: 
descriptor: gaussian
   c == 1208.54
   s == 11.843

3: 
descriptor: gaussian
   c == 131.68
   s == 175.279

4: 
descriptor: gaussian
   c == -140.808
   s == 111.388

5: 
descriptor: gaussian
   c == 120.711
   s == 230.542


consequence: 
linear parameters: 1  1  1  1  1  1  
support width: 2

RULE 5

logical rule
implication: Reichenbach
premise: 
premise
desciptors
1: 
descriptor: gaussian
   c == -176.216
   s == 0.438215

2: 
descriptor: gaussian
   c == -42.3545
   s == 0.507599

3: 
descriptor: gaussian
   c == -50.7854
   s == 0.504415

4: 
descriptor: gaussian
   c == -13.5467
   s == 0.518523

5: 
descriptor: gaussian
   c == -101.067
   s == 0.569431


consequence: 
linear parameters: 1  1  1  1  1  1  
support width: 2

RULE 6

logical rule
implication: Reichenbach
premise: 
premise
desciptors
1: 
descriptor: gaussian
   c == 24.7354
   s == 31.9554

2: 
descriptor: gaussian
   c == -3.81762
   s == 27.7085

3: 
descriptor: gaussian
   c == -12.8346
   s == 0.399366

4: 
descriptor: gaussian
   c == 31.0971
   s == 0.432975

5: 
descriptor: gaussian
   c == 22.1235
   s == 106.768


consequence: 
linear parameters: 1  1  1  1  1  1  
support width: 2

RULE 7

logical rule
implication: Reichenbach
premise: 
premise
desciptors
1: 
descriptor: gaussian
   c == 2.35592e+07
   s == 6.41406e+07

2: 
descriptor: gaussian
   c == -5.82567e+07
   s == 5.31164e+07

3: 
descriptor: gaussian
   c == 7.34817e+06
   s == 3.212e+06

4: 
descriptor: gaussian
   c == 1.18538e+07
   s == 2.41316e+07

5: 
descriptor: gaussian
   c == 1.76399e+07
   s == 3.46497e+07


consequence: 
linear parameters: -44225.8  -44111.2  -29739.5  43868.1  -38995.9  1.03621  
support width: 2

RULE 8

logical rule
implication: Reichenbach
premise: 
premise
desciptors
1: 
descriptor: gaussian
   c == -19.1498
   s == 0.908361

2: 
descriptor: gaussian
   c == -13.2816
   s == 60.8826

3: 
descriptor: gaussian
   c == 44.627
   s == 75.4893

4: 
descriptor: gaussian
   c == -41.6265
   s == 42.7733

5: 
descriptor: gaussian
   c == 74.2235
   s == 264.846


consequence: 
linear parameters: 1  1  1  1  1  1  
support width: 2

RULE 9

logical rule
implication: Reichenbach
premise: 
premise
desciptors
1: 
descriptor: gaussian
   c == -1.35601e+10
   s == 1.91521e+10

2: 
descriptor: gaussian
   c == 1.02404e+10
   s == 7.22977e+09

3: 
descriptor: gaussian
   c == 2.01246e+09
   s == 3.36405e+08

4: 
descriptor: gaussian
   c == -1.12532e+10
   s == 9.01669e+09

5: 
descriptor: gaussian
   c == -2.33636e+10
   s == 2.73123e+10


consequence: 
linear parameters: 1  1  1  1  1  1  
support width: 2

RULE 10

logical rule
implication: Reichenbach
premise: 
premise
desciptors
1: 
descriptor: gaussian
   c == 563888
   s == 793074

2: 
descriptor: gaussian
   c == -1.73154e+06
   s == 8.45084e+06

3: 
descriptor: gaussian
   c == 1.02037e+06
   s == 2.73442e+06

4: 
descriptor: gaussian
   c == 361058
   s == 631381

5: 
descriptor: gaussian
   c == 526591
   s == 737280


consequence: 
linear parameters: 172.21  172.476  115.064  -171.008  151.745  -0.00761056  
support width: 2



linguistic description of fuzzy rule base
RULE 1

IF input 1 is mildly giant AND input 2 is moderately giant AND input 3 is mildly giant AND input 4 is loosely micro AND input 5 is distinctly micro THEN  input 1 has high positive importance AND input 2 has high positive importance AND input 3 has high positive importance AND input 4 has high positive importance AND input 5 has high positive importance AND constant term is large.

RULE 2

IF input 1 is distinctly micro AND input 2 is distinctly micro AND input 3 is distinctly micro AND input 4 is distinctly giant AND input 5 is distinctly micro THEN  input 1 has high positive importance AND input 2 has high positive importance AND input 3 has high positive importance AND input 4 has high positive importance AND input 5 has high positive importance AND constant term is large.

RULE 3

IF input 1 is loosely micro AND input 2 is loosely micro AND input 3 is loosely giant AND input 4 is loosely micro AND input 5 is loosely giant THEN  input 1 has high positive importance AND input 2 has high positive importance AND input 3 has high positive importance AND input 4 has high positive importance AND input 5 has high positive importance AND constant term is large.

RULE 4

IF input 1 is loosely micro AND input 2 is loosely giant AND input 3 is loosely giant AND input 4 is loosely micro AND input 5 is loosely giant THEN  input 1 has high positive importance AND input 2 has high positive importance AND input 3 has high positive importance AND input 4 has high positive importance AND input 5 has high positive importance AND constant term is large.

RULE 5

IF input 1 is strictly micro AND input 2 is distinctly micro AND input 3 is distinctly micro AND input 4 is distinctly micro AND input 5 is distinctly micro THEN  input 1 has high positive importance AND input 2 has high positive importance AND input 3 has high positive importance AND input 4 has high positive importance AND input 5 has high positive importance AND constant term is large.

RULE 6

IF input 1 is loosely giant AND input 2 is loosely micro AND input 3 is strictly micro AND input 4 is strictly giant AND input 5 is loosely giant THEN  input 1 has high positive importance AND input 2 has high positive importance AND input 3 has high positive importance AND input 4 has high positive importance AND input 5 has high positive importance AND constant term is large.

RULE 7

IF input 1 is loosely giant AND input 2 is loosely micro AND input 3 is loosely giant AND input 4 is loosely giant AND input 5 is loosely giant THEN  input 1 has low negative importance AND input 2 has low negative importance AND input 3 has low negative importance AND input 4 has high positive importance AND input 5 has low negative importance AND constant term is large.

RULE 8

IF input 1 is distinctly micro AND input 2 is loosely micro AND input 3 is loosely giant AND input 4 is loosely micro AND input 5 is loosely giant THEN  input 1 has high positive importance AND input 2 has high positive importance AND input 3 has high positive importance AND input 4 has high positive importance AND input 5 has high positive importance AND constant term is large.

RULE 9

IF input 1 is loosely micro AND input 2 is loosely micro AND input 3 is loosely micro AND input 4 is loosely micro AND input 5 is loosely micro THEN  input 1 has high positive importance AND input 2 has high positive importance AND input 3 has high positive importance AND input 4 has high positive importance AND input 5 has high positive importance AND constant term is large.

RULE 10

IF input 1 is loosely giant AND input 2 is loosely micro AND input 3 is loosely giant AND input 4 is loosely giant AND input 5 is loosely giant THEN  input 1 has high positive importance AND input 2 has high positive importance AND input 3 has high positive importance AND input 4 has low negative importance AND input 5 has high positive importance AND constant term is small.







train data
expected	elaborated
===========================
-0.821443	-0.702639
4.62129	0.75693
-0.039253	0.491021
2.09004	0.531059
-0.864898	-0.749452
0.981939	-0.184469
0.0367932	0.142743
1.5034	-0.135888
-0.223937	-0.297949
-0.213073	0.315545
-0.821443	0.218321
-0.223937	0.448119
-0.799715	0.188557
-0.2348	0.548476
-0.984399	0.397876
-0.908353	-0.878379
-0.712805	0.451566
-0.180482	-0.0834764
-0.386893	0.248436
-0.528122	0.177975
0.438752	0.304451
-0.821443	-0.197749
0.808119	0.430167
0.536525	0.400899
-0.560713	-0.534341
0.134567	-0.0578793
-0.658487	0.0408525
0.536525	-0.00337497
-0.310847	0.290586
-0.962671	-0.642341
0.49307	-0.277712
-0.0609805	0.304606
-0.137027	-0.0738926
2.02486	0.405377
-0.245664	-0.185869
0.286659	0.311745
-0.40862	0.128399
0.0693844	-0.0775967
0.417024	0.411586
1.99227	0.665637
0.460479	0.425267
0.0911119	0.100493
-0.84317	0.0550125
0.7538	0.475244
-0.354302	-0.0715855
-0.712805	-0.277904
-0.995263	-0.664657
-0.039253	0.309164
-0.32171	-1.03371
0.308387	0.334524
-0.484667	0.151017
-0.473803	0.178392
0.297523	0.18881
-0.701941	0.462697
-0.93008	-0.159833
3.18728	0.799731
0.221477	0.474692
0.00420194	0.274848
-0.571577	0.210622
-0.2348	0.17606
-0.93008	-0.395491
-0.984399	-1.12658
-0.0175256	0.383468
-0.886625	-0.393786
-0.49553	0.553016
-0.701941	-0.560419
-0.973535	-1.4042
-0.278255	0.566154
-0.777988	-0.148672
0.514798	0.150481
1.91622	0.271092
0.0911119	0.500152
-0.886625	-0.379257
-0.289119	-0.341456
-0.84317	-0.281582
-0.734533	0.043968
-0.332574	-0.00846072
-0.517258	-0.0239665
-0.810579	0.10752
-0.788851	-1.23754
-0.625895	-0.0798332
-0.832306	-0.801002
-0.680214	-0.295094
-0.875761	-0.992262
-0.343438	0.180404
-0.473803	0.0137183
-0.973535	-0.685661
-0.854034	0.096254
-0.245664	0.197274
0.167158	0.297725
-0.93008	-0.418547
0.49307	0.549374
-0.452075	0.238695
0.0367932	0.298163
-0.441212	-0.0107044
-0.14789	0.525247
-0.58244	0.0327222
-0.712805	0.314831
0.00420194	-0.013199
-0.354302	-0.157979
-0.158754	-0.802145
1.01453	0.0565794
2.02486	0.144587
-0.419484	-0.927601
-0.32171	0.310959
-0.832306	-0.680571
-0.908353	-1.01279
1.55772	0.0451598
0.895029	0.559948
1.3839	0.270398
-0.908353	-0.602846
-0.58244	0.142314
-0.506394	-0.0806761
-1.01699	-0.0673256
-0.647623	-0.0864186
-0.93008	-0.706496
-0.528122	0.3238
-0.810579	-0.891926
2.27472	0.215356
-0.593304	0.339367
0.677754	-0.182401
-0.93008	-0.073369
1.15576	0.240179
-0.00666181	-0.393201
-0.897489	-0.701403
-0.0283893	0.196368
-0.875761	0.124038
-0.908353	0.244322
0.0150657	0.327769
-0.854034	-0.455169
-0.299983	0.533964
-0.354302	0.205407
-0.66935	0.0992919
-0.777988	-0.296686
-0.180482	0.243647
0.308387	-0.507966
-0.973535	-0.515284
-0.821443	-0.786373
1.68808	0.531566
-0.962671	-0.853619
-0.691078	-0.551188
2.1335	0.67996
0.112839	0.138243
1.21008	0.513289
-0.517258	0.0426792
0.471343	-0.378165
-0.734533	-1.41197
1.82931	0.44123
0.406161	0.00993627
0.134567	0.336927
-0.115299	0.199297
0.0150657	0.402825
0.482207	-0.0172851
-0.691078	-0.102213
-0.886625	-0.73136
-0.289119	0.343695
1.88363	0.43584
-0.951808	-0.645292
0.677754	0.729412
-0.75626	0.195664
0.699482	0.352068
0.525662	0.575763
-0.49553	-0.587864
-0.951808	0.130272
-0.0718443	0.284166
4.07811	0.266137
-0.615032	0.13494
0.84071	0.36904
-0.115299	0.424653
-0.473803	-0.0985976
-0.0718443	0.567533
-0.734533	0.357638
-0.723669	0.0480163
-0.75626	-0.265001
0.243204	0.389786
0.764664	0.510303
-0.0501168	0.49317
-0.593304	-1.23966
-0.908353	-1.25502
1.66636	0.330375
-0.854034	-0.680273
-0.788851	-0.28064
-0.984399	-0.55563
2.09004	0.604722
-0.995263	-0.614055
1.27526	0.516622
1.43822	0.396143
-0.278255	0.20181
1.17749	-0.614019
-0.680214	-0.219882
1.02539	0.0588904
1.30785	0.25307
1.59031	0.239246
-0.919216	0.334972
-0.647623	-0.191405
-0.886625	-0.212602
-0.886625	0.313584
-0.191345	0.165478
1.54685	0.31558
-0.908353	-1.40593
-0.484667	-0.251
-0.799715	-1.13543
-0.126163	-0.065498
2.54632	0.44781
0.732073	0.237522
-0.973535	-0.964064
-0.995263	-0.719827
1.1123	0.0387698
-0.875761	0.108713
-0.169618	0.349756
1.23181	0.356164
0.905893	0.454433
0.275796	-0.170608
-0.517258	-0.0444336
-0.14789	0.202304
-0.962671	-0.854271
0.514798	0.358109
-0.767124	-0.181671
4.19761	0.126328
-0.386893	-0.0217769
-0.58244	-0.525411
-0.951808	-1.49609
2.17695	0.356998
0.00420194	-0.704765
-0.528122	-0.453303
-0.58244	-0.549806
-0.14789	0.591851
-0.0718443	0.323796
0.101976	0.516701
-0.984399	-0.0418026
-0.712805	0.160378
-0.897489	-0.369884
0.818983	0.346956
-0.723669	-0.22305
-0.691078	-0.155535
-0.560713	0.289196
0.340978	0.23649
-0.365165	-0.0995992
-0.202209	0.326877
1.73154	0.269209
-0.571577	-0.347789
-0.995263	0.142559
-0.14789	0.513131
-0.289119	0.370799
0.438752	0.499003
-0.528122	0.519112
-0.864898	-1.16608
0.471343	0.404006
0.558253	-0.0409314
-0.549849	-0.16368
-0.32171	0.0102707
2.70927	0.591188
-0.115299	-0.288118
0.101976	0.386532
0.417024	0.165602
-0.604168	-0.325794
1.1123	0.184107
1.99227	0.819001
-0.528122	-0.383072
-0.386893	-0.157537
1.16662	0.463351
-0.919216	-0.987071
3.45887	0.281203
0.145431	0.451007
-0.082708	0.528698
2.80705	0.401764
-0.082708	0.432723
2.23127	0.899576
0.0150657	-0.159108
-0.66935	-0.311851
-0.940944	-0.279039
0.112839	0.437859
-0.734533	-0.458127
0.167158	0.397609
2.66582	0.4655
0.590844	0.42637
-0.647623	-0.286112
-0.810579	-0.996227
2.48114	0.035434
1.18835	0.307914
-0.962671	-0.331576
-0.777988	0.125373
-0.397757	0.634635
-0.549849	-0.198372
-0.517258	-0.135763
0.319251	0.736954
-0.169618	0.491632
-0.984399	-0.601225
-0.256528	0.00287981
0.732073	0.382241
0.764664	-0.0989629
0.449616	0.552447
2.03572	0.372188
-0.560713	-0.184825
-0.940944	-0.808093
-0.767124	-0.0124984
1.23181	-0.277427
0.384433	0.479063
-0.625895	-0.597801
-0.0501168	0.459999
-0.962671	-1.40642
-0.973535	-0.0633049
-0.32171	0.0684864
0.384433	-0.154636
0.0585207	0.0944273
1.44908	0.0861509
-0.560713	-0.443539
-0.32171	0.00745636
-0.506394	0.17106
0.297523	-0.0321165
0.0150657	0.661764
-0.58244	0.437624
1.31872	0.482089
2.05745	0.591228
-0.137027	0.560742
-0.604168	0.301355
0.188886	-0.194499
-0.973535	-0.858514
-0.115299	0.345014
0.721209	0.400721
-0.506394	0.555467
-0.984399	-0.672368
-0.615032	-0.496069
0.395297	0.358086
0.438752	0.306593
-0.180482	0.214565
-0.615032	-0.000826322
0.699482	0.0540862
-0.908353	-0.86915
-0.213073	-0.221077
-0.32171	-0.100715
0.351842	0.310632
0.514798	-0.0679994
3.19814	0.6369
-0.777988	-0.5829
1.51426	0.520569
0.264932	0.220469
-0.854034	0.160381
-0.712805	0.316003
-0.419484	0.0401194
-0.745396	0.327186
-0.875761	-0.786645
0.275796	0.365625
-0.267392	0.347662
0.134567	0.179579
0.167158	-0.0317854
-0.854034	-0.301344
1.16662	0.142104
-0.723669	0.242152
-0.2348	0.28991
1.44908	0.105709
-0.180482	0.678398
-0.788851	0.111749
-0.00666181	-0.108121
-0.940944	-0.789265
-0.0609805	-0.0613653
-0.886625	-0.482556
-0.354302	-0.32666
0.503934	0.106137
-0.962671	-0.54015
-0.919216	-1.24654
-0.0718443	0.197366
-0.332574	-0.490616
-0.191345	0.178977
2.86137	0.715186
1.06885	0.507347
-0.289119	-0.578771
1.31872	0.454668
-0.462939	0.0719658
0.243204	0.0531991
-0.158754	-0.511546
0.330114	0.412819
-0.365165	0.490311
-0.93008	-1.3399
-0.0609805	0.197665
-0.940944	0.281254
-0.332574	0.470377
0.210613	-0.621734
-0.908353	-0.877962
-0.951808	-0.183919
0.590844	0.267527
2.39423	0.237342
1.03626	0.410415
-0.940944	0.218368
-0.908353	-0.58979
-0.343438	-0.0186621
-0.560713	-0.0369904
-0.397757	8.0793e-05
-0.180482	0.373917
0.873302	0.367569
-0.962671	-0.0203096
-0.875761	0.113397
-0.788851	0.225793
-0.84317	-0.419131
-0.430348	0.0532354
-0.962671	-0.680846
-0.647623	0.515178
0.101976	0.404977
-0.680214	0.370137
0.0367932	0.0396823
0.634299	0.420257
-0.213073	0.205265
-0.549849	0.0326909
-0.777988	-0.403572
0.254068	0.0464547
-0.919216	-0.91551
-0.528122	0.472681
-0.832306	0.445792
-0.799715	0.0297872
-0.202209	-0.365101
-0.66935	0.12316
1.64463	0.674631
0.569117	0.628353
-0.864898	0.0962391
-0.484667	-0.0132626
0.417024	0.267267
0.808119	0.19403
0.221477	0.332462
-0.93008	0.00505551
3.64356	0.704671
-0.810579	-0.226189
-0.84317	-0.331632
0.123703	0.47033
-0.039253	0.701276
-0.14789	-0.256508
-0.93008	-0.27747
-0.343438	0.330631
-0.549849	-0.447154
0.57998	0.253424
0.623435	-0.181821
0.569117	0.148251
-0.40862	0.144887
-1.00613	-1.11858
0.243204	0.413335
-0.995263	0.254529
3.52406	0.12709
-0.354302	-0.599798
-0.00666181	-0.615326
-0.75626	0.389893
-0.821443	-0.0662027
-0.886625	-0.430274
-0.886625	0.0825482
0.254068	0.368364
-0.245664	-0.146791
-0.767124	0.236929
-0.299983	0.718806
-0.962671	-0.559406
0.699482	0.18107
2.72014	0.561357
-0.799715	-0.514505
0.330114	0.290361
-0.126163	-0.263251
-0.462939	0.371102
-0.289119	-0.480803
0.699482	0.35037
-0.962671	-0.268306
1.77499	0.469244
1.35131	0.0539466
-0.962671	-0.724286
-0.397757	-0.156788
0.49307	0.744797
0.232341	0.182099
2.77446	0.547395
0.417024	-0.337954
-0.58244	-0.377879
-0.169618	0.394614
-0.191345	0.0208568
-0.821443	0.319105
-0.864898	-0.0332991
-0.430348	0.144016
-0.517258	0.16124
-0.712805	-0.308455
0.254068	0.0721591
-0.310847	0.0466322
0.406161	0.169938
-0.734533	-0.339534
-0.995263	-0.837098
-0.571577	0.360695
-0.0935718	-0.0931736
-0.84317	0.271323
1.97054	0.115156
0.373569	0.717602
2.52459	0.287658
-0.441212	0.584395
1.82931	-0.0591933
-0.32171	0.40908
-0.788851	-0.983325
0.308387	-0.192536
0.0476569	0.559012
0.862438	0.34616
-0.777988	0.467261
0.590844	0.364456
-0.799715	0.466069
-0.897489	-0.687282
-0.604168	0.32873
-0.680214	-0.409014
-0.625895	-0.192152
-0.647623	0.36144
-0.158754	-0.240167
-0.810579	0.080047
-0.549849	-0.757615
-0.452075	-0.70574
0.0150657	0.105609
-0.00666181	0.551085
-0.647623	0.17505
-0.951808	-0.670522
-0.49553	0.272008
-0.039253	0.606205
-0.191345	0.201513
0.362706	0.0439185
1.1123	0.27489
-0.875761	-0.30994
2.35077	0.505615
0.395297	0.315985
-0.66935	0.217149
-0.549849	-0.192533
-0.810579	-0.0359448
-0.886625	-0.0188428
0.775528	0.635306
-0.49553	0.380038
-0.0283893	-0.083425
-0.0175256	-0.267019
-0.832306	-0.0541737
1.79672	0.276498
-0.745396	-0.466372
-0.473803	0.0539452
-0.712805	-0.404738
-0.832306	0.476894
0.406161	0.506788
0.482207	0.55966
2.83964	0.0971378
-0.484667	-0.652952
-0.93008	-0.783799
-0.995263	-0.820766
0.264932	0.501922
-0.593304	-0.267468
-0.908353	-0.997985
-0.897489	-0.567274
-0.549849	-0.674949
-0.549849	-0.543384
3.08951	0.345542
0.243204	0.399164
-0.875761	-0.0507402
0.395297	0.0695959
-0.256528	-0.221931
-0.767124	0.422656
-0.745396	-0.590157
-0.082708	0.565349
-0.647623	-0.386419
-0.864898	-0.419742
-0.84317	0.0565349
0.178022	0.341151
1.9814	0.0716751
-0.821443	-0.753523
-0.560713	0.101154
-0.289119	0.216452
-0.115299	0.0812208
0.0911119	0.516785
1.5034	0.497361
1.69895	0.546169
-0.93008	-0.0493268
-0.245664	-0.1374
-0.191345	0.820995
0.00420194	0.318889
0.330114	0.417167
-0.66935	0.195999
-0.973535	0.394388
2.50286	0.303989
-0.777988	-0.974066
-0.267392	-0.0200203
0.406161	0.210407
-0.864898	-0.886464
-0.14789	0.616024
2.51373	0.448922
-0.386893	0.343669
-0.0718443	0.120093
-0.636759	0.205715
-0.267392	-0.673459
-0.104436	-0.567921
-0.126163	0.198809
-0.810579	0.415703
2.23127	0.899576
-0.701941	0.188277
-0.701941	0.302171
-0.571577	0.473562
0.547389	0.447145
0.66689	-0.0811586
2.14436	-0.7474
0.156294	0.0878015
-0.777988	0.267572
-0.995263	-0.139052
0.101976	0.625122
0.775528	0.252315
-0.658487	-0.588645
-0.528122	-0.277844
-0.647623	-0.355608
-0.473803	-0.319717
-0.604168	0.0982589
-0.897489	0.783833
2.09004	0.604722
-0.625895	0.165385
-0.886625	-0.353031
-0.528122	-0.327937
-0.397757	0.148232
-0.691078	0.412887
0.0476569	-0.176648
1.34044	0.425557
-0.875761	-0.540998
-0.365165	0.367209
-0.2348	0.402039
-0.723669	0.298226
-0.799715	0.460224
0.699482	0.16318
-0.919216	-0.136163
-0.615032	0.195945
-0.93008	-0.320314
-0.397757	0.027737
-0.940944	-0.503669
-0.58244	-0.547504
0.732073	0.408281
0.308387	0.277968
-0.658487	-0.380459
-0.962671	-0.351932
-0.180482	0.246052
2.35077	0.43011
-0.886625	-0.332576
-0.788851	-0.475867
-0.875761	-0.430647
3.10037	0.719901
-0.289119	-0.271847
0.417024	0.182992
-0.0935718	-0.315818
-0.984399	-1.17183
-0.462939	0.389321
-0.419484	0.536177
-0.832306	-0.179641
-0.864898	-0.369244
-0.647623	-0.0802767
-0.93008	-0.828216
-0.039253	0.372585
1.12317	0.0297368
0.156294	0.313965
-0.919216	-0.668425
-0.528122	-0.058098
-0.528122	0.0403046
-0.864898	-0.331439
-0.864898	-0.150133
0.84071	-0.175212
-0.462939	-1.27945
-0.810579	-0.6862
-0.940944	0.303454
-0.158754	0.266189
-0.517258	0.412343
-0.202209	-0.196783
-0.549849	0.506885
0.960212	0.52494
0.634299	0.623693
-0.604168	0.71581
-0.0501168	-0.674712
1.51426	0.520569
-0.897489	-0.291419
-0.984399	0.353917
-0.788851	-0.593462
-0.386893	-0.964752
-0.940944	-0.226731
-0.734533	0.235144
0.134567	0.307933
-0.908353	0.282512
2.03572	0.0809715
-0.137027	0.464459
-0.799715	-0.502659
1.60117	0.307252
0.188886	0.345515
1.16662	0.347194
0.101976	-0.41077
-0.0609805	-0.282249
2.44854	0.617479
-0.745396	-0.783947
-0.940944	-0.606922
1.24267	0.572848
1.72067	0.32742
1.68808	0.665528
-0.93008	-0.901864
0.895029	0.429808
-0.256528	-0.345929
-0.712805	0.385606
-0.93008	-0.73022
0.818983	0.466398
-0.777988	-0.582129
1.09058	0.64607
1.56858	0.347379
2.253	0.546233
-0.962671	-0.652118
0.49307	0.0649348
-0.0609805	0.0675261
1.40563	0.297273
-0.625895	0.333964
2.03572	0.0964847
-0.919216	-0.506118
-0.908353	0.341982
-0.810579	-0.891926
-0.560713	-0.682114
-0.0935718	0.0149401
-0.158754	0.155944
-0.93008	-0.749428
0.340978	0.393346
-0.528122	-1.47285
-0.343438	0.161823
-0.66935	-0.206996
-0.908353	-1.59957
0.438752	-0.420279
-0.14789	-0.568874
-0.506394	-0.389767
1.25353	0.479384
0.710345	0.699141
-0.93008	-0.250015
-0.908353	-0.56029
0.645163	-0.0398445
-0.126163	0.183622
-0.419484	-0.13933
1.3839	0.620176
0.221477	-0.714926
-0.777988	0.374202
-1.03872	-1.1267
0.688618	0.457006
1.99227	0.773993
3.54578	0.153285
1.21008	0.562648
-0.908353	-0.691656
-0.701941	-0.0136213
-0.0175256	-0.105947
-0.0283893	-0.053891
-0.180482	-0.626253
-0.158754	-0.535826
-0.777988	-0.202195
1.29699	-0.0610102
0.503934	0.0390911
-0.723669	-0.218749
1.28612	-0.367032
1.39476	0.854332
-0.767124	-0.931612
-0.2348	0.644697
-0.104436	-0.670714
1.1123	0.311057
0.340978	0.380822
0.00420194	-0.221565
0.7538	0.440207
-0.897489	-0.787841
-0.245664	-0.07854
2.16609	0.717784
-0.93008	0.292586
0.764664	0.698807
-0.854034	-0.482728
0.49307	0.317927
-0.625895	-1.42965
-0.158754	0.326931
-0.75626	-0.342584
-0.365165	0.163866
-0.082708	-0.778342
1.36217	0.567782
-0.32171	-0.158332
-0.886625	-0.612607
-0.452075	0.344987
-0.973535	0.450979
-0.310847	0.361102
0.558253	0.63523
-0.137027	0.576493
-0.615032	-0.501876
-0.973535	0.367299
-0.897489	-0.501453
-0.343438	-0.518395
-0.854034	-0.596561
-0.039253	0.544825
-0.951808	-0.752099
-0.506394	0.33122
-0.854034	-0.0866978
-0.701941	-0.345314
-0.593304	0.449946
0.471343	0.137942
0.427888	0.261037
-0.289119	0.132035
-0.951808	-0.747983
0.612572	0.243774
-0.788851	0.152412
-0.604168	-0.414424
1.2644	0.419925
4.07811	0.266137
0.862438	0.258784
0.514798	0.750065
-0.864898	0.514238
0.558253	0.503057
2.48114	0.365894
-0.397757	-0.183437
-0.213073	0.423435
-0.66935	0.0258437
0.84071	0.341782
-0.267392	0.410109
-0.0175256	0.285813
-0.84317	-0.183743
0.373569	-0.493151
-0.0935718	-0.474612
-0.767124	-0.708636
-0.202209	-0.0485982
-0.940944	-0.844795
0.558253	0.421231
-0.32171	0.411701
-0.788851	-1.23945
0.7538	0.00965761
-0.788851	0.179432
3.21987	0.385627
1.54685	0.0281524
-0.995263	-0.0999739
-1.00613	-0.115687
0.895029	0.0749579
0.145431	0.471944
-0.0501168	0.354531
-0.473803	-0.509309
-0.886625	0.0413511
-0.484667	0.437639
-0.658487	0.115323
-0.745396	-0.802659
-0.571577	0.100159
-0.593304	-0.00210097
-0.310847	0.025197
0.384433	0.736765
0.384433	-0.0215451
0.297523	0.518072
0.134567	0.435589
0.742937	0.30713
-0.115299	0.012845
-0.919216	-1.3782
-0.984399	-1.08438
0.178022	0.390021
-0.680214	-0.644873
0.460479	-0.302052
-0.213073	0.480805
2.01399	0.53331
0.677754	0.312875
-0.767124	-0.448629
-1.02785	-0.327253
-0.886625	-0.0018634
-0.506394	0.0367874
3.31764	0.648761
-0.821443	0.188975
0.992803	0.0770862
-0.615032	-0.0321622
0.916757	0.304759
0.0693844	0.231976
0.503934	0.448849
1.21008	0.0540875
0.0802482	0.0118791
-0.104436	0.639731
0.569117	-0.420112
-0.788851	0.703472
0.0476569	-0.54962
0.590844	0.608365
0.656027	0.156942
-0.560713	-0.0183463
-0.886625	-0.549008
0.721209	0.619527
-0.137027	0.0201644
0.438752	-0.297514
-0.517258	-0.944596
-0.506394	-0.0961493
-0.973535	-0.724018
0.00420194	0.42742
0.199749	-0.226198
-0.864898	-0.197038
0.210613	0.37786
-0.32171	-0.0583465
-0.897489	0.00229741
0.623435	0.141495
-0.777988	-0.267271
-0.777988	-1.05027
-0.0609805	-0.202226
-0.593304	0.368538
-0.810579	-0.492845
-0.712805	-0.578025
-0.658487	0.336289
-0.777988	0.218774
-0.951808	-1.09036
0.145431	0.566413
-0.0935718	0.157489
0.112839	0.295615
0.84071	0.594339
-0.604168	-0.176844
1.70981	0.381592
-0.213073	-0.693243
-0.213073	0.0447837
-0.897489	0.424692
1.51426	0.34102
-0.376029	0.104669
-0.734533	-0.862504
4.3497	0.70668
-0.875761	-0.495072
-0.745396	-0.969996
-0.734533	-1.55455
0.221477	0.204669
-0.734533	0.143257
-0.658487	-0.00744054
0.0150657	0.312836
-0.528122	0.3798
0.286659	0.225606
-0.821443	-0.226021
1.34044	0.476409
-0.473803	0.698731
-0.549849	0.51894
0.362706	-0.303306
-0.506394	0.0869167
-0.202209	0.00591121
-0.289119	0.57652
-0.0283893	0.45613
0.471343	0.451753
-0.604168	-0.529414
-0.723669	-0.0883512
0.829847	-0.144246
-0.886625	0.536185
-0.560713	-0.373684
0.221477	0.483831
-0.864898	-0.344309
-0.376029	0.062236
-0.419484	-0.28547
-1.00613	-0.738492
-0.593304	-0.393774
0.818983	0.157362
-0.777988	-0.579929
-0.745396	-0.665382
0.373569	0.344198
-0.169618	0.328282
-0.973535	0.361796
0.905893	0.533455
0.340978	-0.14296
0.112839	0.02487
1.75326	0.504808
2.40509	0.0958116
-0.951808	-0.32535
-0.940944	-0.308828
-0.854034	-0.281579
-0.278255	0.56199
-0.158754	0.471101
-0.951808	0.310581
-0.571577	0.387683
1.22094	0.186718
0.188886	0.111749
-0.484667	0.289677
0.156294	-0.0288727
0.0693844	0.283144
-0.745396	0.224404
0.362706	0.0902527
-0.788851	-0.395694
1.07971	0.151264
-0.658487	-0.671339
-0.419484	-1.36228
1.72067	0.397762
-0.973535	-0.179224
1.59031	0.667564
4.20847	0.740924
0.742937	0.539541
-0.191345	0.516279
-0.897489	-0.816621
-0.00666181	-0.189224
-0.832306	0.236773
0.0911119	-0.194874
-0.854034	-0.52809
1.39476	-0.693604
-0.462939	0.047294
-0.571577	0.352011
0.0693844	-0.184321
-0.082708	0.392694
-0.082708	0.598352
0.742937	-0.143092
-0.560713	0.484656
-0.625895	-0.197457
0.981939	0.380626
0.981939	0.190396
-0.647623	-0.244563
-0.625895	0.520886
-0.973535	-0.0612619
1.35131	-0.118982
5.12103	0.708482
-0.962671	-0.313667
-0.560713	0.418493
-0.691078	-0.121037
-0.593304	0.279141
0.601708	0.0200145
-0.734533	-0.908007
-0.0283893	-0.279145
-0.386893	-0.853361
0.0585207	0.270402
-0.484667	-0.815043
-0.84317	-1.60281
1.2644	0.516262
-0.962671	-1.49278
1.16662	0.405194
-0.604168	0.346491
-0.962671	-0.474712
-0.115299	-0.319873
0.482207	0.43972
-0.886625	-0.417746
-0.484667	0.327395
0.514798	0.150481
0.449616	0.343088
-0.376029	-0.333901
-0.93008	-0.665282
-0.462939	0.0194702
0.873302	0.515923
-0.854034	0.398094
0.960212	0.712729
-0.593304	-0.872449
0.721209	-0.66269
1.25353	-0.14693
-0.799715	-0.223003
-0.93008	-0.125559
-0.854034	-0.648045
-0.897489	-0.0347938
-0.213073	0.412027
-0.962671	-0.49173
-0.604168	0.513787
0.66689	-0.265229
-0.560713	-0.366228
0.84071	0.0697553
-0.223937	0.299501
-0.93008	-0.932531
-0.93008	-0.349728
-0.93008	-0.939479
0.254068	0.0464547
0.362706	0.227936
0.384433	-0.179734
-0.538985	0.0274271
0.471343	0.435316
0.710345	-0.168419
0.286659	-0.0336539
2.02486	0.470164
0.851574	0.446095
0.297523	-0.195416
0.221477	0.799469
-0.430348	-0.63778
-0.169618	0.296599
2.3725	0.687961
-0.919216	-0.91551
-0.180482	-0.342075
-0.799715	0.149523
-0.473803	0.260641
-0.0609805	0.444058
-0.93008	-1.64599
-0.973535	-0.547506
-0.604168	-0.326881
1.9814	0.104957
0.351842	0.374212
-0.202209	0.0776288
-0.680214	0.372686
-0.0501168	0.254857
-0.973535	-0.692106
-0.951808	-0.302736
-0.723669	-0.140084
-0.365165	-0.280424
-0.0935718	0.304938
0.547389	0.623218
1.21008	0.18004
0.00420194	0.190987
-0.680214	0.15018
-0.854034	0.190429
3.55665	0.514126
-0.767124	-0.284273
-0.126163	-0.212557
-0.636759	0.235444
-0.723669	-0.214471
3.51319	0.493062
0.471343	0.451753
-0.777988	0.274151
-0.14789	-0.0687404
-0.995263	-0.490454
-0.93008	-0.560337
-0.419484	0.410494
0.243204	-0.427977
-0.441212	-0.674347
0.460479	0.0800518
-0.940944	-0.360416
-0.571577	-0.380157
-0.115299	0.320861
0.0585207	0.503893
1.37303	-0.193184
0.645163	-0.017789
-0.473803	0.34823
-0.223937	0.400274
-0.745396	-0.575738
0.503934	0.198519
-0.723669	-0.725674
-0.245664	-0.187963
-0.854034	0.177063
1.34044	-0.487161
0.503934	0.25699
0.308387	0.645955
-0.191345	-0.146215
-0.777988	0.0354273
0.460479	0.0541304
-0.745396	-0.114101
-0.886625	-0.471692
1.02539	0.20302
-1.03872	0.279155
0.00420194	-0.100225
2.1009	0.11838
0.384433	0.423787
-0.267392	0.0940355
-0.995263	-1.08169
-0.984399	-0.625714
-0.419484	-0.122896
-0.680214	0.0616713
1.43822	-0.0716797
-0.951808	0.45987
-0.0935718	0.521574
-0.767124	-0.581695
1.31872	0.482517
-0.875761	-0.981998
-0.723669	0.318608
1.40563	0.22579
0.49307	0.39164
-1.01699	0.0860892
0.254068	0.242177
-0.343438	0.553563
-0.777988	0.260935
-0.430348	-0.327823
-0.919216	-0.524174
-0.93008	-0.072864
0.101976	0.142247
0.656027	0.625257
0.449616	0.306148
-0.691078	-0.738782
-0.691078	0.329004
-0.0718443	0.466704
-0.40862	0.466908
-0.386893	0.513214
-1.00613	-1.30351
2.51373	-0.150159
-0.832306	-1.00287
0.232341	0.261064
1.85104	-0.243671
0.525662	0.00420498
-0.245664	-0.737021
-0.647623	-0.850441
0.884165	0.607307
-0.289119	0.669441
0.471343	0.668651
-0.799715	-0.0951965
-0.538985	-0.361325
-0.680214	-0.090074
2.74187	0.400923
-0.256528	0.222242
-0.995263	-0.861562
-0.75626	-0.318531
1.56858	-0.391769
2.23127	0.77979
-0.256528	0.514481
0.981939	0.337006
0.395297	-0.410969
-0.191345	-0.00262812
-0.615032	-0.172797
0.884165	0.0398416
0.66689	0.0664217
0.601708	0.588997
0.123703	0.0491786
0.210613	0.167611
0.710345	0.499808
0.438752	0.371774
-0.0609805	-0.145135
0.0259294	0.545509
-0.691078	-0.2504
0.710345	-0.29955
-0.484667	-0.139977
0.612572	0.251955
-0.875761	-0.323395
-0.376029	-0.613059
0.482207	0.160502
1.6229	0.528777
-0.658487	-0.0936197
0.0911119	0.500196
-0.951808	-0.581499
-0.40862	-0.00440323
-0.723669	-1.41224
2.27472	0.252966
1.15576	0.77014
-0.832306	-0.342639
0.49307	0.402863
-0.213073	0.650384
0.916757	0.482474
0.0802482	-0.220802
-0.430348	0.299627
-0.854034	-0.0968857
0.710345	0.204324
-0.777988	0.512884
-0.973535	-0.0478801
-0.658487	0.258253
1.04712	0.509178
-0.245664	0.285942
0.710345	0.568863
1.16662	0.253921
-0.625895	-0.0798332
-1.01699	-0.328562
-1.00613	-1.23839
-0.506394	-0.756008
-0.571577	0.399629
-0.365165	-0.20469
-0.289119	0.517056
3.11123	0.667314
-0.354302	0.396648
-0.940944	-0.313397
0.199749	0.341682
1.88363	0.319247
0.123703	0.399242
1.63376	0.451649
-0.821443	-0.430461
-0.940944	-0.348856
2.15522	0.42826
-0.40862	0.169036
-0.126163	-0.106256
0.319251	0.112521
0.536525	0.412861
-0.289119	0.415491
2.78532	0.548477
7.64142	0.514103
-0.473803	0.390709
0.351842	0.192803
1.67722	0.63027
-1.02785	-0.8601
-0.799715	-0.490812
-0.75626	0.404351
0.362706	0.400849
-0.691078	-0.0939711
-0.223937	0.308566
-0.745396	0.327186
-0.549849	0.118342
-0.126163	0.00956288
-0.973535	0.251022
-0.864898	-0.978559
2.68755	0.459078
-0.58244	0.0795287
-0.973535	-0.324338
-0.039253	0.497474
-0.84317	0.354123
0.514798	0.231378
3.03519	0.516962
-0.723669	-0.737398
1.95968	0.443126
-0.93008	-0.169893
0.612572	0.42645
-0.821443	0.163215
-0.256528	-0.0164827
-0.0609805	-0.625045
0.123703	0.219585
-0.484667	0.243514
-0.506394	-0.14391
0.7538	0.566195
-0.734533	0.278384
0.112839	-0.134265
-0.213073	0.0870602
-0.701941	0.171935
-0.897489	-1.00071
-0.810579	0.410624
-0.691078	0.465136
0.547389	-0.148069
0.123703	0.759143
-0.832306	0.404206
0.590844	0.214278
-0.691078	-0.10199
-0.354302	0.361428
-0.647623	-0.808359
-0.701941	0.234951
-0.126163	-0.318029
-0.0935718	-0.563573
0.427888	0.0726561
-0.484667	-0.177775
-0.995263	-0.299228
-0.777988	-0.298785
2.22041	-0.0938248
-0.386893	-1.39384
0.254068	0.334946
-0.93008	-0.714501
-0.32171	0.382762
-0.593304	0.387202
-0.84317	-0.781888
-0.712805	-0.298964
-0.506394	-0.336825
1.85104	0.27019
-0.723669	-0.73871
0.167158	0.240022
0.732073	0.505082
1.63376	0.515962
-0.940944	-0.401587
-0.517258	-0.433466
-0.93008	-0.92459
-0.734533	0.566534
-0.593304	-0.474645
-0.647623	0.187267
-0.365165	-0.194249
-0.2348	0.297083
-0.810579	-0.0394365
0.471343	-0.170114
0.721209	-0.330566
0.525662	0.662071
-0.864898	-0.104069
-0.66935	0.451465
-0.886625	0.207431
0.677754	0.22523
-0.386893	-0.754231
1.01453	0.250624
1.10144	0.598385
-0.419484	0.338681
-0.680214	0.402178
-0.365165	-0.395343
0.210613	-0.217419
1.53599	0.184831
-1.02785	-0.145382
-0.940944	-0.347336
-0.864898	0.0826601
0.449616	0.510982
-0.951808	0.401462
-0.875761	0.536095
-0.289119	0.253903
0.0911119	-0.119673
-0.0935718	0.245132
-0.49553	-0.261011
-0.549849	-0.194178
-0.897489	-1.07033
-0.919216	-0.806958
-0.299983	0.553386
-1.01699	-0.592404
-0.376029	0.352125
0.775528	0.320576
0.330114	-0.00598141
-0.897489	-0.414709
-0.973535	-0.826805
-0.864898	0.114303
-0.223937	0.308566
-0.810579	-0.6862
0.438752	-0.0699122
-0.039253	0.113965
-0.126163	0.42878
-0.854034	0.525705
0.710345	-0.187304
-0.973535	-1.14901
0.275796	0.694867
-0.75626	0.0847443
0.384433	-0.303194
2.11177	0.375272
0.460479	0.320159
1.07971	-0.116367
1.28612	0.0764585
-0.723669	-0.0645856
-0.571577	-0.491209
-0.962671	-0.727892
2.43768	0.109006
0.0476569	0.43972
-0.528122	0.270417
0.0693844	-0.140799
1.31872	0.736922
1.30785	0.53756
-0.886625	-0.0415424
0.145431	-0.033486
-0.332574	-0.440028
2.56805	0.574104
-0.777988	-1.10828
-0.799715	-1.04968
1.15576	0.347555
2.48114	0.381313
2.54632	0.195522
-0.984399	-1.22795
0.0259294	0.405219
-0.919216	-0.0607744
-0.799715	0.0354375
-0.615032	-0.591976
0.449616	0.327982
-0.593304	-0.823343
-0.799715	-0.0115379
-0.897489	-0.394518
0.0911119	0.532108
0.449616	-0.0925972
-0.462939	0.350561
-0.832306	-0.281772
1.39476	0.812917
3.17642	0.451201
0.732073	0.346138
-0.245664	0.0523254
0.232341	-0.536537
0.677754	0.41328
-0.864898	-0.796417
-0.58244	0.549059
-0.039253	0.314383
-0.951808	-0.39864
0.112839	0.320617
-0.951808	-1.30568
1.23181	0.51887
-0.560713	-1.15672
-0.821443	-0.596887
-0.875761	-0.872098
0.873302	0.0149815
3.29592	0.263644
2.48114	0.381313
1.04712	0.344696
0.460479	-0.0154113
-0.169618	0.479103
-0.788851	-0.489176
-0.615032	-0.000826322
1.23181	-0.068767
5.03412	0.603836
-0.951808	-0.434206
0.0911119	-0.57526
1.85104	0.450607
-0.2348	0.308351
1.37303	0.383188
-0.289119	0.475857
0.319251	-0.449817
-0.593304	-0.327165
0.764664	0.283199
-0.647623	-0.573056
1.88363	0.547214
-0.919216	0.47181
-0.419484	0.358723
-0.84317	0.0847557
0.167158	0.213134
-0.354302	-0.40809
3.1221	0.522402
0.0259294	0.656275
-0.245664	0.526399
-0.734533	0.0405923
-0.680214	0.670962
-0.484667	-0.223352
1.32958	0.248896
0.275796	0.210577
1.53599	0.294688
-0.0501168	0.431245
-0.00666181	0.254074
-0.821443	-0.429922
2.16609	-0.262889
-0.115299	-0.148575
2.6115	0.179176
-0.723669	-1.26166
-0.93008	-0.843682
1.70981	0.351386
0.742937	0.76643
1.55772	0.51092
-0.202209	-0.471119
-0.995263	-0.802068
-0.821443	-0.67164
-0.115299	0.257694
-0.897489	-0.392426
-0.951808	-0.58636
-0.886625	0.14894
-0.593304	-0.474645
-0.93008	0.102568
-0.0609805	-0.0580353
0.167158	0.448582
-0.213073	0.673721
1.99227	0.66976
0.84071	0.704054
-0.951808	-0.515969
-0.875761	-0.832706
0.221477	0.348513
3.06778	0.476463
0.895029	0.110851
-0.2348	0.508158
-0.386893	0.0557903
0.243204	0.352143
0.264932	0.244739
-0.93008	-0.393249
-0.875761	-0.296687
-0.897489	-0.957156
-0.951808	-0.327794
-0.0175256	0.41412
0.623435	-0.560414
-0.908353	-0.713119
-0.625895	0.518642
-0.517258	-0.788702
-0.864898	-0.32252
-0.821443	0.218321
0.286659	0.303501
0.905893	0.726793
-0.777988	-0.431851
-0.169618	-0.682103
0.275796	-0.0650099
-0.0501168	0.143886
-0.528122	0.252866
4.61043	0.387253
-0.897489	0.240173
0.66689	0.26879
-0.908353	-0.83643
-0.908353	-0.528836
-0.104436	-0.0906725
-0.278255	-0.601645
-0.430348	0.257374
1.12317	0.729675
3.89342	0.712797
-0.886625	-0.822858
-0.864898	-0.275271
-0.984399	-0.604633
-0.951808	-0.610824
0.00420194	0.207689
-0.484667	-0.384968
-0.995263	0.0442386
-0.951808	-1.17673
-0.615032	0.209775
-0.799715	-1.13543
0.406161	0.298454
0.199749	0.274746
0.0693844	0.0666299
0.188886	0.243417
-0.745396	-0.0174272
0.221477	0.0868811
-0.32171	0.306729
0.645163	0.532908
-0.886625	0.329252
-0.84317	0.402612
-0.104436	0.394252
-0.289119	0.347689
-0.691078	0.538091
0.884165	0.849912
-0.549849	-0.454142
0.84071	0.505663
-0.32171	-0.184038
0.92762	-0.00109852
0.797255	0.373509
-0.245664	0.44855
-0.864898	-0.727045
-0.571577	0.0581251
-0.767124	0.0955206
0.232341	0.31354
-0.951808	-0.802003
-0.951808	0.387329
0.0585207	-0.143062
-0.701941	0.335136
-0.202209	0.326877
-0.571577	0.350896
0.243204	0.0200143
0.0476569	-0.997244
0.829847	0.607763
-0.430348	-0.636014
3.17642	0.351994
-0.897489	-0.610169
0.254068	0.107633
0.264932	0.453136
-0.832306	-0.457937
-0.93008	-0.0620414
-0.245664	0.526399
-0.799715	-0.120664
-0.430348	0.376301
-0.810579	-0.12639
-0.484667	-0.36895
-0.593304	-0.410468
-0.745396	-0.744808
-0.549849	-0.487968
-1.01699	-1.81954
-0.908353	-0.531102
1.34044	0.570706
-0.40862	0.17929
1.05799	0.223916
0.134567	-0.062629
-0.832306	-0.495345
-0.441212	-0.66773
-0.343438	0.461174
0.123703	0.34568
-0.875761	-0.0899241
-0.191345	0.18
1.16662	-0.0401091
-0.506394	0.326213
4.1107	0.633968
-0.832306	-0.81054
0.178022	0.0643872
-0.723669	-1.47815
1.27526	0.150795
0.406161	-0.130428
1.25353	0.555836
-0.40862	0.585581
0.536525	0.129127
-0.560713	0.418493
-0.126163	0.175761
-0.799715	0.389752
1.19921	0.292968
-0.940944	0.0154607
0.232341	0.759762
-0.919216	-0.242951
-0.940944	-0.71171
-0.126163	0.34915
3.4806	0.516653
0.167158	0.132725
0.503934	0.423653
0.308387	0.238845
-0.245664	-0.365242
0.938484	-0.100004
1.3839	0.68792
-0.854034	0.311284
1.9814	0.413171
-0.104436	0.34803
-0.995263	-0.361153
-0.354302	-0.466969
-0.0718443	0.197366
1.53599	0.599813
-0.126163	0.38162
-0.223937	0.0499612
-0.734533	-0.273975
0.547389	-0.321018
-0.864898	-0.563027
0.558253	0.402836
-0.571577	0.35362
-0.788851	-0.297808
-0.897489	-0.540851
-0.701941	-0.815066
2.95914	0.566062
2.07918	0.15916
-0.908353	-0.810423
0.286659	-0.0336539
-0.636759	0.373861
-0.115299	0.0329069
-0.984399	-0.627046
-0.984399	0.138825
-0.75626	-1.01547
3.82824	0.4474
-0.886625	-0.670149
-0.962671	0.390582
-0.777988	-0.450072
-0.940944	-0.724341
0.449616	0.146866
-0.441212	-0.309362
-0.0283893	-0.328211
0.101976	-0.863402
1.79672	0.334914
2.16609	0.392311
1.56858	0.0912521
1.28612	0.603645
-0.538985	0.373717
0.112839	0.549431
-0.604168	-0.992123
0.949348	0.219721
0.167158	0.26139
-0.332574	-0.0615861
-0.777988	-0.0992685
-0.701941	-0.0930817
-0.919216	-1.03182
-0.951808	-0.566188
0.351842	0.288926
-0.995263	-0.897301
0.57998	0.336122
3.02432	0.661328
0.406161	0.795266
-0.75626	-0.0102826
0.243204	0.166058
-0.680214	0.416027
1.53599	0.148963
1.15576	0.384571
-0.636759	0.65368
0.101976	0.507801
-0.875761	-0.254258
-0.767124	0.0633552
-0.289119	-0.0075416
0.00420194	0.431407
-0.832306	0.0104623
1.31872	0.847463
0.656027	0.545828
-0.940944	-0.749557
-0.376029	-0.273362
-0.278255	0.412992
-0.593304	-0.639584
-1.00613	-0.738492
0.286659	0.295586
-0.615032	-0.298309
-0.0501168	0.321265
1.01453	0.0102823
0.797255	0.22652
2.19868	0.412041
-0.995263	-0.480652
1.73154	0.279593
1.47081	0.0759262
-0.940944	-0.832562
-0.93008	-0.212234
1.16662	0.253921
-0.712805	0.392216
1.22094	0.383377
0.101976	0.203873
-0.58244	0.374989
0.319251	0.137259
-0.995263	0.120822
-0.734533	0.236048
-0.615032	-0.0334513
-0.723669	-0.0911225
-0.310847	0.482751
-0.376029	-0.267537
0.438752	0.148445
-0.180482	-0.179191
-0.191345	-0.201242
4.38229	0.711959
0.156294	0.222706
-0.93008	-0.580782
-0.995263	-0.444506
0.286659	-0.0210258
0.449616	0.320711
-0.75626	-0.376954
-0.75626	0.270153
-0.897489	0.202938
0.0911119	-0.19359
-0.712805	-0.578025
-0.462939	0.121523
1.76413	0.414926
-0.701941	0.0433868
0.0585207	0.202157
0.362706	-0.0845397
1.1449	-1.02581
-1.01699	-0.721411
-0.951808	-1.04384
0.417024	-0.388495
-0.75626	-0.771769
-0.832306	-0.4763
2.29645	0.394468
0.623435	0.277648
-0.951808	-0.290464
1.42735	0.247752
-0.810579	-0.477359
-0.864898	0.118093
0.297523	0.38594
-0.973535	0.187458
1.09058	0.040218
-0.419484	-0.0597852
-0.973535	0.361796
-0.137027	0.560742
-0.951808	-0.543968
-0.0935718	-0.315818
-0.701941	-0.153492
-0.571577	0.0317695
-0.538985	-0.270877
-0.886625	-0.613946
1.77499	0.397504
0.134567	0.193013
-0.202209	-0.109284
0.0693844	0.358389
-0.40862	0.194765
-0.854034	0.553391
-0.84317	0.425025
-0.517258	-0.126575
-0.604168	0.339108
-0.832306	-0.498298
1.00367	-0.0547236
-0.191345	-0.0144745
-0.908353	-0.692524
1.48167	0.589451
-0.49553	0.260512
3.46974	0.50965
-0.484667	0.365695
-0.593304	0.0697197
-0.354302	0.516764
-0.0935718	0.0282737
0.0259294	0.565821
0.764664	0.330106
-0.180482	0.387445
1.00367	0.562402
1.75326	0.387751
-0.810579	-0.548697
0.0150657	-0.177298
-0.93008	0.13297
0.210613	0.423599
-0.484667	-0.121444
-0.332574	0.129631
0.254068	-0.843098
-0.658487	-0.590076
-0.354302	0.312125
0.134567	0.340486
-0.419484	-0.0482195
-0.593304	-0.00953638
0.340978	0.163557
-0.636759	0.34729
0.275796	0.235522
-0.723669	-0.272346
-1.00613	-1.22668
0.482207	0.51768
-0.549849	-0.523207
-0.549849	0.123822
-0.821443	-0.345823
1.88363	0.191696
-0.473803	0.14853
-0.66935	-0.0937786
-0.810579	-0.152168
2.76359	0.57533
0.286659	0.126087
-0.75626	0.0915631
0.188886	0.316188
-0.0175256	-0.156829
-0.082708	-0.13313
-0.0718443	-0.205741
0.101976	-0.249597
1.93795	0.427396
-0.93008	-0.665282
-0.636759	0.259629
-0.680214	-0.412062
0.0693844	0.52032
-0.777988	-0.862539
-0.32171	0.073756
-0.332574	0.0328966
-0.897489	-0.651576
0.460479	0.408769
-0.397757	0.0400769
-0.701941	-0.790698
-0.604168	0.441635
-0.875761	-0.366877
2.03572	-0.253393
0.0585207	-0.0461535
0.0259294	0.181406
-0.082708	-0.103094
-0.484667	0.437639
-0.973535	-1.00223
0.156294	0.664707
1.00367	0.225491
-0.691078	-0.361965
-0.473803	0.31627
1.36217	0.567782
0.297523	0.145731
0.112839	0.393826
4.24106	0.465909
0.156294	0.124903
-0.701941	0.611177
0.417024	0.165602
-0.49553	0.28209
-0.528122	0.346423
1.1123	0.442277
-0.886625	0.246567
-0.93008	-0.910676
0.210613	0.421835
-0.745396	-0.361453
-0.962671	-0.0878975
-0.430348	-0.578889
-0.0283893	0.021073
-0.777988	-1.12467
-0.66935	0.144563
-0.245664	0.0559128
2.14436	0.522717
-0.734533	-1.30292
-0.625895	-0.717784
-0.538985	-0.772469
-0.32171	0.0430853
-0.2348	-0.529065
-0.419484	-0.330676
0.438752	0.323228
-0.951808	-0.650427
1.24267	0.078205
-0.256528	-0.0260669
0.362706	0.0153065
-0.854034	-0.0663889
-0.908353	-0.412491
0.362706	0.0923098
-0.788851	0.225793
-0.680214	0.145697
-0.951808	-0.669265
-0.625895	-0.632338
0.0259294	-0.178677
2.69841	0.385981
-0.137027	0.600468
0.0911119	-0.0746162
-0.462939	0.113041
-0.441212	0.607216
-0.169618	0.452041
1.42735	-0.000896348
-0.66935	0.348473
-0.864898	0.0466625
-0.604168	0.277693
0.0693844	0.211855
-0.419484	0.371049
0.938484	0.489567
-0.571577	0.0391604
0.101976	0.617251
0.92762	-0.0606382
-0.854034	-0.348172
3.67615	-0.0482613
0.0150657	0.344128
-0.864898	0.195976
0.0367932	0.298163
0.786392	0.251918
-0.625895	0.372512
1.2644	0.356543
-0.419484	0.235593
0.0585207	0.468516
-0.973535	-0.542508
1.45994	-0.158297
-0.484667	0.494492
-0.93008	0.504965
-0.58244	0.318793
0.677754	0.399736
1.59031	0.66947
-0.267392	0.34276
1.21008	-0.455972
-0.256528	0.295467
-0.973535	-0.384671
-0.712805	-0.730584
0.57998	-0.262578
-0.604168	0.136844
0.57998	0.0895392
0.0802482	-0.466609
-0.0718443	-0.172479
-0.886625	-0.547618
0.373569	-0.496619
-0.908353	-0.0699003
-0.854034	-0.207996
1.59031	0.26114
0.482207	0.452816
-0.897489	-0.461482
-0.897489	-1.36805
-0.962671	-0.188374
-0.767124	-0.95009
1.79672	0.344042
-0.973535	-0.108353
0.775528	0.567248
-0.897489	0.00229741
-0.821443	-0.653571
-0.75626	-0.544549
1.44908	0.596429
-0.864898	0.0680817
0.0259294	0.566124
-0.908353	-0.739352
-0.0935718	0.0971784
2.33991	0.25008
-0.462939	-0.415517
-0.788851	-0.28312
1.72067	0.265759
2.76359	0.64115
-0.625895	-1.48171
2.05745	0.652611
-0.712805	-0.541537
-0.256528	0.511893
0.0259294	-0.371206
-0.386893	0.198678
-0.528122	0.3238
-0.0935718	0.286744
0.275796	0.378274
-0.289119	0.118565
-0.940944	-1.23127
0.351842	0.684527
-0.691078	-0.231493
-0.799715	-0.21286
0.0150657	0.378451
-0.832306	0.33223
-0.0718443	-0.323825
2.19868	0.487636
0.112839	-0.0629444
-0.571577	0.775697
0.710345	0.41517
-0.962671	-1.39821
-0.767124	0.350529
4.16502	0.1581
-0.625895	0.399763
-0.191345	0.181325
-0.777988	-0.576016
0.732073	-0.272785
-0.039253	0.0537127
-0.788851	-0.475867
-0.14789	0.25717
0.0259294	0.165175
-0.397757	-0.0708193
-0.701941	-0.179238
-1.01699	-0.640519
-0.712805	-0.301223
0.243204	0.151092
-0.940944	-0.634981
-0.245664	0.801719
-0.2348	0.352634
-0.169618	-0.0728023
-0.810579	-0.12639
-0.810579	-0.26423
-0.32171	0.459198
0.00420194	0.217252
-0.66935	0.309046
-0.115299	0.622467
0.884165	0.759666
-0.604168	-0.478655
-0.908353	-0.224824
-0.538985	0.390338
-0.039253	0.498445
-0.104436	0.045391
-0.908353	0.366793
-0.777988	0.232035
0.536525	0.540682
1.03626	-0.214936
-0.549849	-0.335487
0.460479	0.309556
-0.299983	-0.00320252
0.0476569	-0.0963993
1.1123	0.614591
-0.549849	-0.162754
0.590844	0.681523
-0.767124	0.384035
-0.777988	-1.08636
0.210613	-0.0170455
-0.58244	-0.487369
-1.01699	-0.285651
-0.919216	0.121771
-0.951808	-0.277752
-0.104436	0.326092
-0.767124	-0.723936
-0.821443	-0.580444
-0.343438	-0.133783
-0.0935718	-0.173945
-0.202209	0.339203
-0.93008	-0.58892
-0.886625	0.0549856
-0.213073	0.559705
0.905893	0.649877
-0.40862	0.292483
1.28612	0.383732
-0.00666181	0.155349
2.45941	0.702493
-0.40862	-0.348594
0.0693844	-0.485189
-0.58244	-0.416387
-0.2348	-0.561583
-0.528122	0.110676
-0.267392	-0.108768
-0.962671	-0.024757
-0.897489	-0.0730518
0.514798	0.179667
-0.571577	0.099569
-0.973535	-0.26913
-0.658487	-0.213898
0.308387	-0.256713
-0.854034	-0.856499
0.482207	0.526894
0.569117	0.178441
-0.723669	-0.241773
-0.886625	-0.275754
1.09058	0.342793
0.221477	0.588093
-0.886625	0.133795
0.438752	-0.297514
-0.951808	-0.69372
-0.593304	0.203403
-0.365165	-0.288149
-0.549849	0.232239
-0.886625	-0.542241
0.319251	0.0936975
-0.701941	-0.0531928
3.30678	0.404152
0.916757	0.737559
2.1335	0.444659
0.471343	0.65728
0.503934	-0.191372
-0.430348	-0.106559
-0.267392	-0.037995
0.319251	0.164869
-0.962671	-0.541771
-0.343438	0.430673
0.438752	-0.571367
0.427888	-0.128978
1.64463	0.364782
-0.777988	0.027321
0.7538	-0.0258697
0.645163	0.476035
-0.767124	-0.231638
-0.919216	0.243381
-0.40862	0.321299
-0.386893	-0.562699
-0.940944	-1.11139
-0.832306	0.393575
-0.310847	-0.700939
-0.810579	0.465807
1.16662	0.509244
-0.0175256	0.259091
0.601708	0.409113
-0.00666181	-0.0483149
-0.723669	0.322053
-0.365165	0.756886
-0.0175256	0.412927
1.57945	0.357861
0.243204	-0.554914
-0.267392	0.411029
-0.40862	0.433648
0.178022	0.542315
-0.082708	-0.464077
0.362706	0.635825
0.66689	0.474518
-0.40862	0.22696
0.188886	0.345515
-0.278255	0.566154
-0.256528	-0.187058
8.55397	0.837029
-0.310847	0.211094
-0.00666181	0.0432929
0.710345	-0.188883
-0.462939	-0.495207
0.210613	-0.696248
-0.984399	-0.440288
-0.810579	-0.573194
-0.386893	0.158156
-0.636759	-0.67043
-0.245664	-0.168488
0.232341	0.228128
-0.864898	-0.0332991
1.91622	0.266041
-0.951808	-0.877948
0.145431	-0.335466
-0.310847	-0.546228
-0.723669	-0.464086
2.45941	0.251514
-0.223937	0.182703
-0.267392	-0.0908372
-0.289119	0.271195
1.01453	0.53153
0.460479	0.38036
2.52459	0.0503309
-0.615032	0.0319953
-0.441212	0.107848
-1.00613	-0.969033
0.0585207	0.28618
-0.886625	-0.971204
-0.169618	-0.11478
-0.397757	-0.624717
-0.00666181	0.22771
-0.712805	-0.635029
-0.864898	-0.235912
-0.32171	-0.0383443
-0.354302	0.133259
0.362706	0.341361
-0.571577	0.0367282
0.525662	0.0822973
-0.538985	0.303819
-0.886625	0.0660174
-0.625895	0.0277515
1.34044	0.662428
-0.788851	-0.556791
-0.104436	-0.107337
0.417024	0.5157
1.73154	0.466963
-0.864898	-0.161348
-0.777988	0.118556
-0.2348	0.35302
-0.2348	0.215953
0.623435	0.106892
-0.517258	0.214521
-0.517258	-1.20333
-0.419484	-0.412822
0.340978	0.077442
0.275796	0.454968
0.254068	0.711039
0.797255	0.334672
1.30785	0.53756
-0.082708	-0.464077
0.384433	0.1527
-0.604168	0.228769
0.612572	0.582386
-0.441212	-0.297459
3.08951	0.609107
-0.864898	-0.790457
-0.962671	-0.5789
1.84017	0.53428
-0.039253	-0.0371938
0.49307	0.360767
1.21008	-0.455972
-0.386893	-0.23076
0.275796	-0.0216137
-0.14789	0.326208
-0.397757	-0.164684
-0.571577	-0.292735
0.221477	0.338593
0.199749	-0.488364
-0.854034	0.196385
1.75326	0.527179
0.525662	0.602738
1.61204	-0.0211863
-0.158754	0.607622
1.7424	0.248275
2.87223	0.434481
0.0802482	0.340152
-0.419484	-0.357171
-0.289119	0.374521
1.16662	0.429047
-0.886625	-0.819229
-0.821443	-0.581081
0.558253	0.244524
0.167158	0.195415
-0.169618	0.622863
-0.00666181	0.520791
1.1123	-0.0396334
-0.00666181	-0.285559
-0.701941	0.168969
-0.256528	0.211556
0.254068	-0.0940143
0.156294	0.0160396
1.90536	0.268796
0.0476569	-0.130833
2.62236	0.131028
-0.49553	0.408331
-0.289119	0.0387973
-0.58244	0.427943
-0.854034	-0.262712
0.0693844	0.121792
-0.734533	0.220153
-0.191345	0.338178
-0.40862	0.330938
-0.376029	-0.144869
-0.995263	-0.582708
-0.897489	-0.736323
-0.962671	-0.770519
2.44854	0.0844713
0.884165	0.173382
-0.897489	-0.729365
-0.169618	-0.214817
-0.658487	-0.389946
-0.593304	0.43508
0.862438	0.389725
0.742937	0.373948
-0.2348	0.231338
-0.897489	0.431608
-0.788851	0.299938
-0.908353	-0.558445
-0.0175256	-0.0393048
-0.66935	0.377886
-0.484667	0.0269984
-0.549849	0.356325
-0.810579	-0.0374781
-0.343438	0.352559
-0.864898	-0.138864
1.73154	0.678464
-0.995263	-1.33682
1.06885	0.311312
-0.810579	-0.861063
-0.799715	0.511826
0.123703	0.503933
-0.430348	-0.609438
-0.723669	0.431693
0.340978	0.0488883
-0.919216	-0.949478
0.0259294	0.263495
-0.940944	-0.887855
0.688618	0.500899
1.15576	0.384571
1.34044	0.87294
3.05691	0.407908
-0.886625	-0.350768
0.471343	0.285841
-0.799715	-0.21286
-0.864898	-0.436097
1.02539	-0.0404795
-0.919216	-1.86366
-0.93008	-0.356676
-0.484667	0.394287
-0.615032	-0.172797
-0.810579	-0.252877
-0.854034	0.537589
-0.452075	0.484866
-0.854034	-0.0987139
1.19921	-0.381685
0.49307	0.318335
-0.875761	-0.113228
-0.919216	-0.221935
0.0150657	0.415438
1.12317	0.287695
-0.376029	-0.230086
0.775528	-0.345018
-0.343438	0.535193
-0.864898	0.538495
-0.864898	0.147468
-0.0501168	0.130792
-0.2348	0.303449
0.525662	0.205944
0.232341	-0.058336
-0.430348	0.372283
0.188886	-0.305667
-0.0935718	-0.434422
-0.864898	-1.24242
0.308387	0.400989
-0.875761	-0.364023
-0.712805	-0.6522
-0.245664	-0.0260541
-0.473803	0.331786
0.0259294	-0.00256222
-0.995263	-0.355678
-0.137027	-0.73206
-0.354302	0.0259005
0.232341	0.184694
-0.0935718	0.0246561
0.0476569	-0.0236465
-0.158754	-0.0334999
-0.517258	0.341205
-0.082708	-0.615631
3.77392	0.544327
-0.625895	-0.386452
-0.441212	-0.930496
0.0150657	0.328459
-0.604168	-0.104761
0.547389	0.121084
1.16662	0.0554852
-0.376029	-0.0212222
-0.745396	-0.0319414
-0.897489	-0.573111
1.00367	0.489829
0.0802482	0.0294469
0.101976	-0.446495
-0.897489	-0.417177
-0.962671	-1.38264
-0.473803	0.153728
0.275796	0.392707
-0.951808	-0.494141
0.471343	-0.150392
-0.701941	-0.459539
0.514798	0.405973
-0.0935718	0.224472
1.48167	0.300494
0.156294	0.478815
0.590844	-0.214287
0.275796	0.275985
0.829847	-0.105134
2.70927	0.158118
-0.202209	0.194378
-0.40862	0.148046
-0.202209	-0.425764
0.210613	0.206819
-0.506394	0.0670575
0.0476569	0.13254
-0.66935	0.456256
-0.2348	0.283385
-0.452075	0.0274815
1.02539	0.518156
1.09058	0.462487
-0.0935718	0.436175
0.0476569	-0.214539
-0.962671	-0.44485
-0.310847	0.190112
-0.647623	-0.353121
-0.680214	-0.198237
1.18835	0.430752
1.24267	0.363824
-0.777988	-0.403572
-0.951808	-0.929393
2.04659	0.335541
0.00420194	-0.173279
-0.875761	-0.2032
0.188886	-0.601108
-0.919216	-0.731145
-0.180482	-0.184965
-0.571577	-0.885744
-0.777988	-0.459986
-0.0718443	0.0981453
-0.93008	-0.744756
-0.680214	0.0464648
2.56805	0.359709
-0.636759	0.259894
-0.854034	-0.395265
2.32904	0.43343
1.42735	0.222947
-0.777988	-0.127378
1.1123	0.312594
-0.484667	0.443028
-0.354302	0.269155
1.93795	0.356313
0.0476569	-0.0641574
-0.126163	0.160464
-0.886625	-0.517068
-0.864898	0.0594631
0.0911119	0.727543
1.61204	0.422952
0.514798	0.456873
0.0802482	0.465354
0.330114	0.537233
-0.0935718	0.437927
0.514798	0.405973
-0.940944	-0.632861
-0.473803	0.357421
0.0150657	-0.0672732
0.0150657	0.415438
-0.604168	0.385843
0.634299	-0.356321
-0.908353	-0.367781
-0.506394	0.528086
0.101976	0.203873
-0.745396	-0.644643
1.06885	0.281748
-0.864898	-0.143637
-0.538985	-0.463026
-0.84317	-1.55682
-0.126163	-0.262138
-0.680214	0.263013
-0.462939	-0.440545
-0.0718443	-0.277879
-0.0501168	-0.0122662
-0.701941	0.542323
-0.169618	0.265074
0.503934	-0.0918277
3.42628	0.878669
0.92762	0.641224
-0.908353	-0.0584002
-0.0718443	-0.277879
-0.473803	0.100303
0.297523	0.00108338
-0.647623	0.530986
-0.84317	0.235828
0.145431	0.154476
-0.799715	0.413993
-0.310847	-0.129491
-0.995263	-0.491146
-0.365165	0.580847
0.634299	-0.096291
0.623435	0.826359
1.10144	0.0996575
0.786392	0.323883
-0.202209	0.176301
1.75326	0.28468
0.232341	-0.309754
0.797255	0.575905
0.471343	0.418313
0.7538	-0.0709171
2.07918	0.581774
-0.777988	-0.0455178
-0.886625	-0.138203
-0.419484	-0.503137
-0.897489	-0.378171
0.362706	0.272942
-0.213073	0.221146
-0.810579	-0.958857
0.0476569	0.348654
-0.734533	-0.423372
1.70981	0.586338
-0.919216	-0.202586
0.514798	0.444431
-0.0935718	-0.417349
-0.126163	-0.0241366
-0.886625	-0.152912
-0.821443	-0.620414
-0.93008	-0.84339
-0.767124	0.525947
-0.549849	-0.150136
0.547389	0.0231772
-0.278255	-0.657853
2.64409	0.443447
-0.962671	0.260964
0.340978	-0.172902
1.37303	-0.287619
-0.039253	0.153742
-0.788851	-0.0419841
-0.202209	0.48409
-0.593304	0.0131871
0.634299	0.218629
-0.940944	-1.39827
-0.788851	-0.881649
-0.919216	-0.277554
-0.93008	-1.21017
-0.821443	0.171687
-0.962671	-0.0835601
-0.636759	0.306857
-0.973535	-1.37384
0.688618	0.343248
-0.951808	-0.24896
-0.821443	-0.386608
-0.267392	0.0178434
-0.777988	-0.0825312
-0.462939	0.263455
0.199749	-0.110637
1.29699	0.45078
1.03626	-0.233412
0.0693844	-0.301596
-0.441212	-0.695409
-0.973535	-0.447644
0.677754	0.0742698
0.471343	-0.560254
1.39476	0.847663
0.319251	0.34107
0.254068	0.606221
-0.821443	-0.5793
0.264932	0.310664
-0.376029	0.252858
1.45994	-0.0203086
-0.517258	-0.288095
0.449616	-0.164957
2.02486	0.210374
-0.0935718	0.361132
3.1221	0.522402
-0.93008	-0.509112
-0.995263	-0.463586
0.243204	0.41965
-0.788851	-0.850864
-0.951808	-0.316256
-0.082708	0.322806
0.406161	0.00993627
0.373569	0.393319
-0.767124	-0.476355
-0.40862	-0.360008
-0.58244	-1.04361
1.23181	0.45215
-0.854034	-0.363633
0.84071	0.361169
1.19921	0.225588
0.254068	0.477171
0.471343	0.159843
-0.2348	-0.387731
1.84017	0.653871
-0.75626	-0.472623
1.02539	-0.00237376
-0.202209	-0.162962
-0.951808	-0.59465
-0.310847	0.231424
-0.452075	0.427503
1.43822	0.695454
3.66528	0.700984
-0.908353	-1.05186
-0.32171	-0.316172
-0.93008	0.277893
-1.00613	-0.472286
-0.180482	-0.61729
-0.332574	-0.0598732
1.05799	0.396429
0.710345	-0.193996
-0.875761	-0.464888
0.525662	0.218104
-1.01699	-0.557954
-0.712805	-0.606463
-0.854034	-0.373584
-0.962671	-0.947121
0.0693844	0.661419
-0.854034	-1.05802
-0.213073	0.406796
-0.528122	-0.00387288
0.221477	-0.547108
0.199749	0.517316
-0.734533	0.382626
-0.66935	-0.0267732
0.308387	0.376831
-0.267392	0.409812
0.0693844	0.204194
-0.560713	0.447424
0.395297	0.3677
0.427888	0.164389
-1.04958	0.320388
-0.58244	0.308164
0.558253	0.418708
2.38336	0.451703
-0.278255	-0.11101
0.319251	0.654449
0.254068	0.0400996
3.14382	0.108863
-0.0718443	-0.139164
-0.897489	-0.5853
-0.973535	0.507763
1.68808	0.359746
-0.821443	-0.653617
-0.886625	-0.541049
0.406161	0.290296
-0.919216	0.467922
0.112839	0.148268
-0.75626	-0.798837
1.23181	0.460804
-0.419484	0.184451
1.1123	-0.0396334
-0.32171	0.602175
-0.962671	-0.219987
-0.636759	0.409821
-0.908353	-1.70653
-0.658487	-0.671339
1.53599	0.501339
-0.919216	0.467271
-0.397757	0.633638
0.699482	-0.0738337
0.688618	0.367522
-0.082708	-0.251376
1.24267	-0.230182
-0.376029	0.000781588
-0.549849	-0.358931
-0.810579	0.415703
-0.0501168	0.0442558
2.41595	0.587278
0.992803	0.238751
-0.636759	-0.864705
0.384433	0.147349
-0.2348	-0.328935
-0.788851	-0.156431
-0.940944	-1.1257
-0.940944	-0.803927
2.16609	0.331472
0.384433	0.750144
1.91622	0.37789
0.210613	0.41391
-0.386893	-0.179396
0.960212	0.309844
2.253	-0.0846145
-0.0175256	0.360967
-0.864898	-1.58002
1.55772	0.206697
-0.636759	-0.103138
0.00420194	0.42742
0.884165	0.489356
0.178022	0.393149
2.1009	0.284207
-0.245664	0.232059
1.39476	-0.832438
0.677754	0.45491
-0.799715	-0.881859
0.319251	0.126737
-0.430348	0.0239273
2.1335	0.570719
-0.951808	-0.350827
-0.332574	-0.110027
-0.365165	0.469145
-0.691078	0.474547
-0.365165	-0.284514
0.0585207	0.718223
2.89396	0.548979
-0.658487	-0.588645
-0.810579	-0.693714
-0.397757	0.136464
-0.354302	0.137265
-0.245664	-0.654473
-0.75626	0.028204
-0.919216	0.167892
-0.995263	0.142559
-0.452075	0.0391269
0.514798	0.103208
-0.40862	-0.00995417
-0.875761	0.313553
3.75219	0.0859781
0.732073	-0.039769
-0.267392	0.0999532
-0.039253	0.537866
-0.2348	0.395311
0.0802482	0.480022
0.243204	0.455514
-0.745396	0.177102
3.51319	0.793562
-0.821443	-0.536239
0.264932	0.175076
0.471343	0.122784
1.55772	0.0709389
1.88363	0.353266
1.01453	0.862415
-0.462939	-0.681632
1.78586	0.218096
0.634299	-0.0442675
0.427888	0.113071
1.42735	0.161033
-0.636759	-0.620726
-0.32171	-0.282181
-0.723669	-0.641867
-0.680214	0.514779
0.101976	-0.00799083
2.20954	0.451656
-0.49553	-0.163202
-0.767124	-0.179507
-0.908353	0.30215
0.818983	-0.132401
-0.0283893	0.434953
0.123703	-0.106699
-0.289119	0.00690127
-0.886625	-0.689464
0.818983	0.389305
1.47081	0.381372
-0.137027	0.419738
-0.462939	0.389321
-0.473803	0.21649
1.02539	0.489805
-0.691078	-0.290749
-0.549849	0.262899
-0.854034	-0.401595
-0.267392	-0.105951
-0.560713	0.327447
-0.821443	-0.954771
-0.875761	-0.361353
0.0367932	-0.251734
-0.875761	0.514829
-0.788851	-0.49876
-0.810579	-1.56655
-0.908353	0.480348
-0.202209	0.646549
0.395297	0.802668
-0.506394	0.472953
0.123703	0.445691
0.0476569	0.260191
-0.93008	-0.298636
-0.40862	-0.192102
-0.473803	0.15889
-0.734533	-0.489315
-0.0175256	-0.196915
-0.528122	0.309856
-0.560713	0.259261
1.93795	0.487081
1.21008	0.811754
0.0259294	0.452678
-0.441212	0.220239
3.6001	0.404099
-0.810579	-1.331
-0.973535	-0.558054
-0.0501168	-0.0235252
-0.832306	-0.650997
-0.58244	0.212577
1.97054	0.278165
-0.0935718	0.206008
1.57945	0.21685
1.25353	-0.306841
0.0476569	0.0766912
-0.299983	0.246526
0.949348	0.212524
0.123703	0.342359
2.00313	0.141626
0.884165	0.0651876
-0.897489	-0.1805
-0.777988	0.249352
-0.777988	0.142278
-0.137027	-0.227892
0.0367932	0.0936648
-0.213073	-0.438125
-0.864898	-0.062222
4.49093	0.737447
-0.538985	-0.881459
-0.615032	0.439229
-0.245664	0.632561
-0.169618	0.064452
0.645163	0.278788
-0.441212	0.084045
-0.441212	0.420514
-0.701941	-0.0196226
-0.691078	-0.144185
2.38336	0.504276
-0.158754	-0.0447565
-0.832306	-0.498298
1.31872	0.264969
-0.864898	0.550024
-0.723669	0.0424191
-0.0935718	-0.152761
1.77499	0.493932
-0.810579	-0.492845
1.79672	-0.377266
-0.0283893	-0.153566
-1.00613	-0.578568
-0.940944	-0.237122
-0.962671	-0.364902
-0.854034	-0.496232
-0.441212	0.01334
0.601708	0.363862
0.66689	0.474609
-0.0718443	0.190499
-0.245664	0.0220438
1.85104	0.0500659
0.178022	-1.03496
0.417024	-0.214801
-0.180482	0.131184
0.243204	0.381165
-0.951808	-0.899387
-0.40862	0.196034
-0.962671	-0.56631
-0.886625	-0.557243
0.362706	-0.277015
-1.00613	-1.39662
0.340978	0.924169
2.92655	0.683425
0.862438	-0.0971907
-0.701941	0.347095
-0.810579	-0.387246
-0.854034	-0.382785
2.75273	0.277037
-0.571577	-0.840287
-0.0175256	0.191754
-0.919216	-0.654053
-0.810579	-0.615917
0.00420194	0.246211
-0.734533	0.490421
-0.365165	0.00232296
-0.821443	-0.178381
0.916757	0.0938283
2.1009	0.268522
-0.897489	-0.368721
-0.528122	0.0403046
-0.854034	-1.33457
0.0693844	-0.476656
0.275796	0.231356
0.0150657	0.468283
-0.376029	0.59284
-0.66935	-0.334811
-0.984399	-0.248356
-0.039253	-0.0585096
-0.549849	0.343811
0.503934	0.394766
-0.538985	-0.104606
-0.213073	0.3301
-0.84317	-0.106294
-0.897489	-0.133591
-0.528122	-0.598385
-0.951808	-0.52448
-0.0175256	-0.308476
2.82878	0.273624
-0.49553	0.169432
0.188886	0.379971
-0.919216	-0.853599
-0.962671	-0.863717
-0.0609805	0.41145
-0.386893	-0.261177
-0.810579	0.203284
1.09058	0.0421167
0.156294	0.509215
-0.897489	-1.09464
0.330114	0.613611
0.471343	0.152135
-0.886625	-0.741775
-0.0609805	-0.0580353
0.101976	-0.446495
-0.66935	-0.0902141
0.460479	0.337131
1.15576	0.278435
1.70981	-0.171776
0.829847	-0.424954
1.13403	0.112865
-0.452075	0.0344178
-0.528122	0.07782
0.623435	0.178114
-0.854034	0.414419
-0.908353	0.217377
-0.0609805	0.461146
-0.691078	0.401763
0.786392	0.574188
-0.386893	0.0456263
-0.897489	-0.581233
-0.799715	-1.12811
-0.940944	-0.0111019
1.57945	0.526576
-0.104436	0.207327
-0.84317	-0.984785
0.57998	-0.249124
0.938484	0.190406
1.41649	0.18198
0.829847	-0.506458
-0.897489	-0.529511
-0.854034	0.339367
-0.908353	0.287358
0.612572	0.372278
-0.995263	0.370625
1.01453	0.460009
2.02486	0.240473
-0.821443	-0.806456
2.03572	0.366713
-0.886625	-0.672081
-0.386893	-0.494915
-0.191345	0.378787
-0.158754	-0.0558978
-0.734533	-0.626384
2.14436	0.292175
-0.441212	-0.422564
0.0367932	-0.637908
2.27472	0.227763
0.373569	0.597917
0.503934	0.813641
-0.115299	-0.428322
-0.897489	-0.44234
0.677754	0.549047
1.09058	0.64607
-0.343438	-0.0624242
3.0026	0.602033
0.275796	0.582041
0.612572	0.036535
1.49254	0.63131
0.710345	0.564446
4.39316	0.389666
0.319251	0.470577
0.895029	0.488164
-0.854034	-0.0778922
-0.691078	-0.141341
0.395297	0.229446
-0.14789	-0.357035
-0.549849	-0.149294
-0.75626	-0.486919
-0.039253	-0.344189
-0.58244	-0.499611
0.471343	0.522428
-0.875761	0.370425
-0.104436	-0.725531
-0.734533	-0.172153
-0.810579	-0.949684
1.02539	0.36516
-0.593304	-0.107147
-0.213073	0.350547
-0.0935718	0.623264
0.536525	0.383904
1.3839	0.415695
-0.832306	0.190321
0.569117	0.0363343
-0.517258	0.281512
0.156294	0.428468
1.43822	0.462418
-0.310847	0.435273
-0.951808	-0.699667
-0.940944	0.177535
-1.00613	0.36363
-0.777988	0.516306
-0.897489	-0.36879
-0.832306	0.140163
-0.897489	-1.02854
0.373569	0.28606
-0.473803	-0.279906
-0.332574	-0.889767
-0.538985	-0.0503381
-0.680214	0.335945
-0.256528	0.212043
-0.0718443	0.140709
-1.04958	0.25025
-0.93008	0.0171813
-0.473803	0.0527006
0.0259294	-0.0686751
-0.940944	-0.946344
-0.267392	0.665595
-0.571577	0.532121
1.17749	0.607508
-0.625895	0.140269
-0.0935718	0.221202
1.94881	0.400536
-0.940944	-0.76473
0.0802482	0.478709
-0.864898	0.231634
3.17642	0.46724
0.960212	0.309844
0.406161	-0.257409
0.0585207	-0.512127
-0.180482	0.679854
-0.908353	-0.278081
1.15576	0.415941
2.20954	0.635877
-0.180482	-0.0677841
0.514798	0.447253
-0.66935	-0.339969
0.00420194	0.532924
-0.940944	-0.0522355
1.24267	0.390118
-0.658487	-0.16802
-0.506394	0.528086
0.688618	0.0392433
0.949348	0.472923
0.710345	0.722762
-0.821443	-0.415233
0.0911119	0.49975
-0.908353	-0.364465
1.07971	0.244188
-0.571577	0.0623525
-0.908353	0.391557
0.275796	0.18997
-0.995263	-0.544076
-0.0609805	-0.0613653
-0.951808	-0.571537
-0.625895	-0.430464
-0.0718443	0.228142
-0.506394	-0.730626
-0.777988	-0.185957
-0.430348	0.516123
-0.84317	0.246743
-0.549849	-0.214744
0.243204	0.396639
-0.571577	-0.816253
0.449616	-0.235141
2.77446	0.348216
-0.940944	0.271123
-0.104436	-0.136447
0.0476569	0.0515199
0.775528	0.0521533
2.69841	0.0571249
2.74187	0.400923
-0.625895	0.294496
0.330114	0.0644339
-0.897489	-0.770737
1.90536	0.577885
-0.810579	0.353225
-0.0501168	0.286488
0.7538	0.138092
-0.723669	0.757621
0.286659	0.309375
0.101976	0.25181
-0.00666181	-0.174124
-0.832306	-0.0104553
0.123703	-0.429288
-0.864898	-0.929756
-0.332574	0.520944
0.123703	0.44218
-0.647623	0.384983
-0.799715	0.276648
0.00420194	0.186968
0.145431	0.202912
-0.93008	-0.920789
-0.777988	-0.28073
-0.973535	-0.108353
0.319251	0.0170881
0.254068	0.672383
0.243204	0.42757
0.7538	-0.301854
0.199749	-0.013467
-0.473803	0.0859367
4.33884	0.634384
0.536525	0.694007
1.1123	0.278306
0.243204	0.223535
1.7424	0.298584
0.232341	0.329891
2.42682	0.760983
0.221477	0.297404
0.427888	0.28385
-0.680214	-0.710377
-0.875761	-0.250724
-0.636759	0.15015
0.340978	0.21237
0.112839	-0.440505
-0.32171	-0.0138903
-0.984399	0.483269
-0.0609805	0.364795
-0.908353	0.117072
-0.832306	-0.990729
-0.58244	-0.472654
-0.962671	-0.708414
0.525662	0.103576
0.710345	0.157303
0.243204	0.42757
-0.864898	-0.494462
-0.169618	0.340862
1.32958	0.10242
-0.397757	-0.248059
-0.940944	-0.120394
0.536525	0.813084
1.43822	0.641364
-0.278255	-0.3767
2.03572	0.377549
0.0367932	0.421401
-0.354302	-0.10488
-0.832306	0.114067
-0.14789	0.0574001
-0.397757	0.0749623
0.221477	0.348513
-0.560713	0.483975
1.66636	0.554774
-0.452075	-0.541974
-0.256528	0.392722
-0.00666181	0.294471
0.351842	-0.1535
5.15362	0.639842
-0.354302	0.0459
-0.256528	0.392722
1.42735	0.247752
0.384433	-0.0260807
0.340978	-0.647293
-0.767124	-0.557127
-0.691078	-0.0569999
0.471343	-0.243331
0.210613	0.301403
-0.0501168	0.558148
-0.66935	-1.09939
-0.951808	-1.70703
-0.636759	-0.225304
-0.767124	0.110276
-0.40862	0.183033
-0.615032	-0.167958
-0.788851	-0.465484
2.88309	-0.0258375
-0.886625	-0.318019
-0.560713	0.412807
-0.32171	-0.49845
-0.680214	-0.00731606
-0.864898	-0.261733
0.145431	0.334844
-0.452075	0.224422
-0.658487	-0.25542
1.13403	0.192255
0.417024	0.171286
-0.517258	0.437453
-0.832306	0.445792
-0.452075	0.486342
-0.854034	-0.455169
0.0476569	0.417395
0.134567	-0.572475
0.199749	-0.351151
-0.376029	0.404208
0.199749	0.382414
-0.647623	0.253885
0.275796	0.193424
0.438752	0.694052
-0.962671	0.00382059
0.92762	0.375189
1.22094	0.649447
-0.66935	0.213961
1.51426	0.629843
0.49307	-0.556773
-0.832306	-0.35145
-0.484667	-0.29821
0.0259294	0.16501
-0.897489	-0.687282
-0.14789	-0.327928
-0.419484	0.380064
1.1449	0.278859
-0.940944	-0.652021
0.851574	0.425561
-0.549849	-0.691411
0.57998	0.372021
0.0585207	0.381768
2.01399	0.413525
-0.821443	-0.746763
-0.115299	0.154313
-0.940944	-0.0924489
-0.745396	-0.0822902
2.99173	0.846332
-0.082708	0.0703988
4.19761	0.563729
-0.951808	-1.3839
0.362706	0.422091
-0.691078	-0.551188
-0.897489	-0.323632
-0.984399	-0.234544
-0.32171	0.516166
-0.66935	-0.534672
-0.0718443	-0.511836
-0.777988	-0.0364135
-0.00666181	0.513048
-0.875761	-0.936358
-0.430348	-0.350118
0.0911119	0.436012
0.656027	0.156942
-0.832306	-0.315372
-0.908353	0.505795
-0.158754	-0.0838636
0.264932	0.226132
-0.864898	-0.201758
-0.32171	0.258872
3.39369	0.843096
-0.832306	-0.483769
-0.213073	-0.146664
-0.528122	-0.109927
-0.886625	-0.71024
-0.278255	0.386322
-0.799715	-0.440635
0.178022	-0.311705
-0.821443	0.106839
-0.951808	0.338052
-0.49553	-0.163583
-0.886625	0.0138216
-0.886625	-0.187101
-0.58244	0.0573889
-0.658487	0.204143
0.482207	0.276851
-0.126163	0.203888
-1.01699	-1.01046
-0.973535	-0.847274
-0.332574	-0.283257
0.547389	-0.30634
-0.0501168	0.0396908
-0.701941	-0.605342
-0.886625	-0.534537
1.05799	0.156512
-0.397757	6.0753e-05
0.112839	0.14102
1.29699	0.323568
-0.875761	-0.501111
3.67615	0.813583
-0.32171	-0.135508
0.829847	0.110916
0.156294	0.336193
-0.75626	-0.366276
-0.962671	-0.955308
-0.832306	0.186936
-0.734533	0.231276
-0.973535	0.298577
-0.115299	0.128416
-0.75626	0.108567
-0.951808	-1.62011
-0.289119	0.425939
-0.506394	0.141998
-0.549849	-0.158843
-0.180482	0.158364
-1.01699	-0.530871
-0.49553	0.393302
6.0879	0.483858
-0.984399	-0.716762
0.145431	0.552827
-0.908353	-0.89328
-0.951808	-1.53263
-0.0718443	0.355403
0.0476569	-0.128346
-0.821443	0.325484
-0.875761	-0.111596
1.3839	0.35975
-0.962671	-0.0671318
-0.864898	-0.750802
-0.441212	-0.205573
-0.767124	-0.323217
-0.951808	-1.08701
-0.84317	-0.955119
-0.854034	-0.343129
-0.84317	-0.966134
0.764664	0.436604
-0.995263	-0.146674
-1.00613	0.215914
-0.701941	-0.00690075
1.87277	0.416744
1.68808	0.523351
-0.365165	0.0383254
-0.875761	-0.393129
0.254068	-0.636027
-0.0609805	0.0531788
-0.864898	-0.524075
1.65549	0.376066
0.134567	-0.843041
0.123703	-0.207102
-0.908353	-0.186511
1.06885	0.398101
1.95968	0.480435
-0.66935	0.280147
-0.875761	-0.545791
-0.365165	0.290018
0.601708	0.699868
-0.528122	0.512388
0.677754	0.313745
-0.213073	-0.097052
0.851574	0.651001
-0.0283893	0.230393
0.49307	0.0171668
-0.680214	0.257763
-0.126163	0.383536
-0.517258	0.267738
-0.332574	-0.582483
-0.908353	0.0434128
-0.158754	0.504703
0.438752	-0.056355
-0.32171	0.514248
-0.832306	-0.520816
1.43822	-0.0288268
-0.636759	0.317583
-0.832306	0.624027
0.66689	-0.0102901
-0.984399	-0.427408
0.0585207	-0.168031
0.710345	0.534739
-0.636759	0.45891
-0.864898	-0.471962
-0.973535	-0.0314228
0.732073	-0.644855
-0.788851	-0.489176
0.482207	0.291083
-0.810579	0.112601
-0.854034	-0.286603
-0.506394	0.187443
0.558253	0.629725
0.688618	0.415936
-0.0718443	0.0460275
-0.32171	-0.0716743
-0.701941	0.104237
-0.777988	-1.08429
-0.962671	-1.05937
-0.745396	-0.237993
-0.191345	-0.615053
-0.202209	-0.278923
-0.169618	0.439907
-0.0283893	0.487073
-0.864898	0.00152346
-0.571577	0.029458
-0.734533	-0.732232
-0.560713	-0.448475
-1.00613	-0.235858
-0.169618	-0.574081
-0.886625	-0.683196
-0.571577	-0.494367
-0.908353	0.102487
-0.636759	0.0454512
-0.940944	-0.785546
-0.723669	-0.641867
0.427888	-0.0497058
0.156294	0.465631
1.22094	-0.221338
1.53599	0.456158
-0.973535	-0.552419
-0.430348	-0.0980627
-0.484667	0.596197
-0.93008	-0.573331
-0.658487	-0.328893
-0.919216	-0.738964
-0.93008	-0.245628
-0.723669	-0.218749
0.254068	-0.346432
-0.788851	-0.290282
-0.082708	-0.129655
-0.788851	-0.534872
0.243204	-0.06637
-0.777988	-0.2026
1.22094	0.186718
1.12317	0.270281
-0.875761	-0.312714
0.156294	-0.205864
-0.00666181	0.04539
-0.58244	0.161432
1.35131	0.324021
-0.745396	0.0571101
0.254068	0.357264
-0.658487	-0.396091
-0.66935	-0.700624
-0.908353	0.217377
-0.810579	-0.321026
-0.299983	0.448711
-0.126163	0.387006
-0.691078	-0.00901341
-0.223937	0.546532
-0.712805	0.25868
2.35077	0.75507
1.23181	-0.0893254
2.38336	-0.377587
0.7538	0.320698
-0.984399	0.210554
-0.995263	-0.364423
-0.821443	0.114342
5.47953	0.648036
-0.832306	-0.960632
0.406161	0.53259
-0.940944	0.0860626
-0.213073	-0.470211
0.188886	-0.672534
0.916757	0.491961
0.971075	0.332733
-0.517258	0.00447855
0.949348	0.147464
-0.2348	0.30081
-0.169618	0.483928
0.275796	0.298578
-0.376029	0.252819
-0.973535	-0.694553
-0.940944	-1.06729
0.221477	-0.0214463
0.145431	0.117621
-0.962671	-0.669084
-0.908353	-0.250441
-0.636759	0.287464
0.536525	0.335431
-0.2348	-0.181284
-0.658487	-0.748698
1.05799	-0.179221
0.482207	0.256273
-0.940944	-0.653707
-0.788851	-0.933431
-0.571577	0.159415
-0.191345	-0.167783
0.210613	0.340964
-0.821443	-0.352072
-0.897489	-0.887648
-0.593304	-0.110766
0.710345	-0.193996
-0.332574	-0.730075
-0.919216	0.148142
-0.973535	-0.278228
-0.0283893	-0.0750933
-0.256528	0.00287981
0.797255	0.783372
-0.647623	-0.345114
2.53545	0.506013
-0.777988	0.252275
-0.84317	0.528777
0.123703	0.616988
0.558253	0.333461
-0.0501168	-0.301463
2.50286	0.556211
0.427888	-0.109822
-0.84317	0.3869
0.178022	0.160009
0.732073	0.418054
-0.376029	0.00299267
0.775528	0.365808
-0.897489	-0.227546
-0.571577	0.258256
4.5887	0.550782
1.1123	0.312594
1.28612	0.475331
1.44908	0.277667
-1.00613	0.183916
-0.962671	-1.15992
-0.289119	0.0353877
-0.799715	-1.15346
-0.419484	0.536177
-0.919216	-0.776781
-1.03872	-0.394258
0.319251	-0.0577359
1.77499	0.396539
-0.93008	-0.516864
0.569117	0.0363343
1.95968	0.513304
1.85104	0.450607
-0.908353	0.457772
-0.799715	0.236379
-0.821443	-0.499187
0.645163	0.430588
-0.984399	0.287102
-0.810579	0.361619
1.97054	0.0745131
-0.832306	-0.915293
-0.115299	-0.425615
-0.397757	-0.21762
-0.93008	-0.267068
0.645163	-0.0391874
0.656027	0.314064
-0.473803	0.160844
0.0367932	-0.504408
-0.821443	-0.536239
-0.354302	-0.596376
-0.821443	0.252803
-0.875761	0.115495
0.340978	0.413716
-0.84317	-0.237126
-0.506394	0.00651541
-0.93008	-1.48225
-0.528122	0.317874
-0.441212	0.224563
0.547389	0.119164
-0.886625	0.411866
-0.951808	-0.417832
0.656027	0.637882
-0.538985	-0.270877
1.2644	0.205338
-0.115299	-0.0877386
0.221477	0.0410822
-0.278255	-0.416161
-0.538985	0.0896097
-0.137027	0.44976
-0.84317	-1.26637
-0.289119	0.286589
-0.777988	0.00828478
-0.267392	-0.491395
-0.897489	-1.19902
-0.49553	0.355869
0.264932	0.524778
-0.995263	-0.295823
-0.441212	-0.205573
0.00420194	0.532924
0.123703	0.503933
-0.158754	0.502836
-0.104436	0.27909
-0.897489	-0.777105
-0.267392	0.411975
-0.66935	0.451465
0.503934	-0.338621
0.764664	0.668518
-0.49553	-0.143826
-0.712805	0.399455
0.449616	0.39211
-0.647623	0.250767
0.0259294	-0.957753
1.22094	0.225075
-0.571577	0.223694
2.09004	0.768951
1.76413	0.49997
-0.289119	0.347546
1.24267	0.402609
-0.169618	0.248017
0.786392	0.5429
-0.951808	0.320442
-0.636759	-0.236128
-0.767124	-0.584953
0.645163	-0.72949
-0.973535	-0.158119
-0.267392	0.1925
1.12317	-0.269357
-0.343438	0.457228
-0.875761	-0.518498
0.895029	0.400355
0.210613	0.351861
-0.66935	0.480802
1.02539	0.0584529
0.905893	-0.29575
0.00420194	-0.115726
0.178022	0.233642
-0.615032	-0.171693
0.178022	0.160009
-0.625895	-1.12218
0.775528	0.607612
0.645163	-0.565394
-0.430348	0.345167
1.07971	0.330152
-0.343438	0.191567
-0.473803	-1.28629
0.417024	0.365989
-0.897489	-0.923684
-0.919216	-0.184001
0.688618	0.124388
-0.332574	0.198517
-0.604168	0.390194
-0.951808	0.238834
-0.213073	0.56557
1.94881	0.623804
-1.00613	-0.509406
-0.951808	-0.352329
-0.962671	-0.401338
-0.32171	0.225917
0.971075	0.253505
-0.93008	-0.871631
2.20954	0.278659
0.362706	0.682489
-0.658487	0.093997
-0.908353	-0.56029
-0.864898	-0.113542
-0.897489	0.0312682
-0.66935	0.0694984
0.449616	0.316379
-0.0175256	-0.36645
3.95861	0.730101
-0.289119	-0.0360761
-0.386893	0.16648
-0.560713	0.478023
-0.691078	-0.515046
-0.615032	-0.230431
-0.299983	-0.210261
-0.0283893	-0.223483
-0.886625	-0.727408
-0.940944	-1.78587
1.61204	0.4895
-0.75626	-0.0579689
-0.854034	-0.255269
-0.278255	0.44316
0.362706	0.213791
-0.712805	0.17701
-0.473803	0.210192
0.00420194	0.328744
0.319251	0.414608
-0.940944	-1.31598
-0.0718443	0.302135
-0.213073	0.175286
0.254068	0.216217
-0.777988	-0.0264956
-0.908353	-0.656252
1.67722	0.120044
-0.973535	0.0409832
2.65496	0.27366
-0.864898	-0.658152
1.37303	-0.123887
-0.58244	0.037812
0.0911119	-0.501646
-0.2348	0.306313
-0.223937	0.470322
-0.680214	0.286511
-0.75626	0.315112
-0.940944	-0.752323
-0.973535	-2.38326
-0.875761	-0.556659
1.01453	0.503423
1.41649	-0.0521565
-0.66935	-0.505975
-1.01699	-0.74087
-0.213073	0.651708
-0.75626	0.685492
0.601708	0.547104
1.21008	0.0348652
3.16555	0.357157
-0.691078	-0.439869
-0.951808	-0.41964
-0.202209	-0.425764
3.29592	0.506777
-0.267392	-0.00626242
0.884165	0.541196
0.0259294	0.144548
0.308387	0.471022
-0.354302	0.208878
-0.0175256	0.550553
-0.615032	-0.501876
0.0585207	-0.246059
2.30732	0.0917619
-0.158754	0.0902007
-0.104436	0.373001
-0.386893	-0.166529
-0.832306	-0.315372
3.50233	0.77358
-0.897489	-0.702995
-0.0609805	0.307151
-0.0501168	-0.624805
0.0367932	0.356843
2.98087	0.767967
-0.104436	0.272001
-0.897489	-0.490063
-0.875761	-0.446156
0.0585207	0.216852
0.101976	0.22242
3.35024	0.368331
-0.343438	0.190657
0.949348	0.415487
-0.104436	0.480529
0.699482	0.408866
2.15522	0.506154
-0.397757	0.371592
-0.256528	0.0330701
4.33884	0.54933
-0.604168	0.619277
-0.289119	-0.389932
-0.549849	-0.105975
1.51426	-0.112538
-0.84317	-0.474864
-0.919216	-0.501392
-0.213073	0.412066
0.112839	0.0175541
-0.886625	-0.982466
0.243204	0.286244
0.482207	-0.695285
0.938484	0.0747602
1.91622	-0.19707
-0.365165	0.0383254
-0.919216	-0.546758
0.00420194	0.573855
3.33937	0.447256
3.80651	0.511785
-0.647623	0.43618
1.41649	0.472467
0.721209	0.400721
0.688618	0.123079
0.395297	0.423033
0.623435	0.330508
-0.875761	-0.0531422
-0.430348	0.413175
-0.2348	-0.107668
-0.604168	0.399946
-0.289119	0.376604
-0.625895	-0.0876298
-0.84317	-0.412824
-0.940944	-1.71544
1.03626	-0.233412
0.123703	-0.49451
0.362706	-0.367608
-0.84317	-0.024387
1.81845	0.186363
1.24267	0.74461
-0.104436	0.12095
0.710345	0.697188
0.0367932	0.491345
-0.723669	-0.294817
2.76359	0.658943
0.590844	0.754323
0.188886	-0.345796
3.58924	0.445403
0.0585207	0.348986
-0.919216	-0.996759
-0.897489	-0.298467
0.503934	0.198433
0.525662	0.0906852
3.62183	0.637468
-0.658487	-0.105845
-0.908353	-0.672945
0.145431	0.661999
-0.538985	-0.0522575
-0.604168	-0.899948
-0.32171	-0.466988
-0.777988	0.252275
0.395297	0.387524
-0.886625	-0.718667
-0.951808	-0.24896
0.57998	0.176637
0.688618	0.164709
-0.213073	0.421814
-0.549849	0.116818
-0.93008	-0.555019
-0.082708	0.0958466
1.52513	0.54169
-0.310847	0.393417
-0.940944	-1.19508
-0.680214	0.370137
-0.00666181	0.105843
-0.14789	-0.152406
0.634299	0.160462
-0.864898	-0.495313
-0.615032	0.248004
-0.0175256	0.30983
-0.354302	-0.32666
-0.158754	-0.304226
-0.115299	0.424653
-0.984399	-1.02721
-0.115299	-0.271597
-0.386893	0.105323
-0.115299	0.359624
0.460479	0.463297
-0.854034	-0.394783
-0.202209	-0.105845
1.79672	-0.731106
-0.821443	-1.1115
0.0693844	0.437644
-0.712805	-0.897327
0.558253	0.288778
0.536525	0.409632
0.373569	0.582464
1.73154	0.775692
-0.593304	0.224595
-0.940944	-0.453448
-0.397757	0.447879
-0.386893	0.473062
-0.973535	-0.282597
-0.506394	0.402506
-0.984399	-1.50742
-0.854034	-0.588366
0.938484	0.51552
-0.115299	0.490538
-0.376029	0.519997
-0.788851	-0.487357
-0.908353	-0.350367
-0.973535	-0.436711
-0.821443	-0.106966
-0.169618	0.255256
-0.701941	0.632227
-0.625895	-0.789368
-0.940944	0.305371
0.525662	0.131868
-0.951808	-0.808994
-0.202209	0.219176
-0.528122	0.32786
-0.84317	-0.116181
0.123703	-0.021296
-0.973535	0.169556
-0.810579	-0.889481
-0.462939	-0.239775
-0.886625	-0.552966
0.156294	0.0549816
-0.886625	-1.08303
-1.00613	-0.764493
0.971075	0.309976
0.503934	0.0732995
-0.452075	0.456217
-0.886625	-0.53642
1.56858	0.262123
-0.039253	-0.588009
0.297523	0.372806
-0.256528	-0.0459136
0.688618	0.207901
2.99173	0.283092
-0.267392	0.377176
0.742937	0.173853
-0.951808	-0.670522
0.0476569	0.508058
0.384433	0.353626
-0.528122	0.223086
-1.06045	-1.72471
0.808119	0.291477
-0.854034	-0.230088
-0.799715	0.0522674
0.00420194	0.274848
-0.354302	0.397187
2.19868	0.542073
-0.864898	-0.700824
0.949348	0.212524
0.938484	-0.000478858
-0.799715	-0.0788025
-0.940944	-0.132634
-0.712805	-0.128919
-0.223937	0.350015
-0.745396	-0.452851
-1.02785	-1.32031
-0.267392	0.420675
-0.875761	-0.113228
-0.191345	-0.146215
-0.528122	0.445571
0.49307	0.163884
-0.821443	0.0248603
-0.951808	-1.11508
-0.658487	0.0408525
0.188886	0.0273237
-0.919216	-1.40371
-0.169618	0.163484
-0.658487	-0.612543
-0.919216	-0.410933
0.243204	0.286244
-0.962671	-0.500915
-0.354302	0.0631297
0.66689	0.378783
1.18835	-0.0407703
0.503934	0.0569332
0.188886	0.442671
0.569117	-0.420112
-0.0501168	0.370553
0.340978	-0.0163514
0.851574	0.340181
5.2188	0.668288
-0.66935	0.457069
-0.799715	0.399916
-0.397757	-0.156947
3.14382	0.568478
-0.58244	-1.35759
0.710345	-0.29955
-0.940944	-0.65064
-0.430348	0.247869
-0.995263	-1.26055
-0.973535	-0.343185
0.178022	-0.348272
0.00420194	0.181132
0.384433	0.0821378
-0.647623	0.593736
-0.984399	-1.07272
-0.951808	-0.414202
-0.962671	-0.224152
0.829847	0.442439
-0.082708	0.400487
-0.886625	-0.704587
1.15576	0.326802
0.286659	0.47587
2.8505	0.247577
-0.897489	-0.362159
0.145431	-0.388824
-0.723669	0.443398
-0.93008	-1.0582
2.07918	0.459301
-1.00613	-0.673381
-0.995263	-0.139052
-0.571577	0.360695
-0.191345	-0.0286417
0.895029	0.0135083
-0.441212	0.158025
-0.256528	0.575769
-0.115299	0.12586
0.417024	0.0983932
0.319251	-0.011733
-0.40862	-0.238499
2.20954	0.451656
0.482207	0.78333
1.37303	0.375493
-0.126163	0.641359
-0.0609805	0.0103937
0.699482	-0.0235755
-0.788851	0.0993191
0.362706	0.172866
-0.636759	0.0443786
2.90482	0.0771097
-0.462939	-0.415517
0.0693844	-0.672389
0.884165	0.818733
1.93795	0.531699
-0.0609805	0.310086
-0.886625	0.0219205
-0.875761	-0.904851
-0.180482	0.299696
1.84017	0.394009
-0.886625	-0.370087
-0.49553	-0.643676
0.112839	-0.133542
-0.473803	0.24613
0.167158	0.24261
-0.919216	-0.934475
-0.137027	0.571089
-0.604168	0.151201
0.808119	-0.149186
-0.75626	0.474442
-0.897489	-0.844936
-0.560713	-0.491216
0.721209	0.753236
-0.202209	0.340241
-0.962671	-0.417754
-0.430348	-0.0269066
-0.658487	0.0406235
-0.701941	0.429137
-0.854034	-0.185656
0.688618	0.20087
-0.245664	0.182444
0.254068	0.307151
-0.951808	0.0534034
0.7538	0.407524
-0.517258	0.461091
-0.0175256	0.0348055
1.07971	0.0261544
0.340978	-0.150853
-0.278255	-0.578988
-0.93008	-1.5027
-0.745396	-0.71267
0.547389	0.268276
-0.973535	-0.270879
-0.886625	-0.265193
-0.32171	0.00745636
0.297523	0.491549
-0.506394	0.00973683
-0.32171	-0.605239
-0.908353	0.010106
0.0367932	0.159544
0.134567	-0.158054
1.48167	-0.161623
2.19868	0.215783
1.34044	0.521494
-0.332574	0.410508
1.3839	0.566406
3.40455	0.502306
-0.376029	0.0294726
1.49254	0.63131
-0.126163	0.420371
0.417024	0.264566
1.10144	-0.532346
-0.0609805	-0.603247
1.30785	0.778801
-0.680214	0.356123
-0.506394	0.0531781
-0.560713	-0.127972
0.449616	0.149835
-0.354302	0.133259
-0.169618	0.317423
-1.00613	-0.629304
-0.484667	0.0968292
0.319251	0.0502273
-0.84317	-0.956809
2.69841	0.126983
1.47081	0.690386
1.22094	0.439665
1.48167	0.506045
0.145431	0.181178
-0.908353	-0.549716
-0.104436	0.330402
-0.625895	0.189215
1.32958	0.176923
-0.191345	-0.0128235
-0.919216	-1.00961
1.25353	0.237357
-0.0283893	0.487689
-0.0718443	0.559693
-0.039253	0.328432
-0.14789	-0.345533
0.199749	-0.0188489
-0.397757	-0.12496
-0.473803	0.0516216
-0.528122	0.201634
-0.115299	0.0771795
-0.973535	-0.746191
1.3839	0.566406
-0.680214	-0.528425
-0.462939	0.242188
-0.430348	0.370677
-0.299983	0.119213
-0.691078	-0.459539
-0.84317	-0.675064
-0.191345	-0.559425
0.710345	0.26398
-0.419484	0.557297
-0.897489	-1.39029
-0.712805	0.0439174
1.52513	0.396075
2.492	0.528421
1.68808	0.345015
-0.897489	-0.461482
-0.886625	-1.02384
0.254068	0.774604
-0.908353	-0.718846
-0.299983	-0.699805
0.243204	-0.133396
-0.908353	-0.763887
-0.647623	-0.150131
1.18835	0.756215
-1.00613	-0.378439
-1.00613	0.428728
2.28559	0.649611
-0.158754	0.0992791
0.243204	0.455514
-0.332574	0.484258
-0.636759	-0.0473414
-0.560713	0.239294
1.94881	0.590288
-0.32171	-0.0546872
-0.680214	0.199926
-0.2348	0.434396
0.938484	0.633957
0.210613	0.391289
-0.734533	-1.26586
-0.615032	-0.686725
1.39476	-0.204581
-0.810579	-1.29091
1.01453	0.436082
-0.799715	-0.0204629
-0.691078	-0.0902269
-0.886625	-0.513047
2.06831	0.344975
-0.962671	-1.40642
-0.897489	-0.884303
-0.289119	0.876743
0.732073	0.376126
-0.245664	0.102058
-0.66935	0.366375
-0.58244	-0.296594
-0.84317	0.360446
-0.810579	-0.769719
-0.767124	0.490257
0.0585207	0.25251
-0.919216	-0.375518
2.18781	0.451343
3.94774	0.720692
0.0259294	-0.51673
2.86137	0.462854
-0.267392	0.0331089
-0.734533	-0.653182
-0.821443	-0.00159237
0.884165	0.531115
-0.701941	0.400613
-0.517258	0.306124
1.40563	0.348171
-0.278255	-0.170796
-0.506394	-0.297168
3.17642	0.351994
0.438752	0.195177
-0.886625	0.0769761
-0.680214	-1.1596
-0.951808	-1.14124
-0.473803	0.314915
-1.02785	-0.184359
-0.376029	0.20126
0.0259294	0.354995
-0.039253	-0.114554
2.00313	0.390203
0.742937	-0.0591672
-0.810579	0.381659
-0.484667	0.0203501
0.308387	-0.508315
-0.734533	-0.422581
-0.549849	0.56256
0.981939	0.213053
-0.397757	-0.248059
-0.973535	-1.05519
-0.365165	0.524775
0.199749	-0.989052
-0.93008	-0.760351
-0.984399	-0.0609258
1.84017	0.428865
-0.647623	-1.01317
-0.919216	-0.470646
-0.473803	0.034734
-0.604168	0.0982589
-0.484667	0.327395
-0.0501168	0.485673
-1.01699	0.16408
-0.473803	-0.404778
0.775528	-0.0600018
-0.832306	-0.0440516
0.688618	0.4688
-0.571577	0.0607283
0.0259294	0.372005
-0.680214	0.123572
-0.430348	-0.0534757
-0.0283893	0.0447983
1.88363	0.156322
-0.680214	-0.490746
-0.267392	-0.467552
-0.940944	0.361816
0.221477	0.427672
-0.126163	0.0260616
-0.169618	0.240942
-0.115299	-0.82568
-0.441212	0.24273
0.0259294	0.656275
0.699482	0.283422
0.0693844	0.25236
-0.712805	-0.109345
-0.810579	-0.342497
0.49307	-0.173132
-0.104436	-0.595513
0.992803	0.105997
-0.58244	-0.103641
2.03572	0.565371
-0.799715	-0.561907
-0.864898	0.45574
0.427888	-0.297227
0.92762	0.651348
-0.908353	-0.387703
3.46974	0.431889
0.797255	0.293181
-0.875761	-0.438098
0.797255	0.509057
-0.723669	-0.379838
2.15522	0.0483015
-0.267392	0.0928518
-0.919216	0.259697
-0.940944	0.055456
0.0150657	0.552786
0.145431	-0.227147
-0.821443	-0.995003
1.54685	-0.0930154
1.65549	0.141686
0.156294	-0.104964
-0.137027	0.247204
1.1449	0.653519
1.12317	0.0180072
1.09058	0.462487
-0.745396	0.00237718
0.0259294	0.451247
0.829847	0.888377
-0.75626	0.447138
-0.571577	-0.163714
0.764664	0.826718
-0.299983	-0.337467
-0.701941	-0.631148
-0.875761	-0.602163
1.24267	0.390118
-0.788851	-0.0318406
-0.832306	-0.382279
-0.615032	0.500785
-0.104436	0.000685231
-0.734533	-0.372307
-0.680214	0.30942
0.0911119	-0.217935
1.30785	0.078685
0.134567	0.271301
-0.832306	-0.314305
-0.00666181	0.0849367
-0.571577	-0.505199
1.9814	0.479728
-0.788851	0.103776
-0.2348	-0.636635
-0.549849	-0.93238
-0.919216	-0.400734
0.210613	0.28775
-0.441212	-0.124218
-0.897489	-0.451963
-0.158754	0.33486
-0.984399	0.121158
1.30785	0.246458
1.44908	0.424217
-0.462939	-0.172912
-0.810579	0.622552
0.167158	0.084014
0.384433	0.322446
-0.973535	-0.515908
2.32904	0.531784
-0.658487	-0.16802
0.199749	-0.22992
-0.821443	-0.244399
-0.506394	-0.610886
0.417024	0.505392
-0.680214	0.427909
2.66582	0.49221
-0.864898	-0.405025
-0.14789	0.0574001
-0.93008	-0.694807
-0.419484	0.0401194
0.362706	0.500077
-0.767124	-0.101581
-0.528122	0.375563
-0.517258	0.389863
0.590844	0.269755
-0.528122	-0.0908735
3.06778	0.733478
-0.473803	-0.890652
-0.332574	-0.00112554
-0.973535	-1.80909
-0.984399	-1.50742
-0.202209	0.334434
-0.940944	-0.736697
-0.875761	0.183075
-0.191345	0.295267
-0.897489	-0.529511
-0.571577	0.0367282
-0.0283893	-0.160206
0.254068	-0.12334
0.0802482	0.0848226
-0.115299	0.0690211
-0.0718443	-0.300438
-0.908353	-0.0552138
1.18835	0.614316
1.13403	0.440278
1.55772	0.261268
1.41649	0.30686
-0.723669	-0.753057
-0.0501168	-0.407858
-0.799715	-0.111259
-0.723669	-0.0863988
0.275796	0.183559
-0.484667	0.0921321
0.232341	0.228903
2.27472	0.227763
-1.03872	-1.13838
-0.984399	-1.07272
-0.658487	-0.152434
0.0259294	0.446731
-0.354302	-0.00520497
1.06885	-0.0711543
-1.00613	-0.783806
0.905893	0.795675
-0.0718443	0.215605
0.884165	0.331551
-0.256528	0.330596
-0.777988	-0.09325
-0.680214	0.310642
0.590844	-0.292421
0.330114	0.290361
0.732073	0.135172
-0.66935	-0.233909
0.0911119	0.19645
1.41649	-0.481942
-0.615032	0.142717
-0.951808	-0.98192
-0.691078	0.114537
-0.886625	0.0614585
-0.864898	0.0427337
-0.951808	0.044642
1.9814	0.0437186
0.525662	0.185385
-0.973535	-0.367376
-0.84317	-0.152887
-0.0718443	0.232441
-0.58244	-0.358734
0.232341	0.15763
-0.93008	0.0829845
-0.430348	0.318183
-0.278255	0.230863
-0.126163	0.329379
0.992803	0.393992
0.427888	0.66861
-0.419484	-0.447687
-0.2348	0.495047
-0.777988	-0.0864443
-0.538985	-1.6027
0.101976	0.153783
-0.984399	-0.305781
0.0693844	0.283144
0.710345	-0.0409881
4.03465	0.475252
1.22094	0.318739
-0.58244	0.0795287
-0.593304	-1.21468
-0.180482	0.258237
-0.886625	-0.46451
3.14382	0.645256
-0.919216	-0.150546
-0.49553	-0.259136
-0.00666181	-0.218536
-0.528122	0.3877
0.460479	0.118581
0.949348	0.0167696
-0.701941	-0.148984
0.243204	0.391819
-0.223937	0.255017
1.18835	0.32166
0.123703	0.337835
-0.00666181	-0.373159
-0.289119	-0.244329
2.38336	0.542395
1.23181	0.324343
1.00367	0.356371
1.68808	0.436767
-0.310847	0.322209
0.449616	0.414431
-0.93008	0.108752
0.482207	0.307874
5.27312	0.70606
-0.0609805	0.219485
-0.810579	0.273139
0.688618	0.367522
0.808119	-0.348537
-0.886625	-1.11939
-0.864898	-0.500478
-0.137027	0.471581
0.0693844	-0.672389
-1.00613	-0.149725
-0.213073	0.0963812
-0.810579	-0.646591
-0.777988	-0.535727
2.29645	0.0623763
-0.777988	0.408474
-0.908353	-0.241525
-0.701941	-0.0269595
0.0150657	0.35461
-0.93008	-0.11137
-0.864898	0.0890391
0.330114	-0.108188
0.57998	0.18555
-0.213073	0.488092
-0.549849	0.155158
0.84071	0.48374
1.03626	0.383635
-0.473803	-0.515755
-0.0718443	0.215605
-0.202209	0.15848
0.688618	0.494467
-0.691078	-0.10071
-0.299983	0.0606993
-0.832306	-0.312229
-0.202209	0.141176
-0.875761	-0.392058
0.482207	0.44798
0.123703	-0.150209
-0.191345	0.231799
-0.158754	0.155143
0.167158	0.271233
-0.0935718	0.328686
-0.962671	-0.924275
-0.951808	-0.860441
-0.799715	0.216816
-0.832306	0.00169673
1.43822	0.641364
-0.875761	-0.0290868
0.286659	-0.457643
-0.299983	0.465093
-0.180482	0.0311118
-0.810579	-0.294022
-0.213073	-0.160611
-0.919216	-0.720246
-0.2348	-0.561583
-0.00666181	0.481982
-0.039253	-0.167507
0.710345	-0.117154
2.48114	0.365894
-0.75626	-0.320294
-0.908353	-1.09098
-0.267392	0.220719
-0.919216	-1.04544
0.449616	0.309762
0.862438	0.389725
0.406161	0.53259
-0.452075	0.460803
0.210613	0.432085
-0.419484	-0.585298
-0.919216	-0.467637
-0.864898	-0.608625
-0.473803	-0.105156
-0.386893	0.710849
-0.84317	-0.0674782
-0.854034	0.0021091
-0.256528	-0.208918
-0.777988	-0.279884
-0.0283893	0.134392
-0.615032	0.00022728
-0.788851	-0.794965
-0.951808	-0.283735
0.362706	-0.205084
-0.419484	0.0196876
-0.332574	0.11957
-0.158754	-0.0137425
0.818983	0.358676
1.30785	0.358117
0.0802482	0.228923
0.0476569	-0.714798
-0.2348	-0.373195
-0.528122	-0.10657
-0.940944	-1.14661
-0.940944	0.394258
0.221477	0.116997
-0.32171	0.207261
-0.734533	-0.61857
-0.528122	0.252866
1.3839	0.0508796
-0.0283893	0.524359
-0.647623	0.00777211
-0.810579	-0.87109
-0.365165	-0.753491
-0.40862	0.343066
-0.810579	0.0778792
2.05745	0.448902
-0.701941	-0.218961
0.167158	0.0889117
1.69895	0.254911
-0.897489	0.0501665
0.786392	-0.0489678
-0.973535	-0.178448
-0.701941	0.136478
-0.0935718	-0.213401
-0.58244	-0.601483
-0.734533	-0.252297
0.221477	0.483831
-0.767124	-0.784577
-0.376029	-0.495569
-0.810579	-0.46351
3.3611	0.686149
0.503934	0.362096
-0.691078	0.253018
-0.864898	-0.313086
-0.854034	0.339367
4.1107	0.128182
-0.484667	0.567965
-0.32171	0.49307
-0.528122	-0.00911834
-0.517258	-0.558612
-0.104436	0.0408501
-0.995263	-0.304965
2.19868	0.441075
2.60064	0.446875
-0.484667	0.412252
-0.604168	-0.0757853
0.210613	0.41391
0.569117	0.568765
2.40509	0.545418
-0.32171	0.540147
-0.0935718	0.224472
-0.647623	0.384983
0.188886	0.339973
1.1123	0.232989
1.29699	0.166317
0.601708	0.1452
0.188886	-0.427324
0.57998	0.6519
-0.506394	-1.14617
-0.191345	0.279598
-0.875761	-0.246525
-0.897489	-0.324331
0.742937	0.141972
-0.386893	-1.27061
0.797255	0.526595
-0.799715	-0.471705
-0.299983	0.0775273
-0.441212	0.226547
-0.767124	-0.0394312
0.7538	0.456195
1.18835	0.187473
1.09058	0.308687
5.39262	0.612797
-0.734533	-0.225578
1.79672	0.432678
-0.66935	-0.244665
1.05799	0.0406052
0.960212	0.44414
-0.691078	-0.150626
-0.995263	-0.402599
0.438752	0.448137
-0.256528	0.119688
0.0259294	0.535432
-0.430348	0.359422
-0.58244	0.349171
1.64463	0.271121
-0.864898	0.467023
-0.973535	-1.05519
-0.854034	-1.57432
1.68808	0.599563
-0.821443	0.337382
-0.14789	0.405043
1.05799	0.31201
-0.223937	-0.0690212
-0.723669	-0.560041
-0.886625	-0.246916
-0.897489	0.085703
-0.940944	-1.24261
-0.691078	-0.2504
-0.919216	0.0899617
2.87223	0.434481
-0.126163	0.0529603
0.656027	0.191079
-0.517258	-0.493861
-0.615032	0.422379
-0.691078	-0.562085
0.460479	0.455867
-0.919216	-0.996759
0.829847	0.1933
-0.951808	-0.384351
-0.104436	-0.670714
-0.32171	-0.0583465
-1.03872	-0.415928
0.884165	0.3739
-0.799715	-0.561427
-0.75626	0.257253
1.15576	0.304649
-0.636759	-0.68343
-0.0718443	-0.100218
-0.908353	-0.474158
4.05638	0.457897
-0.213073	0.327983
1.73154	0.279593
-0.343438	-0.138879
-0.636759	0.0228974
0.862438	0.412604
-0.767124	-0.0512365
0.710345	0.204324
0.243204	0.303651
1.1123	-0.154497
-0.973535	-1.03709
-0.386893	0.358003
1.09058	-0.0259936
-0.777988	-0.588338
-0.951808	-0.72077
1.6229	0.509204
0.0367932	0.456128
2.48114	0.475479
1.44908	0.492449
0.188886	-0.178603
-0.864898	0.514238
-0.821443	-0.661046
-0.723669	-0.711222
-0.278255	-1.21285
0.971075	0.360542
0.00420194	0.330402
1.25353	0.555836
1.15576	0.0853663
-0.84317	0.141405
0.417024	0.271362
-0.973535	-0.535026
-0.66935	0.231865
-0.962671	-0.3901
-0.658487	-0.829136
3.46974	0.552738
0.829847	0.510984
0.916757	-0.562703
-0.919216	-0.249203
-0.962671	-0.241397
0.362706	0.303902
-0.767124	0.53395
-0.875761	-0.0353281
0.330114	0.426395
0.699482	0.731378
-0.788851	-0.847479
-0.908353	-0.492851
-0.745396	0.457622
0.351842	0.41342
-0.951808	-0.799163
0.57998	0.137489
-0.430348	-0.634116
-0.897489	0.211646
0.275796	-0.542775
-0.680214	-0.673088
-0.658487	-0.167661
-0.354302	-0.0293659
-0.691078	0.159204
-0.354302	0.441416
0.406161	0.298454
-0.2348	-0.0737491
2.81791	0.285276
0.406161	-0.0802497
-0.223937	0.462484
-0.625895	-0.327997
-0.680214	0.100369
1.54685	0.253647
4.64302	-0.062736
-0.604168	-0.704844
0.00420194	-0.122475
-0.126163	-0.105976
0.536525	0.664301
0.406161	0.23454
-0.951808	-0.676989
-0.32171	0.0321228
0.101976	0.630273
0.949348	0.380705
0.297523	0.519264
-0.332574	0.455058
-0.386893	-0.167291
-0.267392	0.0928518
-0.0609805	0.1574
-0.452075	0.0596535
-0.886625	0.536185
-0.169618	0.622863
1.42735	-0.184981
-0.397757	0.507977
-0.517258	-0.1111
-0.14789	-0.169733
-0.84317	0.502617
-0.473803	0.390709
1.29699	0.0271039
-0.376029	0.469391
-0.604168	-0.899987
-1.00613	-0.703116
-0.289119	-0.232602
-0.788851	-1.15777
-0.158754	-0.0236305
-0.245664	0.16224
1.24267	0.666144
-0.0718443	0.372434
-0.299983	0.476036
-0.039253	-0.329631
0.0150657	0.473515
-0.984399	-0.309716
3.44801	0.741576
0.873302	0.278407
-0.2348	-0.0737491
2.06831	0.525272
-0.604168	-0.640269
-0.908353	-0.682413
0.0585207	0.382402
-0.973535	-0.444759
-0.528122	-0.0371101
-0.202209	0.320441
-0.191345	-0.559425
-0.940944	-0.500936
0.514798	0.0122676
-0.66935	0.0288405
-0.810579	-0.0316652
-1.00613	-1.11582
0.688618	0.443794
2.40509	0.294118
-0.93008	0.39886
-0.973535	-0.668181
-0.419484	0.285643
-0.919216	-0.883657
-0.593304	-0.0827878
-0.984399	-0.811277
0.199749	-0.137123
-0.940944	-0.589035
-0.419484	-0.0232327
-0.213073	-0.0739271
-0.951808	-0.703882
-0.962671	-0.950032
1.80758	0.26391
0.145431	0.552827
-0.549849	0.324689
-0.832306	-0.111771
-0.506394	-0.0408125
-0.962671	-0.969492
-0.821443	-0.189938
-0.58244	-0.519517
-0.908353	-0.350367
-0.897489	-0.51315
0.286659	-0.671039
-0.93008	-0.776563
-0.940944	-0.652021
0.905893	0.236219
-0.441212	0.220239
1.53599	0.568464
1.30785	0.642732
-0.864898	0.0962391
-0.897489	-1.24866
-0.549849	0.143942
-0.517258	0.00438825
-0.397757	0.412078
-0.854034	-0.153007
-1.00613	-0.0615854
-0.864898	-0.418369
-0.223937	0.443201
-0.538985	0.128142
-0.973535	-1.03174
-0.430348	-0.647203
-0.126163	-0.0951247
-0.734533	-0.526061
0.797255	0.1054
0.862438	0.173814
-0.223937	-0.454745
-0.962671	-1.11081
-0.84317	-1.02708
-0.158754	-0.0714374
-0.49553	-0.125419
-0.66935	0.167869
-0.625895	-0.833469
0.949348	0.513355
-0.973535	-0.67566
2.28559	0.265191
-0.202209	-0.0834242
-0.734533	-0.0623966
-0.571577	0.429845
-0.777988	0.548448
-0.984399	-0.21593
0.569117	0.0896447
0.84071	0.423755
-0.701941	0.214219
-0.484667	-0.572456
-0.940944	-0.43954
-0.376029	0.0203522
-0.310847	0.304187
-0.180482	0.185655
-0.875761	-0.677057
2.86137	0.475824
0.112839	0.182869
-0.984399	-0.581309
0.319251	0.271728
-0.93008	-0.675199
-0.0935718	0.312051
-0.58244	0.187463
-0.886625	-0.438144
0.101976	0.230928
0.254068	0.672383
2.253	0.490639
-0.386893	0.280098
-0.647623	-0.247558
3.46974	0.632821
-0.875761	-0.45815
-1.00613	-0.584798
-0.636759	-0.258747
-0.039253	-0.279828
-0.734533	-0.552398
-0.310847	0.153154
-0.245664	0.572157
-0.767124	0.33165
2.12263	0.324602
-0.245664	0.408109
0.188886	-0.0766049
-0.897489	0.411413
-0.462939	-0.0805074
0.449616	0.523408
-0.386893	-0.584682
-0.940944	-0.146343
-0.310847	-0.543604
0.286659	0.382339
-0.0718443	-0.221257
1.07971	0.166652
0.949348	0.25428
-0.310847	-0.574265
0.84071	0.358159
0.710345	0.568863
0.49307	0.353746
0.00420194	0.732376
-0.897489	-0.437727
-0.984399	-0.296028
1.06885	0.183603
-0.886625	-0.598098
-0.951808	-0.408113
-0.441212	-0.326728
-0.126163	-0.0884717
1.49254	0.259931
0.275796	-0.726372
-0.506394	-0.261903
0.710345	-0.042491
3.69788	0.81889
0.178022	0.319401
-0.0501168	0.519789
-0.919216	-0.34598
0.818983	0.370846
2.15522	0.592357
0.199749	-0.00910314
-0.832306	0.377032
-0.549849	-0.119557
0.49307	0.304937
0.851574	0.0517013
0.243204	0.139212
2.47027	0.371185
0.243204	0.32443
-0.0501168	0.500043
-0.875761	-0.4802
2.99173	0.252175
-0.854034	-0.153007
-0.864898	-0.442804
1.03626	0.602874
-0.875761	0.370425
0.471343	0.146479
0.0367932	0.0966032
-0.082708	0.194998
0.460479	0.377535
-0.93008	-0.749428
1.87277	0.411436
-0.441212	0.360167
0.297523	0.283171
-0.365165	-0.101634
-0.701941	-0.217337
-0.951808	-0.880049
-0.854034	-0.585838
-0.821443	0.191305
-0.40862	0.267687
-0.777988	-0.23629
-0.66935	0.0694984
-0.919216	-0.909763
-0.908353	-1.34655
-0.604168	-0.0156762
-0.202209	-0.0344654
-0.919216	-0.234212
-0.962671	-0.431262
0.362706	0.023887
4.07811	0.266137
0.57998	0.23878
0.167158	0.388271
-0.386893	0.737052
-1.03872	-0.368225
-0.691078	-0.109301
-0.0283893	0.594574
0.634299	-0.236894
-0.951808	-0.543968
-0.213073	0.28349
-0.039253	0.280822
0.145431	0.471944
-0.962671	0.0822519
-0.430348	0.320285
-0.66935	-0.539532
-0.40862	-0.190981
-0.332574	0.220215
-0.49553	-0.739553
-0.0283893	0.359991
-0.593304	0.0422222
0.210613	-0.269697
-1.00613	-0.655843
-0.875761	-0.425594
-0.636759	0.370788
1.25353	-0.127334
-0.723669	-0.316947
0.981939	0.343859
-0.0718443	0.422919
-0.810579	-1.10643
-0.940944	-1.06379
1.7424	0.503661
0.145431	0.402018
-0.32171	-1.03371
-0.777988	-0.572581
-0.245664	-0.0770904
-0.299983	0.794626
0.417024	0.431966
-0.962671	-0.834221
0.0911119	-0.840944
0.275796	0.524671
1.35131	-0.118982
-0.256528	-1.00304
1.1123	0.385237
0.101976	-0.724336
-0.799715	-0.132908
0.373569	0.363357
-0.897489	-0.797699
-0.810579	0.396725
0.340978	0.00978592
0.221477	0.316647
-1.01699	0.104296
-0.962671	0.363567
-0.919216	0.0635717
-0.625895	0.499101
-0.810579	-0.367983
-1.03872	-1.34271
0.0693844	0.469734
0.612572	0.291803
-0.039253	0.343139
-0.213073	0.329322
1.28612	0.105104
-0.734533	-0.588255
0.286659	0.345736
-0.973535	-0.495564
1.8619	0.041802
-0.864898	-0.0735464
2.32904	0.352574
-0.49553	0.0471998
1.44908	0.468796
-0.376029	0.555562
0.351842	0.245614
-0.58244	-0.48496
-0.528122	-0.31988
2.03572	0.727009
-0.908353	-0.511752
2.06831	0.369482
-0.951808	-0.823884
-0.289119	-0.575598
-0.082708	0.483627
0.340978	0.185469
-1.01699	-0.00974295
-0.0609805	-0.120262
-0.267392	-0.24125
0.569117	0.0519149
0.49307	0.393337
0.851574	-0.0472284
0.373569	0.530779
1.32958	0.327065
-0.560713	0.431471
-0.951808	-0.445383
0.373569	0.433651
-0.680214	0.253975
-0.84317	-0.614249
-0.734533	-1.30292
-0.58244	-0.014588
-0.951808	-0.387115
1.70981	-0.251953
0.981939	0.437634
0.00420194	0.227081
-0.854034	-0.448528
-0.897489	-0.913117
-0.310847	0.0179955
-0.473803	0.289104
-0.299983	0.159774
-0.137027	0.671487
4.54525	0.625166
-0.126163	-0.410946
0.764664	0.060218
1.02539	0.678908
1.99227	0.66976
0.188886	0.283893
-0.734533	0.184689
0.286659	0.386072
0.503934	0.517902
1.61204	0.153825
1.55772	0.462596
-0.58244	-0.872461
-0.202209	0.468204
0.656027	-0.00707403
-0.897489	-0.791213
-0.962671	-0.408069
1.04712	0.412996
0.732073	0.237522
0.634299	0.164856
0.330114	0.120303
3.20901	0.561945
0.786392	-0.574974
0.0585207	0.434216
-0.538985	0.27885
-0.897489	-0.371828
-0.799715	0.342277
-0.169618	-0.1985
-0.658487	0.0477911
-0.93008	-0.825562
0.427888	0.669194
-0.93008	-0.139102
-0.343438	0.0210747
-0.332574	-0.135503
-0.647623	-0.301933
-0.973535	-0.57061
1.5034	0.560491
0.981939	0.206034
2.43768	0.109006
-0.213073	-0.257173
-0.180482	0.730716
-0.397757	-0.637523
0.503934	0.498897
-0.973535	-0.500157
-0.104436	0.235033
-0.93008	-0.891146
-0.854034	-1.78509
-0.886625	-1.67897
-0.452075	-0.127162
-0.962671	-0.16034
-0.636759	0.17105
0.438752	0.266239
0.916757	0.424672
-0.0935718	0.380384
-0.462939	0.163886
-0.104436	0.248017
-0.376029	-0.442142
2.89396	0.534937
-0.777988	-0.681756
-0.625895	0.212792
-0.191345	0.467781
-0.386893	0.453409
0.232341	0.490262
-0.278255	-0.416161
-0.289119	-0.0768369
-0.864898	-0.209841
-0.886625	-0.395585
2.1335	-0.0536802
-0.908353	-0.576216
0.786392	-0.562026
1.07971	0.345989
-0.691078	0.0352298
1.07971	0.258262
-0.788851	-0.679427
-0.191345	-0.269441
-0.788851	-0.955899
0.0367932	-1.02224
-0.343438	0.287837
-0.430348	0.0943611
1.13403	0.297378
0.460479	-0.120568
0.0911119	0.259806
0.188886	-0.0407168
0.742937	0.486867
-1.01699	-0.843377
-0.821443	-0.354416
-0.549849	0.118342
-0.734533	0.0283398
0.297523	0.491549
-0.908353	-0.546943
-0.0175256	0.301357
-0.864898	-0.436097
-0.75626	-0.27025
-0.75626	0.0145219
-0.571577	0.0585488
-0.734533	-1.46497
-0.832306	-0.395992
0.569117	0.427069
-0.777988	-0.766239
2.65496	0.351306
3.90429	0.470144
1.95968	0.416546
1.2644	0.7089
-0.256528	-0.146623
-0.299983	0.488848
0.101976	-0.671862
-0.039253	0.491021
-0.777988	-0.298785
-0.908353	0.0478657
-0.517258	0.380802
-0.115299	-0.490473
-0.593304	0.576762
-0.788851	0.318184
-0.767124	-0.679621
1.12317	0.436261
0.742937	-0.0213475
0.601708	0.327998
-0.0935718	0.316488
1.05799	-0.171214
0.764664	0.370604
-0.84317	-0.553198
1.47081	0.295954
0.406161	0.342342
0.406161	0.400969
0.275796	-0.0650099
0.188886	0.160678
-0.712805	-0.485591
-0.821443	0.337382
-0.202209	-0.409263
-0.75626	-0.0719126
-0.821443	-0.377017
-0.810579	-0.467195
0.634299	-0.235042
-0.376029	-0.0105463
-0.647623	0.167654
-0.593304	-0.180778
0.471343	0.740826
-0.386893	0.0143461
-0.517258	-0.912853
0.134567	0.404213
-0.32171	0.297412
-0.082708	-0.323109
1.32958	0.695073
-0.897489	-0.570653
0.330114	0.364591
-0.462939	-0.445866
-0.343438	0.304386
-0.84317	-0.562381
-0.256528	0.392722
-0.0609805	-0.54608
-0.49553	0.0143454
-0.604168	-0.825196
-0.213073	-0.721436
1.31872	0.525914
-0.604168	0.504522
-0.191345	-0.0641644
-0.40862	0.434628
0.688618	0.381451
-0.593304	0.102749
-0.832306	-0.50642
-0.919216	-0.674109
-0.84317	-0.518555
1.05799	0.589642
-0.962671	-0.57865
-0.75626	0.409809
-0.354302	0.0483628
2.39423	0.407023
-0.712805	0.110902
0.601708	0.295109
-0.484667	-0.652952
0.49307	0.671875
-1.00613	-1.39662
0.210613	0.141366
-0.549849	-0.207031
-0.256528	0.472821
-0.40862	-0.388159
-0.897489	0.205387
-0.223937	-0.329251
-0.886625	-0.714942
0.297523	0.321625
-0.604168	0.457621
-0.864898	-1.39646
-0.821443	-0.660955
-0.93008	-0.243283
-0.854034	-0.166522
-0.691078	-0.101785
1.01453	0.322099
-0.386893	-0.170947
-0.962671	-1.07679
0.460479	-0.264661
-0.799715	0.316316
0.449616	0.552447
-0.658487	-0.631251
1.79672	0.642292
0.0476569	-0.088137
-0.973535	0.242243
-0.267392	0.507265
-0.973535	-0.565566
-0.886625	-1.8995
-0.799715	-0.0388863
0.721209	0.231892
-0.66935	-0.565748
0.417024	-0.538361
-0.484667	0.0890694
-0.126163	0.0203191
-1.03872	-0.437347
-0.75626	0.147903
0.960212	0.211814
-0.647623	0.277804
-0.538985	-0.0773393
3.80651	0.477534
0.699482	0.363493
-0.14789	-0.0947638
-0.875761	-0.780766
-0.365165	-0.492626
0.297523	-0.402863
-0.701941	-0.754364
-0.84317	-0.218656
-0.538985	0.309454
0.0585207	0.213578
-0.680214	-0.476453
-0.875761	0.554263
-0.354302	0.252142
0.297523	-0.131954
-0.462939	-0.414649
-0.973535	-0.588084
-0.951808	-1.50139
-0.984399	-0.911891
-0.919216	-0.0804981
-0.549849	-0.0881622
-0.441212	0.319384
0.471343	0.434743
-0.984399	-0.865037
-0.788851	-0.487357
-0.973535	-0.14856
0.362706	0.220515
-0.0283893	0.0206798
-0.691078	0.175722
0.112839	-0.452481
2.03572	0.221558
0.503934	-0.251508
-0.2348	0.186772
1.16662	-0.00115329
-0.864898	-0.91452
-0.864898	-0.397572
-0.940944	-0.112238
-0.223937	0.355782
-0.191345	0.301759
-0.082708	0.278143
-0.32171	-0.10413
-0.473803	-0.0319427
0.210613	-0.136876
0.851574	0.286672
-0.462939	-0.100816
0.732073	0.53978
0.330114	0.397927
-0.788851	-0.694118
-0.734533	-0.0827062
-0.886625	0.166711
-0.832306	0.60563
-0.919216	-0.731145
-0.32171	0.351674
-0.365165	0.0336795
-0.940944	-0.566396
-0.245664	0.452549
-0.93008	-0.58973
-0.0718443	0.373833
-0.0175256	-0.665363
-0.430348	-0.659556
-0.788851	0.404812
0.395297	0.692456
2.19868	0.412041
-0.799715	0.124736
-0.528122	-0.170892
0.569117	-0.18336
-0.223937	0.0499612
-0.0609805	-0.0744283
-0.984399	-0.800474
0.297523	0.208522
-0.58244	-0.144011
-0.984399	0.3911
-0.158754	0.311867
-0.897489	-1.28984
0.818983	0.11114
-0.951808	-0.929393
-0.864898	-1.06678
-0.604168	-0.156861
-0.560713	0.0995978
-0.864898	-0.41013
-0.832306	-0.978585
0.145431	0.270313
-0.908353	-0.736956
-0.245664	0.423212
0.264932	-0.0523437
-0.908353	-0.949595
1.18835	0.2388
-0.940944	-0.453448
-0.658487	-0.178826
0.254068	0.0375043
-0.278255	0.301324
-0.115299	0.650825
0.0802482	-0.203534
1.17749	0.266313
-0.864898	-1.02098
1.29699	0.449922
0.384433	0.467394
-0.0609805	0.686826
1.04712	0.529363
0.569117	-0.0499907
0.547389	0.603547
-0.962671	-0.680846
1.52513	0.121519
-0.723669	-0.329519
0.612572	0.0880547
0.199749	0.511023
2.78532	-0.0595349
-0.484667	-0.273083
0.884165	0.297953
-0.799715	-0.359341
-0.00666181	0.256157
-0.897489	-0.41273
-0.777988	0.269137
0.449616	0.753157
-0.962671	-0.563638
1.16662	0.33871
-0.2348	0.17606
-0.84317	-0.84069
-0.658487	0.198647
0.482207	0.481637
-0.919216	-0.166478
-0.734533	-1.67692
-0.75626	-0.179619
-0.386893	0.0776669
0.0911119	0.0711774
-0.658487	0.423687
-0.734533	0.353485
0.134567	0.00184593
-0.0609805	0.361542
4.09983	0.666494
-0.897489	0.383106
0.134567	0.396208
2.47027	0.126127
1.22094	0.550277
0.558253	0.454948
4.27365	0.0289268
-0.962671	-1.25289
-0.886625	-0.670149
0.601708	0.391041
0.330114	-0.249225
-0.799715	-0.509721
0.438752	-0.538457
-0.126163	0.0701834
0.471343	0.334099
0.134567	0.431187
0.829847	0.170088
-0.897489	-0.985874
-0.213073	0.421814
0.0150657	0.332681
1.57945	0.396584
-0.821443	-0.11317
1.37303	0.378287
0.264932	0.381126
-0.940944	-0.52113
0.00420194	0.216501
-0.2348	0.364676
-0.343438	-0.355396
0.156294	0.234854
-0.875761	-0.762523
-0.84317	-1.01511
0.0476569	-0.252526
-1.01699	-0.943485
2.14436	0.427176
-0.365165	-0.216034
-1.02785	-1.46428
0.0585207	-0.457997
-0.908353	-0.483533
1.55772	0.50836
0.178022	0.184709
-0.310847	0.0788402
-0.875761	0.237831
-0.343438	-0.584827
-0.951808	-1.29213
-0.560713	0.449097
-0.593304	-1.23966
0.829847	-0.110515
-0.549849	0.123595
-0.267392	-0.36475
-0.517258	-0.660587
-0.734533	0.338518
0.101976	0.371294
-0.604168	0.269121
-0.788851	-0.193573
-0.441212	0.29375
-0.376029	0.22733
-0.571577	-0.297289
1.05799	0.426272
-0.278255	-0.647236
0.0259294	-0.606471
-0.951808	0.184679
-0.223937	-0.524769
-0.810579	0.255107
1.12317	0.431265
-0.473803	0.129665
-0.267392	0.375093
0.688618	0.367522
-0.680214	-0.70948
0.7538	0.607724
-0.039253	0.38038
2.81791	0.652686
1.39476	-0.693604
1.02539	0.2859
0.0693844	0.457032
-0.354302	0.396648
0.438752	-0.229475
-0.365165	0.184497
-0.310847	0.260373
1.70981	0.535359
-0.712805	-0.00148638
-0.256528	0.565852
-0.625895	0.561899
0.0150657	-0.0519483
0.243204	-0.133376
-0.734533	0.365915
-0.191345	-0.126264
-0.93008	0.0115062
-0.452075	-0.302275
0.623435	0.548294
-0.517258	-0.299758
0.590844	0.579038
-0.984399	-0.181913
0.384433	0.309363
-0.93008	-0.516864
-0.940944	-0.204377
0.319251	0.0146323
-0.908353	0.0111423
-0.962671	-1.20475
1.18835	-0.228534
-0.354302	0.0542003
-0.615032	0.250914
1.42735	0.098509
-0.734533	0.487283
-0.376029	0.463952
0.547389	0.272598
-0.919216	-0.202576
0.873302	-0.0289604
-0.951808	-1.62011
-0.886625	0.0728121
-0.636759	0.133273
0.536525	-0.57844
1.64463	0.26451
-0.593304	-0.00617593
0.145431	0.149016
-0.528122	-0.112246
-0.082708	-0.310319
-0.256528	-0.00133394
-0.973535	-0.26768
2.33991	0.502049
1.70981	0.256726
-0.647623	-0.422271
-0.723669	-0.462297
-0.886625	0.0151062
-0.854034	-0.709073
-0.310847	-0.543604
3.50233	0.77358
0.0259294	-0.0183627
-0.897489	-0.770737
-1.02785	-0.981354
-1.00613	-0.276946
0.373569	-0.00547102
-0.191345	0.45412
0.634299	0.251837
-0.484667	-0.316322
-0.213073	0.0454083
1.13403	0.256466
-0.897489	-0.297646
-0.213073	-0.12048
0.243204	0.155582
-0.799715	-0.525834
0.210613	0.343917
-0.995263	-0.905103
-0.886625	-0.56453
0.438752	0.517692
0.00420194	0.397234
0.732073	0.474773
0.775528	0.167277
0.0585207	0.165577
-0.386893	-0.00471441
-0.0718443	0.514911
2.00313	0.323981
2.17695	0.493444
0.916757	-0.321414
0.427888	-0.317625
0.525662	0.465623
0.123703	-0.689471
-0.137027	0.0411632
-0.137027	0.515557
-0.082708	0.598352
0.49307	0.153629
1.60117	0.487163
-0.202209	-0.113173
0.829847	0.1933
-0.734533	-0.537331
-0.278255	0.280356
-0.777988	-0.602044
2.17695	0.343517
-0.549849	-1.48357
-0.854034	0.16896
0.340978	0.100964
-0.962671	-0.256743
0.0693844	-0.476656
0.210613	0.34912
0.503934	0.478618
0.395297	-0.180839
-0.712805	-1.12255
-0.32171	0.225917
2.30732	0.290968
1.05799	-0.131322
-0.452075	-0.606617
2.83964	0.0860744
-0.115299	0.202333
-0.897489	-0.208371
0.862438	0.148337
-0.137027	0.353725
1.84017	0.310359
0.112839	0.403548
2.32904	-0.0717349
1.18835	0.893486
0.558253	0.499372
-0.0718443	-0.0755112
2.02486	0.566475
0.677754	0.110177
-0.32171	0.264538
-0.940944	0.0339999
3.75219	0.353883
-0.712805	-0.946208
-0.299983	-0.155761
-0.658487	-0.612201
-0.75626	0.513229
-0.169618	-0.239408
0.569117	0.654197
2.29645	0.488689
-0.93008	-0.0620414
0.362706	0.593637
-0.908353	0.120624
-0.278255	0.200496
1.47081	0.307915
0.286659	0.0589517
-0.365165	-0.799085
0.938484	-0.00598662
-0.940944	-0.757075
-0.886625	-1.57064
0.0259294	0.496253
-0.636759	-0.406098
-0.886625	-1.43087
-0.940944	-0.41587
-0.14789	-0.0663522
-0.223937	-0.38599
1.1449	0.245855
2.17695	0.343517
-0.951808	-1.24636
-0.625895	-0.095393
-0.365165	0.490311
2.80705	0.52206
-0.213073	-0.257173
0.210613	-0.350392
-0.908353	-0.821082
-0.289119	0.221313
0.536525	-0.50539
-0.256528	0.320899
-0.299983	0.483691
2.53545	0.681776
-0.886625	-0.822858
-1.00613	0.426883
-0.0609805	0.08535
1.17749	0.274547
0.569117	0.229239
1.31872	0.615491
-0.169618	0.403589
-0.0283893	0.393167
-0.875761	0.237831
0.145431	0.263264
1.41649	0.74858
-0.93008	-1.44158
0.525662	0.0892484
-0.517258	0.52835
1.01453	0.230095
-0.984399	-1.04036
0.0259294	-0.0145114
-0.777988	0.0595068
-0.278255	-0.611643
2.3725	0.345712
-0.299983	-0.101554
0.156294	0.158411
-0.66935	0.113942
3.0026	0.347442
-0.854034	-0.114468
0.536525	0.717816
0.873302	0.193571
-0.832306	-0.232922
-0.875761	-0.896674
0.101976	0.182083
0.0150657	-0.442452
-0.506394	0.350962
2.731	0.247557
0.558253	0.629725
-0.897489	-0.167219
-0.897489	-1.58161
-1.03872	-1.0622
-0.571577	0.374748
-0.745396	0.493821
0.199749	0.897054
0.427888	-0.0620838
1.70981	0.624871
-0.310847	0.0196964
-0.75626	0.293895
2.82878	0.715206
-0.0175256	-0.48471
-0.984399	-0.990899
0.362706	0.014365
-0.75626	-0.08519
0.960212	0.495444
0.188886	0.19818
-0.365165	0.241679
-0.951808	-0.187651
1.25353	0.150279
-0.593304	-0.111503
-1.02785	-0.179663
-0.886625	-0.212602
-0.788851	0.349658
-0.00666181	0.384027
0.449616	0.104494
3.41542	0.564856
-0.397757	-0.686878
-0.191345	-0.107554
-0.115299	0.239013
-0.864898	0.153887
-0.962671	-0.680846
-0.854034	-0.934421
-0.14789	0.37982
-0.767124	0.45688
0.221477	-0.12137
-0.126163	0.404812
1.23181	0.236997
-0.908353	-0.635549
-0.549849	0.262899
5.56644	0.572514
-0.397757	0.0114466
1.12317	-0.347806
-0.202209	0.646549
1.22094	0.406022
-0.441212	0.518505
-0.93008	0.0576221
-0.299983	-0.640138
-0.897489	-1.58015
0.178022	-0.29653
0.156294	-0.632315
-0.126163	0.566859
-0.310847	-0.0119557
-0.723669	0.64803
0.406161	-0.179912
1.70981	0.591294
0.319251	0.0992128
0.188886	0.297263
-0.462939	0.655464
2.69841	0.392967
-0.169618	0.696022
-0.75626	0.228564
0.916757	0.0435732
1.16662	0.23968
-0.973535	-0.572708
-0.940944	-1.07142
-0.549849	0.516168
1.10144	0.420012
-0.169618	0.439907
-0.908353	-0.756454
0.438752	0.140953
1.12317	0.361844
0.0150657	0.564696
0.775528	-0.506719
-0.658487	-1.30418
-0.430348	0.0406194
2.19868	0.827859
-0.799715	0.0872428
1.21008	0.501106
0.438752	0.290004
-0.875761	-0.592472
-0.973535	0.0796057
2.40509	0.521532
0.286659	0.623905
-0.919216	-0.675622
2.93741	-0.00718062
0.156294	-0.356245
-0.419484	-0.39286
-0.245664	-0.256617
0.0150657	0.471885
-0.821443	-0.686247
-0.2348	-0.471755
1.41649	0.861526
-0.886625	-0.461712
3.15469	-0.00980687
-0.788851	-0.510166
-0.039253	-0.155727
1.00367	0.393754
0.156294	0.468652
-0.191345	-0.533784
-0.940944	-0.0341838
-0.908353	-0.259292
1.82931	0.882153
-0.462939	0.102277
-0.908353	0.197015
0.656027	0.342827
0.57998	-0.260054
-0.082708	0.118455
0.471343	-0.560254
-0.951808	-0.797728
0.590844	0.598549
-0.691078	0.336876
0.0911119	0.34757
-0.66935	0.385882
1.32958	0.481375
-0.93008	-0.337061
0.417024	0.200201
2.06831	0.432412
0.612572	0.387227
0.221477	0.536467
-0.84317	0.439919
-0.908353	-0.680271
0.232341	0.0851601
-0.723669	-0.22305
1.56858	0.821194
0.406161	0.372824
-0.680214	-1.4811
-0.115299	0.215244
-0.40862	0.169036
-0.202209	0.148465
-0.832306	0.256474
-0.14789	0.328294
-0.452075	0.413876
1.65549	0.353162
-0.0501168	0.411313
0.677754	0.111974
-0.593304	-0.295327
2.88309	0.74247
2.65496	-0.0943795
-0.082708	-0.280522
-0.799715	0.298696
-0.897489	0.383106
-0.886625	0.382835
-0.93008	-0.712954
0.797255	0.82403
-0.940944	-0.29676
-0.691078	0.161961
-0.289119	-0.845758
0.634299	0.00213498
-0.0283893	-0.520182
-0.93008	-0.726029
-0.767124	0.139081
-0.528122	-0.0923255
-0.940944	0.371673
0.308387	0.516636
-0.604168	0.1631
-0.32171	-0.184038
-0.126163	-0.208108
0.688618	0.36577
1.47081	0.0903381
0.145431	0.307333
2.11177	0.396872
0.66689	0.443622
-0.289119	0.184711
0.0693844	0.392184
-0.256528	0.0848804
-0.962671	-0.619968
2.65496	0.523426
-0.93008	-0.325275
-0.158754	0.415547
0.395297	0.436245
0.612572	0.474029
-0.897489	-0.1826
-0.84317	-0.196937
1.25353	0.566177
0.319251	0.542379
1.16662	0.360473
-0.32171	0.487957
-0.0718443	-0.0661239
-0.245664	-0.396786
-0.810579	-0.15782
0.275796	0.414762
-0.169618	0.317577
-0.278255	0.316761
-0.647623	-0.150131
-0.419484	-0.0893224
0.503934	-0.160211
-0.875761	0.145598
0.547389	-0.300852
0.134567	0.277922
-0.767124	-0.962243
-0.897489	-0.887648
-0.886625	-0.584294
-0.832306	-0.30305
0.264932	0.524778
0.0476569	0.159234
0.210613	0.497179
-0.951808	0.478958
0.319251	0.68659
-0.854034	0.184008
-0.875761	0.409383
-0.32171	0.0996095
2.65496	0.673834
-0.245664	-0.0440068
-0.223937	-0.0828468
-0.973535	-0.166028
1.30785	0.460974
-0.289119	-0.101954
-0.745396	0.226555
-0.397757	-0.628616
-0.452075	0.273741
-0.712805	0.367065
0.145431	0.0654392
-0.571577	0.40056
-0.897489	0.130093
-0.0283893	0.641299
-0.93008	0.30577
-0.973535	-0.378471
0.275796	0.31934
-0.854034	-0.449736
-0.473803	-0.185405
-0.919216	-1.04569
-0.419484	0.609886
-0.864898	0.233476
-0.777988	-0.225342
-0.419484	-0.382167
0.308387	-0.737019
-0.0935718	-0.417548
-0.169618	0.429109
-0.886625	-0.0681939
-0.777988	-0.572401
-0.560713	-0.229355
-0.854034	0.301739
-0.875761	-1.32726
-0.962671	-0.123294
-0.66935	0.167869
0.319251	0.429994
-0.462939	-0.0805074
-0.658487	0.115323
-0.951808	-0.633423
-0.191345	0.434252
1.13403	0.435725
-0.680214	0.160087
-0.202209	0.0103517
-0.615032	0.490883
-0.0718443	0.197366
-0.473803	-0.325934
0.188886	0.489606
-1.00613	0.128432
-0.984399	-0.904585
-0.213073	-0.539417
0.417024	0.442087
0.57998	0.207962
-0.126163	0.312128
-0.712805	-0.414182
-0.767124	0.287168
3.37196	0.14122
-0.506394	-0.187657
-0.528122	0.01383
-0.00666181	-0.5408
-0.680214	0.471441
-0.625895	-0.335135
-0.84317	-0.497561
3.16555	0.125182
0.123703	0.492827
0.656027	-0.196949
-0.571577	0.233289
-0.84317	-0.560615
-0.995263	-0.725177
-0.995263	-0.518759
-0.973535	-0.583021
-0.538985	0.119104
0.569117	0.0839826
-0.343438	-0.0899487
0.112839	0.250995
-0.40862	-0.16767
-0.191345	-0.0533215
0.362706	0.310545
-0.734533	0.149242
-0.973535	-0.408343
-0.528122	0.327387
0.308387	0.699085
-0.940944	-0.109172
-0.940944	-1.1257
-0.734533	-0.339091
0.916757	0.654779
-0.995263	-0.601559
0.677754	0.390339
1.32958	0.176923
0.167158	0.134043
-0.93008	0.504965
0.482207	0.307874
-0.452075	-0.0985564
0.308387	0.276254
-0.299983	0.194592
0.0476569	0.441387
-0.299983	-0.318102
-0.213073	0.225264
0.0367932	-0.0512013
0.797255	0.584586
-0.84317	-0.74649
-0.745396	0.283291
-0.158754	-1.0671
-0.919216	-1.19674
0.417024	0.0395862
-0.734533	-1.15058
0.612572	0.812686
-0.082708	0.247717
0.286659	-0.323596
-0.604168	-0.325794
0.254068	0.201933
-0.897489	-0.302526
-0.940944	-1.69512
0.286659	0.0633792
-0.886625	0.485494
-0.777988	0.404569
-0.734533	-0.251557
-0.940944	-0.533077
-0.169618	0.392259
-0.104436	0.0802466
-0.430348	0.362254
-0.864898	-0.157234
-0.332574	-0.639823
0.536525	0.37065
-0.0609805	0.0803132
-0.799715	-0.545652
-0.984399	-0.865037
-0.538985	-1.05422
0.0802482	0.218769
-0.538985	0.373717
-0.462939	0.285234
-0.365165	-0.454874
-0.376029	0.362452
-0.647623	-0.469498
3.30678	0.5498
-0.647623	-0.968359
-0.202209	-0.272743
-0.538985	-0.516697
-0.745396	0.226555
1.2644	0.496904
0.362706	0.15379
-0.169618	-0.242207
0.503934	0.508627
0.503934	0.330965
-0.604168	-0.575174
2.52459	0.265704
0.601708	0.337169
-0.082708	0.411714
-0.397757	0.306678
-0.517258	0.111902
-0.115299	-0.12627
-0.75626	-0.0457634
-0.202209	0.395662
-0.0609805	-0.0522694
0.66689	0.474609
1.52513	0.0264993
-0.441212	-0.130528
1.19921	0.387798
-0.691078	-0.120272
1.1123	0.442277
0.503934	0.136546
-0.875761	-0.0329071
0.797255	0.730215
-0.93008	-0.95374
3.55665	0.152722
1.1449	0.517706
-0.712805	-0.573151
0.503934	0.57458
0.00420194	-0.343416
-0.365165	0.238333
-0.137027	0.373319
0.612572	0.353957
1.12317	0.0180072
-0.615032	0.221872
0.0802482	-0.247872
-0.332574	0.514752
0.525662	0.103576
-0.604168	0.403396
-0.462939	0.272426
-0.93008	-0.867184
-0.745396	-0.260874
-0.332574	-0.297693
-0.299983	0.794626
-0.788851	0.299938
2.50286	0.386
-0.93008	-1.20325
0.264932	0.110634
-0.223937	0.215991
0.797255	0.509057
0.0259294	0.466888
-0.875761	-0.826646
1.63376	0.103487
-0.680214	0.109749
1.55772	0.348293
-0.615032	-0.495833
-0.115299	-0.0905242
0.514798	0.159362
0.286659	0.649529
-0.2348	0.158978
0.895029	0.358719
-0.75626	-0.677552
2.38336	0.58797
-0.571577	0.364628
0.590844	0.0929111
-0.625895	0.299897
-0.615032	-0.89033
-0.343438	-0.250649
-0.126163	-0.114324
0.0150657	0.0852828
0.275796	0.0154529
0.243204	0.247178
-0.647623	-0.42393
-0.625895	-0.245337
-0.951808	0.110443
1.10144	0.231528
1.77499	0.32982
-0.984399	-0.945145
3.16555	0.588042
-0.528122	0.562003
0.145431	0.288333
0.0367932	0.0410715
-0.00666181	0.140974
-0.223937	0.337387
-0.441212	0.476634
3.20901	0.428554
-0.593304	0.226441
0.0476569	0.0903453
-0.169618	-0.33649
-0.940944	0.172957
-0.886625	-0.135031
0.178022	0.371006
-0.615032	-0.64029
-0.701941	-0.464307
-0.538985	0.420837
1.39476	0.129208
-0.821443	-0.824266
-0.191345	0.181325
-0.712805	-0.671435
3.64356	0.570702
0.764664	0.587942
0.167158	-0.321568
-0.854034	-0.122902
-0.93008	-1.15246
1.03626	0.355671
-0.0175256	0.408333
0.275796	0.231356
2.60064	0.444233
0.449616	0.0475422
1.80758	0.479612
-0.14789	-0.0457187
1.69895	0.455882
0.362706	0.593637
-0.93008	-0.62866
-0.14789	0.0337101
0.112839	0.393826
-0.66935	-1.50474
-1.00613	-0.988559
-0.517258	-0.362955
-0.767124	-0.824861
0.536525	0.444308
-0.734533	0.0488024
-0.397757	0.507874
-0.984399	-0.250771
-0.962671	-0.853865
0.395297	0.366461
-0.0935718	0.269003
1.31872	0.49227
0.862438	0.743625
1.85104	0.316946
-0.821443	-0.238126
0.0367932	-0.218517
0.49307	-0.260012
-0.875761	-0.58508
1.07971	0.0548631
-0.897489	-0.475764
0.547389	0.283647
-0.625895	0.438158
1.43822	0.413227
-0.14789	0.146645
0.547389	-0.0019895
-0.723669	-0.951227
-0.528122	0.375563
-0.365165	-0.239339
-0.75626	-0.911511
-0.734533	0.225371
-0.821443	-0.553292
-0.462939	0.685972
1.68808	0.347969
1.32958	0.415605
-0.973535	-1.18406
-0.995263	-0.550613
1.30785	0.571567
-0.832306	0.250613
1.66636	0.377217
-0.332574	0.014202
1.93795	0.534331
-0.973535	-0.0704144
0.0476569	0.356159
-0.571577	-0.324394
1.40563	0.862276
0.297523	-0.163914
-0.897489	-0.541963
-0.538985	-0.398365
-0.767124	-0.477515
0.0150657	0.34779
-0.854034	-0.827817
-0.625895	-1.42965
-0.604168	-1.10395
-0.854034	0.381715
-0.0501168	0.143832
-0.810579	-0.757844
0.873302	0.361914
-0.745396	-0.415679
1.1449	0.432611
-1.00613	-0.975581
-0.84317	0.442443
0.710345	-0.351305
0.0259294	0.32775
0.297523	0.428567
-0.40862	-0.642248
0.156294	0.179679
-0.75626	0.0934194
-0.93008	0.39886
-0.0283893	-0.136996
-0.169618	0.511919
-0.908353	-1.24572
2.00313	0.0763725
0.308387	0.376831
-0.897489	0.381464
-0.701941	0.124595
0.384433	0.467394
-0.821443	-0.753523
0.612572	0.520948
-0.864898	0.233476
-0.691078	0.496655
-0.299983	0.254555
-0.365165	0.13866
0.297523	-0.161354
-0.506394	0.502789
0.547389	0.346283
1.77499	0.510636
-0.49553	0.0895082
-1.04958	0.432294
-0.919216	-0.995536
2.26386	0.0256947
-0.832306	-0.311348
0.308387	-0.652298
1.01453	0.415227
0.742937	0.281756
-0.180482	0.332172
2.20954	0.232986
4.51266	0.151591
-0.734533	-0.937811
-1.01699	-0.285651
-0.93008	-1.03993
-0.538985	0.0162545
-0.419484	0.394647
-0.799715	-0.537823
-0.93008	0.242396
-0.93008	-0.733326
-0.452075	0.297553
-0.180482	-0.29025
0.721209	0.316978
0.471343	0.285721
0.0693844	-0.396058
-0.517258	-0.0239665
-0.897489	-0.772174
-0.538985	-0.351591
-0.701941	0.0704055
-0.897489	-1.08512
-0.430348	-0.444607
0.199749	0.358667
1.07971	0.0690653
-0.571577	0.131608
0.264932	0.182373
-0.962671	-0.20284
1.73154	0.410134
-0.593304	0.410424
-0.75626	-0.025194
-0.799715	-0.23052
-0.386893	0.343669
-0.93008	-0.582173
-0.245664	0.410217
-0.777988	0.104521
-0.864898	-1.55486
-0.854034	-0.285404
1.06885	0.311312
-0.473803	0.307184
-0.137027	0.00824275
-0.256528	0.472758
-0.158754	0.321153
-1.00613	-0.187644
2.51373	0.491888
-0.310847	0.342738
-0.354302	0.138862
2.44854	0.555307
-0.647623	-1.59952
-0.538985	-1.15052
1.49254	0.527718
-0.680214	-0.456152
-0.137027	-1.30097
-0.973535	-0.883784
-0.571577	0.13388
0.92762	0.295347
1.7424	0.695835
2.6115	0.557184
-0.571577	-0.458917
0.362706	0.635825
-0.940944	-0.584994
0.992803	0.556731
0.254068	-0.0188747
0.254068	0.48923
-0.995263	0.425474
-0.658487	-0.158209
2.00313	0.521178
-0.745396	-0.333844
-0.376029	0.252858
-0.517258	0.367018
-0.299983	-0.321737
-0.66935	-0.0983407
-0.376029	-0.535481
0.221477	0.468432
-0.49553	-0.527121
-0.484667	0.0232063
1.72067	0.512851
1.15576	0.273605
0.112839	0.14102
0.732073	0.135172
-0.886625	-1.06866
-0.310847	0.235976
-0.832306	-0.179641
0.0367932	0.480266
-0.951808	0.174392
-0.191345	0.366037
-0.734533	-0.153119
2.50286	0.687941
-1.01699	-0.695977
-0.984399	0.257311
-0.549849	-0.469325
-0.908353	-0.13705
-0.473803	-0.22876
0.373569	0.208808
-1.02785	-0.359207
2.01399	0.268314
-0.647623	-0.0126298
-0.973535	-0.871759
0.569117	0.562791
-0.180482	0.203884
-0.951808	-0.280229
-0.452075	0.456217
0.0911119	0.462774
-1.00613	-1.15369
-0.115299	0.538116
-0.962671	-0.550594
0.417024	0.279129
2.6115	0.557184
-0.908353	-0.893217
0.210613	0.319802
-0.701941	0.288735
-0.506394	0.315693
-0.919216	-0.0292598
-0.777988	-0.281276
-0.2348	-0.180307
-0.832306	-1.05156
-0.973535	-1.12572
-0.115299	0.469945
-0.864898	0.118093
-0.538985	0.250804
1.19921	0.352751
-0.658487	0.172932
-0.984399	-0.225054
-0.680214	-0.0282585
0.601708	-0.207834
-1.02785	-0.700917
-0.93008	0.39886
-0.680214	0.0385867
-0.452075	0.228477
-1.01699	-0.657465
0.330114	0.426395
-0.680214	0.170079
-0.40862	0.395418
-0.484667	0.0635942
0.721209	0.44152
2.36163	0.161256
0.732073	0.630736
-0.343438	-0.6241
-0.658487	0.210184
-0.58244	-0.238488
-0.658487	-0.734931
-0.538985	0.0162545
-0.821443	-0.401715
0.0585207	-0.0461535
2.31818	0.672021
-0.810579	-0.44705
2.1335	0.343128
-0.908353	-0.0552138
0.590844	-0.075098
0.112839	0.470437
-0.213073	-0.0333789
-0.897489	-0.487034
-0.810579	0.129752
-0.832306	0.298848
-0.973535	-0.408368
-0.571577	-0.080116
-0.875761	-0.198595
-0.658487	0.505492
-0.32171	0.387961
-0.897489	-0.446767
0.351842	0.352986
0.536525	0.429709
1.51426	0.381389
-0.995263	-0.492198
1.7424	0.274755
-0.962671	-0.71799
-0.897489	-0.872449
-0.430348	0.234657
1.21008	0.574242
-0.213073	-0.552055
-0.267392	-0.851354
-0.462939	0.33941
0.340978	0.303617
-0.908353	0.197015
-0.32171	-0.0547355
-0.528122	0.106882
-0.745396	-0.00453358
-0.615032	0.251604
0.340978	0.469646
-0.126163	0.405668
-0.386893	0.295094
0.699482	0.0347364
-0.137027	0.431437
-0.940944	-0.221956
-0.897489	-0.997946
2.731	0.525071
0.286659	0.336824
2.05745	0.650659
-0.951808	-0.505025
-0.484667	-0.492103
-0.919216	-0.415523
0.145431	0.0384767
-0.636759	-0.258747
-0.452075	-0.0639765
-0.625895	0.2136
-0.951808	-0.4418
1.7424	0.427395
-0.962671	0.257138
-0.517258	0.493048
-0.810579	-0.697276
2.05745	0.217514
-0.14789	0.602352
-0.462939	0.151797
-0.84317	-0.357374
-0.821443	-0.5793
-0.908353	-0.796867
0.786392	0.251918
0.254068	0.235155
0.742937	-0.498937
0.167158	0.397609
-0.202209	-0.00243911
-0.875761	-0.0668041
0.558253	-0.293484
-0.93008	0.0646001
-0.332574	0.38268
-0.897489	-1.11629
-0.93008	-0.787846
0.829847	-0.0210721
3.28505	0.367965
-0.799715	0.103296
0.829847	-0.244049
0.514798	0.494705
-0.734533	-0.862504
0.330114	0.168193
-0.832306	-0.281772
0.188886	0.0159431
-0.777988	-0.893335
-0.604168	0.21274
-0.397757	0.629113
-0.723669	0.0207097
-0.712805	-0.542414
-0.397757	0.41208
0.92762	0.212905
-0.821443	-0.731587
-0.625895	-0.282274
0.0476569	-0.0859314
0.0693844	-0.581675
0.656027	0.416988
0.0693844	0.0931742
-0.00666181	0.496202
-0.0283893	-0.0789537
-0.777988	-0.183045
-0.734533	-0.32467
0.503934	0.020252
0.0476569	0.427558
-0.528122	-0.725886
-0.473803	0.471017
-0.14789	0.377899
-0.256528	0.383559
0.167158	0.158267
-0.66935	-0.44929
-0.767124	0.374405
0.308387	0.18778
-0.919216	-0.995536
3.73047	0.896016
-0.354302	-0.187856
-0.886625	0.0138216
-0.593304	0.0449727
-0.278255	0.442299
-0.376029	-0.13577
0.829847	0.102676
-0.462939	0.318224
1.13403	-0.0929761
0.0693844	-0.224484
0.188886	0.288778
-0.538985	0.0896097
-0.430348	0.276568
-0.256528	0.212043
-0.940944	-0.530292
-0.571577	-0.352331
-0.365165	-0.830934
-0.940944	-0.0999834
0.264932	0.274373
-0.84317	-0.480242
-0.821443	-0.351692
1.89449	0.469296
-0.984399	0.332308
2.52459	0.600359
-0.0501168	0.514269
-0.137027	-0.471768
-0.615032	0.490883
0.00420194	0.0330916
-0.919216	-0.408181
-0.299983	0.46595
0.92762	0.414552
-0.484667	-0.431056
-0.430348	-0.455242
-0.940944	-0.430661
1.48167	0.0519551
-0.115299	0.283413
0.156294	0.131005
0.0693844	-0.947094
4.1107	0.560203
-0.14789	0.525247
0.905893	0.439548
0.960212	0.398171
0.373569	0.134053
0.0585207	0.626126
-0.58244	0.43832
-0.169618	0.428922
-0.0501168	0.295812
-0.386893	0.0823488
1.1449	0.364629
-0.2348	0.299908
-0.0175256	0.360967
0.775528	0.0326893
-0.84317	-0.0644737
0.884165	0.155652
1.18835	0.603176
-0.40862	-0.723795
0.101976	0.281624
-0.289119	-0.423949
2.07918	0.530116
-0.919216	0.136323
0.427888	0.804063
-0.310847	0.0417719
2.09004	0.00191967
1.42735	0.222947
-0.267392	0.54473
-1.02785	-1.32031
-1.01699	-0.557954
1.25353	0.176314
-0.354302	-0.245253
-0.528122	-0.437403
0.373569	0.057541
-0.517258	-0.987142
-0.680214	0.0212587
2.20954	0.114989
0.297523	0.61501
-0.658487	-0.137948
-0.0501168	0.152873
-0.995263	-0.897301
-0.14789	-0.568874
-0.625895	-0.293916
-0.908353	-1.09374
-0.202209	0.419478
-0.84317	0.0165108
0.178022	0.274696
-0.788851	-0.0932784
-0.832306	-0.643907
0.0802482	0.492383
-0.332574	0.387864
-0.973535	-0.871759
0.112839	-0.649817
1.13403	0.191678
-0.875761	-0.209648
-0.908353	-0.807921
-0.332574	0.286807
-1.01699	-0.311456
-0.897489	-0.221749
-0.506394	0.369575
0.156294	0.275089
-0.973535	-0.942319
-0.897489	-0.458821
-0.0935718	0.611067
-0.0283893	0.352412
-0.528122	0.250759
-0.560713	-1.15672
-0.0283893	0.0256689
-1.01699	-0.19085
-0.549849	0.14049
0.590844	0.521125
-0.810579	0.253002
-0.58244	-0.67481
-0.821443	-0.0134809
-0.636759	0.571358
-0.897489	-0.398651
-0.788851	0.0141858
-0.473803	0.357421
-0.549849	0.577977
0.210613	0.134713
-0.962671	0.00589459
0.92762	0.362342
-1.00613	-0.643751
-0.93008	-1.06405
0.156294	-0.178238
1.12317	-0.148177
-0.169618	-0.225304
-0.658487	0.107335
-0.32171	0.0021804
-0.66935	0.492937
0.243204	0.377281
1.47081	-0.131549
1.6229	0.663744
-0.973535	-0.386286
0.243204	-0.0543644
-0.886625	-0.0190309
0.275796	-0.726372
2.45941	0.251514
-0.940944	-0.966633
-0.75626	0.263623
-0.984399	-0.248356
-0.886625	-0.187101
-0.169618	-0.39574
2.30732	0.306951
1.15576	-0.411004
-0.93008	0.0255034
-0.962671	-0.310576
-0.202209	-0.339874
-0.875761	-0.988936
0.0802482	0.47259
1.56858	0.292704
-0.864898	-0.0842031
-0.962671	-0.253658
-1.00613	0.325608
-0.680214	-0.198237
-0.810579	-0.414479
-0.169618	0.241637
-0.00666181	0.424773
3.32851	0.449121
-0.864898	-0.338508
-0.66935	0.143263
-0.430348	-0.354176
0.884165	0.0314626
1.47081	0.458475
0.351842	0.253452
-0.538985	-0.00485946
-0.0175256	-0.0861663
-0.940944	-1.69512
-0.115299	-0.410514
-0.213073	0.267503
-0.473803	0.055682
-0.473803	-0.287743
-0.767124	0.355932
-0.484667	-0.105768
-0.158754	0.418586
3.29592	0.173373
1.67722	0.524073
-0.734533	0.0590223
-0.332574	-0.0133135
3.79565	0.813906
0.427888	-0.00101258
-0.528122	-0.580908
-0.799715	0.166249
-1.01699	-0.973604
-0.430348	-1.97471
0.645163	-0.0134469
-0.267392	-0.185926
4.27365	0.542863
0.612572	0.145077
-0.832306	0.443805
-0.213073	0.00791827
-0.973535	-0.0355225
-0.734533	0.762932
-1.00613	-0.314577
-0.647623	0.352501
-0.528122	-0.455662
-0.940944	0.00464539
-0.430348	0.378941
-0.84317	-0.388453
1.15576	0.193251
0.66689	0.250978
0.547389	0.178521
3.92601	0.597718
-0.430348	0.592581
-1.02785	-1.02233
0.210613	-0.0676488
0.503934	0.0952177
-0.625895	-0.233092
-0.137027	-0.0878827
0.634299	0.481392
-0.593304	-0.255952
0.829847	0.609306
1.81845	0.53857
0.971075	0.507615
0.0367932	0.264847
0.0476569	0.476261
0.0911119	-0.102068
-0.169618	0.215237
0.710345	0.431919
-0.908353	-0.936443
2.89396	0.414995
-0.864898	-1.15382
-0.310847	0.55109
-0.875761	-0.477074
-1.01699	-0.626112
0.0585207	0.0725928
-0.506394	0.0589933
-0.310847	0.0997121
-0.658487	0.258253
-0.908353	0.282512
-0.158754	-0.0940997
0.199749	0.161086
0.210613	0.10934
-0.854034	-0.0541422
-0.810579	0.255107
-0.354302	-1.27177
-0.441212	0.154304
-0.767124	-0.962243
-0.919216	-0.776781
-0.365165	-0.995719
-0.777988	0.536391
0.243204	0.303651
-0.854034	-0.348816
-0.104436	-0.090633
-0.419484	0.273044
-0.256528	0.35011
-0.180482	0.0763888
-0.886625	0.200894
-0.14789	-0.13737
-0.962671	0.253202
-0.875761	0.26008
-0.419484	0.253095
-0.506394	-0.2771
-0.256528	-0.741565
0.851574	-0.252224
-0.386893	-0.519363
-0.473803	-0.0319427
-0.278255	0.123777
0.199749	0.368987
1.06885	0.513939
-0.897489	-0.777105
-0.886625	0.17984
-0.310847	0.0189243
-0.908353	-1.28738
1.99227	0.0522002
-0.452075	0.304901
1.49254	-0.250578
-0.897489	-1.58015
0.178022	0.331452
-0.93008	-0.273552
0.916757	0.385299
-0.365165	0.241679
-0.386893	-0.0125047
-0.343438	-0.576633
0.905893	0.649877
-0.560713	-0.621675
1.41649	0.74858
0.427888	0.809074
2.492	0.794312
0.57998	0.527315
-0.32171	-0.328573
-0.267392	-0.004325
-0.615032	0.536897
0.210613	0.379528
0.188886	0.408311
0.0585207	0.34995
-0.615032	0.318939
-1.00613	-1.05453
0.330114	0.349086
-0.897489	-0.224252
5.27312	0.573856
-0.462939	-0.29628
-0.278255	-0.260027
-0.571577	-0.129538
-0.386893	0.08236
-0.278255	0.44299
-0.832306	-1.25602
-0.310847	0.365209
0.873302	0.364956
2.14436	0.106058
1.49254	0.528375
-0.951808	-0.356907
0.960212	0.238808
0.0150657	0.242213
-0.680214	-0.231255
-0.278255	-0.857331
0.536525	0.343229
0.688618	0.567973
0.0693844	0.520352
-0.0283893	0.0961802
1.42735	0.375461
-0.680214	0.399627
1.60117	0.246301
0.862438	0.258784
-0.84317	0.425025
1.05799	0.606555
-0.658487	-0.328495
-0.0501168	0.444192
1.47081	0.55257
1.43822	-0.0716797
3.69788	0.853501
-0.310847	0.26768
-0.528122	-0.215544
0.134567	0.345025
3.27419	-0.0343367
2.28559	0.619781
-0.984399	-1.10373
-0.462939	0.432194
-0.278255	0.309603
0.808119	0.769744
-0.615032	-0.335346
-1.01699	0.146131
-0.875761	-0.124723
1.39476	0.545475
4.19761	0.126328
-0.343438	-0.073298
-0.973535	-1.2625
0.178022	0.470398
0.308387	0.276254
3.80651	0.384807
0.862438	0.222552
-0.680214	-0.169167
0.601708	0.342492
0.0476569	0.121991
-0.386893	-0.23076
-0.962671	-0.893036
-0.0175256	0.23395
-0.647623	-0.301933
-0.40862	0.301184
-0.00666181	-0.108121
-0.951808	-0.7071
0.503934	0.478618
-0.332574	-0.00846072
-0.84317	-1.04814
-0.039253	0.554265
-0.354302	-0.365127
-0.278255	0.0819145
0.101976	-0.282188
-0.886625	-0.892688
-0.745396	-1.12657
-0.419484	-0.410277
0.851574	0.268936
0.427888	0.319044
-0.484667	-0.572086
-0.191345	-0.195429
1.64463	0.283238
-0.223937	0.0101934
-0.973535	-0.571842
1.42735	0.342426
3.69788	0.487558
-0.767124	0.257674
0.351842	-0.0361182
1.43822	0.401899
-0.202209	0.34852
-0.680214	0.439852
-0.647623	0.352501
-0.202209	-0.00863743
0.829847	0.524807
-0.2348	-0.647832
0.406161	0.367728
-0.462939	0.401658
-0.712805	0.0211299
0.0585207	-0.40538
-0.951808	-0.389347
-0.332574	-0.868199
-0.169618	0.064452
-0.788851	0.144208
-0.419484	-0.0341775
-0.517258	-0.433466
-0.897489	-1.26299
-0.593304	-0.0827878
-0.441212	-0.832096
-0.897489	-0.439532
-0.419484	-0.51592
1.22094	-0.180595
0.742937	0.132154
-0.365165	0.459832
-0.615032	-0.00616466
-0.397757	-0.648877
-0.191345	0.43298
-0.615032	0.563758
0.156294	0.161552
1.39476	0.45379
-0.2348	0.250176
-0.49553	-0.383272
0.275796	0.273235
0.547389	-0.30634
-0.734533	0.452182
-0.473803	-0.464355
-0.995263	-0.694095
-0.919216	-1.21115
0.427888	0.0288363
1.94881	0.404383
-0.821443	-0.376871
-0.376029	-0.554154
1.37303	0.119776
-0.875761	-1.00005
-0.788851	0.201428
1.84017	0.666986
-0.799715	-0.0243176
1.36217	0.261479
-0.940944	-0.393484
-0.473803	0.311431
-0.93008	-1.41657
2.40509	0.444722
1.2644	0.362383
-0.962671	-0.284445
0.145431	0.024578
2.81791	0.375209
0.101976	0.303947
0.123703	-0.314631
0.101976	0.417453
0.916757	0.352751
-0.386893	0.54403
-0.625895	0.403129
-0.191345	-0.0713169
-0.473803	0.154688
-0.680214	-0.845294
0.808119	0.45821
-0.712805	-0.348067
1.32958	0.547059
0.221477	-0.0393571
0.710345	0.499808
0.406161	0.214615
0.319251	0.343808
-0.93008	-0.55943
-0.332574	-0.212342
-0.506394	0.0834485
-0.647623	-0.186597
-0.767124	-0.34167
-0.984399	-0.48838
3.49146	0.509222
-0.940944	-0.313397
-0.962671	-1.33677
0.829847	0.0972055
-0.137027	0.00832569
-0.32171	0.132097
2.01399	0.46492
-0.082708	0.278937
-0.560713	-0.150949
-0.126163	0.250568
-0.788851	-0.686571
1.28612	0.0781874
-0.832306	-0.400562
-0.169618	0.403589
-0.84317	-0.620038
1.3839	0.0939175
0.0911119	-0.0579703
1.44908	0.435229
0.656027	0.289168
-0.745396	0.381826
0.0476569	0.357676
-0.397757	-0.156788
1.22094	0.383377
1.12317	0.270281
-0.0283893	0.410563
-0.951808	-0.400517
-0.919216	-0.141338
-0.202209	-0.265777
-0.854034	-1.00855
-0.484667	0.189362
-0.962671	-0.652308
-0.951808	-0.154125
0.199749	0.0310002
-0.517258	0.256857
-0.854034	-0.765758
-0.886625	-0.494754
-0.126163	0.110998
-0.84317	-0.603916
-0.864898	-0.285885
-0.799715	-0.447192
-0.962671	0.311741
-0.289119	0.173565
-0.082708	0.413264
1.17749	0.266313
0.362706	0.587379
0.275796	0.417073
-0.343438	-0.899496
0.210613	-0.0652433
-0.832306	-0.819384
0.645163	0.637507
-0.289119	0.106537
0.0693844	0.625056
-0.245664	0.17995
-0.84317	0.0574095
2.47027	0.470089
1.23181	0.550508
0.362706	0.264832
-0.723669	0.343361
0.710345	0.351797
-0.951808	-0.0110396
-0.039253	0.485939
-0.962671	-1.19024
0.438752	0.0900332
-0.256528	-0.258802
-0.821443	-0.705708
-0.604168	-0.749163
-0.864898	-0.0427953
-0.2348	0.28991
-0.864898	-0.886464
-0.430348	0.362254
1.52513	0.676522
0.862438	0.397726
-0.886625	-0.0763367
-0.864898	-0.379774
0.362706	0.0552532
-0.32171	-0.196219
-0.875761	-0.447156
-0.636759	-0.685035
0.308387	0.0137886
3.23073	0.511611
-0.734533	0.00472289
-0.777988	-0.405313
-0.919216	-1.11053
0.645163	-0.450281
1.12317	0.295137
-0.082708	0.101947
0.449616	-0.0678896
-0.354302	-0.263588
0.0693844	0.327191
-0.604168	0.432756
0.417024	0.0556336
0.851574	0.497013
-0.49553	0.317971
-0.973535	-0.228616
-0.180482	0.34206
0.134567	-0.530582
-0.984399	-0.0252895
1.59031	0.330539
1.63376	0.367598
-0.441212	-0.098471
1.22094	0.581345
0.0150657	-0.359035
0.308387	0.241546
-0.821443	0.107064
-0.419484	-0.357171
0.818983	0.496495
-0.430348	0.257374
-0.864898	-1.02168
-0.2348	0.315147
1.8619	0.651537
0.395297	0.468478
0.0476569	-0.0870954
-0.821443	0.0181213
-0.169618	0.346959
0.873302	0.572194
-0.897489	-1.02163
-0.897489	-0.251676
0.0911119	0.259806
-0.854034	-0.643212
-0.604168	0.168758
1.80758	0.0234747
-0.571577	-0.612129
-0.625895	-0.0955628
-0.93008	-0.346971
1.04712	0.377178
-0.745396	-0.802659
-0.745396	-0.258163
0.156294	0.130231
0.514798	0.677925
-0.821443	0.226301
-0.376029	0.468677
0.471343	0.301152
-0.593304	0.583415
0.384433	0.242201
-0.191345	0.0208568
0.992803	0.652891
0.742937	-0.201872
0.84071	0.0418781
0.57998	-0.279922
-0.441212	0.312928
1.56858	0.544164
0.862438	-0.110273
-0.864898	0.192065
0.286659	-0.00129278
-0.734533	0.402115
0.569117	0.395115
-0.636759	0.825937
-0.310847	-0.0336148
0.340978	0.479987
-0.897489	0.290331
2.35077	0.400521
-0.267392	0.306679
0.167158	0.149587
-0.832306	-0.391606
0.254068	-0.351321
-0.951808	0.595304
-0.712805	0.58788
0.167158	0.343557
0.00420194	0.431407
-0.419484	0.0948965
-0.908353	-1.58045
-0.517258	0.0111484
0.188886	0.101525
0.167158	0.608224
0.0367932	0.0241544
0.0259294	-0.0649181
-0.386893	0.501243
-0.397757	0.103117
-0.104436	-0.240191
-0.0609805	-0.298989
-0.549849	0.362213
-0.397757	-0.0417046
0.536525	0.155872
-0.93008	0.224465
0.00420194	0.539788
-0.908353	-1.04721
-0.84317	-0.0951817
-0.180482	0.645564
0.0259294	-0.32995
-0.984399	0.140336
-0.875761	-0.764535
-0.951808	-0.02017
-0.864898	-0.863491
0.514798	-0.142525
1.34044	0.182722
-0.430348	0.147033
-0.973535	-0.883784
-0.66935	0.312385
-0.0283893	0.0696576
1.95968	-0.193047
-0.691078	-0.393093
0.677754	0.148206
0.981939	0.426974
0.0150657	0.298578
0.525662	0.212404
-0.213073	0.25629
-0.940944	-0.168785
0.764664	0.390114
0.134567	0.379322
0.145431	0.345697
0.981939	-0.123262
-0.549849	0.176236
-0.962671	-1.19574
-0.343438	0.127972
-0.908353	-1.15947
-0.169618	0.442957
2.01399	0.413525
-0.821443	0.511087
-0.00666181	-0.169371
-0.767124	-0.414857
4.79511	0.126625
-0.58244	0.00823086
-0.93008	0.0846584
-0.191345	0.43298
-0.517258	0.569318
0.905893	0.39842
0.0802482	-0.390239
-0.810579	0.407848
-0.701941	0.467674
0.178022	-0.230131
-0.799715	-1.18767
0.188886	0.0240967
-0.984399	-0.77449
-0.821443	-0.702415
0.221477	-0.172298
1.68808	0.594262
-0.223937	-0.00519822
-0.571577	0.316072
0.786392	0.540713
-0.919216	0.161508
-0.267392	-0.0319208
-0.658487	-0.0386548
-0.0935718	0.316488
-0.180482	0.270019
-0.386893	0.52146
1.1449	0.0443278
-0.158754	0.0233061
0.167158	0.119132
-0.93008	-0.405088
-0.082708	-0.0112141
0.00420194	0.580731
0.319251	0.520851
1.70981	-0.08507
-0.940944	-0.527598
-0.223937	0.462484
-0.49553	-0.312979
0.351842	0.410682
0.590844	0.671214
-0.0718443	0.389725
-0.202209	0.22977
-0.832306	-0.0741366
-0.560713	-0.127972
-0.386893	0.215079
0.199749	0.168509
-0.289119	0.333608
1.52513	0.459796
0.395297	0.214024
0.0259294	0.273509
-0.75626	0.0714463
-0.0175256	0.136324
-0.799715	0.0522674
-0.995263	-0.330218
-0.962671	-0.853029
0.525662	0.00420498
0.101976	0.789101
1.93795	0.232062
0.797255	0.276439
-0.691078	0.495031
-0.462939	-0.810961
-0.886625	-0.364112
-0.14789	0.277578
0.482207	0.55966
-0.332574	0.556794
-0.0609805	0.13161
2.26386	0.347345
-0.615032	-0.597927
0.264932	-0.105285
1.31872	-0.353278
1.28612	0.603645
0.112839	0.456733
-0.908353	0.505795
-0.777988	0.145594
-0.691078	-0.3685
-0.571577	0.0623525
-0.897489	-0.341247
0.210613	-0.463456
-0.962671	0.237094
0.0585207	0.324031
-0.84317	0.211635
3.95861	0.557125
-0.875761	-0.669292
-0.908353	0.206228
0.243204	0.286244
0.101976	0.334864
-0.484667	0.416131
-0.777988	0.458641
0.254068	-0.843098
-1.02785	0.257146
-0.886625	-0.513047
-0.58244	-0.549806
-0.223937	0.144626
-0.984399	0.42807
-0.897489	-0.120987
-0.832306	0.504261
-0.767124	0.303689
2.39423	0.352642
-0.995263	-0.77126
-0.560713	0.351681
0.243204	-0.133396
-1.03872	-0.36463
0.0476569	-0.0997301
-0.691078	-0.648346
0.0911119	0.148442
0.340978	-0.169565
-0.75626	-0.19944
-0.701941	0.462112
-0.560713	0.0362333
-0.625895	0.372512
-0.973535	-0.642183
1.48167	0.506045
-0.712805	0.457996
0.84071	0.24007
3.03519	0.412618
-0.777988	-0.568893
0.0367932	0.291499
0.0150657	0.551152
2.14436	0.427176
0.188886	0.0605421
0.145431	-0.335844
0.0802482	0.0966805
-0.299983	-0.461474
1.32958	0.719868
-0.245664	0.346434
0.797255	0.612088
-0.604168	0.428268
0.0802482	-0.0282503
0.319251	0.254686
-0.082708	0.158654
-0.680214	-0.0122302
2.52459	0.637044
-0.365165	0.230114
-0.940944	-0.256525
-0.517258	0.356966
-0.49553	0.139265
1.80758	0.585965
0.199749	0.473349
1.94881	0.365368
-0.810579	-0.573194
-0.886625	0.240894
0.460479	0.149764
-0.625895	-0.0153011
0.134567	0.446611
-0.32171	-0.10413
2.11177	0.367017
-0.745396	-0.734487
0.275796	0.275051
1.41649	0.261601
-0.93008	-0.636722
-0.419484	0.510743
-0.919216	0.47181
-0.0935718	0.170189
-0.506394	0.177425
1.2644	0.562839
-0.810579	-0.862107
0.884165	0.731915
4.39316	0.39097
-0.75626	-0.724761
-0.593304	-0.101632
-0.734533	-0.751972
0.319251	0.278989
-0.919216	-0.45449
-0.886625	0.276411
-0.213073	-0.0714297
-0.734533	-0.158468
0.362706	-0.141015
0.677754	0.296213
0.264932	0.136364
-0.951808	-0.420635
-0.951808	0.130272
-0.517258	-0.592654
1.39476	-0.372149
0.732073	0.578415
-0.354302	-0.391831
-0.810579	-0.198847
-1.03872	-1.03341
-0.0718443	0.450016
-0.0283893	0.330078
-0.940944	-0.263371
-0.767124	0.38224
-0.984399	-0.670869
-0.745396	-0.189247
-0.126163	0.25426
0.862438	0.125429
-0.40862	0.347945
-0.593304	-0.895481
0.471343	-0.283595
-0.810579	-1.56655
-0.0283893	-0.00515076
-0.571577	0.465058
-0.549849	0.0870722
0.514798	0.593728
-0.951808	-0.785022
0.286659	0.266734
2.60064	0.353918
-0.723669	-0.661307
-0.169618	0.361565
-0.58244	0.117004
2.57891	0.253117
-0.0718443	-0.0974834
0.0150657	0.198173
-0.821443	-0.963006
-0.864898	0.306573
-0.919216	-0.977618
0.0585207	-0.424704
-0.158754	0.000912852
-0.202209	-0.709005
-0.202209	-0.15123
0.786392	0.423034
-0.93008	-0.916618
-0.691078	-0.20673
-0.984399	-0.568643
-0.267392	0.124137
-0.462939	-0.214556
-0.386893	-0.224045
0.00420194	-0.16592
-0.00666181	0.379152
1.42735	0.483414
-0.875761	-0.0264656
-0.940944	-1.16227
0.981939	-0.528727
-0.951808	-0.145028
-0.940944	-0.449847
-0.940944	0.285656
0.971075	0.342851
-0.397757	-0.248059
-0.289119	0.435166
-0.832306	-0.482056
-0.799715	0.394365
-0.810579	-0.0359448
0.167158	0.361997
0.417024	0.214326
-0.49553	0.315223
1.27526	0.349626
-0.506394	0.0402731
-0.386893	-0.0444769
0.0585207	0.626126
0.0367932	0.42598
-0.712805	0.183052
-0.908353	-0.767963
-0.625895	-0.264708
-0.777988	0.0089195
-0.180482	0.27807
1.07971	-0.0527418
-0.864898	-0.110581
2.74187	0.510755
0.297523	0.472072
-0.799715	-0.497061
-0.810579	-0.174051
-0.962671	-0.524516
0.188886	0.375894
-0.473803	0.379519
0.57998	0.634381
0.264932	0.381126
-0.0609805	-0.285786
-0.430348	-0.636014
-0.984399	-1.02721
-0.332574	0.141975
-0.908353	-0.640103
-0.810579	-1.2325
-0.528122	0.425194
-0.951808	-1.07838
0.00420194	0.513206
-0.832306	-0.944485
-0.810579	-0.0639587
0.0911119	-0.214119
-0.777988	-0.0379243
-0.66935	0.191297
-0.593304	0.0735709
-0.832306	-0.0414893
0.156294	0.062598
1.37303	0.378287
-0.115299	-0.108522
-0.810579	-0.757844
-0.332574	0.178895
0.00420194	0.539788
-0.886625	-0.829468
-0.84317	-0.929883
-0.799715	-0.646656
-0.397757	-0.244175
-0.984399	-0.654325
-0.864898	0.54407
-0.886625	0.382835
-0.84317	-0.782223
-0.777988	-0.0637573
0.243204	-0.0259947
-0.962671	-0.829535
0.145431	0.54438
0.460479	-0.0467421
0.503934	-0.463922
-0.039253	-0.102306
-0.332574	0.494831
-0.604168	0.427331
0.851574	0.254472
1.82931	0.262745
-0.354302	-0.365656
-0.897489	-0.524593
0.710345	0.539622
0.351842	0.469948
-0.647623	0.273481
-0.723669	-0.243908
0.558253	0.333736
0.0476569	0.454069
-0.289119	0.415491
0.178022	0.513918
-0.810579	-0.0230439
-0.593304	-0.180778
1.02539	0.537428
-0.14789	0.128201
-0.919216	-0.143566
1.17749	0.46056
-0.245664	-0.168488
-0.104436	0.0408501
-0.0609805	-0.0698179
0.732073	0.462256
-0.821443	0.404511
-0.908353	-0.690087
-0.0283893	0.434239
-1.00613	-0.717166
1.02539	0.488022
0.645163	0.200611
-0.560713	-0.0691112
-0.864898	-0.235912
-0.310847	-0.764899
-0.419484	0.0379886
-0.734533	0.000546471
-0.2348	0.29693
-0.897489	-0.866176
0.178022	0.0212837
0.981939	-0.184469
-0.386893	-0.404324
1.85104	0.27019
-1.01699	-0.792425
0.167158	-0.0566417
0.536525	0.0651485
-0.593304	-0.474645
1.24267	0.149217
-0.419484	-0.175726
-0.202209	-0.164403
0.49307	0.328943
0.742937	0.454932
-0.223937	-0.454745
-0.593304	-0.645025
-0.299983	0.424526
-1.01699	-0.658174
0.00420194	0.152628
2.55718	0.646136
-1.00613	-0.60713
1.37303	0.011672
0.319251	0.391796
0.123703	-0.000132356
-0.115299	-0.133317
0.482207	0.156471
1.09058	0.347466
0.243204	0.23078
0.417024	0.5157
-0.734533	-0.160001
-0.0718443	0.0482265
0.286659	0.377139
-0.289119	0.0610987
0.0802482	-0.743678
-0.14789	0.0696423
-0.647623	-0.0297488
0.112839	0.0676839
-0.864898	-0.0825074
-0.962671	-0.662959
-0.940944	-0.655382
-0.223937	-0.663175
0.297523	0.0204204
0.221477	0.261341
2.42682	0.493087
0.0259294	-0.0847939
1.63376	-0.421412
-0.680214	0.309257
-0.299983	-0.430876
-0.538985	-0.412506
0.873302	-0.00807125
-0.75626	-0.214498
-0.701941	-0.0196226
1.06885	0.0965812
-0.864898	-1.39646
-0.680214	0.276386
-0.745396	-0.450208
-0.180482	0.00825806
-0.66935	-0.194916
-0.821443	0.164258
1.12317	0.0846024
-0.517258	-0.00296784
-0.875761	-0.416604
1.75326	0.383028
-0.701941	-0.170586
0.00420194	0.008052
0.992803	0.299542
-0.940944	0.428934
-0.115299	-0.305573
-0.951808	-0.0344537
-0.604168	-0.347244
-0.245664	-0.250216
-0.213073	0.673721
-0.875761	-0.904851
-0.897489	-0.206058
-0.691078	-0.121805
3.39369	0.285704
0.254068	0.402422
-0.908353	-0.544021
0.547389	0.500998
-0.267392	0.0513284
0.49307	0.405839
-0.951808	-0.644666
0.00420194	0.248619
-0.223937	0.354482
-0.115299	0.458301
0.569117	0.337558
0.558253	0.151475
-0.875761	-0.350781
-0.734533	0.0137274
0.167158	0.0303063
-0.0175256	-0.391272
1.56858	0.495939
1.47081	0.448547
2.27472	0.0178714
-0.528122	0.0566735
-0.40862	0.449588
-0.538985	-0.571506
-0.712805	-0.716182
-0.14789	0.077812
-0.832306	-1.302
0.123703	0.0222551
-0.647623	0.438002
-1.02785	-0.257824
-0.745396	0.207787
0.297523	0.32384
1.87277	0.407937
-0.788851	-0.635683
-0.484667	0.438282
-0.799715	0.446941
1.68808	0.585947
-0.897489	-0.376524
-1.00613	-0.369034
-0.919216	-1.70202
2.253	0.285466
-0.908353	-0.263988
-0.767124	0.0118271
1.68808	0.554754
-0.84317	-0.588166
-0.919216	-1.2968
-0.897489	0.783833
-0.745396	0.387579
-0.0718443	0.512291
1.23181	0.356164
0.786392	-0.403045
-0.560713	0.346901
2.74187	0.113343
-0.082708	0.288663
-0.137027	0.415621
-0.962671	-0.399667
-0.886625	-0.704429
1.16662	0.279914
-0.854034	-0.215417
-0.58244	0.18019
-0.984399	-0.0860164
-0.745396	-0.226507
0.569117	-0.0661271
-0.615032	-0.279384
1.10144	0.0996575
-0.712805	0.312267
0.297523	0.137791
-0.58244	-0.30443
0.938484	0.33696
1.84017	0.211554
2.38336	0.506124
1.57945	0.407062
0.286659	0.386072
-0.940944	-0.132634
1.73154	0.426251
-0.962671	-0.342526
-0.0283893	0.485436
-0.419484	0.371049
-0.777988	-0.28097
1.56858	0.347379
0.677754	0.479239
2.18781	0.0598709
0.449616	0.392396
-0.854034	-0.187761
-0.995263	-0.905898
-0.93008	-0.914922
0.895029	-0.222177
-0.506394	-0.0961493
1.00367	0.624886
-0.49553	-0.143826
-0.712805	0.17701
-0.984399	-0.333505
-0.430348	0.0532354
0.449616	-0.317047
-0.75626	-0.734587
0.971075	0.360542
-0.484667	0.204094
1.03626	0.482167
-0.332574	0.273556
0.308387	-0.104495
-0.2348	-0.234556
0.319251	-0.24111
0.503934	0.452298
0.438752	-0.556487
-0.082708	-0.704651
-0.191345	0.342054
-0.549849	-0.955494
-0.93008	-0.722866
-0.104436	0.0628053
1.06885	0.634665
-0.223937	-0.0216102
-0.397757	0.226146
-0.191345	-0.04762
-0.343438	0.527313
0.373569	0.585631
1.19921	-0.094177
-0.0718443	0.332885
0.471343	0.00284278
-0.93008	0.54324
-0.962671	-0.188374
2.11177	0.125809
-0.473803	-0.813616
-0.256528	0.199302
2.1335	-0.164623
2.43768	0.475396
0.49307	-0.277712
0.590844	-0.513536
-0.430348	-0.217205
-0.593304	-0.948392
-0.854034	-0.472348
-0.2348	-0.142355
-0.832306	0.624027
-0.538985	0.0578866
2.83964	0.663557
0.460479	-0.336383
-0.940944	-1.18074
0.7538	0.317032
-0.745396	-0.919472
-0.886625	-0.144388
2.22041	0.388795
-0.299983	-0.45554
-0.397757	-0.0318641
2.02486	0.405377
0.471343	0.198828
-0.462939	0.0769206
-0.799715	-0.290993
-0.0718443	0.0339231
0.514798	0.401358
-0.549849	-0.216787
-0.745396	0.387579
0.0367932	0.370141
-0.864898	-0.350576
-0.919216	-1.21984
-0.984399	-0.262995
-0.647623	-0.698178
3.42628	0.386485
0.981939	0.464989
-0.995263	-0.356141
0.101976	0.639413
-0.49553	0.225424
-0.137027	0.117977
-0.517258	0.417133
-0.93008	-0.623211
-0.528122	0.480384
-0.549849	-0.216777
-0.93008	-0.121931
-0.777988	-0.221801
-0.799715	-0.440635
-0.571577	-0.157475
0.427888	0.118813
-0.343438	-0.0302974
0.0367932	0.0105732
-0.158754	0.345579
-0.332574	-0.135503
0.764664	0.370604
1.79672	-0.0246039
0.319251	0.146716
0.167158	0.0789058
-0.777988	-1.12976
0.732073	0.31953
-0.908353	-0.683073
-0.365165	0.169919
-0.712805	0.316003
-0.0935718	0.235348
-0.680214	-1.29442
1.93795	0.461154
-0.908353	-1.09789
-0.680214	-0.548629
-0.93008	-0.632725
-0.299983	-0.443345
1.05799	0.322119
-0.343438	-0.183895
-0.538985	-0.277518
0.210613	-0.236102
3.06778	0.119965
-0.082708	-0.323109
-0.919216	-0.10552
-0.299983	0.181373
-0.32171	0.50995
2.56805	0.0273831
-0.213073	0.45554
-0.691078	-0.753849
0.612572	0.0549316
0.981939	0.172366
-0.940944	-0.898617
0.264932	0.614607
-0.365165	-0.42805
-0.2348	0.414412
-0.484667	0.189362
0.210613	-0.0396175
-0.441212	-0.297459
-0.484667	0.290897
0.981939	0.733442
-0.875761	-1.60747
0.308387	0.0878111
-0.886625	-0.438144
-0.213073	-0.277066
-0.799715	-0.0153953
1.34044	-0.487161
-0.354302	0.339758
-0.256528	0.575769
-0.799715	0.0883359
-0.854034	-0.371804
-0.593304	-0.0716075
-0.875761	-0.597359
-0.897489	-0.570903
1.00367	-0.0395335
-0.691078	-0.167444
0.0476569	0.312692
-0.962671	-0.319715
1.22094	0.318739
-0.908353	-0.296068
-0.115299	-0.180696
-0.538985	0.184585
-0.310847	0.274732
0.00420194	-0.194436
-0.2348	0.189801
0.362706	0.458698
0.0367932	0.133889
-0.256528	-0.581055
-0.788851	-0.234738
0.221477	0.468432
-0.66935	-0.194916
-0.517258	0.40535
0.0693844	-0.297412
-0.0501168	-0.305566
-0.973535	0.462146
0.134567	0.0568163
-0.940944	-1.28321
-0.897489	0.568296
-0.430348	0.144016
-0.549849	-0.642248
-0.93008	-1.24073
-0.256528	-0.137606
-1.00613	-0.235858
-0.0283893	0.0310696
-0.75626	0.139242
-0.647623	-0.265867
-0.615032	0.563758
-0.886625	-0.42154
2.86137	0.460179
0.112839	0.0700801
-0.310847	0.248972
-0.452075	-0.455232
2.69841	0.0571249
-0.832306	0.0740725
1.75326	0.236833
0.297523	0.365084
-0.137027	0.258934
-0.00666181	0.164288
0.0693844	0.237476
-0.528122	-0.784789
-0.647623	-0.511833
-0.940944	-0.985588
-0.571577	0.438743
0.395297	0.484259
0.895029	0.429808
1.32958	0.465844
-0.40862	0.525375
-0.745396	-0.533032
-0.691078	0.540423
-0.832306	-0.167761
0.0476569	-0.152116
-0.864898	-1.16608
-0.332574	-0.218299
-0.560713	-0.662409
-0.278255	0.164295
2.6115	0.179176
-0.973535	-1.17223
0.84071	0.505663
-0.93008	-0.582173
-0.517258	-0.0482539
3.26333	0.28725
-0.93008	-0.482173
-0.473803	-1.25381
-0.00666181	0.471805
-0.538985	-0.407293
-0.636759	-0.400418
-0.799715	-0.739217
-0.0283893	0.467572
2.48114	0.475479
0.319251	-0.605337
-0.213073	-0.257173
0.471343	0.65728
-0.082708	-0.167646
0.482207	-0.14073
0.384433	0.00234571
-0.115299	0.125565
2.12263	0.168138
-0.58244	-0.209132
1.02539	0.145432
0.145431	-0.0257871
-1.03872	0.196746
-0.832306	0.112081
-0.799715	-0.617554
-0.734533	-1.67692
-0.875761	0.033675
-0.039253	0.327438
-0.0718443	-0.49216
-0.940944	-0.362991
0.514798	-0.707417
1.3839	0.0760296
-0.40862	0.301457
-0.691078	-1.3616
-0.886625	-0.566953
0.199749	-0.0622022
0.286659	0.230642
7.67401	0.856901
2.56805	0.380254
-0.32171	0.129821
-0.386893	-0.385754
0.0367932	0.762332
-0.84317	-0.560615
-0.962671	-1.01588
-0.854034	-0.916651
0.916757	0.570916
3.21987	0.602623
0.427888	0.0964023
-0.712805	-1.47057
-0.723669	-0.51636
-0.908353	-0.124157
-0.712805	0.545227
-0.441212	-0.0725589
0.895029	0.134848
4.03465	0.47024
-0.0718443	-0.764443
-0.951808	-0.443332
1.15576	0.593903
-0.854034	0.443104
-0.343438	-0.00452109
-0.365165	-0.797893
0.264932	0.517824
-0.332574	0.163868
-0.84317	-0.572991
1.78586	0.56147
1.1449	0.408911
-0.93008	-0.58973
-0.213073	0.187342
-0.386893	0.0774177
0.112839	0.600394
0.243204	-0.339317
-0.560713	-0.0464356
-0.908353	-0.273893
-0.528122	0.565468
0.699482	-0.592937
-0.691078	-0.881252
-0.571577	-0.110466
-0.647623	0.220551
-1.00613	-0.431182
-0.777988	0.138041
1.41649	0.507401
-0.854034	-0.810554
0.264932	0.128094
1.05799	0.151726
-0.712805	0.535462
-0.93008	-0.848459
-0.397757	0.572278
-0.93008	-0.920087
0.330114	0.558853
-0.213073	0.392819
-0.310847	-0.574265
-0.49553	-0.542396
-0.701941	0.43062
-0.854034	-0.415721
-0.864898	-0.255931
-0.538985	0.390338
0.873302	0.463183
-0.734533	-0.937811
-1.01699	-0.597649
-0.875761	0.160296
-0.810579	-0.467195
-0.734533	-0.172153
0.297523	0.203883
-0.777988	-0.899299
-0.484667	0.245582
-0.213073	0.366879
-0.701941	0.19259
1.76413	0.3675
-0.104436	0.409868
0.199749	0.172923
-0.484667	-0.493253
-0.202209	0.726335
0.384433	-0.0361246
-0.299983	-0.387587
-0.528122	0.065532
0.471343	0.17028
-0.712805	-0.496538
-0.202209	0.358487
0.862438	0.471064
-0.223937	0.198435
-0.49553	0.11675
0.0259294	-0.474558
-0.734533	0.462505
-1.00613	-0.161293
0.417024	0.246599
0.417024	0.518799
0.297523	0.227385
-0.995263	-0.550613
0.199749	-0.0751221
-0.484667	-0.251
-0.473803	0.372684
-0.962671	-0.506787
-0.973535	-0.626813
0.677754	0.479239
1.03626	0.0741908
1.02539	0.373502
1.76413	0.441452
-0.777988	0.249352
-0.897489	-0.823219
-0.745396	0.459888
-0.940944	-0.587498
-0.93008	-1.03467
1.1123	0.443996
1.02539	0.384538
-0.973535	0.240048
0.547389	0.23394
0.775528	0.626119
-0.832306	-0.643907
0.569117	0.391973
-0.864898	-0.196398
-0.680214	-0.409014
0.971075	0.566979
0.721209	0.439444
-0.723669	-0.656717
-0.951808	-0.924835
-0.767124	-0.313389
-0.604168	-0.24022
-0.430348	-0.0127312
-0.745396	-0.508918
0.123703	-0.233896
-1.01699	-0.596011
-0.864898	-0.0327525
3.06778	0.26029
0.688618	0.506187
0.656027	0.178488
-0.517258	0.215347
-0.951808	-0.768296
-0.854034	-0.215417
0.732073	0.256341
-0.864898	-0.418369
-0.538985	0.293836
-0.701941	-0.324391
-0.712805	-0.683258
-0.452075	-0.144
-1.03872	-0.80976
-0.962671	-0.481945
-0.832306	0.243226
-0.821443	-0.633182
-0.441212	0.11915
-0.267392	0.196795
-0.158754	0.311867
-0.310847	0.43613
-0.245664	0.245701
-0.93008	-0.223364
0.0585207	0.643823
-0.40862	0.131461
0.243204	0.517563
-0.604168	-0.656052
0.101976	0.704952
0.254068	-0.174571
-0.864898	-0.423967
0.0476569	-0.0473406
3.05691	0.453092
-0.84317	-0.31081
4.50179	0.807849
0.221477	-0.547108
1.54685	0.346978
-0.430348	0.283377
2.63323	0.610715
-0.310847	0.359602
-1.00613	-0.0307632
-0.32171	0.476336
0.188886	0.295427
-0.549849	-0.162754
-0.32171	-0.22572
-0.864898	-0.141621
-0.430348	0.292118
0.851574	-0.00909018
-0.951808	-0.664352
-0.180482	0.198594
-0.354302	0.412011
-0.528122	-0.364076
-0.441212	0.0312299
-0.636759	0.128549
-0.93008	-0.378484
1.57945	0.259072
-0.332574	-0.0544511
-0.897489	-0.120987
-0.223937	-0.580725
-0.962671	-0.976707
-0.691078	-0.515046
-0.951808	-0.717579
-0.908353	-0.0756315
-0.821443	-1.19491
0.319251	0.0165573
-0.419484	-1.45571
-0.973535	-0.574843
0.0476569	0.49845
2.29645	0.610454
-0.593304	0.203718
0.742937	0.591991
-0.864898	-0.770455
3.17642	0.776735
-0.810579	-0.525826
-0.289119	0.0738498
-0.777988	0.398638
-0.712805	-1.31006
0.656027	0.378235
0.0476569	0.185929
1.07971	0.311247
-0.636759	-0.88975
-0.788851	-0.315654
-0.397757	0.544547
-0.799715	0.260687
-0.821443	-0.520536
0.514798	0.494705
-0.864898	-0.285483
0.503934	0.327705
-0.777988	0.391855
-0.940944	-0.280606
-0.886625	0.218252
0.254068	0.21538
-0.767124	0.568834
-0.864898	-0.153597
-0.995263	-0.614283
-0.951808	-0.62421
-0.734533	-0.315166
0.188886	0.258798
0.178022	-0.0561959
0.351842	-0.0755424
-0.995263	0.602391
-0.473803	0.410163
-0.962671	-1.626
0.384433	0.524507
2.67668	0.60822
0.66689	0.273302
1.01453	0.53153
-0.506394	-0.610886
-0.951808	-1.09763
0.460479	0.490573
-0.419484	0.440195
-0.908353	-1.40635
0.960212	-0.461799
-0.767124	0.0205314
-0.528122	-0.2478
-0.365165	0.414469
2.07918	0.509694
-0.202209	0.222184
0.210613	0.31029
0.503934	0.362096
0.438752	0.00816698
1.66636	0.341142
-0.593304	0.00296655
-0.680214	-0.591433
-0.0501168	0.365109
-0.908353	-0.141598
0.275796	-0.373364
0.634299	0.780696
-0.701941	0.302171
-0.593304	-0.00776526
0.916757	0.498256
0.395297	0.426956
0.482207	0.307559
-0.821443	-0.218391
-0.223937	-0.0320145
-0.93008	-1.03962
-1.00613	-0.643751
2.79618	0.230638
-0.365165	-0.0741458
-0.875761	-1.51384
-0.734533	0.53977
-0.984399	0.0400175
-0.560713	-0.0800215
-0.93008	-0.565327
1.01453	0.618469
-0.104436	0.373221
0.742937	-0.00856501
-0.995263	-0.549443
-0.462939	0.121523
-0.430348	-0.428204
-0.462939	0.115363
-0.962671	-1.02845
-0.799715	-0.23836
0.503934	0.287701
0.656027	0.598262
-0.484667	0.0610386
-0.593304	0.269183
2.1009	-0.0838613
0.938484	0.394381
0.00420194	0.320933
0.0693844	0.20027
0.427888	0.486234
-0.49553	0.249334
-0.0718443	-0.558977
2.38336	0.701576
-0.875761	-0.677769
-0.777988	0.283772
0.0367932	0.373534
-0.647623	-0.481192
-0.310847	0.355973
-1.03872	-0.415928
-0.919216	-0.879052
0.547389	0.474126
-0.58244	0.3731
0.482207	0.371534
1.70981	0.445583
-0.886625	-1.11881
-0.549849	0.503026
0.710345	-0.254692
0.00420194	-0.146593
4.39316	0.595068
0.92762	0.0271457
-0.951808	0.462807
-0.462939	-0.278706
-0.299983	0.245659
-0.886625	-0.394551
-0.126163	0.300302
-0.93008	-0.273552
-0.397757	-1.26257
0.460479	0.463297
-0.66935	-0.532748
1.51426	0.489799
-0.082708	0.31449
-0.919216	-0.010002
-0.701941	0.204349
-0.854034	-0.262712
-0.908353	-0.405406
0.884165	0.502407
0.123703	0.439213
0.427888	-0.3628
-0.126163	0.293484
1.15576	0.247355
-0.604168	-0.0734089
0.688618	-0.274567
0.406161	0.795266
-0.636759	-0.118253
-0.777988	-0.339591
-0.973535	-0.550659
1.22094	0.258494
-0.202209	0.264125
-0.908353	-0.319481
-0.528122	0.193314
1.24267	0.654677
-0.777988	0.428866
-0.658487	-0.578183
-0.082708	0.207872
-0.549849	-0.444886
-0.137027	0.247204
0.721209	-0.112936
-0.864898	-0.500478
0.558253	-0.0021406
-0.984399	-0.579802
-0.191345	-0.615053
-0.821443	-0.702415
1.25353	0.296777
-0.180482	0.180017
-0.701941	-0.711722
0.0693844	0.24576
0.764664	0.40383
-0.115299	0.128416
1.34044	0.655329
-0.039253	-0.427944
-0.604168	0.301355
0.547389	0.140976
1.09058	-0.0910957
2.50286	0.687941
-0.0935718	0.0282737
-0.245664	-0.114677
0.362706	0.400849
0.688618	0.207901
-0.354302	0.216012
1.10144	0.53352
0.0585207	-0.503933
-0.528122	0.400496
-0.886625	-0.491971
-0.919216	-0.977618
-0.0283893	0.399418
-0.886625	-0.106537
-0.191345	-0.765461
-0.419484	-0.0232327
-0.984399	0.225051
-0.777988	0.536391
0.319251	0.416375
-0.864898	-0.357761
-0.343438	-0.277883
-0.441212	0.511007
0.905893	-0.358373
-0.886625	0.0413511
-0.126163	-0.187475
0.66689	0.289547
1.17749	0.286115
-0.528122	-0.518562
-0.691078	0.11372
-0.712805	-0.248739
0.297523	0.137791
-0.538985	-0.391409
-0.973535	-0.597467
-0.962671	0.0755552
0.775528	-0.136547
-0.0935718	-0.111108
-0.886625	-0.18558
-0.082708	-0.315315
1.36217	0.43201
1.8619	0.532938
-0.636759	0.597934
0.992803	0.313896
1.61204	0.431196
0.0150657	0.529981
1.29699	0.45078
-0.365165	0.115706
-1.00613	-0.432179
-0.0609805	0.59166
1.19921	0.769948
-0.973535	-0.911603
1.55772	0.308222
-0.864898	0.248673
0.188886	0.140599
-0.777988	0.110031
1.87277	0.195868
-0.93008	0.0854519
0.677754	0.478187
0.0150657	-0.209923
0.623435	0.404578
-0.32171	0.382762
-0.897489	-0.261103
0.0911119	-0.0802313
-0.973535	0.0395197
-0.169618	0.07862
1.16662	0.119483
-0.832306	-1.01846
-0.517258	-0.174074
-0.365165	0.152722
-0.0283893	0.279541
-0.680214	-0.472882
-0.419484	-0.323852
0.351842	0.284096
-0.571577	0.374432
-0.49553	0.378883
1.70981	0.267579
-0.962671	-0.539818
0.264932	0.244739
-0.419484	0.21713
0.590844	0.0749427
-0.701941	0.467674
-0.593304	0.386416
-0.984399	-0.579486
-0.734533	-0.31375
-0.75626	-0.278904
-0.886625	-0.763822
0.221477	0.134207
0.406161	0.750411
0.254068	-0.244231
-0.191345	0.292985
-0.897489	-0.208658
-0.538985	-0.588757
-0.473803	-0.31568
-0.278255	0.154877
-0.875761	0.219885
0.243204	-0.169182
1.22094	0.246526
-0.940944	-1.11528
1.37303	0.0463685
-0.528122	0.0710013
-0.430348	-0.578889
-0.549849	0.343811
0.123703	0.624986
-0.951808	-0.645349
-0.973535	-0.56032
-0.66935	0.396921
0.873302	-0.149397
-0.854034	0.443104
1.02539	0.284239
-0.310847	0.445311
-0.723669	-1.21455
-0.962671	-0.512833
0.916757	0.0889093
-0.104436	0.0452044
-0.441212	-0.0301885
-0.538985	-0.112366
0.482207	0.579097
0.134567	-0.599383
-0.75626	-0.503174
0.764664	0.46605
-0.354302	0.525638
0.0911119	0.489566
4.12156	0.665147
0.460479	0.138559
0.612572	-0.180663
-0.126163	-0.326233
-0.821443	-0.573793
-0.821443	0.351071
0.547389	0.500267
-0.712805	0.213289
-0.93008	-0.366648
-0.636759	0.273703
3.05691	0.667975
2.93741	0.313327
-0.832306	0.121279
-0.897489	0.616169
-0.245664	0.572157
-0.832306	-0.8157
-0.908353	-0.963006
-0.908353	-0.550923
2.78532	0.452187
-0.245664	0.303247
0.221477	0.156614
-0.223937	-0.524769
-0.864898	-0.516898
1.49254	0.166751
2.35077	0.473578
1.36217	0.522332
0.308387	-0.824789
-0.441212	0.151211
-0.680214	-0.378822
-0.593304	-0.555081
0.243204	-0.66713
0.362706	0.592278
1.52513	0.396075
-0.267392	0.120414
-0.723669	-0.329519
-0.256528	0.492691
0.384433	0.1527
-0.365165	-0.203878
0.308387	-0.623552
1.10144	0.426956
1.03626	0.383635
0.0911119	-1.14544
-0.734533	0.128151
0.330114	-0.57345
-0.126163	0.329055
0.873302	0.441865
-0.84317	0.604695
-0.213073	0.522614
-0.615032	0.402996
0.938484	0.375612
-0.517258	0.325234
-0.082708	0.0766266
-0.506394	0.0559403
-0.940944	-0.819594
0.808119	-0.111981
-0.962671	-0.431887
2.06831	0.454941
0.949348	0.598704
-0.14789	-0.1659
-0.691078	0.00231968
-0.691078	-0.574508
-0.691078	-0.430244
-0.864898	0.0936753
-0.832306	-0.284356
-0.66935	0.26928
-0.549849	-0.170233
0.547389	-0.502407
-0.995263	-0.532271
0.732073	0.53978
-0.549849	-0.619466
2.17695	0.37729
-0.00666181	0.296701
0.0693844	0.392184
-0.984399	-1.04347
-0.180482	0.730716
0.297523	0.28356
-0.430348	0.454737
-0.919216	-0.396601
0.471343	0.259991
-1.03872	-0.515459
0.482207	0.534554
0.786392	-0.319847
1.1449	0.429593
-0.951808	0.145504
-0.0501168	0.0442558
-0.223937	-0.639024
-0.137027	0.47643
1.22094	0.65245
0.254068	0.578863
4.1107	0.128182
-0.430348	-0.877904
-0.680214	-0.644873
0.0911119	0.343079
-0.104436	-0.0664182
-0.886625	-0.53642
-0.701941	-0.183601
-1.00613	-2.01616
-0.376029	-0.188844
0.373569	-0.0177626
-0.625895	0.448963
1.02539	0.0588904
-0.365165	-0.656274
-0.289119	-0.66717
-0.951808	-0.606018
-0.310847	0.366581
-0.897489	-1.00071
0.362706	0.253467
0.167158	0.53685
-0.908353	-0.152285
0.656027	0.287035
1.97054	0.109742
0.395297	0.394076
-0.082708	0.472401
0.0150657	0.324354
-0.908353	0.0473002
-0.278255	0.49542
-0.169618	-0.820448
-0.84317	-0.255417
0.449616	0.497706
-0.593304	-1.51912
4.05638	-0.0212931
0.275796	0.194728
-0.875761	-1.58509
-0.2348	0.30769
-0.180482	0.317468
0.851574	0.5909
-0.452075	0.558966
-0.84317	-0.757137
-0.951808	-1.29833
-0.691078	0.441201
-0.213073	0.359368
-0.223937	-0.525371
-0.343438	0.0286155
0.221477	0.427672
0.145431	0.551495
0.49307	0.179765
-0.158754	0.161154
-0.66935	0.37769
1.09058	0.552098
-0.84317	-0.150481
-0.854034	-1.4058
-0.245664	-0.0918742
1.90536	0.242964
0.406161	0.143574
1.66636	0.300828
-0.821443	0.495496
1.09058	0.455909
-0.66935	-0.297677
-0.701941	0.184501
-0.40862	-0.239068
-0.886625	-1.07911
-0.897489	-0.603642
0.145431	0.119522
-0.528122	-0.597692
0.623435	0.160431
0.49307	0.153629
-0.636759	-1.09478
0.84071	0.594339
-0.376029	-0.20376
0.112839	0.821354
-0.158754	0.415547
-0.0175256	0.646404
1.01453	0.362361
-0.854034	-0.63293
0.199749	0.172923
-1.00613	-1.2169
-0.343438	0.303443
-0.647623	-0.478665
-0.875761	-0.613893
0.971075	0.585356
0.536525	0.0446236
-0.289119	0.333608
0.818983	0.368976
-0.082708	-0.117197
0.438752	-0.420279
-0.386893	-0.34122
-0.0718443	0.774384
1.68808	0.545461
0.221477	-0.511701
0.395297	0.16286
-0.549849	0.356325
-0.854034	0.381475
-0.419484	-0.282893
0.0585207	0.301725
-0.419484	-0.268589
-0.962671	-0.360215
0.384433	0.365421
-0.919216	-0.72093
-0.897489	0.123872
-0.908353	-0.319481
0.677754	0.400934
0.417024	0.521612
0.612572	0.686126
0.438752	-0.121895
-0.788851	0.344153
-0.549849	-0.685766
-0.115299	0.34861
0.710345	0.439863
-0.962671	-0.727892
0.601708	0.0563333
-0.58244	0.407058
-0.93008	-1.48917
1.42735	0.518981
-0.691078	-0.207921
0.623435	0.285859
-0.462939	0.322159
-0.462939	-0.67454
-0.213073	0.19323
1.2644	0.472227
-0.658487	0.260348
-0.082708	0.413264
1.24267	-0.11991
0.101976	0.390468
0.818983	0.332971
-0.32171	0.353663
-0.919216	-0.0234875
-0.777988	0.269137
-0.66935	0.057404
1.55772	-0.101077
-0.484667	-0.139648
-0.549849	0.505266
0.286659	0.377139
-0.332574	0.410508
-0.213073	-0.0491687
-0.32171	0.417091
0.645163	0.754409
-0.441212	-0.534494
-0.386893	0.256517
-0.245664	0.43152
-0.00666181	0.546215
1.79672	0.637236
0.0911119	-0.0595047
0.873302	0.105545
-0.462939	-0.295616
1.21008	0.33426
1.05799	0.440579
-0.908353	-0.13705
0.547389	0.42998
0.0150657	0.34779
-0.940944	-0.246088
-0.897489	0.158865
-0.560713	0.550307
-0.00666181	0.038934
-0.810579	-0.925808
-0.528122	-0.255184
-0.343438	-0.589915
0.808119	-0.126582
0.286659	0.26745
-0.951808	-0.775742
-0.484667	-0.652952
1.18835	0.352432
2.26386	0.258287
-0.571577	0.159415
0.862438	-0.106737
0.960212	0.246644
0.0911119	0.34757
1.25353	0.150279
0.275796	0.414762
-0.538985	-0.000351252
2.18781	0.685345
-0.32171	0.568459
-0.0718443	0.774384
1.23181	0.324343
-0.951808	-0.41964
1.24267	0.572848
-0.462939	-0.285675
-0.93008	-0.543092
-0.734533	0.136227
0.0150657	0.128695
-0.549849	-0.232887
1.10144	0.715987
-0.951808	-0.458753
-0.615032	-0.738432
0.981939	0.814844
-0.538985	0.147325
-0.84317	-1.30585
-0.864898	-1.62917
1.67722	0.635018
0.862438	0.36605
-0.723669	-0.47856
-0.647623	0.16801
0.145431	0.272687
1.53599	0.327038
-0.549849	0.274557
-0.658487	-0.380459
-0.397757	0.229014
-0.734533	0.338518
-0.343438	0.0475489
-0.0718443	-0.0407881
0.905893	0.589559
1.60117	0.331401
-0.93008	-0.182066
1.39476	-0.372149
-0.473803	0.371713
0.471343	-0.122267
0.645163	0.454419
1.54685	0.238385
-0.462939	0.228866
-0.93008	-0.962552
-0.397757	-0.368914
-0.49553	0.0520913
0.308387	-0.507966
-0.908353	0.287358
0.319251	-0.492117
-0.810579	-0.646591
2.36163	0.33578
-0.66935	0.378786
-0.864898	-0.960748
-0.864898	-0.00277198
9.48825	0.273461
-0.875761	-0.958287
-0.777988	-0.279884
-0.430348	-0.200314
1.10144	0.399792
2.81791	0.0322808
-0.940944	-1.04265
0.547389	0.0404963
0.460479	0.474027
-0.604168	0.14577
-0.832306	-1.01846
-0.256528	0.325883
-0.571577	-0.383181
-0.571577	0.611749
-0.767124	0.38224
0.243204	0.21783
-0.452075	-0.576952
-0.365165	-0.492626
-0.278255	0.335322
0.0911119	0.336047
-0.93008	-0.368727
-0.104436	0.106455
-0.799715	-0.140568
-0.940944	-0.0371989
-0.712805	0.032248
0.134567	0.513748
-0.777988	-0.202195
-0.788851	0.269557
-0.951808	0.11157
-0.777988	0.0546838
-1.03872	-1.03341
-0.984399	-1.53604
0.960212	-0.216484
-1.02785	-0.255173
-0.723669	-0.105997
-0.538985	0.630868
1.63376	-0.00605913
-0.625895	-0.261111
-0.0935718	0.393179
-0.973535	-0.535026
0.427888	0.632551
-0.712805	0.0877501
0.351842	-0.0880016
-0.213073	-0.254576
-0.745396	0.205941
-0.58244	-0.416387
1.94881	0.226588
0.460479	0.643708
-0.66935	0.531424
-0.202209	0.0700946
0.525662	0.288365
1.56858	0.446002
-0.864898	-0.0825074
-0.864898	-0.886706
0.373569	0.329685
1.02539	-0.0462516
-0.951808	-0.812447
-0.082708	-0.184881
-0.701941	-0.164103
0.340978	0.671363
0.710345	-0.234059
-0.897489	0.21211
-0.908353	0.305743
-0.484667	0.0466664
-0.66935	0.0992919
0.482207	0.770877
-0.691078	0.114537
1.36217	0.553734
2.01399	0.392362
-0.0175256	0.0348055
1.19921	0.588802
-0.864898	-0.163269
-0.332574	-0.639823
0.0259294	0.590825
1.89449	0.153805
-0.14789	0.296858
3.05691	0.240222
-0.571577	-0.700161
-0.158754	0.182312
-0.854034	-0.394783
3.76306	0.715539
0.92762	0.40125
-0.0283893	0.399418
-0.267392	0.229319
-0.886625	0.43676
-0.908353	0.324875
0.134567	0.862605
0.460479	0.63421
0.134567	-0.587304
-0.137027	-0.402312
-0.506394	0.552316
0.558253	0.457364
-0.767124	0.470991
0.134567	0.277354
0.0585207	0.272808
1.5034	0.893636
0.851574	0.392045
-0.658487	-0.152179
-0.908353	-0.303754
-0.49553	0.329067
-0.376029	0.332177
-0.984399	-0.769692
-0.767124	0.53395
-0.462939	-0.28896
0.7538	0.319196
-0.767124	-0.580895
1.05799	0.45329
2.19868	0.542073
-0.506394	0.546269
-0.75626	-0.0952676
0.645163	0.265116
1.31872	-0.269358
-0.940944	-0.0820238
0.92762	0.375189
2.6115	0.652845
-0.66935	-0.268912
-0.430348	-0.0534757
-0.832306	-0.176161
-0.180482	0.308761
-0.940944	-1.10434
-0.299983	-0.218219
-0.213073	0.427258
-0.734533	0.526237
1.97054	0.514772
1.60117	0.759739
-0.180482	0.0311118
-0.832306	-0.205183
-0.799715	-0.197588
-0.897489	-0.618615
-0.462939	0.257397
1.78586	0.51426
-0.962671	-0.850786
-0.430348	-0.580747
-0.267392	-0.238319
1.99227	0.357987
-0.908353	-0.97034
-0.58244	-0.512781
3.89342	0.696758
-0.647623	-0.203599
-0.419484	-0.0269331
-0.40862	-0.197619
-0.560713	-0.280507
1.93795	0.807986
-0.701941	-0.421118
0.00420194	0.464223
-1.03872	-0.330349
-0.84317	0.217516
0.254068	-0.0940143
-1.03872	-0.902463
0.460479	0.428816
0.645163	-0.72949
-0.115299	0.125437
-0.365165	-0.295984
3.13296	0.319205
1.9814	0.343835
-0.799715	-0.0243176
0.590844	0.295944
0.210613	0.198983
0.0693844	-0.224484
0.699482	0.0462072
-0.40862	-0.0326206
1.42735	0.0500807
2.35077	0.644749
-0.788851	-0.0258146
2.04659	0.541267
-0.875761	-0.486137
0.547389	0.433829
-0.169618	-0.112495
0.0259294	0.354995
-0.919216	-0.791786
-0.213073	0.36192
-0.376029	0.236539
0.275796	0.132505
-0.310847	-0.264319
-0.560713	-0.160176
0.123703	0.193537
-0.984399	-0.826325
-0.506394	-0.753527
-0.908353	-0.241517
-0.832306	-0.370359
0.0693844	0.231976
1.31872	0.41471
2.30732	0.389091
-0.93008	0.166029
-0.84317	-0.36965
0.699482	-0.43795
-0.723669	-0.301668
-0.571577	-0.180381
-0.799715	-0.881859
0.0150657	0.311525
-0.767124	-0.340679
2.00313	0.353091
-0.137027	0.356488
-0.473803	0.538553
2.17695	0.356998
-0.604168	-0.0402043
-0.538985	0.155279
-0.430348	-0.732009
-0.908353	-0.684675
-0.897489	-0.89841
-0.473803	-0.105156
-0.462939	-0.528013
-0.745396	0.492907
-0.951808	-1.29833
0.558253	0.52582
-0.886625	-0.718667
-0.777988	-0.132578
-0.799715	0.291064
0.210613	-0.0922985
0.254068	0.335834
-1.00613	-0.546223
-0.799715	0.0454071
-0.376029	-0.471289
-0.767124	-0.139171
0.0693844	0.146789
-0.886625	0.276411
-0.66935	-0.661025
-0.712805	0.491279
0.210613	-0.147852
1.27526	0.326555
0.0585207	0.348986
1.48167	0.0519551
1.81845	0.685995
0.0150657	-0.016804
-0.419484	0.0520658
-0.289119	0.177337
-0.864898	0.528164
-0.169618	-0.308201
-0.0718443	0.0812627
0.0802482	-0.203494
0.210613	0.0536422
-0.104436	-0.141376
-0.701941	-0.767534
-0.701941	0.632227
0.297523	0.282026
0.775528	0.758661
0.145431	0.370766
-0.680214	0.363451
-0.00666181	0.281268
-0.430348	0.150627
2.33991	0.239606
-0.538985	0.133353
-1.00613	-0.582449
-0.658487	0.510058
-0.0935718	0.43708
-0.701941	-0.518353
-0.0283893	-0.053891
-0.75626	0.523131
0.264932	0.453786
-0.788851	0.299938
0.0150657	0.319309
-0.452075	0.608182
-0.506394	0.436952
-0.223937	0.604936
-0.40862	-0.0203334
-0.734533	0.383473
0.514798	-0.531907
1.1123	0.571633
-0.984399	0.131203
-0.462939	-0.0446551
-0.223937	-0.138778
0.0259294	-0.0897355
-0.908353	0.287358
1.42735	0.241109
-0.571577	-0.324394
-0.66935	0.432071
-0.832306	0.195202
-0.897489	-0.466003
-0.647623	0.305061
0.0367932	0.34551
-0.940944	-0.533077
-0.430348	-0.243011
-0.484667	0.0699252
-0.821443	-1.02734
1.80758	0.560481
2.03572	0.544536
0.254068	0.496169
-0.0609805	0.13161
-0.506394	-0.349276
-0.734533	0.123287
-0.604168	0.330777
-0.951808	-0.23199
-0.473803	0.103206
-0.810579	-0.165081
0.514798	0.465285
-0.354302	0.397187
-0.00666181	-0.615326
-0.886625	-0.163842
0.156294	0.227994
-0.549849	0.0780047
0.0585207	0.0725928
-0.0609805	0.395525
-1.01699	0.155214
-0.0283893	0.479065
-0.430348	0.596469
-0.84317	0.402612
-0.701941	0.438086
-0.538985	-0.586341
0.167158	0.608224
-0.84317	-0.308656
3.46974	0.552738
-0.691078	0.169288
-0.58244	0.233498
-0.93008	-0.783855
-0.419484	0.487995
-0.897489	-0.371828
0.264932	0.349248
-0.40862	0.128399
-0.854034	-0.348172
1.27526	0.264546
-0.919216	-1.17924
1.36217	0.737046
0.656027	0.658038
0.0367932	-0.0686198
-0.832306	-0.482056
-0.875761	-0.393472
-0.984399	-1.1555
0.243204	0.665375
-0.93008	-0.620741
-0.441212	0.322425
0.916757	0.395519
-0.701941	0.188277
-0.126163	0.136891
2.20954	0.0695774
1.99227	0.40929
-0.745396	-0.0319414
-0.289119	0.193826
0.156294	0.353564
2.63323	0.51504
-0.528122	-0.543865
1.28612	0.361746
-0.701941	-0.491384
-0.821443	-0.238126
-0.951808	-0.657815
-0.712805	-0.133262
-0.832306	-0.100882
0.688618	0.49958
-0.984399	0.337137
2.07918	0.608547
-0.734533	-1.00769
-0.484667	0.443028
-0.560713	-0.369746
-0.973535	-0.888114
0.254068	0.399999
0.775528	0.570416
1.18835	-0.260346
-0.864898	-0.760175
2.01399	0.576755
-0.615032	0.187745
-0.0501168	0.286677
0.406161	0.269384
-0.821443	0.53591
-0.636759	-1.21211
-0.0609805	0.165168
-0.0935718	0.246714
-0.560713	0.368575
-0.49553	0.274405
1.97054	0.0890645
0.264932	-0.060552
-0.256528	-0.180439
-0.593304	0.309387
0.123703	0.360934
3.41542	0.530416
-0.940944	-0.65064
0.243204	0.467204
-0.14789	0.154613
-0.745396	-1.03102
-0.484667	0.309759
0.482207	0.0739896
1.36217	0.524041
-0.213073	-0.221077
-0.0175256	0.34256
-0.940944	0.344753
0.0259294	-0.0844927
-0.604168	0.279153
-0.777988	-0.603548
0.0476569	0.551862
-0.810579	-0.519882
1.64463	0.530155
-0.2348	-0.321599
-0.919216	-0.610487
-0.376029	-0.446748
-0.821443	0.54747
-0.973535	0.361796
-0.897489	-0.49978
-0.386893	-0.112679
-0.386893	0.450247
2.82878	0.0399167
-0.658487	-0.378382
-0.886625	-0.181559
-0.962671	-0.299185
0.101976	0.321076
0.884165	0.102272
0.829847	0.720651
-0.397757	-0.637523
-0.615032	-0.607146
-0.0283893	-0.122535
0.199749	-0.0419085
-0.995263	-0.299228
-0.712805	0.476845
-0.256528	0.194647
-0.788851	0.152412
-0.995263	-0.651913
-0.93008	0.230892
0.319251	0.437692
1.9814	0.492046
1.29699	0.0271039
-0.332574	0.310883
0.482207	0.357066
1.48167	0.479819
-0.615032	-0.0675244
-0.354302	-0.0934904
-0.832306	-0.400562
0.232341	0.623461
1.1449	0.356925
-0.267392	-0.373181
-0.93008	-1.42999
-0.473803	0.469354
3.19814	0.45954
-0.299983	0.45856
-0.919216	-0.68209
-0.799715	-0.0288017
1.21008	-0.409894
0.210613	0.534366
-0.940944	-0.954828
-0.799715	-1.58301
-0.908353	-0.00817255
-0.919216	-0.185972
0.221477	0.799469
-0.984399	-0.850176
0.0367932	-0.0182328
-0.864898	-0.105866
-0.126163	-0.718032
-0.604168	-0.871947
-0.940944	-0.527598
-0.680214	-0.644799
-0.126163	0.166498
-0.799715	-0.513411
0.373569	0.0300012
-0.712805	-0.536859
-0.604168	0.340919
-0.40862	-0.578748
-0.919216	-0.651099
0.503934	-0.281876
-0.32171	0.198651
-0.788851	-0.625368
0.395297	0.143352
0.49307	0.561395
0.362706	0.39169
-0.93008	-1.44158
-0.191345	0.14585
0.297523	-0.370698
0.417024	0.202511
1.77499	0.508914
-0.397757	0.315061
-0.126163	-0.0903515
-0.0283893	-0.598149
-0.49553	0.142995
0.156294	-0.454391
4.16502	0.452906
-0.864898	-0.653214
-0.886625	0.453664
1.21008	0.147413
-0.951808	-0.991736
-0.473803	0.103206
-0.919216	-0.879821
1.65549	0.186672
-0.2348	0.266832
0.482207	0.38784
0.547389	0.453209
0.460479	0.174342
0.243204	-0.18891
-0.84317	-0.286378
0.221477	0.134207
0.286659	-0.348207
1.73154	0.381711
-0.821443	-0.386608
-0.2348	0.250176
-0.973535	0.506662
1.67722	0.370392
0.156294	-0.217128
5.15362	0.723339
-0.875761	-0.18208
-0.767124	-0.540954
-0.777988	-0.749849
0.503934	0.362096
1.00367	0.179851
-0.267392	-0.189073
0.938484	0.276635
0.0693844	-0.76924
0.905893	0.0825531
-0.452075	0.756154
-0.137027	0.170862
-0.462939	0.489232
-0.821443	-0.430461
-0.462939	0.285234
-0.441212	0.377376
0.818983	0.635996
-0.560713	0.212156
-0.93008	-0.939184
-0.734533	-0.455105
-0.821443	-0.289117
-0.810579	-0.994233
-0.93008	-0.527337
-1.00613	-1.1672
-0.84317	-0.614249
0.406161	0.342314
-0.951808	-0.808804
-0.549849	-0.149316
0.460479	0.376779
-0.0501168	-0.414159
2.88309	0.74247
1.44908	0.478309
0.634299	0.475589
0.590844	-0.124197
-0.538985	0.0143288
0.775528	0.665658
-0.441212	0.137919
-0.93008	-0.183342
-0.104436	-0.336202
-0.973535	-0.75483
-0.0718443	-0.0762107
-0.462939	0.433929
-0.886625	-1.01884
-0.940944	-0.275778
0.92762	0.381921
-0.625895	-0.025524
0.601708	0.155412
-0.984399	-1.13442
-0.93008	-0.915211
-0.951808	0.469993
-0.365165	0.35117
0.0802482	0.194947
-0.169618	-0.150914
-0.32171	0.542745
0.971075	0.127802
-0.32171	0.252437
-0.0935718	0.478685
-0.821443	-0.429922
0.275796	-0.46111
-0.908353	0.282512
-0.191345	0.201513
-0.223937	0.484233
-0.712805	-1.14046
0.57998	-0.364002
0.460479	-0.863999
-0.00666181	0.424916
-0.58244	0.506068
-0.386893	-0.287222
0.134567	0.646541
-0.560713	-0.0047659
2.11177	0.418326
0.123703	0.404633
1.17749	0.445429
-0.788851	-0.00771802
-0.984399	-0.940898
-0.039253	0.0359909
-0.767124	-0.357522
1.04712	0.360591
-0.549849	0.287727
-0.202209	-0.145707
-0.810579	-0.0114923
0.503934	0.397141
2.02486	0.0989753
1.19921	0.286242
0.981939	-0.528727
-0.75626	0.0370042
-0.908353	-0.653486
-0.745396	0.207787
-0.854034	-1.37087
0.101976	-0.102887
-1.01699	-0.721411
-0.0609805	0.409083
-0.93008	-1.03733
-0.365165	0.163866
-0.734533	-0.850535
-0.397757	0.0625527
-0.126163	0.576832
3.67615	0.600368
-0.082708	0.410304
-0.973535	-0.858514
0.330114	0.417167
-0.701941	-0.271516
-0.0283893	-0.558836
1.21008	0.132655
-0.875761	0.0475638
0.732073	0.603384
0.884165	0.541196
0.677754	0.175072
-0.0501168	0.102073
-0.864898	-0.973489
-0.854034	-0.114468
0.525662	0.424499
-0.636759	-1.21211
2.69841	0.610694
-0.821443	0.242358
1.2644	0.427846
-0.213073	0.305136
1.85104	0.0822385
-0.821443	-0.573793
-0.180482	0.447037
0.362706	0.172866
0.417024	0.211551
-0.441212	-0.322434
-0.332574	0.63369
0.254068	-0.00320271
-0.267392	0.196795
-0.723669	-0.333372
-0.00666181	0.424911
-0.810579	-1.41051
-0.376029	-0.237765
0.862438	0.240446
-0.864898	-0.402553
-0.919216	-0.674109
-0.701941	-0.0930817
-0.299983	0.460848
-0.0283893	0.176477
-0.473803	-0.222411
0.905893	-0.29575
-0.93008	-0.397328
-0.93008	-0.767832
-0.973535	-0.641275
0.134567	-0.0339779
-0.517258	0.43035
1.78586	0.341088
-0.0283893	0.424317
-0.919216	-0.415701
-0.386893	0.310822
-0.940944	-0.877937
-0.462939	-0.569978
0.438752	0.501353
1.54685	-0.0834489
0.938484	0.404299
-0.940944	-0.201851
3.20901	0.839174
-0.082708	0.139812
2.68755	0.463621
0.0259294	0.0423266
3.54578	0.153285
1.19921	0.173794
-0.137027	-0.397416
-0.701941	0.12237
1.49254	-0.026864
0.688618	0.0570491
0.123703	-0.175345
-0.777988	0.0788964
0.221477	0.0787944
-0.299983	-0.409286
-0.462939	0.685972
0.406161	0.0343747
-0.854034	-0.394808
-0.365165	-0.425312
-0.039253	0.485939
-0.58244	0.506068
-0.832306	-0.397655
-0.788851	-0.916873
-0.886625	-1.02474
-0.256528	0.149897
0.710345	0.610618
-0.441212	0.0295842
0.188886	0.122314
-1.00613	-0.819082
-0.538985	0.241841
-0.908353	-0.834995
2.01399	0.401432
-0.897489	-1.11375
1.49254	0.63131
-0.951808	-0.246035
-0.810579	-0.500747
-0.658487	-0.548566
-0.788851	0.426247
-0.560713	0.351681
-0.0935718	-0.0359334
-0.223937	-0.138189
-0.560713	-0.155012
-0.0718443	0.465773
-0.864898	-0.463287
0.438752	0.504971
-0.919216	-0.357295
-0.169618	0.308394
2.17695	0.510638
2.00313	0.088162
-0.799715	0.0192129
-0.354302	0.180276
-0.951808	-0.358054
1.15576	0.304649
-0.864898	-0.863491
-0.832306	-0.490147
-0.104436	0.159701
-0.93008	0.12183
-0.0175256	0.222079
-0.854034	0.274259
-0.560713	-0.236739
-0.777988	-1.28707
0.0259294	0.590825
-0.571577	-0.225452
0.471343	0.303356
0.601708	-0.207834
-0.93008	0.344473
2.07918	0.544514
-0.039253	0.491
0.406161	0.0905585
-0.365165	-0.0296832
-0.875761	-0.564316
-0.951808	-0.227916
0.905893	0.62788
-1.06045	0.401573
-0.973535	-1.12812
-0.636759	-0.292316
-0.951808	-0.452454
-0.278255	0.50216
4.54525	0.625166
0.384433	0.251908
-0.14789	0.22716
-0.647623	-0.0662437
-0.332574	-0.193921
-0.636759	-0.858237
-0.658487	0.21792
-0.126163	0.175761
2.731	0.323027
0.558253	0.394924
-0.549849	0.476501
0.406161	0.745225
0.634299	0.143698
0.297523	0.519264
0.590844	0.293359
-0.517258	0.456712
-0.951808	-0.985856
3.25246	0.544831
1.56858	0.0589791
-0.430348	0.658618
0.112839	0.553496
-0.00666181	0.446778
-0.40862	0.443877
4.1107	0.128182
-0.897489	-0.744535
2.1009	0.697394
-0.767124	0.355932
-0.886625	-0.25301
-0.875761	-0.302103
-0.962671	-0.841227
-0.799715	-0.553479
-0.897489	0.0255225
0.438752	0.0853165
-0.723669	-1.09968
-0.886625	-0.129086
-0.354302	-0.260668
0.286659	0.283594
-0.984399	-0.391033
-0.962671	-1.39821
-0.082708	0.282694
1.70981	0.591294
-0.897489	-1.19902
1.94881	0.400536
-0.777988	-0.0759276
0.330114	-0.249225
0.308387	0.626686
1.10144	0.522151
0.482207	0.135554
-0.984399	-0.382627
1.2644	0.471023
-0.365165	0.570361
0.406161	-0.752301
0.156294	0.211141
-0.75626	-0.65884
-0.462939	0.169164
-0.517258	0.602834
0.167158	-0.330468
1.91622	0.266315
-0.213073	0.339341
-0.864898	0.325294
1.04712	0.365758
-0.636759	-0.274439
0.134567	0.372508
-0.777988	-0.798347
0.123703	-0.000132356
-0.213073	0.0648016
-0.32171	0.416607
0.362706	-0.46498
0.395297	0.231785
-0.419484	0.337898
-0.419484	-0.357316
2.14436	-0.159479
0.438752	0.686727
-0.745396	-0.802659
-0.854034	0.438275
0.156294	0.336193
-0.615032	0.149814
-0.452075	0.289732
-0.354302	-0.536806
-0.919216	0.542529
-0.40862	0.204895
0.319251	0.358331
-0.40862	-0.480696
-0.767124	-0.557127
0.167158	0.0789058
-0.40862	-0.332062
-0.864898	0.248673
-0.289119	0.372629
0.351842	0.147063
-0.32171	0.0577294
-0.84317	-0.632293
-0.245664	0.147701
-0.213073	0.197291
-0.788851	0.589748
-0.0501168	-0.91068
-0.00666181	0.034789
1.85104	-0.0845552
-0.419484	0.432225
0.66689	0.324494
0.395297	0.361745
-0.897489	-0.475008
1.53599	0.597749
-0.854034	-0.37857
-0.75626	-0.637746
-0.723669	0.050488
-0.604168	0.3963
-0.799715	-0.201821
-0.897489	-0.935231
0.210613	-0.0170455
-1.02785	-0.73051
0.916757	-0.1526
-0.40862	-0.374295
1.22094	0.549488
-0.615032	0.154588
0.417024	0.27651
0.0585207	0.163332
-0.430348	0.197501
-0.528122	0.111388
-0.75626	0.21786
-0.897489	-0.305562
0.232341	0.41234
-0.734533	-0.423372
-0.560713	0.127239
-1.00613	-0.144331
-0.2348	-0.234556
-1.00613	0.348491
-0.875761	-0.984993
-0.538985	-0.670653
0.199749	0.462816
0.905893	0.486796
-0.712805	-0.13108
0.112839	-0.820938
-0.158754	0.417645
-0.973535	-0.192357
0.145431	-0.124072
-0.875761	0.0475638
0.264932	-0.340703
-0.115299	0.0504081
-0.821443	0.0823805
-0.734533	0.366105
0.264932	0.0935665
-0.223937	-0.0540189
-0.734533	-0.31375
-0.538985	-0.571506
1.63376	0.448747
-0.680214	0.127665
0.677754	0.0685276
-0.332574	-1.23786
-0.691078	-0.439869
0.732073	-0.010466
0.156294	0.234854
-0.919216	-0.452697
0.264932	0.128094
-0.332574	-0.129638
-0.658487	0.362766
-0.452075	-0.232916
-0.723669	-0.337004
0.92762	0.526658
-0.897489	-0.699736
0.623435	-0.151765
-0.310847	0.0466322
5.97926	0.681957
-0.75626	-0.168969
1.07971	0.407906
0.0367932	-0.0255598
-0.082708	0.332446
0.742937	0.528291
0.992803	0.34602
0.178022	0.511266
-0.973535	-0.612641
0.221477	0.178325
-0.777988	0.283276
0.0693844	0.334946
-1.03872	-0.394258
-0.452075	0.575564
1.85104	0.569115
0.84071	0.0606205
-0.777988	-0.303092
-0.137027	0.263797
-0.484667	0.105321
-0.517258	-0.0249704
1.02539	-0.0163573
0.449616	-0.0261388
-0.0935718	0.733857
0.362706	0.64231
1.92708	0.467263
0.569117	0.628353
-0.832306	-0.890757
2.11177	0.649913
0.688618	0.343248
0.916757	0.464805
-0.343438	-0.0169711
-0.636759	0.35456
0.178022	0.470398
-0.343438	-0.430052
-0.680214	-0.776012
-0.973535	-1.07076
0.49307	0.408789
-0.788851	0.332778
-0.908353	-0.758533
0.308387	0.00695947
0.156294	0.465639
-0.430348	-0.679901
-0.908353	0.119829
-0.75626	-0.710763
-0.397757	-0.473028
-0.49553	0.463433
-0.104436	-0.18526
0.427888	-0.697864
-0.647623	-1.13898
-0.712805	-0.0838918
-0.745396	-0.475386
-0.430348	0.212799
0.84071	0.111021
2.76359	0.57533
-0.854034	-0.942101
-0.593304	0.421615
-0.973535	-0.695165
-0.799715	-0.228599
0.797255	0.105172
1.51426	0.510407
-0.473803	0.431075
0.84071	-0.0184252
-0.919216	-0.573437
1.81845	0.418201
0.178022	-0.00386664
-0.66935	-0.565748
0.0693844	0.368844
-0.84317	0.411388
-0.419484	0.0520658
-0.810579	-0.620342
-0.310847	-0.161511
-0.0283893	-0.455417
-0.332574	-0.131142
-0.691078	-0.716434
-0.897489	-0.47819
-0.213073	-0.192234
0.873302	-0.358067
-0.223937	0.299501
-0.919216	0.118308
0.829847	0.50999
0.92762	0.432525
-1.01699	-0.760894
-0.734533	-1.02481
0.264932	0.337948
-0.365165	0.386482
-0.788851	0.582606
-0.191345	0.41847
-0.40862	0.330411
-0.32171	0.0940367
-0.864898	-0.475966
0.862438	0.404543
1.88363	-0.0583126
-0.658487	-1.54984
-1.04958	-0.215201
-0.864898	0.130096
0.384433	0.390341
-0.788851	-0.0622816
0.0476569	0.261486
1.02539	0.291295
-0.376029	0.349511
-0.680214	0.284946
1.39476	0.324403
0.851574	0.620054
-0.658487	0.308218
-0.604168	-0.847771
-0.93008	0.42355
-0.0283893	-0.719833
-0.908353	-0.797564
0.134567	0.259964
-0.571577	-1.7073
0.57998	0.0821669
-0.191345	-0.122446
-0.452075	0.292061
0.569117	-0.238013
-1.04958	-0.797315
1.8619	-0.187479
-0.93008	-0.605714
-0.213073	-0.00506936
1.16662	0.429553
-0.560713	-0.34911
1.22094	0.319831
2.06831	0.676181
-0.180482	-0.65294
-0.115299	0.00453906
0.340978	0.520958
-0.864898	-0.159025
1.21008	0.00741206
-0.691078	0.248262
-0.691078	0.567126
1.29699	0.262641
-0.289119	0.239371
-0.951808	-0.0938074
3.76306	0.774337
-0.777988	0.108805
0.145431	0.449715
-0.636759	-0.8421
0.721209	0.393305
0.742937	-1.03126
-0.104436	0.158656
-0.951808	-0.41502
-0.473803	-0.0238957
0.49307	0.447384
1.1123	0.492753
-0.299983	0.0629068
1.12317	-0.269357
-0.951808	0.228372
-0.0283893	-0.170227
-0.528122	-0.284174
-0.75626	-0.514498
-0.940944	-0.286368
-0.549849	-0.111641
-0.897489	-0.138263
2.20954	0.0846998
-0.940944	-0.730396
-0.995263	-0.664129
-0.908353	-0.862501
-0.191345	0.211418
0.558253	-0.128535
-0.267392	0.0657347
-0.14789	-0.052155
2.56805	0.387006
0.764664	-0.229894
-0.767124	-0.0557714
-0.115299	-0.760355
-0.647623	0.519997
-0.767124	-0.518472
-0.310847	0.144295
-0.723669	-0.451998
-0.951808	-0.844715
-0.647623	0.15832
-0.810579	-0.668183
0.0911119	-0.203574
0.330114	-0.044991
-0.310847	0.58421
-0.615032	-0.351657
0.178022	0.385787
-0.886625	-0.283074
0.699482	0.363493
-0.191345	0.190689
1.32958	0.465844
-0.962671	-0.69581
-0.821443	0.188353
0.460479	0.408769
-0.615032	-0.0334513
-1.00613	0.00667388
-0.919216	-1.07592
-0.137027	-0.0454251
2.89396	0.325543
-0.908353	-0.035308
-0.810579	-0.583281
-0.332574	-0.349485
-0.810579	-0.588513
-0.647623	-0.373156
-0.984399	-0.333505
-0.213073	-0.0714297
-0.517258	0.344483
-0.256528	0.256313
0.0693844	0.143252
1.04712	0.180326
-0.452075	-0.925796
-0.875761	-0.556111
0.0150657	0.351091
-0.734533	-0.381317
-0.875761	-1.12805
-0.66935	0.456256
0.178022	-0.558545
-0.777988	-0.351217
-0.788851	-0.267243
-0.365165	0.705109
-0.365165	-0.355952
0.742937	0.170609
2.79618	0.209623
-0.767124	-0.414857
0.57998	-0.118079
-0.810579	-0.479294
-0.788851	-0.562444
-0.908353	-0.343288
-0.32171	0.321482
0.818983	0.0551683
0.101976	0.468434
1.39476	0.859631
1.57945	0.527841
-0.484667	-0.331181
0.721209	0.462609
-0.919216	-0.791786
-0.854034	-0.461627
-0.625895	-0.366171
-0.799715	0.166249
1.27526	0.254146
-0.897489	-1.53699
-0.430348	0.380265
2.57891	0.487616
0.0367932	0.248466
2.02486	0.405377
-0.104436	0.0101741
-0.908353	-0.91646
-0.538985	0.162301
2.65496	0.471718
-0.473803	0.228122
0.482207	0.556772
-0.919216	0.43328
-0.908353	-0.625809
-0.821443	-1.43505
-0.854034	-0.588366
-0.278255	0.335496
-0.799715	-1.5606
2.68755	0.169215
-0.832306	0.123842
-0.343438	-0.195774
-0.289119	-0.0360761
0.623435	-0.0373138
-0.343438	-0.195774
-0.84317	0.425554
-0.75626	0.105916
-0.0935718	0.434581
0.525662	0.0665695
-0.419484	0.606195
0.482207	0.44798
1.32958	0.32744
0.384433	0.34954
1.15576	-0.0695355
-0.245664	-0.12422
-0.908353	-1.11511
-0.919216	-0.319738
-0.528122	-0.0317602
0.699482	0.18107
-0.202209	-0.725972
-0.886625	-0.386664
0.558253	-0.0211962
-0.104436	0.0519852
0.873302	0.674011
-0.137027	-0.338632
-0.832306	-0.0910618
-0.299983	0.262903
0.340978	0.248915
-0.658487	-0.483329
-0.267392	0.505372
-0.0935718	0.458608
-0.636759	0.333623
-0.864898	-0.0144664
-0.180482	0.289822
-0.84317	-0.308656
2.38336	0.273374
-0.343438	-0.0919428
-0.365165	-0.137136
-0.919216	0.100693
-0.962671	0.127185
0.438752	-0.150503
-0.14789	0.313019
-0.973535	0.236853
1.13403	0.11627
-0.680214	0.457627
-0.788851	-0.625368
0.406161	0.344471
1.57945	0.396584
-0.886625	-1.33501
1.37303	0.307908
-0.864898	-0.488517
2.20954	0.306425
-0.32171	0.37681
-0.14789	-0.345533
-0.864898	0.396215
1.43822	0.79881
0.764664	0.258769
0.221477	0.479117
-0.832306	0.34871
0.0150657	0.405132
0.971075	-0.0425681
4.66475	0.51806
0.308387	0.394829
0.92762	-0.330908
-0.897489	-1.05271
-0.919216	-0.713077
0.00420194	-0.204796
-0.636759	-0.258747
-0.973535	-0.374598
0.145431	-0.439418
-0.0718443	-0.606637
1.77499	0.523862
-0.376029	-0.140322
3.26333	0.617608
0.319251	0.417549
-0.66935	-1.09939
0.210613	0.358202
0.243204	-0.0877654
0.873302	0.674011
1.64463	0.530155
1.43822	0.462418
-0.962671	-0.67857
-0.973535	-1.22524
-0.777988	0.387592
0.232341	0.125909
0.406161	0.372824
1.94881	0.623804
-0.354302	0.516764
1.19921	0.433005
3.16555	0.357157
-0.354302	-0.46347
-0.973535	-0.0612619
-0.734533	-0.296473
-0.082708	0.569162
-0.919216	-0.234212
0.210613	0.264879
0.156294	0.404106
-0.343438	0.19658
-0.984399	-1.25313
0.732073	0.228288
0.0802482	0.413411
-0.0935718	-0.341105
-0.256528	-0.15215
1.2644	0.277275
0.634299	0.100621
3.62183	0.404093
-0.897489	-0.967299
0.308387	-0.137772
-0.995263	-0.810158
0.0476569	0.261486
0.362706	0.214833
-0.593304	-0.319988
-0.951808	-0.290183
-0.940944	-0.503493
0.569117	0.428441
-0.0609805	-0.52714
-0.636759	-0.0653038
-0.821443	-0.520536
1.17749	-0.318803
-0.32171	-0.0601272
-0.49553	-0.220965
-0.441212	0.319384
0.199749	-0.253241
0.764664	0.120609
-0.430348	-0.145053
-0.973535	-0.402064
-0.973535	0.0848449
-0.397757	0.351709
0.0259294	-0.416922
3.80651	0.384807
0.558253	0.211323
-0.886625	0.357681
-0.2348	-0.36031
0.66689	0.362717
-0.289119	0.347689
0.406161	0.0525315
2.93741	0.79197
-0.886625	0.229144
-0.126163	-0.654022
1.1123	0.254445
-0.593304	-0.428454
-0.245664	0.350114
-0.528122	-0.285252
0.851574	-0.117648
0.829847	0.607763
0.0693844	0.0662004
1.85104	0.450607
-0.278255	0.369016
-0.886625	-0.382395
0.0476569	0.4651
-0.137027	-0.198668
0.199749	0.0630583
-0.386893	0.158156
-0.864898	-0.703154
1.01453	-0.221766
0.395297	0.0453932
-0.75626	0.327559
2.04659	0.557734
-0.897489	-0.442382
0.514798	0.231378
0.0911119	-0.0271059
-0.897489	-0.744657
-0.777988	-0.185957
-0.788851	-0.440424
-0.2348	0.0282894
1.44908	0.719428
2.30732	0.597565
-0.58244	0.187463
-0.299983	-0.0562362
-0.528122	0.309856
-0.115299	0.408099
-0.701941	-0.541932
2.492	0.5016
-0.788851	0.426372
-0.919216	-0.717328
-0.126163	-0.0006999
-0.658487	-0.158209
-0.506394	0.00420538
-0.777988	-0.834109
0.645163	-0.0540304
-0.213073	0.229198
1.09058	0.462487
3.43715	0.737508
-0.625895	-0.095393
-0.462939	0.409778
-0.0609805	0.000437781
-1.00613	-0.274824
0.112839	-0.200638
-0.267392	-0.851748
-0.58244	0.405429
-0.951808	-0.819967
0.525662	0.780684
-0.897489	0.0458216
-0.886625	-0.874105
-0.908353	0.425668
-0.984399	-0.516778
0.503934	-0.24577
1.7424	0.210539
-0.0283893	0.748973
-0.538985	0.0641718
1.2644	-0.370903
-0.365165	0.0196133
0.764664	0.393679
-0.897489	-0.461482
-0.430348	0.190309
0.221477	-0.363704
-0.908353	-1.15947
-0.875761	-1.09363
1.07971	0.414878
-0.571577	0.159415
-0.267392	0.1925
-0.723669	-0.51636
-0.202209	-0.0418418
-0.180482	-0.626253
-0.788851	-0.886521
-0.615032	-0.298309
-0.289119	0.392138
-0.473803	0.00446474
0.49307	0.396672
-1.00613	0.289293
-0.767124	0.039899
2.20954	0.750691
-0.788851	-0.649783
1.9814	0.389744
2.60064	0.239676
0.590844	0.754323
-0.712805	0.147588
-0.082708	-0.0699203
0.330114	0.45543
-0.897489	-0.373191
-0.897489	-0.38594
3.39369	0.682002
1.34044	0.272965
0.0367932	0.163602
-0.864898	-0.447957
-0.897489	-0.458303
-0.919216	-1.78409
0.00420194	-0.0340781
0.66689	0.165738
0.438752	0.43088
-0.267392	-0.132765
-0.039253	-0.659128
1.3839	0.0362103
1.59031	0.832509
3.14382	0.395056
1.94881	0.295799
0.297523	0.517424
-0.202209	0.397525
-0.886625	-0.829787
0.612572	0.240738
1.3839	0.187721
-0.93008	0.254036
0.634299	0.400811
-0.615032	0.00917897
0.0585207	0.348986
-0.419484	-1.21107
-0.32171	0.229814
-0.745396	0.180129
-0.723669	0.408804
-0.854034	-0.40064
0.460479	0.142473
-0.593304	-0.139756
0.710345	0.548859
-0.777988	-0.535727
0.319251	0.301295
0.406161	0.0343747
-0.691078	-0.231493
-0.386893	-0.531382
0.417024	-0.296196
-0.745396	0.267932
-0.723669	-0.0785154
-0.886625	-0.741873
-0.691078	-0.121805
0.449616	0.0521512
-0.615032	-0.342455
-0.897489	-0.422936
0.340978	0.201273
0.536525	0.0409169
0.851574	0.102025
-0.0935718	-0.355421
-0.897489	-0.458821
-0.40862	-0.619099
-0.528122	-0.187121
2.19868	0.350727
-0.245664	0.178173
-0.745396	-0.242049
-0.962671	-0.708414
0.0476569	0.4651
-0.115299	0.0458681
4.63216	0.813174
-0.245664	-0.281469
0.547389	0.115277
-0.310847	0.0515224
-0.777988	-1.2556
1.17749	0.367459
-0.517258	-0.0482539
0.710345	0.00611431
-0.788851	-0.290282
0.340978	0.740287
-0.875761	-0.430647
-0.777988	0.135528
0.818983	0.285388
0.775528	0.183074
1.77499	0.59508
1.37303	0.306778
-0.039253	-0.546363
0.00420194	0.0034497
-0.289119	0.216361
-0.267392	-0.385011
1.97054	0.00965777
-0.799715	-0.153561
-0.267392	0.333585
-0.14789	0.441948
1.39476	0.327438
-0.191345	0.45412
-0.864898	-0.871691
-0.745396	-0.562106
-0.126163	-0.237348
1.87277	0.35611
0.688618	0.115432
-0.49553	0.0405417
2.16609	-0.262889
0.656027	0.637882
-0.40862	0.426215
-0.245664	-0.0671273
-0.951808	-0.504336
-0.32171	0.116222
-0.40862	0.1329
-0.571577	-0.869022
-0.441212	0.239026
0.797255	-0.137215
0.0476569	0.255899
-0.93008	0.254036
-0.951808	-1.09036
-0.658487	-0.710223
-0.767124	-0.0862645
-0.593304	0.504064
0.732073	0.686943
-0.875761	0.40638
-0.886625	-0.298886
-0.886625	0.300181
-0.354302	0.432479
-0.202209	0.263927
-0.538985	-0.586775
2.93741	0.412856
-0.452075	-0.0232364
-0.832306	-0.328702
-0.799715	0.413993
0.254068	0.426109
-0.278255	0.404557
-0.560713	0.167014
-0.995263	-0.766465
-0.386893	0.689854
-0.549849	-0.509249
-0.310847	0.0698412
-0.419484	-0.476718
-0.767124	0.0683804
0.0476569	0.372683
1.13403	0.435725
-0.180482	0.569042
-0.180482	0.270019
-0.962671	-1.39821
-0.951808	-0.683098
-0.973535	-0.954983
-0.897489	-0.242105
0.49307	0.517441
2.15522	0.868394
-0.419484	-0.0199608
0.0911119	0.393848
-0.538985	-0.075796
-0.256528	0.329918
-0.712805	-0.610536
1.05799	0.0514163
-0.452075	0.369547
0.786392	0.252574
-0.0718443	-0.197826
-0.940944	-0.00442641
-1.01699	-0.240065
-0.75626	-0.133398
0.862438	0.362208
2.02486	0.476821
-0.32171	-0.14682
2.18781	0.214903
1.40563	0.299148
0.623435	-0.200493
-0.767124	0.34283
-0.0501168	0.455562
0.49307	0.65516
-0.647623	-0.250451
-0.984399	-0.346825
1.7424	0.476461
0.395297	0.292701
-0.897489	-0.153381
-0.462939	-0.489935
-0.419484	-0.227796
1.79672	-0.731106
0.862438	0.191748
-0.875761	-0.982793
-0.854034	-0.592765
-1.01699	-0.204212
0.362706	0.253467
-0.919216	-0.548999
-0.104436	0.421474
-0.995263	-0.415684
0.84071	-0.175212
0.49307	0.336972
-0.376029	0.463952
-0.973535	-0.71656
2.26386	0.191562
-0.32171	-0.479939
-0.973535	-0.964064
-0.799715	-0.782342
-0.441212	-0.0811605
0.634299	-0.235042
-0.951808	-0.187226
-0.897489	-0.700021
1.61204	0.564646
-0.799715	0.439035
-0.0283893	0.268988
-0.0935718	0.143793
-0.40862	0.0698681
-0.745396	-0.868569
-0.0718443	0.095343
0.330114	-0.249225
0.264932	0.215808
-0.32171	-0.473261
0.0150657	0.576022
0.188886	0.503622
-0.973535	-0.612641
0.417024	-0.184729
-0.886625	0.397787
-0.310847	0.15046
2.67668	0.428937
0.623435	-0.156127
-0.289119	0.535383
0.145431	0.523842
0.0367932	0.173567
0.764664	0.0851818
0.525662	0.392734
0.797255	0.509057
-0.701941	0.393381
-0.886625	-1.02979
-0.973535	-0.339249
-0.593304	-0.112472
0.406161	0.0343747
-0.625895	-0.375399
0.949348	0.0167696
-0.75626	-0.503174
-0.821443	0.218321
0.503934	0.397141
0.938484	-0.225585
0.178022	-0.355398
-0.202209	-0.267417
-0.386893	-0.0125047
1.40563	0.0994779
-0.289119	0.375639
0.873302	0.674011
0.808119	-0.0720877
1.1449	0.0899271
-0.84317	-0.570329
0.775528	0.241367
-0.625895	0.0411181
-0.908353	-0.241517
-0.84317	-0.603916
-0.723669	0.379128
-0.452075	0.283197
1.19921	0.408985
-0.202209	0.0563228
0.145431	-0.191555
-0.995263	-1.50556
-0.973535	-0.81458
-0.397757	-0.791869
-0.560713	-0.726189
-0.691078	-0.691523
1.30785	0.196354
1.04712	0.381981
1.32958	-0.0833923
-0.419484	-0.210264
-0.180482	0.0558801
-0.343438	0.495716
0.145431	0.2283
-0.75626	-0.159311
0.0802482	0.257157
-0.2348	0.524421
-0.821443	-0.157187
-0.886625	-0.20436
0.319251	-0.596344
8.10856	0.57194
2.02486	0.240473
-0.701941	-0.0531928
1.72067	0.381536
-0.658487	-0.0888444
0.00420194	0.512895
-0.245664	0.245962
-0.104436	-0.16517
-0.560713	0.0370008
-0.647623	-1.01317
-0.0718443	-0.205741
2.731	0.397092
2.47027	0.785096
-0.430348	0.454737
-0.137027	0.407391
-0.734533	0.535994
-0.0935718	0.204563
-0.343438	-0.462181
-0.473803	0.152696
-0.832306	-0.758957
0.330114	-0.463717
-0.940944	-0.0504026
-0.940944	-0.867203
-0.00666181	0.298717
-0.810579	0.255107
1.02539	0.356384
0.286659	0.575549
-0.919216	-1.2944
2.89396	0.325543
-0.908353	-0.767963
-0.864898	-0.990598
-0.832306	0.425037
-0.0501168	0.248593
-0.126163	-0.174905
-0.137027	0.670764
-0.49553	0.145386
-0.191345	0.264214
0.884165	0.62209
0.286659	0.60387
-0.452075	-0.895912
-0.213073	0.152524
-0.908353	0.402586
0.101976	0.486995
-0.202209	0.319392
0.0693844	-0.260932
1.17749	-0.318803
-0.973535	-0.26913
-0.430348	0.11071
-0.549849	0.0348203
0.84071	0.0418781
-0.691078	-0.0569999
-0.0283893	0.343263
-0.202209	0.703814
0.960212	0.44414
-0.854034	0.364342
1.34044	0.491696
-0.897489	-0.816621
-0.908353	-1.40635
1.87277	0.0991232
0.178022	0.282542
0.101976	0.324745
1.45994	0.0886439
-0.886625	-1.04173
-0.821443	-1.01247
-0.365165	-0.17325
-0.875761	-0.01026
-0.658487	-0.0448196
0.123703	0.37992
-0.864898	-0.377108
0.101976	0.490558
-0.343438	-0.0474678
-0.14789	0.0611976
-0.886625	-0.786538
-0.245664	0.338431
-0.386893	-0.0679728
-0.636759	-0.0282564
-0.93008	-0.890523
-0.58244	-0.37139
-0.310847	0.249391
3.81738	0.0391003
-0.462939	0.257397
-0.289119	0.0186801
0.101976	-0.131689
0.0911119	0.32724
-0.397757	0.305906
-0.354302	0.193656
0.101976	-0.134253
-0.593304	-0.215261
0.0911119	-0.0446277
-0.636759	-0.830006
0.514798	0.506366
0.786392	0.563871
-0.549849	0.0773876
2.69841	0.356904
-0.93008	-0.169893
0.145431	0.402333
-0.745396	-0.66216
-0.995263	-0.586728
-0.658487	0.48455
-0.593304	0.505731
0.112839	0.600394
0.232341	-0.309754
-0.419484	0.283534
0.916757	0.211573
-0.636759	-0.369181
0.710345	0.407349
-0.0935718	0.0972908
-0.919216	0.45459
0.916757	0.491961
-0.158754	0.297344
1.35131	0.324021
-0.973535	-0.108353
-0.777988	-0.812097
-0.310847	0.222135
-0.875761	-0.592472
0.167158	-0.575728
-0.962671	-0.13744
1.65549	0.29051
-0.712805	0.278744
-0.484667	0.695257
-0.58244	0.394668
-0.75626	-0.376954
-0.560713	-0.669833
-0.560713	-0.682114
-0.0609805	0.0538693
-0.386893	-0.794689
-0.278255	0.280356
0.884165	0.502407
1.9814	0.336438
0.623435	-0.0610895
-0.202209	0.0704599
-0.517258	-0.00296784
0.656027	0.185978
-0.158754	0.326931
-0.354302	0.371115
0.145431	0.638137
-0.75626	0.0486084
-0.821443	0.0327039
0.210613	-0.0944524
-0.223937	0.318876
2.54632	0.152753
-0.886625	-1.02474
0.438752	0.333425
-0.984399	-0.5937
0.275796	-0.46111
4.14329	0.706869
-0.039253	0.346497
0.145431	0.0137909
-0.484667	-0.0733971
0.92762	0.232139
-0.625895	-1.66844
1.51426	0.456639
0.362706	0.635825
-0.962671	0.13081
0.134567	0.0637302
-0.549849	0.413916
-0.658487	-0.590076
0.112839	0.434837
-0.256528	0.0234723
-0.897489	-0.591846
0.417024	0.264566
0.00420194	0.290782
-0.506394	-0.610886
-0.0283893	-0.359663
1.06885	-0.244946
1.52513	0.116234
-0.191345	0.366037
1.1449	0.318788
-0.419484	-0.105324
0.123703	-0.0973167
-0.821443	-0.189404
-0.658487	-0.241985
-0.332574	0.0749832
-0.919216	-0.341888
-0.0175256	-0.175327
-0.962671	-0.216197
-0.962671	0.0904857
0.57998	0.042297
-0.951808	-0.657677
-1.00613	-0.630917
0.438752	0.69545
-0.712805	0.598546
-0.278255	-0.115223
-0.299983	-0.00320252
-0.919216	0.372293
-0.951808	0.127576
-0.538985	0.370282
-0.680214	-0.090074
-0.886625	0.203717
-0.0175256	-0.474943
0.134567	0.862605
4.67561	0.519411
-0.430348	0.476928
-0.919216	-0.178202
-0.289119	-0.208012
0.699482	0.329876
0.460479	0.455867
-0.14789	-0.215383
-0.528122	-0.0883179
-0.528122	0.550928
-0.940944	-0.650392
-0.115299	0.243762
-0.473803	-1.33559
-0.84317	-0.191726
-0.169618	-0.725094
-0.560713	-0.182377
-0.267392	0.26591
-0.354302	-0.0680337
-0.506394	-1.2935
-0.310847	0.00545004
-0.962671	-0.853865
-0.49553	0.524697
-0.962671	-0.808768
1.7424	0.655185
-0.962671	-1.06329
0.0585207	-0.0461535
-0.191345	0.516279
-0.75626	-0.0719126
-0.299983	-0.337388
-0.376029	-0.193135
0.699482	0.398718
-0.310847	0.048972
-0.897489	-0.683992
0.427888	0.480581
-0.810579	-0.765356
-0.973535	-0.500776
1.49254	0.528375
-0.810579	-0.158998
0.188886	0.553571
-0.864898	-0.2616
0.699482	-0.0235755
1.85104	0.39259
-0.940944	-0.636768
-0.973535	-1.47132
-0.951808	0.174392
-0.84317	0.163875
-0.528122	-0.36512
-0.40862	0.342352
1.93795	0.232062
-1.00613	-0.0895331
2.14436	0.317134
-0.267392	0.0657347
-0.310847	0.28776
0.699482	0.422436
-0.897489	-0.786133
-0.745396	0.591468
-0.386893	-0.110382
-0.658487	-0.829479
1.17749	0.149747
-0.593304	0.340879
1.39476	0.464303
-0.0609805	-0.285786
-0.0501168	0.152873
-0.40862	-0.1045
1.06885	0.331648
-0.93008	-0.371583
-0.191345	0.151904
0.482207	-0.258225
-1.00613	0.404006
0.438752	0.284368
0.134567	-0.277758
-0.625895	-0.0723831
0.992803	0.351732
0.330114	0.0433326
-0.951808	-0.763847
1.23181	0.610298
-0.549849	-0.491258
0.167158	0.361997
-0.452075	-0.253751
7.72832	0.695572
-0.908353	-0.878615
3.14382	0.345685
-0.93008	-0.714501
-0.528122	0.519112
-0.397757	0.157961
0.829847	0.0532655
-0.84317	-0.521823
-0.93008	-0.408959
2.02486	0.552393
-0.919216	0.136323
0.829847	0.0413031
0.286659	-0.206921
-0.897489	0.202938
-0.940944	-1.00335
-0.00666181	0.388946
-0.832306	0.17702
-0.832306	0.233957
0.101976	-0.249597
-0.701941	0.546303
0.558253	0.67201
1.6229	0.606404
-0.32171	-1.02957
-0.712805	-0.308455
-0.40862	0.71889
-0.560713	0.354542
2.60064	0.353918
0.373569	0.60261
0.49307	0.178264
0.340978	0.344525
-0.58244	0.437495
3.95861	0.575512
-0.430348	0.542212
1.23181	0.610298
1.13403	0.440278
-0.767124	0.384611
-0.115299	0.450084
-0.712805	0.14958
0.112839	0.0482342
-0.897489	-0.524593
-0.397757	0.41208
1.15576	0.265727
4.29538	0.720315
0.254068	-0.0854009
-0.973535	-0.547506
-0.875761	-0.340404
0.0693844	-0.0843641
-0.984399	-1.14211
1.59031	0.370775
0.254068	0.0462808
0.178022	0.233642
-0.886625	-0.113201
-0.484667	0.190079
0.319251	0.277224
0.66689	0.138232
-0.832306	-1.48886
-0.864898	-0.538424
0.623435	0.394491
-0.419484	0.478487
0.0476569	-0.150902
-0.0609805	0.179672
-0.484667	-0.502095
-0.299983	-0.42301
-0.701941	-1.11875
-0.40862	-0.642248
-0.473803	-0.239287
-0.951808	-0.126234
-0.854034	-0.230236
0.981939	0.185201
1.32958	0.0893595
-0.940944	-0.120394
0.406161	0.0519533
-0.886625	-0.388919
0.297523	0.488517
-0.951808	-0.554163
0.232341	0.45919
-0.473803	-0.108152
-0.473803	0.615398
-0.680214	-0.438597
0.188886	0.297882
-0.875761	0.115495
0.623435	-0.0739161
-0.191345	-0.00826236
-0.473803	0.100303
0.656027	0.287465
-0.799715	-0.0559497
-0.517258	-0.433466
-0.278255	-0.354324
-0.528122	0.478846
-0.506394	-0.966361
2.75273	0.183828
2.29645	0.394468
-0.951808	-0.358054
0.66689	0.00786493
0.862438	-0.106737
-0.821443	-0.500104
-0.593304	-0.426545
-0.93008	-0.286231
0.971075	0.585356
-0.137027	-0.0524364
0.960212	-0.165242
0.482207	-0.44578
1.89449	0.619466
0.297523	0.368273
1.69895	0.113991
-0.180482	0.186031
-0.821443	-0.106966
-0.908353	0.378198
-0.158754	0.193826
2.66582	0.331722
-0.571577	-0.591679
-0.723669	-0.698854
-0.647623	-0.146313
2.11177	0.466779
-0.202209	0.0521729
0.482207	0.719344
0.199749	0.346258
0.895029	0.485264
-0.93008	-0.509112
-0.604168	-0.248888
1.07971	0.0548631
0.319251	0.411934
-0.680214	-0.102596
2.23127	0.77979
0.601708	0.0200145
0.112839	-0.026068
-0.484667	0.0224206
0.0693844	0.439536
1.04712	0.553263
-0.397757	-0.380564
-0.104436	-0.234176
-0.223937	0.299501
-0.40862	-0.448544
-0.245664	0.229485
0.558253	0.016966
-0.875761	-0.226632
0.905893	0.31367
-0.343438	0.536388
0.0585207	-0.157911
-0.973535	-0.216418
1.13403	0.0325648
0.330114	0.839164
-0.854034	-0.215417
-0.32171	0.717853
-0.462939	0.685972
-0.419484	0.259385
1.19921	0.623348
-0.549849	-0.151087
-0.886625	0.198233
0.188886	0.476411
1.3839	0.600894
-0.137027	0.269155
1.00367	0.369799
-0.897489	-0.760565
0.156294	0.11734
-0.701941	-0.464307
-0.886625	-0.406058
-0.734533	-0.339534
-0.75626	0.357665
-0.897489	0.47128
0.710345	0.537944
-0.40862	-0.492254
-0.951808	-1.70703
1.72067	0.562187
-0.723669	-0.73871
0.601708	0.588997
-0.788851	-0.363957
-0.625895	-0.0427905
-0.289119	-0.612839
0.818983	0.448092
-0.082708	-0.0325849
-0.723669	-1.41224
2.16609	-0.0649832
-0.191345	0.175806
0.319251	0.182513
-0.560713	-0.185249
-0.810579	0.12813
-0.723669	0.757621
0.829847	0.510984
-0.810579	-0.11711
-0.267392	-0.673459
-0.169618	-0.109438
0.0259294	0.162257
-0.962671	-0.675721
0.0476569	0.162689
0.92762	0.509426
1.34044	0.53037
-0.919216	-0.343081
0.558253	0.0884653
0.156294	-0.333983
0.0585207	0.0168716
0.438752	0.304451
0.123703	0.0614608
-1.03872	-1.0622
-0.701941	0.73301
0.471343	0.381191
-1.00613	-0.829422
-0.039253	0.400122
-0.864898	-0.0404491
-0.452075	-0.329129
-0.777988	0.162175
-0.84317	-0.98066
-0.506394	0.021641
1.40563	0.0994779
-0.202209	0.20428
-0.484667	0.246404
-0.962671	-1.06515
-0.278255	-0.406305
-0.75626	-0.0345343
0.645163	0.454419
-0.332574	-0.486187
-0.93008	-0.349728
1.10144	0.135059
0.221477	0.0508836
0.395297	0.413163
0.862438	-0.0717299
-0.104436	-0.483178
-0.137027	0.494057
1.19921	0.387798
0.851574	0.750825
-0.886625	-0.135031
-0.137027	0.413099
-0.32171	0.0906062
0.101976	0.204084
-0.84317	0.505889
0.167158	-0.113816
-0.615032	-0.0675244
-0.875761	-0.624717
-0.919216	0.529029
-0.462939	-0.594493
-0.0609805	-0.0912394
0.49307	0.40613
0.101976	0.586567
-0.441212	0.252358
0.417024	0.214326
-0.0935718	0.055521
0.482207	0.24346
0.112839	0.38943
-0.832306	0.0382012
-0.864898	-0.192039
0.0259294	0.442301
1.24267	0.225395
0.243204	0.121645
-0.310847	-0.0851001
0.873302	-0.0289604
-0.625895	-0.288486
0.373569	0.363046
0.123703	0.362746
-0.995263	-0.486151
0.960212	0.638645
3.20901	0.41053
-0.832306	-0.929964
-0.93008	-1.07136
0.49307	0.35461
0.884165	0.460373
-0.473803	0.0788494
-0.528122	-0.476018
-0.821443	-0.437335
3.03519	0.822565
-0.962671	-1.21848
0.101976	0.0084851
0.362706	0.0800074
-0.2348	-0.145474
-0.310847	0.361102
-0.615032	0.392905
3.08951	0.259674
-0.680214	0.23604
-0.571577	0.461001
-0.104436	0.508017
-0.908353	-0.868291
1.5034	0.57085
-0.919216	-0.271418
-0.93008	-0.848019
0.49307	-0.471366
1.59031	0.476797
-0.115299	0.392941
-0.0609805	0.311573
-0.723669	-0.0367704
-0.788851	-0.634001
-0.636759	-0.191311
-0.810579	0.372796
-0.973535	-0.661126
1.67722	0.298027
-0.864898	0.105049
-0.430348	0.0807845
0.340978	-0.313966
-0.864898	-0.886464
-0.0283893	0.102251
0.49307	0.0477347
0.0476569	0.489659
0.0259294	0.21335
-0.973535	-1.03174
-0.973535	-0.593668
-0.604168	-0.775737
1.85104	0.365745
-0.0609805	-0.516161
2.99173	0.496105
-0.647623	-0.640395
-0.962671	-0.467145
-0.767124	0.379295
-0.32171	0.416607
-0.75626	0.327559
-0.832306	-0.340575
0.00420194	0.246211
1.12317	0.0054113
1.84017	0.645437
-0.354302	-0.10488
-0.908353	-0.476217
0.775528	0.570416
-0.962671	-0.653382
-0.58244	0.549059
-0.419484	-0.206406
0.742937	0.449837
-0.32171	0.194144
-0.126163	-0.327212
-0.973535	-1.09539
-0.517258	-0.527187
-0.484667	0.346846
1.94881	0.881424
1.72067	0.774305
-0.680214	0.434766
-0.278255	0.404557
0.243204	-0.0637676
1.49254	0.418711
-0.0609805	0.431784
1.79672	0.450531
0.0150657	0.421361
0.373569	0.00158822
-0.245664	0.550725
-0.615032	0.187745
-0.528122	-0.347633
1.90536	0.577885
1.6229	0.546863
1.45994	0.296419
-0.636759	0.358904
-0.560713	-0.164972
-0.115299	0.356931
0.254068	-0.779656
-0.897489	0.244447
0.721209	0.257864
0.536525	0.26735
0.57998	0.0895392
-0.430348	0.277324
-0.137027	0.282377
-0.104436	0.359879
-0.875761	-0.886441
-0.256528	-0.427684
1.12317	0.504054
0.156294	-0.356245
-0.691078	-0.260084
0.438752	0.370659
-0.962671	-0.75179
-0.647623	0.486385
-0.571577	0.40056
-0.560713	-0.227468
-0.58244	-0.170597
-0.647623	0.17505
-0.962671	0.311741
1.13403	-0.0556417
-0.365165	-0.0876643
0.862438	0.281385
-0.691078	0.296589
-0.137027	0.167089
2.74187	0.812505
2.76359	0.232284
-0.658487	-1.00598
-0.636759	0.104875
-0.00666181	0.407834
-0.723669	0.0760819
-0.213073	-0.25309
-0.625895	0.331668
1.28612	0.0781874
-0.49553	0.843246
-0.202209	0.646549
-0.897489	-0.73385
-0.984399	-0.673523
-0.93008	0.195812
-0.897489	-0.35656
-0.810579	-0.00595302
-0.886625	-0.371714
1.73154	0.389928
-0.940944	0.455667
-0.886625	-0.728676
-0.995263	0.0207408
0.243204	0.507091
0.319251	0.40831
-0.745396	0.0960361
-0.636759	0.0560081
0.112839	0.315153
-0.0609805	-0.793379
1.07971	0.313925
-0.66935	-0.215883
-0.419484	-0.437281
-0.973535	-0.642183
3.57837	0.457342
-0.386893	-0.843766
-0.908353	-0.778691
-0.940944	-0.616509
-0.745396	0.566762
-0.169618	0.0093649
1.00367	0.369799
0.0259294	0.401237
-0.897489	-0.577456
0.427888	0.463005
-0.430348	0.254675
-0.506394	-0.725056
-0.658487	0.33807
-0.180482	0.0964148
0.178022	0.513918
2.50286	0.556211
-1.00613	-1.67611
-0.886625	-0.813548
-0.40862	-0.238499
-0.343438	0.0719377
-0.452075	-0.13365
-0.940944	-0.118953
0.66689	0.191678
-0.082708	0.161688
-0.0283893	0.402309
0.862438	0.432883
-0.158754	0.325806
0.199749	0.368987
-0.799715	0.337874
1.22094	0.319831
-0.864898	-0.685873
0.677754	0.32403
-0.430348	-0.267213
-0.984399	-0.261327
-0.517258	-0.010303
-0.484667	-0.0226021
0.156294	-0.134786
-0.897489	-0.535942
-0.84317	-0.681097
-0.767124	-1.20619
0.0693844	-0.395356
-0.821443	-0.781277
-0.452075	0.268466
-0.560713	-0.280364
-0.0609805	0.334407
-0.473803	0.26864
-0.734533	0.502108
0.0585207	0.34995
1.63376	0.557726
-0.647623	-0.568319
-0.854034	-0.0705505
-0.354302	-0.658269
-0.169618	0.214937
1.49254	-0.215167
-0.832306	0.492492
-0.940944	0.217897
-0.680214	-0.57042
-0.419484	0.193238
-0.2348	-0.197328
-0.202209	-0.725972
-0.767124	-0.313389
-0.625895	0.0384311
-0.58244	-0.233817
0.134567	0.438223
1.2644	0.748472
-0.636759	-0.225304
-0.854034	0.227463
-0.832306	-0.493874
0.656027	-0.103053
-0.712805	-0.277904
-0.115299	0.338466
0.178022	-0.241894
-0.84317	-0.56261
1.18835	0.32166
-0.897489	-0.417177
2.3725	0.486615
1.36217	0.524041
-0.137027	0.280662
0.406161	0.490416
3.53492	0.790975
1.7424	0.532374
-0.951808	-0.736928
-0.343438	0.816045
-0.962671	-0.0835601
-0.213073	0.346817
-0.32171	0.264538
-0.854034	-0.142658
0.297523	0.591948
-0.604168	0.168758
-0.180482	-0.227539
1.24267	0.0895824
0.482207	-0.148176
0.0911119	0.209643
-0.082708	-0.0243095
-0.517258	-0.788702
-0.712805	-0.120005
1.01453	0.441087
2.30732	0.389091
-0.2348	-0.0176519
0.156294	0.0876043
0.112839	0.00402212
-0.701941	-0.670002
-0.14789	0.065218
-0.680214	-0.309073
-0.723669	-0.878032
-0.452075	-0.492522
3.26333	0.617608
-0.126163	0.154214
0.786392	0.252574
2.68755	0.39623
4.19761	0.563729
-0.908353	0.189508
-0.625895	0.360454
-0.864898	-0.84674
0.243204	-0.108406
-0.473803	0.698731
-0.897489	-0.524593
-0.821443	-0.337344
-1.01699	-0.974004
0.590844	-0.113841
-0.571577	-0.850003
0.406161	0.408312
0.536525	0.178942
1.41649	0.385648
-0.636759	-0.330768
-0.376029	0.144958
1.42735	0.098509
0.0150657	0.569906
-0.951808	-0.625524
-0.951808	-0.243525
-0.734533	-0.528568
0.710345	0.335411
-0.473803	0.0136743
0.503934	0.274118
-0.854034	-0.0863989
1.48167	0.533001
1.27526	0.353722
-0.00666181	0.389802
-0.647623	0.405505
-0.213073	-0.586664
0.971075	-0.00359736
-0.604168	-0.597712
-0.202209	-0.571306
-0.832306	0.380098
-0.604168	0.55622
-0.158754	-0.0137425
0.0693844	-0.267625
-0.951808	-0.159602
-0.462939	-0.106956
-0.680214	0.363451
0.590844	-0.263449
0.92762	0.57607
-0.40862	0.432299
-0.951808	-1.08955
-0.875761	-0.704648
1.06885	0.605782
0.884165	0.416716
1.6229	0.583087
-1.00613	-0.274824
-1.00613	-0.282111
0.101976	0.502388
-0.745396	0.180129
-0.962671	-0.16923
0.808119	0.514287
-0.745396	-0.0907093
-0.951808	-0.28623
1.76413	0.415388
-0.0718443	-0.251143
0.297523	-0.0705573
3.66528	0.59848
-0.0718443	-0.0755112
-0.93008	-0.0643733
0.199749	0.211081
-0.832306	-0.713116
3.30678	0.401826
-0.658487	0.283882
-0.908353	-0.83643
0.178022	-0.0384729
-0.84317	-0.788016
1.77499	0.369488
-0.712805	-0.101457
-0.082708	0.0806853
-0.66935	0.0867655
-0.93008	0.218012
0.0150657	-0.016804
-0.973535	-0.776446
-0.462939	-0.489935
0.297523	0.321625
0.232341	0.41234
-0.84317	-0.656316
0.57998	0.501973
-0.864898	-0.538631
-0.419484	0.499285
-0.93008	0.263097
-0.908353	-0.892757
-0.104436	0.123295
0.884165	-0.0101793
0.742937	0.440496
-0.32171	0.314798
-0.604168	-0.601504
0.601708	0.200917
-0.473803	0.357854
-0.560713	-0.250774
-0.984399	-0.296028
0.384433	0.485992
-0.919216	-0.348965
-0.473803	0.331786
-0.767124	0.254018
-0.854034	0.195847
-0.452075	0.337105
-0.658487	0.47451
-0.788851	-0.962685
-0.593304	0.455065
0.536525	0.485623
-0.0935718	0.416029
-0.538985	0.25853
-0.995263	-0.601559
-0.517258	0.197133
-0.571577	-0.700161
-0.169618	-0.71025
-0.84317	-0.57372
-1.00613	-0.772452
-0.604168	0.243204
0.438752	-0.150503
0.362706	0.737649
3.08951	0.345542
0.656027	-0.471074
2.47027	0.501348
2.11177	0.216338
0.112839	0.133921
-0.854034	0.388988
-0.615032	-0.12312
-0.137027	0.558356
-0.549849	-0.36358
1.44908	0.205734
-0.0935718	-0.226546
0.308387	0.376831
-0.810579	-0.380473
-0.984399	0.236096
-0.0935718	0.221202
0.395297	-0.464676
0.547389	0.115277
-0.40862	-0.0791849
0.775528	0.48739
-0.484667	0.506565
-0.082708	-0.0237689
-0.484667	-0.824042
-0.40862	-0.360868
1.40563	0.561057
-0.864898	0.248637
-0.864898	0.248673
1.30785	-0.142623
-0.897489	-0.29231
3.13296	0.465374
1.28612	0.393723
-0.897489	0.0901671
-0.615032	0.330759
-0.940944	-0.519361
0.710345	0.548859
0.362706	0.567753
0.981939	0.206034
-0.191345	0.126254
-0.799715	0.28717
1.53599	0.339327
-0.039253	0.00215819
-0.571577	-0.364049
-0.137027	-0.227892
0.0585207	0.0914139
-0.365165	-0.106911
-0.897489	-0.701403
-0.180482	-0.0834764
-0.213073	-0.25309
-0.875761	-0.809487
0.243204	0.359508
0.145431	-0.190434
-0.115299	0.17417
0.156294	0.401301
0.330114	0.0512321
-0.886625	0.166711
0.677754	0.57113
-0.615032	0.0140954
-0.191345	0.434525
0.569117	0.178441
-0.256528	0.0389985
-0.723669	-1.24168
-0.32171	-0.398601
-0.484667	0.440085
-0.549849	0.326511
3.43715	0.511944
0.503934	0.411844
-1.03872	-0.425123
0.0150657	0.128695
1.44908	0.505647
-0.951808	-0.619034
0.134567	0.325678
-0.93008	-0.293438
3.08951	0.259674
-0.745396	0.396201
-0.973535	-0.244119
-0.908353	-1.27192
1.1123	0.0731578
-0.940944	-0.562572
-0.039253	0.360953
0.427888	0.310132
-0.115299	0.323415
0.156294	0.0298615
2.65496	0.331084
1.04712	0.214206
-0.528122	-0.696064
-0.625895	-0.462121
-0.213073	-0.586664
-0.506394	-1.56177
-0.484667	0.562432
0.634299	0.236181
-0.289119	0.187731
-0.636759	-0.208038
-0.376029	-0.73332
-0.615032	-0.901
-0.788851	-0.562942
-0.908353	-0.27994
0.0585207	0.457144
-0.560713	-0.250215
-0.886625	-0.775618
1.00367	0.436129
-0.191345	0.0754405
0.319251	0.483494
-0.310847	0.327247
-0.940944	-1.33825
0.482207	0.203544
0.873302	0.331257
-0.604168	0.151201
-0.571577	-0.146401
0.0802482	0.344101
1.43822	0.874925
-0.354302	-0.347134
1.9814	0.555883
0.188886	0.33697
-0.604168	-0.444934
-0.278255	-0.0550904
-0.995263	-0.586728
0.49307	-0.0688407
0.49307	0.490351
-0.84317	-0.593095
-0.0718443	0.355403
-0.549849	0.156206
-0.419484	-0.146683
0.0693844	0.35807
-0.864898	-0.251511
0.384433	0.485992
-0.397757	0.139605
-0.767124	0.229405
0.134567	-0.180219
-0.278255	0.0864773
-0.897489	-0.517559
0.938484	0.359891
1.29699	0.100386
2.253	0.649453
-0.549849	-0.473123
-0.32171	-0.14682
-0.082708	-0.251376
0.438752	0.290004
1.3839	0.665591
-0.32171	0.43828
0.319251	0.273624
-0.625895	-0.36047
0.536525	0.335431
0.786392	0.197632
0.525662	-0.34497
-0.397757	-0.0900814
-0.137027	0.200762
0.0150657	0.119533
2.95914	0.335127
0.764664	0.59699
0.123703	0.439213
0.319251	0.237332
-0.919216	-1.03565
-0.984399	-0.371182
0.514798	0.0555658
-0.832306	-0.379019
0.0476569	0.357676
-0.441212	0.680787
0.0150657	0.468283
0.243204	0.330011
-0.767124	-0.99438
-1.03872	-0.471898
-0.973535	-0.561688
-0.973535	-0.0239597
-0.777988	0.428077
-0.299983	-0.36627
1.40563	0.338629
0.7538	0.059807
-0.00666181	0.0139425
-1.00613	-0.521007
-0.462939	0.279013
2.18781	0.634607
2.90482	0.495673
-0.951808	-0.585114
-0.93008	-1.21083
-0.506394	-0.302831
-0.832306	-1.20674
-0.615032	-0.351657
0.101976	-0.143203
0.362706	0.154937
-0.745396	0.168047
0.145431	-0.0776607
-0.712805	-2.01178
-0.223937	-0.0883363
-0.126163	0.275101
2.29645	0.565727
1.97054	0.280547
-0.332574	0.216887
0.590844	0.0284892
1.10144	-0.108063
-1.02785	-1.46965
-0.886625	-0.259797
-0.397757	-0.0708193
1.00367	0.410374
0.0150657	0.0726114
-0.854034	-0.827817
-0.506394	0.341512
-0.332574	0.65661
-0.908353	-1.04711
-0.49553	0.0611777
-0.875761	-0.737955
-0.93008	-1.07136
1.30785	0.51601
-0.973535	0.273343
0.971075	0.230776
-0.158754	0.273075
0.732073	0.372691
0.297523	0.51318
-0.191345	-0.310279
-0.897489	0.0449564
-0.777988	-0.819834
-0.712805	-0.573151
0.0693844	0.379527
-0.32171	0.0473284
-0.0175256	-0.00930337
-0.984399	-0.21935
-0.571577	-0.383181
-0.864898	-0.102348
-0.039253	0.193515
1.22094	0.67144
-0.0501168	0.352625
-0.462939	0.144012
-0.854034	-0.482728
0.449616	0.0448363
0.297523	0.469835
-0.58244	0.0327222
-0.919216	-0.713505
-0.767124	-0.163728
2.92655	0.683425
0.351842	-0.387195
0.0802482	0.0766334
0.101976	0.31307
-0.14789	-0.282494
-0.940944	-0.490194
0.243204	0.342177
2.99173	0.283092
1.85104	0.419806
0.406161	0.436445
-0.767124	0.234869
-0.951808	-0.43323
0.851574	0.278616
0.895029	0.248404
0.0150657	-0.300184
-0.0501168	0.44067
-0.951808	-0.897141
1.84017	0.666986
0.84071	-0.0985228
-0.636759	-0.226115
-0.202209	-0.113852
-0.223937	-0.0664
-0.528122	0.478846
-0.777988	0.210402
0.123703	0.794187
-0.767124	0.248249
0.0367932	0.112735
3.38283	0.631558
0.590844	0.106777
-0.191345	0.111832
-0.615032	-0.279675
-0.854034	-0.371804
0.145431	-0.0339553
0.112839	0.227305
0.0476569	0.295577
2.253	0.193296
0.0693844	0.661749
-0.854034	-0.279524
-0.14789	0.317918
-0.897489	-1.03774
-0.365165	-0.241146
-0.191345	0.303271
-0.93008	-0.278478
-0.636759	-0.369181
2.24213	0.485714
-0.788851	-0.10965
-0.821443	-1.11111
1.36217	0.142443
-0.0718443	-0.326574
-0.430348	-0.235595
-0.2348	-0.548379
-0.299983	-0.337388
-0.2348	0.296804
0.873302	0.224053
-0.701941	-0.183601
-0.908353	0.337083
1.09058	-0.85824
-0.0175256	0.131529
0.362706	-0.0560452
0.818983	0.0848309
-0.897489	-1.08512
-1.01699	-1.81496
0.536525	0.444308
-0.636759	0.0454512
0.0476569	0.0222864
-0.734533	-0.743106
-0.908353	-0.763396
0.84071	-0.103779
-0.799715	-1.10067
0.873302	-0.165441
0.0911119	-0.262815
1.7424	0.191668
-0.452075	-0.0171909
0.0259294	0.482773
-0.854034	-0.170514
-0.810579	-0.788037
0.503934	0.57458
-0.40862	0.514988
-0.0501168	0.0169412
0.503934	0.674979
1.61204	0.394853
-0.354302	-0.0497783
1.22094	-0.230791
-0.256528	-0.174961
-1.00613	-0.608836
-0.854034	-0.730335
-0.462939	-0.100816
-1.02785	-0.492581
2.60064	0.353918
1.28612	0.517424
0.199749	0.382414
-0.441212	0.35686
-0.343438	-0.45782
-0.571577	-0.129538
-0.115299	0.401766
3.21987	0.511933
-0.875761	-0.819848
-0.213073	-0.212822
-0.506394	0.409428
3.25246	0.431527
1.34044	0.520703
-0.973535	0.422089
-0.821443	0.316037
-0.137027	0.289651
-0.995263	-0.507417
0.330114	0.350974
-0.245664	-0.138034
0.57998	0.634381
-0.712805	-0.282156
-0.473803	-0.0184181
0.297523	0.59259
-0.701941	-0.251421
-0.40862	0.159494
-1.00613	-0.630917
-0.951808	-0.309088
-0.310847	0.249391
2.44854	0.429773
-1.00613	-0.901147
-0.777988	-0.206589
-0.93008	0.277893
-0.691078	-0.290749
-0.636759	-0.143095
-0.039253	-0.571299
-0.962671	-0.612814
0.395297	-0.168961
-0.908353	0.284164
2.40509	0.530427
1.53599	0.333341
-0.886625	-0.972591
0.84071	0.417534
0.786392	0.02984
-0.299983	-0.310115
0.558253	0.4438
0.167158	0.638441
-0.799715	-0.0208912
0.275796	0.716468
-0.104436	0.327158
-0.940944	-0.195185
-0.940944	0.181952
0.884165	0.473587
0.634299	0.367155
-0.951808	-0.877948
-0.636759	-1.48526
-0.0175256	-0.0391364
-0.799715	0.0773232
-0.430348	0.255462
0.167158	0.227562
-0.897489	-1.0524
0.601708	0.170746
-1.00613	-0.431182
-0.995263	0.534663
-0.332574	0.496295
-0.973535	0.450979
5.12103	0.708482
0.84071	0.302524
-0.777988	0.256281
0.0802482	0.116761
-0.376029	-0.934223
-0.0283893	-0.0204076
0.438752	-0.056355
-0.441212	0.319384
-0.821443	-0.806282
0.178022	0.521351
-0.908353	-0.580441
-0.528122	0.320958
0.57998	0.364792
2.40509	0.603291
3.89342	0.712797
1.32958	0.409962
-0.126163	0.422277
0.0693844	-0.0843641
1.43822	0.18426
1.52513	0.607687
-0.082708	0.359691
-0.788851	-0.881649
-0.66935	0.207383
2.12263	0.287126
-0.647623	0.321221
-0.897489	-0.35656
0.612572	0.652296
0.449616	0.0475422
-0.712805	-0.05938
-0.940944	-1.01045
-0.875761	-0.513994
1.36217	0.343386
-0.908353	-0.136177
-0.267392	0.0630382
0.938484	0.805783
-0.223937	0.106057
-0.93008	-0.184521
-0.745396	-0.345082
-0.973535	0.351762
0.264932	0.483859
0.536525	0.714747
-0.962671	0.0827959
-0.919216	-0.443915
-0.886625	-0.56453
-0.897489	-0.788158
0.0259294	0.0586392
-0.788851	-0.424887
-0.919216	0.0899617
-0.528122	-0.209464
-0.49553	0.0520913
-0.745396	0.469206
-0.854034	0.18525
0.0476569	0.298927
-0.93008	-0.395683
1.61204	0.534979
-0.75626	-0.20033
0.417024	0.118653
-0.549849	-0.170233
0.188886	0.297882
-0.864898	0.45574
0.319251	0.278989
0.569117	0.3414
-0.191345	-0.110826
0.797255	0.746274
-1.00613	-0.703116
0.84071	0.341724
0.569117	-0.361232
0.536525	0.121504
-0.593304	0.212812
-0.691078	-0.249629
-0.886625	0.250664
-0.625895	0.0356567
-0.940944	-0.652151
0.340978	0.506355
-0.40862	0.0312973
-0.821443	-0.452501
0.590844	-0.124197
0.656027	-0.181226
1.8619	0.0861826
2.57891	-0.0266997
-0.919216	-0.756788
-0.799715	-0.421091
-0.419484	0.0520658
1.12317	-0.219564
-1.02785	-1.26644
-0.908353	-0.0983547
-0.701941	-1.34336
0.514798	-0.531907
0.232341	0.679362
-0.2348	-0.0570562
-0.386893	-0.0901251
-0.962671	-0.242805
1.55772	0.261268
-0.93008	0.41722
1.00367	0.547513
0.210613	-0.236102
3.4806	0.493953
-0.14789	0.0696423
1.21008	0.398962
-0.93008	0.166023
-0.49553	-0.391377
-0.32171	-0.100715
-0.452075	-0.204513
-0.430348	0.225217
-0.289119	0.392138
-0.984399	-0.850176
2.23127	0.705144
2.17695	0.659291
-0.625895	-0.0940137
-0.376029	0.64148
-0.908353	-0.415976
0.0693844	0.0903748
-0.66935	-0.577057
-0.32171	0.142383
-0.462939	-0.00531972
1.68808	0.0911879
-0.875761	-0.228885
-0.223937	0.621544
-0.84317	-0.710991
-0.441212	0.15717
-0.202209	0.0353032
0.829847	0.0455988
0.0259294	0.590825
-0.560713	0.480333
-0.93008	-0.807437
0.101976	0.43041
-0.647623	0.437185
-0.767124	0.248249
-0.962671	-1.16866
-0.995263	-0.138406
-0.919216	-0.746603
-0.84317	0.512409
-0.223937	0.615731
1.2644	0.869157
-0.886625	-0.369716
-0.039253	0.20187
2.26386	0.80526
-0.93008	-0.0570186
-0.962671	-1.55817
-0.691078	-0.744064
1.68808	0.545461
-0.506394	-0.651482
0.482207	0.455359
-0.908353	-0.237565
-0.49553	-0.643676
-0.919216	-0.517946
-1.07131	-1.81245
-0.039253	0.573344
-0.723669	-0.0954685
-0.615032	0.215239
-0.66935	-0.433094
4.03465	0.628933
1.68808	0.252281
-0.66935	0.262044
-0.365165	0.4711
-0.506394	0.351776
-0.886625	-0.364112
0.308387	-0.410821
0.156294	0.515794
-0.202209	0.450184
-0.223937	0.165966
2.01399	0.120579
0.232341	-0.422957
-0.256528	0.736305
-0.75626	-0.292379
-0.919216	-0.806958
-0.0609805	0.193031
-0.897489	-0.570903
-0.647623	0.315549
-0.951808	-1.08955
2.07918	0.15916
3.82824	0.848506
0.427888	0.41853
1.6229	0.339812
-0.158754	0.492268
-0.897489	0.470753
-0.658487	-0.665776
-0.169618	-0.112495
-0.104436	-0.362457
1.02539	-0.0404795
0.254068	0.537507
1.80758	0.640767
-0.810579	-1.05016
-0.962671	-1.13061
0.0585207	-0.940983
-0.875761	-0.538178
-0.897489	-1.64835
-0.75626	-0.99188
-0.58244	-0.262872
0.101976	0.108011
0.243204	0.334843
2.51373	0.491987
-0.647623	-0.968359
0.340978	0.196918
-0.821443	-1.00817
-0.625895	0.6924
-0.528122	0.260698
-0.951808	-0.187226
2.17695	0.76366
1.3839	0.438129
-0.854034	-0.902836
-0.940944	-0.652151
-0.484667	-0.24163
-0.832306	-0.577337
0.319251	0.112521
-0.441212	0.538153
1.16662	0.392909
-0.712805	-0.71563
2.17695	0.62083
-0.386893	-0.387849
-1.04958	-0.76739
-0.452075	-0.204513
-0.158754	0.0303301
0.00420194	0.292058
-0.636759	-1.2678
-0.00666181	0.0530696
-0.745396	-0.783947
-0.593304	0.355265
-0.49553	0.11675
-0.625895	0.281249
-0.462939	-0.0144199
-0.734533	0.526237
-0.995263	-0.518937
-0.40862	-0.250472
-0.571577	-0.227688
0.0802482	-0.347127
-0.647623	0.271627
0.167158	0.0789058
-0.126163	0.466059
2.55718	0.17249
-0.919216	-0.777048
0.112839	-0.134265
3.33937	0.268551
-0.93008	-0.779219
4.63216	0.813174
-1.00613	-0.58601
0.710345	-0.254692
-0.799715	-0.0470333
0.0693844	0.320458
0.0802482	0.577488
-0.484667	0.0873705
0.101976	0.244248
-0.115299	0.254647
0.243204	0.716487
-0.799715	0.408262
2.28559	0.169931
-0.788851	0.269557
-0.58244	-0.502134
-0.0935718	0.350554
-0.940944	-0.246413
-0.452075	0.104868
-0.854034	-0.272049
-0.723669	-0.334724
-0.832306	0.527416
-0.66935	-0.700624
-0.452075	0.162345
0.558253	0.4438
-0.615032	0.221289
-0.376029	0.390887
-0.615032	-0.572521
2.02486	0.596506
1.75326	0.390157
2.14436	0.252929
4.38229	0.565784
-0.734533	0.0422479
-0.137027	0.297664
0.645163	-0.0206996
-0.223937	0.131868
-0.256528	0.129419
-0.278255	0.320006
0.449616	0.440486
-0.767124	-0.514568
-0.343438	-0.280974
0.960212	-0.216484
-0.593304	-0.180778
0.0150657	-0.0658476
-0.571577	0.417737
-0.767124	0.0348584
-0.832306	0.151359
-0.799715	-0.488365
0.351842	-0.0755424
-0.984399	0.3911
-0.951808	-0.544002
0.0585207	-0.13489
-0.00666181	0.40987
-0.528122	0.255933
1.31872	-0.0442699
-0.821443	-0.0803584
3.21987	0.80893
-1.00613	-0.627809
0.384433	0.569056
-0.799715	-0.0657826
-0.973535	-0.781065
-0.93008	-1.46217
0.406161	0.480618
1.88363	-0.0946308
-0.919216	-0.0054097
0.275796	0.716468
-0.777988	-0.981493
-0.984399	0.176827
-0.441212	-0.342525
-0.343438	0.161523
-0.940944	-1.08513
-0.951808	-1.3475
-0.365165	-0.454874
-0.299983	-0.20989
-0.528122	-0.383072
-0.995263	-0.357749
-0.354302	-0.33119
-0.940944	0.408497
-0.810579	-0.00595302
-0.864898	-0.0508202
0.123703	0.501529
0.264932	-0.0827995
0.188886	0.0385951
1.18835	0.187473
-0.951808	-0.170364
0.156294	0.212137
0.460479	-0.0467421
1.02539	0.42724
-0.832306	0.0382012
0.688618	0.0997539
1.02539	0.189256
0.732073	0.256341
-0.951808	-0.406155
0.514798	0.4664
1.28612	0.479637
-0.636759	-0.447219
-0.169618	-0.308201
-0.701941	0.292514
-1.00613	-0.801993
0.829847	-0.356795
1.6229	0.588945
-0.875761	-0.416604
-0.115299	-0.511026
0.254068	0.0462808
0.427888	-0.128978
0.786392	0.178084
2.19868	0.389705
1.99227	0.784791
0.134567	-0.00102218
-0.745396	-0.468614
-0.734533	-0.447155
-0.126163	-0.265074
0.123703	0.344473
0.384433	0.461179
-0.528122	0.230027
-0.897489	-0.294799
2.1335	0.256287
-0.549849	-0.051917
0.514798	0.295512
0.264932	-0.34101
-0.995263	-0.686847
-0.376029	0.239662
0.0911119	0.20424
-0.625895	0.438158
2.30732	0.440303
-0.75626	0.523131
-0.441212	-0.256805
0.210613	-0.696248
-0.625895	-0.400995
-0.430348	0.0805996
-0.310847	0.30885
1.1449	0.00604365
-0.32171	-1.02103
1.15576	0.548691
1.55772	0.608354
-0.821443	-1.23688
0.297523	-0.402863
0.264932	0.320468
-0.821443	0.188975
0.547389	0.278081
-0.854034	-0.517017
-0.995263	-0.518937
0.0367932	0.246673
1.15576	0.271091
-0.647623	-0.137932
-0.310847	-0.0977913
-0.2348	-0.00509872
-0.973535	-0.426618
0.340978	0.62028
-0.571577	0.315988
1.22094	-0.0925488
1.68808	0.554754
-0.897489	-0.0493319
-0.137027	0.275626
1.16662	0.33871
-0.169618	-0.203376
-0.875761	-0.398099
-0.289119	0.0316695
2.44854	0.289307
-0.84317	0.241983
0.145431	0.00470169
0.601708	0.78748
-0.32171	0.464322
-0.202209	-0.196783
-1.03872	-0.292522
-0.951808	-1.04384
-0.0283893	0.339677
2.03572	0.205643
-0.386893	0.477355
-0.354302	-0.573364
0.905893	0.365659
-0.973535	-0.514317
-0.625895	-0.192152
-0.213073	0.421814
-0.919216	-0.676477
-0.680214	-1.06651
-0.484667	-0.303015
-0.897489	-0.188198
-0.571577	-1.87186
-0.93008	0.562296
-0.93008	0.0887818
-0.701941	-0.217337
-0.886625	-0.820724
-1.02785	-0.992192
-0.571577	-0.0790982
-0.517258	0.121559
-0.32171	0.353663
-0.310847	-0.0177094
0.275796	0.357562
0.134567	-0.167819
-0.49553	-1.03333
2.60064	0.387718
-0.571577	-0.0777347
-0.908353	-0.892757
0.547389	0.520604
0.786392	-1.03257
-0.810579	0.158976
-0.723669	-0.951227
0.395297	0.611782
1.10144	0.57576
-0.354302	-0.658269
-0.810579	-0.426758
-0.354302	-1.00745
0.525662	0.131269
-0.332574	0.366184
1.61204	0.00968772
0.590844	0.176209
-0.691078	0.511564
0.221477	0.127689
0.710345	-0.254692
0.406161	0.483326
0.330114	0.360055
-0.886625	0.426677
3.38283	-0.163871
1.28612	0.180836
-0.93008	-0.37264
2.53545	0.562517
1.5034	0.088693
-0.701941	-0.459539
-0.875761	-0.99904
0.438752	-0.489841
0.786392	0.324174
-0.821443	0.0248603
-0.213073	-0.551284
-0.462939	-1.27236
-0.734533	-0.225616
-0.66935	-0.244665
0.167158	0.364321
0.818983	0.562275
-0.528122	-0.00399767
-0.32171	0.30666
-0.0175256	-0.119198
-0.376029	0.338825
0.818983	0.337599
-0.875761	-0.846636
-0.940944	-1.47079
-0.984399	-0.295364
-0.506394	0.0859863
2.27472	0.541289
-0.32171	-0.725134
-0.571577	-0.478924
0.297523	0.377589
-0.538985	-0.383332
-0.0501168	0.476686
0.178022	0.385787
2.53545	0.33027
-0.310847	-0.384129
-0.93008	-1.63839
0.362706	-0.205084
0.623435	0.394491
-0.712805	-0.390239
0.417024	0.0587856
0.264932	-0.068081
-0.386893	0.020769
-0.84317	-0.281582
-0.452075	0.165613
0.688618	0.506187
-0.995263	-0.743574
1.05799	0.373257
-0.995263	-1.46964
-0.767124	-0.0746552
0.254068	0.286951
0.308387	0.673833
-0.701941	0.307069
-0.701941	0.302171
1.7424	-0.368898
-0.223937	-0.0487061
-0.940944	0.285656
-0.908353	0.316228
1.09058	0.175108
0.145431	-0.101363
-0.267392	-0.004325
-0.84317	-0.710991
-0.821443	-0.415233
-0.397757	-0.530636
-0.886625	-1.06866
1.7424	0.427395
-0.75626	-0.446149
-0.691078	0.433961
0.992803	0.134025
1.37303	-0.0902925
-0.908353	-0.267608
-0.886625	-0.141032
2.14436	0.498309
-0.039253	0.372585
-0.604168	0.0590612
-0.940944	-0.896852
0.721209	0.0711862
-0.701941	0.245403
-0.528122	0.109409
-0.538985	0.328224
1.12317	0.0743434
-0.202209	0.635677
-0.386893	-0.792003
0.123703	0.354181
0.101976	0.0856693
-0.180482	0.324488
-0.973535	-0.753617
-0.897489	-0.398473
-0.625895	0.243556
0.112839	-0.614594
-0.517258	-0.246835
0.0259294	0.439699
0.590844	0.357728
1.69895	0.539053
-0.180482	-0.228577
-0.039253	0.222688
-0.93008	-0.761311
-0.549849	0.208397
-0.191345	-0.0478655
0.134567	0.351208
-0.84317	-1.55682
-0.66935	0.473012
0.00420194	0.251319
1.55772	0.484984
-0.441212	0.129132
0.0476569	0.298255
-0.571577	0.0327519
-0.734533	-0.339091
0.558253	0.14234
-0.767124	-0.669232
-1.04958	-0.460728
-0.0935718	0.212256
-0.126163	-0.0828976
-0.452075	-0.0639765
0.66689	-0.14609
-0.875761	0.0322701
-0.571577	-0.397142
-0.701941	0.0704055
0.829847	0.018743
0.0367932	0.422809
-0.984399	0.458242
0.732073	0.254992
-0.376029	0.552431
-0.126163	0.710665
-0.951808	-0.246035
-0.104436	0.488555
-0.0175256	0.495242
-0.658487	-0.505048
0.895029	0.0733963
2.39423	0.352642
0.84071	0.505663
-0.93008	-0.102094
0.514798	-0.707417
-0.821443	-0.11317
-0.571577	0.565844
-0.712805	0.18029
2.32904	-0.0717349
0.57998	0.740609
-0.777988	-0.185957
-0.984399	-0.316839
-0.386893	0.737052
-0.767124	-1.20619
0.514798	0.471178
0.254068	0.369551
-0.213073	-0.503974
-0.734533	0.0595805
-0.137027	0.391572
0.0693844	-0.267625
0.330114	0.480154
0.764664	0.426352
-0.821443	-1.01094
-0.832306	0.0825104
0.145431	0.451007
-0.712805	0.0338821
2.11177	0.336375
-0.0935718	0.170676
1.15576	0.567252
-0.951808	-0.582249
0.818983	0.631721
0.178022	0.033498
0.243204	0.423395
-1.03872	-0.109337
-0.473803	-0.127938
-0.0501168	-0.983293
-0.571577	-0.118542
-0.180482	0.47958
-0.854034	-1.67937
-0.213073	0.304544
-0.712805	-0.420778
-0.691078	0.540423
-0.343438	-0.346967
-0.452075	0.436512
-0.973535	-2.38326
-0.343438	0.11864
-0.854034	-0.157861
-0.430348	0.658618
0.0693844	0.209383
-0.376029	0.360845
-0.908353	-0.276061
-0.973535	-0.331872
-0.767124	-0.0888296
-0.658487	-1.54984
0.590844	0.405477
0.210613	-0.0170455
-0.386893	0.248436
-0.984399	-0.458605
-0.940944	0.126011
-0.49553	0.11293
0.199749	-0.162297
-0.289119	0.218214
2.35077	0.134038
-0.897489	-0.465425
0.0150657	0.296876
0.134567	-0.00758824
-0.799715	0.259517
2.51373	0.491987
1.89449	0.236873
3.04605	0.441429
-0.821443	0.171687
-0.625895	0.106159
-0.897489	-1.11375
-0.66935	0.293034
0.677754	0.539723
-0.93008	0.0693002
-0.2348	0.151991
-0.376029	-0.491512
-0.441212	-0.11
-0.984399	-0.286011
-1.03872	0.385128
0.112839	0.393826
-0.723669	-0.732479
0.536525	0.400383
-0.625895	-0.124595
0.482207	-0.013072
0.873302	0.300643
1.23181	-0.280913
0.818983	0.45995
-0.66935	-0.380011
0.156294	0.401301
0.938484	0.391995
0.00420194	-0.240409
0.949348	-0.37753
-0.560713	-0.418068
1.3839	0.200793
-0.734533	-0.692872
-1.02785	-1.45093
-0.864898	-0.321517
0.0585207	0.163332
-0.995263	-1.13922
0.384433	0.34954
-0.267392	0.502329
-0.712805	-0.05938
-0.289119	0.109976
0.938484	0.147012
-0.593304	-0.147402
0.0150657	0.269864
2.20954	0.28629
-0.940944	-0.0652968
0.123703	0.519192
-0.126163	-0.0565501
-0.484667	0.289677
-0.84317	-0.302312
0.0476569	0.104889
3.13296	0.744861
0.297523	-0.091578
0.178022	0.600827
-0.376029	0.463952
0.732073	0.543178
0.775528	-0.857191
0.0911119	0.436012
1.36217	0.167493
-0.397757	0.157961
-0.49553	-0.657952
-0.452075	0.116113
-0.962671	-1.19024
-0.647623	-0.567427
-0.691078	0.248262
-0.191345	0.607659
-0.995263	-0.77126
0.264932	-0.172037
-0.84317	-0.719683
-0.484667	-0.0428216
-0.973535	-0.814372
0.275796	0.229084
2.88309	-0.0258375
-1.02785	-0.293238
-0.354302	0.33097
-0.821443	0.42892
-0.984399	-1.17183
-0.962671	-0.60636
-0.908353	-0.0843584
-0.0609805	0.682688
-0.137027	0.302399
1.53599	0.579615
-0.940944	-0.214424
-0.32171	0.243928
-0.441212	-0.309362
2.75273	0.0651988
-1.01699	-0.346533
-0.245664	0.102058
-0.886625	-0.0733037
0.895029	-0.00638457
1.8619	0.651537
-0.66935	-0.355025
0.0693844	-0.574387
2.38336	0.43327
-0.647623	-0.055735
1.18835	-0.260346
-0.0501168	0.221383
0.373569	-0.0427282
0.503934	0.106137
-0.940944	-0.62565
-1.06045	-1.72471
-0.571577	-0.368362
0.0259294	0.390422
-0.115299	0.176105
1.12317	-0.140142
-0.723669	0.0819317
0.384433	0.22781
-0.538985	-0.779539
-0.0718443	0.201738
-0.875761	0.160772
-0.984399	-1.22795
-0.615032	0.392905
-0.310847	0.283896
-0.180482	0.346085
1.87277	-0.180054
0.134567	0.293729
-0.832306	0.380098
-0.202209	0.494065
0.612572	-0.0752656
-0.75626	-1.09988
-0.191345	0.172046
-0.919216	-0.977618
0.775528	0.215381
-0.299983	0.794626
0.210613	0.10934
-0.897489	-0.666049
0.471343	0.18872
-0.951808	0.0458046
-0.549849	0.0700646
-0.691078	0.341174
-0.940944	-0.634981
-0.039253	0.327438
0.916757	0.23817
-0.126163	0.445245
-0.256528	0.206623
-0.810579	-0.306752
0.0911119	-0.0177136
-0.864898	-0.251511
-0.777988	-0.187924
-0.299983	0.115771
-0.788851	-0.546692
3.21987	0.57991
-0.158754	0.300178
-0.517258	-0.628708
-0.799715	0.410932
-0.832306	-0.311348
-0.734533	-0.311345
-0.104436	-0.234176
-0.615032	-0.597927
0.57998	0.740609
-0.984399	-1.12658
-0.951808	-0.893513
-0.191345	0.370666
-0.908353	-0.567386
0.0367932	-0.218517
-0.343438	-0.564161
-0.962671	-1.19944
0.775528	0.42791
-0.354302	-0.468899
0.895029	0.464031
-0.180482	0.289406
-0.680214	0.308204
-0.430348	-0.00328444
-0.821443	0.337382
-0.908353	-0.672945
1.72067	0.397762
0.916757	0.240352
-0.549849	-0.446955
0.167158	-0.651625
-0.397757	-0.111295
1.78586	-0.14721
-0.734533	-0.741784
1.57945	-0.0993659
0.612572	-0.0230084
0.0585207	0.766459
-0.615032	-0.862798
-0.376029	0.25714
-0.777988	-0.849484
0.232341	0.15763
-0.886625	-0.541049
2.69841	0.141332
-0.810579	-0.0316652
-0.462939	-0.0733709
-0.919216	-0.524746
-0.039253	-0.572517
-0.126163	0.246159
-0.58244	-0.585516
-0.788851	-0.379425
0.123703	0.337835
4.91461	0.321968
-0.593304	0.102848
-0.506394	0.314673
-0.658487	-0.408484
1.31872	-0.161293
-0.2348	-0.636635
0.101976	-0.609492
-0.625895	0.189215
0.384433	-0.184139
-0.32171	0.195713
0.384433	0.250626
-0.886625	-0.555778
2.30732	0.144054
0.612572	0.502486
3.08951	0.526711
-0.604168	-0.383097
0.482207	-0.578099
0.112839	-0.112411
1.60117	-0.136709
0.00420194	-0.0667487
0.916757	0.356609
-0.517258	-0.341682
-0.951808	-0.0319922
-0.289119	0.125449
-0.343438	0.287837
0.797255	0.135239
2.11177	0.418326
0.101976	0.0592784
-0.788851	0.143347
-0.658487	-0.247231
-0.386893	0.0510337
0.427888	0.669194
1.10144	0.426956
-0.430348	-0.0990285
0.210613	-0.347196
0.0150657	0.0275812
2.68755	0.619922
-0.821443	-0.965152
0.308387	0.388665
-0.560713	0.440606
-0.723669	-0.915298
0.232341	-0.0940147
2.06831	0.676181
1.35131	0.545926
-0.202209	-0.00243911
-0.821443	-0.139639
0.145431	0.298368
-0.84317	-0.79024
0.0150657	-0.0935152
-0.951808	-1.05814
0.112839	-0.603436
-0.984399	0.176827
-0.180482	-0.0460024
-0.0501168	0.696751
-0.256528	0.0528183
-0.278255	0.510198
1.07971	0.504762
0.764664	0.390114
-0.93008	-1.1881
0.232341	0.418599
0.536525	0.360006
-0.452075	0.135328
0.0911119	0.477612
-0.799715	0.220283
0.612572	0.544459
-0.897489	-0.568788
-0.213073	-0.0357922
-0.560713	0.0726103
-0.864898	-0.622891
-0.571577	0.145835
1.10144	0.423703
-0.386893	-0.170947
0.297523	-0.353787
0.438752	0.140953
-0.191345	0.282828
-0.788851	-0.804803
-0.397757	0.207508
-0.75626	-0.0339236
-0.84317	-0.445294
0.297523	0.440431
-0.354302	-0.536806
-0.202209	0.00955021
-0.191345	-0.30643
-0.897489	-0.139192
0.167158	0.119132
0.688618	0.181972
0.362706	0.731586
-0.2348	0.216917
0.308387	0.43021
1.10144	0.471422
2.79618	0.490792
-0.788851	0.576099
-0.419484	-0.0341775
0.981939	0.343859
0.0802482	0.371932
0.297523	0.564411
-0.462939	-0.275669
-0.875761	-0.55662
-0.245664	-0.0929538
-0.343438	-0.201455
-0.745396	-0.783576
-0.343438	-0.262154
-0.940944	0.155646
1.70981	0.561893
-0.908353	-0.343466
-0.082708	0.26538
-0.799715	-0.488135
-0.908353	-1.27361
-0.832306	-0.729688
0.112839	0.138243
-0.430348	-0.207375
-0.908353	0.389436
-0.886625	-0.494836
-0.245664	0.0961763
0.873302	-0.152608
0.134567	-0.0345718
0.0150657	0.506992
-0.538985	0.467236
-0.484667	0.0224206
0.0693844	0.146789
-0.940944	0.0693542
-0.365165	0.193115
-0.354302	0.644632
1.16662	0.405194
-0.973535	-0.743127
-1.00613	0.528463
-0.984399	-0.277137
-0.419484	0.452275
-0.191345	0.301662
-0.376029	0.162692
0.199749	0.188848
-0.365165	-0.241146
0.362706	0.50296
-0.0175256	0.177937
-0.701941	-0.109083
-0.137027	0.263377
-0.0718443	0.0460275
-0.777988	-0.493056
-0.245664	-0.737021
-0.49553	-0.093256
0.66689	0.373962
4.27365	0.542863
2.253	-0.0947706
-0.962671	-0.743032
0.558253	0.11872
-0.767124	0.584334
-0.897489	-0.583106
-0.897489	-1.08652
-0.908353	0.119829
0.362706	0.341574
-0.680214	0.231977
-0.202209	0.109473
0.264932	-0.109704
-0.484667	-0.0211512
0.0150657	-0.597058
-0.897489	-0.241146
-0.310847	0.270322
-0.202209	0.388071
0.210613	-0.217419
-0.386893	0.49311
-0.365165	0.219144
-0.799715	0.467538
0.482207	0.102355
-0.897489	-0.684608
1.77499	0.377186
-0.93008	-0.251912
0.688618	0.55689
-0.256528	-0.345929
0.895029	0.668821
2.82878	0.0399167
-0.962671	-0.333995
-0.538985	-0.124146
-0.864898	0.426024
-0.636759	-0.162871
0.732073	0.228288
-0.908353	-0.237909
0.656027	-0.064365
-0.256528	0.0330701
1.79672	0.349102
-0.430348	-0.732009
-0.213073	-0.197306
0.895029	0.248404
-0.84317	0.0847557
0.905893	0.53466
-0.821443	0.726792
-0.0718443	0.443585
0.742937	-0.299117
0.427888	0.0987577
-0.158754	-0.802145
-0.712805	0.451566
-0.538985	-0.779539
-0.886625	0.0566293
-0.549849	-0.583047
-0.832306	-0.454817
-0.593304	-1.51912
-0.332574	-0.110027
-0.560713	-0.38677
-0.658487	-0.398467
-0.32171	0.50995
3.61097	0.512698
0.612572	0.321485
0.0585207	-0.157911
-0.680214	0.257763
-0.604168	0.42576
2.50286	0.580449
-0.354302	0.124079
-0.310847	0.0997121
-0.310847	-0.0593049
0.645163	0.468156
-0.082708	0.16939
0.732073	-0.274458
1.00367	0.182206
-0.126163	0.292227
0.406161	0.495647
0.569117	0.0839826
-0.571577	0.0607283
-0.636759	0.0421148
0.960212	0.66838
-0.332574	-0.28917
-0.223937	-0.233224
-0.788851	-0.521889
-0.951808	-0.16874
-0.701941	-0.0600638
-0.712805	0.385165
-0.93008	-0.620741
-0.66935	-0.233909
-0.701941	-0.179238
2.44854	0.0844713
1.00367	0.624886
-0.886625	-0.85192
-0.875761	-1.4523
2.86137	0.80555
-0.158754	0.242949
-0.897489	-0.770218
0.232341	-0.618458
-0.767124	0.34724
-0.777988	-1.06019
-0.484667	0.695257
-0.691078	0.134898
2.35077	0.550462
-0.919216	-0.243787
0.264932	0.284353
-0.419484	-0.445266
2.62236	0.578455
0.503934	-0.0138719
-0.397757	-0.333196
-0.549849	0.139136
-0.66935	-0.355025
-0.169618	0.586034
-0.799715	-0.478424
-0.647623	-0.424069
-0.701941	0.442528
2.63323	0.492109
-0.995263	-0.582708
0.0476569	-0.0997301
-0.625895	0.282812
-0.137027	0.185135
-0.332574	0.602072
-0.864898	-0.516898
-0.354302	0.41113
-0.528122	0.546321
-0.93008	-0.360023
0.449616	0.213631
-1.00613	0.474131
-0.995263	0.0266193
1.72067	0.566621
-0.854034	0.408506
-0.419484	-0.122896
-0.0175256	0.211695
2.27472	0.0178714
-0.462939	-0.423594
1.1123	-0.122885
-0.517258	-0.304589
1.48167	0.539872
-0.995263	0.380474
-0.289119	0.347689
0.829847	0.0728974
1.24267	0.149217
-0.419484	0.30025
-0.962671	-0.46344
1.7424	0.61153
-0.777988	-0.715831
-0.506394	-0.138039
0.7538	-0.195773
2.91569	0.125142
-0.940944	-0.562572
-0.202209	0.0354128
0.525662	0.2345
0.156294	-0.06154
-0.00666181	0.038934
0.0693844	0.315429
0.156294	0.363396
-1.02785	-0.141434
-0.0718443	0.405715
-0.452075	-0.544203
-0.039253	-0.220563
-0.484667	0.437639
-0.897489	-0.503304
1.6229	0.240908
-0.58244	0.0327222
-0.995263	-0.422992
1.89449	0.174888
-0.528122	0.425194
-0.462939	0.401658
3.15469	0.697251
-0.908353	0.343376
3.15469	-0.00980687
-0.625895	0.316392
-0.832306	-0.50642
-0.93008	-0.0256119
-0.886625	0.0566293
-0.810579	-0.3038
-0.908353	0.154395
-0.940944	-0.730396
-0.940944	0.601794
0.590844	0.277392
-0.354302	0.371115
0.0802482	0.0105434
1.65549	0.669048
-0.864898	-0.245689
-0.658487	-0.328893
0.362706	-0.124312
0.243204	0.386473
-0.984399	0.22717
-0.864898	-0.254
-0.886625	-0.350768
1.12317	0.321505
1.66636	0.432234
-0.788851	-0.770783
-0.940944	-0.376397
3.16555	0.354139
-0.441212	0.377376
0.710345	0.318886
3.46974	0.543318
-0.940944	-1.06726
-0.299983	-0.218219
-0.84317	0.253799
0.623435	-0.0285775
-0.84317	-0.043814
0.330114	0.534158
3.65442	0.615609
1.91622	0.435885
-0.984399	0.140336
2.20954	0.278659
-0.777988	-0.260082
1.41649	0.772301
-0.886625	0.133918
-0.538985	-0.00341895
1.67722	0.722892
0.514798	0.190407
0.981939	0.503873
-0.267392	0.661012
-0.951808	0.142163
-0.202209	-0.702978
-0.84317	-0.572991
-0.799715	-0.144186
-0.452075	0.492242
0.558253	0.533859
0.145431	0.439748
-0.604168	-0.178841
-0.506394	-0.482436
-0.158754	0.634967
-0.777988	-1.22163
-1.01699	-0.346533
-0.886625	-0.951748
-1.00613	-0.655843
-0.462939	0.0343026
0.558253	0.318357
0.460479	0.425267
-0.256528	-0.194366
-0.658487	-0.73544
0.264932	0.187915
4.2302	0.767027
-0.158754	0.0531915
-0.343438	0.408598
-0.104436	-0.670714
-0.365165	-0.273841
2.09004	0.369735
-0.158754	0.300178
-0.995263	-0.477846
0.623435	-0.302968
-0.745396	-0.169383
-0.223937	0.631041
-0.528122	-0.63052
0.406161	-1.06941
-0.777988	0.0486198
0.00420194	0.256203
-0.777988	-0.488553
-0.66935	-0.502318
-0.58244	0.00823086
1.97054	0.422324
-0.93008	-0.366463
0.188886	0.30107
-0.691078	0.320723
-0.777988	-0.542925
2.38336	0.701576
-0.039253	0.311903
0.0585207	-0.143062
-0.625895	0.182352
-0.517258	-0.479236
0.873302	0.69615
0.49307	-0.165588
-1.00613	-0.391152
0.210613	-0.147852
0.449616	0.458536
-0.919216	-0.876486
-0.00666181	0.186201
-0.343438	-0.346967
-0.886625	0.228442
-0.49553	0.478319
-0.625895	-0.7431
-0.473803	0.269603
0.92762	-0.295028
-0.202209	-0.0953527
-0.419484	0.37047
-0.951808	-0.61479
-0.854034	-0.318881
0.0367932	0.643762
-0.691078	0.155497
-0.734533	0.390256
-0.777988	0.0730609
3.37196	0.387959
1.57945	0.238108
0.471343	0.189773
1.36217	0.33164
1.28612	-0.112887
1.19921	-0.0665207
-0.278255	0.0985003
-0.734533	-0.315751
3.65442	0.175485
-0.615032	-0.151375
0.677754	0.447662
-0.158754	0.495361
-0.886625	-0.275754
1.45994	-0.20103
-0.49553	-0.739953
-0.777988	-1.35148
0.00420194	0.152628
0.960212	-0.461799
1.05799	0.25145
-0.452075	0.237733
-0.886625	0.150574
-0.875761	-0.221747
-0.00666181	0.141748
-0.528122	-0.437403
-0.647623	-0.11454
1.48167	0.347925
0.92762	0.57607
-0.84317	-0.562381
0.536525	0.540248
-0.940944	-0.148082
0.101976	0.160917
-0.278255	-0.0550904
-1.00613	0.00667388
-0.267392	0.411975
-0.647623	-0.197279
0.656027	0.637882
-0.082708	0.228318
-0.832306	-0.123595
0.438752	-0.150503
1.82931	0.627141
1.18835	0.58188
0.406161	0.295062
-0.115299	0.490538
0.340978	-0.300065
-0.951808	-0.799163
-0.560713	0.791972
-0.908353	-0.528836
-0.58244	-0.410325
-0.549849	0.516168
-0.158754	-0.787355
-0.93008	-0.47175
0.895029	0.715657
-0.386893	-0.287222
0.699482	-0.442667
0.232341	-0.244414
-0.310847	0.233442
0.721209	-0.233536
-0.538985	-0.101322
-0.854034	-0.137167
0.57998	0.396846
-0.517258	0.130993
-0.940944	-0.748741
0.406161	0.455244
-0.864898	-0.563027
-0.886625	0.304825
-0.810579	-0.426758
-0.484667	0.00445033
0.319251	0.391796
-0.278255	0.510198
-0.40862	0.267559
-0.854034	0.383291
5.04498	0.673261
-0.0718443	0.468595
0.232341	0.155214
0.645163	-0.0947786
1.23181	0.175069
-0.940944	-0.444441
-0.267392	0.390399
0.547389	0.736377
-0.299983	-0.640138
-0.615032	-0.496069
0.362706	0.129886
0.134567	0.20106
2.00313	0.368544
0.623435	0.559934
-0.115299	0.362417
-0.625895	0.149391
0.971075	0.127342
-0.799715	-1.12811
0.384433	0.315863
-0.484667	-0.189624
-0.984399	-0.0923516
-0.32171	0.501274
1.43822	0.401899
-0.821443	-0.437335
-0.821443	-1.21155
-0.647623	-0.658983
-0.723669	-0.392464
0.123703	0.593919
0.0476569	0.00425192
1.1449	0.144128
0.612572	0.149717
-0.995263	-0.4761
-0.995263	-0.736701
-0.951808	-0.417057
1.1449	0.410502
-0.886625	-0.353031
4.30625	0.538113
-0.75626	0.063608
-0.180482	0.383397
-0.854034	0.358436
-0.886625	0.290198
1.99227	0.056901
-0.691078	0.29734
-0.49553	-1.09443
2.00313	0.323981
0.612572	0.683373
-0.940944	0.0918463
-0.984399	-0.481477
0.656027	-0.557898
0.66689	0.133261
0.601708	0.310733
-0.951808	-0.731426
-0.962671	0.309946
-0.180482	0.389157
-0.58244	-0.0993191
1.56858	0.507355
0.710345	0.400179
-0.604168	-0.353186
1.23181	0.0492552
1.39476	0.0639147
-0.636759	-0.550111
-0.604168	0.161069
-0.289119	-0.605548
-0.810579	-0.239933
-0.908353	-1.09098
0.156294	-0.141249
0.188886	-0.0691245
-0.940944	0.513149
-0.745396	-0.339568
0.732073	0.462256
0.101976	-0.299254
3.18728	0.594454
0.210613	-0.165022
0.178022	0.32396
1.51426	0.0504785
0.308387	0.234736
0.243204	0.396199
-0.40862	-0.126913
1.04712	0.553263
-0.462939	-1.27236
-0.0609805	0.131637
0.92762	0.472572
-0.777988	0.194254
-0.2348	0.34385
2.78532	0.546374
1.66636	0.59535
2.72014	0.469375
-0.104436	0.272001
-0.397757	0.345593
1.63376	0.557726
0.123703	0.458545
-0.169618	0.241637
-0.625895	-0.0595149
-0.919216	-0.74683
-0.777988	-0.539301
-0.734533	0.452182
-0.604168	-0.644097
-0.441212	0.15541
-0.951808	-0.958139
-0.864898	-0.531581
2.492	0.71994
1.51426	0.282821
2.48114	0.381313
-0.593304	0.0727473
-0.430348	-0.28285
-0.462939	-0.214556
-0.158754	0.422894
-0.517258	0.567736
3.35024	0.352671
-0.625895	0.333981
-0.854034	-0.771253
1.03626	0.363113
-0.137027	0.395345
-0.32171	0.314798
-0.832306	-0.397655
-0.973535	-0.0895023
-0.299983	0.211788
-0.0935718	0.0900399
-0.875761	-0.430647
-0.93008	-0.0468372
-0.647623	-0.137932
1.12317	-1.0098
3.58924	0.734285
-0.441212	-0.0643546
-0.886625	-0.12301
-0.875761	-0.251836
-0.58244	0.413419
0.232341	-0.0684099
-0.58244	-0.707503
-0.386893	0.129969
2.38336	0.554758
-0.951808	0.00364659
0.895029	0.0544485
1.82931	0.388949
1.2644	0.908935
0.286659	0.00302721
1.92708	0.674804
1.16662	0.427679
0.254068	0.221533
-0.962671	-0.650269
-0.93008	-0.458891
0.66689	0.362717
-0.169618	0.442865
-0.875761	-0.225879
-0.962671	-0.856372
0.471343	0.0518698
-0.115299	0.318498
-0.528122	0.532308
-0.854034	-0.448265
2.03572	-0.286328
-0.376029	0.0982648
0.438752	0.694052
0.297523	0.227385
0.547389	0.556359
2.52459	0.265704
-0.191345	0.0952642
-0.256528	0.47179
0.482207	-0.0492665
0.873302	0.218821
-0.810579	-0.525636
-0.256528	-0.253509
-0.462939	0.503046
-0.864898	-0.863491
-0.137027	0.0749131
0.188886	0.491446
-0.821443	-0.207625
-0.973535	-0.977911
-0.484667	-0.130181
-0.788851	0.440004
-0.875761	0.536095
-0.430348	0.380174
-0.832306	-0.344581
0.134567	0.366317
0.178022	-0.348272
-0.951808	-0.632976
1.42735	0.098509
-0.799715	0.460224
-0.593304	-0.125655
0.156294	0.585146
0.112839	0.16855
0.340978	0.444202
1.01453	-0.971147
-0.191345	-0.159801
0.525662	0.322357
1.61204	0.221038
-0.788851	0.111749
-0.58244	-0.12352
0.981939	0.380626
-0.256528	0.565852
0.710345	0.232816
-0.658487	-0.665776
1.48167	0.265543
0.677754	0.507803
-0.973535	-0.339249
0.221477	0.116997
-0.951808	-1.08464
-0.430348	0.298552
-0.940944	0.28734
1.5034	0.315899
-0.940944	-1.01045
-0.452075	-0.0687708
-0.137027	0.212955
-0.0935718	0.546916
-0.245664	0.355985
-0.126163	-0.331937
3.66528	0.0357856
-0.354302	-0.0906685
-0.593304	0.122283
-0.940944	-1.01585
0.221477	0.41734
-0.354302	-0.43289
-0.604168	-0.758141
-0.810579	-0.623953
1.34044	0.272965
-0.191345	0.688988
2.01399	0.00195942
1.81845	0.382704
-0.701941	0.23334
-0.636759	0.331371
-0.919216	0.368736
-0.691078	-0.888064
-0.636759	-0.890668
-0.821443	-0.218391
0.101976	-0.22629
0.0585207	0.362608
-0.278255	0.388045
-0.538985	0.499018
-0.984399	-1.14211
0.101976	0.223873
1.29699	0.449922
-1.00613	-1.36653
-0.40862	-0.142863
0.829847	0.609306
-0.376029	0.360845
-0.973535	-1.43191
3.3611	0.864127
-0.984399	-0.618888
-0.93008	-0.11171
1.37303	0.119776
-0.723669	-0.892783
-0.973535	-1.18406
-0.962671	-0.242805
-0.137027	0.290907
-0.332574	-0.135503
-0.419484	0.238559
-0.299983	0.0883996
-0.886625	0.635706
-0.0501168	0.195884
-0.158754	0.491182
-0.973535	-0.765173
0.178022	-0.0118293
-0.951808	-0.465957
0.232341	0.344316
-0.00666181	-0.241826
-0.245664	0.0136131
3.29592	0.506777
1.10144	0.338343
-0.984399	-1.53604
-0.0718443	0.394262
-0.810579	0.401932
-0.14789	0.0633403
-0.604168	-0.763913
0.0693844	0.17557
-0.734533	0.402115
1.59031	0.0925023
-0.58244	-0.0724616
1.59031	0.324944
0.699482	0.18107
0.0476569	0.196183
-0.538985	-0.94065
-0.58244	0.372499
1.82931	0.686399
0.742937	0.440313
-0.202209	0.263927
-0.919216	-0.725578
-0.082708	0.380377
-0.832306	-0.882304
0.384433	0.614339
-0.832306	0.326955
-0.549849	0.0735841
-0.701941	-0.135146
-0.799715	0.389752
-0.908353	-0.544021
-0.213073	0.0648016
-0.701941	0.276383
1.06885	0.415005
-0.299983	0.157321
2.01399	0.46492
0.156294	-0.10627
0.797255	0.805179
2.28559	0.278911
1.48167	-0.100939
-0.289119	0.216452
-0.0609805	-0.0613653
-0.0609805	0.195675
-0.919216	-0.784646
1.16662	0.323921
0.84071	0.296447
-0.213073	-0.721436
0.699482	0.0462072
-0.354302	-0.394562
-0.908353	0.430183
0.449616	0.292311
-0.84317	-0.480242
0.66689	0.118613
0.112839	0.619584
-0.615032	-0.753614
2.56805	0.0273831
0.742937	-0.201872
-0.354302	0.0983011
-0.984399	-0.751853
0.0693844	-0.309713
0.101976	0.139704
-0.549849	0.129768
0.786392	0.622239
-0.137027	-0.0878827
-0.299983	0.565678
0.340978	0.444202
0.0259294	0.0869111
1.10144	-0.133925
-0.995263	-0.339694
-0.951808	0.110443
-0.256528	-0.162018
-1.02785	-0.59233
0.199749	0.455277
1.32958	0.415605
-0.549849	0.176236
-0.484667	0.223874
-0.191345	0.124299
-0.202209	0.0416379
-0.93008	-0.368727
-1.02785	-1.02233
-0.962671	0.0822519
-0.712805	0.355056
-0.691078	-0.678942
-0.223937	0.518646
0.210613	0.428556
-0.93008	0.316853
-0.115299	0.298671
-0.40862	0.417405
1.2644	0.334526
-0.14789	0.13179
-0.32171	-0.482978
-0.995263	-0.549913
2.56805	0.643172
-0.84317	-0.12448
-0.701941	0.181084
-0.560713	-0.140819
-0.908353	-0.834995
-0.376029	0.836974
-0.680214	0.0149259
-0.886625	-0.731921
-0.658487	0.537875
-0.191345	0.373088
-0.082708	0.169213
-0.962671	-0.374204
0.884165	0.852579
0.612572	0.569306
-0.984399	0.172389
-0.951808	-0.991736
0.623435	0.277648
-0.593304	-0.0187024
-0.984399	0.131203
1.24267	0.543427
-0.647623	0.376943
-0.549849	0.426217
1.61204	-0.0850941
-0.886625	-1.05673
2.74187	0.341877
-0.00666181	-0.388392
-0.452075	0.0459202
-0.897489	-0.535942
-0.940944	-0.803927
-0.636759	-0.501706
-0.854034	-0.290149
3.80651	0.477534
-0.995263	-0.71758
1.19921	0.258444
0.254068	0.302979
-0.256528	-0.237955
-0.0609805	0.16772
-0.777988	-0.685932
-0.691078	0.495031
-0.115299	0.0879319
-0.93008	-0.245711
-0.0283893	0.433978
-0.625895	-0.4099
-0.658487	-0.0773118
-0.0501168	0.434519
-0.973535	-1.03959
-0.951808	-1.30478
-0.115299	0.239913
-0.799715	0.410637
3.23073	0.350159
-0.897489	-0.0474893
-0.538985	-0.361325
1.04712	0.456678
-0.908353	0.0140109
0.938484	-0.225585
-0.886625	-0.689194
0.732073	0.474773
-0.962671	-0.834221
-0.332574	0.601354
0.84071	0.48374
0.862438	0.44369
-1.00613	-0.801993
-0.984399	0.0101152
-0.278255	-0.0433107
0.558253	0.67201
-0.864898	0.153887
-0.832306	-0.625817
-0.58244	0.365073
-0.604168	-0.599848
0.0911119	0.392411
-0.864898	0.179587
-0.66935	0.396443
-0.701941	-0.0671883
-0.821443	0.401494
0.0150657	0.0852828
0.971075	0.638654
-0.593304	0.455065
-0.886625	-0.278083
0.818983	0.560237
-0.2348	0.418114
0.362706	0.371364
-0.0609805	0.61313
-0.908353	-0.3026
0.156294	-0.454391
-0.2348	0.434494
0.373569	0.108773
0.829847	-0.467915
-0.0501168	0.365109
-0.604168	0.504522
-0.245664	0.242076
-0.604168	-0.156861
-0.441212	-0.72556
-0.082708	0.322806
0.156294	-0.264115
-0.919216	-0.883657
0.92762	0.311098
0.286659	0.295586
-0.940944	-0.503493
0.351842	-0.382541
0.873302	0.26863
0.536525	0.345604
1.53599	0.585786
0.590844	0.354736
-0.984399	-0.487333
4.01292	0.512267
-0.0501168	0.471954
-1.02785	0.182287
0.851574	0.0294242
-0.289119	0.588026
-0.66935	-0.297677
0.460479	0.477332
-0.0283893	0.38041
-0.528122	0.0258681
0.895029	0.326899
-0.452075	-0.436299
-0.897489	-1.58161
-0.864898	0.426024
-0.886625	-0.075028
-0.473803	0.195141
-0.875761	0.122521
-0.625895	-0.025524
-0.58244	-0.67481
-0.919216	-1.02476
-0.897489	-0.412198
-0.908353	-0.0983547
0.145431	0.293212
0.112839	-0.0443631
2.3725	0.278603
-0.799715	-0.525834
-0.137027	0.486922
0.112839	-0.440505
-0.875761	0.0201945
-0.452075	-0.435276
2.02486	0.596506
0.536525	0.242727
0.482207	0.466159
-0.245664	-0.270574
-0.897489	-0.932541
-0.636759	-0.330768
0.699482	-0.43795
-0.00666181	-0.1166
-0.701941	-0.658036
-0.734533	-0.607811
-0.995263	-0.664657
0.503934	0.502912
-0.0935718	0.350697
-0.0175256	0.391193
0.449616	0.20348
-0.14789	0.0696423
0.340978	-0.0962414
0.775528	0.175137
0.569117	0.41754
0.57998	0.419177
0.0693844	0.431191
-0.897489	0.290331
0.319251	0.271728
0.873302	0.0670195
-0.810579	-0.861063
0.0259294	0.446731
-0.832306	-0.0333066
-0.462939	0.318224
-0.430348	-0.0379134
-0.799715	0.0045391
-0.082708	0.469435
-0.365165	-0.653361
-0.854034	-0.37857
-0.343438	-0.0285224
-0.441212	0.708232
0.590844	0.534656
0.558253	0.495324
-0.604168	0.424151
2.492	0.71994
-0.658487	-0.345638
-0.810579	-0.508505
1.09058	-0.0910957
-0.430348	0.628362
1.9814	0.390254
1.09058	0.25105
0.243204	0.348852
-0.832306	0.045841
-1.00613	-0.72678
2.57891	0.487616
-0.0501168	-0.91068
0.536525	0.681457
-0.951808	-0.406538
0.742937	-0.201872
-0.680214	-0.008802
-0.278255	0.271264
0.275796	-1.13919
0.232341	0.330394
0.0693844	0.407048
1.03626	0.322788
-1.01699	-0.601962
-0.886625	-0.0190309
-0.821443	-0.768554
-0.995263	-0.968034
1.70981	0.561893
-0.734533	-0.143849
0.254068	0.351894
0.808119	0.430167
-0.223937	0.0040271
0.688618	0.0269003
0.0911119	-0.117492
0.949348	0.73829
-0.832306	-0.328702
0.145431	-0.345252
0.286659	0.447568
-0.158754	-0.00386895
-0.289119	0.702855
-0.951808	0.492085
0.569117	0.313852
0.960212	-0.031932
0.0476569	0.454069
-0.397757	0.226146
0.0585207	0.276889
-0.0175256	-0.143322
-0.821443	-0.704227
-0.245664	-0.26754
-0.0175256	0.114595
0.66689	0.186066
-0.560713	-0.342415
-0.202209	0.369811
1.5034	-0.135888
0.656027	0.545828
-0.332574	-0.701854
-0.995263	-0.491146
-0.267392	0.209357
0.0693844	-0.395356
2.04659	0.19236
-0.00666181	0.57879
0.243204	0.423395
-0.93008	-0.104699
-0.549849	-0.427151
-0.658487	0.0455635
-0.93008	-1.55581
1.04712	0.477576
-0.701941	0.216895
1.88363	0.218812
-0.940944	-0.829966
0.319251	0.144999
1.25353	0.406833
2.17695	0.493444
-0.538985	-0.394497
-0.289119	0.0610987
-0.528122	-0.92005
-0.75626	-0.0339236
-0.712805	-0.531502
0.895029	0.463244
1.16662	0.435014
-0.995263	-0.254101
-0.84317	-0.164278
-0.484667	-0.0282287
0.992803	0.337055
2.15522	0.353568
-0.14789	0.356243
2.35077	0.0665864
0.210613	0.322062
-0.430348	0.462541
-0.864898	-0.991746
-0.93008	-0.690467
0.330114	0.284955
3.13296	0.361269
-0.386893	0.27804
-0.897489	-0.530617
-0.137027	0.250281
-0.854034	-0.395808
-0.854034	-0.56791
1.13403	0.469653
-0.723669	-0.162225
0.742937	0.450327
-0.777988	-0.188977
0.340978	0.0496416
-0.788851	-0.0870942
-0.995263	-0.342892
-0.462939	-0.863582
-0.767124	0.48579
0.210613	-1.06529
-0.66935	-0.611489
-1.04958	0.185135
2.03572	0.354982
-0.951808	-0.667323
-0.0175256	-0.01241
1.16662	0.379215
-0.962671	-0.565254
0.395297	0.231785
0.938484	-0.0191419
-0.84317	-0.685918
1.07971	0.260836
-0.701941	-0.625624
-0.940944	-0.463731
-0.256528	-0.180439
-0.202209	0.369811
-0.452075	-0.576952
0.862438	0.446994
-0.452075	-0.649053
-0.430348	-0.0217414
0.742937	-0.498937
-0.0501168	0.282576
2.64409	0.558051
-0.560713	-0.205506
-0.213073	-0.392449
1.47081	0.385094
-0.615032	0.429427
-0.625895	0.333981
0.710345	0.334315
0.949348	-0.0980426
-0.082708	0.173571
-0.191345	0.298688
-0.919216	-0.57405
-0.767124	0.384035
0.536525	-0.208503
1.81845	0.589901
0.981939	0.0678807
1.02539	0.2859
-0.202209	-0.62439
-0.864898	-0.571854
-0.0609805	-0.0263959
0.275796	0.212325
0.590844	0.353203
4.38229	0.711959
-0.897489	0.170072
0.167158	0.422874
-0.951808	-0.730189
0.471343	-0.087178
-0.810579	-0.342497
-0.647623	-0.5347
0.308387	0.498168
4.49093	0.37542
-0.376029	-0.393476
-0.701941	-0.504752
-0.799715	0.337874
-0.462939	0.0201297
-0.951808	-0.738049
0.623435	0.507524
-0.919216	-0.158437
1.21008	0.247822
-0.897489	-0.0394025
1.77499	0.198883
2.48114	0.272202
-0.93008	-1.14392
-0.951808	-0.621117
-0.310847	-0.297451
1.05799	-0.42902
0.482207	0.201713
-0.777988	-1.10617
0.721209	0.504801
1.05799	0.34057
-0.962671	-0.895303
-0.560713	0.122963
0.829847	0.123906
0.0259294	0.77478
0.384433	0.0904756
-0.332574	-0.193921
-0.593304	-0.555081
0.949348	0.25428
-0.299983	-0.443345
-0.940944	-1.06729
-0.919216	-1.02476
-0.745396	0.447696
1.16662	0.501318
-0.397757	8.0793e-05
-0.158754	0.39076
-0.940944	-0.444441
-0.93008	-0.806345
0.0802482	0.109631
1.88363	-0.0946308
0.981939	0.319979
0.178022	-0.515118
-0.84317	-0.845739
-0.278255	0.208211
-0.973535	-0.728359
-0.528122	-0.522505
-0.962671	-0.270037
4.78425	0.31315
-0.864898	-0.447249
-0.908353	0.510786
2.91569	0.225398
-0.245664	-0.270574
0.797255	0.332444
-0.995263	-0.717352
0.656027	-0.116472
-0.951808	-0.463209
-0.919216	-0.883838
-0.788851	-0.0949471
1.61204	0.282966
-0.832306	-0.683821
0.634299	0.277559
0.960212	0.374665
-0.897489	0.317217
-0.2348	-0.201476
-0.951808	-0.561116
-0.441212	0.176024
0.449616	0.489718
-0.864898	-0.693458
-0.267392	-0.233045
0.482207	0.0122376
-0.908353	-0.767963
0.188886	0.432883
0.00420194	0.256199
-0.40862	0.263795
-0.245664	-0.244877
-0.452075	-0.157481
-0.560713	-0.38677
-0.995263	0.420445
-0.940944	-0.306277
-0.723669	-0.938137
-0.462939	-0.214556
0.938484	0.276635
0.0693844	0.644948
-0.40862	0.05063
-0.658487	0.0406235
-0.299983	0.344902
1.90536	0.331949
-0.93008	-0.443986
-0.180482	0.409395
0.66689	0.37797
-0.0609805	0.190541
-0.897489	-0.29231
-0.0718443	0.290837
-0.538985	-1.67591
0.471343	-0.402898
-0.66935	0.428295
3.49146	0.420055
-0.14789	0.154613
-0.810579	-0.0316652
0.677754	0.312938
-0.462939	-0.100816
-0.0935718	0.437927
-0.908353	-0.660795
-0.984399	-0.708123
-0.93008	-0.28541
-0.919216	-0.10552
-0.908353	-0.922303
0.406161	0.273605
-0.821443	0.511046
-0.84317	-0.423055
-0.854034	-1.61139
-0.386893	-0.022202
-0.245664	-0.400604
0.525662	0.366945
-0.549849	0.21584
0.0585207	-0.290338
-0.767124	-0.931612
-0.799715	0.718489
-0.832306	0.104446
0.286659	-0.367098
-0.832306	0.496973
-0.082708	0.0917504
-0.658487	-1.00598
0.688618	0.412295
-0.658487	0.345289
1.42735	0.45152
-0.430348	-0.315207
-0.886625	-0.856229
0.362706	0.580639
-0.864898	0.248637
0.699482	0.363493
3.23073	0.77896
-0.32171	0.646176
-0.115299	0.805622
-0.951808	-1.94208
-0.158754	0.22179
2.1009	0.608618
-0.397757	0.517358
1.53599	0.333341
-0.256528	0.505838
0.460479	-0.224301
1.3839	0.203314
1.7424	0.396823
-0.082708	0.399357
1.97054	0.109742
1.31872	0.303922
0.351842	-0.401185
-0.940944	-0.843586
-0.245664	0.0370737
-0.854034	0.0888276
-0.984399	0.251559
1.01453	0.304392
-0.039253	-0.209088
-0.0175256	0.456865
-0.593304	0.109846
-0.0718443	0.341917
0.00420194	0.576614
-0.832306	-0.093439
0.905893	0.185224
-0.864898	0.114303
0.775528	0.334579
-0.93008	-0.524016
1.1123	-0.0417717
-0.104436	0.263962
-0.897489	-0.467611
-0.2348	-0.0416942
0.916757	0.660175
0.829847	0.220704
-0.40862	-0.0470976
0.199749	0.462816
-0.310847	-0.250043
1.05799	0.0819994
1.35131	0.0539466
-0.593304	-0.646464
-0.821443	0.241327
0.286659	-0.0261175
-0.615032	0.536897
-0.995263	-0.98839
2.69841	0.431113
-0.886625	0.133211
-0.376029	0.041721
-0.180482	-0.36648
-0.875761	0.26008
0.264932	0.182373
1.43822	0.508398
1.27526	0.522995
2.11177	0.657106
0.0259294	0.282726
0.297523	0.18881
3.67615	0.813583
-0.256528	0.278122
-0.908353	-1.06391
-0.691078	0.401763
-0.549849	0.51894
1.2644	-0.369316
2.55718	0.297274
-0.245664	-0.0770904
0.362706	0.214833
-0.951808	-0.499875
-0.854034	0.194277
0.0150657	-0.029399
-0.0609805	-0.306652
0.395297	-0.360906
0.395297	0.394076
-0.973535	-0.192357
-0.723669	-0.0244
0.873302	0.490996
-0.473803	0.0639872
1.90536	0.0654102
0.178022	0.496993
-0.343438	0.190657
-0.430348	0.487743
0.503934	0.360479
1.29699	0.109207
-0.386893	-0.754231
0.938484	0.526632
-0.299983	0.319643
-0.473803	0.307184
1.63376	0.360942
2.80705	0.776638
-0.484667	0.357085
-0.0935718	-0.0566934
-0.897489	-0.167588
1.42735	0.502809
-0.973535	-1.03709
0.427888	0.367712
-0.0609805	0.488359
-0.701941	0.36814
-0.897489	-0.695062
-0.115299	0.250296
-0.821443	-0.806456
-0.84317	-0.0690296
-0.951808	-0.417057
-0.376029	0.25714
-1.03872	-1.30305
-0.462939	-0.42743
-0.615032	-1.03304
0.210613	0.37786
-0.984399	-1.07272
-0.419484	0.348557
-0.995263	0.599769
-0.875761	-0.762523
-0.962671	0.237094
-0.745396	-0.130688
0.134567	-0.357706
-0.571577	-0.168613
0.992803	0.180619
-0.723669	-0.032339
3.19814	0.601497
0.656027	-0.334131
-0.984399	-1.25846
-0.864898	-0.471962
-0.58244	0.437495
0.0911119	0.166619
-0.908353	0.112273
-0.506394	0.476583
-0.712805	0.650048
0.449616	0.0448363
1.27526	-0.124297
-0.419484	0.787166
0.699482	0.341948
3.13296	0.361269
-0.636759	-0.0729497
-0.58244	-0.0503945
-0.32171	-0.361091
-0.430348	0.318183
1.16662	-0.0951843
-0.082708	0.60611
2.69841	0.141332
-0.386893	0.164343
-0.452075	0.190396
-0.821443	-0.72709
1.87277	0.0991232
-0.615032	-1.56615
-0.604168	-0.0872653
0.286659	-0.483306
0.188886	-0.17045
2.28559	0.191898
-0.897489	0.492254
-0.919216	0.158313
0.199749	0.211081
0.395297	-0.231298
-0.951808	-0.616832
-0.745396	-0.000973707
-1.04958	-1.68878
-0.897489	-0.134203
0.949348	0.488756
-0.32171	0.0574348
-0.2348	-0.390703
-0.701941	0.245403
0.0259294	-0.290404
-0.625895	-0.915794
0.438752	0.366915
-0.0718443	-0.205741
-0.32171	0.406935
-0.636759	-0.956092
-0.810579	-0.292778
-0.875761	-0.330034
-0.636759	-0.580938
-1.04958	-0.769368
0.514798	0.499892
-0.267392	-0.417104
-0.854034	0.467747
-0.75626	0.0123766
-0.864898	0.153983
-0.528122	-0.868152
-0.636759	-0.352955
-0.0718443	-0.0756768
-0.940944	-0.909513
2.01399	0.53331
-0.571577	-0.137633
0.145431	-0.167578
0.514798	0.405973
0.438752	0.159615
0.340978	0.440909
-0.75626	-0.489281
-0.397757	-0.686878
0.971075	0.585356
-0.082708	-0.463353
3.92601	0.597718
0.167158	-0.202271
-0.984399	-0.77449
0.525662	0.392734
0.199749	-0.0290852
0.0150657	0.462859
0.0802482	0.0244744
-0.32171	-0.725134
0.895029	0.763522
-0.58244	-0.410325
1.34044	0.436685
1.70981	0.204251
-0.984399	-0.443913
2.492	0.550703
-0.462939	0.0134031
-0.430348	0.331648
3.04605	0.49539
-0.84317	-0.36965
2.12263	0.494603
-0.039253	-0.075429
-0.549849	-0.93238
1.63376	0.552491
-0.615032	-0.469519
-0.473803	-0.265048
-0.419484	0.787166
0.547389	0.210014
-0.973535	0.340807
-0.517258	-0.0495857
-0.723669	0.47591
0.0367932	0.0936657
-0.854034	0.18525
-0.66935	-0.334955
0.612572	-0.0293734
-0.0935718	-0.0425829
0.243204	0.0766057
-0.0935718	0.577206
-0.93008	-0.577356
0.49307	0.318816
2.04659	0.499882
-0.940944	0.344753
1.09058	0.347907
-0.940944	-0.274784
1.09058	0.235548
-0.832306	0.592666
-0.799715	-0.0208912
-0.973535	-0.79192
-0.799715	-0.266171
-0.951808	-0.957818
1.65549	0.260466
-0.75626	-0.0692268
-0.213073	0.187342
-0.875761	-1.08087
0.210613	0.0469626
-0.962671	-0.242805
-0.854034	-1.31091
0.123703	0.225906
-0.00666181	0.359646
-0.365165	-0.550455
-0.799715	-0.514505
-0.278255	-0.533588
-0.137027	0.41839
0.449616	0.365522
-0.875761	-0.562729
0.938484	0.00658894
-0.49553	-0.250631
-0.549849	0.170146
-0.908353	0.337083
-0.191345	0.248935
-0.864898	-0.571854
1.05799	0.3402
2.86137	0.279985
1.45994	0.538052
0.00420194	0.610487
2.70927	-0.175538
-0.473803	0.442417
0.438752	0.0370578
-0.940944	-0.515526
-0.734533	-0.158468
0.210613	0.393095
0.232341	0.282852
-0.517258	-0.366846
0.123703	0.278165
-0.517258	0.0994932
-0.40862	-0.362605
0.775528	-0.227009
-0.821443	-0.038441
-0.549849	0.0780047
0.84071	0.14217
-0.0935718	0.510947
0.0802482	0.269569
0.264932	-0.0156443
-0.919216	-0.727195
-0.299983	0.495675
-0.538985	-0.94065
0.0259294	0.163074
1.1123	0.809735
0.264932	-0.457797
0.275796	0.582041
-0.517258	0.263856
-1.00613	-2.01616
0.536525	0.155872
-0.00666181	0.421244
-0.430348	0.053067
-0.104436	0.151539
0.406161	0.33459
-0.984399	-0.618284
-0.267392	0.0999532
-0.886625	0.0549856
-0.158754	-0.658826
-0.625895	0.48249
0.0476569	-0.252526
-0.767124	0.502873
0.427888	-0.17879
1.44908	0.370444
-0.137027	-0.0430368
-0.854034	-0.588366
-0.734533	0.368978
-0.832306	-0.359261
-0.66935	0.195999
-0.2348	0.504064
-0.245664	0.408109
-0.658487	-0.178826
0.688618	-0.0471321
-0.799715	-0.749966
1.97054	0.0745131
3.14382	0.45038
-0.864898	-0.536119
1.3839	0.293807
1.10144	0.426956
-0.84317	-0.766878
0.178022	-0.0433005
0.808119	0.769744
-0.615032	-0.0869883
-0.973535	-0.773046
0.590844	-0.276568
0.710345	0.0325905
0.525662	-0.661344
1.87277	0.416744
2.88309	0.653048
0.645163	0.43266
3.33937	0.574621
-0.386893	-0.792003
-0.484667	0.0224206
-0.777988	0.162175
-0.93008	-0.102094
0.297523	0.519264
-0.821443	-0.0838795
-0.951808	-1.02612
-0.864898	-0.0752395
-0.462939	-0.286005
1.1449	-0.134541
-0.962671	-0.75265
0.254068	0.416667
0.0150657	-0.389315
1.15576	0.54628
0.319251	-0.0299827
0.0802482	-0.220802
-0.625895	-0.225273
-0.897489	-0.205536
-0.951808	-0.172592
-0.886625	-0.218449
0.199749	0.224692
-0.75626	-0.025194
2.09004	-0.112751
1.23181	0.51887
-0.919216	-1.16769
0.590844	0.345401
-0.32171	0.0531901
-0.604168	-0.294707
0.645163	-0.72949
0.199749	-0.285016
-0.984399	-0.181913
-0.49553	0.387824
-0.680214	0.544939
0.351842	-0.405381
0.460479	0.468785
-0.299983	0.196478
-0.886625	-0.456549
-0.66935	0.0309078
-0.962671	-1.28036
0.210613	0.391289
-0.126163	0.0203191
0.514798	0.294868
0.895029	0.464031
0.0802482	0.435216
0.742937	0.37571
0.395297	0.0695959
-0.734533	-0.273975
-0.788851	0.0141858
-0.202209	0.0103517
0.351842	0.252026
-0.441212	0.239026
-0.593304	0.142618
-0.897489	-0.267044
-0.517258	-0.114914
-0.473803	0.165727
-0.58244	0.000610039
4.38229	0.166172
-0.473803	0.0801967
0.134567	0.341714
-0.908353	-0.0385175
-0.00666181	0.509674
-0.2348	0.364676
-0.538985	0.611689
-1.00613	-0.655843
0.417024	0.431966
0.786392	0.622239
-0.191345	0.0208568
-0.962671	-0.649545
0.0476569	0.404575
-0.658487	-0.0193156
-0.158754	0.267206
0.221477	-0.107142
-0.462939	0.0268226
1.41649	0.606507
-0.223937	0.416944
0.373569	-0.0125548
-0.821443	-0.616909
-0.441212	0.114477
0.992803	0.308155
1.13403	0.297378
-0.973535	-0.367376
-0.115299	0.239913
0.808119	0.308999
-0.49553	0.00833407
0.558253	0.516711
3.35024	0.368331
-0.799715	-0.255446
-0.625895	-0.38322
-0.875761	-0.779494
0.264932	0.0615952
-0.32171	0.500885
-0.864898	-0.24872
-0.310847	-0.458458
-0.777988	0.525808
-0.419484	0.357152
-0.223937	0.350015
-0.658487	-0.669208
0.503934	0.104809
1.12317	0.192174
2.253	-0.0947706
-0.2348	0.548476
-0.995263	-0.843569
-0.441212	0.367641
-0.58244	-0.250913
-0.386893	0.472369
-0.354302	0.314431
-0.473803	0.0137183
-0.951808	-0.494742
0.406161	0.342314
-0.0609805	-0.0083335
0.0259294	0.430857
-0.256528	-0.187058
1.40563	0.293077
-0.821443	-0.0838795
-0.169618	0.0505763
1.91622	-0.199106
-0.191345	-0.135669
-0.767124	-0.341626
-0.940944	0.0692212
2.16609	0.47401
-0.506394	0.0869167
-0.158754	0.310383
-0.951808	-0.417832
3.14382	0.395056
-0.962671	-0.49173
0.884165	0.454689
-0.104436	-0.110722
-0.864898	-0.641248
-0.604168	-0.594371
-0.343438	0.16081
1.05799	0.222306
-0.908353	-0.225476
1.99227	0.357987
-0.419484	-0.282893
-0.267392	-0.829203
0.981939	0.264017
-0.180482	0.448882
0.0150657	0.564696
-0.777988	-0.749849
1.15576	0.77014
2.58977	0.350936
-0.734533	-0.455105
0.677754	-0.0385468
-0.452075	-0.441444
-0.299983	-0.0411125
0.362706	-0.440137
-0.419484	-0.198306
0.656027	0.461554
-0.191345	0.248405
-0.560713	0.40971
-0.701941	0.32067
1.16662	0.317167
-0.517258	0.382702
1.05799	0.223916
-0.571577	0.492205
0.558253	0.305345
0.210613	-0.291583
-0.84317	0.443454
-0.299983	0.272815
0.395297	0.739406
-0.962671	-0.825428
-0.951808	-0.02017
-0.93008	-1.19763
-0.593304	0.339612
0.66689	0.236256
0.330114	0.502807
-0.799715	-0.898078
1.63376	0.455665
0.57998	0.315635
-0.832306	-0.786316
0.0693844	0.146789
2.01399	0.29552
0.829847	-0.0210721
2.17695	0.499486
-0.897489	-0.354179
0.688618	-0.0034587
1.53599	0.492105
-0.897489	-0.646147
1.60117	0.609917
0.688618	0.443794
0.949348	0.435068
1.04712	0.203989
-0.158754	0.147453
0.503934	0.362096
0.0259294	0.314469
0.362706	0.158144
-0.213073	0.261178
-0.245664	0.801719
-0.58244	-0.0958529
-0.560713	0.0499335
0.960212	0.336344
-0.984399	-1.271
-0.66935	-0.208341
-0.0175256	0.311052
-0.854034	-0.38193
0.254068	-0.587857
-0.962671	-0.937314
0.710345	-0.117154
-0.962671	0.0546907
1.82931	-0.0690575
-0.376029	0.0512587
-0.571577	-0.027178
-0.897489	0.335371
-0.593304	0.325936
-1.00613	0.368512
-0.66935	0.537555
-0.365165	0.383036
3.89342	0.0621899
0.395297	-0.212486
2.04659	0.492954
1.37303	0.76807
-0.506394	-0.191033
1.07971	0.526382
0.0150657	-0.192178
-0.701941	0.393381
-0.767124	-0.268152
1.00367	0.346879
-0.191345	0.152049
-0.810579	-0.985657
-0.0283893	0.0861578
1.70981	0.292722
1.24267	0.666144
0.721209	-0.262364
-0.299983	0.476036
-0.701941	-1.07678
-0.604168	0.339589
-0.484667	-0.279153
-0.712805	-0.73437
-0.267392	-0.124404
0.732073	-0.270093
-0.886625	0.133795
-0.191345	0.253669
1.25353	0.185249
-0.951808	-0.752778
0.438752	-0.0741149
-0.93008	0.0229019
0.558253	0.265711
-0.343438	-0.674391
-0.984399	-2.01041
-0.484667	-0.341299
0.503934	0.600927
1.72067	0.156451
0.275796	0.510004
0.264932	0.315484
-0.104436	-0.206809
-0.354302	-0.422321
-0.951808	-0.541563
-0.310847	-0.127709
-0.332574	0.387864
-0.84317	0.250588
-0.897489	-0.699736
-0.973535	0.169556
-0.32171	0.459198
-0.14789	0.0849559
0.601708	0.25102
-0.908353	0.529349
-0.66935	0.0633156
0.0911119	-0.102068
0.721209	0.065344
-0.506394	0.27724
-0.875761	-0.217455
1.48167	0.525615
0.0693844	0.520351
0.406161	0.487867
-0.951808	-0.650012
0.00420194	0.0997096
2.1009	0.0312981
-0.137027	-0.501823
0.112839	0.142479
-0.223937	0.425217
-0.615032	0.0507495
-0.636759	-0.224029
-0.788851	-0.232623
1.24267	0.650638
0.167158	0.436518
-1.00613	-0.276946
-0.636759	-0.322159
-0.593304	0.304438
-0.636759	0.259894
-0.886625	-0.996701
-0.0718443	0.394998
-0.158754	-0.610917
-0.973535	-0.596251
-0.66935	-1.60323
-0.32171	-0.0979372
-0.854034	0.159263
-0.32171	0.0473284
-0.430348	-0.949921
-0.864898	-1.39646
1.00367	0.458401
-0.940944	-0.932136
-0.66935	-0.134439
0.112839	0.486308
1.57945	0.532132
0.286659	-0.0336539
-0.517258	-0.528149
-0.951808	-0.154125
-0.256528	0.350304
-0.604168	0.153948
-0.549849	0.0852237
-0.278255	0.316761
-0.810579	-0.280597
1.37303	0.119776
-0.636759	0.26232
-0.104436	0.177217
-0.223937	0.485043
-0.647623	-0.0329025
-0.691078	-0.606809
0.49307	0.285408
2.32904	0.0469296
0.57998	0.260457
2.6115	0.466633
-0.864898	-0.770455
-0.213073	0.275878
-0.604168	-0.410236
-0.940944	-0.476335
-0.919216	-1.21984
0.362706	0.0439185
-0.919216	-0.666979
2.47027	0.212292
4.65388	0.633021
-0.886625	-0.374945
-0.701941	0.317834
-0.875761	-0.323395
0.384433	0.169602
-0.343438	-0.00452109
-0.256528	0.228762
-0.832306	0.393575
-0.58244	-0.75032
0.612572	0.240679
1.64463	0.848638
2.1335	-0.0536802
-0.723669	-0.563767
-0.799715	-0.483669
-0.0175256	0.00880849
0.406161	-0.0569982
0.340978	0.413772
3.77392	0.696807
1.05799	0.33068
0.0802482	0.537306
-0.452075	0.477618
-0.951808	-0.58813
-0.484667	0.354185
-0.267392	0.375093
0.732073	0.418054
-0.32171	-0.962933
-0.386893	-0.179396
-0.289119	-0.515158
1.43822	0.417136
-0.0283893	-0.263795
0.00420194	0.584786
0.330114	-0.369456
1.76413	0.453379
3.68701	0.602753
-0.517258	0.256857
-0.93008	-0.522399
-0.256528	0.194647
1.23181	0.243922
-0.256528	0.0439496
-0.864898	-0.355848
-0.864898	-0.95929
-0.680214	-1.26967
0.286659	0.592565
-0.0501168	0.254857
0.330114	0.613611
-0.571577	-0.662219
0.710345	-0.187304
-0.32171	-0.305266
1.75326	0.437461
-0.462939	0.318224
1.5034	0.514628
-0.528122	-0.318078
-0.58244	-0.023675
-0.517258	0.239894
1.21008	-0.0952835
-0.00666181	-0.0349434
0.449616	-0.154317
-0.441212	0.515271
-0.365165	0.570361
-0.897489	0.349461
1.67722	0.281201
1.5034	0.492127
-0.886625	-0.504167
-0.202209	-0.164403
-0.854034	-1.15049
0.0802482	0.377636
0.319251	0.469571
1.51426	0.763048
1.25353	0.176314
0.232341	0.260068
0.971075	0.0137885
1.89449	0.740413
1.09058	0.342793
-0.821443	-0.91116
-0.962671	-0.16034
-0.962671	-0.156864
-0.864898	-0.910379
0.916757	0.0405068
-0.245664	-0.470929
0.569117	0.229239
0.167158	0.53685
-0.082708	-0.463484
-0.962671	0.360456
-0.0283893	0.365276
-0.419484	0.557297
-0.984399	0.225051
-0.886625	-1.37364
-0.886625	-0.511632
-0.636759	-0.956092
-0.66935	-0.0973472
-0.115299	0.486268
0.797255	0.650507
-0.908353	-0.868291
-0.593304	-0.584383
0.145431	0.24435
-0.40862	-0.196877
-0.84317	0.591899
-0.354302	0.0930453
1.29699	0.166317
-0.908353	-0.20645
-0.897489	-0.671034
3.69788	0.506247
-0.376029	0.145225
-0.897489	-0.490063
0.0911119	-0.976741
-1.01699	-0.19085
0.482207	0.304658
0.0259294	-0.170767
0.221477	-0.716284
0.417024	0.0352997
0.449616	0.187399
-0.864898	-0.228993
-0.549849	0.517847
0.221477	-0.135463
-0.256528	0.571109
-0.951808	0.236266
1.3839	0.171077
-0.2348	-0.2081
-0.2348	-0.129531
-0.386893	0.215079
-0.75626	-0.27025
-1.01699	0.146131
-0.701941	-0.0611243
-0.462939	0.226589
-0.2348	-0.504553
-0.376029	0.555562
-0.49553	0.279238
-0.951808	0.153688
3.68701	0.391225
-0.919216	-0.334721
-0.180482	0.109012
-0.452075	-0.277834
-0.951808	-0.54887
0.764664	-0.146112
-0.821443	0.407928
0.0367932	0.287025
0.829847	0.407484
-0.908353	-0.406929
1.41649	0.276903
-0.897489	-0.158466
-0.897489	0.0867439
0.0367932	0.428536
-0.75626	0.263623
-0.58244	-0.545426
0.286659	0.493348
2.44854	0.617479
0.460479	0.463921
0.0476569	0.27939
0.00420194	0.171979
-0.984399	-1.04811
0.699482	0.392272
0.590844	-0.113841
-0.310847	0.0157025
1.79672	0.276498
-0.180482	0.347333
2.00313	0.390203
0.0367932	0.292143
-0.93008	-0.138571
-0.58244	0.371298
-0.864898	-0.275271
-0.593304	-0.500388
-0.473803	0.0136743
1.69895	0.559564
-0.712805	0.199962
0.938484	0.0747602
-0.180482	-0.0320193
-0.528122	-0.117565
-0.854034	-0.0968857
-0.951808	-1.19489
0.134567	0.59193
0.656027	0.0976979
-0.310847	0.171337
-0.734533	-1.46497
-0.00666181	0.399767
-0.973535	-0.76974
-0.278255	0.294503
-0.84317	-0.190495
0.775528	0.635306
0.362706	0.655971
-0.2348	-0.504553
-0.419484	-0.0198247
-0.473803	0.332541
-0.354302	-0.18166
-0.767124	0.34724
-0.0283893	-0.275202
0.438752	-0.420279
0.92762	0.352004
-0.0718443	0.367679
2.51373	0.344023
-0.832306	0.284048
-0.386893	0.373664
-0.452075	-0.0893809
-0.886625	-0.397498
0.482207	0.508833
-0.289119	-0.0547741
-0.615032	-0.447132
-0.875761	-0.596382
-0.919216	-0.656367
0.558253	-0.185521
0.525662	0.456822
-0.886625	-0.084123
-0.745396	-0.0768543
1.04712	-0.279166
1.39476	0.402216
-0.886625	-0.130306
-0.897489	-1.12687
1.91622	0.435885
-0.701941	0.347745
-1.00613	-0.52951
0.601708	-0.00548863
0.134567	-0.00102218
-0.995263	0.0436863
-0.799715	0.396798
-0.625895	-0.554859
-0.14789	0.383029
0.308387	-0.737019
-0.593304	-0.00953638
-0.799715	-0.13046
-0.777988	0.404569
1.85104	0.507651
-0.039253	0.422663
-0.58244	0.117004
-0.289119	0.106537
-0.158754	0.480841
-0.93008	-1.18825
-0.571577	0.417737
-0.0283893	0.151703
0.0693844	-0.309713
0.362706	0.490129
-0.951808	-0.664751
-0.593304	-0.500388
-0.082708	-0.299764
-0.082708	0.392561
-0.213073	0.427258
-0.810579	-0.12639
-0.854034	-0.532753
-0.289119	0.336021
0.00420194	0.397234
-1.00613	-0.235858
-0.191345	0.279815
0.634299	0.532249
-0.126163	-0.244008
-0.84317	-0.286378
-0.126163	-0.0872618
-0.973535	-0.8497
0.275796	0.230514
1.76413	0.575537
-0.289119	0.430631
0.569117	-0.254297
-0.75626	-0.393498
-0.462939	-0.380987
0.895029	0.300116
-0.864898	-0.70888
-0.691078	-0.0178845
-0.0501168	0.0284244
3.2416	0.517162
-0.723669	-0.337004
0.960212	-0.165242
1.91622	0.236515
-0.169618	0.493231
-0.528122	-0.0761732
-0.767124	-0.166656
-0.767124	-0.505776
-0.278255	0.0819145
-0.919216	-1.1064
-0.951808	-0.802003
-0.419484	-0.360177
0.503934	0.00237568
-0.104436	-0.677119
-0.897489	-0.920861
-0.658487	0.00199845
-0.897489	-1.39029
1.02539	0.169727
1.55772	0.365983
-0.625895	-0.926101
2.253	-0.0846145
-0.777988	-0.493056
-0.137027	0.247329
-0.680214	-0.668546
0.145431	0.17317
0.340978	0.251591
-0.75626	0.193063
-0.647623	-0.315755
-0.897489	0.382473
-0.821443	0.357651
-0.419484	-0.28547
-1.00613	-0.578568
-0.886625	-0.318019
-0.680214	0.514779
-0.940944	-1.83929
-0.919216	-0.807863
-0.712805	-0.671435
-0.615032	-0.125424
-0.832306	-0.470546
-0.419484	0.520912
-0.593304	0.239583
-0.571577	-0.622651
1.00367	0.290002
0.232341	-0.216254
-0.506394	-0.483828
2.78532	0.452187
-0.32171	0.620046
-0.180482	0.617992
-0.995263	-0.578479
0.710345	-0.198162
-0.180482	0.541169
-0.788851	0.289838
-0.821443	0.713149
-0.84317	0.437523
3.39369	0.53984
0.645163	0.0521706
1.41649	-0.252193
-0.484667	0.601799
-0.647623	0.121205
-0.962671	-0.514812
-0.180482	-0.65294
-0.973535	-0.178448
2.02486	0.11404
2.69841	0.126983
0.330114	0.542907
-0.951808	0.401462
-0.658487	-0.370302
0.786392	0.228832
-0.2348	-0.129531
-0.0283893	-0.807859
0.971075	0.551931
-0.832306	-0.490147
-0.180482	-0.0699123
-0.745396	-0.176776
1.8619	-0.172304
0.199749	0.495293
0.0476569	0.37404
-0.625895	-0.326965
1.57945	0.319146
1.39476	0.404518
-0.0501168	0.143886
-0.528122	0.0410905
-0.897489	-0.176815
-0.343438	0.51419
-0.386893	0.225061
-0.32171	0.107596
-0.039253	0.476453
-0.875761	0.456875
-0.082708	-0.757428
-0.397757	-0.467756
1.89449	0.392487
-0.560713	0.327447
-0.571577	-0.00115627
-0.0609805	0.381656
0.264932	0.112747
-0.32171	-0.0308665
-0.962671	-0.148865
-0.908353	-1.0456
0.297523	-0.507722
-0.886625	-0.115241
-0.723669	-0.545386
-0.799715	-0.132908
-0.289119	0.347546
-0.647623	-0.478665
-0.788851	-0.89803
-0.734533	0.490421
-0.126163	0.719582
-0.115299	-0.529564
-0.658487	0.416274
-0.2348	0.112075
1.04712	0.187649
1.97054	0.422324
-0.2348	0.0282894
0.0259294	0.330486
1.29699	0.577092
1.19921	0.405322
-0.58244	-0.893314
-0.082708	-0.251376
-0.452075	0.436512
-0.58244	0.236191
0.558253	0.336374
1.72067	0.123731
1.06885	0.364533
0.536525	0.698103
-0.549849	-0.16368
3.08951	0.259674
1.52513	0.418207
-0.528122	0.0710013
-0.84317	0.281008
-0.2348	-0.511886
0.569117	0.687132
-0.332574	-0.0182921
-0.810579	0.537021
-0.397757	-0.0739911
0.503934	0.413755
0.340978	0.397986
0.0693844	0.143252
-0.919216	0.0882016
1.6229	0.179639
0.0367932	0.278111
1.73154	-0.183573
-0.93008	-0.536974
-0.93008	-0.71604
-0.734533	-0.318632
0.134567	-0.344191
-0.365165	0.230114
-0.343438	-0.0729812
0.742937	0.260572
-0.908353	-0.35745
0.395297	-0.464676
0.340978	0.481107
-0.0718443	-0.223771
-0.49553	0.260512
2.94828	0.226541
3.46974	0.50965
-0.897489	-1.09464
0.210613	-0.905545
-0.528122	-0.868152
2.39423	0.407023
-0.506394	-0.55011
-0.430348	-0.224219
-0.647623	0.0120524
-1.00613	-2.01616
-0.647623	0.158282
-0.441212	-0.422564
-0.864898	0.0427337
-0.0609805	0.263832
-0.299983	0.0606993
-0.636759	0.2679
-0.767124	-0.318038
-0.00666181	0.245745
2.8505	0.328069
-1.03872	-0.394258
0.123703	0.0633791
-0.625895	-0.36047
0.449616	0.567033
-0.00666181	-0.0984038
-0.223937	-0.00929866
1.34044	0.341102
-0.0718443	0.101758
-0.299983	0.508447
-0.962671	-1.12971
0.0259294	-0.00256222
-0.788851	-0.635683
0.688618	-0.39566
0.677754	0.0583538
0.232341	0.291954
-0.886625	-0.547705
2.47027	0.647313
-0.919216	-0.885577
0.232341	0.0839085
-0.137027	-0.342002
-0.245664	0.320801
-0.00666181	0.471805
0.699482	0.0957416
-0.647623	-0.606785
-0.2348	0.184566
1.53599	0.568464
0.145431	-0.227147
1.84017	0.439304
-0.376029	0.469391
0.112839	-0.525587
-0.549849	-0.383437
0.167158	0.364321
-0.854034	-0.0289856
-0.940944	-0.891793
-0.104436	-0.0255306
-0.14789	0.34289
-0.919216	-0.265358
-0.84317	0.787184
-0.386893	0.206181
-0.549849	0.42731
-0.854034	-0.498885
-0.310847	-0.21888
-0.506394	0.252442
-0.267392	0.169779
0.427888	0.0010417
0.634299	0.524823
-0.419484	-1.08939
0.905893	0.398021
-0.93008	0.0409196
-0.267392	0.366334
-0.528122	0.285475
0.547389	-0.11491
-0.365165	-0.195704
0.395297	0.477552
0.112839	0.320541
2.51373	0.633231
0.427888	0.205861
-0.169618	-0.573192
1.13403	0.192255
-0.213073	-0.206595
-0.647623	-0.301946
-0.723669	-0.814617
-0.636759	-0.191311
-0.886625	-0.814714
-0.919216	-0.934136
-0.343438	-0.0218687
-0.777988	-0.28073
-0.484667	-0.283067
0.992803	0.687529
-0.93008	0.0171813
-0.267392	0.359881
-0.560713	-0.0959616
-0.908353	0.395044
-0.75626	-0.318531
0.112839	0.353455
-0.538985	0.387421
0.460479	0.334139
0.0259294	0.165348
-0.32171	0.267327
-0.32171	0.268593
1.13403	0.407463
-0.593304	0.309387
-0.712805	-0.33087
-0.745396	-0.810559
-0.951808	0.358613
-0.473803	0.34823
0.7538	0.779641
-0.2348	0.654824
3.67615	0.600368
-0.723669	-0.312901
-0.625895	0.104286
-0.995263	-0.399372
1.53599	0.041006
-0.767124	-0.53582
-0.647623	-0.481192
-0.810579	-0.620342
-0.419484	-0.264289
0.612572	0.39564
2.15522	0.0649653
2.44854	0.632537
0.156294	-0.400644
0.319251	0.358331
0.221477	0.542819
-0.897489	-0.682803
1.56858	0.29216
0.634299	0.735757
-0.962671	-1.22952
-0.788851	-0.225808
-0.691078	0.00682517
1.84017	0.650124
-0.615032	0.312221
-0.745396	0.709986
-0.984399	-0.928828
2.97	0.377875
-0.430348	0.260161
-0.560713	0.380884
-0.213073	0.592857
0.775528	0.276857
-0.745396	-0.810559
0.156294	-0.308374
-0.84317	-0.826668
-0.528122	-0.347633
-0.376029	-0.297951
2.492	0.550703
0.949348	0.477522
-0.734533	-0.470895
-0.919216	-0.0982517
-0.712805	-0.578025
2.32904	0.564399
-0.647623	0.298478
-0.115299	0.0862221
-0.995263	0.00810821
-0.267392	0.334903
1.15576	0.396705
2.35077	0.439786
-0.14789	-0.282494
-0.962671	-0.169224
0.0585207	0.824266
-0.441212	0.319384
0.49307	0.328943
0.199749	0.346258
1.70981	0.535359
0.232341	0.100651
-0.734533	-0.130043
-0.538985	-0.74581
-0.560713	-0.710572
-0.278255	0.439793
0.884165	0.492002
0.145431	0.024578
-0.810579	-0.152168
-0.788851	0.364536
-0.2348	0.169165
3.26333	0.28725
-0.571577	-0.395369
-0.723669	-0.469883
0.0585207	0.28618
-0.137027	0.46401
0.742937	0.130957
-0.745396	-0.644643
0.0476569	0.43972
2.253	0.298588
-0.354302	-0.466119
-0.701941	0.412605
-0.376029	-0.144869
0.406161	-0.328291
0.732073	-0.644855
1.75326	0.362327
1.44908	0.277667
-0.66935	-1.06724
0.916757	0.356609
0.308387	0.368353
0.471343	-0.122267
-0.984399	-0.739981
0.308387	0.579327
-0.93008	0.218012
-0.49553	0.413867
0.340978	0.334674
0.286659	0.044333
0.786392	0.476556
-0.788851	0.179432
-0.995263	-1.50556
4.20847	0.530209
0.406161	-0.295386
-0.951808	-0.602496
-0.658487	-0.515267
-0.962671	-0.731455
0.178022	-0.316577
-0.419484	-0.360177
1.61204	0.469708
-0.32171	0.132097
-0.365165	-0.0971002
-0.951808	-0.263841
-0.343438	-0.00452109
-0.745396	-0.369365
-0.0935718	0.0317569
0.0259294	0.137637
-0.213073	0.592857
0.427888	0.377741
-0.712805	-0.927854
-0.213073	-0.676476
-0.2348	0.377236
-0.40862	0.250102
0.460479	0.211356
-0.299983	0.577709
0.351842	0.168278
-0.115299	-0.760355
0.460479	0.0101144
-0.158754	0.325806
-0.940944	0.0555888
-0.397757	0.232748
-0.158754	-0.0578534
0.569117	0.517088
-0.875761	-1.83789
1.32958	0.420278
0.949348	0.472923
-0.658487	0.0406235
-0.104436	0.106455
3.21987	0.514152
1.67722	0.667384
1.93795	0.611786
-0.951808	-0.600291
1.23181	0.395321
0.623435	0.209164
-0.593304	0.51878
-0.84317	-1.13207
0.818983	0.574239
0.286659	0.73102
0.199749	-0.162297
-0.864898	-0.379774
0.818983	0.448092
0.134567	0.446611
-0.919216	0.191117
-0.0718443	0.559693
-0.473803	0.41921
-0.169618	-0.126712
-0.680214	0.204166
-0.788851	-0.626229
0.264932	0.215573
0.514798	0.0931124
-0.984399	-1.12658
0.449616	0.117732
-0.0718443	0.410989
2.731	0.323027
-0.2348	-0.41595
0.742937	0.0272566
-0.875761	-1.05405
-0.940944	-0.507301
-0.864898	-0.890359
0.895029	0.714978
-0.854034	-0.592765
1.45994	0.269923
1.39476	0.147815
-0.40862	0.426215
-0.973535	-0.0411539
0.482207	0.0197861
-0.84317	-0.440111
0.188886	0.340342
-0.691078	0.0708565
-0.908353	-0.0611013
1.3839	0.51968
0.449616	-0.284138
-0.886625	-0.723391
-0.734533	-0.251557
-0.745396	-0.261846
-0.940944	0.379299
0.0150657	0.403915
0.0150657	0.228586
0.0367932	-0.129949
-0.821443	-0.345028
-0.0501168	0.320786
0.786392	0.557196
-0.213073	0.283723
-0.560713	0.384634
3.6001	0.318548
-0.58244	0.233498
0.699482	0.348009
-0.256528	-0.126576
-0.386893	0.278358
-0.14789	0.607832
-0.538985	-0.308734
-0.2348	0.66313
-0.712805	0.544183
-0.832306	-0.624662
-0.0935718	0.774405
2.15522	0.632135
-0.104436	0.406991
-0.777988	-0.298785
-1.03872	-1.27608
1.75326	0.237275
-0.810579	-0.226189
0.7538	-0.15611
-0.40862	-0.15915
0.905893	0.486796
2.58977	0.250154
-0.897489	-0.274946
0.362706	0.127759
-0.245664	0.699402
0.123703	0.520555
0.438752	0.140953
-0.0935718	0.170189
-0.213073	0.356033
-0.169618	-0.342946
-0.452075	-0.430676
-0.701941	0.403753
1.89449	0.55733
0.243204	0.2102
0.0911119	0.020148
-0.278255	0.561554
-0.680214	-0.347327
0.49307	0.179765
-0.126163	0.155688
-0.897489	-0.133591
-0.223937	-0.804629
-0.908353	-0.697357
-1.02785	-1.50026
-0.66935	-0.432334
0.438752	-0.517029
0.775528	0.367862
-0.897489	-0.582103
-0.897489	-0.602298
-0.604168	-0.502081
-0.701941	0.562816
0.558253	0.17973
0.395297	-0.0734034
-0.365165	-0.473907
2.65496	0.0466221
-0.32171	-0.102005
-0.517258	0.0953104
-0.810579	-0.0517298
-0.386893	0.568812
-0.962671	0.158502
1.1123	0.494275
0.764664	-0.194521
-0.897489	-0.423585
-0.940944	-1.32853
0.243204	0.646104
-0.658487	0.387677
0.427888	0.368263
-0.604168	-0.402211
-0.137027	-0.074683
-0.886625	-1.0535
-0.864898	-0.2153
0.101976	-0.0398931
1.05799	0.373257
-0.854034	-0.826925
1.02539	0.488022
-0.49553	-0.0998147
-0.886625	-0.615351
0.742937	0.474975
-0.267392	0.163891
1.47081	0.448547
-0.082708	-0.463353
0.808119	0.108189
-0.984399	-0.377789
-0.995263	-0.712407
-0.864898	-1.03689
-0.984399	-0.463684
0.884165	0.0598656
-0.962671	-0.562838
-0.289119	-1.06268
-0.571577	-0.364049
-0.354302	-1.27177
-0.115299	0.320861
-0.039253	-0.487445
-0.821443	-2.39239
0.612572	0.497374
-0.0609805	0.537973
-0.419484	0.407382
1.9814	0.104957
0.656027	-0.568558
-0.680214	-0.302751
0.123703	-0.154998
1.27526	0.516622
1.1123	0.534451
-0.082708	0.331405
-0.376029	0.300787
1.80758	-0.155106
1.18835	0.417076
0.264932	0.0935665
-0.734533	0.169182
1.90536	0.745019
-0.202209	0.339625
-0.788851	-0.00538917
1.8619	0.228737
0.286659	0.529484
1.91622	0.645287
-0.625895	0.567573
0.884165	-0.289781
1.59031	0.570572
-0.115299	-0.84654
0.905893	0.344885
-0.0718443	-0.792774
0.0802482	0.153913
-0.528122	0.504857
-0.723669	-0.0192226
-0.49553	0.0183308
-0.745396	-0.774575
0.123703	0.372985
0.449616	0.392396
1.16662	0.201577
-0.962671	-0.693549
0.112839	0.455357
-0.202209	-0.702978
-0.810579	0.301981
0.7538	0.578371
1.48167	0.274448
0.286659	0.266734
0.0367932	0.307223
-0.452075	0.503998
-0.365165	-0.137139
-0.256528	0.55736
1.49254	0.619828
-0.538985	0.162301
-0.788851	0.0968598
0.145431	0.485454
0.145431	0.380687
1.42735	-0.105774
-0.40862	0.859591
-0.66935	0.0912495
-0.0175256	0.481655
-0.93008	-0.772359
-0.354302	-0.171295
0.471343	0.271888
0.221477	0.0626212
-0.58244	0.16417
-0.854034	-1.20694
0.775528	0.217052
2.67668	0.621187
-0.0175256	0.314848
-0.191345	-0.218477
-0.473803	0.390729
-0.919216	-0.415701
-0.940944	-0.638984
-0.484667	0.494492
-0.0283893	0.644262
-0.158754	0.00687284
-0.169618	0.0964592
-0.919216	-0.0759402
-0.560713	0.425151
2.72014	0.320808
0.547389	0.0577844
-0.104436	0.477503
-0.897489	0.290331
-0.658487	-0.0268737
0.84071	0.368789
-0.854034	-0.585601
-0.40862	-0.451964
3.75219	0.799208
-0.767124	-0.724418
1.12317	-0.140142
-0.104436	0.337903
-0.75626	0.162661
0.178022	0.322559
-0.571577	-0.350435
1.37303	0.330742
0.0693844	-0.616299
0.417024	0.0429772
0.0911119	0.42998
-0.625895	0.540994
-0.66935	0.135816
-0.897489	-1.24866
2.01399	0.343446
-0.734533	0.0457532
-0.506394	-0.110649
0.0585207	0.25251
-0.158754	0.144733
-0.93008	0.208568
0.112839	0.148268
-0.386893	0.256517
-0.788851	-0.724094
-0.332574	0.32814
0.0476569	0.212032
-0.549849	-0.469839
-0.571577	-0.182458
-0.0718443	0.223911
-0.0935718	0.418304
-0.039253	0.0202185
-0.571577	0.0212599
-0.658487	0.500805
-0.788851	0.41315
0.775528	0.400903
1.84017	0.666986
1.7424	0.67994
0.710345	-0.690345
-0.832306	-1.14716
-0.604168	0.415116
-0.788851	-0.534035
-0.49553	-0.542218
1.75326	0.568242
-0.223937	0.0942324
1.07971	0.507381
-0.039253	0.302062
-0.256528	-0.641105
2.82878	0.794428
-0.777988	-0.330244
-0.84317	-0.0385497
-0.115299	0.254647
-0.158754	0.275771
0.340978	-0.0321634
0.123703	0.0633791
-0.821443	-0.575698
0.00420194	0.464223
1.19921	-0.0485437
-0.473803	0.495145
-0.560713	0.791972
-0.973535	-0.216783
-0.680214	-0.932576
-0.039253	0.279228
-0.289119	0.0827809
-0.202209	0.564929
-0.202209	-0.0632737
-0.213073	0.175286
-0.940944	-0.76473
1.89449	0.0587369
-0.49553	0.0183308
-0.647623	0.0120524
-0.799715	0.407387
-0.767124	-0.846457
1.61204	0.816516
0.199749	-0.00910314
0.112839	0.204134
2.02486	0.11404
-0.365165	0.664616
-0.647623	0.110181
0.438752	0.284368
0.49307	0.328943
-0.680214	-0.78565
3.68701	0.75414
0.286659	-0.206921
1.84017	0.522103
-0.452075	0.201547
-0.615032	0.402996
-0.137027	-0.586161
0.156294	0.158411
-0.940944	-1.20696
-0.506394	-0.284364
-0.517258	0.518699
-0.821443	-0.702415
-0.549849	-1.02411
0.884165	0.142754
1.35131	0.00434429
-0.484667	-0.309921
-0.951808	-1.27342
-0.75626	0.0527424
-0.951808	0.0404996
0.92762	0.349267
0.395297	0.254117
-0.854034	-0.234341
1.91622	0.236515
-0.0283893	0.475371
-0.647623	-0.150131
-0.289119	0.0513137
0.134567	0.60778
-0.940944	-0.566396
-0.40862	0.301184
2.86137	0.460179
0.362706	0.731586
2.731	0.397617
0.145431	0.25693
0.427888	0.28596
-1.00613	-0.0676225
0.612572	0.0873076
2.00313	0.390203
-0.919216	-0.938193
-0.039253	-0.571299
2.95914	0.566062
-0.386893	-0.678851
-0.93008	-0.217651
-0.484667	0.428343
-0.962671	-0.320529
1.19921	0.515137
0.612572	0.652296
-0.0935718	0.161559
-0.571577	0.493537
0.0585207	-0.290338
-0.951808	-0.988507
0.286659	0.575549
0.57998	0.612318
0.503934	-0.274891
-0.691078	-0.058324
1.84017	0.650124
1.65549	0.133481
0.221477	0.573302
0.243204	0.410815
-0.332574	0.217447
0.0367932	-0.255089
-0.995263	-0.339694
0.797255	0.00775865
-0.386893	-0.397445
0.992803	0.515175
0.449616	0.561323
1.54685	-0.051985
-0.0175256	-0.465909
0.623435	-0.0805974
-0.158754	-0.787355
0.884165	0.62209
-0.213073	0.418091
-0.734533	-0.432737
2.82878	0.617936
0.210613	0.284206
-0.32171	0.142383
-0.082708	0.528698
0.981939	0.578015
-0.169618	0.364138
-0.875761	-1.37808
-0.832306	-0.520816
0.66689	-0.223639
-0.0718443	0.0795611
-0.647623	0.47509
-0.658487	0.283882
-0.115299	-0.578197
0.297523	0.248844
0.373569	0.312333
-0.126163	0.421374
-0.517258	-0.0239665
-0.647623	-0.711154
-0.897489	-0.743967
-0.104436	0.283226
-0.734533	-0.199213
-0.767124	0.400602
-0.604168	0.0581071
-0.506394	-0.202742
2.12263	0.142575
0.0259294	0.283386
-0.701941	-0.193079
3.9912	0.737366
-0.115299	0.157863
-0.767124	0.234869
-0.680214	-0.662791
0.938484	-0.0269618
-0.897489	-0.467611
-0.951808	0.435245
-0.84317	-0.579703
-0.636759	0.216181
-0.517258	0.0332519
-0.734533	-0.172153
0.536525	0.364093
-0.462939	0.245199
0.00420194	-0.110126
-0.875761	-1.08061
0.818983	-0.0891176
-0.777988	-0.486797
-0.0935718	-0.77399
-0.2348	0.352634
0.732073	0.313765
0.0911119	-0.194874
-0.799715	0.467538
-0.386893	-0.245295
2.03572	0.221558
2.80705	0.776638
1.1449	0.683784
1.85104	0.289094
-0.995263	-0.855602
-1.00613	-0.0111823
-0.680214	0.0929933
-0.386893	-0.0148546
0.601708	0.44152
1.63376	0.12833
0.656027	0.276956
-0.571577	0.611749
-0.810579	0.42264
-0.875761	0.514829
0.178022	0.496993
1.77499	0.396539
0.0367932	0.259889
0.101976	0.490558
0.0367932	0.54842
-0.452075	-1.10946
-0.799715	0.0773232
-0.0935718	0.503877
-0.854034	-0.387697
2.26386	0.403914
0.721209	-0.660582
0.362706	0.211504
-0.365165	0.360522
-0.951808	-0.445383
0.427888	-0.320877
-0.549849	-0.162754
1.00367	0.633353
0.0693844	0.451418
0.0802482	-0.249343
-0.66935	0.340012
0.0476569	-0.117156
-0.452075	-0.467828
-0.93008	-0.139305
0.0367932	-0.440043
-0.593304	-0.639584
-0.506394	-0.44186
-0.376029	-0.411787
-0.2348	-0.30578
0.525662	0.129245
1.79672	0.334914
1.90536	0.570878
-0.191345	0.0814148
-0.528122	-0.610042
-0.560713	-0.0442136
-0.430348	0.451035
-0.560713	0.649932
-0.984399	-1.12186
0.275796	0.151214
-0.615032	-0.547767
-0.93008	0.370772
-0.593304	0.304438
-0.104436	0.374522
0.471343	0.335693
0.308387	0.474274
-0.267392	0.447816
0.721209	0.619527
-0.919216	0.0743522
-0.169618	0.349756
-0.940944	-0.494115
-0.875761	-0.60973
-0.984399	-0.68516
-0.973535	-0.574843
1.07971	0.507381
0.938484	0.394381
0.981939	0.426974
4.29538	0.0114762
0.514798	0.273014
-0.832306	-1.302
1.28612	0.0840091
0.188886	0.0578189
2.07918	0.833841
-0.658487	-0.328893
0.427888	0.367712
-0.908353	0.0673748
0.0693844	-0.49777
0.308387	0.0744796
1.65549	0.480707
0.210613	0.186617
-0.636759	0.283186
0.66689	0.308341
-0.137027	0.224901
0.656027	-0.403488
0.145431	0.353192
0.971075	0.260781
1.22094	0.186718
-0.919216	-1.21386
-0.712805	-1.19985
0.232341	0.31354
-0.854034	0.387735
0.123703	0.104509
0.829847	0.507167
-0.864898	-0.204314
-0.484667	-0.349626
-0.299983	0.0775273
-0.082708	0.389055
-0.984399	-0.496537
0.0150657	-0.559537
-0.767124	-0.0274446
1.37303	0.390932
-0.332574	0.520944
-0.452075	0.344987
-0.289119	-0.341456
1.07971	0.454133
-0.506394	0.137006
-0.701941	-0.148984
-0.734533	-0.467157
0.264932	0.76292
-0.940944	0.225723
0.547389	0.0959751
-0.549849	-0.0205279
-0.75626	0.259113
-0.58244	0.416212
-0.32171	0.310959
-0.538985	0.228927
1.95968	-0.510858
1.03626	0.536659
0.286659	-0.0605581
0.569117	0.422624
1.18835	0.179452
-0.299983	-0.310197
-0.875761	-0.408331
-0.821443	-0.296026
-0.441212	0.384428
-0.58244	0.416212
-0.854034	-0.217248
-0.691078	0.297896
-0.430348	0.129245
-0.354302	-0.260668
-0.93008	-0.439189
-0.799715	-0.0867308
2.04659	0.489959
-0.506394	0.440846
0.57998	0.379739
-0.821443	0.17987
-0.571577	0.270299
0.699482	0.147948
0.243204	0.120652
4.21934	0.616255
1.19921	0.291769
0.57998	0.692054
1.24267	0.402609
2.20954	0.28629
0.514798	0.250398
0.0585207	-0.246059
0.895029	-0.336865
-0.75626	0.179256
-0.202209	0.0658147
-1.00613	-0.72678
0.406161	0.506788
-0.430348	0.362254
-0.625895	0.0993241
0.873302	0.218821
0.0802482	0.417455
-0.810579	-0.30656
-0.593304	0.226441
-0.875761	-0.780766
-0.875761	-0.251836
0.732073	0.603384
-0.169618	0.275751
-0.604168	-0.410236
-0.593304	0.0258433
-0.886625	-0.424162
1.1449	0.247003
-0.506394	0.353653
0.732073	0.393883
-0.267392	-0.196885
2.23127	0.401253
-0.908353	-1.03908
-0.115299	0.250296
0.417024	0.113098
-0.973535	-1.00223
-0.2348	-0.131227
-0.00666181	0.671881
0.123703	0.473169
-0.951808	-0.668126
-0.951808	-0.541563
-0.777988	-0.836517
-0.647623	-0.301946
0.449616	0.135552
0.460479	-0.142525
0.167158	-0.203657
-0.0718443	0.237421
1.31872	0.0136384
0.275796	0.214905
-0.0283893	0.134671
-0.701941	0.171935
-0.66935	-0.148707
0.612572	0.78528
-0.289119	-0.98291
-0.810579	-0.680171
0.514798	0.677925
-0.0283893	0.16359
0.362706	-0.131308
-0.973535	-1.04808
-0.723669	-0.309909
-0.289119	0.425939
0.688618	-0.248561
-0.115299	0.719627
0.960212	-0.243321
-0.940944	-0.852313
0.134567	-0.0578793
0.373569	0.290055
0.57998	-0.0274582
0.0585207	0.439121
0.438752	0.0356041
-0.571577	0.029458
-0.919216	-0.341219
1.36217	0.567782
-0.32171	0.321482
0.0802482	-0.108315
1.61204	0.495442
-0.0609805	-0.211526
1.2644	0.180612
-0.32171	0.173519
-0.93008	-0.273721
-0.115299	-0.114001
2.81791	0.652686
-0.832306	-0.150951
-0.278255	0.442126
-0.49553	-0.259136
-0.680214	-0.886393
4.09983	0.738472
-0.908353	-0.492851
0.297523	0.354585
0.460479	0.492993
-0.0283893	0.147491
-0.604168	0.455972
1.34044	-0.0505315
0.656027	0.637882
0.66689	-0.611676
-0.821443	0.351071
0.362706	-0.141015
2.58977	0.0505488
1.60117	0.246301
1.00367	0.290002
0.764664	0.358584
-0.93008	-0.421488
1.97054	0.411912
-0.137027	0.472959
0.275796	0.283108
0.101976	0.576411
1.43822	0.489489
-0.115299	0.219553
-0.691078	0.587861
0.00420194	-0.514604
-0.039253	-0.114554
1.24267	0.258777
0.0585207	-0.117949
-0.940944	-0.658205
-0.506394	-0.410093
-0.039253	0.415719
-0.984399	-0.928828
1.61204	0.104114
0.525662	-0.136244
-0.973535	-1.05519
0.558253	-0.046942
1.35131	0.324021
-0.864898	-1.42884
-0.875761	-0.381323
-0.126163	0.445245
-0.886625	-0.535869
-0.386893	-0.326067
0.0802482	0.248503
-0.93008	0.0854519
5.03412	0.256158
1.43822	0.755334
0.0911119	0.22445
-0.93008	-0.636722
0.482207	-0.52462
-0.169618	0.421643
-0.93008	0.42355
-0.658487	0.0425272
-0.897489	-1.66836
0.156294	0.383945
-0.777988	0.148328
-0.691078	-0.3685
0.330114	0.290909
-0.484667	0.0121351
0.829847	0.509448
-0.49553	-0.739953
-0.517258	0.405574
-0.365165	-0.0259877
-0.0935718	0.63999
1.05799	-0.695609
-0.777988	-0.901003
-0.104436	0.200655
-0.75626	-0.445921
0.634299	-0.0227817
0.0585207	-0.111122
-0.00666181	-0.124084
-0.951808	-0.782863
-0.0283893	0.24778
0.808119	0.502206
-0.919216	0.209958
-0.810579	-0.697803
-0.897489	-0.742895
0.0150657	0.215506
-0.49553	0.0127406
-0.267392	-0.0267432
-0.039253	0.0180739
-0.604168	-0.197817
-0.517258	0.156893
-0.452075	-0.144
1.2644	0.111794
0.0150657	0.464103
-0.615032	0.00917897
-0.919216	-1.11047
-0.680214	-0.998176
-0.962671	-0.414856
0.514798	0.750065
-0.158754	0.194343
1.15576	0.34304
0.330114	0.613611
-0.560713	-0.566258
-0.777988	-0.304306
-0.940944	-0.00442641
-0.49553	0.569249
-0.126163	0.0529603
-0.897489	-0.476755
-0.289119	0.130925
0.514798	0.176553
1.56858	0.0604389
-0.593304	0.472308
-0.560713	-0.280364
0.656027	0.625257
0.634299	0.225046
-0.810579	0.0628911
0.145431	0.402333
0.862438	0.382673
0.286659	0.348265
-0.604168	-0.874676
2.35077	0.0818541
0.145431	0.00498945
-0.712805	0.439498
0.0367932	-0.0255598
-0.14789	0.48118
0.818983	0.481122
0.66689	-0.182957
0.84071	0.437145
1.31872	0.615491
0.916757	0.0660945
-0.908353	0.137161
-0.462939	0.279751
1.04712	0.413075
-0.32171	0.387114
0.264932	0.347413
1.81845	0.388095
0.0911119	0.491623
-0.886625	-0.259076
-0.995263	-0.599177
-0.821443	0.445882
0.808119	-0.507492
-0.0935718	0.103861
-0.723669	-0.360346
0.297523	-0.353787
-0.452075	0.371242
-0.93008	-0.442059
1.82931	0.686399
-0.397757	0.533969
-0.940944	0.530442
-0.528122	-0.602143
-0.973535	-0.427488
4.29538	0.0114762
-0.473803	0.0859367
-0.854034	-0.394783
0.417024	0.408832
-0.75626	0.162661
-0.973535	-0.328726
-0.875761	-0.228885
-0.180482	0.0763888
-0.2348	-0.0154237
-0.0935718	0.453354
0.525662	0.696928
-0.897489	0.00229741
0.536525	0.000614714
-0.299983	-0.204036
0.829847	0.236928
-0.84317	-0.777396
-0.49553	0.292452
0.188886	-0.696383
-0.158754	0.341829
3.3611	0.442794
-0.528122	-0.598385
-0.365165	0.234947
-0.821443	-0.997887
-0.14789	0.465388
0.677754	0.542438
-0.886625	-0.188387
-0.58244	-0.353145
-0.962671	0.434093
1.12317	0.805686
-0.560713	-1.01396
0.786392	0.557196
0.384433	0.505254
1.32958	0.248896
-0.908353	-0.414745
-0.75626	0.0915631
-0.310847	0.527222
-0.66935	-0.0973472
0.199749	0.171912
0.645163	0.509245
-0.745396	-0.769081
1.65549	0.621684
-0.908353	-1.16604
-0.40862	0.432299
-0.723669	0.123992
-0.180482	-0.648315
-0.951808	-1.72353
-0.213073	-0.146664
-0.886625	-1.11939
-0.951808	-0.499875
-0.93008	-0.408959
-0.951808	-1.07804
1.10144	0.121307
1.04712	0.360591
1.36217	0.236022
0.905893	0.268962
-1.04958	0.119709
-0.854034	-0.326027
-0.723669	-0.067412
-0.58244	0.23022
-0.40862	0.116329
0.862438	0.410346
2.11177	0.3012
-0.538985	0.0177749
0.254068	0.335638
-0.973535	-0.73361
0.66689	0.258974
-0.376029	-0.0629159
-0.462939	0.0012482
1.15576	0.0853663
-0.180482	-0.569903
0.0585207	0.20437
0.460479	-0.264661
-0.104436	0.662953
-0.984399	-0.347867
-0.767124	-0.119228
0.178022	0.0406863
0.297523	0.55882
-0.973535	-0.175501
-0.919216	-0.184001
-0.256528	0.47179
-0.169618	-0.04559
-0.745396	0.168047
-0.14789	0.479552
-0.680214	-0.347327
0.112839	0.356081
-0.137027	0.572968
-0.93008	0.166064
-0.680214	0.0385867
-0.995263	-0.717352
-0.886625	0.118796
3.49146	0.420055
-0.00666181	0.520751
0.569117	0.656764
2.28559	0.622071
0.156294	0.497085
1.59031	0.546778
-0.875761	-0.38767
-0.658487	-0.936702
0.286659	0.337207
-0.397757	-0.68423
0.275796	0.26158
0.569117	0.431443
2.3725	0.384479
-0.75626	-0.501556
-0.604168	0.294616
-0.473803	0.338154
0.656027	-0.336651
-0.951808	0.310581
0.0585207	-0.654077
-0.245664	-0.302519
-0.810579	-0.680934
-0.962671	-0.701819
0.851574	0.319831
-0.875761	-0.170679
-0.810579	-0.422525
-0.788851	-1.19077
-0.908353	-0.841295
-1.03872	-1.0398
0.49307	-0.41534
0.981939	0.45368
0.49307	0.213013
-0.604168	0.13226
-0.75626	-0.446149
1.54685	0.682499
-0.289119	-0.147621
-0.202209	0.0400897
-0.441212	0.431365
-0.462939	-0.301835
-0.419484	0.252722
0.916757	0.385299
-1.00613	-0.624579
-0.376029	-0.442142
-0.32171	-0.122996
-0.951808	-0.115168
2.00313	0.121518
0.286659	-0.538228
1.12317	0.405898
0.188886	-0.194499
0.101976	-0.395779
0.0150657	-0.0285913
-0.40862	-0.000342639
0.884165	0.279495
-0.951808	-0.603955
-0.397757	0.027737
1.37303	0.656329
-0.32171	0.0946469
-0.84317	-0.106532
1.49254	-0.026864
-0.560713	0.383018
1.30785	0.340476
1.6229	0.442782
-0.821443	-1.04556
-0.462939	0.0275162
1.49254	0.69412
-0.875761	-0.510267
-0.2348	-0.153252
-0.864898	-0.818313
-0.376029	0.345352
1.18835	0.507284
-0.658487	0.255226
-0.832306	-0.665736
-0.397757	0.0895072
-0.788851	0.445915
0.286659	-0.00603831
-0.625895	0.274229
0.818983	0.343989
-0.115299	0.469945
0.286659	0.277383
0.0693844	0.565316
-0.940944	-0.180121
-0.647623	-0.353121
-0.962671	0.158318
-0.886625	-0.281781
-0.169618	0.0505763
1.21008	0.18004
0.482207	0.686734
-0.984399	-0.699799
-0.528122	0.279381
0.482207	-0.500834
-0.908353	-0.136177
0.536525	0.151513
-0.832306	-0.784269
-0.940944	-0.717315
-0.484667	0.489782
-0.701941	0.302703
0.482207	-0.461057
-0.299983	0.195412
-0.995263	-1.03304
-0.484667	-0.254454
-0.854034	-0.150096
0.123703	-0.119903
0.417024	0.0352997
0.0259294	0.135312
-0.658487	-0.32935
-0.93008	-0.35075
0.449616	0.0114816
1.00367	0.371518
-0.658487	-0.25542
-0.593304	-1.25203
-0.951808	-0.996859
-0.397757	0.270645
0.438752	0.168956
-0.332574	-0.36341
-0.84317	0.637655
-0.104436	0.23859
0.286659	0.102514
2.70927	0.315875
0.471343	-0.112067
-0.538985	-0.516697
0.362706	0.490129
1.15576	-0.411004
-0.137027	0.438666
-0.864898	-0.674846
-0.58244	-0.0583298
-0.908353	-0.558445
-0.875761	0.0830244
1.15576	0.343982
-0.951808	-0.326153
-0.484667	0.397609
-1.00613	-0.432179
-0.604168	-0.726929
-0.473803	0.442417
0.123703	-0.407982
0.0911119	-0.217935
-0.376029	-0.236065
0.210613	-0.00138145
-0.0935718	0.169628
0.0476569	0.10073
-1.01699	-0.404733
-0.397757	0.127377
0.732073	0.256341
1.1123	0.179022
-0.0609805	0.308179
-0.680214	0.444147
2.43768	0.539123
-0.58244	0.557128
2.03572	0.360771
1.70981	0.633994
0.243204	0.687472
-0.973535	-1.58067
-0.84317	-0.209839
-0.951808	-0.746378
-0.75626	0.359665
-0.0609805	0.479085
-0.299983	0.175461
-0.995263	-0.216274
-0.430348	0.277324
-0.506394	0.552316
-0.864898	-1.08709
-0.430348	-0.354176
1.57945	0.431686
-0.082708	0.181333
-0.58244	-0.10422
-0.310847	0.58544
0.873302	0.741766
0.243204	0.404184
-0.299983	0.101749
-0.745396	-0.862923
0.351842	-0.387195
-0.810579	0.0350512
1.66636	0.59535
-0.712805	0.491279
-0.223937	0.286832
0.0693844	0.283144
-0.864898	0.0890391
-0.919216	-1.1344
0.264932	0.27617
-0.256528	0.635326
-0.897489	0.222732
-0.376029	-0.0423624
-0.32171	-0.02276
-0.441212	0.380548
0.645163	0.532908
-0.0283893	-0.083425
0.0802482	0.228923
-0.897489	-0.329972
-0.767124	0.45688
-0.810579	-1.02855
0.905893	-0.358373
-0.289119	-0.0547741
-0.506394	-0.240269
-0.462939	-0.0528298
0.188886	0.345515
0.623435	0.25922
-0.962671	-0.562838
-0.951808	0.240973
1.23181	0.558337
-0.821443	-1.17688
-0.973535	-0.329441
1.03626	-0.429848
-0.473803	-0.134166
-0.995263	-0.477846
1.01453	0.436082
2.42682	0.398889
-0.202209	-0.490072
-0.973535	0.462146
-0.462939	0.508571
-0.267392	-0.124404
-0.245664	0.442368
-0.00666181	-0.403667
-0.615032	-0.501056
0.123703	0.0449751
2.42682	0.739142
-0.658487	0.562453
-0.528122	-0.0908735
-0.289119	0.222912
-0.636759	-0.889972
1.02539	-0.032973
-0.940944	0.208863
0.66689	0.116907
-0.854034	-0.363633
-0.441212	0.0966729
-0.897489	-0.838743
-0.180482	0.151851
0.797255	0.345089
0.57998	-0.0274582
-0.84317	-0.553198
-0.191345	0.270082
1.39476	0.341406
0.275796	0.453737
-0.951808	-0.957818
-0.777988	0.108805
-0.299983	0.488848
0.460479	-0.353139
0.308387	-0.652298
-0.962671	0.293452
0.340978	-0.300065
-0.517258	0.461091
0.514798	0.442286
-0.723669	-0.397027
-0.940944	-0.637029
-0.680214	-0.591433
0.0259294	0.36027
-0.864898	-0.514892
1.21008	0.811754
-0.082708	0.0502837
-0.386893	0.0167727
0.134567	0.532476
0.645163	0.430588
0.0585207	0.0216145
-0.995263	-0.339694
0.427888	0.272196
-0.919216	-0.88592
-0.940944	-0.847256
-0.810579	0.0474066
0.319251	0.19674
-0.0175256	0.385283
-0.0283893	-0.0789537
-0.745396	-0.357001
-0.93008	-1.6097
-0.799715	-1.16155
-0.538985	-0.62277
-0.875761	-0.537762
3.68701	0.602753
0.84071	0.423755
-0.549849	0.437967
0.460479	0.474027
-0.940944	-0.26985
2.64409	0.53328
-0.625895	0.190269
-0.593304	-1.4421
-0.854034	0.196385
-0.625895	0.239445
-0.951808	-0.665953
4.62129	0.75693
-0.484667	-0.278638
-0.734533	0.169182
0.167158	-0.0795283
-0.0935718	-0.563573
-0.777988	-0.41739
-0.462939	0.113041
-0.973535	0.104838
0.623435	-0.882933
0.00420194	0.246211
-0.549849	-0.193411
-0.832306	0.259095
3.21987	0.511862
0.634299	-0.191548
-0.962671	-0.614685
0.471343	0.655149
0.417024	0.344014
-0.864898	-1.03689
0.0693844	0.0277008
1.84017	0.394009
-0.2348	0.0943563
0.167158	0.686223
-0.680214	-0.456152
-0.0283893	0.331759
-0.647623	-0.659501
0.330114	0.349086
0.612572	0.75319
-0.886625	-1.10662
-0.039253	-0.0198169
0.656027	0.12155
0.92762	0.273376
-0.343438	-0.218406
0.330114	0.15725
-0.571577	0.270299
0.232341	0.27678
0.340978	0.217117
3.13296	0.465374
-1.01699	0.462541
1.13403	-0.0432448
0.112839	0.261645
-0.691078	0.297704
-0.245664	-0.686707
0.188886	0.0861102
0.547389	0.28847
0.167158	0.319531
-0.75626	-0.351225
1.37303	0.0457427
-0.506394	-0.135493
1.56858	0.29216
-0.919216	0.315606
-0.886625	-0.321551
-0.549849	-0.293902
0.601708	-0.137266
-0.951808	-0.92588
0.0150657	0.203552
0.406161	-0.388662
2.32904	0.249683
1.13403	0.192255
4.63216	0.209125
0.938484	0.465103
-0.75626	0.338375
0.449616	0.672978
-0.919216	-0.85408
0.0585207	-0.0703442
-0.875761	-0.896674
0.297523	-0.348271
-0.93008	0.0582226
0.00420194	0.373479
-0.940944	-0.616509
-0.354302	0.227572
0.156294	0.0612226
-0.799715	0.376071
0.851574	0.530442
0.319251	0.470577
-1.00613	-0.259595
-0.832306	0.285318
0.590844	0.295944
1.1449	0.429593
-0.202209	0.206339
-0.419484	0.134386
-0.538985	-0.463026
-0.517258	-0.304589
-0.604168	-0.383097
-0.593304	-0.110766
-0.897489	0.2079
4.80598	0.525836
1.06885	0.399385
0.123703	-0.0681684
-0.560713	-0.157647
0.00420194	-0.469423
-0.32171	0.534687
-0.636759	-0.191311
1.13403	-0.0556417
-0.180482	0.389157
-0.93008	-0.361047
-0.864898	-0.154748
0.460479	0.455867
0.558253	0.14234
0.558253	-0.0708694
0.992803	0.351732
0.601708	0.421104
-0.441212	-0.136538
-0.951808	-0.233571
0.254068	0.245313
1.37303	0.289116
1.10144	0.405421
0.373569	0.103567
-0.14789	0.077812
0.243204	-0.0481345
-0.984399	-0.341299
-0.777988	0.242578
-0.0283893	0.467572
-0.473803	0.268056
-1.01699	-0.0291789
-0.278255	-0.657853
1.65549	0.410561
1.66636	0.294299
-0.788851	-0.00771802
0.742937	0.395717
-0.593304	0.325936
0.818983	0.395319
-0.376029	0.223999
-0.376029	0.144958
0.851574	0.620054
0.362706	0.0946842
3.05691	0.564139
0.775528	0.263633
-0.289119	0.0759121
-0.169618	0.648916
0.797255	0.176582
-0.832306	0.264248
1.88363	0.547214
0.308387	0.108379
0.514798	0.0451576
2.23127	0.639455
0.00420194	0.404591
-0.995263	-1.26055
-0.908353	-0.306894
-0.376029	0.200038
2.62236	0.414193
0.340978	-0.564201
-0.973535	-0.0478801
0.417024	0.0840969
-0.810579	-0.351387
-0.343438	0.569303
-0.419484	-0.158877
0.818983	0.215564
-0.310847	0.256166
0.57998	0.176637
1.18835	0.214001
0.460479	-0.419298
1.36217	0.442605
0.156294	0.130046
2.19868	-0.0910376
0.949348	0.366588
-0.223937	0.356329
-0.0609805	-0.742928
0.960212	0.472383
-0.430348	-0.0688436
-0.940944	0.016338
-0.864898	-0.860572
0.732073	-0.138018
-0.604168	-0.82396
1.27526	0.388448
-0.452075	0.226596
0.134567	0.463932
-0.767124	0.0867121
-0.397757	-0.747189
-0.799715	-0.336319
-0.593304	-0.223334
0.243204	0.42912
-0.984399	0.223556
-0.788851	0.354816
-0.75626	-0.113129
0.66689	-0.141807
-0.549849	0.397616
-0.104436	0.130151
-0.484667	0.0693998
-0.49553	-0.149285
-0.93008	0.21251
-0.528122	0.309856
-0.549849	0.306448
0.949348	-0.0980426
-0.658487	-0.613429
-0.723669	0.233071
-0.995263	0.434552
-0.506394	-0.429492
1.15576	0.490691
-0.886625	-0.559879
-0.919216	-0.101484
0.818983	0.624337
-0.538985	-0.516697
1.44908	0.435229
0.547389	-0.0759921
-0.397757	0.0749623
-0.919216	0.000919195
0.829847	0.185822
1.91622	0.33338
0.0693844	0.127127
-0.940944	-0.274784
-0.647623	0.174183
-0.180482	-0.0460024
0.710345	0.207604
0.427888	0.28596
-0.213073	0.400254
-0.560713	-0.725187
2.253	0.604124
1.36217	-0.109211
0.406161	0.455244
1.34044	0.287539
1.79672	0.337152
0.634299	0.754572
-0.875761	-0.330034
-0.332574	-0.415156
-0.58244	0.413419
0.829847	0.474987
-0.473803	0.329686
0.0693844	0.451418
0.0911119	-0.316441
-0.984399	-0.227506
1.39476	0.524104
-0.767124	0.48579
2.07918	0.349038
-0.995263	-1.31664
0.264932	-0.0967861
0.0585207	0.492492
-0.897489	-0.242105
-0.267392	-0.255957
-0.788851	-0.257729
0.623435	-0.183935
-0.886625	-0.545078
-0.951808	-1.03344
-0.962671	0.340511
-0.973535	-0.244119
-0.104436	0.45596
-0.951808	0.27845
0.57998	0.176637
-0.777988	-1.10617
2.6115	0.652845
0.308387	0.318648
0.373569	-0.430795
0.699482	0.283422
-0.158754	0.645407
1.87277	-0.614548
-0.115299	0.0375455
-0.854034	-1.00855
0.134567	0.443893
3.2416	0.517162
-0.875761	-0.984993
-0.571577	0.782844
0.0585207	0.147717
-0.995263	-1.02248
-0.00666181	-0.633316
0.221477	0.473082
2.78532	-0.0595349
0.471343	-0.224778
1.31872	0.431592
-0.267392	-1.09933
-0.223937	-0.0690212
-0.788851	-0.492513
0.275796	0.524671
0.438752	0.249735
-0.799715	-0.819959
-0.897489	-1.42203
1.2644	0.273161
0.688618	0.039697
0.0259294	0.378094
-0.104436	-0.567921
-0.517258	-0.479236
-0.984399	-0.0923516
0.895029	0.148421
1.48167	0.287881
0.525662	0.473203
0.0802482	0.248503
-0.919216	-1.24654
-0.615032	-0.132844
-0.93008	0.272004
-0.310847	0.365209
0.254068	0.426109
-0.886625	0.357681
1.72067	0.417206
-0.875761	-0.711645
-0.484667	-0.0229276
-0.039253	0.0752673
-0.745396	-0.10447
-0.777988	-0.0620222
-0.66935	-0.109679
-0.995263	-0.550613
0.297523	-0.195416
0.0585207	0.25251
-0.58244	0.480289
-0.93008	-0.548521
4.7082	0.466628
-0.973535	-0.278228
0.503934	0.194385
-0.0935718	0.0456617
-0.169618	-0.31637
4.40402	0.533348
-0.995263	0.433618
-0.615032	0.300568
1.73154	0.422293
-0.571577	0.0146709
0.938484	0.59105
-0.0609805	0.39061
0.319251	0.301295
-0.951808	-0.153895
0.49307	-0.260012
0.797255	0.283247
0.243204	0.206309
-0.777988	-0.893031
0.0911119	-0.578188
-0.84317	0.246743
-0.397757	0.168843
-0.919216	-0.249203
-0.441212	0.239933
-0.723669	0.173012
-0.875761	-0.176784
-0.571577	0.422354
-0.32171	0.620046
2.62236	0.698928
-0.973535	-0.679447
-0.84317	-0.791895
0.0259294	0.356634
-0.962671	-0.217952
-0.397757	0.305778
-0.821443	-0.441488
1.6229	0.50808
1.30785	-0.0146718
0.167158	0.341238
1.00367	0.436129
0.721209	0.619527
-0.962671	-0.514812
1.1123	0.415415
2.30732	0.632614
-0.864898	-0.405025
-0.158754	0.0184798
0.297523	0.283171
-0.701941	-1.07221
-0.973535	-0.883784
-0.082708	0.253279
1.12317	-0.335836
0.340978	0.410795
-0.951808	-0.953514
1.51426	0.0504785
-0.256528	0.325883
-0.14789	0.22716
-0.723669	-1.39093
-0.126163	0.0535245
-0.0609805	-0.563762
-0.137027	0.425691
-0.376029	-0.439892
-0.962671	0.253202
2.50286	0.538649
-0.397757	0.143572
-0.691078	-0.0681419
2.33991	0.502049
-0.386893	-0.110382
0.645163	0.394479
0.221477	-0.0777738
0.395297	0.13276
0.0911119	0.106719
-0.202209	0.000160173
-0.788851	-0.337488
-1.01699	0.044438
-0.788851	-0.733644
1.69895	0.546169
-0.864898	-0.485686
-0.430348	-0.810973
0.134567	0.277354
-0.386893	-0.0297729
-0.897489	-0.838743
0.406161	-0.249415
-0.58244	0.16417
0.57998	-0.262578
-0.821443	-0.83612
-0.93008	-1.64599
-0.441212	-0.00123318
0.514798	-0.00393301
0.286659	0.505289
-0.191345	0.466085
-0.0935718	0.380384
-0.973535	-0.0683615
-0.951808	-0.683682
-0.604168	0.215836
-0.397757	-1.16533
-0.267392	0.402927
-0.115299	-0.605214
-0.278255	0.435317
-0.506394	0.439623
-0.821443	-0.876907
-0.691078	0.28642
0.319251	0.0146323
0.232341	0.340758
-0.484667	-0.788583
-0.267392	0.169779
-0.777988	0.27256
0.156294	0.540201
-1.04958	0.185135
-0.93008	-0.548521
-0.538985	0.133353
3.29592	0.159737
0.49307	-0.696404
-0.180482	-0.777322
0.808119	0.757067
1.37303	0.483807
-0.441212	0.360538
0.297523	-0.361264
-0.625895	-0.38322
-0.039253	0.278581
-0.517258	0.304926
0.308387	0.490046
-0.441212	-0.391867
-0.615032	-0.447716
-0.940944	-0.965629
0.862438	-0.0971907
-0.452075	0.0987916
-1.00613	-0.920125
-0.386893	-0.754231
-0.0935718	0.393179
2.56805	0.433309
-0.517258	0.493048
-0.66935	0.120438
3.27419	0.475272
-0.604168	0.478704
0.406161	0.375921
-0.278255	0.248707
-0.712805	0.348258
-0.0501168	0.295812
1.53599	0.752091
0.569117	-0.425367
-0.897489	-1.11295
0.00420194	0.335713
-0.289119	0.0387973
-0.875761	-0.438098
-0.32171	-0.316172
-0.191345	0.279598
-0.647623	0.16801
-0.278255	-0.3767
0.514798	0.365279
-0.832306	0.259095
0.330114	0.558853
1.61204	0.479525
0.438752	0.0900332
0.0367932	0.0966032
0.362706	0.525041
3.9912	0.635943
-0.137027	0.424851
-0.84317	-0.786531
-0.343438	0.191567
1.2644	0.242584
2.87223	0.548601
-0.767124	-0.170122
1.41649	0.261601
-0.615032	0.324541
-0.908353	-0.841295
0.232341	0.612607
-0.658487	0.15066
-0.93008	-0.594012
-0.940944	0.371673
0.503934	0.350491
-0.625895	0.423123
-0.571577	-0.928906
-0.365165	0.208639
-0.767124	-0.17028
-0.712805	-0.751458
1.66636	0.432234
-0.984399	-0.673377
-0.973535	-0.894607
-0.484667	0.309759
0.525662	0.366945
2.05745	0.105971
-0.810579	-0.0775262
-0.897489	-0.564838
0.0585207	0.0960159
-0.32171	0.258872
-0.191345	0.748881
-0.875761	0.379802
-0.799715	0.470634
-0.365165	0.11724
0.590844	0.190991
-0.777988	-0.459685
-0.267392	-0.0803484
-0.821443	-0.531262
-0.777988	0.242578
-0.723669	-0.35451
-0.93008	-0.940616
0.243204	-0.363492
-0.32171	0.012676
1.09058	0.00332876
-0.66935	-0.409209
-0.745396	0.396201
-0.571577	-0.319906
-0.767124	-0.482429
-0.951808	0.234309
-0.984399	-0.339785
-0.32171	0.245016
2.02486	0.676746
-0.126163	-0.80616
-0.202209	0.388071
-0.810579	-0.575818
-0.75626	0.389893
0.710345	0.39931
-0.66935	-0.611489
1.21008	0.186501
-0.549849	0.529364
-0.354302	-0.42904
1.87277	0.403014
-0.701941	-0.475078
-0.940944	-0.290902
-0.0283893	0.176477
-0.788851	-0.635683
2.20954	0.114989
-0.528122	0.571946
-0.506394	0.148744
1.39476	0.1087
1.37303	0.329388
0.406161	0.121857
0.101976	0.14192
-0.332574	0.73792
-0.419484	-0.286871
-0.039253	-0.0695992
0.134567	0.521692
-0.517258	-0.102036
-0.213073	-0.17332
-0.701941	0.329283
0.00420194	0.330402
1.61204	-0.0850941
-0.365165	0.089475
-0.517258	-0.0562568
-0.343438	0.388865
1.5034	0.477464
-0.799715	-0.131385
1.45994	0.571415
-0.691078	0.171172
0.112839	0.288983
-0.875761	-0.514857
-0.202209	0.308183
0.0150657	0.159271
-0.0175256	0.563445
1.55772	0.0709389
-0.0609805	-0.0381188
0.84071	0.457517
-0.919216	-0.581867
-0.908353	0.015331
0.808119	0.308999
-0.332574	0.481242
0.525662	0.0822973
-0.538985	0.319526
0.00420194	0.0330916
-0.126163	0.203888
-0.180482	0.146867
-0.332574	-0.062453
0.0367932	-0.0686198
-0.886625	-0.49983
-0.701941	-0.670002
-0.0283893	0.0796457
0.340978	0.413716
0.297523	-0.508194
-0.354302	0.708631
-0.712805	-0.156814
-0.691078	-0.83795
-0.549849	-0.111641
-0.908353	-1.15947
-0.93008	-0.452373
-0.951808	-0.25616
0.0802482	0.0426746
-0.636759	0.249654
0.851574	-0.321949
1.13403	0.288727
-0.354302	-0.187856
-0.995263	-1.18264
-0.680214	-0.126385
-0.278255	-0.315893
0.340978	0.43397
-0.799715	-1.2219
0.264932	-0.0528766
-0.875761	-0.555945
-0.886625	-0.786582
-0.810579	-0.737924
0.0150657	0.335723
-0.32171	0.182857
-0.40862	0.242602
-0.2348	0.313374
0.0367932	0.298163
-0.723669	-0.938137
-0.397757	0.315061
-0.897489	-0.788158
0.92762	0.0161394
-0.84317	0.245539
-0.332574	-0.213381
0.569117	0.0519149
0.427888	0.463005
-0.908353	-0.483533
0.319251	0.182513
-0.908353	-0.840656
-0.636759	-0.509609
4.07811	0.480688
0.92762	0.273376
0.699482	0.259533
-0.897489	0.213551
-0.745396	-0.114101
0.0693844	-0.771305
0.134567	-0.167819
-0.723669	-0.370346
-0.93008	-1.72082
-0.973535	-0.957014
-0.256528	0.0528183
-0.919216	-0.406298
-0.289119	-0.165089
-0.289119	-0.0219905
1.25353	0.173358
0.0802482	-0.199961
-0.691078	-0.120272
-0.691078	-0.953495
-0.734533	0.490421
2.43768	0.149577
-0.908353	0.314121
-1.01699	0.0749701
2.06831	0.482343
-0.115299	0.805622
-0.104436	0.212685
-0.919216	-0.817586
-0.745396	-1.30379
-0.908353	0.529349
0.406161	0.290296
-0.484667	-0.0733466
-0.875761	-0.984993
-0.245664	-0.686707
-0.864898	0.192065
1.00367	-0.0953955
-0.962671	-0.364902
0.199749	0.469124
-0.767124	-0.786721
-0.039253	0.576314
1.00367	0.480632
0.0150657	0.247875
0.742937	-0.162349
-0.864898	-1.37232
-0.419484	0.193107
1.7424	0.664373
0.460479	-0.217405
-0.49553	0.195889
-0.658487	-0.621256
0.57998	0.830178
-0.245664	-0.1374
3.08951	0.488074
-0.777988	-0.352836
-0.58244	-0.903534
-0.343438	-0.254211
-0.788851	-0.576858
2.60064	0.283309
1.45994	0.330435
-0.506394	0.367563
-0.962671	-0.596322
-0.397757	0.208756
-0.799715	-0.250671
-0.0609805	0.344187
-0.658487	-0.542028
-0.32171	-0.234484
-0.082708	0.278143
2.06831	-0.00349437
-0.452075	-0.467828
-0.58244	0.161432
-0.951808	-0.797728
0.66689	0.116907
-0.940944	-1.19395
-0.984399	-0.471826
-0.386893	-1.27061
-0.506394	0.367857
0.308387	0.0878111
1.90536	0.376922
-0.082708	-0.16977
1.68808	0.0599973
1.36217	0.358144
0.536525	0.16365
-0.66935	-0.244665
-0.14789	-0.215498
2.48114	-0.203614
-0.332574	0.503156
1.7424	0.361658
-0.0935718	0.478685
1.78586	-0.134013
-0.93008	0.0646001
3.68701	0.391225
0.254068	0.446347
-0.104436	0.450144
-0.430348	-0.267213
-0.386893	0.499534
-0.680214	0.444147
-1.01699	-0.621072
-0.593304	-0.405454
-0.875761	-0.448472
-0.745396	-1.25959
0.66689	0.118613
-0.278255	0.348623
1.15576	0.304649
-0.701941	-0.87489
-0.376029	0.555562
-0.528122	0.317874
1.61204	0.637653
-0.256528	-0.0452936
-0.973535	-0.355957
0.742937	-0.526536
-0.854034	-0.354339
-0.940944	-0.663791
2.02486	0.0908844
0.7538	-0.15611
-0.560713	0.346901
0.66689	-0.00563579
-0.908353	-0.276061
-0.940944	0.267967
1.03626	0.355671
0.634299	0.155035
1.32958	0.294647
-0.951808	-1.13982
-0.506394	-0.0638341
0.00420194	0.488965
-0.0501168	0.303964
-0.962671	-0.760088
-0.223937	0.375947
-0.897489	0.288755
-0.484667	-0.290711
-0.039253	0.388195
0.895029	0.374889
0.916757	0.660175
-0.0283893	0.222074
0.145431	-0.0611199
-0.14789	-0.173732
4.38229	0.166172
-0.528122	0.14276
0.0693844	0.34007
-0.701941	0.548916
-0.343438	-0.857371
0.210613	0.459037
-0.549849	0.517847
0.297523	-0.25761
1.09058	0.337081
-0.441212	0.534751
-0.310847	0.144295
-0.875761	-0.2694
1.79672	0.345275
0.123703	0.37123
-0.973535	0.223227
0.395297	0.484259
-0.473803	-0.134166
-0.397757	-0.153774
-0.951808	-1.06042
-0.712805	0.490683
0.406161	0.307163
-0.951808	-0.172592
-0.854034	-0.207996
1.30785	0.448032
-0.00666181	0.215261
1.57945	-0.0993659
0.0476569	0.450869
1.79672	0.0400972
1.34044	0.45388
0.319251	0.55672
-0.995263	0.249108
0.536525	-0.103682
-0.604168	-0.403798
0.57998	-0.00947459
-0.126163	0.0180671
-0.691078	-0.197975
-0.332574	0.222254
0.732073	0.372691
1.34044	0.53599
0.623435	0.109935
-0.919216	-0.0777125
-0.397757	-0.0417046
0.0693844	0.197521
-0.767124	0.243597
0.710345	0.0125264
-0.854034	-0.33452
-0.93008	-0.224064
-0.821443	-1.1115
-0.832306	0.0985607
-0.886625	-0.37941
-0.223937	0.401623
-0.886625	-0.549008
-0.58244	-0.589229
-0.191345	0.0871164
-0.995263	0.0207408
0.167158	0.425209
-0.538985	-0.64534
-0.875761	-0.223573
-0.799715	0.0454071
-0.430348	-0.470421
-0.126163	-0.192478
-0.875761	-0.627651
-0.701941	0.0100192
0.732073	-0.274458
-0.93008	0.242396
-0.919216	-1.11047
-0.84317	-0.162058
-1.01699	-0.676036
-0.854034	-0.155296
1.02539	0.55917
-0.571577	0.553217
-0.32171	0.761161
0.178022	-0.310835
-0.299983	-0.355722
-0.289119	0.254731
-0.560713	0.185797
-0.158754	0.0961058
-0.951808	-0.263841
-0.919216	-0.341639
-0.082708	0.355405
-0.593304	0.31304
-0.93008	0.0915961
-0.973535	-0.685661
-0.810579	0.372796
0.721209	0.291937
-0.745396	0.328284
-0.223937	-0.11989
-0.278255	0.234693
-0.0609805	0.0489045
-0.625895	0.313101
-0.973535	-0.386286
-0.49553	-0.322827
-0.14789	0.240075
0.471343	0.122784
-0.864898	-0.998722
-0.995263	-1.31664
0.156294	-0.0581418
-0.289119	0.274005
0.232341	0.219777
0.0367932	0.549107
2.62236	0.336408
-0.777988	-0.819834
0.7538	0.534612
-0.169618	0.552217
0.0259294	0.390422
-0.419484	-0.206406
-0.452075	0.254642
0.0693844	0.279271
-0.571577	0.099569
-0.332574	0.377125
-0.701941	-0.0814981
-0.58244	0.236191
1.39476	0.1087
0.275796	0.507914
-0.365165	-1.25074
0.525662	0.212404
-0.137027	0.238369
3.3611	0.728976
-0.701941	-0.157876
0.395297	0.424641
-0.180482	-0.187209
0.0693844	0.487397
0.808119	-0.149186
0.623435	0.236838
0.0476569	0.300459
-0.484667	-0.695769
0.297523	0.252953
-0.973535	-1.07076
-0.202209	0.143697
0.134567	0.323347
-0.0609805	-0.134747
-0.777988	-0.493045
-0.180482	0.214565
-0.875761	-0.677769
0.395297	-0.0553565
-0.506394	0.287234
0.699482	0.327147
0.156294	0.275754
0.0476569	0.237873
1.21008	0.26406
-0.93008	-0.622839
1.9814	0.365605
-0.919216	-0.143566
-0.767124	-0.320801
-0.810579	-0.988454
-0.995263	0.310203
-0.278255	-0.354324
-0.875761	-0.787399
-0.169618	-0.197441
-0.452075	-0.498577
-0.332574	-0.582483
-0.897489	-0.662261
-0.549849	-0.090207
1.55772	0.476372
-0.343438	-0.0489339
3.3611	0.387009
0.547389	0.240216
-1.01699	-1.43905
-0.854034	0.0331027
2.14436	0.252929
-0.973535	0.614399
-0.864898	-1.08709
0.525662	0.0250885
1.78586	-0.0480767
0.0476569	0.193785
-0.14789	-0.100326
-0.832306	-0.81359
-0.854034	-0.290149
0.7538	0.190199
-0.202209	-0.516873
0.590844	0.0881459
-0.75626	-0.792932
-0.951808	-0.406155
1.3839	0.0760296
-0.658487	0.0396632
1.64463	0.421517
-0.419484	0.179778
-0.799715	-0.973744
-0.691078	-0.586138
-0.767124	-0.161235
0.677754	-0.512569
0.0150657	-0.0715717
1.02539	0.379744
-0.528122	0.361273
1.88363	0.214394
0.330114	-0.537615
-0.777988	0.373273
-0.897489	0.359586
-0.799715	0.107176
-0.0501168	0.516792
0.438752	0.49748
-0.549849	-0.221633
-0.625895	-0.0595149
-0.49553	-0.387684
0.123703	-0.49451
1.36217	0.301501
-0.84317	0.100237
-0.625895	-0.0723831
-0.723669	-0.241773
-0.441212	0.176769
-0.951808	-0.320008
-0.376029	0.494543
0.167158	0.376297
-0.278255	0.477992
1.29699	-0.168867
-0.604168	-0.45417
-0.376029	-0.0255317
0.84071	0.425791
-0.365165	-0.0741458
-0.506394	0.402506
0.101976	0.338938
-0.940944	-0.761707
0.601708	0.464174
-0.615032	-0.0431068
-0.256528	0.575769
-0.93008	-0.0936121
0.92762	0.526658
-0.00666181	0.034789
-0.66935	0.291613
0.275796	0.163326
1.34044	-0.0122845
-0.767124	-0.244134
-0.180482	-0.61729
-0.93008	-0.419273
-0.191345	-0.452988
-0.571577	-0.461583
-0.832306	-0.504061
0.601708	0.427638
-0.560713	-1.00233
-0.082708	0.228318
-0.832306	0.415209
2.43768	0.383731
-0.875761	-0.334535
0.167158	0.608224
2.35077	0.607034
-0.115299	0.130541
-0.126163	0.448614
2.731	0.363719
0.340978	0.924169
0.330114	0.0739668
1.72067	0.349566
-0.875761	-0.156097
-0.821443	0.407928
-0.854034	-1.00252
-0.897489	-0.416
-0.452075	-0.541974
-0.864898	-0.341464
0.417024	0.844432
-0.821443	0.64033
0.188886	0.379719
-0.799715	-0.536242
-0.365165	0.446597
0.873302	0.515923
-0.908353	0.203736
-0.2348	0.302113
-0.854034	-0.193943
-0.245664	0.221449
-0.14789	0.328294
-0.310847	0.56115
-0.191345	0.434525
-0.430348	0.21586
-0.202209	0.140223
0.590844	0.250348
1.05799	0.412428
-0.84317	-1.02023
-0.940944	-0.11443
0.92762	0.381921
-0.919216	-0.384234
-0.332574	0.267535
-0.115299	0.672128
0.308387	0.236566
-0.267392	-0.0267432
2.17695	0.593773
-0.267392	0.223515
-0.256528	0.326119
-0.386893	0.527982
-0.788851	-0.438421
-0.0718443	0.254591
-0.777988	-0.383399
-0.202209	-0.162962
2.17695	0.303713
-1.04958	-0.76739
0.0911119	0.313995
0.49307	0.114101
-0.245664	0.472229
0.156294	-0.356245
-0.951808	-1.34896
2.06831	0.482343
0.101976	-0.0733196
-0.039253	0.521407
-0.810579	0.0308568
-0.2348	0.308351
-0.32171	-0.282906
-0.908353	-0.522456
-0.832306	-0.261489
-0.441212	-0.833869
-0.951808	-0.582249
-0.680214	-1.24788
-0.2348	0.356451
-0.49553	-0.373684
-0.832306	-0.882304
-0.973535	-0.801896
-0.919216	0.0130174
-0.376029	0.442634
0.134567	0.204365
-0.908353	-0.878615
0.808119	0.130646
-0.864898	0.0826601
-0.788851	-0.396916
-0.799715	-0.616251
-0.854034	-0.0952352
-1.00613	0.0566183
1.5034	0.574073
-0.919216	-0.277554
1.07971	0.0254521
-0.430348	-0.0677019
-0.84317	-0.84069
0.0367932	0.497534
-0.940944	-0.430622
-0.788851	0.298779
-0.256528	-0.0839915
-0.039253	0.110239
-0.615032	-0.180371
1.03626	0.410415
-0.691078	-0.0608385
0.0911119	0.63726
-0.691078	0.336876
-0.549849	0.334173
0.449616	0.199238
-0.875761	-0.470202
-0.962671	-0.373624
0.0693844	0.350075
1.43822	-0.143325
-1.01699	-1.63964
1.91622	0.236515
-0.267392	0.437986
-0.571577	0.775697
1.12317	0.231036
-0.984399	0.480581
-0.84317	0.0722779
0.319251	0.532073
0.460479	-0.120568
1.07971	0.220306
0.514798	0.407027
-0.799715	0.386095
0.101976	0.487163
0.123703	0.492827
3.02432	0.661328
-0.560713	0.289196
-0.875761	0.0908697
-0.158754	0.658375
-0.0501168	0.524705
2.52459	0.265704
-0.777988	0.124606
1.56858	-0.100424
1.00367	-0.189823
-0.951808	-0.243525
-0.973535	-0.493162
2.253	0.756936
-0.354302	-0.347134
1.30785	-0.142623
1.75326	0.647316
-0.84317	-1.2
-0.908353	-0.587361
1.1449	0.653519
0.656027	0.658038
-0.647623	-0.0464284
0.829847	-0.356795
-0.854034	-0.544436
-0.93008	-0.418547
2.30732	0.500113
-0.082708	0.0426258
-0.571577	0.374748
-0.386893	-0.812715
-0.223937	0.165966
-0.788851	0.0013421
0.884165	0.427391
1.52513	0.457522
-0.691078	0.140731
-0.14789	0.326208
-0.93008	-0.320314
-0.973535	-0.133424
-0.701941	0.123355
0.895029	0.110851
-0.528122	0.0670076
-0.973535	-0.0906053
0.471343	-0.150392
0.210613	-0.136876
-0.169618	-0.197441
0.981939	0.335686
0.351842	-0.409553
-0.886625	0.285526
-0.615032	0.35629
-0.962671	-0.808768
-0.40862	-0.108759
0.384433	0.483558
1.00367	0.213391
-0.984399	0.314186
-0.191345	0.126254
-0.462939	-0.0301781
2.50286	0.424908
-0.723669	-0.189688
0.558253	0.317471
-0.962671	-0.662271
2.22041	0.287895
-0.886625	-0.700718
-0.897489	-0.265275
1.9814	0.0716751
-0.223937	0.0439052
0.264932	0.228707
-0.180482	0.0763888
-0.289119	0.614755
-0.777988	0.210903
-0.625895	0.41663
0.764664	0.668518
-0.723669	0.41079
-0.506394	-0.348253
-0.625895	-0.430464
-0.973535	-0.788282
-0.647623	-0.137145
-0.549849	0.0810009
2.19868	0.306884
-0.799715	-0.0788025
0.916757	-0.321414
0.0693844	-0.235764
-0.256528	-0.387116
0.49307	0.440832
0.373569	0.138778
-0.973535	-0.911603
-0.995263	-0.739171
2.1335	0.567656
-1.00613	-0.579094
-0.658487	0.390464
-0.636759	0.264948
0.308387	-0.465653
-0.84317	-0.36965
2.89396	0.301911
-0.278255	0.0140573
-0.940944	0.274464
-0.93008	-0.0333453
0.0150657	0.403915
-0.897489	-0.872449
0.0476569	0.185929
-0.549849	0.504688
-0.169618	0.0093649
-0.962671	-0.729863
1.17749	0.428776
0.243204	0.396639
-0.517258	0.478785
0.264932	0.0859807
0.514798	-0.404456
0.0585207	-0.0840394
-0.0501168	0.319047
-0.223937	-0.525371
0.0259294	-0.0694488
1.81845	-0.106588
-0.864898	0.248673
0.101976	0.244517
-0.506394	0.528086
-0.951808	-0.628261
-0.158754	0.22179
-0.712805	-0.248739
-0.528122	0.352689
0.677754	0.0742698
-0.84317	-0.42163
-0.734533	0.158665
-0.788851	0.329661
-0.723669	-0.662997
-0.289119	0.0827809
0.243204	0.428645
-0.701941	0.345927
-0.462939	-0.0393583
0.156294	0.134236
0.0802482	0.59403
-0.0501168	-0.381925
-0.452075	0.323139
0.482207	0.325061
-0.213073	0.138514
0.417024	-0.180546
0.818983	0.23095
-0.0175256	-0.112484
-0.484667	0.0399608
-0.951808	-0.25266
-0.58244	-0.379747
-0.365165	-0.466817
-0.875761	-0.413214
0.221477	-0.494867
-0.0283893	0.132249
-0.647623	0.523477
0.732073	0.255864
-0.767124	-0.34167
-0.538985	0.41867
-0.354302	0.494368
-0.636759	-1.0704
1.48167	0.684675
0.916757	0.251407
-0.647623	-0.0441308
0.503934	0.452298
-0.919216	-0.162401
2.51373	0.443441
-0.908353	-0.798821
-0.386893	0.411526
-0.854034	0.0723428
-0.658487	-0.0972313
-0.93008	0.112181
0.221477	0.127689
-0.897489	-0.486718
-0.267392	0.387875
-0.0283893	-0.253519
-0.039253	0.0706051
-0.799715	-1.04709
1.04712	0.505478
-0.940944	0.460083
0.460479	0.408769
-0.691078	-0.753849
-0.506394	0.294434
-0.734533	0.171555
0.699482	-0.198682
0.482207	0.18331
0.0259294	0.114276
-0.506394	0.250738
-0.115299	0.272869
0.460479	0.623381
-0.940944	-1.24102
-0.593304	-0.00776526
0.101976	0.789101
-0.484667	0.0434464
3.01346	0.1786
-0.788851	-0.49876
0.199749	-0.0751221
-0.734533	0.0770896
-0.701941	-0.605342
2.48114	0.272202
0.264932	0.202523
-0.886625	-0.678398
0.0150657	0.373228
0.254068	0.336981
1.24267	0.467767
0.406161	-0.257409
1.09058	0.278784
-0.549849	0.0523714
-0.267392	-0.24386
-0.538985	0.36307
0.254068	-0.12334
-0.0609805	-0.173197
2.38336	0.701576
3.51319	0.651026
1.41649	0.434418
-0.386893	-0.843766
1.42735	0.400699
-0.984399	-0.122575
-0.951808	-1.21628
0.503934	0.335431
0.0693844	0.197521
-0.191345	0.370666
-0.886625	-0.277468
-0.908353	0.128281
-0.343438	0.416564
0.0367932	0.256459
-0.267392	-0.0551931
-0.93008	0.362351
0.92762	0.30805
1.7424	0.450299
1.1449	0.429593
-0.962671	0.490003
1.64463	0.626693
0.0802482	-0.110198
-0.115299	-0.11202
-0.245664	0.181469
0.938484	0.375612
-0.908353	-0.225476
-0.745396	0.00237718
-0.875761	-0.0463626
-0.897489	-0.00854601
-0.919216	-1.12484
1.59031	-0.0430273
-0.767124	-1.17159
0.656027	0.430661
-0.84317	-0.110331
-0.0718443	-0.0104788
-0.376029	0.0185563
-0.962671	-0.6541
-0.875761	-0.350781
-0.919216	-0.706682
-0.777988	-0.199567
2.66582	0.42977
-0.908353	-1.24813
2.07918	0.484933
0.742937	0.117396
0.156294	0.179679
-0.386893	0.449993
0.384433	-0.156887
-0.875761	-0.482804
0.851574	-0.334415
-0.691078	0.501802
-0.962671	-0.854906
0.254068	0.578863
-0.430348	0.0378887
1.57945	0.532132
0.525662	0.17065
-0.691078	-0.576283
-0.49553	-0.222791
-0.191345	0.399219
-0.897489	-0.0878081
-0.289119	0.360217
-0.962671	-0.863717
-0.66935	-0.0662244
-0.854034	-0.336641
1.43822	-0.400413
-0.84317	-0.527194
-0.40862	0.283641
-0.636759	0.259894
-0.897489	-0.760317
-0.734533	0.313538
-0.376029	-0.0584271
-0.875761	0.124038
-0.84317	0.213836
1.24267	0.475882
-0.908353	-0.118801
0.0476569	0.71247
-0.886625	-0.209075
0.0150657	-0.13112
-0.202209	0.201399
0.178022	-0.0426006
1.94881	0.558496
-0.93008	0.218012
0.558253	0.366033
0.525662	-0.000448481
-0.0283893	0.140962
-0.397757	-0.747189
-0.343438	-0.183895
0.373569	-0.396523
-0.691078	0.52883
-0.604168	0.441743
2.36163	0.379817
0.101976	0.200455
-0.245664	-0.185869
-0.593304	0.40948
-0.777988	-0.0785779
0.699482	-0.0714012
-0.32171	0.500885
-0.680214	-0.0160163
0.0802482	0.0601225
-0.777988	-0.40892
-0.647623	0.376943
0.101976	0.280896
0.981939	-0.123262
-0.658487	-0.689386
-0.93008	-0.699682
0.0802482	-0.659489
-0.951808	-0.429491
-0.908353	-0.309154
0.84071	0.0556533
-0.332574	0.267947
-0.137027	0.480255
-0.0718443	0.444717
-0.658487	-0.960179
-0.0501168	0.381433
0.438752	0.183982
-0.66935	0.501851
-0.2348	0.17615
-0.788851	-0.28312
-0.484667	-0.24163
-0.506394	0.253714
-0.158754	0.505801
1.27526	0.367445
-0.213073	0.33397
1.03626	-0.0918981
-0.213073	0.412027
-0.354302	-0.253762
-0.169618	0.0093649
-0.039253	0.518035
-0.919216	-1.40443
-0.158754	0.264748
0.84071	0.124276
-0.169618	0.207572
0.427888	0.707366
1.7424	0.532149
-0.854034	-0.710445
-0.734533	-0.359766
0.764664	0.569426
-0.777988	0.284304
0.916757	0.733364
0.547389	0.119193
1.19921	0.515137
-0.517258	0.026981
0.112839	0.51687
0.112839	0.716174
-0.680214	0.374197
2.88309	0.653048
-0.32171	0.397199
0.775528	0.242683
0.112839	0.24456
-1.00613	-0.655082
-0.832306	0.346352
-0.202209	0.304706
-0.506394	0.36345
0.0476569	-0.997244
0.0476569	0.356201
-0.875761	-0.294017
0.134567	0.00424294
0.971075	0.657792
-0.799715	0.35088
0.818983	0.439189
1.89449	0.422551
-0.115299	0.719627
-0.604168	-0.0856367
0.742937	-0.143092
-0.2348	0.478242
0.221477	-0.0777738
-1.00613	-0.259595
0.503934	0.0483247
1.54685	0.253647
-0.864898	-0.982932
-0.908353	-0.189088
0.590844	-0.0725595
-0.767124	-1.15118
-0.115299	0.375327
1.99227	0.327067
-0.658487	-0.631251
-0.00666181	0.49045
0.406161	0.455244
0.297523	0.419779
-0.66935	-0.500252
1.13403	0.177655
-1.00613	-0.0307632
0.514798	-0.121917
0.721209	-0.284444
-0.767124	-0.568043
0.319251	0.171945
-0.984399	-0.670289
-0.691078	-0.249964
-0.376029	0.295952
0.482207	0.288527
-0.32171	0.373798
-0.84317	0.3513
2.20954	0.306425
1.91622	0.412777
0.775528	0.165168
-0.397757	0.209311
1.16662	0.435494
-0.289119	-0.0744936
-0.213073	0.339341
0.971075	-0.396879
-0.58244	-0.549806
0.275796	0.341153
0.0150657	0.037379
0.308387	-0.0555008
9.57516	0.466217
-0.039253	0.0706731
-0.593304	-0.645025
-0.462939	-0.454426
-0.886625	-0.534573
-0.93008	0.0920233
1.95968	0.281329
-0.93008	0.226431
-0.517258	0.214521
-0.701941	0.159203
-0.788851	-0.328661
-0.354302	0.516764
0.362706	0.0964697
-0.886625	0.321703
-1.00613	0.404006
-0.886625	-0.18863
-0.191345	0.0223017
0.960212	0.363174
0.308387	0.295406
0.232341	-0.496344
-0.767124	-0.0738373
-0.115299	-0.765488
0.406161	0.353431
1.06885	0.136628
-0.571577	0.035709
-0.995263	-0.810158
-0.875761	-0.609861
-0.897489	-0.41273
-0.354302	0.205407
-0.854034	-0.710445
0.297523	0.271238
0.264932	-0.0784345
-0.919216	-0.654673
4.72993	0.466608
2.97	0.454131
-0.886625	-0.524238
-0.821443	-0.000888757
-0.636759	0.0753762
-0.864898	-0.164247
-0.376029	0.239945
-0.777988	-0.468668
-0.973535	-0.542508
-0.908353	0.415507
-0.984399	-0.53322
0.84071	0.323754
-0.962671	0.308355
-0.202209	-0.0413489
0.569117	0.501884
-0.908353	-0.284277
0.808119	0.519912
-0.430348	-0.00328444
-0.832306	-0.972176
-0.691078	-0.0282888
0.786392	-0.574974
-0.528122	-0.725886
-0.625895	-0.736878
-0.625895	-0.188968
-0.767124	-0.763841
-0.680214	-0.493346
-0.462939	-0.267973
-0.549849	0.156206
-0.039253	0.0631124
2.09004	0.531059
0.0585207	-0.0296624
-0.832306	0.334771
-0.213073	0.197291
0.221477	0.565089
-1.01699	-0.936558
0.188886	0.150341
-0.082708	0.464905
-0.799715	0.00308549
-0.745396	-0.0319414
-0.940944	-0.180121
-0.538985	-0.287911
2.19868	0.789126
0.0585207	0.434216
-0.191345	-0.28744
-0.75626	0.557312
-0.441212	0.322375
-0.267392	0.497315
0.547389	0.28847
0.742937	0.0934783
-0.517258	-0.95246
-0.202209	0.568643
-0.799715	-0.598578
3.33937	0.447256
-0.386893	-0.584682
-0.549849	0.0265938
-0.93008	-0.380562
1.47081	-0.00737764
-0.332574	0.38268
1.32958	0.248896
-0.0501168	-0.0460208
0.384433	-0.227537
-0.832306	-0.954914
1.45994	0.317296
-0.832306	-0.476028
-0.0718443	0.182263
-0.821443	0.404911
-0.712805	-0.244597
0.514798	0.339007
-0.245664	0.138753
-0.223937	-0.247169
-0.75626	0.482994
-0.376029	0.00299267
0.57998	0.042983
0.00420194	-0.180911
0.406161	-1.06941
-0.810579	-0.00595302
-0.343438	0.294051
-0.658487	0.584124
-0.75626	-0.22025
1.00367	0.327686
-0.104436	-1.14508
-1.03872	-0.245419
0.612572	0.569306
-0.821443	-0.139639
-0.940944	0.261833
1.7424	0.0227733
-0.767124	0.218867
2.52459	0.256433
-0.441212	-0.115865
-0.636759	-0.372345
-0.0935718	0.211177
-0.625895	-0.476445
-0.126163	0.783039
-0.256528	0.00287981
-0.343438	0.436328
-0.864898	0.330393
0.373569	0.344198
0.0802482	-0.00187518
-0.386893	-0.10018
-0.593304	-0.255952
-0.625895	-0.734735
0.0911119	0.500196
-0.517258	0.4154
-0.767124	0.196442
3.90429	0.496601
0.0150657	0.193287
-0.0718443	0.377536
0.438752	0.0279151
-0.571577	0.278628
-0.104436	0.38309
-0.256528	-0.116127
-1.01699	-0.695977
0.677754	0.22523
-0.647623	-0.545076
0.569117	0.416575
-0.593304	-0.00776526
0.0150657	0.128987
-0.299983	0.329982
0.699482	-0.0627041
-0.104436	0.177217
0.0585207	-1.00298
-0.365165	-0.268371
-0.745396	-0.0129626
0.656027	-0.568558
0.84071	-0.440408
4.9798	0.374155
-0.32171	0.330795
1.25353	0.707199
0.0911119	0.121826
-0.777988	-0.0772499
-0.245664	-0.499651
-0.158754	0.0235817
0.938484	0.0934285
-0.223937	0.0259123
-0.354302	-0.0497783
1.67722	0.25691
-0.126163	-0.152412
-0.854034	-0.979472
-1.01699	-1.81496
-0.0175256	0.378557
-0.484667	0.124181
1.36217	0.506242
-0.897489	0.311306
-0.93008	-2.03068
-0.658487	-0.0649995
-0.343438	-0.842025
1.18835	0.175017
-0.560713	0.375572
1.03626	-0.0197241
-0.908353	-0.293259
1.63376	-0.421412
0.514798	0.249752
1.34044	-0.0122845
0.732073	0.0216937
-0.549849	-0.569864
1.04712	0.218361
-0.680214	0.418778
-0.984399	0.372323
-0.875761	-0.135443
-0.767124	-0.0512365
-0.223937	0.485724
-0.560713	-0.621675
-0.897489	-0.380201
-0.0609805	-0.516161
-0.886625	-0.206533
0.569117	0.178326
-0.441212	0.272149
-0.49553	-0.657952
-0.158754	-0.64194
-0.767124	-1.18733
-0.799715	0.511826
4.37143	0.48457
-0.549849	-0.090207
-0.49553	0.156445
-0.484667	0.243514
-0.767124	-0.647031
-0.864898	0.118093
-0.549849	-0.275311
0.0802482	0.577488
-0.191345	0.434525
-0.104436	0.492508
-0.897489	0.335371
-0.484667	-0.572456
-0.484667	-0.196191
-0.256528	0.736305
-0.919216	-1.11053
1.89449	0.153805
0.145431	-0.0641108
-0.0283893	0.406581
-0.854034	0.195847
-0.908353	-0.276061
-0.788851	-0.955899
-0.919216	-1.6082
-0.636759	0.061751
0.188886	-0.20447
-0.191345	-0.310279
-0.528122	-0.589295
4.08897	0.633665
-0.951808	0.00246018
-1.00613	-0.115687
0.254068	-0.022908
0.0693844	0.377761
-0.854034	-0.08145
0.373569	0.329665
2.3725	0.687961
0.905893	0.495715
0.319251	0.277224
0.319251	0.237332
2.26386	0.540129
-0.799715	-0.0649725
-0.310847	0.0515224
-0.397757	0.270645
-0.137027	-0.159393
0.536525	0.412861
0.0911119	-0.854848
-0.191345	0.279598
-0.919216	-1.78409
-0.897489	-0.0624229
0.514798	0.408414
0.275796	0.544219
0.895029	0.551727
-0.995263	0.512388
1.76413	0.767615
-0.213073	0.352975
2.80705	0.401764
-0.821443	0.0386205
-0.962671	0.247399
-0.973535	-0.619142
0.134567	0.327438
1.13403	-0.0110808
-0.886625	-0.504167
-0.788851	-0.374882
-0.810579	-0.603409
-0.951808	-0.669265
-1.00613	-0.988559
0.460479	0.273309
-0.984399	-0.595503
-0.984399	-0.604633
2.07918	0.509694
0.156294	0.15615
0.0476569	0.237873
0.449616	0.104494
0.188886	0.374921
0.0911119	0.402069
-0.419484	0.376101
-0.104436	0.151539
1.90536	0.0654102
-0.951808	-0.415115
-0.245664	0.298183
-0.951808	-0.0820846
-0.723669	0.274801
-0.452075	0.0389817
-0.2348	0.436463
-0.854034	-0.0945057
0.547389	0.225022
-0.158754	0.539423
0.49307	-0.165588
-0.680214	0.329394
0.406161	0.0525315
-0.908353	-0.492851
-0.441212	0.24273
0.547389	0.220695
0.101976	0.452591
2.11177	0.3012
1.93795	-0.214385
-0.615032	-0.0722053
-0.267392	0.389949
0.417024	-0.331463
1.66636	0.338419
-0.712805	-1.07341
0.569117	0.101553
1.03626	0.319018
-0.940944	-0.779013
0.905893	0.219255
-0.919216	0.306045
-0.082708	-0.535076
-0.343438	-0.406643
2.64409	0.321641
-0.832306	-0.491511
-0.332574	0.141975
1.41649	0.334487
0.145431	0.272687
-0.832306	-0.4763
-0.919216	-0.694702
-0.636759	0.298661
-0.810579	-0.280597
1.39476	0.302032
-0.00666181	0.391154
-0.93008	-0.860216
1.12317	0.258387
-0.397757	-0.513863
-0.158754	0.000192125
-0.473803	-0.639864
-0.886625	0.530189
-0.0175256	0.120958
-0.919216	-0.675622
1.23181	0.105848
0.884165	0.607307
-0.517258	0.475808
-0.940944	-0.500936
0.49307	0.455789
2.1009	0.392796
2.731	0.247557
-0.984399	-1.12186
-0.452075	-0.0985564
-0.386893	0.0776669
0.482207	-0.401154
0.7538	0.1492
-0.191345	0.248935
-0.386893	-0.588897
0.525662	0.371982
-0.104436	-0.0536537
-0.452075	0.810921
-0.299983	0.488795
-0.636759	-0.00815978
-0.354302	0.249203
-0.0501168	0.411313
0.351842	0.656923
-0.777988	0.104521
0.101976	-0.609492
-0.832306	-1.09248
0.514798	-0.069386
-0.473803	0.0189858
-0.58244	0.287352
-0.854034	-0.281579
-0.256528	-0.254688
2.62236	0.524137
-0.593304	-0.0858258
0.254068	0.539828
-0.777988	0.0603015
-0.365165	0.264204
-0.082708	0.118455
-0.908353	-0.155335
0.254068	0.162169
-0.962671	-0.530017
-0.973535	-0.888114
-0.169618	0.643475
1.05799	0.426272
-0.517258	-0.490895
1.85104	0.436937
-0.484667	-0.251
-0.723669	-0.346784
-0.908353	-0.810423
-0.832306	-0.334116
-0.821443	-0.801293
0.0150657	-0.159108
-0.49553	-0.397273
-0.647623	-0.301933
-0.854034	-0.721377
-0.00666181	0.199795
-0.549849	0.176658
-0.538985	0.48625
-1.01699	-1.5612
0.0585207	0.301106
1.1123	0.311448
-0.680214	-0.0664176
2.65496	0.567152
-0.810579	-0.160472
0.210613	0.293644
-0.441212	-0.60521
-0.984399	-0.440288
-0.310847	0.249107
-0.14789	-0.170696
-0.528122	0.495762
-0.615032	0.581553
1.25353	0.225129
1.05799	0.352332
-0.788851	-0.487357
0.384433	-0.104311
-0.289119	0.30981
3.35024	0.443038
-0.940944	-1.01585
0.427888	0.0859417
-0.636759	-0.0910906
1.72067	0.156451
0.645163	0.637507
-0.984399	-0.355571
-0.886625	-0.381764
-0.538985	0.243496
-0.777988	0.0866462
-0.854034	-0.211957
0.938484	0.50227
-0.332574	-0.215286
-0.278255	-0.647059
1.18835	-0.0853828
-0.984399	-1.04347
-0.549849	-0.685766
-0.376029	0.429984
-0.517258	0.120312
-0.354302	0.229962
0.829847	0.110916
-0.267392	-0.144125
-0.528122	0.0638478
0.427888	0.108456
-0.32171	0.761161
-0.723669	-0.202009
-0.376029	0.343312
-0.299983	0.194592
-0.430348	-0.810973
-0.343438	0.527313
-0.202209	0.0353032
-0.180482	0.424428
-0.462939	0.317073
-0.441212	-0.0568334
-0.245664	0.116153
-0.951808	-1.53263
0.00420194	-0.0956138
0.884165	0.591708
-0.571577	0.334482
-0.647623	-0.231761
-0.973535	-0.857556
-0.115299	0.280858
-0.919216	-0.576177
-0.310847	0.137693
-0.115299	0.292357
-1.01699	0.0749701
-0.104436	0.321816
0.851574	0.706146
-0.223937	0.0392023
1.51426	0.503544
-0.365165	0.724883
2.83964	0.0971378
-0.354302	0.41113
-0.962671	-0.842741
-0.571577	0.381269
-0.0283893	0.060525
0.406161	0.439884
1.45994	-0.0246971
-0.158754	0.140423
-0.115299	0.490538
2.00313	0.237142
-0.310847	-0.109878
-0.799715	0.563354
-0.58244	0.461704
-0.528122	-0.00399767
-0.245664	0.35481
-0.723669	-0.862686
-0.104436	-1.14508
2.17695	0.356998
-0.538985	0.423546
-0.137027	0.576493
-0.376029	0.257826
5.9684	0.481207
0.7538	0.133767
0.330114	0.395375
-0.354302	0.526034
-0.452075	-0.716643
-0.365165	0.0336795
-0.832306	-0.240559
-0.169618	0.35363
-0.66935	-0.417425
6.87009	0.800288
-0.984399	-0.339785
-0.376029	0.228144
-0.615032	-0.309653
-0.039253	0.0822088
0.818983	0.574239
0.558253	0.150127
-0.864898	0.212321
-0.256528	-0.0668541
0.0585207	0.202157
-0.278255	0.20181
-0.66935	0.143263
0.308387	0.168751
-0.973535	-0.493162
-0.799715	-0.210556
-0.908353	-0.106219
-0.940944	-0.601039
1.81845	-0.0956984
8.24978	0.859583
-0.93008	0.334374
-0.680214	0.172297
-0.712805	-0.041101
0.134567	-0.0634979
-0.267392	0.322894
-0.365165	0.257451
-0.810579	-0.429715
-0.332574	-0.440028
-0.658487	-0.185828
-0.571577	0.222976
0.710345	0.537944
-0.940944	-0.571244
-0.267392	-0.534015
-0.701941	0.258073
2.06831	0.412127
1.06885	0.232508
-0.615032	-0.168871
-0.919216	0.321087
2.80705	0.653416
0.884165	0.489356
-0.560713	-0.185249
-0.593304	0.393696
0.710345	0.431919
-0.854034	-0.672628
-0.777988	-1.2556
-0.799715	0.0640588
1.41649	0.36071
0.0150657	0.30154
0.634299	0.410688
-0.723669	-0.330884
0.590844	0.350307
-0.115299	0.489142
-0.625895	0.320937
-0.528122	0.432672
0.340978	0.393346
-0.126163	-0.406757
0.362706	-0.522899
-0.832306	0.224769
0.134567	-0.279674
0.134567	-0.58294
-0.58244	0.399229
-1.00613	-0.56344
2.81791	0.317895
-0.832306	-0.123595
-0.940944	-0.829966
0.449616	0.240065
-0.723669	-0.179735
0.308387	0.154556
-0.734533	-0.143849
-0.397757	-0.369195
2.52459	0.426841
-0.430348	0.506788
0.7538	-0.0287251
-0.180482	0.212744
0.57998	0.46928
0.601708	0.534144
-0.506394	0.511569
1.04712	0.654894
-0.886625	0.425886
0.0693844	0.350075
-0.962671	-0.673389
-0.636759	0.411283
0.710345	0.196077
-0.604168	0.434691
0.688618	0.0945208
-0.267392	-0.441751
-0.962671	-0.188722
-0.267392	-0.0479575
-0.821443	-0.12831
-1.01699	-0.497695
3.04605	0.44622
-0.66935	0.453704
1.97054	0.193788
-0.680214	0.416027
0.558253	-0.101358
-0.593304	-0.584383
-0.419484	-0.556668
0.232341	-0.0753358
-0.897489	0.21211
-0.245664	-0.302519
2.60064	0.387718
-0.137027	0.654879
0.482207	0.36909
0.851574	0.319831
0.775528	0.146256
-0.58244	0.0121293
1.91622	0.33338
-1.00613	-0.483962
-0.788851	-0.511208
-0.810579	0.0831256
-0.821443	-0.824266
-0.701941	0.36814
-0.213073	0.273937
1.3839	0.0939175
-0.951808	-0.415115
-0.0935718	-0.17536
0.916757	0.457719
-0.0935718	0.733857
-0.386893	0.422655
-0.734533	0.128151
-0.984399	-0.276687
-0.647623	0.16801
-0.386893	-1.39384
-0.658487	-0.189224
-0.560713	-0.0333977
0.623435	0.470072
0.362706	0.263749
-0.886625	-0.884954
-0.571577	-0.182458
-0.984399	-0.377789
-0.137027	0.00245257
-0.712805	0.434928
2.19868	0.389705
2.38336	0.531568
-0.712805	-0.32559
-0.745396	-0.37028
-0.940944	-0.503493
0.0911119	0.266298
0.221477	-0.0792409
0.199749	0.492761
-0.636759	0.130263
1.89449	0.55733
-0.636759	0.240028
-0.0501168	-0.15332
2.67668	0.428937
0.710345	-0.388675
0.0585207	-0.696292
0.710345	0.324101
1.8619	-0.172304
-0.919216	-0.0780637
-0.158754	0.480841
-0.419484	0.482191
-0.984399	0.299798
3.41542	0.564856
0.319251	0.255275
1.48167	0.758116
-0.376029	0.119603
2.41595	0.254676
-0.397757	6.0753e-05
-0.343438	0.70053
-0.832306	-0.633805
-0.2348	-0.0103941
-0.962671	-0.359425
-0.864898	-0.40126
1.51426	0.273035
-0.49553	0.310186
1.68808	0.560485
0.0911119	0.375885
-0.897489	-0.609724
-0.310847	-1.07898
0.178022	0.184709
-0.615032	0.246139
-0.886625	-0.485057
3.44801	0.741576
1.99227	0.434553
-0.897489	-0.335099
0.710345	0.186131
-0.951808	-0.206794
-0.647623	-1.39899
-0.951808	-0.603955
0.0150657	0.119891
0.742937	0.271793
-0.40862	-0.15915
4.24106	0.465909
0.0693844	0.739886
1.21008	0.562648
-0.14789	-0.721526
-0.647623	-0.467393
0.0150657	-0.502167
-0.0283893	0.353148
-0.734533	-0.180464
0.0693844	-0.195266
-0.940944	-0.504542
-0.680214	-0.370203
-0.658487	-0.531463
-0.777988	0.0788964
-0.75626	0.338375
-0.0283893	0.402309
-0.854034	-0.916651
-0.810579	-1.03692
-0.854034	0.339367
-0.821443	-0.48066
-0.245664	0.245701
-0.310847	0.202839
-0.777988	-0.757908
-0.93008	0.528325
-0.864898	-1.58002
4.64302	-0.062736
-0.538985	0.141706
-0.734533	0.149242
-0.75626	-0.0579689
0.0476569	-0.0870954
-0.75626	0.296911
1.41649	0.507401
0.373569	0.0300012
-0.647623	-0.0420719
0.471343	0.00261935
1.2644	0.562839
-0.386893	-0.336988
-0.973535	0.100067
-0.919216	0.118308
0.601708	-0.187497
-0.517258	-0.0849338
-0.158754	0.191312
0.264932	-0.0428812
0.101976	0.212339
0.981939	0.380665
1.79672	0.67996
-0.93008	-0.71604
-0.951808	-0.844715
-0.180482	0.27807
-0.93008	-0.690467
-0.919216	-0.576926
-0.821443	0.155463
-0.560713	0.383018
-0.625895	0.520886
-0.517258	-0.21771
-0.799715	-0.196462
-0.973535	-0.762965
1.91622	0.750894
-0.658487	-1.00598
-0.864898	-0.447957
-0.126163	0.368852
3.23073	0.511611
0.210613	0.390473
-0.104436	0.276874
0.101976	0.149936
1.15576	0.54628
-0.995263	0.350958
0.243204	0.303651
1.94881	0.558496
-0.104436	0.441232
-0.115299	0.128416
-0.658487	-0.613429
-0.571577	0.46706
-0.0609805	0.463456
0.808119	-0.149186
-0.864898	-0.0326265
-0.940944	0.385482
-0.647623	-0.0464284
-0.289119	0.54252
-0.484667	-0.103283
-0.951808	-0.747983
0.645163	0.637507
-0.365165	0.0196133
-0.40862	0.283252
-0.0935718	0.314415
-0.680214	0.0616713
-0.560713	-0.00613324
1.48167	0.156066
-0.919216	0.347024
-0.777988	-0.240195
-0.995263	-1.08677
-0.734533	0.145153
-0.658487	-0.0996747
1.7424	0.503661
-0.0283893	-0.00515076
-0.571577	-0.491209
-0.528122	0.140026
-0.528122	0.571946
0.0259294	0.087524
-0.571577	-0.141781
-0.66935	-0.457103
-0.462939	0.121334
-0.49553	-0.143826
-0.788851	-0.496172
1.09058	0.446105
-0.604168	-0.45417
-0.75626	-0.214498
1.27526	0.43283
-0.84317	-0.0564754
-0.40862	-0.16767
-0.245664	0.43152
-0.680214	-0.886393
0.764664	0.656816
0.330114	0.45543
2.51373	0.377374
2.66582	0.649205
-0.202209	-0.164403
-0.604168	-0.0471515
-0.484667	-0.286742
0.406161	0.745225
-0.441212	-0.137223
4.1107	0.639442
-0.473803	0.134068
-0.973535	-1.38723
0.0693844	-0.196981
1.03626	-0.0197241
-0.169618	-0.197441
0.319251	0.20695
2.36163	0.379817
-0.636759	0.26232
-0.0175256	0.234063
-0.419484	-0.613914
-0.245664	0.0115724
0.895029	0.668821
-0.875761	-0.921423
-0.788851	-0.00538917
-0.919216	0.0899617
-0.604168	0.0419944
-0.365165	-0.0790899
0.536525	-0.235315
-0.832306	0.405832
0.873302	0.193571
-0.777988	-0.488553
1.52513	0.352697
-0.875761	-0.294017
2.06831	0.369482
1.07971	0.144526
1.7424	0.0329147
-0.908353	-0.644412
-0.875761	-0.912335
1.17749	0.16714
2.89396	0.814775
-0.995263	-0.693436
-0.962671	-0.732807
-0.84317	-0.840425
-0.940944	-0.551354
-0.854034	0.358436
-0.886625	-0.761232
0.916757	0.498925
0.308387	0.498168
-0.386893	-0.113706
-0.615032	-0.0869883
0.0476569	0.0349749
1.36217	0.222718
0.167158	-0.0566417
-0.452075	-0.364055
-0.788851	0.30748
-0.995263	-0.114567
0.503934	-0.0779741
0.829847	0.0532655
2.30732	0.36305
-0.93008	-0.529513
-0.604168	-0.992123
-0.777988	0.336589
0.601708	0.310733
-0.528122	-0.285252
-0.973535	-0.277805
0.482207	0.0197861
-0.0283893	0.268988
0.427888	0.422171
2.12263	0.591919
1.5034	0.305807
-0.701941	-1.04051
0.112839	0.0862666
-0.832306	0.0544214
-0.962671	-1.20512
-0.973535	-0.408368
-0.962671	-0.850786
-0.799715	-0.355199
-0.680214	-0.422267
-0.93008	0.208568
-0.821443	-0.169053
-0.506394	-0.236713
-0.441212	-0.833869
1.79672	0.385859
3.62183	0.394008
-0.267392	0.229439
0.395297	0.611782
-0.223937	0.455949
0.449616	0.465081
-0.604168	0.422521
0.0802482	0.344526
0.286659	-0.0386202
-0.908353	-0.0970657
0.0693844	0.437644
-0.169618	0.394614
-0.821443	0.54747
0.482207	-0.57727
-0.864898	0.45574
0.0802482	0.116761
1.09058	-0.295076
-0.636759	0.0477708
0.395297	0.141744
-0.821443	-0.666132
-0.919216	-0.34462
-0.647623	-0.11454
-0.169618	0.230238
-0.278255	0.154877
-0.158754	-0.156127
-0.549849	-0.370289
1.23181	0.41669
2.253	0.576695
-0.625895	-0.494345
-0.995263	-0.362894
-0.940944	0.261833
0.340978	0.520958
-0.169618	0.248017
-0.647623	-0.941874
-0.082708	0.233236
-0.810579	0.0373379
0.264932	0.458629
2.15522	0.349722
-0.267392	-0.593545
0.0802482	0.340152
-0.886625	-0.613704
0.710345	-0.29955
-0.93008	-0.197721
-0.397757	0.412078
-0.777988	0.166689
-0.267392	0.713837
-0.571577	0.12996
-0.886625	0.430085
-0.75626	-1.01175
0.851574	0.293967
2.41595	0.702218
0.742937	0.374676
0.0476569	-0.0630065
-0.658487	-0.424312
-0.854034	0.510198
-0.984399	-0.703801
-0.832306	0.381451
0.264932	0.396429
-0.32171	0.459198
0.503934	0.198433
0.742937	0.157139
-0.93008	-1.29992
-0.49553	-0.0869807
0.612572	0.677991
0.862438	0.563308
0.0585207	0.274525
-0.854034	-0.484113
0.319251	-0.24111
1.16662	0.711704
0.210613	0.325502
-0.854034	-0.179654
1.9814	0.536836
-0.821443	-0.694687
-0.66935	-0.51706
-0.962671	-0.701819
2.253	0.193296
-0.180482	-0.377186
-0.419484	-0.431574
-0.354302	0.180405
-0.441212	0.500522
2.14436	0.451962
-1.02785	-0.67359
1.1123	0.308925
-0.832306	-0.242164
-0.484667	0.204094
-0.940944	-0.401587
-0.332574	0.0891196
-0.897489	0.0395539
-0.940944	0.212471
-0.962671	-0.579464
-0.267392	-0.320974
1.01453	0.531961
-0.386893	0.058851
-0.75626	-0.787779
0.514798	-0.44186
-0.875761	-0.357534
1.07971	0.492134
0.514798	0.494705
-1.00613	-0.764493
0.0802482	0.417455
0.829847	0.267446
-0.40862	-0.278315
-0.310847	0.21788
0.330114	0.412819
-0.441212	0.318161
-0.593304	0.0918516
-0.951808	-0.268294
-0.0283893	-0.471185
2.06831	0.388678
-0.14789	0.2678
-0.0935718	0.142937
-0.908353	-0.141598
-0.452075	0.380712
-0.864898	0.332288
-0.875761	-1.51384
-0.14789	-0.0445421
-0.908353	-0.570553
-0.962671	-0.807621
1.39476	0.487004
-0.93008	-0.260601
0.112839	-0.0491068
-1.00613	-1.97614
1.30785	0.4878
-0.93008	-0.71212
-0.386893	-0.022819
-0.821443	-0.653571
-0.691078	-0.121805
1.04712	0.214206
-0.604168	0.455972
1.57945	0.526576
0.645163	-0.0391874
-0.14789	-0.219323
-0.267392	0.109463
-0.365165	0.469145
-0.951808	-0.705119
2.27472	0.227763
0.732073	0.365752
0.188886	0.316188
0.101976	-0.0684861
-0.984399	-0.0375422
-0.777988	-0.5829
1.53599	0.339327
-0.256528	0.642044
2.12263	0.722827
-0.995263	-0.62961
2.06831	0.387125
-0.115299	0.337177
0.330114	0.476811
2.41595	0.304466
1.29699	0.413585
-0.864898	-0.557039
0.221477	0.0508836
-0.549849	0.123595
-0.517258	-0.288095
0.384433	0.485992
-0.75626	-0.95937
0.732073	0.458855
0.895029	0.216317
-0.462939	0.142899
-0.343438	-0.583529
-0.278255	0.106172
0.167158	-0.640074
-0.984399	-0.428422
-0.49553	0.11943
2.18781	0.524436
-0.973535	-0.617547
-0.40862	0.859591
-0.897489	0.240173
-0.49553	0.23205
1.12317	0.376401
-0.832306	-0.931361
-0.397757	0.67141
0.112839	0.0192937
1.31872	-0.353278
1.37303	0.505436
-0.788851	-0.691226
0.0150657	-0.6397
1.25353	-0.16054
0.547389	0.205387
-0.75626	-0.503174
-0.940944	-0.527568
-0.158754	0.557667
0.340978	0.53647
0.145431	-0.250386
-0.777988	-0.0637573
-0.452075	0.306448
0.699482	-0.150824
-0.767124	-0.708636
-0.734533	0.365693
-0.821443	0.123538
-0.951808	-1.03344
1.44908	0.205734
-0.604168	0.605731
-0.604168	-0.500609
1.88363	0.218812
0.254068	-0.346432
-0.919216	0.293205
-0.940944	-0.181598
0.384433	-0.259484
0.916757	0.700705
-0.940944	-0.293114
0.417024	0.195454
-0.560713	0.513701
-0.886625	-0.829468
-0.115299	0.672128
1.79672	-0.0922691
-0.66935	0.377886
-0.919216	0.107389
-0.701941	-0.00690706
-0.962671	-0.0480024
0.362706	-0.617642
0.829847	0.262875
0.351842	0.253452
0.884165	0.454689
3.64356	0.780708
-0.84317	-1.1106
-0.376029	0.367342
-0.137027	0.692115
1.09058	-0.267321
-0.560713	-0.0479842
-0.343438	-0.665977
-0.973535	-0.990495
-0.2348	0.189801
-0.854034	0.301739
1.15576	0.567252
-0.984399	-1.02721
2.65496	0.117881
1.85104	0.218882
0.0802482	0.239385
0.482207	0.102355
-0.0283893	0.0479548
-0.962671	0.018294
-0.571577	-0.0812983
-0.517258	0.400116
-0.875761	-0.992262
-0.441212	0.428867
0.156294	-0.333983
0.351842	0.278893
1.36217	0.301501
-0.386893	-0.134581
-0.386893	-0.326067
1.10144	0.00996242
-0.615032	-0.279384
2.36163	0.408775
4.72993	0.490747
-0.777988	-0.454838
-0.908353	-0.245687
1.41649	0.606295
2.48114	-0.113509
-0.875761	-1.19588
0.0150657	-0.315129
-0.973535	-0.0355225
-0.951808	-0.708327
0.178022	0.033498
-0.821443	-0.298372
-0.799715	0.602711
-0.593304	0.453575
-0.0935718	-0.175498
-0.473803	0.0539452
0.330114	0.350974
-0.593304	0.0422222
-0.104436	0.134957
-0.821443	0.259179
0.101976	-0.0488761
0.221477	-0.716284
-0.299983	0.0861042
0.210613	0.118104
-0.636759	-0.501706
-0.962671	-0.00158674
-0.745396	-0.891142
0.732073	0.421523
1.9814	-0.167775
0.971075	0.385516
0.688618	0.55689
-0.430348	-0.362994
0.384433	0.736765
0.427888	0.164389
-0.528122	-0.306067
-0.93008	-0.368727
-0.93008	0.117308
-0.973535	-0.0615952
0.0367932	0.261561
-0.788851	-0.206012
0.0585207	0.393442
0.916757	0.129246
-0.799715	-0.127429
-0.2348	0.333022
1.22094	0.395031
-0.995263	0.258644
-0.40862	0.145713
0.699482	0.629618
-0.66935	-0.206996
-0.973535	-1.04326
-0.940944	-0.106891
-0.604168	0.42576
1.42735	0.172847
2.17695	0.593773
0.482207	-0.57727
-0.625895	0.270091
-0.962671	-0.902117
-0.691078	-0.0939711
-0.940944	-0.926052
0.482207	0.256273
-0.810579	0.190815
0.297523	-0.25761
3.29592	0.263644
0.188886	0.349951
-0.701941	-0.777089
-0.0718443	0.49098
0.818983	0.652391
-0.734533	0.472725
0.254068	-0.0889354
-0.919216	-0.319738
-0.213073	-0.104531
-0.799715	0.393597
-0.256528	0.260816
-0.777988	-1.37523
0.134567	0.277922
0.623435	0.411312
-0.897489	-0.256776
0.84071	0.33495
-0.821443	0.325484
1.41649	0.363153
1.18835	0.250597
2.253	0.57754
0.916757	0.684306
-0.430348	-0.104892
-0.767124	0.400602
-0.528122	0.154039
-0.625895	0.244161
0.634299	0.383401
0.57998	-0.262578
-0.104436	-0.752978
0.00420194	-0.202694
-0.777988	0.43208
0.264932	-0.105285
1.51426	0.449372
-0.104436	0.290833
0.503934	0.0338656
-0.810579	0.0778792
-0.995263	-0.513799
-1.02785	-0.138661
-0.462939	0.293827
-1.01699	0.322483
-0.49553	0.0686313
-0.180482	0.243386
-0.560713	0.0479629
-0.549849	0.519966
-0.995263	-0.492198
-0.647623	-0.168794
0.482207	0.455359
-0.908353	-0.479186
3.80651	0.680557
-0.886625	-0.209478
0.0585207	-0.559736
-0.93008	-0.381025
1.18835	0.893486
-0.376029	0.367342
0.482207	0.0156118
1.95968	0.328186
-0.419484	0.372187
-0.0501168	0.143886
-0.506394	-0.160176
-0.745396	0.0892022
-0.940944	-1.11139
-0.777988	0.000683366
2.1335	0.557441
-0.701941	0.354747
0.92762	0.380474
-0.691078	-1.08929
-0.940944	0.281254
-0.658487	-0.588645
0.66689	0.165738
-0.951808	-0.434206
-0.84317	-0.299139
0.569117	0.628353
-0.213073	0.64444
-0.897489	-1.2123
1.53599	0.39795
0.340978	0.263659
-0.658487	-0.215447
-0.84317	-0.10518
-0.354302	0.184644
-0.462939	0.376612
2.24213	0.370716
0.0693844	-0.226948
0.699482	0.262626
-0.886625	-0.81227
-0.528122	-0.288167
-0.14789	0.240075
-0.419484	-0.0846154
0.319251	0.513123
-0.636759	0.321543
-0.940944	-0.516173
-0.528122	-0.498364
-0.951808	0.220619
-0.2348	0.231637
0.0367932	0.315419
0.0911119	0.0439223
-0.691078	0.346545
3.95861	0.575512
1.78586	0.69413
-0.386893	-0.0444769
-0.299983	0.0125813
1.16662	0.56438
0.547389	-0.087571
1.10144	0.165537
0.112839	-0.381352
-0.419484	0.334563
0.243204	0.41965
-0.549849	0.603378
0.00420194	0.596427
-0.636759	-0.375905
1.85104	0.365745
0.427888	0.117099
0.417024	-0.151698
0.101976	-0.185255
-0.93008	-1.45079
-0.799715	-0.170019
0.449616	0.135552
-0.75626	-0.106901
-0.386893	0.266067
0.57998	0.538176
0.199749	0.027758
-0.84317	-0.423055
0.547389	0.193182
-0.0283893	0.176098
-0.158754	-0.0262338
-0.777988	-0.72806
-0.767124	-0.25208
0.503934	0.517902
-0.767124	-0.115925
-0.180482	0.167538
0.569117	0.75665
-0.701941	-0.394169
2.52459	0.161415
-0.354302	0.193656
-0.528122	0.581632
-0.441212	-0.674347
0.286659	-0.00129278
-0.832306	-0.462287
-0.0501168	-0.414159
2.93741	-0.00718062
-0.962671	-0.418437
-0.625895	-0.597801
2.51373	0.344023
-0.191345	0.166072
-0.919216	0.00112317
-0.886625	-1.73428
0.0476569	0.200993
-0.397757	0.322013
-0.560713	0.54197
0.145431	-0.224628
3.98033	0.447066
-0.777988	-0.316152
-0.386893	0.336192
-0.104436	-0.108201
0.308387	0.00695947
0.417024	-0.538361
1.12317	0.0181307
-0.875761	0.0343661
-0.854034	-1.15049
0.112839	0.0159017
-0.691078	-0.0581145
-0.158754	0.0531915
0.547389	0.736377
-0.886625	-0.209075
-0.875761	-1.28793
-0.84317	-0.475656
-0.126163	0.000645441
0.232341	0.759762
0.438752	0.360361
0.66689	0.128143
-0.0175256	0.0639097
-0.571577	-0.610318
-0.245664	0.360979
2.03572	0.493185
-0.984399	-0.908032
-0.517258	0.238837
-0.995263	-0.330113
1.55772	0.462596
1.61204	-0.161309
-0.0718443	-0.511836
-0.343438	-0.0559782
1.03626	0.544979
1.87277	0.343088
0.525662	0.353764
-0.93008	-0.622839
-0.691078	0.328348
-0.832306	0.169996
-0.549849	-0.171321
-0.723669	0.216314
0.0911119	0.550278
1.95968	0.239788
-0.66935	0.537252
-0.245664	0.359406
0.601708	-0.0548636
0.438752	0.0465847
-0.343438	-0.589915
1.89449	0.400462
-0.919216	-0.901209
-0.745396	0.283291
0.634299	0.160462
0.873302	0.112252
0.84071	0.42251
-0.973535	-1.08139
-0.517258	-0.192069
-0.354302	0.221898
0.0585207	0.335204
0.362706	0.603424
0.0585207	0.454537
-0.49553	0.11675
0.656027	0.683923
0.569117	0.223756
-0.0935718	0.0436194
0.558253	0.490217
-0.082708	0.116455
0.178022	0.349389
0.134567	0.0258923
-0.951808	-0.465957
-0.84317	-0.15665
2.43768	0.191926
0.210613	0.393095
-0.951808	-0.822662
-0.951808	-0.743877
-0.777988	-0.303092
-1.01699	-0.240065
-1.01699	-0.61214
-0.821443	-0.396855
-0.256528	0.567012
-0.452075	0.486342
-0.919216	-0.628349
-0.864898	-0.357761
-0.810579	-0.779089
-0.973535	-1.56447
-0.951808	-0.0864344
-0.441212	-0.222586
0.134567	0.513266
-0.538985	-0.351591
2.57891	0.291096
1.35131	0.345681
-0.343438	0.622979
-0.647623	0.0308532
3.40455	0.698417
0.862438	0.068976
-0.995263	0.429344
0.92762	0.677237
0.829847	0.0413031
2.68755	0.342911
-0.886625	0.0703913
0.590844	0.608365
-0.14789	-0.103091
-0.593304	0.505731
-0.940944	-1.24261
-0.777988	-0.579929
-0.256528	-0.0602975
-0.886625	-0.680932
-0.93008	0.528325
-0.441212	-0.295007
-0.452075	0.367492
-0.267392	0.393085
-0.0935718	0.478685
1.43822	0.874925
-0.560713	0.383018
-0.0501168	0.44067
0.308387	-0.261376
2.91569	0.469595
-0.58244	0.302083
-0.691078	-0.0681419
0.84071	0.425791
-0.0609805	0.192462
0.49307	0.255626
-0.767124	-0.786721
-0.897489	0.272284
-0.0175256	0.23395
0.569117	0.498471
0.960212	0.390927
-0.984399	-0.143126
-0.951808	-0.505025
0.0367932	0.428536
-0.864898	-0.973489
-0.864898	-0.488517
-0.528122	0.240784
2.26386	-0.177902
-0.701941	-1.15023
0.438752	0.482618
-0.940944	-0.290902
-0.723669	0.233071
1.49254	0.348394
-1.00613	-1.23839
-0.940944	-0.118953
0.742937	0.554681
0.330114	0.106615
-0.919216	-0.385102
1.81845	0.326506
-0.897489	-0.967299
-0.593304	0.0835177
-0.908353	-0.560541
0.199749	-0.146247
0.710345	0.157303
0.0367932	0.177726
-0.897489	-1.46376
-0.680214	-0.0301996
0.7538	0.0264986
0.66689	0.231184
-0.223937	0.232723
-0.647623	0.169381
0.0693844	0.817054
1.64463	0.674631
-0.951808	-0.775742
-0.126163	0.166498
-0.984399	0.138825
0.156294	0.0612226
0.123703	-0.0416544
-0.245664	-0.0720037
-0.973535	-0.227523
-0.93008	-0.148334
-0.625895	0.275801
-0.940944	-0.808107
-0.441212	-1.02995
-0.951808	0.0101732
-0.940944	-0.0539918
-0.691078	-0.370004
1.51426	0.157653
2.02486	0.546858
-0.0935718	0.246714
-0.777988	-0.164971
-0.93008	-0.148334
-0.875761	-0.602163
-0.310847	0.262319
-1.01699	-0.19085
0.514798	0.365279
-0.995263	0.254529
-0.886625	-0.239691
0.699482	0.358957
-0.484667	-0.0282287
-0.289119	0.0747383
0.286659	-0.0261175
-0.973535	-0.922239
-0.712805	0.468657
2.30732	0.36305
-0.854034	-0.494891
0.905893	-0.152289
-0.636759	0.235444
2.00313	0.094205
-0.137027	0.508027
-0.93008	-0.236385
-0.647623	0.0333447
-0.0283893	0.373609
-0.734533	0.0137274
-0.821443	-0.631718
-0.115299	0.203518
0.84071	0.0697553
-0.821443	0.381611
-0.647623	-0.0864186
-0.560713	0.35747
0.330114	0.394563
1.10144	0.598385
-0.267392	0.34276
-0.984399	-0.379297
-0.528122	-0.00197765
1.94881	0.881424
-0.984399	0.344153
0.503934	0.0592182
3.70874	0.510087
-0.0283893	0.346519
0.0259294	-0.301858
0.210613	0.0378753
1.78586	0.802736
-0.886625	-0.972591
0.373569	0.10577
-0.615032	0.154588
0.0367932	0.163602
0.101976	0.320439
0.308387	0.102718
-0.310847	-0.0918647
1.29699	-0.168867
1.66636	0.0573071
-0.180482	-0.540341
0.460479	0.0479261
-0.289119	-0.605548
-0.441212	0.252358
-0.560713	-0.669833
0.960212	0.36737
-0.886625	-0.865988
1.99227	0.0830999
-0.93008	-0.581305
-0.712805	-0.450035
-0.484667	0.4303
-0.854034	-0.305114
-0.875761	-0.612667
0.0476569	0.308349
-0.625895	0.472009
-0.506394	0.522039
-0.104436	-0.00513576
0.569117	0.175621
-0.962671	-0.750041
-0.473803	-0.0238957
-0.452075	-0.492522
-0.32171	0.417675
-0.593304	0.239583
-0.604168	-0.290765
0.460479	0.123062
1.12317	0.198295
0.84071	-0.111454
0.0585207	-0.430332
3.42628	0.508599
0.199749	0.0747218
-0.777988	0.283772
4.00206	0.231338
-0.397757	0.544547
1.10144	0.527597
-0.441212	-0.174567
3.04605	0.44622
-0.571577	0.151967
-0.419484	0.487995
0.0367932	0.549107
-0.810579	0.333108
0.547389	0.0902049
1.56858	0.544164
-0.604168	0.0562422
1.56858	0.544164
-0.93008	-0.413501
-0.202209	0.323603
0.57998	0.442994
-0.745396	0.159175
3.78479	0.781549
-0.745396	0.571013
-0.571577	-0.118542
0.145431	0.586123
-0.289119	-0.575598
-0.897489	-0.270295
-0.636759	-0.197182
-0.473803	-0.464355
0.57998	-0.0574404
-0.126163	0.337164
-0.84317	-1.04449
-0.973535	-0.226128
-0.854034	-0.376517
-0.452075	0.457208
0.232341	-0.0753358
-0.940944	-0.609527
-0.430348	0.184248
-0.962671	-0.740147
2.17695	0.33299
0.0476569	0.270138
2.20954	0.36602
1.01453	0.383335
1.29699	0.631693
-0.180482	0.151851
-0.625895	0.0839974
1.66636	0.144214
0.243204	0.151611
-0.32171	-0.180573
0.721209	0.0824463
0.514798	0.404237
-0.712805	0.282554
-0.376029	0.312039
-0.376029	0.533387
1.17749	0.274547
-0.2348	0.377236
1.18835	0.280956
-0.473803	-0.319717
-0.549849	-0.230439
2.58977	0.597614
-0.691078	-0.957623
-0.40862	-0.494826
-0.84317	0.321438
-0.528122	0.0631335
-0.082708	0.288663
0.645163	0.565185
0.00420194	0.401246
-0.995263	-0.296312
2.731	0.0818063
-0.777988	-0.762913
-0.365165	0.265462
0.0367932	-0.106165
-0.940944	-0.603438
-0.452075	0.0522074
-0.897489	-0.967299
-0.039253	0.126283
-0.777988	-0.09325
0.243204	-0.124139
-0.278255	-0.00227231
-1.00613	-0.420067
-0.854034	-0.155296
-0.745396	0.516016
-0.799715	-0.718675
-0.528122	-0.220663
-1.01699	-1.5612
-0.571577	-0.141781
0.677754	0.516843
0.601708	0.271181
0.677754	-0.172673
-0.0175256	-0.165879
1.07971	0.258262
0.123703	-0.369455
-0.365165	0.483569
-0.549849	-0.150136
0.645163	0.195818
1.70981	0.40816
0.818983	0.528459
0.275796	-0.285052
-0.213073	-0.172208
-0.712805	0.317832
0.460479	0.599138
-0.832306	-0.81359
-0.256528	0.0382148
-0.897489	-0.550111
0.134567	-1.18163
1.00367	-0.0971774
-0.75626	0.258567
0.395297	-0.351676
-0.75626	-0.0339236
0.786392	-0.0636133
3.94774	0.789176
-0.984399	-0.347546
-0.647623	-0.511809
-0.473803	0.431075
1.73154	0.775612
-0.875761	0.00868245
-0.365165	-0.268371
-0.886625	-0.491971
-0.810579	-0.113146
-0.940944	-0.566653
-0.832306	-0.495345
-0.864898	0.54407
-0.528122	0.377894
0.0259294	0.466888
-0.202209	0.726335
0.232341	0.431218
0.199749	-0.499213
-0.452075	-0.214189
0.362706	0.309559
0.721209	0.309277
1.82931	0.388949
-0.919216	-0.982039
-0.49553	-0.527121
0.286659	0.374946
0.829847	0.187373
-0.039253	0.0667447
1.9814	0.479728
-0.310847	-0.111944
-0.571577	-0.268536
-0.549849	0.155158
-0.84317	-0.12448
-0.886625	-0.461712
0.0150657	0.441368
-0.549849	0.14049
-0.462939	-0.231642
-0.962671	-0.312443
2.83964	0.452432
-0.984399	-0.355571
-0.256528	0.44537
-0.430348	-0.184399
-0.202209	-0.0265057
-0.908353	-0.760897
1.36217	0.236022
0.862438	0.545747
-0.169618	0.361565
-0.039253	0.0815769
-0.473803	-0.0307564
-0.973535	0.419711
-0.636759	0.259629
0.775528	0.505192
-0.864898	-0.538424
-1.02785	0.364023
-0.202209	0.387565
-0.289119	-0.423949
-0.864898	-0.235737
1.23181	0.301433
-0.0283893	-0.372062
-0.0175256	0.440372
-0.864898	0.195976
-0.832306	-0.758957
-0.0501168	0.514269
-0.864898	-0.703154
0.623435	0.72415
3.92601	0.487452
1.61204	0.113534
-0.289119	0.500788
-0.625895	-0.283064
-0.875761	0.383705
-0.636759	0.1712
-0.962671	-0.534989
-0.593304	0.122283
-0.365165	0.459832
0.775528	0.423576
-0.66935	0.231941
-0.919216	-1.13209
-0.864898	-0.706933
1.85104	0.477169
-0.723669	-0.732479
-0.84317	0.253799
-0.354302	-0.249733
-0.636759	-0.103138
-0.14789	-0.357035
-0.430348	0.320285
-0.0609805	0.316572
0.373569	0.318049
0.101976	-0.454071
0.167158	0.596819
0.57998	0.459968
1.88363	0.547214
-0.886625	-1.05673
-0.191345	0.705511
3.08951	0.609107
-0.93008	-0.0570186
-0.0718443	0.396993
-0.126163	0.189836
1.7424	0.0227733
0.167158	-0.0841898
0.547389	-0.0759921
-0.810579	-0.200703
-0.104436	-0.076122
-0.886625	-0.992156
2.90482	0.173901
0.547389	0.440659
0.569117	0.0896447
-0.647623	0.550217
-0.365165	0.610917
-0.202209	-0.365101
0.742937	0.526289
1.68808	-0.084892
-0.788851	-0.950178
3.94774	0.0331416
-0.810579	-0.306278
-0.93008	0.0646001
-0.821443	-0.660955
-0.0501168	-0.118013
0.340978	0.633519
-0.832306	-0.562269
-0.940944	-0.553764
-0.788851	0.0834213
0.199749	-0.590563
0.0585207	-0.0371437
-0.343438	0.495716
-0.58244	0.427543
-0.430348	0.144016
2.44854	0.429773
0.406161	0.23454
-0.158754	-0.0262338
-0.462939	-0.137482
-0.604168	0.330777
0.569117	0.215256
-0.864898	-0.191527
-0.723669	-0.173364
-0.278255	0.301081
-0.441212	0.476634
0.482207	0.307874
0.884165	0.367589
-0.745396	0.494908
-0.126163	0.588385
-0.528122	0.0274831
-0.245664	0.24235
0.00420194	-0.204796
-0.962671	-0.193994
-0.506394	0.0614394
-0.984399	0.0928384
2.18781	0.263321
-0.864898	-0.310436
-0.658487	-0.671102
-0.66935	0.135816
-0.886625	0.315565
-0.93008	-0.625365
-0.0935718	-0.355421
-0.571577	0.0746628
0.199749	0.39526
1.48167	-0.506278
2.32904	0.0469296
-0.419484	-0.105324
-0.625895	0.275801
0.503934	0.289008
1.22094	0.406022
-0.484667	-0.870871
-0.919216	-0.301009
0.0150657	-0.703164
-0.919216	0.486553
-0.625895	0.106159
-0.560713	-0.598467
-0.973535	-1.02424
-0.919216	-0.980989
-0.886625	-0.996701
-0.137027	0.389968
-0.995263	0.0436863
-0.310847	-0.0976335
-0.701941	0.302989
-0.691078	-0.299173
-0.908353	-0.17369
-0.93008	-1.18825
-0.908353	0.0902798
-0.625895	-0.118879
-0.213073	-0.214698
1.70981	0.633994
0.0693844	0.326256
1.40563	-0.238904
-0.0935718	-0.417349
-0.712805	-0.390239
3.20901	0.561945
-0.376029	0.351804
1.75326	0.32004
-0.832306	-0.897055
-0.767124	-0.0329371
-0.940944	-0.634981
-0.854034	-0.472348
1.64463	0.674631
0.971075	0.200383
-0.919216	-0.341639
3.51319	0.484983
-0.984399	-0.0252895
-0.115299	-0.765488
0.0911119	-0.320153
0.66689	0.273302
-0.560713	0.0829762
0.362706	-0.205084
-0.452075	0.478124
0.243204	0.108858
1.30785	0.494289
0.612572	-0.255173
0.0476569	-0.304678
0.732073	-0.101512
-0.549849	0.56256
-0.84317	-0.244489
-0.49553	0.092212
0.829847	0.394176
0.732073	-0.152177
0.656027	0.266126
1.9814	0.343835
0.710345	-0.529754
-0.832306	-0.580983
-0.995263	0.296296
-0.0935718	0.0326651
0.721209	0.0310926
1.06885	0.364533
-0.40862	-0.1045
-0.332574	-0.0615861
-0.223937	0.0751108
-0.49553	-0.308945
3.05691	0.564139
-0.777988	0.0466389
-0.886625	-0.283074
1.99227	0.784791
0.243204	-0.0970051
-0.354302	-0.157979
-0.386893	-0.519363
-0.58244	-0.308661
-0.386893	-0.538347
0.254068	0.615548
-0.267392	0.0999532
1.69895	-0.0827062
-0.604168	0.227352
1.9814	0.390254
-0.734533	0.368978
-0.104436	0.41958
-0.973535	0.314228
0.656027	0.683923
-0.680214	-0.785159
0.395297	0.0784636
0.319251	0.265745
-0.854034	-0.672628
-0.528122	-0.298122
0.808119	-0.507492
-0.462939	0.655464
-0.0501168	0.476686
-0.854034	-0.286603
-0.430348	-0.0356646
0.427888	0.641795
-0.289119	-0.068232
1.36217	0.167493
1.01453	0.489694
-0.625895	0.281603
-0.788851	-0.374882
-0.864898	-0.535168
2.68755	0.344677
-0.864898	-1.017
-0.549849	0.356325
-0.506394	0.0354373
-0.571577	0.775697
2.66582	0.66337
-0.745396	-0.169383
0.340978	0.0989964
0.00420194	-0.89382
-0.821443	-0.365051
0.319251	-0.256655
-0.430348	-0.362994
-0.919216	-0.748788
0.362706	0.332776
0.297523	0.591948
-0.875761	0.154553
-0.875761	-0.518498
-0.940944	-0.149412
2.19868	0.647725
0.384433	-0.228503
-0.615032	0.0559417
-0.951808	-0.544613
-0.126163	-0.0980778
-0.0175256	0.081458
-0.886625	-0.0733037
3.1221	0.352762
2.01399	0.268314
-0.788851	-0.103236
-0.701941	0.326443
-0.49553	-0.300389
0.742937	0.173853
-0.126163	0.284117
-0.723669	0.431693
3.16555	0.469267
-0.984399	0.225051
5.2188	0.668288
0.471343	0.198828
-0.506394	0.329983
-0.191345	-0.126264
0.503934	0.0338656
2.43768	0.523333
-0.897489	-0.368982
-0.973535	-0.252183
1.04712	0.527943
1.49254	0.0117518
-0.615032	-0.180371
0.623435	0.810055
-0.2348	-0.267111
1.03626	-0.172505
0.0476569	0.463887
0.786392	0.389411
-0.919216	0.248355
1.69895	0.429574
1.59031	0.206391
0.00420194	0.100107
-0.984399	-1.05894
0.156294	-0.400644
-0.158754	0.449077
0.101976	0.162353
1.32958	0.254896
0.547389	0.443443
-0.745396	-0.159394
0.417024	0.365989
0.395297	0.413163
-0.940944	-0.268941
0.210613	-0.276345
-0.202209	0.309398
1.45994	0.0886439
0.0585207	0.015454
0.0476569	0.139506
-0.995263	-0.404382
-0.93008	-0.0515701
-0.213073	0.119168
1.69895	0.544786
-0.701941	-0.213581
0.460479	0.0479261
-0.973535	0.340807
-0.0609805	0.461146
0.362706	0.0912374
4.39316	0.389666
-0.951808	0.325526
0.808119	0.549119
0.49307	0.486559
-0.517258	0.475808
-0.278255	-0.429183
3.68701	0.75414
-0.897489	0.554972
0.210613	0.0469626
-0.75626	0.0612546
-0.223937	-0.0690212
-0.951808	-0.837924
1.51426	0.34102
-0.245664	0.219197
-0.419484	0.508034
-0.995263	-0.706407
-0.734533	-0.369761
-0.213073	0.356033
1.2644	0.689702
-0.680214	-0.476453
-0.245664	0.285942
-0.158754	0.0233061
-0.538985	-0.571506
0.123703	0.165212
1.48167	0.539872
-0.940944	-0.686055
-0.126163	0.566859
3.55665	0.514126
-0.940944	0.055456
0.916757	0.23817
-0.082708	0.384495
-0.821443	0.292131
0.862438	0.211026
-0.691078	-0.0125127
0.188886	0.111749
0.0802482	0.617078
-1.02785	-0.492581
-0.647623	0.509169
1.39476	0.56936
-0.799715	-0.159387
-0.462939	0.0662273
-0.864898	-0.536716
0.395297	0.0999057
1.19921	0.259159
-0.919216	-0.756788
-0.745396	0.396201
-0.777988	-1.35148
-0.832306	-0.624662
0.732073	-0.644855
-0.191345	0.361832
-0.962671	-2.18148
3.52406	0.12709
-0.386893	-0.268415
0.884165	0.578035
0.308387	0.0164874
0.0259294	0.58719
-0.0501168	-0.18825
0.145431	0.211794
0.0585207	-0.454851
-0.14789	0.309925
1.34044	-0.140907
-0.897489	-0.376972
-0.0609805	-0.0749948
-0.0609805	0.0710318
0.167158	0.26139
-0.484667	0.629945
-0.441212	0.490939
-0.93008	-0.0163066
-0.115299	-0.0758382
-0.571577	0.036421
-0.940944	-0.106891
-0.039253	0.0869015
-0.517258	-0.123032
-0.93008	-0.342452
-0.712805	-0.301223
-0.897489	-0.337712
-0.66935	-0.36682
0.471343	-0.0373851
-0.75626	0.357665
-0.919216	-0.935872
-0.995263	-0.463586
-0.039253	0.324514
-0.701941	-0.271516
-0.58244	-0.872461
-0.473803	-0.0496925
0.0259294	-0.32995
-0.0718443	0.109335
-0.158754	0.418586
-0.299983	-0.387587
0.634299	-0.649532
-0.180482	0.500883
0.699482	0.262626
0.873302	0.619434
0.971075	0.469856
-0.919216	-0.331031
2.6115	0.720959
1.70981	0.267579
0.514798	0.174436
2.38336	-0.377587
-0.886625	-0.559879
-0.908353	-0.853449
0.590844	0.735862
0.0259294	0.0738211
-0.0609805	0.298003
-0.58244	-0.603617
-0.691078	0.161817
-0.484667	0.375753
-0.701941	-0.906408
-0.973535	-0.340236
-0.332574	0.734057
0.92762	0.675421
-0.462939	0.159611
-0.615032	-0.075651
1.1123	0.443996
-0.75626	0.0714463
2.69841	0.356904
0.482207	0.307874
0.123703	0.355675
-0.430348	0.0807845
0.949348	0.330758
-0.799715	0.401774
-0.897489	-0.797597
-0.213073	-0.437981
1.88363	0.191938
-0.832306	-0.764666
0.406161	0.595636
-0.137027	0.175718
0.275796	0.109362
-0.832306	-0.23858
-0.267392	0.458624
0.471343	0.259991
-0.126163	0.151685
-0.93008	-0.581305
-0.169618	0.189742
1.99227	0.434553
-0.886625	-0.813548
-0.951808	0.364524
-0.777988	-0.509902
0.101976	0.121366
0.862438	0.125429
-0.40862	0.478775
-0.452075	0.238695
2.95914	0.630929
-0.615032	0.709565
1.87277	0.260583
-0.462939	0.511071
0.351842	-0.15277
-0.84317	0.13501
-0.647623	-0.0420719
0.66689	0.679552
-0.799715	-0.0884178
0.362706	-0.235058
-0.560713	0.39377
-0.723669	-0.35451
4.33884	0.634384
-0.962671	-0.75179
-0.169618	0.259918
-0.104436	0.575651
0.764664	0.171055
0.156294	-0.00329455
0.7538	0.411319
0.243204	0.108858
-0.886625	0.082764
-0.40862	0.221877
-0.310847	0.204502
1.29699	0.320278
-0.441212	0.127998
2.17695	0.499486
-0.908353	-0.851997
2.66582	0.365007
-0.821443	-0.952521
-0.332574	0.571911
-0.625895	-0.120069
-0.973535	-1.07488
-0.517258	0.257582
-0.245664	0.410553
-0.517258	0.00438825
0.536525	0.343894
-1.00613	-0.585231
-0.734533	0.383473
-0.397757	-0.575551
-0.832306	-1.07798
-0.2348	-0.131099
2.24213	0.580663
-0.245664	-0.114677
0.188886	0.288778
-0.777988	0.0546838
-0.875761	-1.60747
1.42735	0.10491
-0.289119	0.288754
-0.93008	-0.554383
-0.66935	-0.189651
-0.973535	-0.498302
-0.701941	-0.468923
-1.02785	0.257146
-0.940944	-0.801871
-0.538985	-0.0503381
-0.0718443	0.398448
0.264932	0.215808
-0.115299	0.373431
0.145431	-0.652536
-0.864898	-0.979853
-0.202209	0.167129
0.547389	-0.989703
-0.256528	0.416159
-0.701941	0.0433868
-0.549849	-0.674949
0.482207	0.114272
-0.560713	0.148174
0.286659	-0.0566714
-0.365165	0.00332482
1.61204	0.153825
1.02539	0.356384
0.254068	-0.100888
0.0259294	-0.0349035
-0.875761	-0.921423
-0.484667	0.0269984
0.384433	0.00976649
-0.712805	0.339005
0.427888	0.377741
1.22094	0.330806
-0.299983	0.687782
-0.137027	0.415621
-0.636759	0.264948
-0.126163	0.210098
-0.777988	0.326696
0.101976	0.629843
0.221477	-0.083185
-0.473803	-0.247691
4.05638	0.118764
-0.256528	0.278122
-0.864898	-0.0080089
-0.158754	0.417645
0.677754	0.222423
-0.995263	-0.357749
-0.84317	-0.355637
0.688618	0.4688
1.99227	0.773993
-1.00613	-0.613944
1.02539	0.0588904
-0.0718443	-0.300438
-0.940944	-0.406342
-0.49553	-0.373684
-0.430348	0.320285
-0.734533	0.43696
-0.343438	-0.726081
-0.723669	-0.0911225
-0.245664	-0.618609
-0.951808	-0.596514
0.156294	0.468652
0.634299	-0.155131
-0.104436	0.264673
2.09004	0.169899
0.330114	0.584316
0.156294	0.396942
0.558253	0.11872
0.112839	-0.451477
1.55772	0.608354
-1.00613	-0.394394
0.732073	0.543178
-0.2348	0.644697
-0.00666181	0.186201
1.10144	0.356965
-0.93008	-0.19791
-0.821443	0.0181213
-0.604168	-0.52091
-0.832306	-0.747216
-0.93008	-0.366463
-0.2348	0.532473
0.395297	-0.351676
-0.484667	-0.177775
0.0150657	0.845052
-0.538985	-0.64534
0.167158	0.184043
0.134567	-0.511832
1.1123	0.671784
-0.593304	0.375864
-0.951808	-0.338383
-0.940944	-0.889805
-0.821443	-0.167614
0.84071	-0.175212
-0.940944	0.0860626
3.02432	0.0496988
0.156294	-0.205864
-0.951808	-0.348316
-0.58244	-0.361291
-0.680214	0.263013
1.60117	-0.256896
-0.126163	0.151685
-0.951808	-0.310863
0.0150657	-0.250939
0.112839	0.437859
-0.104436	0.242204
-0.962671	-1.04731
-0.104436	-0.0512774
-0.832306	0.0382012
-1.01699	-1.81954
-0.919216	-0.0954799
0.92762	0.402224
-0.0283893	0.331759
-0.202209	0.496603
-0.875761	-0.493439
-0.473803	-0.283173
0.895029	0.175879
-0.940944	0.481314
0.612572	0.75319
0.438752	0.694052
1.05799	0.34057
-0.180482	-0.192386
-0.40862	0.420666
-0.430348	0.354144
2.72014	0.469375
-0.995263	0.602391
3.0026	0.122565
-0.864898	-0.0606258
-0.691078	0.199782
-0.2348	0.349559
-0.604168	-0.326881
-0.832306	0.710563
-0.343438	-0.250649
0.471343	0.00332367
0.156294	0.279963
1.1123	0.12931
-0.223937	-0.329089
1.8619	0.447048
2.65496	0.528146
-0.919216	0.293205
-0.310847	0.535856
-0.365165	0.526568
-0.00666181	-0.169371
-0.082708	0.394517
0.243204	0.42912
0.775528	-0.506719
-0.256528	0.134146
-0.832306	-0.665736
-0.897489	-0.662243
-0.169618	0.583826
0.960212	0.33609
-0.473803	-0.786633
0.645163	0.322801
-0.310847	0.549626
0.938484	0.242139
-0.386893	0.107624
-0.680214	-0.0122302
1.19921	0.578121
0.623435	0.434862
-0.462939	0.431984
0.427888	0.627635
-0.278255	0.388139
0.732073	-0.102077
1.7424	0.474245
-0.137027	0.247204
-0.332574	0.414324
2.41595	0.587278
1.39476	0.575162
-0.821443	0.0204564
0.156294	0.781118
-0.734533	0.184689
-0.267392	-1.66162
-0.593304	0.0278011
0.319251	-0.0672382
2.44854	0.706625
-0.973535	0.144073
-0.0718443	0.0326403
-0.897489	0.0312682
-0.0609805	0.29113
-0.767124	-0.886798
0.818983	0.23095
-0.951808	-0.472193
-0.940944	-0.424164
-0.615032	-0.447716
-0.452075	0.304901
-0.984399	-0.601892
-0.854034	-0.625012
0.764664	0.0700656
0.449616	0.406188
-0.2348	0.313374
-0.365165	0.290018
-0.49553	0.126151
-0.0718443	-0.0150289
0.373569	0.0608351
0.308387	-0.442502
-0.386893	-0.313301
-0.528122	0.262317
2.17695	0.62083
-0.473803	0.430377
-0.951808	-0.253122
2.78532	0.67029
-0.875761	-0.886876
-0.832306	0.354625
-0.180482	0.289822
-0.84317	0.225953
-0.647623	-0.345114
-0.2348	0.446598
-0.452075	0.159514
-0.560713	-0.854511
0.178022	0.0301345
-0.58244	-0.556122
-0.528122	0.107451
1.1123	0.151827
-0.169618	0.483928
3.3611	0.387009
0.829847	0.257594
-0.40862	-0.360868
-0.875761	-0.140158
-0.799715	0.376071
1.1123	0.602914
-0.0609805	0.0781148
0.156294	0.0298615
-0.376029	-0.273362
-0.940944	-0.698237
1.65549	0.0582714
-0.984399	-0.776682
-0.864898	0.231634
0.862438	0.240446
-0.58244	0.275736
3.2416	0.677912
-0.940944	-0.195185
-0.528122	0.159929
-0.245664	0.180322
-0.777988	-0.959208
-0.419484	0.349589
0.92762	0.161541
0.981939	0.507225
0.536525	-0.20758
-0.104436	0.0298916
-0.310847	-0.71442
-0.886625	-0.620066
-0.84317	-1.27714
2.02486	0.0989753
-0.386893	-0.457492
0.362706	0.0946842
2.17695	0.564065
0.92762	-0.0982368
-0.299983	0.282796
-0.810579	0.312547
0.134567	0.438223
1.03626	-0.429848
-0.995263	-0.911497
-0.93008	-0.0058167
-0.223937	0.470322
2.06831	0.344975
-0.973535	-0.29304
0.427888	0.299917
-0.767124	-0.393118
-0.940944	-0.248717
-0.256528	0.345002
-0.158754	-0.802145
-0.777988	-1.63085
-0.343438	0.330631
1.04712	0.377178
3.58924	0.515671
-0.223937	0.342445
-0.158754	0.242949
-0.810579	-0.0246194
0.732073	-0.030342
-0.854034	0.238643
-0.636759	-0.14411
1.73154	0.304272
-0.864898	0.402452
0.308387	0.111548
-0.984399	0.483269
-0.919216	-0.654053
0.688618	0.039697
-0.549849	0.439332
-0.832306	-0.731696
0.0911119	0.423166
0.92762	-0.143874
-0.897489	0.359586
-0.940944	0.192337
-0.75626	-0.241323
0.471343	0.434743
-1.00613	-0.0356191
-0.506394	-0.673155
-0.854034	-0.187761
-0.995263	-1.13922
-0.202209	-0.29003
-0.126163	-0.337785
-1.02785	0.355809
0.351842	0.510831
1.9814	0.411409
-0.40862	0.217294
0.199749	0.517316
-0.32171	-0.456036
1.94881	0.123404
-0.256528	-0.221931
-0.854034	-0.514286
-0.14789	0.188527
2.09004	0.239579
-0.441212	0.492867
-0.636759	-0.447219
0.92762	0.57607
1.32958	-0.0319627
-0.104436	0.396599
-0.538985	-0.289092
2.57891	0.242696
0.188886	0.431283
-0.484667	-0.303015
-0.788851	-0.94028
-0.832306	-0.784269
2.30732	0.390985
-0.473803	-0.142085
-0.995263	-0.659803
0.449616	0.480652
-0.777988	-0.588338
1.28612	0.171496
0.156294	0.459981
-0.995263	-0.399338
0.0367932	-0.254065
-0.821443	-0.0838795
-0.962671	0.335031
1.13403	0.376749
-0.832306	-0.0796381
0.677754	0.472472
-0.66935	0.33193
-0.365165	0.533967
-0.854034	-0.494891
-0.0935718	0.39516
2.45941	0.314538
-0.832306	-0.493874
-0.419484	0.609886
0.992803	0.515175
-0.538985	0.434033
0.623435	0.106892
0.471343	0.00803528
-0.680214	0.0149259
1.29699	0.577092
-0.658487	0.100888
-0.832306	0.112081
-0.202209	0.0400897
-0.267392	-0.281615
0.634299	0.331794
-0.245664	-0.141804
-0.115299	0.394016
0.0150657	-0.128297
1.17749	0.409093
-0.864898	-0.935255
-0.864898	-0.614133
-0.441212	0.0206893
-0.777988	0.36337
-0.213073	0.412027
2.90482	0.495673
0.590844	-0.0725595
0.601708	0.367382
-0.723669	-0.308291
-0.137027	0.167089
0.0367932	0.298163
-0.560713	0.086643
1.18835	0.399176
1.27526	0.522995
-0.560713	0.0371907
-0.2348	-0.13501
2.17695	0.76366
-0.973535	0.256581
1.19921	-0.107537
-0.973535	-1.04326
3.11123	0.564829
-0.951808	-0.419461
-0.0935718	0.588725
-0.137027	0.281784
-0.973535	-0.585717
-0.278255	-0.644481
-0.310847	-0.127709
-0.223937	0.198435
-0.180482	0.504187
0.895029	0.134448
-0.886625	-0.497717
-0.897489	-0.376972
-0.49553	-0.0591766
0.101976	0.0839715
-0.473803	-0.410571
0.905893	-0.353004
-0.376029	0.0145048
0.123703	-0.266774
-0.473803	0.217304
-0.745396	0.430352
-0.767124	-0.342766
-0.691078	-0.232118
-0.919216	-0.136163
0.525662	0.108729
-0.462939	0.317654
-0.973535	-0.45304
-0.810579	-1.10661
-0.278255	-0.186016
0.406161	0.290296
0.145431	0.334844
-0.169618	0.247842
-0.289119	0.0335533
0.938484	0.378297
-0.104436	0.662953
1.6229	0.339812
-0.821443	-0.178381
0.732073	0.532384
-0.875761	-0.413214
-0.658487	0.514663
-0.875761	-0.556166
0.971075	0.19187
0.156294	-0.264115
1.48167	0.758116
-0.897489	-0.777105
-0.49553	0.101196
0.373569	-0.203544
-0.202209	-0.0109173
-0.14789	0.188527
-0.126163	-0.0237269
2.64409	0.22841
-0.430348	-0.0398418
2.20954	0.232986
-0.723669	-0.067412
1.05799	0.266866
0.243204	0.151092
-0.49553	0.300703
-0.299983	0.0125813
0.297523	0.348861
1.51426	0.592748
-0.462939	-0.0927758
0.0259294	0.36027
2.83964	0.457028
-0.680214	0.236972
0.742937	-0.287033
-0.995263	-0.897301
-0.593304	-0.17575
0.49307	0.65516
-0.897489	0.0255225
-0.973535	-1.24176
0.134567	0.239484
-0.2348	0.0362423
-0.864898	-0.0540175
1.02539	0.527738
1.15576	0.33148
-0.864898	0.0941234
-0.908353	-0.223078
-0.58244	-0.316872
0.373569	0.107866
0.656027	0.314064
-0.104436	-0.427547
0.319251	0.416375
-0.854034	-0.643212
0.00420194	0.217921
-0.854034	-0.0945057
-0.169618	0.463619
0.395297	0.1952
-0.647623	0.0306148
-0.875761	-0.0463626
2.28559	0.0898974
-1.00613	0.422042
0.0367932	-0.0667018
-0.940944	-0.844795
-0.908353	-0.315922
-0.788851	-1.23945
-0.854034	-1.213
0.92762	0.420893
0.199749	0.0498016
-0.126163	0.555172
0.514798	-0.531907
-0.940944	-0.43954
1.3839	0.0302461
-0.777988	-0.28073
0.101976	0.576411
0.406161	0.387553
1.09058	-0.244463
-0.376029	0.00299267
3.3611	0.728976
-0.137027	0.471581
-0.908353	-0.464019
-1.01699	-1.65668
-0.289119	0.118565
0.362706	0.0963142
-0.0283893	0.594574
-0.832306	0.372969
0.438752	0.169207
-0.995263	-0.686847
0.49307	0.65516
-0.419484	-0.282395
-0.647623	-0.0589023
-0.951808	-0.450925
-0.951808	0.418452
2.99173	0.184407
0.417024	0.195454
-0.278255	-0.0550904
-0.517258	0.0860345
-0.680214	0.494639
-0.995263	-0.147638
-0.777988	0.360755
-0.267392	-0.0479575
-0.202209	0.721995
0.417024	0.0353898
-0.897489	-0.575047
-0.962671	-0.569509
0.514798	0.273014
-0.864898	-0.573688
-0.343438	0.508811
0.373569	-0.496619
-0.864898	0.0827708
-0.908353	-1.03932
-1.01699	0.104296
-0.0283893	-0.083425
0.243204	-0.142086
0.66689	0.103508
3.81738	0.580696
-0.278255	0.164295
-0.832306	-0.410046
-0.93008	-0.491972
1.53599	0.327038
-0.897489	-1.45157
-0.560713	0.425151
1.01453	0.531961
2.17695	0.4418
0.558253	0.533859
-0.973535	-0.038154
-1.00613	-0.578568
0.243204	0.646104
-0.984399	0.134227
-0.919216	-0.254892
-0.289119	-0.498074
-0.506394	-0.55011
-0.680214	0.228587
-0.799715	-0.0534834
1.21008	0.147413
-0.919216	-0.595157
0.57998	0.078359
-0.897489	0.452719
-0.962671	0.293452
1.09058	0.192387
-0.615032	-0.912085
-0.951808	-0.0391051
0.178022	0.277178
0.677754	0.355905
-0.799715	-0.137733
-0.919216	0.208421
-0.58244	-0.355273
-0.452075	0.375399
-0.951808	-1.0439
-0.419484	-0.101448
4.50179	0.299492
-0.2348	-0.0723927
-0.397757	0.157961
1.01453	0.0322493
0.503934	-0.334566
-0.680214	-0.335835
0.66689	0.151252
0.971075	0.463223
0.340978	0.309205
-0.158754	0.128038
0.84071	0.607984
-0.875761	0.443448
0.460479	-0.405769
-0.0501168	0.385029
-0.919216	-0.74683
0.688618	0.199736
-0.49553	0.387804
-0.897489	-1.00959
0.243204	0.00320598
1.09058	-0.0736114
-0.506394	-0.240269
-0.278255	0.509538
-0.615032	-0.548494
-0.593304	0.225588
0.916757	0.700705
1.8619	0.447048
-0.962671	-1.06767
-0.897489	-0.626028
0.677754	0.0936808
-0.886625	-0.734229
-0.289119	0.469224
-0.658487	-1.13082
-0.0935718	0.328686
-0.864898	-0.818313
0.297523	-0.147013
1.19921	0.289083
-0.223937	-0.00929866
-0.84317	-0.419131
-0.593304	0.0910043
-1.03872	-0.902463
-0.788851	0.406011
2.64409	0.349139
-0.169618	-0.300168
0.330114	0.384226
-0.376029	0.567616
-1.00613	-0.783806
0.0693844	0.534789
-0.560713	0.35747
-0.886625	-0.94696
0.254068	0.725895
0.210613	0.391289
-0.0175256	-0.0409083
-0.832306	-0.819384
-0.104436	0.242204
-0.441212	0.549553
1.84017	0.326526
-1.00613	-0.712542
0.710345	0.335411
-0.14789	-0.506955
-0.267392	0.359881
-0.821443	-0.456761
-0.908353	-1.59208
1.79672	0.450531
-0.788851	-0.0103527
1.79672	0.360436
1.43822	0.427885
0.156294	0.353461
1.47081	0.0310236
-0.126163	0.373982
0.112839	-0.584384
-0.951808	-0.348628
0.286659	0.440974
-0.832306	-0.242164
0.373569	0.568689
-0.625895	-1.08761
-0.180482	0.444349
0.0693844	0.320458
1.05799	-0.171214
-0.223937	-0.121717
-0.767124	0.0645902
-0.723669	0.277956
-0.647623	-0.244164
0.00420194	0.330402
-0.441212	0.363768
0.590844	-0.263449
0.178022	0.211948
-0.734533	-1.13897
-0.126163	0.293238
0.406161	-0.450387
2.48114	0.317109
-0.723669	0.487959
-0.951808	-0.41964
0.0367932	0.431146
-0.386893	0.0648881
-0.636759	0.202903
-0.940944	-0.756219
-0.115299	-0.0915372
-0.940944	0.319519
0.264932	0.142247
-0.636759	0.409821
0.308387	0.141964
-0.169618	0.352499
-0.615032	0.23685
0.905893	0.317217
-0.897489	-0.987567
0.569117	-0.0815793
-0.919216	-0.578152
1.1449	0.402341
-0.940944	0.128742
-0.951808	-0.356907
-0.875761	-0.661634
1.21008	0.0768583
-0.821443	-0.207161
-0.0501168	0.46984
3.79565	0.403037
2.06831	0.409427
-0.0609805	-0.0263959
1.67722	0.370392
0.732073	0.577266
0.829847	0.32453
0.558253	0.360022
-0.615032	0.16155
-0.821443	-0.66819
-0.223937	0.129961
-0.191345	0.527086
-0.560713	-0.725187
-0.191345	0.178977
0.797255	0.461747
0.7538	0.0788936
-0.908353	0.0434128
-0.14789	0.651992
-0.506394	0.0354373
0.427888	0.0810914
-0.0718443	0.0828938
0.0150657	0.438783
0.960212	0.436115
-0.647623	-0.213507
-0.169618	0.0586654
-0.419484	0.185966
-0.832306	-0.316024
-0.799715	-0.0698016
-0.886625	-0.132857
-0.940944	-0.713977
-0.452075	0.574014
-0.854034	0.387735
0.0476569	0.529098
-0.658487	-0.531463
-0.354302	-0.444797
-0.788851	0.143347
0.645163	0.457065
-0.886625	-0.245064
-0.430348	-0.821562
0.0259294	0.306519
-0.289119	-0.576289
2.44854	0.555307
0.623435	0.180338
-0.854034	-0.695987
1.05799	0.601533
1.04712	0.337955
2.253	0.576695
-0.58244	0.488867
-0.84317	0.0550125
0.0259294	0.198071
-0.777988	-0.206589
-0.636759	-0.444966
-0.84317	-0.327901
-0.93008	-0.121931
-0.528122	0.463572
-0.49553	-0.0925789
-0.886625	-0.542241
-0.658487	0.359112
-0.560713	-0.621675
-0.310847	0.0873674
-0.462939	-0.496716
-0.58244	-1.35759
-0.767124	-0.378254
-0.528122	-0.92005
0.101976	0.327121
-0.441212	0.160775
0.732073	0.577266
-0.430348	-0.185385
1.31872	0.525914
0.384433	0.511306
-0.376029	-0.0241879
-0.658487	0.270168
-0.625895	-0.025524
-0.984399	-0.624667
-0.32171	0.252353
-0.951808	-0.590582
0.460479	0.211356
-0.962671	-0.417754
-0.691078	0.513179
0.710345	0.232816
0.178022	0.600827
2.01399	0.361678
-0.223937	0.236758
1.06885	-0.036397
-0.897489	0.130093
-0.441212	-0.791674
-0.245664	-0.0276164
-0.854034	-0.117114
-0.951808	-0.788095
1.04712	0.528588
-0.984399	-0.309716
-0.180482	0.138194
-0.799715	-0.528971
-0.386893	0.198869
-0.386893	-0.773474
-0.701941	0.124595
-0.810579	-0.46789
-0.962671	-0.16923
-0.202209	-0.425764
-0.473803	-0.3212
-0.864898	-0.511524
-0.962671	0.257138
0.503934	0.106137
2.78532	0.273532
-0.734533	-0.759056
0.221477	-0.0393571
-1.03872	-0.935304
-0.919216	-0.639574
-0.93008	0.277893
-0.549849	0.206112
0.818983	0.346956
1.89449	0.388231
-0.854034	-0.583634
-0.962671	-0.462155
-0.245664	-0.26754
-0.343438	-0.324372
0.340978	0.362481
-0.484667	-0.20554
-0.473803	0.26563
0.482207	0.533491
-0.854034	-0.711865
-0.864898	-1.68952
0.732073	0.31638
-0.788851	-0.556791
0.612572	0.0792069
0.601708	0.0889678
-0.484667	0.339035
2.79618	0.556162
1.6229	0.335312
2.20954	0.451656
1.55772	0.243398
0.254068	-0.454595
-0.897489	-0.31979
-0.875761	-1.20231
-0.40862	-0.16767
-0.473803	-0.404778
-0.734533	-0.339091
-0.810579	-0.739924
-1.00613	-0.629304
-0.93008	0.528325
-0.734533	-0.31375
8.1846	0.855823
-0.93008	-1.10715
-0.571577	0.104862
-0.0283893	0.229727
1.87277	0.184745
-0.680214	0.445688
-0.962671	-0.563746
0.49307	0.200359
-0.202209	0.18848
-0.0283893	0.62288
-0.875761	-0.836555
1.15576	0.37178
-0.452075	0.228695
-0.310847	-0.264319
-0.886625	-0.180209
-0.973535	-0.446727
-0.267392	0.225364
-0.604168	-0.350871
2.253	0.490639
-0.799715	-0.837733
0.851574	0.446095
-0.647623	0.376943
-0.995263	0.0442386
-0.137027	0.486922
-0.680214	-0.518845
0.0693844	0.237476
-0.723669	0.0779613
0.0259294	-0.0683678
0.199749	-0.0188489
-0.419484	0.21713
-0.549849	0.00944637
2.06831	0.6302
0.938484	0.190406
-0.299983	-0.337388
-0.951808	-0.32535
0.0693844	0.171083
-0.875761	-0.664165
-0.647623	-0.117393
-0.767124	0.243597
-0.2348	-0.398228
-0.723669	0.0779613
-0.14789	0.0254505
-0.984399	-0.534069
-0.430348	0.197653
-0.810579	0.622552
-0.951808	-0.644666
-0.951808	-0.598653
1.1449	-0.134541
-0.767124	0.0264616
3.29592	0.786995
0.384433	0.0504601
-0.299983	-0.02981
-0.886625	-0.581705
0.145431	0.0689822
-0.256528	-1.00304
3.02432	0.0496988
1.21008	0.279506
0.362706	0.159153
-0.962671	-0.895303
-0.332574	0.0950965
0.710345	0.472856
-0.180482	0.174428
0.221477	0.297404
-0.40862	0.318908
-0.126163	-0.174905
1.21008	0.30463
-0.886625	-0.543339
-0.84317	-1.01885
-0.0935718	0.370488
-0.0718443	0.481365
-0.647623	-0.244164
-0.788851	0.255513
0.0367932	0.456128
-0.310847	0.338666
-0.289119	0.0110283
-0.332574	-0.218299
-0.452075	-0.248546
1.25353	0.445572
-0.104436	0.480529
-1.01699	-0.497695
0.0802482	0.1374
-0.66935	-0.230308
2.70927	-0.0686695
-0.104436	0.290833
-0.875761	-0.307566
-1.00613	-0.991771
0.112839	0.470437
0.57998	0.396684
-0.93008	0.29112
0.221477	0.34852
-0.32171	-0.236288
0.0259294	0.16501
-0.58244	-0.241706
-0.430348	0.345167
-0.973535	-0.8442
-0.00666181	0.210065
1.16662	0.384675
-0.332574	-0.385305
-0.289119	0.184711
-0.832306	-0.722134
0.916757	0.561463
-0.93008	0.0716042
2.40509	0.27022
-0.49553	0.126151
-0.278255	0.044058
-0.430348	0.0665853
-0.75626	-0.0996231
-0.332574	0.482977
-0.452075	-0.544011
-0.462939	-0.267973
-0.788851	0.0252589
-0.137027	0.0411632
-0.615032	-0.781138
-0.93008	-1.13577
-0.886625	0.459034
-0.984399	0.138825
-0.376029	-0.491512
0.264932	0.341732
4.66475	0.677005
-0.115299	0.292357
0.145431	0.510472
-0.658487	-0.139454
-0.919216	-0.977701
0.210613	0.570611
-0.549849	0.15567
-0.821443	0.53591
-0.864898	0.486046
-0.93008	-0.577356
0.0585207	0.23416
-0.0935718	-0.305015
0.373569	0.372033
-0.658487	-0.525236
-0.202209	0.385218
-0.75626	0.187384
-0.680214	0.309257
0.547389	0.0492028
-0.2348	-0.55743
-0.202209	0.173943
-0.897489	-0.0692306
-0.419484	-0.0506802
-0.365165	0.132559
-0.680214	0.457627
0.156294	-0.089804
-0.137027	0.336304
-0.875761	-0.770423
-0.289119	0.218214
-0.919216	-0.617159
-0.962671	-0.804706
-0.897489	-1.64746
-0.745396	0.338309
-0.419484	0.499285
0.536525	0.675442
0.417024	-0.180546
-0.397757	0.0206083
-0.0935718	0.0713459
-0.104436	-0.381813
-0.615032	-0.541414
3.06778	-0.25213
-0.115299	0.0771795
-0.506394	-0.429492
2.45941	0.562719
0.873302	0.00817786
-0.549849	0.510853
-0.908353	-0.603802
-0.462939	-0.153344
-0.213073	0.410194
-0.767124	-0.0226762
-0.84317	-1.04449
0.340978	0.196918
-0.734533	-0.476408
-0.93008	-0.442059
0.362706	-0.0834675
-0.560713	0.479825
1.41649	0.772301
-0.832306	0.492492
-0.039253	0.110239
1.16662	0.583129
-0.180482	-0.0737741
-0.213073	0.0454083
0.547389	-0.350187
1.22094	0.330806
-0.636759	0.205715
-0.995263	-0.725177
-0.538985	-0.101322
0.7538	0.284155
-0.365165	0.39642
0.623435	0.435608
-0.528122	-0.688106
-0.799715	0.413969
-0.354302	0.285498
-0.919216	-0.440022
0.992803	0.0770862
0.547389	0.556359
0.254068	0.106384
-0.419484	-0.36812
1.81845	0.141223
-0.832306	-0.94848
-0.256528	-0.323443
1.47081	0.690386
0.112839	0.16855
-0.452075	0.254642
0.960212	0.398171
-0.462939	0.401658
-0.75626	0.281404
-0.821443	-0.686247
-0.0283893	-0.372062
0.764664	0.261013
-0.32171	-1.02103
0.92762	0.40125
0.449616	0.269462
0.330114	0.0512321
-0.777988	-0.188977
-0.332574	0.414411
-0.745396	0.0256583
-0.039253	0.0202185
-0.973535	-0.515908
-0.788851	-0.16775
1.97054	0.0271709
0.178022	-0.873052
-0.75626	0.355041
-0.484667	0.219497
2.76359	0.448881
0.0259294	0.188634
-0.821443	-0.766626
-0.245664	-0.181938
0.884165	0.611921
0.0911119	0.165038
0.264932	0.458629
0.471343	0.668651
-0.604168	0.134885
-0.299983	0.0191612
-0.506394	-0.164774
-0.788851	-0.374882
-0.528122	-0.284174
-0.0718443	0.450016
0.797255	0.1054
-0.799715	0.441466
2.44854	0.0844713
-1.00613	-1.30351
0.569117	0.509055
1.23181	0.41669
-0.854034	-0.257951
0.525662	0.185385
-0.419484	0.338681
-0.386893	-0.628752
0.710345	0.711932
-0.75626	-0.107745
3.33937	0.574621
-0.951808	-0.458753
-0.691078	-0.369456
-0.58244	0.109258
0.525662	0.0639396
-0.615032	0.0507495
0.319251	0.506565
-0.940944	-0.601671
-0.680214	-0.0186405
-0.984399	-0.810303
1.9814	0.0437186
-0.0283893	0.0479548
0.00420194	0.500732
1.15576	0.77014
-0.810579	0.0686871
-0.864898	-0.161348
0.0585207	0.686173
-0.126163	0.100725
-0.115299	0.441794
-0.0283893	0.256727
-0.864898	-0.253269
-0.115299	0.318498
-0.49553	-0.0998147
-0.875761	-0.446156
-0.517258	-0.142701
-0.0609805	0.319716
1.84017	0.420089
-0.462939	0.437139
0.156294	0.375203
3.54578	0.881199
-0.691078	0.414489
-0.278255	-0.260027
-0.940944	-0.65064
-0.0175256	0.30998
0.601708	0.438986
-0.625895	0.0356567
0.66689	-0.173977
-0.354302	-0.245253
-0.984399	-0.911891
-0.821443	-0.626491
-0.593304	-0.130646
0.167158	-0.0294352
-0.962671	-0.400055
0.0476569	0.356159
-0.571577	0.12131
1.3839	0.568501
-0.712805	-0.301223
-0.082708	0.473733
0.427888	0.594928
-0.14789	-0.150299
-0.908353	-1.24813
-0.126163	0.362334
0.340978	0.402593
-0.951808	-0.644666
-0.0718443	-0.165818
0.645163	0.137742
1.21008	0.415608
1.59031	0.184807
0.0259294	-0.435628
0.286659	0.612684
-1.00613	-1.07175
0.221477	0.106781
-0.14789	-0.129394
-0.897489	-0.368982
-0.593304	0.361586
-0.712805	0.308098
-0.278255	0.731604
-0.00666181	0.229113
-0.213073	-0.553585
-0.93008	-0.760389
-0.441212	-0.419828
-0.701941	0.318196
1.82931	0.388949
0.340978	0.00210446
-0.223937	-0.804629
-0.767124	-0.383241
0.286659	0.481122
-0.951808	0.539505
-0.864898	-0.45026
-0.886625	0.37908
-0.951808	-0.116145
-0.832306	-0.689011
0.0585207	0.612127
-0.832306	0.198092
0.525662	0.0587201
-0.908353	-0.576238
2.68755	0.344677
-0.137027	0.0724843
-0.984399	-0.514991
-0.169618	-0.331952
-0.462939	-0.390424
-0.951808	-0.147333
-0.66935	0.285161
-0.452075	0.271368
1.78586	0.173642
0.92762	0.0394023
0.938484	0.633957
0.0585207	0.163332
-0.788851	0.384862
-0.940944	-0.827671
-0.082708	-0.176172
-0.973535	-0.668181
3.07864	0.524368
0.57998	0.294328
0.0802482	0.214424
-0.0718443	0.394262
-0.821443	-0.197749
-0.115299	0.40067
-0.886625	-0.566953
-0.723669	-0.312901
-0.0935718	0.0842756
0.612572	-0.0618661
-0.0175256	0.354887
-0.962671	-0.13744
-0.625895	-0.934546
-1.00613	0.36976
3.43715	0.737508
0.427888	0.003989
-0.691078	-0.0282888
-0.14789	-0.151227
-0.875761	-1.05405
0.0693844	0.231976
-0.919216	-0.656367
-0.93008	0.294251
-0.745396	0.0496161
-0.32171	0.0888808
-0.886625	0.415703
-0.604168	0.0303932
0.178022	0.322559
-0.506394	-0.673155
-0.886625	-0.553771
-0.386893	0.451073
-0.158754	0.491182
0.232341	-0.0662934
-0.897489	-0.469724
-0.908353	-0.570676
1.90536	0.347586
0.0367932	0.253209
0.199749	0.0146906
1.05799	0.462447
0.547389	0.603547
-0.386893	-0.0148546
2.17695	0.62083
0.829847	-0.323798
1.40563	0.157006
1.00367	-0.0547236
2.02486	0.597802
-0.886625	-0.810638
0.243204	0.453353
0.406161	-0.212461
1.59031	0.579568
-0.788851	0.460814
1.06885	0.507347
-0.376029	-0.284703
-0.343438	0.115321
-0.832306	-0.359261
0.340978	0.534524
1.15576	0.379479
2.17695	0.441912
-0.441212	0.322425
-0.658487	0.0720113
-0.723669	0.03045
0.601708	-0.00548863
0.547389	0.00505568
-0.908353	-0.20645
-0.75626	-1.25237
-0.886625	0.0549856
-0.528122	-0.31988
-0.386893	0.499534
-0.723669	-0.35451
-0.897489	0.288755
-0.712805	-0.95697
-0.365165	0.505982
-0.962671	0.188553
-0.332574	0.407732
-0.66935	-0.492766
-1.01699	-0.34701
-0.701941	0.240511
-0.886625	-0.874453
-0.745396	0.147255
1.91622	0.541114
0.775528	0.276857
1.2644	0.352616
0.112839	-0.133831
1.05799	0.31201
-0.354302	0.252085
-0.832306	-0.0607889
1.09058	0.189293
-1.00613	-0.742854
0.949348	0.133806
0.264932	0.379367
1.18835	0.430752
-0.680214	-0.0211604
-0.799715	-0.494628
-0.886625	0.246855
-0.984399	-0.511721
0.417024	-0.219165
-0.386893	0.280098
-1.00613	0.183916
-0.897489	-0.774461
-0.191345	-0.152994
-0.343438	0.412552
-0.560713	-0.491337
0.243204	0.279518
-0.84317	-0.477537
0.818983	0.3047
-0.919216	0.315649
-0.278255	0.200496
-0.245664	0.138539
-0.593304	0.225588
-0.995263	-0.210981
1.91622	0.750894
0.460479	0.236033
-0.995263	-0.837098
-0.169618	-0.241553
-0.49553	-1.09443
-0.462939	-0.0532071
0.0693844	0.0903748
-0.082708	-0.092935
-0.310847	0.343072
-0.104436	0.27863
-0.0609805	0.336177
-0.919216	-0.202586
1.7424	0.632418
-0.615032	-0.738757
0.460479	0.0964901
-0.864898	-0.362558
1.18835	-0.0853828
-0.365165	0.155087
-0.799715	-0.447192
-0.636759	-0.68343
-0.680214	0.133136
-0.875761	-0.0275541
0.243204	0.270812
-0.278255	0.353968
0.525662	0.238859
0.547389	0.298254
-0.951808	-0.645292
-0.940944	-0.247398
-0.625895	-0.0296213
0.786392	0.228832
-0.256528	0.119688
-0.223937	0.400274
-0.767124	-0.931612
-0.604168	0.429054
-0.615032	0.0910854
0.558253	0.153758
-0.560713	-0.227468
0.0367932	0.322597
-0.528122	0.260698
-0.32171	0.716242
0.895029	0.467009
-0.00666181	0.399728
0.384433	0.374889
0.0476569	-0.878717
-0.854034	0.374854
-0.180482	-0.668804
-0.767124	0.29341
-0.082708	0.202667
-0.734533	-0.225578
1.03626	0.400528
-0.723669	-0.797778
0.601708	0.452072
0.384433	0.242201
-0.962671	-0.600257
-0.832306	0.424112
-0.973535	-0.555323
-0.973535	-0.496125
-0.821443	-0.840212
-0.506394	-0.47743
1.44908	0.344688
-0.93008	-0.867184
-1.00613	0.350567
-0.777988	-1.17393
-0.386893	0.239722
-0.745396	0.274781
-0.745396	-0.413285
-0.180482	0.347333
-0.940944	-0.112638
0.84071	0.341724
-0.658487	-0.328495
-0.897489	-0.0768254
-0.810579	0.445026
-0.734533	0.0256525
0.7538	0.1492
-0.386893	0.570444
-0.799715	0.188557
-0.0501168	0.755285
-0.821443	0.251681
-0.484667	0.0873705
2.70927	0.735865
-0.93008	-0.622839
-0.441212	-0.0811605
0.612572	0.269372
0.971075	-0.403815
1.53599	0.492105
1.91622	0.298476
-0.40862	-0.242553
-0.658487	-0.0339492
0.525662	0.290315
-0.84317	-0.331632
-0.332574	0.546248
0.981939	0.733442
-0.256528	0.158051
0.145431	-0.439418
-0.875761	0.554263
-0.0609805	0.59166
1.6229	0.73594
0.351842	0.214182
-0.245664	0.174223
-0.973535	-0.413303
-0.462939	0.263455
-0.397757	0.314154
0.808119	0.0861919
-0.191345	0.238531
0.210613	0.423599
-0.680214	-0.67472
-0.647623	0.109255
-0.223937	0.484233
0.569117	0.166388
1.10144	-0.0511273
-0.897489	-0.67669
-0.299983	0.495675
-0.897489	-0.744657
-0.00666181	0.207814
-0.636759	-0.783747
0.775528	0.526497
-0.376029	0.441313
-0.734533	-0.198224
-0.40862	0.0312973
-0.571577	0.465058
-0.593304	-0.294103
1.10144	0.370222
0.0911119	-0.578188
0.286659	0.0938331
4.29538	0.6594
-0.310847	0.322199
0.764664	0.373116
0.275796	0.341153
0.688618	-0.0280291
0.232341	0.18467
0.243204	0.377281
-0.452075	-0.108747
0.156294	0.670211
-0.984399	-0.716762
1.29699	0.655749
1.31872	0.398153
-0.365165	-0.247979
0.0911119	0.173788
-0.604168	0.403396
0.188886	0.157009
-0.712805	-0.133262
-0.767124	-0.170122
-0.973535	-0.53146
-0.354302	-1.12873
-0.875761	-0.336834
2.68755	0.214965
0.00420194	0.39322
-0.712805	-0.541537
-0.962671	-0.459347
-0.93008	-0.596093
0.0802482	-0.390239
-0.940944	-0.272609
0.0911119	0.0524243
0.406161	0.379901
-0.897489	-0.785551
2.07918	0.608547
-0.299983	-0.3009
-0.940944	-0.966633
-0.75626	-0.286522
0.427888	-0.296477
-0.0501168	0.00882258
0.797255	0.277274
-0.625895	0.392344
-0.854034	-1.65339
1.34044	0.341102
2.30732	0.541276
-0.430348	0.184248
2.8505	0.543889
2.492	0.134053
-0.767124	0.37688
1.70981	0.412028
-0.419484	0.557297
-0.919216	0.121259
-0.919216	0.347024
0.134567	0.60778
0.123703	0.452002
0.569117	0.21541
-0.832306	0.380098
-0.84317	-1.10832
-0.701941	0.467674
-0.158754	0.184399
-0.32171	-0.400411
2.81791	0.242834
1.28612	0.33777
-0.864898	-0.440226
0.829847	0.32825
-0.984399	-0.783749
-0.202209	-0.845186
-0.908353	-0.329846
-0.604168	-0.143253
0.0802482	0.439302
-0.832306	-0.500182
-0.636759	-0.300642
2.01399	0.279052
-0.897489	-0.484704
-0.213073	-0.0739271
-0.354302	0.116553
0.808119	-0.348537
1.15576	0.233648
-0.886625	-0.599233
-0.84317	-0.845739
-0.821443	0.420391
0.558253	0.0677019
2.66582	0.394312
-0.897489	-0.922285
0.884165	0.287939
0.221477	0.235745
-0.897489	0.244447
-0.647623	-0.27298
-0.299983	-0.333836
-0.267392	0.307315
0.0259294	-0.0333383
-0.940944	-0.398194
0.145431	0.291312
3.51319	0.493062
-0.93008	-0.683992
2.04659	0.557734
-0.517258	0.156941
-0.75626	0.426109
0.471343	-0.087178
1.47081	0.498554
-0.897489	-1.00813
0.471343	-0.181825
-0.908353	-0.796084
-0.897489	-0.368982
-0.908353	-0.00817255
-0.951808	-1.62011
-0.310847	0.304187
0.460479	0.680474
0.112839	0.133921
-0.082708	0.319716
3.11123	0.514686
-0.886625	-0.886279
1.3839	0.564524
0.482207	0.456819
-0.365165	-0.0686901
-0.0609805	0.181497
-0.93008	-0.293438
1.28612	0.451384
-0.799715	-0.813377
-0.58244	0.166557
1.65549	0.312522
-0.126163	0.269168
-0.484667	-0.278713
-0.0501168	-0.877841
0.0259294	0.442301
0.0476569	0.0803307
-0.180482	-0.0302991
-0.93008	-1.72082
-0.93008	-0.565695
-0.202209	-0.0265057
-0.712805	-0.934322
0.0367932	0.315419
1.16662	0.335473
-0.137027	-0.342002
-0.886625	-0.430274
0.0585207	0.351717
-0.973535	-0.731005
0.384433	0.587925
0.145431	0.485454
0.210613	0.506967
-0.93008	-0.431908
0.00420194	0.576614
-0.256528	-0.387116
-0.788851	-0.363957
1.2644	0.242028
0.123703	-0.309175
-0.84317	-0.283163
1.44908	-0.339703
-0.940944	-0.827671
0.645163	0.416858
-0.082708	0.413264
1.47081	0.308142
-0.560713	-0.3981
-0.951808	-0.610066
-0.213073	-0.637298
-0.332574	0.229147
-0.864898	-0.235737
-0.767124	-1.17159
0.438752	0.59023
-0.245664	-0.12422
0.536525	0.694007
0.308387	-0.939171
-0.821443	-1.00817
-0.40862	0.414011
-0.919216	-1.25309
0.688618	0.207901
-0.354302	0.0999397
0.178022	0.294246
0.264932	0.330677
2.56805	0.430257
0.0693844	-0.1159
-0.571577	-0.00711035
-0.593304	-0.639584
-0.788851	-0.013332
0.221477	0.309216
0.547389	0.501522
-0.310847	0.117703
-0.213073	-0.205466
-0.0609805	0.617225
-0.104436	-0.0512774
-0.180482	-0.324585
-0.788851	-0.427527
-0.995263	0.425474
0.66689	-0.266243
-0.58244	-0.872461
-0.430348	-0.0837301
-0.560713	-0.0442136
-0.962671	-0.770519
-0.0501168	0.407678
0.873302	0.487759
-0.58244	0.308164
-0.995263	-1.08169
-0.332574	0.014202
-0.636759	-0.00257408
-0.636759	0.407463
0.482207	0.0564053
0.0259294	0.466888
-0.625895	0.265121
-0.984399	-0.382627
-0.32171	0.279531
-0.832306	-0.464065
1.27526	0.365883
0.797255	0.371526
-0.441212	0.515271
-0.723669	0.612574
-0.343438	-0.315917
-0.658487	-0.250285
-0.984399	-1.14184
-0.0501168	0.210425
0.254068	0.31281
0.178022	0.173981
-0.191345	0.264007
-0.40862	0.417118
-0.202209	0.294477
-0.712805	0.150327
-0.767124	0.498083
1.15576	0.196313
0.210613	0.428556
-0.951808	-0.60858
-0.854034	0.605372
-0.919216	-0.34598
0.656027	0.281028
-0.0501168	0.149831
-0.854034	0.0214804
-0.528122	-0.753644
-0.973535	-0.72489
1.53599	0.585786
-0.647623	-0.0505412
-0.137027	0.486922
0.558253	0.088857
1.31872	-0.269358
-0.788851	-0.0705283
-0.452075	0.135328
-0.864898	-0.770455
2.04659	0.492954
0.199749	-0.285016
-0.767124	0.254018
0.0367932	0.42598
1.44908	0.468796
-0.593304	-0.823343
0.427888	0.803375
-0.66935	0.480802
-0.832306	-1.00904
1.24267	0.543427
-0.441212	0.162867
-0.571577	0.315988
-0.84317	0.483075
-0.799715	-0.430731
-0.310847	0.171039
-0.191345	0.43298
-0.14789	0.442553
-0.973535	-0.0924436
0.569117	0.427069
0.308387	0.516636
0.0367932	0.464717
0.254068	0.177872
-0.701941	0.230856
-0.213073	-0.226805
-0.158754	-0.131891
-0.343438	-0.311532
-0.180482	0.69558
-0.66935	-0.334811
-0.191345	0.473312
-0.615032	-0.125424
0.482207	-0.25971
-0.0501168	-0.0122662
1.02539	0.353931
-0.549849	0.0780047
0.0259294	-0.0823239
1.04712	0.119721
0.84071	0.0723859
-0.571577	-0.177236
-0.462939	0.447111
4.52352	0.679742
1.99227	0.228717
-0.462939	0.0167689
-0.397757	-0.68423
-0.202209	0.518264
-0.615032	-0.781138
0.264932	0.612462
-1.00613	-1.2169
0.232341	0.45919
-0.419484	-0.267211
-0.0935718	0.473363
1.73154	0.518791
-0.897489	-0.780997
0.112839	-0.0548313
1.39476	0.341406
1.07971	-0.025613
-0.538985	0.024494
-0.636759	-0.352955
1.04712	-0.315685
0.601708	0.606433
0.395297	-0.295189
-0.191345	0.308545
0.0367932	0.163602
-0.886625	-1.37642
-0.995263	0.0207408
1.05799	0.45329
-0.137027	-0.114378
0.57998	0.241036
-0.58244	-0.316872
-0.984399	-0.224181
-0.636759	0.254984
0.156294	0.134236
-0.897489	-0.57255
0.232341	0.35562
-0.680214	0.289941
0.590844	0.0377056
-0.723669	-0.797778
-0.343438	0.569303
2.80705	0.0953237
-0.658487	-0.599569
0.384433	0.121774
-0.66935	-0.203803
0.188886	0.449431
1.48167	0.287881
1.68808	-0.0369983
0.384433	0.0203582
-0.441212	-0.54364
-0.962671	-0.172275
0.243204	0.25584
0.438752	0.157928
-0.897489	0.211646
-0.854034	-0.436683
0.340978	0.309205
0.66689	0.52205
0.0476569	0.444178
-0.473803	-0.037452
0.460479	0.507828
-0.647623	-0.642342
-0.951808	-0.386001
-0.506394	-1.56177
-0.66935	0.0672532
-0.32171	0.334943
0.460479	0.236091
-0.191345	-0.159714
1.60117	-0.136709
0.0476569	0.441387
-0.245664	0.182444
-0.506394	-0.331456
1.77499	0.293568
-0.58244	-0.262307
2.6115	0.305411
-0.473803	-0.0782538
0.406161	0.290296
-0.0935718	-0.417548
-0.0935718	0.175927
-0.973535	-0.79586
-0.84317	0.0615493
-0.93008	-0.527337
-0.821443	0.118292
-0.745396	-0.612804
0.210613	-0.147852
-0.213073	0.376229
-0.180482	0.208057
-0.191345	0.282828
-0.777988	-0.757908
-0.365165	-0.788858
-0.821443	-0.106966
-0.919216	-0.0489662
-0.951808	-0.206082
-0.962671	-0.801846
0.0802482	0.401878
-1.01699	-1.29175
1.10144	0.00996242
-0.223937	0.601081
0.167158	-0.506947
-0.00666181	0.160298
1.15576	0.567252
-0.506394	0.0367874
0.699482	0.494635
-0.908353	-0.922303
-0.810579	-0.861063
0.49307	0.35461
-0.919216	-0.477811
0.308387	0.238845
-0.419484	-0.613914
0.112839	0.315153
-0.169618	0.0263796
0.851574	0.340181
3.66528	0.538073
-0.66935	-0.406168
-0.777988	0.504543
0.0802482	0.139142
-0.462939	0.30774
-0.126163	0.658886
-0.126163	0.0257721
0.417024	0.651283
0.417024	0.567993
-0.658487	0.372921
-0.386893	0.438471
-0.310847	0.0196964
-0.082708	0.158654
-0.973535	-0.623633
0.145431	0.0529374
-0.810579	-0.25253
3.17642	0.861116
0.319251	-0.492117
0.645163	0.130379
-0.799715	0.103296
-0.75626	0.184029
2.91569	0.250787
-0.289119	-0.702306
0.0911119	-0.0290396
1.89449	0.27148
-0.0935718	0.260535
2.69841	0.17419
0.351842	0.369975
-0.897489	0.0162994
-0.75626	-1.21635
0.210613	0.0571585
1.34044	0.367479
0.0802482	0.285596
-0.0609805	0.304674
1.36217	0.358144
-0.571577	0.492205
0.732073	0.630736
-0.712805	0.531078
-0.723669	-0.765709
1.16662	-0.162369
1.6229	0.46491
-0.14789	-0.470672
-0.962671	-0.462155
-0.506394	-0.256269
-0.397757	-0.0448643
1.73154	0.623196
-0.951808	-1.61972
-0.962671	-0.868112
-0.49553	-0.203153
-0.484667	-0.135544
1.10144	-0.532346
-0.723669	-0.276305
0.0259294	-0.0929338
-0.93008	-0.267068
1.51426	-0.637779
-0.462939	-0.305599
-0.897489	-0.127757
0.156294	0.261121
-0.593304	-0.245973
0.460479	0.0824768
-0.647623	0.364321
-0.517258	0.405574
-0.951808	0.287581
1.47081	0.32506
1.36217	0.277396
0.167158	-0.0317854
-0.995263	0.160123
-0.723669	-0.797778
-0.310847	-0.33073
-0.940944	-0.400872
1.9814	0.239424
-0.995263	-0.311301
-0.940944	-0.169176
-0.832306	-1.46404
-0.962671	-0.681221
-0.58244	0.177073
-0.473803	0.378976
-0.951808	-0.683682
-0.593304	0.188853
-0.897489	-0.866176
-0.723669	-0.0606133
-0.158754	-0.127866
0.417024	0.250022
-0.549849	-0.107726
-0.452075	0.395382
-0.864898	-0.163269
-0.137027	-0.489542
0.0802482	0.59403
0.417024	-0.109432
-0.299983	0.421276
-0.84317	0.281008
0.949348	0.366588
-0.397757	0.200397
1.30785	0.508373
-0.517258	-0.0254911
-0.984399	-0.628323
-0.658487	0.267871
-0.680214	0.473879
0.634299	-0.63755
-0.810579	-1.18283
-0.517258	0.43035
-0.343438	-0.324372
-0.158754	0.415547
0.92762	0.513982
-0.32171	0.231688
0.0367932	0.0833429
-0.962671	0.142056
0.873302	0.388759
1.37303	-0.215412
-0.267392	0.502329
1.1449	0.213104
-0.832306	0.259095
0.406161	0.206205
-0.810579	0.185043
-0.897489	-0.772174
1.97054	0.193788
0.460479	0.419742
-0.0283893	-0.0191785
-0.962671	-1.03652
3.19814	0.117876
2.18781	0.451343
-0.506394	0.535562
-0.039253	-0.0361386
0.569117	0.337558
-0.919216	-0.456576
-0.104436	-0.076122
-0.658487	0.329847
-0.604168	0.277693
-0.441212	-0.143614
0.0911119	0.0164212
-0.615032	-0.686725
-0.777988	-0.18747
-0.256528	0.247999
-0.767124	-0.313132
1.54685	0.503054
-0.430348	-0.207375
-0.2348	-0.129318
-0.571577	0.311062
0.308387	-0.133025
-0.951808	-0.837924
-0.93008	-0.148334
0.395297	-0.260362
0.254068	0.297872
0.699482	0.0957416
-0.886625	-0.554244
-0.712805	-0.515905
1.1123	0.278306
-0.886625	0.00662061
-0.593304	0.393696
-0.951808	-0.613768
-0.40862	0.343066
0.297523	0.505412
2.53545	0.386001
0.395297	0.511386
-0.897489	-0.178928
-0.84317	-0.0333398
-0.66935	-0.36682
0.264932	0.472616
0.123703	-0.129689
1.31872	-0.0599088
0.0259294	-0.290404
-0.376029	-0.354869
-0.169618	0.07862
2.60064	0.692147
-0.40862	0.386554
-0.2348	0.0809322
-0.484667	0.416131
0.0150657	-0.13112
-0.158754	-0.376509
0.254068	0.324912
-0.365165	0.422297
-0.745396	0.344714
0.188886	-0.0407168
-0.854034	0.311284
2.52459	0.0503309
-0.864898	-0.935709
-0.191345	-0.551053
0.0585207	0.261836
-0.984399	0.121158
-0.810579	-0.529413
-0.625895	-0.462121
0.0693844	0.377761
-0.93008	-0.571933
-0.636759	-0.672332
-0.810579	0.5851
-0.745396	-0.176776
-0.745396	-0.508918
-0.647623	-0.0329025
-0.691078	-0.134827
-0.908353	-0.784803
-0.32171	0.108348
-0.528122	0.170304
0.916757	0.433833
-0.213073	0.400254
-0.691078	0.00693028
-0.560713	0.336826
-0.58244	0.209743
0.384433	0.614339
-0.919216	0.10718
-0.712805	0.32305
-0.039253	0.482969
-0.58244	-0.105931
-0.278255	0.294907
-0.2348	0.234082
-0.354302	0.330579
-0.66935	-1.54159
1.1449	0.315239
0.732073	0.350773
-0.137027	0.263377
1.05799	0.33535
-0.0175256	0.184208
1.84017	0.439304
-0.919216	-0.727369
-0.84317	0.108415
-0.93008	-0.842971
-0.289119	0.104013
-0.647623	-0.42393
-0.223937	0.0257201
-0.897489	-0.528855
-0.202209	0.308183
-0.49553	-0.218437
0.7538	0.377612
-0.58244	-0.0314169
-0.452075	0.127562
0.449616	0.327982
-0.615032	-0.563752
-0.202209	0.323722
0.0585207	0.445669
-0.940944	-0.663791
-0.430348	-0.573334
-0.93008	-0.35075
0.264932	0.104538
-0.636759	0.128549
-0.0609805	0.178024
-1.00613	-0.970673
0.536525	0.33225
-0.223937	0.160772
-0.93008	-0.0382061
0.449616	-0.264711
0.623435	0.277648
-0.538985	0.423546
-0.462939	-0.164056
-0.821443	-1.01498
-0.658487	0.339223
3.14382	0.44016
-0.799715	-0.353689
-0.854034	-0.0866978
1.59031	0.249807
-0.180482	0.0395963
-0.14789	-0.13737
-0.734533	0.0457532
-0.473803	-0.479067
0.558253	0.305345
-0.213073	0.150566
-0.984399	-0.521215
-0.354302	-0.682838
-0.245664	-0.0753977
-0.213073	-0.128299
-0.137027	-0.406571
0.0150657	0.271987
1.39476	0.0931395
-0.039253	-0.209088
-0.2348	-0.0168339
0.873302	0.224053
0.862438	0.676564
0.916757	-0.00171098
-0.430348	0.686077
-0.180482	0.383397
2.11177	-0.649674
-0.875761	-0.024178
0.178022	0.277178
-0.158754	0.0119311
1.87277	-0.180054
-0.788851	-0.201585
-0.223937	0.355782
0.0693844	-0.195266
0.471343	0.137942
0.417024	0.344014
1.63376	0.646241
-0.864898	-0.153597
0.297523	0.474034
-0.452075	0.128906
0.0259294	-0.0145114
0.482207	0.0739896
0.221477	0.280241
1.09058	0.140205
0.384433	0.74634
0.851574	-0.321949
0.482207	0.666206
0.156294	0.374303
-0.386893	-0.0845374
2.76359	0.136805
0.699482	0.382873
0.656027	-0.651344
-0.734533	0.636924
-0.636759	-0.685035
1.65549	0.260466
-0.386893	0.352655
0.525662	0.205944
-0.93008	-0.455917
-0.712805	-0.897327
-0.995263	-0.486162
-0.810579	-0.189958
-0.799715	0.197304
-0.940944	-0.237122
0.210613	-0.121482
-0.864898	0.255877
-0.039253	0.422645
0.275796	0.056378
0.362706	0.201662
-0.180482	0.308761
-0.777988	0.408972
-0.734533	-0.96707
-0.734533	-0.373207
-0.734533	-0.333333
0.417024	0.223736
0.417024	0.316614
-0.691078	0.405377
1.35131	0.603988
2.80705	0.205254
-0.93008	-0.983824
-0.821443	-0.531625
-0.647623	-0.232239
-0.58244	-0.316872
-0.245664	-0.191424
-0.223937	0.310976
0.49307	0.406158
-0.473803	0.752996
1.32958	0.330279
-0.810579	0.372759
-1.01699	-0.00974295
1.02539	0.55917
-0.973535	-0.324544
0.199749	0.0643056
0.460479	0.35321
1.2644	0.562839
-0.897489	-0.488096
-0.0718443	-0.217904
-0.376029	0.117654
0.134567	0.143561
-0.919216	0.306801
-0.799715	0.175951
-0.158754	0.322564
3.78479	0.781549
0.384433	0.121774
0.601708	0.239068
-0.854034	-0.318881
1.18835	0.430752
-0.821443	-0.197749
1.52513	0.208193
1.18835	-0.228534
0.351842	0.617622
-0.647623	-0.203599
-0.886625	0.160483
-0.821443	-0.169053
0.895029	0.358719
-0.788851	-0.378103
-0.278255	0.103018
0.406161	-0.453379
-0.832306	-0.990729
2.20954	0.569653
3.17642	0.505419
-0.973535	-0.710676
-0.14789	0.0849559
1.24267	0.00649198
0.503934	0.385139
-0.310847	-0.499864
-0.799715	-0.881859
-0.647623	-0.256054
-0.810579	-0.15782
-0.40862	-0.866351
-0.386893	-0.0380474
-0.397757	0.148232
-0.419484	0.247281
0.0693844	-0.76924
0.0693844	-0.140799
-0.299983	0.882239
0.514798	0.218985
0.471343	0.354661
0.112839	0.434837
0.449616	0.0237258
0.525662	0.410206
-0.84317	-0.111616
-0.66935	-0.414828
-1.00613	-1.01043
-0.886625	-0.188387
-0.158754	-0.0137425
1.82931	0.432187
-0.940944	-1.04265
0.905893	0.254968
-0.615032	0.334495
1.19921	0.01252
-0.777988	-0.893335
-0.115299	0.0458681
0.254068	0.303858
1.21008	0.689444
0.232341	0.213422
0.7538	0.284155
-0.00666181	0.0790666
0.547389	0.488877
-0.821443	-0.777219
0.264932	-0.54238
0.340978	0.0989964
-0.832306	-0.829796
0.710345	-0.00673057
-0.886625	0.0318424
-0.484667	0.416473
-0.376029	0.117654
-0.386893	0.428256
-0.745396	-0.296277
-0.734533	-0.225616
-0.0609805	-0.290055
-0.995263	-0.678949
-0.973535	-0.923333
-0.984399	-0.972519
4.24106	0.465909
-0.332574	0.0691708
0.547389	0.11112
-0.821443	-0.393578
-0.462939	0.169703
-0.940944	-0.108403
-0.473803	-0.0319427
0.145431	-0.335844
0.134567	0.641346
-0.473803	0.126632
1.1449	-0.142108
0.427888	-0.165811
-0.484667	0.629945
0.0476569	0.270343
-0.256528	0.079046
0.395297	0.111206
-0.940944	-0.795857
-0.538985	0.0896097
0.210613	0.000463331
1.22094	0.258494
-0.354302	0.196447
-1.00613	-0.613944
-1.00613	-0.369034
-0.962671	-1.01588
-0.452075	0.564854
0.319251	0.370746
0.243204	0.385057
0.243204	-0.427977
0.601708	0.421104
0.319251	0.736954
-0.039253	0.326071
0.373569	0.057541
0.471343	0.189773
-0.245664	0.187882
0.221477	-0.083185
-0.984399	-0.143387
0.297523	0.419779
1.88363	0.103988
-0.962671	0.493393
-0.310847	0.627967
-0.962671	0.223075
1.7424	0.532374
0.438752	0.370659
-0.039253	-0.546363
-0.299983	0.228611
-0.984399	-0.393224
-0.58244	0.365437
-0.973535	-0.245797
-0.712805	-0.549229
0.340978	0.506355
-0.995263	0.488609
0.232341	0.0650898
-0.14789	0.538552
-0.571577	-0.347789
-0.452075	-0.246355
-0.734533	0.0457532
-0.84317	-0.277245
0.862438	0.760516
0.710345	0.439863
-0.864898	-0.820447
0.634299	0.277559
0.688618	0.115432
-0.354302	0.133259
1.34044	0.146666
-0.93008	-0.0853868
-0.919216	-0.0543768
-0.365165	0.284672
-0.115299	0.342621
0.384433	0.74634
0.0476569	0.393809
-0.473803	-0.384539
0.66689	0.324494
-1.02785	-0.492581
0.829847	0.0978962
-0.158754	0.650393
-0.951808	-0.58813
0.0693844	-0.672389
-0.560713	0.101154
-0.658487	-0.33122
1.09058	0.488975
2.77446	0.348216
-0.75626	0.535027
0.0150657	0.593259
-0.951808	-0.153895
-0.962671	0.236701
1.16662	0.279914
-0.115299	-0.271597
-0.66935	-0.142981
-0.332574	-0.529606
-0.0175256	0.285813
1.34044	0.0882397
-0.169618	-0.0525853
0.569117	0.437878
-0.58244	-0.160901
-0.441212	0.386334
-0.528122	0.14276
1.21008	0.00741206
-0.810579	0.189233
1.22094	0.67144
-0.14789	-1.8884
-0.788851	0.337295
-0.788851	0.3532
1.73154	0.518791
-0.289119	0.279216
1.91622	-0.32438
-0.158754	0.264748
-0.593304	0.445032
-0.93008	0.0205287
1.8619	0.0861826
-0.940944	-0.376397
-0.962671	-1.01818
-1.01699	-0.657465
0.0476569	0.295577
0.525662	0.772218
-0.245664	-0.0440068
-0.267392	-0.096405
-0.104436	0.138144
-0.919216	-1.26287
-0.691078	-0.3685
-0.951808	-0.770231
3.6001	0.445474
0.0911119	-0.467253
-0.223937	-0.454745
0.558253	0.0833608
-0.962671	0.13081
1.00367	0.49239
-0.278255	0.652713
-0.875761	-1.24309
-0.832306	-0.0681984
0.210613	0.282537
-0.082708	-0.0325849
-1.00613	-0.472837
-0.962671	-1.44717
-0.951808	0.00274263
-0.0935718	0.310304
1.67722	0.476316
-0.517258	-0.280245
-0.919216	0.315606
0.884165	0.149076
-0.84317	-0.256108
-0.995263	-0.0265687
-0.799715	-0.543598
-0.723669	-0.362418
-0.821443	-0.753523
-0.256528	0.320899
-0.767124	-0.467691
-0.919216	-0.288255
-0.745396	0.128245
0.330114	-0.182573
0.340978	0.226532
-0.864898	-0.894759
-0.082708	0.232963
1.16662	0.417963
-0.0718443	0.101758
1.25353	0.210335
4.43661	0.292156
-0.919216	-0.318394
-0.66935	-0.697198
1.63376	0.181364
-0.973535	-0.57061
-0.658487	-0.348658
1.55772	0.629739
-1.01699	-1.22288
1.67722	-0.696707
0.427888	0.248514
0.0150657	0.418249
-0.310847	-0.984381
0.57998	0.0895392
0.319251	-0.137218
1.37303	-0.287619
0.558253	0.679005
0.395297	0.16286
-0.278255	0.320006
0.525662	-0.511937
0.873302	0.663653
-0.00666181	-0.729313
2.18781	0.456815
-0.517258	0.186325
1.04712	0.506961
0.66689	0.239343
-0.430348	-0.963039
-0.32171	0.542745
0.0259294	0.0621341
-0.821443	-0.295723
1.13403	0.677618
-0.245664	-0.417656
0.340978	-0.300484
0.199749	0.52687
-0.658487	-0.430357
-0.875761	-0.127121
-0.604168	0.228769
0.0476569	0.270138
-0.712805	0.312267
0.547389	-0.0759921
0.373569	-0.030395
0.482207	-0.321397
1.19921	0.0555803
0.330114	0.252413
-0.810579	-0.367244
-0.636759	0.0321956
-0.636759	-0.739834
0.590844	0.214278
0.818983	0.505458
-0.267392	0.153612
0.460479	0.236033
0.438752	0.00816698
0.167158	0.324549
0.178022	0.0326748
1.9814	0.0108097
-0.864898	-0.447892
-0.680214	-0.878437
-0.386893	0.438471
1.32958	0.10242
-0.354302	0.309624
-0.104436	-0.357996
-0.799715	0.35613
-0.691078	0.0291152
0.286659	0.639512
0.884165	0.591708
-0.484667	0.190588
0.536525	-0.00337497
-0.908353	0.119829
-0.734533	-0.0635162
-0.560713	0.142732
-0.441212	0.199714
0.275796	-0.435113
0.145431	-0.25688
-0.908353	-0.873162
2.07918	0.248934
-0.658487	0.200888
-0.191345	0.279598
-0.039253	0.221542
-0.386893	0.489666
-0.538985	0.37593
-0.40862	0.416451
-0.180482	0.569042
0.460479	0.554972
0.721209	0.544146
-0.137027	-0.402312
0.536525	0.231894
-0.66935	-0.562645
-0.604168	0.301355
-0.202209	-0.126202
-0.245664	0.407927
0.00420194	-0.343416
-0.452075	0.242099
-0.995263	-0.904577
-0.354302	0.0615271
0.84071	-0.245356
0.199749	-0.0134445
-0.571577	-0.247742
1.81845	0.21768
1.00367	0.562402
-0.484667	-0.130902
0.351842	-0.0959778
-0.788851	-0.464603
1.3839	0.564524
-0.810579	-0.716766
-0.528122	0.065532
-0.940944	-0.56625
1.39476	0.503672
0.786392	0.740165
-0.712805	-0.788625
-0.75626	-0.250529
-0.104436	0.181761
-0.919216	-0.010002
-0.180482	0.305616
-0.354302	-0.0253098
0.406161	0.372824
-0.571577	0.471074
0.797255	0.169425
1.52513	-0.396314
-0.137027	0.379161
-0.691078	-0.439491
-0.213073	-0.748693
0.330114	0.290361
-0.636759	-0.88975
1.00367	0.167379
1.55772	0.51092
0.0259294	0.180882
-0.951808	-0.268051
-0.636759	0.0477708
-0.0283893	-0.598149
-0.897489	-0.159126
-0.897489	-0.0730518
-0.810579	-0.575818
-0.93008	-0.268476
3.25246	0.544831
0.438752	0.472838
1.06885	0.844991
2.11177	0.575432
-0.84317	-0.326245
-0.310847	-0.206031
-1.03872	-0.80976
2.20954	0.321986
-0.191345	-0.786638
-0.202209	0.397525
-0.854034	-0.215331
0.134567	0.204365
-0.2348	-0.328935
-0.75626	-0.486919
0.721209	-0.627516
-0.93008	-0.0382061
-0.202209	0.018076
0.547389	0.54675
1.64463	0.793631
-0.767124	0.361335
-1.01699	-0.799353
0.449616	0.645208
0.786392	0.572107
-0.332574	-1.23786
-0.864898	-1.04375
-0.93008	-1.48917
-1.00613	-0.293332
-0.0175256	0.270253
-0.854034	0.312086
-0.940944	-0.313397
0.210613	0.403266
1.73154	0.269209
0.721209	0.0711862
-0.528122	0.32786
0.286659	0.637579
-0.723669	0.554851
-0.571577	0.0391604
3.9912	0.566799
-0.799715	-0.488365
0.0693844	0.25236
-0.082708	0.435904
-1.02785	0.0940232
0.275796	0.542204
4.28452	0.720748
-0.0609805	0.253598
0.764664	0.258769
-0.951808	0.129708
-0.886625	-0.441588
1.07971	0.116714
0.330114	0.118619
3.15469	0.408017
-0.951808	-0.386001
0.0802482	0.153962
-0.767124	-0.139171
1.51426	0.449372
0.373569	0.205654
0.0367932	0.397372
0.297523	0.302117
-0.832306	-0.441116
1.93795	0.173682
0.188886	-0.0407168
0.482207	0.418759
-0.951808	0.129708
-0.462939	-0.581597
0.210613	0.497179
0.862438	0.754614
-0.0935718	0.0781334
1.66636	0.631382
-0.517258	-0.0239665
-0.886625	0.355058
0.384433	0.0995159
-0.93008	-0.356676
2.53545	0.418943
0.406161	0.498124
-0.854034	-0.387697
0.112839	-0.603436
0.558253	0.352153
1.1123	0.496873
0.167158	0.084014
-0.625895	0.481148
0.0585207	0.00899973
4.81684	0.159594
0.0367932	0.101607
-0.560713	-0.504701
0.0693844	0.250085
0.84071	0.116643
-0.267392	-0.177936
-0.180482	-0.771617
-0.886625	-1.33501
0.362706	0.554344
0.7538	0.373928
-0.528122	0.252866
-0.082708	0.0630853
-0.75626	0.41425
-0.919216	-0.804834
-0.908353	-0.249332
-0.625895	0.516898
-0.75626	0.163411
-0.202209	0.109473
0.895029	0.508224
0.558253	0.366204
-0.158754	0.450601
-0.310847	0.287998
-0.962671	-0.692241
2.38336	0.165651
2.31818	0.262585
-0.604168	-0.414881
-0.658487	-0.689123
1.2644	0.505717
-0.940944	-0.766456
0.0476569	0.0502109
-0.310847	0.28776
-0.2348	-0.916377
-0.593304	0.28573
-0.691078	-1.20122
0.351842	-0.257626
-0.723669	-0.881103
-0.560713	0.384634
-0.886625	0.166711
2.77446	0.417277
0.0802482	0.0601225
-0.158754	0.539423
-0.951808	-0.880049
-0.875761	-0.626797
-0.137027	0.0191467
-0.973535	-1.28499
-0.745396	-0.356587
-0.75626	-0.113129
2.44854	0.632537
-0.777988	0.0595068
-0.767124	-0.669232
3.04605	0.441429
-0.940944	-0.606922
-0.191345	0.568729
-0.365165	-0.392441
-0.2348	0.794606
0.482207	0.0585656
0.112839	0.269873
0.851574	0.293967
-0.908353	-0.554223
-0.571577	-0.269598
-0.267392	0.292686
0.786392	0.622239
1.29699	0.55391
-0.962671	-0.123294
-0.897489	-0.476755
-0.0175256	0.434092
-0.32171	0.296052
-0.995263	-0.304965
-0.962671	-1.43683
0.0693844	0.717774
2.19868	0.611659
0.101976	0.456013
1.76413	0.412289
0.199749	0.0354879
-0.245664	0.535509
-0.528122	0.289724
-0.593304	0.243822
-0.919216	-1.11047
-0.777988	-0.262287
-0.908353	0.297828
-0.473803	-0.52462
-0.213073	0.234843
-0.082708	0.551677
0.330114	0.0195508
0.992803	-0.24242
-0.75626	0.0847443
0.0259294	0.306519
-0.473803	0.00961078
1.09058	0.278784
0.981939	0.172366
1.7424	0.215321
0.710345	0.240394
-0.32171	0.377045
-0.788851	-0.535101
0.797255	-0.0235979
-0.397757	0.287356
1.37303	0.225005
4.25193	0.544113
-0.973535	-0.778685
-0.940944	-0.492777
0.558253	0.174905
-0.593304	-0.410468
0.49307	0.39929
1.39476	0.060967
1.75326	0.568242
-0.2348	0.247517
-0.940944	-0.317723
-0.354302	0.140942
-0.299983	0.459116
-0.49553	-0.576141
-0.278255	-0.466528
-0.636759	-0.72173
-0.14789	0.0696423
0.101976	0.767125
2.63323	0.490265
-0.528122	-0.170892
1.16662	0.591742
-0.723669	-0.951227
-0.940944	-0.118625
2.39423	0.407023
-0.473803	0.3985
-0.658487	-0.37564
-0.734533	-0.418423
-0.278255	0.731604
-0.452075	0.48951
-0.84317	0.637655
-0.854034	-0.166522
2.31818	0.477501
-0.256528	0.350304
0.884165	0.0134045
-0.158754	-0.0727599
-0.223937	0.448119
0.0911119	0.20424
-0.278255	-0.315893
1.45994	0.473955
0.340978	0.495397
-0.169618	0.0243637
-0.75626	-0.161686
2.60064	0.250875
0.156294	0.384965
1.81845	0.350417
-0.202209	0.232086
2.33991	0.550482
-0.680214	0.547863
1.5034	0.112117
0.949348	0.614987
-0.788851	0.102027
2.75273	0.201865
0.873302	0.26863
-0.0718443	-0.0762107
0.601708	0.250868
-0.658487	-0.667914
-0.376029	-0.138354
3.81738	0.580696
-0.517258	0.273816
-0.832306	-0.650997
-0.115299	0.727787
1.41649	0.140205
-0.430348	0.372283
0.92762	0.465354
-0.462939	0.142899
-0.66935	0.158511
-0.940944	-0.665987
0.634299	0.726374
1.61204	-0.149074
-0.908353	-0.22414
-0.615032	-0.167958
0.775528	0.0306473
1.90536	0.182452
-0.734533	-0.467157
-0.962671	-0.575046
-0.506394	0.492752
0.601708	-0.0548636
0.134567	-0.0422397
-0.625895	-1.01255
-0.886625	-1.90839
-0.832306	0.21005
-0.799715	-0.0153953
0.275796	0.26158
-0.115299	0.428035
-0.278255	-0.482969
0.275796	0.466526
1.00367	0.534444
-0.332574	-0.0631832
0.134567	0.280933
-0.875761	-0.0993237
1.31872	0.303922
-0.832306	-0.777661
0.862438	0.676564
-0.962671	-0.63365
-0.66935	-0.318317
-0.386893	0.0387583
-0.310847	0.262319
0.938484	0.496226
-0.658487	-0.0972313
-0.625895	0.182985
1.29699	0.841557
1.07971	-0.051583
0.134567	0.327438
-0.93008	-0.236954
-1.02785	0.248049
1.44908	0.505647
0.199749	0.193625
0.406161	0.416988
-0.2348	-0.504553
0.92762	0.363317
0.536525	0.335431
-0.299983	0.77174
0.101976	0.309749
1.81845	0.476351
-0.875761	0.053295
-0.49553	-0.413775
-0.430348	-0.106559
0.938484	0.389889
-0.397757	0.295405
-0.571577	-0.106768
3.35024	0.443038
-0.897489	-0.609568
-0.962671	-0.432025
0.167158	0.155091
1.09058	0.412774
-0.897489	0.422317
-0.777988	-0.980077
-0.2348	0.509442
0.503934	0.677943
0.101976	0.768824
0.645163	0.378673
-0.441212	-0.930496
-0.712805	0.519279
1.53599	0.456158
0.938484	0.543624
0.254068	-0.150947
-0.897489	-0.770737
1.19921	0.548117
-0.788851	-0.266233
-0.419484	0.216652
-0.995263	0.520203
-0.386893	-0.66119
1.61204	0.581102
-0.104436	0.641699
0.319251	-0.27246
1.09058	0.420072
-0.908353	-0.348937
0.0585207	0.0992784
-0.875761	-0.592472
2.50286	0.436748
-0.908353	-1.58045
1.36217	0.306029
0.395297	0.58011
1.00367	-0.0953955
-0.452075	-0.158983
-0.701941	-0.754364
-0.821443	0.214097
-0.0935718	0.328686
0.123703	-0.331748
-0.615032	-0.0694929
-0.180482	0.650436
-0.636759	-0.355731
0.471343	-0.150392
-0.84317	0.21207
-0.973535	-0.530155
-0.712805	-0.531502
1.63376	0.408762
-0.788851	-0.86809
1.15576	0.273605
3.04605	0.363021
-0.00666181	0.466613
0.395297	-0.0734034
-0.984399	-1.04476
-0.191345	0.688988
0.699482	-0.0714012
-0.701941	0.104237
-0.115299	0.266614
-0.462939	0.144012
0.134567	-0.0986942
-0.0718443	0.415331
-0.723669	-0.10169
-0.84317	0.0311359
-0.647623	-0.196205
-0.854034	-0.240154
-0.962671	-0.460803
-0.517258	-0.217309
0.417024	0.290313
-0.908353	-0.580441
0.992803	0.337055
-0.2348	-0.572578
-0.604168	-0.683621
1.07971	0.407906
-0.137027	0.175261
-0.441212	0.333706
1.2644	0.869157
1.04712	0.187046
-0.995263	-1.15319
-0.875761	-0.573939
0.677754	0.558352
-0.636759	-0.594038
1.6229	0.46491
-0.658487	0.0322553
-0.604168	-0.104761
0.656027	0.178488
-0.365165	-0.0995992
-0.560713	-0.052957
-0.723669	0.242152
0.384433	0.251908
-0.75626	-0.030735
-0.365165	-0.0296832
-0.647623	0.194259
-0.951808	-1.19489
0.482207	0.618713
1.91622	0.628782
-0.40862	0.682435
-0.528122	-0.185416
-0.58244	0.407058
0.460479	-0.861717
-0.158754	0.0531915
-0.593304	-0.19281
0.536525	0.400383
1.35131	0.24182
-0.58244	0.130382
-0.886625	-0.681071
-0.169618	0.198479
2.12263	0.810664
-0.452075	0.494115
-0.799715	-0.670002
-0.104436	0.33093
-0.973535	-0.838681
-0.115299	0.215244
0.742937	0.36951
-0.299983	0.25238
0.49307	0.5795
-0.886625	-0.301808
3.29592	0.739595
-0.137027	0.419738
-0.940944	-0.221956
0.732073	0.391436
-0.875761	-0.538178
-0.875761	-0.507352
3.49146	0.509222
-0.897489	-0.527553
0.00420194	0.216501
0.569117	0.651417
-0.962671	0.0129694
-1.03872	-1.34287
-0.680214	-0.0565822
-0.180482	0.347333
2.83964	0.126241
-0.604168	-0.874676
-0.180482	0.735322
-0.799715	-0.203867
-0.723669	-0.812193
-0.973535	0.00146998
-0.908353	0.0902798
0.319251	0.137259
0.308387	0.16241
3.26333	0.732092
-0.538985	-0.308734
-0.58244	-0.30443
0.134567	0.193013
-0.767124	-0.290671
1.95968	0.643515
-0.615032	-0.623417
-0.202209	0.264125
0.49307	0.148927
-0.919216	-0.61499
0.00420194	0.00399036
0.699482	0.357708
-0.49553	0.299955
-0.213073	0.0446768
0.569117	-0.0815793
0.92762	-0.332947
3.67615	0.414727
-0.919216	-0.471032
-0.66935	-1.01844
-0.810579	-0.525826
1.32958	0.392436
0.818983	0.440239
-0.397757	0.315061
0.340978	0.285034
0.645163	-0.0206996
1.39476	0.800551
-0.202209	0.22977
0.764664	0.256978
-0.115299	0.489142
-0.517258	0.400116
0.308387	-0.192536
-0.58244	0.335113
0.145431	-0.212328
3.14382	0.108863
2.04659	0.521498
-0.0609805	0.324769
-0.799715	0.124736
0.112839	0.339264
-0.571577	0.506612
-0.245664	0.239433
-0.919216	-0.982039
0.971075	-0.00546211
0.427888	0.254316
-0.875761	-0.528848
-0.517258	-0.433466
-0.75626	0.21786
-0.658487	0.352837
0.971075	0.263673
-0.908353	-0.118801
1.12317	0.504054
-0.158754	-0.116704
1.48167	0.575419
1.41649	0.274343
-0.788851	-0.267899
0.884165	0.135541
-0.636759	0.0392006
-0.549849	-0.444886
2.20954	0.36602
-0.821443	-0.0134809
-0.854034	-0.856499
1.02539	0.555815
-0.245664	-0.309667
3.41542	0.474377
0.308387	0.498168
-0.962671	0.397485
-0.0175256	-0.0391364
0.514798	0.506366
-0.908353	-0.415976
-0.973535	0.347898
-1.00613	-0.842141
2.64409	0.22841
1.84017	0.252189
-0.571577	0.372553
-0.777988	0.284304
0.167158	0.240022
-0.897489	0.0839082
-0.462939	-0.153344
-0.777988	-0.135549
3.79565	0.4186
1.27526	0.30076
0.373569	-0.287485
-0.593304	-0.110766
-0.615032	-0.514213
-0.886625	-1.33501
-0.995263	-0.406245
-0.832306	-0.305362
0.656027	0.153331
0.482207	0.145642
-1.00613	-0.561277
-0.223937	-0.233224
-0.115299	-1.96786
1.69895	-0.0761441
1.39476	0.060967
-0.506394	0.0245013
-0.137027	0.692115
-0.636759	-0.116663
0.645163	0.278788
-0.397757	-0.466404
0.721209	-0.627516
0.210613	0.544658
-0.962671	-0.813722
-0.93008	-0.631539
-0.593304	0.0449727
0.362706	0.172866
-0.984399	-0.577588
0.449616	-0.235141
-0.821443	0.438252
0.319251	0.445589
0.00420194	-0.633189
-0.256528	0.0229107
0.851574	-0.321949
-0.49553	0.0830575
2.01399	0.638928
0.960212	0.0780509
-0.701941	-0.0811513
0.742937	0.0571241
0.514798	0.499446
0.395297	0.216417
-0.897489	-0.979522
-0.354302	-0.414107
-0.886625	-1.09063
-0.40862	0.258073
-0.49553	0.408331
0.112839	0.482473
-0.886625	0.426677
-0.365165	0.00332482
-0.538985	-0.338105
-0.2348	0.169165
-0.93008	-0.716394
-0.93008	-0.140285
1.25353	0.464983
-0.854034	-0.582173
-0.625895	-0.172295
-0.745396	-0.445235
0.221477	0.396135
-0.897489	-0.598727
-0.810579	-0.165137
-0.821443	-0.337344
-0.332574	-0.28917
-0.40862	0.183033
-0.799715	0.389752
-0.84317	-0.180001
-0.854034	0.301739
-0.712805	-0.0466706
-0.680214	-0.644873
-0.712805	-0.49191
1.3839	-0.839991
-0.940944	-0.806087
-0.473803	0.431075
-0.538985	0.238696
-0.908353	-1.24572
-0.897489	-0.609353
1.6229	0.308394
0.00420194	0.25873
0.286659	0.73102
-1.02785	-0.357576
1.66636	0.338419
0.384433	-0.112708
-0.864898	-0.0825074
0.721209	0.533079
-0.75626	-0.445921
-0.386893	0.282468
-0.299983	0.736879
0.221477	0.543179
0.514798	-0.296079
1.06885	0.526743
-0.560713	0.354542
0.775528	0.529971
-0.245664	0.221449
-0.365165	0.11724
-0.799715	-0.392835
-0.886625	-0.761232
-0.0935718	0.00387229
-0.84317	-0.62905
-0.897489	0.0489679
0.167158	0.135152
-0.680214	0.356123
1.21008	0.236889
-0.32171	-0.0269306
-0.473803	0.181091
2.55718	0.78448
1.21008	-0.139089
-0.647623	-0.223096
-0.854034	-0.208712
-0.821443	-0.4902
-0.267392	0.170319
0.503934	0.331305
-0.213073	0.205978
4.39316	0.389666
0.199749	0.309822
-0.908353	-0.340443
-0.777988	-1.11253
0.0585207	-0.512127
0.00420194	0.129405
0.178022	0.211948
-0.84317	0.350168
-0.821443	-0.301307
0.601708	0.481818
-0.158754	-0.64194
0.49307	0.190756
2.83964	0.457028
-0.202209	-0.417683
-0.951808	0.490167
0.57998	0.372021
0.0150657	-0.209923
0.460479	-0.264661
-0.452075	0.499447
-0.908353	0.120624
-0.0609805	-1.24017
-0.691078	-0.446557
-0.810579	0.0686871
-0.734533	-0.860762
-0.082708	0.236763
-0.864898	0.0551034
0.0911119	0.341488
-0.115299	0.153883
1.30785	0.374699
-0.452075	-0.606617
-1.02785	-0.59233
-0.0609805	0.383334
0.0476569	0.690223
-0.984399	-1.12186
0.275796	0.430563
-0.821443	-0.345532
-0.821443	-0.469573
1.16662	0.435494
-0.680214	-0.833979
-0.571577	-0.284185
1.04712	0.261418
-0.419484	-0.267211
0.49307	0.262324
2.54632	0.339766
-0.0718443	0.405715
-0.289119	0.31733
-0.452075	0.357778
3.46974	0.632821
0.536525	0.638375
1.94881	0.230222
-0.854034	-0.619978
-0.93008	0.0576221
-0.571577	-0.722443
0.482207	0.0564053
-0.777988	-0.400275
-0.712805	0.331558
0.851574	0.392045
-0.712805	-1.14046
-0.625895	-0.660979
0.351842	-0.213988
-0.745396	-0.237993
-0.864898	0.257358
-0.462939	0.562306
0.167158	0.0303063
-0.799715	-0.645673
-0.278255	0.493287
-0.256528	0.320899
-0.940944	-0.652151
2.56805	0.65606
0.677754	-0.170912
1.66636	0.272111
-0.701941	0.286586
-0.940944	-0.543144
-0.962671	0.428955
0.981939	0.364703
1.53599	0.450288
0.0259294	0.439699
-0.919216	-0.91523
0.471343	0.397021
-0.962671	-1.03873
-0.49553	0.368588
-0.897489	-0.318816
-0.615032	-0.469519
0.167158	0.422874
-0.940944	-0.444441
-0.712805	0.0877501
-0.940944	-0.750264
1.34044	0.658944
0.275796	0.36495
-0.962671	0.496564
1.93795	0.658251
-0.636759	-0.369181
0.525662	0.648845
-0.821443	0.351071
-0.864898	-0.342542
0.623435	0.364067
3.08951	0.506677
-0.549849	-0.454142
1.52513	0.568793
0.308387	-0.442502
-0.875761	-0.493439
-0.767124	0.0118271
0.938484	0.69233
0.178022	-0.0533376
-0.93008	-0.0468372
-0.93008	-0.0948078
-0.213073	0.0848797
0.188886	-0.883361
0.00420194	-0.0667487
0.178022	0.542315
0.971075	0.349529
-0.897489	-1.08512
-0.278255	0.433837
-0.299983	0.329982
-0.875761	0.042991
3.33937	0.574621
0.0259294	0.375105
-0.636759	-0.8421
1.05799	0.227323
-0.680214	0.145697
-0.93008	-0.803469
-0.0609805	0.0103937
0.0585207	-0.512127
0.547389	-0.11491
-1.01699	-0.0470693
-0.680214	-0.710377
1.06885	0.844991
-0.202209	0.201399
0.319251	0.445589
0.884165	0.460373
-0.560713	0.404955
-0.430348	-0.453393
1.06885	0.178023
0.167158	0.365369
-0.821443	0.404511
-0.58244	0.770433
-0.625895	0.104286
-1.00613	-1.10693
-0.2348	0.17615
-0.788851	-0.0227238
-0.777988	0.642137
-0.538985	0.0177749
-0.158754	0.471101
-0.66935	0.81117
-0.289119	0.343695
4.49093	0.737447
0.275796	-0.663591
-0.734533	-0.199213
-0.397757	0.148232
0.677754	0.0742698
0.449616	-0.235141
-0.223937	0.280621
-0.75626	-0.113129
0.319251	-0.011733
-0.0501168	0.696751
-0.854034	-1.06559
0.601708	0.427638
1.24267	-0.0426207
-0.886625	-0.20436
0.406161	-0.308048
-0.560713	0.429316
-0.93008	-1.17016
-0.940944	-0.512467
0.0367932	0.14194
-0.202209	0.601573
0.732073	0.229395
0.775528	0.0735983
-0.462939	-0.547592
-0.332574	0.240555
-0.430348	-0.160248
2.253	0.193296
0.0367932	0.159544
-0.93008	-0.605714
-0.289119	-0.144186
-0.854034	-0.403893
-0.354302	0.0407973
-0.354302	0.32365
-0.854034	-0.463699
0.123703	0.340869
-0.940944	-0.221956
1.10144	-0.102836
-0.647623	-0.444462
-0.962671	0.142164
-0.647623	-0.968359
-0.897489	-0.695674
-0.886625	-0.47935
-0.299983	0.434087
-0.365165	-0.076243
-0.788851	0.298779
-0.908353	-0.933843
-0.549849	0.510853
1.32958	0.327065
-1.03872	-1.1267
-0.082708	-1.28699
-0.810579	-0.639582
0.503934	-0.0779741
-0.854034	-1.213
1.91622	-0.29369
-0.452075	0.408572
1.29699	0.259679
0.427888	0.298939
-0.984399	-1.22716
0.286659	0.266734
-0.734533	0.359032
0.0367932	-0.108072
1.00367	0.402279
-0.951808	-0.0324141
-0.940944	-0.332057
1.42735	0.201458
0.188886	-0.170638
-0.00666181	0.300371
0.112839	-0.112411
-0.767124	0.560445
-0.49553	-0.300389
-0.93008	-0.468388
-0.419484	-0.286871
1.6229	0.40356
-0.0175256	0.434144
-0.430348	0.196788
0.0585207	-0.0703442
1.1123	-0.0321281
1.60117	-0.0656467
-0.169618	0.00632596
-0.332574	0.248101
-0.517258	-0.454658
0.319251	0.103069
0.471343	0.188418
-0.32171	0.251069
-0.919216	0.150678
3.95861	0.730101
-0.973535	-0.52179
-0.723669	-0.314755
0.232341	-0.0752018
-0.0718443	-0.0104788
-0.158754	-0.240167
-0.951808	-1.24636
0.340978	0.163557
-0.40862	0.183033
2.80705	0.52206
1.7424	0.476461
0.0367932	-0.0512013
1.3839	0.647998
0.710345	0.583412
-0.267392	-0.107874
-0.875761	0.042991
-0.0283893	0.320556
-0.169618	0.347384
-0.821443	0.438252
0.569117	0.75665
-0.875761	-0.379694
0.232341	0.759762
0.764664	0.648302
-0.636759	0.493605
1.91622	0.224802
-0.484667	0.0610386
0.210613	-0.441155
-0.821443	-1.00024
1.00367	0.229111
1.2644	0.426554
-0.462939	-0.106956
1.31872	0.569447
0.395297	0.33498
0.503934	0.0952177
-0.701941	0.0703896
1.66636	0.383798
-0.908353	-0.408346
1.93795	0.459256
-0.462939	0.501286
-0.788851	-0.267243
-0.419484	0.410494
0.395297	0.468478
1.91622	0.628782
-0.191345	0.364535
0.775528	0.47827
1.68808	0.359746
-0.00666181	-0.373159
1.25353	0.389588
-0.940944	-1.20043
0.0802482	-0.183116
-0.082708	-0.976344
-0.0935718	-0.6971
0.351842	0.410682
-0.951808	-0.154125
3.10037	-0.675302
-0.951808	0.327163
2.53545	0.637693
1.43822	0.0890638
0.0585207	0.747664
0.0911119	0.136984
-0.897489	-0.265824
0.710345	0.428615
-0.169618	0.424615
-0.365165	0.524775
-0.2348	-0.504856
-1.01699	-0.799353
-0.951808	0.0791658
2.27472	0.277991
-0.538985	0.107547
1.27526	0.262544
-0.267392	0.37849
0.156294	0.472691
-0.58244	-0.355273
1.05799	0.412428
-0.951808	0.338052
2.00313	0.667935
-0.180482	0.366391
0.0911119	0.423166
-0.84317	0.556976
1.64463	0.403837
-0.821443	-0.628699
0.254068	0.107447
-0.93008	0.257513
0.330114	-0.103059
-0.767124	-0.726833
-0.484667	-0.0211512
-0.66935	0.120438
-0.810579	0.545125
0.156294	-0.733536
0.330114	0.0444734
0.818983	-0.230696
-0.419484	0.565434
0.286659	0.283594
-0.84317	-0.357374
-0.734533	-1.55455
-0.365165	0.439877
-0.984399	-0.133665
-0.462939	0.226589
-0.908353	-0.624578
-0.506394	-0.908468
-0.126163	-0.265074
-0.256528	-0.428937
-0.864898	-0.812184
-0.223937	0.342445
-0.549849	-0.727577
0.66689	-0.652659
-0.528122	-0.17515
-0.636759	-0.487616
-0.213073	0.319515
-0.832306	-0.622265
-0.973535	-0.72489
0.123703	0.165212
-0.832306	-0.360803
-0.473803	0.105898
-0.919216	-0.676477
-0.386893	0.0557903
0.286659	0.163433
-0.973535	-0.47279
-0.745396	-0.0430159
-0.169618	0.243727
0.514798	0.103208
-0.126163	-0.958134
-0.951808	-0.995917
-0.517258	0.315845
-0.473803	-0.377843
-0.973535	-0.561688
-0.832306	0.317822
0.536525	0.540248
0.862438	-0.0116467
-0.701941	0.329283
1.60117	0.364191
0.112839	0.258351
-0.49553	-0.118003
-0.647623	-0.328566
-0.66935	0.0852853
0.264932	0.315484
-0.940944	0.513149
-0.810579	0.19815
-0.777988	-0.512684
-0.897489	-1.04075
-0.919216	-0.580808
-0.310847	-0.129491
0.232341	-1.01903
0.112839	-0.0617988
-0.886625	-0.0838934
-0.430348	-1.53317
-0.821443	-0.45043
0.884165	0.591708
-0.245664	-0.66023
-0.430348	-0.769606
-0.691078	-1.18914
0.818983	0.478608
-0.854034	-0.352614
-0.213073	0.059263
-0.712805	0.25868
2.17695	0.37729
1.09058	0.57869
-0.919216	-0.264994
-0.278255	0.363779
-0.441212	-0.0568334
-0.701941	0.29568
1.40563	0.862276
-0.484667	-0.732599
0.0585207	-0.549893
0.156294	-0.950655
-0.49553	0.370886
-0.0175256	0.167758
0.482207	0.557525
1.53599	0.333341
-0.615032	0.581553
-0.897489	-0.562788
-0.951808	-0.899387
1.64463	0.283238
0.92762	0.199835
1.16662	-0.218878
-0.0935718	0.26546
-0.658487	0.260348
0.449616	0.350741
-0.245664	-0.0418263
0.938484	0.354274
1.04712	0.360591
-0.278255	-0.186016
-0.84317	-0.283163
0.938484	-0.000478858
0.0259294	0.0856716
-0.32171	-0.182169
2.44854	0.420245
-0.00666181	0.00925627
0.699482	-0.543906
1.39476	0.135469
-0.647623	-0.835211
-0.875761	0.140562
-0.180482	0.409504
-0.310847	0.0760004
-0.984399	-0.450193
1.88363	0.43584
-0.810579	0.355066
0.156294	-0.0581418
-0.908353	0.313818
0.471343	-0.466259
-0.788851	0.392972
0.319251	-0.605337
-0.962671	-0.189331
-0.289119	-0.341456
0.319251	0.55672
-0.397757	0.603594
0.0150657	-0.177298
-0.919216	-0.390284
1.12317	0.198295
-0.723669	0.102691
0.330114	0.338827
-0.962671	-0.502039
1.22094	0.532305
1.03626	-0.0281132
1.1123	-0.234081
-0.886625	0.285526
-0.32171	-0.102005
-0.213073	0.410194
0.569117	0.437878
2.01399	0.120579
-0.712805	0.331558
-0.854034	-0.569274
-0.84317	-0.116181
-0.734533	0.0281507
-0.58244	-0.849776
2.44854	0.313828
-0.75626	-0.935518
-0.995263	-1.13483
-0.886625	-0.495607
0.243204	0.256305
0.134567	0.333672
-0.158754	0.155143
-0.734533	0.0590223
-0.484667	-0.514642
-0.289119	0.475857
-0.213073	-0.0933657
-0.571577	-0.816253
-1.00613	0.0978318
0.145431	0.222769
-0.995263	-0.330113
0.123703	0.492827
-0.267392	0.5366
-0.0501168	-0.290137
-0.821443	-0.661046
0.112839	-0.134265
-0.84317	0.0565349
-0.93008	0.272004
0.362706	0.554344
0.0259294	-0.156199
2.12263	0.494603
-0.0609805	0.41107
-0.940944	-0.0111019
-0.419484	0.297083
0.971075	-0.0425681
-0.039253	0.446872
-0.267392	0.497315
-0.49553	0.101196
-0.799715	0.133579
0.221477	0.438386
-0.441212	0.283691
-0.571577	-0.191815
-0.376029	0.605761
-0.517258	0.0221511
-0.919216	-0.172831
-0.0935718	0.0436194
0.862438	0.150957
-0.549849	0.327451
-0.40862	-0.604827
-0.984399	-0.673523
1.61204	0.394853
-0.506394	-0.179798
3.7196	0.551958
1.04712	0.505478
-0.560713	-0.229202
0.482207	0.444995
-0.625895	-0.4099
-0.256528	-0.48316
-0.2348	-0.201476
-0.278255	0.350942
-0.137027	0.238397
4.27365	0.542863
-0.299983	-0.226422
-0.365165	-0.273841
-0.691078	0.151802
1.82931	0.207522
1.02539	0.145432
-0.691078	-1.20122
0.123703	0.794187
-0.452075	0.619522
-0.658487	0.0321689
-0.0283893	-0.0191785
0.156294	0.336193
0.981939	0.211611
-0.919216	-0.31523
-0.908353	-0.570676
-0.821443	0.216713
-0.799715	-1.00366
-0.658487	-0.44386
-0.625895	0.294263
-0.734533	0.365915
1.41649	0.513014
-0.691078	0.161817
-0.0283893	-0.268975
-0.104436	0.123295
0.656027	0.324563
-0.310847	0.43613
-0.897489	-0.541264
-0.886625	0.315902
0.797255	0.371526
-0.430348	0.239495
-0.376029	-0.105709
-0.278255	0.496501
0.981939	-0.528727
-0.984399	-1.20269
-0.810579	-0.680934
-0.908353	-1.25502
-0.506394	0.351776
-0.082708	-0.446156
-0.278255	0.462072
-0.267392	-0.138899
-0.604168	-0.601504
-0.919216	-0.0543768
-0.14789	0.34289
0.634299	0.435195
-0.462939	0.502196
0.0259294	-0.0244337
1.84017	0.298228
-0.506394	0.194288
-0.951808	0.164582
-0.593304	-0.0639051
-0.126163	0.38162
-0.962671	-1.23265
-0.202209	-0.133553
2.09004	0.00191967
0.254068	0.327628
-0.832306	-0.129098
-0.039253	0.497474
1.25353	-0.0423108
-0.484667	-0.677567
-0.267392	0.390399
0.503934	-0.0676248
2.253	0.51424
1.22094	0.651689
2.89396	0.414995
-0.528122	-0.00911834
-0.376029	-0.663457
-0.484667	-0.870871
-0.767124	-0.86401
-0.821443	0.401494
-0.734533	-0.589341
-0.441212	0.404725
-0.767124	0.498123
-0.767124	-0.485712
-0.419484	0.211942
0.221477	0.114932
-0.886625	-0.0801153
-0.777988	0.0599141
-0.289119	0.279216
-0.560713	-0.338126
-0.332574	0.392771
-0.2348	-0.471755
-0.365165	0.0625503
-0.701941	0.289588
1.97054	0.75065
0.406161	0.393884
-0.908353	0.888442
0.818983	0.129366
-0.310847	0.137719
0.981939	-0.184469
-0.289119	-0.144186
-0.984399	-1.04811
1.15576	0.329939
-0.180482	0.185655
0.243204	-0.0551052
-0.202209	-0.00863743
3.21987	0.511862
-0.267392	-0.851354
0.688618	-0.0880651
-0.767124	-0.691327
-0.158754	0.182312
-0.897489	-0.448416
-0.75626	-0.843152
0.57998	-0.643485
-0.680214	-0.518845
-0.213073	-0.372414
1.12317	0.0540278
-1.03872	-0.109337
0.949348	0.614987
-0.940944	-0.349884
-0.962671	0.158502
-0.0609805	0.108832
-0.962671	-0.0549179
-0.473803	-0.289735
2.48114	0.163419
-0.962671	-1.11081
0.0693844	0.428374
1.87277	0.172742
-0.430348	-0.481682
-0.039253	-0.194736
-0.940944	-0.802369
-0.32171	-1.02103
0.536525	0.226076
-0.137027	0.389968
-0.517258	-0.345914
-0.951808	-0.25266
0.123703	0.244296
-0.734533	0.145153
-0.310847	-0.737787
-0.441212	0.360468
-0.126163	0.253829
-0.310847	0.185002
0.340978	0.212403
-0.473803	0.0516216
0.406161	0.210407
-0.593304	-0.948392
-0.691078	-0.797032
0.938484	0.276635
1.16662	0.119483
-0.549849	0.0265938
-0.517258	0.40535
0.960212	0.409432
-0.2348	-0.455221
-0.538985	0.159975
-0.299983	0.284643
-0.473803	0.289104
1.3839	0.45433
-0.75626	-0.113988
-0.484667	0.375753
-0.66935	0.396401
0.427888	0.399127
-0.0718443	0.0158711
-0.538985	-0.476665
1.30785	0.392005
4.12156	0.556988
0.373569	0.347084
2.64409	0.349139
-0.376029	0.382843
-0.137027	-0.471768
-0.104436	0.138144
1.6229	0.413482
0.623435	0.236838
-0.0283893	0.0871779
-0.0283893	0.434239
0.742937	-0.00856501
-0.962671	-0.624163
-0.908353	-1.05172
-0.919216	0.0508491
-0.75626	-0.607793
0.417024	-0.0613149
0.123703	0.297675
-0.864898	-1.02168
-0.973535	-1.39756
-0.93008	-0.920087
-0.767124	-0.514568
0.264932	0.127885
0.449616	0.651926
-0.973535	-1.2559
0.482207	0.417078
-0.32171	0.353663
0.101976	-0.102887
-0.864898	-0.0044235
-0.267392	0.533626
-0.810579	0.506664
0.66689	0.324494
-1.00613	-0.491364
0.101976	0.343984
-0.908353	-0.997985
-0.49553	0.142995
3.19814	0.45954
0.134567	0.0146079
0.188886	0.432883
-0.354302	0.0225841
0.188886	0.491446
0.884165	0.367589
0.406161	-0.295386
-0.549849	-0.737234
1.41649	0.276903
2.94828	0.52787
-0.767124	-0.261796
-0.419484	0.0401435
0.221477	0.674572
-0.810579	-1.04273
-0.278255	0.56199
0.123703	-0.021296
-0.875761	-0.0463626
-0.647623	0.505634
0.286659	0.157653
-0.365165	-0.268371
-0.310847	-0.0586328
-0.84317	-0.743512
-0.691078	0.034119
2.33991	-0.109457
0.0693844	0.214233
-0.864898	0.260226
1.37303	0.483807
-0.419484	0.452275
3.81738	0.64491
2.80705	0.60868
-0.691078	-0.0145492
-0.951808	-0.0650479
-0.658487	-0.710223
2.26386	0.403914
-0.75626	-0.987372
-0.32171	-0.40665
0.297523	0.36542
-0.810579	-0.511934
-0.126163	0.0529603
-0.354302	0.526034
-0.506394	0.0859863
-0.604168	-0.724842
-0.419484	-0.77816
-0.2348	-1.1572
2.42682	0.18353
1.15576	0.292385
0.536525	0.714747
0.156294	-0.632315
-0.0283893	0.166717
-0.951808	-0.668831
-0.973535	0.128371
0.895029	0.134448
1.37303	0.186603
2.11177	0.216338
3.39369	0.285704
-0.0283893	-0.581235
-0.0501168	0.0781761
-0.473803	0.115264
-0.484667	-0.349626
-0.864898	-1.4157
-0.0175256	-0.474943
-0.886625	-0.250086
1.27526	0.43283
-0.202209	0.62949
-0.462939	0.440081
-0.951808	-0.567926
-0.571577	0.0722301
-0.962671	0.188553
0.0585207	-0.696292
-0.66935	0.3244
-0.082708	0.0806853
-0.658487	0.244085
-0.213073	0.261178
-0.528122	-0.215544
-0.419484	-0.0198247
1.12317	0.0743434
-0.995263	-1.50556
-0.180482	0.504187
1.27526	0.150795
2.62236	0.414193
-0.897489	-0.6174
-0.875761	-0.669363
1.51426	0.503544
-0.66935	0.505594
1.05799	-0.182031
-0.332574	-0.215286
-0.680214	0.170079
-0.571577	0.364628
-0.386893	0.614286
-0.745396	-0.57177
-0.452075	0.192124
-0.32171	0.0545745
-0.93008	-0.443986
-0.538985	-0.974427
-0.126163	0.314366
1.72067	0.265759
-0.58244	-0.762591
-0.0283893	0.748973
-0.49553	-0.391377
-0.93008	-0.378388
0.775528	-0.0937638
2.02486	0.546858
-0.636759	-0.284981
-0.940944	-1.09704
0.84071	0.712278
-0.951808	-0.280128
-0.951808	-0.704147
0.623435	-0.287051
-0.984399	-0.895215
-0.40862	-0.492254
-0.734533	-0.2538
-0.245664	0.208004
-0.082708	-0.310319
-0.93008	-1.09916
-0.115299	0.215244
-0.636759	-0.487655
-0.528122	0.0710956
-0.647623	-0.638149
-0.278255	-0.315893
-0.919216	-0.0804981
-0.647623	-0.794878
-0.93008	-0.19038
-0.767124	0.265671
-0.137027	0.362356
0.362706	0.524297
-0.788851	-0.165922
-0.919216	-0.485397
-0.951808	-1.13798
-0.245664	0.395507
-0.376029	-0.199525
-0.658487	-0.215294
-0.039253	0.146804
-0.560713	-0.27946
-0.777988	-0.170342
0.797255	0.169425
-0.951808	-1.01262
0.0476569	-0.304678
0.710345	0.207604
0.134567	0.0270782
-0.419484	-0.437281
-0.886625	-0.374343
-0.332574	-0.0424967
-0.712805	0.384118
-0.908353	-0.501854
2.06831	0.409427
0.0259294	-0.456646
-0.84317	-1.13746
-0.636759	0.302925
-0.723669	-0.243908
-0.777988	-0.249524
-0.908353	-0.560541
-0.864898	-0.641193
0.699482	0.412659
-0.245664	0.262791
0.00420194	0.350525
0.482207	0.490481
-0.919216	-0.560139
0.340978	0.263659
-0.712805	-0.801977
1.72067	0.762171
-0.571577	-0.264491
-0.158754	-0.491355
-0.386893	0.157696
-0.875761	-0.860877
-1.02785	-0.740282
-0.473803	0.195141
-0.767124	0.331305
-0.223937	-0.140701
2.99173	0.63122
3.37196	0.540913
-0.788851	-0.231546
-0.560713	-0.571854
0.417024	0.163179
0.308387	0.338153
0.319251	0.103069
-0.66935	0.391665
-0.256528	0.238398
-0.745396	-0.296277
-0.462939	-0.0182835
-0.354302	-0.577386
-0.832306	-0.381274
0.49307	0.0406664
-0.560713	-0.0293305
-0.821443	-0.377017
-0.951808	-0.275869
0.0802482	0.0766334
-0.886625	-0.432243
-0.310847	-1.07898
1.1449	0.465109
1.65549	0.0843128
1.05799	0.359916
-0.49553	-0.0333376
-0.549849	-0.80701
-0.723669	0.313638
-0.593304	0.359279
2.03572	0.0718444
-0.951808	-0.753304
-0.75626	-0.445921
-0.506394	0.376347
0.590844	0.0881459
0.656027	0.675498
0.786392	-0.00397441
0.558253	0.4438
-0.973535	-0.245686
-0.897489	0.231595
-0.777988	-0.403572
-0.615032	-1.3216
0.330114	0.667366
-0.299983	-0.204036
-0.897489	-0.503466
-0.376029	0.603907
-0.908353	-0.440793
0.319251	0.164869
0.818983	0.459916
-0.310847	0.358364
-0.995263	-1.18264
-0.951808	-0.6998
2.07918	0.15916
-0.615032	0.0248036
2.32904	0.72464
2.80705	0.773998
2.65496	0.485103
-0.93008	-0.340835
-0.875761	-0.678566
0.351842	0.0350221
-0.310847	0.358364
-0.299983	-0.276062
0.00420194	0.237343
1.6229	0.335312
-0.528122	-0.288167
0.254068	0.00578091
0.243204	-0.211053
-0.940944	-1.09256
-0.777988	0.230752
-0.528122	0.0581467
-0.430348	0.395663
-0.940944	-0.60162
-0.299983	-0.0411125
1.32958	0.330279
-0.0175256	0.543213
-0.40862	-0.623818
-0.984399	-0.659012
-0.571577	0.0581251
-0.962671	-0.475238
-0.864898	0.105049
-0.0609805	-0.0790357
-0.126163	0.400397
-0.875761	-0.620299
-0.940944	-0.278062
-0.821443	0.243277
-0.245664	0.395507
0.525662	0.17065
-0.506394	-0.0569963
-0.202209	0.0717754
-0.962671	-0.731455
-0.93008	-0.238454
-0.484667	-0.331097
-0.821443	0.214097
1.66636	0.274115
-0.223937	-0.179853
1.57945	0.289708
0.49307	0.539293
-0.832306	0.425037
0.829847	0.236928
0.112839	-0.983611
-0.75626	-0.153059
0.525662	0.731062
-0.940944	-0.257402
1.51426	0.377673
-0.712805	0.58788
-0.538985	-0.0558631
-0.191345	0.175806
2.35077	0.814729
2.15522	0.3106
-0.484667	0.0399608
-0.940944	-0.311662
1.39476	-0.294175
-0.973535	0.462824
-0.940944	-0.132634
-0.66935	-0.729533
0.308387	-0.41583
-0.126163	0.267079
0.0259294	-0.245486
-0.908353	0.457772
0.319251	-0.342971
0.57998	0.038243
-0.886625	-0.0190309
0.319251	0.105503
-0.93008	-0.455034
-0.2348	-0.0233222
-0.66935	-0.134439
-0.32171	0.417091
-0.0175256	0.412927
0.971075	0.127802
1.13403	0.743712
-0.75626	-0.466737
-0.462939	-0.179176
-0.951808	0.204606
-0.430348	0.536366
-0.430348	-0.297451
-0.441212	-0.719622
0.308387	0.500287
-0.126163	-0.214066
-0.430348	-0.172323
-0.115299	-0.410514
-0.615032	-0.457528
1.18835	0.318886
-0.419484	-0.0482195
-0.386893	0.368893
1.10144	0.426994
0.0367932	-0.210478
0.254068	0.0831412
-0.734533	-1.00468
-0.202209	0.428126
-0.84317	-1.2
-0.365165	-0.0790899
0.199749	-0.0419085
0.742937	0.141972
0.134567	0.323347
-0.473803	-0.813616
-0.365165	-0.145773
0.232341	-0.00360584
-0.691078	0.420982
0.438752	-0.135614
-0.299983	0.77174
-0.0283893	0.485436
-0.821443	-0.380913
-0.473803	-0.246112
-0.528122	-0.122169
4.14329	0.572536
-0.528122	0.434838
0.00420194	0.108442
-0.0935718	0.63999
-0.256528	-0.450421
-0.658487	0.0144371
0.818983	-0.272787
-0.886625	-0.365331
-0.169618	-0.534069
-0.875761	-0.723785
-0.919216	-0.733592
0.981939	0.172366
-0.701941	-0.429809
-0.886625	-0.610827
2.86137	0.525727
0.178022	0.377052
-0.517258	-0.0562568
3.27419	0.413197
0.427888	-0.194456
-0.897489	-0.0408512
-0.995263	-0.0951173
-0.799715	-0.251604
-0.332574	0.278135
0.57998	0.272579
0.395297	0.141706
-0.712805	-0.479427
-0.115299	0.283413
-0.625895	-0.661861
1.60117	0.554461
-0.951808	-0.823884
-1.00613	0.194359
-0.995263	-0.54246
0.297523	0.0457404
-0.647623	-0.573056
-0.973535	-0.755089
-0.49553	-0.561842
-0.995263	0.304798
-0.473803	0.430377
-0.832306	0.17702
-0.517258	0.595261
-0.712805	0.0605139
-0.169618	-0.385525
0.0476569	-0.111605
-0.126163	0.357425
-0.962671	-0.766689
0.0911119	-0.119673
-0.788851	0.109088
-0.115299	0.0184152
-0.180482	-0.52858
-1.01699	-0.601962
-0.223937	-0.0883363
1.73154	0.775692
-0.973535	-0.0816111
-0.0935718	0.326713
-0.66935	0.576943
-0.93008	-0.556753
-0.473803	0.0620454
-0.58244	0.475665
0.123703	-0.360688
-1.00613	-0.147096
0.330114	-0.00598141
0.340978	0.167409
0.123703	-0.716311
-0.310847	0.40473
-0.0501168	0.492788
-0.810579	-0.479294
-0.0935718	0.0272478
-0.169618	-0.335927
1.54685	-0.0701084
-0.854034	-0.422141
0.981939	0.321681
0.710345	-0.0676488
0.156294	0.315918
-0.691078	-0.509204
1.31872	0.482089
2.92655	0.584388
2.35077	0.644749
-0.93008	0.0409196
0.145431	-0.0776607
0.569117	-0.0754359
-0.58244	0.371298
-0.940944	-0.218121
-0.104436	-0.549357
0.112839	-0.820938
0.482207	0.0197861
0.384433	0.127007
-0.126163	-0.15156
-0.854034	-0.676874
0.916757	0.157053
-0.636759	0.416042
0.677754	0.480006
0.0585207	-0.465809
-0.788851	-0.176374
-0.104436	0.455797
-0.854034	-1.61139
-0.788851	0.259569
-0.0501168	0.128296
-0.538985	0.286686
0.449616	-0.530382
-0.712805	-0.32559
-0.115299	0.154313
0.275796	0.342088
0.938484	0.363729
-0.799715	-0.534143
-0.310847	-0.473556
-0.84317	0.265817
1.18835	0.507284
-0.0718443	-0.309244
-0.93008	-0.467063
1.68808	0.314197
1.09058	0.57869
-0.832306	-0.580983
2.69841	0.141332
-0.441212	-0.358698
1.95968	0.281329
-0.0935718	0.380384
0.938484	0.396272
0.623435	-0.560414
-0.908353	-0.812579
-0.397757	0.533969
-0.397757	-0.284448
-0.593304	-0.0187024
-0.32171	-0.493197
-0.40862	0.0124649
-0.93008	0.0444081
-0.636759	-0.888883
-0.245664	-0.570492
0.330114	0.414554
-0.691078	0.511982
-0.701941	-0.394169
-0.984399	-0.673523
-0.864898	0.153983
-0.593304	-0.445696
-0.0283893	-0.529142
1.2644	0.388287
-0.886625	-1.78113
-0.517258	0.223768
-0.484667	0.0593904
0.623435	0.446084
2.40509	0.331953
-0.940944	-1.03199
-0.821443	0.585717
3.15469	0.425385
-0.919216	-0.202576
-0.973535	-0.725844
-0.951808	-0.91373
0.351842	0.512829
-0.158754	-0.0979176
-0.332574	-0.129638
-0.14789	-0.578711
1.31872	0.63682
0.460479	0.63421
-0.886625	-0.252884
-0.604168	-0.444934
1.2644	0.42815
-0.202209	0.096294
-0.984399	-0.857632
-0.299983	-0.0337603
-0.93008	-0.666066
-0.2348	0.298501
2.32904	-0.135277
1.40563	0.458676
-0.973535	-0.8442
0.232341	0.40589
-0.940944	-0.59171
-0.886625	-0.353466
1.85104	0.466038
0.66689	-0.0843935
-0.951808	-0.480162
0.0802482	0.359978
-0.299983	-0.270836
0.536525	0.364003
-0.93008	0.31936
2.23127	0.43325
-0.636759	-0.88975
2.33991	0.386055
0.199749	0.109614
-0.951808	-0.431005
1.2644	0.00294917
0.0802482	0.350536
1.03626	0.171058
1.47081	0.745658
0.0259294	0.344979
-0.462939	0.111549
0.373569	0.205654
-0.49553	-0.243223
0.57998	0.255825
0.981939	-0.0841296
-0.560713	0.238704
-0.821443	-0.120375
-0.864898	0.384645
0.145431	0.401587
-0.984399	-0.167438
1.00367	0.225491
0.873302	0.30072
0.264932	0.607814
-0.158754	-0.0539411
-0.289119	0.0764117
-0.310847	0.356917
-0.940944	-0.816354
-0.169618	0.247842
-0.299983	-0.108529
1.47081	0.361224
0.0259294	0.205626
1.07971	0.0261544
1.81845	0.0630944
0.732073	0.462256
-0.788851	0.0635009
-0.854034	-0.665124
-0.126163	-0.156062
-0.984399	-0.53322
-0.615032	0.344323
-0.908353	-0.327305
-0.40862	0.644937
-0.376029	0.64148
-0.430348	-0.0217414
0.188886	0.113184
-0.32171	0.18113
1.6229	0.602572
1.36217	0.358144
1.7424	0.142238
-0.419484	0.498595
2.18781	0.685345
-0.202209	-0.126202
-0.104436	0.345347
0.601708	-0.272276
-0.940944	-0.658205
-0.940944	-1.71544
-0.506394	-0.18124
0.308387	0.0108101
-0.506394	-0.2771
-0.723669	-0.197635
1.25353	0.477543
-0.082708	0.172466
3.58924	0.734285
-0.973535	0.09789
1.55772	0.629739
-0.397757	-1.26257
0.340978	0.404407
-0.202209	-0.589444
1.80758	-0.155106
-0.984399	0.238874
0.101976	0.22791
-0.691078	0.587861
-0.832306	-0.819384
-0.832306	-1.00287
-0.897489	0.309592
-0.484667	-0.254454
-0.299983	0.254555
-0.419484	-0.113928
1.49254	0.131868
0.264932	0.337948
-0.984399	0.135706
-0.517258	-0.304589
0.742937	-0.162349
-1.01699	-0.802035
-0.658487	-0.689386
-0.0935718	0.375211
-0.549849	-0.616511
-0.386893	0.413733
0.362706	0.160832
-0.376029	0.191369
-0.75626	0.0847443
-0.886625	0.136605
0.873302	-0.165441
3.15469	0.433413
1.45994	0.750234
-0.636759	-0.162871
-0.517258	-0.0650102
-0.528122	-0.285252
2.1335	0.385151
-0.658487	-0.733185
-0.691078	0.336876
2.18781	0.525534
-0.549849	-0.727577
0.808119	0.130646
2.14436	0.451962
1.63376	0.679408
-0.202209	0.393064
1.65549	0.133481
1.63376	0.103487
1.17749	0.172252
-0.202209	0.347674
-0.767124	-1.27411
-0.788851	-0.48922
0.340978	0.303137
-0.636759	-0.65945
0.514798	0.376143
-0.832306	-0.729688
2.11177	0.584896
0.427888	0.00162853
-0.745396	-0.480722
-0.604168	0.432756
-0.14789	-0.325765
-0.625895	0.202651
-0.919216	0.202229
1.28612	0.598587
-0.712805	0.0396997
-0.984399	-0.461706
-0.84317	0.439919
0.710345	0.0325905
-0.40862	0.0180485
-0.039253	0.365595
-0.441212	0.584395
-0.299983	-0.45554
-0.115299	0.465204
0.992803	0.457025
1.1449	0.581622
-0.701941	-0.0866447
0.547389	0.00505568
-0.799715	0.665043
-0.973535	-0.114749
1.05799	0.200397
-0.354302	-0.391831
-0.278255	-0.11101
-0.169618	0.429109
-0.528122	0.504857
-0.875761	-0.486137
-0.886625	-0.483122
0.0585207	-0.40538
-0.886625	-0.407857
-0.810579	0.112601
-0.245664	0.425545
-0.082708	0.531503
-0.658487	-0.189224
-0.615032	-0.738432
-0.0609805	0.39061
0.57998	0.169703
0.438752	0.19595
-0.452075	0.0888041
-0.14789	0.0436936
-0.940944	-0.686055
1.3839	0.701302
-0.560713	-0.484574
-0.549849	0.322065
-0.799715	0.260366
-0.473803	0.403087
-0.538985	0.377974
-0.571577	0.353238
0.623435	0.322699
-0.821443	-0.36042
0.319251	0.417549
-0.549849	-0.723698
0.742937	0.304276
-0.0718443	0.422919
-0.593304	-0.0187024
-0.202209	0.0198593
1.36217	0.431113
-0.66935	-0.569765
0.145431	0.644194
-0.158754	-0.175648
2.11177	0.0131768
0.232341	0.261064
-0.419484	-0.521351
-0.267392	-0.868913
-0.289119	0.108222
-0.788851	-0.48922
-0.810579	-0.0246194
0.254068	0.477171
-0.788851	-0.402227
-0.897489	0.213551
-0.995263	-0.809439
-0.919216	-0.140366
-0.0609805	0.537973
0.57998	0.143203
1.09058	0.524776
-0.49553	0.195889
3.94774	0.789176
2.14436	0.317134
1.18835	0.315069
-0.223937	0.401623
1.61204	-0.149074
2.14436	0.784143
-0.940944	-0.248605
-0.452075	0.223401
-0.93008	-0.920789
-0.995263	-0.119744
-0.517258	0.214521
-0.908353	-0.617124
-0.777988	-1.06019
-0.40862	0.336591
1.53599	0.216486
1.67722	0.534735
-0.278255	0.322219
-0.777988	-0.542925
-0.701941	0.188277
-0.680214	0.0546941
-0.625895	0.0586371
0.0150657	0.123861
-0.864898	-0.537869
-0.528122	0.362667
0.710345	0.0204436
0.656027	0.604096
0.905893	0.533455
-0.897489	-0.423985
1.48167	0.575419
-0.376029	-0.698682
0.949348	0.147464
3.40455	0.582271
-0.919216	-0.525525
-0.767124	0.236843
-0.462939	-0.397691
-0.0718443	0.36144
-0.278255	0.413329
0.0367932	0.280907
-0.951808	-0.40519
0.971075	-0.0875607
-0.973535	-0.158119
0.536525	0.318088
-0.278255	0.245366
-0.854034	-0.394808
-0.14789	0.48118
-0.137027	0.834629
0.0150657	0.387307
-1.00613	-1.18609
3.18728	0.709794
-0.745396	0.0504515
-0.962671	-1.49346
1.34044	0.432182
-0.365165	0.422373
0.449616	0.0114816
-0.452075	-1.10946
-0.723669	0.408804
0.0911119	0.186727
-0.604168	0.1631
0.0693844	0.439536
-0.734533	-1.29183
-0.00666181	-0.119022
-0.593304	0.325936
-0.14789	-0.392249
-0.84317	-0.0385497
-0.788851	-0.152691
1.1123	0.182583
0.742937	0.329763
-0.267392	-0.0271799
-0.202209	0.589516
-0.995263	-0.556196
0.623435	-0.218547
-1.00613	-0.624579
1.84017	0.522103
1.1123	0.390072
-0.658487	-0.515267
-0.58244	-0.519517
-0.299983	-0.605846
-0.962671	-1.30509
-0.462939	0.562705
0.308387	-0.168331
0.188886	0.422397
-0.213073	0.0870602
-0.0175256	0.54881
0.0259294	-0.0145114
-0.49553	0.371602
0.981939	0.435427
-0.506394	-0.619828
-0.75626	0.355041
0.178022	0.45823
-0.951808	-0.57414
0.134567	0.404213
0.569117	0.178326
0.57998	0.315635
0.243204	0.258699
0.210613	0.0761325
-0.832306	0.284048
-0.93008	-1.50134
0.547389	0.501522
-0.49553	0.300703
0.0150657	-0.0079007
0.0150657	0.242213
-0.560713	-0.649529
-0.223937	0.299371
-0.995263	-0.756978
0.645163	0.481182
-0.365165	-1.25074
0.612572	0.544459
0.525662	0.0665695
-0.973535	-0.18148
0.623435	-0.187297
-0.995263	-0.130551
-0.202209	-0.716665
0.797255	0.176489
-0.560713	0.449097
-0.647623	0.217217
0.00420194	0.568931
-0.973535	-0.248342
0.330114	0.327676
-0.93008	-0.34695
-0.452075	0.456692
-0.441212	0.367641
0.84071	0.74255
-0.343438	-0.704643
-0.810579	-0.608115
-0.788851	0.293286
-0.908353	-0.627568
0.395297	0.387524
-0.799715	-0.514852
-0.158754	-0.0578534
0.286659	0.0589517
-0.886625	0.412959
-0.571577	0.0766626
2.55718	0.222725
-1.00613	-0.654226
-0.604168	0.0494526
-0.430348	-0.152863
-0.0718443	0.447412
3.41542	0.652561
2.94828	0.465717
-0.386893	0.438471
0.188886	0.363221
0.601708	0.313584
2.38336	0.379864
-0.517258	-0.0741283
-0.593304	-0.846495
0.178022	0.642749
-0.180482	-0.187209
-0.691078	-0.797032
0.0367932	0.189945
1.05799	0.462447
2.55718	0.683506
-0.213073	0.373946
-0.832306	-0.108337
1.15576	0.396705
-0.973535	-0.70375
-0.962671	-0.653382
-0.0283893	0.203384
-0.202209	0.266564
-0.549849	0.170621
-0.256528	0.165617
-0.799715	0.0354375
-0.256528	-0.685402
-0.940944	-0.520452
-0.191345	-0.0630488
-0.419484	-0.12565
-0.615032	-0.00616466
-0.962671	-0.3901
4.65388	0.633021
0.406161	0.498124
-0.75626	-0.05887
1.19921	-0.259306
-0.386893	-0.66119
-0.940944	-0.891793
-0.93008	-0.438442
-0.571577	-0.997984
-0.995263	-0.119744
-0.886625	-0.888678
-0.484667	-0.290711
-0.115299	-0.605214
-0.376029	-0.0405912
0.167158	0.184043
0.384433	0.261485
0.427888	0.760871
0.742937	0.349235
0.0259294	-0.0730439
-0.169618	0.582742
-0.995263	-0.769016
-0.223937	-0.085538
-0.604168	-0.438595
-0.777988	0.355584
1.00367	-0.0154421
1.00367	-0.0547236
-0.169618	0.403589
0.145431	-0.039698
-0.430348	0.341885
2.40509	0.23912
1.12317	-0.347806
0.0150657	-0.0183638
-0.810579	-0.459475
-0.202209	0.427663
1.2644	0.908935
-0.430348	-0.730333
0.818983	0.440239
-0.810579	-1.02855
-0.75626	-0.459532
0.775528	0.348015
-0.93008	-0.939479
-0.647623	-0.176351
2.01399	-0.00709222
0.362706	0.712223
-0.93008	-0.580782
0.449616	-0.137667
-0.473803	-0.235563
2.40509	0.0958116
-1.02785	-0.667798
-0.40862	0.54234
-0.821443	-0.763164
-0.767124	0.393074
-0.202209	0.352792
-0.973535	-0.789388
-0.14789	-0.170696
-0.647623	0.509169
-0.799715	-0.51984
-0.940944	-0.793094
1.29699	0.262641
-0.115299	0.254647
3.65442	-0.0304531
0.677754	0.507803
-0.386893	0.230726
-0.767124	-0.323217
1.6229	0.158499
2.26386	0.153495
-0.528122	0.58347
-0.767124	0.209617
0.851574	0.446095
-0.93008	-0.359259
0.232341	0.431218
-0.484667	-0.195683
-1.00613	-0.807324
0.0693844	-0.616299
-0.951808	-0.571732
0.0802482	-0.0516414
-0.897489	-0.964179
-0.886625	-0.342876
-0.995263	-0.905898
-0.0935718	0.572057
-0.962671	-0.986153
-0.691078	0.540423
0.688618	0.124388
-0.93008	-0.760351
0.471343	0.426203
-0.864898	-0.820447
0.254068	0.524125
0.645163	-0.256114
-0.267392	0.229439
-0.886625	0.100145
0.688618	0.809037
-0.788851	-1.17121
-1.00613	-1.10693
-0.452075	-0.0392724
-0.354302	0.154525
0.438752	-0.297514
2.15522	0.868394
-0.712805	-0.064519
-0.984399	-0.120015
1.7424	0.548251
0.612572	0.812686
-0.213073	0.0446768
0.123703	0.205614
0.188886	0.297882
0.188886	0.360564
-0.962671	0.00382059
-0.973535	-0.986384
0.960212	0.27353
0.264932	0.222263
-0.658487	-0.424312
2.22041	0.280225
-0.40862	0.253149
-0.386893	-0.199709
-0.777988	0.232035
-0.571577	-0.93266
2.54632	0.684233
-0.973535	-0.649357
0.884165	0.306575
-0.528122	-0.327937
0.601708	0.0654932
-0.875761	0.137316
1.68808	0.345812
0.569117	0.723294
-0.615032	-0.568342
0.623435	-0.0492488
-0.799715	-0.111259
-0.940944	-0.875266
-0.995263	0.0616223
-0.473803	0.24613
-0.528122	-0.306067
-0.973535	-0.191001
-0.962671	-0.135726
-0.821443	0.259179
0.590844	0.187769
0.612572	0.149717
2.90482	0.421627
-0.430348	0.0811892
-0.777988	0.496575
-0.691078	0.00682517
-0.538985	-0.0524706
-0.864898	-0.306613
-0.00666181	-0.162987
0.851574	-0.117648
1.97054	0.366007
-0.0935718	-0.268198
0.0259294	0.353398
3.62183	0.173139
-0.0609805	0.324769
-0.267392	0.293925
0.438752	0.486625
0.101976	0.404977
0.406161	-0.281287
0.319251	0.169412
-0.712805	-0.248739
-0.886625	-0.62366
0.330114	0.394563
-0.691078	-0.17125
-0.473803	-0.037452
-0.158754	0.085207
-0.0609805	0.444058
-0.84317	0.425554
-0.875761	-0.554244
-0.951808	-1.0439
1.69895	0.138069
-0.908353	0.189508
1.87277	0.597294
-0.691078	-1.04611
2.48114	-0.203614
1.79672	0.478177
0.123703	-0.471163
0.66689	0.390431
-0.397757	0.107169
0.0802482	0.548439
2.27472	0.674669
-0.441212	0.0348104
0.482207	0.0959159
0.406161	-0.720769
-0.973535	0.478157
-0.0718443	0.4223
0.732073	0.254992
3.06778	0.533743
-0.701941	0.204349
-0.897489	-0.239195
0.319251	0.20695
-0.93008	0.401135
0.460479	0.115116
-0.886625	-0.615351
1.01453	0.436082
-0.419484	0.498595
-0.169618	-0.0458366
-0.919216	-0.412331
1.29699	-0.684602
-0.995263	-1.03304
0.0150657	0.37843
-0.93008	-0.631539
-0.810579	0.0628911
-0.115299	-0.00104354
-0.256528	-0.192009
0.786392	0.574188
-0.137027	0.409583
-0.625895	-0.618044
0.0367932	0.0239357
-0.897489	-0.774461
-0.864898	-1.63487
0.340978	0.402593
-0.365165	-0.653361
-0.430348	-0.444607
0.275796	0.540699
0.123703	0.47033
-0.180482	0.409504
-0.875761	-0.345141
-0.854034	0.388988
0.101976	-0.251535
0.438752	0.517692
2.24213	0.63963
-0.995263	0.187189
2.26386	0.258287
-0.40862	0.613775
-0.940944	-0.783354
-0.452075	0.116025
-0.832306	-0.340575
-0.0283893	0.359991
-0.571577	0.422354
-0.908353	-0.656399
-0.854034	-0.0866978
-0.767124	0.531885
1.1449	0.320298
-0.864898	-0.447892
-0.734533	-0.557508
-0.908353	-0.439616
-0.517258	0.306124
-0.0175256	-0.112484
-0.66935	-0.30479
-0.0718443	0.223911
-0.897489	-0.250697
0.167158	0.205671
1.2644	0.7089
0.623435	0.434862
1.75326	0.568242
-0.886625	0.454683
0.547389	-0.132145
-0.40862	-0.604827
-0.788851	-0.367852
1.66636	0.193887
-0.66935	-0.716436
-0.777988	-0.519224
-0.940944	-1.39827
-0.299983	0.10629
-0.919216	0.306801
-0.821443	-0.0803584
0.308387	0.154556
2.69841	0.610694
-0.777988	-0.270903
0.188886	-0.696383
-0.908353	0.285354
-0.636759	0.37306
-0.202209	0.395662
-0.940944	-0.985674
2.94828	0.226541
0.178022	0.330115
1.28612	0.209411
-0.484667	-0.0735255
-0.832306	-0.622265
-0.223937	0.451064
-0.701941	-0.0299644
0.460479	-0.252756
3.66528	0.62777
-0.854034	-0.648045
-0.332574	0.403218
-0.58244	-0.502134
0.384433	-0.179734
-0.799715	-0.447192
-1.00613	-0.713393
-0.180482	0.0622645
-0.864898	-0.0536432
1.16662	0.219017
2.20954	0.750691
-0.723669	-0.0695761
-0.2348	0.0635188
-0.49553	0.32397
-0.712805	-1.46468
-0.84317	-0.620038
0.264932	0.104538
-0.00666181	0.496202
-0.854034	0.438275
0.786392	0.542211
0.981939	-0.0841296
0.178022	0.163547
-0.886625	0.269124
-0.137027	-0.398707
-0.940944	-0.913571
0.808119	0.636231
-0.723669	-1.3393e-05
0.167158	0.375605
0.373569	0.480941
-0.897489	0.085703
1.1449	-0.0648015
-0.864898	0.231634
2.44854	0.354412
1.13403	0.506005
-1.02785	-0.96587
-0.832306	0.190321
-0.919216	-0.67415
-0.615032	0.42292
0.0150657	-0.925233
-0.908353	-0.224163
-0.0935718	0.377137
-0.082708	0.236763
-0.886625	-0.307848
0.373569	0.60261
0.0476569	-0.414311
-0.973535	-0.703395
-0.082708	-0.293997
-0.343438	-0.0489339
-0.832306	-0.90132
1.16662	0.487983
-0.940944	-0.254778
-0.984399	0.145964
-0.940944	-0.920758
-0.647623	0.0308532
-0.615032	0.176892
1.56858	0.275412
0.688618	0.609049
-0.625895	0.202651
0.449616	0.440486
0.0585207	0.382909
-0.615032	-0.12312
0.264932	0.306735
2.41595	0.964427
-0.66935	0.290491
-0.951808	-1.08033
0.308387	-0.737019
1.60117	-0.562254
0.0150657	0.193279
-0.213073	0.559705
-0.441212	0.452166
-1.01699	0.641906
-0.875761	0.123754
-0.680214	-0.115026
0.66689	0.679552
-0.93008	0.192723
-0.864898	-0.267784
-0.788851	-0.401762
0.188886	0.117806
-0.40862	0.386554
-0.223937	-0.0382897
0.101976	0.750897
1.89449	0.252903
0.775528	0.397251
-0.723669	-1.23642
-0.191345	-0.263918
0.243204	0.338872
-0.75626	-0.265001
-0.082708	0.400487
0.677754	0.361083
-0.180482	-0.0699123
0.319251	-0.075481
-0.962671	-0.634276
-0.821443	0.370323
2.27472	0.30411
0.7538	0.190199
-0.310847	0.58421
0.829847	0.474987
-0.0718443	0.290837
-0.951808	0.0264742
-0.886625	-0.716922
-0.0935718	0.503051
-0.799715	-0.42133
-0.647623	0.556464
-0.680214	-0.687907
-0.40862	-0.642248
-0.191345	0.248405
-0.49553	0.476084
-0.00666181	0.0032143
0.84071	0.425791
-0.32171	-0.0546872
-0.886625	0.294223
-0.973535	0.313692
0.0693844	0.227579
0.7538	-0.195773
-0.430348	0.206929
-0.908353	-0.189088
-0.32171	-0.0308665
-0.223937	0.449332
-0.951808	0.15839
-0.419484	0.0379886
-0.267392	0.00359589
0.0693844	-0.217266
3.33937	0.348155
-0.267392	0.348213
1.04712	0.377178
-0.245664	0.149377
-0.647623	0.148368
0.0150657	0.145645
1.5034	0.441043
-0.897489	-0.217332
0.427888	0.5013
-0.875761	-0.19552
-0.365165	0.089475
-0.430348	-0.40713
0.460479	0.0964901
0.818983	0.550911
-0.00666181	-0.133748
-0.854034	-0.0548935
2.28559	0.278911
-0.441212	0.24273
-0.691078	0.359877
0.254068	0.335638
-0.397757	-0.309735
0.0693844	0.491961
-0.908353	-0.296068
-0.462939	0.317654
1.30785	0.172356
0.254068	0.48923
-0.995263	-0.418899
-0.745396	0.457622
-0.452075	0.652041
0.862438	0.173814
0.351842	0.144487
-0.886625	-0.689194
-0.039253	0.0537127
-0.528122	0.24611
-0.223937	-0.16447
0.7538	0.256854
-0.376029	0.354666
-0.484667	0.346846
1.39476	0.570349
-0.821443	0.100828
-0.908353	-0.892757
0.547389	-0.0917757
-0.864898	-0.0508202
-0.897489	-0.62214
-0.951808	-0.246035
0.427888	0.594928
-0.93008	-0.323774
0.112839	0.19602
0.362706	0.212559
-0.180482	-0.228577
-0.734533	-0.10253
0.949348	0.371687
0.677754	0.45491
-0.984399	0.372323
-0.875761	-0.125419
0.275796	0.146078
0.0476569	-0.0997301
0.873302	0.30072
-0.213073	-0.0639454
-0.864898	-0.573688
-0.538985	0.20123
-0.962671	-1.0713
-0.636759	0.323144
-0.832306	0.346352
0.319251	0.329282
-0.940944	-0.411265
0.00420194	0.464223
-0.289119	0.288754
-0.962671	-0.460803
-0.538985	-0.0331617
0.992803	0.459778
0.536525	0.367195
-0.430348	-0.302906
-0.864898	-0.191527
0.123703	-0.150209
0.156294	0.0876043
-0.115299	0.392941
0.895029	0.553819
-0.701941	-0.423375
-0.962671	-1.04506
-0.615032	0.142717
-0.777988	-0.903185
-0.951808	-0.578121
0.178022	0.317426
-0.0935718	0.0149401
0.92762	0.30805
-0.604168	-0.0728252
-0.462939	0.223435
0.264932	0.381126
-0.897489	-0.521887
0.156294	0.222706
2.03572	-0.253393
-0.452075	0.457208
-0.310847	0.195336
-0.93008	-1.08678
-0.886625	-0.632508
1.64463	0.241356
1.44908	0.232645
-0.256528	0.211556
-0.745396	-0.16114
1.31872	0.41471
-0.940944	-0.248605
-0.517258	0.117882
0.471343	0.253214
-0.854034	-1.61139
-0.343438	-0.1152
0.808119	-0.149186
-0.115299	-0.0610752
-0.734533	-0.0896098
-0.0935718	0.387533
0.167158	0.130883
0.123703	0.520555
-0.854034	-0.274409
-0.712805	0.0129945
0.199749	0.39526
-0.0609805	-0.288184
1.59031	0.74319
1.35131	-0.381338
2.07918	0.591565
0.0693844	-0.235408
-0.897489	-0.521849
-0.973535	-0.447644
-0.354302	0.481515
-0.571577	0.13388
-0.278255	0.652713
1.70981	0.393928
-0.745396	-0.558081
2.99173	0.545768
-0.397757	-0.0448643
1.03626	0.00113461
-0.58244	-0.330608
0.895029	0.248404
3.01346	0.582423
-0.104436	-0.0906725
3.65442	0.473215
-0.767124	0.0348584
0.601708	-0.409134
-0.875761	-0.593744
0.482207	0.234881
1.23181	0.395321
-0.788851	-0.377719
-1.00613	-0.253113
-0.93008	-0.458891
0.308387	0.256753
0.895029	-0.222177
-0.2348	-0.251647
3.1221	0.197415
0.471343	0.250182
-0.604168	0.415116
-0.788851	-0.475867
0.275796	0.0140878
-0.289119	0.218854
-0.452075	-0.145266
-0.0175256	0.15235
0.145431	0.25693
-0.810579	-0.380473
0.232341	0.184694
-0.0283893	-0.529142
-0.0935718	-0.315818
-0.886625	-0.392323
-0.973535	-0.677959
-0.84317	-0.0878015
0.721209	0.231892
1.30785	0.571567
0.308387	0.497996
0.92762	0.509426
-0.821443	-0.00159237
-0.777988	0.710532
1.31872	0.142396
-0.691078	0.0602384
-0.951808	-0.61479
-0.484667	-0.611884
-0.734533	0.0648219
-0.343438	0.622979
-0.962671	-0.239847
-0.767124	0.0924443
3.4806	0.493953
-0.365165	-0.0136127
-0.571577	0.285358
0.178022	0.510147
-0.462939	0.0940258
1.90536	0.635122
-0.680214	0.445191
-0.995263	-0.806257
-0.66935	0.0978514
-0.039253	0.380007
-0.777988	0.000683366
-1.01699	-0.281407
-0.137027	-0.397416
-0.940944	-0.724341
0.601708	-0.0548636
0.569117	0.184809
-0.386893	-0.231831
-0.940944	-0.330969
-0.908353	-0.868291
-0.625895	-0.386452
-0.560713	-0.282714
-0.0609805	0.00830789
-0.473803	0.165727
0.645163	0.371418
-0.169618	0.317577
-0.604168	-0.44059
-0.202209	-0.116599
-0.169618	-0.00834345
-1.00613	-0.481976
-0.245664	-0.10263
-0.14789	0.0633403
-0.680214	-0.205738
0.221477	0.338593
-0.93008	-0.442059
0.243204	0.237823
0.308387	0.236566
2.52459	0.600359
-0.115299	-0.514928
-0.126163	0.421374
-0.691078	0.118256
-0.137027	0.212955
-0.202209	0.0882118
-0.712805	0.364878
-0.0609805	-0.0698179
0.199749	0.0550537
1.22094	0.200344
-0.647623	0.323641
0.134567	0.454775
-0.213073	-0.0494918
-0.039253	0.0226926
-0.75626	0.362118
-0.2348	0.18438
1.16662	-0.00115329
1.29699	0.319854
0.330114	0.412819
2.1009	0.477499
-0.864898	0.542059
-0.919216	0.486553
-0.788851	0.510025
-0.332574	-0.192354
0.829847	0.700551
0.264932	0.723617
-0.462939	0.303195
-0.908353	-0.18289
-0.962671	-0.296984
1.02539	-0.032973
-0.93008	-0.821766
-0.213073	-0.332911
0.688618	0.458791
-0.767124	0.0162003
0.427888	0.591558
0.351842	0.46553
1.60117	0.591769
-0.995263	0.273702
-0.332574	0.163868
0.417024	0.113098
2.63323	0.335754
-0.973535	-1.20293
-0.875761	-0.677769
-0.995263	-0.705964
-0.528122	-0.24303
0.264932	0.4842
0.178022	0.515659
-0.908353	-0.367781
-1.00613	-1.01043
0.101976	0.522148
0.558253	-0.0708694
-0.84317	-0.906952
0.199749	0.209921
0.167158	0.158031
0.732073	0.336364
-0.799715	0.460224
-0.919216	-0.57405
-0.278255	0.353968
-0.0175256	-0.156829
-0.538985	0.177606
-0.528122	0.0403046
-0.289119	0.288754
-0.658487	0.0322553
-0.854034	-0.826925
-0.93008	0.263097
0.188886	-0.427324
-0.886625	-0.457533
0.417024	0.258597
-0.691078	0.300945
0.0802482	0.472172
1.1123	0.311448
-0.940944	-0.909513
-0.517258	0.435359
-0.180482	0.429303
1.25353	0.225129
0.482207	-0.105619
0.156294	0.624548
0.601708	-0.458813
-0.647623	-0.136484
0.482207	0.420197
1.29699	0.45078
-0.462939	0.433929
0.971075	0.405844
1.23181	0.558337
-0.0501168	0.195884
0.514798	0.593833
-0.897489	-0.487034
0.112839	0.494117
-0.864898	-0.0224565
6.00099	0.5242
1.22094	-0.221338
-0.115299	0.314282
-0.712805	-0.536859
-0.788851	-0.847479
-0.528122	0.016409
2.00313	0.340904
-0.473803	-0.331148
-0.343438	0.455601
-0.951808	-0.400517
-0.93008	-0.273721
1.16662	0.528467
0.971075	0.551931
-1.02785	-1.17935
-0.571577	0.307329
-0.788851	-0.966249
-0.712805	-0.548869
2.05745	0.213036
-0.538985	-0.31497
-0.647623	-0.583895
1.05799	0.233284
1.5034	0.0889737
-0.723669	-1.15145
0.460479	0.623381
-0.267392	0.402927
-0.538985	-0.308734
0.949348	0.50527
-0.647623	-0.154824
-1.00613	-0.489196
-0.245664	0.359406
-0.0283893	0.0447983
-0.0175256	0.605993
3.64356	0.704671
-0.0175256	0.181527
-0.604168	-0.825196
0.210613	0.31029
0.949348	0.317352
-0.484667	0.152204
0.330114	0.646522
0.362706	0.643846
1.1449	0.393909
-0.832306	0.0603804
2.47027	0.413372
-0.658487	0.17178
0.134567	0.331105
0.49307	0.163884
-0.419484	0.452275
0.503934	0.452298
3.10037	0.33846
1.15576	0.593903
2.77446	0.480994
-0.66935	-0.0176316
-0.647623	0.315983
-0.658487	-0.343655
-0.299983	-0.00364088
2.06831	0.388678
0.525662	0.456822
-0.821443	-1.05144
-0.66935	-0.250538
-0.984399	-1.14582
-0.615032	0.194828
-0.897489	0.158865
0.167158	0.319531
3.20901	0.168866
0.0476569	0.0563102
0.112839	0.455357
1.29699	0.536839
0.569117	0.178326
-0.745396	-0.323226
1.12317	0.805686
-0.647623	-0.583895
-0.701941	-0.87489
1.5034	0.560491
0.471343	0.401798
-0.365165	0.434607
-0.0175256	0.15235
-0.875761	-0.502336
-0.256528	-0.0521616
0.49307	0.304937
0.112839	0.53834
0.482207	0.0959159
-0.767124	-0.458701
-1.02785	0.257146
0.0911119	0.112968
-0.951808	-0.705119
-0.332574	-0.685077
-0.864898	-0.719889
-0.908353	-0.690087
-0.549849	-0.158843
-0.213073	0.371237
-0.647623	-1.12491
1.64463	0.389805
-0.615032	-0.205021
-0.84317	0.100237
-0.864898	-0.161348
-0.082708	0.353344
-0.93008	-0.917699
-0.560713	-0.277531
0.188886	-0.141002
-0.267392	-0.475824
-0.549849	0.396466
-0.919216	-0.623426
-0.082708	0.421234
-0.973535	0.144073
-0.32171	0.165284
-0.908353	-1.06391
4.49093	0.37542
-0.615032	0.0482072
2.70927	0.483816
-0.691078	-0.197975
0.275796	0.255849
-0.777988	-1.63085
-0.604168	0.229228
0.330114	0.141061
1.99227	0.327067
-0.712805	0.334522
0.438752	0.198224
-0.636759	0.217436
0.0693844	-0.000121618
2.33991	0.393841
-0.788851	-0.593462
-0.452075	-0.408005
-0.571577	-0.513806
-0.528122	0.262906
0.112839	0.378157
0.0259294	0.39334
0.286659	0.60387
-0.777988	-1.26812
-1.00613	-0.201058
-0.528122	0.101831
-0.962671	-0.279735
-0.115299	-0.00104354
0.167158	0.332831
-0.940944	-0.509902
-0.908353	-1.24623
0.971075	0.200383
-0.365165	-0.805298
-0.615032	-0.563752
-0.441212	0.295148
0.57998	0.618066
-0.2348	0.390588
0.764664	0.696823
1.02539	0.227261
-0.0935718	0.212256
0.590844	0.101798
0.275796	0.313001
-0.354302	-0.420672
-0.082708	0.565349
0.221477	0.15679
0.677754	0.43299
-0.810579	-0.550137
0.818983	-0.0548262
0.721209	0.0455116
0.00420194	0.511684
1.07971	0.407906
2.492	0.51768
-0.973535	-0.141824
-0.354302	-0.32666
-0.0283893	0.410563
0.395297	0.65455
-0.137027	0.600468
-0.658487	-0.512232
-0.126163	0.357425
4.1107	0.633968
-0.984399	0.176827
-0.49553	-0.0925789
-0.538985	-0.491929
-0.886625	-0.277468
0.438752	0.445323
-0.940944	-0.0924489
1.18835	-0.0407703
1.56858	0.120848
0.677754	-0.170912
-0.864898	-0.494462
-0.658487	0.300389
-0.49553	0.27383
-0.549849	-0.678248
-0.386893	0.540953
-0.636759	-0.739834
-1.00613	-0.60713
-0.386893	0.223876
0.699482	0.392272
-0.767124	-0.32734
-0.897489	-0.785551
0.384433	0.487058
-0.397757	0.517358
0.851574	-0.117648
-0.538985	0.322188
-0.039253	-0.0732991
-0.549849	0.248735
-0.701941	-1.22193
-0.397757	-0.68423
-0.973535	-0.272125
0.57998	0.453611
-0.723669	-0.189688
-0.158754	0.394528
1.25353	0.43808
-0.0501168	0.242185
-0.0935718	-0.168811
1.02539	-0.145068
-0.419484	0.36904
-0.58244	-1.30625
0.178022	-0.371191
0.786392	0.574188
-0.528122	0.550928
-0.897489	-0.371523
2.45941	0.671878
-0.082708	0.419776
-0.75626	-0.209194
-0.169618	-0.103774
-0.875761	-0.577066
0.634299	0.225046
-1.00613	-0.913449
-0.886625	-0.12301
-0.919216	0.248554
-0.712805	-0.968242
-0.951808	-1.03441
-0.875761	-0.324443
-0.310847	0.356917
-0.528122	0.109409
0.503934	0.289008
0.0367932	0.0132258
-0.039253	0.365595
-0.701941	-0.251421
2.18781	0.0598709
1.02539	0.227261
-0.49553	-0.492169
0.384433	-0.109035
0.797255	0.397481
-0.951808	-0.44965
0.167158	0.450817
1.1449	-0.429622
-0.973535	-0.886495
-0.430348	0.343381
-0.799715	0.315891
-0.658487	0.167316
-0.995263	-0.735732
-0.821443	0.538164
-0.560713	-0.133187
-0.49553	0.131992
-0.365165	0.3664
-0.0609805	0.105668
-0.604168	-0.402211
-0.832306	0.430778
1.30785	0.391166
1.6229	0.606404
-0.940944	-0.0522355
-0.864898	0.0263818
0.449616	0.502168
1.68808	0.585947
-0.58244	0.43832
1.93795	0.609224
-0.126163	-0.253148
-0.875761	-0.546752
0.862438	0.258784
-0.832306	-0.500182
-0.354302	0.232234
-0.310847	0.144295
-0.0935718	0.385141
-0.897489	-0.306679
-0.875761	-0.312714
-0.84317	-0.675064
0.895029	0.175879
-0.875761	-0.421576
-1.00613	-0.298072
-0.126163	0.250568
-0.973535	-1.23702
-0.484667	0.494492
-0.93008	-0.56293
-0.908353	-1.24572
0.558253	-0.101358
-0.180482	-0.179191
-0.213073	0.38829
-0.615032	-0.616079
2.53545	0.286484
1.12317	0.0743434
-0.821443	-1.17688
-0.386893	0.214753
0.0585207	0.381768
-0.0283893	0.465702
-0.386893	0.43958
1.48167	0.29426
-0.636759	-0.656051
2.42682	0.597791
-0.799715	-1.21011
-0.386893	-0.541416
0.297523	0.332254
-0.691078	-0.723675
4.2302	0.767027
0.677754	-0.263498
0.677754	0.296213
-0.082708	0.259321
-0.571577	-0.323647
-0.973535	0.0906774
1.23181	0.269459
1.77499	0.464734
3.66528	0.0357856
-0.886625	-0.0851137
0.558253	0.503057
-0.854034	-0.343129
-0.365165	0.0625503
-1.00613	-0.764493
0.00420194	0.0823101
2.66582	0.49221
-0.213073	-0.103603
3.05691	0.407908
-0.897489	-0.598448
-0.832306	-0.722134
0.0150657	0.0180014
0.178022	-0.876594
3.29592	0.444681
0.145431	-0.567127
-0.940944	-0.442129
0.449616	0.208164
-0.799715	-0.488135
-0.799715	0.0752731
-0.223937	-0.232976
-0.473803	0.386004
1.76413	0.381304
0.308387	0.00843439
-0.799715	-1.15346
-0.93008	-0.625365
-0.538985	0.267859
0.569117	0.429777
-0.723669	0.493673
0.569117	0.427069
-0.636759	-0.623199
1.63376	0.12833
-0.788851	-0.836991
-0.126163	-0.106256
-0.430348	0.150627
-0.202209	0.653484
-0.549849	-0.161285
-0.984399	-0.664173
0.232341	0.146822
-0.940944	0.0900122
-0.962671	-0.506333
-0.723669	-0.274025
-0.625895	-0.469103
-0.593304	-0.558807
0.503934	0.0592182
-0.2348	0.296804
0.623435	0.178985
-0.538985	-0.768073
-0.788851	-1.15777
-0.93008	-0.323774
-0.082708	0.252383
-0.49553	0.244545
1.79672	0.716461
-0.886625	-0.515916
-0.473803	-0.287743
-0.84317	0.0949038
0.384433	-0.303194
-0.32171	0.0545745
-0.625895	0.103109
0.688618	0.609049
0.569117	0.111034
-0.854034	-0.332515
0.395297	0.408417
-0.191345	0.106938
-0.158754	0.402005
-0.821443	-0.218391
0.547389	0.119193
-0.528122	-0.498364
-0.886625	-0.329637
0.167158	0.122294
1.7424	0.403076
-0.267392	0.447816
-0.0609805	-0.321052
2.05745	0.368404
0.0693844	-0.35156
-0.267392	0.333585
-0.832306	-0.234943
-0.126163	0.553621
-0.40862	-0.723795
0.721209	0.42467
0.916757	0.487551
-0.973535	-1.04867
-0.84317	0.13501
-0.299983	0.332349
1.15576	-0.912914
-0.528122	0.250759
-1.00613	-0.759583
0.558253	0.150127
-0.940944	-0.491946
-0.962671	-1.19574
-0.940944	-0.724341
-0.75626	-0.446149
-0.919216	-0.557098
-0.647623	0.256127
-0.419484	-0.136148
0.178022	0.207751
-0.615032	0.581553
-0.299983	-0.0826765
-0.452075	-0.0105718
0.0693844	-0.485189
0.7538	-0.0709171
0.373569	-0.0906025
4.20847	0.557267
-0.278255	-0.466528
-0.517258	0.176522
-0.767124	0.490257
-0.93008	-0.629216
-0.126163	-0.0872618
0.0150657	0.370768
0.895029	0.357572
-0.886625	-0.512571
-0.777988	-0.413958
0.178022	-0.023811
1.24267	0.314288
4.24106	0.176485
-0.919216	-0.0489662
-0.951808	-1.19549
0.297523	-0.131954
-0.84317	0.141405
-0.32171	0.0684864
0.84071	0.243445
1.69895	0.245663
0.167158	0.369413
-0.951808	-0.358054
0.558253	0.211323
-0.821443	-0.818925
-0.615032	0.0180639
-0.397757	0.135087
-0.267392	0.344053
-0.593304	0.0287179
-0.00666181	-0.5408
-0.430348	-0.0342843
-0.32171	-0.605239
-0.289119	0.155555
-0.854034	0.160381
-0.452075	-0.498577
1.12317	0.729675
1.69895	0.113991
-0.897489	0.220565
0.764664	0.285871
0.275796	0.542204
0.221477	0.261341
-0.658487	-0.590076
0.275796	0.524281
-0.571577	0.233289
0.699482	0.0540862
-0.528122	0.143389
-0.636759	0.386631
0.406161	-0.450387
0.384433	0.461179
1.6229	0.413482
1.82931	-0.0690575
-0.115299	-0.12627
-0.00666181	0.384027
-0.897489	0.225506
-0.604168	-0.347244
0.417024	0.0103841
-0.32171	-0.347181
-0.821443	0.160812
-0.680214	0.160087
-0.734533	0.344632
0.308387	0.174302
0.134567	0.417284
-1.00613	-0.703116
3.19814	0.424958
0.57998	0.310194
-0.973535	-0.977911
-0.137027	0.721282
-0.441212	0.00504731
-0.821443	-0.429922
1.91622	0.714534
-0.32171	0.239191
0.851574	-0.11614
-0.658487	-0.424112
-0.723669	-0.809979
-0.549849	0.112119
-0.0283893	-0.122535
1.13403	0.256466
-0.680214	-0.0501495
-0.897489	-0.638577
-0.951808	-0.430078
1.21008	0.30463
1.18835	0.379708
-0.940944	-0.313789
-0.082708	0.516621
-0.223937	-0.32396
-1.02785	-0.492581
1.56858	0.108854
-0.734533	0.409769
1.15576	0.652537
-0.115299	-0.760355
-0.940944	-0.488337
1.37303	0.267506
1.53599	0.275626
0.134567	0.277922
0.721209	0.533079
-0.810579	-0.550137
2.48114	0.281756
0.66689	0.215502
-0.604168	-0.350871
-0.32171	0.186833
0.0693844	0.466881
-1.01699	-0.80255
0.634299	0.0825735
-0.984399	-0.295364
-0.484667	0.321992
-0.832306	-0.713116
-0.202209	-0.156375
0.167158	-0.0294352
0.188886	0.140599
-0.93008	0.166023
0.243204	0.282335
-0.299983	0.145517
-0.799715	0.587473
1.32958	0.263831
1.03626	0.134203
-0.213073	-0.166095
-0.886625	-0.130306
0.916757	-0.0365588
-0.180482	-0.409481
-0.973535	-0.018844
0.0693844	-0.204512
-0.419484	-0.545886
-0.680214	-0.845294
-0.712805	0.0211299
0.0911119	0.259806
-0.908353	-0.378031
-0.854034	-0.387697
-1.00613	-1.16885
-0.58244	-0.547504
0.938484	0.805783
1.02539	0.312369
0.395297	0.277488
1.15576	0.391366
-0.973535	-0.00366477
-0.636759	-0.324474
-0.777988	-0.339591
-0.810579	0.314729
-0.0175256	0.0348055
-0.625895	0.541026
-0.875761	-0.0353281
0.395297	0.145544
-0.00666181	0.294471
0.330114	0.352916
-0.799715	-1.75521
0.221477	0.674572
1.07971	0.705424
-0.984399	-0.735149
-0.821443	0.25565
-0.84317	0.384258
0.188886	-0.216803
-0.636759	-0.322159
-0.886625	-0.554244
-0.777988	0.0170173
-1.04958	-1.24805
0.112839	0.200626
0.319251	-0.241824
-0.734533	0.366711
-0.84317	-0.61197
-0.528122	0.177044
-0.973535	0.249309
-0.137027	0.0981252
-0.810579	-0.600984
-0.734533	-0.218906
-0.951808	0.184049
-0.397757	0.496157
0.210613	-0.0412674
-0.647623	-0.785558
1.90536	-0.324225
1.05799	0.33068
-0.821443	-0.166771
3.75219	0.799208
-0.886625	0.0662618
0.340978	0.453655
-0.571577	-0.116326
1.3839	0.472395
-0.701941	0.252662
-0.658487	0.422219
0.84071	0.561727
-0.84317	0.281008
0.677754	0.0595545
-0.32171	0.0627523
0.938484	0.719468
0.449616	-0.203902
0.362706	0.65649
-0.636759	0.37306
-0.75626	-0.132543
0.916757	0.482474
-0.908353	-0.682413
0.590844	0.473175
-0.538985	-0.146966
0.482207	0.473312
-0.223937	0.399006
-0.115299	-0.191146
-0.984399	-1.1555
-0.75626	-0.345771
-0.0283893	0.38041
-0.528122	0.153727
-0.767124	0.0302333
1.36217	0.343386
0.178022	-0.29653
-0.951808	-0.808804
-0.223937	-0.00519822
-0.397757	0.0459327
0.199749	0.255425
0.373569	0.177947
-0.973535	-0.801355
-0.397757	0.307233
0.895029	0.330925
-0.832306	-0.90132
3.44801	0.728559
-0.625895	-0.0577359
1.7424	0.474245
0.199749	0.517316
0.0802482	0.38845
-0.940944	-0.582315
-0.984399	-0.625714
0.243204	0.23078
0.156294	-0.597198
-0.680214	-0.272487
1.13403	0.479459
-0.788851	0.703472
-0.115299	-0.271597
0.612572	0.13461
-0.560713	-0.0903696
-0.875761	0.536095
-0.137027	0.0986086
-0.951808	-0.53654
-0.245664	-0.140823
-0.919216	-0.364657
-0.104436	0.27863
1.93795	0.658251
-0.919216	0.465136
0.612572	0.441661
-0.462939	0.272426
-0.810579	-0.615917
0.775528	0.149064
-0.821443	-0.515048
-0.767124	0.303731
-0.191345	0.231818
2.14436	0.448962
0.101976	0.0263457
-0.484667	-0.572456
-0.40862	-0.718186
2.253	0.701597
-0.767124	-0.583779
-0.908353	-0.17369
-0.93008	-0.728487
-0.267392	-0.0580149
-0.343438	0.126643
-0.517258	-0.861638
0.49307	0.482252
-0.93008	-1.05918
-0.365165	-0.145407
-0.354302	-0.112554
-0.310847	-0.268699
-1.00613	-0.481976
-0.951808	-0.111849
1.29699	0.100386
2.36163	0.361878
-0.777988	-1.03595
-0.58244	-0.477383
2.05745	0.403151
-0.452075	-0.0787391
0.178022	0.212634
-0.886625	0.341228
-0.691078	0.421303
1.8619	0.475344
-0.245664	0.491034
0.243204	0.352688
1.78586	0.331969
-0.886625	-0.404714
-0.962671	-0.652118
-0.908353	-0.226073
-0.962671	-0.563638
0.710345	0.260812
-0.886625	-0.20175
0.775528	0.597683
2.38336	0.529931
-0.875761	-0.545791
-0.897489	-0.0730518
-0.571577	0.307329
0.818983	0.264837
-0.734533	-0.304499
0.134567	0.370786
1.64463	0.34739
-0.571577	-1.7073
-0.604168	0.0590612
-0.549849	0.727887
-0.332574	-0.868199
-0.647623	0.0308532
-0.658487	0.414989
0.0476569	0.407848
0.264932	-0.0428812
-0.213073	-0.25309
-0.864898	0.332288
1.68808	0.252281
-0.278255	-0.115223
1.22094	0.479439
0.0911119	0.160722
0.992803	0.423412
0.0367932	-0.317916
0.482207	-0.228617
-0.75626	-0.0488308
0.0802482	0.262894
-0.245664	0.491034
-0.875761	-0.312696
0.395297	0.3677
2.1335	0.567656
-0.039253	0.126283
-0.940944	-0.266973
2.1009	0.11838
0.525662	0.103576
-0.506394	0.027436
0.677754	0.252992
-0.973535	-1.24176
0.254068	-0.12334
-0.245664	-0.227307
2.45941	0.630737
0.786392	0.331348
-0.777988	0.525808
1.06885	0.483563
-0.571577	0.400333
-0.962671	-0.913507
0.688618	0.109726
-0.40862	-0.133701
-0.528122	-0.455662
-0.082708	0.336044
0.123703	0.360934
0.210613	0.206819
-0.995263	0.258644
-0.864898	0.365004
-0.908353	-0.224824
-0.875761	-0.681499
0.699482	0.0738405
1.61204	0.327648
1.61204	0.327648
-0.0718443	0.447412
-0.299983	0.426558
1.04712	0.46402
3.16555	0.125182
0.0693844	0.592784
-0.777988	-0.535727
-0.604168	-0.452614
3.92601	0.767852
-0.940944	-0.272609
0.786392	0.156968
-0.484667	-0.537606
-0.897489	0.278476
-0.571577	0.0607283
-0.75626	0.150636
0.395297	0.209574
-0.082708	0.0766266
2.40509	0.530427
-0.310847	0.396651
0.949348	0.355064
-0.278255	0.301324
1.05799	0.427891
-0.202209	-0.0029748
-0.278255	0.044058
0.178022	-0.2571
0.319251	0.151664
-0.66935	0.417539
-0.84317	-0.425682
0.178022	0.212634
-0.908353	-0.243152
-0.886625	-0.37778
-0.767124	-0.769691
-0.560713	-0.484574
-0.332574	0.161004
-0.734533	0.33842
-0.32171	0.417675
-0.951808	-0.535322
-0.615032	0.179022
-0.473803	0.0814215
-0.897489	-0.698958
3.39369	0.492531
-0.158754	0.265589
-0.039253	0.606205
-0.984399	-0.751853
-0.517258	0.452689
-0.767124	0.305317
-0.40862	-0.135229
0.677754	0.283422
-0.560713	0.344796
1.97054	0.0271709
2.31818	0.561101
-0.615032	-0.19018
0.960212	0.201099
-0.430348	-0.184399
0.145431	0.444163
2.30732	-0.107557
0.101976	0.128596
-0.810579	-0.119183
-0.126163	0.422277
3.40455	0.698417
-0.332574	0.234834
-0.58244	-0.330608
-0.810579	0.0308568
2.19868	0.541028
0.590844	-0.203355
1.79672	0.227092
-0.680214	0.547863
0.699482	0.015563
0.569117	0.0692059
-0.962671	-0.763148
3.19814	0.117876
2.53545	0.089087
2.6115	0.715646
-0.875761	-0.529739
-0.734533	-0.391445
0.134567	0.17625
-0.452075	-0.232916
-0.267392	-0.096405
0.0367932	0.480266
-0.84317	-0.462094
2.33991	0.424859
0.601708	0.0563333
1.85104	0.408096
-0.32171	-0.436932
-0.299983	0.495675
1.27526	0.388448
0.797255	0.386108
0.873302	0.371351
-0.919216	-0.713505
-0.919216	-0.457378
-0.821443	-0.0838795
2.28559	-0.0880039
-0.462939	-0.747359
0.960212	-0.225356
1.27526	0.349626
-0.647623	-0.373156
-0.560713	0.0371907
-0.84317	-0.474864
-0.354302	0.270261
-0.354302	0.329518
1.7424	0.362536
0.623435	0.676903
-0.788851	-0.153787
-0.84317	-0.480242
-0.897489	-0.354179
-0.462939	-0.594493
-0.32171	0.08413
-0.104436	-0.427547
-0.951808	-0.554388
-0.973535	-0.12752
-0.723669	-0.0725426
-0.126163	-0.718032
-0.864898	-0.79054
0.286659	0.789632
-0.267392	0.260352
-0.875761	-0.416604
-0.538985	-0.139414
-0.864898	-0.507473
-0.84317	-1.35982
-0.897489	-0.493748
-0.202209	-0.0109173
3.07864	0.400521
-0.0175256	0.30998
0.0150657	0.217873
-0.75626	-0.484565
-0.2348	0.241834
-0.267392	-0.0271799
-0.940944	-0.459232
-0.962671	-0.102917
-0.691078	-0.0145492
-0.995263	-0.707562
0.482207	0.148706
-0.767124	0.462417
-0.962671	-0.505952
1.23181	0.429977
-0.419484	-0.503137
1.89449	0.526656
0.449616	0.140049
0.0367932	0.24947
-0.397757	-0.287629
1.23181	-0.277427
-0.962671	0.0946089
0.0150657	0.16329
2.01399	0.53331
0.0150657	0.464103
-0.0175256	-0.115879
1.1123	-0.0807287
-0.788851	-0.0202291
-0.137027	-0.074683
1.39476	0.302032
-0.854034	0.194277
-0.93008	-0.507106
0.167158	0.584565
0.264932	0.286256
3.33937	0.455875
0.818983	0.322172
-0.365165	-0.473907
2.40509	0.331953
0.286659	0.25482
-0.973535	-0.263377
1.31872	0.49227
-0.897489	0.50488
0.710345	0.28512
1.02539	0.331709
1.52513	0.352697
0.319251	0.566433
2.05745	0.348123
-0.158754	0.631486
-0.310847	-0.479397
1.93795	0.0953449
0.0585207	-0.480015
0.438752	0.445323
-0.854034	-0.373584
-0.767124	0.360608
0.0802482	0.412808
-0.0609805	-0.202226
0.0911119	-0.320153
0.210613	0.110004
-0.191345	0.379797
-0.538985	-0.0767522
1.16662	0.0640474
0.971075	0.566979
-0.386893	0.273361
0.254068	0.0735517
2.03572	-0.286328
0.156294	0.33439
-0.973535	0.0421446
-0.886625	-0.547705
0.57998	-0.277691
0.221477	0.453801
-0.278255	-0.264828
1.36217	-0.247704
3.2416	0.08014
-0.897489	-0.67669
-0.658487	-0.623958
0.851574	0.293967
-0.462939	0.312469
0.188886	0.137754
-0.386893	0.0779457
-0.604168	-0.414424
-0.278255	0.401745
1.23181	0.175069
0.264932	0.260928
3.9912	0.560758
-0.462939	-0.177856
0.569117	-0.295146
0.232341	0.679362
1.8619	0.214837
0.851574	0.488838
-0.278255	0.594896
-0.517258	0.461091
-0.039253	0.372568
0.362706	0.378785
0.178022	0.513029
-0.701941	-0.0611243
0.254068	0.522576
0.319251	0.422958
-0.951808	-0.515969
-0.00666181	0.509674
0.0259294	-0.0649181
-0.0283893	-0.897363
-0.473803	0.394133
1.37303	0.396311
-0.104436	0.306262
0.210613	-0.175401
-0.919216	-0.949478
-0.832306	0.193469
-0.615032	0.454703
1.00367	0.367662
-0.940944	-0.681667
1.48167	0.667545
-0.517258	-0.081216
-0.58244	0.0997587
-0.864898	-0.890359
-0.940944	-0.889805
1.05799	-0.191016
-0.223937	0.0416057
-0.310847	0.266141
0.895029	0.429808
0.286659	-0.172141
2.66582	0.71831
-0.419484	0.372187
-0.376029	-0.057888
-0.810579	-0.788037
-0.897489	-0.15949
-0.995263	-1.47518
0.406161	-0.182106
-0.973535	-0.694553
0.0150657	0.566177
-0.680214	-0.102596
1.2644	0.689702
-1.00613	-0.282111
-0.832306	0.00169673
-0.93008	-0.463221
-0.962671	-0.431262
-0.267392	-0.983557
-0.213073	-0.190961
-0.658487	-0.512232
-0.919216	-0.422404
1.17749	0.121423
-0.354302	0.431417
-0.886625	-1.51597
3.44801	0.434878
-1.01699	-0.233353
-0.506394	0.499389
0.00420194	-0.3101
-0.202209	-0.103332
-0.593304	0.188853
-0.0501168	-0.18825
0.797255	0.613453
-0.245664	0.301835
-0.973535	-0.930659
-0.213073	0.413375
2.62236	0.459757
-0.419484	-0.703146
-0.137027	0.265589
0.710345	0.440377
0.992803	-0.261966
2.38336	0.0997562
0.0802482	0.0761287
-0.462939	-0.0301781
-0.082708	0.35203
-0.658487	-0.254192
-0.897489	-0.585047
-0.202209	0.0103517
-0.864898	0.257358
-0.0718443	0.237421
-0.202209	-0.0265057
-0.788851	0.306582
0.210613	0.570611
-0.365165	-1.21069
-0.58244	0.0404958
-0.908353	-0.753583
-0.223937	-0.16447
1.93795	0.534331
0.275796	-0.285052
-0.973535	-0.858514
0.438752	0.331363
0.330114	0.0365083
-0.832306	-1.07798
-0.104436	0.455797
0.0911119	0.0524243
-0.49553	-0.103416
-0.202209	0.275983
-0.897489	-0.610169
-0.625895	-0.119832
-0.223937	-0.525371
-0.506394	-0.167889
-0.897489	-0.927126
1.00367	0.293935
0.351842	0.157772
-0.343438	0.00980229
0.57998	0.0366164
-0.973535	0.361796
-0.745396	-1.12832
-0.517258	0.400116
-0.821443	-1.23688
-0.712805	-0.255532
1.05799	0.3402
0.0367932	0.189001
-0.908353	-1.08454
-0.821443	-0.954771
-0.93008	-0.191184
-0.886625	0.299641
0.656027	0.178488
-0.604168	-0.806867
1.87277	0.685193
-0.365165	0.54421
1.8619	0.228737
-0.245664	0.552676
0.340978	0.196918
0.0150657	-0.848695
3.2416	0.493856
0.590844	0.162329
1.12317	0.430842
0.732073	-0.030342
-0.267392	0.265808
0.0367932	-0.106165
-0.658487	0.210184
3.45887	0.281203
0.427888	0.718005
-0.940944	-0.723223
0.406161	0.264723
-1.01699	-0.384438
-0.908353	-0.364704
-0.940944	-0.695688
0.101976	-0.863402
1.15576	0.391366
0.57998	0.329368
-0.604168	-0.775737
0.243204	0.240978
-0.625895	-0.926101
1.3839	0.303391
0.286659	0.0633792
-0.788851	-0.363957
-0.940944	0.217897
-0.864898	-0.341108
-0.745396	-0.515157
-0.919216	0.362052
-0.962671	-1.55817
1.01453	0.0811663
-0.919216	-1.19674
-0.821443	-1.02822
1.27526	0.285495
1.18835	-0.269659
-0.625895	-0.357438
0.732073	-0.0519694
-0.745396	-1.00545
-0.0935718	0.0272478
1.57945	0.527841
-0.615032	0.102891
0.438752	-0.517029
-0.310847	0.048972
0.873302	0.367569
2.24213	0.753457
-0.473803	0.260641
-0.082708	-0.135606
-0.299983	0.0191612
1.34044	0.658944
-0.66935	0.0607846
-0.788851	0.582606
-0.137027	-0.115128
-0.484667	0.416473
0.699482	0.015563
0.254068	-0.31948
1.25353	0.199441
-0.386893	0.214753
0.319251	0.682982
1.01453	0.415227
-0.854034	0.0723428
0.232341	0.302901
-0.484667	-0.0132626
-0.919216	0.0920395
1.10144	0.316544
-0.2348	-0.2081
-0.376029	0.222274
-0.93008	0.332473
-0.376029	0.239945
1.16662	0.241764
-0.734533	0.329038
-0.397757	0.286322
-0.701941	0.428702
-0.691078	-0.731624
-0.082708	0.0703988
-0.799715	-0.144186
-0.84317	-0.636702
1.21008	0.220882
-0.908353	-1.80499
0.275796	0.436612
-0.886625	0.0415638
-0.0283893	0.220343
-0.75626	0.26676
-0.897489	-1.17428
0.232341	0.146822
0.0367932	0.54842
-0.854034	0.216685
0.00420194	0.290782
1.34044	0.53599
0.0585207	0.351717
0.645163	-0.0391874
-0.625895	0.372706
-0.93008	0.0339001
-0.864898	-0.227216
0.101976	0.238864
-0.343438	0.33305
-0.245664	0.245962
0.188886	0.379971
-0.376029	0.503916
0.134567	0.341714
0.167158	0.530122
1.30785	0.218603
-0.832306	-0.125501
-0.745396	-0.256483
-0.75626	0.685492
0.525662	0.157812
-0.430348	0.498998
-0.854034	-0.455169
1.07971	0.330152
1.05799	0.316186
-0.636759	0.240028
-0.126163	-0.720972
-0.354302	0.252142
-0.213073	0.160197
0.710345	0.262619
-0.278255	0.386322
-0.2348	0.303449
-0.647623	0.519997
0.112839	0.440789
3.38283	-0.163871
-0.571577	-0.621613
-0.169618	0.317577
1.12317	0.297886
-1.01699	-0.65878
-0.2348	0.0810236
-0.93008	-0.711779
1.07971	0.0690653
2.03572	-0.961713
-0.386893	-0.022819
-0.908353	-0.462897
-0.777988	-0.889704
-0.886625	-1.31466
-0.452075	0.0717974
-0.886625	-1.07911
-0.40862	0.385463
-0.354302	-0.468899
1.01453	0.722045
-0.886625	-0.875844
-0.354302	0.288648
0.57998	-0.249124
-0.354302	0.494368
-0.864898	-0.523136
-0.310847	0.465843
0.0259294	0.446731
-0.864898	0.183359
0.297523	-0.131954
-0.864898	-0.0044235
-0.376029	0.293717
-0.169618	0.101363
-0.767124	0.236929
1.39476	0.473151
1.05799	0.119705
0.558253	0.107118
-0.517258	0.471937
-0.604168	-0.0552692
4.15415	0.700178
4.20847	0.740924
2.45941	0.401243
1.06885	0.371718
0.156294	0.483165
-0.354302	-0.147739
0.221477	-0.494317
-0.365165	0.00303604
1.7424	0.429034
0.340978	0.303137
-0.528122	-0.0449149
-0.571577	0.358468
1.10144	0.489965
-0.875761	-0.709358
-0.245664	-0.26754
-0.452075	-0.277834
-0.723669	-0.213359
-0.93008	-0.552327
-0.2348	0.286205
-0.919216	-0.245354
-0.549849	-0.241612
-0.289119	0.263446
-0.647623	-0.247084
-0.376029	-0.263613
0.0259294	0.452678
-0.832306	-0.509476
-0.854034	-0.224691
-0.767124	-0.510899
0.178022	0.464829
-0.864898	-0.209841
-0.0718443	0.189814
-0.897489	-0.181362
0.427888	0.377741
-0.0935718	0.510487
0.101976	0.335977
0.449616	-0.0925972
1.10144	0.353929
-0.365165	0.354283
1.23181	-0.280913
-0.93008	0.292586
-0.886625	-0.281781
-0.386893	0.408859
-0.984399	-0.32031
0.960212	-0.195018
-0.571577	0.0867722
0.7538	0.441292
0.188886	-0.305667
5.30571	0.665407
-0.799715	-0.0388863
-0.886625	0.0825482
0.818983	0.505458
0.112839	-0.0548313
0.0367932	0.0241544
-0.66935	0.437525
0.818983	0.551195
-0.104436	0.0667497
0.634299	0.164856
3.08951	0.443621
-0.104436	-0.112682
-0.528122	0.111388
-0.2348	0.30596
-0.158754	0.0233061
-0.984399	-0.227506
-0.00666181	-0.0483149
-0.864898	0.147468
0.188886	-0.17045
0.0693844	0.193162
-0.473803	-0.311183
-0.854034	-0.27646
-0.788851	0.215811
-0.940944	-0.246088
-0.995263	-0.806257
-0.528122	-0.646091
1.84017	0.394009
-0.484667	0.358793
-0.897489	-0.626318
0.319251	0.0364003
-0.897489	0.0867439
-0.299983	0.0937081
-0.636759	-0.246447
-0.0283893	0.176477
1.39476	0.524104
0.178022	0.81278
-0.647623	-0.345114
0.210613	0.505449
-0.256528	-0.18932
-0.386893	0.48204
-0.875761	-1.53114
0.612572	0.75319
0.167158	0.175074
-0.604168	0.238334
0.0150657	-0.0263429
1.81845	-0.106588
-0.169618	0.207572
3.01346	0.582423
1.1449	0.393909
0.0259294	0.451247
-0.919216	-0.55483
-0.0501168	0.103153
-0.299983	0.608084
-0.712805	-0.542414
-0.169618	-0.0910039
-0.973535	-0.36287
-0.299983	0.151164
-0.701941	-0.36856
-0.973535	-0.864783
-0.376029	-0.20376
0.167158	0.213134
2.27472	0.391017
-0.571577	-0.138755
-0.473803	-0.150457
-0.832306	0.209412
-0.104436	0.122978
1.03626	-0.0887333
-0.712805	0.316854
-0.84317	0.170832
-0.191345	-0.0809751
0.427888	-0.376439
0.112839	-0.0629444
-0.332574	-0.0366343
-0.256528	0.447926
-0.701941	-0.749769
-0.66935	-0.786508
-0.517258	-0.135763
-0.810579	-0.844581
-0.962671	-0.723704
-0.538985	0.0663801
-0.354302	0.342512
0.590844	0.143429
0.460479	0.278367
-0.191345	0.247953
0.0476569	0.312692
0.818983	-0.0548262
-0.93008	-0.223048
-0.854034	-0.172983
-0.430348	-0.333903
0.188886	0.475018
-0.940944	0.172957
0.438752	0.25931
-0.777988	-1.19832
0.710345	0.400179
-0.571577	-0.282734
-0.332574	-0.292172
-0.886625	-0.553771
-0.647623	0.220985
-0.49553	0.0632486
-0.951808	-0.280128
-0.158754	0.3688
-0.767124	0.03345
-0.636759	0.373861
0.438752	-0.489841
-0.615032	0.40686
-0.158754	0.53127
0.710345	0.752943
0.101976	0.207485
-0.701941	0.546303
0.829847	0.32825
2.27472	0.403319
0.221477	-0.920147
-0.897489	-0.439728
-0.973535	-0.79192
-0.419484	0.331663
1.09058	0.078729
-0.854034	-0.396377
-0.658487	-0.599569
-0.984399	-0.379297
2.91569	0.454636
-0.864898	-0.428103
1.05799	0.388009
1.59031	0.74319
-0.0609805	-0.298989
0.308387	0.471294
4.64302	0.777407
0.721209	0.432762
-0.951808	0.387329
-0.832306	-0.609787
-0.84317	-1.04814
0.00420194	-0.0131604
0.742937	-0.299117
-0.940944	0.558991
-0.158754	0.429554
1.75326	0.32004
-0.343438	0.00980229
0.167158	0.675138
-0.886625	-0.511632
-0.310847	0.60507
0.525662	0.345046
0.330114	0.252413
1.88363	-0.0518805
0.558253	0.371659
-0.821443	-0.0777375
2.09004	0.369735
0.0476569	0.551862
-0.593304	0.0613196
-0.32171	0.0531901
0.210613	-0.100379
-0.169618	0.352499
-0.712805	0.164224
-0.984399	0.287102
-0.441212	-0.543549
0.460479	0.477332
-0.701941	-1.11349
2.56805	0.387006
0.395297	0.308662
-0.75626	-0.113129
-0.854034	0.096254
0.373569	0.0193024
-0.973535	-1.04808
0.438752	0.222029
-0.0718443	0.312341
0.677754	0.222423
-0.788851	0.163686
-0.799715	-0.456154
0.992803	0.362869
-0.0718443	-0.0407881
-0.223937	-0.494199
1.1449	0.101902
-0.810579	-0.501535
-0.0175256	0.543213
-0.452075	-0.246355
-0.940944	0.102864
-0.940944	-0.801871
-0.332574	-0.275302
1.09058	-0.126074
-0.897489	-0.646147
-0.419484	0.380064
-0.593304	0.233482
0.264932	0.215573
-0.528122	-0.646091
-0.832306	0.00169673
-0.0283893	0.236454
-0.58244	-0.0446342
-0.984399	0.371056
-0.462939	-0.774515
-0.00666181	-0.356807
2.40509	0.331953
-0.202209	0.326877
-0.691078	-0.797032
0.232341	-0.0662934
-0.310847	0.235696
0.536525	0.565584
-0.995263	-0.602107
0.0150657	0.734478
0.732073	-0.509243
-0.864898	-0.00782784
1.04712	0.0910743
-0.169618	0.101363
0.221477	0.41734
-0.799715	0.041167
-0.32171	0.5032
-0.810579	-0.0323846
-0.332574	-0.694624
-0.484667	0.381354
-0.886625	-0.25301
-0.951808	-0.650427
4.39316	0.514938
-0.767124	-0.457604
-0.267392	-0.467552
0.949348	0.472923
1.07971	0.555487
-0.919216	-1.16207
-0.191345	0.165478
-0.701941	-0.0269595
0.210613	0.322062
-1.02785	-0.0135911
-0.984399	0.278503
-0.636759	0.128549
-0.473803	0.410163
-0.126163	-0.477323
-0.289119	-0.500782
1.22094	-1.09401
-0.75626	-0.0952676
-0.951808	-0.290464
-0.484667	-0.093889
0.134567	0.00444834
0.330114	0.254947
-0.984399	-1.3488
0.656027	-0.557898
-0.386893	0.437774
-0.886625	-0.364112
-0.180482	0.393783
0.308387	-0.0608583
1.19921	0.271801
-0.636759	0.34729
-0.0718443	0.081376
-0.886625	-0.813548
-0.517258	-0.525588
1.01453	0.672256
1.00367	0.187059
-0.462939	0.242188
-0.560713	-0.059932
0.427888	0.707366
0.960212	0.495444
-0.854034	-0.484113
-0.452075	0.323139
0.57998	-0.131783
0.851574	0.497013
0.786392	-0.319847
0.308387	0.301902
-0.441212	-0.408481
0.0693844	-0.666646
-0.864898	0.439974
-0.940944	-0.443694
-0.984399	-0.642968
-0.647623	0.250767
1.04712	-0.315685
0.178022	-0.269156
-0.289119	0.274636
-0.299983	0.159774
0.960212	-0.243321
0.829847	0.465506
-0.430348	0.195281
-0.0935718	0.623264
0.66689	0.463748
-0.940944	-0.515526
0.992803	-0.261966
-0.962671	0.504974
-0.875761	-0.662842
-0.376029	-0.267537
1.04712	0.615696
0.590844	0.143429
-0.0609805	0.253598
-0.549849	0.21584
-0.897489	-1.08652
-0.734533	-0.252297
2.12263	0.645269
-0.32171	-0.26936
0.590844	-0.0744639
-0.93008	-0.586262
-0.299983	0.138558
0.275796	0.380089
-0.223937	0.447956
0.340978	0.481107
-0.191345	-0.129913
-0.245664	0.0220438
-0.745396	-0.207897
-0.49553	0.28209
0.0802482	0.417455
-0.93008	0.31045
-0.278255	0.437389
-0.908353	0.341244
1.79672	0.140319
-0.386893	0.614286
-0.962671	-0.268306
-0.604168	0.136844
-0.0609805	-0.603247
-0.886625	-1.02979
-0.191345	-0.0284081
1.42735	0.201458
1.05799	-0.0748586
0.101976	0.142247
-0.810579	-0.488092
1.57945	0.4179
-0.441212	-0.309362
-0.571577	-0.0406958
-0.365165	-0.79403
0.699482	0.369045
0.351842	-0.227469
0.286659	0.708232
2.51373	0.633231
0.275796	0.181795
-0.897489	-0.707264
0.971075	0.574591
0.710345	-0.00673057
-0.723669	-0.575879
-0.0718443	0.081376
-0.712805	0.385165
-0.788851	0.0635009
-0.854034	-0.496364
-0.538985	0.261445
1.04712	0.332604
0.395297	0.507889
0.362706	0.399151
-0.528122	-0.10544
0.57998	0.207962
-0.082708	0.252383
-0.137027	0.0749131
-0.777988	0.176354
-0.875761	-0.460089
1.05799	0.31201
0.232341	0.344753
-0.777988	-0.405313
-0.875761	-0.790792
-0.213073	0.217627
-0.180482	0.31956
-0.0501168	0.158955
3.07864	0.565563
0.0150657	-0.128297
1.03626	0.440318
0.0150657	-0.252875
-0.886625	-1.06866
-0.538985	0.184695
-0.854034	0.0926275
-0.810579	0.474221
-0.712805	0.278334
-0.310847	0.422947
-0.256528	0.294389
1.67722	0.276231
2.47027	0.546494
-0.875761	-0.528848
1.22094	0.258494
1.69895	0.426676
-0.376029	0.0714842
-0.549849	-0.955494
-0.386893	-0.0679728
-0.810579	0.324219
-0.625895	-0.564679
0.0802482	0.621439
3.01346	0.582423
-0.810579	-0.555612
0.960212	0.262318
0.775528	0.324017
-0.701941	0.546303
-0.875761	-0.585419
0.764664	0.46605
1.04712	0.293142
-0.854034	0.290101
0.275796	0.183559
-0.951808	-1.39127
-0.14789	0.493233
1.5034	0.248774
-0.897489	-0.138012
-0.84317	-0.475656
0.66689	-0.182957
-0.571577	-0.352331
-0.082708	0.148319
-0.169618	-0.00365459
-0.75626	-0.447747
2.15522	0.243099
0.623435	0.72349
-0.0175256	-0.429498
-0.452075	0.245079
-0.58244	-0.502134
-0.821443	-0.742331
-0.267392	0.409812
-0.082708	0.280627
0.188886	0.157009
-0.875761	-0.0413346
-0.365165	-0.577273
-0.940944	-0.11443
0.829847	0.426424
-0.919216	-0.184001
-0.386893	-0.882247
0.677754	0.729412
0.156294	0.471743
-0.973535	0.0129076
0.721209	0.113418
2.83964	0.544493
0.243204	-0.405331
-0.462939	0.101802
-0.777988	-0.0379243
0.340978	0.196918
0.514798	0.295512
0.221477	0.483831
-0.940944	-0.65892
-0.58244	-0.37139
0.569117	-0.361642
0.688618	0.512614
-0.397757	-0.0906044
0.590844	0.0733688
-0.615032	0.299331
-0.104436	-0.752978
-0.343438	-0.406643
-0.788851	-0.0932784
-0.940944	-0.909513
1.81845	0.721815
0.525662	-0.511937
2.19868	0.561813
-0.419484	-0.585298
-0.223937	-0.247169
-0.549849	-0.0779191
-0.397757	0.240942
-0.799715	0.041167
-0.0175256	0.481655
-0.615032	-0.501056
-0.821443	0.100828
-0.777988	-0.847928
3.98033	0.447066
-0.940944	-0.65959
-0.951808	0.202023
-0.799715	-0.869881
0.188886	0.243417
-0.897489	-0.412198
-0.951808	-0.703882
-0.995263	-0.311801
-0.0501168	-0.806393
-0.984399	-0.970706
0.0476569	0.373714
0.330114	0.209423
-0.647623	0.271001
2.14436	0.607677
0.57998	0.15246
-0.213073	-0.175106
-0.310847	0.432786
1.54685	0.228909
-0.962671	-0.284445
0.308387	0.471294
0.156294	0.664707
0.677754	0.111974
-0.40862	-0.360008
0.536525	0.383904
-0.484667	0.4303
-0.430348	0.0576598
0.0259294	0.656275
1.68808	0.394541
-0.951808	0.288471
-0.995263	-1.08169
-0.995263	-0.586261
0.0476569	0.10073
-0.767124	0.00950234
-0.14789	-0.0813134
-0.58244	-0.213783
-0.267392	-1.09933
-0.84317	-0.587126
-0.299983	-0.353286
-0.549849	-0.616511
-0.549849	-0.23979
-0.58244	-0.387193
-0.0283893	0.467572
-0.202209	0.564929
-0.506394	0.00973683
-0.571577	0.428585
-0.343438	0.416564
1.93795	0.0953449
1.13403	-0.11009
-0.777988	-0.179532
0.264932	0.142247
1.85104	0.477169
4.9798	0.374155
-0.984399	-0.850176
-0.0175256	0.685558
-0.538985	-0.146966
-0.767124	-0.290671
-0.484667	0.437639
-0.256528	-0.267417
-0.93008	-0.575863
-0.256528	-0.0668541
-0.908353	-0.154702
0.417024	0.0293858
-0.32171	-0.0178573
-0.376029	0.0159484
-0.419484	0.787166
-0.604168	0.00546055
0.101976	0.244517
-0.593304	0.505731
0.406161	0.269384
-0.32171	0.00745636
0.232341	0.351973
-0.897489	-0.475764
-0.647623	-0.718487
3.20901	0.725141
-0.528122	0.432672
-0.506394	-0.179103
-0.691078	-0.943152
-0.191345	0.39692
0.395297	0.507132
3.65442	-0.0304531
-0.647623	0.162836
-0.701941	-0.345314
0.308387	-0.0337229
-0.810579	-0.46351
-0.93008	-1.29992
2.99173	0.529742
3.74133	0.472949
0.308387	0.400989
0.199749	0.512568
-0.886625	0.426677
-0.919216	-0.384065
-0.886625	0.203717
0.971075	-0.249136
2.38336	0.652471
-0.137027	0.342587
0.0911119	0.186727
-0.202209	0.601573
1.18835	0.228425
-0.75626	0.477996
-0.93008	-0.500451
2.492	0.817931
-0.538985	-0.0558631
-0.93008	-0.478685
-0.40862	-0.140061
0.938484	0.51552
0.721209	0.00547851
-0.832306	-1.25602
-0.473803	0.338078
0.569117	0.0839826
-0.332574	0.462133
-0.376029	-0.0629159
0.0150657	0.564696
-0.538985	-0.0767522
0.123703	0.173795
0.0150657	0.587158
-0.962671	0.0522275
-0.560713	-0.00613324
-0.278255	0.318256
0.460479	0.407508
-0.462939	-0.594493
5.6968	0.586096
0.134567	-0.00758824
0.0911119	0.0638874
0.612572	0.497416
-0.419484	0.0769243
-0.223937	-0.06186
0.677754	-0.0131107
-0.137027	0.263797
-0.745396	0.0172465
-0.473803	0.0432076
-0.897489	-0.476755
0.634299	0.601975
-0.0935718	0.336354
3.20901	0.388009
0.818983	0.00768356
-0.995263	-0.809364
0.0150657	0.117053
-0.647623	0.165898
0.0693844	-0.453722
-0.886625	-0.566831
-0.158754	0.492012
-0.115299	0.254828
-0.951808	0.220619
-0.875761	-0.393129
-0.897489	-0.0907585
-0.951808	-0.301491
2.06831	0.271111
1.34044	0.559303
-0.723669	-0.0883512
-0.908353	-0.936443
-0.875761	-1.20231
0.525662	-0.501062
-0.854034	-0.376517
-0.984399	-0.406013
0.656027	0.350966
-0.278255	0.340101
-0.810579	0.353225
-0.940944	-1.37787
-0.0501168	-0.167632
-0.202209	0.219176
0.308387	0.16241
-0.538985	-0.287911
-0.571577	-0.548244
-0.14789	0.435531
-0.560713	0.0370008
1.6229	0.196147
-0.0609805	0.16772
-0.158754	0.264748
0.438752	0.346228
0.732073	0.191767
-0.723669	0.0789269
-0.93008	0.0920233
0.406161	-0.0988491
0.134567	0.143561
-0.799715	-0.110608
-0.701941	-0.423375
2.03572	0.565371
-0.908353	-1.40593
-0.441212	-0.63722
-0.886625	-0.259797
-0.908353	0.217377
1.32958	0.181324
-0.875761	-1.03201
-0.593304	0.56935
-0.223937	0.253932
0.0150657	-0.0079007
-0.223937	0.443201
2.89396	0.62097
-0.0935718	0.0365595
-0.93008	-0.752839
-0.93008	-0.325275
1.51426	0.0193223
-0.40862	-0.623818
-1.00613	-1.0554
8.24978	0.859583
-0.462939	0.224225
-0.984399	-0.956972
-0.75626	-0.030735
0.0802482	-0.390239
-0.66935	0.12316
0.742937	0.284712
1.87277	0.416744
-0.821443	-0.660955
0.601708	0.0200145
-0.213073	0.059263
-0.777988	-0.262108
-0.864898	-1.68952
-0.962671	-0.825003
5.39262	0.612797
-0.245664	-0.0770904
-0.875761	-0.609861
0.460479	0.428816
1.8619	0.399151
-0.115299	0.353978
-0.299983	0.702449
-0.93008	-1.0054
-0.332574	0.563192
0.916757	0.558075
-0.962671	-0.461446
1.60117	-0.31499
-0.082708	0.403607
-1.03872	-0.415928
-0.875761	-1.08061
-0.452075	-0.647504
-0.430348	-0.478661
0.308387	0.404907
-0.0175256	0.27631
-0.332574	-0.213381
0.308387	-0.0608583
2.33991	-0.182848
-0.636759	-0.149781
-0.799715	-0.843909
0.0150657	0.403697
3.19814	0.498755
2.24213	0.63963
-0.723669	-0.135773
-0.267392	0.400584
-0.691078	-0.0536611
-0.0283893	0.0871779
-0.66935	0.480848
1.34044	0.147077
-0.995263	-0.756978
-0.908353	-0.582112
-0.126163	0.211035
0.395297	-0.410969
0.330114	0.416047
-0.49553	0.387824
0.721209	0.181566
-0.93008	-0.85385
-0.538985	-0.0910254
1.72067	0.622712
-0.66935	-0.215883
2.48114	0.354395
0.656027	-0.16678
-0.701941	-0.162447
-0.593304	-0.880175
-0.289119	0.435166
-0.560713	0.0829762
2.29645	0.0623763
6.35949	0.773208
0.590844	0.393505
0.384433	0.309363
-0.158754	-0.735083
-0.332574	-0.171251
0.590844	0.735862
-0.560713	0.0457011
0.0476569	0.426076
0.156294	0.134236
1.75326	0.293806
-0.810579	-1.10548
0.0367932	0.216543
0.0367932	0.293702
1.51426	0.503544
-0.767124	-0.0807724
-0.712805	0.380232
-0.908353	-0.0970657
0.971075	0.376391
-0.278255	-0.533588
3.10037	0.557049
-0.75626	-0.0488308
-0.897489	-0.265824
-0.2348	0.0626501
-1.03872	-0.935304
-0.636759	-0.125363
-0.00666181	-0.218536
1.90536	0.326601
-0.691078	0.311925
-0.897489	-1.02322
-0.962671	-0.284445
-0.658487	-0.671098
-0.2348	-0.227841
-0.615032	-0.514213
0.742937	0.0816608
-0.549849	-0.193411
-0.962671	-0.603935
0.373569	0.323769
0.482207	0.405784
1.3839	-0.839991
-0.886625	-0.121104
-0.180482	0.170277
-0.180482	-0.0320193
-0.484667	0.310825
-0.0283893	-0.103089
0.7538	0.00965761
-0.93008	-1.19763
-0.332574	0.516269
-0.289119	-0.0124082
-0.256528	-0.0506603
0.623435	0.211999
0.406161	-0.0862749
-0.0175256	-0.0393048
-0.430348	0.292118
0.7538	0.422239
-0.788851	-0.492513
-0.973535	-2.38326
2.492	0.348364
-0.213073	0.36192
0.960212	-0.461799
-0.365165	0.462387
-0.49553	-0.277282
-0.0935718	-0.563573
0.732073	-0.0041666
-0.777988	-0.0888273
0.57998	0.0771885
-0.473803	0.405313
-0.962671	-0.801846
-0.419484	0.407316
-0.908353	-0.152285
0.482207	0.47687
1.22094	0.0910462
-0.951808	-0.730219
5.6968	0.586096
0.721209	0.617687
0.330114	0.350974
3.53492	0.436534
-0.419484	0.439778
0.112839	-0.0718088
-0.919216	-0.374246
-0.549849	-0.295592
2.97	0.533615
-0.180482	-0.298695
0.873302	0.619434
-0.658487	0.33807
-0.104436	0.21437
1.54685	-0.0701084
-0.299983	0.33546
-0.571577	0.174489
-0.940944	-0.994631
0.677754	0.121813
-0.734533	0.0595805
3.86083	0.696716
-0.821443	0.145929
2.26386	0.609146
-0.593304	-0.665474
1.91622	0.271092
-0.604168	0.128422
-0.810579	0.445026
-0.962671	-0.225936
-0.723669	-0.125801
0.210613	0.0490243
0.178022	-0.29653
-0.995263	-0.736701
-0.604168	0.182487
-0.940944	-0.706642
-0.615032	-0.621593
-0.854034	0.194281
-0.875761	-0.981998
-0.278255	0.335496
1.8619	0.222527
-0.908353	-0.736956
0.84071	0.323754
-0.777988	-0.504545
3.23073	0.384889
-0.473803	0.442417
-0.441212	-0.306754
1.95968	0.643515
-0.777988	0.314283
0.656027	-0.16678
-0.940944	-0.829966
0.199749	0.0310002
2.05745	0.575144
0.514798	0.69241
-0.517258	-0.30866
2.492	0.348364
0.438752	0.39929
-0.940944	-0.305978
-0.875761	-0.288437
0.0476569	0.241094
-0.701941	-0.291935
-0.40862	-0.378569
-0.571577	-0.493037
2.62236	0.700248
-0.75626	-0.332014
-0.854034	0.25101
2.492	0.0641109
-0.712805	0.591459
2.48114	0.365894
-0.256528	0.262893
2.16609	0.24008
1.16662	0.0144847
-0.506394	0.00420538
-0.386893	0.552432
-0.908353	-0.857422
-0.712805	-0.194599
0.395297	-0.212486
-0.821443	-0.348241
-0.0609805	0.425267
-0.745396	-0.180972
0.525662	0.373754
2.11177	0.152265
-0.528122	0.302724
-0.430348	-0.170063
-0.462939	0.509146
0.623435	-0.882933
-0.430348	-0.214411
-0.039253	0.0606963
-0.571577	-0.194782
1.52513	0.499135
-0.549849	0.0780047
-0.32171	-0.4054
0.460479	0.408769
6.21826	0.572424
-0.745396	-0.460506
-0.473803	0.00961078
-0.788851	0.412851
-0.430348	0.142959
0.808119	0.526269
-0.886625	-0.365331
-0.810579	-0.159851
-0.908353	-0.284277
-0.734533	0.136227
-0.854034	-1.00252
0.362706	-0.00881818
0.0259294	-0.0664462
-0.84317	-0.329918
-0.940944	-0.766456
-1.02785	-0.141434
-0.039253	0.222428
0.395297	0.0908145
0.895029	0.0544485
0.0585207	0.382909
1.75326	0.504808
0.471343	0.586321
-0.940944	-0.337562
-0.039253	0.0180739
-0.278255	0.294488
-0.940944	-0.765593
-0.832306	-0.23904
1.47081	0.822151
-0.919216	-0.105908
-0.310847	0.153154
1.31872	-0.0599088
2.66582	0.49221
-0.897489	0.3527
1.1123	0.759276
-0.951808	-0.761005
0.514798	0.62336
-0.75626	0.103276
-0.93008	-0.340835
1.02539	-0.145068
-0.40862	-0.362605
0.732073	0.109643
1.81845	0.655914
-0.137027	-0.119278
0.340978	-0.300484
-0.691078	0.68052
-0.723669	0.03045
1.12317	0.270281
-0.560713	0.153013
-0.66935	0.158511
0.818983	0.389305
2.68755	0.477482
1.34044	0.182722
-0.658487	0.584124
0.00420194	0.0452709
-0.886625	0.133211
-0.0718443	0.698667
0.971075	0.0764515
-1.02785	-0.700917
0.264932	0.699992
0.873302	0.564625
0.438752	0.0588044
-0.386893	-0.562699
-0.723669	-1.41224
-0.897489	-0.487034
0.00420194	-0.89382
-0.875761	-0.556111
-0.897489	-0.243635
-0.734533	-0.257318
-0.267392	-0.606381
-0.115299	-0.0905242
-0.647623	-1.39899
-0.691078	0.282247
-0.191345	0.820995
-0.734533	0.258479
-0.223937	0.27962
-0.75626	0.171232
-0.202209	0.556331
0.0802482	-0.142357
-0.897489	-0.521849
-0.49553	-0.504517
-0.452075	0.2766
-0.647623	0.264603
-0.430348	0.610391
-0.810579	-0.492845
-0.604168	0.294616
-0.430348	-0.00328444
0.145431	0.541719
-0.93008	-0.628916
0.0367932	0.059551
1.49254	0.395047
-1.00613	-0.773082
-0.430348	0.520517
0.84071	0.270909
2.36163	0.171373
-0.777988	-1.0159
-0.897489	-0.172211
-0.821443	-0.0549278
-1.00613	-1.55427
-0.864898	-0.423967
0.264932	0.483859
-0.658487	-1.34874
-0.701941	0.507868
0.243204	0.381165
0.145431	0.295151
-0.788851	-1.65504
1.81845	0.255381
-0.506394	-0.483828
-0.00666181	-0.277544
-0.897489	-0.47687
-0.571577	0.0367282
0.829847	0.129568
0.254068	0.39272
0.84071	-0.180682
-0.636759	-0.0959252
-0.864898	-1.08783
-0.310847	0.449802
-0.332574	0.463463
1.13403	0.148827
0.525662	0.371982
-0.0175256	0.301357
-0.962671	0.0346927
-0.886625	-0.689194
-0.104436	0.130151
0.145431	-0.439418
3.19814	0.6369
-0.875761	-0.223573
0.536525	0.151513
1.10144	0.50283
1.45994	0.316774
0.275796	0.369073
1.39476	0.473193
0.0693844	-0.104691
0.895029	-0.0537654
-0.0718443	0.140709
-0.517258	0.417133
0.232341	0.330336
-0.560713	-0.366228
1.35131	0.365637
-0.517258	-0.348037
3.88256	0.510659
0.623435	-0.0739161
-0.93008	-0.596093
1.02539	0.353931
-0.908353	0.0515348
-0.647623	0.101046
-0.875761	0.394397
-0.897489	-0.27832
-0.854034	0.445486
1.48167	0.300494
-0.734533	0.143257
-0.788851	-0.249773
0.601708	0.155412
-0.886625	0.110789
6.35949	0.773208
0.992803	0.219611
0.808119	0.757067
-0.886625	-0.121104
-0.767124	-0.275483
-0.962671	-0.466413
-0.854034	0.364342
-0.734533	-0.369761
-0.908353	0.010106
-0.245664	-0.499651
-0.701941	-1.3108
-0.430348	0.277324
1.44908	0.673946
4.1107	0.560203
-0.245664	0.390597
-1.00613	-0.112972
-0.299983	-0.609748
4.06724	0.541499
-0.984399	-0.817209
-0.712805	-0.594107
-0.995263	-0.4761
-0.821443	0.401271
-0.886625	-0.886279
-0.00666181	0.399767
-0.810579	0.481806
1.1123	0.415054
-0.354302	0.193656
0.873302	0.169823
-0.039253	0.333769
0.112839	0.02487
-0.126163	0.269168
0.721209	-0.262364
0.286659	0.371854
-0.169618	0.577236
2.80705	0.653416
1.34044	0.272965
-0.0175256	0.0827716
2.253	0.756936
1.52513	0.284766
-0.691078	0.0648766
-0.517258	-0.165659
0.992803	0.441617
-0.365165	0.169919
3.14382	0.395056
-0.788851	-0.149191
-0.712805	-0.390239
1.39476	0.854332
-0.528122	0.442928
-0.832306	-0.50642
-0.267392	-0.365095
2.58977	0.324846
0.00420194	0.510271
-0.310847	0.40473
-0.75626	0.108222
-0.745396	-0.590157
1.55772	-0.188858
-0.864898	-1.08783
0.308387	0.412791
-0.691078	0.0863773
-0.701941	-0.0671883
-1.00613	-1.36653
0.971075	0.297083
1.34044	0.548527
-0.636759	-0.437162
-0.484667	-0.139977
1.25353	-0.0423108
-0.821443	0.307792
-0.245664	0.305174
0.0367932	0.498933
1.99227	0.377712
1.90536	0.492361
2.86137	0.474337
-0.278255	-0.566503
4.59957	0.750897
-0.777988	-0.880663
-0.84317	0.0615493
0.417024	-0.219165
0.92762	0.776456
-0.376029	-0.645842
-0.864898	-0.725909
-0.647623	0.339941
-1.00613	-1.12448
0.536525	0.512823
3.23073	0.800593
0.0476569	-0.878717
-0.962671	-1.07741
-0.528122	0.375392
-0.473803	-0.0354109
-0.940944	-1.27505
-0.875761	-1.02506
0.221477	0.309216
-0.386893	0.519811
0.0150657	0.0513478
0.286659	-0.225481
1.1449	-0.0601676
-0.984399	-0.72078
1.10144	0.00996242
-0.14789	0.0254505
-0.299983	0.115771
-0.484667	-0.221702
0.254068	0.297872
-0.430348	0.408709
-0.278255	-0.0245755
0.851574	0.135051
0.264932	-0.179013
-0.419484	-1.41695
-0.897489	-0.744255
0.525662	0.723724
-0.158754	0.350038
-0.658487	-0.150073
-0.473803	0.394133
-0.962671	-0.654697
-0.267392	0.496492
-0.712805	0.14958
0.732073	0.577266
2.55718	0.683506
0.862438	0.439543
-0.473803	0.196392
-0.462939	-0.0532071
-0.484667	-0.189624
-0.0501168	0.176037
-0.0501168	-0.0462846
-1.02785	-0.927395
-0.93008	-0.583923
-0.636759	0.407463
-0.419484	0.188609
-0.940944	-1.20994
-0.158754	0.514123
-0.984399	-0.965244
0.0150657	0.293613
-0.0501168	0.0736825
-0.430348	-0.0342843
-0.452075	-0.441444
-0.897489	0.36381
0.449616	0.365813
-0.484667	-0.346675
0.634299	0.00213498
-0.984399	-0.3234
-0.441212	0.0206893
-0.528122	0.581632
0.417024	0.298921
2.14436	0.448962
-0.897489	0.203952
0.112839	-0.458841
1.2644	0.869157
-0.821443	-0.66819
1.13403	0.625301
0.308387	0.128969
-0.397757	0.571386
-0.66935	0.17451
0.558253	0.00738286
0.49307	0.395118
-0.397757	-0.368914
0.742937	0.399473
-0.984399	-1.12658
-0.58244	-0.0434497
2.58977	0.597614
0.0802482	-0.689738
-0.213073	0.100464
-0.256528	0.137
-0.223937	-0.46638
-0.940944	-0.584482
-0.897489	-0.932541
0.895029	0.0749579
1.01453	0.563775
-0.908353	-1.03908
0.482207	0.418015
-0.66935	0.120438
-0.202209	-0.191956
0.49307	0.137731
-0.93008	-0.663613
0.188886	-0.0967943
-0.864898	0.0402944
-0.962671	-0.62991
-0.886625	-1.57053
-0.745396	0.298234
-0.484667	-0.093889
2.01399	0.540608
0.297523	0.303159
1.06885	0.410439
-0.93008	-0.359259
-0.951808	0.514745
-0.0175256	0.0827716
-0.821443	0.438252
-0.571577	0.375978
-0.93008	-0.455034
0.123703	0.498298
1.29699	0.321776
-0.082708	0.3352
-0.0175256	0.78388
0.0693844	0.428374
-0.0175256	-0.0450801
-0.691078	-0.0199628
0.818983	0.176689
-0.604168	0.128422
1.24267	0.281287
0.0259294	0.293743
-0.625895	-0.212712
1.06885	0.327167
0.775528	0.48739
0.764664	0.502489
-0.604168	0.245132
-0.32171	-0.328573
-0.788851	-0.196857
-0.202209	0.148465
-0.973535	-0.60916
-0.289119	-0.0487162
1.39476	0.3555
-0.0283893	0.296223
-0.636759	0.557006
-0.473803	0.103206
-0.723669	0.48773
-0.734533	0.0217247
0.92762	0.125618
0.558253	0.418708
0.254068	0.48923
-0.962671	-0.101399
-0.658487	-0.0983167
1.01453	0.0811663
0.775528	0.252315
-0.213073	-0.513579
1.91622	0.392481
-0.169618	0.410324
-0.875761	-0.398468
-0.864898	-1.01445
-0.734533	-0.252297
-0.310847	0.457229
-0.886625	-1.07911
-0.93008	-1.53855
-0.560713	0.471692
-0.691078	0.12965
2.11177	0.152265
0.362706	0.39169
-0.604168	-0.270057
-0.354302	0.49288
-0.93008	-1.10507
-0.701941	-0.32841
1.7424	0.35537
-0.245664	-0.138034
-0.202209	0.296175
-0.593304	0.1758
0.482207	0.536383
-0.354302	-0.249733
-0.951808	-0.677438
-0.169618	0.511919
0.123703	0.376777
1.49254	0.0117518
1.8619	0.40811
-0.75626	-0.734587
-0.908353	-0.463984
-0.191345	-0.323594
0.547389	0.488022
-0.126163	0.302037
0.851574	-0.798323
-0.973535	0.0146112
-0.0175256	0.301357
-0.745396	-0.672243
-0.995263	-0.761143
-0.549849	0.379335
1.8619	-0.187479
-0.767124	0.384611
0.264932	0.136364
-0.560713	0.0457011
-0.615032	0.215239
-0.40862	-0.480696
-0.58244	-0.549299
-0.854034	-0.215331
-0.864898	-0.884421
0.460479	0.434245
-0.886625	0.363664
1.69895	0.344156
0.308387	0.102718
0.0693844	-0.407159
0.123703	0.509116
-0.517258	0.0903841
0.112839	0.252049
-0.310847	-0.237286
-0.680214	-0.398918
-0.691078	0.203382
2.22041	0.517422
0.178022	0.212634
0.590844	0.473175
-0.799715	-0.345503
1.2644	0.356543
0.710345	0.340928
-0.354302	-0.499065
-0.397757	0.0869633
-0.289119	0.107645
1.53599	0.411007
0.514798	-0.142525
-0.278255	-0.653859
-0.93008	-1.53855
-0.14789	0.254139
0.623435	-0.181821
-0.951808	-0.452751
-0.897489	-1.17113
-0.745396	0.731978
1.67722	0.120044
-0.832306	-0.305362
-0.430348	0.628362
-0.734533	0.113387
-0.951808	-1.34465
-0.625895	-0.204655
4.25193	0.53171
-0.430348	-0.730333
4.15415	0.700178
-0.039253	0.500079
-0.441212	-0.322434
-0.571577	0.0347066
-0.256528	-0.174961
2.55718	0.65973
0.0150657	0.45088
-0.560713	0.398706
0.417024	0.197982
-0.213073	-0.369085
0.221477	0.571272
-0.810579	-0.0708072
-0.799715	0.466069
-0.169618	0.0243637
0.0476569	0.00964478
-0.571577	-0.215806
-0.517258	0.269951
1.68808	0.665528
0.134567	0.856294
-0.625895	0.191718
0.264932	0.360385
-0.223937	-0.0202306
-0.854034	0.419589
0.742937	0.369874
-0.680214	0.0149259
-0.908353	0.305743
-0.984399	-0.991292
-0.158754	-0.116704
-0.84317	-1.32726
1.64463	0.299683
0.66689	-0.263535
0.688618	0.611612
-0.267392	-0.177936
-0.995263	-0.883298
1.59031	0.248981
0.558253	0.0807996
0.623435	0.411312
-0.604168	0.144865
-0.723669	-0.711222
-0.832306	-0.255952
1.82931	0.882153
-0.625895	-0.523088
1.48167	0.29426
0.101976	0.768824
-0.180482	0.361831
-0.462939	0.484432
2.33991	0.310011
-0.299983	0.598473
0.569117	0.416575
0.178022	-0.162181
-0.658487	0.339223
-0.908353	-1.02255
0.351842	-0.0361182
-0.821443	0.226301
-0.799715	-0.686311
-0.962671	-0.72739
0.0585207	-0.0840394
-0.2348	-0.447073
-0.919216	-0.507857
-0.658487	-0.906655
-0.93008	0.17644
-0.84317	-1.30585
-0.712805	0.037231
1.23181	0.45215
-0.202209	-0.0344654
-0.604168	-0.261531
-0.875761	-0.609641
-0.897489	-1.2123
-0.604168	0.339108
-0.919216	-0.923175
-0.49553	-0.821361
-0.0609805	0.263011
0.57998	0.117663
-0.886625	0.552839
-0.995263	-0.477207
0.178022	-0.142637
0.340978	-0.371806
-0.604168	0.238334
-0.354302	0.069335
1.22094	0.392396
0.112839	0.295615
0.829847	0.412744
0.688618	0.546161
1.57945	0.595966
-0.625895	0.423123
1.6229	0.662317
-0.32171	-0.178411
0.742937	-0.247359
-0.441212	0.158025
-0.799715	-1.00366
0.340978	0.453655
0.92762	0.40125
0.57998	0.17264
0.0476569	0.43972
-0.951808	-1.08033
-0.00666181	0.388946
0.210613	0.447721
0.210613	0.339788
-0.430348	0.53233
0.0911119	0.636351
-0.832306	0.101948
-0.658487	-0.787367
-0.32171	-0.0431756
-0.039253	0.146804
-0.278255	-0.647236
0.612572	0.301542
-0.75626	0.184029
0.84071	0.0376207
-0.647623	-0.0345449
-0.00666181	0.179219
-0.908353	-0.798821
0.0367932	0.188617
-0.571577	0.353238
-0.734533	-1.15058
-0.115299	0.458301
-0.832306	-0.0541737
-0.75626	0.139242
0.264932	0.228707
0.721209	0.0935329
-0.75626	0.41425
-0.549849	0.324689
-0.58244	-0.408783
-0.84317	0.350168
-0.832306	-0.915293
0.373569	0.507848
-0.213073	-0.586664
-0.951808	0.366201
-0.278255	0.52733
-0.213073	-0.392449
-0.832306	-0.496564
1.57945	-0.353129
-0.886625	-0.460645
2.17695	0.457963
-0.289119	0.669441
0.699482	0.397154
-0.973535	-0.518901
-0.723669	0.0150199
-0.810579	-1.04866
-0.40862	0.336591
-0.0718443	0.421259
-0.810579	0.372759
-0.473803	0.555517
0.699482	-0.154697
-0.593304	-0.13552
1.2644	0.111794
-0.951808	-0.668831
-0.104436	-0.0373345
-0.299983	0.471967
0.384433	0.589201
1.47081	-0.131549
-0.560713	-0.742864
0.178022	-0.0384729
0.938484	0.393715
-0.278255	0.388045
0.862438	0.274633
-0.126163	0.387006
0.634299	0.214004
1.41649	0.18198
-0.886625	-0.18863
-0.180482	0.246052
0.340978	-0.297035
-0.354302	0.137265
0.210613	0.484039
0.0150657	0.0461908
-0.40862	0.535128
-0.169618	0.460164
-0.462939	0.152008
-0.0283893	-0.044794
0.134567	0.327438
-0.278255	0.234693
-0.365165	0.39642
-0.864898	-1.24242
-0.158754	0.00687284
-0.137027	-0.0454251
-0.886625	-0.673073
-0.962671	0.00382059
-0.549849	-0.119557
-0.365165	-0.0239732
-0.0935718	0.00653672
1.61204	0.557806
-0.365165	-0.0292091
-0.973535	-0.216418
-0.484667	-0.0428216
-0.647623	-1.36354
1.55772	0.468248
-0.636759	0.0321956
-0.93008	-0.302841
-0.734533	-0.741784
-0.875761	-0.799027
-0.58244	-0.589229
-0.604168	-0.594371
-0.2348	0.390588
-0.951808	0.130272
-0.604168	-0.420195
-0.169618	-0.308201
-0.0935718	0.0295572
-0.66935	-0.706058
-0.245664	0.168805
1.91622	0.714534
-0.158754	0.266189
-0.984399	-0.543279
-0.484667	0.372664
0.406161	0.539405
-0.951808	-0.831487
1.18835	0.214001
-0.604168	-0.24022
-0.799715	0.4504
-0.723669	-0.0725426
-0.528122	0.474767
-0.0175256	-0.0113903
-0.777988	0.567596
-0.593304	0.328557
-0.919216	-0.384065
-0.441212	0.607216
-0.625895	0.0277515
4.44747	0.842182
-0.875761	-0.99904
0.960212	0.638645
-0.14789	0.13977
-0.93008	-0.962552
-0.0935718	0.0446119
-0.0935718	0.0446119
-0.0609805	0.369972
5.15362	0.639842
-0.821443	0.0636167
-0.897489	-0.713294
-0.289119	-0.0503906
-0.126163	-0.0884717
-0.137027	0.654879
1.45994	0.507581
-0.0718443	0.330136
-0.777988	-0.477729
0.0476569	0.0766912
-0.169618	0.39219
2.80705	0.205254
-0.940944	-0.676546
1.1123	-0.0246207
-0.386893	-0.113475
0.145431	0.523314
2.05745	0.348123
0.699482	0.329876
-0.462939	-0.620379
1.27526	0.257926
0.145431	0.546214
-0.278255	-0.282623
-0.462939	0.0259113
-0.310847	0.249107
-0.745396	-0.256483
-0.777988	-0.620164
0.156294	0.106649
-0.723669	-0.197635
-0.788851	0.332778
-0.864898	-0.667744
-0.854034	0.103801
-0.734533	-0.251772
0.0259294	0.465847
-0.604168	0.423645
0.123703	-0.556549
-0.267392	0.468407
-0.299983	0.358967
-0.430348	0.450927
0.84071	0.124276
2.27472	0.360464
-0.734533	-0.117786
-0.256528	0.409969
2.14436	0.533737
0.210613	0.271788
0.0476569	0.489659
1.25353	-0.0686296
-0.267392	-0.373181
-0.506394	0.348695
-0.875761	-0.125419
2.16609	0.390918
-0.962671	-0.224152
-0.354302	-0.365127
-0.962671	-1.49346
-0.473803	0.190145
0.742937	0.281756
-0.213073	0.445585
0.612572	-0.0360157
-1.02785	-0.981354
-0.49553	0.223093
-0.0935718	0.383708
0.0150657	-0.0889128
0.895029	-0.0537654
0.732073	0.23416
0.134567	-0.281096
-0.93008	-1.32284
-0.354302	-0.42904
1.12317	0.225183
-0.854034	-0.523484
0.00420194	-0.194436
-0.267392	-0.105951
-0.875761	-0.422656
-0.962671	-0.44485
-0.973535	-0.0816111
0.340978	0.506355
-0.549849	-0.192533
2.40509	0.0302437
-0.310847	-0.71391
1.36217	0.222718
-0.854034	-0.415721
4.28452	0.720748
-0.886625	0.55016
1.7424	0.107899
-0.777988	0.0849157
0.00420194	-0.478747
-1.01699	-0.309683
-0.897489	-0.0833463
0.275796	0.219011
0.0802482	0.217117
-0.082708	0.26538
-0.886625	-0.786582
-0.75626	0.362118
0.0367932	0.0836083
-0.158754	0.22179
0.340978	0.0496416
-0.973535	-0.558054
0.286659	0.348265
1.56858	0.138117
1.49254	0.527718
-0.332574	0.494831
1.78586	0.56877
0.829847	0.32825
-0.32171	0.353663
0.395297	0.0695959
4.39316	0.445118
0.895029	0.300116
-0.93008	-0.393249
-0.745396	0.323062
-0.854034	0.116833
-0.104436	0.556271
2.01399	-0.180906
1.13403	0.506005
-1.04958	-1.45395
0.471343	0.429221
-0.908353	-0.402423
-0.886625	-0.362561
2.57891	0.561752
-0.821443	0.64033
3.20901	0.725141
-0.14789	0.345313
1.73154	0.422293
-0.66935	0.44828
-0.517258	0.0963714
-0.810579	0.390301
1.29699	0.45078
-0.951808	-0.116145
-0.84317	-0.250184
1.79672	0.276498
-0.126163	0.309829
1.32958	-0.148667
-0.886625	-0.365331
-0.962671	-0.670264
0.862438	0.522214
0.406161	0.144625
0.590844	0.558284
-0.49553	0.439903
-0.40862	0.224308
-0.397757	-0.467756
-0.777988	0.027321
-0.875761	0.161984
-0.58244	0.368677
-0.2348	0.298501
-0.430348	-0.636823
1.63376	0.552491
0.178022	0.341151
-0.723669	0.298226
-0.647623	0.138017
-0.506394	0.378271
-0.267392	0.105349
1.16662	0.155564
-0.84317	-0.632293
5.52298	0.588735
0.134567	0.379792
3.65442	0.473215
0.0693844	0.170749
-0.354302	0.432479
1.48167	0.561484
1.87277	0.658516
-0.886625	0.426422
-0.854034	-0.163574
1.01453	0.862415
-0.430348	0.315045
-0.625895	0.48249
-0.66935	-0.791391
-0.180482	0.0949369
-0.430348	0.0805996
-0.962671	-0.688085
0.373569	-0.425783
-0.267392	0.331313
0.0911119	0.34892
-0.821443	0.25565
-0.658487	-0.0798914
0.0802482	0.285596
-0.636759	0.0169529
-0.701941	-0.0811513
-0.821443	-0.76691
-0.680214	-0.687907
0.710345	0.399882
-0.973535	-1.47132
-0.126163	0.166498
-0.2348	-0.226511
0.254068	0.334946
1.1449	-1.02581
0.384433	-0.128018
-0.538985	0.3112
-0.343438	-0.0186621
0.297523	0.137791
1.22094	-0.180595
-0.560713	0.359769
-0.973535	0.304002
0.66689	-0.00563579
-0.14789	-0.790888
0.981939	0.213053
-0.593304	-0.207225
-0.810579	-0.606647
0.612572	0.36735
-0.767124	-0.763841
-0.973535	-0.0167344
1.06885	0.0965812
0.0693844	0.25236
0.286659	-0.558484
-0.864898	-0.253269
0.351842	-0.0880016
0.156294	-0.136746
-0.66935	0.0728399
-0.984399	-0.463684
-1.00613	-1.29691
-0.84317	0.213836
0.525662	0.446396
0.264932	0.484793
0.49307	0.539293
-0.0175256	0.222079
0.829847	0.0414764
0.482207	0.228627
-0.484667	-0.274629
-0.767124	0.438554
-0.680214	-0.176889
1.90536	0.403396
0.0476569	0.432392
-0.462939	0.047294
0.417024	0.231547
-0.343438	0.0210747
1.57945	0.452203
-0.973535	-0.204919
-0.973535	-0.824436
0.156294	-0.134786
-0.213073	0.200891
1.27526	0.252405
1.18835	0.280956
-0.039253	-0.588009
1.34044	0.182722
-0.962671	0.391696
-0.571577	0.429845
0.808119	0.408623
-0.528122	0.128981
-0.647623	-0.573692
-0.245664	0.4402
0.460479	0.0541304
0.167158	0.135152
-0.680214	0.579772
-0.984399	-0.55563
-0.310847	-0.206031
0.330114	-0.137692
-0.864898	-0.523136
-0.799715	-0.182089
-0.875761	-0.64638
2.11177	0.649913
1.52513	0.116738
0.0367932	0.189001
0.590844	-0.662697
0.340978	0.167409
0.829847	0.551206
-0.299983	-0.310115
-0.58244	-0.416955
-0.66935	0.311698
-0.723669	-0.371793
0.710345	0.41517
-0.767124	0.011986
-0.00666181	0.460104
1.30785	0.388428
-0.962671	-0.612814
-0.0283893	0.29801
-0.213073	-0.270649
0.66689	0.116907
-0.517258	0.0221511
0.417024	-0.337954
-0.66935	-0.0176316
-0.0718443	0.106588
0.775528	0.263633
-0.00666181	-0.615326
1.61204	0.637653
1.05799	0.484309
0.308387	0.111548
-1.03872	-0.437347
0.221477	0.588093
-0.126163	0.329472
-0.604168	-0.580269
-0.441212	0.24664
2.26386	0.411491
-0.213073	0.205978
-0.973535	0.00146998
-0.962671	-0.743032
-0.951808	0.0615127
-0.58244	0.0404958
-0.560713	-0.568105
-0.32171	0.229814
0.167158	-0.176222
-0.680214	-1.40263
-0.897489	0.381464
-0.886625	-1.40758
-0.289119	0.218854
-0.506394	-0.251096
-0.082708	0.236763
-0.32171	0.296052
0.286659	0.575549
-0.821443	-0.915424
-0.799715	-0.594262
-0.571577	-0.397142
0.145431	-1.16892
0.449616	0.364151
1.35131	0.365637
0.710345	-0.0590031
0.254068	0.861693
-0.0501168	0.286677
2.35077	0.541278
-0.897489	0.540522
0.340978	-0.190297
2.36163	0.743367
1.64463	0.323505
-0.93008	0.413734
-0.788851	0.344153
0.254068	0.825335
-0.897489	-0.475764
-0.245664	0.301835
1.3839	0.438129
0.623435	0.442886
1.76413	0.453379
-0.32171	-0.49845
-0.799715	0.396798
-0.962671	0.0362191
1.80758	-0.304158
0.873302	0.169823
1.28612	0.392127
-0.799715	-0.594262
0.145431	-0.590792
2.1009	0.200618
1.43822	0.363847
-0.788851	-0.156288
1.9814	0.0476559
0.340978	0.35701
-0.973535	0.614399
-0.397757	0.443001
-0.734533	-0.372307
-0.430348	0.315045
-0.93008	-0.0528062
-0.777988	-0.568893
1.27526	-0.139005
-0.473803	-0.840276
-0.875761	-1.0065
0.427888	0.251828
-0.962671	-0.825003
-0.430348	-0.00315271
0.0693844	-0.101287
0.0476569	-0.580813
0.123703	-0.154998
-0.0609805	-0.0749948
-0.549849	-0.509249
0.264932	0.458629
0.0150657	0.580672
-0.310847	0.0449064
-0.712805	0.572025
3.21987	0.575604
-0.202209	0.20279
-0.93008	-0.675199
2.27472	0.722722
-0.875761	0.304649
-0.767124	-0.843324
-0.169618	0.0455492
0.905893	0.495715
0.0911119	0.269514
0.797255	0.343602
-0.810579	0.10752
-0.310847	0.051495
-0.473803	0.392473
-0.66935	-0.202905
-0.40862	0.523961
0.66689	0.41966
0.112839	0.315153
-0.919216	-0.935872
1.09058	0.324228
-0.571577	0.0746628
0.254068	0.336981
1.75326	0.236833
1.41649	0.582536
-0.137027	-0.489542
0.0259294	0.390422
0.84071	0.368789
-0.604168	-1.75381
-0.299983	-0.618594
3.01346	0.348116
-0.777988	-0.23629
-0.864898	0.418598
-0.691078	0.203382
1.1123	0.182583
1.09058	-0.0259936
1.48167	0.390071
-0.821443	-0.708814
-0.40862	-0.198434
0.677754	-0.104638
-0.854034	-0.588366
-0.864898	-0.337816
-0.93008	-0.392673
-0.604168	-0.683621
-0.745396	-0.162354
0.514798	0.412823
-0.745396	-0.207897
0.981939	0.411537
0.188886	-0.127159
1.28612	0.105104
0.0367932	0.112735
-0.810579	-0.0246194
0.101976	0.218545
0.721209	0.104935
-0.452075	0.0459202
-0.84317	-0.286378
0.818983	0.322172
-0.332574	0.0891196
-0.039253	0.0317747
0.514798	-0.0675663
-0.908353	-1.06939
0.427888	-1.05889
0.0476569	0.159234
-0.538985	0.184695
-0.484667	0.530361
-0.58244	0.23022
-0.799715	-0.613014
-0.115299	-0.82568
1.18835	0.441386
1.55772	0.348293
0.362706	-0.235058
0.384433	0.125551
-0.115299	0.727787
-0.137027	-0.114659
-0.875761	-0.585647
-0.712805	0.0605139
0.645163	0.0169982
-0.289119	0.303744
0.0693844	0.347343
-0.919216	0.372293
0.0259294	0.205626
-0.93008	-1.0995
-0.919216	0.362283
-0.886625	-0.183807
-0.49553	0.0495041
3.05691	0.667975
0.558253	0.301111
-0.289119	0.0353877
0.601708	0.153795
-0.691078	0.420982
-0.202209	-0.725972
0.873302	0.177861
-0.560713	-0.649529
-0.430348	-0.235595
0.178022	0.278315
-0.84317	0.253799
1.25353	0.445572
-0.538985	0.151422
-0.940944	-0.444441
-0.104436	-0.234176
-0.180482	0.0558801
-0.430348	0.0566393
-0.93008	-0.0315437
-0.191345	0.561896
-0.14789	0.491534
3.64356	0.704671
1.6229	0.73594
-0.799715	0.425329
0.699482	0.442738
0.949348	0.394016
-0.984399	-0.886471
-0.788851	-0.450754
2.11177	0.584896
2.75273	0.305271
0.0259294	0.465847
0.569117	0.270023
-0.93008	-0.848019
-0.625895	0.277502
1.24267	0.670079
-0.864898	-0.529849
0.0911119	-0.433866
-0.430348	-0.821562
-0.864898	-0.507068
0.829847	0.254658
-0.680214	-0.309073
-0.93008	-0.576817
-0.538985	0.01575
0.590844	0.654774
-0.354302	-0.0253943
-0.788851	0.703472
1.00367	0.411975
-0.919216	0.467922
-0.0718443	-0.0755112
0.471343	0.24759
-0.691078	0.11372
-0.528122	-0.82794
-0.799715	0.425329
0.590844	0.354736
0.319251	0.19674
-0.419484	0.238559
-0.223937	0.269354
-0.365165	-0.443786
1.10144	0.356353
0.00420194	0.251319
1.41649	0.188331
0.699482	0.371345
-0.517258	-0.0562568
-0.777988	0.033285
-0.93008	-0.744809
-0.593304	-0.681508
0.232341	0.5244
-0.452075	-0.408005
-0.984399	-0.531109
-0.66935	0.487367
1.17749	0.0902339
-0.2348	-0.107668
-0.832306	-0.455062
0.612572	0.427503
0.297523	-0.0321165
-0.245664	-0.365242
-0.310847	0.283817
-0.745396	-0.57177
-0.430348	-0.659556
-0.864898	-0.956795
2.14436	0.317134
0.123703	0.340869
-0.115299	0.4608
-0.777988	-0.0392961
-0.908353	-0.56802
-0.875761	-0.467135
0.829847	0.018743
-0.571577	-0.105511
1.43822	0.279974
0.514798	-0.270905
-0.571577	0.0304566
0.699482	0.341948
-0.462939	-0.110321
3.29592	0.173373
-0.430348	0.341885
-0.810579	-0.529026
2.28559	0.293285
-0.908353	-0.985036
-0.973535	-1.12344
0.427888	-0.317625
-0.506394	-0.482436
0.873302	-0.0289604
3.15469	-0.00980687
-0.745396	0.425105
-0.788851	-0.620368
-0.604168	-0.899948
-0.897489	-0.353911
0.862438	0.435322
-0.213073	-0.676476
-0.180482	0.146867
0.949348	0.380705
1.35131	0.279681
-0.462939	0.213693
-0.32171	0.5032
-0.2348	0.356451
0.775528	0.592861
-0.104436	0.373001
0.775528	0.363571
-0.745396	-0.919472
4.56698	0.523164
-0.712805	-0.475617
-0.723669	-0.51636
-0.875761	-0.540998
-0.49553	0.483566
0.688618	0.495328
-0.897489	-0.472188
-0.560713	-0.171746
0.971075	0.220743
-0.223937	0.665439
1.31872	-0.269358
0.460479	0.430862
0.938484	0.465103
-0.897489	-0.926839
0.00420194	0.320933
-0.777988	-0.200664
0.905893	0.62788
-0.788851	0.225245
-0.951808	-0.364791
-0.386893	0.058851
-0.0935718	0.299502
-0.0283893	-0.328211
-0.962671	-0.772542
-0.202209	0.399557
-0.886625	-0.583858
-0.908353	-0.520875
0.0693844	0.739886
-0.0935718	0.133688
-0.93008	-0.251679
-0.213073	-0.637298
-0.0935718	-0.559861
-0.734533	-0.0473044
-0.506394	-0.525872
0.57998	0.241036
0.66689	0.5163
0.449616	0.0097238
-0.973535	-0.038154
3.31764	0.527274
-0.680214	0.109749
-0.49553	-0.104516
-0.973535	-0.0314228
-0.897489	-1.39253
-0.376029	-0.275353
-0.940944	-0.735719
0.503934	-0.29139
-1.00613	0.422042
-0.32171	0.417091
0.645163	0.0728747
-0.799715	0.650227
-0.137027	-0.73206
-0.821443	-0.188618
-0.506394	-0.55256
-0.647623	0.203322
0.699482	0.292846
-0.821443	-0.768618
1.04712	0.203989
0.406161	0.436445
0.188886	-0.132189
-0.484667	-0.572456
-0.517258	-0.944596
-0.897489	-0.662243
-0.00666181	0.00211413
3.06778	0.476463
-0.821443	-0.653617
0.873302	0.177861
0.960212	-0.031932
0.558253	-0.182029
0.406161	-0.0615376
-0.310847	0.270322
0.525662	0.020977
-0.49553	-0.328264
-0.701941	-0.305205
-0.940944	-0.976387
-0.940944	0.195612
-0.430348	-0.333903
-0.875761	-0.664165
-0.604168	-0.128105
-0.299983	-0.439231
-0.452075	-0.840613
-0.875761	-1.08087
-0.788851	-0.0622816
-0.354302	-0.147739
0.884165	0.28231
-0.538985	-0.773541
-0.365165	0.302676
0.123703	0.47033
-0.864898	-0.339005
-0.636759	0.0446145
-0.365165	0.265462
-0.919216	-0.375518
-0.517258	-0.804391
0.0911119	-0.0803021
0.992803	-0.225456
-0.343438	0.618722
-0.984399	-0.914732
1.09058	0.37074
1.32958	0.597721
-0.701941	0.272069
0.971075	0.332733
-0.777988	-0.158963
0.297523	0.571323
0.710345	0.537944
-0.875761	-0.366877
0.558253	0.394924
-0.517258	-0.157045
-0.940944	0.142526
-0.832306	0.0603804
-0.680214	0.228587
-0.104436	0.306262
-0.0609805	0.342457
-0.213073	0.412646
-0.58244	0.0796219
1.29699	0.321776
-0.386893	0.411526
1.30785	-0.142623
-0.538985	0.171771
-0.658487	0.26987
-0.788851	-0.676227
0.00420194	0.0358398
-0.376029	-0.361865
-0.821443	0.585717
2.78532	0.546374
-0.962671	-0.20284
-0.625895	0.277502
-0.951808	-0.818912
-0.376029	-0.436795
-0.832306	-0.801002
-0.40862	-0.0335761
-0.506394	0.511569
0.188886	0.687051
-0.082708	-0.176172
-0.723669	0.03045
-0.658487	-0.463315
-0.32171	0.717853
-0.984399	-1.37099
-0.788851	-0.534872
-0.202209	-0.603684
-0.169618	0.193856
-0.854034	-0.0730951
-0.0501168	-0.18825
-0.625895	-0.264717
-0.310847	-0.199474
-0.864898	0.286805
-1.00613	-0.7374
-0.908353	-0.486689
-0.93008	-0.681014
2.24213	0.155124
0.905893	0.148633
-0.2348	-0.0103941
0.243204	0.413335
0.775528	-0.218502
-0.625895	-0.36047
-0.84317	-0.181527
0.156294	-0.33912
-0.875761	-0.263444
-0.701941	-0.147398
-0.158754	0.0488235
-0.93008	-0.245628
0.0693844	-0.0262498
-0.734533	0.135266
1.18835	0.441386
-0.734533	0.563956
-0.951808	-0.44965
-0.984399	-0.972519
0.797255	0.779147
0.210613	-1.1799
1.81845	0.334541
-0.788851	0.155003
0.612572	0.0549316
-0.767124	-0.218957
0.0693844	0.502317
-0.799715	0.197304
1.48167	-0.106852
-0.126163	0.61233
-0.962671	-0.29281
1.5034	0.294233
-0.039253	-0.124126
-0.680214	-0.318682
0.0802482	0.252491
-0.58244	-0.545426
-0.365165	0.089475
-0.919216	-0.911987
-0.604168	-0.67971
-0.864898	-0.204314
-0.940944	-0.723223
-0.354302	-1.25632
0.938484	0.80322
-0.549849	0.504688
-0.832306	-0.84922
-0.75626	-0.133398
-0.039253	-0.220563
-0.615032	0.035869
-0.14789	0.252874
-0.0175256	-0.143322
1.54685	0.140636
-0.452075	-0.108747
1.56858	0.528931
2.51373	-0.150159
0.645163	0.278849
-0.821443	0.319105
-0.647623	0.220985
-0.202209	0.428126
-0.995263	0.401754
0.319251	0.548267
-0.473803	0.372684
-0.886625	-0.173874
-0.625895	-0.284629
0.460479	0.278367
-0.332574	0.436456
-0.788851	-0.00974731
0.732073	0.23416
1.67722	0.276231
0.612572	-0.202126
-0.886625	0.382835
-0.995263	-0.114567
0.0150657	0.48683
0.482207	0.38784
0.482207	0.400889
-0.615032	0.415986
-0.49553	-0.456828
-0.506394	0.177018
-0.962671	-0.766689
0.688618	0.76957
1.2644	0.42815
-0.995263	-0.736701
-0.169618	0.090251
-0.875761	-0.675082
-0.886625	-0.39398
-0.810579	-0.158998
0.699482	0.0413623
0.232341	0.105727
-0.343438	-0.311532
-0.386893	0.289072
1.16662	0.463351
1.04712	0.553263
0.0259294	-0.178677
-0.788851	-0.193573
-0.93008	-1.16572
-0.984399	-0.627046
1.84017	0.211554
-0.278255	0.245366
0.178022	-0.38458
-0.93008	0.117308
0.167158	0.553546
0.188886	-0.178603
-0.821443	-0.345028
-0.213073	0.0564838
0.221477	0.588093
-0.560713	0.791972
0.101976	0.768824
-0.854034	-0.629239
0.243204	0.279518
0.232341	0.344925
-0.604168	0.422521
-0.745396	-0.333844
-0.84317	-0.286726
0.547389	0.47506
-0.386893	-0.541416
-0.343438	0.135044
-0.452075	0.173312
-0.0283893	0.236454
-0.799715	-0.00374742
-0.354302	0.190357
-0.788851	0.320174
-0.767124	-0.318038
-0.213073	0.143734
-0.799715	-0.900405
-0.875761	-1.31321
0.101976	0.316387
-0.0935718	-0.290519
0.862438	0.369379
0.417024	0.409645
-0.158754	-0.175648
-0.995263	-0.295823
-0.58244	0.187463
-0.93008	-0.303
-0.528122	-0.10544
0.0259294	-0.474558
0.264932	-0.0932033
-0.832306	-0.0929559
1.93795	-0.138313
0.677754	0.313745
-0.549849	0.536508
0.101976	0.441968
-0.213073	0.488092
-0.278255	0.189875
0.264932	0.612462
-0.386893	0.149898
0.00420194	0.274848
-0.75626	0.300623
-0.528122	-0.380137
-0.202209	-0.409263
-0.419484	0.37723
3.26333	0.0801103
3.41542	0.474377
-1.00613	-0.420067
-0.528122	0.519146
1.70981	0.526727
-0.984399	0.233657
-0.419484	-0.12565
1.27526	0.516622
0.417024	0.687025
-0.84317	-0.173396
0.536525	0.157113
-0.897489	0.0608606
-0.376029	-0.0880821
0.427888	0.0589041
0.981939	0.0895454
-0.0283893	-0.121634
0.0802482	0.1374
-0.93008	-1.06405
-0.40862	0.416451
1.59031	0.233867
-0.386893	0.198869
0.340978	0.766548
-0.376029	0.144958
0.417024	-0.0795799
0.569117	0.298926
-0.854034	-0.836542
-0.658487	0.22345
0.145431	0.402018
0.775528	0.0306473
0.732073	0.564487
-0.538985	0.333117
0.949348	-0.0980426
-0.788851	0.252031
-0.951808	0.312293
-0.984399	-0.277137
0.0150657	0.50753
-0.984399	-0.707981
-0.734533	-0.315751
0.84071	0.410251
-0.680214	0.236972
-0.636759	0.407545
0.7538	0.515702
-0.365165	0.333773
-0.777988	0.118451
-0.430348	0.0206321
0.49307	0.442449
-0.158754	0.0808671
-0.84317	-0.137711
-0.897489	0.193533
0.775528	-0.351332
0.145431	-0.271202
-0.799715	-0.712496
0.232341	-0.472235
-0.897489	-0.337712
-0.267392	-0.868913
0.112839	-0.295382
2.01399	0.392362
-0.767124	-0.17553
1.44908	0.509437
-0.386893	-0.0679728
-0.951808	-0.246122
-0.832306	0.247687
2.53545	0.262545
1.72067	0.156451
-0.66935	0.0534665
2.54632	0.269232
-0.734533	-0.617307
0.395297	0.394076
-0.386893	-0.585971
1.68808	0.345812
-0.115299	0.198732
-0.745396	-0.774575
-0.473803	0.253809
-0.647623	0.315983
-0.864898	-0.529849
1.84017	0.522103
-0.864898	-0.341464
-0.625895	-0.0153011
2.65496	0.471718
0.66689	0.0695147
-0.202209	0.167129
-0.625895	0.394906
-0.799715	-0.210556
0.786392	-0.0234423
-0.267392	0.00683401
1.25353	0.44096
0.916757	0.333067
-0.658487	0.0884464
-0.832306	-0.577337
-0.169618	0.308394
0.145431	0.22213
-0.549849	-0.149316
0.0911119	0.159405
-0.278255	-0.0882659
2.91569	0.250787
-0.625895	-0.741228
0.156294	0.483165
-0.691078	0.511982
-0.386893	0.513214
0.0693844	0.365477
-0.593304	-0.428454
-0.821443	0.127585
1.39476	0.129208
0.449616	0.384223
1.70981	0.312888
-0.962671	-0.54015
-0.58244	0.3731
-1.00613	0.50324
1.48167	0.443209
-0.0175256	-0.42727
0.427888	0.203363
0.482207	0.16996
0.699482	0.221567
0.373569	-0.425783
3.10037	0.414734
4.37143	0.793062
0.395297	0.511386
-0.115299	0.355567
0.123703	0.439213
0.829847	-0.110515
0.721209	0.188415
-0.84317	0.0595393
0.254068	0.405036
-0.767124	0.156223
-1.02785	-0.340462
-0.615032	0.439229
0.851574	0.523821
1.27526	0.326555
-0.680214	-0.139505
-0.593304	-0.245973
-0.810579	-0.779089
-0.213073	0.498912
-0.886625	-0.374343
-0.14789	-0.250679
-0.854034	-0.343129
0.49307	0.25559
-0.832306	-0.500182
-0.767124	0.324306
0.514798	0.468377
1.5034	0.492127
0.0367932	-0.0349002
-0.473803	0.44452
-0.951808	-0.628261
-0.66935	0.396401
1.61204	-0.0851138
0.384433	0.476005
-0.723669	-0.881103
0.167158	0.375605
-0.299983	-0.02981
-0.951808	-0.25616
-0.462939	-0.329347
0.710345	-0.303757
-0.0283893	0.229727
3.49146	0.350163
-0.430348	-0.247818
-0.299983	0.0188404
-0.538985	-0.13468
-0.0935718	0.458608
-0.245664	-0.0100537
-0.202209	-0.475089
-0.864898	-0.261324
0.0476569	-0.0113481
-0.788851	-0.696484
3.67615	-0.0482613
-0.712805	-0.32559
-0.484667	0.314996
-0.571577	0.0304566
-0.278255	-0.0245755
-0.810579	-0.177587
0.178022	-0.38458
-0.115299	0.096829
-0.680214	-0.528425
0.0259294	-0.0709305
2.05745	0.650659
-0.799715	-0.66625
1.34044	0.223139
-0.419484	-0.0708974
-0.49553	-0.0674105
-0.0935718	0.425986
2.03572	0.350014
0.264932	0.396429
2.31818	0.563493
3.41542	0.545308
-0.0718443	0.00269461
0.145431	-0.112139
0.134567	0.408883
-0.962671	-0.0835601
1.05799	0.487396
-0.854034	-0.591187
-0.940944	-0.242354
-0.625895	-0.245337
-0.940944	-0.348675
0.449616	0.418859
0.286659	0.0537575
-0.593304	0.340879
0.188886	0.112259
1.21008	0.393652
1.78586	0.678611
-0.658487	-0.209601
-0.0935718	0.516237
1.91622	0.491675
-0.84317	-0.250184
0.264932	-0.19025
0.677754	0.235338
3.46974	0.103332
2.40509	0.323016
-0.191345	-0.206236
-0.528122	0.317874
2.79618	0.385118
-0.506394	0.148744
1.7424	0.107899
-0.169618	-0.296
0.134567	-0.530582
-0.0283893	0.112491
2.38336	0.542395
-0.767124	-0.17028
0.905893	0.148633
0.49307	-0.0604386
0.49307	-0.363342
-0.832306	0.0117534
3.29592	0.739595
0.373569	0.0993002
2.53545	0.388434
-0.039253	0.309164
0.49307	0.39929
0.656027	0.699831
0.384433	-0.380505
-0.745396	-0.815794
-0.332574	-0.151501
-0.593304	0.411611
-0.832306	-0.441116
-0.854034	0.18525
1.6229	0.272801
0.188886	0.553571
-0.864898	-0.39397
-0.343438	-0.201748
1.54685	0.174191
0.57998	0.260457
-0.745396	0.22548
0.0585207	0.0886521
-0.821443	0.190511
-0.723669	-0.944893
-0.854034	-0.38845
-0.75626	0.442262
0.699482	0.609194
1.07971	-0.0154954
-0.104436	0.263302
-0.799715	-0.0520155
6.23999	0.775826
0.525662	0.146911
-0.875761	-0.194964
-0.386893	-0.437275
1.02539	0.169727
0.101976	0.318349
0.243204	-0.591612
-0.745396	-0.969996
-0.310847	0.58544
-0.223937	0.0375543
0.503934	0.331305
0.264932	-0.0196978
-0.0718443	0.0507386
-0.788851	-0.142853
1.82931	0.564022
-1.00613	-0.476586
0.178022	-0.2571
1.1123	-0.0807287
1.9814	0.232351
-0.039253	0.314383
-0.202209	0.264125
3.56751	0.147815
0.0476569	0.298255
3.77392	0.616714
-0.962671	0.246701
-0.940944	-0.765593
0.677754	0.781397
0.797255	0.502825
-0.278255	0.560137
0.645163	0.444224
-0.84317	0.309257
0.199749	0.027758
-0.462939	-0.0446551
-0.310847	0.422947
-0.58244	-0.594732
0.732073	0.532384
1.29699	-0.0569145
-0.560713	-0.171746
0.243204	0.249896
-0.84317	-0.9128
-0.875761	-0.263444
0.0693844	0.211329
-0.810579	-0.0775262
0.232341	-0.536537
1.92708	0.393412
-0.864898	-0.437176
-0.908353	-0.664454
-0.647623	-0.511833
1.70981	0.205998
-0.376029	0.305244
0.156294	0.263534
0.623435	0.35762
0.503934	0.394766
0.764664	0.192158
0.264932	0.0935665
-0.66935	-0.36682
-0.593304	0.269183
-0.397757	0.453887
-0.84317	-0.904461
-0.376029	0.508557
1.05799	0.462447
-0.658487	-1.01448
-0.278255	-0.282623
-0.115299	-0.213131
4.06724	0.414612
-0.691078	0.0291152
-0.691078	-0.671263
1.12317	0.729675
1.07971	-0.277501
0.775528	0.238403
-0.886625	-0.0211049
-0.0501168	0.128296
0.178022	0.25488
-0.84317	-0.354294
-0.115299	0.480384
-0.886625	-0.892688
0.482207	0.0546466
-0.528122	0.364269
3.21987	0.57991
-0.0609805	-0.0122309
-0.680214	0.23604
0.92762	0.273376
0.178022	0.390021
1.7424	0.448163
-0.40862	0.420666
1.06885	0.437867
-0.875761	0.148294
0.92762	0.0394023
0.297523	0.51318
-0.951808	-1.17095
-0.810579	0.170224
-0.701941	0.347095
0.688618	0.0123236
-0.386893	0.157696
-0.962671	0.11091
1.05799	0.420869
1.51426	0.0480161
-0.245664	0.154281
0.971075	0.745767
-0.549849	0.465309
-0.202209	0.0982428
0.482207	0.686734
-0.897489	-0.321888
0.101976	0.0456148
-0.951808	-0.559431
-0.245664	0.277714
-0.625895	0.579219
3.02432	0.602614
-0.66935	0.391665
4.31711	0.556968
0.210613	-0.15319
-0.973535	-0.278211
-0.886625	-1.06378
0.558253	0.628971
-0.213073	0.387131
-0.452075	-0.218353
-0.549849	0.124092
-0.875761	-0.135443
0.0476569	0.325336
-0.538985	0.309553
-0.93008	0.0651817
0.612572	0.0873076
-0.897489	-0.298467
0.254068	-0.111826
0.340978	0.397986
-0.636759	-0.773842
-0.919216	0.293205
-0.473803	-0.115881
-0.799715	0.0574548
0.330114	0.440555
-0.0283893	0.381674
-0.625895	-0.523088
1.22094	-0.0925488
-0.354302	-0.112554
-0.376029	0.333417
0.786392	0.235857
-0.897489	-0.36879
-0.984399	-0.122575
-0.777988	-0.939027
0.49307	0.409196
-0.658487	0.232811
0.49307	0.153629
-0.452075	0.580965
-0.223937	0.454413
-0.0175256	0.133616
0.275796	0.411957
-0.897489	0.144973
0.732073	0.249127
-0.995263	-0.719827
0.221477	0.573302
0.112839	0.327345
0.808119	0.412555
0.275796	-0.645575
0.319251	-0.836797
1.41649	0.400306
-0.0283893	0.465702
-0.66935	0.572218
-0.32171	-0.0701277
0.558253	0.0210097
-0.962671	-0.75874
-0.484667	-0.505096
-0.00666181	-0.356807
1.90536	0.326601
3.44801	0.514548
0.525662	-0.35258
0.395297	0.209574
-0.213073	-0.513579
-0.430348	-0.586298
-0.84317	-0.9128
0.49307	0.406158
-0.49553	-0.118003
1.37303	0.656329
0.786392	0.557196
2.62236	0.131028
-0.538985	0.328224
-0.397757	0.181286
1.66636	0.144214
-0.169618	0.154601
-0.571577	0.261765
-0.2348	-0.043987
-0.310847	0.283896
0.742937	0.654726
-0.538985	-0.394497
-0.908353	-0.580441
0.699482	0.284113
0.0585207	0.339822
-0.66935	0.258135
0.0585207	-0.653585
-0.973535	-0.718176
-0.875761	-0.914798
-0.984399	0.224859
-0.810579	-0.165137
-0.854034	-0.56791
-0.202209	0.510226
-0.506394	0.16579
-0.0935718	-0.196234
-0.213073	0.205265
-0.919216	-0.363158
0.938484	0.190939
2.1335	0.557441
-0.940944	-0.317723
-0.84317	0.425025
0.0150657	0.384091
-0.49553	0.549346
0.101976	-0.0323535
0.612572	0.502486
-0.00666181	-0.0565054
-0.973535	0.0129076
0.178022	0.176548
0.66689	0.103508
-0.897489	-0.626196
-0.701941	0.226251
-0.430348	0.463173
-0.962671	-1.00728
0.57998	-0.379189
-0.104436	-0.0840866
0.373569	0.507848
1.51426	0.0504785
-0.40862	0.533208
0.308387	-0.104495
-0.528122	-0.868152
-0.419484	0.520912
0.199749	0.39526
-0.908353	-0.30347
0.873302	0.210031
3.14382	0.852811
1.53599	0.255673
2.1009	0.268522
-0.897489	-1.36805
-0.332574	0.377125
-0.137027	0.337629
-0.951808	-0.34406
0.384433	0.613712
0.0259294	0.498315
0.406161	0.439884
-0.940944	-1.00645
-0.962671	-0.0703165
-0.538985	0.309454
-0.2348	-0.520786
-0.191345	-0.263918
-0.506394	-0.683091
-0.32171	-0.41243
-0.549849	-0.293902
0.884165	-0.579466
0.330114	0.680471
-0.908353	-0.706615
-0.66935	-0.374377
-0.169618	0.728034
-0.864898	0.153887
-0.126163	0.110998
-0.0718443	-0.206293
-0.191345	0.124299
3.80651	0.845619
2.38336	0.273374
-0.680214	0.119184
0.0476569	0.71247
-0.799715	-0.23836
-0.897489	-0.564838
-0.712805	-0.220146
0.656027	0.350966
-0.886625	-0.52168
-0.137027	0.480255
1.76413	-0.0607525
-0.169618	-0.957701
-0.712805	-0.244597
1.43822	0.510367
0.427888	0.486234
-0.310847	-0.237286
-0.75626	-0.146231
0.384433	0.74634
0.330114	-0.157768
-0.528122	-0.753644
0.656027	0.221664
2.53545	0.584797
-0.376029	-0.263613
-0.49553	-0.32985
-0.658487	-0.829136
1.15576	0.483775
-0.788851	-0.933431
-0.658487	-0.241985
-0.919216	-0.470646
3.74133	0.472949
3.75219	0.353883
-0.560713	-0.417679
0.167158	-0.176222
0.0150657	0.0461908
0.49307	-0.00794338
-0.49553	0.368588
0.373569	0.317522
0.188886	0.687051
-0.158754	-0.456634
-0.256528	-0.490124
-0.549849	0.206092
1.30785	-0.810793
-0.908353	-0.546943
2.45941	0.331048
-0.245664	-0.547774
-0.289119	0.350338
-0.908353	-0.654366
-0.169618	-0.0669291
-0.191345	0.201513
-0.625895	0.212792
-0.723669	0.272967
1.41649	-0.0521565
-0.962671	-1.22952
2.60064	0.239676
-0.995263	-0.735732
-0.549849	-0.330218
-0.680214	-0.280688
-0.365165	-0.00403768
-0.213073	-0.500347
-0.299983	0.0525855
2.60064	0.239676
0.384433	0.330929
-0.908353	-0.112125
-0.908353	-0.83643
-0.419484	-0.0735769
-0.0175256	0.407434
0.112839	-0.619052
-0.854034	-0.592483
-0.875761	-0.603515
0.862438	0.404543
0.351842	0.211479
-0.180482	0.042979
-0.832306	-0.228689
-0.897489	-1.01744
-0.560713	0.0160277
-0.299983	0.565678
0.188886	-0.816626
1.1449	0.683784
-0.14789	0.0580537
2.24213	0.63018
-0.310847	0.266141
2.68755	0.463621
-0.299983	0.324222
3.28505	0.705203
2.24213	0.464651
-0.940944	-0.55613
1.21008	0.398962
-0.951808	-0.539443
0.101976	0.280896
0.775528	0.543816
-0.528122	-0.277844
0.884165	-0.0496771
-0.636759	-0.402715
0.949348	0.472923
0.721209	0.065344
1.80758	-0.304158
-0.810579	-0.539214
-0.191345	-0.533784
-0.973535	-0.828403
-0.299983	-0.00966549
-0.115299	0.241359
-0.984399	-0.160763
-0.517258	-0.104266
-0.158754	-0.234935
-0.940944	-0.116193
0.254068	-0.128066
-0.636759	-0.201041
0.699482	0.341948
2.58977	0.790342
-0.082708	-0.0575581
1.63376	0.326573
0.199749	-0.662536
-0.951808	-0.458753
2.43768	0.0991722
-0.897489	-0.818553
-0.386893	-0.118906
-0.473803	0.134068
-0.951808	-0.535322
-0.180482	0.121949
-0.745396	0.0545256
-0.745396	-0.612804
1.81845	0.395439
-0.875761	-0.76072
-0.397757	0.200397
0.427888	-0.0939216
-0.538985	0.323165
0.710345	0.55673
1.94881	0.449577
-0.973535	-0.348794
-0.777988	0.548448
-0.40862	0.426215
-0.951808	-0.815661
-0.940944	-0.305978
-0.213073	0.249899
0.536525	0.638375
3.46974	0.712285
0.297523	-0.00438134
0.732073	0.552958
0.112839	0.218464
0.264932	0.320468
-0.00666181	0.0139425
-0.310847	0.0771147
1.21008	0.824642
-0.473803	-0.373139
0.00420194	0.194379
0.482207	0.469932
-0.082708	0.449067
-0.376029	0.494021
-0.2348	0.0943563
0.601708	0.258049
0.460479	0.492993
-0.832306	-1.07986
0.764664	0.668518
-0.386893	-0.0442148
0.460479	0.460009
-0.940944	-0.0413607
-0.213073	0.407773
-0.213073	0.377256
0.395297	0.521564
-0.549849	0.0415423
0.710345	0.314843
0.406161	0.342314
0.0150657	0.105609
0.699482	-0.0627041
0.330114	0.0641559
-1.01699	-0.126067
-0.821443	-1.0256
-0.908353	-0.405406
3.69788	0.506247
1.28612	0.543837
-1.00613	-0.394394
0.710345	0.192628
-0.137027	0.302399
-0.376029	0.0412312
-0.810579	-0.0104295
1.5034	0.636546
0.254068	0.45616
-0.082708	0.259321
0.0693844	-0.226948
-0.854034	0.453399
-0.430348	0.516123
-0.777988	0.336589
-0.745396	-0.324682
-1.00613	-0.161293
-0.908353	-1.08794
-0.365165	-0.00733527
0.895029	0.553819
1.41649	-0.481942
-0.223937	0.241392
-0.973535	0.240048
-0.115299	0.0567567
-0.919216	-0.903778
-0.419484	-0.703146
-0.734533	-0.690924
-0.973535	0.0494147
-0.984399	-0.391033
-0.213073	0.260681
-0.039253	0.485939
-0.973535	-0.368973
0.0911119	0.558794
1.93795	0.459256
0.960212	-0.589089
0.938484	0.190391
-0.245664	-0.313765
-0.951808	-0.561116
1.8619	0.488735
3.30678	0.34495
-0.832306	0.104446
0.547389	0.18945
-0.126163	-0.292347
-0.734533	-0.394064
-0.202209	0.334434
-0.897489	0.3527
0.829847	0.591689
-0.940944	-0.803927
-0.115299	0.489142
1.37303	-0.193184
-0.658487	-0.686255
-0.104436	0.151539
-0.680214	0.480585
-1.00613	-1.82966
-0.452075	0.492242
3.32851	0.449121
-0.604168	-0.597712
-0.767124	-0.846457
2.67668	0.621187
-0.310847	0.359602
-0.973535	-0.0615952
-0.299983	-1.18941
-0.256528	0.516464
-0.75626	-0.275482
0.210613	-0.0412674
1.43822	0.363847
-0.549849	-0.354372
-0.875761	-1.32726
0.123703	-0.302353
-0.691078	0.1173
-0.506394	0.266579
-0.430348	0.354144
-0.039253	-0.659128
0.0476569	0.489659
-0.691078	0.52883
-0.680214	-0.438597
-0.788851	-0.297808
0.66689	0.679552
-0.354302	-0.540064
-0.940944	0.225723
-0.397757	-0.0973326
-0.712805	0.0129945
-0.908353	-1.08794
-0.571577	-0.387645
-0.571577	-0.0921619
-0.278255	-0.272394
-0.386893	-0.541416
0.308387	-0.507966
0.0585207	0.211264
-0.777988	0.0170173
-0.0718443	0.164145
-0.886625	-1.06308
0.688618	-0.159203
2.1335	0.439187
-0.00666181	0.465624
-0.767124	0.236843
-1.01699	0.155214
-0.864898	-0.694337
-0.908353	-0.179286
-0.452075	0.257455
-0.951808	-0.40519
-0.549849	-0.467431
-0.115299	-0.425615
-0.397757	-0.228807
-0.517258	0.417189
-0.777988	-0.903185
0.710345	-0.0676488
1.41649	0.42998
-1.00613	-1.1264
0.0802482	-0.0516414
-0.854034	-0.56745
-0.549849	-0.111641
-0.897489	-0.527553
-0.951808	0.228372
-0.691078	0.151802
-0.213073	0.234371
-0.104436	0.23859
-0.984399	-0.874994
-0.191345	0.527086
0.395297	0.0968925
-0.810579	-1.05959
-0.49553	0.380462
-0.777988	-0.148672
-0.93008	-0.455034
-0.0609805	-0.0083335
-0.875761	-0.44545
0.0585207	0.705461
-0.897489	-0.785551
-0.854034	-0.545176
1.27526	0.264546
0.786392	-0.331053
1.15576	0.32314
-0.0718443	-0.337405
-0.84317	-0.167932
-0.93008	0.0829845
-0.647623	-0.197279
-0.58244	0.347128
-0.58244	-0.872461
2.04659	0.0399941
-0.810579	-0.939159
-0.441212	0.15717
-0.940944	-1.22512
-0.082708	0.319716
-0.712805	-0.156108
-0.951808	-0.488893
-0.0935718	0.377306
-0.919216	-0.784646
0.525662	0.0623024
-0.919216	-0.55483
0.406161	0.0207987
-0.810579	0.0831256
0.254068	-0.135067
-0.962671	-0.3901
0.308387	0.608031
-0.691078	0.0538156
-0.832306	-0.918836
-0.223937	0.352957
-0.951808	-1.3475
-0.636759	0.061751
1.19921	0.214291
0.884165	0.102272
0.243204	-0.21885
1.91622	-0.199106
-0.75626	-0.0619832
-0.832306	0.425037
-0.886625	-0.21809
-0.430348	0.0665853
-0.908353	-0.862501
-0.0501168	0.274515
-0.875761	0.4373
-0.875761	0.241703
-0.66935	0.421713
-0.84317	-0.438447
-0.32171	0.241739
-0.680214	-0.57042
-0.441212	-0.66773
0.0367932	0.344173
-0.00666181	0.501285
1.29699	0.1301
-0.886625	0.148013
-0.202209	-0.359812
-0.908353	-0.414154
0.254068	0.15046
-0.691078	0.295991
-0.0283893	0.520731
-0.810579	0.322353
1.41649	-0.131497
0.699482	0.629618
-0.875761	0.283646
-0.397757	-0.217256
0.0476569	-0.0715234
-0.299983	0.488795
-0.66935	-0.63027
-0.919216	-0.721635
0.656027	0.281021
0.547389	0.488877
-0.126163	-0.337785
-0.973535	-0.0683615
0.92762	0.349267
-0.810579	-0.158998
-0.908353	-0.343466
0.351842	0.55018
-0.604168	-0.724842
-0.2348	0.0809322
0.0693844	0.181496
-0.636759	-0.444966
1.85104	0.407022
-0.299983	0.11069
2.81791	0.752002
-0.886625	-1.56967
0.590844	0.295944
-0.0283893	0.485436
2.63323	0.335754
-0.58244	-0.262307
-0.223937	-0.0991177
0.536525	0.20949
1.18835	0.250597
-0.397757	0.145906
0.656027	-0.510371
-0.169618	0.489486
-0.93008	-0.917699
-0.66935	-0.928487
0.417024	0.279129
-0.875761	-0.024178
-0.84317	0.321438
-0.973535	-0.402293
-0.658487	0.0454593
0.0259294	-0.435628
-0.821443	-0.376871
2.27472	0.722722
-0.256528	0.373382
1.77499	0.32982
0.427888	-0.17879
-0.951808	-0.730189
-0.169618	0.340862
-0.528122	0.434838
-0.278255	-0.136114
-0.158754	0.0235817
3.30678	0.401826
1.39476	0.174806
-0.66935	-0.716436
-0.680214	0.286511
0.57998	0.830178
0.634299	-0.00531221
0.514798	0.294868
-0.169618	-0.0010558
-0.723669	-0.0367704
0.145431	-0.124072
-0.343438	-0.704643
0.0693844	0.376288
1.44908	0.470497
1.02539	0.715039
-0.658487	0.227363
2.15522	0.603036
1.37303	0.450423
0.199749	0.255425
-0.169618	-0.0195597
-0.788851	-1.15777
-0.821443	-0.531625
-0.169618	0.146663
-0.0283893	0.060525
-0.180482	0.678398
1.21008	0.586887
-0.310847	0.235976
1.02539	0.515535
-0.278255	-0.0982984
-0.712805	0.282155
-0.767124	-0.318038
1.61204	0.0927107
-0.289119	0.435166
1.8619	0.447048
-0.571577	-0.421498
-0.886625	-0.492812
-0.430348	-0.106016
-0.506394	-1.02689
-0.951808	-0.748659
-0.49553	-0.220965
1.89449	0.225024
-0.126163	-0.208108
-0.701941	0.0322518
0.710345	0.425239
-0.104436	-0.752978
0.797255	-0.00112372
-0.289119	0.527468
-0.745396	-1.13658
0.786392	-0.0800266
-0.223937	0.356329
0.688618	0.367565
-0.908353	-1.24623
0.221477	0.325961
2.52459	0.287658
-0.777988	-0.129263
0.123703	0.509116
-0.473803	-0.0957082
-0.00666181	0.509674
-0.84317	0.360446
-0.00666181	0.0933414
-0.376029	-0.46485
-0.604168	0.11399
-0.625895	-0.284629
-0.310847	-0.473556
-0.832306	0.496973
-0.821443	0.163215
-0.973535	-0.809774
-0.386893	0.107624
-0.886625	-0.776993
-0.93008	-0.202219
-0.278255	0.309964
-0.821443	-0.365051
-1.02785	-0.971846
2.48114	-0.113509
-0.49553	-0.608226
-0.691078	0.503531
-0.712805	-0.116837
2.53545	0.562517
0.406161	0.0207987
-0.538985	0.107547
-0.962671	-0.486803
-0.0501168	0.0649031
2.60064	0.425239
-0.0175256	0.247904
0.699482	0.360988
-0.647623	-0.0662437
-0.767124	-0.248793
-0.484667	0.0968292
-0.104436	0.511028
-0.191345	0.659995
-0.745396	0.207787
0.7538	-0.0287251
-0.864898	0.528164
-0.875761	-1.37808
0.558253	-0.0940177
0.49307	0.28127
-0.430348	-0.723674
0.362706	0.369409
-0.0283893	0.070994
-0.0283893	0.20034
0.112839	0.444936
-0.908353	-0.449366
0.101976	0.23471
-0.191345	0.361832
-0.962671	-0.024757
-0.734533	-0.225431
0.308387	0.128969
0.0802482	-0.603059
-0.082708	0.399373
-0.484667	0.390472
-0.517258	0.00023426
9.48825	0.273461
2.63323	0.513543
-0.777988	0.163563
0.710345	0.827856
-0.0501168	0.405036
0.710345	0.407349
-0.082708	0.428653
-0.691078	-0.146002
-0.864898	0.54407
0.656027	0.115224
-0.897489	-1.02322
1.02539	0.736168
0.612572	0.0549316
-1.00613	0.245857
0.178022	-0.873052
-0.799715	-0.322782
-0.462939	-0.305599
0.49307	0.468944
0.0693844	-0.183567
-0.528122	0.373578
-0.0175256	0.444754
0.243204	0.391728
0.264932	-0.172037
-0.854034	0.353783
1.5034	0.294233
-0.104436	0.0628053
-0.821443	0.404511
-0.745396	-0.862923
2.17695	0.659291
-0.256528	0.258536
-0.962671	-0.673497
-0.376029	0.150564
-0.202209	-0.451574
-0.854034	-0.0843494
0.536525	0.318088
-0.0283893	0.162702
-0.256528	0.224526
0.818983	0.528459
-0.517258	-0.553412
-0.832306	0.185853
-0.40862	-0.253006
-0.680214	0.324549
-0.84317	-0.440111
-0.14789	0.13179
-0.039253	0.365595
-0.506394	0.148762
-0.897489	-0.918858
-0.940944	-0.465714
-0.593304	0.20014
1.48167	0.318858
-0.0175256	0.268641
0.449616	0.552447
0.0693844	0.716584
0.210613	0.141366
-0.788851	0.103776
-0.886625	-0.529406
-0.169618	0.0462708
-0.777988	-0.270903
0.221477	-0.494867
0.905893	0.254968
0.0150657	0.405132
0.66689	0.447891
-0.571577	-0.282734
1.2644	0.453874
0.123703	0.462995
-0.343438	0.4546
1.18835	0.235676
1.72067	0.244629
-0.636759	-0.623199
0.156294	0.131193
-0.66935	0.167869
-0.897489	-0.908306
-0.767124	-0.448629
-0.2348	0.654824
0.167158	0.121622
4.41488	0.42635
-0.799715	-0.122495
-0.528122	-0.018986
0.732073	-0.275429
-0.538985	-0.0331617
-0.310847	-0.164573
0.503934	-0.338621
-0.0935718	-0.456333
-0.484667	-0.0584061
-0.256528	0.736305
-0.940944	-0.566759
-0.571577	-0.395369
1.48167	0.503129
0.808119	0.494104
0.710345	0.267489
1.66636	0.228514
-0.462939	-0.176128
1.36217	0.142443
-0.58244	-0.478432
-0.528122	-0.277844
-0.213073	0.592857
0.00420194	-0.128981
-0.66935	-0.496423
-0.864898	0.401633
1.89449	0.305087
-0.441212	-0.191492
1.66636	0.306543
-0.0935718	-0.148277
0.232341	0.105727
-1.00613	-1.82966
-0.777988	0.422708
0.514798	-0.361013
1.22094	0.332349
-0.908353	-0.397641
-0.245664	-0.07854
-0.973535	-0.710676
2.79618	0.516854
-0.0501168	0.286488
-0.256528	-0.420821
-0.854034	-0.363633
1.1123	-0.122885
-0.788851	0.0761913
-0.202209	-0.118583
0.275796	0.275051
-0.799715	-0.0884178
0.232341	0.146214
-0.93008	-0.0687762
-0.734533	0.342457
-0.299983	0.601254
-0.0283893	-0.035544
-0.832306	0.624027
0.427888	0.469988
-0.310847	-0.247944
1.56858	0.544164
-0.0283893	-0.5503
-0.777988	-0.834109
0.112839	0.486308
0.949348	0.465369
1.8619	0.443024
0.156294	0.0180002
-0.712805	-0.548869
-0.864898	-0.680318
-0.332574	0.514752
-0.397757	0.136464
-0.039253	0.0706051
0.57998	0.180807
2.57891	0.314541
-0.875761	-0.502336
0.0150657	-0.315129
-0.647623	0.36173
-0.701941	0.174209
-0.962671	0.428792
-0.788851	-0.396916
-0.897489	-0.695674
-0.039253	-0.0430619
0.156294	0.389526
-0.386893	0.556217
-0.962671	-0.427895
-0.788851	-0.694118
-0.919216	0.0599592
2.15522	0.506154
-0.310847	0.439322
0.732073	0.564487
0.221477	0.482009
-1.04958	-0.769368
0.232341	0.215627
-1.00613	-0.315911
0.188886	0.174008
0.275796	0.487653
-0.484667	-0.493253
-0.560713	-0.725187
-0.734533	0.311878
-0.84317	-0.554764
-0.625895	-0.569836
-0.00666181	0.325676
1.06885	0.141199
-0.919216	-0.587993
0.178022	-0.180277
-0.973535	-0.723657
-0.897489	-0.47185
-0.256528	0.326248
0.188886	0.0132837
-0.278255	-0.0882659
1.25353	0.319476
0.895029	0.0749579
-1.02785	-1.18092
-0.256528	0.206623
0.471343	0.381191
0.57998	0.0444668
-0.58244	0.614646
-0.984399	-0.0996714
0.873302	0.0149815
1.00367	0.0258633
-0.636759	-0.72156
-0.962671	-0.515689
-0.897489	-0.772174
-0.951808	-0.0650479
1.27526	0.268423
1.12317	0.606327
0.0150657	-0.359035
-0.777988	0.0354273
1.07971	0.595192
-0.734533	0.0281507
1.81845	0.326506
2.28559	0.293285
-0.32171	0.417675
1.32958	0.330279
0.7538	0.607724
0.308387	0.277968
-0.365165	0.0157926
0.460479	0.293266
-0.734533	-0.296948
0.254068	0.536536
-0.658487	0.308218
-0.973535	-0.236681
2.38336	0.165651
-0.473803	-0.134166
-0.691078	0.114537
1.42735	-0.379562
-0.93008	-1.03701
-0.75626	-1.29902
0.645163	0.0977847
-0.680214	-0.668546
-0.58244	0.549059
-0.810579	-1.04866
-0.962671	-0.596322
-0.126163	0.153246
-0.452075	-0.544011
-0.832306	-0.966219
-0.854034	0.103782
-0.419484	0.0981282
-0.995263	-0.0410756
2.3725	0.687961
-0.962671	-1.07919
0.0259294	-0.0554144
-0.799715	-0.252131
-0.897489	-0.172211
0.0911119	0.146412
0.558253	0.495324
-0.289119	-0.823999
0.417024	0.431966
-0.919216	-0.128536
0.851574	0.530442
-0.84317	0.111411
0.460479	-0.336383
1.93795	0.487081
-0.788851	-0.0419841
-0.940944	-0.832562
1.82931	0.522147
-0.973535	-0.81127
2.28559	0.0898974
-0.354302	-0.144213
-0.767124	-0.651958
-0.245664	-0.309667
2.50286	-0.0271945
0.101976	0.625122
-0.66935	-0.487625
0.0476569	0.239367
0.319251	0.0733003
-0.84317	-0.811415
0.134567	0.417284
-0.940944	-0.868787
-0.962671	0.0928918
-0.126163	-0.416486
2.05745	0.528919
-0.517258	0.088926
1.70981	0.312888
0.438752	0.472838
0.286659	0.345736
-0.14789	0.452346
1.7424	0.67994
0.0911119	0.19645
-0.875761	-0.2085
0.829847	0.571801
0.362706	0.437722
0.612572	0.586011
-0.473803	0.0999858
-0.462939	0.318006
-0.973535	0.531563
0.0476569	0.356201
0.601708	0.296938
0.123703	-0.309175
-0.376029	0.348461
-0.897489	-0.274946
0.851574	0.530442
-0.625895	-0.128035
1.13403	0.47791
1.30785	0.129299
1.09058	-0.244463
-0.49553	-0.0998147
-0.897489	-1.01935
0.569117	-0.0944693
0.449616	0.146866
0.167158	0.584565
-0.854034	-0.403893
-0.788851	-0.231546
0.156294	0.320358
0.417024	0.200124
-0.082708	-0.092935
-0.430348	0.0324914
0.971075	0.376391
-0.919216	0.208682
-0.223937	0.499689
-0.788851	0.505481
-0.984399	-0.629422
3.7196	0.551958
-0.636759	-0.355731
1.25353	0.879857
-0.462939	-0.231642
-0.864898	-0.703154
-0.832306	-0.966219
0.460479	0.376779
0.590844	0.521125
-0.962671	-1.49346
-0.951808	-0.978522
-0.93008	-0.761311
-0.082708	0.0188466
-0.191345	0.0871164
-0.538985	-1.05422
2.02486	-0.039987
-0.40862	-0.225165
0.101976	0.516701
-0.430348	-0.707111
1.87277	0.343088
0.623435	-0.882933
-0.864898	-0.367301
-0.84317	0.253799
-0.32171	-0.0600001
-0.0283893	-0.284901
-0.886625	-1.05364
-0.658487	0.587951
-0.376029	0.229769
0.0150657	0.324354
1.2644	0.0110892
-0.919216	-0.639668
-0.0609805	0.385411
-0.32171	0.296581
-0.40862	0.135903
-0.93008	-1.32284
-0.864898	-0.374857
-0.40862	-0.205205
-0.137027	0.270328
-0.397757	0.464558
0.873302	0.0443468
-0.875761	-0.430647
-0.854034	-0.986046
-0.202209	0.721995
-0.734533	-0.432737
-0.886625	-0.075028
-0.897489	-0.193474
-0.32171	0.245016
-0.810579	0.403263
-0.84317	-0.330179
-0.897489	-0.570505
0.438752	0.499003
1.45994	0.820684
-0.919216	0.526147
-0.691078	-0.83795
-0.658487	0.267807
-0.919216	-0.316212
0.482207	0.456819
-0.484667	-0.25629
-0.951808	-0.98192
-0.517258	0.042523
-0.484667	0.0237453
0.243204	0.342177
-0.419484	0.445399
1.64463	0.271121
-0.93008	-0.711779
0.101976	0.417453
3.14382	0.54665
-1.01699	-1.81496
0.275796	-0.0380818
-0.875761	-0.597359
0.656027	0.209002
-0.647623	-0.560139
-0.560713	-0.445516
-0.821443	0.0189083
-0.430348	0.245506
1.53599	0.585786
-0.745396	-0.678053
-0.49553	-0.322827
0.851574	-0.483229
-0.332574	-0.0366343
-0.897489	-0.40684
-0.984399	-0.359181
0.884165	0.211337
-0.745396	0.109784
0.319251	-0.342971
-0.734533	0.00472289
-0.0501168	0.248724
0.210613	-0.479859
2.75273	0.271109
0.960212	-0.195018
2.30732	0.614622
-0.517258	0.325623
-0.49553	0.496813
0.134567	0.336927
-0.810579	0.080047
-0.126163	0.275101
0.449616	0.105683
-0.788851	-0.198857
-0.0609805	0.000437781
-0.625895	0.265141
-0.767124	-0.342766
0.427888	0.0589041
-0.680214	0.245057
-1.00613	0.428728
-0.647623	-0.705547
-0.767124	-0.111232
-0.658487	-0.426758
0.808119	0.174734
0.351842	0.469948
0.373569	0.327463
4.30625	0.596017
-0.821443	-0.840212
-0.767124	0.075282
0.406161	0.416988
-0.995263	-0.806257
0.482207	0.536383
-0.289119	0.31733
0.167158	0.376297
-0.397757	-0.183437
-0.886625	-0.20175
-0.658487	-0.215904
-0.202209	0.0563228
0.732073	-0.180135
-0.908353	-0.745179
-0.745396	0.619628
-0.821443	-0.745513
-0.332574	0.378698
0.449616	0.178844
-0.343438	0.453429
-0.14789	-0.465502
-0.256528	-0.100621
0.764664	0.232433
-0.984399	-0.664173
-0.158754	0.185587
-0.506394	-0.0334258
0.992803	-0.259207
-0.940944	-0.706642
-0.299983	-0.337467
0.786392	0.557196
-0.430348	0.195928
-0.202209	-0.0945903
2.86137	0.715186
-0.897489	-0.299714
-0.821443	-0.616909
0.417024	0.231547
3.8391	0.154947
-0.864898	-1.63487
-0.473803	-0.436667
-0.40862	-0.192102
-1.02785	0.248049
-0.919216	0.43328
-0.940944	-1.11029
-0.973535	-0.197219
-0.658487	0.419696
0.384433	0.016516
-0.854034	-0.336551
0.558253	0.503057
-0.777988	-0.129263
-0.49553	-0.882311
-0.549849	-0.518631
-0.788851	-0.576858
-0.0175256	-0.338101
0.427888	-0.3628
0.340978	0.651856
-0.213073	-0.166095
-0.647623	-0.223096
-0.267392	-0.417104
-0.549849	0.182886
-0.66935	-0.0639066
-0.484667	0.384904
0.732073	0.514801
0.7538	0.131628
1.54685	-0.187982
1.27526	0.294917
0.732073	0.336364
0.0150657	0.445037
-0.919216	-0.850522
0.818983	0.264837
-0.419484	0.334563
0.0150657	0.204165
0.373569	0.393319
-0.951808	-0.126386
1.2644	0.748472
-0.821443	-0.786373
-0.875761	-0.125053
-0.32171	-0.234484
2.00313	0.673331
0.569117	0.17209
-0.538985	-0.491929
2.00313	0.428091
-0.897489	0.359586
-0.506394	0.440846
-0.571577	0.235396
-0.278255	0.196889
-0.549849	-0.105975
-0.636759	0.238455
0.123703	0.498298
1.16662	0.711704
-0.734533	0.43696
-0.506394	-0.236713
1.02539	0.518156
0.188886	0.514991
-0.734533	0.51826
0.677754	0.434953
-0.995263	-0.806257
0.123703	-0.369455
-0.267392	0.37849
-0.810579	-1.3537
-0.940944	-0.79344
2.76359	0.658943
-0.962671	-1.19944
-0.625895	-0.118879
-0.973535	-0.847274
-0.473803	-0.133717
-0.299983	0.414457
-0.734533	-0.223628
-0.245664	-0.256617
0.471343	-0.378165
2.50286	0.386
-0.332574	-0.0283162
-0.810579	-0.668183
-0.593304	-0.517634
1.65549	0.360916
-0.0283893	0.0652741
-0.32171	-0.282906
-0.0501168	0.412953
0.427888	0.0987577
-0.245664	0.0048848
-0.278255	0.044058
0.971075	-0.734957
2.57891	0.253117
-0.365165	-0.788858
-0.615032	-0.0209975
-0.788851	-0.153083
-0.93008	-0.56293
0.156294	0.179679
-0.973535	0.108212
-0.506394	-0.589036
-0.039253	0.202402
-0.430348	0.195928
-0.821443	-1.53389
-0.712805	-0.101457
0.319251	0.270038
-0.821443	0.251681
-0.299983	0.565678
0.178022	0.255946
-0.940944	-0.223688
3.14382	0.645256
-0.745396	-0.575738
0.384433	0.309564
-0.430348	0.385679
-0.354302	-0.0607618
-0.039253	-0.0198169
0.232341	0.350985
1.19921	0.438926
-0.93008	0.562296
-0.343438	-0.250827
-0.973535	0.818234
-0.973535	0.0953464
1.32958	0.597721
-0.854034	0.311284
-0.995263	0.321569
-0.680214	-0.223702
1.07971	0.244188
1.2644	0.748472
-1.04958	-0.827697
0.406161	0.391777
-0.723669	-0.952068
0.384433	0.300565
-0.571577	-0.284185
-0.66935	0.285161
-0.104436	0.0408501
-0.0283893	0.532473
-0.951808	-0.0437583
-0.886625	-0.441588
-0.0718443	0.0339231
0.112839	-0.674038
-0.658487	0.0321689
-0.875761	0.412997
-0.712805	-0.459139
0.797255	0.169324
0.286659	0.412939
-0.93008	-1.18825
-0.919216	-0.576177
1.90536	-0.0711873
0.384433	-0.00495217
-0.213073	-0.103603
3.96947	0.3681
-0.984399	-1.37099
-0.799715	-1.7864
0.49307	0.648694
-0.082708	0.516621
-0.691078	-0.433404
-0.908353	-0.328048
0.0259294	0.545509
4.14329	0.706869
1.7424	0.503661
1.21008	0.114788
-0.691078	-1.20122
0.0693844	0.557251
1.04712	0.78861
-0.538985	-0.277518
0.0802482	-0.689738
1.15576	0.388626
1.53599	0.497686
-0.517258	0.366192
-0.636759	-1.21211
-0.93008	-1.46217
-0.951808	-0.302958
-0.365165	0.0202592
0.330114	0.557663
-0.452075	0.0391269
-0.854034	-0.830199
0.145431	0.376535
0.503934	0.328173
-0.2348	0.323955
-0.984399	-0.699126
-0.343438	-0.576633
-0.886625	-0.242171
-0.821443	-0.211776
-0.538985	0.318341
1.64463	0.425028
-0.354302	0.164364
-0.473803	0.034734
-0.528122	0.270417
1.61204	0.595289
-0.875761	0.504995
-0.0935718	0.306895
-1.00613	-1.09286
-0.310847	0.202839
0.634299	-0.0822751
0.503934	0.230058
3.23073	0.358383
-0.354302	0.221169
-0.560713	-0.0116074
0.0802482	0.356029
-0.821443	0.190511
2.98087	-0.00977316
0.590844	0.214278
3.62183	0.394008
1.39476	0.0639147
-0.84317	-0.290725
0.590844	0.570466
0.101976	0.320439
1.1123	0.191542
-0.984399	-1.43256
-0.593304	0.113536
-0.14789	0.0580537
-0.93008	-0.722866
-0.452075	-0.618217
1.17749	0.42322
0.818983	0.305003
-0.93008	-0.238454
-0.951808	-0.215123
1.68808	0.345015
-0.897489	-0.535942
-0.799715	0.511826
-0.441212	-0.0200467
-0.897489	-0.756803
1.81845	0.240042
-0.788851	-1.04556
0.156294	0.320358
-0.919216	-1.04544
-0.354302	0.0224937
-0.799715	-0.0698016
2.492	0.0641109
-0.528122	-0.0761732
-0.810579	-0.41556
-0.647623	-1.12491
1.61204	0.744508
1.65549	0.202998
-0.560713	0.254386
-0.799715	0.146888
1.30785	-0.0158313
-0.365165	-0.137136
-0.832306	-0.0681984
-0.647623	-0.238598
0.319251	-0.813915
0.221477	-0.395487
2.03572	0.354982
-0.908353	-0.794505
0.362706	0.65649
0.0476569	0.398113
2.14436	0.498309
-0.310847	0.121641
0.112839	-0.453039
-0.376029	0.442634
1.90536	0.445669
-0.636759	0.35456
-0.104436	0.23887
-0.419484	0.0878861
-0.75626	-0.133398
-0.2348	0.053327
-0.538985	0.141706
-0.104436	-0.076122
-0.919216	-0.3275
1.90536	0.334832
1.09058	0.455909
-0.908353	-0.949595
0.330114	0.476811
1.39476	0.473151
-0.951808	0.387329
-0.951808	-0.747
0.645163	0.275755
0.558253	0.107118
0.471343	0.189773
-0.452075	0.281157
-0.625895	-0.233092
-0.940944	-0.118953
1.5034	0.123833
-0.886625	-0.289953
-0.593304	0.239583
-0.854034	-0.709073
-0.343438	0.147631
0.134567	0.60778
-0.299983	0.107204
-0.0175256	0.273032
0.829847	0.450699
-0.973535	-0.634194
-0.799715	-0.479813
0.264932	0.101956
-0.799715	-0.514852
-0.625895	0.41663
-0.452075	-0.187855
1.2644	0.356543
0.188886	-0.0967943
-0.93008	-0.876205
-0.897489	0.170072
-0.875761	-0.44545
-0.940944	0.195612
3.0026	0.122565
1.52513	0.459796
-0.354302	-0.365127
-0.897489	-0.515449
-0.2348	0.35302
-0.452075	0.323139
-0.49553	0.495298
-0.343438	-0.123853
-0.810579	0.0350512
-0.365165	-0.247979
-0.886625	-0.198639
-0.441212	-0.534494
-0.647623	0.0120524
-0.995263	-0.661655
-0.897489	-0.570505
-0.441212	0.416912
-0.734533	0.359032
1.00367	0.489829
1.91622	-0.00955621
1.34044	0.655329
0.406161	0.121857
-0.310847	0.137719
-0.908353	0.341982
0.199749	-0.43541
4.02379	0.551861
-0.223937	0.158278
-0.940944	-0.9596
-0.875761	-0.755291
-0.213073	-0.326803
0.764664	0.261013
0.297523	-0.0863147
-0.84317	-0.973974
-0.267392	0.23363
-0.777988	-0.0586353
-0.169618	-0.648964
-0.832306	0.415209
-1.01699	-0.640519
-0.734533	-0.653182
2.82878	0.794428
-0.658487	-0.343655
-0.386893	0.559653
-0.473803	0.174228
0.00420194	0.610487
-0.376029	0.224622
0.797255	0.454241
-0.897489	-0.500199
-0.49553	-0.387684
-0.58244	-0.289452
-0.875761	-0.531499
0.590844	0.187769
2.52459	0.396841
-0.940944	0.192337
1.89449	0.790372
-1.00613	-1.12973
0.254068	0.0101596
-0.832306	0.231099
-0.267392	0.447816
-0.886625	-0.132857
0.797255	0.296591
-0.864898	-0.423967
1.00367	0.663858
-0.00666181	0.424911
0.373569	0.13799
0.710345	0.231824
1.23181	0.449321
0.525662	-0.32097
-0.875761	-1.2562
0.340978	0.481107
-0.832306	-0.757124
0.862438	-0.0717299
-0.75626	-0.361777
-0.32171	-0.215879
-0.777988	0.176354
0.395297	0.44142
-1.02785	-1.48623
-0.267392	0.458624
-0.84317	-0.60183
1.19921	0.173794
-0.506394	-0.624187
0.417024	0.584733
-0.658487	0.523145
-0.951808	-0.126386
-0.973535	-0.936931
-0.0609805	0.16772
0.916757	0.898135
0.482207	-0.118233
1.36217	0.167493
0.0693844	0.34007
-0.832306	-0.287646
1.2644	0.343766
-0.289119	0.511188
2.75273	0.0651988
-0.14789	0.0324091
1.43822	0.18858
-0.462939	0.357951
1.53599	0.275626
-0.75626	0.557312
0.536525	-0.208503
0.49307	0.396233
0.0476569	-0.0513602
0.0802482	0.31047
-0.712805	0.278744
0.721209	0.214165
-0.897489	-0.330768
-0.777988	0.468061
-0.202209	0.347674
0.503934	0.397141
-0.854034	-0.0814398
0.612572	0.196127
-0.886625	-1.16712
-0.647623	-0.143649
-0.973535	-1.05673
0.558253	0.47195
-0.039253	0.415719
0.0585207	0.444553
-0.126163	0.22708
-0.245664	-0.187963
1.87277	0.411436
-0.593304	-0.305129
-0.897489	0.282486
0.319251	0.417549
-0.615032	-0.597927
0.981939	0.306423
0.645163	-0.343548
3.27419	0.576119
-0.691078	0.12965
-0.115299	0.418265
-0.745396	-0.260874
-0.962671	-0.87055
0.905893	-0.0770701
-0.202209	-0.464897
0.808119	-0.0493838
-0.32171	0.30666
-0.0175256	-0.141937
-0.256528	0.483481
-0.2348	-0.223438
3.7196	0.551958
-0.864898	-0.447892
-0.365165	0.122085
-0.810579	0.158976
-0.875761	-0.41645
0.49307	0.764807
-0.14789	0.298799
-0.723669	-0.952068
0.199749	-0.492187
0.818983	-0.132401
-0.0501168	0.0736825
-0.32171	0.406307
-0.419484	-0.422685
-0.777988	-0.488728
-0.473803	-0.171255
-0.58244	0.080891
-0.354302	-0.577386
-0.919216	-0.341219
0.862438	0.0532269
-0.897489	-0.725816
-0.66935	-1.09939
0.742937	0.476559
-0.951808	-0.752099
-0.962671	-0.895303
-0.517258	-0.365703
-0.832306	0.338531
-0.680214	-0.0711442
0.145431	0.0875638
0.0911119	0.500152
-1.03872	-1.27608
-0.810579	-1.05016
0.362706	0.264832
-0.289119	0.0353877
1.36217	0.037206
-0.951808	-1.03176
-0.039253	0.537866
0.634299	0.333096
-0.2348	0.0969328
-0.604168	-0.0856367
-0.310847	0.262319
-0.919216	-0.102668
0.101976	-0.142432
-0.886625	-0.410846
-0.897489	-0.461544
-0.267392	0.474213
-0.680214	-0.0427214
0.101976	0.483921
1.93795	0.427396
1.42735	0.222947
-0.0718443	0.0981453
-0.908353	-0.602846
-0.84317	-0.593095
-1.00613	-0.742854
-0.452075	0.756154
0.0693844	-0.278739
-0.169618	0.200687
1.80758	0.0234747
-0.528122	0.546321
0.786392	0.568076
0.330114	0.426395
0.427888	0.809074
0.460479	-0.863999
-0.788851	-0.676227
-0.32171	-0.439115
-0.32171	-0.184551
0.0693844	-0.0674093
-1.00613	-1.12973
1.54685	0.346978
1.41649	0.32664
-0.158754	0.331594
-0.908353	-0.472144
-0.701941	-0.162447
0.188886	0.398654
-0.625895	0.512662
-0.897489	-0.607805
0.156294	0.130046
-0.0935718	0.373958
-0.854034	-0.279284
0.221477	-0.0915889
0.634299	0.331794
0.66689	0.215502
-0.897489	-0.41273
0.797255	0.347068
1.72067	0.265759
-0.397757	-0.00738453
-0.0718443	0.355403
0.0693844	0.5463
0.167158	0.444262
-0.864898	0.209165
-0.625895	0.305922
-0.810579	-0.43037
2.55718	0.739789
-0.2348	-0.0416942
-0.571577	0.246309
-0.962671	0.308355
-0.777988	0.101128
-0.691078	0.117716
0.677754	-0.512569
0.0911119	0.728974
-0.767124	-0.886798
0.362706	-0.194202
-0.528122	0.0566735
-0.658487	-0.613884
0.384433	0.208042
-0.517258	0.364044
-0.777988	-0.0308864
-0.712805	-0.946208
3.20901	0.561945
-0.821443	-0.40609
2.04659	0.521498
-0.0718443	0.324633
0.721209	-0.627516
-0.376029	0.270602
-0.310847	-0.264319
0.199749	-0.218487
-0.538985	-0.339127
-0.32171	-0.174084
-0.571577	0.395577
0.0367932	0.116771
1.37303	0.709291
-0.723669	0.356655
0.688618	0.609049
-0.441212	-0.832096
-0.973535	-1.05268
-0.767124	0.281257
-0.506394	-0.0420409
-0.00666181	0.200222
-0.158754	-0.0613199
1.07971	0.258262
-0.680214	-0.0282585
4.40402	0.448776
-0.310847	0.190112
-0.14789	0.0522646
-0.538985	-0.635794
0.905893	0.216906
-0.93008	0.494655
-0.66935	-0.085593
0.00420194	-0.0192171
-0.886625	-1.37642
-0.745396	0.0256583
-0.940944	-0.653442
0.275796	0.746772
-0.701941	0.136478
1.15576	-0.0494496
-0.647623	-0.469498
-0.506394	0.00651541
0.0259294	0.31563
-0.886625	-0.982466
1.23181	0.308163
0.471343	0.159843
1.1123	0.102367
0.123703	0.349419
1.19921	0.415613
2.17695	0.220799
-0.278255	0.117694
0.232341	0.0416756
0.514798	0.581946
-0.332574	-0.415156
-0.158754	0.265589
-0.788851	0.270251
0.590844	-0.0352538
0.7538	0.578371
-0.810579	-0.769719
-0.832306	-0.185559
-0.75626	0.315112
-0.549849	-0.368012
-0.84317	-0.111619
-0.343438	0.486458
0.895029	0.148421
-0.940944	-0.793094
-0.615032	-0.621779
1.00367	0.410374
-0.962671	0.354104
-0.158754	0.343705
-0.658487	-0.599569
0.210613	-0.254402
-0.332574	0.123968
0.210613	-0.0912806
-0.984399	-0.896438
0.221477	-0.0309063
-0.810579	-0.889481
-0.712805	-0.549229
1.51426	0.372937
-0.267392	0.34276
-0.886625	-0.85192
-0.636759	-0.132358
0.547389	0.119164
-0.126163	0.555172
-0.571577	0.0746628
-0.169618	-0.303518
-0.940944	0.226793
0.514798	0.273324
-0.397757	0.428939
-0.973535	0.271325
0.764664	0.726659
-0.897489	-0.176815
-0.919216	-0.0804981
0.623435	0.35762
-0.517258	-0.86973
-0.289119	0.375639
-0.2348	-0.197328
-0.202209	-0.26117
0.0367932	0.511207
-0.082708	0.236763
-0.441212	0.01334
0.00420194	0.0905585
3.92601	0.269686
-0.984399	-0.317332
-0.723669	0.342888
3.84997	0.583498
0.721209	0.136374
1.65549	0.57785
-0.332574	-0.218299
2.3725	0.486615
0.786392	0.423034
1.37303	0.0447605
-0.365165	0.434607
-0.908353	-0.136177
5.11016	0.532329
-0.278255	-1.15316
-0.93008	-0.945861
-0.973535	-1.10958
1.68808	0.347969
-0.799715	0.259869
-0.995263	-0.633918
-0.886625	0.314171
-0.984399	-0.77449
-0.864898	0.147468
-0.897489	-0.342458
1.16662	0.360649
0.0693844	-0.0262498
-0.821443	-0.554749
-0.723669	-0.912333
-0.767124	0.410405
-0.995263	-0.609061
-0.951808	0.287581
1.19921	0.0770918
2.30732	0.290968
0.775528	-0.345018
2.16609	0.364107
1.2644	0.362383
2.20954	0.0846998
2.22041	0.287895
0.308387	0.498224
0.340978	-0.146264
0.721209	0.753236
-0.951808	-0.443332
-0.14789	0.529517
-0.723669	-0.032339
0.525662	0.456822
-0.0175256	0.590234
1.51426	0.263959
1.09058	-0.126074
0.373569	-0.061544
0.742937	0.0539774
-0.441212	0.1148
-0.799715	-1.5606
2.07918	0.538198
0.992803	0.173773
-0.473803	-0.232983
0.84071	0.296447
-0.180482	0.559431
2.04659	0.335541
0.156294	0.657344
-0.484667	-0.265409
0.0911119	-0.119673
-0.256528	0.523559
-0.962671	-0.703799
0.49307	0.144606
-0.0501168	0.282742
-0.615032	0.368259
-0.462939	-0.278706
-0.919216	-0.666979
-0.549849	-0.29334
1.18835	0.318886
0.732073	0.505082
-0.864898	-0.91452
1.3839	0.0380899
-0.473803	-0.535221
-0.886625	-0.494522
-0.908353	0.378198
-0.58244	-0.549492
0.732073	0.31638
0.57998	0.742197
0.351842	0.00727684
-0.951808	-0.0820846
-0.517258	0.117882
-0.397757	-0.0973326
0.503934	0.359666
1.24267	0.283903
2.78532	0.472037
1.17749	0.172252
0.178022	0.341095
-0.680214	0.514779
-0.908353	-0.0189984
0.0476569	0.559012
-0.810579	-0.16309
2.12263	0.645269
2.80705	0.397831
-0.484667	-0.341299
0.0367932	0.54184
1.84017	0.809775
-0.680214	-0.832508
-1.02785	-0.145382
0.503934	0.25699
0.167158	-0.0566417
-0.0935718	-0.0544367
0.232341	-0.0940147
0.547389	0.47506
1.66636	0.300828
2.54632	0.164564
1.37303	-0.296845
0.49307	0.318335
-0.452075	0.283197
0.0585207	-0.299078
-0.137027	-0.229525
-0.919216	-1.63665
0.786392	0.68865
-0.777988	-0.00737084
0.406161	0.143574
0.00420194	-0.115726
0.0802482	0.0947101
0.66689	0.124004
-0.604168	-0.234365
-0.245664	-0.307852
-0.919216	-1.05737
-0.386893	-0.00993762
0.0585207	0.500733
0.590844	0.0749427
0.0150657	0.117053
-0.560713	0.377017
0.601708	0.382582
0.0911119	0.390191
1.36217	0.43201
-0.354302	0.0773964
1.67722	0.517963
-0.734533	0.363144
0.558253	0.238762
-0.354302	-0.0906685
-0.126163	-0.337785
-1.00613	-1.0554
-0.886625	-1.13273
-0.245664	0.0172576
0.199749	-0.0598259
-0.528122	-0.606796
-0.777988	-0.24252
2.98087	0.370368
0.395297	0.320698
-0.919216	-1.15894
0.971075	-0.431727
1.80758	0.389015
-0.908353	-0.397454
-0.810579	-0.285179
1.17749	0.237418
0.547389	0.453209
-0.571577	0.532121
-0.680214	0.324549
-0.386893	-0.678851
-0.75626	0.128905
-0.951808	0.0427939
-0.777988	-1.03595
0.145431	0.50513
-0.66935	0.0978514
-0.66935	-0.244665
-0.875761	-0.10437
-0.832306	-0.232922
-0.419484	-0.521351
1.70981	0.205998
1.19921	0.769948
2.731	0.397617
-0.93008	-1.5027
1.55772	0.445571
-0.462939	-0.144723
-0.875761	-0.327355
-0.897489	-0.309713
-0.354302	-0.0634409
-0.604168	0.428268
0.101976	0.516701
2.89396	0.295449
0.949348	0.488756
-0.810579	-0.434979
-0.615032	-0.693827
0.92762	-0.194493
-0.799715	-0.602358
-0.245664	-0.239234
-0.723669	-0.115962
2.29645	0.488689
-0.799715	-0.927362
0.688618	0.0392433
-0.75626	0.474442
-0.658487	0.244085
3.16555	0.354139
0.0693844	0.316561
0.981939	0.364703
-0.289119	-0.0075416
-0.799715	-0.74526
0.167158	0.0900281
1.60117	0.759739
0.134567	0.333672
2.18781	0.389759
-0.0609805	-0.0749948
0.721209	0.753236
-0.854034	0.419589
-0.419484	0.338005
-0.821443	0.25282
-0.104436	-0.362457
0.319251	0.0922203
-0.32171	0.267327
-0.908353	-0.159004
0.156294	0.315918
-0.462939	0.0373447
-0.126163	0.153246
-0.767124	0.539494
-0.691078	-0.366935
1.47081	0.690386
-0.278255	-0.375944
1.90536	0.772289
-0.560713	0.394848
-0.734533	0.0230511
0.0476569	0.499247
0.00420194	0.335713
1.03626	-0.0541054
-0.973535	-0.552419
0.0802482	0.503953
-0.951808	-1.34465
-0.332574	-0.212342
0.862438	0.0868259
-0.0609805	-0.139608
2.19868	0.789126
-0.854034	-0.0814398
0.960212	0.436115
-0.93008	-0.28541
-0.625895	-0.38322
0.742937	0.395717
-0.213073	-0.0597981
-0.93008	0.277561
-0.788851	-0.103236
-0.40862	-0.866351
0.362706	-0.277015
-0.419484	-0.679732
-0.875761	-0.820332
-0.908353	-1.0456
-0.995263	-1.57696
-0.886625	-0.314329
0.112839	0.14102
-0.734533	-0.292852
0.851574	0.632879
-0.984399	-0.699126
0.0693844	-0.160541
2.51373	0.254645
-0.625895	0.182985
0.406161	-0.0942617
-0.256528	-0.590799
2.14436	0.229672
0.00420194	-0.192594
1.2644	0.388287
0.0150657	0.228586
-0.919216	-0.452697
-0.615032	0.360185
-0.875761	0.0237366
1.10144	0.109556
-0.897489	0.101597
-0.58244	-0.707503
-0.223937	-0.297949
1.28612	0.598587
-0.137027	0.289651
-0.58244	0.204403
0.406161	-0.0942617
-0.767124	-0.786588
-0.680214	-0.422934
-0.777988	-0.0264956
1.97054	0.75065
-0.832306	0.064224
1.39476	0.859631
-0.636759	-0.437162
-0.995263	0.602391
-0.658487	-0.370302
-0.919216	-0.185972
-0.734533	0.171555
0.992803	0.476986
-0.191345	-0.49632
-0.419484	-0.207199
-1.02785	-0.560965
0.362706	-0.440137
-0.767124	0.189698
-0.169618	0.35112
1.9814	0.389744
-0.864898	-0.124487
-0.528122	-0.220663
-0.191345	-0.223819
1.36217	0.0871597
-0.343438	-0.00401575
-0.864898	-0.285483
-0.66935	0.340012
3.42628	0.460078
1.24267	0.00178376
1.07971	0.414878
-0.897489	-1.09422
-0.940944	-1.07732
-0.039253	-0.279828
2.91569	0.454636
1.47081	-0.160458
-0.039253	0.0815769
-0.680214	-0.484478
-0.473803	0.121154
-0.658487	-0.101362
-0.289119	0.431884
0.960212	0.456809
-0.104436	-0.0352028
0.0802482	0.322134
-1.01699	-0.802035
1.34044	0.433215
-0.430348	-0.478661
1.63376	0.408762
-0.560713	0.358924
-0.462939	0.286445
-0.75626	-0.412568
-0.897489	-0.0424769
-0.310847	0.284977
-0.93008	-0.858943
-0.951808	-0.220893
0.569117	0.327829
0.134567	0.366959
-0.940944	-0.247398
0.0150657	-0.067435
-0.343438	-0.167864
1.30785	0.51601
2.80705	0.671404
-0.832306	-0.311348
0.0802482	-0.466609
0.112839	0.486308
-0.191345	-0.0659412
0.0367932	0.189001
0.732073	0.346138
3.11123	-0.00717257
-0.310847	0.257822
0.210613	0.37321
1.15576	0.265727
-0.278255	0.14552
-0.462939	0.105412
-0.517258	0.524439
-0.517258	0.120312
-0.484667	0.339035
1.64463	0.513429
0.101976	0.386532
2.52459	0.715137
-0.310847	0.457229
-0.604168	0.340175
-0.66935	-1.54159
-1.01699	-0.760894
-0.854034	-0.545821
0.829847	0.185889
-0.0175256	0.367997
0.0367932	0.548594
0.0476569	0.435256
-1.03872	-0.245419
-0.777988	-0.064886
1.47081	0.448547
0.938484	0.496226
-0.49553	0.342847
0.178022	0.297158
-0.625895	0.0782337
0.862438	-0.28362
2.11177	0.649913
-0.962671	-0.219987
-0.549849	-0.149316
-0.821443	-1.31373
2.47027	0.429794
-0.940944	-0.566396
-0.115299	0.408099
1.9814	0.390241
0.721209	0.238881
0.243204	0.264325
-0.604168	-0.354818
1.22094	0.309856
-0.658487	0.294612
-0.115299	0.437191
-0.310847	0.300512
-0.940944	-0.228683
-0.0283893	0.265538
0.167158	0.253698
0.960212	0.224647
0.395297	0.231785
0.145431	0.36741
-0.354302	0.423936
1.65549	0.360916
-0.995263	0.350958
1.15576	0.148829
-0.604168	0.238334
0.775528	0.665658
1.52513	0.352697
0.721209	-0.330566
2.20954	0.569653
1.07971	0.110373
0.112839	-0.191772
-0.832306	-0.211875
-0.14789	-0.0995924
1.1449	0.323969
0.0911119	0.550278
-0.0501168	-0.101612
1.78586	0.21678
-0.832306	-0.148768
1.47081	0.445161
0.645163	0.26982
-0.0609805	0.31451
-0.962671	-0.530017
1.95968	0.239788
-0.886625	-0.278083
0.0476569	-0.000146242
-0.821443	0.274954
-0.430348	0.406029
-0.213073	0.28185
0.199749	-0.22992
-0.452075	0.160283
-0.951808	-0.748394
0.547389	0.599139
0.460479	-0.224301
-0.278255	-0.272029
-0.441212	0.312928
-0.84317	0.237339
0.134567	-0.635497
-0.875761	-0.99904
-0.821443	-0.148383
-0.354302	0.115971
0.49307	0.648994
-0.647623	0.298478
-0.951808	-0.613118
0.156294	0.0945837
0.264932	0.361864
0.319251	0.548267
-0.919216	-0.0656644
-0.810579	-0.0394365
-0.832306	0.606566
0.677754	0.148206
-0.0609805	0.0531788
0.710345	0.0125264
-0.788851	0.0978342
-0.701941	0.0677422
-0.430348	-0.315207
2.58977	-0.060631
-0.386893	0.105323
-0.919216	0.000919195
-0.517258	0.0148858
-0.799715	0.159743
0.340978	-0.123035
3.51319	0.651026
0.275796	0.283108
1.94881	0.400536
-0.397757	-0.182894
-0.180482	-0.565274
0.471343	0.401798
-0.473803	0.0189858
-0.919216	-0.0918042
-0.58244	0.374989
-0.419484	-0.286871
0.210613	0.118104
-0.462939	0.685972
-0.864898	-0.768167
1.25353	0.479384
-0.32171	0.239191
-0.343438	0.268794
1.12317	-0.161717
0.167158	0.553546
0.254068	-0.208189
-1.00613	-0.988559
-0.137027	0.462464
-0.940944	-0.689193
-0.49553	0.151274
0.221477	0.0600881
0.536525	0.343894
-0.452075	-0.463122
0.558253	0.681886
-0.832306	-0.713116
0.00420194	0.245855
0.427888	0.254316
-0.940944	-0.582037
-0.58244	-0.0446342
0.373569	-0.163789
-1.00613	-1.55427
-0.343438	0.389618
0.471343	0.387823
-0.701941	-0.711722
-0.517258	-0.804391
-0.93008	-0.675199
0.123703	0.216471
-0.951808	-0.353041
1.70981	0.204251
0.00420194	0.117751
-0.658487	-1.13082
0.0259294	0.265112
-0.223937	0.431813
0.210613	0.283453
-0.310847	0.539964
0.373569	0.5241
0.134567	0.418818
-0.039253	0.202402
-0.289119	0.507884
-0.984399	-0.541034
-0.75626	0.477996
0.460479	0.22563
1.94881	0.226588
-0.875761	-1.33176
3.79565	0.563223
-0.549849	0.483072
-0.973535	-1.04326
0.297523	-0.0863147
-0.517258	0.471937
1.15576	0.172553
-0.49553	0.313184
-0.919216	-0.108588
-0.223937	-0.320943
-0.441212	0.424279
-0.712805	-0.710056
0.57998	-0.125351
-0.289119	0.114637
-0.40862	0.05063
-0.767124	-0.346279
-0.126163	-0.0433268
0.417024	-0.45794
-0.995263	-0.419787
-0.995263	0.401754
-0.0283893	0.021073
0.971075	-0.431727
-0.604168	0.504522
-0.951808	-0.463442
1.59031	0.324306
-0.973535	-0.557378
-0.386893	0.0487628
-0.137027	0.353725
-0.680214	-0.548629
-0.039253	-0.572517
-0.506394	0.358476
-0.908353	-0.783265
-0.680214	-0.290629
-0.343438	0.527313
2.253	0.701597
-0.528122	-0.36512
-0.984399	-0.316839
3.65442	0.175485
-0.343438	-0.199046
-0.647623	-0.0209296
1.54685	0.507512
-0.14789	-0.656925
-0.875761	-0.608102
-1.00613	-0.259382
-0.484667	-0.331181
1.04712	0.260482
-0.0501168	0.318688
-0.386893	-0.812715
-0.940944	-0.457239
-0.919216	0.191117
-1.01699	0.434869
-0.126163	0.392031
-0.528122	0.0258681
-0.908353	0.0478657
-0.278255	0.343704
0.362706	0.310545
-0.984399	-1.6801
-0.875761	-0.777564
0.0476569	0.545768
-0.00666181	-0.241826
0.547389	0.268276
0.49307	0.5795
-0.082708	-0.704651
-0.137027	0.258934
-0.126163	0.224743
-0.647623	-0.422271
-0.875761	-1.19222
3.30678	0.34495
-0.604168	-0.749163
0.145431	0.290766
-0.875761	-1.5768
-0.0175256	0.474152
0.884165	0.492002
0.471343	0.284389
-0.473803	0.22984
0.178022	-0.239191
-0.223937	0.219744
-0.137027	-0.22436
-1.02785	-0.767353
-0.32171	0.012676
0.84071	0.069639
-0.299983	0.882239
-0.723669	-0.656717
1.1449	0.285643
1.19921	0.548117
-0.223937	-0.244791
1.13403	0.458775
0.319251	-0.840077
-0.039253	0.201761
0.656027	-0.568558
0.362706	0.335815
-0.723669	-0.565112
-0.137027	0.108935
-0.897489	-0.218608
0.178022	-0.311705
0.818983	0.309507
0.145431	-0.18614
1.32958	-0.0319627
-0.701941	0.326443
-0.14789	0.107216
-0.560713	-0.0464356
0.829847	0.0994605
0.167158	0.425209
-0.386893	0.27036
-0.777988	-1.63085
-0.886625	0.300181
-0.625895	0.0839974
-0.354302	-0.414107
-0.75626	0.171232
-0.528122	-0.298243
0.66689	0.447448
-0.636759	-0.334945
-0.745396	0.709986
0.764664	0.258769
2.23127	0.466977
-0.962671	0.127185
-0.169618	0.317423
0.406161	0.760637
-0.538985	-0.34986
-0.723669	-0.208006
4.13243	0.480852
-0.691078	0.214734
-0.462939	0.223435
-0.158754	0.0904467
-0.734533	-0.273975
0.210613	-0.350392
-0.973535	0.0408731
-0.082708	0.248781
1.1449	0.353988
-0.810579	0.490874
0.112839	-0.0491068
0.92762	-0.194493
0.721209	-0.112936
0.0150657	0.271987
-0.299983	0.410447
0.199749	-0.235792
-0.951808	-0.720431
-0.115299	-0.180696
-0.908353	-0.624296
-0.777988	-1.14816
-0.832306	0.374791
0.960212	0.33609
-0.571577	-0.591679
2.15522	0.243099
-0.213073	-0.206595
0.0802482	0.109631
0.308387	0.153661
0.938484	0.378297
0.0150657	0.335723
-0.691078	0.140731
-0.984399	-0.22134
-0.137027	0.108935
2.53545	0.584797
-0.962671	-0.505952
1.03626	0.171058
-0.93008	-0.624667
-0.897489	-1.17244
0.525662	0.366945
-0.0609805	0.13161
0.471343	0.301152
-0.267392	-0.606381
2.51373	0.448922
-0.310847	0.456724
0.688618	0.0261646
-0.864898	-0.228993
1.03626	-0.0887333
-0.712805	0.535941
-0.506394	-0.47743
-0.734533	0.563956
1.73154	0.537386
-0.245664	0.320801
0.873302	0.28159
-0.647623	0.0105771
-0.940944	-1.09052
-0.995263	-0.452144
0.482207	0.102355
0.92762	0.506601
-0.777988	0.428866
-0.40862	0.644937
0.123703	0.37123
1.41649	0.46673
-0.951808	-0.647243
-0.951808	-0.134232
-0.0283893	-0.392766
-0.126163	0.294039
2.69841	0.225983
-0.854034	-0.122902
0.254068	0.297872
-0.517258	0.286894
0.417024	0.279129
-0.864898	0.221539
-0.332574	-0.77176
0.373569	-0.430795
-0.58244	-0.241706
0.112839	0.240128
-0.658487	-0.512232
-0.202209	-0.113871
0.503934	0.359666
0.797255	0.534375
0.57998	0.501973
2.30732	0.614622
0.699482	0.408866
0.797255	0.176582
-0.289119	-0.101954
-0.571577	0.0357146
0.862438	0.307479
0.0802482	0.38845
-0.32171	0.305957
1.13403	0.479459
-0.484667	0.327395
1.5034	0.0499808
-0.886625	-0.590558
1.12317	0.0540278
-0.538985	-0.339127
0.503934	0.104004
0.384433	-0.204402
-0.647623	0.174183
0.460479	0.293266
0.645163	0.469635
-0.462939	-0.503254
0.0802482	0.492383
-0.93008	-0.628916
-0.854034	-0.114468
-0.202209	0.0354128
-0.32171	-0.169108
-0.462939	-0.547592
0.645163	0.553084
-0.58244	-0.568788
-0.365165	-0.194249
1.63376	-0.00605913
-0.202209	-0.267417
4.72993	0.782497
-0.0501168	0.0284244
0.427888	0.708813
-0.430348	0.0554863
-0.66935	0.283427
-0.84317	0.109754
0.330114	-0.103059
-0.93008	-0.746859
-0.202209	0.409223
2.11177	0.578704
-0.386893	-0.216395
-0.223937	0.164682
2.02486	0.525711
-0.0501168	0.30457
-0.723669	0.272967
-0.951808	-0.54887
-0.875761	-0.246525
1.2644	0.0282518
-1.01699	-1.01046
-0.777988	-0.175217
-0.951808	-0.625524
0.449616	0.676906
0.786392	0.252574
-0.462939	-0.112396
-0.58244	0.283223
-0.615032	-1.03304
-0.615032	-0.479024
-0.897489	-0.609353
-0.875761	-0.01026
-0.452075	-0.752736
-0.278255	-0.844694
-0.115299	-0.275097
-0.158754	0.265589
-1.01699	-1.40361
-0.245664	-0.0918742
-0.810579	-0.0495798
-0.777988	-1.7926
0.373569	0.275178
0.797255	0.51303
-0.701941	-0.345314
-0.191345	-0.142877
-0.777988	0.36337
-0.886625	-0.395507
-0.75626	0.179256
-0.962671	-0.225936
-0.636759	-0.221569
-0.897489	-0.448416
-0.908353	-0.602265
0.221477	0.318578
0.362706	0.104759
3.89342	0.297234
2.90482	0.55481
1.97054	-0.286953
-0.49553	0.376405
0.373569	0.28606
-0.310847	-0.71442
0.319251	0.0170881
-0.832306	0.243226
-0.93008	-0.169893
-0.712805	0.185219
-0.658487	0.451304
-0.137027	-0.651439
-0.419484	-0.268589
0.971075	0.814121
-0.973535	-0.882863
-0.864898	-0.0536432
0.0693844	0.197521
1.72067	0.239444
-0.75626	0.0396129
-0.854034	0.116694
-0.821443	0.361639
-0.615032	-0.556084
0.92762	-0.0330398
-0.289119	0.266923
-0.278255	-0.116463
0.0802482	0.336809
-0.897489	-0.661099
0.199749	0.289224
-0.484667	-0.221702
0.286659	0.230642
-0.995263	-0.195716
-0.908353	-1.09098
-0.0501168	0.248724
-0.00666181	0.22771
-0.0175256	0.44761
-0.560713	0.0532944
-0.506394	0.348999
-0.354302	-0.131661
-0.962671	-0.581083
0.775528	0.592861
0.981939	0.185201
-1.02785	-0.88887
-0.202209	-0.165682
-0.430348	-0.0127312
-0.58244	0.506068
-0.940944	-0.442129
0.254068	-0.750416
0.471343	0.522428
-0.299983	0.184884
-0.278255	0.0463705
1.15576	0.32314
0.862438	0.222552
0.862438	-0.383961
-0.788851	-0.580611
0.395297	0.227344
-0.202209	0.489646
1.9814	0.390254
-0.875761	-0.328348
-0.66935	-0.00230381
-0.734533	0.366711
1.15576	0.493391
0.84071	0.304172
-0.75626	-0.285515
-0.517258	0.26916
-0.593304	0.423795
-0.908353	-0.683073
-0.0175256	-0.0861663
2.20954	0.0695774
-0.0175256	0.456865
-0.788851	-1.65504
0.417024	0.250022
-0.951808	-0.012971
-0.593304	-0.146076
0.677754	-0.22315
-0.973535	-0.233499
-0.984399	-0.956972
-0.115299	0.272869
-0.788851	0.144208
-0.723669	-0.032339
-0.973535	-0.29304
-0.723669	-0.545386
-0.571577	-0.027178
-0.223937	0.416828
2.01399	0.694001
0.0802482	0.439302
-0.517258	0.0448726
-0.00666181	0.354578
-0.962671	-0.524516
-0.875761	-0.155406
0.677754	0.296213
-0.126163	0.405668
-0.788851	-0.847479
-0.2348	0.57508
0.66689	-0.221572
0.395297	0.292701
0.0693844	0.143252
0.167158	0.613322
4.50179	0.299492
3.07864	0.382886
0.612572	-0.0293734
-0.821443	-0.000888757
0.243204	0.389786
-0.354302	-0.0293659
0.818983	0.176689
-0.897489	-0.340661
-0.604168	-0.52091
0.254068	0.201933
-0.962671	-0.75265
-0.919216	-1.04388
-0.940944	-0.582315
1.1449	0.443489
-0.832306	-0.94853
-0.951808	0.283529
-0.082708	0.449067
0.232341	-0.525572
0.221477	0.165136
0.634299	-0.0227817
-0.538985	0.194249
-0.441212	-0.0251793
-0.919216	-0.010002
-0.940944	-0.906204
0.221477	0.142209
2.77446	0.150121
-0.810579	-0.467195
0.7538	0.317032
0.438752	-0.193699
-0.777988	-1.10894
-0.940944	-0.729144
3.35024	0.525666
0.178022	0.253257
-0.484667	-0.237043
-0.082708	0.38048
-0.452075	0.371242
-0.691078	-0.437554
-0.973535	-0.583021
0.0476569	0.196183
-0.832306	-0.966219
0.460479	0.463921
-0.810579	-0.103052
2.38336	0.0997562
-0.365165	-0.466817
-1.00613	-0.233593
0.0367932	0.322597
-0.14789	0.294269
-0.49553	0.169432
-0.75626	0.482994
-0.908353	-0.106219
1.32958	0.652511
0.384433	0.0590514
-0.14789	0.420419
0.0259294	-0.0683678
-0.951808	0.320442
0.49307	0.406158
1.2644	0.258295
-0.213073	-0.676476
-0.104436	0.159701
1.64463	0.493409
-0.799715	0.363058
1.85104	0.0822385
-0.267392	-0.606381
-0.734533	0.526237
0.243204	0.334843
-0.2348	0.30081
-0.854034	0.383291
-0.962671	-0.565254
-0.245664	-0.289686
0.438752	-0.229475
-0.886625	-0.512571
-0.777988	-1.25651
-0.615032	-0.184825
1.54685	0.41327
-0.365165	0.54421
-0.571577	-0.0938573
-0.897489	-0.285974
-0.082708	0.454466
2.53545	0.286484
0.178022	-0.180277
-0.40862	-0.142863
0.286659	0.789632
0.275796	0.431794
-0.875761	-0.0668041
1.3839	0.620176
0.254068	-0.257109
-0.462939	0.224225
-0.191345	0.269026
0.395297	0.315985
-0.908353	-0.451507
-0.788851	-0.794965
-0.278255	0.509538
1.03626	0.490382
1.97054	0.326621
-0.560713	0.44313
-0.973535	-0.940659
-0.647623	-0.0890598
-0.2348	0.390588
-0.169618	0.120607
0.677754	0.41328
-0.0935718	0.308603
3.20901	0.519065
-0.777988	0.345284
-0.886625	0.266307
-0.158754	-0.0727599
0.112839	-0.211748
-0.734533	0.457572
-0.973535	-0.670586
-0.973535	-0.788282
0.797255	-0.0250557
-0.560713	0.167063
-0.158754	0.479805
-0.897489	-0.866176
-0.49553	-0.318579
0.460479	0.350642
-0.701941	-0.174387
1.77499	-0.0298123
-0.14789	0.302725
-0.854034	-0.614388
-0.625895	-0.227042
-0.66935	-0.093445
0.156294	0.529775
-0.658487	0.537875
-0.908353	-0.0156192
-0.213073	-0.0714297
-0.951808	-0.708273
-0.0609805	0.253598
-0.886625	0.0274872
0.677754	0.410463
-0.962671	-0.969492
-0.625895	-0.494345
-0.441212	0.0418709
-0.734533	-0.489315
-0.517258	-0.722093
3.25246	0.769705
-0.267392	0.229439
0.427888	-0.0620838
-0.538985	-0.00485946
1.21008	0.18004
-0.462939	-0.380987
0.590844	0.220662
0.536525	0.35591
-0.962671	0.380389
0.264932	0.360385
0.0693844	0.257537
-0.777988	-0.590616
-0.615032	-0.097406
-0.788851	-0.402488
-0.897489	0.132495
-0.810579	0.311143
-0.810579	0.140117
1.10144	0.426994
-0.452075	0.224422
2.14436	0.784143
1.25353	0.296777
-0.462939	-0.176416
-0.691078	-0.0985988
0.818983	0.688741
-0.397757	-0.00751659
1.36217	0.343386
-0.354302	-0.0199583
-0.506394	0.0845083
-0.126163	0.344041
1.55772	0.439892
1.5034	0.477464
0.634299	-0.236894
1.04712	0.381981
0.254068	0.39272
-0.615032	0.328461
0.0150657	-0.577292
-0.343438	-0.315311
-0.299983	0.281542
0.84071	-0.175212
-0.777988	-0.842028
-0.0283893	0.487073
0.112839	0.359719
-0.00666181	0.396712
-0.517258	-0.0481819
-0.984399	-0.605286
2.14436	0.229672
1.75326	0.480645
-0.245664	-0.10263
0.438752	0.686727
1.49254	0.131868
-0.202209	-0.0725821
-0.940944	0.0983108
-0.886625	-0.392323
1.1123	-0.100058
1.13403	0.591933
1.17749	0.379597
0.00420194	0.282366
-0.506394	-0.906464
0.167158	-0.036531
-0.0283893	0.196368
-0.701941	-0.193033
-0.593304	-0.255952
-0.202209	0.0400897
2.731	0.114756
-0.32171	0.279531
0.949348	0.21592
1.18835	0.2388
-0.58244	0.440652
-0.897489	-0.394518
-0.854034	-1.67937
1.05799	0.431698
0.558253	0.495324
-0.202209	0.2939
-0.962671	-0.446353
0.449616	0.0464794
0.0693844	-0.301596
0.471343	0.434098
-0.712805	-0.479427
-0.538985	0.224483
-0.0609805	0.0538693
-0.886625	-0.741873
-0.66935	-0.196528
-0.66935	-1.19606
-0.245664	0.423212
0.156294	-0.136746
1.99227	0.341924
-0.223937	-0.0382897
-0.376029	-0.142201
0.710345	0.378662
-0.799715	0.351003
-0.082708	0.447628
3.15469	0.709846
0.471343	-0.378165
-0.886625	-0.549008
-0.777988	-0.493045
-0.2348	-0.641463
-0.897489	-0.44234
-1.04958	-0.827697
0.721209	0.440147
-0.691078	-0.232118
-0.158754	0.124553
-0.58244	-0.0245466
0.66689	-0.260327
0.00420194	0.186968
0.427888	0.261037
0.210613	0.570843
-0.723669	-0.100427
-0.549849	-0.0548196
-0.940944	0.221809
-0.473803	0.0639872
-0.213073	-0.0639454
2.05745	0.575144
0.851574	0.632879
-0.625895	-0.264708
3.40455	0.698417
0.786392	0.319398
0.373569	-0.203544
1.10144	0.527597
-0.810579	-0.616599
0.558253	-0.182029
-0.788851	-0.14417
0.286659	0.213288
-0.832306	0.441445
-0.84317	-0.904461
-0.777988	0.488309
0.134567	-0.0634979
1.19921	0.427026
-0.00666181	-0.0483149
-0.854034	0.096254
0.275796	0.275985
-0.528122	0.351949
1.82931	-0.0690575
2.14436	0.292175
0.0585207	-0.290338
-0.919216	-0.354674
-0.517258	0.227173
-0.886625	-0.164812
-0.84317	0.568353
9.57516	0.466217
-0.278255	-0.47378
-0.810579	0.0709955
-0.0935718	-0.0232824
-0.777988	-0.535654
-0.940944	-0.73143
-0.506394	-0.4811
0.0259294	-0.320059
-0.962671	0.0546907
1.21008	-0.18952
1.43822	0.700408
-0.93008	-0.459634
-0.908353	-0.893217
-0.213073	0.0648016
-0.93008	-0.545006
0.66689	0.112041
-0.58244	-0.127084
-0.680214	-0.760552
-0.245664	0.330164
-0.864898	-0.935709
-0.202209	0.0982428
0.427888	0.718005
-0.267392	0.333585
-0.0718443	0.559693
-0.973535	-0.801355
0.829847	0.0181412
-0.0501168	-0.624805
-0.462939	0.293827
2.06831	0.674829
1.25353	0.809755
2.99173	0.846332
0.395297	-0.56092
-0.267392	0.0222268
0.123703	0.550897
-0.962671	-0.333995
-0.832306	-0.731696
-0.962671	0.257138
-0.278255	0.397802
0.0802482	0.47259
-0.14789	0.491534
-0.430348	-0.481682
1.91622	0.266315
-0.452075	0.198471
-0.777988	0.515951
-0.75626	-0.147646
0.0150657	0.410572
0.992803	-0.0056888
-0.593304	-0.139756
-0.419484	-0.205785
-0.691078	-0.058324
-0.919216	-0.194209
-0.354302	0.538191
-0.223937	0.437489
-0.310847	0.0466322
-0.973535	-1.07738
-0.549849	-0.575565
-0.777988	-0.812097
-0.310847	-0.574265
-0.256528	0.440324
-0.430348	0.377589
-0.604168	-0.211468
3.04605	0.304592
0.482207	0.202678
2.01399	0.449096
-0.571577	-0.383181
-0.799715	-0.786208
0.275796	0.419497
3.30678	0.40154
-0.897489	0.365649
0.0150657	0.514614
-0.593304	-1.4421
-0.604168	0.155533
1.43822	0.874925
1.1449	-0.0548646
-0.278255	0.189875
-0.908353	-0.635549
0.286659	-0.0120301
-0.517258	0.493048
-0.593304	0.0449727
-0.538985	-0.94065
0.49307	0.137731
-0.66935	-0.104618
-0.951808	-1.27342
1.8619	0.041802
-0.213073	0.650384
0.167158	0.444262
-0.919216	-0.853599
-0.278255	-0.362359
-0.799715	-1.7864
-0.951808	-1.1304
-0.104436	-0.202025
2.05745	0.0416823
-0.701941	-0.767534
-0.245664	0.301835
0.862438	0.563308
1.91622	-0.19707
-0.940944	-0.808093
-0.386893	0.248436
1.97054	0.317037
1.97054	0.411912
1.6229	0.528777
-0.354302	-0.244168
-0.310847	-0.190736
-0.712805	-0.0466706
0.938484	0.147821
0.0585207	0.273784
-0.897489	-0.767939
-0.875761	-0.518498
-0.951808	-0.452454
0.66689	0.065428
-0.875761	-0.00648813
-0.788851	-0.625368
1.97054	0.284099
0.384433	0.169602
-0.0501168	-0.806393
0.482207	-0.105619
0.373569	0.321679
0.732073	-0.030342
-0.832306	-0.881388
-0.886625	0.319751
-0.0283893	0.165978
0.49307	0.442449
-0.788851	-0.438421
-0.180482	0.146867
-0.940944	-0.59594
-0.571577	-0.190372
-0.506394	0.25349
-0.691078	-0.29556
-0.310847	0.448124
1.70981	0.533502
-0.462939	0.0343026
-0.397757	0.209311
0.351842	-0.382541
-0.973535	-0.692106
1.21008	0.513289
-0.202209	0.0426112
-0.75626	-0.447747
1.07971	0.313925
-0.0718443	0.41909
-0.310847	0.4687
-0.745396	-0.784257
-0.886625	-0.620066
-0.854034	-0.213459
-0.691078	-0.0199628
0.57998	0.38976
-0.0718443	0.607902
1.48167	0.10829
-0.256528	0.246106
-0.799715	0.521634
-0.875761	0.0830244
-0.821443	0.64033
1.55772	0.468248
5.08843	0.347729
0.569117	0.395115
-0.897489	-0.567274
-0.93008	-0.486994
-0.951808	-0.193597
-0.0935718	0.0442047
-0.549849	-0.154129
-0.691078	0.421303
-0.452075	0.357778
-0.962671	-0.770519
1.85104	0.316946
-0.310847	0.417433
-0.832306	-0.522525
1.35131	0.864922
0.438752	0.250819
-0.169618	0.511919
-0.462939	-0.172912
2.3725	-0.11585
-0.571577	-0.292735
0.101976	-0.142432
-0.821443	-0.188618
0.427888	0.0754925
-0.832306	-0.851629
-0.354302	0.0188809
1.27526	0.447209
-0.962671	-0.215093
-0.386893	-0.113475
2.01399	0.415986
-0.14789	-0.503981
-0.213073	0.392819
2.253	0.516352
-0.571577	0.471074
-0.951808	0.366201
1.04712	0.207917
0.188886	0.463998
-0.908353	0.284164
-0.940944	-1.18074
-0.365165	-0.917065
-0.701941	-0.773491
-0.115299	0.671435
-0.245664	0.440333
-0.00666181	0.298754
-0.897489	0.0258344
0.00420194	0.452151
-0.854034	-0.634585
-0.397757	-0.23666
0.243204	0.258699
-0.712805	-1.19985
-0.604168	-0.796627
3.04605	0.363021
-0.984399	-0.55563
0.656027	0.0208698
-0.213073	0.0132732
1.64463	-0.316018
0.395297	0.552544
1.03626	0.440318
3.65442	0.175485
-0.908353	-0.778691
-0.875761	0.504995
-0.908353	-0.350367
-0.14789	0.254139
-0.549849	0.21584
1.48167	0.0650789
1.16662	0.0554852
-0.854034	-0.542406
-0.343438	-0.315311
-0.908353	-0.407628
-0.0609805	0.0792445
-0.40862	0.347945
-0.137027	0.44976
-0.32171	-0.199047
1.32958	0.409962
1.06885	0.136628
-0.310847	0.342738
-0.365165	-1.00646
-0.84317	-1.02023
-0.571577	-0.225452
-1.03872	-1.34287
-0.75626	0.338375
-0.549849	-0.616511
-0.115299	-0.428322
0.351842	0.39014
-0.84317	0.225953
-0.462939	-0.164056
0.938484	-0.212519
-0.223937	-0.172335
2.75273	0.296394
-1.02785	-0.992192
-0.169618	0.0263796
-0.940944	-0.812474
2.22041	0.692885
-0.32171	0.235862
-0.84317	0.337804
-0.951808	-0.742895
-0.376029	-0.140322
1.34044	0.433215
-0.84317	0.147202
-0.14789	0.201032
-0.278255	0.196889
-0.2348	0.508158
-0.66935	-0.0176316
-0.940944	-0.11133
-0.734533	-0.124507
-0.919216	-0.265358
-0.897489	0.225506
-0.365165	0.119765
-0.919216	-0.879052
-0.549849	0.274557
0.319251	0.270038
-0.897489	-0.529511
0.286659	0.521255
-0.538985	0.362257
2.03572	0.493185
-0.788851	-1.17121
-0.0175256	0.378557
-0.777988	0.210903
-0.66935	-0.30479
1.82931	0.334135
-0.723669	-0.6784
-0.908353	-0.835213
-0.039253	-0.102306
0.829847	0.148728
-0.14789	0.13179
0.449616	0.39211
-0.973535	0.52448
-0.897489	-0.404161
-0.430348	0.410236
1.09058	0.455588
-0.0175256	0.407434
-0.310847	0.391791
0.362706	0.253467
2.30732	0.36816
-0.864898	-0.310436
-0.386893	0.00514535
-0.213073	0.33397
-0.039253	0.16623
-0.777988	-0.688196
-1.01699	0.641906
1.8619	-0.172304
1.07971	0.705424
-0.571577	0.400333
0.308387	0.471294
-0.951808	-1.08701
-0.376029	0.135289
1.30785	0.511412
0.895029	-0.335896
-0.973535	0.0796057
-0.49553	-0.163583
-0.777988	-0.919514
2.731	0.543533
-0.821443	0.204407
-0.180482	0.376568
0.677754	0.0593357
-0.473803	0.0801967
-0.462939	-0.810961
4.88202	0.590065
-0.419484	-0.198306
-0.571577	0.493537
-0.84317	-0.373008
-0.832306	-0.23904
-0.940944	-0.749557
-0.962671	-0.374193
-0.528122	-0.543865
-0.940944	-1.24827
2.56805	0.224162
0.221477	0.438386
-0.289119	0.254635
-0.625895	-0.661861
-0.691078	0.151877
-0.75626	0.296911
1.24267	0.778894
-0.310847	0.0790303
1.60117	0.508288
-0.58244	0.507934
1.1123	0.671784
0.243204	-0.0970051
0.199749	-0.162297
-0.365165	0.0157926
0.199749	0.33996
-0.897489	-0.800801
-0.245664	-0.10263
-0.799715	0.0219627
3.28505	0.594792
-0.832306	0.0145949
0.0585207	0.444553
2.44854	0.380837
0.0911119	0.278
0.471343	0.440953
-0.658487	-0.690848
0.286659	0.395433
-0.517258	0.238837
-0.799715	0.315891
-0.810579	-0.491911
1.7424	0.538159
-0.886625	-1.04173
0.351842	-0.109449
-0.75626	0.128905
0.264932	0.337948
-0.58244	0.507934
-0.397757	0.0206083
-0.571577	-0.485652
-0.680214	0.146104
1.12317	0.258387
1.16662	0.0554852
-0.00666181	0.157431
-0.810579	-1.331
1.10144	0.71366
-0.93008	-0.639885
-0.984399	0.210554
-0.832306	0.00471324
-0.919216	-0.315314
-0.419484	0.452275
0.178022	0.341095
0.981939	0.418509
0.330114	0.320812
0.373569	0.665228
-0.32171	0.279531
-0.615032	0.51227
-0.137027	0.289651
-0.0718443	-0.0187189
0.471343	0.0518698
-0.777988	-0.453895
0.0693844	0.24576
3.70874	0.416455
-0.940944	-0.816354
-0.0718443	0.500645
2.43768	0.539123
0.373569	0.356959
-0.93008	-1.07294
1.72067	0.238786
0.732073	0.478179
-0.169618	0.0426836
-0.854034	0.116694
-0.0609805	0.269516
0.319251	0.601842
-0.549849	-0.0942002
0.938484	0.147012
-0.245664	-0.415347
0.254068	-0.779656
1.76413	0.0894723
1.64463	0.447403
-0.854034	-1.06559
-0.278255	0.123777
0.49307	0.408789
-0.745396	-0.0584519
-0.0175256	0.29591
-0.104436	-0.664965
-0.658487	-0.402934
-0.875761	0.154553
3.51319	-0.0745402
0.92762	0.316088
-0.84317	-0.955119
0.123703	0.344473
1.8619	0.62066
0.00420194	0.354037
0.134567	0.359125
0.351842	0.157772
-0.919216	-0.453046
3.65442	0.340893
-0.951808	0.45987
0.167158	0.253698
0.351842	0.0350221
0.221477	0.124696
0.438752	0.763505
1.90536	-0.0711873
-0.995263	-0.302313
-0.951808	-1.1304
-0.506394	0.535562
-0.115299	-0.132234
-0.191345	0.264007
-0.452075	-0.0451042
-0.310847	0.420089
1.21008	0.393652
0.340978	0.393346
-0.66935	-0.502318
0.275796	0.431794
-0.886625	-0.657055
-0.799715	0.300106
-0.549849	-0.0786336
0.460479	0.376779
0.677754	0.524718
-0.32171	0.602175
0.677754	-0.249715
0.514798	-0.00163388
0.547389	0.0704789
-0.082708	-0.16977
0.569117	-0.496865
-0.886625	-0.534573
-0.0283893	0.14972
0.254068	0.0470534
-0.104436	-0.0871413
-0.0718443	0.336137
-0.875761	0.0134182
1.09058	0.368891
-0.995263	-0.549913
-0.962671	-1.23265
-0.115299	0.392957
-0.636759	-0.0688057
0.438752	0.486625
-0.354302	0.307247
-0.951808	0.267599
-0.0283893	-0.115304
-0.538985	0.333117
-0.202209	0.495574
0.84071	0.362032
-0.767124	-0.0807724
-0.49553	-0.739553
2.19868	0.611659
2.82878	0.794428
-0.821443	0.0248603
-0.202209	-0.555356
0.699482	0.638821
-0.386893	-0.0281808
0.699482	0.519386
1.90536	0.326601
3.3611	0.533286
0.57998	0.180807
-0.452075	-0.0105718
-0.984399	-0.667957
0.297523	-0.147013
-0.75626	-0.161775
0.57998	0.394952
-0.75626	-1.16826
1.64463	0.34739
1.9814	0.568638
0.199749	0.191797
1.59031	-0.193153
-0.799715	-0.534143
-0.104436	0.149727
-0.278255	-0.354324
0.710345	0.431919
0.243204	0.548613
-0.223937	0.0392023
-0.864898	-0.191527
-0.897489	0.187854
-0.00666181	0.00925627
-0.473803	0.231063
-0.680214	-1.15731
-0.973535	0.182034
-0.962671	-0.512833
-0.517258	0.156941
0.905893	0.0328857
-0.386893	0.501243
-0.299983	-0.281403
0.449616	0.676906
0.764664	0.726659
-0.386893	-0.473113
0.0476569	0.344566
-0.441212	0.15717
1.47081	0.279206
-0.039253	0.482969
-0.365165	0.505982
0.101976	0.476796
-0.636759	0.282566
3.49146	0.68365
-0.734533	-1.26586
0.449616	0.343088
3.26333	0.47996
2.36163	0.361878
0.558253	-0.189907
-0.158754	0.0488235
0.0802482	0.577488
1.39476	0.0639147
0.482207	0.456819
4.3497	0.70668
-0.0175256	0.0525468
0.221477	0.324553
3.62183	0.394028
2.731	0.542155
-0.832306	-0.647637
-1.01699	-0.860203
-0.821443	-0.0639491
-0.473803	-0.150457
2.07918	0.443736
0.981939	0.337006
-0.940944	0.601794
-0.49553	0.510824
-0.919216	-0.791786
-0.528122	-0.187121
-0.289119	0.221313
-0.940944	-0.566759
0.0911119	-0.316441
-0.169618	0.401942
-0.115299	0.450084
-0.984399	-0.32031
-0.75626	0.617664
-0.821443	-0.555095
-0.202209	0.183213
1.92708	0.512772
-0.245664	0.442218
1.06885	0.634665
0.808119	0.45821
-0.137027	-0.169499
0.188886	0.65743
0.482207	0.12658
-0.799715	0.665043
0.764664	0.256978
-0.593304	0.583415
-0.897489	-0.922285
2.20954	0.336112
0.0150657	0.0760205
0.351842	0.156034
0.232341	0.105727
0.340978	0.584587
-0.712805	0.20692
-0.647623	-0.186597
0.134567	0.150741
1.73154	0.445005
-0.940944	-0.735624
-0.84317	-0.184338
-0.462939	-0.305599
-0.419484	-0.545886
-0.93008	-0.104699
-0.658487	-0.043104
2.09004	0.578258
0.742937	3.05059e-05
-0.560713	-0.595548
-0.984399	-0.21593
-1.00613	0.183916
0.0259294	-0.152356
1.44908	0.788052
-0.788851	0.0972411
1.15576	-0.411004
-0.984399	-0.755673
1.22094	0.318739
-0.93008	-0.896857
1.65549	0.312522
-0.777988	-0.274744
-0.875761	-0.57592
-0.734533	-0.862504
-0.984399	-0.554002
-0.951808	-0.554582
-0.560713	0.0457011
-0.636759	-0.0293126
0.938484	-0.0462755
-0.691078	0.511982
-0.549849	0.713521
1.48167	0.29426
-0.104436	0.293595
-0.0283893	-0.0915423
-0.680214	0.832581
0.145431	0.256461
-0.484667	-0.286742
-0.267392	-0.274916
1.23181	0.41669
-0.788851	-0.118962
-0.908353	-0.354854
0.0150657	0.16329
-0.940944	0.0502438
0.0911119	-0.286721
0.134567	-0.599383
1.89449	0.27148
-0.908353	-0.657344
-0.962671	0.0617341
0.427888	0.181627
-0.484667	0.299043
-0.256528	0.47179
0.101976	0.570326
-0.854034	-1.01949
-0.604168	-0.452614
0.254068	0.235155
-0.940944	-0.512467
-0.962671	-0.208559
-0.278255	0.188861
-0.430348	0.182311
0.460479	0.46956
-0.180482	-0.777322
0.297523	0.384035
0.710345	-0.187304
2.27472	0.396057
0.0150657	-0.925233
1.35131	0.67301
-0.745396	0.539009
1.67722	0.103607
-0.0718443	0.48539
0.0585207	0.643823
1.63376	0.234097
0.960212	0.264161
-0.636759	-0.149557
0.438752	0.267053
1.73154	0.678464
-0.386893	0.08236
-0.832306	-0.552786
3.15469	0.425385
0.818983	0.23095
-0.875761	-0.846636
-0.864898	0.0827708
0.0259294	-0.170767
1.34044	0.272965
-0.376029	0.486281
7.196	-0.401901
-0.93008	-0.455436
-0.810579	-0.303465
-0.984399	-0.68516
-0.560713	0.336826
0.438752	-0.0118309
1.12317	0.0388879
-0.875761	-0.845579
-0.343438	-0.0302974
-0.66935	0.464978
1.47081	0.445161
0.199749	0.391709
1.81845	0.476351
0.0259294	0.58719
-0.854034	0.388988
-0.462939	-0.125571
1.56858	0.821194
0.525662	0.575763
-0.615032	-0.0572576
-0.636759	0.17105
1.67722	-0.696707
0.895029	0.434432
0.449616	0.365522
1.43822	0.641364
0.0802482	0.073159
0.00420194	-0.709225
-0.473803	0.390709
-0.299983	0.549129
3.49146	0.509222
0.275796	0.119363
0.623435	-0.187297
0.514798	0.485243
0.536525	0.26735
-0.082708	0.436592
0.992803	0.453322
1.81845	0.0630944
0.0802482	0.548439
-0.2348	0.112075
-0.701941	-0.170586
-0.940944	-0.447357
-0.299983	-0.605846
0.0259294	0.566124
-0.875761	-0.208127
1.5034	0.0889737
1.93795	0.173682
0.482207	-0.0834862
-0.84317	0.444247
-0.962671	-0.614685
2.28559	0.794566
0.340978	-0.0157063
-0.256528	0.0330701
-0.821443	-0.160222
-0.40862	0.581156
0.66689	0.765393
-0.84317	0.146372
-0.962671	0.0755552
-0.615032	-0.0869883
-0.169618	0.212943
-0.528122	0.07782
-0.473803	-0.560818
2.27472	0.574829
1.04712	0.260482
-0.2348	0.654824
0.829847	0.267446
-0.680214	-0.0186405
-0.647623	0.109255
-0.625895	0.0929537
3.61097	0.557806
0.732073	0.38867
0.558253	-0.0538055
-0.0501168	0.319055
-0.973535	-0.133424
-0.897489	-0.997946
-0.256528	0.483481
3.21987	0.514152
-0.126163	0.404055
-0.104436	0.149727
-0.256528	-0.0326099
-0.126163	-0.106256
0.981939	0.0734843
-0.647623	-0.136484
-0.40862	-1.13866
0.145431	-0.323552
-0.745396	-0.2996
-0.854034	-1.04187
0.0911119	-0.551166
-0.615032	0.00564453
0.417024	0.0103841
-0.452075	-1.1254
-0.223937	0.337492
-0.93008	-0.890523
-0.777988	-1.0839
-0.821443	0.155463
-0.940944	-0.752323
-0.343438	-0.502603
-0.14789	-0.503981
0.112839	0.140782
0.395297	-0.247958
-0.897489	-0.732332
-0.75626	-0.08519
1.31872	0.398153
0.264932	0.34764
-0.40862	0.144887
-0.430348	0.410473
0.0693844	0.802364
-0.973535	0.0409832
-0.908353	-0.337941
2.78532	0.410771
-0.897489	0.251533
-0.940944	-1.20696
-0.908353	-0.758533
-0.180482	0.324488
0.264932	0.237963
-0.647623	-0.836668
-0.365165	0.00232296
-0.886625	-0.815324
-0.191345	-0.30643
0.254068	0.130415
0.340978	-0.0839083
-0.299983	-0.325957
1.19921	0.0555803
-0.082708	0.320608
-0.506394	-0.281287
-0.864898	-1.03851
-1.00613	-0.52206
-0.343438	0.336745
0.797255	0.412584
1.04712	0.615696
-0.636759	-0.00257408
1.87277	0.52435
-0.191345	0.376569
0.916757	0.395479
1.68808	0.665528
-0.712805	-1.0156
-0.897489	-0.400794
-0.799715	0.259869
-0.517258	-0.636368
-0.430348	-0.601907
-0.376029	-0.440795
-0.14789	-0.545335
1.06885	0.473792
0.395297	0.366461
-0.854034	-0.230724
-0.560713	0.337806
0.264932	0.306761
-0.723669	-1.00125
0.145431	0.415661
0.395297	0.209407
-0.864898	-0.113542
2.36163	0.337256
0.590844	-0.513536
-0.517258	0.380104
-1.03872	-1.0622
-1.00613	-1.05316
-0.734533	-0.911558
0.0259294	-0.170767
0.145431	0.302267
-0.951808	-0.406538
-0.137027	0.0777708
0.319251	0.25905
-0.625895	-0.649435
-0.202209	0.0563228
2.6115	0.305411
1.24267	0.00178376
-0.104436	0.0142404
-0.767124	0.62491
-0.995263	-0.201864
1.04712	0.507327
-0.875761	0.0926118
-0.962671	-0.622749
-0.0283893	0.421559
0.547389	0.599139
-0.777988	-0.0583348
-0.864898	-0.493759
0.0150657	0.217873
2.04659	0.492954
-0.158754	0.415547
-0.202209	0.450184
-0.158754	0.302529
0.0585207	0.231527
0.123703	0.425888
-0.0175256	-0.0144498
0.286659	-0.671039
1.53599	0.333341
1.48167	0.581547
-0.745396	-0.10447
-0.430348	-1.53317
-0.821443	-1.02822
-0.115299	0.0297401
0.0911119	0.43016
-0.386893	-0.00471441
0.178022	-1.03496
0.449616	0.337122
1.23181	0.906873
-0.213073	0.0414706
-0.560713	0.408061
-0.864898	-0.154748
-0.419484	-0.556668
-0.354302	-0.421203
-0.788851	-0.0598498
-0.984399	0.236096
0.558253	0.138103
-0.169618	0.349169
-0.875761	-0.904851
-0.615032	0.406
-0.777988	0.314283
-0.180482	0.115949
1.05799	0.21825
0.178022	0.233642
-0.40862	0.0947807
1.68808	-0.102524
-0.571577	0.536539
0.49307	0.269769
-0.397757	-0.522632
0.123703	0.0805188
1.78586	0.413618
-0.723669	-0.0257893
-0.310847	0.0873534
-0.962671	-0.387201
0.57998	0.359416
-0.549849	0.0686669
-0.745396	0.373397
-0.571577	0.411843
1.93795	0.0953449
-0.908353	-1.37662
-0.973535	-0.426618
1.53599	0.191132
-0.49553	-0.0373336
0.57998	0.419177
-0.940944	0.530442
-0.376029	-0.326515
0.92762	0.594273
-0.593304	0.365217
-0.506394	-0.756008
0.699482	-0.189614
-0.93008	-0.575863
-0.40862	-0.279853
-0.864898	-0.375865
0.981939	0.39398
-1.00613	-0.970673
-0.821443	0.431976
-0.951808	0.401462
-0.462939	-0.107114
-0.84317	-0.0829742
0.971075	0.814121
-0.245664	0.440333
-0.636759	0.0443786
-0.995263	-0.70434
-0.93008	-0.783855
-0.93008	-0.495708
0.340978	0.690478
-0.701941	-0.815066
0.0367932	-0.0349002
-0.864898	-0.348637
-0.430348	-0.184399
0.0367932	0.0105732
0.57998	0.382743
-0.745396	0.298234
0.547389	0.290002
-0.940944	-0.528356
0.471343	0.212993
0.167158	0.00448317
-0.647623	0.26529
-0.376029	0.492077
0.916757	0.0435732
-0.039253	-0.353994
1.72067	0.319583
1.48167	0.265543
-0.604168	0.428268
-0.886625	-0.115241
-0.777988	0.0730609
-0.777988	0.0730609
-0.962671	0.16064
-0.32171	0.443964
0.547389	0.418015
-0.821443	-1.43505
0.167158	-0.269542
1.93795	0.31562
0.319251	0.289158
-0.158754	-0.22543
1.52513	0.60179
0.49307	0.10452
-0.40862	-0.126913
-0.821443	0.527214
0.167158	-0.166967
-0.832306	0.527416
2.01399	0.415986
0.503934	-0.334566
-0.158754	-0.456634
-0.940944	-0.765593
-1.02785	-1.17935
-0.615032	-0.308495
-0.864898	0.0305687
1.28612	0.451384
0.612572	0.586011
1.57945	0.526576
-0.506394	-0.744928
0.612572	0.556942
-0.995263	0.207134
-0.0609805	0.479085
-0.734533	0.368978
0.0259294	0.222325
0.417024	0.277955
-0.386893	0.169452
-1.00613	0.128432
0.221477	-0.494317
1.21008	0.147677
-0.93008	-1.23533
1.64463	0.403837
-0.636759	-0.51997
-0.462939	-0.81606
-0.571577	0.316072
-0.604168	0.215836
-0.777988	0.234385
2.86137	0.80555
-0.647623	-0.135994
0.732073	-0.101169
-0.354302	0.330579
0.0585207	0.457144
-0.506394	-0.683091
-0.984399	-0.0326521
3.6001	0.404099
0.981939	0.464989
-0.158754	0.0961058
1.44908	0.788052
-0.75626	-0.569399
1.29699	0.409168
0.340978	0.0488883
-0.2348	0.213265
0.188886	0.0159431
0.112839	0.359719
1.03626	0.536659
2.06831	0.432412
0.210613	0.602544
-0.462939	0.0662273
-0.940944	-0.802053
-0.571577	-0.368362
0.340978	-0.371806
3.76306	0.301634
-0.973535	-1.53735
-0.180482	0.284336
0.0585207	0.165577
-0.0718443	-0.511836
-0.430348	-0.327823
-0.734533	-0.251557
-0.560713	0.0348012
-0.430348	0.197501
0.00420194	-0.254454
0.525662	-0.0354393
-0.908353	-0.195932
-0.864898	-0.0488029
-0.40862	0.417118
1.77499	0.397504
1.61204	0.337883
-0.32171	0.03337
1.54685	-0.0834489
-0.788851	0.103776
-0.354302	-0.0175042
0.49307	0.316632
-0.777988	0.0574336
-0.75626	-0.20033
-0.951808	-0.736928
-0.039253	0.279228
-0.886625	-0.820724
0.0802482	0.327131
-0.777988	0.0836303
-0.962671	-0.224563
-1.03872	-0.0279616
0.145431	-0.0999421
2.31818	0.40736
1.85104	0.419806
-0.169618	0.240646
-0.549849	0.373136
-0.278255	0.527822
1.87277	0.407937
-0.32171	0.0102707
-0.93008	-1.14385
0.971075	0.303059
0.330114	0.10114
2.44854	0.460455
-0.289119	-0.597475
-0.473803	0.0136743
-0.40862	0.0187146
-0.875761	-1.02833
0.351842	-0.0361182
0.340978	-0.240917
0.0693844	0.221529
-0.712805	0.210813
-0.745396	0.120417
-0.84317	-0.292344
-0.473803	-0.478048
0.178022	-0.489949
-0.191345	0.198193
0.275796	0.720242
4.49093	0.0822465
1.43822	0.79881
0.884165	0.0598656
1.2644	0.362383
-0.701941	0.103685
-0.310847	-0.458458
3.13296	0.215867
1.3839	0.45877
-0.821443	-0.702639
-0.32171	-0.161592
0.960212	0.380404
-0.940944	0.155646
1.99227	0.377712
0.210613	-0.0267516
0.0259294	0.0120889
3.21987	0.797913
0.101976	0.212339
0.0150657	0.247875
0.406161	-0.0569982
-0.767124	-0.275483
-0.517258	-0.474642
-0.788851	-0.438421
0.57998	-0.592106
-0.397757	-0.127437
-0.332574	0.366184
-0.723669	-0.270479
-0.951808	-1.53263
-0.886625	0.373871
-1.00613	-0.804775
-0.919216	-1.04569
1.04712	0.78861
-1.01699	-1.43905
0.134567	-0.142161
0.351842	-0.191179
2.41595	0.964427
-0.734533	-0.375385
-0.604168	0.0982589
-0.169618	0.0964592
-0.777988	-0.0709746
0.808119	0.0742328
0.308387	0.565095
-0.0718443	0.428211
0.286659	0.0635132
0.808119	0.108189
0.49307	0.648994
-0.723669	-1.01456
-0.973535	0.354957
-0.58244	-0.549492
1.5034	0.0889737
-0.484667	0.290897
-0.973535	0.481564
0.57998	0.310194
-0.452075	0.190396
1.67722	0.268367
-0.180482	-0.342075
2.23127	0.899576
-0.40862	0.161557
-0.082708	0.718838
0.0367932	0.189945
1.93795	0.459256
-0.767124	0.339614
2.75273	0.594342
1.09058	0.412774
-0.039253	0.000700732
-0.854034	-0.8138
-0.593304	0.339612
-0.517258	-0.392434
1.91622	0.37789
-0.84317	0.108415
-0.919216	-0.452697
-0.104436	0.455881
-0.452075	0.192124
-0.788851	-0.794965
0.362706	0.0902527
0.916757	0.700676
-0.897489	-0.385735
-0.354302	-0.518474
0.612572	0.533885
-0.560713	-0.059932
3.62183	0.637468
-0.821443	0.100828
-0.84317	-0.326245
-0.289119	-0.811504
0.0802482	0.475737
0.112839	0.404716
-0.647623	0.286322
0.167158	-0.282536
-0.49553	-0.243223
-0.767124	-0.568067
-0.538985	0.445788
-0.278255	0.322099
0.514798	0.227036
-0.549849	-0.211361
-0.441212	-0.130709
-0.647623	0.264603
-0.810579	-0.414479
0.7538	0.422883
0.264932	0.419901
1.39476	0.327438
-0.93008	-0.229333
0.330114	0.412819
-0.49553	0.11293
-0.571577	-0.101035
-0.560713	-0.682114
-0.84317	0.0960577
-0.723669	-0.644932
1.04712	0.337955
-0.615032	0.142717
-0.821443	-0.708814
0.645163	-0.48746
-0.560713	-0.4128
-0.940944	-0.180926
-0.940944	-0.861665
-0.397757	-0.348867
1.03626	0.0239846
-0.538985	-0.21198
-0.788851	0.302083
-0.169618	-0.0878801
-0.039253	0.276966
1.02539	0.515535
1.69895	0.455882
2.1009	0.340744
1.6229	0.179639
0.0150657	0.265625
2.95914	0.630929
1.87277	0.0883686
1.34044	0.53599
2.86137	0.279985
0.340978	0.163557
-0.767124	-0.146818
-0.908353	-0.624296
0.49307	0.671875
-0.908353	-0.89328
0.112839	0.02487
-0.560713	0.227888
-0.32171	-0.605239
-0.560713	-0.00443267
-0.0283893	0.393167
0.645163	0.162791
0.384433	0.0590514
-0.919216	-0.166478
-0.0501168	-0.0100906
-0.897489	-0.628316
0.57998	0.264708
-0.397757	0.126994
-0.0283893	-0.598149
-0.310847	0.372415
0.188886	0.542386
-0.213073	0.169702
-0.680214	-0.0152622
0.167158	-0.282536
1.02539	0.555815
-0.799715	-0.0622833
0.916757	0.193347
0.981939	0.211611
-0.213073	0.452266
2.52459	0.625372
2.51373	0.679844
-0.84317	-0.255417
-0.082708	0.402449
0.297523	0.12436
-0.299983	-0.151921
0.232341	0.224572
-0.343438	-0.14436
-0.397757	-1.11431
-0.886625	0.123486
3.05691	0.301028
-0.799715	-0.250671
0.0476569	-0.117156
-0.93008	-0.797749
-0.810579	0.364179
-0.832306	-0.369146
-0.213073	0.212074
-0.0283893	-0.283557
-0.419484	-0.830597
2.01399	0.361678
0.221477	0.116623
1.21008	-0.139089
0.275796	0.380089
-0.223937	-0.804629
0.156294	0.196332
-0.886625	0.173619
-0.278255	-0.00227231
0.482207	-0.149522
-0.289119	0.125449
1.42735	-0.000896348
0.460479	0.350642
-0.767124	-0.112953
-0.419484	0.676159
-0.919216	-0.10552
2.1335	0.570719
-0.0609805	0.425267
0.101976	-0.0733196
-0.940944	-0.0868184
0.156294	0.492517
-0.473803	0.0189858
0.0911119	0.146511
-0.908353	0.157677
0.0476569	0.529098
1.49254	0.528375
-0.962671	-0.497983
0.0802482	0.116761
-0.940944	0.13559
1.22094	0.479439
-0.441212	-0.653373
-0.93008	0.00299844
-0.615032	0.443299
-0.973535	-0.955399
-0.376029	0.236539
1.17749	0.259253
-1.00613	-0.391152
-0.202209	0.0764062
-0.376029	0.150564
0.503934	0.327705
-0.940944	0.181952
-0.376029	0.326304
-0.571577	-0.145918
-0.299983	0.336945
1.35131	0.67301
0.199749	0.224692
0.362706	0.234729
-0.658487	0.122488
-0.039253	0.0983131
0.721209	0.259699
-0.658487	0.369034
-0.0283893	0.20034
0.167158	0.158031
0.0367932	-0.614373
-0.701941	-0.40484
-0.473803	0.585788
-0.962671	-0.510806
-0.647623	0.384983
1.63376	-0.04732
-0.93008	-0.170253
3.23073	0.800593
3.26333	0.0801103
1.09058	0.368891
-0.951808	-0.669265
0.66689	-0.0218817
-0.0718443	0.421259
-0.897489	-0.66372
-0.528122	-0.720983
0.199749	0.172923
-0.995263	-1.07287
-0.082708	0.381393
0.330114	0.414554
-0.821443	-0.0984335
2.27472	0.215356
-0.712805	0.357403
-0.919216	0.242917
-0.973535	-0.571842
0.569117	0.184809
0.449616	0.573683
0.0476569	-0.088137
-0.538985	0.0144313
-0.897489	-0.626196
-0.777988	0.430764
-0.745396	0.00237718
-0.940944	-0.43954
-0.799715	0.267584
0.449616	-0.177602
-0.115299	0.424352
-0.397757	-0.0572957
0.851574	0.573585
-0.571577	0.179476
-0.799715	-0.290347
-0.137027	0.389968
-0.940944	-0.348436
0.547389	-0.320787
0.417024	0.298921
0.438752	-0.0268878
-0.256528	-0.0414925
0.395297	-0.464676
0.188886	-0.452558
-0.897489	-0.908306
1.41649	0.38886
-0.854034	0.121878
-0.202209	0.183213
1.3839	0.293807
2.77446	0.372183
1.24267	0.533342
-0.0501168	0.21439
-0.484667	-0.151854
-0.995263	-1.06628
-0.0175256	0.0229755
0.808119	0.287696
-0.691078	0.134898
-0.126163	0.210136
0.677754	0.135084
-0.908353	-0.109913
-0.864898	-1.55486
-0.571577	-1.11893
0.330114	0.680471
0.49307	0.267191
-0.832306	-0.764666
3.35024	0.443038
-0.00666181	-0.245942
1.56858	0.410154
-0.886625	-1.40758
0.0150657	0.402825
-0.462939	0.0528848
-0.310847	-0.164573
-0.332574	0.462133
-0.604168	-0.899987
-0.908353	-0.672005
0.134567	-0.0837546
-0.691078	-0.671263
3.7196	0.710237
0.351842	0.352986
0.623435	0.131121
0.395297	0.361745
2.14436	0.669032
0.417024	-0.352418
-0.180482	-0.342075
-0.810579	-0.255336
1.1123	0.506628
0.254068	0.31732
0.558253	0.760076
-0.93008	0.494655
1.02539	0.413644
-0.528122	0.201634
-0.940944	-0.477435
-0.49553	0.494313
-0.691078	0.513179
-0.984399	-1.37236
0.101976	0.48929
-0.223937	0.336859
-0.517258	-0.174074
0.351842	0.179577
0.0476569	-0.0963993
-0.799715	-0.332363
3.31764	0.432615
-0.854034	-0.399116
-0.604168	-0.53426
-0.821443	-0.586673
-0.84317	-0.0334427
0.351842	0.512829
-0.777988	-1.37523
-0.223937	-0.232976
-0.951808	0.240973
-0.919216	-0.643803
2.43768	0.178064
0.340978	0.651856
-0.462939	-0.295616
-0.441212	0.276495
-0.875761	-0.176784
-0.691078	-0.361965
0.0259294	0.201293
0.742937	0.399473
0.0367932	0.177726
-0.919216	-0.501355
0.0259294	-0.0333383
-0.299983	-0.0236026
2.26386	0.184794
3.17642	0.0296367
-0.767124	-0.346938
-0.712805	0.617653
-0.93008	-0.0315437
1.09058	0.220562
0.49307	-0.0581134
-0.506394	0.250289
-0.886625	-0.512571
-0.84317	-0.0829742
-0.538985	0.373717
0.254068	0.416667
-0.267392	-0.133917
2.11177	0.126386
1.63376	0.304222
2.1009	0.268522
-0.593304	-0.0764717
-0.821443	-0.944697
-0.202209	-0.62439
-1.00613	-0.585231
2.01399	0.343446
-0.745396	-0.407789
1.48167	0.0737321
-0.66935	0.133658
-0.712805	0.650048
-0.940944	-1.14641
-0.104436	0.27909
2.19868	0.552732
-0.875761	-0.226632
-0.788851	-1.19077
-0.49553	-0.00395084
-0.84317	0.151538
-0.864898	-0.894759
-0.245664	0.661042
0.00420194	0.478909
2.29645	-0.00502991
0.818983	0.767422
-0.701941	-0.0866447
0.330114	0.120303
-0.256528	0.779294
-0.647623	-0.726606
-0.137027	0.0299213
-0.0935718	-0.313257
-0.854034	-0.463699
-0.919216	-0.427199
-0.49553	0.228578
0.66689	0.783144
-0.799715	0.521634
-0.66935	-0.414828
-0.777988	-1.1072
-0.854034	-0.872259
-0.32171	0.305957
-0.767124	0.418905
0.938484	-0.245033
-0.93008	-0.636495
0.503934	0.499516
-0.984399	-0.642143
0.92762	0.350768
0.297523	0.359917
-0.93008	-0.286231
-0.376029	0.194745
-0.788851	0.404812
-0.951808	-0.521405
-0.897489	0.234196
-0.886625	0.0825482
0.297523	0.15879
-0.799715	-0.722334
-0.777988	-1.02261
0.286659	0.268499
-0.919216	-0.406882
-0.810579	-0.46789
-0.191345	0.331892
0.742937	0.654726
-0.462939	-0.110321
-0.973535	0.394388
-0.376029	-0.490162
-0.0283893	-0.0451181
-0.701941	0.356322
1.03626	0.134203
0.514798	0.439161
-0.658487	-0.612201
-0.14789	-0.360243
-0.549849	0.356325
0.373569	-0.0427282
0.525662	0.131269
-0.821443	0.155463
-0.919216	0.321087
1.04712	0.0149614
-0.897489	-0.0768254
-0.723669	-0.109908
-0.462939	0.251094
-0.538985	0.688005
-0.332574	-0.182796
0.0367932	0.292143
3.46974	0.712285
-0.810579	-0.113146
0.590844	0.598549
-0.343438	-0.583529
-0.365165	0.3664
-0.712805	-0.231542
-0.343438	-0.183895
-0.14789	-0.151227
-0.93008	-0.849724
0.0367932	-0.539944
-0.310847	0.260373
-0.354302	-0.831336
1.54685	0.260099
1.51426	0.273035
-0.75626	-0.250529
-0.886625	-1.25284
-0.289119	0.575672
0.330114	0.839164
-0.376029	0.223341
0.362706	0.0923098
3.30678	0.34495
-0.278255	0.322219
0.427888	0.231207
-0.039253	0.382198
-0.799715	-0.749966
0.764664	0.0700656
-0.256528	0.0229107
-0.452075	-0.246355
2.64409	0.453616
-0.962671	-0.506688
-0.66935	-0.113308
0.49307	0.285408
-0.886625	0.486573
-0.897489	0.0196536
-0.973535	-0.593721
0.340978	0.23649
-0.332574	0.179332
1.15576	0.0853663
-0.419484	-0.366421
-0.886625	-0.407857
-0.158754	0.193826
4.27365	0.496024
-0.223937	-0.0664
-0.615032	0.0819156
0.373569	0.300296
0.656027	0.378235
0.656027	-0.336651
-0.0501168	-0.457818
0.590844	0.111258
0.0802482	0.461372
-0.940944	-1.07732
0.623435	0.178985
0.992803	0.540514
-0.93008	0.0205287
0.471343	0.131177
-0.712805	-0.594107
1.25353	0.566177
-1.00613	0.36976
-0.723669	-0.275267
2.41595	0.254676
0.873302	0.674011
-0.875761	-0.312696
0.101976	0.0263457
2.55718	0.17249
-0.256528	0.345002
-0.973535	-0.992715
0.905893	-0.0847951
0.7538	0.534612
-0.767124	-0.651958
0.101976	-0.282188
-0.104436	-0.0752623
-0.245664	0.189038
-0.854034	-1.52226
0.938484	0.302699
0.482207	0.664125
-0.441212	0.506523
-0.560713	-0.0402183
-0.517258	-0.0808901
-0.549849	0.331376
-0.528122	-0.5764
-0.940944	-0.274784
-0.973535	0.481564
-0.365165	0.456025
-0.343438	0.218141
-0.0501168	-0.190867
-0.897489	-0.18284
1.44908	0.435229
0.384433	0.312099
-0.365165	-0.355952
-0.615032	0.312221
-0.430348	-0.205497
-0.875761	-0.704648
-0.213073	0.138514
-0.223937	0.282633
1.19921	0.32059
0.0150657	0.309403
-0.712805	0.571235
-0.962671	-0.646596
-0.973535	-0.567553
-0.169618	-0.239408
-0.691078	0.189894
-0.462939	0.29651
0.243204	-0.591612
-0.788851	-0.149505
-0.723669	-0.538921
-0.734533	-0.2538
-0.821443	-0.517219
-0.984399	-0.614468
-0.40862	0.135903
-0.615032	0.448612
-0.538985	-0.049666
-0.734533	-0.0845293
-0.897489	-0.458947
-0.58244	0.549059
1.13403	0.743712
-0.908353	-0.11221
-0.897489	0.143409
0.590844	-0.662697
0.57998	0.527315
-0.940944	0.533584
-0.32171	-0.791495
-0.223937	-0.085538
0.0150657	0.173182
0.264932	0.220469
-0.593304	0.0581155
-0.397757	-1.17825
-0.354302	-0.0199583
-0.734533	0.270895
0.351842	0.0615941
-0.777988	0.265269
0.373569	-0.449036
-0.267392	0.598858
1.39476	-0.273527
-0.354302	0.644632
-0.0501168	0.444192
-0.039253	0.18637
-0.419484	-0.33237
-0.864898	-1.18081
1.1449	0.0899271
-0.84317	-0.750802
-0.376029	0.0200851
-0.854034	-0.975718
-0.951808	-0.738726
-0.14789	-0.67905
1.82931	0.388949
1.49254	0.283003
-0.202209	0.152532
-0.875761	-0.759921
-0.452075	0.14787
-0.191345	0.106938
0.808119	0.76495
-0.223937	0.347036
-0.191345	0.259698
-0.213073	-0.206595
0.0476569	0.049655
1.68808	0.37922
-0.940944	-0.330969
0.373569	0.312333
-0.886625	-0.761232
-0.615032	-0.676816
2.11177	0.429204
-0.788851	-1.027
-0.854034	0.303677
1.16662	0.267711
0.0150657	-0.0285913
-0.278255	0.377175
0.308387	0.398434
0.362706	0.154572
-0.473803	-0.235563
2.02486	0.405377
2.15522	0.632135
1.5034	0.477464
-0.419484	0.273044
0.427888	0.0288363
-0.223937	0.447956
1.37303	-0.193184
0.710345	0.0325905
-0.039253	0.295223
-0.767124	0.379295
0.330114	0.360055
-0.788851	-0.16775
-0.332574	-0.405301
1.01453	0.496422
-0.984399	-1.13143
-0.854034	-0.463699
0.449616	0.343522
0.0259294	0.656275
-0.0718443	-0.0974834
0.677754	-0.0869776
-0.58244	-0.707503
1.87277	0.244552
1.8619	0.23911
-1.00613	-1.18038
-0.940944	-0.588498
0.188886	0.363221
-0.984399	0.210554
-0.897489	-0.368982
1.91622	0.541114
1.68808	0.560485
4.39316	0.514938
1.60117	0.609917
0.710345	-0.00708901
1.05799	0.128832
1.82931	0.627141
-0.354302	0.538191
-0.886625	-0.829787
0.319251	0.326198
1.43822	0.425332
-0.528122	-0.767805
-0.84317	-0.150481
-0.995263	-0.837056
-0.0935718	0.350554
-0.538985	-0.294836


test data
expected	elaborated
===========================
1.9814	0.452165
1.03626	0.602874
-0.810579	-0.160472
-0.75626	0.0612546
-0.299983	-0.0826765
-0.777988	0.242578
-0.810579	-0.769719
-0.658487	-0.0649995
0.851574	-0.483229
3.04605	0.44622
1.39476	0.669686
0.145431	0.246377
-0.40862	0.682435
-0.951808	-0.187651
-0.940944	-0.33936
-0.897489	-0.650029
1.00367	0.0258633
-0.66935	-0.119441
-0.202209	0.577699
-0.452075	-0.302275
-0.571577	-0.282734
-0.951808	-1.04384
0.677754	0.313745
-0.538985	0.220877
-0.593304	0.31544
-0.32171	0.310959
-0.712805	-0.320586
4.01292	0.815036
1.77499	0.422117
-0.213073	0.0454083
0.764664	-0.146113
0.786392	0.568076
-0.799715	-1.16155
-0.734533	0.136227
0.873302	0.112252
0.49307	0.127531
0.677754	0.222423
0.427888	0.760871
0.384433	0.508865
-0.962671	-1.1429
0.0585207	0.391805
-0.202209	0.212281
1.1123	0.27489
-0.951808	-0.824023
-0.962671	-0.437767
1.70981	0.381592
0.00420194	0.584786
-0.58244	-0.355273
-0.343438	-0.073298
0.199749	0.166923
1.24267	-0.11991
-0.202209	0.273589
-0.767124	-1.17159
-0.897489	-0.411988
0.00420194	-0.173279
2.75273	0.723084
-0.332574	-0.442206
0.808119	0.0856502
0.308387	0.141964
0.764664	0.060218
0.319251	0.0936975
1.43822	0.378082
-0.571577	-0.168613
1.07971	0.258263
2.8505	0.328069
-0.919216	-0.879052
-0.723669	0.233071
0.221477	0.325961
0.862438	0.404543
-0.886625	0.536185
-0.875761	-1.04642
-0.777988	-0.200664
-0.995263	-0.444506
-0.723669	-1.27633
0.0150657	-0.597058
-0.919216	0.526147
0.916757	0.23817
-0.908353	-0.654087
1.16662	0.509244
0.688618	0.199736
-0.984399	-0.911891
-0.213073	0.372019
-0.571577	-0.622651
-0.745396	-0.575738
-0.115299	-0.00669055
-0.658487	0.237891
-0.0718443	0.225477
4.33884	0.634384
-0.386893	-0.934246
-0.180482	0.208057
-0.767124	0.62491
-0.419484	-0.28547
-0.908353	-1.70653
0.547389	0.205387
0.569117	0.431551
-0.788851	0.146059
-0.777988	0.345284
-0.158754	0.492012
0.0911119	0.396503
0.243204	0.0203623
-0.93008	-0.577356
-0.14789	0.426987
-0.299983	0.262903
0.905893	0.398021
-0.810579	-0.366096
1.00367	0.641203
1.2644	0.180612
0.57998	-0.643485
0.340978	0.92417
0.0150657	-0.0285913
-0.278255	-0.533588
0.688618	0.458791
0.286659	0.0443331
-0.723669	-1.00838
-0.767124	0.0221296
-0.571577	0.301699
0.232341	-0.632812
-0.00666181	0.217547
1.8619	0.138697
-0.973535	-0.923333
-0.723669	-0.208006
2.55718	0.657166
-0.647623	-0.0165511
1.89449	0.392487
-0.973535	-0.136446
-0.082708	-0.976344
-0.430348	0.264929
-0.528122	0.262906
1.03626	0.728102
0.710345	0.752943
-0.84317	-0.707248
-0.0935718	0.606871
0.525662	0.780684
0.156294	-0.0615401
-0.343438	0.00683371
0.0585207	0.0216145
-0.180482	0.0558801
-0.636759	0.192892
-0.919216	-0.390284
-0.647623	0.519997
-0.289119	-0.0768369
-0.919216	-0.576123
1.10144	0.618168
2.53545	0.681776
-0.951808	-0.147333
0.297523	0.203883
-0.58244	0.185381
-0.126163	0.566859
-0.0718443	0.0262038
0.101976	0.219785
-0.93008	-0.197721
1.32958	0.221699
-0.995263	-0.737165
-0.0935718	0.282587
0.438752	0.409071
1.16662	0.142104
1.57945	0.431686
-0.245664	0.119759
-0.419484	-0.0893224
-0.940944	-0.199889
0.00420194	0.393587
-0.332574	0.0439485
-0.767124	-0.568067
0.00420194	0.0330916
-0.886625	0.524608
-0.343438	0.00980225
-1.03872	-0.394258
-0.332574	0.55232
-0.701942	-0.100318
-0.484667	-0.177775
-0.919216	-0.573437
-0.832306	-0.498775
0.351842	-0.382541
-0.484667	-0.303015
-0.919216	-0.374246
-0.962671	0.356498
-0.864898	0.192065
-0.940944	-1.04861
1.01453	0.722045
0.427888	0.469988
-0.647623	0.425819
0.808119	0.588744
0.66689	0.187567
-0.680214	-0.0733013
-0.919216	0.315606
0.199749	-0.563808
0.699482	0.392272
-0.636759	-0.369181
0.623435	0.442886
-1.02785	-0.939833
0.156294	0.275089
-0.0501168	0.303371
-0.104436	-0.0752623
-0.039253	0.324514
-0.376029	-0.140322
0.112839	0.359719
-0.701942	0.707924
1.3839	-0.331602
-0.0609805	0.181497
-0.93008	-0.223048
-0.397757	0.264734
-0.84317	0.109754
-0.864898	0.306846
-0.75626	-0.161686
-0.647623	0.187886
-0.571577	-0.265995
-0.560713	0.327736
2.65496	-0.0943795
-0.658487	0.414989
-0.962671	-1.03873
1.56858	0.446002
-0.875761	-1.12134
0.786392	0.252574
0.232341	-0.0752018
-0.680214	0.289941
-0.104436	0.641699
-0.962671	-0.763148
1.7424	0.580543
-0.082708	-0.167646
0.254068	0.459307
-0.593304	0.375864
-0.104436	0.406991
-0.908353	-0.508722
0.0259294	-0.0167557
-0.66935	-0.0826805
1.22094	-1.09401
-0.984399	-0.31302
-0.658487	0.298454
4.61043	0.896474
0.482207	0.148706
-0.745396	-0.528123
0.0259294	0.194119
-0.897489	-0.329972
1.01453	0.531961
-0.951808	-0.356907
-0.919216	-0.0909775
-0.940944	-0.401696
0.895029	0.341774
-0.940944	-0.544964
-0.875761	-0.230639
0.438752	-0.056355
-0.647623	-0.247084
-0.0935718	-0.0826588
-0.962671	-0.729863
1.06885	0.136628
-0.658487	-0.689386
0.786392	0.196185
-0.0501168	-0.15332
-0.0718443	0.201738
-0.039253	-0.329631
0.634299	0.416197
-0.886625	-0.610899
-0.93008	0.0205287
-1.03872	0.400646
1.99227	0.056901
0.275796	-0.146836
-0.691078	0.404973
-0.202209	0.033322
0.264932	-0.172037
-0.984399	-0.667957
-0.810579	-0.198903
-0.940944	-0.266973
1.52513	0.0659708
-0.767124	0.139081
-0.636759	-0.51997
9.72725	0.282753
-0.0718443	-0.0757331
0.764664	0.370604
-0.593304	0.265587
0.101976	0.398419
-0.549849	-0.216787
1.01453	0.415227
-0.712805	-0.611371
-0.864898	-0.642411
-0.419484	-0.357171
-0.886625	-0.0574096
0.101976	0.218545
0.971075	0.347935
3.05691	0.240222
-0.0935718	0.0436194
-0.625895	0.399763
0.818983	0.505458
-0.245664	-0.244877
-0.777988	-0.451591
-0.66935	0.0672532
-0.202209	0.494065
-0.951808	-0.43323
-0.082708	0.207179
-0.93008	-0.0333453
-0.604168	-0.266114
-0.66935	0.144563
3.31764	0.527274
-0.680214	0.276386
-0.278255	-0.586328
-0.723669	-0.732479
1.5034	0.37339
2.66582	0.49221
-0.299983	0.332349
-0.93008	0.272004
-0.854034	0.0723428
0.569117	-0.0944692
-0.082708	0.274248
-0.40862	0.535128
0.384433	-0.0361246
-0.951808	-0.0864343
-0.289119	-0.568365
-0.864898	-0.00226007
0.503934	0.502912
0.786392	0.142914
-0.734533	0.278384
0.57998	0.419177
-0.658487	0.0406235
0.199749	0.437311
1.45994	0.473955
0.601708	0.560974
-0.213073	0.0810828
-0.213073	-0.326803
0.101976	-0.0323535
0.308387	-0.137772
0.308387	0.154556
-0.854034	0.198265
-0.691078	0.161817
-0.864898	-0.285483
-0.810579	-1.21947
0.0367932	0.34551
0.938484	0.389889
-0.104436	0.272001
-0.788851	-1.23754
-0.647623	0.439872
-0.40862	-0.286803
-0.919216	-0.146679
-0.951808	0.108821
1.21008	0.398962
-0.93008	0.319456
1.69895	0.334703
-0.593304	0.203403
-0.343438	-0.0442866
0.00420194	0.314529
-0.799715	-0.553479
-0.158754	0.0488235
-0.473803	-0.509309
-0.854034	-0.466199
-0.376029	0.257826
0.0802482	-0.390239
-0.0501168	0.143886
-0.767124	-0.53582
1.48167	0.265543
0.503934	0.0592182
-0.441212	-0.453711
-0.104436	0.330402
-0.0175256	0.163601
-0.223937	0.604936
0.340978	0.00978593
-0.940944	-1.1215
-0.354302	0.218844
-0.58244	-0.241706
1.42735	-0.189854
-0.821443	-1.10797
-0.40862	0.71889
1.1123	-0.160767
-0.462939	-0.489935
2.00313	0.107307
-0.712805	0.18029
1.1449	0.318788
-0.549849	-0.418021
-0.528122	-0.088318
0.0367932	0.12485
-0.810579	-0.606647
0.417024	-0.550689
0.960212	0.638645
-0.810579	-0.351387
1.09058	0.505926
0.232341	-0.160354
0.0476569	0.398794
-0.832306	0.380098
-0.93008	-0.853332
1.18835	-0.260346
-0.58244	0.335113
-0.397757	0.127377
-0.0718443	-0.337405
1.05799	0.108185
-0.788851	-0.80253
-0.886625	-0.598098
4.31711	0.382656
-0.701942	-0.649982
-0.821443	-0.76691
-0.49553	-0.373684
-0.126163	-0.265074
-0.506394	0.440846
0.395297	-0.308563
-0.875761	-0.0217314
-0.864898	-0.369244
0.00420194	-0.238748
-0.864898	-0.318975
-0.745396	0.240832
-0.875761	0.265534
-0.940944	-0.653963
-0.365165	0.0282278
-0.984399	-0.181569
0.895029	0.248404
1.60117	-0.0131053
-0.462939	-0.172912
-0.299983	-0.250755
0.905893	0.216906
-1.03872	-0.471898
-0.615032	-0.621779
-0.723669	-0.383163
-0.40862	0.478775
0.438752	0.284368
2.30732	0.36305
-0.49553	0.151274
1.27526	0.43283
-0.386893	-0.585971
-0.538985	-0.289092
0.634299	0.243563
-0.0501168	0.0396909
-0.93008	0.332473
0.438752	0.240606
0.123703	-0.689471
-1.03872	-1.03341
0.438752	0.266239
0.7538	0.385359
0.503934	0.57458
0.547389	0.42998
0.188886	0.216308
0.0150657	0.405132
0.710345	0.472856
-0.897489	0.470753
0.286659	0.283594
-0.810579	-0.00595304
1.18835	-0.228534
0.188886	0.371308
0.167158	0.44317
-0.082708	0.288663
0.558253	0.266115
0.0802482	0.527427
-0.75626	-0.146231
1.21008	0.132655
-0.886625	-0.152912
-0.14789	0.317918
-0.908353	-0.736956
2.32904	0.531784
0.471343	0.372281
1.18835	0.559474
-0.908353	-0.857422
-0.84317	0.502617
-0.430348	-0.458119
0.406161	-0.0802497
-0.799715	0.563354
1.17749	0.149747
-0.75626	0.211699
-0.908353	-0.3026
-0.40862	0.292483
-0.854034	-0.554794
-0.93008	-0.356676
-0.039253	0.473046
-0.299983	0.246526
-0.2348	0.284682
-0.14789	0.616024
-0.0283893	0.352412
-0.940944	-0.0652968
0.221477	-0.135463
-0.647623	-0.424069
-0.75626	-0.647188
-0.376029	0.332177
-0.810579	0.346455
-0.647623	-0.659501
0.916757	0.693638
-0.897489	-0.665744
0.601708	-0.0109183
-0.126163	0.641359
-0.995263	-0.558785
-0.919216	0.265673
-0.788851	0.453317
-0.506394	0.249136
2.1009	0.268522
-0.919216	-0.166104
0.0476569	-0.77483
1.97054	0.422736
0.0802482	-0.659489
0.243204	-0.554914
-0.289119	-0.589482
-0.473803	0.3985
0.351842	0.344942
-0.462939	0.503046
-0.810579	-0.757844
-0.386893	0.402974
-0.93008	-1.05918
-0.180482	-0.899254
-0.810579	-0.434979
-0.441212	0.522797
0.395297	0.229446
0.992803	0.175706
0.732073	0.458855
-0.647623	-0.301946
-0.343438	0.618722
-0.788851	-0.297808
-0.473803	-0.42904
-0.289119	-0.0744936
0.645163	0.356736
0.0476569	-0.127853
1.34044	0.425557
-0.397757	0.572278
-0.734533	0.390256
-0.66935	0.280148
-0.473803	-0.080552
-0.538985	-0.301234
0.417024	0.163179
1.43822	0.874925
-0.625895	-0.386452
1.32958	0.327065
-0.223937	0.0582895
0.884165	0.155652
-0.962671	-0.49544
-0.864898	-0.45739
-0.777988	-0.436811
1.28612	0.648462
-0.332574	-0.283257
-0.788851	0.099319
-0.0501168	0.298586
-0.821443	0.188353
-0.213073	-0.438125
0.123703	-0.154998
1.7424	0.124603
-0.984399	-0.660145
-0.799715	-0.488365
-0.40862	0.517339
0.677754	0.549047
-0.66935	-0.00230379
-0.734533	0.094449
-0.691078	0.310394
-0.93008	-0.636722
-0.115299	0.543021
0.49307	0.539293
-0.93008	0.31936
-0.49553	-0.101844
-0.343438	0.553563
-0.538985	-1.6027
0.0259294	-0.0664462
-0.462939	0.111549
-0.93008	-0.620741
-0.93008	-0.293746
1.29699	0.503785
-0.821443	-0.478339
0.351842	-0.227469
-0.0175256	-0.42727
-0.973535	-0.0188439
-0.66935	0.133658
-0.951808	-0.628261
0.167158	0.158267
-0.58244	0.0795287
-0.680214	0.272999
-0.680214	0.135872
0.460479	0.252674
0.547389	-0.502408
-0.115299	0.0184152
-0.484667	-0.611884
-0.376029	-0.0578923
-0.0501168	0.14073
0.319251	0.429994
0.417024	0.409645
2.51373	0.397457
-0.788851	-0.206012
-0.93008	-0.443986
-0.538985	-0.486981
-0.799715	0.00453911
0.0802482	-0.332842
-0.75626	0.367767
-0.625895	-0.736878
2.62236	0.294009
0.0911119	0.42998
1.48167	0.732428
-0.506394	0.0354373
-0.734533	-0.393886
1.7424	0.248275
-0.126163	-0.169832
0.514798	-0.463087
-0.66935	0.310137
-0.647623	0.121205
-0.571577	0.0677851
-0.875761	-0.593744
1.43822	-0.0716797
0.503934	0.558416
0.57998	0.113831
-0.104436	0.242204
2.03572	0.0809715
0.797255	0.783372
0.0367932	0.0966032
-0.549849	-0.723698
1.3839	0.0939175
-0.593304	-0.500388
-0.354302	-0.0934904
-0.571577	0.358468
-0.767124	0.0675653
0.275796	0.119363
-0.973535	0.338108
-0.452075	-0.0809584
-0.473803	-1.28629
-0.810579	-0.56353
0.134567	0.202592
0.00420194	0.500732
0.112839	0.494117
3.01346	0.1786
1.35131	0.349586
0.384433	0.589201
-0.799715	0.665043
0.0367932	0.356843
0.275796	0.378223
0.178022	0.207751
-0.919216	-0.996759
-0.560713	0.346901
-0.267392	0.170319
-0.897489	-0.146225
-0.919216	-0.387524
-0.00666181	0.199795
0.960212	0.472383
-0.734533	0.0256525
1.34044	0.223139
-0.538985	-0.287911
-0.940944	-1.08852
-0.908353	-0.189088
-0.701942	-0.0671883
1.04712	0.198486
0.0476569	-0.219729
-0.93008	0.370772
0.178022	0.232513
-0.940944	-1.01045
-0.875761	-0.33553
0.0476569	0.545768
-0.951808	-0.52448
1.99227	0.362703
-0.680214	-0.118842
-0.951808	-0.708273
-0.462939	0.142019
0.775528	0.074921
-0.984399	-0.991292
3.06778	0.533743
-0.832306	-0.407449
0.254068	0.297872
0.00420194	0.148045
-0.723669	-0.725561
-1.00613	-1.07742
-0.571577	0.176506
1.81845	0.721815
-0.886625	-0.922519
0.167158	0.135152
-0.549849	0.274557
0.84071	0.153528
0.547389	0.446392
-0.75626	0.00493977
1.1123	0.671784
-0.897489	0.126134
-0.93008	0.226431
0.243204	0.166058
-0.821443	0.204407
-0.484667	-0.384968
0.188886	-0.240935
-0.984399	-0.5937
-0.864898	0.195976
-0.386893	-0.389866
-0.680214	-0.94793
-0.473803	0.00961082
1.99227	0.57937
-0.854034	0.0888276
-1.03872	-0.437347
-0.32171	0.339262
-0.984399	-0.347867
-0.658487	0.172274
-0.777988	0.265269
1.00367	-0.0154421
0.688618	0.143173
0.0693844	-1.09556
-0.75626	-0.242555
-0.202209	0.219176
0.286659	0.73102
2.1335	0.444659
0.188886	0.182372
-0.528122	0.302724
-0.636759	0.0370276
0.7538	0.230301
-0.951808	0.539505
0.156294	-0.0695808
-0.864898	-0.11863
-0.0501168	0.286677
-0.897489	-1.02322
-0.0935718	-0.11547
-0.973535	-0.818769
0.134567	0.443675
-0.832306	-0.786316
1.68808	0.252281
1.29699	-0.434918
1.60117	0.307252
-0.810579	-0.390238
2.02486	-0.039987
-0.691078	-0.376767
0.797255	0.607509
0.7538	0.138092
-0.788851	0.215811
0.275796	0.015453
0.221477	-0.547108
-0.0283893	-0.263795
0.471343	0.0518698
-0.191345	0.372365
-0.701942	-0.650767
1.93795	0.232062
0.254068	-0.257109
1.31872	-0.494991
-0.66935	-0.268912
-0.549849	-0.491258
-0.343438	0.188798
1.92708	0.655205
-0.40862	0.644937
-0.278255	-0.595322
-0.777988	0.0574335
-0.723669	-0.351912
-0.137027	-0.501823
-0.0283893	0.0995244
1.63376	0.408762
-0.93008	0.294251
-0.0935718	0.0967682
2.07918	0.660786
0.286659	0.266734
-0.615032	0.311967
0.417024	0.480037
-0.615032	0.429427
-0.452075	-0.248546
-1.02785	0.216636
0.514798	0.677925
0.112839	-0.00292027
-0.788851	-0.165922
-0.875761	-0.720823
-0.00666181	0.22771
-0.40862	0.432299
-0.712805	-0.117962
-0.897489	-1.10641
0.797255	0.371526
0.210613	0.110004
0.0585207	-0.0971269
-0.886625	-0.613946
-0.701942	0.104237
4.59957	0.750897
-0.734533	-0.862504
-0.430348	-0.224219
1.29699	0.1301
-0.93008	-0.169893
-0.984399	-0.642968
0.156294	-0.217128
-1.01699	-0.760894
-0.973535	-0.874456
1.90536	0.268796
-0.919216	0.387734
0.569117	-0.153346
0.84071	0.36904
1.01453	-0.433061
0.49307	0.137731
0.677754	0.0593357
-0.278255	-0.170796
0.449616	0.510982
0.427888	-0.34449
-0.799715	-0.973324
-0.84317	-0.603253
0.797255	0.332444
-0.886625	-0.430274
-0.723669	0.143718
-0.919216	0.0453613
-0.310847	0.274732
0.297523	-0.195416
-0.137027	0.576493
1.97054	-0.286953
0.84071	0.420707
-0.517258	0.380802
-0.832306	0.424112
0.319251	0.736954
-0.973535	0.09789
-0.00666181	-0.166932
-0.267392	-0.0200202
0.210613	0.322405
-0.84317	0.16826
0.264932	0.260928
-0.104436	-0.677119
0.210613	-0.0267516
0.275796	0.382028
0.297523	-0.0606472
-0.897489	-1.11135
-0.517258	0.356966
0.123703	0.337835
1.15576	0.619985
-0.788851	-0.588601
1.59031	0.629511
-0.940944	-1.14661
0.92762	0.349267
1.55772	-0.101077
-0.723669	0.1677
0.00420194	0.194379
-0.473803	0.394133
-0.615032	0.0114283
-0.452075	-0.0392724
-0.2348	-0.143932
-0.854034	0.381475
-0.777988	-1.08102
-0.951808	-0.29044
0.308387	0.354603
-0.343438	-0.704643
-0.571577	-0.129538
0.232341	0.0839086
-0.00666181	0.0432929
1.04712	0.28864
0.732073	-0.330416
-0.875761	-0.217455
1.81845	0.395359
-0.267392	-0.169922
0.134567	0.249191
0.384433	0.392012
0.862438	0.173814
-0.180482	0.541169
-0.940944	-0.248717
-0.0609805	0.682688
0.232341	0.430549
-0.615032	-0.0675244
1.66635	0.5753
-0.777988	-0.834109
-0.84317	-0.441987
0.188886	-0.816626
1.19921	0.386412
0.145431	0.353192
1.27526	0.516622
-0.386893	0.54403
-0.908353	0.282512
-0.202209	0.176301
-0.886625	0.321703
-0.777988	-0.188977
-0.799715	-0.513411
-0.376029	0.212692
-0.832306	-0.794184
-0.973535	-1.12344
-0.908353	-0.528836
-0.397757	-0.275385
-0.734533	-0.31413
-0.365165	-0.520096
-0.951808	-1.30568
0.851574	0.319831
3.04605	0.0187347
-0.452075	0.0126527
0.362706	-0.0560452
0.199749	-0.146247
-1.04958	-0.739094
-0.767124	-0.315666
-0.788851	-0.176374
-0.734533	-0.677434
0.0259294	-0.0847939
-0.962671	-0.813722
0.0585207	0.486412
0.460479	0.623381
-0.549849	-0.149294
1.27526	0.205549
-0.84317	-0.675064
-0.854034	0.25101
0.742937	0.591991
0.123703	0.462995
-0.506394	0.238549
0.569117	0.215256
-0.462939	0.381752
3.03519	0.822565
0.851574	0.286672
0.395297	0.315985
-0.180482	-0.540341
-0.723669	0.193961
-0.799715	0.35613
-0.658487	0.283883
0.101976	0.0643794
0.688618	-0.0280291
-0.473803	-0.247691
0.905893	0.454433
1.18835	0.477523
0.547389	0.500267
0.699482	0.0347364
-0.940944	0.126011
-0.647623	-0.0890598
-0.593304	0.0604125
-0.93008	-1.0995
-0.84317	-0.620038
0.199749	0.240873
-0.278255	0.117694
0.362706	-0.392412
-0.919216	0.0743522
-0.462939	0.29651
-0.810579	-0.103146
0.775528	0.242683
0.0911119	0.19645
1.70981	0.647279
-0.354302	-0.189963
-0.832306	0.0896658
-0.995263	0.0442385
-0.213073	0.343394
-0.452075	-0.925796
-0.538985	0.171771
0.178022	0.244146
1.41649	0.32664
-0.0175256	0.543214
1.21008	-0.139089
3.4806	0.516653
-0.528122	-0.180014
2.11177	0.125809
-0.864898	-0.538751
0.384433	0.1527
-0.940944	-1.09142
-0.419484	0.431281
0.417024	-0.151698
-0.777988	-0.298785
-0.951808	0.0404995
0.254068	0.505113
-0.484667	0.0399608
0.145431	0.552827
-0.528122	-0.784789
-0.289119	-0.605548
0.916757	0.237456
0.57998	0.58074
3.40455	0.254213
-0.560713	-0.854511
-0.223937	0.272901
-0.984399	-1.17402
0.49307	-0.345448
-0.799715	0.441466
0.373569	0.10577
-0.908353	-0.159013
0.156294	-0.561867
0.178022	0.265073
-0.995263	-0.71758
-0.864898	-0.516898
-0.593304	-0.410468
2.57891	0.335914
-0.452075	0.0661623
-0.854034	-0.68243
0.558253	0.411961
-0.636759	0.263373
0.0585207	0.454537
-0.962671	0.293452
0.818983	-0.272787
-0.701942	-0.324391
0.0476569	0.208592
0.254068	0.368364
-0.723669	-0.06435
-0.441212	0.249606
-0.441212	0.344608
-0.310847	0.449802
0.460479	0.149764
0.0476569	0.144823
-0.897489	-0.904079
0.406161	0.480618
-0.66935	0.396921
-0.712805	-0.643433
-0.082708	0.718838
0.916757	0.356609
-0.2348	0.50076
-0.484667	0.0434463
-0.886625	-0.428033
-0.538985	-0.141729
-0.419484	0.371049
0.981939	-0.0785165
0.960212	0.436115
-0.908353	-0.941379
1.32958	0.420278
-0.897489	-0.583106
0.319251	0.326198
-0.908353	-0.439616
-0.821443	-0.282926
1.87277	0.35611
-0.875761	-0.0531422
0.0693844	0.0115491
1.79672	0.162043
0.395297	0.0784636
-0.126163	0.189836
-0.278255	0.343704
0.590844	0.143429
0.49307	0.648694
-0.734533	-0.537331
-0.49553	0.092212
0.732073	0.312957
3.93688	0.785515
1.67722	0.635018
1.55772	0.468248
0.395297	-0.0553565
-0.58244	0.302738
-0.777988	-0.712414
-0.821443	0.19254
-0.615032	-0.351657
-0.777988	-0.588338
-0.441212	0.416912
-0.908353	-1.04711
-0.245664	0.538997
2.51373	-0.150159
0.167158	-0.166967
1.16662	0.219017
0.101976	0.490558
-0.919216	-0.517946
-0.0501168	-0.347844
1.60117	0.27298
1.34044	0.444466
2.52459	0.0503309
-0.14789	-0.568874
-0.462939	0.259785
-0.875761	-0.359489
-0.908353	-0.00817253
-0.66935	-0.284308
-0.40862	0.250102
0.0693844	0.661419
-0.951808	-0.636377
-0.256528	0.266597
-0.332574	0.415038
0.547389	0.0231772
-0.604168	-0.349948
-0.777988	-0.181666
-0.799715	-0.402169
-0.919216	-0.178202
-0.701942	0.216895
-0.658487	-0.686255
-0.354302	0.375556
0.286659	0.47587
-0.864898	-0.157234
1.43822	0.401899
0.264932	0.228707
-0.93008	0.0675806
0.395297	-0.45055
0.417024	0.0983932
3.91515	0.261291
0.438752	0.306593
-0.267392	0.23363
0.612572	0.363882
0.569117	0.419315
-0.256528	0.0028798
-0.452075	0.115709
0.362706	0.242913
-0.376029	-0.144869
0.949348	0.21592
-0.397757	-0.0900814
0.134567	0.443893
3.21987	0.511933
0.264932	0.443799
-0.528122	0.250759
-1.00613	-0.293332
-0.484667	-0.0938891
-0.289119	-0.433413
-0.995263	-0.281884
0.66689	0.128143
-1.00613	0.183916
1.67722	0.120044
-0.213073	-0.12048
-0.299983	0.327978
-0.897489	-0.785551
1.97054	0.317037
1.19921	0.271801
-0.397757	0.287356
-0.84317	0.246743
0.145431	-0.100239
-0.767124	-0.540954
-0.376029	-0.698682
-0.484667	-0.223352
-0.2348	-0.209551
0.569117	0.501884
-0.854034	-0.183845
0.330114	0.542907
-0.473803	0.0854239
1.05799	0.115837
-0.962671	-0.854906
-0.962671	-0.900475
-0.897489	0.311306
-0.951808	-0.62075
-0.604168	0.441635
-0.202209	0.34852
-0.832306	0.00169672
0.0585207	0.019291
-0.0501168	-0.131825
-0.365165	0.35117
-0.897489	-0.451963
-0.734533	0.374552
-0.213073	-0.103603
-0.973535	-0.0267594
-0.940944	0.305371
-0.571577	-0.227688
-0.875761	-0.439024
0.264932	0.291836
-0.734533	-0.769164
-0.604168	-0.594371
-0.919216	-0.543086
-0.886625	0.401455
0.558253	0.138103
-0.039253	-0.0585096
1.89449	0.388231
-0.777988	0.0856784
-0.441212	-0.304174
2.53545	0.637693
-0.462939	-0.211535
-0.691078	0.0352298
-0.517258	-0.0239665
-0.484667	-0.316322
-0.365165	0.409834
-0.625895	0.320937
0.525662	0.353764
1.81845	0.143868
-0.49553	-0.32985
-0.158754	0.334972
0.167158	0.562354
1.9814	0.413171
-0.723669	0.0789269
-0.908353	-0.30347
-0.310847	0.211094
-0.039253	-0.0821611
0.645163	0.390084
1.12317	0.626637
-0.354302	0.41113
-0.40862	0.386554
0.721209	0.0935329
-0.691078	0.329004
-0.897489	0.492254
-0.213073	0.521118
0.0911119	-0.433866
-0.462939	-0.137482
0.384433	0.74634
-0.875761	-0.223573
-0.886625	-0.289953
-0.506394	-0.1845
2.58977	0.268888
-0.517258	0.348528
3.40455	0.582271
-0.430348	-1.1823
2.02486	0.716928
0.482207	-0.301679
0.145431	0.0816967
-0.864898	0.401633
-0.84317	0.271303
-0.528122	-0.277844
1.04712	0.293142
-0.00666181	-0.729313
-0.452075	-0.299242
-0.397757	0.0370689
-0.940944	-0.214424
-0.951808	0.554996
-0.897489	-0.309713
-0.245664	-0.167163
-0.810579	-0.11711
-0.310847	-0.0835914
-0.723669	0.230681
-0.951808	-1.08955
0.547389	0.400212
-0.658487	-0.671339
0.884165	0.408514
0.536525	0.151513
-0.571577	-0.461583
0.438752	-0.121895
0.308387	0.490046
-0.93008	-0.361047
-1.01699	-0.240065
-0.419484	0.448467
1.61204	0.426541
-0.32171	0.0321228
0.0150657	0.0216892
-0.0283893	-0.746163
-0.75626	0.396304
-0.962671	-1.07679
-0.0283893	0.419968
-0.810579	-0.590511
0.732073	0.313765
-0.32171	0.272254
-0.951808	-1.03722
-0.777988	-1.04113
-0.560713	0.259261
0.818983	0.635996
-1.00613	-1.26766
-0.625895	-0.233092
-0.604168	-0.0402043
0.590844	-0.276568
-1.01699	-0.936558
-0.560713	0.791972
0.319251	0.55672
-0.039253	0.311903
-0.202209	0.548471
1.10144	0.367148
0.623435	-0.252338
-0.701942	0.345927
0.438752	-0.0699121
0.818983	0.00768355
2.80705	0.802944
-0.658487	0.00199845
0.145431	-0.023987
-0.452075	-1.21819
-0.278255	0.170268
-0.169618	-0.225304
0.645163	0.025903
0.536525	0.698103
-0.984399	-0.68516
-0.788851	0.510025
-0.191345	0.279598
-0.158754	0.504703
-0.365165	-0.0741458
1.37303	0.186603
-1.03872	-0.902463
0.156294	0.161552
-0.365165	0.617259
-0.962671	0.407953
-0.767124	0.303689
-0.549849	0.447031
-0.973535	-0.67566
-0.908353	0.0644359
0.786392	0.622239
-0.40862	-0.0470976
-0.84317	0.253799
-0.647623	0.43618
-0.289119	0.187731
0.764664	-0.117644
-0.799715	0.263981
2.16609	-0.0649832
4.29538	0.6594
4.03465	0.475252
-0.886625	-1.11881
-0.625895	-0.22296
0.84071	0.0556533
0.634299	-0.356321
-0.832306	0.166677
0.167158	-0.491591
-0.191345	-0.013919
-0.951808	0.129708
-1.00613	-0.61466
0.656027	0.658038
2.05745	0.0416823
-0.854034	-0.285404
-0.940944	-0.802369
0.221477	0.396135
-0.528122	0.07782
4.1107	0.639442
0.558253	0.364
0.362706	0.731586
-0.343438	0.273323
-0.723669	-0.0257893
-0.951808	-0.201824
-0.93008	0.494655
-0.854034	0.159263
-0.169618	0.352499
-1.02785	-0.295814
1.10144	0.135054
-0.940944	-0.991024
-0.821443	-0.492122
2.29645	0.744709
-0.940944	0.408497
-0.875761	-0.737955
-0.940944	-0.162779
0.0367932	-0.389526
0.808119	-0.0493837
-0.310847	0.283896
-0.951808	-0.434206
-1.01699	-0.930043
-0.940944	-0.676546
0.221477	0.468432
0.482207	0.417078
-0.875761	-0.398099
-0.462939	-0.0532071
3.90429	0.470144
-0.832306	-0.683821
-0.419484	-0.357316
-0.2348	-0.539159
0.221477	-0.525083
0.395297	0.191012
-0.680214	0.100369
0.981939	0.190396
-0.397757	-0.0739911
-0.419484	0.235593
4.17588	0.469675
-0.799715	0.0219627
-0.528122	0.619832
-0.701942	-0.193079
-0.506394	0.215267
2.64409	0.349139
-0.137027	0.0349125
-0.593304	0.361586
0.699482	0.147399
0.243204	-0.481905
0.0476569	0.23073
1.1123	0.415415
-0.973535	-0.263377
1.69895	-0.0333713
2.20954	0.114989
0.92762	0.0377189
0.243204	0.249896
-0.397757	-0.333196
1.64463	0.26451
-0.104436	0.374522
-0.680214	0.270733
-0.647623	-0.0329025
-0.441212	-0.0568334
-0.256528	0.511893
1.56858	-0.00277537
0.0259294	0.403068
1.34044	-0.140907
2.40509	0.444722
2.6115	0.16105
-0.864898	-0.538424
-0.962671	-0.190342
-0.397757	0.0337257
-0.973535	-0.597467
-0.854034	0.128736
-0.104436	-0.0440732
0.340978	0.00210447
-0.571577	0.532121
-0.169618	-0.33649
-0.810579	-1.29091
0.514798	-0.0679994
1.49254	-0.262847
0.123703	0.0805188
-0.202209	0.29128
-0.908353	-1.11853
-0.919216	-0.506118
-0.354302	0.164364
4.3497	0.70668
0.514798	0.129212
1.45994	-0.20103
-0.58244	-0.170597
-0.973535	-0.966
-0.49553	-0.29379
0.178022	-0.873052
-0.799715	-0.252131
-0.180482	0.0207778
2.20954	0.640803
0.612572	0.26239
0.818983	0.366765
-0.734533	-0.257318
0.427888	0.499974
-0.940944	-1.19925
-0.615032	-0.0572575
0.156294	0.349689
0.710345	0.568863
1.21008	0.0540875
0.971075	0.585356
0.623435	0.602814
1.01453	0.0584657
-0.115299	-0.0758383
-0.93008	-1.72082
1.85104	0.507651
-0.299983	-0.618594
-0.897489	-0.1826
-0.538985	0.01575
0.57998	0.15246
-0.908353	-0.798821
-0.864898	0.221539
1.47081	0.300857
-0.365165	0.443284
1.01453	-0.221766
-0.897489	-0.521849
-0.191345	0.568729
-0.875761	-0.790414
-0.430348	-0.453393
-0.723669	0.366305
0.275796	-0.574268
1.22094	0.439665
0.623435	0.72349
-0.213073	0.28185
-0.419484	-0.158512
-0.419484	0.551392
-0.951808	0.11157
-0.680214	0.514779
-0.376029	0.041721
-0.984399	-0.516778
-0.723669	0.249917
-0.864898	-0.531581
-0.854034	-0.0705505
-0.0175256	0.563445
-0.962671	-0.024757
0.134567	0.475641
-0.701942	0.398661
0.601708	0.684001
-0.723669	-0.613372
-0.082708	0.380377
-0.984399	-0.990899
-0.452075	0.127562
-0.734533	0.184689
-0.940944	-0.332057
-0.864898	0.0144617
-0.386893	-0.0217768
-0.788851	-0.625368
0.0259294	-0.133268
1.37303	-0.296845
-0.386893	0.0566087
0.57998	0.830178
0.395297	0.588625
0.482207	0.160502
0.634299	0.383401
-0.0283893	-0.130016
-0.158754	0.307626
-0.777988	-0.431851
-0.951808	-0.899387
-0.104436	0.319401
-0.419484	-0.206406
-0.49553	0.225424
-0.0609805	-0.173197
0.612572	0.0880547
1.28612	0.551786
-0.799715	0.0917707
-0.962671	-0.66176
-0.2348	0.42837
0.547389	0.338511
2.62236	0.700248
0.199749	0.26141
0.178022	0.0857709
1.09058	-0.0545962
0.417024	0.743681
0.558253	0.679005
-0.886625	-1.17454
0.0693844	0.326256
-0.854034	0.194281
1.85104	-0.243671
1.76413	0.767615
-0.397757	0.0895072
1.18835	-0.0573916
0.558253	0.421231
-0.908353	-0.327305
-0.691078	0.341174
-0.723669	-1.41224
-0.484667	0.189362
0.275796	0.255658
-0.593304	0.0258433
1.52513	0.273997
-0.278255	0.585723
2.80705	0.401764
-0.701942	0.0188756
-0.723669	0.327717
0.775528	-0.0646497
-0.995263	-0.532271
-0.0935718	0.211177
0.199749	-0.225478
0.156294	0.375203
-0.180482	0.414837
0.677754	0.361083
-0.919216	-0.162401
-0.104436	0.537807
0.66689	0.222615
1.52513	-0.24399
-0.962671	-0.614685
0.590844	0.350307
0.395297	0.277488
-0.452075	0.16168
-0.897489	-0.130178
-0.49553	0.11675
1.27526	0.168151
-0.625895	-0.660979
2.86137	0.462854
1.36217	0.522332
-0.0175256	0.412927
-0.734533	0.162573
0.319251	0.126737
-0.506394	-0.756008
-0.886625	-0.307246
-0.908353	-1.80499
-0.810579	-0.6862
2.23127	0.639455
-0.897489	-0.196382
3.18728	0.131171
-0.919216	-0.85536
-0.484667	0.0693998
-0.278255	0.118657
-0.886625	-0.23029
-0.158754	-0.0236305
0.406161	0.23454
-0.962671	-0.895303
-0.528122	-0.5764
0.0911119	0.0439223
-0.560713	0.482612
-0.115299	0.450084
-0.332574	-0.171666
1.06885	0.605782
0.145431	0.25693
-0.484667	-0.265409
-0.180482	-0.0210438
3.21987	0.602623
1.42735	0.400699
-0.549849	-0.633527
0.0150657	0.570363
0.482207	0.156256
0.471343	-0.0369684
-0.636759	-0.208038
1.61204	0.534979
0.721209	0.065344
1.52513	0.595361
3.16555	0.338305
-0.0283893	0.23457
1.41649	0.861526
0.656027	-0.254733
0.0693844	-0.395356
3.11123	0.738514
-0.962671	-0.624486
-0.897489	-0.241559
-0.310847	0.248972
0.721209	-0.033555
3.33937	0.574621
-1.00613	-0.842141
-0.712805	-0.558419
-0.267392	0.115826
-0.386893	-0.0442148
1.01453	0.435005
-0.386893	0.453409
3.92601	0.597718
0.710345	0.697188
-0.593304	0.315713
-1.00613	-0.472837
-0.00666181	-0.518764
2.69841	0.0571249
-0.75626	0.300623
1.07971	0.166652
0.449616	0.326186
0.232341	-0.000545205
-0.0283893	0.31297
0.905893	0.610761
-0.191345	0.516279
0.764664	0.22684
0.340978	0.167409
0.612572	0.497374
-0.940944	-0.698237
0.362706	0.127759
-0.962671	0.077235
1.45994	0.269923
-0.875761	-1.5768
-0.810579	-0.226189
-0.832306	0.190321
0.275796	0.325394
0.395297	0.409535
-0.14789	-0.150186
-0.397757	0.270376
-0.115299	0.440944
-0.571577	0.553217
-0.886625	-0.979339
-0.386893	0.52558
-0.14789	-0.129394
1.75326	0.387751
-0.332574	0.32196
0.92762	0.512903
-0.84317	0.0722779
-0.897489	-1.09464
0.7538	0.35686
-0.734533	-0.0896099
-0.93008	0.306306
-0.0935718	0.0717376
-0.84317	0.0764158
-0.58244	0.0404958
-0.799715	-1.26734
0.395297	0.143352
-0.84317	-0.656316
0.732073	-0.254259
-0.14789	-0.0445421
-0.354302	-0.131661
-0.875761	-0.361353
0.949348	0.229735
-0.821443	0.190511
-0.473803	0.152696
0.438752	-0.420279
0.808119	-0.111981
-0.919216	-0.536034
0.92762	0.387442
-0.289119	-0.698521
1.81845	0.350417
-0.0283893	0.644262
-0.278255	0.280356
-0.58244	0.365073
-0.104436	-0.0576918
0.156294	0.371546
1.64463	0.513429
-0.571577	0.0391604
-0.560713	0.375572
-0.202209	-0.802768
1.16662	0.711704
-0.213073	0.352975
-0.962671	-0.38076
-1.02785	-0.0135911
-0.625895	0.034473
-0.788851	0.225793
-0.419484	0.0401194
-0.984399	0.0511003
0.0476569	-0.165712
-0.767124	-0.299397
0.373569	0.134053
-0.039253	-0.0987556
-0.625895	-0.632338
-0.528122	0.0246042
-0.886625	0.276411
-0.66935	-0.877485
-0.593304	-1.25203
-0.875761	-0.4802
0.178022	-0.230131
0.308387	0.272235
-0.962671	-0.284445
1.5034	0.563826
-0.821443	0.130915
-0.940944	-0.852313
-0.126163	-0.212557
-0.0283893	-0.547877
0.84071	0.362032
2.01399	-0.58101
-0.191345	-0.165833
3.86083	0.696716
-0.115299	0.437191
0.66689	0.334208
-0.973535	-0.622613
3.65442	0.340893
-0.940944	0.0918462
-0.169618	0.240646
-0.625895	0.136537
1.7424	0.655185
-0.919216	-1.17809
-0.940944	-1.10434
0.0911119	0.728974
3.2416	0.649019
0.0476569	0.162689
-0.202209	0.4212
0.938484	0.805783
0.775528	0.367862
-0.788851	-0.64926
-0.397757	0.26226
1.18835	0.547474
-0.430348	0.235005
-0.625895	-0.119832
0.156294	0.315918
0.362706	0.154937
1.87277	0.380957
-0.886625	-0.494358
-0.745396	-0.154996
0.612572	-0.0752656
0.482207	0.38784
1.91622	0.474225
1.56858	0.0604389
-0.376029	-0.222665
-1.00613	-0.280753
0.167158	0.174029
-0.40862	0.330411
1.40563	0.862276
-0.951808	-0.861417
-0.919216	0.148142
1.75326	0.237275
0.960212	0.324674
3.20901	0.41053
-0.625895	-0.3671
1.1123	0.0387698
-0.202209	-0.159291
-0.0501168	0.51979
-0.115299	0.489142
-0.745396	0.302763
-0.430348	0.418978
1.48167	0.473006
-0.538985	-0.779539
0.330114	-0.0471665
-0.538985	0.263342
-0.365165	-0.219852
3.18728	0.480721
-0.995263	-0.657617
1.28612	0.393723
3.19814	0.498755
-0.40862	0.272872
-0.75626	-0.65884
0.286659	0.612684
-0.93008	-0.58892
-0.908353	-1.02715
3.32851	0.279712
-0.082708	-0.315315
-0.604168	0.479879
-0.126163	-0.0872617
-0.734533	-0.294895
-0.14789	0.413251
-0.0718443	0.237421
0.656027	-0.116472
-0.875761	-0.140158
-0.767124	-0.723936
0.49307	0.468944
0.0585207	0.0944273
-0.354302	-0.198998
-0.777988	-0.679055
0.264932	-0.157166
-0.0283893	0.14972
0.786392	0.389411
-0.66935	-0.63027
-0.940944	-0.136882
0.373569	-0.378937
-0.528122	-0.897475
-0.571577	0.222976
0.101976	0.335977
-0.886625	-0.320178
0.0150657	0.587158
-0.767124	0.321604
-0.84317	-0.425379
-0.84317	-0.110331
-0.897489	-0.626028
-0.0609805	-0.0580353
-0.886625	-0.0580489
0.00420194	0.0730318
-0.984399	-0.427408
0.0259294	0.590825
-0.810579	0.160431
0.00420194	0.576614
-0.864898	-1.03689
-0.897489	0.278476
0.0259294	-0.0683679
1.64463	0.425028
0.732073	0.756237
-0.376029	-0.267537
-0.680214	-0.280688
-0.886625	-0.180339
0.340978	0.254283
-0.191345	0.342054
-0.0935718	0.161695
-0.658487	0.385606
2.14436	0.229672
-0.734533	-0.526061
-0.908353	0.0171637
-0.299983	0.577709
0.92762	0.30805
-0.984399	-0.65978
-0.202209	0.274463
0.57998	0.18555
-0.84317	-0.313648
0.351842	0.310632
0.134567	-0.142161
-0.397757	0.0206084
-0.58244	-0.545426
-0.832306	-1.48886
-0.897489	0.480328
-0.723669	0.41079
-0.137027	-0.471768
-0.734533	0.365915
-0.897489	0.2079
-0.0718443	-0.100218
-0.386893	0.200558
-0.332574	-0.548448
-0.984399	-0.568643
-1.03872	-0.0279616
1.72067	0.244629
-0.908353	-1.05172
2.86137	0.615682
0.0693844	-0.337792
-0.484667	-0.36895
-0.299983	0.598473
-0.245664	0.349413
-0.484667	-0.274629
-0.799715	-0.528971
0.66689	0.253236
-0.039253	0.639969
-0.691078	-0.439491
-0.419484	-0.569498
0.123703	0.246506
-0.84317	-0.0149676
-0.799715	-0.869881
-0.256528	-0.0987066
-0.332574	0.240309
-0.962671	-0.0927164
-0.180482	0.730716
-0.137027	0.289651
-0.517258	0.00023426
0.330114	0.10114
0.7538	0.637627
-0.647623	0.305061
0.742937	0.6033
1.94881	0.400536
0.243204	-0.211053
0.0693844	0.345877
-0.506394	0.267622
-0.777988	0.273798
0.101976	0.552941
0.0693844	-0.301596
-0.452075	-0.647504
1.77499	0.508914
0.92762	0.465354
-0.397757	0.20249
1.3839	0.430586
-0.58244	-0.440142
-0.0283893	0.377585
0.243204	0.0531991
0.167158	-0.531261
0.254068	-0.194614
-0.864898	0.0826601
0.797255	0.746274
-0.723669	0.379128
0.427888	0.279051
0.601708	-0.137266
-0.940944	-0.275778
0.514798	0.365279
1.61204	0.121924
-0.419484	-0.13933
-0.777988	0.0595068
-0.452075	0.104868
-0.158754	0.257469
0.178022	-0.0502907
-1.03872	-0.425123
0.84071	0.270909
-0.245664	0.581541
1.43822	0.441789
1.66635	0.338419
0.395297	0.0453932
-0.919216	-0.656421
-0.919216	-0.45449
-0.386893	-0.0125047
1.49254	0.0168572
-0.973535	-0.81127
1.65549	-0.00758175
-0.2348	-0.30578
-0.137027	0.200762
-0.854034	0.121878
-0.560713	0.35975
-0.908353	-0.18289
-0.354302	-0.076696
1.67722	0.667384
-0.40862	-0.15915
-0.441212	0.283691
-0.951808	-0.619034
0.449616	0.0114816
-0.93008	-0.536974
2.06831	0.388678
-0.180482	0.272465
0.297523	0.311079
-0.93008	-0.416589
2.70927	0.735865
-0.604168	-0.580269
-0.951808	-0.813346
-0.636759	0.149677
0.0259294	0.316552
1.16662	0.528467
0.471343	0.418313
0.960212	0.478219
-0.386893	0.27036
1.97054	0.75065
-0.593304	-0.0621432
0.0585207	-0.503933
0.101976	0.371294
-0.875761	-0.438098
-0.137027	0.494057
0.438752	0.00816698
1.21008	0.18004
-0.734533	0.0196582
-1.00613	-0.56344
1.07971	0.646146
1.06885	0.399385
-0.430348	0.658618
1.03626	-0.233412
-0.0609805	0.130237
0.57998	0.042983
1.43822	0.417136
-0.962671	-0.75179
-0.734533	-0.369761
-0.0283893	-0.160206
-0.875761	-0.623452
0.340978	0.334674
-0.245664	0.406691
0.438752	0.304451
-0.919216	-0.777048
-0.93008	-0.251912
-0.126163	0.0211812
1.76413	0.471386
-0.734533	-0.741784
-0.213073	0.259455
-0.0175256	0.120958
-0.58244	0.0327222
0.905893	0.147737
4.63216	0.209125
0.417024	0.577968
-0.940944	-1.11184
-0.0283893	0.265538
-0.799715	-0.536242
-0.832306	-0.650997
2.18781	0.525534
-0.723669	0.289869
-0.93008	-0.361775
-0.973535	0.462146
-0.636759	-0.116663
0.710345	0.0204437
1.03626	-0.0918981
0.57998	-0.260054
-0.788851	-0.267899
0.601708	0.26402
-0.278255	-0.644481
-0.126163	0.477535
-0.767124	0.0924443
-0.93008	-0.971303
0.243204	0.468726
1.32958	0.9444
-0.864898	-0.377108
0.92762	0.40125
3.64356	0.704671
-0.810579	-0.113146
1.53599	0.148963
0.92762	0.295347
-0.940944	-0.357653
-0.00666181	-0.132535
-0.32171	-0.138496
-0.886625	-0.201031
-0.93008	-0.0948078
-1.00613	-0.170423
-0.940944	-0.96085
0.536525	0.444035
0.297523	0.277204
-0.14789	0.279993
-0.278255	-0.870208
0.101976	0.320439
0.384433	0.750144
-0.0283893	0.343263
-0.875761	-1.09363
2.47027	0.501348
-0.376029	-0.582527
0.199749	0.0630583
-0.723669	-1.26166
-0.93008	-0.892002
-0.973535	-0.625349
-0.680214	0.0212587
-0.84317	-0.195138
0.49307	-0.440419
-0.864898	-0.680318
-0.2348	0.377236
-0.767124	-0.0329371
-0.701942	-0.670002
0.0150657	0.402825
2.11177	0.216338
2.30732	0.614622
-0.538985	-0.394945
-0.940944	0.533584
1.61204	0.417986
-0.571577	-0.568442
-0.354302	0.0259005
3.25246	0.364763
0.558253	0.282322
-0.528122	-0.607592
1.00367	0.290002
-0.658487	0.369034
-0.875761	-0.0230487
-0.397757	0.0153233
-0.75626	-0.672183
-0.962671	-0.829916
-0.115299	0.290814
-0.560713	-0.448475
2.12263	0.493003
0.156294	-0.3877
-0.701942	-0.0493416
-0.886625	-0.482556
0.210613	-0.0396175
-0.919216	-0.64035
0.308387	-0.256713
-0.864898	-0.0842031
-0.680214	-0.102596
-0.256528	-0.18932
-0.58244	-0.487369
-0.0718443	-0.285065
0.884165	0.427391
0.145431	-0.112139
-0.528122	-0.498364
0.656027	-0.334131
-0.973535	-0.79192
-0.419484	-0.77816
1.9814	0.480475
-0.549849	-0.856132
-0.397757	0.572637
-0.984399	-0.119169
0.145431	0.541719
0.0367932	-0.210478
0.275796	0.487653
3.4806	0.170448
-0.636759	-0.447219
0.916757	0.193348
0.340978	0.766548
-0.104436	0.264673
0.264932	-0.105285
0.971075	0.501543
-0.169618	-0.31637
0.0476569	0.199998
-0.343438	0.495716
1.06885	0.364533
2.97	0.138083
0.938484	0.157524
0.634299	0.318068
1.88363	0.353266
0.254068	0.374236
-0.604168	-0.763913
-0.886625	-0.173874
0.775528	0.324017
1.01453	0.653239
-0.864898	0.0688106
-0.289119	0.260388
0.992803	-0.225456
-0.191345	0.106938
-0.528122	-0.684944
0.721209	0.0711862
-0.473803	0.752996
-0.441212	-0.205573
0.0911119	0.558794
-0.538985	0.41867
-0.560713	0.479825
0.199749	0.473349
-0.821443	-0.536239
2.48114	0.163419
0.221477	0.309216
-0.647623	-0.5347
-0.593304	-0.662114
1.99227	0.0522003
0.351842	0.284096
0.612572	-0.129713
-0.647623	-0.244164
0.938484	-0.212519
-0.908353	0.157677
-0.691078	0.538091
-0.0935718	-0.456333
-0.951808	0.406779
-0.886625	0.240894
-0.799715	-0.980909
-0.571577	-0.0670084
-0.767124	0.743332
0.558253	0.52582
-0.962671	-1.16866
-0.701942	0.51797
3.05691	0.667975
-0.625895	0.0436685
-0.680214	0.579772
-0.58244	0.368677
-0.365165	0.457151
0.536525	0.151429
-0.832306	-0.205183
-0.973535	0.481564
0.362706	0.0912374
-0.571577	-0.450746
-0.875761	-0.820332
-0.821443	-0.768554
-0.886625	-0.594855
1.8619	0.458495
-0.169618	0.286911
0.351842	0.0576844
-0.66935	-0.197746
0.482207	0.133916
0.243204	0.478435
0.525662	0.723724
-0.441212	0.258453
1.00367	0.411975
-0.973535	-0.36287
-0.299983	0.00156582
-0.560713	-0.580181
0.732073	0.606627
-0.777988	0.314283
-0.191345	0.414164
-0.84317	-0.474864
0.0693844	0.365477
0.0476569	0.432035
-0.658487	-0.434018
0.938484	0.404299
-0.745396	0.464958
-0.951808	0.45987
0.145431	-0.0585342
0.569117	0.0896448
-0.126163	0.420371
0.57998	0.268665
0.0693844	0.0931743
1.15576	0.29794
1.09058	0.260876
0.264932	0.0615952
-0.2348	0.250176
0.786392	0.563871
-0.625895	-0.0723831
-0.0175256	-0.381637
0.00420194	0.418066
0.0911119	0.462774
-0.58244	0.16971
1.1449	0.434253
1.00367	0.182704
-0.897489	-0.270295
-0.528122	-1.04296
0.775528	0.397251
-0.777988	-0.510903
-0.680214	-1.19745
-0.995263	-0.769762
0.254068	-0.158213
-0.430348	0.454737
-0.75626	-0.0232385
0.721209	0.379369
1.16662	0.385057
0.178022	0.0406863
-0.962671	-0.919386
2.24213	0.63963
-0.528122	-0.0957313
1.48167	0.156066
0.199749	0.455277
0.210613	-0.0912806
3.81738	0.584865
1.05799	0.0417297
-0.0609805	0.319716
-0.473803	-0.115881
-0.66935	0.0607847
-0.951808	-0.720771
0.340978	0.444202
0.656027	0.416988
-0.799715	0.366268
1.01453	-0.0781983
0.688618	-0.274567
-0.115299	0.205649
0.232341	0.105727
1.77499	0.735204
-0.93008	-0.92459
-0.267392	-0.477144
0.145431	-0.0577129
1.59031	0.280569
-0.973535	0.52448
-0.962671	-0.701819
-0.951808	-0.347363
2.1009	0.608618
-0.484667	-0.652952
1.82931	0.262745
-0.386893	-0.404324
0.156294	0.250312
-0.528122	0.548244
0.112839	0.204134
0.818983	0.550911
-0.354302	0.0516146
0.178022	0.184709
-0.104436	-0.076122
0.0150657	-0.797353
-0.32171	0.334943
0.764664	0.46605
-0.615032	0.221872
-0.93008	-1.10507
-0.593304	-0.0764717
0.275796	0.124089
-0.32171	0.501274
-0.0718443	0.372434
-0.560713	0.148174
-0.886625	-0.485838
-0.93008	-0.594012
0.123703	0.216471
-0.0175256	0.516784
-0.365165	-1.25074
-0.951808	-0.304977
0.232341	0.490262
-0.854034	-0.699389
-0.84317	-0.367638
-0.951808	-0.958139
-0.723669	-0.370346
-0.625895	0.140269
-0.256528	0.383559
-0.788851	-0.0885392
-0.0718443	0.0460275
-0.245664	0.491034
0.92762	0.414552
0.00420194	0.478909
0.623435	0.676903
-0.875761	0.305706
-0.680214	-0.385775
-0.310847	0.283817
1.95968	0.513304
-0.0175256	0.495242
0.395297	-0.168961
-0.14789	-0.282494
-0.636759	0.65368
-0.289119	-0.232602
-0.473803	0.713539
-0.0609805	0.35915
0.514798	0.0919334
-0.158754	0.516485
-0.973535	-1.4042
-0.49553	0.100412
0.971075	0.200383
-0.66935	-1.09939
1.54685	0.394495
-0.919216	0.0279835
1.39476	0.1087
-0.908353	-1.16604
-1.00613	-1.21108
-0.886625	-0.35956
1.09058	0.524776
-0.821443	-0.909943
-0.310847	0.58421
-0.615032	-0.973568
-0.441212	0.428867
0.721209	-0.0294579
0.373569	0.783242
0.525662	0.185385
-0.267392	0.24583
0.66689	0.373962
0.199749	-0.544877
0.373569	0.557648
-0.875761	0.379802
0.503934	0.122744
-0.75626	0.183466
-0.549849	-0.158843
-0.604168	-0.597712
0.351842	0.252026
-0.14789	-0.545335
-0.462939	-1.27236
4.12156	0.556988
-0.919216	0.0599592
-0.462939	-0.594493
0.395297	0.0524931
0.547389	0.140976
0.178022	0.322559
0.471343	0.253214
2.54632	0.164564
0.590844	0.297585
-0.810579	-0.494433
0.84071	0.0376208
-0.995263	-0.29295
2.05745	0.368404
0.308387	0.514004
-0.137027	-0.0854658
0.00420194	-0.110126
0.395297	0.426956
0.0802482	-0.125602
-0.799715	-0.479813
-1.00613	-0.578016
0.601708	0.0889677
-0.701942	-0.162098
-0.886625	-0.0761115
-0.00666181	0.325676
0.254068	0.226516
-0.039253	0.222428
-0.680214	0.335945
-0.680214	-0.845294
1.66635	0.364741
0.634299	0.411248
-0.897489	-0.736323
-0.332574	0.520944
-0.940944	-0.348436
-0.223937	0.512676
-0.506394	0.232035
0.590844	-0.175791
-0.462939	-0.00531972
-0.919216	-1.00961
-0.940944	0.274464
-0.75626	0.169264
-0.919216	-0.948385
-0.245664	0.330164
3.19814	0.416401
-0.462939	-0.620379
0.503934	-0.281876
-0.473803	0.378976
-0.0501168	0.412953
4.24106	0.210851
-0.397757	0.00473985
-0.701942	0.177615
0.449616	0.327982
-0.908353	-1.34468
-0.658487	-0.755407
0.264932	0.220469
-0.875761	0.053295
0.406161	-0.0887371
-0.723669	-0.467369
-0.560713	0.327447
-0.354302	0.140611
-0.734533	-0.346741
0.525662	0.251774
0.275796	0.0340223
0.243204	0.32443
-0.93008	-0.491972
0.0259294	-0.0183627
0.688618	-0.198782
3.15469	0.513896
-0.49553	-0.300389
-0.767124	-0.101581
0.547389	0.210014
3.53492	0.790975
-0.549849	0.123822
-0.875761	-0.787399
-0.615032	-0.460139
-0.897489	0.0484101
-0.973535	-1.05519
-0.864898	-0.306613
-0.256528	0.481342
-0.973535	-0.441457
-0.615032	0.258821
-0.777988	-0.389726
0.232341	0.27678
1.00367	0.447573
-0.745396	0.419119
-0.2348	-0.573828
0.503934	0.407698
-0.919216	-0.668425
-0.897489	-0.237821
-0.995263	-0.518262
2.43768	0.287845
1.70981	0.314625
0.514798	0.168903
-0.278255	0.199674
0.0259294	0.22443
-1.03872	-0.109337
1.2644	0.748472
2.50286	0.538649
-1.00613	-0.624579
-0.875761	-0.495072
-0.767124	-0.316674
0.417024	0.202511
0.134567	0.293729
1.39476	0.473193
-0.441212	-0.419827
-0.506394	-0.297168
-0.039253	0.0919002
0.308387	0.397908
-0.777988	-0.0630604
0.351842	0.684527
-0.777988	-0.566498
0.123703	0.099404
-0.0718443	-0.205741
-0.473803	-1.12041
1.10144	-0.0928268
-1.03872	-0.391641
0.395297	0.511386
3.16555	0.588042
-0.386893	0.0753696
0.732073	0.254992
-0.332574	-0.0996409
1.51426	0.273035
-0.571577	0.0367282
1.12317	0.374729
-0.549849	0.206112
-0.897489	-0.987567
-0.169618	0.349756
-0.897489	-0.0624229
-0.832306	-0.555835
-0.919216	-0.249203
-0.49553	0.0895082
0.0585207	-0.215312
1.10144	0.423703
0.0693844	-0.476656
0.297523	0.354585
-0.289119	0.209263
1.15576	-0.29816
-0.734533	-0.592771
0.101976	0.29459
-0.908353	-0.423293
-0.462939	0.121523
0.395297	-0.0517289
-0.452075	0.337105
-0.886625	0.200894
-0.104436	0.474934
1.90536	0.326601
-0.93008	-0.478685
-0.75626	-0.800659
-0.191345	0.282476
-0.625895	-0.36047
0.286659	0.25482
-0.571577	-0.387645
-0.799715	0.249506
-0.897489	-0.786133
-0.191345	-0.469234
-0.886625	-0.20436
0.112839	0.465787
-0.940944	-0.148082
-0.267392	-0.133917
-0.995263	-0.418899
-0.376029	0.285775
-0.897489	-0.67669
1.63376	0.665138
-0.995263	-1.66517
-0.223937	0.107282
1.18835	-0.0853828
0.275796	0.509984
4.50179	0.299492
-0.430348	0.0206321
2.55718	0.351785
-0.560713	-0.227468
-0.430348	-0.13985
-0.430348	0.206929
-0.082708	0.0240831
-0.93008	-1.26479
-0.180482	0.128278
0.0693844	-0.260932
-0.799715	-0.617554
-0.386893	-0.473113
-0.875761	-0.741771
-0.680214	-0.219882
0.601708	0.21458
0.797255	0.00775858
-0.615032	-0.0209975
-0.951808	-0.571732
-1.03872	-0.135199
0.916757	0.464805
-0.528122	0.478846
-0.14789	0.491534
-0.571577	-0.297289
-0.376029	-0.520197
1.17749	0.488955
3.02432	0.35408
-0.854034	-0.382785
-0.58244	-0.499611
-0.625895	-0.282274
-0.14789	0.187355
-0.593304	-0.237515
-0.940944	-1.69512
1.02539	0.356384
-0.376029	0.223999
-0.962671	0.060729
0.525662	0.0665695
-0.14789	0.380305
-0.777988	-0.18747
-0.615032	0.344323
-0.397757	0.358935
-0.962671	0.0346927
-0.256528	-0.192009
-0.701942	-0.213581
-0.940944	-0.728772
0.916757	0.162682
-0.32171	-0.0583464
-0.538985	0.224483
0.254068	0.24444
-0.93008	-0.342452
1.12317	0.415149
2.52459	0.196677
-0.854034	-0.0512875
-0.821443	0.495496
-0.039253	-0.333972
1.24267	0.607609
-0.571577	-0.869022
-0.137027	-0.489542
-0.202209	0.564929
2.64409	0.438863
3.28505	0.367965
-0.908353	-0.241525
-0.386893	0.477355
-1.00613	-0.546223
-0.919216	0.321087
-0.0501168	-0.983293
0.384433	0.467394
0.92762	0.509097
-0.897489	-0.759044
-0.995263	-0.491146
-0.0283893	-0.328211
-0.691078	-0.058324
0.634299	0.282948
0.514798	0.322816
0.0911119	0.500152
0.710345	0.368772
-0.864898	-0.778957
0.00420194	0.292058
0.0150657	0.370768
0.340978	0.626482
0.417024	-0.388495
-0.973535	-1.47132
-0.886625	0.269124
-0.647623	-0.0992062
-0.734533	0.762932
-0.267392	0.37849
2.05745	0.542283
0.0802482	-0.35234
2.15522	-0.2772
-0.571577	0.159415
-0.897489	-0.34061
-0.484667	-1.11143
-0.397757	0.148232
1.61204	0.221038
0.134567	-0.635497
-0.625895	0.540994
-0.854034	-0.290149
0.340978	0.481107
2.31818	-0.0217769
-0.897489	-0.239195
-0.93008	-0.405088
0.981939	-0.358395
1.82931	0.402395
-0.940944	-1.09256
0.188886	-0.0900775
0.232341	0.146821
0.178022	0.413981
-0.940944	-0.724341
-0.528122	-0.597692
-1.00613	0.0589182
-0.115299	-0.187729
0.362706	0.577655
-0.636759	-0.226115
-0.940944	-0.00551527
0.232341	0.260068
0.7538	0.24029
-0.93008	-0.575863
-0.386893	-0.131055
1.23181	0.324344
-0.799715	0.587473
0.0367932	0.173567
-0.397757	0.167732
-0.14789	-0.126906
2.20954	0.451656
-0.528122	-0.725886
1.67722	0.389622
-0.951808	-0.554163
0.00420194	0.39322
0.319251	0.0706644
-0.680214	-0.412062
0.145431	-0.299967
0.123703	0.372985
-0.169618	0.212943
0.0150657	-0.07554
-0.419484	0.0520658
0.0911119	0.112968
-0.397757	-0.309735
-0.864898	-0.153597
0.417024	0.182992
-0.712805	-1.46468
-0.832306	-0.381274
-0.180482	0.617992
0.417024	0.422782
-1.00613	-0.473793
-0.886625	-1.33501
-0.40862	-0.16767
-0.202209	0.339203
0.601708	0.250868
-0.538985	-0.764562
0.297523	0.395
-0.66935	0.137763
-0.386893	0.373664
-0.137027	-0.198668
-0.897489	-0.294799
-1.01699	-0.885103
-0.517258	0.461258
-0.897489	-1.11224
0.981939	-0.0841296
-0.593304	-0.112472
-0.625895	-0.934546
-0.0283893	0.536791
-0.462939	-0.164056
-0.419484	0.487995
-0.452075	0.0977397
-0.213073	0.0298853
-0.039253	-0.943529
-0.864898	-0.613214
2.45941	0.251514
0.742937	0.138169
1.32958	0.419474
-0.745396	-1.00545
-0.169618	-0.0611301
-0.984399	-1.14582
0.319251	0.40831
-0.712805	-0.0554554
-0.158754	0.120946
-0.126163	-0.0565501
-0.821443	-0.178381
-0.951808	-0.743877
2.86137	0.538314
-0.658487	0.345289
-0.223937	-0.236544
0.0476569	0.43972
-0.560713	-0.157647
0.319251	0.274854
-0.832306	0.0544215
0.188886	-0.17045
-0.919216	-0.876485
0.199749	0.462816
1.17749	0.172252
1.99227	0.557498
-0.452075	-0.0639765
-0.919216	-0.674109
1.39476	0.859631
-0.84317	-1.20612
1.44908	0.240753
1.37303	0.289116
-0.0609805	0.00830786
1.00367	0.562402
-0.2348	0.495047
-0.799715	-1.21011
-0.462939	0.472791
-0.93008	-1.24906
1.31872	0.431592
-0.386893	-0.853361
-0.223937	0.332918
-0.940944	-0.0347186
-0.66935	-0.30479
-0.40862	0.426215
-0.93008	0.216464
1.12317	0.504879
-0.0609805	0.25028
-0.962671	-1.06767
-0.832306	0.298848
2.65496	0.528146
-0.93008	-1.19926
-0.615032	-0.591976
-0.647623	0.271001
-0.919216	-0.184001
0.851574	0.324859
-0.821443	-0.19743
-0.386893	-0.314216
2.02486	0.597802
-0.951808	-0.676842
-0.14789	0.0424904
-0.864898	-0.622891
3.81738	0.580696
-0.658487	-0.355981
-0.777988	0.504543
-0.962671	-0.969492
-0.66935	-0.334362
-0.723669	0.277956
-0.473803	-0.436667
-0.462939	0.0201297
0.460479	0.0917571
-0.462939	0.228866
0.188886	0.363221
-0.854034	-0.710753
1.47081	-0.0266
2.70927	0.735754
-0.58244	0.461704
-0.278255	0.356731
-0.0283893	-0.5503
0.0150657	0.117053
-0.636759	-0.956092
-0.332574	0.392771
-0.691078	0.296589
-0.897489	-0.0153021
-0.767124	0.379295
-0.0283893	-0.035544
-0.864898	0.2372
1.1123	-0.0246207
-0.723669	0.228674
0.981939	0.66918
0.601708	0.32182
2.83964	0.0860744
-0.940944	-1.24261
-0.593304	0.00296655
0.503934	-0.463922
-0.310847	0.0873533
-0.082708	-0.184881
-0.039253	-0.212073
-0.723669	-0.464086
0.330114	0.118619
2.56805	0.430257
-0.158754	0.0863072
-0.0718443	0.0981453
1.27526	0.00874223
-0.365165	0.290018
-0.517258	-0.96898
-0.169618	0.428922
1.72067	0.363866
0.275796	0.235522
-0.506394	0.327254
1.59031	0.26114
-0.343438	0.0854226
0.427888	0.0964023
-0.886625	0.229144
-0.75626	-0.133398
0.210613	0.27549
-0.32171	0.00745637
-0.082708	-0.0337256
-0.462939	0.34198
4.16502	0.452906
0.167158	0.134043
0.514798	0.392928
-0.940944	-0.477434
0.373569	0.490241
-0.93008	-0.0441524
1.82931	0.564022
-0.082708	0.202667
3.49146	0.509222
1.02539	0.460853
-0.289119	-0.221254
-0.799715	-0.0884178
-0.104436	0.373001
-0.517258	0.405574
-0.984399	-0.800474
2.43768	0.383731
-0.93008	-1.17016
-0.256528	-0.00743388
-0.126163	-0.337785
0.178022	0.0798863
-0.549849	0.287727
0.862438	0.432883
-0.919216	-1.04172
3.66528	0.62777
-0.386893	-0.882247
-0.788851	0.30748
-0.14789	0.228524
-0.864898	-0.614133
1.45994	0.133449
-0.419484	-0.210264
-0.799715	0.650227
0.916757	0.251407
1.2644	0.457578
0.895029	0.508224
0.340978	0.415896
-0.940944	0.335397
0.471343	-0.122267
1.6229	0.413482
0.0802482	-0.247872
-0.66935	-0.352758
-1.00613	-1.12448
-0.940944	-1.27505
0.232341	0.500843
-0.256528	0.447926
-0.0718443	-0.0974834
0.0476569	-0.202219
1.64463	0.283238
-0.571577	0.360695
0.710345	0.472151
0.57998	-0.359741
-0.897489	0.172198
1.23181	0.23032
-0.908353	-1.34339
1.29699	0.631693
1.1449	-1.02581
0.612572	-0.0360157
2.07918	0.581774
-0.604168	0.151201
-0.875761	0.0336751
-0.680214	0.494639
-0.712805	0.385165
2.22041	0.616955
2.68755	0.477482
-0.332574	0.213666
-0.962671	-1.03494
3.46974	0.586999
-0.40862	0.0187146
0.0476569	0.312833
-0.821443	-0.4902
0.92762	0.677237
-0.343438	0.706956
-0.658487	-0.343655
1.04712	0.261418
-0.528122	-0.109927
2.17695	0.160046
1.95968	0.436048
1.99227	0.228717
0.0802482	0.356614
-0.571577	0.210622
-0.832306	0.233957
3.05691	0.453092
-0.701942	-1.15023
-0.40862	0.389111
-0.310847	-0.0644639
-0.908353	0.382792
-0.84317	-0.715628
-0.940944	-0.554817
-0.908353	0.34897
-0.104436	-0.549357
2.38336	0.652471
-0.560713	0.0829762
-0.973535	-0.368973
-0.0175256	0.181527
1.54685	0.499245
-0.0283893	-0.583408
-0.984399	-1.30938
-0.223937	0.333698
-0.951808	0.358613
-0.343438	-0.201748
1.2644	0.466702
-0.213073	-0.500347
-0.701942	0.0789852
-0.940944	-0.942288
-0.647623	0.478642
0.0150657	-0.0715716
-0.734533	0.161593
-0.701942	-0.251421
-0.886625	0.455762
-0.191345	-0.376863
-0.788851	0.277124
0.221477	0.485523
0.0802482	0.295579
-0.517258	0.0301883
0.873302	0.491901
-0.734533	-0.223628
-0.506394	-0.14391
-0.430348	0.462541
-0.0718443	-0.278373
0.742937	0.476559
3.37196	0.425286
-0.0501168	0.0169412
-0.625895	0.165385
0.7538	-0.0709171
-0.104436	0.0298916
1.23181	0.0091143
-0.14789	0.377899
0.188886	-0.1601
1.7424	0.532374
-1.00613	-0.39301
-0.310847	0.0449064
1.19921	0.769948
-0.864898	-0.792294
0.84071	0.425791
-0.571577	-0.368362
0.0693844	0.407048
-0.604168	0.137986
-0.0609805	-0.0522694
-1.01699	-0.311456
0.340978	-0.313966
-1.01699	0.0860892
0.482207	-0.14073
-0.625895	0.448963
-0.973535	0.127305
-0.832306	-0.360803
3.2416	0.08014
-0.473803	0.263264
-0.180482	0.452466
-0.0935718	0.304938
-0.299983	0.422946
0.134567	-0.587304
-0.777988	0.32013
1.9814	-0.167775
3.33937	0.348155
-0.506394	-0.582763
-0.962671	0.246701
-0.777988	-0.935929
-0.549849	-0.133999
-0.734533	-0.936633
-0.0175256	0.215093
-0.104436	-0.0440205
-0.984399	-1.04455
1.64463	0.137666
0.558253	0.366204
-0.169618	0.38385
-1.01699	-0.0673256
-0.126163	0.166498
-0.701942	-0.700276
-0.115299	0.41754
-0.32171	0.646176
-0.799715	-0.280868
-0.593304	-0.948392
-0.58244	0.0444208
-0.66935	-0.318317
-0.821443	0.407928
1.59031	0.546778
-0.886625	-0.656812
-0.875761	0.283646
-0.712805	-0.301223
0.818983	0.30857
-0.538985	-0.476665
-0.604168	-0.410236
3.26333	0.935721
0.0150657	0.478175
1.93795	0.534331
0.992803	0.455868
1.37303	0.459871
-0.691078	-0.00901333
-0.49553	-0.323128
-0.908353	-0.241517
-0.962671	-0.673389
1.36217	0.343386
1.99227	0.507896
0.503934	0.499516
-0.897489	-0.517559
-0.93008	-0.278478
-0.517258	0.0148858
-0.777988	-0.175217
-0.962671	-0.709118
-0.75626	0.276017
0.558253	0.516711
-0.158754	-0.463425
-0.462939	-0.176362
-0.962671	-0.0480024
-0.462939	-0.581597
-0.875761	-0.666431
-0.940944	-1.05209
-0.875761	-0.526877
-0.365165	0.675497
-0.723669	0.64803
0.417024	0.277955
-0.289119	0.382234
-0.658487	0.200888
-0.84317	0.327045
-0.777988	-0.270903
-0.625895	0.499101
-0.223937	0.35574
0.0802482	-0.203534
-0.506394	0.194288
2.82878	0.794428
-0.908353	-0.17369
0.66689	0.278053
0.340978	-0.172902
-0.984399	-1.06661
0.0150657	0.327794
-0.940944	-0.26985
2.86137	0.8736
-0.940944	-1.37787
-0.310847	0.359602
-0.452075	0.0932269
2.43768	0.523333
2.17695	0.510638
0.938484	-0.0500642
-0.951808	-0.815661
2.31818	0.455763
-0.58244	0.000610084
0.818983	0.332971
-0.0935718	0.278274
-0.32171	-0.180573
0.123703	-0.49451
-0.452075	0.273741
-0.289119	0.336021
-0.84317	-0.840425
-0.734533	-0.653182
-0.962671	-0.181095
0.808119	0.35295
0.112839	0.393826
-0.310847	0.731299
-0.691078	0.178518
1.85104	0.407022
1.45994	-0.0246972
-0.93008	-0.251679
0.417024	0.192932
0.536525	0.33225
-0.951808	-0.664352
0.851574	-0.334415
-0.00666181	0.421244
-0.691078	0.741567
0.0911119	-0.578188
-0.973535	-1.08139
-0.104436	0.0652383
0.569117	0.166388
-0.32171	0.118002
1.94881	0.736208
-0.93008	-0.84339
0.112839	-0.619052
1.88363	0.547214
0.188886	-0.305667
-0.223937	0.443201
-0.995263	-0.152831
0.775528	-0.0111061
-0.430348	-0.212979
-0.93008	-0.836202
0.862438	0.601323
0.710345	-0.188883
-0.799715	-0.290993
-0.104436	0.441232
-0.549849	-0.454142
-0.636759	-0.65945
0.514798	-0.0318556
-0.886625	-0.0415424
-0.0935718	0.222662
0.232341	-0.255691
-0.647623	0.141801
-0.919216	-1.47662
-0.658487	-0.23118
-0.169618	-0.50628
1.28612	0.180836
0.949348	0.212524
-0.039253	0.0881914
-0.723669	0.123992
-0.484667	-0.0735256
0.829847	-0.356795
1.43822	0.338683
-0.0718443	-0.162599
-0.93008	-0.555019
-0.864898	-0.350576
-0.75626	0.108709
-0.354302	0.069335
0.199749	0.443885
-0.680214	-0.74746
0.101976	0.0820912
-0.0718443	0.0828938
-0.886625	-0.492812
0.254068	0.0423164
-0.767124	0.502873
1.99227	0.345689
0.0693844	0.351328
-0.962671	0.112149
-0.854034	-0.0952352
-0.897489	-0.423585
-0.962671	0.354104
-0.386893	-0.245295
0.0911119	-0.57526
-0.256528	0.300841
-0.897489	-0.74617
-0.984399	0.251919
-0.712805	-1.47057
1.01453	0.0322493
-0.549849	0.519966
2.55718	0.78448
-0.245664	0.350114
-0.897489	-0.345358
-0.560713	-0.250774
-0.332574	0.178895
-0.962671	0.136351
0.145431	0.293212
-0.962671	-0.582705
-0.951808	-0.159602
-0.310847	-0.700939
0.0802482	0.246945
-0.278255	0.477992
-0.745396	-0.338241
-0.886625	-1.20254
2.33991	0.239606
0.721209	0.439632
0.112839	-0.453039
0.449616	0.0194175
-0.40862	0.318908
-0.951808	-1.01623
-0.995263	-0.712407
0.438752	0.487801
-0.897489	-0.181362
-0.995263	-0.521933
1.09058	0.00809335
-0.951808	-1.24636
-0.897489	0.431608
-1.00613	-0.655843
-1.01699	-0.346533
-0.647623	0.10001
-0.452075	-0.228133
0.634299	0.532249
-0.115299	0.291304
-0.984399	0.0101152
1.25353	0.150279
-0.723669	-1.01456
1.43822	0.79881
0.232341	-0.0950934
1.09058	0.284024
-0.137027	0.413099
-0.169618	0.469125
0.449616	0.510301
5.04498	0.612776
-0.245664	0.452549
-0.75626	-0.447747
0.178022	0.160009
-0.484667	-0.0733971
-0.180482	0.0253978
0.00420194	0.419099
3.11123	0.514686
-0.897489	-0.347446
-0.137027	0.616627
0.232341	0.544254
0.699482	-0.0324171
0.938484	-0.236769
-0.864898	-0.750802
0.0259294	-0.0844927
0.471343	0.381191
-0.32171	-0.489801
-0.973535	-0.384671
-0.93008	0.160163
-0.452075	0.408749
-0.810579	-0.159851
-0.832306	0.60563
-0.647623	-0.711154
-0.213073	0.56557
-0.538985	0.185717
-0.571577	-0.82139
1.66635	0.554774
0.547389	0.197666
2.79618	0.463061
0.243204	0.151611
-0.951808	-0.384869
0.612572	0.652296
1.70981	0.351386
-0.549849	-0.822255
-0.984399	-0.506795
-0.376029	-0.0767778
0.49307	0.360767
-0.962671	-1.22031
-0.0718443	-0.125419
-0.202209	-0.00243917
-0.984399	-1.25313
-0.397757	0.556337
-0.995263	-0.130551
-0.615032	0.0610995
-0.647623	-0.117393
0.167158	0.451964
1.1449	0.334566
-0.636759	0.282871
0.00420194	-0.240409
-0.538985	0.0641719
3.26333	0.321965
0.862438	0.754614
-0.84317	0.249839
-0.647623	0.352501
0.732073	0.703403
-0.00666181	0.229113
-0.0501168	0.0736825
-0.528122	-1.47285
0.66689	0.137962
0.395297	-0.0614297
-0.636759	-0.402715
1.48167	0.539872
0.84071	0.588027
-0.745396	-0.370001
0.0476569	-0.339938
-0.864898	0.328698
0.732073	0.539694
-0.625895	-0.10663
-0.962671	-0.771381
1.67722	0.476316
0.590844	0.44637
0.460479	0.416429
-0.951808	-0.559431
-0.810579	0.0350512
1.09058	0.360932
0.134567	0.359125
1.8619	0.23911
-0.169618	-0.0878802
-0.973535	-0.674175
0.362706	0.603424
1.17749	0.278819
6.53331	0.741158
0.0693844	0.739886
-0.180482	0.131184
-0.441212	0.00504728
-0.658487	0.514663
0.514798	0.247288
-0.875761	-0.585647
-0.647623	0.198022
0.612572	0.291803
-0.506394	-1.56177
-0.745396	-0.114101
-0.940944	-1.33825
2.51373	0.491888
-0.886625	0.0176605
0.449616	0.344174
-0.137027	-0.159393
1.59031	0.212747
-0.995263	-0.139052
-0.973535	-1.24176
-0.864898	0.550024
0.449616	0.309762
0.178022	-0.52451
0.7538	0.263392
0.645163	-0.0540304
0.49307	-0.469826
-0.854034	-0.33452
0.167158	0.084014
-0.137027	0.0471283
-0.973535	0.455601
2.44854	0.429773
0.503934	0.452298
-0.919216	-0.507841
-0.604168	-1.75381
-0.821443	-0.352072
-0.0175256	0.407434
0.699482	0.262626
-0.2348	0.17606
-0.365165	0.434607
0.188886	0.593182
-0.104436	0.371245
1.93795	0.31562
-0.745396	0.0172465
1.05799	0.359916
0.688618	0.525167
2.15522	0.349722
-0.158754	0.429554
-0.549849	0.439127
0.0150657	0.351091
-0.886625	-0.810638
3.89342	0.0621899
0.199749	-0.662536
0.590844	-0.662697
0.0911119	-0.976741
-0.658487	-0.310859
-0.734533	-0.682539
-0.278255	-0.345017
-1.00613	-0.434874
-0.940944	-0.752945
3.17642	0.556544
-0.245664	0.262791
-0.267392	0.387875
1.48167	0.525615
-0.940944	-1.22512
-0.538985	0.0274271
-0.604168	0.122483
1.3839	0.158501
-0.995263	-0.693802
0.916757	0.0660945
0.992803	0.471522
-0.951808	-0.773179
-0.0283893	0.373537
1.75326	0.48803
-0.256528	0.121059
-0.158754	0.549408
2.75273	0.296394
3.02432	0.661328
-0.777988	-0.981493
-0.854034	-1.76191
0.786392	0.228832
-0.810579	-0.255336
0.742937	-0.143092
-0.082708	0.229946
0.503934	0.104809
2.3725	0.687961
-0.875761	-0.564316
-0.973535	0.0796057
-0.75626	-0.19075
-0.680214	-0.0950803
-0.832306	0.445792
-0.213073	-0.160611
-0.332574	-0.0615861
-0.897489	0.0449564
0.254068	0.672383
-0.158754	0.000912847
2.70927	0.43469
0.308387	-0.160719
4.20847	0.740924
-0.00666181	-0.531703
-0.32171	-0.0547355
1.39476	0.255004
-0.419484	-0.556668
-0.517258	0.120312
0.449616	0.502168
-1.01699	-1.81496
-0.908353	0.362844
-0.84317	-0.579703
-0.897489	-0.511559
-0.473803	-0.311183
1.41649	0.582536
0.460479	0.153687
3.04605	0.424106
-0.973535	0.0266
1.87277	0.0883686
0.254068	0.210458
-0.397757	-0.0318641
-0.788851	0.337295
-0.658487	-0.398467
-0.343438	-0.0502845
-0.875761	-1.05405
-0.538985	-0.731462
0.677754	0.410463
0.254068	0.59282
0.710345	0.610618
0.406161	0.248324
-0.767124	-1.12575
-0.14789	0.401566
-0.332574	0.366184
-0.615032	0.179022
-0.0718443	-0.139164
-1.00613	-0.0895331
0.351842	0.278893
-0.777988	0.118451
-0.636759	0.323144
-1.01699	-0.14978
-0.875761	-0.34192
1.10144	0.327297
-0.419484	0.497808
3.51319	0.493062
-0.462939	0.350561
1.93795	0.609224
0.971075	-0.00940015
-0.691078	-0.576283
-0.951808	-0.463763
-0.213073	-0.539417
-0.973535	-1.03959
-0.864898	0.089039
-0.538985	-0.000351256
1.23181	0.395321
2.93741	0.144237
-0.940944	-0.29676
2.51373	0.377374
-0.701942	-0.36856
2.09004	0.239579
-0.082708	0.48529
1.42735	-0.000896343
-0.875761	-0.76072
-0.680214	0.462973
-0.126163	0.0535245
1.36217	-0.0123595
-0.691078	0.196031
-0.691078	0.328348
-0.93008	-0.426617
-0.962671	-0.917636
-0.441212	0.0718818
-0.962671	-0.514812
-0.32171	0.195713
-0.995263	-0.513799
-0.039253	0.374558
-0.951808	-0.28623
-0.680214	-0.548629
1.04712	0.570593
0.569117	0.282849
0.210613	-0.621734
1.30785	0.494289
-0.332574	0.63369
-0.560713	0.41017
-0.32171	0.165284
-0.864898	0.257358
1.32958	0.326242
0.938484	0.378297
-0.419484	0.358723
3.55665	0.514126
-0.376029	0.342715
-1.00613	-1.01043
-0.58244	0.106608
-0.462939	0.226589
0.395297	-0.180839
-0.00666181	-0.706448
0.57998	0.143203
-0.875761	-0.460143
-0.0175256	0.23395
-0.169618	-0.696831
-0.734533	-0.339091
0.417024	0.171286
-0.625895	-0.553964
0.601708	0.699868
1.7424	0.274755
0.0693844	-0.0775967
-0.386893	0.38531
-0.821443	-0.196588
-0.256528	-0.162018
1.44908	0.737401
-0.84317	0.413249
1.60117	0.605868
-0.799715	-0.153248
0.0693844	-0.230049
-0.14789	0.435531
-0.560713	-0.127972
-0.897489	-0.870093
0.0476569	-0.716128
-0.66935	0.232428
0.623435	0.131121
-0.115299	0.0717574
-0.984399	-0.296028
-0.256528	0.374615
1.00367	0.0408958
-0.734533	0.313538
-0.745396	0.434679
-0.940944	-0.634981
-0.723669	0.47591
-0.169618	0.283249
0.0911119	-0.501646
0.427888	0.809074
-0.810579	0.470081
0.0585207	0.25251
-0.267392	0.410109
0.275796	0.437742
-0.58244	-0.353145
0.460479	0.219979
-0.365165	-0.369215
-0.528122	0.464095
1.31872	-0.161293
0.525662	0.332783
0.243204	0.25584
-0.082708	0.381393
0.7538	-0.306504
0.308387	-0.41583
-0.484667	0.562432
-0.0175256	-0.287765
-0.560713	0.354542
-0.777988	-0.933912
0.406161	0.506788
0.0693844	0.283144
-0.137027	0.415621
0.0259294	0.0275676
-0.886625	0.329252
-0.854034	-0.592765
-0.93008	-0.302091
-0.897489	-0.00422706
2.95914	0.335127
1.85104	0.442269
0.569117	0.41754
-0.245664	-0.0276165
-0.137027	0.281784
0.221477	0.116997
-0.0501168	0.44067
0.123703	-0.369455
-0.32171	0.312666
0.264932	-0.179013
0.656027	0.324563
1.56858	0.138117
-0.636759	0.236717
-0.919216	-0.985782
-0.571577	0.294843
-0.940944	-0.802053
-0.745396	-1.16126
-0.951808	-0.25616
0.254068	0.522576
0.460479	0.713673
-0.452075	0.196876
-0.897489	-0.581233
-0.854034	0.449242
-0.701942	0.258073
-0.40862	0.27888
-0.767124	-0.184212
1.00367	-0.0395335
0.362706	-0.411441
-0.919216	-0.678016
-0.962671	0.0151109
-0.386893	0.256517
-0.40862	0.485874
-0.202209	0.308183
1.85104	0.408096
0.992803	0.441617
0.340978	0.165728
-0.354302	0.0930453
-0.636759	0.699003
0.818983	0.305003
-0.734533	0.344632
-1.00613	-1.18038
-0.528122	-0.562375
0.145431	-0.18614
0.7538	0.317032
0.634299	0.780696
-0.777988	0.172568
-0.278255	-0.362359
-0.745396	0.381826
0.623435	0.499031
0.0585207	0.185672
-0.549849	-0.434377
1.05799	0.542932
1.07971	0.130016
-0.354302	0.342512
0.351842	0.60085
-0.202209	-0.239675
-0.354302	0.397924
-0.864898	-0.141621
-0.32171	-0.178411
-0.886625	-0.544817
-0.452075	-0.0985564
-0.202209	0.152532
-0.84317	-0.0951817
1.22094	-0.112161
-0.354302	0.0736146
-0.213073	0.616491
-0.310847	-0.764899
-0.93008	0.562296
-0.484667	0.265035
-0.441212	0.232311
-0.517258	0.214521
-0.354302	0.193656
-0.191345	-0.0403333
-0.810579	-1.03692
-0.452075	0.0522074
-0.658487	0.232843
-0.734533	-0.366267
-0.995263	-0.47255
3.55665	0.53311
1.22094	0.243331
-0.115299	0.0504081
-0.137027	0.175718
0.427888	0.0458843
-0.864898	0.437125
-0.886625	0.251819
-0.919216	-0.639668
-0.919216	-0.263432
1.09058	-0.244463
-0.126163	-0.477323
-0.604168	0.238334
0.66689	0.236256
-0.386893	-0.115319
-0.32171	-0.158332
-0.00666181	0.0700977
-0.691078	-0.920638
-0.854034	-0.155296
-0.40862	0.342352
-0.115299	0.672128
-0.832306	-0.569241
-0.14789	-1.8884
3.30678	0.5498
1.12317	0.386035
1.10144	0.165537
-0.158754	0.3688
-0.245664	-0.0582398
-0.430348	-0.0155376
-0.712805	-0.584119
2.72014	0.409752
0.264932	0.179468
-0.299983	0.0125813
0.775528	0.456426
1.80758	0.389015
1.82931	0.657208
3.6001	0.445474
-0.734533	-1.43558
-0.680214	-0.409014
2.92655	0.677196
-0.93008	-0.618423
-0.897489	-0.736611
-0.430348	-0.354176
0.188886	0.0861103
-0.419484	0.331663
-0.538985	-0.697364
-0.549849	-0.467431
-0.962671	-1.50178
1.1123	0.316922
0.601708	0.606433
-0.571577	-0.0938573
-0.745396	-0.452851
-0.962671	-0.550594
0.123703	0.520555
-0.14789	0.0480972
-0.897489	0.143409
-0.788851	-1.13036
-0.647623	0.220985
-0.169618	0.293742
0.57998	0.527315
-0.0175256	-0.298767
1.95968	0.563733
2.29645	-0.0227517
0.623435	0.158954
2.14436	0.655247
-0.376029	-0.236065
1.59031	0.622323
-0.962671	-0.579464
-0.343438	-0.179891
-0.777988	0.0546838
-0.962671	0.0546907
1.45994	0.820684
1.00367	0.293935
-0.137027	0.322437
-0.723669	-0.47856
-0.864898	-0.32287
-0.289119	0.174765
1.09058	0.189293
-0.256528	-0.269234
-0.593304	-0.364136
-0.365165	0.230114
-0.462939	-0.278707
-0.376029	-0.333035
-0.180482	-0.395104
-0.875761	-0.55662
3.69788	0.698293
-0.473803	0.555517
1.05799	0.45329
0.264932	0.257667
0.243204	0.243272
-0.604168	-0.53426
-0.734533	-0.295459
-0.58244	0.733785
-0.289119	0.410987
-0.549849	0.322065
-0.788851	-0.74282
-0.571577	0.40056
-0.462939	-0.125571
1.90536	0.822967
1.42735	0.342426
0.525662	-0.0531352
-0.343438	-0.0235609
-0.299983	0.0958165
0.547389	0.298254
-0.821443	0.599422
0.123703	0.022255
1.00367	0.369799
-0.528122	0.366706
1.10144	0.10558
-0.419484	-0.927601
-0.701942	0.438086
-0.538985	-1.15052
0.699482	-0.198682
-0.908353	0.505795
0.960212	0.309844
-0.940944	-0.735719
-0.940944	0.455667
-0.625895	-0.0427905
-0.984399	-0.957855
-0.484667	-0.194388
-0.40862	0.131461
-0.0935718	0.0972907
-0.84317	-1.13746
-0.919216	-0.524174
1.1449	0.408911
0.123703	0.225906
-0.962671	-1.55817
0.938484	0.147012
0.971075	0.117845
-0.908353	-0.729786
0.797255	0.379049
0.199749	0.191797
-0.984399	-0.0252895
0.254068	0.426109
-0.951808	0.130272
0.112839	-0.458841
-0.897489	-0.230025
-0.658487	-0.158209
-0.549849	0.518662
-0.593304	-0.163059
2.62236	0.698928
-0.517258	0.281893
-0.169618	0.317423
0.427888	0.302391
1.5034	0.477464
-0.864898	-0.979853
-0.886625	-0.02
-0.267392	0.123832
-0.919216	-0.704053
0.775528	0.149064
0.210613	0.411075
1.61204	0.431196
0.590844	0.111258
-0.223937	0.615731
-0.14789	0.309925
0.417024	-0.538361
-0.40862	-0.242553
0.199749	0.250958
-0.158754	0.505801
1.13403	0.504604
1.48167	0.581547
-0.517258	-0.280245
-0.962671	-0.6541
-0.343438	0.569303
-0.115299	0.517417
-0.202209	0.351349
0.764664	0.274245
-0.919216	-0.738964
0.742937	0.157139
-0.40862	0.422716
1.09058	0.484001
-0.940944	0.0154607
-0.354302	-0.56362
0.199749	-0.110637
-0.343438	-0.0285223
-0.984399	-0.0923516
0.742937	0.182005
-0.137027	-1.30097
-0.940944	-1.00335
1.21008	0.147677
-0.777988	-0.580044
-0.647623	-0.224378
-0.810579	-0.0790333
0.112839	-0.614594
-0.528122	0.14276
-0.962671	-0.0815817
-0.788851	-0.234738
1.31872	-0.37044
-0.93008	-0.447233
-0.58244	-0.308661
1.97054	0.288238
-0.430348	-1.97471
-0.636759	0.15015
-0.213073	0.410194
-0.636759	0.302925
-0.951808	-0.420635
-0.854034	-0.0968858
5.6968	0.586096
-0.647623	-0.167518
-0.995263	-0.28393
-0.897489	-0.0394025
0.308387	0.400989
-0.593304	-0.00210099
0.0150657	0.47506
-0.897489	-0.501453
-0.473803	0.0620454
-0.777988	-1.28707
-0.549849	-0.322087
-0.0718443	0.341917
-0.039253	0.573344
0.981939	0.411537
0.232341	0.344753
0.742937	0.399473
-0.00666181	-0.241826
-0.310847	-0.384129
-0.973535	-0.542508
-0.452075	0.357778
0.362706	0.481972
-0.636759	0.0321956
-0.58244	-0.67481
-0.452075	-0.492522
-0.137027	-0.207339
2.81791	0.285276
-0.137027	0.247329
0.243204	-0.228689
0.101976	0.630273
-0.864898	-0.84674
-0.332574	0.414411
0.134567	0.418818
-0.615032	-0.075651
-0.473803	0.445702
-0.517258	-0.0562568
3.58924	0.470335
-0.58244	-0.477383
-0.310847	-0.240927
-0.940944	-0.293114
1.1449	0.432611
-0.0609805	0.0489044
0.84071	0.124276
-0.267392	0.411029
-0.832306	-0.115775
-0.854034	-1.18804
-0.875761	0.160296
-0.517258	0.197133
-0.908353	-0.350367
-0.517258	0.435359
-0.647623	0.036478
1.27526	0.349626
3.13296	0.744861
2.57891	0.240691
-0.658487	0.0343258
-0.039253	0.0226926
0.0911119	0.020148
1.24267	0.643481
-1.01699	0.29627
-0.180482	-0.227539
0.92762	-0.448784
0.884165	0.611921
0.558253	0.288778
-0.821443	-0.515048
2.42682	0.18353
-0.039253	0.461421
-0.962671	-0.102917
-0.213073	0.522614
-0.49553	0.0405417
-0.908353	-0.340443
-0.832306	0.127548
-0.441212	-0.391867
-0.039253	0.469489
-0.919216	-0.809349
1.22094	0.67144
-0.593304	-0.00776526
-0.58244	-0.861405
0.612572	0.341814
-0.75626	0.522376
1.99227	0.327067
0.482207	0.532409
0.167158	0.184043
0.0259294	-0.170767
-0.875761	0.536096
0.275796	0.163326
-0.506394	-0.403866
-0.00666181	0.501285
2.24213	0.580663
-0.973535	-0.668181
-0.278255	-0.11338
-0.875761	-1.26821
-0.223937	0.546532
1.32958	0.496216
-0.180482	-0.160301
-0.767124	0.218366
-0.984399	-0.428422
-0.951808	-0.58636
-0.701942	0.509614
-0.723669	0.18452
-0.658487	-0.424312
3.15469	0.697251
-0.571577	0.476318
-0.104436	-0.202025
0.732073	-0.0851705
0.797255	-0.304687
-0.0283893	0.189457
1.76413	0.415388
-0.376029	0.349511
-0.810579	-1.10661
-0.386893	0.34224
-0.0283893	0.132249
-0.343438	0.330631
2.27472	0.722722
-0.962671	-0.740147
-0.615032	0.709565
-0.962671	0.380389
-0.908353	-0.364704
-0.223937	0.0257201
-0.137027	0.692115
1.73154	-0.183573
0.558253	0.244524
-0.365165	-0.753491
-0.506394	-0.240269
0.0367932	0.261561
-0.256528	-0.0506603
-0.908353	0.00630045
-0.799715	-0.421091
-0.593304	0.203718
-0.93008	-0.184521
-0.593304	-0.665474
-0.58244	-0.0229741
0.330114	0.691701
-0.962671	-0.318503
-0.137027	0.196957
-0.213073	-0.188313
-0.832306	-0.55212
-0.14789	0.227024
-0.636759	-0.118253
-0.767124	0.0348584
-0.571577	0.0137485
0.0802482	0.71716
-0.419484	-0.314875
-0.984399	-0.978183
-0.951808	-0.283435
-0.332574	-0.26302
-0.995263	0.0632749
1.30785	0.391166
0.0150657	0.136252
2.63323	0.252689
0.829847	0.110916
-0.908353	-0.412491
-0.810579	-0.861063
0.178022	0.371006
0.286659	0.373884
0.297523	0.285352
-0.962671	-0.266465
-0.788851	0.250177
1.65549	0.197549
1.23181	-0.916727
-0.832306	-0.562269
-0.158754	0.421578
-0.2348	0.0389355
-0.223937	0.399006
-0.332574	-0.171251
-0.723669	-0.294817
0.601708	0.0213838
6.77232	0.775888
-0.788851	0.155003
2.38336	0.701576
1.48167	0.10829
-0.995263	-1.13922
-0.75626	0.409809
-0.0609805	-1.23121
0.634299	0.143697
1.97054	0.0890645
2.17695	0.493444
-0.2348	0.158978
0.373569	-0.661473
-0.517258	-0.0158771
1.5034	0.305807
-0.082708	0.17858
1.55772	0.050299
2.42682	0.448682
-0.93008	-0.273713
-0.256528	0.350304
0.482207	-0.258225
-1.01699	0.155214
0.808119	0.263354
-0.625895	-1.01255
-0.799715	-0.637931
-0.658487	-0.612543
1.39476	0.575162
-0.919216	-0.660869
0.00420194	0.020684
-0.0283893	-0.0556576
-0.278255	-0.17314
-0.267392	0.458624
0.634299	0.225046
-0.886625	-0.42154
-0.93008	-1.21083
0.884165	0.502407
1.31872	0.398153
-0.75626	-0.514498
-0.832306	0.476894
-0.169618	-0.342946
-0.810579	0.348261
0.471343	-0.378165
0.438752	-0.260487
-0.169618	-0.368752
-0.940944	-0.534595
-0.788851	0.332778
-0.680214	0.249166
-0.267392	0.393055
1.41649	-0.481942
4.2302	0.620553
2.47027	0.647313
-0.180482	-0.134885
-0.84317	-0.970774
-0.517258	-0.51002
-0.0283893	0.060525
-0.712805	-0.390239
1.32958	0.181323
1.19921	0.286242
2.32904	0.392401
1.90536	-0.324225
-0.84317	-0.438447
-0.202209	0.0353032
0.264932	0.618766
-0.777988	0.236493
2.68755	0.344677
2.1335	0.67996
1.66635	0.215045
-0.995263	-0.826541
0.188886	0.112259
-0.506394	0.555467
-0.245664	-0.07854
-0.723669	-0.140084
-0.538985	0.309307
-1.00613	-0.315911
-0.832306	0.590214
-0.571577	0.275081
0.84071	0.717922
-0.299983	0.0143886
0.221477	0.338593
-0.158754	-0.658826
-0.549849	0.0852237
0.340978	0.0774421
-0.2348	0.692454
-0.082708	-0.0554885
0.873302	0.30072
0.57998	0.078359
-0.0175256	0.275052
-0.32171	0.717853
-0.908353	0.378198
-0.908353	0.0101061
-0.636759	0.205715
0.699482	0.397154
-0.571577	0.24677
-0.571577	0.422354
-0.799715	-0.0951965
0.818983	0.551195
-0.93008	0.401135
-0.158754	0.41296
-0.712805	-0.308455
0.101976	-0.41077
-0.14789	0.513132
-0.93008	-0.130129
-0.777988	0.564399
0.340978	0.309205
-0.940944	-0.439386
-0.604168	-0.211468
0.547389	0.348377
-0.951808	0.145504
0.634299	0.214004
1.04712	0.300957
-0.00666181	0.509674
1.45994	-0.0203086
-0.615032	0.292043
0.167158	0.154657
-0.691078	0.199782
0.916757	0.211573
-0.951808	-0.543968
0.471343	0.460189
-0.310847	0.238599
0.178022	-1.03496
-0.897489	0.205387
-0.0175256	-0.391272
-0.636759	0.202903
5.15362	0.639842
-0.84317	-0.956809
-1.00613	-0.161293
-0.0501168	0.309893
-0.723669	-0.621683
-0.984399	0.160019
-0.473803	0.210192
-0.84317	-0.136139
-0.788851	-0.78798
0.232341	0.386045
-0.49553	0.0681873
0.384433	-0.0260807
0.873302	0.463183
0.84071	0.341724
-0.680214	0.482516
1.00367	0.624886
-0.962671	-0.461231
-0.701942	-0.754364
-0.299983	-0.210261
-0.452075	0.306448
-0.767124	0.542099
0.308387	0.256753
-0.93008	0.277561
-0.875761	0.31529
-0.940944	-0.465714
-0.430348	0.243476
-0.256528	0.480675
-0.376029	0.162692
0.0911119	0.34926
-0.723669	-0.308291
-0.604168	0.436071
-0.604168	0.277693
-0.158754	0.450601
-0.951808	-0.992011
2.51373	0.254645
-0.441212	0.0418709
-0.767124	-0.505776
-0.0283893	0.166717
0.797255	0.461747
-0.332574	0.198517
-0.940944	0.0036314
-0.517258	0.602834
0.645163	-0.232957
-0.799715	0.196041
-0.777988	0.436708
-0.93008	0.254036
-0.636759	-0.132358
-0.484667	0.424448
0.0367932	-0.432965
-0.0935718	0.350697
-0.289119	0.809477
-0.430348	-0.235595
-0.745396	-0.180972
-0.14789	-0.345532
0.243204	-0.06637
-0.951808	-0.606018
-0.137027	0.339493
1.10144	0.456124
-0.191345	0.0883873
2.6115	0.294306
1.64463	0.530155
0.210613	0.264879
-0.799715	-0.0575828
-0.799715	-0.743534
-0.158754	0.103782
1.47081	0.381371
0.145431	-0.033486
0.645163	-0.0958396
-0.604168	-0.806867
0.482207	0.139769
1.55772	0.0451597
2.99173	0.529742
-0.777988	-0.129263
0.0476569	-0.0630065
0.167158	0.425244
-0.419484	-0.330676
1.21008	0.336036
0.243204	0.399164
-0.571577	-0.627786
0.210613	0.0378753
-0.299983	-0.439231
0.286659	-0.339587
-0.419484	-0.323852
1.64463	0.508904
1.35131	0.415195
5.22966	-0.734908
-0.473803	0.109054
-0.962671	0.247399
0.395297	-0.295189
-0.332574	0.239762
1.13403	-0.0929761
-0.973535	-0.728359
-0.821443	0.420391
0.829847	0.1933
-0.169618	0.210576
-0.940944	-0.65064
0.590844	0.220662
-0.897489	-1.0524
0.0150657	0.57183
-0.886625	-0.616227
-0.701942	-0.671371
-0.680214	-0.493346
2.45941	0.630737
-0.484667	-0.0323091
-0.680214	-0.687907
-0.864898	-0.538631
1.87277	0.184745
0.0802482	0.621439
1.21008	0.598254
1.57945	0.625623
-0.75626	0.320987
2.07918	0.833841
-0.0283893	0.465702
-0.875761	-1.33176
-0.712805	-0.479427
0.0150657	0.324354
-1.01699	0.122444
-0.386893	-0.564593
-0.84317	0.443454
6.23999	0.775826
-0.2348	0.454073
-0.452075	-0.0232364
-0.158754	-0.69383
0.0367932	0.0132258
0.362706	-0.235058
-0.538985	0.25853
-0.647623	-1.59952
1.97054	0.0271709
0.00420194	0.446662
-0.528122	0.507781
0.829847	-0.110515
1.05799	-0.131322
-0.886625	-0.553771
-0.799715	0.316316
-0.419484	0.659863
-0.430348	-0.0579392
-0.799715	-0.139643
-0.886625	-0.532328
-0.278255	-0.482969
0.0476569	0.4651
1.70981	0.267579
-0.919216	-0.0804981
0.449616	-0.0678896
0.188886	-0.341434
-0.973535	0.422089
-0.658487	-0.145256
-0.397757	-0.248059
-0.810579	-0.0863561
-0.897489	-0.772174
-0.00666181	0.294471
-0.93008	-0.920789
0.145431	0.0138902
-0.636759	-0.858237
6.00099	0.767898
0.264932	0.210628
-0.365165	-0.220982
3.40455	0.417634
-0.984399	-2.01041
-0.332574	-0.243355
-0.962671	-0.596322
0.895029	0.551727
1.48167	0.300494
0.243204	0.352688
-0.332574	-0.694624
-0.538985	-0.393697
0.264932	-0.457797
-0.104436	-0.00475804
-0.875761	-0.221747
2.62236	0.493253
-0.473803	-0.0956135
-0.636759	0.35456
0.362706	0.114473
2.99173	0.846332
-0.723669	0.322053
-0.886625	-1.04081
-0.767124	-0.67962
-0.647623	0.556449
-0.158754	0.53127
-0.0501168	0.514269
-0.919216	0.480107
-0.126163	0.155688
1.44908	0.277667
-0.66935	0.456256
0.330114	0.152138
2.28559	0.38452
-0.484667	-1.24272
0.178022	-0.12513
-0.00666181	0.6776
0.590844	0.476405
-0.886625	-0.52168
-0.886625	0.250664
-0.191345	-0.721319
0.101976	0.212339
0.710345	-0.176137
0.710345	0.240394
0.210613	0.344747
-0.604168	0.427331
-0.365165	-0.00733526
-0.365165	0.70822
-0.560713	-0.142903
-1.00613	0.182273
-0.84317	-0.152887
-0.0501168	-0.877841
1.16662	-0.0401091
0.156294	0.0876043
-0.973535	-0.252183
-0.376029	-0.0848808
2.48114	0.475479
-0.082708	0.403607
2.27472	0.541289
-0.40862	0.416451
-0.712805	0.439498
-0.625895	0.239445
-0.973535	-0.649357
-0.995263	-0.614055
-0.919216	-0.485397
-0.386893	-0.24736
-0.810579	0.0778792
0.308387	0.471294
0.308387	-0.124322
-0.995263	-0.911497
0.569117	0.225912
-0.473803	-0.325934
-0.473803	-0.287743
2.54632	0.42448
0.482207	-0.0492666
0.569117	0.204079
0.0367932	-0.0469781
-0.940944	-0.490085
-0.951808	-0.567926
-0.777988	-0.28097
-0.745396	-0.445235
1.61204	0.733958
-0.593304	-1.51912
0.427888	0.66861
-0.625895	0.212792
-0.267392	0.153612
-0.973535	0.182034
0.167158	0.240022
-0.647623	-0.833961
1.55772	0.561964
-0.278255	0.167987
-0.951808	-1.01779
-0.245664	-0.138034
-0.0501168	0.175918
-0.767124	0.118796
-0.886625	-0.471692
-0.082708	-1.28699
-0.082708	0.232963
-0.712805	0.348258
-0.593304	-0.680713
0.362706	-0.147879
2.39423	0.543454
-0.810579	0.0628911
-0.647623	-0.560139
0.199749	-0.0555314
-0.745396	0.0496161
-0.908353	-0.83643
-0.289119	0.258306
-0.104436	0.570723
-0.854034	-0.524381
-0.788851	0.384862
0.862438	0.0961839
1.1123	-0.0224145
-0.973535	-0.692106
-0.777988	-0.339591
0.384433	-0.0750256
-0.00666181	-0.0984038
1.89449	0.27148
-1.00613	-0.431182
1.97054	0.278165
0.0259294	-0.472234
-0.995263	-0.542449
-0.908353	-0.035308
-0.897489	-0.0768254
-0.636759	0.205705
1.57945	0.289708
-0.354302	0.189241
-0.84317	-0.354294
0.742937	0.413934
-0.734533	-0.690924
1.12317	0.331017
-0.223937	0.255017
0.916757	-0.00171096
-0.245664	-0.284367
-0.951808	-1.01251
-0.734533	0.0334304
-0.984399	-0.333505
0.232341	0.514686
-0.223937	-0.639024
0.0693844	-0.181018
-0.93008	-0.298636
-0.430348	0.343381
-0.734533	0.265986
-0.571577	0.0304566
-0.560713	-0.726189
-0.995263	-0.693436
-1.02785	-0.560965
0.199749	0.224692
-0.93008	-0.438442
-0.441212	-0.253352
0.145431	-0.219914
1.19921	0.387798
0.438752	0.0370577
-0.940944	-0.734694
-0.452075	-0.70574
1.75326	0.390157
-0.767124	-0.0862644
9.57516	0.466217
0.232341	0.333546
-0.58244	0.152634
1.12317	0.297886
-0.462939	0.279013
-0.625895	-0.128035
3.62183	0.173139
0.49307	0.116496
-0.810579	-0.227553
-0.854034	-1.67937
2.67668	0.60822
2.99173	0.545768
-0.875761	-0.555945
-0.191345	-0.452988
-0.180482	0.186031
-0.332574	-0.129638
-0.658487	-0.328892
-0.310847	-0.087813
1.82931	-0.0591933
-0.593304	0.233482
-0.365165	-1.00646
1.34044	-0.184255
-0.658487	0.122488
-0.256528	0.31938
1.17749	0.430802
-0.082708	-0.113388
-0.821443	0.316037
-0.462939	0.0827516
1.21008	0.0407075
-0.115299	0.295257
-0.995263	-0.395344
0.264932	-0.0523437
-0.973535	0.361796
1.31872	0.303922
1.22094	0.246526
-0.734533	-0.743106
-0.734533	0.107962
-0.40862	0.340357
-0.723669	0.225373
-0.0501168	0.152873
0.221477	0.144923
-0.538985	-0.361325
-0.940944	-0.829966
-0.875761	-0.41645
-0.625895	0.316983
-0.940944	-1.26104
-0.517258	0.400116
0.123703	0.349419
-0.615032	-0.108515
0.569117	0.184809
-0.169618	-0.648964
-0.897489	-0.329036
0.688618	-0.0471321
1.48167	0.287881
-0.636759	-0.565432
-0.984399	-0.605286
2.30732	0.500113
-0.615032	-0.164255
-0.84317	-0.0808633
1.02539	0.384538
1.87277	0.0831251
2.77446	0.480994
2.03572	0.205643
1.56858	0.495939
2.17695	0.33299
-0.32171	-0.0601272
-0.289119	0.614755
-0.897489	-1.11375
-0.0175256	0.722735
-0.082708	0.497453
-0.962671	-0.67857
0.677754	0.542438
-0.799715	-0.153561
1.95968	0.239788
0.851574	-0.117648
-0.712805	0.357403
-0.441212	0.354052
-0.962671	-0.902117
0.134567	-0.00102225
1.92708	0.656023
-0.799715	-0.898078
-0.202209	-0.0725821
-0.745396	-0.533032
0.427888	0.183546
-0.734533	0.30337
1.99227	-0.0330819
2.04659	0.499882
-0.854034	-1.01949
-0.821443	-0.83612
0.0911119	0.732115
0.340978	-0.240917
-0.919216	-0.398635
-0.039253	0.201761
2.02486	0.240473
-0.289119	0.527468
-0.940944	-0.896852
-0.191345	-0.0659412
-0.973535	0.367872
0.482207	0.102355
-0.962671	-1.08562
0.308387	0.0137886
-0.299983	0.108114
-0.777988	-1.25651
-0.940944	0.379299
2.88309	-0.0258375
-0.647623	-0.231761
0.210613	-0.297924
-0.951808	-0.580914
-0.832306	-0.522525
-0.441212	0.258538
-0.875761	-0.124723
3.75219	0.353883
-0.082708	-0.133131
-0.777988	0.374202
0.862438	0.068976
-0.419484	-0.282395
-0.810579	-0.367244
-0.00666181	0.433428
-0.84317	-0.52902
-0.66935	0.303151
1.92708	0.39349
-0.875761	-0.38424
-0.615032	0.102891
-0.821443	0.250814
-0.973535	-0.108353
-0.875761	-0.170679
0.775528	0.0326893
-0.799715	0.00308544
3.55665	0.294937
-0.734533	-0.422581
1.15576	0.265727
-0.691078	0.500809
-0.745396	-0.802659
0.514798	0.485243
-0.332574	-0.36341
-0.538985	0.286686
-0.636759	-0.179119
-0.528122	0.448256
-0.49553	0.23205
-1.00613	-0.481976
-0.462939	-0.503254
-0.984399	-0.262995
0.297523	0.367038
3.18728	0.393723
-0.832306	0.232492
1.8619	0.475344
0.460479	0.476496
-0.528122	-0.36512
-0.32171	0.296052
0.938484	0.25974
1.36217	0.442605
0.373569	0.344197
1.57945	0.397344
-0.299983	0.488795
-0.919216	-0.380064
0.00420194	-0.356086
0.873302	0.692949
2.63323	0.492109
-0.821443	-0.694687
-0.680214	0.445688
1.68808	-0.0848921
2.253	0.490639
-0.821443	0.0464237
-0.213073	-0.347763
0.49307	-0.00794339
0.297523	0.518071
-0.615032	-0.496069
2.78532	0.548477
-0.908353	-0.0143218
-0.180482	-0.192386
1.28612	0.0781874
1.1449	-0.156143
-0.962671	-0.399667
0.905893	0.284061
0.340978	-0.297035
2.54632	0.195522
1.02539	0.537428
-0.419484	-0.703146
-0.615032	-0.168871
-0.213073	0.358593
-0.58244	-0.589229
-0.93008	-0.554383
-0.832306	-1.67841
-0.691078	-0.112807
-0.810579	0.403263
-0.115299	0.701863
-0.256528	-0.15215
-0.777988	-0.493056
1.04712	0.413075
1.37303	0.0457427
-0.84317	0.100237
-0.615032	-0.478822
0.395297	0.188755
4.74079	0.580623
-0.864898	0.273396
0.0476569	0.0502109
-0.40862	-0.192102
-0.75626	0.0370042
-0.973535	-0.561688
0.710345	0.28512
-0.332574	-0.490616
0.601708	0.110618
-0.951808	-0.415115
-0.864898	0.426024
-0.691078	0.277198
0.471343	0.271888
0.960212	0.242171
-0.951808	-1.34581
-0.0718443	0.422919
0.264932	0.341732
-0.14789	0.22716
-0.691078	0.311925
-0.571577	0.00461747
-0.962671	0.237094
-0.343438	-0.617121
-0.462939	0.0134031
0.351842	-0.213988
0.101976	0.108011
0.145431	0.54438
-0.636759	-0.0282564
0.84071	-0.0985228
-0.93008	-0.19791
-0.604168	0.32873
2.38336	0.554758
-0.0935718	0.0900399
-0.126163	-0.331937
-0.441212	0.0312299
0.449616	-0.154318
1.24267	0.258777
-0.039253	-0.0198169
-0.995263	-0.507417
-0.821443	-0.0662027
-0.278255	0.08891
1.59031	0.249807
-0.973535	0.340208
-0.984399	-0.618888
-0.126163	0.410354
-0.506394	-0.4811
-0.788851	-0.49876
-0.299983	-0.56018
-0.625895	0.0726378
-0.951808	-0.472193
0.960212	0.474728
-0.593304	-0.485887
-0.875761	0.210335
-0.571577	-0.190372
-0.973535	-0.710676
2.42682	0.597791
-0.734533	0.147342
-0.0175256	0.29591
3.01346	0.604869
-0.506394	-0.122494
0.188886	0.366222
-0.995263	-0.283118
0.254068	0.496169
-0.365165	0.238333
-0.951808	-0.670522
0.949348	-0.0980426
0.0259294	-0.139723
-0.767124	-0.176401
0.482207	0.203544
-0.734533	0.452182
0.0476569	0.476261
-0.788851	-0.193573
-0.58244	0.280412
2.17695	0.623636
-0.245664	-0.499651
-0.14789	0.0127401
-0.777988	0.145594
-0.158754	0.341829
-0.799715	-0.255446
-0.647623	-0.967249
1.91622	0.688648
-0.104436	0.480529
0.384433	0.272618
-0.506394	0.506529
-0.571577	-0.324394
-0.213073	-0.0597981
-0.549849	0.0597139
-0.267392	-0.851748
0.178022	-0.495263
-0.137027	-0.499977
3.13296	0.531954
-0.615032	0.130314
1.59031	0.330539
0.373569	0.060835
0.199749	0.426388
1.67722	-0.0226178
-0.538985	-0.4878
0.427888	0.41853
-0.777988	0.104521
0.395297	0.74588
-0.0609805	0.214693
0.808119	0.426295
0.645163	-0.175994
0.384433	0.190332
-0.571577	0.029458
0.916757	0.355653
2.19868	0.552732
0.188886	0.333289
0.525662	0.602396
-0.951808	-0.544002
-0.571577	0.364628
-0.984399	-0.672368
-0.875761	-0.334535
-0.137027	0.108935
1.37303	0.513589
0.0150657	0.119891
-0.821443	0.164258
-0.386893	-0.0679727
-0.919216	-0.938193
-0.430348	0.0566393
-0.777988	0.176355
-0.571577	-0.214149
0.308387	-0.939171
-0.767124	-0.909145
-0.973535	0.128371
-0.462939	0.33636
0.145431	0.546214
1.5034	0.248774
-0.951808	-1.62011
-0.419484	0.18847
-0.0175256	0.456865
3.18728	0.709794
1.12317	0.221885
0.297523	0.208522
0.449616	0.0408962
-0.202209	0.579612
1.78586	0.614357
-0.854034	-0.8138
0.797255	-0.276457
0.732073	0.346138
-0.951808	-0.208375
5.27312	0.70606
-0.691078	0.354503
0.645163	-0.72949
-0.506394	0.0910397
-0.58244	-0.603617
0.178022	0.603217
-0.517258	-0.174103
-1.02785	0.298058
-0.821443	-0.623844
-0.919216	-0.701166
-0.951808	-0.683098
-0.799715	-0.0153953
-0.897489	-0.332426
-0.886625	-0.982466
2.01399	0.29552
-1.03872	-0.621158
2.01399	-0.00709223
1.43822	0.413227
-0.169618	-0.0814543
-0.799715	-0.786208
-0.810579	-0.0708072
-0.191345	0.308545
-0.832306	0.121279
-0.604168	0.399946
-0.854034	0.510198
-0.680214	0.324923
-0.267392	0.0178433
-0.919216	-1.04569
-0.712805	0.413138
-0.32171	0.132097
0.590844	0.0733688
-0.354302	0.526565
1.78586	0.21678
-0.658487	-0.0773118
-0.115299	0.0375455
0.319251	-0.0299827
-0.506394	-0.042041
0.0150657	-0.177298
-0.256528	0.079046
-0.973535	-0.496125
0.00420194	0.207689
-0.84317	-0.766878
0.188886	-0.606271
-0.940944	0.0948803
1.91622	0.424559
-0.517258	0.389863
-0.462939	0.312469
-0.40862	-0.0335761
0.297523	0.474034
-0.137027	0.275626
-0.191345	0.379797
-0.560713	-1.01396
-0.517258	-0.174074
-0.299983	0.151164
-0.115299	-0.838403
-0.854034	-0.596685
0.460479	-0.264661
1.23181	0.175069
0.199749	-0.226198
0.808119	-0.348537
-0.354302	-0.391831
0.417024	0.027451
0.742937	-0.177565
1.48167	0.223745
-0.691078	0.00693028
0.384433	0.487058
1.95968	-0.333734
-0.278255	0.52733
-0.973535	-0.141824
-0.712805	0.0211299
0.351842	-0.398606
-0.452075	-0.00183028
-0.386893	-0.964752
0.57998	-0.364002
-0.615032	-0.900192
-1.02785	-0.525248
0.145431	-0.224628
-0.75626	-0.381408
-0.788851	-0.534872
1.7424	0.450299
-0.93008	-1.3399
-0.0609805	0.108832
1.52513	0.284766
-0.951808	-0.757252
-0.854034	0.347491
0.210613	0.118104
0.112839	0.237103
-0.821443	0.167094
-0.701942	0.0704055
-0.549849	0.308171
-0.528122	-0.176192
0.232341	0.0416756
-0.995263	-0.752338
-0.723669	-0.301668
-0.701942	-0.468923
0.0259294	0.0120889
1.02539	0.189256
0.710345	0.378662
-0.962671	-0.282449
1.41649	0.274343
-0.49553	-0.220965
3.3611	0.864127
-0.951808	-1.56677
-0.940944	-1.28962
-0.864898	-1.41044
0.254068	0.338776
0.275796	0.151214
-0.299983	0.601254
0.210613	0.391289
-0.14789	-0.90303
-0.897489	-1.12266
-0.767124	-0.515272
-0.528122	-0.347633
-0.821443	-0.801293
-0.615032	0.0384707
3.51319	0.651026
-0.940944	-0.812125
-0.723669	-0.935725
-0.973535	-0.248342
0.0476569	-0.0103641
0.0150657	0.275519
1.44908	0.483265
-0.604168	-0.685403
0.427888	0.546772
-0.343438	0.70053
-0.0718443	0.0482265
2.64409	0.321641
-0.593304	-1.23966
0.590844	-0.192744
0.732073	0.153959
-0.875761	-0.0290868
0.808119	0.130646
-0.93008	-0.0936121
-0.365165	0.412101
-0.549849	-0.364221
-1.02785	-0.214555
-0.984399	-0.625714
2.17695	0.37729
-0.962671	-0.57226
-0.66935	-0.647828
-0.538985	0.184695
1.79672	0.534922
-0.310847	0.249391
-0.973535	-0.130981
1.60117	-0.267475
0.558253	-0.189907
-0.962671	-0.127663
0.0911119	0.146511
0.156294	0.465639
-1.00613	-1.1672
-0.213073	0.177052
-0.636759	0.21217
-0.58244	0.440652
0.243204	0.121645
0.243204	0.0664895
-0.0935718	0.63999
2.56805	0.533743
0.221477	-0.100585
0.101976	-0.134252
-0.973535	-0.617547
-0.538985	-0.171674
-0.473803	0.103206
-0.310847	0.153154
-0.919216	-0.717328
-0.75626	0.184029
-0.191345	0.439631
-0.84317	-1.22418
2.11177	0.657106
3.18728	0.799731
-0.593304	0.304438
-0.908353	-0.570676
0.590844	0.531913
4.13243	0.480852
-0.962671	-0.594648
-0.625895	-0.502096
-0.549849	0.413916
-0.875761	-0.705446
0.134567	0.325678
0.960212	0.830067
-0.397757	0.203729
0.569117	0.12388
0.275796	0.694867
-0.973535	-0.758528
-0.332574	0.126707
-0.223937	-0.138189
0.916757	0.684306
-0.712805	-0.4164
-0.658487	0.146281
0.00420194	-0.138041
-0.14789	0.525247
-0.647623	0.265927
-0.93008	0.0138227
-0.984399	-0.0609258
-0.289119	-0.189821
0.656027	0.266126
-0.267392	0.045618
-0.973535	0.450979
2.16609	0.390918
-0.93008	-1.45079
-0.039253	-0.124126
0.123703	0.107157
1.9814	0.239424
-0.58244	-0.398688
-0.810579	-0.380473
1.99227	0.600613
0.0802482	0.157088
-0.962671	-0.0692748
-0.93008	-0.0256118
-0.745396	-0.361453
-0.332574	0.455058
1.07971	0.260836
-0.158754	0.147453
-0.854034	-0.000139625
-0.75626	0.00181938
-0.604168	0.478704
0.0802482	0.334586
0.275796	0.109362
-0.854034	-1.05795
-0.386893	0.43958
0.960212	0.0886899
-0.680214	-0.456152
1.97054	0.294036
0.243204	0.359508
0.449616	0.140049
-0.00666181	0.437706
-0.647623	-0.481192
-0.734533	0.563956
0.243204	0.385057
-0.701942	-0.355123
0.243204	0.23078
-0.919216	-0.427199
-0.973535	-0.709118
-0.158754	0.418093
-0.560713	-0.366228
-0.886625	-0.605366
-0.951808	-0.145028
0.199749	0.309822
-1.00613	-0.29899
0.449616	0.567033
-0.0935718	0.328686
-0.473803	-0.222411
3.66528	0.44966
-0.484667	0.354185
-0.365165	-0.425312
-0.995263	0.428937
-0.528122	0.519146
-0.484667	0.489782
0.319251	0.117099
0.319251	0.118459
0.297523	0.744727
2.09004	0.526163
-0.40862	-0.279853
-1.03872	-0.715874
0.0693844	-0.101287
-0.701942	-0.464307
-0.560713	-0.566258
-0.691078	-0.378666
0.590844	-0.0415319
-0.14789	0.554314
-0.549849	0.0348203
3.65442	0.512854
1.80758	0.414048
-0.984399	-0.699799
-0.158754	0.265589
0.0911119	-0.840944
-0.951808	-0.539443
-1.00613	0.477082
-0.886625	0.552839
-0.299983	0.192476
0.101976	0.486995
0.308387	0.0878111
2.27472	0.396057
-0.93008	-0.749428
-0.58244	0.280088
-0.908353	-0.364465
-0.191345	0.175806
-0.84317	-0.940529
-0.441212	-0.174567
-0.886625	-0.432243
-0.886625	0.110789
-0.854034	0.414419
-0.484667	0.0232063
-0.365165	-0.0136127
0.319251	-0.605338
1.13403	0.0807393
-0.32171	0.187966
1.61204	0.469708
2.35077	0.56925
-0.0935718	0.0169614
0.123703	0.376945
0.775528	0.567248
0.84071	0.244726
-0.788851	-0.562444
0.319251	0.220474
3.2416	0.643712
-0.0175256	0.408333
0.569117	0.469885
-0.962671	-0.374193
0.49307	0.621549
0.384433	0.524507
-0.386893	-0.337245
-0.647623	0.165898
-0.658487	-0.141522
-0.680214	-0.258308
-0.58244	0.0121293
0.732073	-0.272521
-0.962671	-0.563746
0.656027	0.221664
0.536525	0.429709
-0.104436	0.390402
0.384433	0.423787
-0.0935718	0.425986
0.66689	0.273302
-0.58244	0.275736
-0.354302	-0.166758
-0.593304	-0.517634
-0.854034	-0.187761
-0.484667	0.446886
0.66689	0.52205
-0.191345	0.0871164
-0.951808	-0.417832
2.78532	-0.0595349
-0.386893	0.00514535
-0.0609805	0.511793
-0.082708	0.0188466
0.786392	0.68865
0.503934	0.00746788
-0.560713	0.308044
-0.973535	-0.789388
0.992803	0.379998
-0.701942	-0.773491
-0.854034	0.383291
0.590844	0.534656
1.32958	0.695073
1.10144	0.422546
-0.995263	-0.590096
-0.723669	0.313638
-0.0501168	0.319047
-0.875761	-0.684566
-0.452075	-0.127185
0.167158	0.0303063
-0.604168	0.14577
1.42735	0.301436
0.905893	0.649877
0.243204	-0.21885
-0.777988	0.148933
0.373569	0.312333
0.417024	0.070315
-0.680214	-0.297052
1.22094	0.508681
-0.93008	-0.288688
-0.897489	-1.08512
-0.430348	0.0554863
1.88363	0.431554
0.710345	0.334315
-0.365165	0.241679
-1.01699	-0.601962
4.30625	0.596017
-0.897489	-0.700021
-0.788851	0.0666774
-0.310847	-0.579055
0.938484	0.233119
-0.799715	0.134018
0.373569	0.582464
1.55772	0.365983
-0.49553	-0.739553
-0.593304	0.239583
-0.310847	-0.0560136
0.254068	-0.00320273
-0.49553	0.380462
-0.223937	0.154738
0.482207	0.304658
-0.995263	0.472419
2.44854	0.617479
0.916757	0.482474
-0.506394	0.123214
-0.984399	-0.857632
-0.962671	-0.374204
-0.984399	-0.928828
0.243204	0.155582
-0.940944	-0.311662
-0.615032	-0.621593
-1.01699	0.353732
-0.875761	-0.305627
0.558253	0.457364
-0.267392	0.359881
-0.897489	0.144973
-0.875761	0.399099
-0.245664	0.298183
0.895029	0.485264
0.340978	-0.300484
0.775528	0.320576
-0.658487	0.0144371
0.373569	0.0159521
-0.2348	0.236247
-0.40862	0.24317
-0.984399	0.140336
-0.2348	0.261643
-0.104436	0.710011
-0.886625	-0.689194
1.97054	0.411912
-0.984399	-0.970706
-0.137027	-0.0401623
0.438752	0.081206
-0.84317	0.214344
-0.984399	-0.77449
0.623435	0.162988
-0.299983	-0.539143
2.00313	0.141626
-0.745396	0.566762
1.22094	0.441261
1.67722	0.307199
-0.593304	0.504064
-0.115299	0.345014
-0.962671	-0.466413
-0.691078	0.130089
0.0367932	0.116771
-0.0935718	-0.128014
-0.854034	-0.672628
-0.386893	0.710849
0.351842	0.245614
-0.908353	0.888442
-0.158754	0.418586
2.39423	0.407023
0.340978	0.184368
-0.919216	0.467271
-0.951808	-0.598653
-0.973535	-0.408368
-0.897489	-0.868254
2.15522	0.42826
-0.832306	-0.934467
0.677754	0.301504
1.93795	0.332754
0.7538	0.607724
-0.875761	-0.18208
-0.788851	-0.64727
0.0150657	-0.485867
0.482207	-0.365815
-0.984399	-0.703801
1.1449	0.00604364
1.28612	0.273318
-0.571577	-0.679606
0.525662	-0.157576
-0.84317	-0.56261
1.10144	-0.102836
-0.039253	0.230646
-1.01699	-0.557954
-0.745396	-0.580197
1.25353	0.67331
1.30785	0.508373
0.0367932	0.412067
-0.66935	-0.203803
-0.723669	-1.05619
-0.484667	-0.0575815
-0.919216	-0.223757
-0.854034	-1.33457
-0.2348	0.348381
0.905893	0.726793
-0.962671	-0.646596
-0.625895	0.215605
2.07918	0.15916
-0.604168	-0.693425
1.24267	0.654677
0.732073	0.206106
-0.962671	0.0129694
-0.821443	0.25282
-0.995263	-0.883298
0.808119	0.135682
0.601708	0.271181
-0.115299	-0.0974286
-0.0501168	0.210425
-0.886625	0.173619
0.536525	0.696759
0.92762	0.193958
0.286659	0.309375
-0.430348	0.225217
-0.854034	-0.975718
-0.886625	0.204696
-0.897489	-0.29231
-0.832306	-0.41794
-0.538985	-0.0742496
-0.441212	0.0133399
-0.14789	0.2678
-1.02785	-0.8601
1.27526	0.294917
-0.245664	0.801719
-0.039253	0.175229
-0.75626	-0.29244
-0.039253	0.11627
-0.32171	0.129821
-0.2348	0.0969328
-0.604168	0.136844
2.53545	0.239453
-0.908353	-0.840656
-0.658487	-0.345638
-0.245664	0.414249
-0.886625	-0.62366
-0.973535	-0.348794
-0.919216	-0.166478
-0.506394	0.439623
-0.777988	-0.0637573
-0.680214	-0.0328139
-0.962671	-0.770519
-0.734533	-1.55455
0.330114	0.677869
-0.452075	0.192124
0.340978	0.440909
-0.919216	-0.501392
2.70927	-0.0686695
-0.810579	0.311143
-0.864898	-0.379774
-0.397757	0.221466
-0.93008	-0.0868633
1.41649	-0.25859
1.66635	0.59535
-0.256528	-0.137606
-0.995263	-0.761143
0.112839	0.0877813
0.66689	0.478286
0.351842	0.176452
0.178022	-0.0677954
-0.995263	-0.997738
-0.984399	-0.579802
0.482207	0.24346
-0.625895	0.127236
-0.506394	0.25349
0.786392	0.458764
1.31872	0.0136383
1.19921	-0.0665208
-0.84317	0.337804
0.232341	0.15763
0.449616	-0.177602
-0.864898	0.153983
0.330114	0.418514
0.460479	0.350642
-0.267392	-0.649489
-0.908353	0.0515348
0.558253	0.628971
-0.767124	-0.47587
-0.984399	-0.182056
-0.788851	-0.950178
0.482207	0.452086
1.03626	0.143516
-0.419484	0.238559
-0.441212	0.221301
-0.951808	-0.330226
-0.962671	-0.772542
0.427888	0.426483
-0.919216	-0.0918041
-0.951808	0.0878924
0.0150657	0.327769
1.24267	0.666144
-0.430348	0.335229
0.134567	0.100596
-0.864898	0.248673
2.70927	0.65365
-0.84317	0.0311793
-0.506394	0.394936
-0.256528	-0.376794
-0.919216	-0.806958
-0.538985	-0.350715
1.05799	0.128832
0.112839	0.444936
-0.386893	-0.646551
-0.75626	-1.16826
-0.343438	-0.114051
-0.777988	0.548448
-0.126163	0.246159
2.22041	0.492977
-0.788851	-0.149191
0.254068	0.336612
-0.0935718	0.375211
-0.647623	0.357916
-0.14789	-0.170696
0.297523	0.416529
-0.462939	-1.57453
-0.712805	-0.420778
1.57945	0.259072
2.60064	0.692147
-0.864898	-0.557039
-0.0718443	0.0291628
-0.0609805	0.483796
-0.93008	-0.504296
0.395297	-0.163968
1.69895	0.546169
2.58977	0.790342
3.23073	0.800593
-0.517258	0.461677
-0.039253	0.069527
-0.14789	0.277508
-0.299983	-0.02981
-0.940944	-0.808093
0.742937	0.539541
-0.386893	-0.0281809
0.775528	0.423576
-0.245664	0.481929
3.2416	0.470477
-0.180482	-0.228577
-0.126163	0.588385
-0.2348	-0.892703
-0.202209	0.518264
0.275796	0.329515
-0.908353	-1.06939
1.73154	0.775692
1.22094	0.367832
-0.430348	-0.213663
2.06831	0.271111
1.15576	0.77014
-0.278255	-0.109437
-0.58244	-0.408783
-0.571577	0.099569
-0.962671	-0.690658
1.57945	0.532132
-0.93008	-0.140285
1.81845	0.735786
-0.908353	-0.591857
-0.995263	-0.422064
-0.191345	0.292985
-0.897489	-1.23239
-0.58244	0.549059
-0.082708	-1.98858
1.12317	-0.347806
-0.984399	-1.17545
0.199749	0.172923
-0.680214	-0.476453
0.710345	0.0325905
-1.02785	-1.06894
-0.256528	-0.174961
1.7424	0.396823
1.17749	0.145443
0.829847	-0.0210721
-0.191345	0.303271
1.47081	0.448547
-0.604168	-0.347244
-0.517258	-0.5984
0.938484	-0.151891
-0.75626	0.254462
0.895029	0.238039
0.601708	0.145199
-0.973535	-0.0239597
-0.343438	-0.0559783
-0.75626	0.511536
-0.984399	0.0822169
-0.875761	0.445535
1.34044	-0.25372
-0.289119	0.431884
0.916757	-0.169319
-0.462939	-0.397691
-0.386893	0.0524102
-0.875761	-0.836555
-0.832306	-0.804368
-0.919216	-1.05606
0.721209	0.280766
-0.082708	-0.117197
-0.549849	-0.325146
-0.49553	0.0862021
-0.310847	-0.499864
-0.93008	-0.0643733
-0.245664	0.131611
-0.223937	0.455949
-0.0935718	0.0811755
-0.821443	-0.244399
0.645163	0.278788
-0.821443	-0.650375
0.0259294	0.656275
-1.00613	-0.913449
-0.93008	-0.455437
0.340978	0.404997
0.699482	0.371345
0.395297	0.0999057
0.221477	0.297404
0.656027	-0.17339
-0.332574	-0.0955608
-1.00613	-0.819082
0.134567	0.296424
1.00367	-0.0547236
-0.821443	-0.48066
1.72067	0.661761
-0.462939	0.440081
-0.745396	-0.0430159
4.29538	0.557786
-0.58244	0.43832
0.395297	0.254117
-0.158754	-0.64194
-0.506394	-0.753527
-0.517258	0.207368
-0.506394	-0.261903
0.167158	0.530122
-0.951808	-0.995917
0.764664	0.40383
-0.538985	0.0177748
0.0367932	0.278111
0.449616	0.0612127
-0.560713	0.408061
-0.310847	0.233442
1.07971	-0.116367
-0.777988	0.189191
-0.875761	0.514829
-0.430348	-0.636823
0.188886	0.442671
2.11177	-0.00996493
-0.940944	-0.536612
-0.962671	-0.245678
0.797255	-0.137215
-0.278255	0.594896
-1.00613	-1.05453
0.634299	0.135138
-0.528122	-0.0923254
1.75326	0.362327
0.0911119	0.214187
-0.777988	0.355584
1.07971	0.313924
1.05799	0.352332
-0.875761	0.0085498
-0.962671	-1.19574
2.32904	0.249683
-0.452075	0.143383
-0.14789	0.240075
-0.940944	0.192337
-0.691078	-1.20122
1.63376	0.218084
-0.962671	-1.19024
-0.821443	0.17987
1.16662	0.363133
-0.191345	0.803947
0.178022	0.0643872
-0.886625	0.285526
-0.940944	-0.687908
0.916757	0.480133
0.895029	0.763522
-0.75626	0.0714463
-0.821443	-0.401715
-0.191345	0.26705
2.00313	0.323981
-1.01699	-0.328562
-0.799715	0.235448
-0.864898	-0.812184
0.677754	0.0936808
0.145431	0.2283
0.188886	0.339973
-0.0609805	-0.0122309
0.362706	0.023887
-0.875761	-0.327164
1.06885	0.281748
1.89449	0.403134
2.39423	0.559352
2.253	0.756936
-0.864898	-0.719889
0.0693844	-0.35156
0.0476569	0.559012
3.23073	0.754178
-0.0501168	0.370553
0.786392	0.428676
-0.886625	-1.06378
-0.267392	0.0940355
0.264932	0.286256
-0.886625	-0.49983
-0.84317	-0.141451
-0.767124	0.303731
1.97054	0.514772
-0.951808	-0.23199
0.895029	0.467009
-0.58244	0.349171
2.28559	0.657596
0.199749	0.368987
-0.365165	-0.20469
-0.0283893	0.423109
-0.712805	-0.127501
-0.245664	0.550725
0.275796	-0.645575
0.721209	-0.514689
-0.995263	-0.806257
-0.854034	-1.65339
-0.386893	-0.134581
-0.832306	-0.288095
-0.832306	-0.204
-0.886625	-0.764979
-0.84317	-0.634021
-0.625895	0.235655
-0.332574	-0.868199
0.525662	0.602738
0.406161	0.290296
-0.919216	-0.0546096
-0.647623	-0.579054
0.471343	0.17028
0.243204	0.517563
-0.32171	-0.181764
-0.332574	0.120395
-0.278255	0.230863
0.417024	0.214015
-0.691078	0.0602384
-0.951808	-0.160741
-0.951808	-0.583509
-0.332574	0.220215
-0.940944	-0.459232
0.851574	-0.40968
-1.01699	0.0743504
-0.430348	-0.877904
-0.897489	0.309444
0.0367932	0.762332
0.0585207	0.301106
-0.875761	-0.439521
0.623435	0.425757
1.2644	0.469263
0.851574	0.43923
-0.66935	0.00238927
-0.538985	0.0244941
-0.289119	-0.136887
-1.00613	-0.259595
-0.777988	-0.24252
-0.245664	0.423815
-0.397757	0.571386
-0.58244	-0.262307
0.145431	0.290766
0.351842	0.369975
-0.886625	-0.657055
0.0585207	-0.10255
-0.854034	-0.56791
2.17695	0.659291
1.00367	0.402279
1.84017	0.211554
-0.832306	0.112081
-0.299983	-0.605846
-0.75626	-0.871465
-1.03872	-0.742563
1.41649	0.434418
0.384433	-0.227537
-0.0501168	-0.133222
1.39476	0.854332
2.26386	0.432871
-0.00666181	-0.373159
-0.712805	-0.77934
-0.810579	-0.766633
2.492	0.71994
0.732073	-0.00416659
-0.213073	0.376229
0.112839	0.437859
0.330114	0.416047
0.482207	0.536383
-0.593304	0.0422222
-0.354302	-0.536806
-0.278255	-0.294307
-0.767124	-0.318038
-0.658487	0.198647
0.818983	0.389141
0.384433	0.461179
0.178022	0.385787
-0.58244	-0.318629
0.981939	0.578015
-0.691078	-0.368501
0.960212	-0.310762
-0.0609805	0.304606
-0.517258	0.269951
-0.593304	0.113535
0.0367932	0.235294
-0.2348	-0.149154
-0.223937	0.0439052
0.297523	0.179631
-0.810579	-0.693714
0.319251	0.0165573
-0.310847	0.0698412
-0.354302	0.180405
-0.354302	-0.00520498
2.79618	0.597043
-0.104436	-0.418236
-0.919216	-1.08603
-0.897489	-0.0946197
2.05745	0.427136
2.90482	0.55481
1.25353	0.464983
-0.386893	0.182191
-0.897489	0.452719
0.0367932	-0.577777
-0.767124	-0.34167
0.0476569	0.27939
-0.93008	-0.500451
-0.940944	-1.08826
-0.745396	-0.0907094
1.25353	0.50448
1.32958	0.297697
0.232341	0.48816
-0.951808	-0.658064
-0.625895	-0.296443
0.340978	-0.0832003
-0.636759	0.264948
-0.995263	-0.406246
0.645163	-0.774377
-0.799715	0.0574548
-0.560713	0.427356
0.547389	0.00505571
-0.875761	-0.10437
-0.962671	-0.559406
-0.984399	-0.371182
-0.376029	-0.263613
-0.886625	0.0227819
-0.604168	-0.44059
-0.647623	0.320479
-0.462939	-0.774515
-0.430348	0.00155507
-0.680214	-0.0822837
-0.951808	0.418452
0.0802482	-0.689738
-0.549849	-0.674949
-0.788851	-0.470281
-0.202209	0.32625
0.406161	0.463254
-0.0718443	0.404451
-0.897489	-0.504287
0.514798	0.26517
-0.777988	-1.06019
-0.962671	-0.271152
1.69895	0.113991
0.319251	-0.336295
-0.919216	-0.661581
-0.951808	-0.775742
0.210613	0.459037
1.32958	0.243879
-0.908353	-1.24623
-0.962671	0.439442
0.221477	0.571272
0.210613	0.31682
-0.951808	-1.29833
2.57891	0.933237
-0.810579	0.324219
2.1335	0.439187
-0.886625	0.397787
2.35077	0.134038
-0.777988	-0.0785779
-0.245664	0.441139
-0.919216	-0.354674
-0.875761	-0.513994
0.742937	-1.03126
1.44908	0.0861509
-0.289119	-1.0946
-0.441212	-0.196781
-0.940944	-0.913571
-0.354302	-0.18656
-0.32171	0.382762
0.0150657	-0.192178
-1.02785	-0.255173
-0.821443	-0.0549278
-0.625895	0.409874
-0.951808	-0.762311
-0.886625	-0.0400943
-0.886625	-0.316113
0.275796	0.491933
-0.549849	-0.0205279
-0.0501168	-0.0460208
-0.2348	0.415528
-0.875761	-0.464157
-0.745396	-0.247074
2.41595	0.254676
0.916757	-0.11167
-0.647623	-0.191405
-0.506394	-0.349276
-0.973535	-0.244119
0.514798	-0.393275
1.18835	0.352432
-0.517258	-0.348037
-1.00613	-0.276946
-0.745396	-0.324682
-0.082708	0.161688
-0.202209	-0.272743
-0.365165	0.11724
0.0150657	0.805301
-0.875761	0.461204
-0.973535	-1.53735
0.145431	0.295151
4.07811	0.480688
1.03626	0.134203
2.27472	0.0178714
0.167158	0.596819
0.84071	0.0606205
-0.278255	-0.601645
0.482207	0.490481
-0.908353	-0.476217
-0.0175256	0.44761
-0.951808	-0.521405
0.210613	0.403266
2.45941	0.331048
4.39316	0.39097
-0.701942	-0.00690705
1.32958	0.330279
0.0911119	-0.467253
0.547389	0.263116
-0.995263	-0.769016
-0.571577	0.383516
-0.32171	0.0102707
1.12317	-0.168615
1.54685	-0.0930154
-0.832306	-0.314305
1.43822	-0.143325
-0.66935	-0.42122
-0.962671	-0.460803
-0.723669	-0.583681
0.167158	0.12232
-0.202209	0.419478
-0.951808	-0.41502
-0.202209	-0.265777
0.742937	0.373948
0.308387	-0.465653
0.0259294	-0.0738028
2.93741	0.412856
0.101976	0.519863
-0.528122	-0.610043
1.09058	0.278784
-0.919216	-0.721635
-0.082708	0.359691
2.02486	0.596506
-0.419484	-0.307665
-0.386893	0.225069
-0.245664	-0.250216
-0.517258	0.0690791
-0.897489	-0.341247
-0.082708	0.278937
-0.701942	0.171935
-0.213073	-0.257173
2.30732	0.541276
-0.299983	0.282796
-0.0283893	0.421848
0.514798	0.0722269
-0.777988	-0.198886
0.199749	-0.0026222
-0.973535	0.0498544
-0.919216	-0.901209
-0.712805	-1.19985
-0.723669	0.554851
2.03572	0.350014
-0.14789	-0.256508
-0.875761	0.0322701
1.97054	0.391284
-0.604168	-0.414881
-0.310847	-0.738444
0.645163	0.283086
-0.93008	-0.910676
1.56858	0.544164
-0.919216	-1.47811
-0.701942	-0.123448
0.188886	0.422397
-0.506394	-0.201476
-0.734533	-0.588256
-0.66935	-0.0662244
0.569117	0.0363343
-0.854034	-0.52809
0.971075	0.297083
-0.962671	-0.206101
-0.908353	-0.481607
0.981939	0.468542
1.34044	0.559303
-0.560713	-0.0901769
-0.799715	0.151854
-0.875761	0.480428
0.57998	0.472508
2.81791	0.0322808
-0.810579	-0.478592
-0.886625	-0.865988
-0.799715	-0.481111
0.0476569	-0.414311
-0.864898	0.0641092
0.525662	0.205944
-0.267392	0.0328134
0.319251	0.0472493
-0.462939	0.159611
0.49307	-0.696404
-0.919216	-0.221935
0.558253	0.352153
-0.680214	0.119184
0.351842	0.469948
0.210613	0.597761
-0.636759	0.493852
-0.137027	0.662056
-0.734533	-0.432737
-0.875761	-1.08087
1.16662	0.7144
0.482207	0.598262
0.210613	0.187964
-0.886625	0.304825
-0.430348	-0.586298
0.764664	0.569426
-0.517258	0.437453
-0.75626	0.124821
0.112839	0.339264
0.0367932	0.298163
-0.169618	-0.725094
3.61097	0.512698
0.949348	0.291801
-0.213073	-0.553585
-0.940944	-0.504542
-0.658487	0.258253
1.04712	0.312286
-0.940944	-0.371
-0.202209	0.387565
1.09058	0.24341
-0.40862	-0.642248
3.2416	0.519396
0.00420194	0.335713
-0.506394	0.315693
0.178022	0.0113124
-0.875761	-0.565643
-0.897489	-0.767939
-0.810579	-0.529413
-0.615032	-0.469519
-0.473803	-0.239287
-0.864898	-0.447957
0.460479	0.0116722
-0.995263	-0.756978
1.68808	-0.15378
-0.397757	0.107169
-0.245664	0.301835
0.895029	0.748984
-0.039253	0.0815769
0.884165	0.731915
-0.951808	-0.582249
-0.32171	0.198651
-0.528122	0.110676
0.188886	0.0273237
-1.00613	-0.394394
0.101976	0.0592784
-0.788851	0.426247
-0.430348	-0.327823
-0.93008	-0.27747
1.54685	0.659087
-0.299983	0.25238
-0.777988	-0.477729
-0.549849	0.503026
-0.897489	-0.119937
-0.908353	-0.329303
0.981939	0.231902
0.373569	0.717602
0.66689	-0.265229
-0.701942	-1.34336
-0.0718443	0.355856
0.112839	0.378157
-0.126163	0.337164
-0.658487	-0.531463
-0.973535	-0.541622
1.21008	0.586887
-0.419484	-1.08939
0.275796	0.193424
0.373569	0.140314
1.09058	0.446104
-0.93008	0.127216
-0.854034	-0.517017
-0.940944	-0.337562
-0.995263	-0.481956
-0.940944	-0.946344
-0.712805	0.147588
-0.93008	0.238595
0.221477	0.0787944
-0.14789	0.298799
-0.875761	-0.799027
-0.484667	0.601799
-0.951808	0.297389
-0.506394	0.378271
-0.908353	-1.09098
0.112839	0.516869
-0.571577	0.588592
0.0802482	0.194947
3.11123	0.460909
1.69895	0.539053
-0.0718443	0.346192
-0.386893	0.266067
-0.864898	0.0279842
-0.115299	0.471768
-0.2348	-0.529065
2.19868	0.401242
0.503934	-0.156063
-0.039253	0.0359908
0.00420194	0.488965
-0.593304	0.274274
0.0911119	0.164853
-0.962671	-0.955308
-0.00666181	0.416667
1.76413	0.49997
-0.897489	0.199447
-0.810579	0.12813
-0.810579	-0.435996
1.40563	0.276439
-0.0501168	-0.190867
0.49307	0.179765
0.0693844	-0.140799
0.656027	-0.0337338
1.22094	0.15681
-0.854034	-0.452714
-0.962671	-0.209094
1.16662	0.429553
-0.082708	0.0517166
-0.658487	-0.439344
-0.452075	0.129271
1.1123	0.408815
1.57945	0.595966
-0.908353	-1.13672
-0.615032	-0.447716
-0.701942	0.326443
-0.604168	0.123477
-0.886625	0.291117
-0.908353	-0.763388
0.851574	0.15872
-0.788851	-0.534035
-0.75626	0.0985989
-0.767124	0.224711
0.873302	0.371351
1.52513	0.60179
-0.93008	-0.507106
2.02486	0.398593
0.569117	0.345885
0.808119	0.430167
0.243204	0.223535
-0.0175256	0.461125
-0.202209	0.653232
-0.538985	-0.566352
1.8619	0.532938
-0.00666181	0.188971
-0.0175256	0.00671307
-0.832306	0.34871
-0.723669	-0.35451
-0.723669	-0.201878
-0.897489	0.365649
-0.49553	-0.643676
0.243204	-0.211372
-0.376029	0.20126
2.43768	0.0991722
-0.213073	-0.315362
-0.951808	-0.263841
-0.799715	-0.0867307
-0.919216	-0.898505
0.721209	0.327203
-0.767124	0.355932
-0.886625	0.118796
1.18835	0.446763
-0.995263	0.401754
-0.908353	-0.14089
-0.919216	-1.21984
-0.376029	0.390887
-0.419484	0.193238
-0.310847	0.121641
-0.484667	0.395971
-0.158754	0.194343
-0.777988	-0.123949
0.297523	0.410125
-0.039253	0.360953
-0.49553	-0.125849
0.188886	0.544135
-0.0283893	0.219588
-0.571577	0.312955
-0.49553	-0.259136
0.482207	0.124428
0.775528	-0.0937638
-0.658487	-1.01448
-0.430348	0.298552
0.971075	0.551931
-0.767124	-0.28086
-0.745396	-0.644643
-0.951808	-0.39864
-0.49553	-0.504517
0.232341	0.679362
2.58977	0.324846
0.818983	0.448092
0.362706	0.525041
0.525662	0.214632
-0.75626	-0.607428
-0.897489	-0.528855
1.19921	0.01252
0.00420194	0.64955
-0.082708	-0.293997
-0.832306	-0.228689
0.688618	0.0392433
0.590844	-0.0737992
-0.245664	0.0523254
-0.647623	-0.176351
7.44587	-0.226415
2.48114	0.706986
0.210613	0.343917
0.0476569	-0.0513602
-0.343438	0.197418
0.0585207	0.0154539
1.07971	0.328346
3.7196	0.260669
0.818983	0.478608
0.0585207	-0.654077
0.373569	0.585631
-0.723669	-0.51636
0.0693844	0.211855
-0.245664	0.320801
-0.506394	-0.707854
2.51373	0.679844
-0.419484	-0.0482195
-0.256528	-0.239438
1.87277	0.343088
-0.777988	-0.539301
-0.973535	-0.245797
-0.93008	-0.52176
0.297523	0.591948
-0.93008	-1.18825
-0.2348	-0.387731
-0.66935	-0.206996
1.64463	0.265287
-0.723669	-1.00125
1.76413	0.603171
-0.213073	-0.0357922
2.1335	0.570719
-0.962671	-0.497983
-0.419484	0.490823
-0.940944	-0.689719
-0.701942	0.43062
-0.84317	-0.327669
1.1123	0.494275
-0.940944	-0.750264
-0.386893	-0.231831
-0.0718443	-0.0150289
0.699482	-0.43795
0.732073	-0.180135
-0.875761	-0.520002
-0.75626	-0.144596
-0.430348	-0.54299
-0.734533	0.559852
-0.821443	-0.57099
-0.256528	-0.55458
-0.441212	0.386334
-0.734533	0.0770896
1.19921	0.258444
-0.854034	-0.25795
0.188886	-0.111605
0.188886	0.30107
0.482207	0.00379404
-0.810579	0.0831256
1.09058	0.040218
-0.14789	-0.00857659
-0.84317	0.541561
-0.854034	0.103782
0.0476569	-0.165153
-0.777988	0.194254
0.590844	-0.124197
-1.02785	-1.46965
-0.419484	0.394647
0.308387	-0.0555008
0.786392	-0.574974
-0.00666181	0.359393
-0.658487	-0.733185
-1.02785	-1.50026
2.78532	0.140911
-0.810579	0.411659
-0.278255	0.437389
0.0802482	0.327131
-0.919216	-1.16207
0.232341	0.146214
-0.701942	0.124595
1.17749	0.46056
-0.951808	-0.600291
-0.908353	-0.56802
1.75326	0.323925
-0.897489	-0.62214
-0.473803	-0.639864
0.0476569	0.529098
0.0693844	-0.1605
-0.506394	-0.845808
-0.0609805	-0.516161
-0.767124	-0.651958
1.42735	0.602769
-0.984399	0.3911
-0.897489	-0.570903
-0.604168	-0.261531
-0.658487	0.367687
-0.299983	0.194592
-0.278255	-0.354324
-0.691078	-0.472565
-0.430348	-0.478661
-0.126163	-0.292347
-0.962671	-0.266355
-0.832306	-0.277697
1.19921	-0.0941769
1.64463	0.494325
-0.332574	-0.349485
1.35131	-0.00664399
-0.734533	0.113387
-0.191345	0.278876
0.156294	0.179679
-0.430348	-0.723674
-0.908353	-0.778691
-0.267392	0.0789771
-0.701942	-0.147398
0.123703	-0.0416544
-0.832306	0.346352
-0.0175256	0.18007
0.264932	0.128094
1.64463	0.674631
-0.0609805	0.573365
-0.745396	-0.827297
1.12317	0.606327
-0.984399	-0.707981
-0.919216	-0.010002
-0.93008	-0.733326
-0.104436	-0.0383102
-0.701942	0.632227
-0.821443	0.0269815
0.438752	0.370659
0.297523	0.184794
-0.832306	-0.966219
0.275796	-0.0380818
-0.701942	-0.423375
-0.615032	0.347682
-0.0609805	-1.07527
1.1449	0.0899271
-0.864898	-0.45655
0.0585207	0.362608
-0.832306	-0.520816
0.634299	0.236181
-0.658487	0.0196008
0.210613	0.351861
2.03572	0.354982
0.112839	0.105891
0.949348	0.616377
-0.625895	-0.192152
-0.256528	-0.126576
0.112839	-0.200638
-0.484667	0.505232
0.319251	0.169412
-0.549849	-0.293902
3.37196	0.387959
-0.289119	0.57652
0.156294	0.493975
-0.984399	-0.599752
0.123703	-0.233896
-0.940944	-0.503493
-0.886625	0.43676
-0.462939	0.151797
-0.376029	0.150564
0.558253	0.629725
-0.0718443	-0.128144
0.264932	0.517824
-0.951808	0.267599
-0.517258	0.475808
-0.897489	-0.859584
0.167158	0.297725
-0.137027	0.558356
1.5034	0.57085
-0.299983	0.115771
0.0585207	0.705461
-1.02785	-1.17935
-0.223937	-0.06186
0.536525	0.114585
-0.875761	-0.540998
0.264932	0.524778
-0.897489	-0.964179
-0.549849	0.306448
0.0476569	0.121991
-0.137027	0.325528
0.0911119	0.477612
-0.223937	-0.00337075
-0.517258	0.461091
0.612572	-0.0800206
-0.213073	0.400254
0.938484	-0.000478893
-0.886625	-0.672081
-0.2348	0.532473
-0.636759	-1.0704
-0.517258	0.124154
-0.636759	-0.0688057
-0.854034	-0.494891
-0.734533	0.171555
-0.745396	-0.203537
0.427888	0.0016285
-0.104436	0.466562
0.0911119	0.270762
3.39369	0.285704
0.395297	-0.212486
1.40563	0.232738
-0.0175256	0.34256
-0.0283893	0.165978
-0.528122	0.0138301
-0.647623	0.25291
-0.517258	0.357848
3.6001	0.404099
-0.267392	0.293925
0.188886	0.643471
-0.832306	-0.101685
0.84071	0.0723858
-0.473803	-0.0782539
-0.343438	0.218141
-0.549849	0.56256
0.406161	0.438627
-0.604168	-0.52091
0.514798	0.444431
-0.767124	-0.346279
-0.0501168	0.354531
-0.397757	0.157961
-0.701942	0.12237
-0.723669	-0.698854
-0.821443	-0.633182
1.43822	-0.012392
0.721209	0.139037
-0.538985	-0.94065
-0.213073	0.33397
-0.452075	0.296801
-0.810579	-0.765356
-0.984399	0.172389
-0.908353	0.104656
-0.93008	-0.85385
-0.299983	-0.443345
-0.951808	-0.389347
-1.00613	-0.654507
-0.788851	-0.646377
1.22094	0.549488
-0.854034	0.364342
-0.93008	-0.20926
1.17749	0.409093
1.27526	0.30076
2.36163	0.361878
-0.462939	0.447111
-0.0175256	0.0348055
0.101976	0.516701
-0.40862	-0.494826
-0.962671	0.00589458
1.85104	0.365744
-0.973535	0.351762
0.417024	0.365989
0.66689	0.133261
-0.658487	-0.160518
-0.886625	-0.0838933
1.29699	0.240958
1.16662	0.463351
-0.245664	0.285942
-0.93008	0.192723
-0.951808	-0.267757
-0.615032	0.334495
-0.799715	-0.122495
0.0911119	0.463693
0.873302	-0.165441
0.938484	0.363729
0.362706	0.213791
-0.940944	-0.317723
-0.354302	0.317001
1.10144	0.399792
2.69841	0.17419
-0.354302	0.397187
-0.137027	0.32337
0.992803	0.491257
0.0367932	-0.0698969
-0.0283893	0.38041
-0.973535	-1.13746
-0.767124	-0.477515
-0.169618	-0.308201
-0.940944	-1.32853
-0.940944	-0.240236
2.03572	-0.961713
1.09058	0.140205
-0.658487	-0.588645
-0.245664	-0.181938
-0.397757	-0.0258639
-0.647623	-0.0864186
-0.951808	0.0185986
1.60117	0.554048
-0.256528	0.294389
0.00420194	-0.562787
0.0585207	0.276889
2.32904	0.352574
1.87277	0.00644733
0.199749	0.391709
-0.93008	-0.747066
-0.14789	0.345313
0.645163	0.0169982
1.22094	0.395588
-0.767124	0.189698
-0.962671	-0.940482
-0.386893	0.48204
-0.169618	-0.595294
-0.995263	-1.33682
0.373569	-0.396523
1.02539	0.515535
0.427888	0.152446
2.38336	0.129623
0.688618	-0.250242
-0.93008	-0.761311
-0.386893	0.499534
-0.289119	-0.612839
-0.984399	-0.363271
-0.897489	-1.13757
-0.875761	-0.621296
-0.32171	-0.135508
0.395297	0.468478
0.0150657	0.529981
0.0802482	0.0495225
-0.93008	-1.24073
2.48114	0.381313
-0.767124	0.400602
-0.799715	0.439035
0.221477	-0.124955
-0.560713	0.166622
-0.484667	0.0224206
-0.919216	-0.150546
-0.788851	-0.396915
-0.310847	-1.0529
0.351842	0.192803
-0.506394	-0.269243
0.319251	0.306464
2.04659	0.416458
0.221477	0.114932
0.905893	0.12989
-0.854034	-0.37857
0.199749	-0.272759
-0.962671	-0.862306
-0.908353	0.0561473
-0.658487	0.215683
-0.723669	0.475773
0.112839	0.645761
1.02539	0.432247
-0.647623	-0.652889
-0.84317	-0.0878015
-0.951808	-0.463442
-0.549849	-0.691411
-0.0175256	-0.267019
-0.810579	-0.198431
-0.538985	0.457655
1.2644	0.516262
-0.397757	-0.348867
-0.0283893	0.248272
-0.332574	0.33469
-0.810579	-0.30656
-0.723669	-0.362418
3.42628	0.508599
-0.962671	-0.481945
-0.517258	0.277252
-0.506394	0.341512
-0.995263	-0.660055
0.514798	0.207414
-1.03872	-1.1267
-0.908353	-0.927382
0.873302	0.34276
1.32958	-0.0319627
3.38283	0.390799
0.145431	-0.0119549
-0.49553	-0.205805
0.92762	-0.330908
-0.701942	0.302989
2.29645	-0.0682349
0.0802482	0.257157
-0.93008	-0.506909
0.188886	-0.0228131
-0.354302	-0.253762
-0.484667	-0.170908
-0.158754	0.658375
-0.854034	-0.213459
-0.962671	-0.538817
-0.886625	-1.09753
-0.0283893	-0.392766
-0.908353	-0.125004
-0.538985	0.36307
-0.897489	-0.997946
0.384433	-0.154636
-0.604168	-0.612211
0.482207	0.526894
0.981939	0.321681
-0.32171	0.302291
0.92762	0.238505
-0.701942	0.282819
2.76359	0.57533
0.818983	0.360779
-0.615032	0.0910854
-0.84317	-0.79024
-0.919216	-1.63665
-0.365165	-0.284514
0.0367932	0.177726
0.384433	0.0590514
-0.571577	0.536539
2.90482	0.0375786
2.22041	0.488988
-0.66935	-0.331941
-0.93008	-0.639885
1.84017	0.666986
1.23181	0.308163
0.286659	0.170118
0.319251	0.483494
0.645163	0.485706
-0.593304	-0.823343
-0.082708	0.0917503
-0.462939	-0.245252
0.905893	0.148633
1.5034	0.0889737
0.167158	0.213134
-0.14789	0.344489
-0.777988	0.0502491
0.308387	0.645955
-0.897489	0.0901671
-0.2348	-0.390703
0.340978	0.667573
-0.32171	-0.671669
-0.223937	-0.580725
0.645163	0.319722
-0.919216	0.121259
0.0476569	-0.117156
0.0911119	-0.439487
-0.386893	0.519811
-0.973535	-0.12752
-0.441212	0.295148
0.362706	-0.0088182
2.253	0.394089
-0.745396	0.207787
-0.593304	-0.488544
-0.365165	-0.0885246
-0.66935	0.407421
-0.223937	-0.0382897
-0.0175256	0.481655
-0.734533	0.149242
1.77499	0.50627
-0.799715	0.511826
-0.158754	0.393595
0.0693844	0.802364
2.35077	0.400521
0.84071	0.368789
0.0911119	-0.256161
0.362706	-0.50796
-0.821443	-0.120375
-0.897489	-0.770737
1.3839	0.0508796
-0.788851	0.426372
-0.528122	0.0710955
1.21008	0.264995
-0.940944	-0.65959
0.558253	0.434895
-0.549849	0.483072
0.710345	-0.529754
-0.615032	0.536897
-0.636759	0.306857
2.30732	0.144054
0.590844	-0.140176
0.0693844	0.451418
-0.75626	-0.724761
0.634299	0.11625
-0.126163	0.228027
-0.810579	-0.994233
1.06885	0.0965812
0.319251	0.532073
-0.897489	-0.988191
0.460479	-0.863999
0.699482	0.412659
0.829847	0.335826
-0.213073	0.100482
2.44854	0.440246
-0.864898	-0.0144664
-0.115299	-0.24938
-0.528122	0.464397
-0.723669	-0.444661
-0.84317	0.0847557
0.232341	0.431218
-0.93008	-0.298845
-0.528122	0.0710012
0.243204	0.264325
-0.701942	-0.331694
0.156294	-0.136746
0.308387	0.318648
-0.93008	0.091596
0.449616	0.406188
0.829847	0.0994605
0.330114	0.139792
-0.940944	-0.891793
1.05799	0.601533
-0.2348	0.315768
0.0585207	0.113589
-0.473803	-0.252164
2.62236	0.459757
0.254068	-0.0854009
-0.245664	-0.686707
2.99173	0.63122
-0.462939	0.0275162
-0.973535	-0.781065
-0.419484	0.355899
-0.984399	-0.224726
2.19868	0.542073
-0.864898	-0.228993
0.851574	0.750825
-0.940944	0.263525
0.0150657	0.467125
-0.625895	0.0384311
0.0150657	0.203552
0.384433	-0.056721
-0.777988	0.567596
-0.810579	-0.306752
-0.473803	0.0418695
-0.158754	-0.491355
-0.299983	0.00861423
-0.940944	-0.306277
-0.93008	-0.846111
-0.289119	-0.20679
1.75326	-0.179591
0.471343	0.121588
-0.832306	-0.462287
0.742937	-0.247359
-0.484667	0.139908
-0.180482	0.353462
-0.810579	-0.679308
-0.93008	-0.180426
-0.810579	-0.0873375
3.32851	0.560176
-0.886625	-0.885211
-0.821443	-0.344639
0.286659	0.412939
-0.84317	0.00477332
-0.332574	-0.639823
0.232341	-1.01903
0.167158	-0.282536
0.688618	0.181972
-0.430348	-0.795291
-0.365165	0.0202592
1.59031	0.412062
0.503934	0.280119
3.39369	0.682002
2.44854	0.37116
-0.908353	-0.949595
-0.908353	-0.81499
-0.723669	-0.243908
-0.104436	-0.240191
-0.908353	-0.893217
0.558253	0.209281
-0.267392	0.292686
-0.0609805	0.285421
0.92762	0.506601
-0.0501168	0.303964
0.156294	0.2127
-0.832306	-0.50642
0.254068	0.324912
3.51319	0.433288
-0.223937	0.253932
-0.93008	0.29112
-0.0718443	0.287394
-0.84317	-0.84069
0.938484	0.633957
0.547389	0.278081
1.29699	-0.168867
-0.691078	0.495031
-0.66935	0.120438
-0.821443	-0.374353
-0.126163	-0.230857
-0.549849	-0.678248
-0.180482	0.645564
-0.441212	0.35686
1.81845	0.418201
0.417024	0.138991
-0.615032	0.0668202
0.710345	-0.133524
2.30732	0.389091
0.460479	-0.357897
-0.908353	-0.544021
1.51426	0.451206
-0.528122	0.253644
-0.995263	-0.355432
-0.93008	-0.369143
-0.745396	0.274781
-0.365165	-0.191267
1.18835	0.507284
0.0585207	-0.111683
-0.832306	-1.21127
4.20847	0.557267
-0.14789	0.105795
0.905893	0.353666
-0.919216	-1.37482
-0.832306	-0.211875
-0.169618	0.134603
2.63323	0.336713
1.05799	-0.42902
-0.14789	0.420419
-0.462939	0.272426
-0.14789	0.0436936
-0.245664	-0.292768
1.3839	0.566406
0.0911119	0.0638874
-0.854034	0.194277
0.732073	-0.618238
-0.158754	0.487001
-0.2348	0.542652
0.66689	0.783144
1.39476	0.308083
0.00420194	0.330402
-0.854034	-0.614388
0.351842	0.00858125
-0.712805	-0.118035
0.57998	0.531993
-0.354302	0.490918
-0.473803	0.314915
0.188886	0.316188
1.15576	0.0712205
0.178022	0.672494
-0.93008	-0.34695
-0.93008	0.0409196
-0.875761	-0.60973
0.373569	0.13799
-0.256528	0.312536
-0.864898	-1.67759
0.710345	0.39931
-0.75626	-0.270389
-0.919216	0.30263
-0.441212	-0.422564
1.32958	0.176923
0.634299	0.00213498
-0.680214	-0.290629
1.30785	0.25307
1.05799	0.3402
0.66689	-0.00563579
-0.810579	0.243344
1.6229	0.602572
-0.625895	0.472914
1.59031	-0.193153
0.525662	0.0888687
0.0911119	-0.194874
-0.821443	-0.377017
-0.538985	-0.173619
-0.169618	-0.126712
0.0693844	0.918531
-0.473803	-0.354894
-0.289119	0.0827809
-0.984399	-0.149869
0.0585207	0.102816
0.884165	0.211694
-0.549849	-0.335487
-0.332574	0.563191
-0.223937	0.0935096
-0.593304	0.670745
-0.821443	-1.53389
-0.430348	0.362254
0.232341	-0.591137
1.69895	0.383328
-0.810579	-0.12639
-0.528122	0.480384
0.634299	-0.096291
2.60064	0.353918
7.196	-0.401901
-0.299983	0.0424846
0.742937	0.486867
0.482207	0.291083
-0.777988	0.221792
-0.473803	-0.0578592
0.49307	0.190756
0.775528	0.400903
-0.864898	-0.654652
-0.93008	-0.148334
-0.636759	0.061751
-0.332574	0.436958
0.297523	-0.108898
-0.484667	-0.139646
-0.517258	-0.474642
-0.745396	-0.672243
-0.962671	-0.853865
0.210613	-0.165022
-0.680214	0.0200855
-0.723669	-0.0954685
-0.908353	-0.249332
-0.897489	-0.475008
-0.658487	-0.261611
-0.995263	0.411016
0.905893	-0.112578
-0.354302	0.430399
1.02539	0.518156
-0.66935	-0.433094
0.0476569	0.0903453
-0.973535	-0.52179
-0.864898	-1.02168
-0.691078	-0.146299
-0.0935718	0.458608
-0.169618	0.439304
-0.397757	-0.42109
-0.549849	0.44149
0.92762	0.224949
-0.625895	-0.335135
0.232341	0.0650898
-0.40862	-1.13865
0.569117	0.422624
-0.137027	0.235299
0.66689	0.215502
-0.864898	-1.39646
-1.00613	0.348491
0.0150657	0.217873
-0.810579	0.0995717
1.24267	0.225395
-0.973535	-0.74837
-0.267392	-0.282203
-0.213073	0.283723
-0.832306	-0.126106
-0.397757	-0.17648
-0.2348	0.266832
0.92762	0.540613
-0.799715	-0.837733
0.00420194	-0.0958034
-0.376029	0.447947
-0.0501168	0.181309
-0.984399	-0.659012
-0.658487	-0.0448196
0.449616	0.54988
-0.810579	0.386608
0.558253	-0.548695
0.0150657	-0.067435
-0.310847	0.374559
-0.32171	-0.347181
-0.973535	-0.596251
0.243204	0.396199
-0.723669	-0.197635
-1.00613	-1.2169
0.427888	0.5013
-0.169618	0.452041
-0.940944	-0.827671
2.43768	0.602995
-0.951808	-0.312436
1.02539	0.678908
-0.039253	0.309164
-0.115299	0.239014
0.0911119	0.313995
-0.897489	0.0176584
-0.973535	0.445027
-0.115299	-0.191146
1.93795	0.251337
-0.397757	0.207508
0.525662	0.404192
-0.908353	-0.154702
-0.419484	-0.412822
0.829847	0.148728
0.221477	-0.511701
-0.962671	-0.360215
-0.419484	-0.585298
0.145431	0.451007
-0.039253	-0.337249
-0.593304	0.0727474
-0.897489	0.231553
-0.462939	-0.231642
0.351842	0.634499
-0.680214	0.599415
-0.647623	0.36144
0.536525	0.348206
0.710345	-0.151741
-0.940944	-0.330969
-0.832306	0.169996
-0.180482	-0.377186
-0.0283893	0.222074
-0.191345	-0.0375984
-0.712805	-0.0838917
0.0802482	0.0848226
-0.549849	-0.923335
-0.256528	0.492691
-0.604168	-0.175874
-0.484667	0.416131
-0.658487	0.336099
-0.951808	-1.94208
-0.875761	-1.16621
0.514798	0.36737
-0.788851	-0.719587
-0.701942	-0.67535
2.18781	0.389759
-0.137027	0.464459
-0.745396	-0.000973715
0.0693844	0.520351
-0.299983	-0.42301
1.29699	-0.0569145
0.0150657	0.198173
-0.777988	-0.0864443
-0.49553	0.329067
-0.376029	0.118132
-0.517258	-0.0506804
0.232341	-0.0144837
0.134567	0.370786
-0.191345	0.794585
-0.625895	0.265141
-0.0609805	-0.120262
-0.897489	-0.250697
0.634299	0.687022
-0.864898	-0.150133
0.123703	0.319674
0.167158	-0.113816
-0.810579	-0.525826
-0.376029	-0.354869
-0.386893	0.158156
0.949348	-0.110406
0.297523	0.517424
0.57998	0.698784
0.981939	0.304248
-0.962671	-0.401338
-0.908353	-0.763273
-0.32171	-0.473261
0.112839	-0.134265
-0.593304	0.15046
-0.84317	-0.0438139
3.26333	0.244449
0.167158	-0.575728
1.19921	0.360798
0.634299	0.331794
-0.919216	-0.740753
-0.701942	-0.389409
0.0802482	-0.123666
2.15522	0.176321
1.64463	0.793631
-0.962671	-0.760088
-0.473803	0.268056
-1.01699	-0.309583
-0.84317	0.108415
1.45994	0.316774
-0.484667	-0.24163
-0.647623	-0.000892134
-0.777988	-0.164971
-0.571577	-0.842193
1.8619	0.488735
2.11177	-0.406296
-0.473803	-0.146892
-0.973535	-0.298454
1.48167	0.508646
-0.365165	-0.355952
0.558253	0.760076
-0.962671	-0.627259
0.634299	-0.0442674
-0.908353	-0.787719
0.275796	0.544219
0.884165	0.852579
-0.441212	0.506523
-0.299983	0.00897041
0.449616	0.465081
-0.0501168	0.149831
1.1123	0.390072
0.167158	0.450817
-0.854034	0.000609256
2.16609	0.364107
0.167158	0.0346597
-0.940944	0.0900122
0.601708	-0.416239
0.384433	-0.194888
-0.886625	0.203717
-0.886625	0.287942
-0.397757	-0.0448643
-0.66935	-0.972861
-1.00613	-0.561277
0.66689	0.342769
0.275796	0.00884573
-0.636759	-0.103138
-0.430348	0.506788
-0.821443	-0.537761
-0.484667	0.0593904
0.0802482	0.0875664
-0.799715	-0.545652
0.145431	-0.0776607
0.677754	0.653504
-0.169618	-0.034062
-0.2348	0.312424
-1.00613	-0.292734
-0.745396	0.168047
0.634299	0.205675
1.53599	0.39795
-0.788851	0.298779
0.156294	0.396722
0.971075	0.236278
1.81845	0.476351
-0.441212	0.518505
1.37303	0.307908
0.645163	0.301321
-0.430348	-0.0878352
0.145431	0.376535
-0.897489	-0.448416
-0.75626	-0.637746
0.362706	-0.36349
-0.951808	-0.880512
0.764664	0.0700656
0.656027	0.463161
-0.14789	0.335061
-0.973535	-0.0924436
-0.973535	0.0848649
-0.854034	-0.836542
-0.636759	-0.8421
0.308387	-0.475813
-0.289119	0.350337
0.373569	0.306764
-0.267392	0.0380856
-0.430348	0.299627
0.156294	0.0945837
-0.310847	0.4687
2.74187	0.341877
3.90429	0.496601
0.232341	0.332464
1.09058	-0.0793994
0.340978	0.397986
-0.0935718	0.0038723
-0.180482	0.373917
-0.365165	-0.194249
-0.875761	-0.596382
-0.267392	0.355298
-0.310847	0.195336
0.232341	0.5244
-0.75626	-0.771769
0.818983	0.798754
0.558253	0.360022
-0.908353	-0.865086
-0.734533	0.0590222
0.471343	0.327776
-0.919216	-0.341843
-0.484667	-0.422427
1.19921	0.352751
-0.039253	-0.124534
-0.49553	-0.289625
-0.680214	-1.4811
-0.549849	0.0773876
-0.701942	0.174209
0.362706	0.737649
0.319251	0.601842
0.66689	-0.0218817
0.656027	0.35386
1.27526	0.365883
-0.973535	-0.514317
-0.0718443	0.382562
1.02539	-0.0532263
-0.940944	0.193975
-0.343438	-0.0614832
-1.00613	0.528463
2.30732	0.36816
-0.810579	-0.849532
2.99173	0.184407
-0.2348	0.347288
-0.484667	0.345195
1.45994	0.664931
-0.875761	-0.198015
0.384433	0.22781
0.710345	-0.117154
1.39476	0.302032
-0.767124	-0.181671
-0.854034	0.353783
-0.0718443	0.0705205
-0.854034	0.111864
-0.082708	-0.0817065
0.547389	0.114621
0.254068	0.285797
-0.615032	-0.686725
0.818983	0.322172
1.30785	0.196354
0.449616	-0.24341
-0.0283893	0.594574
-0.343438	-0.475486
-0.973535	-0.957014
0.829847	-0.506458
-0.886625	-0.741873
-0.039253	-0.487445
0.395297	0.320698
-0.951808	-0.458753
0.319251	-0.836797
1.09058	0.25105
0.514798	0.581946
-0.777988	-0.206914
1.07971	0.310221
-0.93008	-0.320315
-0.571577	0.276137
-0.419484	-0.2072
0.275796	0.342088
0.49307	0.318816
-0.0175256	-0.303514
-0.256528	0.326248
2.00313	-0.0654681
-0.126163	0.253829
-0.452075	0.499447
0.677754	0.836284
0.732073	0.462256
-0.973535	-1.47284
2.18781	0.0598709
0.558253	0.372874
-0.951808	-1.17673
0.188886	-0.601108
0.427888	-0.0939216
-0.84317	-0.196937
-0.2348	-0.0570563
-0.951808	0.283529
-0.289119	0.138762
1.9814	0.363504
-0.864898	-0.033299
-0.810579	-0.0230438
-0.615032	0.490883
-0.484667	0.718536
2.94828	0.52787
-0.908353	0.0447426
-0.712805	-0.174347
0.254068	-0.225943
0.406161	0.0369622
-1.00613	-0.467964
-0.712805	0.185219
0.460479	0.0129673
-0.386893	0.240555
-0.919216	-0.0168501
-0.897489	-0.545034
0.949348	0.435068
1.03626	-0.0541054
0.525662	-0.136244
-0.245664	-0.396786
-0.810579	0.372796
-0.00666181	0.292716
-0.995263	-0.843569
0.677754	0.525004
-0.126163	-0.0237269
0.0911119	0.166619
-0.875761	-0.826646
-0.84317	-0.42163
-0.419484	-0.36812
-0.571577	0.463931
0.471343	0.356431
-0.310847	0.338666
0.775528	0.212674
-0.788851	-0.962685
0.57998	0.364792
0.427888	-0.0497058
-0.40862	0.224308
1.40563	0.299148
-0.810579	-0.25253
0.264932	0.379367
-0.864898	-0.235737
-0.289119	0.511188
1.88363	0.332009
0.308387	-0.282542
-0.788851	-0.232623
0.873302	0.330786
1.49254	0.149413
-0.723669	-0.0606133
-0.386893	0.408859
-0.00666181	0.671881
1.22094	0.332349
-0.32171	0.373187
2.16609	0.24008
-0.973535	-0.930659
-0.169618	0.358602
-0.962671	-0.703799
0.188886	0.449431
-0.039253	-0.588009
-0.93008	-0.983824
-0.0501168	-0.301463
-0.658487	-0.0798914
-0.875761	-0.790171
0.286659	0.0542815
-0.452075	0.283197
-0.00666181	-0.00349561
-0.788851	-0.729742
-0.810579	0.322353
0.0802482	0.0761287
0.829847	0.700551
0.590844	-0.263449
0.0476569	0.10073
2.89396	0.295449
-0.517258	0.303859
-0.680214	0.245057
-0.962671	0.001891
-0.538985	-1.07667
-0.919216	-0.654053
-0.75626	-0.25053
-1.00613	0.0566183
-0.0718443	0.398448
-0.636759	0.317583
-0.213073	-0.270649
0.373569	0.40286
-0.2348	0.313374
-0.951808	-0.708327
0.373569	-0.0125548
-0.0283893	0.0443138
1.05799	0.322119
0.340978	-0.434592
-0.256528	-0.221931
-0.908353	-0.753583
1.12317	0.391377
-0.984399	-0.739981
5.43607	0.373473
-0.58244	0.432445
-0.115299	0.320861
0.612572	0.243264
-0.821443	-0.575698
-0.734533	0.128151
-0.636759	0.2679
-0.919216	0.0940784
-0.66935	-0.50858
-0.2348	0.297504
1.39476	0.341406
-0.777988	-1.46144
-0.484667	-0.0449426
-0.104436	-0.0536537
0.742937	0.30713
-0.788851	-0.473502
3.29592	0.173373
-0.0283893	-0.956478
0.0476569	-0.042014
-0.082708	0.400487
-0.777988	0.352744
-0.723669	-0.938137
-0.310847	0.117703
-0.082708	0.598352
-0.419484	-0.525078
-0.821443	-0.146739
-0.940944	-0.748741
0.862438	0.274633
-0.832306	0.369011
-0.32171	-0.233023
1.51426	0.456639
-0.864898	-0.251511
0.0802482	-0.249343
-0.126163	0.585259
-0.810579	-0.844581
0.960212	0.353174
-0.549849	0.507222
-1.01699	-0.309683
-0.462939	-0.863582
0.188886	0.0240967
3.70874	0.416455
0.862438	0.746327
-0.712805	0.491279
1.01453	0.34286
-0.908353	-0.546943
0.656027	0.153331
-0.799715	-0.569194
-0.75626	-0.0996231
0.590844	0.393505
-0.680214	0.321243
-0.32171	0.264538
-0.821443	-0.038441
0.319251	0.422958
-0.897489	-0.252422
-0.0283893	0.0871779
0.916757	0.458194
0.243204	0.279518
1.12317	0.0388879
-0.32171	-0.456036
-0.0175256	0.440446
0.0585207	-0.424704
0.0911119	-0.673483
3.29592	0.491153
-0.93008	0.387013
2.24213	0.155124
-0.202209	0.388071
0.645163	0.306211
1.89449	0.225024
-0.397757	-1.27886
2.17695	0.356998
0.319251	-0.256654
-0.810579	-0.958125
0.297523	0.534056
-0.0283893	0.206601
-0.951808	-0.621117
-0.875761	-0.393472
-0.245664	0.460851
-0.441212	-0.761824
-0.0283893	-0.152971
-0.723669	-0.115962
-0.604168	0.0982589
-0.223937	-0.663175
-0.14789	-0.169733
-1.00613	0.166401
0.862438	0.410346
-0.821443	-0.139639
-0.625895	-0.357438
-0.821443	0.0394243
-0.0609805	0.131637
-0.951808	-0.837924
-0.528122	0.34746
-0.625895	0.171603
-0.104436	0.248017
-0.84317	-0.10518
-0.115299	0.12586
0.503934	-0.0918277
-0.886625	-0.188387
-0.376029	0.603907
0.57998	-0.350413
-0.560713	-0.0691112
-0.93008	-0.617113
-0.191345	0.0790665
-0.571577	-0.421498
-0.745396	-0.108444
-0.919216	0.353278
0.00420194	0.248619
1.48167	-0.373055
-0.821443	-0.499187
-0.299983	-0.640138
-0.441212	-0.129021
0.384433	-0.179734
0.808119	-0.0845621
-0.84317	-0.43185
-0.039253	0.0317748
0.0585207	0.216852
-0.875761	-1.32998
0.797255	0.176582
-0.767124	0.0162003
0.156294	0.716208
-0.223937	0.160772
0.112839	-0.191772
0.460479	0.320159
-0.137027	-0.179989
-1.00613	-1.16885
-0.0609805	0.299281
0.156294	0.353564
0.112839	0.716174
0.123703	0.342016
-0.973535	-1.04808
-0.604168	-0.354818
-0.767124	0.00220294
-0.832306	-0.721588
-0.126163	0.314366
0.243204	0.352143
-0.777988	0.382886
0.829847	0.521269
0.101976	-0.395779
2.54632	0.44781
-0.897489	-0.217798
-0.386893	0.16648
0.384433	0.896975
-0.376029	0.352125
-0.278255	0.377872
-0.473803	-0.217404
0.427888	0.784912
-0.886625	0.411893
-0.32171	-0.00268694
-0.625895	0.0275751
-0.158754	0.415547
-0.962671	-0.70727
0.101976	0.483921
0.742937	0.357411
1.24267	0.159117
0.677754	-0.0370209
1.44908	-0.0193594
1.69895	-0.101544
0.330114	0.0444734
-0.854034	-0.573682
-0.636759	0.0706995
0.656027	0.378921
-0.191345	0.290803
-0.604168	0.434691
1.61204	0.104114
0.895029	0.365657
0.123703	-0.683169
0.330114	0.384226
0.112839	0.328175
-0.386893	0.286026
-0.278255	0.0500055
1.30785	0.172356
-0.84317	-0.183743
-0.593304	-0.0858258
-0.278255	0.200496
0.536525	0.694007
0.112839	0.250995
-0.767124	0.229405
-0.777988	-1.19832
-0.267392	0.124137
0.49307	0.231774
-0.0609805	0.686354
-0.919216	-0.452697
-0.875761	0.145241
3.58924	0.515671
-0.93008	-0.632725
-0.0175256	0.00880847
0.0693844	0.227579
-0.810579	0.474221
1.93795	0.286632
-0.082708	-0.464077
-0.810579	-0.342497
-0.799715	0.386095
0.7538	-0.129979
2.74187	0.113343
-0.0609805	0.307151
-0.202209	-0.253042
1.27526	0.232624
-0.875761	-0.186254
-0.973535	-0.530155
-0.267392	0.459938
2.38336	0.165651
-0.58244	-0.401088
-0.886625	-0.746928
0.949348	0.399301
-0.777988	-0.434167
-0.832306	-1.09248
-0.875761	-0.603515
0.384433	-0.228503
-0.962671	-0.46344
-0.75626	-0.318531
1.1123	0.639293
-0.40862	-0.448544
0.482207	0.443865
0.460479	0.35321
0.275796	0.380089
0.00420194	-0.641539
-0.299983	0.159774
-0.484667	-0.350518
-0.951808	-0.275869
-0.995263	-0.254101
-0.864898	-0.428103
1.30785	0.476546
0.427888	-0.3628
-0.984399	-0.688244
-0.538985	0.434033
-0.691078	0.433961
0.514798	0.231378
-0.701942	-0.271516
-0.777988	0.0777553
-0.908353	-0.682413
2.27472	0.30411
-0.75626	-0.0619832
-0.973535	-0.743127
-0.310847	-0.090857
1.02539	0.55917
-0.66935	0.311698
-0.473803	-0.217124
0.427888	-0.163397
0.0367932	-0.174218
-0.299983	-0.281403
1.1449	0.0159425
-0.75626	-0.0882918
-0.962671	-0.0631114
0.167158	0.0262854
-0.299983	-0.00320247
-0.810579	0.353225
-0.267392	0.411975
-0.821443	-0.348241
-0.310847	-0.33073
-0.908353	-0.621052
0.286659	0.337207
-0.973535	-0.593668
0.243204	0.475895
-0.604168	-0.0856366
-0.951808	-0.747
0.0259294	-0.185822
2.32904	0.564399
-0.832306	-1.52305
-0.93008	0.166029
-0.082708	0.100114
-0.832306	-0.193542
-1.00613	0.289293
-0.788851	-0.438421
-0.951808	-0.230972
1.1123	0.151827
-0.115299	0.314327
0.721209	0.259699
0.286659	-0.225361
-0.908353	-0.347143
0.569117	0.229239
-0.289119	0.0610987
-0.00666181	-0.393201
0.210613	0.0518578
-0.397757	0.464558
-0.636759	0.235444
-0.213073	0.175286
-0.995263	0.350958
0.905893	0.39842
3.2416	0.677912
-0.951808	-1.23004
0.981939	0.187543
0.960212	0.66838
1.39476	0.468255
0.460479	0.63421
-0.039253	0.518035
3.49146	0.242821
-0.397757	-0.284448
-0.213073	0.281092
2.65496	0.508014
-0.886625	-0.542241
0.482207	0.228627
-0.940944	0.530442
0.101976	-0.329919
-0.973535	-0.0816111
-0.365165	-0.0195951
-0.788851	-0.134328
-0.560713	-0.205506
-0.745396	-0.558081
1.1123	0.840356
-0.126163	0.617861
1.67722	0.63027
-0.158754	0.417645
0.264932	0.228761
0.960212	0.456809
-0.962671	-1.39821
0.873302	0.424071
-0.49553	0.0138456
-0.799715	0.216816
-0.484667	0.475347
0.232341	0.261064
-0.875761	-1.40767
-0.365165	-0.656274
-0.680214	0.372686
-0.278255	0.371655
-0.365165	-0.00339608
-0.875761	-0.345005
0.775528	0.165168
-0.962671	-0.173255
0.818983	0.560237
2.81791	0.242834
-0.506394	0.177018
1.92708	-0.382381
2.44854	0.245361
-0.973535	0.0848449
-0.278255	-0.272029
0.742937	-0.162349
-0.00666181	0.399728
0.145431	0.0961104
-0.430348	0.150627
-0.940944	0.0261741
0.243204	-0.591612
-0.299983	0.549129
-0.93008	-0.666066
-0.854034	-0.0814398
-0.897489	0.0395539
-0.14789	0.0582368
-0.886625	-1.51598
-0.636759	-0.172314
-0.213073	0.225264
0.243204	0.573378
-0.832306	0.231099
-0.180482	-0.771617
2.05745	0.30879
-0.745396	-0.135908
-0.419484	0.0769243
-0.343438	0.527903
2.60064	0.387718
-0.32171	-0.174084
-0.93008	-0.455864
0.417024	-0.282544
0.7538	0.515702
-0.701942	0.601284
-0.712805	0.0826317
0.156294	0.384966
-0.452075	0.344987
1.65549	0.29051
0.0367932	0.246673
0.0802482	0.214424
-0.647623	-1.39899
-0.66935	0.49998
-0.658487	-0.173519
-0.951808	-0.702541
-0.386893	0.225061
-0.615032	0.248004
-0.289119	0.260301
0.482207	0.557525
-0.180482	-0.229108
-0.951808	-0.309088
-1.00613	-0.969033
1.81845	0.420734
-1.00613	-1.05316
-0.625895	0.527802
-0.821443	-0.404254
0.112839	0.282216
-0.897489	-1.39253
0.569117	0.435291
-0.615032	-0.912085
-0.864898	-0.693458
-0.213073	0.0226647
0.286659	0.0448701
-0.777988	-0.383878
-0.788851	-0.149589
-0.386893	0.568812
-0.14789	0.356243
0.786392	0.156968
-0.973535	-1.41845
-0.278255	0.426914
-0.897489	-0.89841
-0.973535	-0.554735
-0.919216	-0.985391
-0.75626	0.171232
0.210613	0.379528
0.395297	-0.0618181
-0.951808	-0.505642
0.0911119	-0.117492
1.12317	0.361844
-0.897489	-0.368982
0.514798	0.348196
-0.14789	0.154613
-0.0283893	0.16359
-0.137027	-0.0506765
0.57998	0.164807
-1.00613	-0.476586
-0.93008	-0.767832
-0.082708	0.173571
-0.973535	-0.762965
-0.560713	0.596897
1.03626	0.306653
-0.0283893	-0.785554
-1.00613	-0.772452
0.612572	0.301542
-0.593304	-0.319988
-0.267392	-0.238319
2.1335	0.472968
0.340978	0.469646
-0.691078	-0.0558285
-0.517258	0.26916
-0.84317	0.0565349
-0.897489	-0.926839
-0.734533	-0.0635162
-0.104436	-0.0921815
-0.886625	-0.491971
4.9798	0.669709
1.88363	0.274436
0.601708	0.386734
-0.680214	-1.40263
0.775528	-0.227009
0.634299	0.601975
0.297523	0.25
-0.767124	0.59518
0.742937	0.271793
-0.506394	-0.322259
-0.897489	-0.417177
-0.788851	-0.427527
0.742937	0.0715869
1.05799	-0.0748586
-0.40862	0.5822
-0.854034	0.444976
0.101976	0.321076
-0.777988	-0.690742
-0.625895	0.102015
0.92762	0.264107
-0.506394	-0.0408125
-0.0609805	0.0803132
-0.93008	-1.63839
-0.245664	0.0525252
0.569117	0.257699
-0.14789	0.37982
-0.973535	-1.04326
-0.886625	0.415793
-0.549849	-0.319164
-0.462939	-0.303649
-0.560713	-0.490793
-0.484667	-0.299112
2.91569	0.213214
-0.223937	0.342445
0.590844	0.505019
-0.223937	0.286832
0.210613	0.282537
0.699482	0.504883
-0.984399	-0.820519
0.319251	0.19674
-0.973535	-1.37384
0.0367932	0.259889
-0.517258	-0.541367
3.92601	0.767852
-0.354302	0.595129
-0.897489	-0.734499
-0.202209	0.323722
0.243204	0.0959646
0.884165	0.23661
1.77499	0.293568
0.167158	-0.176222
-0.0501168	0.254857
1.44908	0.673946
-0.191345	0.269026
-0.528122	-0.2478
2.00313	0.667935
1.63376	-0.00605913
0.438752	0.360361
-0.137027	-0.468255
-0.886625	-0.85495
4.19761	0.563729
-0.940944	-0.682966
-0.191345	0.227522
-0.712805	0.494385
-0.723669	0.263477
-0.528122	-0.720983
0.0259294	0.274387
-0.854034	-0.688347
-0.940944	-0.655382
-0.691078	-0.10199
-0.615032	-0.512534
-0.75626	-1.49647
-0.2348	-0.554267
0.178022	0.176548
-0.93008	-0.62866
0.656027	0.115224
1.09058	0.0702813
-0.289119	0.182239
-0.528122	0.32709
0.199749	-0.101914
-0.289119	-0.0124082
-0.0718443	0.324633
0.981939	0.733442
-0.452075	-0.285462
-0.571577	0.246309
-0.908353	-0.945518
0.167158	0.119132
1.40563	0.0994779
-0.658487	0.419696
-0.995263	0.47793
-0.745396	0.571013
-0.0935718	0.198637
1.3839	0.45877
-0.419484	-0.0597477
0.471343	0.317808
-0.962671	-0.418437
-0.365165	-0.797893
-0.223937	0.355782
0.971075	0.0137884
1.23181	0.0731013
-0.75626	-0.286092
-0.777988	-0.313052
0.00420194	-0.160957
0.960212	0.361203
-0.58244	-0.762591
-0.310847	0.262319
0.873302	0.0443467
-0.0283893	-0.127201
2.42682	0.398889
-0.908353	0.120624
-0.354302	0.288311
-0.593304	0.188853
-0.58244	-0.347816
0.49307	0.259384
-0.658487	-0.37564
-0.75626	-0.503174
0.590844	-0.45594
-0.658487	-0.128841
0.590844	0.551457
0.199749	0.469124
0.764664	0.696823
1.36217	0.33164
-0.864898	0.0680817
-0.84317	-0.327901
0.384433	-0.49831
-0.734533	-0.273975
-0.799715	-0.0622833
0.00420194	-0.460586
-0.908353	-0.415976
-0.615032	0.354876
-0.886625	0.228027
0.938484	-0.225585
-0.636759	0.273703
-0.49553	0.299955
-0.462939	0.37138
-0.115299	0.401766
0.503934	-0.334566
-0.473803	-0.165431
-0.441212	0.41806
0.612572	0.683373
2.492	0.348364
-0.256528	0.779294
-0.864898	0.255877
0.916757	-0.188362
-0.126163	0.300302
0.351842	0.157772
-0.940944	-0.109172
-0.299983	-0.656475
1.13403	0.378847
0.417024	0.223736
-0.832306	0.50055
-0.310847	-0.0851001
0.406161	0.121857
-0.528122	0.511949
0.569117	0.391973
-0.397757	0.367763
-0.571577	0.473562
-0.84317	-1.61356
1.9814	0.702099
0.373569	-0.479022
-0.593304	-0.488979
0.960212	0.224647
0.895029	0.257421
-0.951808	-1.06042
-0.93008	-0.224253
-0.625895	-0.293916
2.11177	0.575432
-0.169618	-0.197441
0.210613	-0.479859
-0.799715	0.124736
-0.734533	-0.318632
0.981939	0.426974
-0.299983	-0.503458
-0.897489	-0.956954
-0.908353	-0.794505
1.09058	-0.18433
0.145431	0.234546
0.0802482	0.0947102
0.0476569	0.588511
-0.701942	-0.0811512
0.569117	0.654197
-0.376029	0.463952
-0.40862	0.145713
-0.32171	-0.305266
0.384433	0.315863
0.721209	0.230749
2.45941	0.562719
-0.962671	-0.732807
-0.223937	-0.233224
-0.538985	-0.146966
-0.680214	-0.969836
-0.343438	-0.857371
1.21008	-0.0596504
0.656027	0.205019
0.417024	0.209427
1.06885	0.232508
0.710345	0.699141
0.721209	0.617687
-0.625895	0.244161
-0.875761	-0.460089
0.254068	0.825335
-0.734533	-0.272608
-0.039253	0.537866
1.23181	0.382998
-0.137027	0.391572
-0.538985	-1.42864
0.112839	0.0816728
-0.517258	0.257582
-0.701942	0.0322518
-0.115299	0.356931
-0.289119	0.184711
0.960212	-0.195018
-0.919216	-0.606863
1.17749	0.565054
-0.40862	-0.345065
-0.213073	-0.742502
0.0150657	0.473515
-0.940944	-1.19395
-0.2348	0.644697
-0.832306	0.606566
-0.908353	-0.644412
-0.66935	-0.700624
1.00367	0.327686
-0.528122	0.210187
-0.528122	0.377894
-0.940944	-0.927747
3.05691	0.407908
1.34044	0.662428
-0.691078	-0.663488
0.156294	0.465631
2.23127	0.597096
-0.897489	-0.458303
0.210613	0.428556
-0.560713	0.550307
-0.93008	-0.303
-0.701942	-1.04051
-0.75626	-0.186411
0.916757	-0.321414
-0.213073	-0.0421149
-0.919216	-0.853599
-0.213073	0.839534
2.22041	0.287895
0.0802482	0.0105435
-0.691078	-0.860471
-0.919216	0.45459
-1.00613	-1.0554
0.243204	0.3186
-0.777988	-0.187924
-0.223937	-0.172335
1.21008	0.0768583
0.482207	0.534554
-0.875761	-0.127377
0.514798	0.426183
-0.245664	0.122386
-0.169618	0.344939
-0.951808	-0.376394
0.742937	0.474975
-0.625895	0.0277515
-0.777988	0.200548
-0.452075	0.194268
-0.202209	0.302771
0.101976	-0.454071
-0.984399	-0.123003
-0.864898	0.0936754
0.156294	0.624548
-0.115299	0.34861
-0.32171	0.371104
-0.810579	-0.668183
-0.93008	-0.413501
-1.00613	-1.1264
1.16662	0.490212
-0.0718443	0.406516
0.101976	-0.0599646
-0.0609805	0.395525
0.471343	0.0873036
-0.886625	-0.231637
0.0476569	-0.878717
2.30732	0.306951
-0.40862	0.509264
-0.799715	0.0520148
-0.549849	-0.385411
0.232341	-0.0662934
0.340978	-0.276312
-0.191345	-0.559425
-0.0609805	-0.461489
-0.256528	-0.413487
-0.039253	-0.0361385
0.112839	0.0232531
0.623435	-0.187297
-0.93008	0.166023
-0.180482	0.317468
0.514798	0.69241
-0.00666181	0.0933414
-0.658487	-0.515267
0.00420194	0.431407
-0.58244	-0.373195
-0.604168	-0.444934
2.03572	0.644971
-0.984399	-0.32031
0.677754	-0.303093
-0.386893	0.0779457
0.764664	0.0871872
0.134567	0.372508
0.232341	0.451028
0.57998	0.740609
0.221477	0.200127
-0.734533	-0.363867
1.07971	0.0690653
-0.441212	-0.283711
-0.104436	-0.567921
3.38283	-0.163871
-0.788851	-0.374882
-1.03872	-1.27608
0.188886	0.00568756
-0.821443	0.0636167
0.319251	0.128765
-0.93008	-0.578446
-0.560713	0.254386
-0.658487	0.525737
-0.506394	0.177425
-0.0501168	0.103153
-0.647623	-0.714001
-0.886625	-0.259076
-0.223937	-0.131694
-0.832306	-0.931361
3.43715	0.511944
-0.354302	-0.0715855
-0.104436	0.149727
1.70981	0.353193
0.590844	0.214278
-0.365165	-0.448035
-0.419484	-0.106277
0.188886	0.0664138
0.221477	0.141339
0.688618	0.123079
-0.365165	-0.0995991
-0.484667	0.190079
0.167158	0.686223
-0.517258	0.341205
0.764664	0.393679
-0.832306	-0.500239
-0.430348	-0.00314047
-0.777988	-0.289681
-0.223937	-0.481322
-0.832306	0.243226
1.04712	-0.734639
-0.104436	-0.381813
-0.32171	0.173518
0.818983	0.374296
0.92762	-0.143874
0.514798	0.660491
-0.75626	-0.398185
-0.376029	0.229769
-0.191345	0.467781
-0.191345	-0.28744
-0.864898	0.439974
1.31872	-0.0442699
-0.528122	-0.306067
-0.625895	0.038824
2.81791	0.639788
-0.864898	0.147468
-1.00613	-0.0615854
0.427888	0.399127
-0.104436	-0.738479
1.65549	0.44792
-0.995263	-1.47518
-0.864898	-0.192039
-0.082708	0.380037
-0.615032	-0.308495
-0.886625	-1.64823
-0.93008	-0.683992
-0.0283893	0.331739
0.123703	0.34568
-0.0501168	0.248724
-0.14789	-0.0232481
-0.84317	-0.199842
-0.984399	-0.48838
0.884165	0.759667
-0.223937	-0.804629
-0.386893	-0.203725
-0.441212	0.224563
-0.126163	0.229301
-0.647623	0.228929
0.514798	0.404237
2.26386	0.361057
0.406161	0.0207987
-0.886625	0.430085
0.732073	0.511428
-0.734533	0.53977
4.07811	0.266137
-0.864898	-0.529849
-0.354302	-0.0574591
-0.864898	0.388347
0.427888	0.117099
-0.897489	-0.78503
-0.788851	0.349658
0.503934	0.274118
1.32958	0.0893595
1.09058	-0.0910956
-0.886625	-0.0409462
-0.908353	-0.367781
-0.278255	0.288337
1.45994	0.571415
-0.0175256	-0.394203
0.0693844	0.127127
3.18728	0.594454
-0.245664	0.247807
-0.984399	-0.377789
-0.777988	0.142485
-0.560713	-0.277531
-0.560713	-0.534341
-0.734533	0.225371
-0.386893	-0.268415
-0.115299	0.719627
2.35077	0.176328
1.04712	0.360591
-0.484667	-0.0282287
0.656027	0.625257
-0.169618	0.552217
0.688618	0.0261646
-0.701942	-0.0621045
-0.832306	-0.344581
-0.397757	0.270645
-0.332574	-0.212342
2.38336	0.529931
0.57998	0.443428
-0.538985	0.147325
-0.951808	-0.504336
-0.712805	-0.679992
-0.810579	0.158976
-0.821443	0.36164
1.73154	0.623196
-0.0718443	0.774384
-0.712805	-0.485591
0.0802482	0.557843
-0.691078	-0.459539
-0.169618	0.146663
1.18835	0.228425
2.40509	0.505635
-0.202209	0.109473
1.93795	0.807986
2.02486	0.11404
-0.310847	0.256166
1.10144	0.420012
-0.0935718	0.503051
1.30785	0.129299
0.57998	0.042297
-0.615032	0.0180639
-0.213073	0.488092
1.09058	0.770952
-0.767124	-0.346938
-0.604168	0.0562422
0.547389	0.474126
-0.919216	-0.451376
-0.14789	-0.67905
-0.940944	-0.165814
-0.973535	-0.278228
-0.680214	0.133136
-0.864898	-0.341464
0.547389	0.361618
-0.701942	-0.87489
-0.0718443	0.331973
0.916757	0.129246
0.460479	0.214723
0.525662	0.140877
1.5034	0.139464
-0.267392	0.0513285
0.319251	0.509054
-0.0175256	0.131529
-0.593304	0.423795
-0.506394	0.221594
-0.995263	-0.328822
-0.777988	0.192663
-0.919216	-0.876462
-0.625895	-0.0940137
0.612572	0.474029
0.123703	0.193537
-0.973535	-0.954983
0.199749	0.512568
-0.452075	0.238695
1.15576	0.384571
-0.777988	0.422708
0.656027	0.444096
0.00420194	0.412463
1.03626	0.440318
-0.538985	0.133353
-0.810579	-0.420544
0.167158	0.444262
-0.701942	-0.328467
-0.973535	0.236853
0.971075	0.275535
-0.191345	-0.615053
-0.386893	0.243755
-0.332574	0.144665
1.10144	0.471703
-0.0175256	0.314848
-0.484667	0.4303
-0.419484	0.520912
0.829847	0.591689
-0.962671	-0.0203096
0.590844	0.101798
1.43822	0.244033
-0.615032	0.221289
-0.419484	-0.382167
-0.962671	-0.789605
0.710345	0.425239
0.742937	0.130957
-0.940944	-0.445072
0.808119	0.45821
-0.58244	0.770433
-0.821443	-0.354416
-0.169618	-0.235243
-0.0609805	0.392902
-0.267392	0.333585
1.18835	0.206633
-0.799715	-0.645673
-0.506394	0.220612
-0.691078	0.161961
-0.777988	-0.0857203
0.916757	0.395479
-0.680214	-0.126385
-0.0175256	0.383468
-0.40862	-0.349741
0.427888	0.708813
0.677754	0.400934
-0.278255	0.294907
1.68808	0.420539
-0.528122	0.309957
-0.430348	0.315045
-0.951808	-0.0775716
0.514798	0.401358
0.438752	0.250819
-0.104436	-0.357996
1.18835	0.187473
1.51426	0.0480161
0.297523	-0.402863
-0.0718443	0.692218
-0.636759	-1.2678
-0.84317	0.556976
-0.767124	-0.991003
0.645163	-0.0398445
-0.951808	0.12293
-0.343438	0.283585
-0.32171	0.08413
-0.940944	0.513149
3.61097	0.51576
-0.452075	0.268466
0.264932	-1.04254
-0.0283893	0.245915
-0.2348	-0.447073
1.72067	0.429559
-0.0283893	0.454113
-0.604168	0.218673
-0.202209	-0.113852
1.09058	-0.295076
0.101976	0.690353
-0.647623	0.158781
-0.821443	-0.747697
-0.973535	0.508291
0.612572	0.441661
-0.84317	-0.373008
0.243204	-0.0543644
-0.397757	-0.121037
-0.777988	-0.183045
0.427888	0.377741
0.699482	0.638821
-0.625895	-0.124595
0.297523	0.18881
-0.104436	0.326092
0.732073	0.229395
4.33884	0.430245
4.66475	0.677004
0.145431	-0.0611199
-0.58244	-0.289452
2.70927	0.439442
-0.278255	0.0311071
-0.701942	-0.468857
1.1449	0.193085
-0.84317	-0.710991
1.02539	0.459129
-0.365165	-0.106911
0.395297	0.13303
4.52352	0.679742
-0.615032	-0.67532
-0.0935718	0.733857
-0.734533	-0.455105
-0.397757	-0.132952
-0.039253	-0.546363
0.482207	0.325061
-0.549849	0.0126256
-0.604168	-0.187256
-0.256528	0.246106
-0.66935	0.301043
-0.376029	0.312039
-0.973535	-0.593721
2.04659	0.521498
-0.0718443	-0.206293
-0.745396	-0.450208
-0.940944	0.256792
1.15576	0.346755
-0.343438	-0.115232
-0.397757	-0.0413633
-0.332574	-0.0448862
1.21008	0.0331097
-0.49553	0.0495041
-0.875761	0.383705
-0.386893	0.351208
2.01399	0.278621
-0.647623	0.505634
-0.441212	0.084045
-0.680214	-0.591433
0.264932	0.0935665
-0.506394	0.0624804
-0.528122	0.201635
1.05799	0.428873
-0.919216	0.306045
-0.299983	0.483691
-0.604168	-0.500609
-0.473803	-0.384539
-0.886625	-0.714942
-0.484667	0.452592
0.0476569	0.202197
2.31818	0.470376
1.47081	0.295954
-0.58244	0.236191
0.460479	0.119689
-0.821443	0.307792
-0.625895	0.348235
0.199749	0.255425
3.23073	0.511611
-0.32171	0.0574348
-0.267392	-0.037995
0.134567	0.0521677
-0.267392	-0.417104
1.15576	0.354458
-0.832306	0.435542
-0.799715	-0.708924
0.57998	-0.279922
3.69788	0.506247
3.23073	0.118863
-0.712805	-0.405037
-0.32171	0.314798
-0.701942	0.136478
-0.2348	0.415956
-0.864898	-1.03851
-0.169618	0.403589
-0.84317	-1.55682
-0.854034	0.303677
-0.864898	-0.261324
-0.962671	-0.850367
-0.767124	-0.763841
2.97	0.526746
-0.32171	-0.439115
-0.940944	-0.242354
-0.376029	0.468677
-0.115299	0.366913
0.949348	0.470209
0.656027	0.522204
-0.0283893	-0.520182
-0.506394	-0.185257
-0.897489	-0.150233
0.797255	0.283247
0.536525	0.0304961
-0.701942	0.245403
-0.788851	-0.521889
0.112839	0.0397894
-0.723669	-0.0323389
-0.832306	0.425037
-0.810579	0.295544
-0.158754	-0.0815896
0.57998	0.46928
0.84071	0.0418781
2.31818	0.40736
-0.810579	0.203284
0.721209	0.544146
0.7538	0.0874677
-0.213073	-0.00506937
2.41595	0.36692
-0.343438	0.11864
-0.745396	-0.406597
-0.549849	0.458635
-0.528122	0.463572
-0.039253	0.485939
0.797255	0.397481
0.178022	0.167563
-0.680214	-0.57042
1.1123	0.506628
1.12317	0.729675
0.960212	0.335374
0.721209	0.509182
-0.343438	0.193443
-0.658487	0.352837
1.88363	-0.0518805
-0.962671	-0.680846
1.7424	0.664373
-0.213073	0.366879
-0.832306	-0.0720675
0.460479	0.425267
0.330114	0.112892
-0.745396	-0.784257
-0.886625	-1.00669
-0.84317	-0.329115
1.03626	0.482167
0.362706	0.0939155
-0.14789	-0.503981
2.52459	0.600359
-0.256528	0.231892
0.112839	-0.080198
-0.604168	-0.899948
-0.777988	0.278829
-0.962671	-1.60483
-0.104436	0.158656
0.232341	0.45919
-0.310847	-0.56581
0.503934	0.174362
-0.32171	-0.0383443
-0.0935718	0.212256
-0.908353	-0.691656
-0.49553	-0.372536
0.264932	0.414628
0.156294	0.149945
1.13403	0.181739
-0.658487	-0.663626
0.286659	0.287972
1.43822	0.510367
-0.75626	-0.265001
-0.984399	-0.951968
-0.115299	0.16435
-0.767124	-0.581695
0.395297	0.358086
-0.386893	-0.397445
0.340978	0.316009
-0.832306	-0.369146
0.0367932	0.422809
-0.777988	-0.486797
-0.712805	0.0344703
-0.213073	-0.251482
-0.66935	0.0574041
-0.506394	0.27724
0.406161	-0.249415
2.42682	0.739142
0.308387	0.699085
-0.082708	0.0806853
-0.93008	-0.319785
-0.256528	0.320899
1.13403	0.376749
-0.973535	-0.328726
1.05799	0.484309
0.112839	0.138243
-1.01699	-0.640682
-0.604168	-0.629867
-0.126163	-0.473663
-0.549849	0.129768
0.427888	0.804063
-0.832306	-1.00287
-0.332574	0.118077
2.27472	0.574829
3.90429	0.573719
1.93795	0.348362
-0.767124	0.381336
0.0693844	0.557251
-0.93008	-0.371583
-0.84317	-0.433348
-1.00613	-1.18609
-0.854034	-0.348172
-0.875761	-0.342694
3.46974	0.505988
1.60117	0.331401
-0.875761	-0.330034
-0.832306	-0.163157
-0.332574	-0.701854
-0.430348	0.368957
-0.832306	0.259095
0.536525	0.717816
-0.289119	0.101223
0.297523	-0.131954
-0.625895	-0.263289
-0.886625	0.411866
1.1449	0.653519
0.0367932	0.302563
0.905893	0.178156
-0.908353	-0.273893
-0.528122	-0.455662
-0.593304	-0.492925
1.16662	0.583129
-0.821443	-0.590303
1.5034	0.175488
2.731	0.323027
-0.419484	0.334563
1.7424	0.210539
0.688618	0.039697
-0.419484	-0.12565
2.731	0.543533
-0.58244	-0.361291
0.590844	0.670546
-1.00613	0.245857
-0.0935718	0.221202
0.612572	0.149717
-0.680214	-0.299383
-0.615032	0.475713
0.460479	0.0479261
0.960212	0.390927
-0.560713	0.366306
-0.84317	-0.106294
1.6229	0.583087
0.112839	0.153643
-0.354302	-0.213607
0.0585207	0.359438
3.6001	0.362466
0.851574	0.374073
-0.0501168	0.314087
0.254068	-0.208189
3.14382	0.645256
0.851574	0.135051
0.92762	-0.295028
-0.0283893	0.766523
0.134567	-0.0343545
-0.767124	-0.358375
-0.517258	-0.21771
-0.734533	-0.153119
0.0367932	-0.00977273
0.514798	0.4664
-0.788851	-0.576858
-0.419484	-0.175726
0.558253	0.0833608
-0.180482	0.5516
-0.962671	-0.162395
-0.984399	-0.393224
-0.180482	-0.316985
-0.593304	0.562559
-0.680214	-0.0664176
-0.984399	-0.684848
-0.84317	-0.287635
-0.734533	0.535994
0.482207	0.533491
-0.376029	0.239945
0.0911119	0.360092
0.590844	0.558284
-0.40862	0.183033
-0.169618	-0.39574
-0.560713	0.483975
-0.256528	0.635326
1.41649	0.772301
-0.397757	-0.0158955
-0.821443	-0.0261475
-0.984399	-0.55563
-0.636759	-0.311235
1.1123	0.809735
-0.93008	-0.361004
-0.864898	-0.102348
2.00313	0.340904
0.66689	0.258974
0.0367932	0.428536
0.254068	-0.0889355
1.42735	-0.143295
-0.310847	0.432786
-0.625895	-0.597801
-0.832306	-0.0910618
-0.256528	-0.258802
-0.995263	-0.586728
-0.680214	0.293001
1.3839	0.377199
-0.32171	0.500885
-0.0718443	0.00269461
-0.180482	0.0473594
-0.788851	-1.10278
0.895029	0.715657
0.623435	-0.1195
-0.875761	-1.45057
1.49254	0.259931
-0.593304	0.468957
0.264932	-0.0156443
-0.973535	-0.0381539
-0.0935718	0.246714
-0.951808	-0.206082
-0.864898	-0.154748
-0.625895	0.6924
-0.897489	0.0258344
-0.767124	-0.0738373
-0.343438	-0.109492
-0.115299	0.457369
2.253	0.57754
-0.58244	0.407058
-0.2348	-0.106203
1.28612	0.516683
-0.897489	-1.02163
1.64463	0.396366
-0.473803	-0.890652
0.319251	-0.254089
1.49254	0.418711
-0.886625	-1.07911
1.48167	0.684675
-0.821443	0.319105
2.40509	0.611912
-0.625895	0.372706
-0.886625	0.0219205
-0.767124	-0.69542
0.00420194	-0.254454
-0.169618	0.317577
0.395297	0.532938
-0.419484	0.0365696
0.0150657	0.387307
0.384433	0.322446
-0.376029	-0.645842
1.29699	-0.684602
0.308387	0.464078
-0.973535	-0.34485
-0.962671	-2.35116
-0.256528	-0.331883
-0.951808	-0.187226
-0.593304	-0.646464
0.221477	0.235745
-0.691078	-0.0939712
1.02539	-0.00237375
-0.0609805	0.305047
0.84071	0.302524
1.15576	0.292385
-1.01699	-1.5612
-0.137027	0.670764
2.00313	0.654354
-0.995263	-1.1288
2.42682	0.345791
-0.984399	-0.530639
-0.875761	-0.537762
-0.75626	0.149751
-0.0175256	-0.518202
3.08951	0.345542
1.84017	0.645437
-1.00613	-0.0676225
0.656027	0.563951
-0.788851	0.103776
1.3839	0.564524
-0.441212	0.176024
0.84071	-0.109463
1.91622	-0.32438
0.188886	-0.194499
1.7424	0.448163
-1.01699	-0.621073
-0.32171	0.020825
-0.897489	-0.602298
-0.821443	-0.911159
1.65549	0.405681
-0.245664	-0.0684626
1.1123	0.311057
0.123703	0.219585
-0.973535	-0.37372
-0.66935	-1.60323
-0.0283893	0.220344
-0.886625	-0.498283
2.66582	0.394312
-0.506394	-0.940925
-0.397757	-0.686878
-0.343438	0.49677
-1.00613	-0.76712
-0.973535	0.241667
-0.419484	0.359846
-0.75626	0.095775
0.145431	0.272687
0.612572	-0.0618661
-0.549849	-0.0942002
0.895029	0.553819
-0.919216	-0.3275
0.0259294	0.451336
-0.462939	-0.239775
-0.951808	-0.281919
-0.821443	0.357651
0.134567	0.485346
0.949348	0.544219
-0.419484	0.430825
0.395297	0.16286
0.0367932	0.216543
-1.02785	-1.48623
0.7538	0.417213
-0.973535	-0.38451
-1.02785	-0.223487
0.688618	0.0997539
-0.951808	-0.00451391
-0.528122	-0.736743
-0.430348	0.292691
0.395297	0.471141
-0.788851	0.0860344
0.612572	0.206543
-0.691078	0.29734
-0.332574	-0.255258
2.58977	0.150589
0.210613	0.37786
0.482207	0.0739896
0.373569	-0.061544
-0.691078	-0.430244
-0.14789	-0.0947638
-0.354302	0.458177
-0.973535	-0.553106
0.721209	-1.02517
2.72014	0.469375
-0.0718443	0.0953431
-0.213073	-0.392449
-0.365165	0.264204
0.0693844	0.37752
-0.310847	0.58544
-0.767124	0.218867
-0.126163	-0.848315
0.0476569	-0.0859314
1.1449	0.278859
0.123703	0.624986
0.112839	0.0257519
-0.538985	0.377974
0.797255	0.347068
2.8505	0.247577
-0.832306	-0.261489
0.916757	0.561463
-0.126163	0.38162
-0.691078	-0.953495
-0.908353	-0.272111
0.960212	0.324916
-0.354302	0.224871
4.37143	0.48457
0.460479	0.30923
-0.84317	-1.1106
-0.908353	-1.40593
0.134567	-0.344225
0.199749	0.289224
-0.310847	0.467218
-0.777988	-1.05027
-0.973535	-0.378471
-0.897489	-0.918858
-0.506394	-0.187657
-0.538985	0.0492637
-0.40862	0.473685
-0.897489	-1.00959
0.981939	0.254856
1.77499	0.369488
-0.75626	0.315112
-0.691078	0.502024
0.0693844	-0.226948
-0.376029	0.0923019
-0.202209	-0.409263
-0.995263	-0.813271
-0.658487	0.329847
1.79672	0.450531
0.449616	0.447185
-0.245664	0.124801
-0.864898	0.531269
0.0693844	-0.235764
0.677754	-0.512569
-0.441212	0.379458
0.732073	0.686943
0.677754	0.0167159
-0.32171	0.217839
-0.278255	0.142255
1.79672	-0.377266
-0.821443	0.381611
-0.875761	-0.0275541
-0.951808	-0.131576
0.427888	0.41453
