EXPERIMENT
==========
2025-04-23 12:22:40

ANNBFIS, neuro-fuzzy system with logical interpretation of fuzzy rules
ANNBFIS
number of rules:     10
number of clustering iterations: 100
number of tuning interations:    100
learning coefficient: 0.001
partitioner: fcm
implication: Reichenbach
normalisation:   false
RMSE for train data: 0.8823
RMSE for test data:  0.864392
MAE  for train data: 0.639616
MAE  for test data:  0.630711
fuzzy rule base creation time: 169 [s]


fuzzy rule base
RULE 1

logical rule
implication: Reichenbach
premise: 
premise
desciptors
1: 
descriptor: gaussian
   c == -53.2321
   s == 0.505163

2: 
descriptor: gaussian
   c == -4.3523
   s == 0.504514

3: 
descriptor: gaussian
   c == -32.6077
   s == 0.521873

4: 
descriptor: gaussian
   c == 16.1778
   s == 0.543772

5: 
descriptor: gaussian
   c == -23.8435
   s == 0.666043


consequence: 
linear parameters: 1  1  1  1  1  1  
support width: 2

RULE 2

logical rule
implication: Reichenbach
premise: 
premise
desciptors
1: 
descriptor: gaussian
   c == -3742.97
   s == 8959.11

2: 
descriptor: gaussian
   c == 424.033
   s == 1505.86

3: 
descriptor: gaussian
   c == 225.17
   s == 401.89

4: 
descriptor: gaussian
   c == -441.579
   s == 1179.21

5: 
descriptor: gaussian
   c == -1012.83
   s == 2847.39


consequence: 
linear parameters: -0.0437698  0.660778  -0.778895  -0.154635  -0.143964  -0.000546048  
support width: 2

RULE 3

logical rule
implication: Reichenbach
premise: 
premise
desciptors
1: 
descriptor: gaussian
   c == 288005
   s == 1.41199

2: 
descriptor: gaussian
   c == 110723
   s == 0.868155

3: 
descriptor: gaussian
   c == 12859.2
   s == 6.02565

4: 
descriptor: gaussian
   c == -1343.37
   s == 34.3432

5: 
descriptor: gaussian
   c == -229000
   s == 0.673


consequence: 
linear parameters: 1  1  1  1  1  1  
support width: 2

RULE 4

logical rule
implication: Reichenbach
premise: 
premise
desciptors
1: 
descriptor: gaussian
   c == -1.49059
   s == 0.396517

2: 
descriptor: gaussian
   c == 5.60423
   s == 0.403625

3: 
descriptor: gaussian
   c == -2.62308
   s == 0.417942

4: 
descriptor: gaussian
   c == -0.307205
   s == 0.447517

5: 
descriptor: gaussian
   c == -1.58543
   s == 0.518843


consequence: 
linear parameters: 1  1  1  1  1  1  
support width: 2

RULE 5

logical rule
implication: Reichenbach
premise: 
premise
desciptors
1: 
descriptor: gaussian
   c == -8405.99
   s == 1.50821

2: 
descriptor: gaussian
   c == 37516.1
   s == 1.33031

3: 
descriptor: gaussian
   c == 1360.9
   s == 2790.16

4: 
descriptor: gaussian
   c == -3403.96
   s == 1827.89

5: 
descriptor: gaussian
   c == -3572.39
   s == 1.56508


consequence: 
linear parameters: 1  1  1  1  1  1  
support width: 2

RULE 6

logical rule
implication: Reichenbach
premise: 
premise
desciptors
1: 
descriptor: gaussian
   c == -6.87826
   s == 0.277881

2: 
descriptor: gaussian
   c == 24.3623
   s == 11.2004

3: 
descriptor: gaussian
   c == 24.4486
   s == 13.0833

4: 
descriptor: gaussian
   c == -33.5473
   s == 31.7254

5: 
descriptor: gaussian
   c == 103.099
   s == 413.018


consequence: 
linear parameters: 1  1  1  1  1  1  
support width: 2

RULE 7

logical rule
implication: Reichenbach
premise: 
premise
desciptors
1: 
descriptor: gaussian
   c == 45.2754
   s == 69.3618

2: 
descriptor: gaussian
   c == -19.7469
   s == 24.8441

3: 
descriptor: gaussian
   c == -14.2204
   s == 0.391983

4: 
descriptor: gaussian
   c == 38.0466
   s == 0.422414

5: 
descriptor: gaussian
   c == 39.2056
   s == 183.702


consequence: 
linear parameters: 1  1  1  1  1  1  
support width: 2

RULE 8

logical rule
implication: Reichenbach
premise: 
premise
desciptors
1: 
descriptor: gaussian
   c == -15.8014
   s == 2.05181

2: 
descriptor: gaussian
   c == -3.49173
   s == 8.92971

3: 
descriptor: gaussian
   c == 55.849
   s == 148.356

4: 
descriptor: gaussian
   c == -39.8503
   s == 74.0022

5: 
descriptor: gaussian
   c == 55.044
   s == 154.375


consequence: 
linear parameters: 1  1  1  1  1  1  
support width: 2

RULE 9

logical rule
implication: Reichenbach
premise: 
premise
desciptors
1: 
descriptor: gaussian
   c == 1.13306e+06
   s == 2.90729

2: 
descriptor: gaussian
   c == -8741.7
   s == 43.762

3: 
descriptor: gaussian
   c == 288574
   s == 5.05826

4: 
descriptor: gaussian
   c == -39697.9
   s == 18.295

5: 
descriptor: gaussian
   c == 1369.23
   s == 175.748


consequence: 
linear parameters: 1  1  1  1  1  1  
support width: 2

RULE 10

logical rule
implication: Reichenbach
premise: 
premise
desciptors
1: 
descriptor: gaussian
   c == -184.261
   s == 0.443189

2: 
descriptor: gaussian
   c == -14.6021
   s == 0.512329

3: 
descriptor: gaussian
   c == -42.401
   s == 0.502486

4: 
descriptor: gaussian
   c == -23.8543
   s == 11.7156

5: 
descriptor: gaussian
   c == -95.591
   s == 0.575946


consequence: 
linear parameters: 1  1  1  1  1  1  
support width: 2



linguistic description of fuzzy rule base
RULE 1

IF input 1 is distinctly micro AND input 2 is distinctly micro AND input 3 is distinctly micro AND input 4 is distinctly giant AND input 5 is distinctly micro THEN  input 1 has low positive importance AND input 2 has low positive importance AND input 3 has low positive importance AND input 4 has low positive importance AND input 5 has low positive importance AND constant term is medium.

RULE 2

IF input 1 is loosely micro AND input 2 is loosely giant AND input 3 is loosely giant AND input 4 is loosely micro AND input 5 is loosely micro THEN  input 1 has low negative importance AND input 2 has low positive importance AND input 3 has low negative importance AND input 4 has low negative importance AND input 5 has low negative importance AND constant term is small.

RULE 3

IF input 1 is moderately giant AND input 2 is distinctly giant AND input 3 is loosely giant AND input 4 is loosely micro AND input 5 is distinctly micro THEN  input 1 has low positive importance AND input 2 has low positive importance AND input 3 has low positive importance AND input 4 has low positive importance AND input 5 has low positive importance AND constant term is medium.

RULE 4

IF input 1 is strictly micro AND input 2 is strictly giant AND input 3 is strictly micro AND input 4 is strictly small AND input 5 is distinctly micro THEN  input 1 has low positive importance AND input 2 has low positive importance AND input 3 has low positive importance AND input 4 has low positive importance AND input 5 has low positive importance AND constant term is medium.

RULE 5

IF input 1 is moderately micro AND input 2 is moderately giant AND input 3 is loosely giant AND input 4 is loosely micro AND input 5 is moderately micro THEN  input 1 has low positive importance AND input 2 has low positive importance AND input 3 has low positive importance AND input 4 has low positive importance AND input 5 has low positive importance AND constant term is medium.

RULE 6

IF input 1 is strictly micro AND input 2 is loosely giant AND input 3 is loosely giant AND input 4 is loosely micro AND input 5 is loosely giant THEN  input 1 has low positive importance AND input 2 has low positive importance AND input 3 has low positive importance AND input 4 has low positive importance AND input 5 has low positive importance AND constant term is medium.

RULE 7

IF input 1 is loosely giant AND input 2 is loosely micro AND input 3 is strictly micro AND input 4 is strictly giant AND input 5 is loosely giant THEN  input 1 has low positive importance AND input 2 has low positive importance AND input 3 has low positive importance AND input 4 has low positive importance AND input 5 has low positive importance AND constant term is medium.

RULE 8

IF input 1 is mildly micro AND input 2 is loosely micro AND input 3 is loosely giant AND input 4 is loosely micro AND input 5 is loosely giant THEN  input 1 has low positive importance AND input 2 has low positive importance AND input 3 has low positive importance AND input 4 has low positive importance AND input 5 has low positive importance AND constant term is medium.

RULE 9

IF input 1 is mildly giant AND input 2 is loosely micro AND input 3 is loosely giant AND input 4 is loosely micro AND input 5 is loosely giant THEN  input 1 has low positive importance AND input 2 has low positive importance AND input 3 has low positive importance AND input 4 has low positive importance AND input 5 has low positive importance AND constant term is medium.

RULE 10

IF input 1 is strictly micro AND input 2 is distinctly micro AND input 3 is distinctly micro AND input 4 is loosely micro AND input 5 is distinctly micro THEN  input 1 has low positive importance AND input 2 has low positive importance AND input 3 has low positive importance AND input 4 has low positive importance AND input 5 has low positive importance AND constant term is medium.







train data
expected	elaborated
===========================
-0.832306	0.0845389
-0.745396	-0.0436445
-0.84317	-0.573905
0.601708	0.279383
0.742937	0.483603
-0.332574	-0.495534
-0.039253	0.245281
-0.625895	0.322076
-0.604168	0.164299
-0.908353	-0.159069
-0.973535	-0.443649
-0.202209	0.0443342
-0.908353	-0.871197
-0.854034	-0.249217
-0.767124	-0.164001
-0.821443	0.183931
-0.560713	0.385273
-0.462939	0.282763
-0.919216	-1.35471
-0.452075	-0.00134703
1.07971	-0.481923
-0.376029	-0.347131
0.254068	0.339429
0.7538	-0.651506
-0.158754	-0.279583
-0.625895	-0.793676
-0.973535	0.369291
-0.625895	-0.459327
-0.32171	-0.175866
-0.93008	-0.55343
-0.202209	0.206512
-0.104436	-0.0590971
1.39476	0.58488
2.60064	0.247117
-0.462939	0.351159
0.427888	0.46851
-0.886625	0.331475
-0.202209	0.100481
0.645163	0.567967
1.40563	-0.783307
3.44801	0.51849
-0.875761	-0.00873045
-0.66935	0.307148
0.688618	0.108487
0.449616	0.565992
-0.984399	-1.0377
0.916757	0.166539
-0.158754	0.268641
-0.0609805	0.176038
-0.84317	0.247175
0.286659	0.347165
-0.267392	-0.470619
-0.0283893	0.208996
-0.908353	-0.803359
-0.854034	-0.627388
1.51426	0.316665
0.210613	0.20531
-0.962671	-0.542511
-0.137027	0.0309017
1.80758	-0.16179
1.44908	-0.337003
0.210613	0.107065
-0.386893	0.186799
-0.832306	-0.150395
0.49307	0.0392136
-0.332574	0.21891
-0.93008	-0.0643924
-0.66935	0.393584
-0.278255	0.498328
-0.84317	-0.741705
1.13403	0.15433
-1.00613	-1.1897
-0.93008	0.244846
0.101976	0.201514
0.84071	0.475738
0.569117	0.651238
-0.528122	-0.356867
0.612572	0.56419
3.26333	0.465558
-0.919216	0.140011
-0.549849	-0.124051
-0.701941	0.0611419
-0.484667	0.207767
0.0911119	-0.570459
0.57998	0.0473092
-0.082708	-0.500251
0.221477	-0.0753368
-0.799715	0.298712
-0.864898	0.267644
0.699482	-0.0193905
0.254068	0.472411
-0.680214	0.309046
-0.984399	-0.365345
0.373569	0.589536
-0.66935	-0.545107
0.0911119	0.378408
-0.919216	-0.258183
-0.951808	-0.801162
0.199749	0.0398653
-0.58244	-0.0201898
1.34044	-0.199904
-0.832306	-0.0774446
-0.777988	-0.165188
0.7538	0.154245
-0.462939	-0.275638
-0.506394	-0.319013
-0.2348	0.564541
-0.593304	-0.186996
-0.962671	-1.39006
-0.854034	-0.0111849
-0.517258	-0.0574972
1.10144	0.422071
-0.897489	-0.657732
0.590844	0.0403626
-0.528122	-0.401228
0.254068	0.339745
2.53545	0.0838802
0.243204	0.359748
-0.984399	-0.715504
1.2644	0.36706
0.558253	0.244356
-0.973535	-0.956525
-0.897489	-0.0600237
0.851574	0.473182
-0.191345	0.100949
-0.93008	-0.0694947
-0.115299	0.332533
-0.506394	0.100639
-0.897489	-0.173696
0.992803	0.124374
1.64463	0.443886
-0.984399	-0.230942
-0.104436	0.648165
-0.951808	-1.30443
-0.919216	0.466814
-0.864898	-0.366625
-0.528122	0.0369582
4.05638	0.543948
-0.897489	-0.637974
-0.897489	-0.469165
-0.528122	-0.0019055
-0.0283893	-0.128714
1.37303	0.269231
-0.821443	-1.54574
1.60117	0.776817
-0.082708	-1.04606
1.43822	0.896977
-0.93008	-0.832952
0.373569	0.384534
0.286659	0.00912098
-0.832306	-0.28159
-0.32171	0.432308
-0.680214	0.291743
-0.886625	-0.580283
-0.854034	-0.157731
-0.886625	-0.363706
-0.223937	0.0299145
0.449616	0.339271
0.601708	0.291197
-0.647623	0.284727
0.417024	0.582408
-0.940944	-0.783443
0.764664	0.0694506
-0.158754	0.0937178
-0.897489	0.287898
-0.430348	0.466764
-0.365165	-0.759003
0.612572	0.504203
0.417024	0.284425
-0.908353	-0.691448
-0.310847	0.230574
2.45941	0.342493
-0.0609805	-0.086791
-0.332574	0.4795
1.13403	-0.0654284
-0.93008	-0.25645
-0.777988	0.298603
-0.0935718	0.504408
-0.506394	-0.0911558
-0.875761	-0.670519
-0.267392	0.464952
-0.940944	-0.910501
-0.2348	0.185444
-0.039253	-0.153595
-0.49553	-0.214093
-0.40862	-0.158192
0.0585207	0.451034
-0.386893	0.0837972
0.319251	0.0329715
2.24213	0.377221
1.93795	0.531066
0.427888	0.292504
-0.962671	-0.79922
-0.962671	-0.674347
-0.84317	-0.180827
0.0367932	0.228121
-0.158754	0.166881
3.9912	0.580171
-0.462939	-0.664448
-0.40862	-0.0646665
-0.180482	-0.172279
-0.66935	0.321684
-0.832306	-0.394485
0.525662	0.0333473
-0.821443	-0.411085
0.188886	-0.127955
0.656027	0.350267
-0.995263	0.0766483
-0.962671	-0.408553
0.677754	0.23838
1.28612	0.235895
-0.484667	0.0857011
-0.951808	-0.620072
0.395297	0.582806
-0.84317	0.65188
-0.723669	0.37128
-0.821443	-0.561599
-0.799715	-0.94153
-0.658487	-0.555623
-0.864898	-0.0321491
0.547389	0.120627
-0.691078	0.153783
-0.821443	-0.98613
0.101976	-0.292094
-0.0718443	0.603548
0.514798	0.638422
-0.995263	-0.650128
-0.93008	0.066845
-0.137027	0.307475
-0.191345	0.278021
-0.115299	0.222248
-0.593304	0.192018
4.33884	0.421274
-0.0935718	-0.085936
-0.908353	-0.524538
0.145431	0.384628
-0.875761	-0.21775
-0.875761	-0.467275
-0.452075	0.139208
-0.517258	-0.962152
0.775528	0.587087
-0.560713	0.70503
-0.680214	0.263004
-0.951808	0.140485
-0.723669	-0.355719
0.688618	-0.0454618
3.80651	0.671384
-0.875761	-0.576205
-0.0501168	0.321844
-0.343438	-0.00950912
-0.430348	0.311423
-1.00613	-0.958433
-0.397757	0.51773
0.340978	-0.188251
0.243204	0.48009
0.797255	0.46046
-0.289119	0.554534
1.35131	0.433233
-0.0283893	-0.0323647
-0.452075	-0.501392
0.101976	0.493037
3.55665	0.137198
-0.386893	0.566642
-0.245664	-0.349047
-0.528122	-0.61039
-0.213073	0.383005
0.275796	0.512498
-0.560713	0.431813
0.721209	0.26781
-0.962671	0.442557
-0.0718443	0.0447551
-0.32171	0.323477
-0.14789	0.192703
-0.169618	0.589111
0.612572	0.587268
0.0802482	0.521913
-0.560713	-0.273482
-0.788851	0.403049
-0.951808	-0.897565
-0.452075	0.781509
-0.506394	-0.257666
-0.256528	0.0257267
1.03626	0.395734
0.0802482	0.392283
-0.158754	-0.0302508
1.65549	0.0500441
0.797255	0.355086
-0.864898	-0.0860599
-0.213073	0.38336
0.123703	0.0878382
0.406161	-0.354877
0.656027	0.248225
2.32904	0.237081
-0.560713	-0.165173
0.243204	0.390633
-0.082708	0.478891
-0.191345	0.24365
0.351842	0.617803
-0.701941	0.0517004
-0.701941	0.00805663
-0.158754	0.132123
0.884165	0.875053
0.916757	-0.327498
0.362706	0.295675
-0.180482	0.401364
0.895029	0.479457
0.938484	-0.0208571
-0.473803	-0.232102
0.677754	0.720021
-0.886625	-0.577187
-0.343438	0.112601
0.0802482	0.397302
-0.376029	0.429555
0.0476569	0.120078
0.66689	0.160881
-0.875761	0.00842907
-0.962671	-0.761956
-0.995263	-0.868319
0.677754	0.271301
1.43822	0.450104
0.123703	0.219029
-0.180482	0.372971
-0.00666181	-0.00120812
0.514798	0.425609
-0.788851	-0.524137
-0.712805	0.253638
-0.462939	0.000546038
-0.93008	0.0595892
0.254068	0.106438
0.895029	0.724043
-0.604168	-0.527486
-0.897489	0.0303199
-0.886625	-0.41234
-0.473803	-0.143095
0.373569	0.141175
-0.745396	-0.468953
0.677754	-0.0571769
-0.484667	0.198816
-0.376029	0.557983
-0.93008	-0.0100613
-0.908353	-1.04013
-0.169618	0.191185
1.10144	0.408296
3.78479	0.77695
-0.897489	-0.550238
0.677754	0.720021
-0.973535	-0.721434
1.35131	0.257876
-0.995263	-0.731242
-0.441212	-0.0154973
-0.0935718	0.0788905
1.12317	0.618233
-0.745396	-0.0427692
-0.951808	0.489586
0.916757	0.443498
-0.777988	0.226413
0.123703	-0.22423
0.775528	0.766762
0.210613	0.43709
2.30732	0.647744
-0.680214	-0.188169
-0.115299	-0.311303
0.786392	0.566961
3.20901	0.507327
1.19921	0.343625
0.92762	0.375716
-0.376029	-0.226089
-0.365165	0.466976
-0.962671	-1.12957
-0.691078	0.139269
-0.788851	-0.650707
2.41595	0.727075
-0.49553	0.30747
0.547389	0.45459
-0.506394	-0.940629
-0.0935718	0.296019
-0.506394	0.78968
-0.137027	0.53724
1.35131	0.453654
-0.191345	-0.451933
-0.984399	0.38188
0.590844	0.536537
-0.788851	-0.407302
-0.886625	0.426598
-0.158754	-0.189564
0.427888	-0.35918
-0.84317	-0.667447
-0.995263	-0.192677
-0.082708	0.549565
-0.701941	-0.35978
-0.734533	-0.174321
-0.84317	-0.298859
-0.897489	-0.893214
-0.452075	-0.176313
1.67722	0.303865
0.188886	0.0183323
-0.962671	-1.01544
-0.84317	0.337423
3.26333	0.324896
-0.832306	-0.623646
-0.962671	-0.618885
0.178022	0.164897
1.16662	0.434734
0.721209	0.521857
0.330114	-0.11109
0.677754	0.493123
0.178022	0.277509
0.123703	-0.432416
-0.115299	0.551219
-0.104436	0.238294
0.0585207	0.188837
0.145431	0.213548
1.90536	0.281964
-0.940944	-1.0735
-0.691078	-0.642203
-0.528122	0.422808
-0.897489	-0.936044
0.156294	-0.25195
-0.680214	-0.178005
0.645163	0.495256
0.297523	-0.638476
1.87277	0.433327
-0.908353	-0.829935
-0.897489	-0.0983655
-0.0175256	0.776579
-0.625895	0.190858
-0.0609805	0.00488445
-0.84317	-0.928424
0.330114	-0.296645
-0.973535	-1.31057
-0.0175256	0.246354
4.31711	0.54997
-0.951808	-0.366695
1.23181	0.652741
-0.169618	-0.204041
0.319251	0.444872
-0.691078	0.277392
-0.832306	-0.234026
-0.365165	-0.166845
1.12317	0.0257828
0.101976	0.0969226
0.634299	0.232664
0.536525	-0.514726
0.286659	0.274687
-0.571577	0.148604
0.275796	0.191948
-0.40862	-0.275138
0.134567	-0.449264
-0.854034	-0.55473
-0.615032	-0.600892
-0.278255	0.340558
-0.940944	0.138874
-0.701941	-0.32534
-0.0283893	0.0479686
0.634299	0.123124
-0.202209	0.0899371
1.64463	0.307053
0.862438	0.449799
0.634299	0.0478969
-0.213073	0.44927
-0.875761	-0.467275
-0.538985	0.373044
-0.517258	-0.546593
0.66689	-0.00564579
2.33991	-0.0980145
0.0693844	-0.20615
-0.571577	0.465467
-0.615032	0.0113654
-0.310847	0.468853
-0.452075	-0.280598
-0.875761	-0.489831
-0.701941	0.590075
-0.310847	-0.340791
0.221477	0.0764951
-0.202209	-0.264175
1.2644	0.455575
-0.723669	-0.15694
1.18835	-0.0174475
0.460479	0.424165
0.286659	0.718428
-0.886625	-0.623164
-0.517258	-0.432418
-0.278255	0.264112
-0.897489	-0.383905
0.66689	-0.0778542
-0.126163	-0.534801
-0.832306	-0.748368
-0.951808	-0.584613
1.39476	0.265452
-0.886625	-0.421845
-0.864898	0.33441
0.199749	0.292843
-0.995263	-0.349165
-0.680214	-0.0824979
0.547389	0.522851
1.29699	0.416283
-0.919216	-1.06657
-0.213073	-0.795711
0.101976	0.484693
-0.951808	-0.419031
-0.875761	0.232507
-0.995263	-0.868319
0.243204	-0.0910863
0.264932	0.450757
2.19868	0.434675
0.688618	0.571455
1.13403	0.520106
1.07971	0.353042
-0.376029	-0.748299
-0.115299	-0.508261
1.19921	0.562788
0.645163	0.184167
1.37303	0.815714
-0.886625	-0.388978
0.210613	0.394957
0.656027	0.738279
0.264932	0.27803
0.156294	0.332325
-0.962671	-0.285996
0.0585207	-0.750721
-0.636759	0.815651
0.949348	-0.108971
0.656027	0.401336
-0.256528	-0.578373
0.84071	0.600711
-0.082708	0.541543
0.406161	-0.294858
-0.832306	-0.137093
1.37303	-0.220713
-0.984399	-0.659792
0.308387	0.563727
0.590844	0.0839514
0.471343	0.536023
-0.951808	-0.485043
-0.332574	-0.186994
0.547389	0.109729
-0.289119	0.401567
0.112839	-0.462792
-0.528122	-0.285106
0.00420194	0.0486247
0.938484	-0.243556
-0.289119	0.384259
-0.0718443	0.488409
-0.0175256	0.167251
0.340978	0.286838
2.60064	0.293145
1.8619	0.0586915
0.112839	-0.0332509
-0.441212	0.388247
-0.658487	0.0230569
3.42628	0.464306
0.732073	0.348791
1.2644	0.123915
0.971075	0.643471
-0.267392	0.463253
0.764664	0.472654
-0.84317	0.0377294
2.22041	0.510374
0.351842	0.192814
-0.310847	-0.123765
-0.082708	0.409507
-0.75626	-0.430003
0.503934	0.500228
0.0911119	0.624805
-0.734533	-0.583925
2.20954	0.0701484
0.308387	0.180235
-0.84317	-0.257369
-0.430348	0.557116
0.645163	0.369309
1.01453	0.507064
0.362706	0.354315
-0.58244	0.0682536
-0.332574	0.562648
-0.745396	-0.58731
0.0150657	0.431446
-0.832306	0.0700919
-0.951808	-0.50334
-0.082708	-0.0368689
-0.854034	-0.0523137
-0.0935718	0.391006
2.65496	0.17013
-0.810579	-0.0314801
1.27526	0.277985
0.0259294	-0.62239
2.94828	0.526688
-0.278255	-0.411506
0.829847	-0.312445
-0.202209	0.694253
-0.549849	-0.295462
-0.691078	0.188644
0.949348	0.675997
-0.908353	-1.60687
2.1335	0.243112
-0.767124	0.429687
-0.962671	-0.969512
0.57998	0.386594
0.427888	0.123818
-0.973535	-0.75862
-0.517258	0.344683
-0.549849	-0.555189
-0.995263	-0.354877
-0.354302	-0.0864511
1.00367	0.111715
-0.430348	-0.178532
0.0585207	0.410618
-1.00613	-1.27038
1.64463	0.443886
0.590844	0.310845
-0.886625	-0.505866
-0.919216	-1.64151
-0.158754	0.528171
-0.886625	-1.06458
0.286659	-0.0567134
-0.962671	-0.131029
-0.745396	-0.91361
-0.452075	-0.647955
-0.864898	-0.779356
0.482207	-0.266701
0.340978	0.518411
0.156294	0.414622
0.601708	0.267591
-0.441212	-0.144018
-0.875761	-0.529341
-0.517258	-0.299065
-0.571577	0.493579
0.406161	-0.450148
-0.506394	0.0997273
-0.343438	-0.0695568
-0.854034	-0.855726
-0.299983	0.263948
-0.256528	-0.294287
-0.767124	-0.00297823
-0.962671	-0.912932
-0.897489	-0.211621
1.1449	-0.134056
-0.810579	0.187518
-0.897489	0.559165
-0.332574	0.437917
-0.636759	0.336121
1.17749	0.472911
0.145431	0.212793
-0.126163	-0.154648
-0.354302	-0.4216
-0.289119	-0.140417
-0.0283893	0.0312627
0.916757	0.211579
2.26386	0.451051
-0.745396	-0.324422
-0.332574	-0.279861
-0.734533	-0.243694
0.514798	-0.0302872
0.427888	0.27002
-1.00613	-0.148148
0.449616	0.378107
1.1449	0.406754
-0.49553	0.162559
-0.039253	0.596468
-0.386893	-0.0222905
-0.940944	-0.387904
0.101976	0.498976
1.57945	0.542194
-0.951808	-0.538894
-0.691078	0.524369
-0.158754	0.328451
-0.289119	0.406317
-0.082708	0.548332
-0.278255	0.128972
0.427888	0.323218
-0.158754	-1.08312
-0.0501168	0.242398
0.308387	0.180439
1.61204	0.127752
1.24267	0.247374
0.427888	0.433301
-0.462939	-0.180067
-0.126163	-0.0893081
2.26386	-0.1672
-0.886625	-0.538647
1.10144	0.238446
-0.658487	0.0492168
-0.223937	0.444397
-0.973535	-0.51108
0.569117	0.104538
0.0911119	0.479857
0.427888	0.116383
-0.419484	0.505251
0.623435	0.387683
-0.832306	0.33992
0.417024	0.375783
-0.126163	0.0545863
0.112839	-0.616576
0.645163	0.0323199
-0.473803	-0.0895028
-0.604168	0.533148
-0.810579	-0.983339
-0.886625	0.224419
1.02539	-0.158281
0.427888	0.116383
-0.169618	0.273791
-0.745396	0.611417
0.167158	0.134948
-0.864898	0.430846
-0.919216	-0.563516
-0.376029	0.196224
0.536525	0.517775
-0.951808	-0.672086
0.558253	-0.173189
-0.75626	-0.840995
0.373569	0.18386
-1.01699	-0.554769
1.40563	0.58443
-0.832306	-0.416637
0.0585207	0.126692
-1.00613	-0.572396
-0.767124	-0.443942
-0.723669	-0.123566
0.992803	0.386021
-0.854034	0.585047
0.677754	0.329352
-0.473803	0.19207
-0.788851	-0.070597
0.0150657	0.0346903
2.56805	0.554329
0.00420194	-0.0246883
-0.245664	-0.741043
1.19921	0.0907735
-0.365165	0.250996
-0.93008	-0.431889
0.992803	0.180846
-0.864898	-0.332524
1.72067	0.382298
3.61097	0.738846
-0.473803	0.333815
-0.636759	0.524499
-0.593304	-0.199186
0.232341	-0.26565
-0.734533	-0.572339
1.70981	0.617478
-0.0609805	0.322094
-0.158754	-0.456194
0.438752	-0.0689334
-0.810579	-0.0506152
-0.788851	0.208009
-0.810579	-0.263629
-0.777988	0.364416
0.49307	0.413273
-0.897489	-0.237395
1.63376	0.418224
-0.777988	-0.295264
-0.376029	-0.308388
-0.0283893	0.338863
-0.951808	-0.17793
1.21008	0.242856
-0.701941	0.447268
2.00313	0.53837
1.53599	0.465911
1.17749	0.161571
-0.84317	0.447777
-0.452075	-0.166263
2.14436	0.698137
-0.919216	-0.741413
-0.919216	-1.37714
-0.864898	-0.332878
0.243204	0.213571
-0.897489	-0.364528
-0.473803	-0.327183
-0.484667	0.399472
-0.484667	-0.29086
-0.452075	0.516701
-0.886625	-0.123374
0.992803	0.244351
-0.310847	-0.291037
0.895029	0.514337
-0.452075	0.424007
-0.84317	0.121646
-0.441212	0.0125221
-0.245664	-0.228908
0.503934	0.356848
0.92762	0.106473
-0.289119	-0.196955
1.53599	0.520041
2.76359	0.44471
-0.636759	-0.2222
1.85104	0.376006
-0.560713	0.168425
-0.940944	-0.600287
3.26333	0.617342
1.70981	0.537206
0.0476569	-0.217841
-0.745396	-0.24931
-0.32171	0.677571
0.134567	-0.182534
2.82878	0.429281
0.818983	0.354062
-0.310847	-0.157955
-0.267392	0.516794
0.710345	0.286794
-0.039253	0.0418574
1.91622	0.242755
-0.951808	-0.629609
-0.908353	-0.704837
1.05799	0.114823
-0.104436	0.37235
0.340978	0.77313
-0.712805	-0.500209
-0.441212	-0.657005
0.188886	0.350188
2.15522	0.313779
-1.01699	-1.00718
1.52513	-0.40602
-0.658487	0.424019
1.36217	0.041083
-0.452075	0.385058
-0.386893	-0.938597
0.514798	0.431619
-0.462939	-0.245035
0.134567	0.429419
-0.2348	0.381682
0.873302	0.73487
1.13403	0.315568
-0.397757	0.581513
-0.517258	-0.750468
-0.658487	0.428366
0.156294	0.406694
-0.973535	0.478681
0.340978	-0.0677707
-0.625895	0.118695
1.24267	0.0168518
0.264932	0.602093
-0.593304	0.044529
1.21008	0.517673
2.6115	0.296865
-0.506394	-0.0499286
0.330114	0.667031
1.68808	-0.140227
-0.908353	-0.107577
2.492	0.144261
-0.84317	-0.0870577
-0.995263	-0.320648
-0.104436	0.133304
0.960212	0.55391
-0.832306	-0.488217
-0.886625	-0.0497353
0.145431	-0.196598
0.232341	-0.305535
-0.962671	-0.452136
0.254068	0.728872
1.24267	0.561681
-0.517258	-0.0446448
0.645163	0.320936
2.72014	0.421077
0.786392	0.378318
-1.00613	-1.07182
-0.951808	-0.95325
-0.484667	0.355181
-0.75626	-0.0451617
-0.180482	-0.645139
0.243204	0.170109
0.590844	-0.0656544
3.38283	-0.155979
-0.538985	-0.285825
-0.864898	-0.256895
-0.430348	-0.461592
-0.973535	-0.917698
0.460479	0.576916
1.15576	0.355153
-0.995263	-1.10129
-0.223937	-0.042635
-0.832306	0.254998
-0.441212	-0.0858547
-0.951808	-0.21987
0.808119	0.363478
-0.777988	-0.486737
0.916757	0.0544979
0.688618	0.514247
0.156294	0.0296128
-0.854034	-0.304394
-0.984399	-0.313237
2.76359	0.230988
1.7424	0.671245
4.1107	0.653731
-0.223937	0.353455
-0.462939	-0.430046
-0.245664	-0.0823768
-0.473803	0.108444
1.6229	0.341746
0.851574	0.741767
-0.528122	0.172712
0.721209	0.117116
-0.897489	-0.320843
-0.745396	-0.625813
-0.940944	-0.119994
1.45994	0.612938
-0.919216	-1.15724
-0.462939	0.0372699
-1.01699	-0.811932
-0.940944	-0.555186
-0.604168	0.464182
-0.538985	0.218256
-0.93008	-0.408282
-0.66935	0.11673
-0.528122	0.308493
0.0150657	-0.0922025
-0.169618	0.000673253
-0.908353	-0.557144
1.23181	0.414159
2.12263	0.223912
-0.49553	-0.375948
0.178022	0.168491
0.0476569	0.604945
-0.039253	-0.657438
-0.767124	-1.37804
-0.854034	-0.745416
1.13403	0.403756
-0.940944	-0.365992
-0.452075	0.349299
-0.386893	0.261461
0.677754	0.234734
-0.723669	-0.648149
-0.864898	-0.252514
0.254068	0.342987
-0.919216	0.10802
0.0911119	0.283708
0.862438	-0.0992335
-0.484667	0.434516
-0.919216	-1.03448
0.0802482	-0.32637
0.525662	0.183255
-0.886625	-0.697049
-0.473803	0.392912
-0.734533	0.0724285
0.438752	0.352031
0.297523	0.473719
0.569117	0.232263
0.797255	0.53206
-0.810579	-0.684811
-0.473803	0.441118
1.12317	0.516373
-0.636759	-0.182766
-0.604168	0.492756
0.373569	0.31883
1.91622	0.436793
-0.973535	-0.696765
-0.897489	0.475884
-0.745396	0.332913
-0.680214	0.174989
-0.593304	0.518559
-0.799715	-0.440902
1.27526	0.450375
2.58977	0.209912
-0.788851	0.136971
0.829847	0.634503
0.0693844	-0.20981
-0.441212	0.124872
1.21008	0.234046
0.677754	0.556237
-0.2348	-0.652505
-0.75626	-0.501841
0.645163	0.392894
-0.691078	0.524369
-0.680214	-0.669229
1.01453	0.0845399
-0.810579	0.51
0.210613	0.323401
-0.158754	0.616252
-0.886625	-0.604587
-0.180482	0.65336
-0.897489	-0.477693
-0.864898	0.353773
-0.897489	0.214105
0.112839	-0.100897
-0.299983	0.279542
-0.658487	0.0492168
-0.973535	-0.1994
-0.462939	0.593063
-0.430348	0.0956139
0.775528	0.396649
1.82931	0.414948
0.569117	0.0790769
-0.386893	-0.875178
-0.93008	-0.547276
0.00420194	-0.196332
0.677754	0.0261531
0.243204	0.332849
-0.462939	-0.271783
1.7424	0.59207
-0.691078	0.679265
-0.767124	0.195847
-0.126163	0.331203
-0.332574	0.0727361
-0.647623	-0.603442
-0.886625	-1.41127
-1.00613	-0.0484587
-0.940944	-0.978393
-0.854034	0.544947
-0.386893	0.447268
-0.625895	-0.84425
0.210613	0.634579
-0.940944	0.0211834
-0.701941	0.264103
-0.93008	-1.06838
0.590844	0.640433
-0.897489	-0.243773
-0.701941	-0.363679
1.3839	0.208851
-0.256528	-0.0504091
-0.223937	0.236492
2.93741	0.201186
1.1449	0.0879204
-0.832306	0.0120591
0.884165	0.142823
-0.75626	-0.322306
-0.354302	-0.0406952
-0.126163	0.370951
-0.788851	-0.362612
-0.40862	0.414835
-0.940944	-0.165851
-0.799715	0.390964
0.319251	0.0730664
0.0367932	0.322128
-0.691078	0.295197
-0.365165	0.379377
0.645163	-0.0227751
-0.039253	0.0166523
0.634299	0.371337
2.03572	0.216796
1.34044	0.450778
-0.995263	-1.27309
1.55772	0.751779
1.81845	0.492308
-0.452075	0.469499
1.61204	0.452065
0.123703	0.37777
2.16609	0.387739
-0.473803	0.158077
0.677754	0.158666
-0.14789	0.025932
-0.441212	-0.02324
-0.984399	-1.05934
-0.517258	0.186203
-0.940944	0.119697
-0.875761	-0.317951
-0.58244	0.522067
0.547389	0.561239
0.254068	0.664636
-0.343438	-0.325798
2.04659	0.509381
1.53599	0.520041
0.623435	0.329259
1.55772	0.457514
-0.897489	-0.328332
-0.734533	0.366479
-0.506394	0.376197
-0.343438	-0.578351
-0.484667	0.366492
-0.777988	-0.982961
0.699482	-0.460526
-0.832306	-0.964649
-0.75626	-0.501841
0.645163	0.512427
0.471343	-0.208485
0.938484	0.411404
1.49254	0.652195
-0.278255	-9.80364e-05
-0.919216	-0.498603
-0.593304	-0.10605
0.503934	0.0596695
-0.40862	-0.155682
-0.777988	0.453081
0.601708	0.564841
0.101976	0.579
-0.897489	-0.377333
0.786392	0.6389
-0.897489	0.0582178
-0.799715	-0.141875
-0.908353	-0.224305
-0.951808	-0.173661
-0.419484	-0.547699
-0.799715	-0.0920677
0.514798	0.016352
-0.864898	-0.477541
0.623435	0.409119
0.797255	-0.0350274
-0.810579	-0.29856
0.0693844	0.622443
-0.940944	-1.14358
-0.701941	0.231177
0.971075	0.284317
-0.376029	-0.122901
-0.604168	0.0357299
-0.84317	-0.431146
-0.886625	-1.90644
2.81791	0.38464
-0.0718443	-0.289526
1.13403	0.107398
-1.04958	0.193203
-0.984399	-0.86524
4.02379	0.906013
-0.397757	-0.660239
-0.158754	-0.309628
2.62236	0.495636
0.308387	0.112389
-0.332574	-0.0581815
-0.49553	0.482192
0.0802482	-0.240162
-0.0501168	0.0883023
-0.0501168	0.171624
-0.126163	-0.145737
-0.0935718	-0.350434
1.19921	0.5944
-0.940944	-0.983077
-0.799715	-0.41338
-0.66935	0.109556
1.05799	0.114823
-0.93008	0.477898
0.0693844	0.717133
-0.962671	-0.0609332
0.699482	-0.154017
0.49307	0.13219
0.112839	-0.462792
4.59957	0.772321
-0.213073	0.375811
-0.886625	-1.88172
-0.376029	-0.252054
2.68755	0.502752
-0.593304	0.0122249
0.123703	-0.31138
-0.712805	-0.220008
-0.484667	-0.13651
-0.115299	0.42114
2.64409	0.447186
0.916757	0.448303
-0.658487	-0.140905
0.406161	-0.016255
0.123703	-0.128366
1.3839	-0.124065
2.38336	0.640367
-0.777988	-0.592168
-0.0283893	0.429159
-0.104436	-0.207809
-0.571577	0.0321206
0.275796	0.75547
3.3611	0.590477
-0.169618	0.425995
0.895029	0.355161
-0.115299	-0.826091
-0.213073	0.365294
0.297523	0.384946
0.330114	0.58825
-0.832306	-0.106312
-0.680214	-1.15143
0.49307	0.500574
-0.832306	-0.881263
0.905893	-0.357267
-0.343438	0.28244
-0.810579	0.339528
0.0476569	0.500458
-0.386893	-0.0100255
0.438752	-0.265497
-0.625895	-0.155988
0.471343	0.15958
0.0367932	0.0747126
-0.462939	-0.541451
-0.767124	-0.720136
-0.0283893	-0.0802872
-0.223937	-0.646667
0.992803	0.0964053
0.156294	0.221464
-0.0609805	0.252484
-0.908353	-0.556782
-0.767124	-0.0365774
0.732073	0.603746
-0.441212	0.261407
0.340978	-0.243532
-0.169618	0.423575
-0.625895	-0.100225
-0.973535	-0.856516
-0.777988	0.283251
-0.0501168	0.453265
1.05799	-0.155637
3.77392	0.308262
0.112839	0.408074
-0.647623	-0.0942868
-0.126163	-0.723345
-0.0935718	-0.427926
-0.462939	-0.289545
1.9814	0.49495
-0.332574	0.543208
-0.256528	0.332541
-0.821443	-0.628219
-0.517258	0.0310297
-0.810579	-0.0715922
-0.875761	-0.414398
-0.886625	-0.173603
-0.473803	-0.0239895
1.84017	-0.107508
-0.66935	0.44455
0.66689	0.381658
-0.104436	0.526274
-0.712805	0.157716
-0.777988	0.448585
-0.973535	-0.0879648
0.178022	0.528399
0.460479	0.566885
-0.452075	0.226737
-0.745396	0.309718
-0.58244	-0.609681
-0.593304	0.569614
-0.0501168	0.201242
-0.245664	-0.741043
1.03626	0.54723
1.23181	-0.0339578
1.2644	0.274417
-0.484667	-0.27267
-0.962671	0.0994644
2.86137	0.708214
0.818983	0.0054768
0.905893	0.370505
-0.84317	-0.835197
0.0802482	-0.243561
-0.84317	-1.21998
0.645163	0.45617
-0.897489	-1.02804
-0.430348	-0.833582
0.688618	-0.332907
-0.58244	0.319458
1.56858	0.310506
-0.49553	-0.262669
-0.951808	-0.769696
-0.788851	0.222471
0.916757	0.446767
-0.886625	-0.709332
0.884165	0.439058
-0.397757	0.000228617
-0.886625	0.446972
-0.75626	0.116327
0.992803	0.519061
-0.777988	-1.46566
-0.951808	0.0618085
-0.376029	0.294388
-0.973535	-1.58059
0.84071	-0.125348
0.156294	0.177594
0.981939	0.429108
0.101976	0.498976
-0.137027	0.331806
-0.962671	-0.0623139
-0.538985	-0.496028
-0.0718443	0.145018
-0.386893	-0.128411
-0.397757	0.239077
1.25353	0.176332
-0.821443	0.235014
-0.647623	0.331567
-0.777988	-0.269904
-1.00613	-0.705428
-0.49553	0.0748147
-0.854034	0.120026
-0.84317	-0.0416464
2.07918	0.25243
-0.267392	-0.111807
-0.256528	-0.0550937
-0.278255	0.212144
1.29699	0.464874
-0.354302	0.595446
0.0367932	0.680866
0.123703	0.53902
-0.397757	-1.26743
-0.788851	-0.0741608
0.732073	0.150611
1.09058	0.572262
-0.310847	-0.753727
-0.484667	-0.925453
0.243204	-0.146016
-0.984399	-0.328123
0.808119	0.29229
-0.267392	0.257318
1.2644	0.2014
-0.615032	0.508513
0.0911119	-0.219363
-0.691078	-0.318953
0.232341	0.0459522
0.156294	-0.409925
-0.549849	-0.422721
4.99066	0.591084
-0.810579	0.189088
0.49307	0.416716
-0.940944	-0.685243
-0.202209	0.618727
1.7424	0.252516
-0.723669	-0.0653717
0.210613	-0.234015
-0.734533	-0.437654
-0.0935718	-0.13282
0.417024	0.266048
-0.332574	0.294464
-0.484667	0.154063
-0.701941	-0.477019
-0.908353	-0.0188449
1.55772	0.614315
-0.0718443	0.0345284
0.0259294	0.256253
0.7538	0.0122539
-0.951808	-0.733664
-0.66935	-0.804113
0.742937	0.363002
2.1335	0.687612
-0.310847	0.45648
-0.310847	0.325123
-0.745396	-0.518225
-0.940944	-0.384897
1.76413	0.378606
-0.886625	0.104619
-0.951808	-0.332229
-0.484667	0.0424319
-0.386893	-0.0229338
1.79672	0.339101
-0.49553	0.0748147
0.221477	0.352334
-0.571577	0.358671
0.112839	0.519419
0.482207	-0.717555
-0.93008	0.579394
-0.202209	0.456141
-0.995263	-0.250269
-0.158754	0.56859
1.21008	0.23691
-0.0718443	0.748211
-0.984399	-0.32042
0.254068	0.261288
0.938484	0.803257
-0.788851	-0.03594
-0.0935718	-0.140109
2.06831	0.281456
-0.462939	-0.489096
0.471343	0.289568
-0.039253	0.401906
-0.712805	-0.704685
1.1123	-0.140569
-0.951808	0.281097
-0.49553	-0.204512
-0.962671	-0.252718
-0.897489	-0.21193
-0.158754	0.110423
-0.973535	-0.71539
0.362706	0.683877
-0.908353	-0.935027
-0.951808	-0.812306
-0.810579	-0.105458
-0.441212	0.113751
-0.517258	-0.302999
-0.441212	0.424459
-0.571577	-0.0773245
-0.712805	0.395545
-0.58244	-0.391906
1.63376	0.921024
-0.223937	0.39834
3.75219	0.604391
0.862438	0.5475
-0.40862	-0.096143
-0.299983	0.115286
-0.0283893	0.740175
-0.49553	0.30747
-0.343438	0.442378
-0.549849	0.141891
0.112839	-0.198594
0.612572	0.263121
1.34044	-0.256411
-0.66935	0.0246437
-0.0501168	0.477678
0.482207	-0.44255
-0.854034	-0.178013
-0.832306	-0.0695474
-0.897489	-1.03721
0.0367932	0.425411
0.536525	-0.193248
-0.723669	0.137114
1.25353	0.582911
-0.58244	-0.374335
0.00420194	-0.0820797
-0.40862	-1.25148
1.85104	-0.261155
0.362706	-0.236027
-0.549849	-0.645683
0.00420194	0.134924
-0.723669	-0.680135
-0.919216	-0.713819
2.26386	0.165655
-0.538985	0.372537
-0.93008	-0.812022
-0.875761	-0.215047
-0.256528	-0.343044
0.536525	0.0833772
-0.799715	-0.599499
-0.14789	-0.188466
-0.104436	-0.414652
-0.202209	0.561206
0.188886	0.324644
-0.0935718	0.043107
-0.245664	0.368905
-0.886625	0.259665
-0.908353	-1.17948
-0.560713	0.315549
-0.93008	-0.749651
0.395297	0.460182
-0.712805	0.149211
-0.995263	0.628913
1.28612	0.0881392
0.0693844	0.121763
0.732073	0.239505
2.48114	0.479354
0.471343	-0.125119
-0.919216	-1.1908
-0.854034	-0.574624
-0.517258	0.169947
-0.376029	0.326853
0.221477	0.803528
-0.14789	0.309547
-0.940944	-0.301206
0.0476569	0.290882
-0.158754	0.410978
-0.93008	-0.602987
-0.452075	0.105065
0.00420194	0.274191
0.438752	0.679971
0.373569	0.3838
-0.473803	-0.621439
0.308387	-0.373234
0.949348	-0.108971
1.03626	0.419405
-0.58244	-0.0706126
-0.484667	0.379368
-0.0935718	0.353014
1.7424	0.349324
1.18835	0.695855
-0.962671	-0.54286
-0.625895	0.0738125
-0.767124	-0.573551
0.275796	-0.0207953
-0.517258	-0.712426
-0.0283893	0.66024
-0.788851	0.136971
-0.115299	-0.199068
1.05799	0.381467
-0.908353	0.524731
0.66689	0.0741595
0.645163	0.478108
0.362706	0.272702
-0.636759	-0.422808
0.286659	-0.000946952
-0.484667	-0.0383471
-0.517258	-0.432418
1.39476	0.254614
-0.712805	-0.564414
-0.49553	-0.595415
-0.973535	0.498322
-0.995263	-0.236794
-0.0283893	0.364518
0.916757	0.0544979
2.38336	0.43471
-0.365165	0.723077
0.57998	0.750929
-0.430348	0.429708
0.275796	0.532763
-0.00666181	0.176802
-0.538985	0.0266956
-0.615032	-0.146014
-0.256528	0.199153
-0.701941	-1.24271
-0.560713	0.497254
-0.854034	0.462468
1.53599	0.185608
-0.875761	-0.440962
-0.647623	0.237144
-0.0609805	0.058408
-0.821443	0.235014
-0.864898	-0.765388
-0.810579	-0.118393
-0.973535	-0.93995
-0.452075	-0.751414
-0.84317	-0.322928
-0.962671	-0.774832
-0.962671	-0.290824
-0.0283893	-0.0956562
-0.267392	-0.111028
-0.58244	-0.244966
-0.973535	-0.607177
-0.84317	0.196751
0.232341	-0.0703638
-0.647623	0.31974
-0.897489	-0.758825
-0.299983	-0.246475
-0.289119	-0.830353
-0.0283893	0.208685
-0.245664	-0.147944
0.66689	0.0839008
-0.0609805	0.509342
-0.864898	-0.262912
-0.40862	-0.11107
0.558253	0.65655
-0.84317	-1.04988
0.775528	0.331527
-0.75626	-0.347662
-0.886625	-1.17757
1.27526	0.466307
1.68808	0.660243
0.0693844	-0.308767
0.818983	0.351754
0.286659	-0.332664
1.47081	0.3598
-0.767124	-0.259044
0.243204	-0.221296
0.938484	0.248546
-0.441212	0.0426563
0.373569	0.344606
0.558253	0.489713
0.590844	0.101963
-0.386893	-0.442915
-0.897489	-0.07871
-0.462939	-0.370619
-0.278255	0.232428
1.53599	0.594662
-0.538985	0.0828094
-0.473803	0.264595
-0.962671	-0.677516
-0.799715	0.442453
-0.289119	-0.381415
-0.712805	0.0787225
-0.962671	-0.235175
-0.908353	-0.468282
-0.832306	-0.214373
-0.202209	0.41277
-0.745396	-0.560875
0.905893	0.267109
-0.962671	-0.839797
0.601708	-0.0596266
-0.310847	0.0116546
-0.430348	-0.301025
0.254068	0.0852163
0.721209	0.331514
-0.126163	0.408086
3.65442	-0.0498565
-0.75626	-0.300228
-0.875761	-0.843774
0.178022	0.00759712
-0.701941	-0.35978
0.286659	0.550685
0.254068	0.540512
-0.799715	-0.0334315
-0.386893	-0.630377
0.862438	0.402415
-0.354302	-0.144225
-0.919216	-0.736461
-1.00613	-1.09202
-0.549849	-0.448492
0.482207	-0.0963554
1.91622	0.550728
-0.66935	0.260655
-0.213073	-0.265443
0.00420194	0.573725
0.525662	0.0623011
-0.723669	-0.635242
-0.701941	0.212792
3.91515	0.487074
0.49307	0.676471
-0.615032	0.290602
0.319251	-0.501596
-0.810579	-0.344596
0.656027	-0.275055
-0.691078	-0.0775263
-0.951808	-0.813569
-0.940944	0.632301
-0.538985	-1.07537
-0.951808	-0.941874
0.297523	0.43585
-0.799715	-0.534393
0.243204	0.755487
-0.473803	-0.301497
1.82931	0.649528
2.05745	0.671344
1.12317	0.34923
-0.951808	0.262975
0.449616	0.332897
-0.386893	0.300961
-0.593304	-0.668655
-0.419484	-0.445205
-0.908353	-0.577583
1.53599	0.693046
-0.788851	-0.245018
-0.202209	0.428214
0.623435	-0.168766
-0.680214	0.285219
0.362706	0.424071
-0.538985	-1.16966
-0.821443	-0.500515
-0.58244	-0.254053
2.40509	0.0341885
-0.332574	-0.283572
1.67722	-0.0389098
-0.397757	-0.0848261
2.56805	0.556633
-0.0609805	0.416995
-0.767124	0.317132
-0.126163	-0.0893081
3.10037	0.401233
-0.256528	-0.0349467
1.42735	0.426884
-0.908353	0.436019
-0.484667	-0.0701203
-0.32171	0.274574
2.26386	0.386766
4.15415	0.569762
0.688618	0.652091
0.395297	0.128854
0.406161	0.463243
-0.658487	0.37085
-0.115299	0.714321
-0.615032	-0.0626891
0.92762	0.239584
-0.919216	-0.130065
-0.84317	-0.805632
-0.528122	0.627313
1.15576	0.342383
-0.202209	0.188156
0.145431	0.37756
0.742937	0.277235
-0.962671	-0.716188
-0.647623	0.497567
0.775528	0.0538104
0.721209	0.381433
-0.897489	-0.747786
-0.278255	-0.669249
-0.0501168	-0.400783
-0.810579	-0.524798
-0.0501168	0.489658
-0.202209	0.263033
-0.343438	-0.60729
-0.864898	-0.420512
-0.919216	-0.994491
-0.734533	-0.463114
-0.430348	-0.797969
0.0585207	0.39628
-0.951808	-0.21987
0.427888	0.241701
0.0476569	0.525629
-0.777988	0.404159
-0.951808	-0.401515
-0.310847	0.365347
-0.386893	0.19603
0.482207	0.131188
3.57837	0.448474
-0.158754	0.303973
-0.310847	-0.483907
-0.430348	-0.0242814
-0.528122	-1.05435
1.91622	0.342438
-0.213073	-0.203267
-0.940944	0.0564107
-0.723669	0.332725
-0.549849	-0.540062
-0.973535	-1.24903
-0.66935	-0.0117082
-0.951808	-0.334364
-0.701941	-0.655543
2.07918	0.484429
-0.832306	-0.630584
0.612572	0.355196
-0.908353	-0.253827
0.960212	-0.215828
1.48167	0.472011
-0.126163	0.584512
0.558253	0.410692
-0.430348	-0.224973
-0.984399	-0.523525
-0.0718443	0.0411432
-0.354302	-0.572594
-0.0283893	0.292305
0.0367932	-0.0515295
-0.625895	0.0154543
0.330114	0.29424
0.406161	0.205863
-0.691078	-0.173095
-0.767124	-0.127944
0.656027	-0.275055
1.70981	0.540052
0.645163	-0.0141023
-0.886625	-0.882041
2.12263	0.283331
-0.419484	0.495389
-0.354302	-0.185647
0.438752	0.0200236
-0.75626	-0.0520249
-0.517258	-0.94881
-0.462939	0.26061
-0.821443	-0.584194
0.101976	-0.281445
-0.973535	0.360561
-0.636759	0.187766
-0.615032	-0.519256
0.297523	0.797204
-0.039253	0.104924
-0.799715	-0.489078
-0.962671	-0.200564
1.51426	0.494289
0.167158	-0.265077
-0.180482	0.504265
-0.810579	-0.703059
1.01453	0.645621
-0.799715	0.0574357
-0.310847	0.391809
-0.995263	0.0051421
-0.473803	-0.420499
-0.908353	0.258428
0.319251	0.516781
1.15576	0.671872
-0.517258	0.334625
-0.951808	-0.80291
-0.995263	-1.14998
-0.745396	0.00385805
0.330114	0.477088
-0.593304	-0.404171
-0.767124	-0.750416
-0.712805	-0.335669
2.07918	0.541091
-0.973535	-0.26769
-0.962671	-1.01137
0.297523	0.52144
1.06885	0.32195
0.558253	0.475119
-0.14789	0.503113
-0.299983	0.36095
0.438752	-0.0516218
-0.799715	0.483841
-0.376029	0.317099
-0.278255	0.354926
1.29699	0.461498
0.101976	-0.79825
-0.84317	-1.63139
-0.571577	-0.164732
-0.169618	-0.190629
-0.560713	0.47255
0.84071	0.0812999
-0.299983	0.217974
0.232341	0.357353
-0.267392	-0.29137
-0.441212	0.507224
-0.332574	0.37176
-0.14789	-1.89802
-0.593304	0.213893
-0.93008	-0.63534
0.134567	0.295997
-0.386893	-0.198749
-0.00666181	0.117295
-0.810579	0.371652
-0.951808	-1.08553
-0.93008	-1.56636
-0.538985	0.0291814
-0.115299	0.0504539
-0.723669	-0.115111
-0.40862	-0.286542
-0.854034	0.0850261
0.362706	-0.196932
0.471343	0.360714
0.243204	0.327093
0.243204	0.283636
-0.506394	0.378812
-0.886625	-1.58734
0.7538	0.817496
0.0585207	0.111691
-0.267392	0.136388
-0.506394	0.105952
-0.473803	-0.0510298
-0.701941	0.00805663
0.134567	-0.237597
-0.66935	0.289698
0.688618	-0.0454618
0.818983	0.350656
0.243204	0.405481
-0.799715	-0.0959722
-0.919216	0.133659
-0.777988	-0.8803
-0.864898	-1.04673
0.0802482	0.286678
0.590844	0.321605
0.0911119	-0.311471
0.895029	0.0320537
-0.082708	-0.158627
-0.299983	-0.0689363
-0.767124	0.388899
-0.886625	-0.0433797
-0.84317	-0.276374
-0.49553	0.370621
-0.538985	0.0538906
-0.962671	-0.660004
-0.973535	-0.349718
-0.962671	-1.07718
-0.549849	-0.254858
0.742937	0.463991
0.829847	-0.0909142
0.460479	0.216837
-0.549849	-0.298835
-0.506394	-0.152679
-0.919216	0.466814
-0.995263	-0.42106
-0.538985	0.0526232
1.22094	0.246907
-0.777988	-0.531845
-0.691078	0.235782
0.829847	-0.43139
0.145431	0.425705
-0.115299	0.187209
-0.777988	-0.0301797
-0.00666181	0.42223
-0.875761	-0.337185
0.362706	0.730256
-0.908353	0.265658
-0.767124	0.501655
-0.0175256	0.429459
-0.343438	0.498901
1.00367	-0.199084
-0.517258	0.436371
-0.875761	-0.643346
0.0476569	-0.120156
0.0693844	0.199974
1.24267	0.216318
-0.854034	-0.448368
-0.995263	-0.890831
-0.104436	0.336701
-0.473803	0.19951
-0.973535	-0.452196
-0.864898	-0.320228
-0.897489	-1.09644
0.112839	-0.211252
-0.213073	0.341049
-0.604168	0.14448
-0.951808	0.251239
-0.571577	-0.694081
-0.919216	-0.249371
-0.93008	-0.319789
0.482207	0.688857
0.438752	0.577003
-0.647623	-0.489546
0.460479	0.423958
-0.58244	-0.0885727
1.29699	0.655332
0.808119	0.242192
-0.897489	-0.232519
-0.658487	0.37088
-1.01699	0.0847482
-0.49553	-0.291025
0.0367932	0.163768
-0.386893	-0.0401349
1.42735	0.216021
-0.886625	-0.37784
-0.256528	-0.26208
-0.365165	0.417614
-0.202209	-0.42283
-0.0283893	0.157159
-0.919216	-0.396873
-0.919216	-0.0127687
0.482207	0.539618
0.862438	0.387397
-0.376029	0.230275
-0.137027	0.00645543
0.406161	-0.215028
-0.886625	-0.981341
-0.767124	0.184507
0.57998	0.360339
-0.691078	-0.0622556
-0.549849	0.326206
-0.864898	-0.719705
0.514798	0.457579
-0.821443	-0.925181
-0.788851	-1.32375
-0.951808	-0.283105
1.2644	-0.364664
-0.528122	0.55447
-0.777988	0.491578
-0.14789	0.317313
0.123703	-0.462738
0.232341	0.473795
-0.854034	-0.531624
0.243204	0.260497
-0.658487	-0.612253
-0.484667	0.224025
0.0367932	-0.58409
0.558253	0.3472
-0.84317	-0.326426
-0.49553	0.159011
-0.832306	-1.02532
0.319251	0.677576
-0.278255	0.379361
-0.93008	-0.619059
0.547389	0.484458
1.52513	0.411065
-0.854034	-0.27061
-0.777988	-0.295264
-0.528122	0.565501
0.112839	0.0266454
-0.310847	-0.705128
1.21008	0.150115
-0.886625	-0.422087
0.503934	0.231337
-0.647623	0.124355
-0.854034	-0.173555
2.17695	0.639898
-0.039253	-0.00779993
-0.810579	-0.248683
-0.245664	-0.228908
0.449616	-0.259934
-0.745396	-1.04356
0.895029	0.435202
0.395297	0.203678
0.308387	0.101932
1.15576	0.286851
0.221477	0.558865
-0.506394	0.466201
1.24267	0.162496
-0.658487	-0.360495
-0.538985	-0.364496
-0.115299	0.267942
-0.821443	-0.976782
0.960212	0.402836
0.49307	0.418963
0.547389	0.511598
0.275796	0.199815
0.971075	-0.037666
0.471343	0.19737
-0.49553	0.711695
-0.560713	-0.674528
1.8619	0.208935
2.75273	0.613932
1.29699	0.464874
0.264932	-0.336855
1.60117	-0.109549
0.0693844	0.489803
-0.919216	-1.01017
0.710345	0.461419
0.275796	0.175269
-0.32171	-0.252208
1.93795	0.237092
-0.66935	0.0815343
0.829847	-0.312445
0.916757	0.648914
0.384433	-0.195153
0.0150657	0.263364
-0.951808	-0.424579
-0.0935718	0.501593
-0.951808	-0.449028
-0.886625	0.629444
0.449616	0.306579
-1.00613	0.477296
-0.560713	-0.733362
0.308387	-0.450888
-0.310847	0.178404
1.78586	-0.0942407
1.07971	0.430538
-0.571577	0.275242
-0.430348	-0.102792
-0.951808	-0.484284
-0.082708	0.419507
-0.788851	-0.0431004
-0.538985	0.145024
0.699482	-0.132939
1.1449	0.0195955
-0.625895	0.0738125
0.742937	0.798694
-0.821443	-0.426946
-0.397757	0.140397
-0.462939	0.501226
-0.940944	-0.818885
-0.951808	-0.274223
-0.278255	-0.870415
-0.571577	-0.00176459
-0.734533	-0.494666
-0.777988	0.332198
0.634299	0.529422
-0.452075	0.257549
0.438752	0.0608635
0.590844	0.640433
-0.604168	0.34171
-1.01699	-0.806128
1.51426	0.492832
-0.984399	-0.825213
-0.560713	0.050571
0.949348	-0.374402
-0.0609805	-0.277318
-0.419484	0.460749
-0.343438	0.609722
-0.625895	-0.627547
-0.908353	-0.302822
-0.473803	-0.400295
-0.788851	0.272382
0.0585207	0.401757
-0.951808	-0.238787
1.67722	0.181204
-0.919216	-1.18268
1.32958	0.39822
-0.549849	-0.213506
-0.571577	0.0320274
-0.995263	0.333236
-0.962671	-1.06632
-0.995263	-1.10743
0.0802482	0.125996
-0.039253	0.49837
2.31818	0.46859
-0.962671	-0.200564
-0.0935718	0.475548
-0.40862	-0.234442
1.56858	0.535354
0.92762	0.277378
2.33991	0.407439
-0.875761	0.236703
-0.810579	-0.557522
-0.66935	-0.256835
-0.169618	0.355254
-0.908353	0.490798
-0.886625	-0.832337
1.22094	0.541386
-0.137027	0.177177
-0.593304	-0.110053
0.536525	-0.103904
0.395297	0.563946
0.645163	0.268612
-0.995263	0.114685
-0.75626	0.366451
-0.0501168	0.54422
-0.821443	-0.342861
-1.00613	-0.734159
0.818983	0.120472
2.48114	0.283902
1.43822	0.628019
-0.691078	0.548089
2.38336	0.798386
-0.897489	-0.867272
-0.821443	-0.773623
0.873302	0.637485
0.308387	0.101932
1.04712	0.586743
-0.343438	0.343454
-0.430348	0.0708254
-0.40862	0.301142
-0.788851	-0.265658
0.232341	0.34791
-0.734533	-0.551527
0.221477	-0.362663
0.0150657	-0.632371
-0.84317	0.18448
-0.788851	0.347743
-0.180482	-0.0875748
1.6229	0.520851
-0.0718443	0.340506
0.319251	0.287951
1.22094	0.263807
-0.962671	-0.0682289
-0.973535	-0.668614
-0.897489	-0.523834
-0.484667	0.153691
-0.940944	0.53175
-0.84317	-0.0759004
0.634299	-0.0347072
-0.180482	0.422749
-0.00666181	0.546898
1.42735	0.00197791
-0.908353	0.168182
-0.104436	-0.0556406
-0.528122	0.371461
-0.245664	0.246937
-0.821443	-0.22108
0.829847	0.404663
0.57998	-0.636837
0.851574	0.496941
-0.832306	0.721068
-0.680214	-0.0371307
0.0259294	-0.963622
-0.593304	0.353548
-0.810579	-1.57444
0.677754	0.462494
-0.75626	-0.187294
-0.864898	0.16703
-0.104436	-0.0517754
-0.354302	-0.473592
-0.723669	-0.741553
-0.908353	-0.157437
0.0693844	-0.206093
0.49307	0.342648
-0.647623	-0.0320737
0.0259294	0.318773
0.188886	-0.230434
-0.767124	-0.402419
-0.615032	-0.620989
0.808119	0.477669
-0.528122	-0.234566
-0.082708	0.332149
-0.58244	0.487744
0.742937	0.053267
-0.940944	-0.783443
-0.32171	-0.189196
-0.973535	-0.68667
-0.777988	-0.244783
-0.00666181	-0.167444
-0.58244	-0.00765632
-0.32171	0.283768
0.0259294	0.0831149
-0.0718443	-0.539636
-0.75626	-0.518407
-0.864898	-0.398046
-0.875761	0.0222896
1.95968	0.221348
-0.701941	-0.212894
-0.984399	0.448887
0.243204	0.265548
-0.93008	-1.12924
1.25353	-0.0636803
-0.84317	-0.644804
-0.332574	-0.0761169
-0.332574	0.000858934
-0.593304	-0.0181632
-0.40862	0.430145
0.503934	-0.183463
-0.169618	0.229019
0.406161	0.333876
-0.962671	-0.848194
-0.49553	-0.389158
1.6229	0.340423
-0.984399	-0.787915
0.00420194	-0.00605365
-0.213073	0.230683
-0.712805	0.506269
-0.082708	0.173995
0.92762	0.2679
-0.40862	-0.449229
-0.777988	0.470592
-1.02785	-0.160826
-0.14789	0.596943
-0.886625	0.0521036
0.590844	0.321605
-0.256528	0.558507
1.1123	0.506224
-0.397757	-0.27634
1.3839	0.466893
0.123703	0.202322
-0.560713	0.457031
-0.919216	-0.0886967
-0.462939	0.0261755
-0.897489	0.179501
-0.810579	-0.421298
2.6115	0.566772
-0.919216	-0.87845
-0.897489	-0.217547
-0.625895	-0.545527
0.851574	0.510664
-1.06045	0.328196
-0.832306	-0.101924
-0.604168	-0.0926526
0.167158	0.075184
-0.897489	-0.619246
-0.517258	0.43944
0.210613	-0.296573
1.57945	0.528745
-0.93008	-0.246824
-0.593304	-0.348996
0.960212	0.0744731
0.503934	-0.0745063
-0.484667	0.51596
0.112839	0.330188
-0.777988	0.211955
-0.158754	-0.435284
0.0150657	0.55226
0.558253	-0.0313422
-0.75626	-0.334422
0.525662	0.327518
-0.723669	-0.0645182
-0.180482	0.459934
1.3839	0.363852
1.16662	0.1513
-0.2348	-0.460083
-0.919216	0.487109
0.362706	0.23314
-0.701941	-0.172298
-0.0175256	0.627735
-0.799715	0.633491
-0.93008	0.3826
-0.528122	-0.112809
-0.832306	-1.50418
-0.897489	-0.717218
-0.082708	0.366288
-0.452075	0.139208
2.29645	0.230838
-0.462939	-0.65146
0.873302	-0.00299484
-0.788851	0.218878
-0.962671	-0.119672
-0.940944	-0.518348
-0.2348	-0.57624
-0.58244	-0.0845743
-0.658487	0.173251
-0.00666181	0.578611
-0.538985	-0.065288
-0.908353	-0.493291
-0.810579	0.369054
-0.126163	0.250436
0.699482	0.63793
-0.256528	0.271684
0.123703	0.332679
1.35131	0.334219
0.656027	0.621586
1.21008	-0.464069
-0.452075	-0.543283
-0.723669	-0.435931
0.514798	0.45534
3.19814	0.733852
1.72067	0.248254
0.590844	-0.282322
-0.484667	0.304749
-0.691078	0.352073
0.569117	0.397625
0.449616	0.576406
2.48114	0.321971
1.3839	0.473568
-0.984399	-0.648651
-0.777988	-1.00064
-0.984399	-0.669701
6.35949	0.763944
1.19921	0.022863
-0.462939	-0.312203
0.569117	-0.294888
-0.864898	0.320782
-0.788851	0.283386
-0.0609805	-0.31241
-0.604168	-0.165453
0.134567	0.30543
-0.897489	-0.550238
-0.636759	0.410252
-0.213073	-0.553086
-0.473803	-0.166663
-0.777988	-0.312429
0.0367932	0.266936
1.19921	0.296075
0.558253	0.668912
-0.169618	0.475358
-0.832306	0.175087
0.319251	0.237674
-0.082708	0.481454
1.7424	0.187065
0.471343	0.46598
1.42735	0.0928062
2.70927	0.324213
-0.897489	-0.705761
0.0911119	0.487325
-0.995263	-1.57444
-0.49553	-0.88231
-0.875761	-0.123027
-0.0283893	0.104661
-0.767124	0.13207
1.22094	0.328954
-0.376029	0.480485
2.26386	0.425596
-0.788851	-0.625646
-1.00613	-1.10387
-0.93008	-0.220296
0.308387	-0.278942
-0.854034	-0.443776
-0.919216	-0.511002
-0.397757	-0.475784
-0.299983	-0.331775
-0.875761	-0.38033
1.5034	-0.0319551
1.34044	0.496486
1.16662	0.347057
-0.441212	0.341827
-0.940944	-0.355212
-0.767124	0.17625
0.7538	0.435222
0.395297	0.450201
-0.00666181	-0.376555
-0.549849	0.205521
0.362706	0.651044
-0.245664	-0.741043
2.88309	0.802161
-0.658487	-0.754938
-0.528122	0.10003
0.949348	0.675997
-0.039253	0.326441
0.178022	0.0321446
-0.919216	-0.0761069
-0.973535	-0.55998
0.590844	0.509154
-0.897489	-1.25907
-0.202209	-0.106085
0.188886	0.699784
-0.919216	-0.650211
1.00367	-0.0225545
-0.973535	-0.180725
-0.810579	-0.118557
0.590844	0.316196
-0.973535	-0.824978
1.79672	0.346441
-0.213073	0.317181
-0.104436	0.800927
0.558253	-0.173189
0.590844	-0.30744
-0.680214	0.292875
0.00420194	0.169363
-0.940944	-0.902202
0.536525	0.455237
-0.571577	-0.825879
-0.712805	-0.598149
-0.962671	-0.296973
-1.01699	-0.674465
-0.712805	0.320732
-0.810579	0.267744
3.10037	0.360527
0.514798	0.414879
-0.897489	-1.08154
-0.984399	-1.06114
-0.0283893	-0.0296986
-0.973535	-0.0266896
1.28612	0.361817
-0.897489	-0.0304746
-0.082708	-0.785222
0.0802482	0.177695
-0.854034	-0.285115
-0.365165	0.532082
-0.636759	0.0166328
-0.821443	-0.344615
0.482207	-0.507631
-0.180482	-0.121561
-0.245664	-0.109177
-0.908353	-0.397228
-0.49553	-0.0462646
-0.984399	-0.276441
-0.66935	0.173746
-0.66935	0.397862
-0.0501168	0.389104
-0.40862	0.258049
-0.506394	0.542717
-0.84317	-0.00480701
-0.506394	-0.0668832
2.30732	0.288753
0.449616	0.412569
-0.397757	0.435384
0.623435	-0.0401596
-0.332574	-0.0796083
-0.973535	-1.24903
-0.962671	0.127353
-0.908353	-0.848263
-0.93008	-0.601581
-0.213073	0.1692
0.112839	0.463167
0.0585207	0.498159
-0.299983	0.274624
-0.430348	0.39767
-0.299983	0.16373
0.732073	0.421778
-0.202209	-0.48657
-0.75626	-1.17609
-0.897489	0.257785
-0.58244	-0.0314435
0.818983	0.855741
-0.625895	0.504341
0.873302	0.283982
-0.0501168	0.369105
-0.202209	0.621836
0.275796	0.570205
-0.441212	0.161193
0.873302	0.327709
1.63376	-0.416791
-0.191345	0.390684
-0.691078	0.311319
-0.115299	0.454834
0.569117	-0.36106
0.482207	0.52076
2.97	0.51523
-0.484667	0.0314951
1.09058	0.030806
-0.256528	-0.356475
0.938484	0.246802
-0.84317	-0.606507
-0.919216	-1.11337
0.134567	0.0162334
0.384433	-0.182807
0.0693844	-0.0488474
-0.886625	-0.303268
0.623435	0.10859
2.31818	0.148711
-0.180482	0.119671
-0.93008	-0.100746
-0.452075	-0.227025
1.34044	0.569975
-0.767124	0.0613077
-0.419484	0.522173
0.786392	0.460745
-0.962671	0.319607
-0.354302	-0.165128
-0.66935	-0.591302
-0.951808	-0.638256
-0.169618	0.00777741
0.297523	0.572044
-0.745396	-1.66894
2.12263	0.283331
0.156294	0.477834
-0.897489	-0.389694
-0.256528	0.209359
2.56805	0.448451
1.40563	0.422048
0.0259294	0.221194
-0.202209	0.297554
-0.908353	-0.156426
0.199749	0.50782
-0.452075	0.326418
-0.267392	-0.0190434
-0.832306	-0.205244
0.916757	0.401792
0.297523	0.230295
-0.995263	-0.896583
-0.126163	-0.213616
-0.864898	-0.148672
0.373569	-0.299924
-0.864898	-0.474938
1.15576	0.489987
-0.832306	0.153373
-0.810579	-0.460947
-0.647623	0.322151
0.145431	0.408119
0.873302	0.341742
0.938484	0.51428
-0.636759	0.0480476
-0.126163	-0.220508
-0.951808	-0.456184
-0.310847	0.151348
1.91622	0.238682
0.308387	-0.634519
-0.832306	-0.490631
-0.40862	0.658686
-0.701941	0.44692
-0.723669	0.15707
-0.180482	0.662632
-0.919216	-0.396873
0.645163	0.153185
-0.75626	-0.31774
0.710345	0.256638
0.0585207	0.243373
-0.278255	0.552389
0.319251	0.251174
0.188886	0.117482
0.134567	-0.1816
0.558253	0.322844
0.167158	0.166175
0.134567	-0.182534
0.264932	0.337785
-0.951808	-0.405261
-0.75626	0.228475
-0.984399	-0.530071
-0.593304	-0.569298
-0.343438	0.148289
1.12317	-0.125374
1.16662	-0.00439435
1.09058	0.776692
-0.973535	-0.74038
-0.365165	0.295112
0.145431	-0.195497
1.42735	-0.0514699
-0.93008	-0.428478
0.590844	0.453324
-0.299983	-0.0100231
-0.723669	-1.40972
-0.528122	0.0760365
-0.962671	-0.1871
0.0150657	0.259028
0.0911119	0.280138
3.14382	0.627338
0.0585207	0.366021
1.25353	0.50436
-0.919216	0.359478
0.710345	0.557464
-0.84317	-0.335408
-0.517258	-0.984775
-0.213073	0.511093
-0.354302	-0.510524
-0.256528	0.0227543
2.23127	0.414383
-0.538985	0.26249
0.818983	0.330861
-0.973535	-1.05579
-0.897489	0.022439
-1.04958	-1.46879
2.17695	0.464582
0.134567	0.387761
-0.745396	-0.0253113
-0.126163	-0.806626
-0.821443	0.455448
0.351842	0.0356638
0.797255	0.54769
0.0693844	0.576823
0.210613	0.0512589
3.50233	0.217691
1.60117	0.0475842
1.65549	0.336639
0.938484	-0.0538221
0.938484	0.403173
-0.962671	-1.23478
-0.32171	0.225079
-0.919216	-0.449331
-0.40862	-0.19599
0.199749	0.190106
-0.810579	0.0776673
-0.919216	0.351257
-0.886625	-0.308017
-0.299983	0.124798
-0.506394	-0.182
-0.365165	-0.0757038
-0.723669	-0.815979
0.221477	0.373673
-0.93008	-0.42272
-0.343438	-0.2234
-0.745396	0.00680892
0.330114	0.251764
-0.995263	-1.3289
0.178022	-0.241464
0.514798	0.103159
-0.973535	-0.662679
0.156294	-0.0945529
-0.0501168	-0.271669
0.362706	0.23314
-0.593304	-0.65191
-0.886625	-1.06458
-0.441212	-0.539652
-0.919216	-1.06278
-0.593304	-0.307446
2.70927	0.725583
-0.191345	-0.574516
-0.919216	0.0899047
-0.832306	-1.6971
-0.940944	-0.652186
1.2644	0.594086
1.82931	0.396718
1.05799	0.378871
-0.973535	-0.915891
0.797255	0.396818
-0.84317	-1.26494
1.04712	0.235169
-0.93008	-0.121773
0.167158	0.595886
0.818983	0.382933
-0.0935718	0.608975
-0.93008	-0.387971
-0.419484	-0.225989
-0.137027	-0.0208908
-0.0935718	0.244341
-0.777988	0.114962
-0.0935718	0.244341
-0.691078	-0.42997
-0.32171	-0.584267
0.0150657	0.423395
0.264932	-0.162253
-0.441212	0.00183273
1.41649	0.402405
-0.0175256	0.0626375
1.70981	0.546303
1.9814	0.424519
-0.484667	0.0960616
-0.397757	0.0292989
2.02486	0.559159
-0.267392	-0.576672
1.60117	0.32401
1.23181	-0.100586
-0.886625	-0.583856
2.76359	0.480462
0.818983	0.323389
-0.202209	-0.501682
-0.940944	-1.10213
0.623435	0.382788
0.981939	-0.108095
-0.430348	0.0279539
-0.93008	-0.776605
-0.875761	-0.457843
-0.354302	0.336016
0.57998	-0.659255
-0.691078	-0.0792467
-0.864898	-0.637358
-0.419484	0.212588
-0.84317	-1.16525
-0.14789	0.0331038
1.56858	-0.0928601
0.156294	0.227486
0.210613	0.35851
-0.386893	0.52014
-0.104436	0.509077
-0.734533	-0.316628
-0.299983	0.134234
1.05799	0.46429
-0.517258	0.39834
0.49307	0.655426
-0.75626	0.0896696
-0.908353	-0.0626698
1.13403	0.123815
-0.0609805	0.302873
-0.691078	0.126653
0.178022	0.269748
-0.897489	-1.25907
-0.680214	0.42462
-0.376029	-0.186755
2.15522	0.624173
-0.788851	-1.0523
0.427888	0.584156
-0.810579	-0.179059
-0.875761	0.137869
1.04712	0.415392
0.406161	-0.594226
-0.919216	-0.540268
1.23181	0.0861349
-0.951808	-0.959417
-0.864898	-0.944637
0.123703	0.468223
0.482207	-0.000343972
2.04659	0.586891
-0.538985	0.31948
0.851574	-0.819731
-0.723669	-0.39335
0.645163	0.142427
3.61097	0.635979
-0.223937	0.443318
-0.777988	-0.910074
-0.995263	-0.579549
-0.289119	-0.700673
1.27526	0.129744
-0.973535	0.25162
-0.604168	0.0268735
-0.452075	0.45267
-0.386893	0.42355
0.971075	-0.406914
0.0476569	0.473169
-0.0935718	0.274747
-0.908353	-0.757895
-0.397757	0.251127
-0.506394	0.0798455
-1.00613	-0.99252
0.373569	0.559953
0.808119	0.60426
1.7424	0.147716
0.264932	-0.46155
0.362706	0.395228
-0.191345	0.433272
2.80705	0.641927
-0.712805	-0.769579
0.503934	0.48626
-0.66935	0.231725
0.373569	-0.0412522
-0.278255	0.303254
0.590844	0.698929
-0.191345	0.505014
-0.93008	-1.03303
-0.951808	-0.981667
-0.58244	-0.554203
-0.484667	0.1627
-0.593304	0.32331
0.623435	0.272152
-0.973535	-0.799237
0.395297	0.292797
-0.473803	0.462005
-0.49553	-0.298012
-0.821443	0.424114
0.818983	0.183634
-0.93008	-0.434848
1.19921	0.644389
-0.365165	0.55332
1.21008	0.0387892
0.471343	0.491504
-0.832306	-0.389842
-0.2348	-0.130351
0.0911119	0.459445
0.286659	0.169055
0.525662	0.475042
-0.832306	0.00799192
-0.126163	0.509095
-0.376029	0.153769
-0.082708	-0.0280869
-0.951808	-1.30306
1.60117	0.776817
1.52513	0.217854
-0.995263	-0.496707
0.406161	0.124604
-0.658487	0.259742
-0.940944	-0.185493
0.0693844	-0.114813
-0.0718443	-0.220839
0.330114	0.251764
-0.940944	-1.10472
1.24267	0.749957
0.0802482	0.429165
-0.864898	-0.530503
0.188886	-0.0558224
-0.289119	0.199969
0.243204	0.319743
1.00367	-0.265812
0.862438	0.291416
-0.528122	-0.787727
0.00420194	0.0992804
-0.430348	-0.451099
0.0150657	0.418386
2.16609	0.83631
0.92762	0.387275
0.145431	-0.219413
-0.32171	-0.69345
-0.636759	-0.826423
-0.58244	0.602584
-0.647623	-0.643479
0.981939	-0.0594872
-0.75626	0.153535
-0.332574	-0.0884159
1.42735	-0.135352
-0.625895	0.131924
-0.538985	0.246515
-0.615032	0.361198
0.699482	-0.107896
-0.40862	0.354495
-0.799715	-0.276194
0.0802482	-0.355596
-0.267392	0.401398
0.721209	-0.25921
-0.0283893	0.303974
0.308387	-0.92951
0.427888	-0.0887746
-0.951808	-0.496138
-0.658487	0.256312
-0.58244	-0.482723
-0.517258	0.333927
0.319251	0.319045
-0.777988	-0.0996688
0.134567	0.359696
-0.908353	-0.116691
-0.810579	-0.0777998
-0.712805	0.453683
1.15576	0.0368311
-0.452075	-0.102678
-0.973535	-0.542931
-0.777988	-0.413357
0.254068	0.235974
0.0693844	0.0160998
0.101976	0.112633
-0.039253	-0.0874403
-0.0609805	0.188746
-0.104436	0.289773
0.112839	0.378229
2.35077	0.545127
1.12317	0.0444277
-0.854034	-1.64689
0.460479	0.290782
-0.788851	-0.480683
1.80758	0.427954
0.438752	0.529697
-0.571577	0.123326
0.134567	-0.278772
-0.32171	-0.210979
-0.636759	-0.380062
-0.039253	-0.196815
-0.940944	-0.244798
1.34044	0.534841
-0.40862	-0.449751
-0.332574	-0.0435585
-0.636759	-0.362076
-0.886625	-0.937147
-0.691078	-0.325234
-0.723669	0.075965
-0.484667	0.624815
0.286659	0.0385919
-0.897489	-0.93394
0.373569	0.030451
0.49307	0.162151
0.286659	0.617525
0.514798	-0.134556
2.57891	0.164587
1.19921	0.287965
-0.115299	0.491471
0.406161	0.416962
-0.821443	0.415829
0.66689	0.0960325
0.210613	0.211374
-0.0935718	-0.00657646
0.00420194	-0.00783822
0.199749	0.165797
0.482207	0.549316
-0.984399	-0.231054
-0.32171	-0.425838
0.0693844	0.682939
-0.354302	-0.493851
0.0150657	0.573616
-0.354302	-0.0296913
-0.549849	0.165977
-0.0935718	0.296019
-0.777988	-1.08278
-0.082708	0.4703
-0.0935718	0.238549
0.862438	-0.0721197
0.156294	0.0154697
-0.767124	-0.556643
-0.799715	0.420484
1.44908	0.43523
0.275796	0.442043
-0.636759	-0.361697
-0.169618	0.363123
-0.962671	-0.511723
-0.517258	-0.0656807
0.275796	0.75547
-0.93008	-0.111412
-1.02785	-0.162202
0.0911119	-0.674458
-0.289119	0.0426163
0.0259294	0.346029
-0.832306	-1.05731
1.81845	0.196523
-0.897489	-0.568572
-0.0175256	0.145687
-0.908353	-0.938028
2.86137	0.632237
-0.0935718	0.467218
-0.039253	-0.0532072
-0.202209	-0.150879
-0.875761	-0.85882
-0.647623	0.433861
-0.49553	0.135
-0.419484	-0.399944
-0.517258	0.0506008
-1.00613	-0.0801554
-0.908353	-0.829415
0.960212	0.369395
0.156294	0.281484
-0.940944	0.140761
-0.58244	0.164448
-0.462939	0.329706
-1.01699	-1.65772
-0.919216	-0.648688
0.57998	0.35378
-0.430348	-0.0242814
0.590844	0.600069
-0.854034	-1.03397
-0.940944	0.0755218
0.732073	0.21948
-0.995263	-0.520081
-0.951808	-0.507958
0.829847	0.567291
-0.49553	0.168941
0.710345	-0.242835
-0.875761	0.165936
0.471343	0.366457
-0.245664	-0.0317752
-0.484667	-0.291532
-0.897489	-0.244637
-0.593304	-0.0996893
-0.680214	0.467934
-0.58244	0.0125154
-0.799715	-0.127306
0.656027	0.393967
2.56805	0.434744
-0.419484	0.0961789
-0.0718443	0.104706
0.297523	0.380574
-0.821443	0.111564
-0.386893	-0.17903
0.688618	0.292928
-0.0283893	0.757281
-0.919216	-0.506766
-0.604168	-0.440966
-0.32171	0.233859
-0.745396	0.00385805
-0.32171	0.393279
1.45994	0.396783
0.66689	0.473283
0.699482	0.426308
-0.832306	-0.327061
-0.625895	0.278218
0.645163	0.214077
-0.777988	-0.41393
-0.799715	-0.440902
0.547389	0.352268
0.319251	-0.836858
-0.951808	-0.0163589
0.482207	0.131188
-0.973535	-0.434079
-0.00666181	0.380285
-0.832306	-0.647417
-0.354302	-0.0205908
-0.560713	-0.666066
-0.484667	0.0789879
2.69841	0.158785
-0.169618	0.352166
-0.788851	-0.713892
0.482207	0.234172
-0.66935	0.324763
1.51426	-0.0180558
1.03626	-0.425963
0.873302	0.502292
0.601708	0.528244
-0.223937	-0.513826
-0.441212	0.0492586
-0.636759	-0.822846
0.742937	0.587439
-0.93008	-0.906056
-0.962671	-0.54715
1.31872	-0.356116
-0.137027	-0.0309305
-0.734533	-1.43549
-0.2348	-1.15118
-0.940944	-0.586156
-0.571577	-0.323539
0.721209	0.255237
1.41649	0.402405
-0.40862	0.261254
-1.02785	0.503513
0.677754	0.50507
-0.158754	0.0286493
1.87277	0.600709
-0.430348	0.00239923
0.340978	0.355978
0.92762	0.512047
0.0367932	0.344514
-0.821443	-0.152863
1.39476	0.855923
-0.66935	0.188323
0.221477	0.586432
-0.289119	0.20862
-0.854034	0.341243
-0.615032	0.340183
0.254068	0.332007
1.03626	0.512826
-0.560713	-0.308754
0.514798	-0.00476554
2.48114	0.321971
0.286659	0.0385919
-0.32171	-0.0603704
-0.984399	-0.267559
-0.538985	0.00328638
-0.745396	-0.899527
-0.951808	-1.12375
-0.886625	-0.716752
-0.810579	-0.0983064
2.29645	0.396703
1.66636	0.31095
-0.788851	0.371712
-0.14789	-0.387875
0.895029	0.374794
-0.864898	-0.979091
1.18835	0.263474
-0.712805	0.392026
-0.897489	-0.681555
-0.615032	-0.068431
-0.788851	-0.448538
-0.93008	-0.196108
-0.734533	-1.15011
-0.962671	-0.645246
-0.126163	0.0226295
-0.821443	-0.359604
-0.66935	-0.340203
-0.0935718	-0.085936
-0.984399	0.092724
-0.213073	-0.344814
-0.039253	0.210458
-0.419484	-0.324807
-0.658487	-0.172678
0.656027	0.635601
0.362706	0.283637
-0.680214	-1.23528
-0.908353	-0.0890147
-0.528122	0.565791
-0.734533	0.409747
0.656027	0.587892
-0.126163	-0.226326
-0.854034	0.111974
1.87277	0.432801
0.319251	0.235659
-0.126163	-0.0616906
-0.821443	-0.759767
-0.549849	0.137335
-1.02785	-0.162202
-0.919216	-1.00114
-0.343438	0.715169
-0.462939	-0.1055
0.00420194	-0.0726926
-0.723669	-0.726089
-0.821443	-0.356062
-0.919216	-0.665146
-0.615032	0.10431
-0.441212	-0.117997
0.688618	0.385102
-0.995263	-0.951896
0.243204	-0.0539321
-1.00613	-0.495954
1.5034	0.150607
-0.799715	-0.212611
0.0367932	-0.122162
-0.788851	-0.250996
-0.528122	0.579636
-0.701941	0.269144
-0.854034	-0.28336
-0.365165	0.240483
0.351842	0.235483
0.0150657	0.306434
0.590844	0.19779
-0.115299	0.0180913
-0.256528	0.238693
-0.343438	-0.361928
1.2644	0.379854
0.981939	0.583558
-0.354302	0.147132
-0.365165	0.723077
-0.0501168	0.42061
0.601708	0.341338
-0.14789	0.276642
4.66475	0.66873
-0.376029	0.241538
0.101976	0.325948
0.417024	0.681482
-0.93008	-0.367245
-0.289119	-0.182894
0.634299	0.367454
1.18835	0.225309
-0.886625	-0.591036
-0.484667	-0.149344
0.699482	-0.1946
-0.32171	0.154264
-0.854034	-0.0716914
0.188886	-0.00500022
0.558253	0.366049
-0.376029	0.201074
-0.84317	-0.987235
0.373569	0.344589
0.330114	0.671317
-0.951808	-0.771161
-0.75626	-0.483956
0.0911119	0.381733
-0.462939	0.4422
-0.647623	-0.830686
-0.636759	0.315395
-0.49553	-0.132085
-0.0501168	0.54422
-0.691078	0.128393
1.70981	0.223937
-0.169618	0.262503
-0.712805	0.28721
-0.386893	-0.786397
-0.897489	-0.754105
-0.104436	-0.222223
-0.658487	-0.612253
-0.799715	-0.883777
-0.0175256	-0.128611
1.24267	0.769058
-0.875761	-0.650216
0.123703	0.40205
-0.506394	-0.253809
0.590844	0.358796
-0.256528	0.592754
0.178022	-0.0161922
-0.897489	-0.759622
-0.701941	-0.172402
-0.93008	-0.474602
2.58977	0.809546
0.319251	0.469218
-0.0283893	-0.356919
1.55772	0.21271
-0.84317	-0.103093
-0.962671	0.0686956
-0.0175256	0.236674
-0.223937	0.215931
-0.452075	0.474524
2.50286	0.286978
-0.864898	0.257349
0.264932	0.322288
0.0476569	0.318022
-0.93008	-0.435667
-0.832306	-0.671679
1.1123	0.247579
2.15522	0.624173
-0.658487	0.142856
-0.886625	-1.02759
-0.93008	-0.307108
-0.299983	0.147129
0.167158	0.133358
0.992803	0.166576
0.134567	0.389127
2.60064	0.554496
0.112839	0.491646
-0.712805	0.215411
-0.66935	0.0333661
0.0802482	0.432473
-0.310847	0.477954
-0.658487	-0.677912
-0.256528	-0.142242
0.275796	0.431226
0.786392	-0.307624
-0.354302	0.147132
-0.517258	-0.15493
0.438752	-0.118219
-0.886625	-0.71221
1.45994	0.44496
-0.0175256	0.294608
1.1123	0.427658
1.18835	0.263474
-0.137027	-0.719066
0.971075	0.387506
-0.886625	-0.492718
3.20901	0.542912
-0.14789	0.241279
-0.039253	0.510868
3.15469	0.672742
0.340978	-0.137016
0.275796	0.292677
2.01399	0.17687
2.01399	0.383946
-0.245664	-0.194682
0.851574	-0.344369
-0.462939	0.441219
0.84071	-0.125348
-0.593304	-0.10184
-0.180482	0.605989
-1.01699	-0.401187
-0.973535	-0.400231
-0.897489	-0.300392
-0.854034	-0.342725
-0.984399	-0.695957
-0.191345	0.650962
2.03572	0.530868
0.112839	0.073002
-0.995263	-1.11679
1.1449	0.406754
-0.376029	-0.406137
-0.2348	-0.415909
-0.864898	0.0880927
0.243204	-0.398592
-0.310847	0.505882
-0.615032	0.513668
-0.734533	0.330289
1.22094	-0.201135
1.10144	-0.0960412
0.308387	0.475011
-0.821443	-0.644156
-0.104436	0.497836
-0.517258	0.424987
-0.908353	-0.803359
2.83964	0.474598
-0.397757	0.115231
1.91622	0.295938
-1.00613	-0.698202
-0.506394	-0.0981059
0.427888	0.529279
1.44908	0.244408
0.00420194	0.473645
0.0911119	-0.114958
-1.00613	0.206107
1.43822	0.437248
-0.84317	-0.573154
-0.93008	-0.923498
-0.940944	-0.760643
-0.615032	-0.157566
-0.223937	-0.023355
-0.777988	0.0678552
-0.430348	-0.318229
-0.647623	-0.185364
-0.0718443	0.211389
1.41649	0.307644
-0.560713	0.359135
0.167158	0.198653
-0.897489	0.304994
0.547389	0.266885
1.65549	0.368132
-0.712805	0.541681
0.775528	0.0862095
1.51426	0.289521
-0.202209	0.694253
1.64463	0.419478
-0.75626	-0.105038
-0.875761	-0.937315
-0.875761	0.103209
1.37303	0.894285
-0.32171	0.21395
0.960212	0.41666
0.178022	0.48628
0.123703	0.352198
1.32958	-0.163032
-0.039253	-0.0532072
-0.691078	-0.107688
-0.951808	0.135369
-0.691078	-0.60782
0.438752	0.437988
-0.180482	-0.192183
-0.973535	-0.573204
-0.832306	0.140905
-0.832306	-0.524687
0.0367932	0.511083
1.47081	0.0875058
-0.484667	0.462703
0.0150657	-0.541473
-0.430348	0.267552
-0.93008	-0.246824
-0.919216	-1.0495
-0.951808	0.187098
-0.680214	-0.270555
-0.115299	-0.0705835
0.188886	0.253296
-0.832306	-0.381125
0.308387	0.250617
-0.84317	-0.0981686
0.134567	0.430656
-0.484667	-0.498604
-0.647623	-0.21223
2.58977	0.0597711
0.775528	0.601484
3.04605	0.508707
-0.32171	0.216704
0.221477	0.415729
0.373569	0.38511
-0.832306	0.451671
-0.213073	0.253703
-1.00613	-0.427765
-0.962671	-0.1871
-0.636759	0.225523
-0.723669	-0.566579
-0.93008	0.398499
1.30785	0.358732
-0.0175256	0.222241
-1.01699	-1.65772
0.362706	0.461896
-0.223937	0.443318
2.39423	0.551479
-0.745396	-0.349956
-0.919216	-0.960969
-0.310847	0.00174538
-0.647623	0.348655
-0.0501168	0.538878
1.64463	0.528901
0.677754	-0.16012
-0.386893	-0.0222905
-0.973535	-0.75349
-0.962671	-0.403867
-0.658487	0.352366
-0.49553	0.168941
0.503934	0.587548
1.19921	0.265793
0.92762	0.516658
-0.886625	-0.096795
-0.126163	-0.0616906
-0.75626	-0.679256
0.0802482	0.705645
0.232341	0.431166
-0.66935	-0.252172
-0.636759	0.0512319
-0.2348	0.180756
-0.452075	0.43298
0.0150657	0.381624
-0.680214	-0.270125
-0.951808	-1.00892
-0.821443	-0.852466
0.699482	0.427938
0.916757	-1.09974
-1.00613	-0.475045
1.69895	0.598011
0.167158	0.433016
-0.691078	-0.427235
0.7538	-0.484942
1.60117	0.546792
2.29645	0.560379
0.254068	0.595256
-0.299983	-0.205386
0.0259294	-0.0437992
-0.995263	-0.47905
-0.995263	-0.414871
-0.75626	0.375379
0.286659	-0.332664
2.06831	0.691597
-0.289119	0.121513
0.851574	-0.819731
-0.734533	0.35839
0.514798	0.0339985
-0.886625	-0.716171
0.710345	-0.335671
-0.299983	-0.315846
0.188886	-0.178459
0.286659	0.0520743
-0.864898	-0.132517
0.0585207	0.555587
-0.886625	0.0396032
0.0367932	0.297833
-0.299983	-0.246475
-0.691078	-0.740754
3.66528	0.611829
-0.332574	0.320203
-0.864898	-0.62803
-0.104436	0.154611
0.243204	0.447425
0.330114	0.383057
0.145431	0.236188
0.514798	-0.483045
0.264932	0.207166
-0.788851	-0.684579
-0.995263	-0.204898
0.732073	-0.0943599
-0.995263	-1.66549
-0.267392	0.392398
-0.701941	0.160775
-0.549849	-0.0562146
0.981939	0.809521
-0.506394	-0.0549186
-0.908353	-0.829415
1.00367	0.405635
-0.549849	-0.295462
-0.777988	-0.179603
2.32904	0.362129
0.340978	0.246005
-0.788851	0.437484
0.308387	0.0141611
-0.0283893	0.079501
-0.267392	0.328934
-0.777988	0.151826
-0.528122	-0.176632
1.52513	0.302594
-0.897489	-0.272473
0.0802482	0.217684
-0.777988	0.414081
1.18835	0.230201
1.52513	0.0321506
-0.2348	0.283004
-0.93008	-0.367517
-0.419484	0.282956
1.53599	0.255402
1.01453	0.375257
0.460479	0.0244278
-0.886625	0.0300699
0.0259294	0.392913
-0.0283893	0.247014
-0.875761	-0.568002
-0.126163	0.568916
0.558253	0.0441757
-0.940944	-0.663058
-0.2348	0.437771
-0.84317	0.172818
0.569117	-0.36106
-0.604168	-0.290717
0.395297	0.540052
-0.875761	-0.108991
-0.332574	-0.0336466
0.0693844	0.356147
0.264932	0.130967
0.232341	0.238558
3.19814	0.616588
-0.517258	-0.248583
1.73154	0.521044
2.83964	0.346473
-0.14789	0.449697
0.514798	0.132976
-0.430348	0.0570461
1.18835	0.893135
-0.712805	0.56504
-0.191345	0.30013
-0.864898	0.16703
1.30785	0.50897
-0.213073	0.0870546
0.92762	0.00452477
2.02486	0.668517
-0.777988	-0.580148
0.243204	0.131214
-0.940944	-0.781184
-0.462939	0.000205642
0.634299	-0.3748
-1.00613	-0.477792
6.21826	0.558929
-0.647623	-0.830686
-0.365165	0.422067
-0.40862	-0.119223
0.0367932	0.386723
-0.788851	-0.243913
-0.767124	-0.77466
0.818983	0.759344
-0.549849	0.0375617
-0.973535	-0.7026
1.04712	0.224404
-0.886625	-0.404568
-0.962671	0.40176
0.275796	-0.578866
0.49307	0.155254
0.460479	0.568207
1.61204	0.597465
0.612572	-0.0274687
-0.14789	0.114218
0.417024	0.0859149
2.56805	0.556633
0.286659	0.527515
0.156294	0.367825
0.449616	0.212932
-0.897489	-0.320843
-0.636759	0.517112
-0.93008	-0.924096
-0.951808	-1.71038
-0.701941	-0.196527
-0.66935	-0.46919
-0.560713	-0.264137
-0.549849	-0.5945
-0.647623	-0.297765
-0.180482	-0.549355
-0.625895	-0.199163
0.0150657	0.287052
0.84071	-0.43767
-0.549849	0.198891
0.590844	0.0981273
-0.039253	0.223701
-0.625895	-0.793676
-0.908353	-0.159069
-0.636759	-0.955758
-0.593304	-0.152469
-0.788851	-0.696411
-0.278255	-0.632873
-0.821443	-0.328665
-0.984399	0.531691
-0.897489	-0.310386
0.319251	0.422567
0.590844	-0.279975
-0.821443	-0.659506
-0.430348	-0.474229
0.0367932	0.34891
-0.441212	0.522943
-0.32171	-0.213235
-0.745396	-0.518225
-0.604168	-0.361688
2.60064	0.228252
-0.397757	0.110103
0.525662	0.0333473
-0.712805	-0.877498
-1.00613	-0.955828
-0.126163	-0.107158
-0.32171	0.0438978
-0.886625	-0.514381
-0.604168	-0.527486
-0.299983	-0.404045
-0.2348	0.486792
-0.571577	0.0320274
-0.951808	-0.485043
0.503934	0.331588
-1.01699	-0.992889
-0.984399	-0.575807
1.29699	-0.0422205
-0.397757	0.315529
-0.473803	-0.441776
-0.940944	-0.331859
-0.897489	-0.403989
0.340978	0.146478
-0.940944	0.307057
1.09058	0.765825
0.862438	0.521773
0.536525	0.00624744
-1.02785	-0.299998
-0.180482	0.173416
0.254068	0.342987
2.53545	0.427141
-0.158754	0.557347
0.471343	0.468773
0.00420194	-0.390667
-0.180482	0.522252
-0.0718443	0.206435
0.449616	0.192763
-0.202209	-0.249579
0.134567	0.204984
-0.376029	-0.31009
-0.93008	-0.68754
-0.462939	0.152301
-0.93008	0.116875
-0.767124	0.235944
-0.104436	0.0500664
-0.962671	-1.10528
1.16662	-0.209429
0.7538	0.465462
-0.452075	-0.665554
-0.93008	-0.64931
-0.2348	0.174705
-0.723669	-1.24752
-0.777988	-0.770878
0.319251	0.444872
1.76413	0.672774
-0.137027	0.484009
0.254068	0.525567
-0.864898	0.257349
-0.734533	-0.0431321
0.134567	0.351831
1.24267	0.451525
0.0259294	0.294503
-0.897489	-0.557905
2.11177	7.8777e-05
0.199749	0.218193
1.67722	0.311438
0.264932	0.327611
-0.419484	0.219039
-0.49553	0.576973
-0.158754	0.460823
-0.832306	0.254527
-0.104436	-0.00177707
-0.549849	-0.145301
-0.593304	0.505975
-0.289119	-0.0401181
1.22094	0.517052
0.656027	-0.104974
0.0259294	0.264521
-0.984399	0.122846
0.427888	-0.290844
-0.0501168	-0.985529
1.09058	0.634763
0.471343	0.262442
-0.473803	0.28113
0.992803	0.386021
1.91622	0.295938
-1.02785	-0.0146098
-0.560713	0.479424
0.884165	0.525334
-0.310847	0.551535
-0.0609805	0.683998
-0.169618	0.00647121
-0.593304	-1.50488
-0.647623	0.154336
-0.995263	-0.522484
-0.289119	0.461199
-0.115299	0.25058
0.0476569	0.262318
0.156294	0.416116
-0.951808	-0.564038
1.73154	0.772629
-0.245664	-0.563372
-0.604168	0.135058
2.56805	0.554329
0.308387	-0.27947
-0.93008	-0.792634
-0.647623	-0.297765
-0.908353	-0.403085
-0.897489	0.270394
-0.14789	0.471544
-0.897489	-0.453889
-0.528122	0.38945
-0.962671	-0.748812
-0.354302	0.475756
-0.604168	0.334956
-0.14789	0.364223
-0.213073	0.159913
-0.158754	0.339198
0.7538	0.138528
-0.289119	0.207227
0.232341	0.276074
-0.745396	-0.346862
-0.430348	-0.24208
2.98087	0.406031
3.67615	0.810061
-0.897489	-0.424787
-0.419484	-0.325763
1.93795	0.511086
0.384433	0.488496
-0.397757	0.209981
-0.625895	-0.294407
2.253	0.288506
-0.223937	-0.452268
-0.951808	-0.660284
-0.712805	0.066353
-0.919216	-0.65232
-0.2348	0.277651
0.0911119	0.494308
-0.039253	-0.0532072
0.0693844	0.201244
-0.615032	0.319249
-0.701941	0.353114
0.134567	0.729374
-0.875761	-0.580187
-0.593304	-0.199186
0.275796	0.281162
-0.419484	-0.367211
-0.777988	0.0521434
-0.137027	0.353205
-0.680214	0.32446
-0.951808	-0.627546
0.0911119	0.378408
-0.0718443	0.451601
-0.745396	-0.822721
-0.256528	0.159501
1.51426	0.492832
-0.615032	-0.566172
-0.886625	-0.484466
-0.680214	-0.182478
-0.701941	0.281337
-0.343438	-0.8645
0.167158	0.154985
-0.875761	-0.464971
-0.397757	-0.363845
-0.299983	0.560696
-0.625895	-0.793676
1.06885	0.534725
0.0802482	-0.662539
0.101976	-0.403812
-0.528122	0.538257
-0.919216	-0.000526075
-0.462939	-0.287715
-0.0283893	0.042336
0.656027	0.179307
2.05745	0.377095
1.7424	0.536873
1.29699	0.416283
0.92762	0.387275
-0.647623	-0.380813
-0.854034	-0.410784
-0.538985	0.525445
-0.75626	-0.206162
0.460479	0.63844
-0.332574	0.448454
-0.0283893	0.303934
1.18835	0.565304
-1.03872	0.209462
-0.84317	0.346837
-0.854034	-0.449523
0.406161	0.480682
2.93741	0.45354
0.49307	0.00521175
-0.310847	-0.564074
0.0150657	-0.499648
0.286659	-0.217022
-0.875761	-1.38384
-0.799715	-0.53881
-0.40862	0.1551
-0.104436	0.659631
-0.528122	-0.295353
-0.473803	-0.32193
0.829847	0.431114
0.818983	0.496233
-0.919216	-0.27156
0.00420194	-0.115275
1.24267	0.162496
-0.49553	0.358885
0.123703	0.503335
0.873302	0.299322
-0.452075	-0.307839
-0.365165	-0.136514
-0.32171	-0.399099
-0.332574	-0.047347
-0.549849	-0.0613335
-0.310847	0.294972
-0.278255	0.428701
0.308387	-0.158536
-0.799715	-0.204425
0.992803	-0.255149
-0.691078	0.495738
-1.00613	0.49834
1.02539	0.498672
-0.202209	0.243488
2.98087	0.353224
-0.0175256	0.109354
0.330114	0.495014
0.84071	0.425793
2.04659	0.586891
-0.0501168	0.179343
-0.886625	-0.478121
1.54685	0.541581
-0.647623	-0.581864
0.134567	-0.643841
0.938484	0.0894661
-0.940944	-0.616103
0.0476569	0.375536
-0.0935718	-0.175942
0.156294	-0.446028
0.417024	0.0860878
-0.506394	-0.732198
2.01399	0.567064
-0.93008	-1.15556
2.23127	0.434692
0.656027	-0.151289
-0.615032	0.00013399
-0.0935718	-0.013611
0.710345	0.171815
-0.919216	-1.40433
-0.691078	0.319226
0.7538	0.524671
-0.397757	-0.258678
-0.397757	0.374369
-0.278255	0.407479
0.0802482	-0.396945
-0.386893	-0.16407
0.178022	0.595271
0.406161	0.432853
-0.213073	-0.243307
0.66689	0.551184
-0.549849	-0.150999
-0.104436	0.292058
-0.701941	0.305281
-0.202209	0.398127
-0.75626	0.541865
1.13403	0.496051
-0.886625	0.445781
-0.441212	0.125721
0.905893	0.459106
-0.84317	-0.216509
-0.299983	0.111968
-0.158754	0.182085
-0.158754	0.483198
0.308387	0.337979
-0.745396	-0.0253113
4.39316	0.580772
-0.0175256	-0.0500411
0.00420194	0.209738
0.145431	0.630867
-0.636759	-0.867961
0.0367932	0.385459
-0.213073	0.455659
-0.93008	0.337515
0.199749	-0.0802826
-0.14789	-0.56936
2.18781	0.371492
1.5034	0.326571
0.732073	-0.515051
-0.354302	-0.41747
0.406161	-0.280774
0.101976	0.160497
0.449616	0.044621
2.35077	0.40634
3.25246	0.565586
-0.299983	0.388645
0.123703	0.406644
-0.810579	0.0364662
0.449616	-0.279356
0.895029	0.0477966
-0.93008	0.0462164
-0.864898	-0.779442
3.2416	0.186201
-1.00613	-0.790059
0.232341	0.769982
-0.604168	-0.938249
-0.691078	-0.83523
3.33937	0.360005
-0.973535	-0.0100176
1.13403	0.190129
0.775528	0.451828
-0.58244	0.198686
0.232341	0.320108
-0.245664	0.044875
-0.821443	0.649667
-0.951808	-0.0188887
3.0026	0.237205
3.41542	0.648161
-0.310847	0.238532
-0.875761	0.285099
-0.701941	-0.799727
-0.777988	-0.573041
2.65496	0.398296
-0.84317	-0.586093
0.851574	0.701323
-0.191345	-0.109401
0.449616	0.156383
0.677754	0.155579
0.308387	0.516982
4.20847	0.731024
-0.940944	-0.319568
-0.517258	-0.0196814
-0.712805	0.271791
-0.58244	0.0985541
-0.854034	0.139527
-0.386893	-0.00996628
0.992803	0.638678
0.0150657	-0.125492
8.10856	0.565703
-0.636759	0.336121
-0.256528	-0.336405
1.97054	0.756908
-0.84317	0.65188
-0.0609805	0.268464
-0.484667	-0.720937
-0.636759	0.177722
-0.810579	0.214059
-0.636759	0.26433
3.25246	0.761406
1.07971	-0.0532191
0.123703	0.53902
1.53599	0.335554
1.66636	-0.349283
-0.169618	0.360976
-0.973535	-0.490821
1.45994	-0.19358
1.79672	0.670042
2.42682	0.463998
-0.299983	-0.295762
0.57998	0.347685
0.254068	0.503406
-0.864898	-1.18036
0.264932	-0.0785627
-0.810579	-0.426345
-0.549849	0.175272
-0.810579	-0.174849
-0.0609805	-0.106244
1.06885	0.347177
-0.93008	-0.741537
-0.376029	-0.737706
0.406161	0.260927
-0.701941	0.632842
-0.897489	-0.280285
-0.767124	0.131401
0.92762	0.237913
0.949348	0.0380621
-0.169618	0.138224
-0.984399	-0.435315
-0.908353	-1.41278
-0.680214	0.843845
-0.951808	-0.274841
0.66689	0.44817
-0.940944	-0.332204
-0.723669	-0.329758
-0.191345	-0.261382
1.89449	0.408433
-0.691078	-0.262474
-0.376029	0.233811
-0.854034	-0.537796
-0.810579	0.0314411
-0.691078	-0.20612
0.297523	-0.150572
-0.615032	0.340183
0.0150657	0.342987
-0.832306	-1.08644
-0.376029	0.362255
0.721209	-0.0141747
-0.995263	-0.37326
3.0026	0.59439
1.24267	0.219653
-0.506394	-0.563252
-0.310847	-0.455755
1.90536	0.241949
-0.93008	0.138571
0.178022	0.392593
-0.636759	-0.422808
3.20901	0.447557
-0.777988	-1.25627
-0.202209	0.722109
1.45994	0.278103
-0.58244	0.282353
-0.93008	0.0908928
0.210613	0.128787
-0.940944	-0.801287
0.123703	0.459427
-0.354302	0.00288853
1.10144	-0.0954532
-0.854034	-0.166842
-0.0175256	-0.0221488
-0.549849	0.355814
-0.473803	0.400824
-0.897489	-0.114048
-0.75626	-0.193751
3.08951	0.516552
-0.734533	-0.130444
-0.995263	0.0051421
-0.0935718	-0.14204
2.80705	0.793399
1.51426	0.468909
-0.908353	-0.597652
-0.2348	-0.313808
-0.0935718	-0.134444
-0.973535	-0.400617
-0.169618	-0.160514
-0.126163	-0.318117
1.28612	0.128326
-0.799715	-0.276194
-1.02785	-1.48308
1.19921	0.410471
-0.376029	0.533847
-0.940944	-0.965583
0.167158	0.036542
-0.984399	-0.367692
0.123703	0.188822
-0.810579	-0.516792
-0.419484	0.67427
-0.810579	0.265952
-0.430348	0.21833
-0.919216	-0.182501
-0.0609805	0.0621152
0.0150657	0.418386
0.0476569	-0.320141
-0.039253	0.392311
0.732073	0.437535
-0.397757	0.108005
-0.223937	0.239112
-0.213073	-0.099622
-0.897489	-0.146224
-0.995263	-0.414085
-0.875761	-0.586844
-0.886625	-0.167561
0.199749	-0.0197269
-0.658487	0.206454
-0.354302	-0.180494
-0.0175256	0.158031
-0.745396	0.0392526
-0.267392	0.309266
-0.821443	-0.993262
3.31764	0.541456
-0.777988	-0.730015
-0.767124	-0.630095
-0.0175256	-1.14691
0.601708	0.323222
-0.0501168	0.542413
0.981939	0.367328
-0.40862	-0.20715
-0.104436	0.138904
-0.821443	-1.38521
0.612572	0.482347
-0.310847	-0.0305642
3.2416	0.517985
-0.549849	-0.295935
1.16662	0.396765
0.612572	0.43118
-0.452075	0.436413
2.81791	0.242028
3.19814	0.420594
-0.701941	0.452329
-0.517258	-0.178855
1.22094	0.452839
1.99227	0.0610497
0.981939	0.181962
1.81845	0.736184
3.76306	0.684141
-0.854034	-0.668715
-0.484667	0.399472
-0.615032	-0.0418608
0.514798	0.0999279
0.373569	0.513964
-0.984399	-0.147493
0.503934	-0.183463
-0.75626	-0.398125
0.829847	0.026436
-0.593304	-0.177785
-0.191345	0.028036
1.06885	0.198066
1.44908	0.353765
-0.821443	0.443393
-0.40862	-0.607006
-0.343438	0.0163177
-0.115299	0.221715
0.0911119	0.47915
4.43661	0.279819
-0.560713	-0.503717
-0.940944	-0.474564
-0.799715	0.499187
0.851574	-0.233197
-0.723669	-0.761205
-0.40862	0.187741
0.232341	0.0756882
-0.039253	0.455751
-0.32171	0.363778
-0.506394	0.319493
0.427888	0.478836
-0.256528	0.684587
-0.332574	0.0449793
-0.299983	-0.44123
-0.32171	0.315872
-0.788851	-1.19944
0.688618	-0.188153
-0.777988	0.570332
-0.49553	0.0360638
0.449616	-0.203364
-0.538985	0.0115568
-0.973535	0.323846
0.797255	0.315254
-0.354302	0.467995
0.7538	0.32663
0.156294	0.529776
1.84017	0.436052
-0.973535	-0.433967
0.699482	0.188413
1.10144	0.0998453
-0.14789	0.411035
0.764664	0.180544
-0.538985	-1.68255
1.16662	0.704448
-0.777988	0.513296
-0.278255	-0.119142
3.27419	0.186866
-0.973535	0.231814
0.634299	0.123124
1.07971	0.556619
-0.00666181	0.3363
-0.886625	-0.100913
-0.40862	0.281901
-0.940944	-0.52323
-0.082708	0.440836
0.101976	0.836784
0.319251	-0.591515
0.710345	0.539605
-0.745396	-0.0328995
-0.680214	-0.555684
-0.854034	-0.163733
-0.00666181	0.342988
-0.864898	-0.141345
-0.560713	-0.479783
-0.571577	0.527154
-0.864898	-0.202016
2.91569	0.459097
-0.66935	-0.536073
1.06885	0.422588
-0.951808	-0.168144
0.427888	0.778169
1.22094	-1.11331
-0.919216	-1.15458
0.797255	0.606649
-0.473803	-0.334435
-0.223937	0.123072
0.112839	-0.124248
-0.940944	-1.02523
-0.517258	-0.146115
-0.777988	-0.557218
-0.441212	0.145095
0.373569	0.117944
0.471343	0.414935
-0.58244	-0.256508
7.88042	0.848117
-0.832306	-0.126168
-0.14789	0.137002
-0.93008	-0.42272
-0.213073	0.580065
0.0911119	0.328455
-0.332574	-0.0761169
-0.940944	0.10048
-0.973535	-0.672094
0.373569	0.492674
-0.734533	-0.639362
-0.897489	-0.561339
3.37196	0.435364
2.32904	0.362129
-0.84317	-0.175738
-0.462939	0.4422
1.30785	0.589261
-0.32171	-0.165051
0.134567	-0.00452926
-0.593304	0.105262
-0.213073	-0.596203
-0.908353	-0.139385
2.70927	0.284637
2.8505	0.341928
-0.386893	0.557217
0.112839	0.5557
0.406161	-0.101916
-0.32171	-0.340072
0.0150657	-0.0779489
0.134567	0.427206
2.53545	0.268114
-0.962671	-1.30487
-0.854034	-0.614143
-0.0283893	-1.02117
-0.560713	0.364583
-0.897489	0.0227717
2.64409	0.456456
-0.126163	-0.0927946
2.45941	0.663524
3.79565	0.407354
1.89449	0.0232684
0.547389	0.446542
-0.777988	-0.0774146
-0.528122	0.257983
3.55665	0.519316
-0.647623	-0.657214
-0.430348	-0.0310519
-0.354302	0.305519
0.438752	-0.131159
4.3497	0.701072
-0.875761	0.375243
-0.636759	0.00500489
0.243204	0.0773138
-0.767124	0.331037
-0.886625	0.467233
-0.245664	-0.149967
0.569117	0.232263
-0.973535	-0.19826
-0.973535	-0.73147
-0.49553	-0.246149
-0.864898	-0.702535
-0.473803	-0.800643
-0.528122	-0.0019055
-0.658487	0.0492168
-0.256528	0.669707
0.275796	0.289483
-0.84317	-0.183432
-0.832306	-0.649975
0.340978	0.69519
-0.0935718	0.031219
0.0585207	0.0979677
0.145431	0.532319
-0.75626	0.330726
-0.854034	-0.3924
0.971075	0.389235
-0.267392	-1.08588
-0.571577	-0.60846
-0.419484	-0.0304022
0.199749	0.0773521
-0.734533	0.135847
-0.419484	-0.149287
-0.864898	-0.352546
4.1107	0.116465
0.123703	0.482619
-0.593304	0.174771
0.210613	0.530771
-0.615032	0.369284
1.55772	0.451884
0.786392	0.526115
-0.278255	-0.126189
-0.213073	0.338965
0.569117	0.631608
1.22094	0.395498
-0.919216	-0.385584
-0.158754	0.499076
-0.908353	-0.557144
-0.886625	-0.994345
-0.32171	-0.202696
0.167158	0.430098
0.721209	0.279934
-0.897489	-1.18754
3.46974	0.651579
-0.886625	-0.641612
-0.84317	-0.994855
-0.441212	0.459291
-0.169618	0.0559481
-0.84317	0.346837
-0.984399	-1.04671
-0.137027	-0.391559
-0.723669	0.282472
0.514798	0.369431
-0.343438	-0.549036
-0.973535	-0.327682
1.44908	0.479465
-0.788851	-0.0555927
-0.0935718	-0.301415
1.1449	0.431726
-0.973535	-1.37547
1.19921	0.423924
-0.908353	-1.62218
-0.0935718	0.039548
1.01453	0.56642
-0.875761	-0.553671
-0.441212	0.628765
0.677754	-0.0475442
-0.32171	0.341325
-0.951808	-0.167912
-0.158754	0.476245
4.03465	0.495412
-0.951808	0.167727
-0.886625	0.280937
-0.658487	0.14834
-0.00666181	0.0458431
-0.332574	0.224393
1.06885	0.489315
-0.777988	-0.143741
-0.810579	0.335945
-0.256528	-0.49241
-0.864898	-0.637358
-0.00666181	0.055566
2.38336	0.398879
-0.549849	-0.526786
-0.245664	0.0120634
-0.0935718	-0.368263
-0.810579	-1.21075
-0.310847	-0.625337
0.623435	-0.0414477
-0.940944	0.10817
-0.962671	-0.567994
-0.0935718	0.406344
-0.723669	0.150864
-0.723669	-0.0645182
-0.310847	-0.193885
-0.0283893	0.521622
-0.680214	0.578244
-1.01699	0.314123
1.09058	0.425656
-0.973535	0.531896
-0.897489	-0.476649
-0.430348	0.242592
-0.039253	0.387658
-0.821443	-0.688524
0.243204	-0.221296
-0.93008	-0.619713
-0.169618	0.211624
-0.137027	0.484009
-0.625895	-0.368792
-0.854034	-0.591692
-0.93008	-1.06786
-0.538985	0.0291814
-0.973535	-0.743089
-0.908353	-0.509711
-0.115299	0.267897
0.732073	-0.641454
0.775528	0.378766
1.63376	0.460548
0.308387	-0.158536
-0.278255	0.0204574
0.49307	0.577627
1.94881	0.431407
0.721209	0.255237
2.30732	0.409261
-0.919216	-0.170451
0.156294	0.54271
-0.940944	-0.258142
-0.984399	-0.519242
0.732073	0.476251
-0.245664	0.256924
0.417024	-0.0624115
-0.256528	0.479395
-0.84317	0.186582
0.308387	0.314602
-0.940944	-0.190301
0.808119	0.193972
-0.365165	-0.34468
-1.03872	-0.311702
0.710345	0.193652
0.221477	0.164668
4.52352	0.720286
-0.973535	-1.1235
-0.397757	0.161634
-0.886625	-0.488445
-0.962671	-0.868809
0.254068	0.252946
-0.49553	-0.382067
-0.14789	0.11228
-0.767124	0.0259646
-0.962671	-1.10528
-0.701941	0.529021
-0.14789	0.25188
-0.343438	-0.456814
0.308387	0.244846
1.06885	-0.0220812
0.938484	-0.109054
0.514798	-0.0302872
-0.289119	0.00870905
-0.126163	-0.0827141
0.797255	-0.275783
-0.593304	0.0711148
-0.799715	-0.534393
-0.962671	0.464021
-0.788851	0.467629
-0.951808	-0.524974
-0.908353	-0.600467
0.438752	0.425104
-0.636759	0.0339995
-0.919216	-0.440439
-0.66935	0.500919
0.264932	-0.191908
-0.810579	-0.58737
0.178022	0.354862
-0.734533	-0.234364
0.57998	0.477713
-0.799715	-0.466718
-0.332574	0.562648
0.7538	-0.0203035
-0.332574	0.294464
1.03626	-0.0295575
-0.267392	0.124733
-0.365165	0.69442
0.829847	0.461429
-0.821443	-0.966199
-0.625895	-0.571296
-0.75626	-0.645938
1.01453	0.411662
-0.354302	0.355477
-0.919216	-0.208683
-0.365165	0.00683037
-0.854034	0.0189732
-0.777988	-0.227888
0.112839	0.511491
-0.223937	0.215931
-0.93008	-0.0694947
-0.66935	0.146492
-0.962671	-1.0781
-0.452075	-0.254501
0.0476569	0.271304
-0.332574	-0.223008
0.167158	0.270853
1.73154	0.709953
1.41649	0.611043
-0.875761	-0.732358
-0.267392	0.295449
-0.430348	-0.079932
-0.777988	-0.200856
1.13403	0.268135
-0.58244	-0.290247
0.547389	0.184502
0.0476569	0.0118369
0.558253	0.327345
-0.821443	-0.520868
-0.310847	-0.473703
-0.995263	-0.483354
-0.256528	0.346117
-0.506394	0.376197
-0.32171	0.345948
0.84071	0.372579
-0.2348	0.48019
0.971075	-0.0339452
0.178022	0.179511
0.384433	-0.0275082
-0.506394	-0.732991
-0.560713	-0.618402
-0.962671	-0.702401
-0.93008	-0.0400891
-0.951808	0.355689
0.112839	-0.592613
-0.93008	-1.06745
0.362706	0.132297
-1.03872	-0.0633712
-0.984399	-0.71117
-0.680214	-0.26286
-0.462939	0.322537
-0.245664	0.155733
-0.343438	-0.107717
0.460479	-0.378798
0.297523	-0.0731657
-0.84317	-0.302719
-0.636759	-0.247811
-0.039253	0.210258
-0.832306	-0.210508
-0.680214	0.10585
-0.691078	0.155
-0.799715	0.633491
1.8619	-0.176607
-0.267392	-0.0798695
-0.75626	-0.424565
2.54632	0.484862
-0.00666181	-0.392297
0.384433	-0.116247
2.45941	0.413315
-0.777988	0.161866
2.81791	0.333565
2.22041	0.678284
-0.49553	-0.692596
-0.32171	0.161035
0.66689	-0.257962
0.612572	0.379646
0.0367932	-1.02971
-1.00613	-0.776571
-0.799715	0.643754
-0.202209	0.0569909
-0.462939	0.391654
-0.289119	-0.506115
-0.517258	0.0201122
-0.604168	0.298003
-0.75626	-0.997412
-0.115299	-0.488673
0.178022	-0.143312
-0.0609805	-0.210626
-0.810579	-0.727002
1.45994	0.331632
-0.84317	-1.60951
1.05799	-0.67961
0.264932	0.35469
0.688618	0.159834
2.38336	0.52269
0.482207	-0.573401
0.178022	0.0321446
-0.940944	-1.16337
-0.441212	-0.32073
-0.832306	-0.144818
-0.919216	-0.83132
2.6115	0.344509
-0.647623	-0.715875
-0.593304	-0.290337
2.22041	0.503461
-0.745396	-0.391611
-0.799715	-0.431576
-0.777988	0.295624
-0.615032	0.197542
-1.03872	-0.292449
-0.376029	0.44187
1.2644	0.471457
-0.0935718	0.483474
-0.615032	-0.46445
-0.354302	0.55539
0.319251	0.453308
-0.908353	0.477358
1.13403	-0.0875964
2.05745	0.557687
-0.875761	-0.512443
1.68808	0.473016
1.37303	0.100843
-0.126163	-0.963094
0.503934	0.0527288
-0.951808	0.255085
-0.864898	-1.18036
-0.886625	-0.582936
0.0911119	-0.444736
0.00420194	0.407883
0.710345	-0.289411
-0.734533	-0.837262
0.677754	0.511865
0.199749	0.303011
0.406161	-0.0775756
-0.777988	-0.46363
0.775528	-0.0623198
-0.951808	-0.665051
-0.528122	0.187794
0.286659	-0.469655
-0.625895	-0.365396
0.101976	-0.276257
0.438752	0.393837
-0.821443	0.185738
-0.430348	-0.755365
-0.962671	0.0295587
-0.777988	0.15835
0.384433	-0.146269
-0.995263	-0.481181
-0.84317	-0.670115
1.72067	0.248254
1.31872	0.632566
-0.169618	0.309439
-0.788851	0.352148
-0.951808	-0.922565
-0.636759	0.390585
-0.897489	0.198708
1.19921	0.644389
-0.506394	0.0788977
0.916757	0.341368
1.82931	0.880899
0.590844	0.0542693
-0.0501168	0.0284814
-0.158754	0.247462
-0.538985	-0.769104
-0.897489	0.285062
-0.256528	0.521858
-0.984399	0.130428
-0.115299	0.302808
-0.66935	-0.223467
-0.473803	0.0557161
-0.93008	-0.560506
2.38336	0.137279
-0.854034	-0.368812
-0.636759	-0.409542
0.66689	0.121958
-0.0718443	0.304285
-0.245664	0.108053
-0.940944	-0.569555
0.286659	0.596091
-0.625895	0.0659038
-0.788851	-0.164818
2.91569	0.460087
1.35131	0.449022
0.775528	-0.00633134
1.32958	0.495508
-0.93008	0.337515
-0.886625	0.0751528
-0.864898	-0.253192
3.77392	0.175481
-0.864898	-0.52621
-0.84317	-1.65602
0.829847	0.885837
-0.213073	0.44927
-0.484667	-0.877085
-0.723669	-0.0736172
-0.777988	0.214613
-0.538985	-0.134117
-0.66935	0.567278
-0.419484	-0.588415
1.19921	-0.054386
0.558253	0.255828
-0.441212	-0.211431
-0.299983	0.213583
-0.625895	0.0935863
0.308387	0.0141611
-0.951808	-0.99483
0.0259294	-0.278074
0.254068	0.310373
-0.289119	-0.576242
0.938484	-0.243556
-0.821443	0.0829009
-0.104436	-0.148495
0.0802482	-0.617365
0.275796	0.532763
-0.919216	-0.994491
-0.723669	-0.785136
-0.137027	0.535896
-0.712805	0.641316
0.275796	0.292677
-0.875761	-0.397118
-0.571577	0.153989
-0.875761	-0.311507
0.0802482	0.00418695
-0.723669	0.315129
-0.528122	0.0369582
0.243204	0.288397
0.188886	0.323648
-0.549849	0.163828
-0.0609805	-0.53806
-0.788851	-0.811261
2.52459	0.593092
0.569117	0.164354
-0.767124	0.199203
1.05799	0.269176
-0.158754	-0.154007
0.0693844	0.378264
-0.115299	0.474232
-0.386893	0.426404
0.340978	-0.0545439
-0.484667	0.556597
-0.58244	0.247495
1.30785	0.589256
1.03626	0.554834
1.16662	0.495735
-0.723669	-0.0888376
0.677754	0.32425
0.49307	0.321105
-0.462939	-0.389118
-0.571577	-0.144017
0.210613	0.345325
-0.354302	0.197158
-0.647623	0.125178
-0.940944	-0.100144
-0.0175256	-0.0221488
-0.14789	-0.043555
-0.310847	0.655421
-0.636759	-0.790173
-0.875761	-0.421626
-0.49553	0.130084
2.51373	0.509613
3.3611	0.868579
-0.549849	-0.214507
-0.777988	-0.0962835
-0.0175256	0.199578
0.145431	0.104531
-0.908353	-0.400487
-0.473803	0.0864977
-0.593304	-0.0779535
0.384433	0.35221
-0.962671	0.294482
0.0476569	0.509419
-0.115299	0.178559
0.710345	-0.115159
-0.14789	0.430325
-0.864898	-0.612302
-0.126163	0.281034
-0.0718443	0.226922
0.254068	0.721507
-0.940944	-0.199046
-0.636759	0.229595
-0.75626	0.43597
-0.419484	-0.076936
-0.169618	0.191185
-0.039253	-0.642088
-0.973535	-0.543426
-0.984399	0.38188
-0.908353	-0.59572
-0.0175256	0.5034
-0.0609805	0.0621152
0.482207	-0.573401
0.0585207	-0.127247
0.742937	-0.207937
-0.58244	-1.31514
-0.343438	0.0413931
-0.810579	-0.410144
-0.365165	-0.0868023
-0.647623	-0.696146
0.286659	0.652621
0.101976	0.269841
-0.723669	-0.174065
-0.571577	-0.480472
0.66689	0.753789
-0.0175256	0.11487
1.09058	0.338049
-0.397757	-0.00580157
1.21008	0.144696
-0.213073	-0.359523
0.123703	-0.559208
0.536525	0.0846527
-0.213073	-0.552346
0.275796	0.436406
1.45994	0.52652
-0.0609805	0.310865
-0.897489	-0.422609
-0.278255	0.338394
-0.940944	0.0343892
-0.973535	-0.662679
0.0476569	0.121164
-0.712805	0.601523
-0.647623	-0.270769
1.81845	0.672288
-0.93008	-0.904869
-0.701941	-1.2241
-0.397757	0.336106
0.829847	0.405079
-0.951808	-0.776448
-0.995263	-0.829997
-0.0283893	0.363912
-0.680214	0.276411
0.721209	0.45979
-0.658487	0.277289
-0.419484	-0.0294121
-0.397757	0.209981
-0.528122	-0.0019055
0.688618	0.0404478
-0.615032	0.330756
2.69841	0.464634
-0.919216	-0.989033
-0.93008	-0.0978991
2.89396	0.635071
-0.538985	0.033835
-0.767124	0.288817
-0.202209	0.0899371
1.37303	0.376594
-0.723669	0.00974149
-0.799715	-0.873344
-0.0175256	0.145687
2.39423	0.40294
-0.66935	0.256377
0.384433	0.185098
-0.908353	-0.965201
-0.810579	-1.10451
0.721209	0.25542
-0.365165	0.0202271
-0.658487	-0.464492
-0.343438	-0.0352236
-0.213073	-0.181392
-0.528122	-0.614892
2.19868	-0.0920161
-0.995263	-0.868319
-0.419484	-0.447913
0.7538	0.254242
0.0150657	-0.0128117
-0.191345	0.387449
-0.0609805	-0.116571
-0.647623	-0.153452
-0.832306	0.529729
1.39476	0.309138
0.971075	0.284317
-0.973535	-1.08419
-0.897489	-0.541221
0.406161	0.453829
0.558253	0.0364161
0.167158	0.599733
-0.767124	-0.8598
-0.788851	0.319501
-0.462939	0.293467
-0.767124	0.13207
-0.549849	-0.361417
-0.723669	-0.179138
1.68808	0.457276
-0.115299	-0.563719
0.0476569	0.300915
-0.886625	-0.196658
3.03519	0.487028
-0.484667	-0.81883
0.0367932	0.335925
-0.647623	0.561182
2.29645	-0.0728604
1.03626	0.0347365
-0.951808	0.255085
-0.115299	-1.97887
-0.40862	-0.0887858
-0.604168	-0.00263721
0.199749	-0.471211
-0.49553	-0.0462646
0.308387	0.532679
-0.104436	0.241529
-0.430348	-0.504489
-0.832306	0.226279
0.156294	-0.0485122
-0.310847	0.143286
-0.810579	0.573991
-0.875761	-0.58387
-0.115299	-0.181604
-0.951808	-0.239514
0.101976	-0.27073
-0.712805	-0.513028
1.27526	0.435928
0.112839	-0.211577
0.829847	0.0557934
-0.93008	-0.797054
-0.984399	-0.680554
-0.799715	-0.566423
-0.919216	-0.132431
1.13403	0.440071
-0.821443	0.0924604
-0.810579	-0.0747354
-0.951808	0.288432
-0.734533	-0.476568
0.938484	0.400749
-0.299983	0.560696
-0.788851	0.000541482
-0.528122	0.312189
7.01132	0.831007
1.2644	0.234888
-0.40862	-0.257356
-0.32171	-0.416149
-0.473803	0.513782
0.49307	0.156274
-0.571577	0.385579
-0.84317	-0.442931
-0.625895	-0.5346
0.112839	-0.067595
0.210613	0.41249
-0.213073	-0.664874
-0.58244	0.498074
2.00313	0.586751
1.25353	0.50412
-0.93008	-0.771358
0.482207	0.709482
0.0911119	0.00701986
0.00420194	0.268494
0.0802482	0.169489
-0.473803	0.116074
-0.854034	0.294169
-0.158754	0.400312
1.48167	0.114096
2.15522	-0.277
-0.821443	0.236175
-0.745396	0.729548
2.90482	0.704729
-0.549849	0.056234
1.05799	0.0296771
-0.788851	-1.08364
-0.245664	0.445859
1.03626	0.150401
-0.137027	0.416488
-0.821443	0.0743361
0.57998	0.316229
-0.940944	-0.781184
-0.528122	0.0819129
-0.245664	0.0672036
-1.02785	0.0999236
-0.984399	-0.349623
-0.767124	-0.0533407
-0.430348	-0.293115
0.243204	0.390633
-0.973535	-0.662679
-0.549849	0.325433
-0.908353	-0.949742
-0.289119	0.364488
-0.354302	0.128213
0.612572	0.43118
-0.984399	-1.20176
-0.810579	-0.835299
-0.473803	-0.800643
-0.397757	-0.258678
-0.908353	0.283627
-0.864898	-0.420512
-0.0718443	0.47226
-0.810579	-1.06479
-0.58244	-0.881168
-0.310847	0.0650774
0.971075	0.004711
-0.984399	-0.748834
0.0802482	0.042314
-0.213073	-0.219999
0.0367932	0.151565
-0.973535	-0.513811
-0.66935	0.0622732
-0.137027	0.519334
1.52513	0.517275
-0.940944	0.264393
-0.223937	0.434496
-0.984399	-1.53259
-0.723669	-0.39335
-0.951808	-1.41986
0.275796	-0.460161
1.04712	0.178091
0.319251	0.234513
-0.821443	-0.153182
-0.636759	-0.25302
2.35077	0.14907
0.732073	0.576725
-0.604168	0.263061
-0.473803	0.0294909
0.710345	0.267313
-0.560713	0.293577
-0.832306	-0.205244
-0.517258	0.181596
-0.245664	-0.349047
1.90536	0.0142083
-0.93008	-0.363218
0.558253	-0.0450232
0.732073	-0.258492
0.351842	0.145994
-0.039253	-0.283202
-0.886625	-0.303268
-1.00613	-0.825163
-0.604168	-0.685344
-0.75626	0.400247
-0.376029	0.00112949
-0.625895	0.547098
-0.593304	0.271908
-0.517258	0.454261
-0.104436	0.533045
0.254068	0.285882
0.981939	0.364621
-0.973535	0.107528
-0.767124	-0.00297823
-0.973535	-0.053891
-0.549849	-0.361417
-0.484667	-0.308849
1.1449	0.164594
-0.84317	-0.243892
0.221477	-0.0707834
-0.560713	0.0598141
0.938484	0.0894661
-0.951808	-0.232071
-0.647623	-0.580898
0.417024	0.104478
-0.473803	0.00889838
-0.49553	-0.207709
-0.875761	0.109421
-0.66935	0.045994
-0.940944	0.0112311
-0.832306	-1.22272
-1.03872	-1.13994
-0.365165	0.581896
1.29699	0.204658
-0.734533	-0.263335
-1.00613	-0.18817
-0.126163	0.367601
-0.604168	-0.239641
-0.223937	-0.391703
-0.0718443	-0.167573
-0.84317	-0.367046
1.05799	0.386598
-0.777988	-0.217128
-0.430348	0.415149
-0.897489	-0.363769
0.0585207	-0.0951398
-1.02785	-0.298597
-0.49553	-0.154471
0.438752	-0.102128
-0.039253	-0.576034
-0.984399	-1.32565
-0.2348	0.418599
-0.0283893	0.247014
-0.299983	0.508619
0.0150657	-0.403589
-0.767124	-0.497165
-0.0175256	-0.390812
-0.962671	-0.327168
-0.984399	-0.39262
0.188886	0.12924
-0.84317	-0.644682
2.74187	0.622847
0.525662	0.371418
-0.777988	0.100998
-0.919216	0.149016
-0.32171	0.0215987
-0.984399	-0.986746
-0.00666181	0.161333
0.264932	0.143695
-0.517258	-0.00225598
1.25353	-0.123381
1.03626	0.493642
0.101976	0.61116
0.66689	0.111909
-0.897489	-0.43749
-0.75626	-0.596678
-0.810579	-0.600535
-0.940944	-0.930879
1.05799	-0.67961
-0.213073	0.150143
2.60064	0.308492
-0.137027	0.450506
1.85104	0.553442
-0.213073	-0.265443
0.514798	-0.0575009
-0.2348	-0.0660489
-0.365165	0.429043
0.417024	0.124171
-0.734533	0.0193869
-0.538985	-0.632512
-0.940944	-0.741449
0.134567	0.0162334
2.01399	-0.00587295
-0.962671	0.244912
-0.376029	0.533847
-0.158754	0.487991
-0.593304	0.111021
-0.169618	0.16908
0.373569	0.21143
-0.75626	-0.293954
0.590844	-0.137174
1.23181	0.0861349
-0.864898	-0.426499
-0.376029	0.230275
1.1449	0.456842
-0.473803	-0.277371
-0.397757	-0.0848261
-0.908353	0.5245
-0.2348	-0.130351
0.0693844	0.168503
1.7424	0.344266
-0.137027	0.403666
-0.897489	-0.219226
0.308387	-0.178794
-0.940944	-0.510494
-0.615032	0.340183
1.84017	0.219502
0.330114	0.495014
0.199749	0.403549
-0.875761	0.0438177
-0.854034	0.31776
1.63376	-0.0534922
2.07918	0.411547
-0.908353	-0.342942
0.156294	-0.0616365
-0.647623	-0.603442
2.3725	0.497891
-0.560713	-0.733362
-0.799715	-1.10792
0.612572	0.0886956
-0.951808	-0.627546
-0.658487	0.354751
1.12317	0.212371
-0.441212	0.36857
0.797255	0.341362
0.362706	-0.267093
1.42735	0.453372
1.67722	0.529304
1.25353	0.467457
-0.00666181	0.439478
-0.701941	0.409071
-0.691078	-0.128869
1.99227	0.383008
-0.691078	0.126653
-0.169618	-0.238527
-0.951808	-0.560821
-0.66935	0.449716
-0.854034	0.0967616
-0.919216	-0.844504
-0.397757	0.474392
1.69895	0.443573
-0.767124	0.389987
-0.658487	-0.616484
-0.0718443	-0.143811
0.57998	0.479361
-0.169618	-0.23066
0.406161	-0.215028
-0.919216	-0.0921598
1.03626	-0.0295575
-0.832306	0.29759
0.764664	0.236008
0.460479	0.0816683
-0.615032	0.267612
-0.832306	-0.59
-0.202209	0.0339056
2.26386	0.260265
-0.973535	-0.390388
0.536525	0.417527
-0.832306	-0.140695
-0.691078	0.495738
-0.549849	-0.690405
0.319251	0.286884
-0.343438	-0.0565089
-0.973535	-0.330233
2.44854	0.369717
-0.897489	-0.466111
-0.202209	-0.109545
-0.082708	0.419507
-0.908353	0.168182
-0.549849	-0.470974
-0.951808	-0.605033
-0.854034	-1.57782
1.42735	-0.184837
0.286659	-0.563691
-0.875761	-1.46171
0.178022	0.165533
-0.245664	0.30748
-0.180482	-0.177824
-0.560713	-0.699359
1.00367	0.228262
-0.897489	-0.199473
3.33937	0.782252
0.547389	0.454374
-0.604168	-0.617142
-0.680214	0.411497
-0.180482	-0.281208
-0.951808	-0.903757
-1.01699	-0.428743
0.427888	0.314669
0.525662	0.752872
-0.158754	-0.0913948
0.92762	-0.352141
-0.137027	0.711562
0.732073	0.6449
-0.473803	-0.24019
0.895029	0.757399
-0.680214	-0.397124
1.09058	0.428381
0.101976	0.618293
-0.039253	0.38759
0.112839	0.291865
-0.745396	-0.324422
0.0476569	0.0716783
-0.615032	0.369284
-0.126163	-0.100345
0.547389	-0.31286
-0.799715	-0.0286368
1.05799	0.0835608
-0.810579	-0.491447
-0.397757	-0.0131272
-0.680214	0.495316
-0.169618	0.475358
-0.701941	-0.887838
-0.919216	-0.0720464
-0.691078	-0.214843
2.11177	0.565209
0.460479	0.583695
-0.625895	0.270986
-0.245664	0.498756
-0.875761	0.189905
-0.93008	-0.036499
-0.419484	-0.347829
0.797255	0.831538
2.74187	0.523182
-0.00666181	0.176802
-0.886625	-0.383317
-0.40862	-0.717947
-0.32171	-0.10054
-0.93008	-0.218572
-0.571577	-0.515901
-0.897489	0.463316
-0.908353	-1.02755
-0.169618	-0.300646
-0.995263	-0.54588
1.64463	0.615448
0.275796	0.375892
-0.788851	0.597764
2.88309	0.0517259
0.362706	-0.357131
1.79672	0.352506
-0.528122	-0.924228
0.0259294	0.373464
-1.00613	-0.154362
0.590844	0.74369
-0.430348	-0.261024
-0.951808	0.0197205
0.330114	-0.548168
-0.940944	0.632301
-0.615032	-0.324223
-0.93008	-1.12571
1.79672	0.671263
-0.832306	-1.0165
-0.854034	0.38384
-0.691078	-0.217411
0.101976	-0.0969492
0.254068	0.302824
-0.854034	-0.583788
0.808119	0.00698881
0.221477	-0.530399
0.362706	0.506872
-0.875761	-0.447806
1.93795	0.241208
-0.58244	0.436265
-0.126163	0.297806
1.69895	0.547612
-0.58244	0.202834
0.0259294	-0.095492
0.145431	-0.627543
1.00367	0.479832
-0.832306	-0.255389
0.0150657	-0.616123
-0.245664	-0.466098
-0.821443	0.0580495
-0.560713	0.372281
-0.2348	0.129203
1.89449	0.418494
-0.886625	-0.414016
-0.202209	-0.615703
-0.126163	-0.0845316
-0.40862	0.27328
0.275796	-0.0631764
-0.625895	0.209982
1.34044	0.167521
-0.658487	-0.754938
-0.00666181	-0.163699
0.243204	-0.587884
-0.560713	-0.57711
-0.919216	0.403273
-0.767124	-0.582809
-0.419484	0.162675
0.167158	0.374415
0.590844	-0.162443
-0.810579	-0.342011
-0.538985	-0.136771
-0.93008	-0.741537
-0.365165	0.0251339
-0.940944	-0.680401
-0.875761	-0.00251056
0.0802482	0.349097
-0.158754	-0.0528652
-0.299983	0.709399
0.167158	0.179437
-0.0935718	0.376188
1.75326	0.29983
-1.01699	0.135193
0.623435	-0.294456
0.0259294	0.448083
-0.75626	-0.111971
0.0693844	0.212688
-0.940944	-0.0972984
0.449616	0.38744
-0.14789	0.256248
0.677754	0.0782263
-0.430348	-0.41971
-0.517258	-0.0550229
-0.14789	0.39843
0.340978	0.348867
-0.908353	0.357412
-0.549849	0.428731
-0.919216	-0.388326
-0.973535	-0.384445
0.243204	0.213571
-0.202209	0.513895
-0.854034	-0.488011
0.808119	0.535681
-0.864898	-1.24575
-0.875761	-0.0180125
-0.701941	0.199742
1.1449	0.419284
-0.854034	-0.983082
-0.00666181	0.619593
1.40563	0.300236
-0.256528	-0.194532
-0.864898	-0.320228
-0.604168	-0.0765683
-0.940944	0.121094
-0.419484	-0.225068
-0.745396	0.290864
-0.84317	-1.04988
-0.788851	0.0219844
1.56858	0.275264
0.254068	0.525567
0.286659	0.17928
1.93795	0.33709
-0.777988	0.211087
0.156294	0.464739
-0.995263	0.626313
-0.245664	-0.0675703
-0.213073	0.102508
-0.571577	0.366958
-0.973535	-0.357977
-0.875761	-0.196223
0.406161	0.761948
-0.0175256	0.335556
0.210613	0.530771
-0.332574	0.438626
-0.951808	-0.860012
0.254068	0.20729
-0.75626	0.100208
-0.289119	0.536985
-0.0609805	0.31879
-0.256528	0.0201308
-0.734533	-0.984633
-0.84317	0.359132
-0.593304	0.399875
-0.984399	-0.986746
-0.951808	-0.690446
-0.452075	0.0409485
-0.354302	0.284884
-0.995263	-0.420819
2.64409	0.435711
0.905893	-0.414426
-0.506394	0.253601
-0.137027	0.364189
1.03626	0.359956
-0.897489	-1.50649
0.0367932	0.12578
-0.00666181	0.165023
2.47027	0.517551
-0.951808	-0.678851
0.297523	0.723751
-0.593304	0.459012
-0.647623	-1.60004
-0.75626	0.0490223
-0.397757	0.212186
-0.973535	0.147867
-0.506394	0.0762331
0.384433	0.535783
-0.897489	-0.0517769
-0.615032	0.178671
1.02539	0.37421
1.64463	0.443886
1.37303	0.325889
0.623435	0.225364
-0.723669	-0.367536
2.12263	0.283331
-0.506394	0.220109
-0.202209	-0.0522275
1.73154	0.416298
-0.625895	0.312952
-0.223937	0.594526
-0.897489	-0.451561
-0.864898	-0.111489
1.27526	-0.124177
0.145431	0.166495
-0.2348	-0.652505
-0.104436	0.0620342
-0.908353	-0.604023
0.232341	0.431166
-0.734533	0.589006
-0.376029	0.44187
-0.864898	-0.246701
-0.886625	-0.172272
-0.115299	0.485483
-0.712805	0.090702
-0.0718443	0.320583
0.243204	0.526918
-0.115299	-0.199068
0.0476569	0.464577
-0.799715	-0.158637
0.525662	0.423716
1.00367	0.296857
1.49254	0.274068
0.471343	0.100817
-0.93008	-0.125679
0.710345	-0.173221
-0.854034	-1.13337
-0.517258	0.21417
-0.2348	0.374701
-0.973535	0.0200536
0.0259294	0.012011
1.19921	0.0907735
0.601708	0.643866
1.22094	0.401391
-0.419484	0.0522533
0.547389	0.127563
0.308387	0.612592
1.09058	0.0101537
-0.93008	-1.17708
-0.951808	-0.61667
-0.158754	0.24402
-0.441212	0.252475
-0.984399	-1.05717
-0.84317	0.0511525
-0.137027	0.83981
0.0911119	0.0741829
-0.93008	-0.17787
0.167158	0.357786
0.818983	0.521237
-0.593304	-0.162011
-0.452075	0.0649386
-0.854034	-1.04075
-0.0609805	0.00845394
-0.854034	-0.695666
0.232341	0.159266
-0.832306	-0.33753
-0.473803	0.398131
-0.75626	-0.426976
0.873302	0.359085
0.612572	0.159098
1.9814	0.350715
0.308387	0.477277
2.23127	0.434692
-0.854034	0.328245
-0.680214	-1.23528
-0.299983	0.486999
-0.897489	0.429549
-0.788851	-0.344234
-0.039253	-0.196815
0.145431	0.213548
0.460479	0.425878
-0.126163	0.569484
-0.701941	-0.324476
0.134567	0.330422
-0.864898	-0.60157
0.199749	0.294702
0.699482	-0.675687
-0.821443	0.347239
-0.636759	0.177722
-0.951808	-0.348778
-0.854034	-0.912812
-0.93008	-0.0380147
-0.940944	-0.164481
-0.517258	-0.686941
-0.115299	0.288979
-0.473803	0.460896
-0.66935	-0.384713
-0.951808	0.203373
-0.951808	-0.447908
-0.984399	-1.1901
-0.84317	0.424205
0.362706	0.650898
-0.908353	0.0160264
1.48167	0.502079
-0.223937	0.487377
-0.897489	-0.303504
0.514798	-0.302358
-0.332574	0.33954
2.54632	0.15784
-0.452075	0.306921
2.19868	0.439429
-0.962671	-0.642621
0.536525	0.395275
-0.854034	-0.634795
-0.854034	0.210232
0.427888	0.0723808
0.612572	0.40586
-0.0718443	-0.206869
0.406161	-0.32245
-0.126163	0.0782512
-0.58244	-0.861132
1.02539	0.525487
-0.32171	-0.0648086
-0.66935	-0.963253
0.710345	0.2203
-0.647623	-0.699359
-0.777988	-0.856565
-0.517258	0.666211
1.88363	0.324345
-0.604168	-0.890407
-0.528122	-0.0995992
-0.745396	0.450857
-0.875761	0.392539
-0.452075	0.0559144
0.569117	0.186019
-0.484667	0.337249
-0.84317	-0.0491675
2.35077	0.14907
-0.951808	-0.620346
-0.821443	0.206696
-0.712805	0.666952
-0.723669	-0.404872
-0.517258	-0.275227
0.818983	0.112043
1.13403	0.502662
-0.767124	-0.675327
-0.397757	0.174596
-0.984399	-0.792698
-0.441212	-0.30319
-0.549849	0.0304911
-0.310847	0.431487
1.39476	0.446721
0.471343	-0.214641
-0.104436	-0.0543236
1.78586	0.560888
0.254068	0.46751
-0.973535	-1.1584
-0.919216	-0.569883
-0.430348	0.415954
0.210613	0.128787
-0.745396	0.508037
0.851574	0.346964
0.764664	0.340755
0.178022	0.293241
-0.58244	-0.090853
-0.951808	-1.19957
-0.691078	-0.0622556
0.981939	0.520977
1.15576	-0.41361
1.47081	-0.115651
-0.419484	0.401524
-0.973535	-1.2335
1.04712	0.733617
-0.66935	0.289698
-0.647623	0.219276
-0.223937	0.494806
-0.832306	-0.588566
-0.169618	-0.374169
0.471343	0.213282
-0.310847	0.570871
1.01453	0.0845399
-0.115299	0.0742495
0.49307	-0.599386
0.656027	0.297117
0.417024	0.113634
-0.58244	0.160342
0.623435	0.575347
-0.832306	-0.672193
-0.58244	-0.374335
0.243204	0.265548
0.254068	0.433966
-0.354302	-0.0205908
-0.0283893	-0.366204
0.66689	0.398074
0.688618	0.0112806
-0.832306	-0.238413
0.264932	0.278098
-0.299983	0.456581
0.829847	0.429431
-0.517258	0.489569
0.243204	-0.146016
0.0476569	0.482321
-0.343438	0.379698
1.78586	0.334477
-0.137027	-0.106556
0.710345	0.0373686
-0.951808	0.183446
-0.310847	0.499726
-0.365165	0.613259
3.94774	0.0182087
-0.245664	0.313291
-0.49553	-0.59062
-0.84317	0.235237
-0.299983	0.348156
1.09058	0.0311053
-0.788851	0.307211
-0.517258	0.272241
0.210613	0.0512589
0.0585207	0.27523
-0.984399	-0.883982
-0.745396	-0.245304
-0.593304	-0.162011
-0.484667	0.0416514
-0.104436	0.282113
-0.473803	-0.816825
2.29645	0.732384
-0.908353	-0.462639
0.330114	0.0917428
-0.908353	-0.382486
-0.875761	-0.0104184
-0.615032	-0.0182428
0.362706	-0.862465
-0.864898	-0.404881
0.0693844	0.27189
-0.973535	-0.538283
-0.864898	0.0697247
-0.777988	0.0884251
-0.973535	-0.609526
-0.984399	0.481846
0.0585207	0.19574
-0.169618	0.322843
2.35077	0.492906
0.623435	0.45473
-0.32171	0.475376
0.0693844	0.142021
-0.299983	0.182925
-0.158754	0.115029
-0.0935718	-0.208571
-0.386893	-0.688117
0.275796	0.405115
-0.115299	0.418289
-0.66935	0.30808
-0.691078	-0.442913
2.74187	0.491071
0.101976	-0.225371
-0.93008	0.0595892
-0.680214	-0.387734
-0.484667	0.379368
1.47081	-0.115651
-0.299983	0.115286
1.7424	0.0362153
-0.376029	0.201074
-0.386893	0.259736
-0.788851	-0.458148
-0.886625	-0.103178
-0.158754	0.0713367
-0.169618	0.414633
-0.886625	0.321808
-0.93008	0.04846
-0.604168	-0.594099
-0.267392	-0.166984
0.460479	-0.298341
0.395297	0.414504
2.77446	0.435008
-0.658487	-0.42168
-0.365165	-0.0945609
-0.84317	-0.949288
-0.245664	-0.290215
0.0802482	0.281585
-0.082708	0.325684
-0.397757	0.126352
-0.636759	-0.312758
-0.973535	-0.793514
2.65496	0.0462634
0.981939	0.0879162
1.02539	0.151797
-0.00666181	0.0391769
-0.75626	-0.742264
0.829847	0.529661
1.43822	0.40435
1.29699	0.464874
-0.897489	-0.416297
-0.528122	-0.530557
-0.723669	-0.0736172
-0.115299	0.0580509
-0.538985	-0.409264
2.91569	0.220943
-0.32171	-0.0484943
-0.14789	0.201102
-0.93008	-0.552266
0.590844	0.190791
-0.767124	-1.11746
-0.0718443	0.4808
-0.604168	-0.027316
2.51373	0.434139
0.297523	0.305452
1.34044	0.229261
-0.832306	0.242153
2.07918	0.423371
1.31872	0.434495
-0.441212	-0.102677
-0.104436	0.154611
-0.723669	-1.40849
0.427888	0.589963
-0.973535	0.523602
1.82931	0.465569
0.981939	0.5118
-0.93008	-0.646142
-0.332574	-0.527803
-0.571577	-0.132934
3.08951	0.516552
0.547389	-0.269705
-0.919216	-0.475359
0.482207	0.114917
-0.58244	-1.03397
-0.452075	0.280687
1.7424	0.282294
1.40563	0.292311
-0.397757	0.0262814
-0.0609805	-0.0705044
-0.854034	0.424313
0.0367932	0.515185
-0.832306	-0.786368
-0.886625	0.310216
-0.691078	-0.83523
-0.289119	0.607564
0.438752	0.503711
-0.169618	0.191185
0.373569	0.783999
-0.875761	0.290208
-0.788851	-0.437218
-0.940944	-0.539542
0.438752	0.474471
-0.897489	-0.871169
-0.712805	-0.415062
-0.875761	-0.800075
-0.0175256	-0.324022
-0.354302	0.0138247
1.85104	0.511252
0.264932	0.385982
-0.538985	0.192953
-0.886625	0.488159
-0.452075	0.166441
1.05799	0.508637
-0.734533	-0.334702
-0.278255	-1.21953
-0.126163	0.253349
0.286659	0.365622
2.1009	0.133418
0.178022	0.29507
-0.49553	-0.0896182
-0.691078	0.170257
-0.126163	0.444272
0.145431	-0.0457971
1.81845	0.251606
1.03626	-0.225525
0.406161	0.491657
-0.767124	0.105381
2.42682	0.765081
1.22094	0.0931311
0.601708	0.433724
-0.441212	-0.345587
0.286659	0.128921
-0.560713	0.57277
-0.940944	0.493596
0.199749	0.250827
2.492	0.813632
-0.767124	0.342394
-0.810579	0.404714
-0.864898	-0.520187
0.536525	0.700711
-0.767124	0.460009
-0.604168	-1.10008
-0.973535	-0.903894
-0.864898	0.0697247
-0.777988	-0.392708
-0.777988	-0.862921
-0.202209	0.067605
-0.745396	0.509884
-0.973535	-0.205181
-0.0609805	0.0914319
-0.864898	-0.889322
-0.66935	-0.385733
1.07971	0.515025
-0.854034	-0.502899
-0.712805	-0.16759
0.547389	0.031735
-0.897489	-0.669192
-0.506394	0.162114
0.547389	0.483811
-0.49553	-0.188119
-0.14789	0.47916
0.623435	0.272152
-0.875761	-0.757005
2.30732	0.0926169
-0.560713	-0.674528
-0.213073	0.447911
-0.40862	-0.19599
-0.14789	0.495253
0.406161	0.399322
-0.701941	0.0183528
-0.919216	-1.19556
-0.528122	-0.575041
0.275796	0.322868
-0.897489	0.456251
0.590844	0.366548
-0.299983	-0.477521
-0.897489	-0.317969
2.731	0.557927
-0.636759	0.053898
-0.84317	-0.424745
0.699482	0.733105
-0.202209	0.255439
-0.560713	0.341989
1.97054	0.28448
0.905893	0.331827
0.536525	0.575135
0.0802482	-0.356642
3.73047	0.276074
1.81845	0.0258673
-0.604168	-0.423657
0.536525	0.159161
-0.549849	0.425393
3.17642	0.855361
-0.538985	0.368352
0.199749	0.468248
-0.452075	-0.0253139
-0.49553	0.0907094
-0.104436	0.291732
-0.93008	-0.121773
-0.723669	-0.290139
-0.441212	-0.385168
-0.93008	-0.735531
0.308387	0.0655072
-0.951808	-1.00864
-0.962671	-0.585972
-0.213073	0.356975
-0.777988	0.211955
-0.0935718	0.326408
-0.886625	-0.984414
-0.75626	0.398746
-0.886625	-0.770987
-0.213073	0.446475
0.340978	0.408013
1.12317	0.337172
2.55718	0.794854
0.0911119	-0.232505
-0.538985	0.492434
0.427888	0.508965
0.797255	0.303337
-0.245664	0.238676
-0.951808	-0.664276
-0.701941	-0.148169
-0.810579	0.549171
-0.473803	-0.00752306
-0.886625	0.425804
-0.082708	-0.12102
1.16662	0.401956
-0.821443	-1.5541
-0.940944	-1.20676
2.97	0.444186
-0.615032	-0.335698
-0.528122	-0.00535253
0.547389	0.305596
1.16662	-0.485183
-0.267392	0.532311
0.0367932	0.184405
-0.473803	0.119217
-0.886625	-1.57547
0.656027	0.46302
0.66689	0.426322
-0.137027	0.337188
1.76413	0.424027
-0.75626	-0.504094
3.69788	0.731071
0.0585207	0.451034
0.471343	0.0192565
-0.897489	-0.384771
-0.40862	-1.13286
2.80705	0.487891
0.862438	0.164718
0.145431	-0.0360622
0.536525	0.18284
-0.973535	-0.598828
-0.14789	-0.343845
-0.821443	0.275595
0.590844	0.206919
2.28559	0.296484
0.101976	0.0895698
-0.039253	0.0769406
0.525662	0.371418
-0.832306	-0.61426
-0.615032	0.357047
1.1123	0.247579
-0.604168	-0.527486
0.938484	0.295893
-0.267392	0.310641
-0.995263	-0.522484
-0.593304	0.221355
0.178022	-0.352606
-0.680214	-0.667275
-0.886625	-0.360826
1.36217	0.622732
-0.278255	-0.600763
0.612572	0.266627
-0.636759	0.246802
0.254068	0.206611
-0.680214	-0.0358908
-0.908353	-0.344833
-0.897489	-0.865216
-0.767124	-0.917124
-0.625895	-0.379836
0.569117	0.113701
-0.777988	0.345358
-0.66935	0.416162
0.905893	0.735724
0.623435	0.437833
-0.680214	-0.837213
-0.951808	-0.00469288
0.482207	0.129052
-0.082708	0.17544
0.167158	0.43428
-0.278255	-0.354059
-0.2348	-0.10988
-0.973535	-0.969462
-0.951808	-1.36184
2.45941	0.258979
-0.66935	-0.694787
-0.2348	0.483055
-0.517258	0.482498
-0.908353	-0.614312
0.362706	0.00911548
1.5034	0.513594
1.32958	0.965461
-0.821443	-0.521591
-0.854034	-0.0663258
0.449616	-0.116081
-0.886625	-0.526824
-0.528122	0.280531
-1.01699	-1.5641
-0.386893	0.50827
-0.886625	-0.328666
0.178022	0.38616
-0.962671	-0.902756
-0.886625	-0.958767
-0.484667	0.584112
-0.647623	0.0369724
0.308387	-0.746991
0.623435	-0.309809
-0.940944	-0.522276
-0.115299	0.380037
-0.560713	-0.771393
0.243204	0.44112
-0.615032	0.548799
-0.984399	0.248639
-0.788851	0.0365514
0.0150657	0.841776
2.03572	0.563323
0.0585207	0.201526
0.384433	0.00111266
0.297523	0.11601
-0.191345	0.699383
-0.082708	-0.0365808
-0.854034	-0.346463
1.43822	0.449615
2.52459	0.401028
1.99227	0.0607148
-0.723669	0.197125
-0.875761	-0.381071
-0.137027	0.267811
-0.864898	0.400226
-0.419484	0.223601
-0.441212	-0.324187
2.72014	0.572828
0.243204	0.396219
-0.0718443	0.288103
-0.691078	-0.567366
-0.40862	-0.259834
0.188886	0.0772927
2.09004	0.176032
-1.00613	-0.154362
-0.821443	-0.497886
0.00420194	0.445905
0.00420194	0.34106
0.199749	-0.823973
-0.082708	0.234668
1.09058	-0.295985
5.15362	0.629995
-0.49553	-0.0187274
-0.734533	-0.547152
0.0259294	-0.146834
0.0476569	0.221745
-0.93008	-1.23424
0.373569	0.528849
-0.49553	0.711695
-0.484667	-0.126542
0.710345	-0.345634
0.00420194	0.515679
-0.0609805	-0.149638
0.351842	0.0154438
0.797255	0.145449
-0.897489	-0.578255
0.547389	-0.186161
-0.658487	-0.489152
-0.767124	-1.17488
0.254068	0.503406
0.123703	0.578396
-0.973535	-1.28319
-0.571577	-0.0431516
-0.962671	-0.376246
-0.397757	0.438379
1.70981	0.401153
-0.636759	-0.196142
-0.082708	0.0925292
-0.2348	-0.242019
1.32958	0.0112678
-0.701941	0.315361
-0.962671	0.274656
0.992803	0.519061
-0.0501168	0.149859
-0.919216	-1.16848
2.77446	0.475952
-0.560713	-0.0755257
-0.647623	0.367015
-0.962671	-0.557407
0.905893	-0.29292
1.28612	0.344304
2.62236	0.495636
3.54578	0.139407
0.971075	-0.0192844
-0.0501168	0.340578
-0.864898	0.273842
1.91622	0.275719
1.97054	0.302505
0.884165	0.296842
-0.973535	-0.265873
-0.40862	0.176883
-0.973535	-0.386657
-0.419484	-0.516929
0.199749	-0.00128855
0.0150657	0.0822559
-0.299983	0.241368
0.699482	0.169839
1.19921	0.353953
0.66689	0.352934
-0.995263	0.0150596
-0.658487	-0.379157
-0.191345	-0.721589
0.482207	-0.52257
-0.528122	0.257783
-0.169618	0.155824
-0.365165	0.459995
1.36217	0.319638
-0.973535	-1.06865
0.449616	-0.142096
0.514798	0.236932
-0.289119	0.200145
-0.49553	0.496284
-0.462939	-0.139889
-0.734533	-0.107209
-0.832306	-0.194093
0.362706	0.0362582
1.30785	0.0074828
-0.712805	0.395035
-0.484667	-0.498604
-0.104436	-0.060607
-0.506394	0.342374
-0.734533	-1.43549
0.362706	0.565923
0.645163	-0.134616
1.3839	0.191203
-0.995263	-0.413354
0.167158	0.423616
-0.289119	-0.0542524
-0.984399	0.443809
1.10144	-0.533993
-0.897489	-0.251686
-0.40862	0.177884
0.808119	0.569466
-0.658487	-0.742739
-1.01699	-0.597303
1.54685	0.541581
-0.864898	-1.18036
0.373569	0.18386
-1.00613	-0.155902
-0.908353	-1.11504
0.156294	0.0700274
0.275796	-0.135208
0.92762	0.427
-0.864898	-1.37187
-0.984399	-0.863515
-0.886625	-1.90644
-0.973535	0.228972
-0.517258	0.136744
0.319251	0.340559
-0.658487	-0.917093
0.960212	0.665083
1.03626	0.356004
0.243204	0.408721
0.884165	0.21904
-0.58244	-0.39145
-0.75626	-0.400687
0.427888	0.00691402
-0.995263	-0.951896
1.36217	0.00381597
-0.615032	-0.126519
-0.506394	0.417723
-0.0718443	0.0782537
-0.788851	0.254164
-0.854034	0.251394
-0.84317	-0.877547
-0.441212	0.0158269
-0.49553	0.280377
-0.908353	-0.616521
-0.517258	-0.53438
0.156294	0.332325
0.101976	-0.657844
-0.137027	0.105426
-0.441212	0.350617
-0.202209	-0.612952
0.688618	0.0589346
0.677754	0.306057
-0.908353	-0.53011
-0.169618	-0.0097767
0.971075	0.140843
-0.93008	-0.365573
-0.115299	0.2068
0.340978	0.665537
-0.528122	0.392777
0.0150657	0.185828
-0.191345	0.363764
-0.658487	0.402787
0.438752	0.422573
-0.745396	0.34111
4.02379	0.512854
1.45994	0.491215
-0.430348	-0.170307
0.156294	0.1835
-0.908353	0.015539
-0.962671	0.410496
0.601708	0.480233
-0.430348	-0.474229
-0.75626	0.679401
2.07918	0.547698
-0.0283893	-0.164114
2.29645	0.732384
0.764664	0.443703
-0.897489	-0.561339
-0.940944	0.122238
-0.951808	-0.21681
7.44587	-0.226605
-0.908353	-0.416838
0.384433	0.185098
2.69841	0.443795
0.384433	-0.182807
-0.538985	0.19379
1.75326	0.473497
-0.625895	-0.176582
-0.40862	0.437847
2.77446	0.36486
-0.84317	-0.138137
-0.332574	-0.872033
-0.821443	-0.0871512
0.797255	0.202448
-0.995263	-0.293172
-0.951808	-0.382679
-0.680214	0.338831
-0.549849	0.318015
-0.680214	-0.460501
-0.549849	-0.323264
-0.951808	-0.406323
0.395297	-0.334591
-0.310847	0.234197
1.22094	0.201438
-0.93008	-0.245512
0.732073	-0.0943599
0.49307	0.534767
0.656027	0.179307
-0.854034	0.201575
0.699482	-0.0432068
0.00420194	0.326839
2.79618	0.372326
-0.115299	0.127535
0.677754	0.23838
-0.962671	0.0642119
0.134567	-0.866604
-0.84317	-0.375112
-0.767124	0.17625
-0.441212	0.550908
3.55665	0.525763
-0.821443	-0.615416
-0.180482	-0.778601
-0.832306	-0.126168
1.70981	0.368404
0.0259294	0.131416
1.85104	0.114226
-0.484667	-0.172258
-0.0935718	0.59159
1.54685	0.517687
-0.593304	0.072159
0.503934	0.326627
-1.02785	-0.852061
0.482207	0.549316
-0.462939	-0.369296
0.7538	-0.0123171
0.84071	-0.0963672
-0.799715	-0.723402
2.23127	0.459069
-0.84317	-0.175738
0.536525	0.137995
-0.299983	-0.200903
0.547389	-0.304255
-0.560713	-0.276612
0.786392	-0.396583
-0.386893	-0.319573
-0.723669	0.110512
-0.615032	0.223995
0.0259294	0.364677
-0.082708	0.382793
0.0150657	-0.0922025
-0.484667	-0.27267
1.93795	0.806858
-0.104436	-0.0164718
-0.473803	0.156951
-0.213073	0.363848
-0.549849	0.519249
-0.908353	-1.58011
-0.875761	-0.482165
-0.191345	-0.219591
0.49307	0.411365
-0.593304	0.318601
-0.40862	-0.626446
-0.919216	-0.705184
0.395297	0.0977947
-0.082708	0.4703
0.417024	0.21559
0.0802482	0.488077
1.32958	0.501717
0.0259294	0.299386
1.19921	0.0558361
1.42735	0.242703
-0.213073	-0.063612
-0.984399	-0.617795
-0.245664	0.0120634
-0.658487	0.529716
0.0585207	0.419657
-0.615032	0.0196321
-0.376029	0.433645
-0.832306	-0.693351
-0.625895	-0.464126
-0.75626	0.271205
-0.549849	-0.735818
-0.0609805	-0.0511766
-0.49553	-0.263012
-0.962671	-0.827757
1.37303	0.340948
0.710345	-0.152066
0.775528	-0.408775
1.6229	0.558564
2.54632	0.15784
-0.593304	0.557583
-0.767124	0.400219
0.851574	-0.00907532
-0.84317	-0.133154
1.34044	0.653
-0.528122	0.242322
-0.712805	-2.02106
-0.40862	0.0711537
-0.897489	-1.0364
-0.180482	0.19044
-0.767124	0.0445289
-0.93008	-0.971807
1.76413	0.504612
0.417024	0.218698
-0.278255	0.441983
-0.636759	-0.264674
-0.137027	0.0979201
1.04712	0.519365
-0.549849	0.269472
-0.0175256	0.673185
-0.278255	-0.116034
-0.528122	-0.350189
-0.897489	-0.907244
-0.712805	-0.415062
1.77499	0.507533
-0.799715	-0.0315826
0.0911119	0.174263
1.48167	0.241578
-0.452075	0.292244
1.70981	0.14792
0.330114	-0.266242
-0.767124	-0.517309
-0.571577	0.493306
-0.58244	-0.262283
1.05799	0.368117
0.688618	0.480791
1.13403	0.236367
0.873302	0.486842
-0.723669	-0.859438
0.0259294	0.11796
3.27419	0.511033
1.40563	0.223017
0.112839	0.0769135
0.808119	0.504435
-0.310847	-0.501715
-0.75626	-0.157054
0.395297	0.274007
2.1335	0.457378
-0.245664	-0.349047
-0.745396	-0.371623
-0.615032	-0.0226455
0.57998	0.0900688
-0.647623	-0.243701
-0.777988	-0.164834
-0.886625	-0.308017
-0.864898	-0.554537
0.00420194	0.34106
-0.0609805	0.0238072
-0.940944	-0.919418
-0.701941	0.330808
2.64409	0.351176
-0.886625	-0.381091
-0.951808	-0.141046
1.82931	0.358639
-0.115299	0.431673
-0.864898	0.437414
1.88363	0.229303
1.23181	0.544714
-0.908353	-0.376564
0.0150657	0.100822
0.775528	-0.513509
-0.169618	0.253624
-0.484667	-0.0664874
-0.821443	-0.453398
-0.571577	0.194688
1.5034	-0.0140516
-0.636759	0.120516
-0.452075	0.518056
-0.691078	-0.232164
-0.354302	-0.0421042
0.558253	-0.253035
-0.995263	0.304084
-0.864898	-1.1114
-0.897489	-0.290634
-0.93008	-0.0750927
-0.191345	0.4283
-0.723669	-0.116456
-0.788851	-0.247521
-0.919216	-0.391436
-0.995263	-0.154479
-0.473803	0.191471
-0.0501168	0.456944
-0.810579	0.010689
0.243204	0.344832
-0.864898	-0.17587
0.699482	0.0286225
-0.777988	-0.0625158
-0.245664	-0.0674925
-0.919216	0.492046
0.57998	0.379099
-0.962671	-0.932806
-0.104436	0.0547999
0.677754	0.305499
-0.430348	0.599819
-0.430348	-0.66538
0.732073	0.724095
-0.919216	-1.02769
-0.267392	-0.458995
-0.289119	0.203722
-1.02785	-1.02917
0.710345	-0.0109096
-0.680214	-0.26286
-0.386893	-0.181335
-0.484667	-0.000993763
-0.376029	0.351223
-0.549849	0.184173
0.145431	-0.218276
-0.864898	0.602846
0.634299	-0.0255293
-0.864898	-0.345465
-0.680214	-0.0915402
-0.538985	0.429612
0.199749	-0.471211
-0.126163	-0.276179
-0.636759	-0.0919502
-0.93008	0.327059
-0.343438	-0.665014
-0.180482	-0.177824
-0.886625	-0.377182
-0.169618	0.000673253
-0.00666181	-0.112358
1.09058	0.572262
-0.202209	0.432991
-0.691078	-0.668896
-0.137027	0.409726
0.938484	0.812957
1.30785	0.25378
0.395297	0.522317
-0.517258	-0.101843
0.829847	0.384742
-0.951808	-0.0158501
1.21008	0.290069
-0.58244	-0.466338
-0.84317	-0.212781
-0.169618	-0.961654
-0.962671	-0.838687
1.54685	0.377989
-0.875761	-0.728875
-0.940944	-0.698932
-0.897489	-0.130038
-0.864898	-1.6959
-0.854034	0.191986
-0.115299	-0.44703
0.558253	0.332933
-0.126163	-0.0537167
-0.180482	0.238252
0.427888	-0.0688383
1.70981	0.282434
-0.875761	-0.534709
0.243204	-0.516047
-0.625895	0.546664
-0.473803	-0.360524
1.07971	0.3286
1.19921	0.356103
-0.767124	-0.41196
-0.538985	-0.583347
0.558253	0.416137
0.471343	0.145634
0.0259294	0.294338
-0.658487	0.351396
-0.462939	-0.628872
-0.0283893	0.379104
-0.658487	-0.993531
-0.84317	-0.800211
-0.723669	0.0705784
1.1449	0.369412
-0.84317	-0.996652
-0.734533	0.393706
0.0911119	0.736343
1.13403	0.389479
-0.864898	-0.818278
-0.267392	-0.762456
0.66689	0.128153
0.286659	0.37424
-0.560713	-0.824636
-0.528122	-0.432147
0.862438	0.767511
-0.593304	-0.449711
0.384433	0.186023
-0.723669	-0.0884312
0.112839	0.0442132
-0.984399	0.10108
-0.691078	-0.73571
-0.538985	0.172723
0.00420194	0.403638
-0.625895	0.204492
-0.484667	-0.655867
1.02539	0.358655
-0.549849	-0.634891
-0.864898	0.0991139
1.31872	0.026022
-0.897489	-1.58066
-0.886625	-1.07972
0.471343	0.19737
-0.571577	-0.555998
-0.376029	0.201074
-0.0609805	0.387153
3.3611	0.590477
0.818983	0.54604
-0.767124	-0.602816
0.0150657	-0.0291226
-0.66935	-0.658888
-0.126163	-0.450705
-0.0935718	0.446149
-0.137027	0.356723
-0.191345	0.625159
0.569117	0.254138
-0.680214	0.365257
-0.810579	-0.243343
-0.897489	-0.788496
-0.897489	-0.280825
-0.473803	-0.617922
0.427888	0.360266
0.395297	0.305379
-0.788851	-0.811249
-0.636759	-0.404712
-0.93008	-0.0400891
-0.701941	0.280371
-0.462939	-0.31654
-0.777988	0.570332
-0.299983	0.057794
2.20954	0.0701484
-0.723669	-0.99904
-0.908353	-0.382486
1.39476	0.497642
-0.658487	0.442677
-0.93008	-0.63309
-0.625895	0.0331867
-0.604168	0.0697245
-0.647623	0.547632
-0.473803	-0.846522
-0.332574	-0.341551
1.2644	0.568684
0.612572	0.668712
-0.745396	-0.157953
-0.66935	-0.119056
-0.452075	-0.181847
-0.506394	-0.718846
-0.354302	0.318254
-0.723669	0.128892
-0.0283893	0.0807825
-0.658487	-0.318727
1.8619	0.460638
-0.267392	-0.410545
-0.213073	-0.219999
-0.701941	-0.959194
1.41649	0.439904
4.49093	0.0687841
0.297523	0.283186
-0.310847	-0.422251
1.47081	0.367334
-0.169618	-0.00929042
-0.647623	-0.0036436
-0.506394	-0.651244
-0.245664	0.347589
-0.419484	-0.0297754
-0.84317	0.58226
0.482207	0.509829
-0.2348	0.387252
0.00420194	-0.0557079
-1.00613	-0.760951
-0.810579	-0.0651101
-0.473803	0.333815
-0.354302	-0.0421042
-0.84317	-0.491954
-0.14789	-0.10104
0.862438	0.47985
-0.441212	0.437983
0.427888	0.426586
-0.821443	-0.464426
1.85104	0.541702
-0.84317	-1.00781
-0.886625	-0.000458326
-0.691078	-0.0550556
0.351842	0.381905
-0.691078	-0.035641
1.79672	0.339101
0.742937	0.300321
-0.767124	-1.15278
-0.777988	-0.460879
0.417024	0.423917
-0.962671	-0.402034
-0.2348	-0.520112
0.818983	0.697441
-0.897489	0.166327
-0.560713	0.372281
-0.995263	-0.0232904
0.101976	0.0865578
0.710345	0.436228
0.417024	-0.0624115
1.12317	0.337172
-0.680214	0.557492
2.62236	0.576816
-0.58244	0.571434
-0.506394	0.0305165
-0.441212	0.19828
1.05799	0.159898
-0.289119	0.536985
-0.365165	0.379377
0.742937	0.383758
-0.93008	-0.988637
-0.039253	0.204514
-0.191345	0.240123
-0.40862	0.343493
2.06831	0.28954
-0.0175256	0.776579
-0.636759	-0.611494
1.63376	0.418224
0.373569	0.11898
2.52459	0.393741
-0.658487	-0.184602
-0.484667	-0.720937
-0.419484	-0.178634
-0.430348	-0.242676
-0.84317	-0.600663
-0.528122	0.00424283
-0.93008	0.14494
-0.593304	-0.231143
-0.951808	-0.412301
0.417024	-0.169501
3.31764	0.420023
0.427888	0.501209
0.373569	0.297122
-0.908353	0.239435
-0.441212	0.159934
0.57998	0.186854
-0.984399	-0.667195
0.84071	0.348941
-0.343438	0.442378
-0.386893	0.102002
-0.701941	-0.0902667
2.14436	0.438177
2.29645	-0.0178811
0.123703	0.215664
0.460479	-0.298341
-0.104436	-0.0831562
-0.593304	0.105262
-0.897489	-0.552361
-0.951808	-0.291813
-0.919216	-1.57804
-0.528122	0.509219
-0.180482	0.198773
0.851574	-0.0983686
-0.788851	-0.811261
1.01453	0.440217
1.59031	0.639113
-0.788851	-0.182953
1.85104	0.215773
-0.777988	0.299673
-0.832306	0.579858
0.167158	0.241184
-0.58244	0.392765
-0.32171	-0.202007
1.15576	0.432618
-0.126163	0.370951
-0.082708	0.532382
-0.897489	0.38749
0.873302	0.370374
0.732073	0.483437
3.43715	0.461795
-0.49553	0.331398
0.167158	-0.366315
0.0367932	-0.314555
1.85104	0.418807
0.471343	0.37644
-0.897489	0.343261
-0.2348	-0.302724
-0.854034	-0.0596125
-0.343438	0.549398
-0.039253	0.460482
2.36163	0.361773
-0.66935	-0.694521
-0.93008	-0.206716
-0.84317	-0.294815
0.0476569	-0.176795
-0.777988	0.702066
-0.32171	-0.242834
-0.962671	-0.764608
-0.75626	0.153535
-0.745396	-0.702728
1.05799	0.558637
1.63376	0.535328
-0.484667	0.624815
-0.777988	-0.800046
0.319251	0.156352
-0.00666181	0.042265
-0.0935718	0.0518613
-0.441212	-0.0103718
1.48167	0.502079
1.68808	0.795194
-0.430348	0.266112
3.43715	0.720877
-0.571577	-0.923727
0.797255	-0.248843
1.39476	0.182053
-0.821443	0.73773
-0.0609805	-0.581787
-0.560713	-0.27261
-0.104436	-1.14653
0.873302	0.378904
1.19921	0.516049
-0.256528	0.212817
0.590844	0.217149
-0.104436	0.505373
0.178022	0.661023
-0.984399	-0.596299
-0.973535	-1.23261
-0.397757	0.133665
3.42628	0.359549
-0.354302	0.236077
-0.93008	-0.7066
-0.615032	0.111814
0.84071	0.0595209
0.308387	-0.450888
-0.452075	0.462031
-0.973535	0.0367755
-0.723669	0.338524
-0.604168	0.115754
0.514798	-0.0653731
-0.75626	0.353459
-0.299983	0.111968
-0.126163	0.372352
-0.213073	0.511093
-0.788851	0.385607
1.27526	-0.124177
1.2644	-0.388334
0.818983	0.293644
0.514798	0.24607
0.536525	0.0366503
1.22094	0.261199
0.797255	0.170088
1.72067	0.428598
-0.441212	0.361473
0.764664	0.541353
0.503934	0.283723
-0.897489	-0.492283
-0.299983	-0.342011
-0.213073	-0.507029
0.49307	0.0861853
1.90536	0.261961
1.45994	0.0885525
3.27419	0.61269
-0.0283893	0.224902
-0.701941	-0.90686
1.02539	0.517239
-0.593304	-0.966259
0.373569	0.134456
0.264932	0.423778
-0.875761	0.242836
-0.2348	0.231603
0.786392	0.553666
-0.658487	-0.602167
2.22041	0.391073
-0.712805	0.353437
0.471343	0.225278
0.960212	0.665083
0.449616	0.476304
0.417024	0.0110849
0.417024	0.454054
1.47081	0.3598
-0.864898	-0.17614
2.75273	0.0782921
-0.84317	-1.14136
-0.908353	-0.757691
-0.919216	-0.103349
-0.32171	0.503691
-0.213073	-0.419218
-0.854034	-1.06183
-0.560713	0.674353
1.82931	0.649528
-0.0609805	-0.458795
1.42735	0.219234
2.31818	-0.0133022
3.6001	0.394198
0.340978	0.381123
0.188886	0.659687
-0.343438	0.459627
0.264932	0.7867
-0.517258	-0.428778
1.1123	0.508429
-0.528122	0.253332
-0.245664	-0.230642
1.07971	0.525841
-1.01699	-0.131419
-0.973535	-1.22618
-0.810579	0.0361901
-0.680214	-0.734263
-0.658487	-0.675417
-0.821443	-0.366827
-0.115299	-0.851847
-0.940944	-0.420169
-0.14789	0.401393
0.57998	-0.0110936
-0.680214	0.380584
0.916757	-0.156179
1.45994	0.375842
-0.886625	-0.758896
-0.93008	-0.0776415
-0.691078	0.164099
2.54632	0.252096
-0.517258	0.0905125
-0.528122	0.395207
0.623435	0.0369286
1.97054	0.348896
0.503934	0.112348
-0.647623	-0.0320737
0.427888	-0.158678
-0.267392	-0.169454
1.57945	0.634661
1.3839	0.179973
2.19868	0.574451
-0.158754	0.485895
1.27526	0.363776
-0.538985	0.587853
-0.951808	-1.08351
0.286659	-0.32601
-1.03872	-0.140518
-0.2348	0.285367
2.14436	0.643793
0.330114	0.050118
0.232341	0.0756882
0.938484	0.210625
3.81738	0.663661
-0.93008	-0.706781
4.02379	0.631676
0.123703	-0.1789
0.112839	-0.211577
-0.886625	0.629444
-0.104436	0.0422672
1.04712	0.326145
-0.115299	0.332533
1.81845	0.530144
0.319251	0.444872
-0.452075	0.0324503
-0.332574	-0.204913
1.5034	0.595308
-0.2348	0.297303
2.24213	0.657682
0.514798	0.439019
-0.473803	0.230362
0.101976	-0.0255559
-0.886625	0.00998089
-0.082708	0.417792
-0.984399	-0.263444
-0.788851	0.115098
-0.506394	0.0256199
-0.799715	0.166169
-0.734533	-0.383568
0.0367932	0.425287
0.905893	-0.358303
-0.376029	-0.219377
-0.0935718	0.204716
-0.245664	0.0848664
-0.549849	-0.679739
0.895029	0.724043
-1.00613	-0.715668
-0.864898	-0.214294
0.623435	-0.385151
2.43768	0.284949
-0.734533	0.387571
-0.864898	-0.0983615
-0.376029	0.014503
-0.962671	-0.408895
-0.354302	0.164697
-0.940944	-0.533316
0.210613	0.391934
-1.01699	-0.618525
-0.93008	-0.442696
0.0802482	-0.00390667
-0.0609805	-0.210626
-0.875761	0.157818
-0.517258	0.0310297
-0.267392	-0.666963
-0.951808	0.183446
-0.777988	0.0564763
0.286659	-0.026546
0.0911119	-0.466582
-0.484667	-0.590438
-0.517258	-0.159361
-0.137027	-0.594816
-0.821443	0.225585
0.254068	0.206611
1.45994	0.0690543
-0.951808	-0.851342
-0.93008	-0.614232
-0.832306	-0.160217
-0.343438	0.549398
-0.549849	0.452482
-0.832306	-0.807827
1.6229	0.287633
2.01399	0.704553
-0.104436	0.112539
-0.180482	0.281427
0.960212	0.375393
-0.256528	0.271684
-0.397757	0.0648751
-0.2348	0.00114414
-0.430348	-0.262033
-0.940944	-1.28182
-0.115299	0.0904759
-0.864898	-0.554739
-0.528122	-0.00525926
0.167158	0.423616
0.167158	0.433016
-0.973535	-1.48531
-0.343438	0.203723
-0.799715	0.498593
0.764664	0.472654
0.0476569	0.0704598
-0.158754	0.839792
0.981939	0.457261
1.89449	0.396904
-0.386893	0.245251
-0.310847	0.0617114
-0.897489	-1.26153
1.42735	0.216021
-0.734533	-0.316249
0.49307	0.286499
-1.04958	-0.790273
0.351842	-0.182288
0.362706	0.10188
-0.32171	0.348627
-0.810579	0.455673
-0.75626	0.0462455
-0.788851	-0.487092
2.87223	0.568893
2.19868	0.555387
1.48167	0.691799
-0.191345	-0.77933
-0.213073	-0.344814
-0.886625	0.498824
-0.767124	-0.495237
-0.854034	-0.358287
-0.788851	0.399328
-0.419484	-0.380927
-0.0175256	0.277059
-0.864898	-1.63877
-0.2348	-0.0263261
-0.082708	0.269581
-0.376029	0.290962
-0.549849	0.177496
-0.538985	-0.409264
-0.191345	0.409446
0.0802482	-0.5279
0.199749	-0.823973
-0.343438	-0.0352236
-0.701941	0.359172
-0.93008	-0.373902
0.57998	0.407248
-0.223937	0.403051
-0.538985	-0.20217
-0.517258	0.0819995
-0.984399	-1.14625
-0.919216	-1.00114
-0.821443	-0.0111944
1.17749	-0.326715
-0.289119	0.0933928
0.818983	0.190684
-0.299983	0.440961
0.232341	0.036057
0.0476569	0.167479
-0.267392	-0.119493
-0.625895	-0.357642
7.35896	0.76801
1.15576	0.401705
1.32958	0.239927
-0.137027	0.468701
-0.538985	0.351928
-0.310847	-0.247914
-0.636759	0.268721
0.167158	0.280364
1.27526	0.451537
1.53599	0.38122
0.362706	0.683877
-0.875761	0.164549
-0.897489	-0.975603
-0.897489	0.0177021
-0.593304	-0.619933
1.89449	0.475212
-0.84317	-0.641013
0.786392	0.566961
-0.680214	0.472545
-0.452075	0.304091
-0.158754	-0.673115
-0.75626	0.0933571
-0.875761	-0.679478
-0.104436	-0.185239
-0.701941	-0.214343
2.53545	0.312077
-0.832306	-0.48982
-0.777988	-0.159094
-0.66935	-0.326726
1.27526	0.396585
0.623435	0.472729
-0.799715	0.101468
-0.49553	0.388625
-0.289119	0.3532
-0.278255	0.397794
0.710345	-0.0599394
-0.0175256	0.427948
-0.430348	-0.206877
-0.310847	0.20433
-0.538985	-0.132864
0.297523	0.192902
-0.528122	0.371461
-0.462939	0.170801
-0.832306	0.308893
-1.00613	-0.914424
-0.995263	-0.29268
-0.104436	-0.101961
-0.680214	-0.234965
-0.386893	0.325861
-0.886625	-0.11551
-0.386893	-0.138829
-0.984399	-0.807984
1.25353	0.330691
0.960212	0.483472
-0.484667	-0.225726
-0.701941	0.743189
-0.832306	-0.0100484
0.710345	0.436228
-0.734533	0.638053
1.2644	0.77387
-0.299983	-0.611195
-0.908353	0.126093
-0.788851	-0.408549
1.17749	0.401099
0.634299	0.367454
-0.810579	0.413775
0.786392	0.308809
-0.0609805	0.100238
0.742937	0.435166
-0.723669	-0.716463
1.52513	-0.260895
-0.430348	-0.318229
-0.615032	-0.907636
0.123703	-0.230756
-0.267392	0.0276094
0.884165	0.45917
-0.886625	0.21078
-0.517258	0.417295
-0.864898	-0.218917
1.54685	-0.0407297
0.145431	-0.123577
-0.788851	0.247224
0.221477	-0.41032
-0.788851	-0.619192
-0.137027	0.288444
0.145431	0.297223
-0.310847	-0.354975
-0.799715	-0.431576
-0.886625	0.138645
-0.571577	-0.60352
-0.886625	-1.07247
0.623435	-0.0597371
-0.625895	-0.174677
-0.604168	0.186463
-0.354302	-0.0183402
-0.777988	0.735135
0.49307	-0.557308
-0.571577	0.171268
2.01399	0.421373
-0.625895	-1.07501
0.829847	0.683397
-0.169618	0.205196
-0.962671	-0.182532
-0.84317	0.121646
-1.00613	-0.766996
-0.723669	0.449816
-0.430348	0.593645
-0.137027	0.48752
2.83964	0.341407
0.232341	0.337724
-0.343438	0.419577
-0.908353	-0.403085
-0.712805	-0.786838
-0.115299	-0.199068
-0.365165	0.0561819
-0.180482	0.122517
0.710345	0.390384
-0.58244	0.530404
-0.875761	-0.964782
-0.951808	-0.0188887
-0.158754	0.136718
-0.788851	-0.694213
0.873302	0.014781
0.0259294	-0.358664
-0.777988	-0.976045
0.84071	0.0604266
1.7424	0.482662
1.07971	0.147534
1.25353	0.292833
4.72993	0.767665
1.43822	0.326727
-0.397757	0.302219
-0.973535	-1.06828
0.57998	-0.257565
0.688618	0.199269
0.57998	-0.0110936
-0.604168	-0.061684
0.384433	0.74544
0.645163	-0.0842042
-0.49553	0.376637
-0.40862	-0.611207
-0.223937	0.594526
1.17749	0.50215
-0.0283893	-0.568647
-0.343438	-0.72684
0.264932	-0.0452504
-0.528122	0.166561
0.742937	0.446378
0.199749	0.0179981
0.971075	0.445474
-0.278255	0.297929
0.0802482	0.432473
0.547389	-0.304255
-0.267392	-0.169454
-0.2348	-0.0784456
-0.962671	0.364091
-0.538985	0.0683165
-0.93008	-1.15875
-0.951808	0.235641
-0.289119	0.260169
-0.940944	-1.1255
1.64463	0.329438
-0.267392	0.484383
-0.864898	-0.548818
-0.278255	0.00453877
-0.202209	-0.0338695
-0.951808	-0.988963
-0.14789	0.482539
-0.0718443	0.460962
-0.767124	0.339894
-0.549849	-0.621773
-0.354302	-1.02101
-0.256528	0.330624
-0.636759	-0.502244
0.829847	0.567291
-0.940944	0.231687
-0.517258	-0.549024
0.0911119	0.459445
-0.343438	-0.530387
-0.658487	0.318162
-0.84317	-0.298859
-0.604168	0.437337
-0.104436	0.286962
0.916757	0.410841
0.232341	0.453577
-0.0175256	0.441164
-0.40862	0.0353583
-0.158754	0.508051
0.417024	-0.5498
1.7424	0.456965
-0.875761	-1.07334
-0.75626	0.00747634
0.275796	0.259601
-0.615032	0.330756
-0.886625	-1.09463
-0.593304	0.429965
-0.767124	0.0374454
-0.386893	-0.366121
0.699482	-0.0646868
0.7538	0.154904
2.54632	0.347725
-0.93008	-0.0647908
-0.615032	0.0528804
0.536525	-0.189544
0.590844	0.316196
-0.376029	-0.194759
-0.506394	-0.294375
-0.32171	-0.160555
-0.734533	-0.229277
-0.615032	0.306721
-0.213073	-0.158536
2.45941	0.694701
-0.191345	-0.483737
-0.951808	-0.664825
-0.919216	0.00939268
-0.897489	-0.541221
-0.908353	-0.521214
-0.571577	0.34368
-0.951808	0.136277
0.406161	-0.404765
-0.919216	0.428371
-0.0609805	0.65608
-0.332574	-0.186994
0.916757	0.578032
-0.256528	0.306772
-0.604168	-0.634147
1.05799	0.347774
-0.723669	0.124457
-0.397757	0.276945
0.243204	0.475833
0.373569	0.11898
-0.484667	-0.616961
-0.712805	-2.02106
2.83964	0.0658751
0.764664	0.686185
1.15576	0.235401
2.80705	0.51426
-0.886625	-0.496528
0.178022	0.0976156
-0.658487	-0.548219
-0.962671	-0.919162
-0.245664	-0.415456
-0.701941	0.399643
-0.0718443	0.0722018
-0.332574	-0.0986499
-0.940944	-0.738264
-0.560713	-0.179936
0.264932	0.0824114
-0.810579	-0.0514141
-0.66935	0.381433
-0.58244	-0.814787
-0.962671	-0.647329
0.362706	0.238186
-0.528122	0.261795
-0.430348	-0.584754
-0.691078	0.4163
-0.039253	0.379747
-0.636759	0.249325
-0.951808	0.237685
-0.213073	0.38336
0.851574	0.174008
0.0150657	0.185828
-0.84317	-0.415109
0.297523	0.43585
-0.517258	-0.11612
-0.864898	-0.277059
-0.821443	-0.344615
1.61204	0.73069
0.0367932	0.669611
1.16662	0.12578
-0.788851	-0.878703
-0.00666181	0.422638
1.05799	-0.054633
-0.00666181	0.368331
2.11177	0.565209
-0.734533	-0.583925
-0.354302	-0.437265
1.13403	0.0660216
0.818983	0.323389
-0.332574	0.429304
-0.0175256	-0.0288092
-0.864898	-0.0246683
2.43768	0.096626
-0.93008	-0.701895
-0.625895	0.257113
-0.680214	-0.245502
-0.973535	-0.260796
-0.0501168	-0.0461328
-0.571577	-0.823541
0.232341	0.769157
2.35077	0.52288
-0.66935	0.496789
0.395297	0.0936923
-0.386893	-0.457857
-0.115299	0.0869214
2.14436	0.490121
1.7424	0.583621
1.05799	-0.16933
-0.082708	0.549565
-0.452075	0.181466
-0.973535	-0.773929
-0.419484	0.34701
0.775528	0.407927
-0.66935	0.410457
-0.625895	0.169778
-0.397757	0.334867
0.482207	-0.221687
0.330114	0.575738
-0.897489	-0.586596
-0.951808	-0.489334
-0.473803	0.173828
-0.430348	-0.110598
-0.875761	-0.219685
-0.593304	0.346571
0.275796	-0.51254
0.188886	0.219281
-0.84317	-0.491954
-0.615032	-0.600892
2.65496	0.17013
-0.66935	-0.141281
-0.126163	-0.0999977
0.851574	-0.0262252
-0.908353	-0.803359
-0.788851	-0.396253
1.54685	-0.08842
-0.919216	-0.200144
0.884165	0.0232383
-0.376029	0.0343985
-0.821443	-0.251778
-0.386893	0.40073
0.319251	0.838875
-0.810579	-0.336113
-0.0935718	0.0932412
-0.169618	-0.826115
-0.310847	0.355412
1.01453	0.0530291
-0.875761	-1.07334
-0.430348	0.108695
0.101976	0.579
0.0802482	0.429165
-0.897489	-0.63588
0.449616	-0.116081
-0.723669	-0.707474
0.981939	0.42005
1.79672	0.426776
-0.897489	-0.388669
-0.452075	0.124259
0.101976	-0.0476807
0.525662	-0.0488954
-0.430348	0.464385
-0.832306	-0.351611
1.55772	0.206954
0.0476569	0.464577
-0.940944	-0.510494
-0.560713	0.36196
1.72067	0.20395
-0.365165	-0.791647
-0.962671	-0.283386
0.0693844	0.534175
0.243204	0.350043
0.742937	0.0752966
0.916757	0.448303
0.221477	0.214657
-0.821443	-0.59062
1.7424	0.46903
-0.462939	-0.00933279
-0.84317	0.0176548
0.210613	-0.470091
1.16662	0.332511
0.623435	-0.0401596
0.210613	0.293471
-0.560713	0.489241
-0.886625	-0.351318
-0.0718443	0.428975
-0.973535	-0.776635
2.41595	0.466132
-0.93008	0.301006
-0.636759	0.279005
0.547389	-0.0914221
1.87277	0.404844
-0.701941	0.278252
-0.560713	-0.142354
-0.799715	-0.375287
-0.810579	-0.959889
-0.680214	-0.335764
1.12317	0.297824
0.688618	0.00130606
-0.560713	-0.109541
-0.32171	0.37485
0.275796	0.24414
1.13403	0.496051
-0.84317	-1.21998
-0.58244	0.170418
4.03465	0.651091
-0.788851	-0.173697
0.427888	0.804376
-0.886625	-0.155979
-0.691078	0.420139
4.2302	0.755622
-0.875761	-0.512443
-0.658487	0.376642
-0.647623	0.0358948
-0.169618	0.192607
-0.777988	-0.102952
-0.538985	0.134812
-0.886625	-0.86807
0.167158	-0.297754
-0.962671	-0.753025
-0.40862	0.0711537
0.84071	0.615073
-0.0935718	0.442743
0.275796	0.00692563
2.56805	0.205466
-1.00613	-0.766204
-0.712805	-0.578841
-0.517258	-0.293814
-0.854034	-1.35979
0.84071	0.615073
-0.821443	0.561266
-0.593304	0.390255
1.69895	0.598011
0.427888	-0.154911
-0.549849	-0.244092
0.699482	0.368496
-0.0935718	-0.196969
-0.169618	-0.961654
0.829847	0.026436
0.57998	0.742204
-0.625895	-0.0334265
-0.32171	0.396875
-0.875761	-1.26814
0.0476569	-0.141765
-0.886625	-0.20922
-0.919216	-0.542359
-0.897489	-0.251686
0.308387	0.238842
-0.506394	-0.174352
0.0585207	0.232992
-0.984399	-0.423468
0.178022	0.360037
-0.875761	-1.00857
-0.864898	-0.05073
2.67668	0.356689
0.0476569	-0.0288864
-0.875761	0.0420907
-0.473803	-0.047007
-0.039253	-0.0230625
-0.115299	0.156358
0.49307	-0.3614
-0.0935718	-0.469818
-0.734533	0.407937
-0.984399	-0.276441
-0.615032	0.224441
3.62183	0.419371
2.93741	0.45354
-0.158754	0.409793
0.656027	0.434623
0.243204	-0.0470941
-0.278255	0.288957
0.123703	0.0388103
-0.66935	-0.847899
-0.180482	-0.205903
-0.93008	-0.373641
-0.691078	-0.89949
-0.0935718	0.501593
-0.0935718	-0.02556
0.612572	0.382744
0.0367932	-0.117557
1.1449	-0.134056
0.319251	0.550741
-0.40862	0.30666
-0.397757	0.178008
0.721209	0.228297
1.57945	0.42597
-0.506394	0.429539
1.64463	0.406098
-0.897489	-0.586596
-0.658487	-0.360495
-0.647623	0.496438
-0.951808	0.153546
2.31818	0.551735
2.56805	0.434744
-0.701941	-0.358646
1.94881	0.367994
-0.745396	0.11795
0.308387	-0.278942
-0.723669	-0.0303658
0.797255	-0.314396
-0.245664	-0.126243
-0.419484	0.26893
-0.506394	0.194394
-0.484667	0.427772
-0.919216	-1.05623
-0.940944	-0.823215
-0.897489	-1.37139
0.905893	0.249819
-0.386893	0.290468
0.0693844	0.534313
1.15576	0.426929
1.36217	0.192038
-0.441212	0.361473
-0.93008	-0.855302
-0.897489	-1.28121
0.319251	-0.604027
0.188886	0.311141
-0.919216	-0.504421
-0.158754	-0.13284
-0.962671	-0.573647
-0.376029	0.50494
0.156294	0.1835
0.569117	0.197636
-0.734533	-0.0635971
0.960212	0.575654
-0.712805	-0.0146108
-0.14789	0.245809
0.992803	0.329618
3.63269	0.75018
0.134567	0.487256
-0.647623	0.433861
2.00313	0.817667
-0.723669	0.038092
-0.973535	-0.0253965
-0.299983	-0.654335
-0.745396	-0.184053
0.286659	0.0908161
-0.973535	0.327181
-0.940944	-0.745175
-0.886625	-1.3175
-0.940944	0.231687
0.960212	0.383176
-0.897489	-0.599485
-0.962671	-0.00294571
-0.832306	-0.448333
0.427888	0.436181
0.536525	-0.193248
0.0802482	-0.243863
-0.897489	-0.505269
1.1449	0.189789
-0.799715	0.206166
-1.00613	-0.543883
0.862438	0.237361
0.0802482	0.0253515
-0.245664	0.307208
0.623435	0.380706
-0.995263	-0.822671
-0.484667	0.431934
-0.886625	-0.167561
0.156294	-0.10292
-0.40862	0.607138
0.547389	0.375861
0.145431	0.0467703
-0.332574	-0.00877308
-0.538985	0.373044
1.75326	0.276727
0.764664	0.180544
-0.995263	-0.810523
0.232341	0.397269
-1.00613	-0.491097
-0.00666181	-0.233604
-0.517258	0.640543
0.210613	-0.117387
-0.734533	0.0109325
1.10144	0.624977
-0.462939	0.105267
0.134567	0.513142
-0.202209	-0.288957
-0.0609805	0.17874
-0.832306	-0.483326
0.732073	0.405501
0.873302	-0.328224
0.960212	-0.0255773
-0.886625	-0.371924
-0.886625	-0.196658
0.406161	-1.07229
0.645163	0.593725
-0.875761	-0.817086
-0.14789	-0.245683
1.07971	0.429534
0.167158	0.383497
1.05799	0.418873
0.84071	0.533907
-0.810579	-0.0717685
-0.93008	-0.972145
-0.951808	-0.50334
0.101976	0.61116
1.1123	0.11019
-0.701941	-0.13091
-0.723669	-0.281527
-0.821443	-0.406905
-0.734533	-0.162969
-0.484667	-0.0476093
-0.158754	0.141019
0.471343	0.339375
1.42735	0.485668
1.3839	-0.843145
-0.158754	-0.412195
-1.02785	-0.0944807
-0.723669	-0.0888376
1.2644	0.594086
-0.984399	-1.05722
1.73154	-0.173157
-0.940944	-0.728158
0.547389	0.455623
-0.49553	0.112605
1.99227	0.692947
-0.0283893	0.328446
0.427888	0.641577
-0.538985	-0.422393
0.808119	-0.0933421
-0.658487	-0.073514
-0.701941	-0.151047
-0.810579	-0.282983
0.0259294	0.153019
-0.897489	-1.39329
0.330114	0.0785384
-0.560713	-0.168101
0.0259294	0.280969
-0.158754	0.405059
-0.191345	0.318077
-0.854034	-0.824009
-0.202209	-0.0522275
0.156294	0.134153
0.438752	0.188012
-0.278255	0.379361
-0.951808	-0.810575
-0.571577	0.512381
2.12263	0.223912
-0.14789	0.172273
-0.430348	0.429713
-0.419484	0.231115
-0.625895	0.278218
-0.571577	0.257998
1.17749	0.346969
-0.452075	-0.0298049
-0.538985	-0.226401
-0.549849	-0.0836527
-0.886625	-0.982275
-0.484667	-0.572919
0.873302	0.57088
-0.919216	-0.244761
-0.332574	-0.310412
0.232341	0.530381
-1.01699	-0.145561
-0.962671	0.015211
-0.452075	-1.0216
-0.267392	0.069468
0.297523	-0.132887
1.64463	0.385212
-0.082708	-0.0368689
-0.376029	-0.0885389
1.9814	0.350715
-0.191345	0.341081
0.590844	0.498768
-0.821443	-0.464595
-0.962671	-0.432337
1.31872	0.372658
-0.615032	-0.599005
2.53545	0.66007
-0.810579	-1.05164
-0.691078	0.516883
0.0476569	-0.0977094
-1.02785	-1.47158
-0.256528	0.330624
-0.810579	-0.600535
0.66689	0.176724
-0.745396	0.282626
-0.560713	-0.23217
-0.376029	0.00221071
-1.00613	-0.575902
-0.213073	-0.736617
0.0259294	-0.071033
0.503934	0.449374
0.134567	0.498668
-0.908353	-0.589459
0.0259294	0.150014
0.417024	-0.547041
0.330114	0.0358553
-0.962671	-0.507212
-0.66935	0.0428602
-0.256528	0.232054
-0.332574	0.4795
0.764664	0.627018
0.656027	0.549542
-0.821443	-0.62559
-0.615032	0.288104
2.43768	0.555387
-0.897489	-0.146582
-0.875761	-0.428962
-0.962671	-0.897702
1.7424	0.0881653
-0.723669	-0.442996
-0.104436	0.192657
3.30678	0.536432
-0.821443	-0.797263
-0.593304	0.315
-0.549849	0.574437
1.85104	0.376006
-0.701941	-0.0690636
0.417024	0.213962
0.547389	0.483811
0.199749	-0.98945
-0.93008	-0.743019
-0.039253	-0.642088
-0.137027	-0.0857694
-0.0283893	0.302638
-0.680214	0.365257
-0.908353	-0.746202
-0.082708	0.356693
0.482207	0.422654
0.101976	-0.657844
-0.538985	-0.0443779
-0.788851	0.385607
-0.658487	0.218512
4.25193	0.556033
-0.49553	0.377996
-0.864898	-0.05073
-0.734533	-0.350268
-0.962671	-0.187374
0.873302	-0.13902
1.15576	0.313807
3.93688	0.788774
0.710345	0.197696
-0.343438	-0.0137424
-0.995263	-0.159126
0.547389	0.147252
0.514798	-0.303383
0.00420194	0.29024
0.330114	0.700053
0.101976	0.250254
-0.940944	-0.780585
-0.636759	0.0771243
0.406161	0.353795
0.00420194	0.373772
-0.767124	-0.801486
0.384433	-0.25464
2.64409	0.447186
-0.864898	-0.398486
2.74187	0.622847
-0.506394	-0.61515
-0.104436	-0.678824
1.63376	0.24176
0.123703	0.382403
-0.14789	0.127808
-0.289119	0.489071
-0.0718443	0.219404
0.818983	0.0600954
-0.810579	0.0563545
-0.462939	-0.176604
-0.289119	-0.600427
-0.919216	-1.0461
0.297523	-0.33563
-0.832306	-0.971955
1.39476	0.254614
0.308387	0.00532945
-0.419484	0.428444
1.60117	0.547864
3.58924	0.726193
-0.299983	-0.300121
-0.58244	-0.354962
0.156294	0.0958311
0.264932	-0.0911685
-0.104436	-0.106017
0.471343	0.290891
1.04712	0.164314
-0.712805	0.305045
0.264932	0.143695
-0.549849	0.592034
-0.886625	0.148765
-0.647623	0.268917
-0.712805	0.320732
-0.940944	0.3758
-0.039253	-0.237299
-0.180482	0.432939
0.210613	-0.462733
-0.0283893	-0.270351
-0.636759	0.0524019
-0.701941	-0.294316
0.199749	-0.228419
-0.788851	0.230487
-0.734533	0.0812308
-0.615032	-0.563882
-1.04958	-1.6913
0.0585207	0.435819
0.0150657	0.0958351
-0.604168	0.407256
1.1449	0.360564
-0.419484	0.0631979
0.330114	0.131504
3.40455	0.572515
1.02539	0.0230145
-0.777988	0.129048
-0.452075	-0.246509
-0.810579	0.496567
0.0367932	0.158333
3.35024	0.363084
-0.625895	-0.783578
-0.213073	0.284837
4.19761	0.692282
2.20954	0.756943
0.112839	0.0768013
-0.799715	-0.684677
0.514798	0.189058
-0.799715	0.166725
-0.973535	-0.341674
-0.32171	0.0279484
-0.223937	0.0732556
0.384433	-0.279314
-0.788851	-0.566257
-0.452075	-0.25016
-0.701941	0.331907
-0.745396	0.00142263
-0.864898	0.226319
-0.701941	-1.2241
-0.799715	-1.09402
-0.799715	-0.0286368
-0.0609805	0.174369
-0.745396	0.255377
2.70927	0.0664347
4.03465	0.495412
0.677754	0.102746
-0.278255	0.437891
-0.647623	0.146975
0.340978	0.0188216
-0.767124	0.297392
0.0802482	0.310463
-0.897489	-0.231533
-0.84317	-1.62471
-0.940944	-1.17764
-0.734533	0.556885
-0.169618	0.444433
-0.636759	-0.25302
-0.799715	-0.175663
-0.940944	-0.233954
-0.365165	0.484392
-0.75626	-0.719965
1.77499	0.507533
-0.647623	-0.475936
-0.191345	0.131903
-0.919216	-0.370673
0.330114	0.216082
0.362706	0.191565
0.569117	0.571406
-0.245664	0.417152
-0.397757	0.110103
-0.919216	0.173184
-0.0283893	-0.545316
-0.180482	0.122146
0.960212	-0.316202
1.49254	0.442653
0.992803	0.244351
-0.213073	0.172543
0.514798	0.510348
0.656027	-0.324414
-0.973535	-0.3482
1.23181	-0.065806
0.775528	-0.101098
-0.549849	-0.5945
1.56858	0.106498
-0.0935718	0.627473
0.0585207	0.608831
-0.223937	0.0473368
-1.01699	-0.329055
-0.441212	0.237099
-0.213073	0.109856
0.0802482	0.328017
0.536525	0.137995
0.0585207	0.472019
-0.560713	-0.0230571
0.84071	-0.125348
4.1107	0.653731
-0.452075	-0.1057
-0.734533	-0.0086735
0.0150657	0.579875
-0.40862	0.174618
1.32958	0.425122
0.0150657	0.0822559
0.254068	-0.484008
0.818983	0.557721
-0.745396	-0.302239
0.0150657	-0.140734
0.417024	-0.288034
1.91622	0.381925
-0.745396	0.132194
0.0150657	0.0286896
-0.93008	-0.863965
-0.821443	-1.01792
0.732073	-0.244968
3.02432	0.589692
1.16662	-0.0141835
0.101976	0.299744
0.818983	0.332726
-0.289119	-0.0605259
-0.430348	0.266112
1.99227	0.516263
-0.49553	-0.1224
-0.940944	-0.666003
-0.202209	0.0215635
-0.430348	0.210798
-0.615032	0.316392
-1.00613	-0.0217968
-0.473803	-0.453887
-0.973535	-0.655902
-0.712805	0.20296
-0.810579	0.406562
-0.734533	0.186231
-0.875761	-0.997201
-0.506394	-0.269119
-0.0175256	-0.267054
2.45941	0.387798
-0.278255	-0.119142
1.61204	0.39965
0.547389	0.564318
0.0693844	0.331626
-0.0283893	0.363056
0.558253	0.676786
-0.604168	0.176256
-0.332574	-0.507681
-0.137027	0.309945
0.134567	-0.0227477
0.112839	0.386175
-0.984399	-0.903258
-0.75626	0.330726
-0.658487	-0.413698
-0.919216	-0.581281
-0.00666181	0.264564
0.00420194	-0.125356
0.547389	-0.264784
-1.00613	-0.618229
-0.832306	-1.28281
1.59031	0.192678
-0.636759	-0.123312
0.199749	0.52574
-0.386893	-0.432683
-0.832306	-0.504965
0.699482	0.279097
-0.854034	-0.259511
-0.93008	-0.825339
0.0476569	-0.182145
-0.854034	-1.11363
-0.0935718	-0.528683
-0.484667	-0.390595
0.656027	0.350267
-0.886625	-0.423632
0.514798	0.223696
-0.636759	0.187818
-0.452075	-0.420737
-1.00613	-0.639878
1.07971	0.314113
-0.788851	0.0853289
3.62183	0.399584
-0.777988	-1.02491
-0.506394	0.0939694
0.547389	0.727897
2.20954	0.539528
-1.01699	-0.320992
-0.864898	0.165075
0.319251	0.170244
-0.777988	-0.775492
0.699482	0.0075441
0.699482	0.600403
0.264932	0.468156
-0.864898	0.353773
-0.49553	0.299887
-0.658487	0.376642
-0.940944	-0.0512395
-0.951808	-0.574011
0.0802482	0.607549
1.79672	0.175993
1.45994	0.148027
-0.875761	0.462515
2.70927	0.406445
-0.854034	-0.00886176
-1.00613	-0.779596
-0.419484	0.271498
1.45994	0.278103
-0.777988	-0.24195
-0.734533	0.187893
-0.00666181	-0.52677
-0.354302	0.210281
0.721209	0.627455
-0.951808	0.289911
-0.886625	-0.526824
1.77499	0.403752
-0.919216	-0.305253
-0.788851	0.445985
-0.354302	0.235518
1.57945	0.202235
-0.0609805	0.390826
-0.180482	0.346577
-0.723669	0.644935
-0.940944	-0.368942
-0.484667	-0.314081
-0.93008	-0.415013
-0.93008	-0.167178
1.42735	0.485668
-0.615032	-0.38058
-0.0283893	0.349631
-0.32171	-0.175866
-0.484667	-1.10819
-0.734533	-0.476568
-0.245664	0.404978
0.297523	0.135577
-0.191345	-0.248096
-0.940944	0.0356159
1.41649	0.259019
-0.14789	0.604791
-0.0283893	-0.0956562
-0.267392	-0.29137
-0.593304	0.144227
-0.549849	-0.103396
-0.973535	-0.305826
-0.875761	0.433859
-0.75626	0.020716
-0.734533	-0.639362
2.253	0.493036
-0.202209	0.249149
0.742937	0.00748011
-0.93008	-1.65092
0.656027	0.422917
0.264932	0.190258
0.895029	0.123398
-0.875761	-0.318017
0.0802482	-0.116845
-0.832306	-0.082437
1.25353	-0.151527
-0.58244	-0.216968
-0.908353	0.37267
-0.039253	0.235267
0.210613	0.35851
-0.0609805	0.498272
0.308387	0.532679
-0.951808	-0.738733
-0.951808	-0.0145799
-0.788851	0.00895852
-0.962671	-0.649934
0.351842	0.0646485
2.32904	0.406145
-0.0718443	0.395963
-0.951808	-0.945971
-1.00613	-0.318307
-0.332574	-0.310412
-0.854034	-0.668715
-0.897489	-0.388035
0.167158	0.0429188
1.09058	0.432341
-0.680214	0.100832
-0.213073	-0.112287
0.0259294	0.380811
-0.441212	0.259813
-0.14789	-0.373033
-0.397757	0.248531
-0.875761	0.0926968
-0.886625	0.224419
0.460479	-0.204409
-0.0283893	0.63489
0.503934	0.425313
3.61097	0.635979
2.36163	0.197299
-0.951808	-0.485671
-0.0501168	0.515791
0.417024	-0.393614
-0.788851	0.145888
-0.560713	0.562067
-1.02785	-0.337105
-0.365165	-0.147677
-0.452075	0.198354
-0.854034	-0.342725
0.134567	-0.0615868
-0.712805	-0.621361
-0.49553	-0.431844
-0.864898	-0.365004
-0.310847	-0.123765
-0.854034	0.126144
-0.723669	-0.280367
-0.126163	0.1021
0.188886	0.0676591
3.02432	0.360068
-0.734533	-0.734653
-0.223937	-0.492135
-0.788851	-0.152036
1.77499	0.379885
-0.875761	0.470535
-0.951808	-1.34066
-0.0283893	0.211684
0.0911119	0.178497
-0.625895	-0.259524
-0.886625	-0.867052
-0.93008	-0.791642
0.395297	0.0906887
1.09058	0.466664
1.9814	0.386595
-0.897489	-0.520873
3.62183	0.399601
-0.00666181	0.169397
-0.0283893	0.245305
-0.864898	0.582279
-0.169618	0.375381
-0.452075	-0.48664
-0.995263	-0.540298
-0.462939	0.21589
0.590844	0.432556
-0.908353	-1.2758
0.112839	0.176998
-0.473803	0.114565
1.49254	-0.25443
-0.919216	0.473634
-0.93008	-1.72924
0.449616	0.431984
1.28612	0.344304
-0.593304	-0.153044
0.167158	0.128295
-0.0935718	-0.197578
0.742937	-0.30372
-0.430348	-0.085278
-0.908353	0.212931
-0.658487	0.46819
-0.202209	0.287549
-0.2348	-0.328344
-0.452075	-1.10946
-0.397757	-0.111497
-0.397757	0.108005
1.49254	0.775199
-0.788851	-0.789656
2.07918	0.484429
-0.919216	-1.21181
-0.158754	0.0521388
-0.310847	-0.122083
0.0367932	-0.102584
-0.332574	0.236539
-0.962671	-0.745685
-0.75626	0.212859
-0.223937	-0.0842007
0.808119	-0.501755
-0.332574	-0.0438596
1.22094	0.641794
-0.951808	-0.609658
-0.962671	-1.22501
1.82931	-0.072158
-0.506394	-0.511988
0.0911119	-0.0343445
-0.484667	-0.329221
-0.49553	-0.0187274
-0.973535	-1.00217
-0.365165	-0.395408
0.0693844	0.717133
-0.854034	-1.52574
-0.0283893	-0.0409956
-0.908353	0.21065
-0.93008	-0.223481
0.0259294	0.650026
0.0150657	0.185828
-0.973535	-0.883072
-0.571577	-0.282511
0.178022	0.486711
0.66689	-0.00564579
1.29699	0.655332
0.449616	0.38744
1.18835	0.566426
0.57998	0.378721
0.210613	0.43709
-0.625895	-0.397295
0.264932	0.340482
-0.549849	-0.351526
-0.213073	-0.552346
4.14329	0.53803
-0.560713	-0.829456
-0.397757	0.633124
-0.0283893	0.168574
0.254068	-0.687218
0.0150657	0.457571
-0.549849	-0.199624
0.340978	0.552556
0.395297	-0.472131
-0.452075	0.285898
-0.745396	0.551237
-0.267392	-0.13335
-0.995263	-0.154479
-0.571577	-0.22382
-0.995263	-0.697792
0.188886	0.551015
-0.723669	-1.40849
-0.767124	0.163795
0.66689	-0.257962
-0.93008	-0.158762
-0.625895	0.542477
0.851574	-0.107963
3.27419	0.186866
-0.799715	-0.563615
-0.452075	-0.402614
-0.528122	0.250332
1.00367	0.374721
2.48114	0.479354
-0.386893	-0.539404
-0.875761	-0.547277
-0.484667	-0.48592
0.656027	0.446337
-0.223937	-0.22314
-0.636759	-1.22137
-0.397757	-0.753685
-0.886625	0.510191
-0.973535	0.372966
1.32958	0.429284
-0.734533	-0.32732
-0.984399	0.153408
-0.897489	-0.139432
-0.267392	0.345331
0.232341	0.545529
-0.854034	0.400378
-0.365165	0.0268763
-0.875761	0.379396
-0.462939	0.120389
-1.01699	-0.660134
0.188886	0.256967
-0.625895	-0.693511
0.417024	0.204756
-0.723669	-0.682612
1.90536	-0.318474
-0.191345	0.271005
0.438752	0.425104
0.319251	-0.0252754
0.482207	0.654246
0.525662	-0.52173
-0.191345	-0.0117461
-0.571577	-0.580506
-0.723669	-0.00858757
-0.310847	-0.247914
3.04605	0.380437
0.330114	0.477667
-0.604168	-0.42021
-0.995263	-0.81894
-1.00613	-1.55582
0.601708	0.180238
-0.951808	-0.406323
-0.441212	-0.857488
-0.864898	-0.290878
-0.310847	0.553814
0.7538	0.776099
-0.484667	0.126011
-0.528122	0.113302
-0.832306	-0.577566
-0.180482	-0.0602833
-0.137027	0.492413
-0.897489	-1.09958
-0.343438	0.441363
0.340978	0.333855
-0.00666181	0.304389
1.19921	0.34322
0.167158	0.128295
1.77499	0.292577
-0.560713	-0.351634
-0.115299	-0.435127
-0.777988	-0.966715
-0.0718443	0.159491
-0.430348	-0.474229
-0.66935	0.521552
0.0367932	0.0898413
-0.951808	0.153355
-0.00666181	0.205133
0.199749	-0.246514
-0.636759	0.315395
-0.256528	0.421846
0.590844	0.155066
-0.245664	-0.203554
0.558253	-0.0264486
-0.951808	0.288432
-0.66935	0.188323
-0.32171	0.492976
0.0693844	0.365866
-0.919216	-0.506766
-0.712805	0.447282
2.38336	0.57197
-0.571577	-0.948412
-0.788851	-0.0172572
-0.995263	-1.27309
1.79672	0.350128
-0.462939	0.325421
-0.430348	-0.630597
-0.691078	0.0699381
0.818983	0.333278
-0.354302	-0.435821
0.330114	0.848431
-0.332574	0.553704
-1.02785	-1.3352
-0.441212	0.00184074
0.210613	0.0687902
0.916757	0.372663
0.84071	0.528367
-0.191345	-1.05491
-0.376029	0.479424
0.243204	0.0301993
-0.538985	0.543331
0.406161	0.349109
-0.0175256	0.393001
0.156294	0.357198
-0.213073	-0.420539
-0.886625	-0.798348
-0.995263	-0.520081
-0.777988	-0.402983
-0.104436	0.220551
1.44908	0.738642
-0.223937	-0.458848
-0.680214	-0.413461
-0.560713	0.45165
-0.745396	0.309502
-0.365165	0.0946079
0.406161	0.387687
0.797255	0.440335
-0.332574	0.15067
0.417024	0.0306117
0.57998	0.544748
-0.854034	-1.31198
-0.995263	0.201237
0.395297	0.497019
-0.452075	-0.443367
0.449616	0.337421
2.31818	0.666136
6.87009	0.79259
0.395297	-0.241392
-0.93008	-0.367517
-0.473803	0.0037606
-0.126163	0.00884932
0.536525	-0.221671
0.0259294	0.318773
-0.84317	-0.47225
-0.636759	0.207676
0.243204	0.360914
-0.49553	0.111098
2.30732	0.313107
-0.886625	-0.363706
-0.484667	-0.390595
-0.310847	0.203864
-0.647623	0.20759
-0.2348	0.487025
1.7424	0.52369
-0.875761	-1.44822
-0.984399	-0.330902
-0.332574	-0.46607
-0.354302	-0.0864511
-0.0718443	0.11886
-0.810579	-0.703118
0.775528	0.280196
-0.93008	-0.0289587
0.373569	0.543123
-0.973535	-0.904096
-0.745396	0.11795
-0.940944	-0.218651
0.319251	0.838875
-0.354302	0.336414
-0.462939	0.4422
0.362706	0.248345
-0.875761	-0.661892
-0.832306	-0.126168
0.232341	0.531851
0.656027	0.529319
0.884165	0.478348
-0.137027	-0.515941
0.178022	0.485683
-0.538985	-0.664481
0.384433	0.292181
1.36217	0.232966
-0.984399	0.36737
-0.897489	-0.629229
0.971075	0.378404
0.232341	-0.240317
1.39476	0.459205
-0.886625	-0.0252813
1.24267	-0.0337176
2.66582	0.34295
0.438752	0.50643
-0.973535	-0.716829
0.775528	-0.00633134
1.84017	0.634902
-0.278255	0.257163
-0.386893	0.482424
-0.441212	-0.34587
-0.864898	-0.868411
-0.767124	0.0284301
-0.810579	-0.418606
-0.647623	-0.491918
0.0585207	0.188837
3.42628	0.464306
-0.354302	0.141864
0.0259294	0.14482
0.188886	-0.204795
-0.897489	-0.63588
1.17749	0.429683
-0.93008	-0.771358
-0.875761	-0.313248
-0.908353	-0.081804
0.623435	0.194954
-0.777988	-0.617852
-0.191345	0.357127
1.48167	0.286686
-0.973535	-0.842173
0.634299	0.380365
-0.951808	-0.61667
0.66689	0.16311
0.00420194	0.138466
-0.897489	-0.58804
-0.919216	0.0929715
-0.0283893	-0.467748
3.49146	0.248658
-0.386893	-0.224656
0.0802482	0.332494
-0.354302	-0.345454
0.221477	0.143759
0.264932	0.232589
0.558253	0.370126
-0.951808	-0.449212
-0.919216	-1.19403
-0.484667	0.518564
-0.115299	-0.52296
0.351842	0.437833
-0.00666181	0.464167
0.688618	0.268027
-1.01699	-0.0754539
-0.875761	-1.52305
-0.419484	0.271498
-0.995263	-0.749844
0.623435	0.413162
-0.14789	-0.385965
0.482207	0.305831
-1.00613	0.431807
-0.886625	-0.422087
0.0585207	0.350054
-0.386893	0.078911
-0.115299	-0.00885848
0.0259294	-0.00542613
-0.821443	-1.01178
0.710345	0.26601
-0.712805	0.115401
-0.908353	-0.689259
1.90536	0.361012
-0.528122	0.204432
-0.354302	-0.053173
-0.452075	0.0896531
1.34044	0.51385
3.55665	0.137198
0.178022	-0.467327
-0.245664	0.417152
-0.745396	-0.0834853
0.178022	0.425425
-0.299983	0.1357
-0.376029	0.491385
-0.213073	-0.063612
-0.962671	0.158416
0.623435	-0.168766
0.0585207	0.0324242
-0.723669	-0.858358
2.65496	0.665036
0.254068	0.179375
-0.2348	-0.101959
1.63376	0.648385
-0.299983	0.596141
0.612572	-0.024314
-0.32171	0.122839
-0.897489	-0.514781
-0.0609805	0.0598952
-0.93008	-0.611897
1.39476	0.10687
2.58977	0.42208
0.275796	0.431704
-0.615032	-0.0120272
-0.897489	0.266307
-0.854034	-0.890841
-0.517258	0.17867
1.92708	0.522443
0.243204	0.366495
-0.810579	0.374857
-0.919216	0.0899047
-0.0283893	0.168436
-0.452075	-0.297482
-0.875761	-0.295048
-0.767124	-0.700528
-1.00613	-0.243284
-0.213073	0.837832
-0.104436	-0.050424
0.656027	-0.0601659
0.645163	0.495256
2.12263	0.809487
-0.40862	0.165208
-0.202209	0.266892
-0.864898	-0.436042
0.167158	0.288832
-0.604168	0.415543
-0.14789	-0.380207
5.00152	0.417439
-0.875761	-0.219685
0.0367932	0.256128
0.460479	-0.398398
-0.658487	-0.347829
0.851574	0.496941
0.797255	0.03346
0.721209	-0.618456
-0.538985	-0.0239328
-0.66935	-0.642479
-0.897489	-0.739971
-0.658487	0.0329633
-1.00613	-0.845265
-0.549849	0.0342593
1.52513	0.468419
-0.397757	0.0451049
1.27526	0.5211
-0.723669	-0.723755
0.49307	0.574414
1.39476	0.571895
-0.875761	-0.357639
0.406161	0.177439
-0.973535	-0.95271
0.188886	0.378248
-0.886625	-0.862086
2.48114	0.350604
0.286659	0.27144
4.09983	0.659555
0.319251	0.520925
-0.299983	-0.404045
-0.973535	-0.668614
-0.832306	0.104309
-0.289119	0.347221
0.503934	0.525218
0.188886	0.509164
0.49307	0.428508
-0.354302	-0.0864511
-1.03872	0.39801
-0.0283893	0.154659
-0.245664	-1.0098
-0.854034	-0.394958
-0.310847	0.143286
0.590844	0.256884
0.92762	0.646989
0.438752	0.279031
-0.745396	0.187123
-0.180482	0.681711
-0.832306	0.620981
-0.267392	-0.0190434
-0.039253	0.0563319
1.07971	0.201953
2.78532	0.479072
0.677754	0.462494
-0.441212	-0.562266
-0.202209	0.492379
0.558253	0.293679
-0.908353	-0.774014
-0.919216	-0.653079
1.22094	0.333353
-0.854034	-1.57782
0.156294	0.0865443
1.84017	-0.107508
1.47081	0.679638
0.167158	0.557698
-0.897489	-0.272473
-0.126163	0.11675
-0.452075	0.2728
-0.93008	-0.0665025
0.0150657	-0.0128117
-0.658487	-0.710898
-0.788851	-0.668096
0.0150657	-0.965695
-0.680214	-0.681907
-0.538985	0.266191
0.536525	0.872072
-0.75626	-0.189859
-0.832306	-0.601491
1.60117	0.489825
-0.115299	-0.0820075
-0.58244	-0.300333
0.0476569	0.546477
1.56858	0.352033
1.81845	0.410737
2.16609	0.379847
0.340978	0.257037
-0.832306	-0.101784
-0.745396	0.387801
-0.973535	-0.832951
0.688618	0.052008
1.37303	0.210671
-0.571577	-0.480022
-0.951808	0.153546
0.49307	0.416716
-0.202209	0.329851
-0.788851	0.16421
-0.256528	0.255462
-0.701941	0.271679
-0.473803	-0.318696
1.63376	0.418661
-0.158754	-0.131303
-0.788851	-1.19944
-0.680214	-0.695553
1.90536	0.0613466
-0.397757	0.0496697
1.89449	0.15583
0.275796	0.540444
-0.810579	-0.617908
1.77499	0.292577
3.45887	0.320741
-0.115299	0.349698
5.19707	0.454803
-0.32171	-0.270817
-0.0609805	0.256429
-0.191345	-0.198551
-0.126163	0.0545863
-0.799715	0.0558838
0.243204	0.0687444
0.688618	0.425854
-0.0501168	-0.0549538
0.569117	0.614776
0.254068	0.37243
-0.560713	-0.00293178
0.340978	0.222723
-0.0501168	0.378554
0.134567	0.541335
2.80705	0.214966
-0.191345	0.448301
-0.115299	0.133411
-0.299983	-0.2058
-0.93008	-0.601811
-0.202209	0.334456
-0.441212	-0.13968
-0.615032	-0.411665
0.00420194	-0.0820797
-0.973535	-0.808073
-0.734533	-0.151508
0.427888	0.584156
-0.875761	-0.543327
-0.343438	0.338564
-0.0501168	0.26998
-0.452075	0.383382
-0.267392	0.504506
2.58977	0.209912
1.03626	-0.167133
0.0693844	0.0535052
-0.84317	-1.01912
0.0150657	0.522825
-0.973535	0.457059
-0.973535	-0.366873
0.547389	0.28055
0.319251	0.567347
0.145431	-0.337814
2.05745	0.524817
0.0585207	-0.305761
-0.995263	-1.27309
-0.875761	-0.375053
-0.256528	0.346117
-0.0718443	0.748211
-0.191345	-0.109401
2.16609	0.39652
0.134567	0.0283098
-0.875761	0.433859
-0.897489	-0.919114
-0.66935	0.482479
-0.962671	-1.17864
-0.40862	-0.211698
-0.984399	-0.520071
-0.84317	-0.96974
0.417024	-0.0666293
0.960212	-0.316202
-0.354302	-0.547235
-0.49553	-0.173266
0.0693844	0.217081
-0.864898	-0.885104
0.199749	0.0479873
-0.58244	-0.613619
-0.723669	-0.216919
2.53545	0.312077
-0.777988	0.247153
-0.919216	-1.18268
0.362706	-0.399494
-0.886625	-0.11551
-0.919216	-0.132431
0.0585207	-0.240451
0.764664	0.365674
-0.0935718	0.445924
0.406161	0.357502
0.178022	0.258928
-0.658487	0.31114
-0.951808	-0.579719
-1.00613	0.419996
-0.84317	-1.01912
0.0693844	-0.49769
-0.777988	-0.0807465
-0.137027	-0.515941
-0.908353	-0.562025
-0.0609805	0.192271
0.286659	-0.116748
1.53599	0.456959
-0.484667	-0.0332194
2.3725	-0.109037
-0.745396	-0.153726
0.199749	0.292843
-0.0283893	0.37634
-0.75626	0.371097
-0.625895	-0.253641
0.221477	0.482215
0.264932	0.370124
0.775528	0.212454
-0.343438	0.0652737
-0.332574	0.498707
-0.919216	-1.05883
1.00367	-0.0941429
-0.799715	-0.0334315
0.601708	0.462453
-0.343438	0.476077
-0.49553	-0.262669
-0.40862	0.857482
-0.864898	-0.706524
0.123703	0.347584
-0.984399	-0.324218
1.39476	-0.297007
-0.701941	0.281337
0.57998	0.639669
-0.745396	-0.377759
-0.126163	-0.963094
0.145431	0.225816
-0.908353	-0.195909
5.11016	0.406643
0.971075	-0.037666
-0.484667	0.389967
0.286659	-0.535847
-0.604168	0.293328
0.00420194	-0.186555
1.64463	0.329438
0.895029	0.25397
-0.484667	0.159088
-0.441212	-0.938147
0.0476569	-0.0176157
0.938484	-0.157942
-0.984399	-0.628242
-0.615032	-0.0306219
-0.0175256	0.508977
-0.691078	-0.711379
0.710345	0.0329661
-0.691078	0.309899
-0.386893	-0.266096
-0.66935	0.603851
1.40563	0.353193
-0.397757	0.439228
-0.973535	-1.12818
-0.93008	-0.236597
-0.115299	-0.792935
-0.49553	0.135
-0.832306	-1.32729
-0.397757	-0.0702061
-0.191345	0.37835
-0.419484	-0.418866
-0.767124	-1.17014
-0.723669	0.128892
-0.267392	0.0192302
0.406161	0.191144
0.460479	-0.0363436
0.449616	0.373412
0.514798	0.24607
1.42735	0.459489
-0.680214	0.100832
-0.886625	0.15085
0.427888	-0.341286
-0.734533	-0.332191
-0.00666181	-0.52677
0.0693844	0.079356
-0.919216	-0.0828598
-0.984399	-1.1243
-0.256528	-0.104643
0.221477	0.554799
0.167158	-0.383789
-0.799715	-0.0141724
-0.0718443	0.680893
3.3611	0.868579
-0.343438	-0.00950912
-0.49553	-0.382067
1.55772	0.0257821
-0.278255	0.481492
0.00420194	0.516487
-0.810579	0.105836
-0.680214	0.444178
-0.2348	-0.511741
-0.278255	0.52371
0.971075	0.352267
-0.0935718	-0.120006
-0.821443	-1.18331
0.786392	-0.0117738
1.87277	0.404844
3.77392	0.308262
-0.908353	-0.157437
-0.289119	0.0391075
0.406161	-0.312717
1.31872	-0.358835
2.01399	-0.2643
-0.788851	0.247224
-0.267392	0.483571
1.55772	-0.477435
-0.962671	-1.07605
0.0476569	0.12057
-0.701941	-0.409911
-0.647623	0.22409
0.156294	-0.200804
0.330114	0.356964
-0.821443	-1.13512
-0.0283893	0.211684
-0.430348	0.648588
-0.777988	-0.0458248
0.286659	-0.226218
-0.745396	-0.677422
-0.723669	-1.15755
0.547389	-0.241235
-0.354302	0.583228
0.612572	-0.0687551
1.32958	0.424656
-0.886625	-0.321841
-0.984399	-0.657728
1.70981	0.316971
-0.777988	-0.181796
0.0259294	0.60479
-0.810579	-1.34931
0.851574	0.444691
-0.984399	0.198131
0.351842	-0.405245
-0.528122	-0.293208
-0.354302	-0.349922
0.00420194	0.29024
0.449616	0.282245
-0.636759	-0.303131
-0.343438	0.324706
-0.908353	-0.540032
-0.310847	-0.377384
-0.00666181	0.467623
-0.84317	-0.573905
-0.745396	-0.586993
-0.940944	0.215575
-0.0718443	0.293566
-0.821443	-1.20902
0.112839	0.435566
-0.832306	0.29759
0.905893	0.163228
0.0911119	0.353731
-0.973535	-0.136524
0.308387	0.384117
0.558253	-0.0264486
1.94881	0.726254
-0.93008	-0.218572
-0.571577	0.0983564
-0.223937	0.136439
-0.604168	-0.577829
-0.126163	0.71605
-0.897489	-0.813087
-0.571577	0.249507
-0.875761	-0.328253
0.340978	-0.0545439
-0.962671	-0.703066
-0.940944	-0.603907
-0.0609805	0.00246033
-0.549849	-0.283622
-0.897489	-1.03854
-0.701941	0.394108
0.732073	0.21948
-0.462939	0.0647234
2.492	0.555511
-0.441212	0.362832
-0.560713	0.168425
0.438752	0.454213
-0.223937	-0.124587
0.612572	0.220932
2.30732	0.547042
1.17749	0.386901
-0.245664	-0.0719755
-0.0175256	-0.439919
-0.712805	0.101148
-0.549849	0.406235
-0.821443	-0.832048
0.558253	-0.561675
-0.49553	0.130084
-0.082708	0.566864
-1.03872	-0.618167
0.895029	0.167918
-0.213073	-0.13138
-0.549849	-0.390401
-0.528122	0.139091
0.742937	-0.435961
2.36163	0.657347
-0.267392	-0.0333653
-0.397757	0.341576
-0.886625	-1.27558
-0.267392	-0.201756
-0.995263	-0.481181
3.6001	0.456979
1.72067	0.46469
1.1449	0.369412
-0.137027	0.66046
1.87277	0.687683
-0.419484	-0.123302
0.254068	0.230476
-0.821443	-0.46709
-0.397757	0.239077
1.07971	-0.0532191
0.264932	-0.111412
-0.538985	0.246515
-0.832306	-0.848537
-0.223937	-0.126809
-0.462939	0.0604035
0.905893	0.803854
-0.777988	0.326108
0.297523	0.809587
-0.517258	0.17867
0.482207	-0.108451
0.0911119	0.460924
1.81845	-0.0960211
0.0585207	-0.485689
-0.854034	-1.37313
0.286659	0.419335
-0.365165	0.154674
0.232341	-0.0650511
0.569117	0.183665
-0.528122	0.45937
0.112839	0.448044
-0.940944	-0.0201221
-0.897489	-1.1746
1.5034	0.349832
-0.625895	-0.589846
3.44801	0.718992
-0.701941	-1.13587
0.210613	0.0683504
0.123703	-0.296518
-0.082708	0.481454
-0.810579	-0.694751
-0.191345	-0.0134021
1.02539	0.198898
-0.767124	-0.276663
-0.864898	0.455804
1.10144	0.102434
-0.864898	-0.906029
-0.343438	0.498901
-0.528122	-0.160643
0.449616	0.20985
0.319251	0.453901
0.0259294	0.578257
0.992803	0.67673
-0.365165	-0.209889
-0.973535	-0.0359836
-0.245664	0.0144012
2.04659	0.450463
-0.289119	0.390003
-0.875761	-0.613425
-0.158754	0.605708
-0.310847	0.579064
-0.560713	0.35538
0.49307	-0.106003
0.373569	-0.664147
0.590844	0.0542693
0.514798	0.103159
-0.343438	-0.283164
-0.549849	0.132457
-0.223937	-0.0932998
1.70981	0.219236
-0.788851	0.399605
-0.484667	-0.668255
-0.430348	0.388305
-0.115299	-0.847653
-0.908353	-0.220319
0.0802482	-0.184667
-0.343438	0.547184
0.210613	-0.234362
-0.940944	-1.27956
2.19868	0.820762
-0.691078	0.0827023
-0.84317	-1.11913
2.03572	0.0908281
-0.658487	0.34262
-0.723669	0.463197
1.56858	0.416315
2.55718	0.732346
-0.615032	0.0263462
-0.832306	0.105172
-0.549849	0.397636
-0.365165	0.132961
0.601708	0.349953
1.01453	0.0530291
-0.886625	-1.14211
-0.528122	-0.982269
2.89396	0.424276
0.232341	0.30662
-0.875761	-0.491494
-0.821443	-0.515109
0.243204	0.283231
-0.528122	0.0584249
2.04659	0.343419
0.395297	-0.168585
1.04712	0.31206
-0.777988	-1.79882
-0.854034	-0.805418
0.199749	0.0398653
-0.397757	0.23668
-0.289119	0.361024
1.95968	0.203538
-0.49553	-0.0349043
-0.777988	-0.0267871
-0.223937	-0.302302
0.786392	0.50232
-0.278255	-0.318328
-0.430348	-0.630597
1.59031	0.260276
0.742937	0.0605437
-0.962671	-0.290257
0.764664	0.618645
1.23181	-0.0666237
-0.93008	-0.463183
-0.973535	0.349687
-0.864898	-1.04618
-0.93008	-0.657162
0.123703	0.235936
-0.93008	-0.989509
-0.223937	-0.0842007
-0.93008	-0.0289587
-0.49553	0.0731653
-0.32171	0.63275
-0.734533	0.421724
-0.517258	0.0870815
-0.886625	-0.740847
-0.995263	-0.806392
-0.376029	0.520679
-0.734533	0.393706
0.395297	0.359134
0.49307	-0.473568
0.66689	-0.00460098
-0.560713	-0.420371
-0.343438	0.0163177
-0.712805	0.600522
0.308387	-0.020271
2.51373	0.396893
1.60117	-0.285066
0.482207	0.30843
-0.821443	-0.413577
-0.745396	0.0393402
-0.897489	-0.698954
-0.810579	-0.146568
-0.821443	-0.832048
0.775528	0.413665
-0.919216	-1.10284
1.9814	0.116386
0.351842	0.309293
-0.0718443	0.0509647
-0.115299	-0.519842
0.0150657	-0.699672
-0.93008	-0.832752
-0.886625	-0.32903
0.101976	0.427854
0.0367932	0.257804
2.35077	0.192247
-0.397757	0.177313
-0.691078	-0.738661
0.167158	0.169514
0.123703	0.377069
0.0585207	-0.239584
0.340978	0.252094
0.818983	-0.228141
-0.604168	-0.287222
0.449616	-0.203364
-0.788851	0.506933
0.895029	0.379904
0.460479	0.631305
-0.278255	0.189335
-0.66935	0.523832
0.471343	-0.0236753
-1.01699	-0.633965
-0.886625	0.4967
0.634299	-0.0858367
-0.289119	0.522993
-0.951808	-0.211983
-0.299983	0.10268
0.471343	-0.278822
-0.484667	-0.314081
-0.864898	-0.944637
0.721209	-0.0016985
-0.723669	-0.290139
-0.919216	-0.316661
-0.680214	-0.456401
1.40563	0.87929
-0.788851	0.526358
1.2644	0.376509
0.275796	-0.0593492
1.89449	0.470465
-0.658487	-0.0247502
-0.0501168	-0.0208374
0.688618	0.385102
-0.267392	0.396129
2.492	0.428643
-0.886625	-0.9174
0.699482	0.281521
0.460479	0.425878
-0.821443	-0.0109593
-0.593304	0.209508
-0.430348	0.346804
-0.082708	0.505326
-0.84317	0.257269
-0.647623	0.360474
-0.473803	-0.0510298
-0.40862	-0.00400683
0.471343	0.605753
-0.723669	0.240887
1.1449	0.103913
-0.376029	0.208318
-0.723669	-0.168332
-0.40862	-1.13286
-0.343438	-0.578632
-0.712805	0.0828448
-0.223937	0.0443563
-0.039253	0.204514
-0.984399	-1.04665
1.25353	0.440829
-0.386893	0.204593
-0.864898	-0.417843
0.960212	0.438972
-0.191345	0.650962
-0.788851	0.696911
1.28612	0.586247
-0.593304	-0.121326
1.09058	-0.0806256
-0.854034	-0.505136
-0.767124	-0.958104
-0.995263	-0.971455
-0.973535	-2.38846
0.721209	0.44484
-0.723669	-0.953507
-0.832306	0.442298
0.0693844	0.331626
-0.14789	0.025932
-0.430348	-0.790125
0.308387	0.291892
-0.0609805	-0.0345936
0.634299	0.367454
2.45941	0.337096
0.221477	0.0356723
-0.984399	0.501166
-0.376029	-0.042007
1.41649	-0.338547
-0.517258	0.36411
0.623435	-0.289046
-0.701941	0.283088
0.460479	-0.833378
-0.788851	-0.0413481
-0.0935718	0.448968
-0.875761	-0.753339
0.243204	0.0773138
-0.864898	-0.366625
2.253	0.693271
-0.940944	-1.01302
0.362706	0.504994
-0.701941	-0.565193
-0.908353	0.295315
0.330114	0.329546
-0.2348	0.30307
-0.66935	0.512433
-0.788851	-0.993366
-0.376029	-0.681655
-1.00613	-0.984706
0.786392	0.191548
-0.267392	0.267904
-0.647623	0.277536
0.721209	-0.111497
2.44854	0.614862
-0.995263	-0.0879233
0.0476569	-0.188417
0.0259294	0.150014
0.84071	-0.165557
0.145431	-0.221574
-0.940944	-0.21145
0.0802482	0.0253515
0.156294	0.00491113
1.61204	0.341453
-0.875761	-0.108991
-0.712805	0.162763
-0.875761	0.311834
-0.821443	-0.553593
-0.115299	-0.0555339
-0.40862	-0.211843
-0.506394	-0.0847139
-0.962671	-0.932658
0.775528	0.661321
-0.962671	0.0994841
-0.538985	0.00905055
0.438752	0.268574
-0.560713	-0.405774
-0.93008	0.138571
0.210613	0.529488
0.482207	-0.584425
-0.647623	-0.563632
0.0693844	0.666265
0.101976	0.451969
0.362706	0.351969
-0.84317	-0.708991
0.710345	0.374181
-0.93008	-0.257242
2.78532	0.571051
-0.376029	0.199735
0.471343	0.749926
-0.647623	-0.569166
1.21008	-0.0575246
-0.625895	0.352184
0.438752	-0.413963
0.145431	0.559983
0.862438	0.417127
0.167158	0.384956
0.0693844	-0.45322
-0.104436	-0.106017
0.514798	0.457579
-0.691078	-0.665667
0.221477	0.558865
1.51426	0.368207
2.79618	0.0884404
-0.365165	-0.781521
1.66636	0.554292
-0.821443	-0.540205
0.00420194	0.516487
-0.180482	-0.905069
0.112839	0.580621
-0.93008	-0.776605
0.0693844	-0.224765
-0.158754	-0.189564
0.00420194	0.511144
3.89342	0.301921
-0.93008	-1.4696
-0.962671	0.286617
-0.799715	-1.16568
-0.191345	-0.141834
0.0259294	0.382742
-0.951808	-0.564038
1.03626	0.0347365
-0.875761	0.433859
-0.473803	0.400824
-0.202209	0.275174
-0.376029	0.27959
1.2644	0.245456
3.40455	0.572515
0.101976	0.486907
-0.777988	-0.193487
0.57998	0.638609
1.05799	0.568051
0.895029	0.140486
-0.919216	0.0844819
0.427888	-0.316766
-0.0283893	0.0133619
0.503934	0.139525
0.764664	-0.170477
-0.919216	0.437516
-0.58244	-0.139093
-0.691078	0.47634
-0.625895	-0.399421
0.0259294	-0.369411
0.656027	0.52935
-0.84317	-0.47225
1.76413	0.424027
-0.886625	-1.08685
-0.821443	0.419284
-0.940944	-0.919418
0.895029	0.342726
-0.0609805	-0.286641
1.06885	0.205523
1.06885	0.587993
-0.310847	-0.564074
-0.647623	-0.401492
1.37303	0.051352
0.232341	0.0381826
-0.919216	-1.18259
-0.528122	0.47069
1.82931	-0.117267
0.656027	-0.566131
-0.604168	0.419689
0.482207	0.533923
-0.0609805	-0.149919
-0.039253	0.479599
0.340978	0.410361
-0.745396	-0.988707
-0.832306	0.101829
-0.886625	-0.393109
-0.832306	-0.000879594
-0.180482	-0.326338
2.44854	0.403489
0.677754	0.141127
1.92708	0.366581
3.9912	0.585356
0.742937	0.385533
-0.636759	-0.156828
0.438752	0.240302
0.0802482	0.424818
-0.799715	0.728879
-0.0718443	0.0361692
-0.202209	0.0339056
-0.745396	-0.0328995
-0.191345	0.339177
1.39476	0.56016
0.373569	-0.402693
-0.745396	-0.198011
1.5034	-0.0319551
0.232341	0.0459522
0.764664	-0.304893
-0.973535	-0.0266896
-0.832306	0.180002
1.8619	0.464006
-0.940944	0.169173
0.188886	0.707824
0.297523	-0.425645
0.992803	0.197927
-0.984399	0.0928657
0.829847	0.812953
-0.777988	0.470592
-0.517258	0.00823422
0.960212	-0.316202
0.145431	-0.223235
0.167158	0.51876
-0.213073	-0.0718504
-0.75626	0.000142988
3.23073	0.134372
-0.691078	-0.24476
0.167158	0.227476
-0.973535	-0.808073
-0.723669	-1.15906
-0.58244	-0.0386288
-0.0501168	-0.902979
0.699482	0.340659
-0.875761	-0.57759
0.634299	0.331824
2.19868	0.54493
2.6115	0.29618
-0.84317	-0.336987
0.0911119	0.33664
-0.995263	-0.645217
0.0476569	0.345512
0.884165	-0.278065
-0.897489	-0.554611
-0.940944	-0.700553
-0.832306	0.0845389
-0.267392	-0.228014
-0.864898	0.160012
-0.962671	-0.053383
0.797255	-0.0149482
-0.897489	-0.0283509
-0.962671	-1.01319
1.53599	0.305647
-0.864898	-0.253845
-0.419484	-0.203035
0.0911119	0.172378
0.297523	-0.403587
3.07864	0.704733
-0.886625	-0.77392
-0.082708	0.356693
0.145431	-0.316814
-0.777988	0.028685
-0.777988	0.0865183
0.264932	0.471519
-0.951808	-0.607511
-0.821443	-0.321945
3.07864	0.555973
1.12317	0.0595976
-0.039253	0.0835039
0.656027	-0.324414
-0.430348	-0.451099
-0.267392	0.201354
-0.810579	0.0392456
-0.49553	-0.0862827
-0.864898	-0.247308
1.52513	0.427716
-0.0175256	0.577959
0.797255	0.183109
1.64463	0.541077
-0.908353	0.337676
1.49254	-0.428939
-0.0283893	0.112881
1.9814	0.380134
3.4806	0.511016
-0.604168	-0.0473722
-0.484667	0.449745
2.05745	0.410492
-0.104436	0.444761
-1.01699	0.158084
-0.962671	-0.367686
1.1449	0.431925
1.03626	0.554834
-0.940944	-0.921483
3.6001	0.287492
-0.484667	0.0934466
-0.538985	-0.986995
-0.810579	0.374857
-1.00613	-0.491097
-0.213073	-0.2473
-0.854034	-0.329906
0.0367932	0.178691
-0.691078	-0.83523
-0.886625	0.0392125
-0.636759	0.511216
-0.636759	-0.611494
-0.75626	-0.679256
0.243204	0.259936
0.645163	0.392894
-0.441212	0.407892
-0.365165	0.043436
-0.832306	-0.676344
-0.712805	0.404995
-0.66935	0.13722
0.612572	0.104118
-0.0283893	-0.140169
1.91622	0.776172
-0.386893	0.297888
5.30571	0.69719
0.590844	0.561401
0.112839	0.205078
-0.0935718	0.573072
0.00420194	0.268494
-0.864898	0.00895181
-0.897489	-0.484312
1.31872	0.357511
0.232341	0.233072
-0.799715	0.55637
-0.180482	0.302731
-0.223937	-0.264198
0.971075	0.466723
2.05745	0.622914
1.53599	0.206483
-0.897489	-0.152465
-0.864898	-0.355421
-0.039253	0.510868
-0.32171	-0.577993
-0.549849	0.415661
0.308387	0.129081
2.07918	0.463532
-0.40862	0.206253
-0.701941	0.110942
-0.0175256	0.418147
0.0150657	0.53027
0.0150657	0.235531
0.49307	0.273134
0.0911119	0.42524
-0.604168	-1.02304
-0.625895	0.264322
-0.386893	0.0687001
-0.213073	0.429563
0.558253	0.636563
-0.951808	-0.735086
-0.712805	-0.17381
-0.365165	-1.25681
-0.832306	0.19507
0.0150657	0.319176
0.449616	0.421381
-0.745396	0.301295
0.0150657	-0.172295
-0.310847	0.23062
0.460479	-0.000522334
0.199749	0.0334268
-0.14789	0.0331038
-0.886625	-1.16017
-0.799715	-0.94153
0.00420194	0.396363
-0.0501168	-0.0472163
-0.821443	-0.708255
1.15576	0.336794
0.221477	0.120832
-0.441212	-0.562266
0.362706	0.253367
-0.897489	0.145454
-0.082708	-0.0960693
-0.169618	0.277344
-0.2348	0.245099
-0.75626	-0.270752
-0.864898	-0.398486
-0.75626	0.116327
3.21987	0.51589
-0.897489	-0.783873
-0.604168	-0.542581
-0.267392	-0.301367
-0.0718443	0.117274
-0.560713	0.114226
-0.864898	-0.692952
0.178022	0.0321446
0.340978	0.332116
-0.604168	0.417407
-0.462939	-0.423704
-0.169618	0.244613
1.05799	0.368117
-0.723669	0.0241483
-0.691078	-0.445452
-0.658487	-0.925883
-0.647623	-0.263372
-0.919216	-0.244761
0.427888	0.266646
-0.864898	-0.664895
-0.604168	0.0675225
-0.767124	0.269631
-0.332574	-0.267805
0.0911119	0.174263
-0.777988	-0.800046
-0.137027	0.513264
-0.441212	0.369987
-0.58244	-0.258592
0.286659	0.347165
1.6229	0.426145
0.0585207	0.0305546
-0.039253	0.37036
-0.854034	-0.0937378
0.427888	-0.341286
-0.538985	0.187684
-0.115299	0.174847
0.634299	0.744652
2.07918	0.463532
-0.506394	0.353632
-0.777988	0.288961
-0.940944	-0.75272
-0.951808	-0.888423
-0.538985	-0.364496
-0.66935	-0.312784
0.384433	0.185098
3.17642	0.612956
1.78586	-0.041298
-0.745396	0.417156
-0.951808	-0.517502
-0.734533	0.00490206
-0.376029	0.557983
0.0911119	0.0741829
-0.66935	0.500919
-0.528122	0.588712
-0.517258	0.520775
2.05745	0.21344
-0.832306	-0.64731
-0.897489	-0.53917
-0.549849	-0.698175
1.91622	0.613756
0.221477	0.422152
-0.875761	-1.25942
0.786392	0.526115
0.601708	0.381896
-0.452075	0.469136
-0.2348	-0.199096
-0.0175256	0.742237
-0.691078	-0.26286
0.178022	0.477874
-0.528122	0.210083
-0.875761	-0.0883231
-1.01699	-0.633965
-0.267392	0.248324
1.49254	0.652195
0.145431	0.303128
-1.03872	-0.509747
1.16662	0.292245
-0.137027	0.519334
-0.821443	-1.27261
-0.821443	-1.03113
0.0150657	0.247873
-0.875761	-0.632594
-0.202209	-0.574637
1.21008	0.172866
0.167158	0.309919
-0.40862	0.414069
-0.832306	-0.284095
0.634299	0.253735
1.21008	0.238253
0.0585207	0.283639
-0.66935	0.612033
-0.310847	0.355412
-0.0175256	0.493595
-0.75626	0.066161
0.460479	0.247288
-0.875761	-0.215047
-0.93008	0.139198
2.99173	0.539152
-0.40862	0.0475125
-0.32171	0.430368
0.634299	-0.0181577
-0.332574	0.477858
0.612572	0.418924
0.895029	0.588514
-0.691078	0.0195717
-0.919216	-1.19403
1.8619	0.521926
-0.40862	0.392359
-0.158754	0.141019
-0.0283893	0.262718
-0.908353	-0.675501
-0.886625	0.380861
1.17749	-0.101087
0.178022	-0.535475
-0.984399	-1.38157
0.873302	0.203138
-0.919216	-0.533843
0.438752	0.770744
0.0150657	0.573616
-0.875761	-0.539778
-0.528122	0.0129514
-0.962671	0.296108
0.0150657	0.36111
-0.712805	-0.436765
-0.332574	0.732453
-0.517258	0.414037
1.25353	-0.169161
-0.875761	-0.357639
0.916757	0.743921
-0.799715	-0.139539
-0.973535	0.0236792
-0.538985	-0.12486
1.63376	-0.0534922
-0.658487	0.00388728
-0.14789	-0.0381641
-0.701941	-0.482291
-0.723669	0.364415
-0.691078	0.160123
-0.354302	0.423434
0.905893	0.0505192
1.49254	0.471246
-0.875761	-0.499293
1.51426	0.0467127
1.07971	0.615443
0.895029	0.15783
3.03519	0.487028
-0.58244	-1.35247
-0.560713	-0.259348
-0.940944	-1.72362
1.56858	0.516266
0.49307	0.414689
-0.821443	-0.498607
-0.951808	-1.53208
-0.310847	0.202582
0.221477	0.335584
2.492	0.503136
0.0476569	0.280677
1.70981	0.14792
1.16662	0.376304
-0.788851	-0.395841
-0.75626	0.0896696
0.938484	-0.0452958
-0.40862	0.190973
1.7424	0.344266
-0.0718443	-0.13546
3.77392	0.175481
-0.875761	-0.396402
-0.376029	-0.142406
0.92762	0.469192
-0.223937	0.309991
0.656027	0.197616
-0.93008	-1.33159
-0.854034	0.269212
-0.376029	-0.602794
-0.680214	-1.23528
-0.104436	0.315929
-0.745396	-1.14884
1.51426	0.133872
-0.636759	0.481188
1.21008	0.81766
-0.310847	0.00717019
-0.419484	-0.204646
2.32904	0.731293
0.992803	0.35906
-0.908353	0.37267
-0.49553	-0.513818
-0.951808	-0.767198
1.1449	0.447054
-0.310847	0.431487
0.362706	0.340859
-0.745396	-0.537715
0.905893	0.445867
0.547389	0.256746
0.210613	0.136274
0.134567	0.118832
-0.854034	0.396133
0.0150657	-0.0820415
-0.560713	-0.0807423
-0.376029	0.573013
-0.854034	0.160431
-0.788851	0.179101
-0.647623	-0.209682
0.427888	0.371934
0.0585207	-0.113217
1.21008	0.242856
-0.940944	-1.07456
-0.278255	-0.358109
-0.788851	0.145888
-0.854034	0.367089
0.438752	0.113965
-0.213073	-0.328037
-0.658487	-0.169981
-0.571577	0.106412
-0.0283893	0.330139
0.286659	-0.0161337
1.39476	0.0676219
-0.984399	0.468351
-0.40862	0.261254
-0.647623	0.561182
3.43715	0.531547
-0.441212	-0.520616
-0.58244	-0.548073
-0.680214	-0.406573
0.264932	0.23784
0.112839	-0.046358
-0.701941	-0.701644
0.775528	0.24695
1.48167	0.441424
1.05799	0.853569
-0.701941	-0.282467
-0.875761	-0.610209
-0.593304	-0.873415
-0.658487	-0.315899
-0.886625	-0.483355
0.569117	0.293621
0.49307	0.237716
-0.854034	-0.216343
0.351842	0.556998
-0.864898	-0.425826
-0.723669	-0.467216
-0.538985	0.0943981
-0.886625	-0.224538
-0.126163	-0.85962
-0.126163	0.40936
-0.14789	0.137002
-0.886625	-0.564195
3.08951	0.492851
-0.0609805	-0.0518122
-0.658487	0.247204
0.884165	0.779236
0.688618	0.531326
-0.538985	-0.38566
-0.0283893	-0.339906
-0.14789	0.385565
-0.386893	-0.106857
0.167158	0.168434
-0.821443	0.321187
0.145431	0.21846
-0.593304	0.271908
-0.897489	-0.352687
3.27419	0.587064
0.960212	0.387843
-0.538985	-0.33876
0.319251	0.330908
0.66689	0.128153
0.0367932	0.178703
-0.701941	0.411734
0.0367932	-0.0587199
-0.712805	0.527195
-0.169618	-0.394537
1.91622	-0.193229
-0.49553	0.0707062
0.00420194	0.112533
-0.538985	-0.213862
-0.93008	-1.6507
-0.799715	-0.0141724
0.460479	0.476747
1.09058	0.572262
-0.66935	-0.878844
0.49307	-0.250384
-0.549849	-0.422721
-0.430348	-0.643913
1.54685	0.665761
-0.962671	-0.746977
0.732073	0.350934
1.5034	0.607662
-0.267392	0.248324
0.0911119	0.16448
-0.506394	0.326159
-0.625895	0.534174
-0.680214	-0.456401
-0.256528	0.228291
-0.810579	-0.461532
1.45994	0.322706
0.395297	0.548038
1.78586	0.219476
0.156294	0.441891
0.66689	0.176724
0.797255	0.651537
0.525662	0.688404
1.10144	0.443079
-0.560713	-0.623558
0.243204	0.213584
-0.908353	-0.0377868
0.471343	0.166596
0.373569	0.30455
-0.528122	0.522806
-0.354302	-0.648411
0.297523	-0.0204448
0.590844	0.510394
-0.538985	0.385682
-0.32171	-0.10054
-0.832306	-0.769665
0.66689	0.538759
-0.310847	0.45648
0.438752	0.370073
-0.973535	-0.621282
0.84071	0.0458778
-0.593304	-0.253013
-0.625895	-0.0334265
1.43822	0.196322
-0.897489	-0.268053
-0.549849	0.0883913
-0.734533	-0.271165
0.938484	0.248546
0.797255	0.648932
-0.680214	-0.245502
-0.604168	0.502012
-0.984399	-0.621317
1.66636	0.295779
0.862438	0.628284
-0.919216	-0.571804
-0.0718443	0.348598
-0.310847	0.414318
0.7538	0.658279
1.49254	0.364677
-0.832306	0.27873
2.66582	0.42605
-0.93008	0.196429
-0.908353	-0.000343116
-0.864898	0.186288
-0.745396	-0.451865
0.884165	0.147584
-0.2348	0.180756
-0.299983	0.129155
-0.137027	0.252666
0.960212	0.406101
1.94881	0.356274
-0.886625	-0.52413
-0.940944	-0.1041
-0.864898	-0.0252453
-0.919216	-0.856836
2.24213	0.743595
3.55665	0.525763
-0.940944	-0.615803
-0.104436	-0.148495
-0.039253	0.385766
-0.701941	0.360504
-0.864898	-0.612302
-0.821443	-0.918653
-0.0609805	-0.155461
6.00099	0.510612
-0.984399	0.124336
-0.560713	0.0212701
-0.962671	-1.03715
-0.84317	0.00472953
-0.919216	0.133659
0.514798	0.518417
-0.940944	-0.562499
-0.875761	-0.447806
0.134567	-0.237597
-0.506394	-0.39792
-0.691078	0.0620153
-0.973535	-0.168321
-0.701941	0.0390317
-0.039253	0.0736629
0.0911119	-0.826005
-0.365165	-0.46239
-0.799715	-0.714722
-0.0718443	0.030968
-0.940944	-0.910501
1.2644	0.546187
-0.213073	-0.370247
2.11177	0.589429
-0.810579	-0.426345
3.13296	0.731355
-0.734533	0.154574
-0.962671	-1.05151
0.590844	0.102535
0.525662	0.334188
-0.593304	0.18866
1.30785	0.269206
-0.854034	0.401705
0.134567	-0.0823356
-0.376029	0.19702
-0.984399	0.269101
-0.940944	0.00569226
0.134567	-0.1816
3.2416	0.661631
0.569117	0.38389
-0.908353	-1.62218
-0.571577	0.385579
-1.03872	-0.417518
-0.66935	-0.0982916
-0.0175256	0.240773
-0.2348	0.114096
-0.734533	-0.26139
0.873302	0.690095
-0.712805	-0.16114
-0.908353	-0.356956
1.43822	0.40435
-0.84317	-0.314463
-0.734533	-0.494666
-0.984399	0.163036
-1.01699	0.0313924
-0.864898	-0.0315957
-0.104436	0.0241772
-0.777988	-0.0996688
0.178022	-0.139831
-0.604168	-0.74728
1.45994	0.0885525
-0.343438	-0.500629
-0.680214	-0.182478
-0.940944	-0.0734912
3.94774	0.0182087
0.7538	0.336614
0.547389	-0.982488
-0.854034	-0.584254
-0.951808	-0.574652
1.7424	0.46903
0.0693844	0.314158
-0.919216	-0.736461
-0.647623	-1.00555
0.188886	0.350188
1.00367	0.654396
-0.875761	-0.00264939
0.601708	0.258988
0.514798	0.518417
-0.712805	0.261629
-0.452075	0.350164
-0.14789	0.11618
0.210613	-0.0387097
0.00420194	0.225918
0.0693844	0.554253
-0.973535	0.391309
-0.14789	-0.0565308
1.10144	0.458248
-0.712805	0.107678
-0.560713	-0.436708
-0.202209	0.312811
-0.658487	-0.123375
-0.40862	-0.257356
-0.00666181	0.502415
-0.908353	-0.68795
2.36163	0.556315
1.10144	-0.400555
3.80651	0.671384
0.286659	0.642585
0.471343	-0.174601
-1.00613	-1.10432
0.319251	0.106784
-0.647623	-0.162471
-0.0501168	0.464856
-0.723669	-0.745513
-0.897489	-0.48414
-0.886625	-0.16689
0.0150657	-0.0820415
-0.310847	-0.0424366
2.253	0.322293
0.905893	0.0820913
0.656027	-1.0462
-0.104436	0.35126
0.210613	0.567647
-0.528122	-0.356867
-0.126163	0.382106
2.24213	0.135395
-0.897489	-0.179749
-0.484667	-0.194389
-0.213073	-0.168415
-0.886625	0.271913
-0.343438	-0.455288
-0.777988	-0.755015
-0.223937	-0.0597243
1.70981	0.590191
1.04712	0.592358
1.16662	0.180668
-0.593304	0.229212
0.677754	0.386679
-0.49553	0.394433
0.471343	0.290891
-0.984399	-0.541529
-0.32171	-0.0398961
0.905893	0.386086
0.112839	0.491646
-0.647623	0.20759
-0.419484	0.395373
2.55718	0.368784
1.54685	0.665761
-0.658487	-0.35573
0.623435	0.325184
-0.951808	-0.623306
-1.04958	0.336204
-0.354302	0.252075
0.960212	-0.17759
-0.908353	0.382065
0.156294	-0.626416
-0.0175256	0.453722
-0.962671	-0.358537
-0.93008	-0.767816
-0.919216	-0.347477
1.7424	0.385298
0.66689	0.281526
-0.875761	-0.0383265
0.0802482	0.0322811
0.656027	0.172714
1.59031	0.397023
-0.647623	-0.681578
-0.919216	0.110362
0.221477	0.0929607
4.81684	0.149957
-0.332574	-0.577654
-0.14789	-0.129039
-0.908353	0.434727
-0.115299	0.0445717
0.460479	0.477748
-0.310847	0.103648
-0.940944	-0.779408
0.0367932	0.425411
0.330114	0.103017
1.45994	0.220994
-0.32171	0.223215
-0.538985	0.497292
2.75273	0.713828
-0.082708	0.483703
0.656027	0.45181
-0.462939	0.0566764
-0.354302	0.346846
-0.767124	-0.361703
0.721209	0.301497
-0.777988	-0.515605
-0.430348	0.151418
0.558253	0.377954
-0.723669	-0.189644
0.221477	0.133424
-0.886625	0.410481
-0.452075	0.0896531
-0.886625	0.224419
-0.289119	0.286014
0.438752	-0.33565
0.199749	-0.235775
-0.267392	-0.241365
-0.919216	-0.355185
-0.777988	-1.23901
0.319251	0.346927
-0.00666181	-0.320896
-0.984399	0.531691
-0.886625	0.0253365
-0.506394	-0.026266
0.199749	-0.0256454
-0.658487	-0.659793
-0.397757	0.229693
-0.962671	0.0179402
-0.0935718	0.244341
-1.00613	-1.1897
0.145431	0.403381
-0.810579	-0.856966
0.199749	0.315385
-0.137027	-0.169776
-0.962671	-0.385252
-1.00613	0.237874
9.48825	0.260335
-0.658487	-0.448155
0.178022	0.392593
-0.799715	-0.141875
0.862438	0.091746
-0.528122	0.0912441
-0.767124	-0.259044
-0.397757	0.0700951
0.264932	-0.510018
-0.137027	0.391918
1.5034	0.277993
-0.419484	0.403175
-0.680214	0.167019
0.123703	0.230996
-0.441212	-0.469194
-0.49553	-0.50286
-0.691078	-0.13777
-0.49553	0.141701
-0.875761	-1.26814
0.199749	-0.0464804
-0.245664	0.146008
-0.419484	-0.325763
2.14436	0.540422
-0.419484	0.054332
-0.462939	0.59811
-0.506394	0.181133
-0.376029	-0.543382
-0.40862	-0.0786351
-0.473803	0.172363
-0.908353	-0.143461
-0.462939	-0.118031
-0.919216	-0.409489
2.19868	0.417451
-0.158754	0.43339
-0.397757	-0.320886
-0.462939	-0.31654
-0.158754	0.729527
-0.951808	0.216291
1.17749	0.346969
0.319251	0.453308
-0.441212	0.162028
-0.810579	-0.549464
-0.462939	0.241381
0.49307	0.441041
-0.908353	0.0111756
-0.691078	0.159971
-0.419484	-0.013554
-0.441212	-0.857488
-0.788851	0.158025
-0.267392	0.024114
-0.506394	0.0166059
-0.267392	0.0276094
-0.734533	0.121769
-0.223937	0.0103878
2.80705	0.66149
0.254068	0.526195
-0.278255	0.207082
-0.951808	0.176736
0.167158	-0.0862405
-0.636759	0.390585
-0.799715	0.492857
1.70981	-0.0814299
-0.832306	-0.870641
-0.864898	-1.42708
-0.821443	-0.0842014
-0.680214	0.205566
-0.549849	0.0654188
-0.452075	-0.1057
1.82931	0.647605
-0.462939	-0.592601
-0.897489	-0.157905
-1.00613	-1.31182
0.0367932	0.417184
-0.810579	-0.392386
-0.365165	-0.0398951
-0.919216	-1.87131
-0.84317	-0.232392
-0.441212	-0.41396
-0.58244	-0.104959
-0.810579	0.305613
-0.908353	-0.744514
0.0367932	-0.61704
-0.951808	-0.484284
1.1449	0.332557
-0.0175256	0.466017
-0.712805	-0.220008
0.0802482	-0.111028
-0.202209	0.329851
1.06885	0.347177
-0.310847	0.364339
-0.864898	-0.455984
-0.832306	0.066717
0.308387	0.288414
2.86137	0.868821
-0.897489	-0.710942
-0.864898	-0.91812
-0.973535	-0.0523131
2.731	0.636048
0.634299	-0.233002
-0.886625	-0.678389
0.384433	0.315164
0.7538	0.426284
1.85104	0.463096
0.634299	0.121097
-0.126163	0.190699
2.07918	0.468085
0.167158	0.453556
0.319251	0.550741
-0.723669	0.137114
-0.517258	0.478153
1.15576	0.487598
-0.517258	-0.105294
0.57998	0.12559
-0.169618	0.509626
-0.310847	0.27968
-0.897489	-0.430981
0.742937	-1.05273
1.31872	-0.155259
-0.419484	-0.367601
0.297523	-0.132887
-0.343438	0.419577
-0.734533	0.0245214
-0.821443	0.379157
0.264932	0.423778
-0.441212	0.168062
-0.354302	-0.189938
-0.571577	0.0805535
-0.158754	-0.0181237
-0.549849	-0.0696948
-0.202209	0.335028
1.85104	0.457498
-0.137027	0.228122
-0.897489	0.147371
-0.832306	-0.245959
-0.397757	0.576082
0.0802482	0.0646218
0.732073	0.330098
-0.984399	-0.510539
0.406161	0.761021
0.808119	0.765572
1.57945	0.561917
-0.538985	-0.222688
1.65549	0.490165
-0.462939	0.304627
-0.984399	0.29346
0.645163	-0.0227751
-0.951808	-1.09073
-0.854034	-0.470902
0.0802482	0.0021216
-0.908353	-0.533229
-0.213073	0.370854
-0.191345	0.0818451
-0.886625	-0.637207
-0.462939	0.169276
1.05799	0.345174
-0.310847	-0.267023
0.362706	-0.410832
-0.256528	-0.274964
0.351842	0.649903
-0.625895	0.3008
0.688618	0.134133
-0.484667	0.624815
0.851574	0.336126
0.449616	0.288973
-0.419484	-0.320069
-0.354302	0.0698797
2.44854	0.541508
-0.897489	-0.23001
-0.289119	-0.0542524
0.330114	0.0869074
0.623435	-0.192562
1.45994	0.454999
0.884165	0.839184
-0.082708	-0.0177138
0.558253	0.138847
0.0476569	-0.188417
2.3725	0.678293
0.981939	0.191126
-0.777988	0.129294
-0.940944	-1.72362
-0.40862	0.261211
0.286659	0.238275
-0.832306	-0.0728984
-1.00613	-0.955828
-0.354302	0.210281
0.471343	0.0940657
-0.767124	0.313584
-0.821443	-0.0241539
0.992803	0.136506
-0.32171	-0.189196
1.00367	-0.436909
-0.202209	-0.0558706
0.243204	-0.170609
-0.75626	0.471421
0.547389	-0.0456074
-0.126163	0.596897
-0.962671	-0.473445
0.178022	0.0569972
-0.886625	0.545273
-0.299983	0.248697
-0.84317	-0.328413
-0.430348	0.363357
-0.289119	-1.00184
-0.343438	-0.127486
0.275796	0.423776
-0.995263	-0.302474
-0.538985	0.205604
2.05745	0.690115
-0.115299	0.71234
1.45994	0.760885
-0.517258	-0.0905905
2.69841	0.15161
0.960212	0.369395
-0.919216	-0.618808
-0.886625	-0.0497353
-0.256528	0.280315
-0.452075	0.326418
1.75326	0.276727
0.286659	-0.474609
-0.75626	-0.483956
0.645163	0.40213
-0.680214	-0.507536
1.6229	0.260877
-0.2348	-0.195555
-0.875761	-0.440962
-0.973535	-0.776635
-0.973535	-1.04506
0.210613	-0.0417593
0.134567	0.101286
-0.571577	-0.0673237
1.44908	0.43523
0.178022	-0.00501551
-0.777988	-0.0885681
-0.299983	-0.851518
-0.104436	0.707477
-0.180482	-0.098552
-0.604168	-0.184961
-1.00613	-0.584348
0.699482	0.436853
-0.75626	-0.289118
1.68808	-0.0379595
1.49254	0.274068
2.79618	0.440177
1.67722	0.119317
-0.864898	-1.04155
-0.343438	0.384487
0.699482	0.0916862
-0.267392	0.116143
0.373569	0.716133
-0.40862	-0.370412
-0.832306	0.368261
1.04712	0.471536
-0.66935	-0.507224
0.123703	0.357009
-0.441212	-0.791333
2.65496	0.561118
-0.93008	0.32332
-0.951808	0.000447064
0.981939	0.351604
-0.082708	0.532382
-0.604168	-0.32095
-0.908353	-0.91864
1.10144	-0.533993
-0.854034	-0.477763
0.558253	0.0685155
-0.886625	-0.81384
-0.84317	-0.210446
-0.289119	-0.811974
0.449616	-0.140354
2.86137	0.516271
-0.84317	-0.394646
-0.919216	-0.0140649
1.55772	0.0440844
0.406161	0.463243
-0.180482	0.578665
-1.00613	0.2066
0.156294	0.31072
0.232341	0.0459522
-0.354302	-0.203706
-0.875761	-0.332346
1.82931	0.449647
-1.01699	0.458331
-0.58244	-0.254422
0.00420194	0.571778
-0.767124	-0.101905
-0.115299	-0.109758
2.48114	0.151365
-0.2348	0.646126
-0.0501168	0.149103
-0.919216	-0.738027
-0.767124	0.224101
0.210613	0.543054
0.221477	0.474673
-0.962671	-0.56325
-0.723669	-0.538535
1.10144	0.380162
0.764664	0.720409
0.851574	0.366209
-0.14789	0.385565
1.02539	0.429528
1.81845	0.52056
-0.636759	-0.0642799
-0.169618	0.205196
-0.767124	-0.565081
1.12317	0.591844
1.68808	0.385346
-0.919216	0.336722
0.156294	0.406595
-0.940944	-0.43747
-0.984399	0.347619
-0.799715	-0.984618
0.178022	-0.339147
0.938484	0.567149
-0.821443	0.521988
2.22041	-0.0932814
-0.191345	0.269191
-0.919216	-1.00624
0.286659	-0.0567134
-0.49553	0.0519257
1.7424	0.634674
1.25353	0.219084
0.0693844	0.439488
-0.636759	0.225523
-0.615032	0.21657
-0.604168	0.0822171
1.05799	0.114823
-0.49553	0.498846
-0.115299	-0.199068
1.40563	0.20144
-0.777988	-0.273648
-0.462939	0.243506
-0.832306	-0.788324
1.87277	0.419619
-0.940944	-0.268834
2.16609	0.0218891
0.503934	0.00431822
-0.419484	-0.477493
1.70981	0.368505
-0.560713	0.339446
0.66689	0.0232207
0.460479	0.204053
-0.0935718	0.376188
-0.126163	-0.276063
2.1009	0.214065
-0.984399	-0.0817382
0.0367932	0.436984
-0.571577	-0.161454
1.15576	0.268502
-0.93008	-0.989509
-0.93008	-0.0146845
-0.897489	-0.301399
-0.886625	-0.958767
0.351842	-0.237945
-0.701941	0.189445
-0.908353	0.314367
0.417024	0.521467
-0.560713	-0.0219634
-0.84317	0.115923
-0.712805	-0.54865
0.351842	0.177716
-0.158754	0.548968
-0.962671	0.294482
-0.0283893	0.363912
-0.897489	-0.48414
-0.940944	-1.01039
-0.256528	0.543036
-0.245664	0.424494
-0.430348	0.228906
1.63376	0.332326
2.65496	-0.0829687
3.23073	0.664649
-0.995263	-0.821715
-0.84317	-0.265212
0.178022	0.333924
-0.962671	-0.590063
-0.571577	0.0403073
-0.723669	0.49698
-0.75626	-1.23318
-0.180482	0.422749
-0.625895	-1.07501
-0.213073	0.258747
-0.32171	0.423898
-0.962671	-0.361652
-0.886625	0.0631352
-0.386893	0.0512406
-0.332574	0.498611
0.156294	-0.39768
-0.082708	0.524394
0.264932	-0.532747
-0.299983	-0.161335
-0.951808	-1.35455
-0.701941	0.230417
-0.484667	0.369465
2.30732	0.306415
0.710345	0.0611698
2.29645	0.363179
-0.0935718	-0.162381
0.145431	0.049927
-0.538985	0.231497
-1.01699	-0.790616
-0.84317	0.0827072
0.0911119	0.508524
-0.951808	-0.716176
1.78586	0.785354
-0.875761	-0.844364
-0.854034	-0.346463
-0.00666181	0.0398149
-0.84317	-0.967688
1.32958	0.435143
0.742937	0.295925
0.0911119	0.449437
1.69895	0.337846
1.81845	0.734846
-0.452075	0.0454983
-0.908353	-0.570985
-0.908353	-1.24923
-0.854034	-0.827746
-0.517258	-0.214147
0.0693844	-0.110032
2.70927	0.437457
-0.310847	0.401242
-0.386893	0.0902843
0.0585207	0.672691
1.49254	0.515349
-1.01699	0.342641
-0.723669	-0.997719
-0.549849	0.415661
3.75219	0.370696
-0.419484	0.38484
0.558253	-0.561675
-0.854034	0.32095
-0.137027	-0.406069
0.536525	-0.221671
0.742937	0.38782
-0.908353	-0.052711
-1.02785	-1.3352
-0.777988	-0.24195
-0.995263	0.110475
0.134567	-0.122133
1.5034	0.277993
0.0476569	0.142392
0.732073	-0.641454
-0.919216	-0.676042
-0.919216	-0.923776
-0.549849	0.192479
-0.919216	-0.855368
3.82824	0.449288
-0.93008	-0.87419
-0.799715	-0.287932
0.656027	0.110259
0.275796	0.405115
-0.886625	-0.504469
0.569117	0.442302
-0.886625	-0.572079
-0.0935718	0.214283
-0.2348	-0.0617801
0.427888	0.136297
-0.995263	-0.625167
-0.593304	0.0742542
-0.75626	0.205147
-0.734533	-1.47081
2.02486	0.562156
1.13403	-0.0541741
-0.245664	-0.0823768
0.199749	-0.22874
0.286659	0.298701
-0.604168	0.14448
-0.549849	-0.564908
-0.864898	-0.637358
-0.126163	0.0734912
-0.202209	-0.117751
3.77392	0.559254
-0.810579	-0.860987
0.145431	0.309052
-0.0501168	0.432105
-0.962671	-0.344804
-0.734533	0.409318
-0.343438	0.300528
0.340978	-0.102068
-0.854034	-0.216912
-0.908353	-0.138098
-0.984399	-0.459254
-0.832306	-0.390974
0.264932	-0.184673
-0.875761	-0.415651
-0.397757	0.416725
-0.854034	0.176317
-0.549849	-0.937349
-0.810579	-0.461001
-0.691078	-0.726161
-0.984399	0.384246
-0.137027	0.403478
1.51426	0.535805
0.0585207	0.834989
0.895029	0.378243
-0.593304	0.436063
2.83964	0.684957
-0.332574	-0.208491
0.677754	0.836148
-0.386893	0.264726
-0.701941	0.655544
-0.777988	-0.474729
-0.376029	0.23875
-1.00613	-0.294907
-0.875761	-0.380701
-0.32171	0.237945
-0.223937	0.345538
-0.897489	0.0582178
1.31872	-0.155259
0.0259294	-0.0601548
-0.169618	0.475633
-0.14789	0.182384
-0.615032	0.253061
1.97054	0.612606
-0.995263	0.290012
1.16662	0.270064
0.514798	0.236244
0.199749	0.44832
0.178022	0.0561975
-0.40862	0.498125
-0.386893	0.42355
-0.875761	-0.233252
1.31872	0.185434
-0.680214	-0.707667
-0.66935	-1.22634
-0.701941	-0.468985
-0.0501168	0.233466
-0.658487	0.17129
0.808119	-0.0835877
-0.0718443	-0.288824
-0.104436	-0.680219
-0.517258	0.456178
0.0911119	-0.0976591
-0.126163	0.40936
-0.734533	0.11421
-0.788851	-0.445138
0.297523	-0.500604
-0.951808	-0.282911
-0.00666181	0.360955
-0.712805	-0.598149
-0.549849	-0.557039
-0.2348	0.0801788
-0.245664	0.137556
-0.180482	-0.321574
-0.354302	0.0290134
-0.951808	-1.07688
-0.777988	-1.79882
-0.940944	-0.244798
-0.462939	0.0490062
1.34044	0.166256
0.362706	0.47142
-0.799715	0.575067
-0.332574	0.05831
0.7538	0.154245
0.851574	-0.233197
-0.821443	-0.453183
-0.223937	0.18461
0.471343	0.302875
-0.875761	-1.38384
0.112839	-0.605491
0.362706	0.44493
1.00367	-0.436909
-0.14789	-0.0882019
-0.973535	-0.355311
0.916757	0.098103
0.417024	0.113634
-0.49553	0.226816
-0.962671	-1.23478
-0.32171	0.0757506
-0.658487	0.402787
-0.908353	-0.0380333
-0.484667	0.253401
1.43822	0.256731
0.49307	0.359687
0.188886	0.408737
-0.625895	-0.936538
-0.343438	-0.665014
2.69841	0.362452
-0.777988	-1.05206
-0.615032	-0.391375
-0.875761	0.0688261
0.417024	0.495144
2.8505	0.795195
-0.962671	-0.581295
-0.365165	0.100269
-0.864898	0.1382
-0.615032	0.146507
0.134567	0.424184
-0.571577	-0.835903
-0.951808	-0.748272
0.0693844	0.142021
0.49307	0.676471
-0.875761	-0.536531
-0.430348	0.242731
2.67668	0.415659
-0.0283893	0.217221
-0.473803	0.303167
-0.767124	-0.33817
-0.289119	-0.41542
-0.712805	-0.683209
-0.984399	-0.670916
1.3839	0.0916983
-0.473803	0.456794
-0.940944	-0.320002
0.0150657	0.176232
1.18835	0.428234
-0.919216	-0.696954
1.40563	0.217826
-0.940944	-0.820043
1.32958	0.611837
-0.571577	-0.421253
-0.354302	-0.365379
-0.430348	-0.755365
-0.691078	-0.491348
0.656027	0.705388
-0.506394	0.268571
0.199749	-0.522845
0.971075	0.273754
-0.940944	-0.52323
-0.93008	-0.153401
-0.864898	-1.09909
-0.875761	-0.316825
0.384433	0.604156
0.275796	-0.00129851
0.0693844	0.222134
0.645163	0.254739
1.39476	0.63229
-0.267392	0.328934
0.84071	0.204418
-0.0609805	0.511835
0.232341	0.337724
-0.734533	-0.437654
-0.84317	0.0469989
-0.854034	-1.35979
0.862438	0.175908
0.971075	0.604891
-0.615032	-1.33262
1.21008	0.0671261
-0.441212	-0.170452
0.742937	-0.435961
1.05799	0.136203
0.0367932	0.106177
-0.32171	-0.172843
-0.734533	0.530271
0.199749	0.316306
-0.799715	-0.0841971
0.645163	0.45617
4.66475	0.66873
1.87277	-0.000791696
2.63323	0.107403
0.199749	0.0490484
-0.278255	-0.38629
1.85104	0.441804
1.85104	-0.24525
0.482207	0.266766
1.27526	0.379631
-0.919216	-0.993212
-0.973535	0.464366
-0.506394	-0.406539
-0.777988	0.0410288
-0.473803	0.39453
-0.32171	-0.199764
-0.875761	-0.817487
-0.962671	-0.368358
-0.2348	0.311125
-0.0935718	0.584276
-0.462939	-0.0655648
0.427888	0.429796
-0.886625	0.297586
-0.66935	-0.155944
-1.00613	0.345121
-0.343438	-0.0277116
-0.734533	-0.984633
3.98033	0.460409
-0.777988	0.211087
-0.14789	0.335313
1.36217	-0.202003
0.178022	0.48782
1.49254	-0.25443
0.319251	-0.840916
-0.93008	0.0790935
-0.202209	0.345094
0.0259294	0.400871
1.45994	0.689199
-0.940944	-0.270581
-0.137027	0.303334
0.351842	-0.401964
-0.908353	-0.235004
0.873302	0.511644
-0.897489	-0.148583
1.85104	0.511252
0.851574	0.149094
-0.940944	-0.134801
2.1009	0.334324
0.308387	0.338326
2.22041	0.303319
-0.278255	0.0803393
-0.658487	-0.390313
-0.430348	0.286448
0.732073	0.29543
2.29645	-0.213941
1.15576	0.376943
1.72067	0.310073
-0.343438	-0.72684
-0.75626	-0.21965
-0.202209	-0.139354
-0.658487	0.142856
-0.0501168	0.482492
-0.962671	-0.563672
2.492	0.159424
0.275796	0.327837
-0.886625	0.498824
1.54685	0.728347
0.460479	-0.178316
1.18835	0.175601
2.44854	0.613165
-0.799715	-0.002269
-0.84317	-0.759167
1.23181	0.414159
-0.75626	-0.147249
-0.821443	-0.507218
3.91515	0.487074
-0.680214	-0.0487481
-0.908353	-0.32326
0.84071	0.119315
-0.310847	-0.0512593
1.72067	0.428598
1.1123	0.817615
-0.430348	-0.337216
-0.00666181	-0.379348
-0.267392	0.483571
0.351842	0.382393
-0.691078	0.214923
-0.376029	0.0897885
-0.560713	0.0248665
1.2644	0.424978
-0.517258	0.333927
-0.158754	0.0943844
-0.897489	0.0823936
2.05745	0.679137
-0.376029	0.205195
0.525662	0.0623011
-0.854034	0.42613
-0.680214	0.338831
0.449616	-0.977385
-0.93008	-0.103881
-0.908353	-0.125222
-0.66935	0.44457
0.243204	0.710785
-0.636759	-0.600036
-0.571577	-0.368711
-0.082708	0.459812
-0.169618	0.724853
-0.473803	0.400824
0.188886	-0.596318
-0.951808	-0.623306
-0.821443	0.404905
-0.734533	0.549741
1.59031	0.333256
-0.169618	-0.33558
-0.691078	-0.444445
-0.701941	0.381297
0.178022	0.213208
-0.84317	-1.05436
0.558253	0.188755
-0.832306	-0.623646
0.699482	0.339125
0.00420194	0.0418553
-0.734533	-0.380279
-0.973535	-0.26769
-0.777988	-1.13602
-0.593304	0.406387
-0.039253	0.149201
-0.462939	-0.407818
-0.864898	0.511484
-0.0501168	0.290844
0.938484	0.52398
1.91622	0.295938
0.601708	0.247177
0.0367932	0.576171
-0.680214	0.443214
1.18835	0.601432
-0.32171	-0.324257
0.92762	0.312381
0.319251	-0.235256
0.330114	0.335952
-0.517258	0.290603
1.63376	0.32346
-0.354302	0.13936
-0.691078	0.524018
-0.180482	0.605989
-0.528122	0.139813
1.60117	0.283607
2.56805	0.376604
0.710345	-0.173221
-0.278255	0.354926
-0.84317	0.632433
-0.0935718	0.382192
-0.908353	-0.747211
-0.810579	0.0364662
-0.864898	0.0697247
-0.810579	-1.15021
-0.854034	-0.382414
-1.01699	0.00183759
-0.484667	0.0662375
-0.245664	-0.0346744
-0.908353	-0.538067
-0.647623	-1.35766
-0.549849	-0.169931
2.19868	0.355055
-0.84317	-0.524371
-0.538985	0.291386
1.54685	0.333389
-0.66935	-1.09667
1.44908	-0.333242
-0.864898	-1.43213
-0.951808	-0.945971
0.0259294	0.0735668
-0.538985	-0.486746
-0.680214	0.735695
-0.430348	-0.00221275
-0.126163	0.0326748
-0.549849	0.711266
0.210613	0.263176
-0.940944	-0.708016
-0.571577	-0.392934
2.20954	0.328901
-0.528122	0.0808841
-0.354302	0.485623
1.70981	0.20821
-0.875761	-1.26034
-0.864898	-1.24575
-0.680214	0.46358
-0.832306	-0.368234
-0.397757	0.0262814
-0.864898	-0.318789
-0.0935718	0.043107
-0.549849	-0.401704
-0.93008	-0.373641
-0.0935718	0.193624
0.677754	0.0836219
0.0585207	-0.351916
0.0150657	0.287052
-0.962671	0.0806829
-0.571577	0.173221
-0.267392	0.504157
0.786392	0.428544
0.960212	0.486111
-0.386893	-0.565037
2.14436	0.276207
0.590844	0.567265
1.54685	0.5137
-0.66935	0.350464
-0.854034	-1.05299
-0.462939	-0.596248
-0.419484	0.230082
-0.0175256	-0.122611
-0.180482	0.00845892
-0.854034	-1.22908
0.0259294	-0.476157
-0.158754	0.440245
0.558253	0.748578
-0.919216	-0.523425
0.221477	0.455596
-0.40862	0.466357
-0.549849	-0.351526
-0.202209	-0.849278
-0.332574	0.632072
-0.745396	-0.592608
-0.799715	0.326827
3.32851	0.290819
1.22094	0.134431
-0.462939	0.321599
-0.75626	0.480407
-0.267392	-0.13335
0.123703	0.1095
-0.452075	-0.540153
0.156294	0.335479
-0.908353	-0.081804
0.199749	0.242075
-0.875761	-0.935951
0.384433	0.507062
2.75273	0.280575
-0.875761	-0.561209
-0.919216	-0.301633
0.156294	0.418477
0.797255	0.03346
-0.962671	-0.685573
-0.0718443	0.436436
-0.278255	0.000852891
-0.473803	0.462005
-0.93008	-0.453112
-0.962671	-0.93499
-0.419484	0.365233
-0.452075	0.477244
-0.549849	0.497442
0.340978	0.265086
-0.0283893	0.405228
-0.647623	-0.0219589
-0.810579	0.395648
-0.93008	0.249418
-0.973535	-0.701201
-0.615032	-0.928777
-0.745396	-0.316878
-0.593304	0.208412
-0.223937	0.0115955
-0.897489	-0.600947
0.482207	0.170351
-0.213073	-0.704444
-0.940944	-0.622344
0.340978	-0.583204
-0.2348	-0.0681641
-0.919216	-0.189128
0.57998	0.690069
-0.343438	-0.0432382
0.232341	0.356562
0.112839	-0.0332509
1.07971	0.175241
1.23181	-0.296875
3.62183	0.423242
-0.528122	-0.275547
-0.49553	0.0948442
-0.354302	-0.00350091
-0.14789	0.350539
-0.951808	0.154133
4.25193	0.857141
-0.49553	0.498846
1.01453	-0.282669
-0.571577	0.0692334
0.0367932	-0.343744
-0.93008	-0.838664
-0.0718443	0.479583
3.19814	0.412863
-0.202209	0.722782
1.2644	0.446101
-0.49553	-0.0495487
-0.441212	-0.292295
-0.777988	0.226413
-0.365165	0.0593974
0.49307	0.46674
-0.886625	-1.52783
-0.810579	-0.401951
1.65549	0.411191
-0.777988	-0.0535028
2.22041	0.510374
0.362706	0.47142
-0.00666181	-0.357741
-0.00666181	-0.732997
-0.777988	-0.207386
0.623435	-0.0414477
-0.973535	-0.509682
-0.506394	0.203123
-0.680214	0.293346
-0.777988	-0.553384
-0.571577	-0.180359
-0.430348	-0.504489
-0.40862	0.165208
-0.462939	-0.176604
-0.691078	0.214923
-0.397757	0.167085
0.449616	0.337421
-0.158754	-0.0501371
-0.0501168	-0.0792052
-0.49553	0.335968
-0.615032	-0.00714985
2.02486	0.503254
0.590844	0.641266
-0.538985	-0.391062
-0.0283893	-0.0125212
1.03626	-0.176314
-0.821443	-0.521591
0.471343	0.100817
0.178022	0.168491
-0.973535	-0.826793
-0.419484	0.215682
-0.549849	-0.214597
-0.278255	-0.0633519
-0.984399	-0.328123
1.28612	0.2039
0.862438	0.243214
0.0802482	0.468799
-0.126163	0.185936
-0.919216	-0.15546
1.02539	0.456211
-0.984399	-0.648259
-0.832306	0.0403577
0.275796	0.405115
-0.180482	-0.634602
-0.365165	-0.197459
-0.441212	-0.117997
0.134567	0.347521
-0.0175256	-0.0275465
0.395297	-0.364971
-0.908353	-0.461727
-0.734533	0.380589
-0.777988	-1.23667
-0.788851	-0.0936102
-1.06045	-1.70576
1.65549	0.331591
-0.278255	0.534548
-0.2348	0.0369211
1.31872	0.401742
-0.93008	-0.723088
-0.745396	0.363729
0.916757	0.578881
-0.571577	-0.471051
1.43822	-0.0686899
-0.940944	-0.821138
0.612572	0.674054
-0.2348	0.245684
-0.256528	-0.344255
-0.962671	-0.969512
0.340978	-1.05433
-0.864898	-0.536897
0.362706	0.418147
0.7538	0.197512
-0.289119	0.293853
-1.02785	0.280043
-0.0175256	-0.344461
-0.14789	0.393019
0.742937	0.557763
-0.40862	-0.140299
-0.202209	0.285027
0.601708	0.247177
-0.397757	-1.26743
1.10144	0.396962
-0.973535	-0.91385
-0.940944	-0.673742
-0.0935718	0.0788905
-0.0175256	0.0685011
0.221477	0.0680555
1.1123	0.436882
0.188886	0.146611
-0.973535	-0.672964
-0.658487	-0.834433
0.981939	0.355908
-0.962671	0.0263362
-0.854034	-0.408276
-0.995263	-1.03978
-0.75626	-0.024556
-0.115299	-0.0409281
-0.202209	0.441071
-0.430348	0.388281
-0.75626	-0.988712
-0.886625	-0.783048
-0.0283893	-0.356919
0.254068	-0.580566
-0.908353	-0.757693
1.49254	0.227522
-0.419484	-0.0294121
0.503934	0.331588
0.210613	0.33879
-0.0283893	0.428775
-0.701941	-0.158201
-0.908353	-0.045733
1.67722	0.386724
-0.343438	0.352234
-0.66935	0.30441
-0.854034	-0.685805
-0.528122	-0.214389
-0.615032	0.340183
4.05638	0.498425
-0.386893	0.291524
-0.0175256	0.557955
-0.560713	-1.00485
0.156294	-0.18688
0.0150657	0.0816238
-0.560713	0.562067
-0.115299	-0.519593
0.49307	0.411744
3.20901	0.180251
-0.32171	0.426374
-0.571577	0.358974
-0.549849	-0.404228
0.590844	-0.461362
0.84071	0.404849
-0.506394	-0.076098
-0.821443	0.399034
0.569117	-0.434277
1.97054	0.348896
-0.14789	0.596943
1.32958	0.597264
0.101976	-0.338505
-0.0718443	0.377629
-0.615032	0.196345
-0.0718443	0.111619
-0.940944	-1.19982
-0.604168	-0.505619
0.308387	0.384117
-0.875761	-0.824365
-0.995263	0.269436
-0.691078	-0.223065
0.547389	0.337132
-0.549849	0.269472
0.123703	0.645629
0.254068	-0.0515703
0.471343	0.0591982
-0.66935	0.188323
0.0802482	-0.243863
0.210613	-0.608712
2.24213	0.657682
0.243204	-0.0436748
-0.908353	-0.43231
0.199749	0.0490484
2.6115	0.29618
-0.158754	0.383732
-0.973535	0.523602
0.873302	0.0931216
2.77446	0.230525
0.677754	-0.22847
-0.289119	-0.710504
2.92655	0.596865
-0.310847	0.230574
-0.191345	-0.483737
-0.897489	-0.891032
0.134567	0.51264
-0.32171	0.394757
-0.777988	-0.392708
-0.538985	-0.572462
-0.799715	-0.328347
1.3839	0.296576
1.57945	0.528745
0.0150657	0.479961
-0.484667	0.101263
-0.343438	-0.455288
-0.104436	0.134254
-0.647623	-0.645534
-0.0935718	0.462202
2.04659	0.0503473
-0.962671	0.121769
-0.810579	-0.214454
0.438752	-0.01985
-0.343438	0.167607
-0.386893	0.22885
2.00313	0.820964
-0.973535	-0.225326
0.112839	0.4053
-0.267392	-0.159466
-0.951808	-0.0910781
-0.484667	0.319736
0.210613	-0.1564
-0.93008	-0.442696
-0.441212	0.184306
0.210613	0.0624856
-0.984399	0.266837
0.92762	0.469192
-0.940944	-1.05476
-0.354302	-0.450135
-0.951808	-1.30306
0.547389	0.210794
1.48167	0.0498997
-0.593304	0.625521
-0.995263	-1.185
0.612572	-0.024314
0.145431	0.236188
-0.799715	0.269148
-0.517258	0.314069
3.16555	0.363737
3.42628	0.881843
-0.680214	0.284414
-0.0609805	-0.636205
0.297523	0.270305
0.721209	-0.0846798
-0.441212	0.338529
0.0585207	0.235776
-0.93008	-0.753146
0.319251	-0.0450981
0.7538	-0.201734
0.84071	0.376527
-0.32171	-1.02672
-0.777988	0.0645634
-0.788851	-0.3031
-0.984399	-0.497428
-0.636759	-0.662513
-0.984399	-0.656905
-0.289119	0.353694
-0.973535	0.255352
-0.343438	0.116558
1.51426	0.468909
-0.821443	0.256613
-0.289119	0.200215
-0.951808	-0.509934
0.645163	0.379121
-0.0175256	-0.126063
0.221477	0.322871
-0.788851	-0.151077
-0.14789	0.182384
-0.680214	-0.425682
-0.256528	0.302386
-0.767124	-0.336638
-0.66935	0.233018
-0.332574	0.591282
-0.723669	-1.01295
-0.0283893	0.0303476
-0.919216	-0.0465028
1.24267	0.25745
0.373569	0.0601775
-0.854034	-0.236083
-0.517258	0.401322
-1.00613	-0.0239382
1.57945	0.309885
-0.973535	0.224113
-0.908353	-0.890647
-0.310847	0.211276
-0.202209	-0.135591
0.319251	0.526651
1.99227	0.350029
-0.973535	-0.0359836
-0.158754	-0.644059
-0.93008	-0.866204
0.156294	-0.325916
-0.832306	0.359254
-0.441212	-0.381622
0.0259294	0.131101
-0.256528	0.0227543
-0.441212	0.302401
-0.158754	0.147377
-0.223937	-0.0251253
0.297523	0.797204
-0.66935	-0.331337
-0.039253	0.210458
-0.973535	-0.330233
0.384433	0.0868272
-0.984399	0.360732
-0.213073	0.43957
-0.299983	0.337911
-0.821443	-0.0384309
-0.723669	0.193874
0.286659	-0.346103
-0.886625	-0.0941096
-0.832306	0.063393
-0.821443	-0.838854
2.02486	0.669584
4.41488	0.437068
-0.430348	0.51589
-0.940944	0.354154
2.31818	0.61326
-0.0935718	0.299704
-0.951808	-0.627546
1.13403	0.393903
-0.810579	-0.395357
0.134567	0.702366
-0.951808	-0.638256
-0.278255	0.298431
-0.039253	-0.409756
-0.886625	0.033226
3.14382	0.460905
-0.984399	-0.286624
0.395297	-0.105993
-0.126163	0.20752
-0.832306	-0.255389
-0.517258	-0.0905905
-0.734533	0.0481594
0.00420194	0.40876
-0.126163	-0.268856
-0.299983	0.12676
4.16502	0.144835
0.384433	-0.225076
0.938484	0.295893
-0.973535	0.237873
-0.777988	-0.7771
1.06885	0.0635638
-0.2348	0.36701
-0.2348	0.262409
-0.810579	-0.871923
-0.767124	0.367313
-0.115299	-0.435127
0.656027	-0.112324
1.32958	0.343283
1.76413	0.504612
-0.940944	-0.460663
1.78586	0.233828
-0.310847	-0.0136329
-0.777988	-0.0267871
0.590844	0.520111
-0.745396	-0.42153
-0.397757	-0.678186
0.0693844	-0.171458
0.0150657	0.349724
-0.647623	-0.662105
-0.452075	0.233493
0.362706	0.445634
-0.680214	-0.270125
-0.951808	-0.185398
1.03626	0.0164145
-0.75626	-0.925092
0.0476569	0.219398
-0.278255	0.407133
-0.191345	0.4283
-0.832306	-0.228852
1.63376	0.460548
0.525662	0.00131651
-0.84317	-1.16525
-0.636759	0.0771243
-0.0609805	0.35185
-0.32171	-0.00936863
0.417024	0.122701
-0.039253	-0.218803
-0.777988	-0.440263
-0.484667	-0.287803
-0.615032	-0.272122
-0.484667	-0.11168
-0.984399	-0.957735
1.8619	0.489357
-0.701941	-0.0119501
-0.615032	0.299671
-0.00666181	0.264564
-0.973535	-0.587052
-0.951808	0.139021
1.41649	0.157679
-0.180482	-0.093069
1.06885	-0.0628999
-0.430348	-1.27265
-0.191345	0.278021
2.31818	0.217409
-0.223937	-0.240011
-0.723669	-0.115111
-0.875761	-0.390833
0.134567	-0.0615868
0.938484	0.523663
-0.419484	0.188081
-0.549849	-0.425523
0.547389	0.454374
-0.506394	0.492928
-0.810579	-0.549464
-0.75626	-0.0112054
-0.14789	0.317313
1.10144	0.73953
-0.821443	0.40592
-0.126163	0.0111377
-0.777988	-0.221667
-0.810579	0.280337
0.123703	-0.0574822
-1.04958	0.0435385
-0.0175256	0.577959
-0.158754	-0.519961
0.254068	0.257236
0.00420194	0.0812256
-0.984399	-0.570625
-0.875761	-0.416781
0.395297	0.213566
0.362706	0.144257
2.52459	0.111313
1.39476	0.464862
2.24213	0.576679
-0.506394	0.129176
-0.984399	-0.667195
-0.919216	-0.52042
-0.93008	-0.395525
0.0911119	0.440753
1.39476	-0.118181
-0.734533	0.764764
0.0259294	-0.489723
0.254068	0.339429
0.427888	0.796807
-0.940944	-0.464087
-0.267392	0.445199
-0.93008	-0.658304
1.1123	0.167048
-0.213073	0.457509
-0.799715	-0.6601
-0.647623	-0.742644
-0.452075	-0.592982
-0.734533	0.0653603
-0.039253	0.307713
-0.995263	0.24705
2.88309	0.72242
0.558253	-0.223258
-0.788851	0.247224
-0.821443	-0.976782
-0.951808	-0.238787
0.590844	0.453324
0.732073	0.29543
-0.571577	0.383169
0.7538	0.254242
-0.419484	-0.136789
0.178022	0.29507
-0.245664	0.648273
1.12317	0.591844
-0.84317	-0.571366
3.16555	0.127702
-0.310847	0.243298
0.188886	0.418463
0.438752	0.529697
-0.875761	-0.512443
0.590844	0.0981273
0.406161	0.29849
-0.419484	0.398439
1.23181	-0.065806
-0.169618	0.453663
0.742937	0.0271852
-0.180482	-0.645139
-0.75626	-0.530137
-0.158754	0.0285318
-0.777988	-1.08929
1.02539	0.223539
-0.864898	-0.214294
-0.84317	-0.401045
-0.310847	-0.473274
-0.973535	-0.557129
-0.104436	0.577827
-0.245664	-0.184952
-0.14789	-0.125669
-0.734533	-0.361374
-0.137027	0.48752
-0.951808	-0.606857
2.09004	0.512991
-0.647623	0.533341
-0.158754	0.553771
-0.734533	0.421724
-0.691078	-0.3585
-0.734533	0.0546804
0.699482	0.556563
-0.636759	-0.128122
0.286659	0.0488092
0.188886	0.521285
0.112839	0.435034
-0.332574	0.133457
-0.908353	-1.09001
-1.02785	-0.852061
-0.897489	-0.933195
-0.745396	-0.448398
1.5034	0.657407
-0.84317	-0.903036
-0.810579	-1.10068
0.49307	0.534767
0.786392	-0.579945
-0.32171	-0.242987
-0.549849	0.323287
1.17749	-0.634038
-0.712805	-0.321528
-0.951808	0.234803
-0.180482	0.305594
-0.32171	0.335981
-0.256528	-0.700292
-0.517258	0.180628
-0.32171	0.188206
-0.180482	0.450783
-0.625895	0.157047
-0.940944	-0.912904
-0.49553	-0.403244
-0.75626	0.542477
-0.517258	-0.159361
0.319251	0.20873
-0.767124	0.503281
-0.452075	0.474281
-0.854034	-0.236439
-0.267392	0.353949
-0.832306	0.446055
0.232341	0.705025
-0.604168	-0.431735
-0.441212	-0.61509
-0.245664	-0.697955
-0.84317	-0.594048
-0.538985	-1.16966
-0.40862	-0.748452
0.482207	0.688857
-0.343438	0.140293
-0.484667	0.337439
-0.886625	-1.04659
-0.082708	0.461587
0.0693844	0.135579
0.688618	0.432216
-0.0718443	-0.0196232
-0.0175256	0.508977
2.32904	-0.0718034
-0.40862	0.346415
-0.951808	-0.877854
-0.93008	-0.613161
-0.256528	-0.349732
1.00367	0.419371
0.0911119	-0.0116297
-0.951808	0.118611
-0.386893	-0.0675617
-0.2348	0.0801788
2.41595	0.587842
-0.137027	0.417547
-1.00613	-0.18817
-0.886625	-0.268859
4.37143	0.300953
-0.039253	-0.498648
-0.538985	-0.387951
-0.202209	0.597769
-0.115299	0.12864
-0.245664	0.0672036
-0.615032	-0.563882
-0.821443	-0.688524
-0.462939	0.441219
1.56858	0.843267
0.254068	0.408347
3.27419	0.489692
1.39476	0.516764
0.438752	-0.146848
0.949348	0.625684
-0.32171	-0.442126
0.0150657	0.268301
2.31818	0.153459
-0.310847	-0.122083
-0.940944	0.146895
-0.777988	-0.0352982
-0.973535	-0.327682
-0.180482	0.0401423
-0.332574	0.320203
-0.14789	0.234488
-0.777988	-0.530296
3.17642	0.368344
-0.180482	0.0762961
1.03626	0.462161
1.65549	0.620979
-0.93008	-0.58336
-0.919216	-0.83132
-0.625895	-0.258387
-0.0935718	0.031219
0.449616	0.460268
-0.75626	0.329788
0.101976	-0.0527014
-0.00666181	0.39907
0.862438	0.126731
-0.636759	-0.236027
0.0585207	0.248353
-0.528122	-0.213745
-0.864898	-0.950407
-0.202209	-0.18063
-0.66935	-0.00966751
1.18835	0.359479
-0.93008	0.187735
-0.875761	-0.326247
0.710345	0.48784
-0.256528	0.242344
0.427888	0.0741929
1.01453	-0.305898
-0.104436	0.0547999
0.134567	-0.00235981
-0.452075	0.45267
-0.995263	-0.520081
0.112839	-0.52483
0.156294	0.250609
-0.267392	0.42064
-0.082708	0.325684
-0.93008	-2.27138
1.53599	0.500917
-0.397757	-0.660239
0.569117	0.340604
-0.0718443	0.680893
0.167158	0.253932
1.9814	0.700219
-0.712805	0.107678
-0.180482	0.188609
-0.278255	0.491277
-0.213073	-0.58379
-0.604168	0.430592
1.28612	0.412193
-0.126163	0.43795
1.3839	-0.124065
0.57998	0.31912
-0.810579	0.494596
-0.908353	0.347624
2.05745	0.0918813
-0.615032	0.330756
-0.484667	0.323005
0.0259294	0.131101
-0.745396	0.255377
0.112839	0.332177
-0.365165	0.149604
-0.615032	0.207145
-0.082708	0.390459
1.05799	0.459367
-0.278255	0.411999
-0.278255	0.297929
-0.951808	-0.484284
-0.169618	0.435302
-0.223937	0.283937
0.188886	0.324584
-0.984399	-0.22461
-0.441212	0.231632
-0.0501168	0.369105
1.47081	0.267357
-0.158754	0.410978
0.199749	0.157377
-0.767124	-0.304191
0.981939	0.351604
0.395297	-0.507598
5.9684	0.467431
0.471343	0.649471
0.286659	0.281015
-0.14789	0.418642
-0.777988	-0.0895422
0.677754	0.245764
-0.691078	-0.484658
-0.897489	-0.619246
0.471343	0.279855
1.78586	0.626413
-0.799715	0.298712
-0.191345	-0.615864
-0.75626	0.258511
0.503934	0.092486
1.2644	-0.240857
-0.75626	0.384615
-0.691078	-0.107688
0.199749	0.197861
-0.886625	-0.870516
-0.680214	0.246578
-0.484667	0.51596
0.243204	0.401291
1.30785	0.50897
-0.14789	0.116067
0.482207	0.226449
-0.256528	0.0873968
0.471343	0.482134
-0.691078	0.188644
2.79618	0.487904
-0.821443	-0.644156
-0.962671	-0.257787
-0.256528	-0.245254
-0.202209	-0.483879
-0.777988	0.121237
0.514798	0.510348
1.30785	0.358732
-0.767124	-0.447084
-0.854034	-0.165895
0.0911119	0.342634
-0.723669	0.247424
-0.886625	-0.199415
-0.864898	-0.58599
-0.886625	-0.595497
-0.625895	0.0659038
1.61204	0.455595
-0.571577	0.447294
0.742937	0.0946963
0.178022	-0.0188875
-0.886625	-0.865928
1.88363	-0.0999189
-0.777988	0.144904
0.634299	0.158148
0.156294	0.393606
-0.951808	-0.444838
-0.745396	0.477962
-0.104436	0.134254
-0.658487	0.552762
-0.256528	0.774999
0.742937	0.175226
1.52513	0.593421
-0.354302	0.321825
0.243204	0.251503
1.06885	0.307608
1.70981	0.223937
-0.919216	-1.12953
0.384433	0.268916
0.460479	-0.127896
-0.441212	0.341827
1.60117	0.597054
-0.908353	-0.244228
-0.864898	-0.0355789
1.06885	0.422588
-0.658487	-0.335125
1.07971	0.257888
0.7538	0.425969
-1.00613	-0.199591
-0.169618	-0.106391
0.275796	0.331543
-0.32171	0.24743
0.232341	-0.0650511
0.612572	0.774482
-0.560713	-0.240397
-0.723669	0.392714
-0.0609805	0.310865
-0.680214	0.843845
-0.799715	0.381413
0.0259294	0.158041
-0.245664	-0.29005
-0.430348	-0.616551
-0.854034	-0.575381
-0.517258	0.564474
-0.40862	-0.468714
1.53599	0.500504
-0.886625	-0.486024
-0.310847	-0.236634
-0.560713	0.389698
0.167158	-0.32451
3.95861	0.569956
1.1449	0.400316
1.12317	0.298509
6.23999	0.766521
1.67722	0.881511
0.49307	0.130753
0.406161	-0.210777
-0.593304	-0.953943
-0.528122	-0.685572
-0.538985	-0.0637057
-0.712805	0.0586785
2.52459	0.272524
-0.126163	0.190699
3.05691	0.468535
-0.299983	-0.374323
0.286659	0.297528
-0.462939	-0.387913
0.547389	-0.128086
-0.571577	-0.229034
0.829847	-0.474448
-0.875761	-0.421938
-0.919216	-1.07283
-0.832306	-0.0568255
-1.02785	-1.10639
-0.777988	-0.144761
-0.84317	-0.263382
-0.897489	0.321229
-0.0935718	-0.56075
-0.0718443	-0.238563
-0.636759	-0.145147
-1.00613	-0.166904
-0.2348	0.116042
-0.354302	0.407206
-0.14789	0.426285
-0.310847	-0.0270226
0.0693844	-0.128317
-0.680214	0.348785
-0.712805	0.0344769
1.21008	0.571927
0.275796	0.179103
-0.32171	0.0461694
0.884165	0.161154
-0.0935718	-0.0981182
-0.995263	-0.320648
0.851574	0.509137
-0.734533	0.21465
1.29699	0.746274
-0.940944	-1.18871
-0.864898	-0.689428
-0.256528	0.669707
-0.452075	0.215651
1.44908	0.377802
1.73154	0.250695
-0.777988	-0.224374
-0.441212	-0.0100899
0.395297	0.371031
-0.104436	0.404633
-0.169618	0.291743
0.612572	-0.192673
-0.593304	0.123907
0.188886	-0.150742
-0.875761	-1.19059
-0.49553	-0.537953
-0.0175256	-0.0874583
-0.821443	-0.652835
2.91569	0.460087
-0.441212	-0.766407
0.818983	0.318953
-0.343438	-0.275759
-0.310847	0.103648
0.232341	0.431166
-0.2348	-0.177873
-0.886625	-1.04155
0.417024	0.645321
0.0802482	-0.175943
0.634299	-0.0347072
-0.376029	-0.0318548
-0.973535	-0.801829
1.36217	0.568041
-0.560713	-0.165173
-0.538985	0.287725
1.94881	0.588069
0.112839	0.426644
0.178022	-0.312448
0.00420194	-0.552867
0.243204	0.0958769
1.6229	0.167746
-0.875761	-0.340606
-0.462939	0.38918
-0.832306	-0.487402
-0.538985	-0.285825
-0.973535	-0.769221
0.645163	-0.218426
0.732073	0.342252
-0.940944	0.264712
-0.788851	-0.440514
-0.593304	-0.27588
-0.32171	-0.175611
-0.854034	-0.505136
-0.310847	0.00550683
-0.191345	0.176838
-0.223937	-0.158163
-0.158754	0.249982
1.73154	0.773446
-0.115299	-0.0929465
-0.940944	-0.651151
0.971075	-0.406914
-0.984399	-0.463191
-0.397757	0.354579
-0.93008	0.233042
-0.213073	0.334372
0.0693844	-0.0761686
-0.701941	0.559385
-0.832306	-0.0368724
-0.386893	-0.595626
1.78586	0.799347
0.536525	0.555738
2.47027	0.251025
-0.75626	-0.348582
-0.973535	-1.20601
-0.082708	0.318319
-0.864898	-0.247308
-0.223937	0.236492
0.395297	-0.334591
0.514798	-0.394413
-0.0283893	0.344693
-0.723669	-0.967682
-0.528122	0.479646
2.15522	0.357629
0.514798	-0.483045
4.03465	0.495412
0.471343	0.414935
3.65442	0.484902
-0.84317	0.270289
-0.0283893	0.362128
-0.223937	-0.0506682
-0.14789	-0.603586
-0.691078	0.420139
0.601708	-0.421155
-0.940944	0.10048
-0.734533	-0.743815
-0.604168	0.298003
-0.962671	-0.795073
3.66528	0.526537
-0.919216	-0.696954
-0.788851	0.526358
0.156294	0.0242313
0.373569	0.0668472
-0.267392	-0.119493
-0.854034	0.0967616
0.623435	0.435931
-0.821443	0.381881
-0.75626	-0.272778
-0.473803	0.0873259
-0.680214	0.380584
0.297523	-0.146753
2.50286	0.448802
0.601708	0.122815
3.49146	0.430153
0.0476569	-0.22609
-0.625895	-0.357642
-0.875761	-0.428962
0.134567	0.214079
0.634299	0.495025
0.536525	0.321982
-0.0283893	-0.0762398
-0.604168	-0.887488
-0.821443	0.185738
1.19921	0.354077
-0.278255	-9.80364e-05
0.688618	0.0102118
0.992803	0.355955
0.0367932	0.325029
-0.115299	-0.488673
-0.430348	-0.631113
-0.897489	-0.701541
0.656027	0.391996
0.221477	0.779215
-0.636759	0.468656
-0.984399	-1.02406
-0.723669	0.393716
-0.647623	0.629286
-0.14789	0.203912
-0.712805	-0.305192
1.39476	0.869322
-0.604168	0.246991
0.645163	0.507682
-0.875761	-0.30848
-0.75626	0.366451
-0.767124	-0.108328
-0.636759	-0.43744
-0.995263	0.110475
0.0585207	-0.0530889
-0.897489	-1.21442
0.188886	0.610035
1.66636	0.360006
-0.202209	0.568272
-0.995263	-0.54588
1.09058	0.544862
-0.354302	0.698505
-0.821443	0.425104
2.64409	0.579067
1.18835	-0.260601
0.797255	-0.36378
-0.0609805	0.279673
-0.658487	-0.0838953
-0.821443	-1.02041
-0.799715	0.172374
-0.919216	-0.960969
0.49307	0.46674
-0.886625	-0.80827
-0.973535	-0.126272
-0.376029	0.142072
-0.278255	0.42086
0.7538	0.291107
5.03412	0.246053
1.57945	0.499653
0.0911119	0.543747
-1.00613	-0.462401
1.9814	0.255139
-0.40862	0.450484
-0.40862	0.335709
-0.973535	-0.244977
0.319251	0.19107
-0.908353	-0.244359
-0.137027	-0.404179
-0.832306	0.47699
-0.14789	0.336505
-0.832306	0.503813
-0.462939	0.00114493
-0.104436	-0.0910438
0.00420194	0.416222
-0.354302	-0.185208
-0.897489	-0.531789
-0.484667	-0.762289
-0.560713	-0.598618
2.07918	0.158874
-0.66935	-0.326726
-0.658487	0.352366
1.06885	0.729103
0.884165	0.517574
-0.908353	-0.0626698
-0.799715	0.166169
-0.517258	0.419744
-0.701941	-0.959194
-0.810579	0.107035
0.178022	-0.0922881
-0.734533	0.42551
-0.0283893	-0.634418
-0.66935	0.0201528
0.449616	0.414548
0.417024	0.233703
-0.158754	0.508051
-0.462939	-0.433998
1.05799	0.138824
-0.49553	-0.965209
-0.886625	-1.57547
4.52352	0.720286
0.210613	0.345325
1.47081	0.314639
1.07971	-0.481923
-0.506394	0.315097
-0.115299	-0.0921984
-0.767124	-0.79603
-0.0718443	0.0782537
1.23181	0.119968
-0.104436	0.264828
0.167158	-0.056566
0.232341	0.14683
-0.354302	0.0329117
-0.223937	0.154669
0.482207	0.139169
-0.430348	0.211272
-0.647623	-1.35766
0.536525	0.191818
-0.767124	-0.144955
0.590844	0.358796
1.80758	0.573128
1.66636	0.653779
0.482207	0.597015
-0.875761	0.137869
0.340978	0.261989
0.417024	0.200155
0.101976	0.269841
-0.680214	0.0654775
-0.832306	-0.0354541
0.0585207	0.19574
-0.32171	0.0763231
-0.343438	0.250663
-0.701941	-1.13587
5.04498	0.60422
2.86137	0.802127
-0.104436	0.707477
0.178022	0.0231196
-0.00666181	0.337853
-0.973535	-0.774784
0.00420194	0.198052
-0.473803	0.462005
-0.560713	0.460787
1.16662	0.383407
2.58977	0.611311
-0.799715	-0.00575681
-0.0283893	-0.91366
-0.625895	-0.321309
-0.636759	-1.49569
1.67722	0.386475
-0.701941	0.204956
1.6229	0.530419
-0.951808	-0.424146
0.0911119	0.530459
-0.223937	0.440082
0.66689	-0.352651
-0.962671	-1.22689
-0.995263	-0.797786
-0.75626	-0.272778
-0.75626	-0.225144
-0.126163	0.782864
-0.419484	0.268892
1.84017	0.288689
-0.0718443	0.0676568
0.427888	0.0655193
-0.354302	-0.142557
-0.767124	0.289561
-0.00666181	0.619593
-1.04958	0.263348
1.54685	0.0162655
0.297523	0.536434
-0.647623	0.371327
0.0259294	-0.0733731
-0.973535	-0.412429
1.30785	0.0531595
1.9814	0.489735
-0.854034	-0.488011
0.406161	-0.176787
0.156294	0.570285
-0.386893	0.16294
-0.571577	-0.113365
-0.919216	-0.960969
-0.571577	-0.191777
0.981939	-0.3606
-0.104436	-0.770182
-0.137027	0.370516
0.286659	-0.000946952
-0.245664	-0.0719755
0.536525	0.598229
0.0150657	-0.685122
-0.0283893	0.071089
-0.864898	-0.998222
-0.897489	-0.177844
-1.00613	-0.640649
-0.376029	0.330199
0.0693844	-0.0076058
0.243204	0.251503
-0.462939	0.472003
-0.0935718	0.409563
-0.864898	-0.268638
-0.864898	-0.67046
-0.908353	-1.81038
2.26386	0.801843
0.210613	-0.0417593
-0.299983	0.0155399
-0.430348	0.258138
2.55718	0.689804
0.547389	0.122928
0.112839	0.00408319
-0.821443	-0.463789
-0.647623	-0.341939
1.6229	0.588112
-0.712805	-0.574389
1.70981	0.368404
-0.158754	0.483198
2.66582	-0.136378
-0.462939	0.26061
2.24213	0.484751
0.351842	0.186806
-0.169618	0.265413
1.51426	0.492832
2.18781	0.543037
-0.919216	-1.21147
3.14382	0.351534
-0.799715	-0.538104
2.36163	0.657347
-0.202209	0.285027
-0.289119	-0.0366384
0.656027	0.297794
0.123703	0.300243
0.558253	0.649348
-0.723669	-0.0303658
-0.799715	-0.471691
-0.658487	0.229528
-0.886625	0.446972
0.732073	-0.182942
-0.473803	-0.347068
-0.452075	0.133966
-0.810579	-0.415753
-0.691078	0.47634
0.156294	0.774375
1.99227	0.592748
0.688618	0.215856
-0.734533	-0.439042
-0.767124	0.39982
-0.832306	-1.05731
-0.75626	-0.348582
2.35077	0.192247
-0.658487	0.292674
-0.864898	-0.393293
0.764664	0.342207
1.77499	0.403752
-0.462939	0.0478202
-0.126163	0.020456
1.80758	0.408954
-0.615032	0.146947
-0.386893	0.46593
1.07971	0.365905
0.471343	-0.338766
1.25353	-0.046925
-0.397757	-0.191971
-0.66935	0.133329
0.156294	0.298087
-0.984399	-0.777567
2.14436	0.490121
-0.919216	-0.65232
1.15576	-0.41361
-0.810579	-0.0152614
-0.832306	-0.400301
-0.343438	0.168411
0.330114	0.0386106
1.78586	0.334477
-0.908353	-0.660653
0.254068	0.097722
0.895029	-0.737723
0.243204	0.273892
0.232341	0.264606
-0.32171	0.385069
1.73154	0.709953
0.297523	-0.132887
-0.104436	-0.077656
0.503934	0.542497
0.569117	-0.101799
1.13403	-0.132203
1.25353	0.126249
-0.332574	-0.22189
-0.864898	-1.41792
0.123703	0.0493404
0.0259294	-0.0436057
-0.832306	0.000257821
0.112839	-0.0481206
1.04712	0.507565
0.406161	0.512154
-0.593304	-0.0578601
0.677754	0.836148
-0.810579	-0.595614
-0.560713	0.212992
2.1335	0.687612
0.905893	0.345416
-0.875761	-0.537086
0.0802482	0.424818
0.178022	0.343773
-0.538985	-0.738181
-0.886625	0.261351
-0.875761	-0.80173
0.829847	0.0914617
-0.636759	0.265551
0.308387	0.184043
-0.549849	0.236362
-0.66935	0.389025
-0.332574	0.255609
-0.376029	0.520623
-0.213073	-0.0992961
-0.0283893	-0.726693
-0.940944	-0.370214
-0.289119	0.142556
-0.84317	0.0684157
-0.419484	0.254606
-0.549849	0.44565
-0.126163	0.414127
0.84071	0.437426
-0.788851	-0.789656
-0.0175256	0.48256
-0.256528	0.421846
-0.082708	0.0925292
0.0693844	0.652527
-0.2348	0.463934
-0.886625	-0.592986
-0.777988	0.364476
-0.354302	-0.0743894
-0.777988	-1.0168
0.330114	0.356964
-0.951808	-0.4168
-0.2348	0.0895423
-0.00666181	0.252217
-0.962671	-0.367686
-1.02785	-1.03862
-0.93008	-1.22954
-0.919216	-0.63574
-0.799715	-0.504913
1.05799	0.360197
-0.66935	-0.46919
-0.517258	0.261101
-0.625895	0.23278
-0.712805	-0.0195841
-0.897489	-0.761075
-0.919216	-0.948973
0.254068	0.526251
-0.75626	0.371984
-0.908353	-0.247041
0.0802482	0.255204
3.54578	0.194697
-0.376029	0.839474
-0.854034	-0.250482
-0.528122	0.715683
-0.919216	0.483397
0.547389	0.352268
0.634299	0.266439
-0.951808	-1.35455
0.612572	0.343281
-0.940944	-0.922412
-0.723669	-1.27465
0.449616	0.118804
-0.365165	0.366698
-0.386893	-0.43129
-0.908353	-0.423931
-0.951808	-0.877854
-0.995263	-0.42681
-0.484667	-0.328633
0.0259294	-0.0583972
1.94881	0.605106
0.0693844	0.932117
0.460479	-0.000522334
-0.32171	0.294123
-0.897489	0.223818
-0.66935	-0.417117
0.536525	-0.117503
2.45941	0.326699
-0.84317	-0.903036
2.38336	0.111175
4.30625	0.529833
0.0693844	0.0657243
-0.908353	-0.536515
-0.039253	0.610454
-0.484667	-0.171428
-0.40862	0.4055
-0.386893	0.0718275
-0.32171	0.0498425
4.01292	0.524367
1.36217	0.308974
-0.104436	0.391207
1.37303	-0.220713
-0.832306	-0.311736
-0.571577	0.0501098
0.112839	-0.823057
-0.213073	0.204285
-1.01699	-1.40559
-0.832306	-0.968056
-0.897489	-0.473871
-0.691078	0.316949
0.0259294	0.0905188
-0.767124	0.439495
-0.75626	-0.234336
2.67668	0.415659
2.00313	0.213746
-0.854034	-0.173647
2.15522	0.871894
-0.93008	-0.832952
-0.419484	-0.620103
0.178022	0.302197
-0.386893	-0.128411
-0.310847	-0.970958
-0.473803	0.456794
-0.2348	0.529775
0.862438	0.251112
-0.452075	-1.09424
-0.615032	0.479031
-0.66935	0.516996
-0.484667	0.34741
-0.256528	0.421846
0.0476569	-0.722428
-0.104436	-0.79466
0.873302	0.213285
0.286659	-0.210218
-0.137027	-0.404179
-0.365165	0.0946079
0.525662	-0.0674097
-0.082708	-0.281463
-0.126163	-0.315943
-0.2348	0.238727
-0.0609805	0.634337
0.569117	0.25497
0.286659	0.0745954
0.482207	0.577564
1.64463	0.276352
0.721209	0.086626
-0.962671	-0.504779
0.319251	0.235659
-0.278255	0.430766
0.645163	0.479169
-0.777988	-0.615279
-0.886625	-0.512846
0.101976	0.61116
-0.832306	0.380098
-0.66935	-0.374456
-0.158754	0.548968
-0.93008	-0.0473674
-0.810579	-0.726733
-0.2348	0.0300556
-0.625895	0.479916
0.156294	0.105253
0.0802482	0.0261173
-0.788851	0.409712
-0.984399	-0.514187
-0.864898	-0.554537
-0.810579	-0.518341
1.22094	0.246907
-0.647623	0.501868
-0.278255	0.730481
-0.93008	-0.750201
-0.462939	-0.0962417
0.308387	-0.124395
-0.0718443	0.630034
0.395297	0.374018
-0.0935718	0.179101
0.558253	0.142927
0.873302	0.417406
0.221477	-0.0510905
0.971075	-0.26099
-0.734533	0.297739
0.00420194	0.423653
-0.984399	-0.762188
-0.58244	-0.528229
-0.245664	0.128419
0.656027	0.0452935
-0.0935718	0.608975
-0.462939	-0.049968
0.351842	-0.241795
-0.832306	0.177831
0.981939	0.0806799
-0.712805	0.447282
0.960212	0.486111
0.916757	0.205299
-0.908353	-0.342702
1.23181	0.374776
1.52513	0.302594
0.57998	-0.288563
0.84071	0.251608
-0.940944	-0.109416
-0.14789	0.0494056
-0.93008	-1.15937
2.39423	0.551479
-0.788851	0.584411
-0.832306	-0.560878
-0.452075	-0.543283
0.92762	-0.0492653
-0.962671	-0.44837
1.75326	0.279812
-0.267392	0.216054
1.90536	0.791681
-0.93008	-1.29563
0.101976	0.293944
1.45994	0.148027
0.340978	0.610958
-0.636759	0.308564
-0.84317	0.581617
-0.245664	0.439285
0.0259294	-0.320932
1.00367	0.26591
-0.908353	0.336628
3.07864	0.393374
1.22094	0.240678
-0.137027	0.476029
-0.712805	-0.149444
-1.00613	-0.779596
-0.039253	0.393655
0.449616	0.213265
-0.951808	-0.977556
0.612572	0.289184
0.167158	0.0720956
0.938484	-0.0228262
-0.93008	0.0714721
-0.940944	-0.228434
-0.397757	0.351005
-0.66935	-0.0952647
0.167158	0.423281
-0.0935718	0.0399669
-0.0283893	-0.00908335
-0.886625	-0.25813
-0.788851	0.121312
-0.386893	0.314153
-0.984399	-0.520071
0.232341	0.332745
0.145431	0.0478607
1.15576	0.361489
-0.788851	-1.14833
0.167158	0.0852887
-0.267392	0.245484
0.721209	-0.334851
-0.93008	-1.43617
-0.2348	0.354926
0.395297	0.359134
-0.343438	0.498019
0.156294	-0.741931
-0.973535	-0.668614
-0.104436	-0.57309
-0.571577	0.412723
-0.908353	-1.60687
0.188886	0.385319
-0.701941	0.249572
-0.484667	0.306732
3.46974	0.54134
-0.343438	0.182805
0.0911119	0.213544
1.54685	0.364638
-0.245664	0.362342
1.53599	0.268412
-0.995263	-0.66407
-0.712805	-0.171991
2.07918	0.423371
-1.00613	-0.399435
0.0150657	-0.0158263
-0.66935	0.800057
-0.191345	0.395134
-0.397757	-0.0187719
-0.0609805	-0.252436
0.710345	-0.0120732
0.362706	-0.0623271
-0.506394	0.156049
-0.180482	-0.128297
3.46974	0.651579
0.862438	0.251112
-0.810579	-0.703118
0.123703	-0.050352
-0.93008	0.315538
0.775528	-1.09566
-0.538985	-0.339312
0.797255	0.428503
-0.549849	0.326206
-0.777988	-0.0791904
-0.995263	-0.358741
-0.452075	0.028614
-0.419484	-0.921649
-0.528122	-0.568721
-0.691078	0.101195
0.449616	0.222379
0.873302	-0.00299484
0.623435	0.718738
-0.962671	0.296108
-0.712805	-0.785978
0.199749	0.520184
0.905893	0.24297
-0.951808	-0.460519
-0.712805	0.336089
-0.2348	0.174705
0.243204	0.463052
-1.01699	0.457459
-0.93008	-0.505187
-0.919216	-0.0761069
-0.897489	-0.00666278
0.330114	0.58259
-0.430348	-0.178532
1.16662	0.552621
-0.832306	-0.475661
-0.571577	0.162798
-0.66935	0.475503
0.188886	0.148253
0.851574	0.573025
-0.680214	-0.296719
-0.571577	0.0834159
3.20901	0.447557
0.677754	0.50507
-0.66935	-0.416326
-0.854034	-0.0894209
-0.821443	-0.246539
-0.886625	-1.12734
-0.810579	0.0924362
-0.734533	0.366479
1.68808	0.57638
-0.886625	0.0774544
-0.0283893	0.0392042
0.199749	0.265905
-0.506394	-0.480523
-0.712805	-0.99098
1.28612	0.557987
0.862438	0.453928
-0.919216	0.336722
1.68808	-0.0429094
-0.180482	-0.227728
0.503934	0.388005
-0.636759	-0.252013
0.721209	0.291185
-0.115299	0.429625
-0.940944	-0.525434
-0.854034	0.367089
-0.810579	-0.00200691
0.677754	0.243002
-0.767124	0.297392
1.47081	0.270602
-0.202209	-0.104559
-0.93008	-0.792266
-0.365165	0.466976
-0.864898	-1.56425
1.39476	0.497642
-0.397757	-0.081265
-0.2348	0.205851
-0.875761	-0.514044
-0.0501168	-0.985529
2.98087	0.769909
2.52459	0.401028
-0.984399	0.110454
-0.180482	0.132639
-0.897489	0.123672
1.05799	0.46429
0.0367932	0.248791
-0.115299	-0.126372
-0.919216	-0.160632
-0.365165	0.38431
0.275796	0.223206
-0.66935	0.234551
0.362706	0.651044
0.210613	0.517709
-0.528122	0.376802
0.210613	0.32266
-0.810579	-0.874093
-0.940944	-0.267767
-0.854034	-0.793903
4.67561	0.51215
1.17749	0.282136
-0.506394	-0.608009
-0.462939	-0.159054
0.905893	0.445867
-0.701941	-0.151047
0.525662	-0.670783
-0.14789	0.338347
0.558253	0.230659
-0.647623	0.0850342
0.362706	0.180227
-0.919216	0.362432
-0.386893	0.487906
-0.104436	0.422169
-0.788851	-0.521365
1.70981	0.609151
0.395297	-0.716456
1.18835	-0.260601
-0.462939	0.126955
0.0476569	0.219398
-0.593304	-0.348996
-0.49553	-0.137599
-0.712805	0.326165
-0.452075	-0.290033
-0.832306	-0.964486
0.514798	0.492768
-0.386893	-0.809477
0.134567	0.305853
-0.32171	0.28262
0.84071	0.0714205
-0.528122	-0.544404
0.438752	0.279031
-0.082708	0.332149
0.145431	0.519461
0.178022	0.331636
-0.973535	-1.05772
1.28612	0.705196
-0.701941	-0.285554
-0.365165	0.016382
1.10144	-0.400555
-0.604168	-0.52726
-0.788851	-0.123638
0.406161	-0.244111
0.525662	-0.1434
0.677754	0.076302
-0.821443	-0.342861
-0.419484	-0.208727
-0.636759	-0.78729
-0.712805	-0.299399
-0.213073	-0.425385
1.52513	0.757829
0.0476569	-0.116978
-0.14789	0.604791
-0.745396	-0.830104
-0.538985	0.428755
-0.299983	0.678577
-0.169618	0.0565197
-1.03872	-0.120057
-0.115299	0.0957709
-0.940944	-0.0467378
-0.745396	-0.467366
-0.604168	-0.00263721
0.0802482	0.314565
-0.528122	0.538257
1.55772	0.0553326
1.13403	0.291097
-0.593304	-0.39616
1.66636	0.441102
1.55772	0.590209
-0.875761	-0.10203
-0.788851	-0.0156567
-0.832306	-0.372449
-0.0175256	0.11899
-0.560713	0.141228
1.17749	0.282136
0.264932	-0.532747
-0.799715	-0.520271
-0.386893	-0.478544
-0.625895	0.157047
-0.354302	0.512518
-0.0935718	0.290905
0.395297	-0.461987
-0.995263	-0.29268
-0.473803	0.36875
-0.940944	-0.0687515
0.188886	0.442266
-0.223937	0.349955
-0.951808	-0.348778
0.851574	0.344825
-1.00613	-0.779596
-0.484667	0.366492
-0.604168	-0.155988
-0.93008	-0.342883
-0.84317	-0.034949
0.319251	0.311068
-0.202209	0.171062
-0.821443	-0.788367
2.35077	0.14907
-0.712805	0.320732
-0.940944	0.633603
-0.897489	-0.629171
-0.93008	-0.69137
-0.40862	-0.34681
0.210613	0.530771
-0.115299	0.0931291
2.56805	0.434744
2.23127	0.773123
-0.2348	0.0941474
-0.0501168	0.300277
-0.745396	-0.901269
-0.00666181	0.442053
-0.462939	-0.142617
-0.386893	0.278534
-0.875761	-0.964782
-0.256528	0.252899
1.52513	0.327432
1.17749	0.0938335
-0.984399	-1.17211
-0.995263	-1.08586
0.688618	0.557958
-0.821443	-0.622695
-0.386893	0.305452
-0.0935718	0.496131
-0.897489	-1.0364
-0.940944	-0.604399
-0.93008	0.250502
-0.278255	0.527165
4.27365	0.534205
0.199749	0.520184
-0.517258	0.0382849
-0.647623	-0.289655
-0.75626	-0.416876
0.199749	0.404385
-0.039253	0.404487
0.243204	-0.0436748
-0.832306	-0.464481
0.645163	0.0919769
0.590844	0.122259
-0.864898	-0.360811
0.286659	0.614395
1.23181	-0.100586
1.07971	0.175241
-0.419484	-0.439807
-0.202209	0.109991
-0.593304	0.344458
0.384433	-0.297819
0.514798	0.393596
-0.615032	-0.186299
-0.712805	-0.484762
3.27419	0.399215
-0.788851	-0.619192
-0.169618	-0.300646
-0.245664	0.389092
0.123703	0.0878382
-0.886625	-1.15438
-0.908353	-0.800067
3.42628	0.881843
0.417024	0.0651221
0.123703	0.604681
-0.354302	-1.58845
-0.962671	-1.04916
-0.376029	-0.0520538
-0.897489	-0.705761
0.0367932	0.461126
-0.289119	-0.269797
-0.549849	-0.361417
1.6229	0.686599
0.112839	-0.0382023
-0.126163	-0.131119
-0.93008	-0.376128
-0.169618	0.50906
-0.625895	0.190858
0.178022	0.156746
-0.0718443	-0.143811
0.243204	0.131214
0.895029	0.0320537
-0.962671	-0.599797
-0.854034	-0.13124
-0.886625	-0.300638
-0.93008	-0.942974
1.25353	0.299442
0.0150657	0.235735
-0.821443	-0.348861
-0.202209	-0.143861
0.188886	0.163892
-0.40862	0.157395
0.199749	0.512604
-0.169618	0.470159
2.83964	0.307052
-0.93008	0.0326213
0.873302	0.73487
0.0476569	0.512119
0.438752	0.694423
-0.940944	-1.09644
0.101976	0.255185
-0.919216	-0.176335
-0.886625	-0.716171
-0.419484	-0.160883
-0.691078	-0.165655
-0.430348	0.38224
1.48167	-0.115824
-0.49553	-0.295736
-0.886625	-0.789706
-0.908353	-0.38223
-0.734533	-0.940524
-0.126163	0.231383
0.525662	0.0599389
-0.691078	-0.665667
-0.745396	0.450857
0.438752	-0.477998
-0.32171	0.046943
-0.919216	-0.87635
-0.299983	-0.0243813
0.406161	0.453338
-0.604168	-0.527486
0.884165	0.480746
-0.951808	-1.62533
-0.213073	-0.212579
1.02539	0.37421
-0.647623	-0.677021
-0.821443	0.0556644
0.775528	-0.0680724
-0.973535	-0.104445
-0.691078	0.0519891
0.438752	0.50643
-0.636759	-0.113595
-0.593304	0.390255
-0.332574	0.562648
-0.723669	-0.0516785
-0.636759	0.0759178
0.243204	0.463052
1.67722	0.526255
-0.832306	-0.0728984
0.797255	-0.0149482
-0.712805	0.425794
-0.84317	-0.572827
0.732073	0.481689
-0.2348	0.395802
-0.245664	-0.282026
0.167158	0.179437
0.199749	0.391088
0.547389	0.136577
-0.104436	0.354003
0.0585207	0.209436
0.938484	0.157747
-0.854034	-0.243383
0.514798	-0.303383
1.61204	0.45329
0.101976	0.329014
-0.777988	-1.08929
0.199749	-0.222568
-0.864898	0.395737
0.438752	0.329517
-0.256528	-0.421707
-0.104436	-0.0431089
-0.832306	0.153373
-1.03872	-0.307094
3.23073	0.664649
-0.799715	-0.414008
-0.538985	-0.484086
-0.082708	0.384411
-0.354302	0.48856
0.0693844	0.260082
0.677754	0.562358
-0.897489	-0.675903
-0.560713	-0.422302
0.123703	0.127279
-0.875761	0.298653
3.66528	0.314175
0.569117	0.421912
-0.973535	-0.0465981
1.05799	-0.054633
-0.93008	0.518656
0.330114	-0.176533
-0.875761	-0.414398
-0.973535	0.122142
0.188886	0.163892
-0.104436	0.16849
-0.223937	-0.0251253
0.710345	-0.0120732
-0.810579	-0.884606
-0.0718443	0.330559
3.43715	0.461795
-0.995263	-0.758779
0.57998	0.556395
-0.810579	-0.370488
-0.723669	-1.49196
-0.462939	-0.0563002
-0.93008	0.288757
0.134567	0.387761
2.89396	0.338335
0.145431	0.347541
-0.799715	-0.994459
2.48114	-0.203825
-0.962671	-0.346809
-0.767124	-0.702907
0.00420194	-0.694485
-0.810579	-0.361637
-0.115299	0.139645
0.330114	-0.573738
-0.864898	-0.533871
-0.636759	-0.770057
0.590844	-0.119345
0.438752	0.31613
1.64463	0.419478
-0.267392	-0.636949
-0.0718443	-0.0349097
0.797255	0.175866
0.232341	0.638508
0.0802482	-0.108132
-0.430348	0.199227
-0.93008	-0.384152
0.112839	0.193034
0.895029	-0.737723
-0.615032	0.37031
-0.723669	0.465292
-0.506394	0.160632
-0.213073	0.325053
0.612572	0.106706
-0.897489	0.116134
0.0476569	-0.0221334
-0.00666181	-0.118798
1.1123	0.167048
-0.104436	0.411104
-0.788851	-0.668096
0.57998	0.0900008
-0.940944	0.55575
-0.995263	-0.110655
0.0259294	0.480994
2.27472	0.369986
-0.625895	0.118695
1.28612	0.675108
-0.799715	-0.332413
-0.995263	-0.645916
3.0026	0.505384
-0.202209	-0.130619
-0.821443	-0.6207
2.50286	0.576346
-0.32171	0.122839
0.199749	0.258609
-0.40862	-0.717947
-0.278255	0.427698
0.949348	0.803587
-0.647623	0.0842113
2.492	0.676558
0.362706	0.535884
-0.604168	-0.832239
0.275796	0.144586
-0.213073	0.413078
-0.658487	-0.227094
-0.93008	-0.484054
-0.158754	-0.0815885
1.09058	0.350106
-0.506394	-0.269906
-0.528122	0.0522042
-0.973535	-0.317681
-0.528122	-0.336124
-0.332574	-0.873453
0.634299	-0.0231849
-0.973535	0.440991
-0.636759	-0.305304
-0.245664	0.0201123
0.297523	0.13833
1.1449	-0.077938
1.61204	-0.0761169
-0.854034	-0.886408
-0.0283893	0.363912
-0.734533	-0.84367
2.66582	0.645474
-0.256528	0.236164
-0.951808	-0.678851
0.525662	-0.00307557
-0.799715	-0.935514
0.145431	0.111007
-0.571577	0.38362
0.438752	0.155614
-0.875761	-0.460205
3.29592	0.502777
0.417024	-0.5498
1.32958	0.331935
0.156294	0.468469
1.1449	0.359242
0.84071	-0.151667
-0.169618	-0.0921561
-0.875761	-0.119681
-0.267392	0.496007
-0.58244	0.455782
-0.58244	0.0694232
-0.2348	-0.251421
-0.180482	0.463297
-0.734533	-1.28609
-0.908353	-0.567528
0.92762	0.276208
-0.397757	0.173415
0.438752	0.31613
0.0259294	0.504052
-0.940944	-0.134801
-0.452075	0.477244
0.460479	0.176514
-0.49553	0.300022
-0.354302	-0.185208
-0.84317	-0.954788
-0.082708	0.147668
0.851574	-0.107963
-0.32171	-0.00415754
-0.278255	0.297301
2.70927	0.64742
2.68755	0.452397
2.33991	0.254818
-0.104436	-0.0452871
0.384433	0.0786442
0.00420194	0.450912
0.786392	0.0404615
-0.908353	0.396446
-0.538985	0.340192
-0.723669	0.334634
-0.951808	-0.908626
1.1449	0.374808
1.87277	0.21512
-0.84317	-0.454176
-0.875761	0.0222896
0.590844	0.74369
0.112839	0.307123
-0.940944	-0.549862
-0.84317	-0.663553
0.525662	0.183255
-0.386893	0.607273
-0.549849	0.184173
-0.745396	-0.779163
1.13403	0.443072
-0.00666181	-0.158521
-0.788851	0.101199
0.417024	0.117257
-0.854034	-1.05299
0.362706	0.445634
-0.93008	-0.590341
-0.299983	0.274624
2.38336	0.211106
-0.549849	-0.376113
1.80758	0.411584
1.55772	0.499149
-0.517258	0.30126
-0.767124	-0.467652
-0.897489	-0.705761
1.87277	0.211825
-0.376029	-0.507015
0.427888	0.0933272
-0.376029	0.165253
-0.691078	0.220858
-0.875761	0.414346
-0.082708	-0.0520704
1.04712	-0.308505
0.286659	0.278976
-0.940944	-0.397797
-0.191345	-0.0914208
-0.984399	-0.648651
-0.93008	-0.280118
-0.310847	-0.32261
-0.365165	0.339256
-1.01699	-0.227903
0.590844	-0.0222525
-0.84317	-0.0417079
0.536525	0.0157268
0.49307	0.577627
0.569117	0.576899
1.25353	-0.189681
0.362706	0.283637
3.05691	0.601315
2.62236	0.685556
-0.213073	-0.439981
-0.104436	0.481295
-0.419484	0.401524
0.884165	0.585736
1.06885	-0.0628999
0.634299	0.219298
-0.777988	-1.04947
-0.289119	0.293853
0.7538	0.27772
-0.14789	0.596943
-0.984399	0.0958887
-0.256528	-0.204603
-0.93008	-0.365573
-0.593304	0.0766987
-0.560713	0.510591
-0.723669	0.315129
-0.788851	0.307211
-0.745396	0.551237
0.775528	-0.00272379
0.178022	0.357285
-0.115299	0.0180913
-0.506394	-0.349169
-0.604168	0.303096
-0.777988	0.557244
-0.202209	0.0237881
0.0693844	0.350292
-0.886625	-0.0853601
0.167158	0.26475
-0.528122	-0.157227
0.0476569	-0.246582
-0.799715	-0.493235
-0.430348	-0.633659
-0.00666181	-0.655307
0.503934	0.00431822
0.0802482	-0.00390667
-0.571577	0.398027
-0.93008	-0.499459
0.656027	0.645541
0.112839	0.260925
-0.84317	-0.355483
-0.777988	-0.833389
-0.810579	-0.668627
0.286659	0.310001
-0.745396	-1.08778
-0.886625	-1.88172
-0.919216	-0.0127687
0.525662	0.392758
-0.571577	0.414191
-0.517258	-0.403875
1.03626	0.34294
-0.213073	-0.328037
0.66689	0.299153
-0.886625	-0.56382
0.656027	-0.204679
-0.995263	-0.162389
-0.223937	0.61504
-0.40862	0.165564
-0.386893	0.42465
0.167158	0.423281
3.46974	0.441933
0.395297	0.331551
-0.995263	0.211042
-0.788851	-0.544555
-0.919216	-0.101929
-0.32171	0.330662
-0.919216	0.048457
-0.202209	0.315156
0.286659	0.365622
-0.777988	-0.200856
-0.886625	0.317274
-0.386893	-0.486771
-0.66935	0.416755
-0.191345	0.311726
0.254068	-0.355808
2.00313	0.170998
-0.647623	-0.127164
-0.158754	0.383984
-0.897489	-0.357529
0.612572	0.355196
-0.680214	0.263004
-0.821443	-0.415249
-0.191345	0.423189
-0.462939	0.488084
-0.712805	-0.624237
0.818983	0.377683
-0.93008	-0.673429
-0.701941	0.141402
-0.397757	0.53616
-0.332574	0.0720304
0.558253	-0.286515
0.167158	0.58166
-0.484667	-0.0260988
2.1335	0.573685
2.20954	0.233747
0.645163	0.405731
-0.919216	-0.634549
-0.484667	-0.0241146
-0.256528	-0.619796
-0.0175256	-0.93824
-0.506394	-0.465609
-0.810579	-0.635639
-0.0175256	-0.029806
-0.66935	-0.20482
-0.908353	0.253092
-0.0501168	0.300277
-0.951808	-1.00864
0.547389	0.484458
-0.886625	-0.0258248
1.12317	0.100559
-0.082708	-0.0520704
-0.32171	0.0520148
-0.777988	-0.187652
-0.777988	-0.522747
0.427888	0.110974
-0.940944	-0.218651
0.395297	0.41631
-0.202209	-0.114713
-0.680214	-0.778116
-0.984399	0.36737
-0.680214	0.374016
-1.01699	-0.633965
0.373569	0.245196
0.0150657	0.154777
-0.386893	0.292052
-0.919216	-0.542359
-0.767124	0.199873
-0.821443	0.40592
-0.289119	0.440217
-0.832306	0.00434285
-0.549849	0.194007
1.02539	0.389874
2.65496	0.510569
-1.00613	-1.17354
-0.625895	0.469555
-0.701941	0.22441
-0.984399	-0.617964
-0.75626	0.271205
-0.180482	0.163991
0.786392	0.559045
0.427888	0.00691402
-0.734533	-0.362597
-0.58244	0.315447
1.84017	0.645155
0.0693844	0.189464
-0.32171	-0.129727
-0.821443	0.303983
-0.49553	-0.298012
0.471343	-0.208485
-0.571577	-0.0773245
1.34044	0.212179
-0.14789	-0.119952
0.688618	-0.255556
-0.908353	0.434727
0.0911119	0.552812
-0.126163	-0.0616906
-0.93008	0.405018
-0.875761	-0.411161
-0.84317	-0.747794
0.243204	-0.423005
0.0585207	0.29454
-0.66935	-0.666211
-0.875761	-0.828283
0.199749	0.27556
-0.897489	0.0884903
-0.332574	0.246202
-0.701941	0.554173
-0.636759	-0.200281
0.232341	0.531851
-0.0609805	-0.202114
-0.854034	-0.951905
0.710345	0.60156
1.84017	0.300014
-0.777988	0.313756
0.49307	-0.14803
-0.832306	0.0244994
-0.647623	0.291888
-0.897489	0.266307
-0.680214	-0.0164817
-0.940944	-0.46917
-0.973535	-0.91385
-0.647623	-0.369239
2.26386	0.206772
-0.832306	-0.0429827
1.85104	0.0013898
-0.560713	-0.337193
-0.647623	0.237144
-0.636759	0.0524019
-0.962671	-0.772548
0.134567	0.502839
-0.995263	-0.768169
-0.940944	-0.627255
1.15576	-0.41361
-0.984399	-0.239489
0.601708	0.450316
-0.571577	0.305894
-0.278255	-0.370452
-0.75626	0.0974261
1.15576	0.204818
0.112839	0.18751
-0.897489	0.0638518
-0.723669	-0.741553
-0.593304	-0.160313
-0.267392	-0.981157
0.710345	-0.0120732
-0.973535	-0.877444
-0.506394	0.0729751
-0.680214	-0.111015
1.68808	0.507097
-0.169618	0.587341
0.384433	0.322537
-0.777988	0.531311
-0.419484	-0.297252
-0.49553	-0.130582
0.66689	-0.220876
0.460479	0.0104546
-0.419484	-0.0931181
-0.777988	-0.273648
-0.777988	-0.181796
-0.506394	-0.518336
0.297523	0.287013
-0.549849	-0.470974
-0.908353	-1.12954
-0.984399	-0.66524
-0.299983	-0.187009
-0.691078	-0.234641
3.05691	0.308253
0.286659	0.122065
0.00420194	0.230844
1.44908	0.523757
0.232341	0.036057
-0.0175256	0.248537
-0.0175256	0.204155
-0.712805	-0.527046
-0.973535	-0.951871
-0.289119	0.0162074
1.9814	0.57058
-0.528122	0.250332
-0.940944	-0.29759
-0.397757	-0.0376961
-0.767124	-0.53093
-0.908353	-1.08791
3.98033	0.451534
-0.810579	-0.326251
-0.0501168	-0.169568
-0.213073	0.328245
-0.615032	-0.623742
-0.680214	-0.0165269
-0.973535	0.0584777
0.0259294	-0.462709
-0.788851	-0.0413481
-0.745396	-0.120852
-0.549849	-0.425523
0.232341	0.161158
-0.430348	0.0570461
-0.0718443	0.472927
-0.452075	0.130629
-0.538985	0.192953
-0.973535	-0.19826
-0.962671	-0.756095
-0.473803	0.713084
-0.256528	0.255462
0.210613	0.203843
-0.604168	0.137888
-0.767124	0.348321
-0.0718443	0.0685991
-0.58244	-0.167573
-0.386893	-0.0641491
0.0911119	0.306357
-0.767124	0.464667
-0.810579	-0.664034
-0.897489	0.215229
-0.745396	-0.899527
1.00367	0.187453
1.27526	0.333483
0.57998	0.459789
-0.712805	0.090702
-0.419484	-0.347829
1.2644	0.424978
0.905893	-0.357267
-0.821443	-1.11061
-0.832306	-0.49478
1.19921	-0.258723
-0.723669	0.197125
-0.604168	0.225647
-0.560713	-0.413157
0.384433	0.399175
-0.506394	0.368619
-0.506394	0.033878
-0.289119	0.3532
0.330114	0.667031
1.28612	-0.846913
-0.310847	-0.463176
-0.788851	-0.664384
-0.484667	-0.13651
-0.473803	0.138037
-0.680214	0.356616
-0.897489	-0.567465
0.938484	0.509889
-0.462939	0.492262
0.49307	0.359687
-0.137027	-0.21584
-0.897489	-0.0304746
-0.886625	0.102445
-0.376029	0.291276
1.52513	0.555546
-0.58244	0.278345
0.243204	-0.559222
-0.604168	-0.32095
0.0911119	0.33664
0.0150657	0.43914
-0.886625	-0.203607
-0.0283893	-0.164661
-0.821443	-1.01455
-0.191345	0.338429
0.460479	0.0653893
0.971075	0.216198
0.7538	0.176741
-0.636759	-0.263172
-0.854034	-0.519578
-0.126163	-0.202129
-0.93008	-1.08302
-0.213073	0.230683
2.09004	0.621179
-0.951808	0.132564
-0.919216	-1.31257
0.873302	0.283982
-0.886625	-0.141827
-0.647623	-0.289091
-0.962671	-0.868809
0.362706	0.0577886
-0.137027	-0.468202
-0.93008	-0.497016
-0.919216	0.10802
-0.962671	0.166216
0.297523	0.723751
-0.810579	-0.326791
-0.180482	0.0616151
0.66689	0.380755
1.99227	0.0607148
-0.973535	-0.8668
0.797255	0.323217
0.732073	0.316687
-0.00666181	0.461
-0.821443	0.129738
-0.908353	-1.28832
-0.376029	0.270597
-0.430348	-0.329095
-0.93008	-0.500335
-0.517258	0.228001
0.167158	0.453872
2.32904	0.731293
-0.93008	-0.032061
-0.919216	-0.570126
0.438752	0.0539799
-0.0609805	-0.581787
-0.951808	-0.167912
-0.658487	-0.304005
1.60117	0.363125
-0.625895	-0.105491
1.21008	0.267626
1.18835	0.181537
0.688618	0.605172
-0.256528	-0.221281
-0.137027	-0.0309305
0.264932	-0.0785627
-0.126163	0.142958
0.0476569	0.353369
-0.919216	-0.398597
-0.897489	-0.0517769
-0.984399	-0.558286
0.938484	0.15391
0.0150657	0.563413
-0.940944	-0.555714
4.03465	0.473399
-0.658487	-0.0703742
-0.0175256	0.416549
-0.734533	-0.656967
0.0911119	0.172378
-0.223937	0.16497
2.74187	0.471903
-0.14789	0.471544
-0.267392	-0.149619
-0.538985	0.514942
-1.00613	-0.399435
-0.0935718	0.267411
1.29699	0.412572
-0.734533	0.387571
-0.538985	-0.590507
-0.528122	0.0516258
-0.810579	-0.0651101
0.417024	-0.0210763
1.37303	0.491511
3.23073	0.782321
-0.767124	0.371186
-0.615032	0.473551
0.330114	0.42645
-0.951808	-0.830722
-0.84317	-0.616897
0.547389	0.428128
-0.788851	-0.326156
-0.995263	-0.288782
0.84071	0.25309
0.395297	-0.0758687
-0.484667	-0.235732
0.286659	0.628301
0.101976	0.170047
1.54685	0.377989
-0.126163	0.268664
0.395297	0.64843
-0.854034	0.349611
3.10037	0.712205
-0.0718443	0.0182822
0.0802482	0.106381
-0.723669	0.434814
-0.180482	0.556836
-0.875761	-0.185068
2.01399	0.531164
0.384433	0.245158
-0.897489	-0.00998522
0.0259294	0.376199
-0.039253	-0.00953297
0.873302	0.213285
-0.039253	-0.0942919
1.99227	0.0607148
2.11177	0.589715
0.656027	-0.204679
-0.452075	0.377969
-0.376029	0.131445
-0.528122	-0.525118
-0.00666181	-0.52677
-0.864898	-0.146806
-0.528122	-1.37171
1.23181	0.368516
0.601708	-0.00981195
-0.908353	-0.790398
-0.799715	-0.94153
-0.832306	-0.708784
-0.777988	-0.410093
0.49307	-0.32333
-0.354302	0.0237157
4.09983	0.730556
-0.386893	-0.224656
0.547389	-0.186161
-0.49553	0.057194
-0.299983	-0.610281
0.112839	0.418331
1.51426	-0.0180558
-0.908353	-0.468954
-0.549849	-0.645683
-0.886625	0.261351
-0.180482	0.3124
1.92708	0.0257917
2.14436	0.784382
-0.995263	0.451608
-0.462939	0.282763
-0.788851	-0.516528
0.167158	0.0907223
-0.560713	0.0521921
1.37303	0.418404
0.112839	0.439822
-0.951808	-0.652213
-0.180482	0.515243
0.384433	0.337026
0.275796	0.28274
2.66582	0.39034
-0.32171	0.369413
0.0802482	0.344565
-0.202209	0.266892
-0.430348	-0.348303
-0.32171	0.663565
-0.854034	-0.112198
0.0802482	0.00418695
-0.332574	0.207441
0.0693844	-0.674176
2.24213	0.384458
-0.940944	0.29829
-0.484667	0.462039
-0.821443	-0.759767
-0.223937	-0.042084
-0.701941	-0.121384
1.03626	0.757404
-0.767124	-0.494038
-0.310847	0.306682
-0.908353	-0.293644
1.66636	0.381267
-0.376029	-0.194759
-0.158754	-0.798575
0.0802482	0.274609
0.221477	0.126266
-0.419484	0.24967
-0.864898	-0.523253
0.199749	0.338519
-0.14789	0.542894
0.732073	0.306589
0.0476569	-0.22609
-0.419484	0.773115
-0.256528	-0.00385677
-0.940944	-0.0025546
1.18835	0.389753
-0.691078	0.277392
-0.332574	-0.223008
-0.386893	0.22885
-0.680214	0.240335
-0.864898	-0.813838
-0.973535	-0.745204
0.949348	0.486565
0.221477	-0.118111
-0.506394	-0.00214009
-0.169618	0.176724
-0.745396	-0.560875
2.11177	0.646011
-0.2348	0.136894
-0.397757	0.568627
-0.538985	0.187684
0.829847	0.109111
0.49307	0.465535
-0.984399	-0.863515
0.449616	-0.977385
-0.691078	-0.642203
-0.854034	0.544947
-0.517258	0.49409
-0.962671	-0.868809
0.612572	0.570504
-0.940944	-0.488578
-0.256528	0.286272
-0.213073	0.455659
0.00420194	0.162316
3.18728	0.802165
-0.441212	0.348772
-0.00666181	0.693571
2.22041	0.632833
-0.158754	0.248169
-0.560713	-0.947149
-0.473803	0.590032
0.178022	0.0177237
-0.213073	0.48789
-0.995263	-0.732317
-0.723669	-0.136769
-0.191345	0.100949
-0.995263	0.201237
0.308387	0.507944
-0.419484	0.432216
-0.419484	-1.46209
2.35077	0.813992
1.52513	0.120808
-0.658487	-0.108518
-0.158754	-0.127264
0.362706	0.564572
-0.560713	-0.142467
-0.593304	-0.659334
-1.00613	-0.623519
-0.625895	-0.269168
0.699482	0.427938
-0.810579	-0.272715
0.427888	0.385857
-0.299983	0.583169
-0.777988	0.134265
-0.84317	-0.663553
0.623435	0.153516
1.49254	0.775199
0.503934	0.37177
-0.14789	0.203912
-0.0718443	0.030968
0.0259294	0.192275
-0.604168	-0.615495
1.79672	0.715932
-0.419484	-0.253795
0.134567	0.702366
-0.126163	0.020456
-0.528122	-0.00830075
-0.40862	0.358374
-0.354302	0.153566
-0.104436	-0.129796
-0.560713	0.596685
-0.126163	0.717827
-0.886625	-0.722341
-0.93008	-0.153401
0.297523	0.288183
0.178022	0.694728
-0.777988	0.502086
-0.84317	-0.951237
-0.473803	0.23075
0.417024	0.117257
0.49307	0.317339
0.199749	0.520184
-0.962671	-0.912644
-0.984399	-0.694479
-0.897489	0.191957
-0.0935718	0.143227
0.482207	0.566693
-0.745396	-0.345656
-0.875761	-0.100072
-0.0283893	-0.598041
-0.875761	-1.59107
-0.32171	0.111089
0.438752	0.473255
-0.691078	-0.13879
-0.691078	0.126653
-0.332574	-0.0716472
-0.0609805	0.232055
-0.75626	-0.154782
-0.299983	0.379291
-0.00666181	0.235132
-0.310847	0.487996
-0.745396	0.0108973
0.0150657	-0.137569
0.905893	0.247065
1.41649	0.338796
0.427888	0.429796
-0.745396	-0.0722767
-0.658487	-0.0941422
-0.940944	-1.14497
-0.441212	0.106455
-1.00613	-0.290928
0.884165	0.5423
4.17588	0.460647
-0.647623	-0.0578704
-0.832306	-0.895402
0.558253	0.0965795
2.18781	0.52943
-0.528122	0.206465
-0.810579	-0.770111
-0.951808	-0.338259
-0.658487	0.546817
1.23181	0.374776
0.438752	0.370793
0.949348	0.485211
0.57998	0.164007
-0.104436	-0.0875852
-0.940944	-0.15316
1.04712	0.304215
-0.452075	0.275665
-0.549849	0.355814
2.35077	0.52288
-0.267392	0.382936
-0.821443	-0.559051
-0.788851	-0.44405
0.362706	0.392897
1.1449	-0.477224
-0.723669	-0.883964
1.81845	0.637467
-0.310847	0.0745037
-0.278255	0.578494
-0.299983	0.12676
-0.538985	0.172515
2.53545	0.434761
-0.691078	-0.131198
-0.169618	0.429254
-0.538985	0.0266956
0.612572	0.504203
-0.126163	-0.0827141
0.612572	0.578895
-0.723669	-0.455372
-0.919216	0.492046
-0.289119	0.362042
1.68808	0.385346
1.1123	0.109608
-0.777988	0.235884
1.87277	0.43966
-0.984399	0.278349
-0.864898	-1.56425
-0.256528	0.362593
0.471343	0.431348
-0.625895	-0.283672
-0.940944	-0.214972
0.764664	0.651833
-0.951808	-0.827878
0.112839	0.353387
-0.310847	0.178404
-0.00666181	0.693571
-0.984399	-0.516588
-0.213073	-0.552346
-0.940944	-0.723369
-0.897489	-0.514781
0.938484	0.0789365
-0.886625	-0.481686
0.829847	0.529661
-0.0283893	0.143488
1.1123	-0.170764
-0.995263	0.356004
-0.897489	-0.232043
-0.082708	-0.0212049
-0.223937	0.429779
-0.84317	0.43748
2.77446	0.36486
0.84071	0.437426
0.243204	0.56033
1.06885	0.379304
-0.310847	-0.384191
-0.278255	0.00453877
-0.158754	-0.0512683
-0.767124	-0.119214
0.916757	-1.09974
-0.777988	-0.528382
0.645163	-0.0141023
-0.951808	0.246333
-1.00613	0.202555
1.1123	-0.0288329
-0.940944	-1.08533
1.17749	-0.101087
-0.397757	0.371142
0.732073	0.163545
-0.680214	-0.140458
-0.213073	-0.0718504
-0.484667	0.709958
0.188886	-0.0315771
-0.49553	0.135
-0.658487	-0.720146
-0.0935718	0.0827129
-0.821443	0.521988
-0.462939	0.496672
-0.039253	0.304062
0.210613	0.263176
-0.940944	-0.78687
-0.104436	-0.0390314
-0.962671	0.176208
0.525662	0.367257
0.243204	0.259936
-0.821443	-0.0109593
-0.886625	0.562496
-0.875761	-0.731884
-0.2348	0.789369
-0.169618	0.192607
-0.799715	-0.528556
0.00420194	0.375405
1.04712	0.323069
-0.66935	0.496789
0.0802482	-0.111028
-0.538985	0.360079
-0.126163	0.28608
1.03626	-0.243203
-0.397757	-0.606571
-0.289119	-0.0817104
-0.419484	0.0631979
-0.506394	0.275838
2.67668	0.49216
-0.995263	-0.150383
1.15576	0.421514
-0.995263	-0.291262
-0.528122	0.308493
0.243204	0.0301993
0.134567	0.42908
-0.571577	0.179759
-0.126163	0.21651
0.438752	0.711288
1.2644	0.0127639
0.297523	0.392855
-0.995263	-1.06613
-0.267392	0.328215
-0.343438	-0.437013
-0.636759	0.0826355
-0.995263	-0.417826
0.536525	0.137995
-0.962671	-0.441285
-0.951808	-0.673551
0.710345	0.200573
1.1449	0.431726
-0.32171	-0.217063
-0.984399	0.110454
1.00367	0.185532
-0.0283893	0.247014
0.0911119	-0.218855
-0.886625	-0.906953
1.60117	-0.0753862
-0.973535	-0.499552
0.395297	0.450509
-0.701941	0.212792
-0.799715	0.101468
1.25353	0.152441
0.721209	0.301497
-0.343438	0.18075
-0.343438	-0.505466
0.471343	0.394199
-0.680214	0.443214
-0.506394	-0.956357
0.699482	0.49753
-0.636759	0.293363
-0.734533	0.0653603
-0.908353	0.265658
0.395297	0.102235
-0.615032	0.217304
-0.32171	0.248337
-0.886625	0.378106
1.69895	0.547612
-0.788851	-0.182953
-1.02785	-0.489297
0.221477	0.448905
0.340978	0.552556
1.48167	0.206627
-0.082708	0.0244776
-0.571577	0.0936169
-0.506394	-0.608009
-0.973535	-0.651585
-0.734533	-0.997721
-0.528122	-0.573937
-0.0935718	0.550949
0.710345	0.171815
-0.777988	-0.0712882
0.112839	0.25668
-0.441212	0.106351
-0.777988	0.360343
0.210613	0.327026
-0.593304	0.241122
-0.0609805	0.367271
-0.647623	-0.408288
1.72067	0.327562
-0.919216	-0.410105
-0.951808	-0.570752
-0.473803	-0.461097
1.34044	0.554949
-0.180482	0.517114
1.28612	0.344304
-0.777988	-0.8803
-0.376029	0.19702
-0.40862	0.442356
-0.908353	0.371827
1.52513	-0.24636
-0.636759	-0.655735
-0.951808	-0.665051
0.134567	-0.354129
-0.875761	-0.762418
0.167158	0.280364
-0.832306	-0.506795
-0.919216	-0.234895
1.47081	-0.0800957
-0.973535	-0.912766
0.732073	0.556381
-0.919216	-0.346571
-0.799715	-0.150233
1.57945	0.112868
-0.908353	-0.00371748
-0.615032	-0.84362
-0.886625	-0.172596
-0.267392	0.426992
-0.213073	-0.158536
-0.58244	-0.537227
2.1335	0.573685
0.156294	0.283884
0.188886	-0.0767529
0.0802482	0.28299
-0.919216	-0.528553
-0.723669	-0.355719
-0.832306	-1.0236
2.48114	0.703471
3.86083	0.541395
0.0911119	0.627009
-0.962671	-0.746977
-0.897489	-1.01722
-0.875761	-1.07015
1.55772	0.457514
-1.00613	-0.226136
-0.082708	0.416752
0.558253	0.668912
0.178022	-0.885198
0.460479	0.425878
-0.625895	-0.219924
-0.821443	-0.518587
0.634299	0.495025
-0.777988	0.249993
-0.951808	-0.189382
-0.0609805	0.396715
-0.299983	-0.477521
1.09058	0.248262
-0.767124	-0.739523
-0.821443	-1.14588
-0.2348	-0.324748
-0.875761	-0.932749
-0.680214	-0.549997
-0.66935	0.389025
0.156294	-0.0637277
-0.104436	-0.17496
0.0150657	0.451654
-0.299983	0.602369
-0.430348	0.151418
-0.984399	-0.810578
0.156294	0.357198
-0.864898	-0.944171
-0.506394	0.236862
0.112839	-0.0497432
-0.560713	0.455374
-0.636759	0.0762618
-0.734533	-0.214671
2.30732	0.409261
0.438752	0.0539799
-0.908353	-1.81038
-0.191345	-0.0914208
-0.299983	-0.343035
0.482207	0.709482
-0.310847	0.245113
-0.560713	0.674353
0.0367932	0.473584
-0.821443	-0.903629
-0.365165	0.69442
-0.854034	-0.165895
1.05799	0.273896
-0.571577	0.527154
3.64356	0.671813
-0.180482	0.241455
-0.0175256	-0.402588
-0.723669	-0.336878
3.84997	0.515837
-0.625895	0.376616
-0.169618	0.265413
-0.734533	-0.624014
-1.01699	-0.693821
0.134567	-0.718113
1.44908	0.22392
-0.701941	0.235681
0.286659	0.297239
-0.832306	-0.588566
1.61204	0.73069
0.145431	0.473939
-0.0283893	0.233853
-0.310847	0.232336
-0.158754	0.240528
-0.2348	0.349701
2.42682	0.581176
1.27526	0.241247
0.503934	0.0801085
-0.658487	-0.548219
-0.32171	0.63275
-0.821443	0.151643
-0.517258	-0.525078
-0.549849	-0.5945
-0.0935718	0.270022
-0.745396	0.460003
-0.995263	-0.42681
-0.84317	0.58226
-0.799715	-0.241786
-0.169618	-0.161442
-0.854034	-0.659156
1.17749	0.401099
-0.897489	-0.0983655
-0.647623	0.520837
-0.452075	-0.568644
-0.723669	-0.380415
1.32958	0.425122
-0.84317	-0.0887774
-0.701941	0.559385
1.41649	0.0656871
0.0476569	0.354631
-0.875761	-0.619254
0.0585207	-0.462116
-0.636759	0.0412002
-0.691078	0.513842
1.72067	0.167167
0.786392	0.672872
2.57891	0.32289
-0.571577	0.464142
0.656027	-0.397897
0.482207	0.31452
-0.712805	-0.528467
0.145431	-0.108165
-0.897489	0.366573
1.64463	0.521645
-0.777988	0.187486
-0.962671	-0.208132
1.04712	0.663969
0.721209	-0.0233109
0.775528	0.233577
0.112839	0.0281032
-0.419484	0.24888
-0.951808	-0.374875
-0.940944	-1.20821
-0.777988	-0.557218
1.79672	-0.0218637
0.656027	0.380413
-0.538985	-0.716573
0.688618	-0.278019
0.0911119	0.273558
1.15576	0.355153
2.95914	0.657183
0.134567	-0.413194
-0.66935	-0.119056
1.55772	0.751779
0.645163	0.275619
-1.03872	-0.72452
0.514798	0.0783235
-0.995263	-0.461235
-0.973535	-0.805928
0.558253	-0.000672575
-0.897489	-1.28121
-0.973535	-1.05772
-0.00666181	-0.27684
-0.571577	0.447294
0.503934	0.449374
0.525662	0.0721137
-0.93008	-0.930071
-0.919216	-0.552802
-0.723669	-0.0787697
-0.039253	0.340832
-0.984399	-0.397136
-0.951808	-0.373074
-0.788851	0.440822
-0.810579	0.302347
-0.0718443	0.0221828
-0.137027	0.0687928
0.514798	-0.126688
0.156294	0.575775
1.57945	0.442694
-0.962671	-0.724346
-0.908353	-0.333313
0.449616	0.64306
0.0911119	0.361378
0.482207	0.554401
-0.256528	0.38671
-1.00613	-0.308679
0.351842	0.565182
-0.701941	0.287787
-0.691078	-0.0100682
0.775528	0.471055
0.210613	0.329316
-0.593304	0.363301
0.0150657	-0.0790984
-0.680214	0.522713
1.73154	0.54875
0.330114	0.0869074
0.818983	-0.228141
2.39423	0.562941
-0.430348	-0.0477282
-0.365165	-0.0744118
0.199749	0.190049
-0.386893	-0.465902
-0.973535	-0.766171
-0.289119	-0.14005
-0.376029	-0.471549
0.482207	0.539618
-0.919216	0.00939268
1.27526	0.511606
0.558253	0.284516
0.829847	0.11115
-0.593304	0.426895
0.286659	-0.0917746
-0.0175256	-0.0446837
2.43768	0.595686
-0.984399	-0.516588
-0.158754	-1.08312
-0.0935718	-0.304279
-0.962671	0.29112
-0.691078	0.0821581
-0.082708	-0.971901
0.00420194	0.395062
0.286659	-0.552155
0.275796	0.492041
-0.680214	-0.00534332
-1.01699	-1.6412
-0.691078	0.114206
-0.832306	-0.353597
0.264932	0.321428
0.0150657	0.0984955
1.89449	0.0936963
-0.951808	-0.232213
-0.191345	0.24365
-0.299983	0.473477
-0.691078	-0.468812
1.34044	0.643862
-0.995263	-0.848418
-0.49553	0.311318
-0.84317	-0.451895
-0.919216	0.320454
-0.452075	-0.543283
-0.397757	-0.117839
0.0802482	0.014266
-0.462939	-0.324204
-0.712805	-0.667861
-0.430348	0.423846
-0.767124	-0.779794
-0.951808	-0.35841
1.1123	0.436882
1.51426	0.605425
-0.886625	-0.400557
-0.14789	-0.425123
-0.213073	0.206121
-0.604168	0.128889
-0.864898	-0.764277
-1.00613	-0.571843
-0.49553	0.453639
-0.419484	0.37713
-0.32171	0.393279
0.297523	-0.150386
-0.49553	0.11789
-0.0609805	-0.36843
0.721209	0.0872315
2.28559	0.177927
-0.658487	-0.66958
3.66528	0.526537
1.10144	0.73953
0.319251	0.643168
-0.940944	-1.16324
0.275796	0.55737
-0.962671	0.400506
1.22094	0.452839
-0.462939	0.345988
4.02379	0.512854
0.710345	0.197696
0.656027	0.197616
-0.897489	-0.970683
-0.560713	-0.0828564
-0.886625	-0.0361092
-0.973535	-0.247705
0.0150657	0.260764
0.308387	0.400264
-0.777988	0.0635721
-0.66935	-0.104783
-0.528122	-0.596214
-0.14789	-0.489046
-0.973535	-0.340899
-0.973535	-0.405148
-0.886625	-0.225374
-0.886625	-0.416643
0.134567	-1.17699
-0.93008	0.10457
0.0911119	-0.337145
2.43768	0.632426
-0.897489	0.0579851
0.971075	-0.0123341
-0.84317	-0.527537
0.764664	0.459756
-0.0718443	0.388424
0.797255	0.440335
-0.278255	0.214016
-0.14789	-0.303405
-0.680214	-0.770212
0.221477	-0.49282
-0.0609805	0.135087
-0.419484	0.22709
1.94881	0.409437
-0.278255	0.387458
-0.245664	0.158703
2.58977	0.0926318
-0.180482	0.623983
-0.332574	0.161682
-0.223937	-0.208033
-0.528122	-0.00525926
3.15469	0.436418
0.134567	0.548716
0.275796	0.340734
-0.430348	-0.0576991
-0.799715	-0.669558
-0.32171	0.125089
1.27526	0.396585
-0.2348	0.0222738
-0.854034	-0.793903
0.243204	0.273892
-0.343438	-0.549036
-0.604168	-0.0926526
-1.00613	-0.633793
0.0585207	-0.380135
-0.93008	-0.336793
0.449616	0.306579
0.167158	0.270853
0.254068	0.728872
-0.723669	0.15707
-0.712805	-0.428839
-0.2348	-0.346545
-0.810579	-0.577014
-0.680214	-0.0118083
-0.365165	0.374509
-0.973535	-0.317681
-0.821443	0.281975
1.25353	0.658822
0.286659	0.345934
0.199749	0.27556
-0.919216	-1.06657
1.1449	0.32526
4.19761	0.572555
-0.973535	-0.712008
-0.908353	-0.747211
-0.680214	0.326662
-0.604168	-0.745136
0.558253	0.322844
0.232341	0.0756882
0.178022	-0.364691
-0.908353	-0.378872
0.0367932	0.576171
5.30571	0.69719
-0.397757	0.149183
2.01399	0.283166
-0.973535	0.0714754
-0.821443	-0.64835
-0.506394	0.315097
0.525662	0.424488
0.645163	-0.0842042
-0.115299	-0.140337
2.55718	0.440584
-0.701941	-0.482291
0.178022	-0.39198
0.601708	-0.145039
0.275796	-0.724965
-0.58244	0.232126
-0.506394	-0.0599795
-0.462939	0.382143
0.264932	0.255679
0.112839	0.70908
-0.462939	-0.164854
0.178022	-0.241464
-0.897489	-1.04037
1.48167	-0.0969463
-0.0175256	0.375727
0.340978	0.212525
-0.452075	0.512565
0.156294	0.384457
1.05799	0.0417107
-0.419484	0.440523
0.514798	0.0999279
0.417024	0.594242
-0.951808	0.0705091
4.25193	0.528231
0.101976	0.116648
0.536525	0.439089
-0.854034	-0.773703
0.384433	0.567527
-0.908353	-0.628424
-0.854034	-0.605044
-0.897489	-0.310386
-0.919216	-0.0905792
-0.343438	-0.363752
0.0693844	-0.34783
0.00420194	-0.410048
-0.908353	-0.762564
-0.897489	-0.372612
-0.571577	0.0936169
1.51426	0.369714
0.362706	0.564572
4.4692	-0.122076
-0.647623	0.276564
-0.680214	-0.681907
-0.962671	-0.714415
0.710345	0.267557
1.32958	0.169052
0.558253	0.162987
-0.723669	0.269775
0.188886	0.449605
-0.734533	0.0886805
0.167158	0.591566
0.569117	-0.0695293
-0.984399	-0.81516
-0.712805	0.0529665
0.525662	0.59683
-0.506394	0.704808
-0.973535	-0.515239
2.02486	0.483074
-0.419484	-0.240705
-0.908353	-1.13918
0.362706	0.389048
-0.0718443	-0.167573
-0.528122	-0.275547
0.0802482	0.357316
-0.14789	0.608926
-0.202209	-0.00644485
1.05799	0.152745
1.55772	0.206954
-1.01699	-0.806608
-0.310847	0.0981234
0.373569	-0.664147
2.81791	0.597173
-0.777988	0.126498
0.645163	0.30366
0.427888	0.202885
1.51426	0.492832
-0.84317	0.321074
-0.549849	0.102109
-0.712805	0.296299
-0.93008	-0.450447
-1.02785	-0.487853
-0.799715	-0.127306
1.42735	0.531752
-0.658487	-0.710898
-0.202209	0.504638
-0.32171	0.206551
2.80705	0.0749741
0.503934	0.825691
-0.962671	-1.19377
-0.484667	-0.225726
-0.14789	0.245809
0.862438	-0.0992335
-0.712805	-0.925773
2.52459	0.298571
-0.00666181	0.252217
-0.386893	0.463614
1.59031	0.854421
0.264932	-0.0327155
-0.810579	-0.116198
-0.256528	0.554657
0.210613	0.0653528
-0.647623	-0.468981
1.87277	0.409262
-0.93008	-1.61342
0.612572	-0.0671926
-0.951808	0.0362224
-0.289119	0.554534
0.210613	-0.931132
0.0693844	0.622443
-0.2348	-0.458276
-0.962671	-0.548268
0.319251	0.152139
0.721209	-0.334851
0.449616	0.337421
0.384433	0.078922
0.112839	-0.52483
-0.245664	-0.0605031
-0.278255	0.40545
-0.940944	-0.256814
3.67615	0.810061
0.938484	-0.31432
-0.745396	-0.719128
0.0802482	0.281585
2.1009	0.409245
-0.701941	-0.0690636
-0.462939	0.0461707
-0.919216	-0.183411
-0.75626	0.160819
-0.691078	-0.223065
-0.940944	-0.285265
-0.940944	0.0973542
-0.310847	0.103648
-0.538985	0.41015
0.00420194	0.326839
-0.169618	0.211624
-0.0283893	0.408121
0.536525	0.35199
-0.962671	0.232413
0.210613	0.345787
0.373569	0.322851
1.06885	0.332518
0.308387	-0.634519
-0.202209	0.103606
0.384433	0.370536
1.1449	0.38197
-0.973535	0.111725
1.76413	0.577737
-0.299983	-0.0329227
-0.691078	-0.160782
-0.332574	-0.163929
0.601708	0.279383
-0.58244	-0.678138
-0.0175256	0.233901
0.916757	-0.156179
0.742937	0.053267
-0.777988	0.0826715
-0.897489	-0.166173
-0.137027	0.241568
-0.875761	0.492156
0.710345	-0.189869
-0.75626	0.321507
0.797255	-0.0224565
-0.940944	0.0519508
-0.951808	-0.271339
-0.430348	0.393252
-0.32171	-0.000828159
-0.126163	0.581576
1.48167	0.552421
-0.452075	-0.755226
-0.115299	0.338337
-0.506394	0.326663
-0.984399	0.110504
-0.995263	-0.343459
-0.832306	-0.341745
2.57891	0.18291
0.558253	0.261112
-0.397757	-0.242577
-0.343438	0.515199
1.60117	0.100538
-0.549849	-0.403554
-0.0718443	0.748211
-0.506394	-0.192602
-0.658487	0.270508
-0.00666181	0.0310726
-0.973535	-0.260796
-0.191345	-0.261382
-0.788851	-0.537732
0.895029	0.167918
0.66689	0.0839008
-0.462939	-0.430046
-0.332574	0.508517
1.06885	0.534725
-0.875761	-0.137265
-0.734533	-0.0387746
-0.951808	-0.454882
-0.897489	0.264452
0.178022	-0.236308
0.971075	0.30165
-0.310847	0.644645
-0.810579	-0.488972
1.84017	0.219502
-0.84317	0.126403
0.873302	0.149579
-0.560713	0.361643
-0.299983	0.274624
-0.940944	-1.04879
0.199749	-0.246514
1.49254	0.227522
0.297523	-0.150386
-0.919216	-0.533843
1.06885	0.366283
-0.723669	-0.115111
-0.169618	0.237841
-0.571577	0.551731
-0.0609805	-0.132676
-0.40862	0.442356
0.818983	-0.184702
-0.082708	0.390459
0.427888	0.083419
1.29699	0.746274
-0.517258	-0.545042
-0.84317	-0.0594487
-0.919216	-1.80542
-0.202209	0.343295
-0.332574	-0.267805
0.656027	0.0856924
1.89449	0.470465
0.0476569	-0.0676203
-0.897489	-0.388669
-0.00666181	0.055566
0.0259294	-0.158502
0.362706	-0.0498883
-0.701941	0.0611419
-0.560713	0.255162
1.64463	-0.318324
0.884165	0.161154
1.66636	-0.0724393
1.40563	0.349336
-0.767124	0.738165
0.362706	0.664331
-0.0935718	0.393467
-0.169618	0.165419
-1.02785	-0.852061
-1.04958	-0.957485
0.699482	0.414815
-0.940944	-0.609297
-0.441212	-0.0919148
-0.886625	0.144725
-0.940944	-0.306601
-0.32171	-0.575947
-0.810579	-0.0152614
-0.951808	-1.08069
-0.777988	-0.107798
-0.788851	-0.50694
2.32904	0.237081
-0.126163	0.1021
-0.528122	-0.0601275
0.775528	0.383632
-0.0609805	-0.139011
-0.40862	0.509964
0.862438	0.271584
-0.299983	0.078227
-0.821443	-0.0693606
-0.908353	-0.804668
-0.223937	-0.225565
-0.0501168	-0.297078
-0.962671	-1.2615
1.53599	0.456959
1.00367	0.473654
-0.538985	-0.66365
1.54685	-0.17907
3.52406	0.315038
-1.03872	-0.323662
-0.223937	0.152584
0.623435	0.111976
0.0367932	0.239371
0.525662	0.59683
1.48167	-0.501273
-0.658487	0.321453
0.503934	-0.233662
-0.310847	-0.108105
-0.647623	-0.138144
2.43768	0.536318
3.39369	0.474289
-0.973535	-0.228134
-1.00613	-0.800599
-0.897489	-1.48111
-0.93008	-0.821696
-0.734533	0.390973
0.916757	0.0990556
0.0585207	0.379083
-0.517258	-0.124483
-0.441212	0.317428
-0.343438	-0.574754
0.949348	0.341438
-0.636759	0.395395
-0.00666181	0.28999
0.0693844	0.289585
0.905893	0.630304
0.0911119	-0.218855
-0.115299	0.371197
2.19868	0.54493
-0.00666181	0.565018
0.384433	0.0733321
-0.777988	0.0840198
-0.680214	-0.188169
0.829847	0.634503
-0.875761	0.157818
-0.777988	-0.531845
1.66636	-0.0724393
-0.386893	0.286886
-0.723669	-0.0423504
0.438752	0.529222
1.02539	0.524959
-0.245664	0.327118
0.156294	0.142395
-0.40862	0.451654
-0.386893	0.176515
0.417024	0.466388
-0.332574	-0.240509
0.547389	0.284334
-0.777988	-0.0814498
1.02539	0.543986
-0.365165	-0.255853
0.275796	-0.51254
0.156294	-0.469794
2.60064	0.362487
-0.365165	0.406859
-0.343438	0.498901
1.77499	0.475763
-0.66935	0.385562
-0.278255	0.301269
-0.875761	-0.23706
0.92762	0.521114
-0.571577	0.453
-0.84317	0.126616
0.373569	0.340436
0.558253	0.261112
-0.886625	-1.07972
1.42735	-0.128067
-0.995263	-0.265258
-0.343438	-0.309516
-0.267392	0.513239
-0.647623	-0.445233
-0.940944	0.0388398
-0.897489	-0.561339
-0.66935	0.324427
-0.875761	0.163485
-0.886625	0.307045
-0.506394	-0.243502
-0.940944	-0.532834
1.48167	0.249107
0.384433	-0.204685
0.00420194	0.355708
-0.647623	0.223409
-0.908353	-0.334653
-0.571577	0.381456
-0.973535	-1.39198
0.167158	0.330649
2.22041	0.632833
0.775528	0.36178
5.60989	0.681596
-0.441212	-0.707389
-0.810579	0.330683
-0.560713	-0.196589
0.0476569	0.20883
-0.571577	0.510926
0.243204	-0.22663
-1.01699	-0.584081
-0.875761	-0.521045
0.406161	0.453829
1.30785	0.364581
-0.832306	0.202132
1.32958	0.380677
-0.452075	0.0646807
-0.104436	-0.0137593
0.0367932	0.298447
0.112839	-0.446521
-0.137027	-0.322005
0.340978	0.246005
-0.419484	0.380094
-0.593304	-0.400048
1.21008	0.0870147
-0.169618	-0.501038
-0.788851	-0.0172572
0.134567	0.621409
-0.908353	-0.238711
-0.343438	0.322836
0.569117	0.581094
-0.810579	-0.459738
-0.897489	-0.0100607
0.514798	0.40515
-0.919216	-0.743185
0.449616	0.142977
1.17749	0.440414
-0.169618	0.352545
-0.723669	-0.928849
0.340978	0.410913
2.68755	0.34765
-0.897489	-0.0404135
0.134567	0.0630138
0.0476569	0.40016
0.167158	0.346913
0.612572	-0.16836
1.05799	0.558637
-0.864898	-0.332524
-0.0718443	0.0561595
-0.354302	0.551197
-0.973535	-0.832951
3.11123	0.362402
0.992803	0.314699
-0.864898	0.0549295
-0.680214	-0.155857
-0.854034	-0.346463
3.04605	0.380437
0.449616	0.0428115
0.0585207	0.179934
1.39476	-0.118181
-0.32171	-1.02672
-0.0718443	0.603548
-0.180482	-0.192183
-0.213073	0.370853
1.9814	0.700219
-0.75626	-0.0893726
-0.799715	0.39913
-0.126163	0.11675
0.732073	0.0917061
-0.506394	0.0406948
0.514798	0.296768
-0.593304	0.231688
-0.625895	0.283776
0.688618	0.188172
-0.0609805	-0.254221
-0.376029	0.350492
0.123703	0.1095
-0.462939	0.152301
0.101976	-0.292094
0.742937	0.320247
-0.245664	0.0144012
-0.723669	-0.569344
-0.180482	-0.301525
-0.082708	0.199787
-0.104436	0.25438
-0.158754	-0.644059
-0.58244	-0.342385
1.91622	0.436793
0.949348	-0.374402
-1.00613	0.24604
-0.767124	0.247747
4.53438	0.597109
-0.332574	-0.14018
-0.864898	0.454957
-0.376029	-0.748299
-0.658487	-0.360518
1.64463	0.404224
-0.0935718	0.727103
-0.625895	-0.339534
-0.430348	0.381746
-0.615032	0.179816
-0.506394	0.203123
-0.484667	-0.258734
1.25353	-0.0636803
-0.973535	-0.945419
-0.452075	0.246107
0.199749	0.233101
-0.832306	0.414293
1.9814	0.350715
0.536525	0.402836
1.34044	0.166256
0.873302	0.271862
-0.984399	0.0863063
1.12317	0.511092
-0.821443	-0.967009
0.460479	0.481864
0.742937	-0.537815
1.79672	0.223405
-0.973535	-0.636513
-0.2348	0.238727
-0.462939	0.487601
0.721209	-0.295225
-0.560713	0.0255051
-0.712805	0.0567785
0.0259294	0.0277623
-0.126163	0.326835
-0.788851	0.417982
-0.897489	0.437157
2.18781	0.0706096
1.81845	0.736184
0.634299	0.308489
-0.788851	0.423691
2.03572	0.0908281
0.156294	0.502773
-0.560713	0.0799537
-0.104436	0.359602
-0.745396	-0.762428
-1.00613	-0.0801554
0.645163	-0.0227603
0.178022	0.661023
-0.919216	-1.21181
-0.528122	0.307552
-0.104436	0.144303
-0.93008	-0.100746
-0.00666181	0.473967
1.1449	0.0183698
0.0367932	-0.249585
-0.658487	-0.268823
-0.951808	0.292955
0.0259294	0.0958118
0.808119	0.140499
-0.58244	0.048323
-0.430348	0.384108
-0.538985	0.155429
-0.875761	-0.0586479
-0.245664	0.385062
-0.14789	0.552119
0.656027	0.420418
-0.854034	0.396133
0.427888	0.804019
-0.289119	-0.453995
-0.84317	-0.205586
0.286659	0.153643
-0.365165	0.00616177
-0.299983	0.320088
0.178022	0.0561975
0.330114	0.103017
0.145431	0.205164
0.960212	0.436837
-0.951808	-0.607033
0.438752	0.616732
1.00367	0.435989
0.84071	0.168917
0.829847	0.694811
0.00420194	0.511144
0.199749	0.284766
0.340978	0.241836
-0.625895	-0.219313
1.37303	0.47596
-0.84317	-0.720921
-0.810579	0.114203
1.36217	0.568041
-0.93008	-1.61739
0.949348	0.41591
-0.462939	-0.0318421
-0.430348	-0.355901
1.22094	0.398185
-0.615032	-0.194165
1.24267	0.299579
0.134567	0.192381
-0.506394	0.249507
-0.310847	0.0573034
-0.517258	-0.987135
0.732073	0.6449
2.98087	0.406031
0.808119	0.268552
-0.680214	0.164406
0.395297	-0.529277
-0.680214	0.614178
-0.104436	0.522782
0.0911119	0.195719
1.43822	-0.0224895
-0.49553	0.0519257
-0.223937	-0.128207
-0.951808	-1.71038
0.0476569	0.572242
-1.00613	0.00994786
-0.777988	-0.298595
0.362706	-0.112112
3.29592	0.651828
1.43822	0.433489
-0.701941	0.330808
-0.299983	0.259923
-0.158754	0.315391
-0.886625	-0.300638
0.786392	0.550694
-0.832306	-0.666048
-0.615032	0.380962
0.460479	0.0966136
-0.462939	-0.799263
-0.473803	-0.351262
-0.202209	-0.808916
-0.376029	0.125231
4.59957	0.772321
0.699482	0.380501
-0.701941	-0.375536
-0.082708	0.401003
0.362706	0.616077
-0.940944	0.191031
-0.256528	-0.08991
-0.625895	0.174211
-0.289119	-0.114857
0.688618	-0.152792
-0.734533	-0.442092
-0.908353	-0.130631
0.721209	-0.108809
-0.386893	0.0330952
-0.701941	0.339581
-0.984399	-1.16878
-0.039253	0.482048
-0.00666181	0.461
-0.538985	0.0478333
1.22094	0.586471
0.514798	0.390265
-0.799715	0.584995
0.167158	0.146587
0.645163	0.496772
-0.832306	-0.149733
1.8619	0.0972491
-1.00613	-0.543883
-0.180482	0.178022
1.79672	0.664986
-0.788851	0.391228
-0.919216	-1.07514
-0.0718443	0.409526
-0.940944	-0.764408
-0.473803	-0.0927407
0.00420194	-0.0240954
-0.58244	-0.894923
-0.973535	-0.711497
-0.886625	0.147266
0.188886	0.0642031
-0.538985	-0.750745
-0.864898	-0.251461
0.0585207	0.29454
-0.32171	0.288839
-0.430348	0.677226
1.1123	0.329084
1.68808	0.795194
2.20954	0.0701484
1.48167	-0.0326541
1.44908	0.479465
2.09004	0.760205
-0.223937	0.213684
-0.951808	0.121377
0.634299	0.310816
-0.93008	-0.41925
-0.484667	-0.498604
-0.528122	0.298379
-0.00666181	0.418992
-0.777988	0.345358
-0.864898	-0.372819
1.3839	0.712495
-0.908353	-0.879731
-0.93008	0.138571
0.851574	0.701323
-0.940944	-1.05217
-1.00613	-0.766996
2.15522	-0.277
-1.00613	-0.268941
-0.365165	0.327086
-0.908353	-1.28832
0.0911119	0.148239
1.2644	0.69951
-0.93008	-0.314342
-0.723669	0.285154
-0.397757	0.0445519
0.808119	0.242192
-0.506394	0.466201
-0.0283893	0.350631
4.14329	0.727162
0.188886	0.177114
0.340978	-0.166315
0.732073	0.348791
-0.875761	-0.56044
-0.137027	0.711562
-0.680214	-0.893845
-0.528122	-0.842187
-0.712805	-0.481077
-0.571577	-0.451426
-0.256528	0.186539
0.0911119	0.155394
-0.84317	0.422591
-0.365165	-0.355005
0.0150657	-0.575773
-0.289119	0.0162074
-0.289119	-0.154909
0.112839	0.386175
-0.213073	0.273116
-0.680214	-0.330145
-0.723669	0.249031
-0.897489	0.127351
-0.84317	-0.56894
5.03412	0.175724
-0.93008	-0.613111
-0.397757	-0.0897659
0.232341	0.261262
0.0259294	-0.158502
0.884165	0.486529
-0.2348	0.431629
-0.821443	0.365601
-0.430348	0.425553
0.862438	0.248969
0.569117	0.300194
-0.615032	0.00801069
0.710345	0.2203
0.221477	-0.108677
0.178022	0.38616
0.243204	0.142411
-0.386893	0.264726
2.06831	0.635192
-0.386893	-0.106802
1.1123	0.432668
-0.538985	0.385003
-0.0501168	0.477678
-0.343438	-0.503277
0.395297	0.411075
-0.995263	-0.408675
-0.962671	-0.0410748
-0.908353	-0.577583
-0.93008	0.146878
-0.0609805	0.321244
-0.962671	-0.60846
0.101976	0.353053
-0.712805	-0.56391
-0.767124	-0.467852
-0.506394	0.198669
0.0150657	-0.300435
-0.267392	0.416369
-0.593304	-0.539262
0.699482	-0.181647
4.06724	0.553433
0.590844	0.527659
-0.397757	0.450302
-0.93008	-0.675271
1.25353	0.440829
-0.126163	0.596897
-0.0283893	0.367828
0.395297	0.568562
-0.854034	-0.668715
0.286659	0.482927
0.319251	-0.591515
0.395297	0.739747
4.02379	0.210535
-0.734533	-0.428792
0.134567	0.00511267
-0.886625	-0.481686
0.319251	0.434115
-0.517258	-0.24031
0.0693844	0.565898
0.601708	0.601182
0.384433	0.0524982
-0.854034	-0.0652563
-0.223937	-0.0369167
1.2644	0.306154
1.60117	0.629109
-0.951808	-0.511256
-0.169618	-0.336827
-0.104436	0.359602
-0.854034	-0.728904
-0.951808	0.589494
-0.397757	0.174571
0.417024	0.0306117
-0.571577	-0.177911
0.145431	0.134805
0.786392	0.655059
0.688618	0.105892
-0.734533	-0.360646
1.12317	0.255522
-0.517258	0.507679
-0.875761	-0.843774
0.503934	0.542497
0.0476569	0.289166
0.514798	0.685627
-0.940944	-1.32894
0.818983	0.271582
-0.343438	0.299672
-0.984399	0.340248
-0.723669	0.0241483
-1.00613	0.202555
-0.441212	-0.349267
-0.343438	-0.245638
0.895029	0.570953
2.58977	0.209912
1.55772	0.633382
-0.0175256	0.673185
2.09004	0.387203
1.75326	0.373964
0.275796	-0.313721
-0.940944	-0.902862
-0.441212	-0.30319
3.18728	0.146665
-0.951808	-0.750844
0.938484	0.210625
-0.886625	-0.889808
0.0367932	0.344816
-0.289119	0.358535
-0.658487	-0.184116
-0.625895	-1.49383
1.18835	0.329412
-0.615032	0.513668
-0.777988	-1.04946
-0.75626	0.066161
0.0693844	0.534313
1.16662	-0.379687
0.395297	-0.0616929
-0.104436	0.278675
-0.810579	-0.532129
-0.571577	-0.484949
3.9912	0.585356
-0.897489	-0.867321
-0.864898	0.572145
0.00420194	-0.574862
0.482207	0.113777
1.47081	0.267357
2.27472	0.297334
0.525662	0.392758
-0.93008	-0.17787
-0.213073	0.244448
-0.604168	-0.670036
-0.75626	-0.256565
0.916757	0.24323
0.808119	0.60426
1.73154	0.387355
-0.560713	0.345481
1.03626	-0.0825279
-0.0609805	0.427072
-0.691078	0.311066
-0.93008	0.297135
-0.49553	-0.257889
-0.940944	-0.555714
0.188886	0.418463
-0.712805	0.462521
-0.962671	-0.0603711
-0.84317	-0.034949
-0.995263	0.412575
-0.821443	-0.100159
-0.832306	0.00434285
-0.039253	0.382109
0.786392	0.308809
0.156294	0.491195
0.384433	0.0868272
-0.354302	0.186915
-0.734533	0.364123
-0.788851	0.201661
0.0802482	0.524466
-0.517258	-0.498469
-0.962671	-0.652889
-0.93008	-0.557309
-0.658487	0.17761
-0.0935718	0.371914
-0.256528	0.0942309
0.101976	-0.0969492
-0.14789	0.271316
-0.278255	0.359466
0.243204	0.319743
-0.832306	-0.538367
-0.767124	-0.0496537
1.19921	0.456777
-0.84317	0.0733852
-0.484667	0.462703
1.78586	0.295407
0.188886	0.0842598
1.24267	0.090447
-0.680214	-0.977755
-0.854034	-0.346887
-0.821443	-0.442842
0.351842	0.252901
-0.343438	-0.240201
-0.995263	-0.46859
0.0585207	0.414012
2.15522	0.0757348
-0.082708	0.298721
1.05799	0.18263
-0.538985	0.334601
0.601708	0.389187
-0.169618	0.50906
0.7538	0.588648
-0.810579	0.108095
-0.343438	-0.17244
-0.832306	-0.372449
0.00420194	0.456959
1.81845	0.0188266
-0.593304	-0.867124
-0.962671	-0.564306
-0.973535	-0.277699
0.0802482	0.721753
-0.256528	-1.00397
-0.267392	0.734294
-0.419484	-0.356706
-0.908353	-1.36948
-0.712805	-0.769579
1.09058	0.0544534
-0.104436	-0.649364
1.85104	0.114226
0.601708	0.147282
-0.777988	-0.690387
0.960212	0.336908
-0.680214	0.138972
2.44854	0.328149
-0.940944	-0.429049
-0.897489	0.355349
2.55718	0.255846
-0.115299	-0.0468108
-0.636759	-0.236027
-0.00666181	0.438468
-0.821443	-1.10448
-0.0175256	-0.029806
0.199749	-0.581854
-0.104436	-0.152711
1.78586	0.425755
-0.039253	-0.0795672
-0.777988	-0.0484268
-0.0935718	0.224989
0.645163	-0.226389
0.0911119	0.47915
-0.854034	-0.163733
0.308387	0.500983
-0.571577	-0.101649
-0.0283893	-0.0632569
-0.712805	-1.09407
2.76359	0.540702
-0.951808	-0.179525
-0.615032	0.359736
0.123703	-0.495392
-0.0718443	-0.129324
-0.289119	0.330633
-0.919216	-0.844504
-0.115299	0.0696659
-0.832306	0.620981
-0.506394	-0.556506
-0.343438	-0.830859
1.43822	0.497462
0.319251	0.323268
-0.0609805	0.409992
0.590844	0.364903
-0.701941	0.359172
-0.267392	-0.478001
-0.560713	-0.431638
1.1449	0.359242
-0.267392	0.330148
-0.14789	0.127808
1.43822	0.404099
-0.886625	-0.400575
0.254068	0.097722
-0.767124	-0.917124
0.710345	0.554912
-0.213073	-0.327026
-0.625895	-0.199163
-0.299983	0.216412
-0.58244	-0.332623
-0.397757	-0.255977
1.13403	0.389479
-0.777988	-0.263417
-0.549849	0.0654188
0.0476569	0.368082
0.417024	0.845242
-0.115299	-0.749954
-0.180482	0.566179
-0.984399	-0.592864
0.199749	-0.403401
-0.636759	-0.599354
-0.00666181	-0.233604
-0.691078	-0.379046
-0.886625	0.0123704
-0.734533	0.302213
0.319251	0.323268
-0.332574	0.211722
0.297523	0.354699
-0.115299	0.222248
-0.2348	-0.541289
-0.2348	0.321481
-0.897489	-0.0752264
-0.158754	0.16748
-0.473803	-0.141635
-0.560713	0.481737
0.00420194	0.0417921
-0.995263	-1.13507
-0.289119	-0.0975536
-0.93008	0.10738
-0.40862	0.486931
-0.691078	0.529622
0.66689	0.281526
-0.951808	0.298535
0.101976	0.528983
0.57998	0.544748
-0.625895	0.579798
1.12317	-0.27707
-1.01699	-0.583483
0.525662	0.48439
0.873302	0.327709
-0.919216	-0.733739
-0.908353	-0.0655408
-0.951808	-0.291813
1.7424	0.451524
0.645163	0.152245
-0.854034	-0.488558
-0.615032	0.306299
-0.082708	-0.520289
-0.354302	0.443701
0.634299	0.285223
0.536525	-0.00312851
-0.93008	-0.357855
-0.0283893	-0.115656
-0.908353	-1.70955
-0.951808	-0.177273
0.460479	-0.204409
-0.137027	0.513264
-0.0283893	0.349631
-0.039253	0.269371
-0.636759	-0.361697
-0.256528	0.21828
1.5034	0.0960288
-0.625895	0.492356
-0.560713	-0.621008
1.45994	0.381755
-0.864898	-0.612302
-0.332574	0.161682
2.35077	0.505952
-0.571577	0.276584
0.286659	0.354124
-0.571577	-0.101649
-0.517258	-0.454817
-0.951808	-1.31449
-0.473803	-0.132378
-0.854034	-1.38142
-0.213073	0.0178341
1.85104	0.495275
-0.940944	-1.21207
-0.788851	0.584411
0.145431	-0.309238
-0.430348	-0.354178
-0.734533	-1.285
-0.039253	0.379747
-1.00613	-0.614539
-0.386893	0.503539
0.808119	0.445303
-0.93008	-0.363963
3.89342	0.0441306
-0.973535	-1.05579
-0.386893	-0.106857
1.31872	0.539618
-0.875761	-0.21775
0.156294	0.390606
-0.951808	0.135369
-0.84317	-0.355483
-0.636759	-0.328364
-0.962671	0.106987
1.93795	-0.616272
-0.49553	0.446588
-0.940944	-0.491113
-0.549849	-0.690405
-0.897489	-0.314462
0.427888	0.216338
0.0150657	0.50157
0.319251	-0.339089
-0.376029	0.0286103
-0.864898	-0.836917
1.05799	0.128026
-0.0283893	0.168436
-0.538985	0.262836
-0.66935	-0.00141891
0.330114	0.350329
1.37303	0.269231
-1.03872	-0.665893
-0.864898	0.0784139
-0.799715	-1.12868
0.0585207	0.403521
2.65496	0.130571
0.0802482	-0.691701
1.6229	0.35619
0.0693844	0.257732
0.960212	0.438972
-0.560713	0.282727
-0.864898	0.080087
0.742937	0.446378
-0.962671	-0.155399
0.590844	0.432556
-0.984399	-0.617964
-0.104436	0.31625
-0.788851	-0.487092
-0.66935	-0.0982916
0.275796	0.175269
-0.712805	0.541681
-1.04958	-0.831365
1.70981	0.401153
1.07971	0.73108
0.634299	0.507831
0.221477	0.170619
0.254068	0.0606367
1.66636	-0.349283
-0.625895	-0.253641
-0.299983	-0.231664
1.1123	0.0513908
-0.223937	0.233622
-0.549849	-0.359409
-0.745396	-0.347185
-0.0935718	-0.120006
-0.712805	-0.239774
-0.354302	-0.339186
-0.58244	-0.216968
-0.93008	-1.07657
-0.919216	-0.714892
-0.49553	-0.269379
0.677754	-0.0979401
0.503934	0.390456
-0.788851	0.319501
1.27526	0.31507
0.0802482	0.180761
-0.441212	0.423694
-0.734533	0.390973
-0.430348	0.0375039
-0.854034	-0.394958
-0.875761	0.278113
-0.93008	-0.505187
0.275796	0.28274
0.656027	0.442752
2.35077	0.625982
-0.973535	-0.272517
-0.940944	0.206375
-0.875761	-0.146909
-0.832306	-0.723199
-0.767124	0.0392803
0.221477	0.166086
-0.680214	0.184333
-0.430348	-0.316841
-0.680214	-0.58295
0.742937	0.409696
-1.01699	-0.46127
-0.40862	0.0110867
0.981939	0.482574
0.601708	0.569197
0.916757	-0.152771
-0.191345	-0.0461269
-0.940944	0.3758
-0.973535	-0.272186
-0.962671	-0.492607
-0.0175256	-0.151007
-0.723669	0.317699
0.330114	-0.0715189
-0.104436	0.391207
-0.919216	-0.368479
2.1335	-0.0711932
-0.940944	-0.645059
0.569117	0.581327
-0.767124	0.487437
-1.02785	-0.33698
0.623435	0.412543
-0.32171	-0.507843
-0.245664	0.248881
-0.66935	-0.0805703
0.775528	0.447798
0.818983	0.632719
-0.32171	0.0277396
-0.875761	-0.534709
-0.0935718	0.330581
-0.625895	-0.329663
-0.832306	0.451671
-0.538985	0.351105
-0.58244	-0.538093
-0.517258	-0.748364
-0.126163	0.359892
-0.636759	0.0265308
1.55772	0.21271
-0.897489	-0.836581
3.37196	0.141349
1.41649	-0.239561
1.6229	0.426145
-0.734533	0.000219794
-0.701941	-0.655543
1.05799	0.558637
-0.310847	0.247975
-0.864898	-0.818278
-0.00666181	0.410433
-0.897489	-0.360825
0.57998	0.31912
0.00420194	-0.639028
-0.256528	0.684587
-0.430348	-0.144694
3.68701	0.632637
-0.93008	-0.363963
-0.832306	-0.895402
0.308387	0.164772
-0.93008	-0.691579
-1.02785	-0.603474
-0.0175256	0.00833993
0.438752	0.240302
-0.299983	0.467718
-0.104436	0.404633
0.482207	-0.52257
-0.886625	-0.21029
0.210613	0.293471
-0.278255	-0.0700567
0.330114	-0.462755
-0.886625	-0.62861
-0.213073	0.351911
-0.484667	-0.425038
1.8619	0.646351
-0.245664	0.238676
-0.332574	-0.113224
0.0150657	0.363055
-0.658487	0.190245
-0.517258	-0.013159
-0.223937	-0.042084
0.612572	-0.0687551
-0.84317	0.0317211
-0.821443	0.275595
-0.528122	0.565791
-0.397757	0.422303
0.862438	-0.216008
-0.49553	0.129741
0.156294	0.386366
-0.821443	-0.171448
-0.2348	0.557027
-0.712805	-0.404738
-0.84317	-0.182438
2.55718	0.435388
-0.701941	0.0545307
-0.908353	-0.91864
0.210613	-0.144788
-0.0501168	0.179285
-0.158754	0.459038
-0.745396	0.0487558
0.460479	0.502269
1.90536	0.261961
2.38336	0.137279
1.28612	0.557987
-0.93008	-0.477975
-0.604168	-0.444182
-0.332574	-0.12626
0.101976	0.181807
0.0150657	0.522825
-0.0175256	0.487253
-0.310847	0.461644
-0.40862	-0.188879
0.351842	0.196518
-0.14789	0.276642
-0.40862	0.203944
0.732073	0.600612
-0.734533	-0.150042
-0.767124	-0.506625
-0.951808	-0.897565
1.51426	-0.661807
1.13403	0.520106
0.0585207	0.43541
-0.40862	-0.851594
0.0150657	0.307392
0.199749	0.283277
-0.104436	0.505373
0.254068	-0.0439549
0.49307	0.326454
-0.202209	0.38266
0.938484	0.157747
-0.897489	-0.00998522
-0.430348	-0.200881
-0.299983	0.333217
6.00099	0.758733
1.99227	0.565314
2.81791	0.597173
-0.376029	0.407869
-0.571577	-0.144017
1.12317	0.0371315
-0.788851	0.139048
-0.75626	0.162257
1.7424	0.140658
-0.777988	0.214613
-0.854034	0.194651
0.873302	0.502292
-0.158754	0.50657
1.10144	-0.0960412
-0.691078	0.73705
-0.430348	0.0442358
-0.832306	-0.245959
-0.180482	-0.0138854
-0.126163	0.019919
-0.940944	0.365443
0.264932	0.1644
-0.462939	-0.331972
-0.691078	-1.35932
-0.58244	-0.441444
-0.984399	-0.985388
-0.658487	0.177503
-0.365165	-1.26388
0.0476569	0.265126
-0.506394	0.0879789
0.514798	0.132976
-0.908353	0.89086
1.29699	0.339093
-0.875761	-1.86208
-0.864898	-0.132517
0.319251	0.0274214
-0.886625	-0.746097
-0.58244	-0.563425
2.07918	0.35399
-0.354302	0.511664
-0.984399	-0.848952
-0.419484	0.0988109
0.264932	-1.045
0.199749	0.487708
-0.0283893	0.491749
1.41649	0.347188
-0.701941	0.331907
-0.636759	0.378576
-0.821443	-0.415249
-0.191345	0.144325
1.97054	0.325312
-0.267392	0.108541
-0.854034	-0.368812
0.112839	0.415033
0.895029	0.514337
1.00367	-0.0395445
1.02539	-0.154717
-0.517258	-0.189494
0.525662	0.547437
1.27526	0.0128013
1.85104	0.453722
0.775528	0.264785
0.0259294	0.205387
-0.908353	-0.614205
-0.571577	-0.00176459
-0.571577	-0.683425
1.1123	0.506224
2.07918	0.589329
-0.223937	0.229894
2.36163	0.740923
0.818983	0.350656
2.04659	0.25453
1.93795	-0.616272
-0.267392	0.230858
0.449616	0.0428115
-0.995263	-0.293375
-0.984399	-0.153953
0.0259294	-0.167119
-0.538985	0.0783295
-0.788851	-0.894819
-0.940944	-0.848922
0.57998	0.450692
0.373569	0.192912
-0.864898	-0.702535
-0.897489	-0.420162
3.14382	0.410564
4.03465	0.489674
0.232341	0.0948249
0.884165	0.0674712
1.23181	0.497465
0.656027	0.401336
-0.75626	-0.303575
1.25353	0.152441
2.55718	0.666815
-0.658487	0.0972462
-0.658487	0.354309
-0.126163	0.365729
-0.745396	0.46182
-0.082708	-0.321881
-0.777988	0.401653
-1.00613	0.477296
1.61204	0.266089
-0.788851	0.0711609
0.145431	0.294167
-0.549849	0.0475417
0.243204	0.366495
-0.951808	-0.655833
0.482207	-0.0963554
-0.0175256	-0.516932
-0.549849	-0.686018
0.742937	0.370123
1.93795	0.49067
0.57998	0.31912
1.44908	0.610548
1.35131	0.0116279
-0.93008	0.41682
-0.995263	-1.17656
0.818983	-0.265368
0.742937	-0.431893
-0.2348	0.319061
-0.93008	-0.227369
-0.14789	0.457866
0.547389	-0.295922
-0.940944	-0.763103
-0.0935718	0.444984
-0.343438	0.822028
-0.93008	-0.286244
-0.93008	-0.505655
0.503934	0.449374
0.275796	0.540462
-0.0935718	0.148623
-0.354302	0.386844
-0.0283893	-0.149953
0.406161	0.219791
-0.452075	0.0950577
-0.745396	-0.559385
-0.299983	-0.343035
-0.788851	-0.744393
-0.984399	-0.612816
-0.897489	-0.458533
-0.452075	0.83781
-0.376029	-0.597366
-0.506394	0.513951
-0.126163	0.37296
-0.386893	-0.549103
-0.473803	-0.478575
-0.691078	0.28173
0.00420194	0.34106
-0.799715	-0.497091
-0.886625	0.130854
0.00420194	-0.26068
-0.973535	-0.674259
-0.528122	0.00424283
0.188886	0.111805
-0.897489	-0.531834
-0.636759	-0.434223
0.503934	0.437532
-0.604168	-0.544276
-0.00666181	0.3363
-0.441212	0.433057
0.460479	-0.000522334
-0.832306	0.304456
-0.919216	-0.70636
-0.723669	0.190749
-0.767124	-1.17488
-0.386893	-0.552988
-0.0718443	-0.37824
-0.32171	-0.0648086
0.438752	0.50298
1.57945	0.360202
-0.75626	0.179549
0.558253	0.481392
-0.93008	0.0930443
2.22041	0.510374
1.1449	0.39618
-0.571577	0.562372
0.134567	0.0557045
0.851574	0.0387914
-0.951808	0.0094546
0.221477	-0.0930857
0.949348	0.221845
0.818983	0.489246
-0.549849	0.18927
-0.745396	-0.988707
-0.484667	-0.305728
-0.886625	-1.09675
-1.01699	-1.29115
-0.973535	0.291602
-0.973535	-1.22618
0.818983	-0.0671374
-0.93008	-2.27138
0.829847	-0.349187
0.949348	0.512528
-0.886625	0.100427
-0.767124	-0.41196
-0.908353	-0.125222
1.06885	0.332518
0.590844	0.271449
-0.636759	0.395395
0.601708	0.401586
-0.506394	0.0585782
1.24267	0.634445
-0.919216	-1.7
-0.951808	-0.188678
-0.126163	0.509095
-0.126163	0.265152
-0.919216	-0.665861
-0.397757	-0.27634
-0.951808	-0.458408
-1.03872	-1.02588
-0.886625	0.288623
0.199749	-0.139421
-0.0501168	0.161465
3.86083	0.723751
3.51319	0.791623
1.22094	0.329964
-0.14789	0.555064
-0.267392	0.00880595
-0.517258	-0.0697617
2.04659	0.0446213
-0.66935	-0.523588
1.02539	0.44445
0.460479	0.0911073
-0.864898	0.094506
1.21008	0.528178
-0.169618	0.470159
-0.58244	0.447062
-0.256528	0.183438
-0.897489	-0.0284354
-0.832306	-0.0499672
-0.995263	-0.663548
-0.484667	0.0745925
-0.854034	0.20998
0.775528	-0.33782
-0.712805	0.118314
-0.886625	-1.09699
-0.712805	-0.335609
1.21008	0.0179767
0.525662	0.237601
0.134567	-0.0918114
-0.441212	0.510191
-0.58244	0.487744
1.42735	-0.135352
0.243204	0.215551
-0.875761	-0.225573
-0.799715	0.155677
-0.908353	-0.628424
-0.278255	0.0199712
0.938484	0.388528
-0.777988	0.404159
-0.158754	-0.681982
0.0476569	-0.262582
-0.256528	0.382059
1.10144	-0.0686388
-0.832306	-0.717048
-0.701941	-0.0471738
-0.810579	0.0663586
1.56858	0.107997
0.992803	-0.255149
1.29699	0.298103
1.24267	-0.222593
-0.452075	-0.163087
-0.484667	0.178105
-0.995263	-0.645217
2.68755	0.473226
0.460479	0.435167
-0.213073	0.0630008
1.93795	-0.215375
0.971075	0.140843
-0.973535	-0.55998
-0.951808	-0.627953
0.145431	0.309052
-0.66935	-0.933062
-0.0283893	-0.239894
-0.40862	-0.468714
-0.886625	-0.0252813
2.1335	0.450977
-1.00613	-0.100982
-0.777988	0.211087
-0.289119	0.343731
0.656027	-0.0184639
0.0150657	0.284371
-0.93008	-0.904869
-0.538985	0.0943981
1.69895	0.249916
-0.528122	-0.207992
1.51426	0.616241
2.52459	0.401028
-0.115299	0.119488
-0.940944	-0.522792
-0.571577	0.266394
-0.32171	0.103587
-0.734533	-0.437654
0.330114	0.350329
1.36217	0.238373
-0.58244	-0.689038
0.84071	0.414207
-0.365165	-0.213365
0.0150657	0.100822
2.09004	0.760205
-0.919216	0.311707
0.656027	0.357644
-0.604168	0.133096
-0.506394	-0.186037
-0.365165	-0.421243
-0.528122	0.191437
-0.767124	-0.265799
-0.528122	-0.530557
0.156294	0.155566
-0.441212	0.369987
-0.202209	0.203206
-0.137027	0.421794
-0.278255	-0.600763
0.134567	-0.219432
-0.441212	-0.766407
1.15576	0.226882
-0.039253	0.477822
0.699482	0.386508
-0.658487	0.27477
-0.832306	-0.672332
1.01453	0.366126
0.0693844	-0.00283288
-0.517258	0.169947
-0.397757	0.265052
-0.886625	-0.377182
1.92708	0.589711
0.275796	-0.276234
-0.84317	-0.877547
-0.973535	-1.12365
-0.875761	-0.326247
2.24213	0.484751
-0.93008	0.188802
-0.58244	0.306523
-0.517258	-0.712426
-0.615032	-0.00186878
3.62183	0.399584
-0.625895	0.387779
0.949348	0.391654
0.503934	0.396548
0.656027	0.512193
-0.2348	-0.161194
3.20901	0.837387
-0.430348	0.0331922
-0.299983	-0.0141133
-0.788851	-0.01631
-0.658487	0.0651433
-0.897489	-0.505599
-0.419484	0.0739131
1.82931	0.274312
1.10144	0.181616
-0.58244	-0.387184
-0.832306	-0.893389
-0.506394	0.56344
0.656027	0.45181
0.0367932	0.425287
3.70874	0.448732
-0.299983	-0.477521
-0.202209	-0.0839036
-0.32171	-0.0398961
0.656027	0.515767
-0.202209	-0.0129142
-0.886625	0.441872
-0.604168	0.093193
0.340978	0.550171
1.67722	0.386475
-0.962671	-0.500456
0.862438	0.380282
-0.538985	-0.12486
-0.93008	-0.41298
0.721209	-0.291438
-1.00613	-0.308679
-0.386893	-0.257007
-0.995263	-0.311572
1.61204	0.75116
0.634299	0.326959
0.0476569	0.190998
-0.93008	-1.25164
-0.560713	0.259119
-0.919216	-0.298069
-0.723669	-1.37266
1.17749	0.495614
0.764664	0.618645
-0.886625	-1.0966
-0.441212	0.162028
-0.310847	0.273345
-0.14789	0.192703
-0.875761	0.528551
-0.66935	-0.104418
-0.701941	-0.637406
-0.452075	0.462031
2.53545	0.242006
1.57945	0.45947
-0.723669	-0.041801
-1.02785	0.372972
-0.549849	0.208841
0.395297	0.159585
-0.115299	-0.419923
0.308387	0.337979
-0.104436	-0.0186458
0.145431	0.342066
-0.636759	-0.877437
1.57945	0.318051
-0.267392	-0.372675
-0.821443	0.164832
-0.886625	-0.0101864
-0.886625	0.354542
-0.886625	-0.0594336
-0.745396	-0.986183
0.373569	0.543123
1.43822	0.437248
0.00420194	-0.171324
-0.799715	-0.59425
-0.897489	-0.114048
-0.973535	-0.648433
1.13403	0.669083
-0.897489	-0.348749
0.688618	0.108487
0.145431	0.134805
-0.332574	0.623655
0.84071	0.0604266
-0.886625	-0.358984
0.710345	0.536672
-0.2348	0.288003
0.264932	0.190258
-0.951808	0.0929375
-0.299983	0.259923
2.15522	0.651213
-0.625895	0.472478
-0.712805	-0.387874
-0.223937	-0.525926
0.145431	-0.338431
-0.93008	-0.459277
-0.777988	-0.895399
-0.777988	0.0750046
-0.615032	0.299755
2.30732	0.559095
-0.169618	0.724853
-0.897489	-0.750029
0.601708	-0.261535
-0.169618	-0.11787
-0.75626	-0.334422
0.656027	-0.472052
0.558253	0.748578
-0.767124	0.0956356
-0.00666181	0.410433
1.00367	0.473654
-0.875761	-0.392183
0.0802482	-0.184667
0.634299	0.310816
-0.908353	-0.702015
-0.604168	0.164299
-0.680214	-0.731533
0.362706	0.0581791
-0.940944	-0.458708
-0.00666181	-0.392273
2.92655	0.699986
0.514798	-0.263343
0.460479	0.243237
-0.517258	0.121447
-0.49553	0.0205437
-0.039253	0.276717
-0.615032	-1.56288
-0.951808	-0.485671
-0.951808	-0.0354568
3.04605	0.456751
1.8619	0.220042
1.37303	0.31701
-0.462939	0.0970915
-0.538985	0.289988
-0.886625	-0.366383
0.178022	0.465813
-0.343438	-0.4254
-0.571577	0.768446
-0.419484	0.379568
-0.940944	-0.541513
-0.332574	0.184574
-0.506394	0.402542
-0.2348	0.322982
0.0150657	0.127602
0.286659	-0.158169
0.677754	-0.00781592
-0.767124	-0.228038
0.775528	0.435124
-0.984399	-0.473909
-0.864898	-0.576758
-0.452075	0.656683
-0.691078	-1.18318
-0.701941	0.652375
-0.854034	-0.274954
0.406161	-0.0921362
-0.00666181	-0.63586
-0.2348	-0.0617801
-0.593304	0.166766
0.449616	0.288973
0.134567	0.144946
-0.299983	0.108108
1.1123	0.661061
-0.137027	-0.49855
0.384433	0.431195
-0.419484	0.230082
-0.886625	-0.455665
-0.245664	0.179235
-0.137027	0.409726
-0.299983	0.00147502
-0.082708	0.147668
0.656027	0.515767
-0.973535	0.457059
0.188886	0.302353
-0.864898	-0.156299
0.949348	0.416259
-0.419484	-0.203676
-0.354302	0.337915
-0.32171	0.213062
-0.691078	-0.26286
0.384433	-0.102913
-0.777988	-0.159094
0.340978	-0.583204
-0.289119	-0.155766
-0.864898	-1.00384
-0.571577	-0.503812
-0.984399	0.278349
-0.310847	0.247975
-0.810579	-0.308165
-0.441212	0.498584
0.199749	0.265905
-0.777988	-0.174035
1.88363	0.453058
0.438752	0.183104
0.590844	0.644804
0.243204	-0.421932
-0.202209	-0.334142
0.319251	0.188125
-0.2348	0.21083
2.14436	0.114237
-0.636759	0.390585
0.210613	0.107065
-0.854034	-0.157731
0.949348	0.803587
-0.75626	-0.645938
0.732073	-0.0698236
-0.40862	-0.748452
1.02539	0.153247
-0.962671	-1.04916
-0.473803	-1.23237
-0.962671	-0.200095
0.210613	0.32266
-0.647623	0.393798
-0.039253	0.157721
0.264932	0.136731
-0.788851	0.112926
0.960212	0.258068
2.8505	0.534885
-0.365165	0.416516
-0.886625	-0.389229
0.536525	0.575135
-0.115299	-0.108801
0.960212	-0.190272
-0.538985	0.192161
-0.452075	0.148004
2.88309	0.802161
0.0476569	0.265126
-0.506394	-0.0499286
-0.386893	0.447792
0.742937	0.12513
-0.93008	-0.747074
-0.951808	-0.537269
0.0259294	0.382975
-0.256528	0.409411
1.60117	-0.313448
0.384433	-0.189031
0.460479	0.674073
-0.506394	-0.12787
-0.169618	0.277344
-0.32171	0.441271
0.00420194	0.205062
0.395297	0.135964
-0.810579	-0.209771
0.536525	-0.00312851
0.264932	0.255679
-0.951808	-0.733664
-0.0718443	0.280486
0.0911119	0.353838
-0.625895	0.312952
0.471343	0.145634
-0.658487	-0.172429
-0.549849	-0.396231
-0.40862	-0.109715
2.40509	0.221057
-0.962671	0.316477
0.330114	0.443482
-0.951808	-0.427753
0.0802482	-0.273432
-0.104436	0.671015
-0.821443	-0.571284
0.351842	-0.0614779
0.362706	0.0109057
0.373569	0.411116
-0.549849	-0.254858
1.85104	0.110498
-0.777988	-1.25366
-0.397757	0.215471
0.0367932	0.0983307
1.1123	0.572194
1.48167	0.57655
-0.767124	-0.101905
-0.245664	0.211949
-0.908353	0.0221044
-0.14789	-0.343845
-0.984399	-0.358399
-0.734533	0.638053
-0.962671	-0.931048
-0.734533	0.0602078
-1.01699	-1.27939
0.949348	0.0380621
-0.267392	-0.109531
-0.788851	-0.0830783
-0.712805	0.0216198
-0.473803	-0.472169
0.0476569	0.423632
-0.864898	-0.488131
-0.354302	0.219742
0.503934	0.396548
0.286659	0.381358
-0.354302	0.301585
0.645163	0.496772
-0.919216	0.212287
0.0802482	0.0021216
-0.40862	0.303568
1.30785	0.172293
-0.984399	0.434344
1.07971	0.571624
0.123703	0.000992909
-0.919216	-1.40885
1.61204	0.818796
2.00313	0.119575
-0.919216	0.188478
1.23181	-0.916097
-0.93008	-0.226278
-0.973535	0.482694
-0.549849	0.169586
-0.0175256	-0.209012
-0.897489	-0.467202
-0.256528	0.570672
0.721209	0.301497
0.145431	-0.218276
-0.452075	-0.801349
-0.658487	0.0448303
-0.951808	-0.769696
-0.66935	0.389025
-0.082708	-0.0594233
-0.0609805	0.310929
0.0585207	0.222172
-0.962671	-0.206003
-0.767124	0.720619
-0.430348	-0.102792
-0.00666181	0.42223
-0.2348	0.00114414
0.395297	0.220073
2.19868	0.662826
-0.658487	-0.169981
-0.864898	-0.239272
0.916757	-0.0683369
-0.84317	-0.298859
1.81845	0.338474
0.264932	0.450757
0.319251	-0.493659
-0.2348	-0.195555
-0.995263	-0.738587
-0.734533	0.0724285
0.742937	0.304193
-0.462939	-0.407818
-0.571577	-0.355326
-0.854034	-0.0821768
-0.473803	-0.0719213
2.76359	0.480462
2.01399	0.420072
-0.93008	-0.19582
-0.506394	-0.192602
-0.343438	-0.0914166
-0.788851	-0.901932
-0.0501168	0.233466
1.07971	0.430538
-0.995263	0.142986
-0.712805	0.509746
-0.712805	-1.09407
-0.039253	0.401906
-0.821443	-0.856868
-0.788851	-0.537732
-0.441212	0.215548
0.764664	-0.304893
2.09004	0.387203
-0.832306	-0.390974
-0.875761	-0.521818
0.449616	0.216409
1.52513	0.454906
-0.919216	-1.06095
1.24267	0.247374
-0.126163	-0.479129
-0.484667	-0.136565
-0.940944	-0.645059
-0.58244	-1.04192
-0.419484	0.305112
0.134567	0.530788
-0.832306	-0.390974
-0.908353	0.253092
0.243204	0.250818
0.373569	0.322297
-0.84317	0.206832
-0.202209	0.178225
0.92762	0.427
-0.647623	-0.162471
1.13403	0.393903
-0.0935718	0.641471
-0.332574	-0.189239
1.44908	-0.0205527
0.623435	0.329259
-0.93008	-1.17708
0.49307	0.465535
-0.549849	0.318899
1.55772	0.499256
-0.66935	0.567278
-0.528122	0.525195
-0.213073	-0.511821
-0.647623	0.497567
3.49146	0.248658
-0.245664	0.134064
0.829847	0.0694858
-0.864898	0.258513
0.243204	-0.344858
-0.32171	-0.478888
0.112839	0.354826
-0.723669	0.15707
0.895029	0.588514
0.688618	0.392244
2.04659	0.492288
-0.0609805	0.103907
-0.0175256	0.335556
-0.571577	0.420858
-0.962671	-1.13815
-0.32171	0.523118
3.25246	0.707666
1.99227	0.456422
0.0367932	0.497237
-0.777988	-1.07282
0.351842	-0.605976
0.319251	0.899993
2.492	-0.0173811
1.12317	0.366948
-0.984399	-0.147493
-0.832306	-0.306281
-0.0935718	-0.00440119
-0.723669	0.146949
0.232341	0.364875
2.70927	0.437457
-0.419484	-0.594347
1.25353	0.582911
0.601708	0.267591
-0.365165	-0.664966
1.09058	0.472747
0.92762	0.277378
-0.832306	-0.649975
0.112839	0.330188
8.1846	0.851264
-1.00613	-0.290928
-0.506394	0.319493
-0.126163	0.396493
2.57891	0.238089
1.34044	0.450778
-0.691078	-0.379046
-0.680214	0.42975
2.16609	0.83631
-0.082708	0.0211119
1.82931	0.585278
1.89449	0.408433
0.884165	0.153832
-0.58244	-0.39145
-0.462939	0.359267
-0.875761	-1.12224
0.645163	-0.134616
1.01453	-0.435224
0.340978	0.0652851
-0.75626	0.151311
-0.832306	0.351844
0.319251	0.697147
-0.951808	-1.96353
-0.93008	-1.07926
0.525662	0.134121
1.04712	-0.268695
-0.962671	0.163168
1.18835	0.241659
1.32958	0.495508
1.81845	0.477874
1.8619	0.208935
-0.452075	0.0324503
-0.40862	-0.0189035
-0.0283893	-0.291803
0.0911119	0.0231389
-0.973535	-0.624098
0.829847	0.812953
1.85104	0.495275
1.17749	0.299323
-0.256528	-0.17615
1.90536	0.823865
3.35024	0.363084
3.14382	0.627338
-0.777988	-0.374787
0.112839	0.24691
-0.93008	-0.0400891
0.0367932	-1.0232
0.905893	0.803854
-0.951808	-0.157151
-0.940944	-0.63457
0.699482	-0.611932
0.905893	-0.0872143
0.178022	0.0569972
0.905893	-0.0978325
-0.256528	0.487295
3.61097	0.531697
-0.940944	-0.102071
-0.886625	-1.41127
-0.0609805	-0.0139634
-0.854034	0.134363
0.514798	0.379858
3.3611	0.454316
0.134567	0.0625172
-0.919216	-0.0759106
0.275796	0.556479
0.525662	0.103286
-0.549849	-0.0044052
0.634299	0.0757341
0.569117	0.145452
-0.397757	0.139823
-0.506394	-0.0554891
-0.897489	-0.771556
-0.202209	0.224932
-0.419484	-0.178634
0.460479	0.235777
-0.973535	-0.539854
-0.951808	0.424256
1.22094	0.496034
2.50286	0.448802
-0.14789	-0.32511
-0.919216	-0.0363606
1.21008	0.56756
1.1449	0.542284
1.7424	0.636911
-0.169618	0.220029
0.775528	0.17419
0.645163	-0.226389
-0.528122	-0.283663
-0.712805	0.0529665
-0.538985	0.627005
-0.528122	-0.430552
-0.832306	-0.160217
-0.593304	0.432119
0.351842	-0.331377
-0.538985	0.325289
0.449616	0.668708
-0.919216	-0.550717
2.05745	0.679137
-0.864898	-0.554537
-0.973535	-0.223631
-0.962671	-0.631658
-0.875761	-0.39655
-0.680214	-1.29294
0.503934	0.491096
-0.951808	0.133625
1.65549	0.088726
0.438752	0.417818
0.66689	0.395952
-0.310847	0.0453159
0.851574	0.509137
-0.137027	0.342193
-0.0718443	0.411776
-0.376029	0.00112949
-0.897489	-1.45702
0.362706	0.129283
-0.647623	-0.181995
-0.919216	-1.15458
0.275796	0.518183
-0.571577	-0.555514
-1.00613	-1.16931
0.406161	0.333876
1.75326	0.619096
-0.58244	0.491635
-0.49553	-0.159276
-0.32171	-0.158878
-0.40862	-0.000477006
0.373569	0.486506
-0.799715	-0.181023
1.54685	0.151614
-0.66935	-0.507224
3.23073	0.526394
-0.897489	-0.717218
-0.310847	-0.970958
-0.58244	0.235559
-0.940944	0.404563
-0.180482	0.258144
-0.940944	-1.14497
-0.973535	-0.773929
-0.430348	-0.153547
-0.84317	-1.24966
-0.875761	0.365092
-0.712805	-0.888598
-0.799715	-0.0496836
0.0911119	0.18224
-0.940944	-1.07163
1.87277	0.409262
-0.75626	-0.0943957
-0.104436	-1.11293
-0.278255	-0.900764
0.275796	0.741146
0.623435	-0.0226046
0.373569	0.344589
1.1123	0.396158
-0.680214	-0.0637716
-0.571577	0.387733
-0.919216	0.487109
1.29699	0.204658
-0.886625	-0.472443
-0.973535	-0.539854
-0.126163	0.1021
0.49307	0.487931
0.536525	0.317088
0.775528	-1.08025
-0.462939	0.0135092
-0.734533	0.0405811
1.49254	0.597997
0.623435	0.71511
-0.908353	-0.691967
1.85104	0.553442
0.862438	-0.0498349
-0.75626	-0.501301
-0.995263	0.24705
-1.04958	-0.765079
-0.213073	0.273563
-0.745396	0.236942
-0.951808	-0.830603
0.699482	0.775087
-0.767124	-0.613249
0.981939	0.163352
-0.14789	-0.121509
-0.256528	0.0422483
0.634299	0.229643
-0.701941	-0.643421
-0.995263	-0.458742
2.95914	0.554431
-0.973535	0.0547681
-0.593304	0.324129
0.145431	0.236188
-0.951808	-0.00469288
-0.0501168	0.218752
0.123703	0.0637016
-0.886625	-0.55081
-0.158754	0.162748
0.601708	0.54306
-0.886625	-0.0101864
-0.376029	0.44187
-0.832306	-0.82126
-0.137027	0.192134
2.12263	0.513452
0.243204	0.408721
-0.908353	0.225967
-0.84317	0.474687
-0.289119	0.235993
0.699482	0.386508
0.49307	0.655426
-0.875761	-0.33211
-0.636759	-0.740382
-0.137027	0.24693
-0.897489	-1.37139
0.732073	-0.56576
-0.940944	0.354154
-0.821443	0.242893
1.00367	0.296857
-0.864898	-0.059196
2.32904	0.137208
-0.593304	0.279374
0.0150657	-0.510413
-0.0935718	0.513492
-0.995263	0.0959042
-0.940944	-0.214972
-0.832306	-0.82823
0.232341	0.362069
-0.354302	0.186915
3.68701	0.744828
-0.799715	-1.09254
-0.767124	0.314841
0.395297	-0.241392
-0.799715	-0.520271
-0.875761	-0.442639
-0.832306	-0.488217
-0.886625	-0.0278267
-0.897489	0.150327
0.981939	0.5118
-0.962671	-1.14304
0.569117	0.727382
1.99227	0.544976
-0.951808	-0.738223
-0.973535	-0.688042
1.44908	0.113287
2.27472	0.181232
-0.93008	-0.30224
-0.658487	0.173251
-0.462939	0.570024
-0.854034	-0.413259
-0.560713	-0.437972
-0.658487	0.314618
-0.245664	0.442534
1.30785	0.00463712
-0.777988	-0.19334
-0.571577	0.0320274
1.7424	0.583735
-0.58244	0.0431054
2.89396	0.553628
3.30678	0.536432
-0.767124	-0.96028
-0.0609805	-0.800281
-0.951808	-0.467033
-0.658487	-0.12117
-0.75626	0.524391
1.61204	0.482418
2.253	0.507257
0.427888	-0.0887746
-0.289119	-0.569825
-0.962671	-0.235462
-0.615032	0.0530311
0.971075	0.306894
0.319251	0.188125
0.145431	0.347541
-0.289119	-0.584417
-0.701941	-0.413467
0.264932	0.136731
3.10037	0.427083
-0.734533	-0.334702
-0.082708	-0.120727
-0.473803	-0.0511502
-0.213073	0.109856
-0.799715	-0.96658
-1.04958	-0.765079
0.471343	0.25341
0.101976	0.487103
-0.593304	-0.297772
1.00367	0.776561
-0.604168	-0.00263721
0.992803	0.440889
3.62183	0.419371
0.0367932	0.107678
-0.647623	0.017386
0.188886	0.379662
-0.158754	0.388565
-1.00613	-1.36125
0.308387	-0.596067
-0.875761	-0.722721
0.699482	0.0499386
0.656027	-0.213295
-0.49553	0.299887
-0.202209	0.469973
1.70981	-0.163997
-0.93008	-0.297297
-0.636759	-0.0128643
-0.0175256	0.194337
0.601708	0.265563
0.112839	0.386175
-0.332574	0.272646
0.243204	0.026922
-0.821443	-0.152863
0.742937	0.0271852
-0.951808	-1.12527
-0.40862	0.591254
-0.039253	0.0241944
-0.897489	0.108522
-0.973535	-0.953439
0.0150657	0.495442
-0.75626	0.151618
0.786392	0.0404615
-0.93008	-0.570608
-0.854034	-0.384175
-0.777988	0.570332
3.31764	0.598202
-0.951808	-0.303941
-0.180482	-0.227267
-1.01699	-0.322263
-0.506394	-0.846349
-0.832306	-0.707341
-0.604168	-0.617142
-0.984399	-0.463191
-0.191345	-0.214728
-0.951808	0.369445
-0.886625	-0.366502
-0.343438	-0.0464288
-0.875761	-0.339478
-0.473803	0.609929
-0.365165	0.168678
-0.58244	-0.333612
-0.289119	0.18942
-0.723669	-0.733832
-0.984399	-0.995895
-0.462939	-0.331972
1.77499	0.403752
-0.169618	0.711471
0.829847	0.169125
1.87277	0.351775
-0.951808	0.229501
1.6229	0.193389
-0.799715	-0.18354
-0.886625	0.323284
-0.647623	0.491464
-0.104436	0.480517
-0.66935	-0.446858
0.829847	0.186671
-0.180482	0.132639
-0.973535	-1.55592
2.26386	0.594167
0.677754	0.585102
0.254068	0.410947
1.60117	0.56858
3.51319	0.452566
-0.604168	-0.595643
-0.864898	0.00675761
0.0693844	0.376339
-0.0609805	0.510649
-0.919216	0.441832
-0.376029	0.0878626
-0.343438	0.289332
-0.680214	0.169001
-0.376029	0.27959
-0.376029	-0.0640824
-0.799715	-0.661757
0.123703	0.52225
0.167158	0.227476
0.0150657	0.268301
-0.0718443	0.507447
-0.973535	-0.704848
0.134567	0.337187
-0.484667	0.126942
-0.723669	-0.379812
-0.864898	-0.98611
0.362706	0.0917486
-0.528122	0.367351
3.10037	0.427083
-0.506394	-0.00214009
-0.115299	-0.105167
-0.14789	0.26258
-0.278255	-0.870415
2.01399	0.786429
-0.723669	-0.657221
-0.289119	0.13111
-0.962671	-1.39006
0.721209	0.342518
1.99227	0.19152
-0.104436	-0.0595142
-0.854034	-0.497378
-0.723669	0.320646
2.09004	0.51403
-0.115299	0.137543
0.221477	-0.104035
0.134567	-0.0292104
0.92762	0.237913
-0.430348	0.453137
-0.452075	-0.298918
1.80758	0.573128
-0.636759	-0.850162
-0.289119	0.0854145
-0.767124	0.40887
-0.951808	-0.511736
0.895029	0.332217
0.275796	0.0229964
-0.951808	-0.750844
-0.549849	0.50293
-0.604168	-0.266486
0.0476569	0.0652631
0.340978	0.257037
0.395297	0.706698
1.07971	0.235064
-0.886625	-0.218496
0.938484	-0.157942
-0.734533	-0.235871
-0.310847	-0.202196
-0.615032	-0.907636
-0.169618	0.556121
-0.854034	0.141158
-0.897489	-0.673086
0.395297	0.21661
-0.082708	-0.0750037
-0.528122	0.401404
-0.180482	0.178022
1.53599	0.206022
0.710345	0.539605
-0.571577	-0.26981
-0.93008	0.109076
1.01453	0.523835
-0.0718443	0.34555
0.427888	0.436181
-0.875761	-0.326247
-0.897489	-0.716097
-0.886625	-1.08029
-0.115299	-0.0555339
-0.538985	0.300852
0.460479	0.134158
-1.02785	-0.269319
-0.49553	0.280377
0.308387	0.127259
1.97054	-0.307186
0.547389	0.727897
0.243204	0.410995
-0.788851	-0.753195
0.362706	-0.267049
0.829847	0.498122
1.84017	0.288689
0.145431	-0.00209327
1.37303	0.386299
1.69895	0.106387
-0.169618	0.504414
0.612572	0.505059
1.93795	0.33222
-0.875761	-0.392183
0.0476569	0.40016
-0.919216	-0.453976
-0.0283893	0.00229073
-0.082708	0.28761
-0.84317	0.150415
-0.973535	-0.915891
0.417024	0.594242
0.57998	0.197008
0.275796	0.140147
-0.788851	-0.631316
0.49307	0.421457
2.81791	0.671728
-0.799715	-0.535224
-0.506394	0.033878
-0.00666181	0.218883
0.960212	0.562792
-0.821443	0.172187
-0.854034	-0.531624
-0.647623	0.0358948
-0.202209	0.00643194
-0.625895	-0.459327
1.55772	0.0743967
1.18835	0.329412
-0.376029	0.114147
-0.484667	-0.443985
-0.506394	0.0350817
-0.430348	-0.18275
-0.506394	-0.511988
-0.625895	-0.481829
-0.973535	-1.28319
-0.0609805	0.31555
0.188886	0.379143
-0.864898	-0.885104
-0.908353	0.0192661
-0.658487	-0.47285
-0.538985	-0.07225
0.884165	0.152178
-0.560713	-0.0263274
1.34044	0.452843
-0.951808	0.307993
2.40509	0.293623
-0.75626	-0.625315
-0.962671	-0.755516
-0.625895	0.696547
-0.886625	-0.069925
0.254068	0.502106
-0.2348	0.215352
0.916757	0.785503
-0.58244	-1.03397
0.286659	0.0642453
-0.691078	0.455208
3.08951	0.359064
0.677754	0.00972407
0.123703	-0.525303
-0.84317	0.213819
-0.0935718	-0.230465
-0.104436	0.0927704
-0.506394	0.202874
0.00420194	-0.617167
-0.397757	-0.27634
-0.604168	0.0263266
-0.962671	-0.478323
0.0367932	0.0213257
1.43822	0.278719
-0.419484	-0.267684
-0.788851	-0.0741608
-0.897489	0.101274
-0.962671	-0.346546
4.03465	0.561077
-0.723669	-0.351512
-0.886625	-1.02759
-0.875761	-0.380393
-0.549849	0.18927
0.438752	0.49147
-0.799715	0.206166
0.00420194	0.571778
-0.158754	0.0980886
-0.940944	-0.939042
-0.202209	0.492379
-0.386893	0.305452
-0.875761	-0.586844
-0.854034	0.0104415
-0.245664	0.389092
-0.712805	0.395545
0.808119	0.151579
-0.962671	-0.924912
-0.0283893	0.334968
0.199749	0.218193
-0.213073	0.0253803
-0.93008	-1.07848
0.351842	-0.147538
1.43822	0.0923683
-0.658487	-0.0381918
0.427888	-0.11447
0.112839	-0.291756
2.75273	0.701447
3.54578	0.876132
-0.625895	0.0154543
-0.0283893	0.537481
1.07971	0.527
-0.517258	-0.552555
-0.854034	0.160431
-0.962671	-0.644464
-0.886625	-0.792646
1.64463	0.104029
1.37303	0.47596
-0.767124	-0.556643
1.54685	0.686934
0.645163	0.0358759
-0.701941	-0.0525665
-0.332574	-0.0716472
0.0911119	0.353731
0.0802482	-0.0413761
-0.00666181	-0.392297
0.525662	0.298507
1.36217	0.228354
-0.538985	0.00672232
-0.701941	0.539385
0.482207	-0.584425
-0.854034	-0.1041
0.829847	0.266823
-0.875761	-0.541309
-0.517258	-0.642388
0.514798	0.494282
0.992803	0.291181
0.503934	0.112348
0.0259294	-0.512972
0.275796	0.209354
-0.984399	-0.683228
-0.299983	0.0195852
-0.984399	-0.293904
-0.875761	-0.636066
-0.680214	5.68899e-05
-0.799715	0.0608051
0.514798	0.418857
2.253	0.693271
0.384433	-0.287077
2.98087	0.488575
0.395297	-0.0229171
0.710345	0.321339
-0.517258	0.0522936
-0.777988	-0.310584
-0.962671	-0.235462
-0.777988	-0.573041
-0.462939	-0.0250123
0.742937	0.18904
1.67722	-0.0389098
-0.00666181	0.0461798
-0.462939	0.0135092
-0.701941	-0.060333
1.3839	0.556289
-0.886625	0.154488
-0.430348	0.380401
-0.560713	0.328616
0.764664	0.342207
0.319251	-0.0571917
0.66689	0.0839008
-0.864898	-0.543065
-0.75626	0.349771
-0.462939	-0.289545
-0.951808	0.262975
0.264932	0.144745
-0.267392	-0.402782
2.253	0.387986
-0.919216	-0.347477
-0.647623	-0.563906
2.00313	0.396822
-0.484667	0.454171
0.862438	-0.00478384
-0.376029	0.27959
-0.506394	-0.956357
1.04712	0.634319
-0.32171	-0.143059
-0.58244	-0.389582
-0.777988	-0.370656
-0.462939	-0.12929
0.123703	-0.525303
-0.625895	-0.397295
-0.93008	-1.43129
0.00420194	0.601007
-0.082708	0.023292
-0.430348	-0.0310519
-0.875761	-1.12224
-0.593304	0.0422728
-0.365165	-0.0744118
-0.223937	0.391896
-0.571577	0.154047
-0.636759	0.390585
0.101976	-0.254086
-0.712805	-0.465929
-0.343438	0.608378
2.63323	0.359737
3.20901	0.715063
2.17695	0.499512
0.699482	-0.460526
-0.691078	-0.201627
-0.137027	-0.0998534
-0.615032	-0.108257
-0.2348	0.043588
-0.473803	-0.223444
-1.02785	-0.371379
-0.93008	-0.0694947
-0.506394	0.160632
1.6229	0.749991
1.57945	0.469105
-0.647623	-0.282835
0.330114	0.130358
-0.821443	-0.536267
-0.821443	-0.0238393
0.427888	0.502335
-0.962671	-0.56325
-0.995263	-0.311129
-0.864898	-0.398486
-0.908353	-0.174611
-1.03872	-0.0241941
-0.549849	-0.548574
0.818983	0.402615
-0.625895	0.260756
-1.03872	-0.364186
-0.647623	0.498692
-0.647623	0.632889
1.19921	-0.374766
-0.995263	-0.260359
0.330114	0.216082
1.09058	0.030806
-0.376029	0.343064
-0.810579	-1.23575
-0.49553	-0.286914
2.28559	0.78867
-0.137027	0.0131633
1.60117	0.625429
-0.0609805	0.489675
0.101976	0.525213
0.688618	0.725771
-0.223937	0.306377
-0.115299	0.0148132
-0.962671	-0.548849
-0.202209	0.346917
-0.680214	0.0699534
-0.962671	-0.113911
-0.278255	0.57855
1.10144	0.48754
-0.973535	-0.166039
-0.158754	0.32564
-0.376029	0.130481
-0.310847	0.246045
0.406161	-0.210777
-0.962671	-0.607713
0.612572	0.355196
-0.951808	-0.834701
-0.343438	-0.673973
-0.734533	-0.0788603
3.62183	0.195418
0.905893	0.509381
-0.528122	-0.271533
1.05799	-0.0667732
-0.734533	0.556885
-0.995263	-0.0215133
-0.767124	-0.223329
-0.93008	-0.39846
2.12263	0.406704
-0.169618	0.408697
-0.419484	0.131947
0.417024	0.463273
-0.169618	0.635162
-0.0283893	-0.0956562
2.56805	0.393573
-0.560713	0.387912
0.0476569	0.190998
-0.66935	0.525577
-0.832306	0.268332
-0.810579	-0.58737
0.514798	0.638422
-0.473803	0.0856544
-0.386893	0.0252247
-0.875761	-0.844364
0.460479	0.424165
1.64463	0.497352
-0.875761	-0.456048
-0.0501168	0.403849
2.1009	-0.0220362
-0.897489	0.00602618
-0.962671	-0.633041
-0.419484	-0.344391
-0.571577	-0.0647492
0.49307	0.431131
2.35077	0.0723134
-0.0175256	-0.414683
2.78532	0.543069
-0.00666181	-0.0242571
0.612572	0.384576
0.254068	0.318055
-0.984399	-0.882561
1.1123	0.838955
-0.332574	0.421407
-0.886625	-0.306505
-0.549849	0.300244
0.123703	0.304008
-0.299983	0.0230179
-0.647623	-0.613664
-0.549849	-0.441997
-1.01699	-1.82017
-0.126163	0.397397
0.57998	0.381963
-0.908353	-0.258187
-0.897489	-0.517739
-0.658487	-0.395106
-0.984399	-0.621028
-0.777988	0.390155
-0.32171	0.502891
1.7424	0.375732
-0.886625	-1.02763
-0.658487	-0.335542
-0.549849	0.318899
-0.767124	-0.443942
-0.962671	-0.308349
-0.810579	-0.321515
0.275796	0.259601
-0.940944	-0.457495
0.612572	0.78798
-0.40862	-0.364263
-0.223937	-0.315371
0.775528	0.283547
-0.419484	0.358078
-0.84317	0.0599114
0.0259294	0.331559
-0.897489	-0.498034
-0.484667	-0.0594525
-0.799715	-0.145714
-0.549849	-0.330315
-0.821443	-0.434593
0.482207	0.00180703
-0.897489	-0.171039
1.37303	0.613148
-0.854034	0.320189
-0.278255	0.870631
0.710345	0.0611698
-0.75626	-0.77259
-0.560713	-0.117381
0.905893	0.445867
-0.365165	0.701983
0.884165	0.45917
-0.84317	-0.177436
-0.419484	-0.176542
-0.289119	-0.381415
-0.691078	0.213623
1.54685	0.0162655
-0.604168	-0.652695
0.92762	0.646989
0.406161	0.703825
-0.821443	0.0829009
-0.104436	0.409453
0.384433	0.100103
1.00367	0.443906
0.156294	0.468469
-0.701941	-0.148691
-0.191345	0.506562
-0.854034	0.367208
-0.962671	-0.21031
0.0367932	-0.16254
-0.951808	0.444125
-0.84317	0.0377294
-0.528122	-0.512726
0.0150657	-0.0709094
2.57891	0.350268
0.0259294	0.366317
-0.897489	-0.187576
-0.452075	0.133966
-0.658487	0.123957
-0.625895	0.546664
-0.126163	0.268664
-0.75626	-0.256765
0.536525	-0.105615
-0.919216	-0.714715
0.482207	0.028627
-0.75626	0.0500345
0.406161	-0.312717
-0.832306	-0.887534
0.254068	-0.20769
1.89449	0.440755
-0.615032	0.17838
-0.788851	0.06695
-0.919216	0.0473021
0.297523	0.211507
-0.973535	-0.513811
-0.680214	-0.117169
-0.777988	-1.25627
-0.701941	-0.479716
0.938484	-0.0228262
-0.973535	-0.879174
-0.951808	-0.564984
-0.875761	-1.3391
-0.973535	-0.171708
-1.03872	-1.02588
0.829847	0.00833418
-0.647623	-0.0171612
0.232341	0.295313
-0.615032	0.397016
-0.528122	0.369808
-0.310847	0.246045
-0.376029	-0.532214
-0.919216	-0.876534
-0.701941	-0.35978
2.64409	0.456456
-0.571577	-0.393555
0.536525	-0.1593
-0.93008	-0.198382
-0.256528	0.479395
0.764664	0.566415
0.873302	0.63946
-0.973535	-0.522615
0.84071	0.0714205
-0.191345	0.182617
-0.908353	-0.283393
1.07971	0.73108
-0.734533	0.38281
-0.777988	-0.880964
-0.625895	-0.357642
-0.2348	0.36701
-0.962671	-1.01137
0.797255	-0.0224565
-0.593304	0.483796
2.83964	0.100764
0.395297	0.529594
1.10144	0.365231
0.677754	0.562358
-0.919216	-0.0779744
0.0585207	-0.0459799
-0.712805	-0.557868
-0.658487	-0.482144
-0.995263	-1.05106
-0.430348	-0.0242814
0.514798	0.132976
-0.223937	-0.111745
-0.528122	0.514045
0.199749	-0.0703658
-0.897489	-0.692462
-0.310847	0.0755286
-0.082708	0.28761
-0.202209	0.211883
-0.604168	-0.647519
0.764664	0.569719
-0.647623	0.19395
-0.40862	-0.626446
-0.419484	-0.160883
2.20954	0.335784
0.949348	0.486565
1.93795	0.49067
2.6115	0.288358
-0.658487	0.546817
0.960212	0.350793
1.13403	0.339063
-0.984399	-1.24044
0.275796	-0.0109042
4.66475	0.546543
0.460479	0.791145
0.297523	0.368432
-0.908353	-0.334683
0.156294	0.464739
2.48114	0.340068
-0.00666181	0.060123
-0.604168	0.502012
-1.01699	-0.232043
-0.528122	-0.0461989
-0.636759	0.272082
0.612572	0.394566
-0.376029	0.382612
-0.245664	0.497179
5.52298	0.619639
1.44908	0.242525
-0.158754	0.28722
-0.571577	-0.580506
-0.854034	-0.672508
-0.593304	-0.153044
-0.0283893	0.529605
0.156294	-0.940607
-0.0609805	0.387153
-1.01699	0.3912
-0.289119	-0.49686
0.362706	0.461896
0.362706	0.351969
-0.886625	-0.578112
2.36163	0.387139
0.0693844	0.350292
-0.897489	0.380509
0.156294	0.107226
-0.593304	-0.841093
-0.84317	0.0765924
1.82931	0.411006
0.829847	0.251982
-0.712805	-0.56391
-0.115299	0.670864
-0.310847	0.21201
0.199749	0.358543
-0.365165	-0.805223
-0.84317	-0.176675
1.1449	0.643267
-0.75626	-0.736709
-0.0935718	0.273186
-0.517258	-0.503441
0.297523	0.287013
0.167158	0.27845
4.80598	0.516178
-0.951808	0.253728
-0.940944	0.0577226
0.134567	0.305642
-0.289119	-0.220436
0.862438	0.317299
1.25353	0.202206
0.645163	0.332908
-0.549849	-0.103118
-0.14789	0.640348
-0.115299	0.304585
-0.66935	0.350464
-0.908353	-0.676736
2.75273	0.20011
3.69788	0.500238
0.210613	-0.111285
0.862438	0.243214
0.00420194	0.437283
0.503934	0.425313
-0.615032	0.419273
-0.810579	-0.732413
0.558253	0.306203
0.590844	-0.0589343
-0.278255	0.325878
0.0476569	0.303835
4.40402	0.546888
1.19921	0.423924
-0.832306	-0.400301
-0.767124	0.325896
0.862438	0.400532
0.884165	0.626151
-0.84317	-0.45097
-0.441212	-0.0047374
-0.213073	0.457119
0.297523	0.207598
-0.984399	-0.546419
-0.58244	-0.300333
0.417024	0.488905
-0.680214	0.042183
1.64463	0.406098
-0.767124	-0.763988
1.31872	0.026022
0.308387	-0.10798
-0.854034	-1.41127
-0.40862	0.108133
1.1123	-0.243118
2.18781	0.0706096
-0.940944	-0.94291
2.51373	0.177863
-0.2348	0.32038
0.992803	0.435719
-0.0718443	0.338503
0.482207	0.52076
-0.821443	-0.554607
1.59031	-0.184218
-0.332574	0.232337
-0.441212	0.341827
-0.973535	-0.371258
-0.810579	-0.299432
1.32958	0.0112678
0.503934	0.308406
0.482207	0.536312
-0.951808	-0.19809
-0.419484	-0.258706
1.7424	0.482662
0.319251	0.272882
-0.0935718	0.0827129
-0.962671	0.525022
0.623435	0.114479
-0.14789	0.114218
1.40563	0.158943
0.264932	0.390048
3.26333	0.259911
-0.0175256	0.257344
-0.854034	-0.929842
-0.0935718	0.409563
-0.593304	0.166766
-0.84317	0.106332
-0.788851	0.371712
-0.32171	0.475686
0.167158	0.811792
0.373569	0.224508
-0.191345	0.79629
-0.908353	-0.125253
-0.615032	-0.113979
-0.538985	-0.33876
-0.854034	0.424313
-0.386893	0.0604152
-0.0718443	-0.0901601
-0.245664	0.0362119
0.438752	0.0608635
-0.962671	-0.63603
1.79672	0.129548
-0.701941	0.181602
0.438752	0.260161
0.373569	-0.299924
0.373569	0.030451
-0.299983	0.207489
0.742937	-0.188964
0.134567	-0.151114
0.732073	-0.334034
1.49254	0.0116574
0.677754	-0.257575
-0.354302	0.228659
-0.864898	0.381319
-0.767124	-0.328896
-0.506394	-0.182008
2.06831	0.476182
0.525662	0.714636
-0.538985	-0.573064
0.66689	0.33849
-0.864898	-0.576758
-0.93008	-0.106359
-0.75626	-0.270752
0.699482	0.0769321
-0.397757	0.161634
-0.962671	0.131036
0.0585207	0.111691
-0.940944	0.133581
1.09058	0.368474
0.330114	0.329546
0.0585207	-0.928448
0.764664	0.541353
-0.93008	-0.55343
-0.484667	0.508875
-0.886625	-0.385039
-0.604168	0.204072
0.254068	0.261288
-0.386893	-0.366121
-0.386893	-0.16407
-0.191345	0.253445
0.57998	0.0900688
-0.940944	-0.518348
-0.332574	0.369949
-0.875761	0.0438177
-0.84317	0.581617
-0.137027	-0.0810265
-0.84317	0.452022
0.981939	-0.3606
2.3725	0.490443
0.732073	0.629164
-0.104436	-1.11293
-0.430348	-0.0192594
1.32958	0.424656
-0.799715	-0.213378
-0.506394	0.542717
-0.701941	-0.174005
-0.973535	0.0236792
0.514798	0.174569
0.112839	0.70908
-0.126163	0.359892
0.0476569	-0.116186
1.61204	-0.114927
2.23127	0.613356
0.275796	-0.135208
-0.951808	-0.673387
0.992803	0.329618
1.03626	0.32153
2.60064	0.247117
0.123703	-0.0434436
-0.104436	0.51988
0.167158	-0.0478151
0.264932	-0.169069
2.31818	0.497062
2.77446	0.435008
1.44908	0.242525
0.721209	0.143332
-0.49553	0.0133122
-0.0501168	-0.132611
-0.441212	0.106455
1.03626	-0.211042
-0.386893	0.097159
-0.940944	0.0703689
-0.49553	0.24753
-0.995263	-0.299211
-0.777988	-0.19334
0.960212	0.464512
0.0911119	0.33664
-0.58244	-0.21582
-0.615032	0.211001
-0.310847	0.527376
-0.897489	-0.438993
0.895029	0.289504
-0.571577	0.209146
0.601708	0.429741
-0.0283893	0.159504
-0.104436	-0.0715627
0.645163	-0.0306028
1.52513	0.0321506
-0.126163	0.385044
-0.191345	-0.0953938
0.960212	0.490445
-0.636759	-0.515117
-0.734533	0.257853
-0.777988	-0.11039
0.0911119	0.450879
-0.169618	-0.206008
-0.191345	-0.0461269
0.286659	0.381358
0.721209	0.193543
0.829847	0.694811
-0.962671	0.0357777
-0.386893	0.286618
-0.799715	-0.312948
0.699482	-0.0449714
-0.908353	-1.03928
-0.973535	-0.275604
-0.2348	0.346245
0.188886	0.350188
-0.484667	0.526257
2.11177	0.727683
0.243204	0.405481
0.829847	0.721976
-0.441212	0.443808
3.28505	0.379557
0.373569	0.0245242
1.16662	0.148249
-0.484667	0.427772
-0.821443	-0.00560944
-0.962671	-2.1899
0.384433	0.460243
-0.462939	-0.660065
-0.419484	-0.278127
1.29699	-0.703764
-0.213073	0.334372
-0.919216	-0.73663
0.656027	0.594498
1.89449	0.723626
0.0911119	0.176474
-0.810579	-0.263575
0.558253	0.547284
0.145431	0.259846
-0.777988	-0.0588862
4.02379	0.906013
-0.430348	0.0575359
0.938484	0.38906
0.873302	0.337329
0.851574	-0.0539917
3.92601	0.583371
-0.897489	0.554151
-0.93008	-0.732971
1.61204	0.482418
-0.0935718	0.49698
-0.984399	-0.621317
-0.538985	-0.213862
1.15576	0.280575
1.9814	0.248384
-0.788851	-0.771377
-0.66935	0.416301
-0.962671	-0.753025
-0.897489	-0.698954
-0.854034	0.313188
-0.202209	0.768581
-0.658487	-0.274225
1.32958	0.313387
2.14436	0.44223
-0.397757	0.39382
1.31872	0.126443
-0.0718443	0.0566645
0.351842	0.257847
-0.615032	0.423323
-0.430348	0.380401
-0.517258	-0.113663
0.634299	0.253735
0.112839	0.0263095
-0.0501168	0.34411
-0.517258	-0.978819
-0.951808	-0.776448
3.53492	0.493958
1.16662	0.262589
0.92762	0.415483
-0.777988	-1.05206
0.395297	0.430178
-0.93008	-0.197869
-0.484667	0.404787
-0.604168	-0.481923
-0.875761	-0.784286
0.547389	0.446542
-0.0175256	0.294608
-0.0935718	-0.203592
-0.712805	-0.679504
-0.549849	0.134058
-0.875761	-0.323989
-1.02785	0.0795164
-0.0283893	-0.210989
0.178022	-0.0161922
-0.58244	0.404656
1.36217	0.232966
1.03626	0.757404
-0.875761	-0.411161
-0.528122	-0.842187
0.471343	0.434245
0.00420194	-0.140796
0.949348	0.365769
1.02539	0.251392
-0.419484	0.34701
-0.854034	-0.214366
0.00420194	0.355708
0.601708	0.28146
0.406161	0.425103
0.916757	0.372663
-1.01699	-1.58188
-0.821443	0.426772
-0.158754	0.172862
-0.701941	0.328483
0.721209	0.365436
-0.473803	0.126518
4.42575	0.500461
-0.452075	0.488669
-0.462939	-0.292475
-0.299983	-0.0919305
-0.104436	0.480517
2.32904	0.362129
-0.788851	-0.757474
-1.00613	-0.226136
0.460479	0.329344
1.3839	0.208851
-0.658487	0.134363
-0.191345	0.470706
-0.940944	-0.632125
-0.0283893	0.611681
-0.58244	-0.370394
-0.14789	0.471261
-0.528122	-0.152928
0.264932	0.359357
-0.832306	0.137942
-0.593304	0.015359
0.188886	0.365601
-0.897489	-0.17632
0.145431	0.326791
-0.158754	0.0441211
0.123703	0.482619
0.0585207	-0.304633
-0.734533	-0.734653
0.808119	-0.141077
0.373569	-0.00729762
0.601708	0.565658
-0.245664	0.161252
0.0476569	-0.0727974
-0.940944	-0.599473
-0.854034	-0.00132465
-0.897489	-0.794922
-0.115299	0.410111
3.10037	0.634085
-0.962671	-0.264277
-0.864898	-0.337318
-0.419484	0.317369
-0.93008	0.322785
0.49307	0.566322
0.351842	0.283363
-0.386893	-0.630835
-0.343438	0.349597
-0.832306	0.505278
-0.777988	-0.378065
-0.799715	0.447354
1.43822	0.404099
-0.93008	0.279871
-0.973535	0.224113
-0.84317	0.469877
-0.647623	-0.445233
-0.213073	0.221069
0.0693844	-0.45322
-0.441212	0.595567
1.7424	0.435946
0.145431	0.0701982
1.72067	0.382261
-0.93008	-0.563555
-0.84317	-1.11913
3.28505	0.594954
-0.430348	0.0333378
-0.082708	0.419826
-0.278255	0.303701
0.732073	0.578818
-0.854034	-0.127193
-0.984399	-0.574726
-0.984399	-1.18693
-0.419484	-0.218715
1.39476	0.477936
1.06885	0.443045
-0.0718443	-0.583064
1.81845	0.196523
-0.810579	-1.41286
-0.712805	-0.484762
-0.897489	-0.505127
2.67668	0.415659
-0.767124	-0.702907
0.0150657	0.0433512
0.123703	0.141564
-0.14789	0.211004
-0.886625	-0.86807
-1.01699	-0.0544475
1.53599	0.500917
-0.864898	-0.226896
0.656027	0.515767
0.373569	-0.476963
-0.647623	-0.429365
0.884165	0.474495
1.64463	0.334637
-0.365165	0.7812
1.6229	0.228874
0.732073	0.556381
-0.951808	-1.12527
1.82931	0.220553
-0.245664	-0.109177
0.732073	0.350934
-0.40862	0.401764
0.0693844	-0.49769
2.11177	0.446981
0.797255	0.188191
0.916757	0.372663
0.92762	0.521114
-0.821443	-1.00819
0.0259294	-0.325825
-0.875761	0.184423
-0.528122	-0.331903
-0.962671	-1.17864
1.48167	0.474067
0.0367932	0.178691
0.145431	0.37756
-0.691078	0.226211
-0.625895	-0.459327
3.29592	0.458077
-0.0501168	0.145482
3.75219	0.604391
0.156294	0.146284
0.710345	-0.239748
3.82824	0.842066
0.0585207	0.379083
-0.995263	-0.688737
-0.810579	-0.0747354
0.0259294	-0.251843
0.525662	0.0788636
0.0585207	0.439552
0.471343	0.432476
-0.940944	-0.541513
-0.745396	0.0702501
3.66528	0.454099
-0.788851	-0.0440415
-0.441212	-0.342719
-0.712805	0.0563122
1.03626	-0.211042
0.764664	0.0694506
-0.506394	-0.68344
1.68808	0.560455
-0.984399	-0.646985
0.00420194	0.307106
1.36217	0.263947
0.199749	-0.284375
-0.386893	-0.292398
-0.158754	0.393489
0.188886	0.370521
-0.723669	-0.309264
1.01453	0.375257
0.460479	0.481864
0.0367932	0.425411
0.123703	-0.186982
-0.984399	-0.530071
0.656027	0.440293
-0.082708	-0.131763
-0.647623	-0.0272684
1.21008	-0.464069
2.22041	0.734765
0.471343	0.268021
0.286659	0.728559
-0.32171	-0.0420075
1.51426	0.465698
-0.973535	0.076686
0.601708	0.286609
-0.441212	0.494707
-0.169618	-0.0097767
0.145431	0.0933906
0.0150657	0.412781
0.178022	0.305793
-0.745396	-0.616076
0.308387	0.314602
-0.777988	-0.392708
-0.0283893	-0.449174
0.362706	0.686319
-0.278255	0.223649
-0.289119	-0.0558868
-0.919216	-0.573715
-0.452075	-0.360654
1.18835	0.893135
-0.995263	-0.334276
0.254068	0.257236
0.178022	-0.259873
-0.908353	-0.879731
-0.615032	-0.160085
-0.58244	0.0958901
0.145431	0.256284
-0.701941	-0.0375411
-0.549849	-0.0836527
4.38229	0.581289
1.05799	0.446314
0.373569	0.589536
-0.104436	0.120153
-0.734533	0.522574
-0.973535	-0.371258
-0.854034	0.239795
-0.832306	-0.540027
-0.854034	-1.03397
0.308387	0.112389
-0.636759	0.0575043
-0.93008	-0.387969
-0.93008	-1.15875
0.0476569	-0.00219447
1.41649	0.591573
-0.473803	-0.461097
0.112839	0.4284
1.29699	0.848836
-0.180482	0.0168194
-0.473803	-0.107999
-0.93008	0.188802
-0.897489	-0.743719
-0.484667	-0.149344
0.916757	0.116005
-0.0501168	0.170564
-0.821443	0.36293
-0.604168	0.104116
-0.202209	-0.483879
-0.93008	-0.629409
3.0026	0.505384
0.471343	-0.123264
-0.267392	0.661845
-0.625895	0.0659038
-0.93008	0.279778
0.319251	-0.368778
-0.691078	0.413201
1.44908	0.616851
0.145431	0.259273
0.742937	0.370123
0.00420194	0.1026
0.851574	0.484148
0.167158	0.0429188
-0.441212	0.0158269
0.362706	0.231463
1.22094	0.261199
-0.397757	0.304918
-0.951808	-0.71319
0.601708	0.68038
0.503934	-0.233662
-0.441212	0.459291
0.0585207	-0.66182
-0.66935	-0.28637
0.612572	0.0914532
0.0259294	0.286185
-0.343438	0.322836
-0.452075	-0.0828558
0.0693844	-0.100522
-0.897489	-0.431856
1.24267	-0.126459
-0.58244	-0.896034
-0.40862	0.274508
-0.278255	0.669599
1.7424	0.694999
-0.158754	0.344513
-0.951808	-0.801162
-0.951808	-0.735086
-0.951808	-0.480544
0.0693844	0.078058
-0.886625	-0.745679
-0.625895	-0.599467
1.19921	0.304409
-0.538985	0.266331
0.438752	0.577003
-0.039253	0.0793908
2.64409	0.540721
2.00313	0.455622
-0.191345	0.214049
3.16555	0.4512
-0.32171	0.0962273
-0.875761	-0.55859
-0.365165	-0.147677
0.275796	0.35291
0.145431	-0.199127
-0.723669	-0.953507
-0.691078	0.311319
0.482207	0.00180703
0.0911119	0.255507
-0.821443	-0.448807
-0.908353	-0.259112
0.123703	0.204291
0.395297	0.228351
0.0911119	0.114283
-0.658487	0.37088
-0.560713	0.252045
-0.636759	-0.188947
-0.680214	-0.0371307
-0.0718443	0.48246
-0.832306	-0.16172
-0.0609805	-1.23271
0.656027	0.529319
-0.767124	-0.228038
-0.75626	-0.336661
-0.908353	-0.273422
-0.452075	0.296751
-0.75626	0.0209188
-0.636759	-0.108616
-0.506394	-0.0281767
0.254068	0.0456825
-0.745396	-0.258198
-0.984399	-0.770709
-0.615032	0.433461
0.0259294	0.254879
-0.082708	0.449864
-0.734533	-0.6491
1.59031	-0.184218
-0.636759	0.332329
1.43822	0.446573
-0.245664	-0.0195659
-0.256528	-0.260885
0.123703	0.415313
1.27526	0.0190693
-0.58244	-0.391141
0.732073	0.538433
2.30732	0.37631
-0.701941	-0.606957
0.384433	0.613368
-0.897489	0.364268
0.232341	-0.00442491
-0.202209	0.346917
-0.169618	0.435302
-0.604168	-0.745136
1.64463	0.334637
0.145431	-0.025642
0.406161	0.0265819
-0.886625	-0.328666
2.11177	-0.402496
-0.658487	0.100312
1.04712	0.149628
-0.810579	-0.592547
-0.191345	0.00769392
-0.49553	0.175
-0.864898	0.437496
-0.940944	-0.540127
1.31872	0.580545
-0.821443	0.288073
0.0150657	0.721072
-0.951808	-0.157151
-0.951808	-0.309655
1.1123	0.18636
1.25353	0.500778
2.67668	0.398448
-0.745396	-0.821116
-0.332574	-0.194147
-0.854034	-0.251775
-0.354302	-0.13187
1.28612	0.502596
-0.799715	0.0717409
-0.897489	-0.325421
-0.14789	-0.718306
-0.571577	0.600607
-0.875761	-1.10418
0.895029	0.658718
-0.984399	-0.39262
1.1449	0.267678
-0.886625	-1.12574
-0.376029	0.520679
0.188886	0.228757
0.590844	0.111211
2.26386	0.351332
1.8619	-0.181939
0.656027	0.411728
-0.995263	-0.910116
-0.951808	-0.278581
-0.734533	-0.525085
-0.32171	-0.0899499
-0.571577	-0.0787976
-0.951808	-0.42871
-0.604168	0.167064
-0.810579	-0.118557
-0.745396	-0.240672
-0.93008	-0.297297
-0.0718443	-0.678011
-0.897489	-0.715376
2.01399	0.543344
-0.897489	-0.231218
-0.517258	0.452684
-0.810579	-0.332202
-0.723669	-0.91829
0.92762	0.4762
0.243204	0.437986
-0.289119	-0.0599671
-0.0283893	0.529605
0.00420194	0.230844
-0.908353	-1.23975
-0.712805	-0.621361
-0.082708	-0.0212049
-0.299983	0.209174
-0.2348	0.33205
0.00420194	-0.0457929
1.56858	0.535354
0.0259294	0.495871
-0.897489	-0.739971
-0.560713	-0.0449973
2.60064	0.455116
-0.00666181	0.339592
-0.962671	0.0642119
-0.40862	-0.102946
0.84071	0.280716
-0.767124	0.613714
0.742937	0.0967926
-0.245664	0.22929
-0.40862	0.00924479
-0.462939	-0.444488
0.460479	-0.204409
-0.723669	-0.116456
-0.517258	-0.897837
-0.897489	-0.781521
2.23127	0.202337
0.167158	-0.02888
0.57998	0.643568
0.112839	0.448044
-0.0175256	-0.481459
0.427888	-0.20725
2.68755	0.493467
-0.571577	0.0726498
0.0150657	0.421089
-0.343438	-0.498141
1.18835	0.198949
-0.951808	-0.507727
1.13403	0.537189
0.7538	0.435222
-0.636759	0.0339995
-0.137027	0.202175
-0.691078	0.379489
0.525662	0.34627
-0.734533	-0.0145355
-0.875761	-0.547509
-0.647623	0.533341
-0.886625	0.237606
1.55772	-0.477435
-0.0283893	0.472068
1.52513	0.528948
-0.549849	-0.375661
0.417024	0.263449
-0.897489	-0.449446
-0.0501168	0.329435
-0.115299	-0.174362
-0.615032	0.403386
0.112839	-0.0382023
-0.419484	-0.367601
-0.14789	0.201102
0.656027	0.235045
0.884165	-0.278065
-0.93008	-0.289463
-0.919216	-0.275945
1.39476	0.299306
-0.875761	-0.672609
-0.158754	0.485895
-0.115299	0.222248
-0.213073	0.217976
0.0693844	-1.0996
1.01453	0.375356
-0.788851	-1.28016
-0.0175256	0.013986
-0.082708	0.257001
-0.419484	0.344843
0.178022	0.593551
-0.962671	-0.013297
-0.93008	-0.138854
0.319251	0.53714
-0.951808	0.235641
-0.962671	-0.54937
-0.723669	-0.123566
1.85104	0.328368
-0.940944	-0.538025
2.62236	0.690654
-0.289119	0.328532
-0.680214	0.356616
0.916757	0.443498
-0.571577	0.0181835
-0.973535	0.0380349
-0.788851	-0.113313
-0.202209	0.305052
1.8619	0.648589
-0.441212	0.271076
-0.386893	-0.410172
-0.625895	0.270986
-0.386893	-1.38916
0.503934	0.48626
-0.962671	-0.344804
-0.647623	0.210618
-0.223937	0.268198
-0.126163	0.596897
-0.940944	-0.235756
0.319251	-0.226506
0.547389	0.308761
0.710345	0.420056
-0.777988	-0.3557
-0.984399	-0.335915
2.43768	0.220375
-0.919216	-0.430641
-0.832306	-0.0568255
-0.549849	0.497442
0.395297	0.371031
0.384433	0.613368
-0.473803	-0.0163771
-0.245664	0.237507
0.547389	-0.186161
-0.58244	-0.285135
-0.202209	-0.691081
0.558253	-0.286515
0.286659	0.330096
-0.984399	-0.0613627
-1.02785	-0.607529
-0.430348	0.251905
-0.506394	-0.698552
-0.332574	0.264948
-0.832306	-0.309083
0.699482	0.0531411
-0.908353	-0.574081
1.07971	0.398451
-0.245664	-0.275974
2.52459	0.655105
0.786392	0.566961
-0.104436	0.653486
0.971075	0.466723
-0.864898	-0.548818
-0.625895	-0.283672
0.699482	0.479773
0.884165	0.453979
-0.473803	-0.165057
-0.213073	0.374425
0.112839	0.538762
-0.484667	-0.287803
0.656027	0.738279
-0.365165	0.132961
0.0367932	0.275121
-0.940944	-0.762633
-0.58244	-0.200876
0.732073	0.434255
-0.289119	0.724589
-0.104436	0.653486
0.362706	0.543871
3.9912	0.580171
0.308387	0.682927
-0.2348	-0.516862
-1.00613	-0.424298
-0.832306	0.066717
2.55718	0.675945
-0.430348	-0.457242
-0.354302	0.164697
-0.223937	0.34338
-0.886625	0.271913
0.264932	0.144745
-0.00666181	-0.17809
-0.615032	0.685102
-0.549849	-0.295935
-0.278255	0.208157
-0.897489	-0.53917
-0.712805	-0.50565
0.569117	0.315713
-0.745396	-0.677422
-0.517258	0.0819995
1.1449	-0.055888
1.30785	0.559279
0.449616	0.412569
-0.810579	-1.32773
0.57998	-0.288011
-0.777988	0.481418
-0.886625	-0.253931
-0.875761	-0.487666
-0.245664	0.0715718
-0.419484	-0.31658
-0.571577	0.43236
-0.745396	-0.110426
-0.506394	0.228357
-0.40862	-0.607006
0.57998	0.154742
-0.517258	0.478153
0.123703	0.0255105
0.558253	0.547284
2.35077	0.545127
-0.864898	-0.637797
-0.701941	-0.412932
-0.84317	-1.10963
-0.908353	-1.41278
-0.75626	-0.21965
-0.832306	-0.149725
-0.560713	-0.0755257
-0.810579	-0.500072
1.21008	-0.0890286
0.0150657	-0.35927
-0.49553	0.156892
0.0150657	0.127602
-0.538985	0.262836
3.54578	0.785398
2.09004	0.56911
-0.788851	0.461319
-0.299983	0.0856686
2.51373	0.458787
-0.691078	0.428098
-0.082708	0.407409
-0.919216	-0.989033
-0.517258	-0.0574972
0.525662	0.412853
-0.864898	-0.398496
-0.897489	-1.2122
-0.180482	0.0574644
-0.386893	-0.0697538
-0.538985	-0.898044
0.612572	0.418924
0.0585207	0.769204
-0.691078	-0.201627
-0.908353	-0.582353
0.00420194	0.459737
0.449616	0.329516
-0.484667	-0.136565
-0.386893	0.468238
0.884165	0.21904
0.264932	0.527831
-0.538985	0.0166114
-0.984399	-0.0517482
0.699482	0.436853
-0.0175256	-0.162799
-0.93008	-0.547276
-0.647623	-0.287089
-0.93008	-0.133908
-0.082708	0.548332
-0.821443	0.0788577
-0.365165	0.587703
-0.701941	0.180057
0.460479	0.63844
-0.137027	0.309945
-0.908353	0.89086
4.63216	0.480383
-0.810579	-0.418606
0.297523	-0.170787
1.48167	0.483627
2.27472	0.714079
0.308387	0.22947
1.2644	0.197288
-0.691078	-0.128869
0.308387	0.424883
-0.615032	0.420801
-0.473803	0.241738
2.31818	0.560571
-0.332574	0.0727361
-0.832306	-0.28159
-0.40862	-0.242996
4.59957	0.536965
-0.310847	0.199504
-0.0718443	0.321903
0.960212	0.259695
-0.32171	-0.0426977
-0.908353	-0.70322
-0.799715	-0.873344
-0.647623	-0.252408
-0.810579	-0.637224
-0.202209	0.0237881
0.471343	0.173412
-0.615032	-0.529561
0.0585207	0.29454
-0.538985	0.60148
1.05799	0.336
-0.58244	0.55217
-0.940944	-0.326547
1.48167	0.114096
1.49254	0.665825
-0.310847	0.477954
-0.821443	-0.98613
0.384433	0.360101
1.37303	0.894285
-0.0283893	0.468836
-0.767124	0.0438212
2.00313	0.10931
-0.647623	0.364618
-0.560713	0.183851
-0.2348	-0.123899
0.0802482	0.54427
0.677754	0.279583
-0.864898	0.0422326
-0.386893	0.513084
-0.93008	-0.289463
1.19921	0.64364
0.0802482	0.617382
-0.484667	0.154063
-0.908353	-0.13596
-0.528122	0.568718
0.134567	0.372557
-0.202209	-0.147036
0.460479	0.408531
-0.93008	-0.971807
-0.897489	-0.408787
1.61204	0.0998259
-0.854034	-0.27061
0.438752	0.297188
-0.962671	-1.01319
-0.082708	0.56231
-0.984399	-0.973129
0.167158	0.394977
-0.332574	-0.577654
-0.886625	-0.203607
-0.604168	0.182446
-0.223937	0.268601
1.29699	0.309484
2.98087	0.406031
-0.951808	-0.154508
-0.864898	-1.01531
-0.951808	-0.735848
-0.745396	-0.120852
-0.940944	-0.808463
-1.03872	-0.618167
-0.701941	-0.601474
-0.104436	0.354628
-0.658487	0.0597808
-1.03872	-0.0241941
-0.919216	-1.27873
-0.973535	0.0236922
-0.0935718	0.430607
-0.0175256	0.294608
-0.658487	0.375536
-0.647623	-0.552512
-0.93008	-0.245512
1.04712	0.586743
-0.202209	0.444362
1.15576	0.494977
-0.908353	-0.38223
-0.528122	-0.335622
1.6229	0.686599
-0.528122	-0.787727
-0.462939	0.392718
-0.691078	-0.796668
1.05799	0.136203
-0.202209	0.26195
0.569117	-0.215276
-0.84317	0.341164
-0.40862	0.414835
1.66636	0.34307
-0.875761	-0.679675
-0.908353	-1.41098
-0.615032	-0.326789
-0.365165	0.395788
-0.625895	-0.388728
0.112839	0.36294
0.156294	-0.322611
-0.615032	-0.391375
1.78586	0.611841
-0.2348	-0.460083
-0.0935718	0.0788905
-0.777988	-1.21657
-0.940944	0.10048
0.601708	0.320856
0.156294	-0.133154
0.449616	0.254964
-0.680214	0.234968
0.0476569	0.536625
0.981939	0.327855
-0.723669	0.295532
-0.2348	0.432352
-0.310847	0.458133
-0.897489	-1.26153
-0.452075	-0.0253139
-0.897489	-0.501392
-1.00613	-0.801561
-0.256528	0.38671
0.873302	0.014781
0.308387	-0.0384826
-0.00666181	0.0918995
-0.940944	-0.0701901
1.36217	-0.033564
1.03626	0.340585
-0.84317	0.562386
1.39476	0.484531
-0.908353	-0.636645
-0.560713	-0.226476
0.905893	0.666494
-1.01699	0.165573
-0.810579	-0.191392
0.0259294	0.256253
-0.734533	-0.656967
-0.0609805	0.210802
-0.767124	0.0374454
-0.528122	0.0375232
-0.951808	-0.605033
-0.213073	-0.747681
0.0150657	0.412781
-0.810579	-0.344596
-0.365165	-0.0744118
-0.484667	-0.233778
-0.886625	-0.697049
0.319251	-0.0522848
0.818983	-0.208751
0.210613	-0.024582
-0.115299	0.313289
-0.995263	-0.719799
-0.0283893	0.104661
-0.940944	0.00146249
-0.365165	0.26822
1.35131	0.298309
0.612572	0.45168
-0.506394	-0.176345
4.03465	0.489674
-0.126163	-0.126367
-0.962671	-0.13219
2.00313	0.155321
-0.723669	-0.136769
-0.00666181	0.564275
0.0693844	0.331612
-0.560713	0.484371
-0.810579	-0.330157
1.6229	0.455773
-0.343438	0.506214
-0.528122	-0.046398
-0.658487	0.318291
-0.354302	-0.380377
-0.462939	0.0461707
-0.625895	-0.936538
0.797255	0.770128
-0.484667	0.0916154
-0.137027	0.241568
1.28612	0.668355
-0.538985	-0.469066
1.47081	-0.166493
0.0802482	0.180819
5.60989	0.681596
0.905893	-0.145667
-0.647623	-1.40575
0.503934	0.0596695
1.12317	0.523241
-0.40862	-0.626446
0.514798	0.283034
0.145431	-0.138543
-0.58244	-0.387184
1.03626	0.34294
0.330114	0.494261
-0.115299	0.639548
-0.658487	-0.326754
-0.40862	0.248123
0.482207	-0.296637
0.84071	0.305999
-0.419484	0.0417331
0.699482	0.36306
-0.691078	-0.567366
-0.310847	0.288444
1.64463	0.259407
0.786392	0.174128
0.84071	0.44413
-0.962671	-1.19408
-0.940944	-0.94291
-0.299983	-0.529456
2.43768	0.152461
-0.354302	-0.00350091
1.52513	0.454906
0.351842	0.481428
0.210613	-0.295307
-0.973535	-1.72293
-0.419484	-0.477493
1.5034	0.302691
0.569117	0.524572
-0.386893	0.369442
0.623435	-0.192562
-0.897489	-0.681122
-0.897489	0.559165
2.22041	0.713362
1.42735	0.505601
1.02539	0.296811
-0.691078	0.196247
-0.462939	0.021398
-0.376029	-0.532214
-0.745396	-0.58731
-0.245664	0.327118
-0.973535	-0.547777
-0.647623	-0.00695265
-0.0718443	0.369742
-0.039253	0.158126
0.101976	0.205546
-0.354302	0.174752
-0.517258	0.0337103
-0.0935718	-0.138574
1.06885	0.443045
0.264932	-0.0327155
-0.0718443	0.384151
-0.0501168	-0.174243
-0.897489	-0.907244
-0.962671	-0.774832
-0.93008	0.196429
-0.158754	-0.644059
-0.0935718	0.130468
-0.93008	-0.251429
-0.864898	-0.540343
-0.104436	0.0348204
-0.691078	0.331414
1.01453	0.431415
-0.745396	-0.325547
-0.00666181	0.537498
0.742937	0.12513
-0.777988	0.0592445
-0.66935	0.146492
0.536525	0.0157268
-0.354302	-1.14335
-0.680214	0.10585
0.503934	0.211475
0.275796	0.741146
-0.897489	-0.894289
-0.137027	0.409726
8.24978	0.854429
-0.343438	0.203723
1.12317	0.805558
-0.549849	0.256959
-0.615032	0.259341
1.03626	0.399821
-0.082708	-0.158904
-0.310847	0.00427422
0.916757	0.0577218
-0.962671	-0.465298
-0.973535	0.267499
-0.864898	-1.04177
-0.419484	0.53158
-0.506394	0.0130921
1.21008	0.0870147
-0.115299	0.080554
-0.310847	0.473593
-0.615032	0.178671
-1.02785	-0.952603
0.818983	-0.184702
-0.332574	-0.0807611
-0.658487	-0.993531
0.254068	0.320863
-0.0283893	-0.0762398
-0.810579	0.228204
-0.560713	0.428347
-0.615032	0.00013399
0.0802482	-0.199019
0.775528	-0.049806
-0.788851	0.00895852
-0.137027	0.0174478
1.44908	0.22392
-1.00613	-0.916165
-0.484667	-0.616961
-0.734533	-0.332191
0.710345	0.415983
5.60989	0.681596
-0.615032	-0.509361
0.0150657	0.127602
-0.734533	0.135847
-0.680214	0.256315
-0.278255	-0.358109
1.15576	0.0968261
-0.799715	-0.602868
-0.973535	-0.154712
0.417024	-0.153315
0.427888	0.503026
-0.854034	-0.589685
0.112839	-0.592613
-0.712805	-1.48692
0.612572	0.179196
-0.962671	-0.548849
1.51426	-0.10211
0.384433	0.461477
1.80758	0.573128
-0.951808	-0.76693
-0.625895	-0.219924
0.971075	-0.26099
-0.2348	-0.33278
-1.02785	-0.708999
-0.039253	-0.0551547
-0.821443	-0.821566
-0.441212	0.125584
-0.984399	-1.14625
-1.02785	0.380658
-0.082708	0.401003
-0.832306	0.579858
-0.691078	-0.854188
1.47081	-0.0207242
-0.104436	0.472624
0.0802482	0.014266
-0.473803	0.296982
-0.0935718	-0.162381
0.395297	0.148291
-0.213073	-0.53599
-0.2348	0.525149
0.742937	-0.134612
1.67722	0.271714
-0.647623	0.603282
1.27526	0.363776
-0.462939	0.335269
0.503934	0.361622
1.1449	0.39618
-0.919216	0.231834
0.427888	-0.0334159
0.406161	0.385308
-0.777988	0.249993
1.63376	0.457059
0.960212	0.336908
-0.376029	-0.597366
-0.473803	0.463667
-0.169618	-0.23066
1.06885	0.547118
0.00420194	0.166472
-0.940944	0.40221
-0.93008	-0.750201
0.0585207	-0.550615
1.89449	0.537721
-0.940944	0.275368
-0.821443	-0.125817
-0.821443	-0.671662
0.101976	0.401723
0.101976	0.0396243
-0.32171	0.422156
-0.126163	0.430211
0.286659	0.297528
-0.908353	-0.40272
-0.897489	0.300174
-0.310847	-0.464579
-0.799715	-0.904981
-0.723669	0.240887
0.112839	-0.12236
-0.462939	-0.517733
-0.0609805	-0.31241
-0.245664	-0.101717
-0.908353	0.317962
1.48167	-0.430701
-0.549849	0.534853
3.62183	0.195418
-0.66935	-0.933062
-0.473803	-0.0927407
-0.419484	-0.0569522
-0.691078	-0.091771
0.167158	0.239438
-0.343438	0.224286
-0.93008	0.196429
-0.549849	0.528332
-0.245664	0.431479
1.39476	0.859912
-0.256528	-0.485137
0.384433	0.331974
-0.84317	-1.32991
1.43822	0.433489
-0.940944	-0.0201221
-0.680214	-0.695588
0.0585207	-0.448641
2.00313	0.647971
-0.506394	-0.465609
-0.745396	0.0725238
-0.636759	0.590083
-0.397757	-0.268187
1.34044	0.167521
-0.745396	-0.153726
1.61204	0.567519
-0.691078	0.331414
-0.343438	-0.505466
0.0367932	0.187551
4.50179	0.793629
-0.864898	0.311555
-0.788851	-0.407302
-0.84317	-0.39761
-0.75626	0.581425
-0.0609805	0.324723
-0.951808	-0.652213
-0.397757	0.248141
-0.430348	-0.0477282
0.938484	-0.0208571
2.72014	0.701967
-0.528122	0.144965
-0.104436	-0.27101
0.49307	0.566322
-0.615032	-0.0306219
-0.886625	-1.3175
1.32958	-0.0167653
0.818983	0.480733
0.156294	-0.626416
1.24267	0.25745
-0.940944	-0.820043
-0.908353	-0.324435
-0.256528	0.243834
-0.332574	0.236539
2.29645	0.230838
-0.832306	-0.398909
-0.636759	-0.0151239
-0.158754	0.332828
-0.810579	-0.321515
-0.376029	-0.488546
-0.66935	-0.75183
-0.625895	-0.0681084
2.42682	0.410602
-0.799715	-0.732
1.73154	0.301334
-0.104436	0.574368
-0.40862	0.286947
-0.680214	0.0170223
-0.951808	-0.395026
0.699482	0.436853
-0.625895	-0.572283
0.471343	0.100817
-0.777988	-0.50582
1.61204	0.413393
-0.40862	-0.0240889
1.12317	-0.27707
-0.354302	0.419554
-0.484667	0.0466304
2.26386	0.403551
-0.973535	-0.391156
-0.864898	-0.950407
2.17695	0.550196
-0.908353	-0.744514
-0.767124	0.472638
-0.701941	-0.643311
-0.897489	0.0434572
-0.538985	0.123422
3.67615	-0.0678858
3.03519	0.517688
-0.93008	-1.09047
-0.854034	-0.166842
-0.082708	-0.0302765
-0.84317	-1.0516
-0.832306	-0.265366
1.55772	0.0440844
-0.158754	0.2249
1.16662	0.376304
0.00420194	0.727858
0.340978	0.06327
-0.213073	0.284837
-0.158754	-0.189564
-0.506394	0.181133
0.330114	0.477088
-0.169618	-0.045044
-0.908353	0.338579
-0.647623	-0.828651
-0.441212	0.259813
-0.126163	0.368862
-0.647623	-0.259662
-0.332574	0.543208
-0.278255	-0.415534
0.514798	0.327309
-0.962671	-0.861618
-1.00613	-0.916165
-0.767124	0.613714
-0.462939	-0.673594
-0.137027	0.559916
-0.158754	0.330327
-0.973535	-0.238189
0.938484	0.260546
-0.299983	-0.53783
0.167158	0.414297
3.05691	0.601315
-0.615032	-0.556856
-0.625895	0.324904
-0.897489	-0.528103
-0.452075	-1.5272
-0.462939	0.492262
-0.0501168	0.392659
-0.625895	0.315948
-0.256528	0.543068
-0.180482	-0.905069
-0.528122	-0.350189
-0.734533	0.409318
0.57998	0.401411
0.406161	0.789921
0.0911119	0.33968
-0.397757	-0.234301
-0.484667	-0.171428
-0.886625	-1.27558
0.232341	0.34791
-0.962671	-0.861131
0.0585207	0.179934
-0.897489	-0.761075
-0.636759	0.351552
-0.897489	-0.416676
0.00420194	0.0160958
1.95968	0.221348
0.960212	0.461912
2.00313	0.513852
0.601708	-0.268814
-0.571577	0.184553
-0.810579	-0.860987
-0.810579	-0.508986
-0.256528	-0.697257
4.64302	0.770263
1.00367	0.460528
0.0585207	0.355257
0.938484	0.381306
0.699482	0.419657
-0.984399	-0.574726
1.04712	0.5284
-0.560713	-0.733362
-0.897489	-1.04219
0.134567	0.267241
0.254068	0.285882
-0.658487	-0.146443
2.12263	0.610042
-0.636759	0.590083
0.112839	-0.169736
-0.462939	0.110966
-0.49553	-0.339896
1.18835	0.42818
3.92601	0.504243
1.39476	0.571895
1.16662	0.24693
-0.745396	-0.0436445
-0.625895	-0.783578
-0.473803	0.548484
-0.299983	-0.410901
-0.213073	-0.361441
-0.767124	0.565422
-0.039253	0.627456
0.275796	-0.460161
-0.343438	-0.72684
1.84017	0.436052
-0.777988	-0.47041
1.56858	0.0591253
1.02539	0.325458
-0.180482	0.671521
0.623435	0.437352
1.36217	0.466058
-0.354302	-1.02101
0.471343	0.15958
-0.126163	-0.0250891
0.112839	-0.446521
2.00313	0.13361
0.101976	0.123874
-0.354302	0.429701
-0.191345	0.377878
-0.680214	0.00645773
-0.419484	-0.262824
-0.864898	-0.156444
1.36217	0.485287
-0.995263	0.39298
0.373569	0.0668472
-0.593304	0.0990921
0.0802482	0.339449
-0.984399	-0.777567
-0.180482	-0.09676
0.49307	0.515329
-0.2348	0.136894
0.818983	0.5635
-0.962671	0.442557
-0.0609805	0.204706
-0.973535	-0.824985
1.51426	0.279666
1.55772	0.486717
-0.473803	-0.531237
-0.126163	0.408728
0.275796	0.23207
-0.082708	-0.0934619
-0.2348	-0.0703438
-1.00613	-0.139588
-0.376029	0.349197
0.884165	0.509102
-0.864898	-1.03682
0.634299	0.504801
0.884165	0.514544
0.938484	-0.409508
-0.875761	-0.564732
0.645163	0.359568
-0.821443	-0.485111
-0.0283893	-0.73258
-0.278255	0.299944
-0.886625	0.21078
-0.00666181	0.5184
-0.799715	0.266245
-0.810579	-0.418606
-0.506394	0.618463
-0.984399	-0.105995
-0.49553	0.285992
-0.310847	0.38189
-0.962671	-1.48937
-0.452075	0.172708
0.373569	0.0626349
-0.777988	-0.458708
-0.441212	-0.113617
-0.604168	0.34171
-0.137027	0.559916
-0.919216	-0.420413
1.13403	0.0660216
-0.180482	0.459934
0.0259294	-0.417562
-0.223937	0.691287
-0.973535	-0.705145
-0.93008	-1.07848
-0.538985	-0.33876
-0.701941	-0.0353094
-0.245664	-0.741043
-0.40862	0.450484
-0.886625	-1.00982
0.818983	0.480733
0.949348	0.855319
2.53545	0.302585
-0.962671	-1.19377
-0.365165	0.26822
-0.0718443	-0.226942
1.17749	0.122909
0.417024	0.375406
-0.788851	-0.58947
0.438752	0.171303
-0.854034	-1.22372
-0.0718443	-0.167573
-0.832306	-1.01625
-0.66935	-0.223467
0.188886	-0.204795
-0.691078	-0.540374
-0.528122	-0.177108
-0.615032	-0.864487
-0.919216	-1.05442
-0.680214	-0.093049
0.178022	-0.304778
-0.658487	-0.375995
2.75273	0.20011
-0.788851	-0.296658
0.895029	0.391199
0.330114	-0.11109
-0.473803	-0.0426276
2.731	0.412988
-0.995263	-1.31655
-0.908353	-0.769257
-0.875761	-0.332346
-0.560713	-0.306326
0.243204	0.638677
3.80651	0.530883
0.373569	0.420173
0.558253	-0.223258
-0.299983	0.190041
-0.973535	0.35074
-0.680214	0.0594353
-0.854034	-1.22908
-0.745396	0.480803
0.699482	0.103867
0.905893	0.380178
-1.00613	0.24604
-0.821443	-0.797263
2.05745	0.46868
-0.658487	-0.723527
0.362706	0.292121
0.981939	0.42005
0.286659	-0.226218
-0.517258	-0.119514
-0.84317	0.438106
0.145431	0.328897
-0.93008	-0.43746
-0.723669	-0.329758
-0.126163	0.0337671
1.25353	0.896275
-0.549849	0.292459
-0.658487	-0.0407904
-0.484667	0.417066
3.54578	0.194697
-0.951808	0.504601
-0.680214	-0.71413
1.15576	0.306413
-0.908353	-1.70955
0.612572	0.441132
-0.213073	0.126256
0.92762	0.528474
-0.636759	-0.388911
-0.647623	-0.138144
-0.354302	-0.478811
0.156294	0.0700274
-0.202209	-0.0239848
-0.973535	-0.648433
0.558253	0.127232
-0.169618	0.368879
-0.854034	-0.153725
-0.223937	-0.56886
-0.32171	0.39028
0.569117	0.328569
-1.00613	0.476532
-0.93008	-0.221083
-0.658487	-0.232862
-0.84317	-0.150383
-0.0283893	0.240846
0.427888	0.529279
-0.386893	0.325861
-0.104436	-0.148495
-0.799715	-0.178731
-0.636759	-0.326808
-0.082708	-1.99867
1.30785	0.389372
-0.93008	0.0313883
0.0476569	0.00802429
-0.00666181	-0.624334
0.732073	0.421778
-0.723669	0.332725
-0.343438	0.241627
-0.462939	0.269739
-0.278255	0.302472
-0.506394	-0.0599795
-0.191345	0.250953
3.33937	0.481181
-0.082708	0.467234
-0.462939	-0.370954
0.362706	0.351969
-0.995263	-0.500779
-0.332574	0.118425
-0.810579	0.17573
-0.560713	-0.824636
-0.864898	-0.269893
0.0693844	0.44858
0.134567	0.0065328
-0.528122	-0.240314
-0.940944	-0.615803
2.43768	0.19182
-0.528122	0.490135
-0.452075	-0.12749
-0.104436	-0.00690683
-1.00613	-0.460232
0.254068	0.408347
0.0150657	0.0172533
0.0367932	0.558625
-0.940944	-0.270581
-0.32171	0.422156
0.340978	0.298654
-1.00613	-0.984706
-0.245664	0.385062
1.15576	0.66714
-1.01699	0.439386
-0.213073	-0.320853
-0.951808	-0.412301
-0.180482	0.198773
1.52513	0.468419
-0.0609805	0.36003
0.112839	0.271414
-0.897489	0.298306
3.29592	0.493228
-0.343438	0.467202
-0.973535	-0.359797
-0.886625	-0.769575
0.84071	0.144417
0.992803	0.386021
-0.245664	-0.114568
0.764664	0.663093
-0.202209	0.266892
4.38229	0.546905
-0.908353	-0.794394
1.2644	0.424978
0.00420194	0.255339
0.981939	-0.19658
-0.158754	-0.0803804
-0.506394	-1.04077
0.482207	0.200926
0.123703	0.479228
-0.58244	0.447062
-0.940944	-0.970774
-0.810579	0.010689
3.15469	0.666701
-0.919216	-1.12788
-0.832306	-0.810265
1.82931	-0.117267
-0.245664	0.224607
-0.506394	-0.344576
-0.919216	0.544799
0.775528	0.0538104
0.101976	-0.15314
-0.799715	0.327147
-0.538985	-0.428228
-0.256528	0.241467
2.00313	0.10124
-0.658487	0.800075
-0.158754	-0.435284
-0.593304	-0.195775
-0.082708	0.214906
-0.962671	-0.200095
-0.571577	0.124765
-0.126163	0.224833
2.65496	0.275603
0.710345	0.826346
-0.506394	-0.718846
-0.299983	0.591908
2.31818	0.61326
-0.864898	-1.58927
-0.0283893	0.379399
2.82878	0.238653
-0.886625	-0.398735
-0.615032	0.182108
0.0476569	-0.356441
-0.93008	-0.942974
-0.680214	-0.818423
0.7538	0.496167
-0.506394	0.0515947
-0.66935	0.139446
2.1009	0.397519
0.7538	0.535104
-0.973535	-0.745732
2.53545	0.591222
4.15415	0.695256
-0.213073	0.258747
-0.886625	-1.04739
-0.647623	-0.544075
-0.604168	0.263125
0.797255	0.396818
-0.104436	0.402567
-0.821443	-0.257587
0.742937	0.483603
0.254068	-0.355808
-0.864898	-0.950407
4.50179	0.691121
4.50179	0.793629
0.362706	0.166905
-0.723669	-0.116603
0.395297	0.0705827
-0.908353	0.214462
-0.452075	0.35621
0.732073	0.352657
1.70981	0.378668
0.101976	0.255185
0.895029	-0.00429818
-0.962671	-1.14106
-0.940944	-0.218651
-0.365165	0.189819
2.52459	0.720751
1.03626	0.512826
1.2644	0.401559
-0.202209	-0.106508
-0.864898	0.227076
-0.832306	-0.144818
2.14436	0.331977
-0.84317	-0.516791
0.818983	0.650962
3.39369	0.510926
-0.93008	-0.0821841
0.406161	-0.404765
-0.734533	0.319282
-0.2348	0.187051
0.438752	0.0200236
-0.951808	-1.08513
0.178022	0.485045
-1.01699	-1.29115
0.319251	0.422567
0.449616	-0.116081
-0.462939	0.176012
0.178022	-0.010678
0.503934	0.350198
-0.799715	0.113759
0.656027	0.343998
-0.158754	-0.519961
-0.397757	-0.111497
-0.832306	-0.743036
2.79618	0.440177
-0.691078	-0.0650222
0.829847	0.571915
0.00420194	0.326839
0.558253	0.508442
-0.223937	-0.456362
0.0476569	0.0907559
-0.376029	-0.286238
-0.777988	-0.492618
-0.462939	-0.825815
0.395297	-0.101574
-0.549849	0.534853
-0.180482	0.401226
2.75273	0.0134207
-0.397757	0.0648751
-0.810579	-1.16978
2.09004	0.00551447
-0.0609805	0.266413
-0.484667	-0.00723248
-0.951808	0.0484088
1.35131	0.866334
0.167158	0.019321
0.460479	-0.015443
-0.517258	-0.101843
0.167158	-0.0998289
-0.658487	-0.742739
-0.854034	-0.723005
1.77499	0.41547
0.406161	-0.176787
1.40563	0.102115
-0.940944	-0.533316
-0.310847	-0.0212479
2.731	0.0567761
-0.00666181	-0.465544
-0.256528	0.426468
0.677754	-0.193078
0.112839	0.205078
0.569117	0.283867
-0.897489	-1.00979
-0.126163	0.229062
0.0150657	0.416843
-0.462939	-0.0409419
0.0802482	0.265606
-0.40862	0.591254
-0.691078	0.0821581
0.156294	-0.578043
-0.951808	-0.201426
1.30785	0.00463712
0.0693844	0.272238
0.884165	0.295719
2.04659	0.429953
0.0911119	0.378408
-0.767124	-0.259044
-0.528122	-0.046398
-0.376029	0.386197
-0.625895	0.124396
1.28612	0.371154
-0.810579	0.434894
0.0259294	-0.0549034
0.123703	-0.0574822
1.07971	0.343757
0.275796	0.2053
-0.951808	0.158619
-0.517258	0.079429
0.101976	0.314012
0.981939	-0.178729
-0.32171	-0.0899499
-0.419484	-0.131409
-0.919216	-0.819502
-0.0609805	0.230979
-0.0935718	0.402763
0.916757	0.116005
-0.777988	0.110092
-0.940944	-0.683841
0.406161	0.358006
-0.32171	0.710434
-0.528122	-0.61039
0.438752	0.243056
-0.32171	0.330662
0.362706	0.504994
1.51426	0.279666
1.19921	0.354077
0.427888	0.292436
-0.2348	0.487025
-0.908353	-0.631521
0.221477	0.312111
1.82931	0.274312
0.134567	0.380595
-0.58244	-0.589533
-0.951808	-0.569874
-1.01699	0.379436
-0.767124	0.236701
1.75326	0.383564
-1.00613	-1.31657
-0.788851	-0.171469
0.558253	0.166775
-0.473803	-0.360762
1.27526	0.273603
-0.886625	-1.25063
1.97054	0.09225
-0.40862	0.414835
0.699482	0.479773
0.677754	-0.0475442
-0.691078	-0.386514
-0.0175256	0.606602
1.00367	0.419371
0.123703	0.521193
2.69841	0.362452
-0.810579	-0.407501
-0.680214	-0.0221197
-0.289119	0.570091
-0.854034	-0.4165
-0.962671	-0.188184
1.1123	0.282443
-0.745396	0.387801
-0.886625	-0.39575
-0.506394	-0.779907
-0.962671	0.015211
-0.745396	0.340828
3.2416	0.681266
-0.039253	-0.385621
-0.386893	0.553268
0.178022	0.260051
-0.864898	-0.828388
0.384433	0.431195
-0.962671	-0.678325
-0.506394	-0.484246
-0.712805	0.560665
-0.875761	-0.390053
3.66528	0.49751
-0.886625	-0.256932
-0.908353	0.122912
-0.940944	-0.541513
0.547389	0.149775
-0.962671	-0.456132
-0.973535	-0.88657
-0.908353	-0.308462
1.42735	0.718272
0.569117	0.0875204
0.66689	0.439199
-0.897489	-1.12069
-0.0175256	0.057717
-0.0283893	-0.164114
0.0367932	0.107678
-0.180482	-0.0894412
-0.115299	-0.792935
-0.962671	-0.0767341
-0.376029	-0.042007
1.00367	0.309306
1.63376	0.0397293
1.27526	0.25519
0.0693844	0.275191
-0.0501168	-0.0137261
0.112839	-0.220095
-0.158754	0.268641
-0.940944	-0.457495
-0.712805	0.141125
1.60117	0.100538
0.503934	0.520534
-0.137027	0.252108
0.330114	-0.649257
-0.712805	-0.396058
0.92762	0.4762
-0.517258	0.0382849
-0.951808	0.23983
-0.919216	-0.842176
3.84997	0.572573
0.0259294	0.448083
0.427888	-0.719777
1.68808	0.400197
-0.810579	-0.516792
-0.799715	-0.141875
-0.832306	0.0967117
0.873302	0.359085
-0.256528	0.421361
1.17749	0.224993
-0.256528	0.0573992
-0.93008	-0.483093
-0.734533	0.344916
-0.919216	0.0885866
-0.864898	-0.856293
0.232341	0.00407238
0.732073	0.233526
-0.0609805	0.409992
-0.299983	-0.205001
-0.32171	-0.100011
-0.897489	-0.554611
1.07971	0.343757
-0.712805	-1.06505
-0.886625	-0.698833
-0.897489	-0.725169
-0.93008	-0.197869
-0.788851	-0.668096
0.254068	0.347223
0.601708	0.298072
0.00420194	0.112899
0.0911119	-0.00859618
-0.126163	0.331072
-0.897489	0.270394
-0.0283893	0.21313
0.0150657	0.50157
0.00420194	0.515679
-0.0175256	-0.289421
-0.354302	-0.339186
0.134567	0.0305746
-0.908353	-0.446832
-0.777988	-0.513608
-0.419484	0.147142
0.732073	0.681413
0.319251	0.127466
-0.549849	-0.456585
-0.267392	0.271315
-0.93008	-0.728987
-0.734533	-0.349385
-0.75626	0.435669
-0.908353	-0.993045
2.00313	0.170998
-0.560713	0.080124
1.30785	0.50897
0.503934	0.621616
-0.919216	-1.02665
-0.777988	-0.401651
-0.854034	-0.983488
0.264932	0.1143
-0.875761	-0.537086
0.156294	0.0154697
1.90536	-0.318474
-0.32171	0.359617
1.01453	0.545263
-0.419484	0.490195
-0.452075	-0.176535
-0.441212	-0.657005
0.156294	0.522833
0.721209	0.521857
0.590844	-0.691944
0.427888	0.405453
-0.777988	0.414081
0.243204	-0.482698
-0.115299	0.267897
-0.506394	0.378812
0.188886	0.219281
-0.940944	-0.320002
0.243204	0.444488
-0.115299	0.378613
-0.484667	0.148134
-0.0609805	0.316063
-0.832306	-0.277171
2.70927	0.499071
-0.365165	0.366574
-0.951808	-1.26177
-0.441212	-0.317602
-0.0283893	0.497374
-0.723669	-0.465177
0.340978	0.69519
0.188886	0.444773
-0.951808	-0.447697
-0.484667	-0.123347
-0.908353	-0.382486
0.145431	-0.157109
0.57998	0.280533
-0.897489	-0.287369
0.851574	0.510664
-0.777988	-0.515605
-1.00613	-0.296106
0.438752	0.239574
1.04712	0.178091
-0.864898	-0.487779
-0.647623	-1.40575
0.0150657	0.451654
1.22094	0.246907
0.0693844	-0.16259
-0.832306	0.488621
1.55772	0.255849
-0.593304	0.123518
-0.832306	-0.304385
-0.419484	-0.399944
0.525662	0.298507
2.91569	0.62208
0.66689	0.277362
-0.538985	0.305209
-0.821443	-0.708255
-0.767124	0.17625
0.199749	0.401483
-0.376029	-0.0751795
-0.745396	0.290864
-0.973535	-0.801829
0.406161	0.241795
-0.995263	-1.06613
1.57945	0.667197
2.24213	0.477175
-0.571577	0.287431
-0.0718443	0.501614
0.0911119	0.524448
0.438752	0.522813
1.54685	0.517687
0.873302	0.17431
-0.58244	-0.861132
0.406161	0.502394
-0.951808	-0.353399
0.0693844	0.168503
-0.376029	0.839474
-0.137027	0.468701
-0.821443	-1.01872
-0.593304	-0.742445
0.101976	0.662059
0.66689	0.28368
-0.821443	0.522023
1.30785	0.539769
0.254068	0.503406
0.569117	-0.434277
-0.777988	0.247153
-0.473803	0.130263
0.243204	-0.225102
-0.278255	0.557912
-0.625895	0.483257
-0.169618	0.256648
-0.940944	-0.902202
-0.799715	-0.493235
-0.788851	0.148051
-1.01699	0.0868831
-0.788851	0.352148
-0.84317	0.467753
1.81845	0.395951
-0.962671	-0.100194
3.39369	0.671912
-0.767124	-0.591123
2.66582	0.42605
-0.2348	0.263102
-0.84317	0.0909058
3.21987	0.603353
0.905893	0.389291
-0.734533	0.387571
-0.354302	0.595446
-0.854034	-0.167239
1.52513	0.327432
-0.202209	0.230913
0.308387	-0.70393
0.503934	0.124885
0.319251	-0.158779
-0.419484	0.366704
-0.082708	0.53884
-0.506394	0.305837
0.449616	0.216409
2.80705	0.677251
-0.973535	0.388929
-0.430348	-0.111186
0.590844	0.399664
-0.441212	-0.520616
0.503934	-0.085439
-0.332574	0.14644
0.101976	-0.067561
-0.777988	0.187486
0.0476569	0.443666
-0.484667	-0.314081
-0.278255	0.477565
-0.386893	0.209812
0.286659	-0.176359
-0.604168	0.0675225
2.51373	0.255387
-0.908353	0.115579
1.21008	0.615872
-0.278255	0.327161
-0.951808	-0.654335
0.145431	-0.376355
-0.810579	0.17617
-0.0609805	0.39555
0.732073	0.681413
1.23181	0.245398
-0.506394	0.354845
1.28612	0.512227
-0.886625	-1.07574
2.17695	0.347173
-0.462939	-0.0285952
0.178022	0.481239
-0.723669	-0.262985
-0.821443	-0.369947
-0.202209	0.208589
-0.973535	0.17692
-0.908353	-0.590512
-0.66935	-0.327561
1.04712	0.471536
-0.40862	0.00180078
-0.995263	0.304084
-0.115299	-0.105167
-0.875761	-0.598889
0.199749	0.259714
0.112839	-0.0497032
-0.332574	-0.0761169
-0.647623	0.114898
-0.158754	0.24402
0.829847	0.438711
-0.897489	-0.586596
-0.951808	0.0929375
-0.462939	-0.0391263
0.264932	0.301683
-0.245664	0.210064
0.677754	-0.535886
1.10144	-0.533993
0.178022	0.0957402
-0.777988	0.0865183
-0.821443	-0.740955
-0.864898	-0.376937
-0.386893	-0.00929944
-0.658487	0.124572
-0.93008	-0.300001
-0.908353	-0.43231
-0.821443	-0.29197
-0.962671	-0.2467
0.7538	-0.0255502
-0.691078	-0.262474
-0.984399	-0.694479
1.39476	0.589388
0.340978	0.346338
2.07918	0.493518
0.49307	0.225296
-0.191345	0.155076
-0.984399	-0.230302
-0.940944	-1.0735
-0.821443	-0.584194
-0.734533	0.46195
-0.767124	0.361548
-0.767124	0.404836
-0.995263	-0.508981
0.188886	0.521285
-0.832306	-0.410805
1.1123	0.458735
-0.419484	0.440523
1.97054	0.420491
0.92762	-0.437903
-0.897489	-0.788496
0.66689	0.378564
-0.506394	0.579748
-0.506394	0.315427
0.319251	0.386537
3.19814	0.412863
-0.854034	-0.604949
-0.973535	-0.584448
-0.397757	0.376172
-0.0609805	0.115997
0.395297	0.430307
1.10144	0.235106
-0.473803	0.0241602
-0.636759	-0.400355
-0.821443	-0.699431
0.427888	0.0596591
-0.0283893	-0.0374493
-0.430348	-0.0216956
-0.799715	-1.27101
-0.310847	-0.705128
1.12317	0.342028
-0.593304	-0.493258
-0.354302	0.50874
-0.365165	0.185806
-0.93008	-0.904869
-0.115299	0.427464
0.427888	0.0933272
0.232341	0.41509
0.254068	0.47134
-0.864898	-0.0879267
0.00420194	0.199621
0.384433	0.322724
-0.082708	0.213613
0.634299	0.236196
-0.538985	-0.318889
-0.310847	-0.0856673
0.0476569	0.424391
-0.701941	0.376151
-0.745396	-0.465181
-0.441212	-0.0967362
-0.799715	0.728879
0.406161	0.0999357
0.112839	0.647937
-0.680214	-0.0164817
1.61204	0.0932328
-0.0609805	-0.0785841
3.13296	0.481198
0.862438	0.0522166
-0.75626	0.0174324
-0.886625	-0.433129
-0.821443	0.415829
0.0911119	0.687233
0.232341	0.314482
1.81845	0.393063
-0.93008	-0.828618
-0.452075	0.136843
-0.93008	-0.977652
-0.940944	-0.582282
0.362706	0.58629
-0.528122	0.242322
0.00420194	0.542829
0.623435	0.563552
-0.951808	0.491759
-0.995263	0.269108
-0.919216	0.183676
1.06885	0.49639
1.29699	-0.439206
-0.299983	0.124798
1.72067	0.438963
-0.66935	-0.141281
-0.0175256	0.280451
-0.940944	-0.970774
-0.169618	0.354619
-0.14789	0.522376
-0.310847	0.617156
-0.821443	-0.993262
-0.0175256	0.199578
-0.940944	-0.622344
-0.180482	-0.677083
-0.93008	-1.25213
0.471343	0.305242
-0.875761	-0.0894918
-0.897489	-1.67407
-0.777988	-0.853073
0.971075	0.004711
3.9912	0.353267
0.00420194	0.652504
-0.940944	-1.17475
-0.082708	0.173995
-0.278255	0.442851
0.536525	0.419408
0.178022	0.671945
-0.734533	0.554839
0.297523	-0.147676
0.764664	0.514563
-0.332574	-0.541452
1.39476	-0.190925
0.601708	0.286609
-0.940944	-1.78534
-0.593304	-0.201299
3.54578	0.719055
1.81845	0.621381
-0.528122	0.295324
0.254068	0.854148
1.17749	0.495614
-0.810579	0.381404
0.764664	0.25053
0.808119	0.429376
-0.810579	-0.168766
1.7424	0.129941
-0.777988	-0.298595
-0.32171	-0.0484943
-0.897489	0.118346
-0.169618	0.344556
-0.604168	0.597822
-0.462939	0.528349
-0.0283893	0.255962
-0.0175256	0.472196
3.14382	0.456169
-0.875761	0.345456
0.134567	0.865775
-0.104436	0.305407
-0.082708	0.0604893
0.00420194	-0.639028
0.57998	0.0560315
-0.951808	-0.925192
-0.854034	-1.7637
-0.886625	0.491645
-0.951808	-0.0591167
-0.919216	-1.47711
1.85104	-0.078423
-0.875761	-0.219685
-0.593304	0.431263
-0.202209	-0.455663
-0.169618	0.0188161
-0.365165	-0.830016
-0.767124	0.348032
0.949348	0.240423
-0.397757	-0.268187
-0.701941	-0.451498
-0.810579	0.280337
-0.289119	0.424472
0.221477	0.183278
1.10144	0.496252
-0.571577	-0.180359
0.254068	0.29995
-1.00613	-0.285113
1.22094	0.541386
-0.441212	0.36857
-0.202209	0.152071
0.199749	0.0179981
-0.973535	-0.896546
-0.701941	0.351369
0.123703	0.402704
-0.484667	-0.133974
0.438752	0.500258
-0.223937	0.37156
-0.908353	0.516777
-0.75626	0.0367446
-0.376029	0.30108
0.286659	0.0520743
-0.560713	0.363816
-0.202209	-0.286749
-0.93008	0.589713
0.0585207	0.359077
0.297523	0.195655
0.514798	0.1853
-0.854034	-0.607789
-0.767124	-1.6213
-0.919216	0.18742
0.884165	0.33387
-0.593304	0.416746
-0.386893	-0.786397
-0.875761	-0.670519
-0.810579	-0.21528
2.15522	0.313779
1.10144	0.551608
0.601708	0.240351
0.764664	0.647409
0.308387	-0.549084
-0.723669	-0.723755
0.134567	0.351831
-0.908353	-0.549569
0.340978	-0.142798
1.93795	0.358032
-0.376029	-0.257215
0.264932	0.327611
0.427888	0.49606
1.45994	0.52652
-0.549849	0.0342593
-0.745396	-0.683241
-0.886625	0.124196
0.221477	0.245607
-0.962671	0.0599692
-0.245664	0.216478
0.167158	0.198653
0.156294	0.127822
0.938484	0.395764
-0.821443	-0.852466
-0.126163	0.46171
3.1221	0.526301
-0.0283893	-0.954945
3.13296	0.344843
0.471343	0.468773
-0.897489	0.30024
-0.897489	-0.739971
0.286659	-0.474609
-0.615032	0.253061
1.02539	0.373928
-0.908353	-1.35298
-0.571577	-0.10629
-0.66935	0.160979
-0.886625	-0.562782
1.1123	0.838955
-0.452075	0.165581
0.514798	-0.0653731
-0.289119	0.268961
-0.299983	-0.115005
-0.0175256	-0.516932
-0.571577	0.249507
-0.158754	-0.456194
-0.93008	-0.646142
1.15576	0.501855
-0.310847	0.118815
-0.452075	0.139906
0.297523	0.540768
-0.75626	0.137939
-0.93008	-1.30488
-1.01699	-0.322263
1.51426	-0.10211
-0.995263	-0.824426
-0.2348	0.552241
0.764664	0.280947
1.10144	0.238446
0.438752	0.32003
-0.58244	-0.519574
-0.636759	-0.328364
-0.951808	-0.550317
-0.32171	0.677571
-0.832306	0.00434285
1.36217	0.308285
-0.919216	-0.777859
-0.84317	0.505928
1.61204	0.274114
-0.571577	-0.199326
-0.289119	0.0426163
-0.126163	0.213839
0.482207	0.539618
1.01453	-0.305898
0.775528	0.59788
2.731	0.533961
0.199749	-0.0786524
-0.126163	-0.0845316
-0.430348	0.47069
0.0367932	-0.0449482
0.232341	0.284988
-0.658487	0.312865
0.297523	0.194428
1.68808	0.447145
-0.951808	-0.402403
-0.223937	0.40565
-0.202209	0.26195
-0.213073	0.208964
-0.973535	-0.218524
-0.126163	-0.853179
0.699482	0.0366719
-0.723669	-0.461151
2.00313	0.366616
0.0150657	-0.393211
-0.462939	-0.799263
0.0259294	-0.136055
-0.84317	-0.782446
3.67615	0.396398
-0.810579	0.330434
-0.66935	0.0798354
-0.169618	0.373401
-0.462939	0.498573
-0.40862	0.297853
0.569117	0.382882
-0.75626	-0.0265707
0.547389	0.244018
2.3725	0.678293
-0.973535	-0.361519
0.319251	0.0274214
-0.256528	0.499905
0.330114	0.410867
0.449616	-0.0138203
-0.082708	-0.157958
-0.180482	-0.178052
-0.93008	-1.70038
-0.604168	-0.169966
0.330114	0.050118
1.29699	0.659942
-0.245664	0.797561
-0.951808	-0.291813
-0.191345	0.229865
-0.615032	-0.162766
0.0585207	-0.304633
-0.484667	-0.186854
-0.951808	0.167727
-0.0283893	0.371981
-0.864898	-1.5385
-0.919216	-0.103289
-0.00666181	0.578611
-0.386893	0.467185
-0.712805	-0.208134
-0.213073	0.320626
-0.593304	0.575457
0.981939	0.289268
-0.984399	-0.16311
0.351842	-0.605976
-0.00666181	-0.0602907
-0.604168	0.163739
1.18835	0.893135
-0.213073	0.243715
2.78532	-0.0542059
0.0693844	0.576823
-0.951808	-0.754394
-0.484667	0.347666
0.406161	-0.26367
-0.49553	0.515457
1.75326	0.238821
1.09058	0.355686
-0.310847	0.212428
-0.49553	0.0281748
-0.821443	-0.684946
-0.49553	0.446588
1.44908	0.353765
-0.158754	-0.127264
-0.32171	0.0520148
2.39423	0.40294
-0.49553	0.283817
-0.115299	0.219216
-0.712805	-0.305192
-0.636759	-0.00428071
0.264932	0.066874
-0.0283893	0.405228
1.15576	0.411764
-0.484667	-0.186854
0.286659	0.356817
0.0150657	0.342987
-0.93008	0.14494
1.78586	0.233828
-0.397757	0.311847
0.406161	0.306612
0.829847	0.621563
0.0476569	0.436657
-0.854034	0.0426822
-0.951808	-0.703088
-0.00666181	-0.0242571
-0.962671	-0.761956
-0.973535	-0.759466
-0.745396	0.00142263
0.340978	0.242157
0.710345	-0.0599394
-0.788851	-0.140083
-0.854034	-0.305567
-0.745396	-0.555848
0.0693844	-0.294463
-0.886625	-1.58734
-0.0718443	0.259614
-0.658487	-0.0838953
-0.310847	-0.0921277
-0.549849	0.592034
-0.473803	0.54829
0.123703	-0.495392
-0.962671	-0.70209
-0.647623	-0.127164
1.66636	0.631632
0.101976	0.497176
-0.115299	0.560644
-0.289119	-0.349229
-0.40862	0.466357
-0.864898	-0.239272
-0.810579	0.24733
-0.821443	-0.65251
-0.560713	0.0621826
3.42628	0.45435
0.482207	0.3022
0.362706	0.418147
0.818983	0.440027
-0.636759	0.434351
0.721209	0.395563
-0.908353	-0.676736
-0.93008	-0.131577
-0.940944	0.493596
-0.14789	0.32699
-0.832306	0.442298
-0.973535	0.237873
-0.658487	-0.264521
0.0367932	0.275121
-0.039253	0.232767
0.449616	0.414101
0.145431	0.37756
-0.484667	-0.410733
1.28612	0.512227
1.55772	0.467926
0.471343	0.252033
0.395297	-0.529277
-0.0609805	0.21985
-0.14789	0.418642
-0.549849	-0.670944
-0.484667	0.224025
0.786392	0.40238
0.905893	0.421259
0.178022	0.485683
-0.604168	-0.707401
-0.951808	-0.832793
0.503934	0.500228
-0.039253	0.292613
-0.908353	-0.884623
-0.2348	0.356204
-0.452075	0.304091
-1.00613	-0.415764
-0.40862	-0.0411238
-0.0283893	0.388838
-0.973535	-1.23261
-0.180482	0.0762961
-0.126163	-0.709256
-0.84317	0.215647
-0.75626	0.202423
-0.734533	-1.10822
-0.962671	0.464021
-0.245664	0.441369
-0.636759	-0.151442
0.656027	-0.5034
-0.202209	0.509198
-0.799715	0.0875061
-0.636759	-0.196142
-0.691078	-0.13777
-0.593304	-0.0777399
-0.84317	-0.33396
0.101976	0.753864
-0.84317	0.409747
-0.832306	0.104309
3.90429	0.560401
0.460479	0.631305
0.0802482	0.00317611
1.1449	0.751873
-0.517258	-0.399881
-0.528122	0.370328
1.19921	0.280606
-0.473803	0.303254
-0.908353	0.0570255
-0.832306	0.505278
0.199749	0.352196
-0.875761	-0.670519
-0.767124	-0.00297823
0.471343	-0.123264
1.09058	0.349195
0.0585207	-0.180474
-0.636759	-0.689376
-0.0935718	0.516698
0.482207	0.0566398
0.0693844	0.168503
-0.799715	0.4744
2.05745	0.0422782
0.330114	0.119802
-0.615032	-0.816869
0.601708	-0.455161
-0.951808	-0.506298
0.210613	0.456831
0.286659	0.632634
-0.647623	-1.51264
-0.14789	-0.202515
-0.995263	0.626313
-0.75626	-0.058611
-0.419484	0.13959
-0.799715	-0.0356949
1.02539	0.382238
-0.267392	0.401398
0.210613	-0.282894
-0.256528	0.340946
-0.973535	-0.218524
0.742937	0.173806
-0.66935	-0.490753
-0.886625	0.207016
-0.462939	-0.0962417
-0.875761	-0.732982
-0.343438	0.435241
1.02539	0.148001
-0.897489	0.234651
-0.082708	-0.122518
-0.788851	-0.927096
2.04659	0.20963
-0.897489	-0.703193
-1.00613	-0.294907
-0.75626	0.437391
0.775528	0.245542
2.64409	0.684807
0.66689	0.387829
-0.854034	0.401705
0.710345	-0.186039
-0.940944	0.093161
-0.647623	0.278341
0.275796	0.614808
-0.919216	0.403273
-0.854034	0.298286
-0.549849	0.267183
1.53599	0.199218
-0.93008	-0.200521
-0.897489	-0.219226
1.07971	0.278089
2.48114	0.24259
1.1123	-0.117746
0.101976	0.37801
-0.93008	-0.480138
0.569117	0.309137
-0.430348	-0.633659
0.0150657	0.797613
-0.299983	0.508619
0.232341	0.477267
0.243204	0.405481
-0.202209	-0.808916
-0.202209	0.501696
0.427888	0.533219
-0.0175256	0.203405
-0.799715	-0.950957
-0.397757	0.239077
0.0585207	0.243373
-0.995263	-0.696705
-0.473803	-0.329866
0.916757	-0.074471
-0.14789	0.254978
-0.104436	-0.723498
2.14436	0.276207
-0.538985	0.480488
-0.799715	-0.341661
0.254068	-0.175649
-0.777988	-1.23667
3.81738	0.0259952
-0.647623	-0.111465
0.92762	0.423897
0.199749	0.259714
-1.01699	-0.363071
-0.919216	0.0885866
-0.0935718	-0.415989
0.221477	-0.717105
-0.332574	0.190088
-0.40862	-0.234561
-0.875761	-0.610209
-0.777988	-1.04946
0.199749	0.545654
-0.984399	-0.992936
-0.973535	-0.53931
-0.528122	-0.161442
-0.93008	-1.46466
2.54632	0.15784
-0.202209	0.1468
-0.788851	-0.457646
-0.039253	0.286572
-0.571577	-0.580016
-0.2348	0.263713
-0.354302	-0.427845
-0.897489	0.104243
-0.376029	0.350492
-0.332574	0.333126
-0.0175256	0.420558
0.254068	0.350019
-0.386893	0.209812
-0.75626	0.212859
0.373569	-0.664147
1.07971	0.398451
0.0150657	-0.499648
1.15576	0.313807
-0.180482	-0.334864
0.460479	-0.325876
-0.84317	0.196056
0.319251	-0.840916
0.536525	0.395498
0.188886	-0.288537
0.818983	-0.0671374
0.829847	0.255744
-0.2348	-0.20307
-0.951808	0.255085
0.308387	0.154441
-0.14789	0.00603222
-0.84317	-0.994855
-0.376029	0.343064
0.786392	0.746152
0.742937	0.0319737
0.308387	0.296227
1.70981	0.429292
5.03412	0.175724
-0.723669	-0.251418
-0.484667	0.135228
1.61204	0.0998259
0.764664	0.25053
3.69788	0.731071
-0.202209	-0.570864
-0.908353	-0.03759
1.28612	0.787739
0.0150657	0.393638
1.2644	0.197288
1.37303	0.513899
0.319251	0.115516
-0.75626	-0.293954
2.18781	0.403517
0.862438	0.264244
-0.886625	0.123111
-0.571577	0.383169
-0.767124	0.392743
-0.223937	-0.208033
0.340978	0.255752
0.688618	0.425854
-0.75626	-0.597822
1.41649	0.305205
-0.560713	0.564232
-0.973535	-0.265873
-0.810579	0.26938
-0.75626	-0.752608
0.156294	0.411656
-0.386893	-0.336632
-0.289119	-0.0713407
-0.832306	0.364597
0.308387	0.509543
1.02539	0.302042
-0.0175256	-0.653229
-0.951808	-0.424579
-0.940944	-1.32894
-0.658487	-0.412509
-0.973535	-0.625025
-0.75626	-0.855991
0.677754	-0.22847
-0.571577	-0.741369
-0.484667	0.35363
-0.625895	-0.321309
-0.0501168	-0.885417
-0.202209	0.125991
-0.821443	-0.680523
0.590844	0.165137
-0.951808	-0.307132
-0.14789	0.203912
-0.310847	-0.452001
-0.919216	0.544799
-0.462939	0.241381
-0.49553	0.286869
0.0150657	-0.925127
-0.310847	-0.482352
-0.886625	-0.318533
-0.549849	-0.354986
-0.473803	-0.540828
0.112839	0.552747
0.286659	0.427191
2.29645	0.506981
-0.419484	0.0145861
-0.549849	0.158297
-0.940944	-0.673742
0.710345	0.0373686
3.6001	0.394198
-0.897489	-0.631361
-0.0501168	0.490326
-0.984399	-0.674594
-0.875761	0.189263
-0.658487	-1.33483
-0.66935	-0.412875
-0.180482	0.580478
-0.777988	0.314419
0.677754	0.0807665
-0.289119	0.416556
-0.32171	0.206551
-0.788851	-0.395795
0.569117	0.0895483
0.112839	-0.211577
-0.0609805	-0.188453
1.07971	0.437307
-0.441212	-0.0590056
0.677754	-0.00781592
-0.788851	-0.485448
1.28612	0.586247
-0.332574	0.408287
-0.213073	-0.253204
2.492	0.503136
0.101976	0.836784
-0.137027	0.280819
-0.169618	0.211624
-0.93008	-0.531791
-0.082708	0.0443541
-0.691078	0.259757
-0.908353	-0.641718
-0.962671	-1.02761
3.8717	0.0495531
1.18835	0.239335
-0.473803	0.170732
0.547389	0.0599831
-0.528122	-0.0601275
0.123703	0.0803629
-0.897489	-0.501551
-0.528122	-0.962876
0.340978	0.363379
0.558253	0.459485
0.503934	0.298473
-0.734533	-0.752824
-0.473803	-1.28743
0.167158	0.456556
-0.973535	-0.765441
-0.864898	-0.597042
-0.169618	-0.118714
1.05799	-0.433771
0.634299	-0.0255293
-0.995263	-0.558176
0.992803	0.285134
1.59031	0.691816
-0.0175256	-0.0378858
-0.180482	0.371395
-0.0501168	0.341546
1.03626	0.0794515
-0.854034	-0.591692
5.12103	0.740371
-0.484667	0.329656
-0.799715	-0.18354
1.73154	0.433453
-0.864898	0.454957
-0.245664	0.445859
-0.636759	-0.134018
-0.473803	0.11539
0.351842	-0.384071
2.70927	0.64742
1.61204	0.597465
-0.0718443	-0.523417
0.645163	0.0718194
-0.951808	-0.619318
0.264932	0.113817
1.72067	0.167167
-0.680214	-0.622081
-0.137027	0.51123
-0.625895	-0.627547
-0.940944	0.375542
1.27526	0.363776
-0.799715	0.380208
-0.962671	-0.581295
0.460479	-0.0363436
-0.66935	-0.642479
-0.908353	-1.0072
-0.549849	0.17069
0.112839	0.417729
-0.951808	-0.678851
-0.49553	-0.59062
0.286659	-0.354906
-0.0501168	-0.0452129
-0.506394	-0.349169
-0.506394	0.0166059
-1.01699	-0.964133
-0.354302	-0.0756814
-0.973535	0.206156
-0.538985	-0.149387
0.210613	0.529488
-0.00666181	0.367582
0.156294	0.506804
-0.32171	0.118384
0.340978	0.346338
0.916757	0.759051
-0.462939	0.357282
-0.615032	-0.160085
-0.658487	0.259742
0.395297	0.224532
0.0259294	-0.0437992
-0.777988	0.0678552
-1.01699	-0.790616
2.11177	-0.402496
0.471343	0.13953
-0.549849	-0.738895
-0.332574	-0.387785
-0.299983	-0.617767
-0.202209	0.275174
0.243204	0.3106
-0.84317	-0.770792
-0.995263	0.333236
-0.767124	0.261232
-0.875761	-0.0828929
-0.462939	0.593063
0.0259294	0.0831149
-0.832306	0.0845389
-0.310847	-0.095683
-0.723669	-0.00683239
-0.66935	0.503091
1.15576	0.255637
0.0476569	0.0452579
3.32851	0.588895
-0.126163	0.0307377
2.76359	0.395614
-0.397757	-0.423106
0.0911119	0.438413
-0.897489	0.145454
-0.951808	-0.511256
4.61043	0.374545
-0.0935718	0.252254
0.460479	-0.246335
-0.223937	0.349208
1.47081	0.379483
-0.723669	-0.99904
-0.701941	0.48562
-0.854034	-0.51748
0.167158	0.383497
-0.104436	-0.0137593
-0.701941	-0.75874
-0.169618	0.38016
-0.984399	-1.34694
0.601708	0.464077
-0.376029	0.0475782
-0.549849	0.170274
2.38336	0.52269
-0.886625	-0.478121
-0.082708	0.454505
0.916757	0.0990556
-0.0501168	0.223199
2.28559	0.633278
0.221477	-0.0526961
-0.897489	0.35829
-0.919216	0.507943
2.79618	0.235496
-0.84317	-1.26524
-0.951808	-0.177273
-0.256528	-0.572447
-0.278255	-0.0481872
0.645163	0.497895
-0.2348	0.0956125
1.36217	0.663225
0.960212	0.258068
-0.126163	0.367293
-0.158754	0.413957
-0.788851	0.101199
-0.538985	0.457864
0.406161	0.502858
0.471343	-0.338766
1.55772	0.590209
3.58924	0.464563
1.22094	0.545955
0.00420194	-0.0991256
-0.908353	-1.13918
-0.832306	0.172803
-0.137027	-0.0183974
-0.908353	-0.107577
-0.310847	0.120302
-1.00613	-0.308679
-0.126163	0.297333
-0.462939	-0.0250123
-0.777988	0.251276
0.7538	0.436639
0.558253	0.158232
-0.897489	0.190487
-0.962671	-0.753025
-0.940944	0.122029
-0.104436	-0.17496
-0.158754	-0.172795
-0.169618	0.25228
-0.625895	-1.07501
0.656027	0.304006
-0.821443	-0.48507
-0.658487	0.410756
-0.908353	-0.642883
-0.310847	-0.234165
0.634299	0.278171
-0.962671	-0.465298
-0.202209	0.456141
2.93741	0.201186
3.25246	0.374836
-0.289119	-0.0137784
-0.571577	0.00479296
-0.082708	0.56231
-0.951808	-0.56878
-0.115299	0.2068
-0.723669	-0.568351
0.514798	0.257358
-0.875761	-0.277434
0.460479	0.491961
-0.712805	-0.683209
-0.49553	-0.286914
1.7424	-0.438496
0.00420194	0.524422
0.612572	0.517643
-0.082708	0.338656
0.569117	0.293621
-0.473803	0.328973
1.13403	0.403756
0.0802482	0.608988
-0.691078	-0.372732
-0.419484	0.403175
1.21008	0.0179767
-0.886625	-0.670605
-0.777988	-0.537728
-0.58244	-0.531085
-0.386893	-0.398099
-0.940944	-1.36913
-0.66935	0.104179
-1.01699	-0.790616
4.19761	0.518369
-0.821443	-0.00560944
-0.75626	-0.454936
-0.376029	0.108093
1.64463	0.329438
-0.615032	-0.84362
0.362706	0.599307
0.308387	0.337979
-0.995263	-0.475317
0.134567	0.305855
0.254068	0.39692
0.275796	-0.379215
-0.202209	0.1383
7.88042	0.848117
-0.245664	0.369288
-0.180482	0.173416
-0.962671	-0.674867
0.0585207	0.385976
-0.973535	-0.423606
-0.93008	-0.657078
0.0476569	-0.0176157
-0.289119	-0.28498
-0.40862	0.346415
-0.604168	0.293471
0.482207	0.170463
0.525662	0.722686
-0.984399	-1.38642
-0.875761	0.128535
2.07918	0.589329
1.49254	0.597997
-0.951808	-0.71448
-0.158754	-0.309628
1.12317	-0.161613
-0.0718443	-0.175521
-0.538985	-1.59034
-0.104436	-0.0083473
0.547389	0.184656
-0.810579	-0.944885
-0.777988	0.414081
1.34044	0.159241
0.66689	-0.352651
0.916757	0.0834797
-0.897489	-0.682409
-0.908353	-0.720175
-0.49553	-0.0703858
-0.84317	-0.103093
3.31764	0.665494
2.02486	0.669584
-0.462939	-0.120786
1.6229	0.492688
-0.158754	-0.0747485
-0.32171	0.435077
-0.615032	0.207145
-0.625895	0.483663
0.938484	0.38906
1.91622	0.275719
-0.93008	-0.87419
-0.332574	-0.0271373
-0.66935	0.121525
1.28612	0.284736
0.134567	0.332401
-0.701941	-0.798887
-0.821443	0.42318
0.0367932	0.0253435
3.02432	0.651008
0.156294	0.324173
-0.484667	-0.172258
0.612572	0.517643
-0.919216	-0.409489
-0.788851	-0.110684
-0.245664	0.327118
0.808119	0.199871
0.330114	0.423826
-0.354302	-0.237308
-0.864898	0.250742
-0.777988	-0.244783
2.20954	0.201333
-0.875761	-1.354
-0.93008	-0.580618
1.05799	0.444308
-0.506394	0.305837
-0.93008	0.0313883
-0.452075	0.298362
-0.788851	-0.601869
-0.115299	0.497964
-0.484667	-0.212119
0.188886	0.301825
-0.484667	-0.0383471
0.319251	-0.598054
-0.441212	0.459291
-0.984399	-0.89869
-0.951808	-0.231138
0.808119	0.283194
-0.213073	-0.66177
-0.00666181	0.0391769
-0.00666181	-0.0118824
-0.615032	0.404322
-0.723669	-0.116603
-0.0175256	0.429459
-0.180482	0.0419959
0.373569	0.0281484
-0.604168	-0.593963
-0.484667	-0.425038
-0.788851	-0.362612
-0.777988	0.504823
0.156294	0.341214
0.199749	-0.0197269
-0.951808	-0.766395
-0.658487	0.170853
3.84997	0.0274396
1.09058	0.258632
-0.897489	-0.783873
-0.745396	0.533212
-0.723669	-0.817
-0.951808	-0.812306
-0.940944	0.274717
-0.528122	0.344143
-0.745396	-1.15693
-0.951808	0.347805
-0.104436	0.383595
-0.560713	0.240524
0.569117	0.397625
-0.84317	-0.524371
0.905893	-0.357267
-0.951808	-0.126269
1.06885	-0.0281387
0.0476569	-0.165545
0.264932	0.728962
-0.984399	-0.770709
0.569117	0.412054
-0.14789	-0.141787
-0.919216	-0.913959
-1.01699	-1.27939
-0.962671	-1.05649
1.45994	0.132073
-0.202209	-0.612952
-0.723669	0.393716
-0.278255	0.280645
-0.58244	-0.609681
-0.658487	-0.247234
1.56858	0.558719
-0.278255	0.28656
0.818983	0.332726
0.764664	0.0910627
-0.864898	0.276827
-0.886625	-1.52171
-0.549849	0.584495
-0.940944	-0.1041
-0.32171	0.125089
0.275796	0.23207
1.00367	0.272268
-1.04958	0.0435385
0.0259294	-0.0385117
-0.919216	0.227933
0.0585207	-0.750721
-0.767124	-0.506625
-0.506394	-0.731895
-0.082708	0.14546
-0.430348	-0.0168083
0.330114	0.671317
1.1123	0.291492
0.938484	0.513229
0.319251	0.481347
-0.734533	0.0333709
0.199749	0.445948
0.101976	0.769585
0.981939	0.595037
-0.310847	0.341518
-0.332574	0.570868
-0.0609805	0.13685
0.7538	0.270917
-0.951808	-0.584784
0.417024	0.0219675
-0.310847	0.328992
-0.441212	0.403456
-0.962671	-0.521484
-0.376029	-0.181096
0.699482	0.426308
1.55772	0.451884
0.0911119	0.0585948
-0.14789	-0.902784
0.851574	-0.324939
-0.940944	-0.365992
-1.00613	-0.698202
1.95968	0.32731
-0.419484	0.374193
1.01453	0.266968
-0.473803	-0.43088
-0.93008	0.480645
-0.897489	-0.616717
-0.538985	-0.94288
-0.854034	-0.383291
-0.549849	-0.431058
0.873302	0.271862
-0.213073	0.551121
0.438752	0.694423
-0.984399	-0.863515
-0.84317	-1.04988
3.18728	0.568623
-0.908353	-0.354479
-0.680214	0.394466
-0.908353	-0.417415
-0.658487	0.368666
2.48114	0.321971
-0.473803	-0.452152
-0.691078	-0.738661
0.178022	-0.460132
2.75273	0.281569
1.19921	0.34322
1.01453	0.398368
-0.0935718	0.62333
0.645163	0.458298
-0.864898	-0.376937
-0.419484	0.437617
2.35077	0.192247
-0.517258	0.451883
-0.832306	-0.0576572
-0.0609805	0.172682
-0.777988	-0.055388
-0.625895	0.229809
-0.082708	-1.99867
-0.126163	0.281034
-0.777988	-0.263417
1.49254	0.431356
1.63376	0.460548
2.01399	0.704553
-0.919216	-0.456985
0.0150657	-0.123415
0.525662	0.128221
0.558253	0.636563
-0.0935718	0.374617
0.873302	0.0931216
1.78586	-0.0942407
-0.40862	0.216173
-0.864898	-0.0449903
0.351842	-0.0900612
-0.951808	-0.820819
-0.854034	0.516366
-0.734533	0.0546054
1.17749	0.624518
1.30785	0.499051
-0.940944	-0.29759
-0.93008	-0.158762
-0.604168	-0.637352
-0.940944	-0.75272
-0.93008	-0.619713
-0.940944	-0.343144
1.5034	0.295201
-0.886625	-1.09463
-0.039253	0.356285
0.264932	0.188253
-0.84317	-1.10693
-0.821443	-0.576387
-0.701941	-1.13692
-0.310847	0.0693141
0.275796	0.32841
2.27472	0.350537
0.0693844	0.0160998
0.92762	0.299783
0.178022	0.357285
-0.973535	-0.412429
-0.0609805	0.446433
0.851574	0.534557
-0.701941	0.181602
-0.886625	-0.745925
3.76306	0.326446
-0.701941	-0.479716
-0.984399	-0.683228
0.438752	-0.234546
-0.854034	0.276203
-0.777988	-1.10971
-0.376029	0.50494
-0.712805	-0.516173
-0.593304	0.389831
-0.897489	0.423772
-0.528122	0.219205
0.395297	-0.257217
-0.245664	0.439285
0.482207	-0.257883
2.83964	0.0658751
0.417024	0.216627
-0.984399	-0.678651
-0.289119	0.544181
-0.560713	-0.142354
-0.821443	-0.115429
0.384433	0.317387
0.7538	0.398228
-0.593304	-0.153044
0.210613	0.391934
-0.658487	-0.952309
3.65442	0.355362
-1.00613	-0.579272
0.732073	0.16263
-0.886625	-0.133531
-0.951808	0.307993
-0.549849	0.279851
2.97	0.561516
0.884165	0.00433793
-0.723669	-1.16908
-0.821443	-0.468201
-0.93008	-0.923163
-0.289119	0.117794
-0.875761	0.0926968
-0.484667	0.0659238
-0.962671	-0.27029
-0.636759	0.266295
0.7538	0.197512
0.112839	-0.0463007
-0.810579	-1.17092
-0.289119	-0.34618
-0.397757	-0.660239
-0.658487	0.0113223
-0.604168	-0.401144
-0.441212	0.52583
2.731	0.0948248
3.81738	0.568283
-0.202209	0.335028
-0.473803	0.0377132
1.61204	0.59718
2.01399	0.420072
-0.517258	0.298209
-0.680214	-0.0165269
-0.658487	-0.622934
-0.701941	-0.727637
1.15576	0.343491
-0.299983	-0.0243813
1.54685	0.256216
-0.93008	-0.399674
-0.14789	0.482539
-0.712805	-0.578841
-0.397757	-0.047323
-0.832306	-0.23789
-0.940944	-0.800815
0.569117	0.474937
-0.919216	-0.791475
-0.984399	0.0863063
1.60117	0.363125
-0.169618	0.444433
0.221477	-0.501479
-0.213073	0.172701
0.503934	0.356848
0.00420194	0.187777
0.764664	0.0694506
0.308387	0.247341
-0.386893	-0.131742
-0.256528	0.404324
-0.875761	-0.73283
0.0367932	0.281782
-0.0175256	0.11487
0.145431	0.605764
0.286659	-0.158169
0.167158	0.811792
-0.691078	-0.107688
-0.93008	-0.657162
-0.832306	-0.277171
0.862438	0.45428
2.69841	0.272504
0.395297	0.290367
-0.0935718	-0.595182
0.503934	0.529837
1.99227	-0.0356491
-0.430348	-1.02554
0.0585207	-0.240451
-0.397757	0.20713
-0.549849	-0.212471
0.764664	0.821797
0.981939	0.391934
-0.788851	0.194379
-0.441212	-0.315332
0.00420194	0.479589
0.525662	0.327518
-0.962671	-0.47199
1.34044	0.0939155
-0.897489	-0.550238
-0.289119	-0.152149
-0.549849	0.205521
-0.93008	-0.484756
-0.560713	-0.175065
-0.908353	-0.823894
-0.625895	-0.415225
-0.397757	0.439228
-0.625895	-0.518056
1.1449	0.329
0.243204	0.443952
-0.680214	-0.679899
0.178022	0.530331
-0.940944	0.0649455
1.70981	0.368505
-0.723669	-0.13904
-0.810579	-0.617908
0.330114	0.575738
-0.604168	-0.707401
0.0911119	0.198078
-0.430348	-0.454966
1.06885	0.307608
0.275796	0.402334
-0.680214	0.125834
-0.213073	0.639521
-0.180482	0.4192
1.52513	0.517275
0.275796	0.352219
-0.14789	0.579699
1.17749	0.374796
-0.256528	0.619572
-0.832306	0.0826857
0.243204	0.260187
0.0693844	0.455463
-0.940944	-0.763103
0.275796	0.452609
2.11177	0.34431
-0.484667	-0.432114
0.460479	0.430833
-0.299983	-0.458309
0.308387	-0.158536
-0.810579	-0.47378
0.0150657	0.209939
-0.767124	-1.15351
-0.538985	-0.66259
-0.441212	-0.823617
0.460479	0.330584
-0.376029	-0.748299
0.188886	0.378248
-0.386893	0.447792
-0.58244	-0.478371
-0.397757	-0.145086
-0.854034	-0.669727
-0.430348	-0.134116
0.590844	-0.0656544
-0.517258	0.570176
0.243204	0.386168
0.427888	0.123818
-0.593304	0.322262
-0.636759	0.332329
0.351842	0.196518
-1.01699	-1.82017
-0.962671	0.256727
-0.332574	-0.285539
-0.897489	-0.10126
0.275796	0.327837
1.05799	0.459367
-0.908353	0.0773162
0.992803	0.536217
0.0693844	0.333535
0.417024	0.271059
-0.636759	-0.0419791
-0.245664	0.339359
0.0802482	0.259122
-0.75626	-0.377137
-0.365165	-0.395408
-0.886625	-0.381091
-0.973535	0.638923
-0.593304	-0.0779535
0.286659	-0.116748
0.992803	0.505455
-0.202209	0.373492
0.395297	-0.0356672
-0.886625	-0.637207
-0.897489	-0.669192
-0.701941	0.295911
0.330114	0.285671
-0.452075	-0.203172
0.732073	0.231894
0.862438	0.108918
-0.940944	-0.603117
-0.854034	-0.983082
-0.376029	-0.597366
0.351842	-0.182288
-0.875761	0.283262
0.0693844	0.390821
1.79672	0.444052
0.199749	0.265905
1.61204	0.266089
-0.256528	-0.104643
-0.343438	-0.161856
-0.441212	-0.539652
0.427888	0.474343
3.4806	0.15797
-0.832306	-0.416637
-0.223937	0.129794
-0.745396	0.255377
0.340978	0.188475
0.449616	-0.256271
0.0367932	0.0432189
0.0693844	0.839383
-0.93008	-0.617725
-1.03872	-0.509747
-0.506394	0.354845
2.64409	0.262821
-0.571577	0.0564961
-0.40862	-0.401571
0.286659	-0.026546
-0.0935718	0.0511941
0.00420194	-0.307842
0.677754	0.468743
0.275796	0.0964846
1.7424	0.466052
-0.0935718	0.573072
0.308387	0.250617
-0.354302	-1.27797
-0.0283893	0.0210459
-0.549849	0.0782207
-0.386893	-0.0641491
-0.202209	0.330309
-0.115299	-0.00885848
-0.039253	-0.571482
0.536525	0.248029
-0.386893	-0.70865
-0.397757	0.174596
-0.908353	0.0773162
-0.875761	-0.460205
1.60117	0.625429
-0.875761	-0.358781
-0.973535	-0.208152
-0.919216	-0.408696
0.0150657	0.423232
0.167158	0.0374587
-0.951808	-0.663222
2.48114	0.151365
0.66689	0.468555
-0.32171	-0.165051
-0.864898	-0.113606
-0.66935	-0.215041
-0.810579	-0.174849
-0.984399	-1.18693
-0.93008	-0.39846
-0.571577	-0.223953
-0.864898	0.193288
-0.0283893	0.0171824
-0.419484	-0.487483
0.330114	0.403793
-0.647623	-0.0036436
-0.473803	-0.277143
-0.158754	-0.754844
-0.0935718	0.0540879
0.188886	0.293443
0.688618	0.199269
-0.940944	-0.592895
1.04712	0.340534
-0.984399	0.443442
-0.799715	-0.549262
-0.777988	-0.820935
1.09058	0.31628
-0.104436	0.533045
-0.854034	-0.736759
-0.832306	-0.463584
1.69895	0.106387
-0.538985	0.292474
-0.14789	-0.425123
-0.951808	-0.959192
0.569117	0.407488
-0.223937	0.376288
-0.267392	0.091698
4.09983	0.104774
2.47027	0.590453
-0.213073	-0.181392
-0.821443	0.16083
-0.940944	-0.370214
-0.799715	0.36381
0.503934	0.20586
-0.267392	-0.0811845
2.55718	0.68181
-0.973535	0.475159
0.460479	-0.246335
-0.00666181	0.309881
-0.625895	0.36177
-0.75626	-0.185282
0.482207	-0.477132
-0.397757	0.12014
-0.419484	0.303502
-0.00666181	0.0272794
-0.560713	0.244817
-0.267392	0.510893
-0.0718443	0.31904
-0.734533	0.502443
-0.419484	0.403175
-0.039253	-0.0239953
-0.0935718	-0.38281
-0.691078	-0.383532
0.0911119	0.725647
-0.962671	-0.73228
-0.289119	-0.135634
0.536525	0.390542
-0.680214	-0.0915161
-0.940944	-0.614807
-0.745396	0.0702501
0.221477	-0.132443
0.7538	0.197512
-0.441212	0.168062
0.905893	-0.0242647
-0.517258	-0.129121
0.623435	0.661628
-0.995263	0.270078
-0.777988	-0.311082
-0.082708	0.407409
-0.0718443	0.365843
-0.951808	-0.553611
-0.908353	-0.554815
-0.615032	-0.296967
-0.701941	0.409425
-0.0501168	0.335068
0.873302	0.101248
0.308387	0.414173
-0.691078	0.516883
-0.788851	0.179101
0.808119	0.504435
-0.0718443	0.147981
-0.00666181	0.0196477
-0.604168	0.221395
1.7424	0.187065
0.0911119	-0.68845
-0.104436	0.282113
0.134567	-0.245092
-0.528122	0.0516258
1.73154	0.165404
-0.593304	0.625521
-0.267392	-0.69084
-0.137027	0.335991
-0.951808	0.0197205
-0.538985	0.487635
0.981939	0.482574
-0.940944	-0.431096
-0.951808	0.103062
-0.419484	0.127467
-0.940944	-0.968424
-0.821443	-0.484125
-0.430348	0.249857
0.297523	0.376358
-0.615032	0.233291
-0.397757	0.371142
1.13403	-0.0168133
-0.299983	-0.0100231
0.775528	0.0806091
-0.528122	-0.479796
0.112839	0.0933547
-0.137027	0.280819
0.57998	0.164007
-0.397757	0.140397
0.862438	0.735182
-0.973535	0.369291
-0.299983	0.281391
-0.343438	0.124243
-0.875761	-0.362451
0.601708	0.449163
-0.777988	-0.880964
-0.278255	0.228329
-0.386893	0.262326
-0.332574	0.617673
0.297523	0.313873
0.167158	0.222964
-0.484667	-0.3244
-0.0501168	-0.420456
-0.680214	0.283005
0.438752	-0.512499
-0.506394	0.0788977
-0.126163	0.297333
0.569117	0.758693
-0.854034	0.202919
-0.712805	-0.978603
0.427888	0.314669
-0.940944	-0.297793
-0.962671	-0.952041
-0.32171	0.323477
-0.908353	0.0799584
-0.919216	-0.891477
-0.0501168	0.189765
-0.2348	0.316152
2.48114	0.362901
-0.40862	0.493468
-0.75626	0.471421
1.1449	0.360564
-0.538985	0.246515
-0.376029	0.243683
-0.169618	0.04153
0.0150657	-0.0852677
0.677754	0.50507
-0.962671	-0.358537
0.471343	0.448251
0.134567	-0.341028
-0.691078	-0.409062
5.60989	0.681596
-0.484667	-0.181236
0.167158	0.154985
-0.245664	0.445095
0.514798	-0.302358
-0.821443	0.628988
0.254068	0.598742
0.373569	0.0668472
-0.875761	-0.570464
0.732073	0.483437
0.818983	0.333278
0.797255	0.356365
-0.75626	0.0434499
-0.788851	0.0847386
0.232341	0.854883
-0.462939	-0.229172
-0.58244	0.26828
-0.397757	0.557938
-0.908353	-0.562025
0.569117	0.307735
0.145431	-0.196598
-0.14789	0.362246
-1.01699	-0.340678
-0.723669	-1.05043
0.232341	-1.01957
2.68755	0.502752
-0.0283893	-0.00908335
-0.93008	-0.361858
-0.951808	-0.460519
-0.951808	-0.412301
-0.658487	0.26476
0.319251	-0.832904
-0.58244	0.392765
2.32904	-0.0718034
0.873302	0.57088
1.15576	0.551996
-0.58244	0.184647
0.0259294	-0.963622
-0.484667	-1.25027
-0.310847	0.203889
-0.897489	0.155922
-0.49553	-0.154471
0.308387	0.311126
-0.58244	0.430879
2.1335	0.586174
0.590844	-0.0980514
-0.267392	-0.245598
-0.647623	0.37958
-0.75626	0.0389346
-0.886625	0.0303638
-0.962671	-0.0685588
1.52513	-0.40602
-0.376029	0.348095
-0.951808	-0.332229
-0.919216	0.180302
0.558253	0.0131404
-0.2348	-0.193229
0.340978	0.261989
-0.647623	-0.289655
-0.137027	0.177638
1.18835	0.659961
-0.169618	0.143385
1.30785	-0.13814
-0.886625	0.4967
1.13403	-0.125884
-0.430348	0.390982
-0.745396	-1.69943
0.395297	0.290367
-0.777988	-0.218947
-0.0609805	0.310929
0.57998	0.146798
0.471343	0.160516
-0.821443	-1.04208
0.123703	0.0683586
0.0693844	0.208344
-0.897489	-0.479625
1.00367	0.0327615
-0.75626	0.293245
0.460479	0.204053
-0.745396	-1.12327
0.254068	0.45509
-0.951808	-1.06035
0.406161	0.0306139
1.9814	0.248384
-0.821443	0.165473
0.308387	0.127259
-0.126163	0.0545863
2.68755	0.125308
-0.93008	-0.117459
0.0476569	0.354631
-0.2348	-0.566934
-0.104436	0.0592071
1.19921	0.550656
-0.49553	-1.09381
-0.169618	0.16908
-0.0175256	-0.344461
-0.886625	0.259053
-0.658487	-0.0113783
3.80651	0.490998
0.460479	0.324158
-0.137027	0.575278
-0.376029	0.50158
-0.039253	0.184529
1.17749	-0.326715
-0.886625	-0.0699856
-0.84317	-0.19363
1.15576	0.66714
0.460479	0.358564
0.0911119	0.752851
-0.886625	-0.225447
0.699482	-0.181647
-0.84317	-0.309064
-0.615032	-0.627339
-0.701941	0.411734
-0.397757	0.275165
-0.202209	-0.147036
-0.799715	-0.0841971
-0.484667	-0.190929
-0.419484	-0.445205
2.56805	0.511402
-0.93008	-0.384515
0.851574	0.624554
1.02539	0.470984
0.590844	0.543758
0.460479	0.481688
1.81845	0.251606
0.178022	-0.139831
-0.919216	0.0929715
0.0476569	0.368082
-0.66935	-0.231634
0.112839	0.581211
-0.777988	0.159295
0.210613	-0.346585
0.232341	0.00407238
-0.039253	0.0920418
-0.223937	0.0507767
0.895029	0.378243
-0.538985	0.145024
-0.604168	-0.392974
-0.278255	-0.279399
1.95968	0.430735
0.00420194	0.365702
0.362706	0.129283
-0.452075	0.13124
-0.2348	-0.0391769
-0.777988	0.448585
-0.354302	-1.58845
0.84071	0.44413
0.0476569	0.462299
0.449616	0.521973
-0.430348	0.260204
1.05799	0.18263
-0.951808	-1.32899
0.829847	0.255744
0.797255	0.271748
-0.169618	0.454469
2.07918	0.463532
0.547389	0.508429
-0.278255	-0.583194
0.482207	0.375284
-0.951808	0.158619
-0.615032	-0.0647157
-0.691078	0.20049
-0.213073	0.280377
0.949348	0.379739
1.7424	-0.37743
1.8619	0.646351
0.699482	0.00287623
0.677754	0.329352
-0.593304	-0.206556
-0.854034	0.441008
-0.723669	-0.153398
0.384433	0.76228
-0.32171	-0.104822
0.243204	0.251773
-0.897489	-0.348156
0.623435	0.58531
-0.897489	-0.750029
-0.180482	0.269538
-0.615032	0.0851756
0.710345	0.586576
1.48167	0.293098
-0.104436	0.505373
0.569117	0.576899
-0.821443	-0.842962
-0.832306	0.0804116
-0.919216	-0.745403
0.0150657	-0.00415322
-0.810579	-0.850896
-0.93008	0.10457
-0.14789	-0.126923
1.28612	0.0896919
-0.973535	-0.882207
-0.571577	-0.0173302
0.742937	-0.134612
1.67722	-0.0205354
-0.767124	-1.2877
0.134567	0.404298
0.699482	0.483362
0.275796	0.454813
-0.0718443	0.44034
-0.58244	-0.355575
0.645163	0.332908
0.178022	0.168491
-0.777988	-0.219339
0.264932	0.321674
0.547389	0.511598
-0.973535	-0.19826
1.13403	0.406475
-0.777988	-0.584419
0.590844	0.487221
0.210613	0.220737
0.612572	0.309691
0.123703	0.232481
-0.2348	0.2012
-0.289119	0.0170471
-0.821443	-0.243977
0.558253	0.670872
0.0802482	0.125996
1.03626	0.158141
-0.788851	-0.599089
-0.365165	0.209238
-0.788851	-0.981663
1.56858	0.275264
-0.289119	-0.154909
0.84071	0.119315
2.76359	0.540702
-0.919216	0.0596665
0.503934	-0.784266
1.1123	0.508429
-0.984399	0.388736
4.44747	0.836383
-0.962671	-0.356278
0.601708	0.247177
1.07971	0.429534
-0.680214	-0.474795
0.167158	0.452712
-0.886625	-0.56382
-0.202209	-0.226317
1.5034	0.474605
-0.538985	0.0828094
0.0367932	-0.2431
1.99227	0.541865
1.2644	0.0127639
-0.984399	0.227356
2.78532	0.252676
-0.245664	0.0286985
-1.00613	-0.552397
0.742937	0.363002
-0.354302	0.429701
3.20901	0.872032
-0.223937	0.472164
-0.365165	-0.018329
1.79672	0.175993
-0.0935718	-0.0280776
-0.995263	-0.21243
-0.636759	-0.0757411
-0.213073	-0.165865
-0.343438	0.452889
-0.180482	-0.342159
3.32851	0.290819
-0.484667	-0.762289
-0.875761	-0.0484519
1.56858	0.266791
-0.777988	-1.14974
-0.452075	0.171558
-0.528122	0.47069
-0.854034	-0.449677
-0.32171	0.545165
-0.886625	0.154488
0.547389	0.398382
-0.571577	-0.0791624
-0.430348	-0.178532
1.65549	0.279324
-0.332574	-0.49819
-0.58244	-0.585017
0.92762	0.306053
-0.93008	-1.06838
1.61204	0.434037
1.9814	0.42937
-0.484667	0.129457
-0.376029	0.0163511
0.188886	0.0772927
-0.32171	0.315872
-0.712805	0.0907924
0.275796	0.306967
-0.723669	-0.422674
-0.158754	0.28722
-0.951808	-0.303636
1.43822	-0.158949
3.2416	0.517985
-0.854034	-0.123282
-0.93008	-1.09047
-0.864898	-0.377881
-0.712805	0.392605
1.80758	0.0246135
1.34044	0.569975
0.0367932	0.340911
-0.897489	-0.251686
-0.58244	0.0751867
-0.397757	-0.0417724
0.601708	0.401586
3.28505	0.397719
-0.680214	-0.890368
-0.821443	-0.448842
-0.354302	0.151138
-0.951808	-0.299859
-0.441212	-0.938147
-0.039253	-0.593533
-0.430348	-0.968644
-0.93008	-0.548706
-0.202209	0.613686
0.340978	-0.199491
0.449616	-0.17777
-0.310847	0.00174538
-0.332574	0.387091
-0.647623	-0.32894
-0.506394	-0.196018
-0.864898	-0.500369
-0.158754	-0.00291294
1.19921	0.396242
0.395297	-0.295087
0.00420194	0.0397447
-0.691078	0.153783
-0.202209	0.249587
0.101976	-0.15314
-0.995263	0.269436
-0.995263	-0.522522
1.5034	0.428826
-0.58244	0.0158303
-0.854034	-0.36602
1.61204	0.266089
0.0911119	-0.208176
2.53545	0.552095
-0.897489	-0.231533
-0.202209	0.722109
-0.908353	-0.519447
-0.734533	0.334354
-0.256528	0.45807
-0.180482	-0.169836
0.0802482	-0.116985
-0.93008	-0.8532
0.00420194	0.198052
-0.680214	0.409638
-0.75626	-1.09713
0.188886	-0.245095
-0.984399	-0.714576
-0.082708	0.16068
-0.571577	0.0329395
-0.615032	-0.559869
-0.158754	0.502247
-0.549849	-0.431332
-0.962671	-1.13632
0.818983	0.293644
1.25353	0.717652
2.76359	0.435868
-0.93008	-0.497016
1.66636	0.547398
0.7538	0.234197
-0.115299	0.375187
0.112839	-0.986936
0.145431	-0.0360622
-0.680214	-0.555684
0.112839	-0.100897
0.612572	-0.0439825
-0.169618	-0.290766
-0.397757	-1.28372
-0.299983	-0.534283
-0.386893	0.384333
-0.908353	-0.342942
-0.832306	0.27873
0.330114	-0.266242
-0.93008	-0.940862
-0.343438	0.193593
1.41649	0.66621
0.775528	-1.09566
2.28559	0.469793
3.2416	0.186201
-0.691078	-0.454873
-0.973535	-0.912766
-0.875761	-0.541078
-0.40862	0.421434
1.02539	0.153247
-0.593304	0.710019
0.449616	0.545987
-0.701941	-0.655543
2.1335	-0.156065
-0.951808	-0.55421
0.232341	0.453577
-0.430348	0.236436
-0.995263	0.429943
2.78532	0.626044
-0.354302	-0.189938
2.07918	0.411547
0.775528	0.526215
-0.919216	0.12152
-0.777988	-0.387193
-0.299983	-0.0100231
-0.658487	0.10833
-0.864898	0.2626
-0.0609805	0.110541
-0.517258	0.298209
-0.506394	0.268571
1.13403	0.444578
-0.691078	-0.433144
-0.864898	-0.988976
-0.919216	-0.568262
-0.462939	-0.127132
-0.701941	-0.727637
-0.560713	-0.0699024
-0.267392	-0.237191
2.58977	-0.0593909
1.39476	-0.118181
-0.647623	-0.289655
-0.995263	-0.951896
-0.180482	0.397989
-0.701941	-0.148691
-0.84317	-0.356996
-0.821443	-0.487146
1.15576	0.314412
-0.169618	0.145345
0.308387	-0.500609
-0.00666181	0.516679
1.27526	0.451537
-0.58244	-0.333612
-0.908353	-0.247041
-0.386893	0.065333
0.0802482	0.407843
-0.517258	-0.0022565
0.373569	0.194465
1.03626	0.397804
-0.528122	-0.385222
-0.169618	0.162334
0.330114	0.494261
-0.75626	0.247222
-0.777988	-0.486737
0.275796	0.559109
-0.658487	-0.932205
-0.104436	-0.109395
0.569117	0.39788
-0.14789	0.335313
0.221477	-0.118111
0.884165	0.478348
-0.039253	0.488412
-0.940944	-0.0117638
-0.875761	-1.24607
-0.951808	-1.19957
0.460479	-0.858278
-0.799715	-0.484618
-0.462939	0.685321
-0.864898	-0.371399
-0.864898	-1.1858
0.569117	0.208918
0.721209	0.306146
-0.213073	0.208964
0.232341	-0.0447705
-0.93008	0.277317
1.36217	0.663225
-0.951808	-0.566792
2.53545	0.579508
-0.701941	-0.279337
-0.289119	-0.323238
-0.376029	0.291276
-0.875761	-0.189883
1.10144	0.349379
-0.430348	0.242731
-0.213073	0.268861
-0.137027	0.470067
4.88202	0.621657
-0.484667	-0.149344
-0.658487	0.0651433
0.482207	-0.257883
-0.430348	-0.144925
0.101976	0.471126
-0.854034	-0.745416
-0.376029	0.358524
1.13403	0.631878
0.699482	0.368496
-0.223937	0.440082
2.97	0.148199
0.569117	0.328569
-0.940944	-0.525135
0.710345	-0.0189364
-0.430348	-0.318295
-0.875761	-0.421938
-0.854034	-0.216343
0.243204	0.167002
-0.560713	-0.413157
-0.886625	-0.648403
-0.84317	-1.60951
-0.66935	0.0385033
0.145431	-0.25315
-0.115299	0.429625
1.9814	0.599755
-0.604168	-0.611562
-0.658487	-0.149428
-0.854034	-0.736759
-0.40862	0.518829
-0.84317	0.0720081
0.57998	0.0624444
-0.082708	0.247772
0.406161	0.45719
-0.767124	-0.261768
-0.962671	-0.1388
0.775528	0.438395
-1.02785	-0.487853
1.49254	0.162039
2.16609	0.255783
-0.832306	0.202132
-0.940944	-0.420689
-0.0283893	0.264706
1.09058	0.146984
0.721209	0.342518
4.38229	0.694431
-0.951808	0.167412
-0.84317	-0.442931
-0.680214	-0.530586
3.14382	0.460905
-0.647623	0.456122
-0.126163	-0.305901
-0.191345	0.372011
0.297523	-0.0879987
1.1449	0.247847
-0.0935718	0.534566
-0.767124	0.163795
0.569117	0.581094
0.178022	0.0539132
1.87277	0.687683
-0.115299	0.503094
3.01346	0.0774849
-0.593304	0.344458
-0.0718443	-0.751499
0.00420194	-0.22406
0.590844	0.767741
0.0476569	0.522235
-0.376029	-0.4322
-0.549849	-0.0848754
-0.104436	0.16849
-0.343438	-0.10103
-0.897489	0.204695
-0.158754	0.323394
-0.593304	0.0743036
-0.571577	-0.0988449
1.7424	0.486381
2.17695	0.255285
-0.93008	0.0326213
-0.223937	0.40565
-0.452075	0.575302
1.61204	0.508551
0.645163	0.294059
-0.864898	-0.290878
0.525662	0.714636
0.0585207	-0.159505
-0.658487	0.285029
0.00420194	0.601007
0.656027	0.1616
0.0259294	-0.244018
-0.962671	-0.746977
0.417024	-0.220654
-0.49553	-0.304425
1.13403	0.502662
-0.49553	0.16594
-0.864898	0.33441
-0.593304	0.557583
-0.84317	-0.205586
0.275796	0.258375
-0.256528	-0.761104
-0.256528	-1.00397
-0.430348	0.363357
2.42682	0.25809
-0.560713	0.150907
-0.376029	-0.597366
-0.593304	0.471806
-0.278255	-0.126189
0.0585207	0.608831
-0.832306	-0.769665
0.264932	0.457242
-0.788851	-1.17111
-0.636759	-0.380062
-0.506394	-0.284772
-0.430348	0.181571
-0.897489	-0.667564
-0.647623	-0.581864
1.61204	0.534861
0.0259294	0.189032
-0.386893	-0.336632
0.949348	0.762237
0.634299	0.38826
-0.506394	-0.253809
-0.419484	0.395373
1.41649	0.438628
0.340978	-0.431302
-0.0935718	-0.104508
-0.223937	0.268601
-0.593304	-0.368732
-0.995263	-0.696705
-0.430348	-0.293115
-0.58244	-0.23755
-0.973535	-0.817346
-0.615032	-0.846778
0.232341	0.159266
-0.886625	0.324775
2.94828	0.468727
0.590844	0.263222
-0.658487	-0.225726
0.590844	-0.461362
-0.376029	0.00687816
-0.940944	-1.16647
-0.995263	-1.13507
1.18835	0.659961
1.09058	0.287855
-0.886625	-0.492718
-0.767124	0.404836
-0.691078	0.413201
2.33991	0.407439
2.6115	0.716122
-0.58244	0.315447
-0.158754	0.315391
-0.940944	-0.268834
-0.788851	-0.151077
1.13403	0.553893
1.87277	0.595826
-0.886625	-0.480413
0.503934	0.466143
3.3611	0.681511
0.656027	0.446337
-0.00666181	0.117295
-0.49553	-0.0907285
-0.951808	-0.629261
1.78586	0.686289
1.13403	0.443072
-0.636759	-0.641984
-0.940944	-1.32894
-0.267392	-0.849651
-0.528122	0.368305
2.44854	0.43685
-0.93008	-1.16814
-0.419484	0.553952
-0.0609805	0.367271
2.78532	0.479072
-0.158754	0.156963
-0.854034	-0.517893
-0.365165	0.160783
-0.854034	-0.0523137
-0.962671	-0.5226
-0.462939	-0.0941219
-0.137027	0.83981
0.7538	0.489298
1.15576	0.490201
2.51373	0.435975
0.00420194	0.373772
-0.854034	-0.283844
3.20901	0.447557
-0.636759	0.606187
-0.723669	0.250647
1.54685	0.491804
-0.0175256	0.073381
-0.49553	-0.188119
2.1335	0.411755
-0.832306	-0.531446
0.123703	0.191183
-0.84317	0.62242
0.199749	0.156629
0.145431	-0.39631
0.221477	-0.0753368
-0.886625	-0.784726
-0.951808	-1.53208
0.699482	0.633942
-0.386893	-0.614814
0.112839	0.255516
-0.691078	-0.396098
-0.256528	0.487295
0.0693844	0.118141
1.00367	0.416821
-0.951808	-1.06891
-0.886625	0.305297
-1.00613	-0.461253
-0.40862	0.287316
-0.897489	-0.846817
-0.854034	-0.672508
-1.01699	-0.973872
-0.473803	-0.141635
0.677754	0.649233
0.49307	0.500574
-0.604168	-0.406454
1.37303	0.0559825
0.873302	0.683667
-0.821443	0.628988
2.48114	0.350604
-0.299983	-0.851518
4.39316	0.580772
-0.245664	-0.139709
-0.940944	-0.476557
1.65549	0.147874
0.645163	0.0527816
0.232341	-0.0762812
-0.908353	-0.268335
-0.75626	0.430127
-0.517258	-0.105294
-0.973535	-0.824978
-0.473803	-0.554583
-0.538985	-0.271384
-0.984399	-0.569536
-0.84317	-0.568624
-0.528122	0.715683
-0.213073	-0.0450925
-0.940944	-1.06672
0.460479	0.424165
-0.636759	0.517112
0.0585207	0.214717
-0.2348	-0.328344
-0.712805	-0.610005
-0.821443	0.236175
-0.810579	-0.392386
0.340978	0.369543
-0.897489	0.320845
-0.560713	-0.0828564
-0.2348	-0.642916
-0.832306	-0.284095
-0.299983	0.345154
0.145431	-0.0584397
0.145431	0.278999
-0.0501168	-0.174243
2.32904	0.448053
-0.962671	-0.336983
-0.58244	0.234045
4.72993	0.456057
-0.723669	-0.745513
-0.549849	0.300954
0.699482	0.373257
-0.84317	0.00211179
-1.00613	-0.593565
-0.571577	-0.499379
-0.864898	-0.0251745
-0.386893	-0.00725943
-0.821443	-0.223369
0.84071	0.204418
-0.734533	-0.603786
-0.0175256	0.453722
-0.0501168	0.0481973
-0.278255	-0.583194
-0.223937	-0.236511
-0.723669	0.15707
-0.701941	-0.030217
-0.593304	0.322318
-0.723669	0.437972
-0.104436	0.172283
-0.93008	0.187735
1.52513	0.275231
-0.701941	-0.285554
-0.49553	0.593407
5.12103	0.740371
-0.126163	0.0391237
-0.615032	-0.324223
-0.267392	0.230858
-0.886625	-0.389229
-0.962671	-0.73228
-0.604168	-0.242533
-0.419484	0.262379
-0.908353	-0.366569
0.340978	0.10318
2.86137	0.868821
-0.2348	-0.121224
0.0911119	-0.0791359
0.188886	0.139029
2.1009	0.280473
1.53599	0.614932
1.49254	0.652195
0.829847	0.634503
0.178022	-0.259873
2.57891	0.350268
-0.538985	0.501558
0.199749	-0.051074
-0.897489	-0.564891
-0.158754	0.0943844
0.134567	0.502839
-0.658487	-0.685672
-0.723669	-0.344058
2.30732	0.611265
-0.430348	-0.58254
1.05799	0.80357
-0.658487	0.0452045
-0.658487	-0.0381918
-0.571577	0.511058
2.48114	0.467178
-0.506394	-0.208333
-0.897489	-0.0884059
1.92708	0.707774
-0.864898	-0.376937
-0.310847	0.27968
-0.919216	-0.581281
-0.93008	-0.41298
2.1335	0.687612
-0.256528	-0.104643
0.960212	0.259695
-0.919216	0.369695
-0.919216	0.542528
0.264932	0.1644
0.438752	0.171303
0.710345	0.411815
0.427888	0.189436
-0.32171	0.421298
1.28612	0.586247
-0.799715	0.526536
-0.49553	0.295189
-0.00666181	0.437874
1.19921	0.423842
-0.0175256	0.387264
-0.0935718	0.179101
-0.897489	-0.455422
1.02539	0.548584
-0.604168	-0.542581
-0.517258	0.272241
-0.636759	-0.619784
-0.365165	0.466374
1.69895	0.461407
-0.897489	-0.594287
-0.680214	-0.1684
0.721209	0.143332
-0.517258	-0.0905905
1.85104	0.290916
-0.93008	-0.778768
2.47027	0.590453
0.460479	0.583695
0.0585207	0.51049
-0.397757	0.362287
0.319251	0.421458
4.50179	0.281957
-0.962671	-0.448311
-0.560713	0.344215
-0.777988	-1.11846
1.88363	0.111578
-0.995263	-0.204898
0.351842	0.372338
-0.245664	0.146008
-0.082708	0.34549
1.81845	0.621381
0.362706	0.435993
-0.962671	-0.720898
0.00420194	0.590846
0.384433	0.415292
-0.14789	0.49374
-0.897489	-0.178593
3.13296	0.543953
3.93688	0.788774
0.221477	0.335584
-0.995263	-0.707822
-0.0175256	-0.0792456
-0.93008	0.254544
0.590844	-0.0212052
-0.84317	-0.180845
0.92762	0.516658
0.460479	0.480261
-0.984399	-0.222464
-0.995263	-0.483354
-0.984399	-0.0613627
-0.104436	0.648165
0.330114	-0.0274217
-0.788851	-0.664384
1.35131	0.59581
-0.897489	-0.0367739
0.243204	0.319743
-0.397757	-0.0125421
-0.973535	0.444267
0.188886	0.535315
-0.0501168	0.512311
-0.473803	0.408799
-0.821443	-0.821566
-0.84317	-0.144709
-0.701941	0.204956
1.53599	-0.0875221
-0.267392	-0.526463
-0.995263	-1.09535
-0.832306	0.00726629
-0.810579	-1.32773
-1.04958	-0.765178
-0.680214	0.481794
-0.419484	-0.158188
-0.213073	-0.241994
-0.397757	0.51773
-0.169618	-0.0894709
-0.93008	-1.39122
0.0585207	-0.196994
0.66689	0.265751
-0.93008	-0.0885829
2.36163	0.63994
0.0911119	0.552812
-0.93008	-0.57317
1.30785	0.00463712
2.43768	0.632426
-0.973535	-0.126272
-0.745396	0.117554
-0.66935	-0.155944
-0.680214	-0.681907
-0.343438	0.521592
0.612572	0.681113
3.78479	0.77695
-0.00666181	0.514073
0.0585207	-0.507999
-0.386893	0.509365
-0.951808	-0.965162
-0.343438	0.0301077
0.0585207	0.769204
2.492	0.676558
1.02539	0.735294
0.57998	0.306577
0.101976	0.516702
0.558253	0.545402
-0.593304	-0.39702
-0.593304	-0.449711
0.254068	0.347223
-0.940944	0.0563107
-0.93008	-0.845493
0.471343	-0.46437
-0.0175256	-0.128611
2.33991	0.407439
0.145431	0.403381
0.308387	0.0737561
1.10144	0.133113
-0.549849	0.43592
-0.962671	-0.625628
-0.919216	-0.250862
-0.821443	0.0386624
-0.691078	0.43432
-0.00666181	-0.392273
-0.40862	-0.34681
-0.126163	0.276285
3.1221	0.200112
0.536525	0.172547
-0.343438	0.215987
-0.40862	0.452496
0.49307	0.536365
-0.940944	-1.17475
-0.462939	-0.218069
-0.951808	-1.19082
-0.864898	-0.617229
-0.788851	-0.395841
-0.441212	-0.209557
-0.397757	-0.176748
-0.180482	0.666818
-0.821443	0.0313592
-0.962671	-0.10503
-0.940944	-0.60952
-0.919216	-0.676019
0.0476569	0.252933
-0.58244	-0.591624
-0.560713	0.414901
0.742937	-0.134612
0.0693844	0.252565
0.0476569	0.180627
-0.571577	0.368037
-0.40862	-0.388723
-0.777988	-0.0477673
-0.777988	0.0536224
-0.886625	-0.21595
-0.897489	0.233226
1.56858	0.380932
-0.278255	0.142624
0.417024	-0.169501
-0.951808	-0.839137
-0.419484	-0.422792
-0.854034	-0.282102
0.362706	-0.00409869
1.90536	0.626493
0.275796	0.326878
0.471343	-0.123264
-1.01699	-0.522807
-0.430348	-0.0168083
-0.864898	0.0784139
-0.0935718	0.338189
-0.84317	0.562386
-0.680214	-0.118739
-0.2348	-0.121794
3.58924	0.489149
0.895029	0.425816
-0.788851	-1.14716
1.54685	0.151614
-0.75626	0.571614
-0.864898	-0.17614
-1.03872	-0.120057
1.21008	0.0150583
-0.84317	0.409279
-0.984399	-1.53259
-0.919216	-1.19226
-0.191345	0.0799906
1.34044	0.280489
-0.49553	-0.159276
-0.908353	-1.0158
-0.723669	-1.00186
0.0259294	0.140252
-0.940944	-1.12181
-0.223937	0.463414
-0.832306	-0.971955
-0.777988	0.10807
0.178022	-0.46141
-0.0283893	-0.545566
0.373569	0.555174
-0.180482	-0.188372
1.99227	0.807275
-0.962671	-0.432337
-0.40862	0.301142
-0.723669	-0.610439
0.308387	0.507944
-0.995263	-0.439447
-0.332574	0.62202
-0.278255	0.0971329
0.319251	-0.063912
0.134567	0.462704
-0.615032	-0.0901214
2.33991	0.362834
-0.951808	-0.660383
-0.680214	0.283005
-0.213073	0.0489135
-0.452075	0.105202
-0.386893	-0.0305905
0.547389	-0.241235
-0.691078	0.215141
-0.745396	-1.14884
-0.745396	-0.135899
-0.082708	0.315128
-0.365165	-0.207165
1.23181	0.497465
1.29699	0.306518
-0.137027	0.0694755
-0.452075	0.477244
0.427888	0.410713
-0.897489	-0.120485
1.01453	0.327961
-0.256528	0.186539
0.188886	-0.880171
-0.973535	-0.766417
1.05799	0.269176
-0.897489	-0.683522
-0.93008	0.0510562
1.32958	0.436721
-0.223937	0.286303
1.29699	0.101396
0.188886	-0.109892
-0.75626	-0.933716
3.07864	0.561158
0.00420194	0.526386
0.764664	0.390284
0.112839	-0.21153
-0.49553	0.175
0.829847	0.496424
0.145431	0.122273
-0.104436	-0.633024
-0.462939	-0.369296
-0.386893	-0.155964
-0.571577	-0.92126
-0.593304	-0.186996
0.221477	0.539695
-0.908353	0.284467
-0.799715	0.529004
-0.430348	0.401881
-0.625895	-0.813587
0.634299	0.285223
0.340978	0.338789
-0.75626	-0.187294
-0.940944	-0.174638
1.28612	0.526901
-0.93008	-0.35675
-0.864898	0.182991
2.14436	0.44223
0.569117	0.581327
-0.864898	-0.251461
-0.40862	-0.000477006
-0.082708	-0.333361
0.721209	-1.02024
-0.115299	0.472572
-0.158754	0.0803965
-0.886625	0.124196
-0.169618	0.102801
-0.039253	-0.801905
0.764664	0.234854
-0.419484	-0.60975
2.23127	0.390239
0.00420194	0.307106
0.0150657	-0.0709094
-0.886625	0.545273
0.775528	0.292702
-0.2348	0.231603
1.04712	0.538529
-0.810579	-0.0607768
0.536525	0.439089
-0.289119	-0.234578
-0.886625	0.0396032
1.95968	0.32731
-0.940944	-0.460379
1.05799	0.558637
-0.995263	-0.719097
2.87223	0.568893
-0.517258	0.476534
0.156294	-0.404337
0.514798	0.414879
2.14436	0.30139
-0.517258	-0.0457387
0.960212	0.357727
-0.908353	-0.651739
0.645163	0.268612
-0.908353	-0.732337
1.84017	0.300014
-0.973535	-0.879174
0.427888	0.364254
1.57945	0.561917
-0.538985	0.435531
-0.908353	-0.423259
-0.951808	-0.550317
-0.517258	0.254528
0.0802482	0.705645
-0.951808	0.00576092
-0.810579	0.615402
-0.14789	0.447627
-0.908353	-0.342942
-0.75626	0.458357
-0.636759	-0.732074
0.319251	-0.501596
0.167158	-0.0288493
0.471343	0.432476
-0.93008	-0.448695
-0.365165	0.342073
0.00420194	0.171077
-0.386893	-0.0950431
0.0367932	-0.495959
0.0150657	0.311877
-0.864898	-0.194847
0.112839	0.24691
-0.84317	-0.904994
-0.2348	0.205851
-0.0935718	0.39254
1.16662	0.24693
0.949348	0.234373
-0.854034	-0.586567
-0.854034	-1.58921
-0.691078	0.228604
-0.854034	-0.488011
-0.343438	-0.891833
-0.93008	-0.0978991
-0.767124	-0.127944
-0.484667	-0.3244
0.199749	0.376
-0.310847	-0.123765
2.36163	0.364822
-0.919216	-1.50145
2.11177	-0.673489
-0.854034	-0.926932
0.145431	-0.0319615
-0.158754	0.0382778
-0.93008	-0.574923
0.362706	0.395228
1.73154	0.384915
0.0150657	0.495442
0.525662	0.103286
-0.93008	0.0997088
0.536525	-0.211464
0.482207	0.688857
1.25353	0.491379
-0.245664	0.158039
0.351842	0.0979317
0.351842	0.701567
-0.0718443	0.528827
-0.104436	-0.0791354
-0.810579	-0.105458
-0.962671	0.256438
-0.397757	0.167867
1.37303	0.210671
-0.354302	0.307417
-0.549849	-0.212471
-0.777988	-0.528434
-0.528122	-1.05435
-0.571577	-0.555998
-0.886625	0.033226
1.10144	0.0130236
0.710345	0.206178
-0.506394	0.429539
0.514798	-0.287179
-0.908353	-0.628424
-0.691078	0.187923
-0.593304	-0.829854
-0.267392	0.271315
-0.886625	-0.341425
-0.538985	0.102837
-0.289119	0.386957
-0.734533	0.190251
1.21008	0.267626
-0.93008	-0.375482
2.3725	0.497891
-0.256528	-0.647385
0.0367932	-0.247209
-0.875761	0.278113
-0.691078	0.359945
2.43768	0.402814
0.0585207	-0.66182
-0.604168	0.227929
0.742937	0.385533
-0.202209	0.285027
-0.767124	-0.304191
1.45994	0.821631
-0.951808	-0.406475
0.710345	0.536672
-0.951808	-0.679472
-0.169618	-0.818362
0.960212	-0.276688
0.210613	0.119084
-0.49553	-0.45938
2.03572	0.383317
-0.745396	-0.559385
1.67722	0.639651
0.482207	0.371396
1.01453	-0.282669
-0.462939	0.120389
0.57998	0.0624444
-0.799715	-0.047404
0.145431	0.259846
0.873302	-0.0264869
0.123703	0.0457715
0.829847	0.458949
0.438752	-0.118219
-0.940944	-0.556345
-0.886625	-0.488445
-0.864898	-0.469709
-0.973535	-0.761203
-0.126163	-0.0250891
1.24267	0.29698
-0.951808	0.140485
-0.549849	0.193395
-0.951808	-0.633776
-0.0718443	-0.180019
0.612572	0.53287
-0.788851	-0.923617
-0.821443	-0.125817
-0.126163	-0.0691767
0.732073	0.348791
-0.560713	0.209382
-0.376029	0.19702
-0.223937	0.16497
-0.14789	0.554236
-0.864898	-0.544231
-0.908353	-0.823271
-0.560713	-0.57624
-0.528122	-1.05435
-0.832306	-0.480844
-0.310847	0.00427422
1.21008	0.344361
-0.962671	0.148479
0.710345	0.487915
-0.126163	0.161234
-0.191345	0.103448
-0.299983	-0.334345
-0.75626	-0.784828
1.47081	-0.166493
0.503934	-0.131865
-0.940944	0.53175
-0.767124	-0.377238
-0.897489	-0.537835
-0.571577	-0.213921
-0.962671	-0.703066
1.21008	0.21118
-0.0935718	0.516698
-0.647623	-0.0489314
-0.115299	0.026597
0.286659	0.33434
-0.126163	-0.276179
3.92601	0.504243
-0.962671	-0.861699
-0.864898	-0.216862
-0.658487	0.318291
0.0259294	-0.39569
-0.734533	0.121769
-0.777988	0.46086
-0.126163	0.28608
-0.810579	0.353835
2.57891	0.238089
-0.365165	-0.34468
-0.484667	-0.285426
-0.84317	-0.644682
0.188886	-0.0315771
-0.951808	-0.56878
-0.278255	0.293771
0.0911119	-0.419954
-0.549849	0.0735641
-1.03872	-1.12859
0.0476569	0.368082
-1.04958	-1.6913
-0.995263	0.322736
-0.962671	-1.07868
-0.58244	0.23825
-0.419484	0.0404184
-0.897489	0.324664
1.67722	0.523334
-0.799715	-0.468422
0.308387	-0.409423
0.0259294	0.0905188
1.17749	0.156758
-0.549849	0.256959
0.829847	0.438711
-0.93008	-0.845494
-0.951808	-1.00864
-0.528122	-0.285404
-0.452075	0.496189
-0.604168	0.493074
-0.506394	-0.563252
-0.973535	-0.106492
-0.712805	0.326165
-0.919216	0.0355406
-0.452075	-0.464333
3.55665	0.519316
0.0693844	-0.00528859
-0.691078	-0.905836
-0.202209	0.466408
-0.810579	0.329779
-0.951808	-0.395026
-0.973535	0.335761
-0.919216	-0.811201
0.0911119	0.508524
1.25353	0.169856
-0.897489	-0.173696
0.525662	-0.52173
0.210613	0.601773
0.264932	0.440223
-0.386893	-0.846949
0.949348	0.474438
-0.0609805	0.340238
3.29592	0.78579
0.134567	0.00540778
-0.908353	-0.694683
-0.0609805	0.244016
-0.267392	0.225902
-0.908353	-0.125222
1.17749	0.282136
-0.66935	0.13722
-0.180482	0.163675
-0.604168	-0.279448
-0.875761	-0.238016
-0.810579	0.0877562
-0.32171	-0.343684
-0.32171	0.257925
-0.940944	-1.3998
-0.615032	-0.556856
-0.484667	-0.241198
-0.701941	0.409425
0.156294	0.360158
2.65496	0.17013
1.28612	0.571177
-0.441212	-0.144018
-0.832306	-0.924445
-0.354302	0.427636
-0.767124	0.227606
1.3839	0.392978
-0.875761	-0.615842
-0.84317	-0.96974
0.254068	0.380644
-0.810579	-0.467445
1.03626	0.399821
1.29699	0.204658
0.721209	0.519493
-0.691078	0.422367
0.536525	0.626542
1.1449	-0.433995
1.28612	0.866486
-0.658487	0.0972462
-0.908353	-0.458261
-0.832306	-0.0801803
-0.441212	0.490969
-0.615032	0.238606
-0.615032	-0.339487
0.503934	0.356848
-0.615032	-0.141028
-0.734533	-0.0516993
-0.126163	-0.723094
-0.604168	-0.375511
-0.40862	0.359072
3.27419	0.648254
0.199749	-0.34224
1.22094	0.201438
-0.484667	0.314376
-0.549849	0.0395853
-0.984399	-0.106606
-0.745396	0.438146
0.0150657	0.174338
-0.908353	-1.81038
2.00313	0.586751
0.351842	0.235483
-0.0718443	-0.389252
-0.810579	-0.344848
-0.984399	-0.0290104
-0.636759	0.378576
-0.962671	-0.0444876
-0.473803	0.0515482
-0.745396	-0.653616
0.57998	-0.336919
1.87277	0.21512
1.57945	0.42597
-0.712805	-0.735848
-0.506394	-0.608403
0.243204	-0.482698
-0.00666181	0.510025
-0.864898	-0.158593
-0.745396	0.435805
-0.984399	-0.68699
0.590844	-0.617009
-0.0283893	0.48446
-1.00613	-0.332024
-0.647623	0.371327
-0.40862	0.140089
-0.875761	-0.483165
-0.0501168	-0.162256
0.503934	0.452396
0.254068	0.22601
-0.897489	-0.0283509
0.112839	0.448044
0.0585207	-0.0689877
-0.473803	0.333033
-0.680214	-0.0492494
-0.908353	-1.70955
-0.777988	-0.0301797
-0.734533	0.344916
-0.625895	0.23278
-0.549849	0.359396
0.916757	-0.111749
-0.767124	-0.775465
-0.473803	-0.0284511
1.12317	-0.134025
-0.908353	0.401782
-0.0718443	-0.343995
-0.245664	0.231192
-0.951808	-0.706254
0.112839	0.255516
0.558253	0.410692
0.57998	-0.659255
0.188886	0.378748
1.01453	0.441369
0.547389	-0.0456074
1.44908	0.140883
1.34044	0.798359
-0.604168	-0.632865
-0.0283893	-0.0746613
-0.745396	0.0392526
-0.897489	-0.713884
-0.691078	0.0275401
-0.810579	-0.308165
0.145431	-0.115061
0.221477	-0.108677
-0.484667	-0.328633
-0.49553	-0.541944
-0.821443	-0.0953097
-0.0935718	0.274747
-0.169618	0.0873195
-0.49553	-0.382067
0.851574	0.785297
-0.908353	0.12341
0.558253	-0.0790526
-0.886625	-0.928248
-0.397757	0.0595456
-0.267392	0.0158
0.221477	0.133899
-0.875761	-1.01426
0.49307	0.635939
-0.484667	-0.0184596
0.525662	0.392758
2.26386	-0.1672
-0.788851	0.185108
-0.40862	-0.0813047
0.732073	0.737863
-0.919216	-0.842176
0.243204	0.018278
-0.49553	0.0731653
0.92762	0.00452477
0.829847	0.405079
-0.484667	0.66393
-0.788851	-0.704086
-0.951808	-0.905682
-0.701941	-0.974303
-0.202209	-0.114713
0.0259294	0.495871
-0.940944	-0.926458
-0.202209	0.570486
-0.332574	0.272646
-0.137027	0.386656
0.373569	0.121531
0.406161	0.0306139
-0.604168	-0.890407
1.2644	0.495718
-0.397757	0.276945
-0.951808	-0.509934
0.112839	-0.602975
-0.49553	-0.0907285
-0.864898	-0.34664
-0.973535	-0.956525
-0.615032	0.435994
-0.354302	-0.129703
-0.810579	0.171303
-0.256528	0.0121035
-0.777988	-0.370656
-0.386893	-0.212194
-0.962671	-0.568822
1.37303	0.706442
-0.897489	-0.565469
1.21008	0.571927
-0.691078	0.678287
-0.701941	-0.0902667
0.101976	0.580306
-0.32171	-0.11812
-0.245664	0.483475
0.0476569	0.0147268
-0.452075	0.0324503
1.09058	0.564668
-0.84317	-0.954788
-0.832306	-0.483326
0.0585207	-0.13258
-0.84317	0.0720081
2.54632	0.177481
-0.75626	0.228475
-0.84317	0.239399
-0.354302	0.0431678
0.00420194	0.450912
-0.984399	-0.593782
2.05745	-0.0131285
0.558253	0.474069
-0.615032	0.0129632
-0.386893	-0.128667
-0.278255	0.208218
1.10144	0.148786
0.0802482	-0.559057
0.0259294	-0.271958
2.17695	0.446791
-0.462939	0.345988
-0.126163	0.382106
0.981939	0.0806799
-0.58244	0.383515
-0.897489	-1.58066
0.373569	0.599602
1.90536	0.411276
-0.658487	-0.675128
-0.636759	0.391887
0.221477	0.0773409
0.688618	0.107416
0.0367932	0.340911
-0.940944	-0.250096
-0.0283893	-0.529535
-0.875761	-1.01426
4.72993	0.456057
-0.93008	-0.524502
-0.191345	-0.451933
-0.908353	0.126093
0.612572	0.35657
0.862438	-0.160465
-0.93008	-0.557309
-0.58244	0.208683
1.61204	0.430442
0.84071	-0.43767
-0.973535	0.00145793
-1.01699	-0.505088
-0.832306	-0.762109
-0.636759	0.247626
-0.2348	0.0662423
0.710345	0.370892
0.167158	0.215788
0.742937	0.304193
-0.256528	0.21147
-0.625895	0.3008
-0.908353	-0.354479
1.25353	0.491379
1.67722	0.453025
-0.343438	0.179831
0.742937	0.513772
-0.973535	-1.07144
-0.223937	0.61504
-0.289119	0.489071
0.536525	0.0893637
-0.919216	-0.297805
0.829847	0.721976
-0.604168	0.131408
0.297523	0.259926
-0.343438	-0.530387
6.23999	0.766521
0.873302	0.63946
-0.951808	0.489744
1.1449	0.34214
-0.810579	-0.871923
-0.875761	0.20072
-0.777988	0.408919
-0.810579	0.346454
-0.419484	-0.0877736
-0.625895	0.455245
0.699482	0.483362
1.13403	0.502662
1.04712	0.519365
-0.864898	-0.0902436
-0.462939	0.38668
-0.973535	-0.554144
0.438752	0.260161
-0.158754	0.273306
-0.180482	-0.549355
-0.745396	0.480803
-0.40862	0.10214
1.02539	0.543986
-0.245664	-0.212929
2.98087	0.528148
0.123703	0.39985
-0.810579	-0.332202
-0.810579	0.0524525
-0.104436	-0.000133699
-0.517258	-0.505938
0.775528	0.526215
0.210613	0.438012
1.67722	-0.0205354
-0.452075	0.0569532
0.199749	0.316306
-0.104436	0.444362
-0.995263	-0.203748
-0.365165	-0.664966
1.09058	0.428381
-0.636759	-1.07875
-0.799715	-0.0850149
-0.919216	-0.504421
-0.528122	0.18441
-0.202209	0.159057
1.76413	0.579442
-0.864898	-0.102559
-0.14789	0.195478
-0.484667	0.371518
-0.14789	-1.89802
0.210613	0.327871
3.13296	0.323038
-0.0609805	0.288334
4.27365	0.534205
-0.169618	-0.238527
-0.376029	-0.507015
-0.788851	-0.724674
0.319251	0.124132
1.61204	0.511495
1.3839	0.084858
-0.0175256	-0.0378858
0.243204	0.220935
-0.223937	-0.0369167
-0.549849	-0.0578083
-0.58244	0.205368
0.395297	0.497019
-0.940944	-0.383649
-0.636759	0.413061
-0.256528	0.619572
-0.549849	-0.358267
-0.886625	-0.770987
3.67615	0.585971
-0.517258	-0.712426
-0.680214	-0.0743222
-0.647623	0.295072
-0.40862	-0.0670726
-0.788851	-0.136715
0.547389	0.184656
1.77499	0.495147
3.18728	0.480802
2.89396	0.424276
-0.571577	0.385579
-0.723669	-0.317913
0.188886	0.408737
-0.310847	0.0303231
-0.604168	-0.044076
-0.506394	0.0762331
0.167158	0.125084
0.797255	0.308798
1.44908	0.742172
0.362706	0.351999
-0.169618	-0.665324
-0.0935718	0.270164
-1.03872	-1.12859
0.677754	0.589704
-0.441212	0.1773
0.829847	0.336525
1.55772	0.522056
0.210613	0.43709
-0.223937	-0.469845
-0.343438	0.287843
-0.984399	0.130428
0.569117	0.25497
0.84071	0.376527
0.101976	0.0743258
-0.0935718	-0.283079
0.601708	-0.158559
-0.886625	0.377048
-0.202209	-0.117751
-0.962671	-0.346546
-0.430348	0.374747
-0.984399	-0.574726
0.601708	0.147282
-0.191345	-0.129576
-0.180482	0.425522
-0.202209	0.137533
0.308387	-0.0233481
-0.0501168	0.428026
-0.0935718	0.42756
-0.777988	0.121237
-0.93008	-1.14407
-0.712805	0.28255
-0.365165	0.504623
1.02539	0.350778
-0.223937	0.382184
-0.571577	0.107003
-0.832306	-0.807827
1.72067	0.401773
-0.908353	-0.744514
-0.962671	-1.14106
-0.854034	-0.951905
0.634299	0.731784
2.78532	-0.0542059
-0.93008	-0.825339
-0.0935718	0.179101
-1.02785	-0.852061
-0.126163	0.114909
3.13296	0.481198
-0.723669	-0.817
1.89449	0.475212
0.764664	0.0894368
-0.832306	-1.47632
-0.299983	0.321111
-0.289119	0.0455289
-0.680214	0.0654775
-0.202209	0.0738991
0.460479	0.329344
-0.886625	-0.0760161
2.6115	0.296865
1.64463	0.385212
-0.137027	0.464154
0.57998	0.607328
-0.0718443	-0.129324
-0.864898	-0.77414
-0.484667	-0.336086
2.68755	0.502752
-0.962671	-0.546021
0.00420194	-0.0246883
0.406161	-0.404765
-0.984399	-0.502119
-0.517258	-0.355555
0.123703	0.379047
0.00420194	0.302125
-0.940944	-0.772056
-0.310847	0.490586
-0.919216	-0.583144
0.0802482	0.106381
-0.897489	-0.341068
-0.723669	0.396688
-1.01699	-0.583483
-0.299983	0.402639
-0.484667	-0.0664874
-0.854034	-0.574624
-0.354302	0.432933
0.0911119	0.552812
0.243204	0.667526
-0.854034	-0.325461
-0.691078	-0.442913
0.373569	0.382916
-0.777988	-0.976662
-0.854034	-0.0064914
-0.202209	-0.467332
-0.973535	-0.554144
5.22966	-0.74424
-0.810579	-0.949328
0.156294	0.196918
-0.810579	-0.981411
-0.310847	-0.354975
-0.995263	-0.159126
-0.984399	-1.0377
0.0693844	0.839383
-0.854034	0.286348
0.775528	-0.210431
1.5034	0.42904
-0.84317	0.0983254
-0.2348	0.610964
-0.419484	0.510151
1.97054	0.530478
-0.973535	-0.225326
-0.962671	0.376926
0.308387	0.507944
0.00420194	0.416222
-0.908353	0.263216
-0.680214	0.232196
-0.169618	0.429254
-0.647623	0.124355
-0.32171	-0.0161891
0.199749	0.119373
-0.419484	-0.344391
0.112839	0.00941527
0.775528	0.587087
0.188886	0.3517
-0.158754	-0.471228
-0.75626	0.177493
0.362706	-0.228125
-0.647623	-0.627023
-0.75626	-0.362671
-0.84317	-0.0887774
0.0476569	0.120078
-0.00666181	-0.00120812
1.78586	-0.313884
-0.951808	-0.419031
-0.202209	-0.0623786
-0.278255	0.214016
3.49146	0.685774
0.264932	-0.194488
-0.40862	0.134004
1.02539	-0.0607182
0.00420194	-0.173282
0.275796	-0.159558
0.57998	0.36998
0.275796	0.265292
-0.658487	-0.555623
0.0476569	0.0609151
0.308387	-0.124985
0.710345	-0.167663
-0.14789	0.195478
-0.473803	0.156951
-0.484667	0.369465
-0.897489	-0.449446
0.254068	0.179375
0.590844	-0.30744
-0.973535	0.457059
0.645163	0.166542
1.30785	0.559279
0.351842	0.283363
-0.691078	-0.0426238
-0.191345	0.113908
-0.723669	-0.652373
-0.473803	0.116074
0.601708	-0.145039
-0.734533	-0.583925
-1.01699	-0.426091
0.438752	0.189844
0.873302	0.124455
-0.354302	-0.262042
1.91622	0.704137
0.0259294	-0.136055
-0.875761	-0.56044
-0.14789	-0.536741
1.36217	0.380049
2.60064	0.526251
-0.691078	-0.411015
-0.332574	0.591282
0.732073	-0.102489
-0.310847	-0.195032
1.99227	0.541865
-0.2348	0.0369211
-0.419484	0.623003
1.13403	-0.0326116
-0.940944	-0.495126
-1.01699	0.176588
1.80758	0.411584
-0.84317	-1.61137
-0.528122	-0.479796
2.67668	0.596882
-0.940944	-0.079552
-0.58244	-0.0369142
2.04659	0.20963
0.569117	-0.356108
-0.538985	0.0594074
0.645163	-0.231717
-0.452075	0.168816
-0.962671	-0.581295
1.00367	0.589303
2.28559	-0.0898221
-0.897489	-0.63588
-0.549849	-0.336396
0.721209	0.418475
-1.00613	-0.294907
0.123703	-0.404731
0.829847	0.11115
3.19814	0.629042
1.5034	0.540397
0.0585207	0.494459
-0.75626	0.0796024
-0.039253	-0.041319
-0.267392	0.396129
2.05745	0.576844
-0.365165	0.44975
0.449616	-0.139053
2.35077	0.443881
-0.625895	0.594654
0.199749	0.352196
2.90482	0.487521
-0.430348	0.263799
1.69895	0.443573
0.818983	0.323389
-0.875761	0.492156
-0.691078	0.520161
-0.213073	0.265079
-0.202209	-0.0315723
2.78532	0.543069
-0.636759	-0.380062
-0.332574	-0.283572
-0.560713	0.420096
-0.66935	-0.0117082
-0.93008	-0.484054
-0.615032	-1.56288
-0.821443	0.396947
-0.84317	-0.0599969
-0.951808	0.0457508
0.57998	0.370092
1.56858	0.380932
-0.984399	0.0643787
-0.397757	-0.117839
-0.0283893	0.363912
-0.854034	-0.486258
-0.14789	-0.603586
-0.0935718	0.186636
-0.376029	0.241538
-0.115299	0.0427457
-0.973535	-0.478992
0.264932	0.82486
-0.886625	-0.698833
-0.40862	0.165564
-0.115299	0.24126
-0.571577	-0.323539
-0.995263	-1.06025
-0.919216	0.0800751
0.525662	0.343316
1.97054	0.427665
-0.973535	-1.06828
1.56858	0.144266
-0.875761	-0.392183
-0.560713	0.457031
-0.571577	-0.230051
-0.897489	-0.566232
-0.158754	0.256469
0.938484	0.38906
-0.484667	0.135228
-0.310847	0.337359
-0.615032	-0.698665
-0.419484	-1.09397
-0.365165	0.707834
-0.202209	0.618727
-0.549849	0.534853
0.905893	0.0820913
0.438752	0.311827
0.775528	0.661321
-0.549849	0.461903
3.0026	0.364517
0.362706	-0.150053
2.30732	0.37631
-0.484667	0.367062
-0.723669	0.463197
-0.951808	-0.65664
2.19868	0.402397
-0.278255	-0.601255
0.558253	0.127232
-0.506394	-0.764737
-0.940944	-0.559885
-0.788851	0.161128
-0.984399	-0.648651
0.0367932	0.228121
0.895029	0.289504
-0.93008	-0.792387
-0.788851	0.391228
0.264932	0.370124
-0.082708	-0.0934619
3.38283	0.417765
-0.864898	-0.256619
-0.267392	0.476832
2.11177	0.0344353
-0.636759	-0.16535
1.9814	0.352605
0.210613	0.208968
0.873302	-0.365314
-0.940944	-0.611683
-0.712805	-0.208134
-0.984399	-0.944802
-0.256528	-0.260885
-0.951808	0.360875
1.7424	0.490169
-0.615032	0.0891628
0.590844	0.476426
-0.658487	0.21204
-0.93008	-0.935834
2.42682	0.521994
-0.864898	-0.794885
-0.701941	0.360504
1.47081	0.8184
0.134567	-0.354129
-0.832306	-1.06821
-0.2348	0.418364
1.75326	0.504782
0.514798	0.408746
0.308387	-0.429433
0.49307	0.208173
-0.506394	0.0585782
-0.777988	-0.0670066
-0.49553	-0.344749
-0.951808	-0.851342
1.42735	0.165685
-0.343438	-0.0914166
0.0150657	-0.210058
-0.386893	0.231577
0.710345	0.520938
2.97	0.561516
-0.897489	0.343261
1.97054	0.428798
4.20847	0.75564
-0.0718443	-0.175521
-0.126163	-0.313817
0.0693844	0.306516
0.232341	-0.18806
1.5034	0.160649
0.677754	0.306163
-0.788851	-0.606614
2.65496	0.499252
-0.419484	0.274788
-0.940944	-0.585104
-0.593304	-0.649809
0.503934	0.352787
-0.49553	0.297811
-0.799715	-0.926941
-0.40862	-0.287555
-0.0718443	0.388424
0.373569	-0.509493
1.05799	0.381467
-0.58244	-0.586898
-1.02785	-1.13134
-0.886625	0.337244
1.59031	-0.184218
-0.864898	-0.253192
-0.875761	-0.828283
3.23073	0.35147
0.732073	0.565439
0.330114	0.848431
0.243204	-0.24433
0.243204	0.116693
0.449616	0.254964
0.134567	0.498668
1.87277	0.211825
-0.452075	-0.0609861
-0.506394	0.0192277
0.992803	0.479134
-0.517258	0.423835
1.15576	0.494977
-0.962671	-1.49453
0.254068	0.552919
-0.593304	0.0711148
-0.560713	-0.727681
0.851574	0.0674861
1.31872	0.460466
-0.691078	0.432217
0.829847	0.0225072
0.286659	0.494637
4.24106	0.192994
0.264932	0.450757
0.0476569	0.322219
-0.40862	0.186788
0.145431	0.0261189
0.0476569	0.691142
-0.93008	0.254544
1.1449	-0.12349
-0.93008	-0.514784
-0.571577	-0.101649
-0.919216	0.309368
-0.919216	0.0800751
3.6001	0.578651
0.351842	0.354032
-0.441212	0.106455
-0.604168	-0.213646
0.384433	0.399175
1.22094	0.263807
-0.777988	-0.920458
3.3611	0.401057
0.536525	0.326977
0.156294	-0.431974
-0.332574	-0.0435585
2.07918	0.564137
-0.984399	-0.995895
-0.854034	0.178902
-0.223937	-0.100961
-0.267392	-0.913152
0.123703	0.391959
-0.0175256	-0.337801
0.438752	-0.582928
-0.919216	0.301614
-0.984399	0.160394
-0.560713	-0.830561
-0.84317	0.396563
-0.169618	0.354619
0.384433	-0.149757
-0.701941	-0.214343
-0.354302	0.213344
-0.278255	0.428957
-0.343438	0.469572
0.297523	0.452078
-0.962671	-0.208132
-0.691078	0.0784743
2.01399	-0.2643
-0.549849	-0.913492
-0.452075	0.0338337
0.308387	-0.593633
-0.875761	-0.337185
-0.32171	0.213062
0.49307	0.753831
-0.886625	-0.697049
1.80758	0.674709
-0.604168	0.348887
-0.919216	-0.733517
0.623435	0.805481
-0.810579	0.501586
-0.202209	-0.424628
1.35131	0.866334
-0.452075	0.42119
0.460479	-0.127896
0.145431	0.268685
-0.354302	-0.0015959
0.710345	0.370892
-0.897489	-0.467202
0.134567	0.379247
-0.788851	-0.108312
0.688618	0.37609
0.460479	0.324675
2.99173	0.746001
-0.49553	0.0593485
1.21008	0.306396
2.52459	0.298571
0.960212	-0.276688
-0.00666181	0.0836721
-0.788851	-0.289222
2.15522	0.500166
0.634299	0.396888
-0.832306	-1.01514
1.23181	-0.100586
-0.712805	-0.645366
-0.213073	0.103475
4.54525	0.644967
-0.386893	-0.846949
0.49307	0.641116
0.123703	-0.156092
-0.984399	-0.0214355
3.19814	0.733852
1.61204	0.480929
-0.245664	-0.427317
-0.919216	-0.87001
-0.886625	-0.847467
-0.734533	-0.494666
1.89449	0.45154
-0.647623	0.40321
-0.712805	-0.258954
-0.484667	-0.149344
0.84071	0.144417
0.503934	0.182991
-0.593304	-0.210834
-0.962671	-1.07868
0.590844	0.76245
-0.658487	0.0448303
-0.647623	0.498309
0.0367932	-0.211885
1.29699	0.101396
1.32958	0.334053
-0.419484	0.195887
-0.538985	-0.0946438
-0.908353	-0.2198
-1.03872	-0.0633712
-0.777988	-0.458563
-0.875761	-0.582343
0.482207	0.378314
0.123703	-0.124297
-0.723669	-0.0932473
0.438752	0.113965
-0.777988	-0.961874
1.30785	0.413498
-0.365165	0.281315
-0.126163	-0.0250891
-0.538985	0.244227
-0.332574	0.132364
-0.680214	-0.493836
-0.278255	-0.625144
0.264932	0.295697
-0.864898	-0.598494
-0.777988	-0.358206
0.373569	0.265698
-0.897489	-1.43424
2.48114	0.24259
-0.799715	-0.080072
-1.01699	-0.629983
1.72067	0.384863
0.449616	0.576406
-0.886625	-0.983586
-0.821443	-0.561599
-0.14789	-0.32511
0.0259294	0.407834
0.221477	0.311065
-0.951808	-0.738223
1.94881	0.223066
1.67722	0.311438
1.15576	0.338859
-0.332574	-0.208491
1.1449	-0.433995
-0.278255	0.354827
0.742937	0.063193
-0.354302	0.213344
0.612572	0.217346
0.851574	0.516515
0.547389	0.518659
0.905893	0.735724
3.66528	0.611829
-0.213073	0.837832
-0.245664	0.676292
0.525662	0.607415
2.26386	0.0307478
-0.419484	-0.110551
0.243204	-0.0470941
2.06831	0.414851
0.797255	0.724036
-0.0609805	0.256402
-0.137027	0.00645543
2.14436	-0.161202
-0.886625	-0.103178
0.590844	-0.108636
0.710345	0.557464
-0.973535	-2.30784
-0.712805	-0.210585
-0.462939	-0.182286
-0.593304	0.010214
-1.00613	-0.756918
-0.84317	-0.309064
-1.01699	0.0335011
0.92762	0.0395003
-0.0283893	0.240846
0.0693844	0.357699
-0.810579	-0.0506152
-0.0175256	-0.176733
1.88363	-0.0445408
1.54685	0.538638
-0.376029	-0.32498
1.6229	0.411135
-0.082708	0.257001
-0.245664	0.210969
-0.332574	-0.0429801
-0.299983	0.0540877
0.0911119	0.33968
-0.951808	-0.634666
-0.0718443	-0.281145
-0.452075	0.575302
2.95914	0.786274
-0.484667	0.153677
0.351842	0.0735468
-0.560713	0.0212701
2.98087	-0.00854367
-0.962671	-1.44743
-0.723669	0.038092
-0.745396	-1.04356
-0.223937	0.494806
1.03626	0.295432
-0.256528	0.134716
-0.560713	-0.0265884
0.460479	-0.430946
-0.158754	-0.798575
-0.940944	-0.764408
0.764664	-0.169908
0.547389	0.334767
-0.93008	0.0714721
-0.615032	0.301709
0.536525	0.172547
-0.14789	-0.32511
-0.734533	-0.235871
-0.951808	-0.489334
-0.549849	-0.674548
-0.908353	-0.224305
-0.75626	0.205147
-0.821443	-0.507218
1.36217	0.513517
-0.484667	-0.0278273
-0.039253	0.296239
-0.886625	-0.387224
-0.767124	-0.33817
1.49254	0.0116574
0.0911119	0.16448
-0.223937	0.619421
0.0367932	0.125195
-0.854034	-0.154686
-0.267392	0.613753
-0.821443	0.186622
0.0367932	0.634174
-0.66935	-1.60089
0.514798	0.383465
-0.864898	0.320782
0.569117	0.39788
-0.832306	0.268332
0.145431	0.276965
-0.984399	0.481846
2.45941	0.342493
0.699482	0.483362
0.221477	-0.0959392
0.427888	0.189436
-0.419484	0.0739653
-0.897489	-0.808477
-0.745396	-0.697401
8.55397	0.831782
0.362706	0.191565
-0.202209	0.0892506
1.88363	0.126167
-0.202209	-0.615703
0.275796	0.203373
0.308387	-0.245558
-0.93008	-0.832752
1.61204	0.553508
-0.886625	-0.540767
0.49307	-0.557308
-0.84317	0.0580313
-0.951808	-0.259313
-0.984399	-0.827061
-0.58244	0.235559
1.27526	0.508841
-0.0175256	0.442222
-0.680214	-0.39102
2.69841	0.60704
0.547389	0.210794
0.134567	0.729374
-0.658487	-0.604441
1.68808	-0.401865
0.384433	0.604156
-0.223937	0.421843
2.22041	0.678284
-0.951808	0.277638
-0.0609805	-0.343716
-0.658487	0.26476
-0.777988	0.110092
-0.788851	-0.50694
0.308387	0.291892
0.558253	0.474069
0.0367932	0.243726
1.03626	-0.176314
0.797255	0.648932
1.66636	-0.154311
-0.712805	-0.56391
-0.386893	0.245251
-0.864898	-0.944637
1.91622	0.703403
-0.343438	-0.00264588
-0.810579	0.444371
-0.593304	0.241122
0.449616	0.0428115
-0.875761	-0.65387
-0.452075	0.249191
-0.940944	-0.555186
-0.267392	0.54591
0.00420194	0.40876
-0.799715	-0.287932
-0.701941	-0.324549
-0.777988	-0.130703
0.656027	0.297794
0.449616	0.363323
0.00420194	-0.140297
1.52513	0.61884
-0.0175256	0.0493941
-0.213073	-0.168056
0.590844	0.517088
0.417024	0.354257
-0.767124	-0.35842
0.0259294	-0.462709
-0.875761	-0.30848
0.612572	0.289184
-0.365165	-0.34468
1.12317	-0.27707
0.0585207	0.29454
-0.441212	-0.149872
-0.473803	0.0187765
-0.767124	-0.471148
3.17642	0.0140575
0.286659	0.0646315
-0.864898	-0.148821
-0.973535	0.119019
-0.191345	0.385999
-0.940944	-0.520755
-0.484667	-0.0352103
0.156294	-0.129164
-0.625895	0.00423104
0.0476569	0.382728
-0.647623	-0.210168
-0.636759	0.265011
-0.701941	0.17577
1.47081	0.267357
-0.571577	-0.197955
0.264932	0.602093
-0.386893	0.209812
-0.452075	0.0454983
-0.767124	-0.166928
1.15576	0.179613
-0.462939	-1.27048
-0.951808	-0.0185854
-0.864898	-1.5385
-0.484667	0.165247
-0.897489	0.577381
-0.723669	-0.569344
-0.104436	-0.486237
-0.919216	-0.550717
-0.169618	0.0756634
-0.93008	-0.19582
-0.919216	-1.0495
-0.93008	-0.576169
-0.386893	0.0278888
1.87277	0.381992
0.742937	0.673955
0.514798	0.193387
2.29645	-0.0238473
-0.734533	0.764764
-0.886625	-0.56382
-0.875761	-0.25554
0.449616	0.561611
-0.810579	-0.168766
-0.082708	0.382793
-0.169618	-0.237619
-0.767124	-0.774376
-0.278255	-1.01443
1.89449	0.404516
-0.299983	0.488449
-0.158754	-0.265581
2.09004	0.512991
-0.213073	0.317181
-0.386893	0.236752
-0.962671	-0.131029
0.319251	-0.0571917
0.677754	0.246018
-0.962671	-1.07718
0.243204	0.667526
-0.430348	-1.27265
0.449616	0.333572
3.13296	0.293357
-0.354302	0.0428967
-0.104436	-0.0993736
-0.506394	-0.0431024
0.0911119	-0.0517828
-0.973535	-0.397831
-0.821443	-0.322673
1.73154	0.521044
-0.951808	-0.034684
-0.919216	-0.468042
-1.01699	-0.17783
-0.571577	0.801492
0.438752	-0.567329
0.829847	0.0694858
-0.0501168	-0.00451073
-1.00613	-0.818139
-0.84317	0.270289
-0.940944	-0.503175
0.221477	0.136405
-0.701941	0.24095
-0.886625	0.0759261
0.786392	0.0217785
-0.886625	-0.389413
0.362706	0.155535
-0.115299	0.364668
-0.973535	0.0410745
1.56858	0.0591253
0.677754	-0.22847
0.362706	0.592352
-0.397757	0.283023
-0.962671	-0.735524
-0.538985	0.35878
0.286659	0.0646315
-0.256528	0.346117
-0.832306	-0.963029
-0.854034	-0.488189
3.3611	0.438837
4.40402	0.46016
0.547389	-0.949573
-0.604168	0.497553
0.764664	-0.0920117
-0.940944	-1.07163
1.1123	0.173001
-0.636759	-0.326808
2.24213	0.384458
-0.538985	-0.134117
0.688618	0.725771
-0.973535	0.145907
-0.191345	-0.263734
-0.115299	0.33037
0.254068	-0.761108
0.384433	-0.0727804
1.18835	0.451902
0.775528	0.180915
0.156294	0.481608
0.732073	0.150611
-0.734533	0.503298
-0.962671	-0.795073
0.330114	0.379353
-0.49553	0.164348
-0.0283893	0.380928
-0.484667	-0.699613
0.558253	0.508442
0.0802482	0.595193
-0.223937	0.244325
-0.951808	-0.282911
0.00420194	0.230844
1.78586	-0.041298
-0.810579	-0.428822
-0.854034	0.12207
-0.777988	-0.248
-0.777988	0.228579
-0.951808	-0.560821
-0.951808	-0.179525
0.732073	0.108105
1.42735	0.459489
0.818983	0.577947
-1.02785	-0.31306
0.0259294	0.400623
-0.875761	-0.85882
-0.93008	-0.572664
0.569117	-0.186529
-0.430348	0.448962
-0.897489	-0.0458363
0.210613	0.293471
0.319251	-0.063912
0.340978	0.41243
-0.886625	0.00998089
0.0802482	0.352055
1.03626	0.51836
-0.343438	-0.41596
-0.58244	-0.650707
0.797255	0.469263
0.417024	0.104478
-0.658487	0.229528
-0.430348	0.443898
4.07811	0.299207
-0.75626	-0.135817
-0.886625	-0.938162
-0.58244	-0.160405
-0.962671	-0.259056
-0.875761	-0.401929
0.243204	0.220935
0.254068	-0.0866613
-0.517258	0.0872753
0.188886	0.357154
-0.734533	-0.0289544
1.10144	-0.0686388
-0.897489	-0.846817
-0.0283893	0.491749
-0.473803	0.396517
0.362706	-0.133721
-0.962671	-0.230924
-0.506394	-0.176345
0.178022	0.326587
-0.951808	-0.664276
2.79618	0.372326
-0.49553	-0.207709
-0.691078	-1.06577
-0.386893	-0.539404
-0.973535	-0.896546
-0.734533	-0.572441
0.221477	-0.0360015
-0.680214	-0.093049
-0.354302	-0.664678
-0.528122	0.273771
-0.647623	0.270464
-0.332574	0.403138
-0.593304	0.335284
-0.908353	-0.593112
-0.897489	-1.37139
0.7538	-0.0854828
-0.039253	0.0202058
-0.593304	0.583496
-0.897489	-1.13508
-0.256528	0.0411356
-0.701941	0.423205
-0.767124	0.0259646
1.09058	0.248262
-0.441212	-0.128326
0.601708	-0.203699
0.340978	-1.05433
-0.299983	0.302421
1.2644	0.495718
-1.00613	-0.819127
0.482207	0.220765
1.87277	0.42088
0.612572	0.862367
0.286659	0.419335
-0.462939	-0.5542
-0.506394	0.50511
0.406161	-0.269575
-0.875761	-0.0445794
-0.0718443	-0.523417
-0.528122	-0.594955
-0.788851	-0.169154
1.60117	0.356398
0.417024	0.0483641
-0.0283893	0.268681
-0.864898	-0.274562
-0.365165	0.423088
0.938484	0.388528
-0.897489	0.0563352
0.0150657	0.306434
-0.538985	-0.747622
-0.799715	-0.414008
0.254068	-0.837498
-0.66935	-0.283138
-0.517258	0.0870815
-0.310847	0.00570627
0.275796	0.402334
0.319251	0.519283
0.0476569	-0.00760061
-0.538985	0.045693
0.243204	0.427774
0.112839	0.720124
-0.908353	-0.495296
-0.441212	0.37135
-0.538985	0.187684
-0.082708	0.356693
-0.919216	-0.738891
0.0911119	-0.528446
-0.299983	-0.535485
-0.962671	-0.0357062
1.6229	0.601122
0.482207	-0.717555
1.1449	0.542284
-0.93008	-0.392557
0.0150657	-0.0922025
0.243204	0.404416
-0.745396	-0.512539
0.275796	0.140147
4.02379	0.399439
-0.93008	0.0510562
-0.984399	-0.335915
-0.126163	0.475951
-0.0718443	-0.257733
0.612572	0.131994
1.25353	0.178957
-0.897489	-0.467202
2.36163	0.641994
0.351842	-0.0272767
-0.886625	-0.544375
0.417024	0.0110849
-0.810579	-0.149397
-0.32171	0.65263
-0.0609805	0.65608
2.50286	0.448802
-0.256528	0.0107769
-0.115299	0.0696659
1.15576	0.18719
-0.712805	-0.337024
-0.745396	0.405975
-0.886625	-0.155979
-0.777988	-0.310584
-1.00613	-0.964894
-0.875761	0.0847593
-0.799715	0.498593
-0.723669	0.334634
-0.14789	-0.159416
-0.593304	-0.0996893
1.77499	0.344981
-0.213073	-0.371342
0.210613	0.29688
-0.625895	0.204492
-0.701941	0.17577
-0.897489	-0.48414
0.569117	0.631608
-0.310847	0.208338
0.677754	0.135817
0.0259294	-0.485749
-0.940944	-0.54983
-0.875761	-1.31262
-0.864898	0.276827
0.0150657	0.116186
-0.951808	-0.579719
0.188886	-0.431023
0.351842	0.226076
-0.571577	0.358671
0.949348	0.150087
0.210613	-0.140118
3.76306	0.706445
0.00420194	-0.338477
-0.430348	0.459117
-0.691078	0.548089
3.3611	0.720982
-0.788851	-0.151077
-0.549849	0.258412
0.384433	0.334534
-0.886625	-0.000458326
-0.658487	-0.666077
-0.625895	0.41238
0.254068	-0.218183
-0.701941	-0.425972
1.90536	0.0651946
-0.256528	-0.0232311
2.65496	0.534924
0.188886	-0.288537
0.0802482	0.510542
-0.180482	0.0106988
1.37303	0.455527
1.9814	0.248384
-0.691078	-0.889077
0.884165	0.453979
-0.365165	-0.0945609
-0.180482	0.623983
1.02539	-0.0218951
-0.701941	0.509976
0.101976	0.188761
-0.962671	0.0160173
-0.2348	0.296104
-0.636759	0.0269474
-0.691078	-0.287005
-0.973535	-0.826276
0.0259294	0.690633
-0.897489	-0.146224
-0.745396	0.397534
-0.962671	-0.310896
0.308387	0.424527
-0.636759	-0.874135
-0.973535	-0.564079
0.254068	0.230476
-0.2348	0.0222738
1.04712	0.5284
-0.962671	0.197429
2.19868	0.494975
0.00420194	0.0930449
-0.365165	0.339256
-0.886625	-0.321841
2.74187	0.622847
-0.973535	0.482694
0.0367932	-0.249585
0.286659	0.27187
-0.571577	0.124765
0.286659	-0.0573787
2.38336	0.620129
1.30785	0.355749
0.406161	-0.354877
-0.832306	-0.44329
-0.0501168	-0.420456
-0.213073	0.505809
0.471343	0.649471
0.590844	0.363077
1.32958	0.429284
2.44854	0.292398
-0.299983	0.00540451
-0.821443	-0.437917
-0.604168	-0.116775
-0.897489	-0.166173
-0.278255	-0.310507
3.89342	0.71023
0.232341	0.531851
-0.886625	-0.00402849
-0.213073	-0.215866
0.688618	-0.332907
-0.75626	-0.752608
-0.658487	0.442677
-0.821443	0.108117
-0.691078	-0.231175
0.688618	-0.247505
-0.864898	-0.818278
0.330114	0.421227
-0.658487	0.333085
0.438752	0.180089
0.0476569	0.0758597
-0.701941	-0.0690636
-0.0609805	0.0816615
-0.452075	0.453084
-0.213073	0.389101
1.09058	0.146984
-0.0501168	-0.156134
-0.517258	-0.144533
1.34044	0.891685
-0.517258	0.131814
-0.397757	-0.633234
-0.245664	0.274437
-0.0175256	0.335556
-0.897489	-0.325421
1.13403	0.457369
-0.40862	0.425462
1.00367	0.526444
-0.397757	0.254299
-0.767124	-0.613249
-0.995263	-0.616248
-0.462939	0.472003
-0.821443	-1.54574
-0.332574	0.553704
-0.528122	0.585182
-0.0175256	0.776579
-0.191345	-0.263734
0.482207	-0.00733258
2.43768	0.413169
-0.788851	-0.713892
0.851574	0.501629
4.37143	0.778035
0.677754	-0.0702286
1.15576	0.581891
-0.886625	-0.610198
2.04659	0.429953
0.384433	0.186023
1.73154	0.548297
-0.484667	-0.590438
-0.484667	-0.143385
0.395297	0.235864
-0.549849	0.523399
-0.538985	-0.769104
0.0367932	0.116
0.829847	0.184384
0.254068	0.381225
-0.919216	-0.665861
0.0802482	0.296648
-0.875761	-1.00857
0.0585207	-0.0957949
-0.289119	-0.0420726
0.351842	0.255429
0.199749	0.910053
-0.386893	-0.630377
-0.984399	-0.376407
-0.571577	0.24233
-0.40862	-0.146482
0.981939	0.524025
-0.810579	0.228204
-0.615032	0.423323
0.0693844	0.189464
-0.267392	0.734294
-0.039253	0.475703
-0.832306	-1.21291
1.52513	0.593421
-0.767124	0.13207
-0.788851	0.391228
-0.810579	0.406562
-0.951808	-0.483493
2.99173	0.542491
-0.506394	0.520045
0.84071	0.128797
0.66689	0.245822
-0.75626	0.329788
-0.864898	-0.496748
-0.549849	0.340021
0.286659	0.632634
0.460479	0.127991
-0.376029	-0.0434433
0.319251	-0.252156
-0.919216	-0.634549
-0.473803	-0.215031
-0.908353	-0.103322
0.243204	0.260187
0.286659	-0.202414
-0.864898	0.232145
-0.973535	-0.061568
-0.452075	-0.665554
-0.452075	0.311784
0.134567	-0.209653
0.156294	0.406595
-0.191345	0.290143
-0.908353	-0.524538
-0.180482	0.180863
0.851574	0.65576
-0.647623	0.273412
-0.788851	-0.541258
-0.126163	-0.0753785
-0.32171	0.348627
-0.126163	-0.406883
-0.886625	0.215104
-0.256528	0.312541
0.895029	0.0327406
-0.854034	-0.540763
-0.973535	-0.594772
-0.473803	-0.0243915
1.6229	0.181677
-0.854034	-0.886408
1.82931	0.511851
2.47027	0.221412
-0.93008	-1.14532
-0.93008	-0.590195
-0.680214	0.0740124
3.90429	0.560401
-0.625895	0.209982
-0.625895	-1.02944
2.00313	0.513852
-0.549849	-1.48543
-0.984399	-0.231054
-0.897489	-0.130038
-0.278255	0.310931
0.330114	0.285671
0.634299	0.506862
-0.854034	-0.586567
-0.908353	-0.614542
1.48167	0.573284
-0.897489	-0.282553
-0.908353	-0.495296
-0.604168	-0.474513
0.156294	0.328449
-0.821443	-0.485111
-0.864898	0.582279
1.99227	0.289948
-0.310847	0.00570627
-0.93008	0.219361
-0.00666181	0.473967
0.199749	0.50782
0.199749	0.0361817
0.0150657	0.509146
-0.864898	-0.264634
-0.886625	-0.738239
-0.58244	-0.0194767
-0.256528	0.306772
-0.278255	0.451663
-0.658487	0.0539065
1.48167	0.312357
-0.289119	0.253233
-0.832306	0.153769
0.916757	0.675666
0.623435	0.300632
-0.864898	-0.0902436
-0.0283893	-0.0956562
-0.908353	-1.03601
-0.962671	-0.0735463
1.05799	0.502468
1.28612	-0.275932
-0.517258	0.424987
-0.897489	-0.669192
-0.66935	0.416708
-0.919216	-0.115936
-0.549849	-0.469378
-0.039253	-0.349229
-0.821443	0.185738
1.67722	0.300665
0.0259294	-0.0578417
-0.777988	-0.0352982
-0.908353	-0.458261
0.308387	0.477277
-0.441212	0.301811
-0.940944	-0.27022
-0.984399	-0.310328
-0.386893	-0.463573
-0.191345	0.0799906
-0.854034	-0.698508
0.862438	0.521773
-0.441212	0.106351
0.601708	0.216182
-0.854034	-1.03442
-0.49553	-0.375948
-0.40862	0.303144
0.199749	0.404385
-0.886625	-0.879227
-0.767124	-0.456109
-0.701941	0.290502
-0.419484	-0.124903
0.362706	0.435993
1.56858	0.0603816
-0.973535	-0.15836
0.677754	0.396496
-0.647623	0.316477
3.52406	0.475786
0.547389	-0.295922
1.18835	0.455676
1.18835	0.428234
-0.104436	0.307698
-0.788851	-0.445138
-0.376029	0.594411
-0.777988	-0.0595689
0.427888	-0.154911
-0.777988	0.129048
-0.354302	0.459623
0.145431	-0.316814
0.710345	0.411815
-0.984399	-0.926521
-0.973535	-0.427555
-0.908353	-1.24757
-0.897489	-0.199473
-0.549849	-0.153117
1.70981	0.353398
-0.777988	-0.0895422
-0.58244	-0.0633347
-0.462939	-0.0655648
-0.75626	0.321507
3.39369	0.474289
-0.951808	-0.597943
-0.84317	0.62242
0.254068	0.20729
0.275796	0.396072
-0.299983	-0.338671
2.40509	0.59157
-0.799715	0.172374
0.0476569	-0.58456
-0.32171	0.435077
-0.821443	-0.485111
1.24267	0.769058
-0.462939	0.593063
0.916757	0.581531
-0.560713	-0.210912
0.340978	0.209601
-0.908353	-0.418281
-0.940944	-1.07456
-0.213073	-0.0501892
-0.767124	-1.18936
-0.636759	-0.619784
-0.908353	-0.084944
1.2644	0.478522
-0.832306	-0.757475
-0.289119	-0.510386
-0.0609805	0.676866
-0.202209	0.43877
-0.14789	0.249885
1.29699	-0.0615312
-0.256528	0.423048
-0.299983	0.351708
-0.278255	-0.0586235
-0.115299	0.0931291
-0.223937	0.020194
-0.126163	-0.0598372
-0.0935718	0.0163389
-0.386893	0.0788854
-0.343438	-0.115983
-0.66935	0.321684
-0.419484	-0.253795
2.64409	0.325223
-0.962671	-1.62794
0.536525	-0.0249146
1.41649	-0.271916
-0.767124	0.224101
1.9814	0.449104
-0.343438	-0.660576
0.340978	0.414285
-0.267392	0.197604
-0.604168	0.182446
-0.821443	-1.16258
-0.951808	-0.0671298
-1.00613	0.202795
0.7538	0.154904
-0.278255	-0.600763
-0.973535	-0.180725
0.134567	0.242472
0.514798	0.193387
-0.169618	0.40993
0.232341	0.402259
-0.430348	-0.153547
0.808119	0.0433347
1.64463	0.298211
0.0585207	0.248988
0.960212	-0.20733
-0.452075	-0.402614
-0.365165	0.223549
-0.93008	-1.13105
0.330114	0.572589
-0.528122	0.168136
-0.973535	-0.584448
-0.854034	-0.824009
1.89449	0.398063
-0.0501168	-0.00451073
-0.245664	0.174204
-0.951808	-0.424146
-0.0501168	-0.029413
-0.810579	-1.12198
-0.701941	0.632842
-0.66935	0.28549
-0.604168	0.493074
2.97	0.444186
0.275796	-0.51254
-0.00666181	0.42223
1.68808	-0.0379595
-0.560713	-0.331258
3.8717	0.78748
-0.723669	-0.953507
-0.951808	0.135369
-0.647623	-0.330821
0.00420194	0.351365
-0.0175256	0.121959
-0.604168	0.28101
2.68755	0.452397
0.297523	0.533241
-1.01699	-0.929581
-0.58244	0.048323
-0.00666181	0.00589824
-0.919216	-0.225187
-0.886625	0.369376
-0.962671	-0.102553
-0.299983	-0.315846
2.90482	0.161684
1.13403	-0.0654284
0.395297	-0.269477
1.13403	0.669083
-0.517258	0.409885
-0.538985	-0.396084
-0.799715	-0.466168
-0.919216	-1.09473
3.58924	0.489149
-0.723669	0.150864
0.916757	0.847103
-0.484667	0.403698
3.04605	-0.000712394
-0.951808	-0.444838
-0.223937	0.493767
-0.604168	0.428749
-0.908353	0.311884
0.297523	-0.500398
-0.343438	0.330341
-0.962671	0.363212
-0.767124	0.367313
0.0150657	0.194929
-0.940944	-0.892923
-0.940944	-0.680401
-0.66935	0.117514
-0.462939	-1.58043
-0.658487	0.00231984
-1.00613	0.442766
2.54632	0.252096
-1.00613	-0.0804443
-0.115299	-0.577386
-0.604168	-0.287222
1.19921	0.5944
1.43822	0.896977
3.19814	0.231945
2.01399	0.498166
-0.84317	0.414139
-0.430348	0.188293
1.22094	0.646254
-0.376029	0.029307
-0.484667	0.436141
0.384433	-0.287077
-0.875761	-0.564732
-0.441212	0.399069
4.07811	0.299207
0.395297	0.411075
-0.289119	0.298235
3.06778	0.724753
-0.647623	-0.845655
-0.49553	0.0731653
0.123703	-0.209035
0.742937	0.161578
-0.864898	-0.551236
-0.962671	-1.60854
-0.430348	-1.54036
2.87223	0.517478
2.30732	0.37631
-0.278255	0.429926
-0.84317	-0.15904
0.330114	0.32183
-0.691078	-0.3585
0.0476569	0.53695
1.22094	0.646254
-0.962671	-0.987534
0.590844	-0.189634
-0.386893	0.0140603
-0.538985	-0.792432
-0.593304	-0.619933
-0.549849	-0.149302
-0.701941	-0.429168
0.449616	0.339271
-0.973535	-0.903894
-0.680214	0.564676
-0.245664	-0.734393
-0.821443	-0.0996189
1.02539	0.498672
0.862438	0.562114
0.514798	0.668181
0.243204	0.406251
-0.767124	-0.991627
-0.680214	-0.969254
2.62236	0.685556
0.373569	0.674206
-0.0718443	-0.16154
-0.604168	0.0696735
-0.658487	0.17761
-0.832306	0.0737935
-0.951808	-0.523477
2.04659	0.343419
-0.799715	0.396226
3.2416	0.101237
0.395297	0.615417
0.406161	-0.0921362
-0.712805	0.601523
1.82931	0.505111
2.05745	0.611225
1.21008	0.0150583
1.53599	0.422609
-0.517258	-0.750468
-0.940944	0.202848
-0.00666181	-0.112358
0.395297	-0.207515
1.65549	0.377045
-0.799715	-0.231464
1.40563	0.507818
-0.625895	0.385432
-0.777988	-0.0160768
-0.397757	0.215471
-0.832306	0.428045
-0.441212	0.699597
-0.0501168	0.195555
-0.973535	-0.75227
-0.40862	0.498125
0.156294	0.105253
-0.169618	-0.00304951
-0.506394	-0.0554891
-0.180482	-0.564081
0.384433	0.816343
-0.875761	0.387456
2.00313	0.498057
-0.962671	-0.145007
-0.0283893	-0.302295
-0.84317	-1.07199
-0.93008	-0.435667
2.52459	0.593092
-0.908353	-0.757691
-0.712805	-0.753067
0.732073	0.263349
-0.191345	0.307231
-0.75626	-0.817677
-0.897489	-0.578255
1.66636	0.295779
0.210613	0.136274
-0.202209	0.159772
-0.919216	-0.279997
-1.00613	-1.31657
-0.788851	0.463811
-0.886625	-0.678389
-0.256528	0.244693
0.210613	0.327026
1.07971	0.34124
-0.0609805	0.388806
1.93795	0.415266
0.482207	0.129052
-0.788851	-0.234302
-0.082708	0.42612
0.49307	0.0771281
-0.691078	-0.320304
-0.832306	-1.0236
-0.604168	-0.431735
0.178022	-0.535475
-0.777988	-0.297111
0.134567	0.695189
-0.940944	-0.651554
-0.310847	0.404833
-0.191345	0.237801
-0.767124	-0.566564
-0.962671	-0.504779
-0.397757	-0.139907
3.17642	0.476159
-0.00666181	0.216015
-0.84317	0.0983254
-0.560713	-0.720107
-0.984399	0.400679
0.123703	0.0764194
0.623435	0.060494
2.18781	0.675716
0.547389	0.316638
-0.430348	0.258996
0.851574	0.179548
-0.560713	-0.026059
0.0476569	-0.00219447
-0.14789	-1.89802
-0.973535	-0.00999299
-0.0718443	0.554861
0.884165	0.5423
-1.07131	-1.81531
2.42682	0.584398
-0.712805	0.480009
-0.951808	-0.580003
0.0150657	0.457571
-0.452075	-0.227025
-0.788851	-0.581849
-0.810579	0.353835
-0.202209	-0.215733
1.17749	-0.634038
-0.213073	-0.420171
-0.191345	0.0676394
-0.484667	0.0934466
-0.940944	-0.664695
-0.506394	-0.182008
4.9798	0.210341
-0.832306	-0.455095
-0.299983	-0.851518
0.0911119	0.101667
-0.213073	-0.241994
0.623435	0.239634
-0.984399	-0.239489
0.569117	-0.51263
2.28559	-0.0898221
0.145431	0.0122306
0.460479	0.176514
-0.506394	0.0939694
1.6229	0.502672
-0.777988	0.103199
0.721209	0.439165
-0.897489	-0.125479
-0.810579	-0.272035
-0.32171	0.520298
-0.734533	-0.728343
-0.66935	0.369258
-0.245664	0.36839
0.417024	0.737324
-0.615032	-0.220082
0.243204	-0.223539
0.829847	0.255744
-0.202209	0.314078
0.884165	0.606624
0.0259294	0.379958
-0.897489	-0.531789
-0.66935	-0.704824
-0.734533	-0.286956
-1.00613	0.348295
1.7424	0.643718
1.48167	-0.501273
1.63376	0.418661
-0.777988	0.103199
-1.00613	0.476532
0.0585207	-0.180448
-0.0935718	0.0875928
-0.93008	-0.590341
-0.528122	-0.241497
-0.343438	-0.195955
0.884165	0.0397504
-0.332574	0.333126
0.101976	0.317021
0.254068	-0.580566
-0.452075	-0.111113
3.18728	0.470054
-0.49553	-0.112807
-0.788851	-1.14716
-0.00666181	-0.112358
-0.267392	0.554565
1.68808	0.583601
0.471343	0.153761
0.656027	0.350267
2.48114	0.350604
2.17695	0.4475
-0.767124	-0.551783
-0.0283893	-0.00908335
0.732073	0.576725
-0.180482	-0.301525
-0.245664	-0.620594
-0.310847	-0.074369
2.1335	0.457378
1.13403	0.315568
-1.00613	0.190033
1.00367	0.579151
0.0476569	0.397324
-0.919216	-0.296048
0.0802482	-0.531441
-0.419484	0.167749
2.26386	0.322369
-0.973535	-1.0013
2.11177	0.220985
-0.734533	-1.55755
-0.777988	-1.05341
1.44908	0.48712
3.52406	0.475786
-0.0609805	0.388806
-0.0175256	0.457355
-0.289119	0.380161
-0.984399	0.0485699
0.623435	0.060494
-0.908353	-0.00511775
1.09058	0.205487
-0.940944	-0.921483
-0.213073	0.266384
-0.430348	0.0835612
-0.908353	-0.423259
0.123703	0.489652
4.53438	0.597109
-0.615032	-0.613832
-0.549849	-0.225792
-0.810579	-0.799108
-0.864898	0.0617208
-0.462939	0.496672
-0.158754	0.46148
-0.84317	-0.782446
-0.951808	-0.126269
-0.734533	0.558519
1.2644	0.680034
3.20901	0.381626
0.884165	0.319236
0.0150657	0.332683
-0.919216	-0.913959
0.0585207	0.126692
1.5034	0.277993
-0.517258	-0.545042
0.373569	0.555174
-0.973535	0.369291
-0.951808	-0.753889
0.210613	-0.0471634
-0.832306	0.246474
-0.0501168	-0.80954
0.525662	0.172154
-0.517258	-0.0859021
1.35131	0.379887
-0.115299	0.0292719
-0.104436	0.530984
0.232341	-0.393969
-0.973535	-1.33151
0.0367932	0.425452
0.178022	-0.503774
0.373569	0.114332
-0.104436	0.120153
0.699482	-0.107896
-0.365165	0.42429
-0.680214	-0.274855
-0.299983	0.0611147
-0.93008	-0.272279
0.134567	0.52198
-0.951808	-0.304026
-0.039253	-0.0300498
-0.082708	0.0604893
0.0367932	-0.725379
-0.49553	0.0753805
1.03626	0.181999
2.55718	0.440584
-0.919216	-0.70636
-0.962671	-0.0453844
3.68701	0.405885
-0.00666181	-0.405387
2.18781	0.450241
-0.897489	0.229872
-0.691078	-0.767991
-0.517258	-0.552555
-0.430348	0.622735
0.66689	0.166767
0.677754	0.517346
-0.777988	-0.982961
-0.745396	-1.03539
1.69895	0.598011
-0.658487	0.254447
1.02539	0.684073
-0.0283893	-0.147078
-0.571577	-0.274389
-0.940944	-0.784162
-0.506394	0.0350817
0.123703	0.230996
0.0150657	0.381437
1.30785	0.589261
-0.517258	-0.823087
-0.799715	-0.669558
-0.647623	0.245958
-0.821443	-0.798257
-0.875761	-1.03963
-0.777988	0.122532
-0.310847	0.27198
-0.832306	-0.538367
-0.571577	-0.363367
-0.354302	-0.502069
0.514798	0.418857
0.732073	0.350934
1.40563	0.280566
0.319251	0.0329715
-0.832306	-0.841731
-0.169618	0.291743
3.88256	0.513835
3.01346	0.601297
0.134567	0.42232
-0.821443	-0.47518
0.558253	-0.00781528
-1.03872	-0.336417
-0.658487	0.433253
1.02539	0.504169
-0.0501168	0.321844
1.21008	0.280002
1.80758	0.270172
-0.310847	-0.703289
-0.973535	-0.650109
-0.039253	-0.571482
-0.886625	-0.225374
-0.908353	-1.14993
0.406161	0.432853
0.221477	0.440449
-0.310847	0.613964
-0.886625	-1.69664
2.23127	0.899041
-1.01699	-0.329055
-0.897489	-0.629171
0.797255	-0.36378
0.286659	-0.474609
-0.517258	0.549417
-0.223937	-0.456932
-0.93008	-0.572664
-0.158754	-0.456194
0.482207	-0.266701
-0.788851	-0.326156
-0.310847	0.0236816
1.90536	-0.0814625
0.384433	-0.225076
-0.0718443	-0.291867
-0.560713	-0.621008
-0.973535	-0.558314
-0.962671	-1.31855
-0.299983	-0.458309
3.13296	0.430781
-0.962671	-1.04334
0.916757	0.578881
-0.636759	0.0269474
-0.734533	-0.0635971
-0.538985	-0.472834
2.17695	0.385144
-0.962671	-0.52696
-0.745396	0.132194
-0.0935718	0.0495149
-0.517258	-0.111828
-0.137027	0.711562
0.275796	0.375892
2.02486	0.524594
1.2644	0.546187
-0.777988	-0.662397
-0.951808	-0.0549048
-0.137027	0.0694755
-0.0935718	0.0795934
-0.658487	0.0419242
-0.267392	0.612184
-0.951808	-0.723909
0.395297	0.498189
-0.821443	-0.0299654
1.15576	0.551996
1.2644	0.234888
0.57998	0.36998
-0.00666181	0.0836721
-0.647623	-0.429365
0.732073	0.539639
-0.104436	0.46291
-0.245664	0.368253
-0.636759	0.173347
-0.93008	0.175709
-0.66935	0.449716
-0.604168	-1.76595
-0.604168	-0.49372
2.68755	0.473226
-0.919216	-1.22894
-0.951808	-0.816922
-0.832306	-0.234026
-0.734533	0.20455
-0.799715	-0.723402
-0.93008	-0.360308
-0.0609805	0.322094
-0.615032	-0.0647157
0.340978	0.491333
2.40509	0.59157
-0.549849	-0.428757
-0.549849	-0.307933
-0.93008	-1.01245
0.101976	-0.00502496
-0.75626	-0.461041
0.0259294	0.0596494
-0.821443	-0.398754
0.829847	0.594475
0.417024	0.0859149
0.123703	0.342474
-0.0283893	-0.545316
-0.75626	0.349771
1.61204	0.597465
-0.32171	-0.333529
0.264932	0.635889
-0.93008	-0.778768
1.30785	0.393728
-1.00613	-1.13507
-0.441212	0.541031
0.699482	0.0531411
-0.973535	-0.793514
-0.49553	0.114749
-0.104436	-0.207809
-0.604168	-0.413973
-0.788851	-0.0431004
-0.93008	-0.361858
-0.376029	0.165253
0.895029	-0.226457
1.5034	-0.0140516
-0.310847	-0.254488
3.29592	0.458077
-0.00666181	0.0640027
-0.484667	0.429826
0.199749	0.303733
-0.908353	-0.0760353
-0.158754	-0.309628
0.438752	0.388739
1.16662	0.376304
-0.799715	-0.811264
-0.788851	0.361303
-0.940944	-0.503175
-0.767124	-0.285441
0.243204	0.46162
-1.04958	-0.831365
-0.75626	-0.561989
-0.202209	-0.18063
-0.604168	0.349868
-0.951808	-0.54912
-0.538985	0.0973524
1.72067	0.763396
-0.0935718	0.166108
-0.40862	-0.20219
-0.310847	0.361421
-0.908353	-1.62218
0.916757	0.219743
-0.691078	-0.37468
3.80651	0.857638
-0.604168	-0.0292044
1.48167	0.323904
0.916757	0.743921
-0.082708	0.356249
0.362706	0.468578
-0.376029	0.567208
0.362706	-0.298167
-0.821443	0.165929
-0.734533	-0.236753
-0.734533	-0.198352
0.656027	0.411728
-0.571577	0.150775
-0.14789	-0.204781
0.732073	0.316687
-0.397757	0.284033
-0.799715	-0.0315826
-0.93008	-0.741537
0.0367932	0.558625
-0.886625	-0.247275
-0.604168	0.434562
-0.549849	-0.617727
-0.636759	-0.196142
0.710345	-0.194638
-0.940944	0.0849476
-0.897489	-0.129461
-0.528122	0.206465
-0.908353	0.209659
-0.984399	-0.743647
-0.615032	0.514151
2.11177	0.727683
2.03572	0.212313
0.0693844	-0.198955
0.199749	0.0307002
0.0259294	0.470858
0.688618	0.215856
-0.213073	-0.466514
-0.75626	-0.447902
-0.636759	0.265551
-0.58244	0.0694232
-0.691078	0.500767
-0.712805	0.367222
-0.462939	0.0500166
-0.723669	-0.282257
-0.886625	-0.630856
-0.473803	-0.404332
-0.386893	0.560452
0.0150657	-0.0883232
-0.604168	0.355514
-1.01699	-1.44026
-0.886625	-0.815681
-0.386893	-0.328178
-0.0175256	0.390851
-0.58244	0.0104437
-0.473803	0.225243
-0.636759	0.339551
0.808119	0.356298
0.438752	0.500258
3.43715	0.850431
-0.875761	-0.335925
3.33937	0.268596
-0.158754	0.0937128
-0.962671	-0.516689
-0.973535	0.119247
-0.93008	-0.408282
1.05799	0.471038
0.438752	-0.265497
-0.767124	-0.463637
-0.0718443	0.19336
0.00420194	0.516487
-0.951808	0.188934
-0.919216	-0.172931
-0.202209	-0.110528
-0.126163	0.618615
0.0150657	-0.0852677
0.873302	0.299322
-0.202209	0.648314
1.7424	0.564578
-0.58244	0.486959
2.44854	0.388073
-0.66935	0.512433
-0.810579	-1.05164
-0.158754	0.413957
-0.723669	0.412505
-0.854034	-1.02677
2.51373	0.255387
0.340978	0.320271
0.981939	0.524025
-0.332574	0.4795
0.134567	-0.151114
0.710345	0.26601
0.384433	0.132198
0.525662	0.475042
-0.984399	-0.385588
-0.560713	-0.534488
-0.908353	0.388507
-0.441212	0.605619
0.123703	-0.124297
-0.864898	-0.692952
0.514798	0.504812
-0.506394	0.528327
0.210613	0.570336
-0.854034	0.298286
-1.00613	0.148197
0.884165	0.412981
-0.995263	-0.347138
-0.40862	0.313124
2.47027	0.110997
-0.951808	-0.914487
0.688618	-0.247505
-0.571577	0.173221
0.167158	0.811792
-0.864898	-0.492094
-0.984399	-1.41566
0.134567	0.126185
-0.538985	0.145024
-0.864898	-0.0967232
0.536525	0.419408
1.37303	0.47596
0.786392	-0.307624
0.156294	0.265909
0.123703	-0.204692
-0.538985	0.355559
0.873302	0.460211
0.503934	0.107446
-0.886625	0.403976
-0.593304	0.279851
1.48167	0.312357
0.134567	0.0341682
3.69788	0.444983
-0.397757	0.39382
-0.419484	0.505251
0.221477	-0.132402
-0.734533	0.195569
-0.430348	0.502244
-0.104436	-0.228427
0.699482	-0.0449714
-0.821443	-0.138021
0.558253	0.111296
-0.84317	-0.596646
0.178022	0.333924
-0.886625	-0.810592
0.319251	-0.604027
-0.66935	-0.193764
-1.00613	-0.270386
-0.908353	-0.078248
-0.267392	0.270791
-0.962671	-0.730615
-0.908353	-0.432891
-0.962671	-0.724346
-0.973535	-0.766171
1.70981	0.331683
-0.84317	-1.63139
-0.658487	-0.0615036
0.427888	0.219288
1.93795	-0.215375
0.243204	0.410995
-0.951808	-0.65664
-0.658487	-0.0615036
-0.0609805	0.676866
-0.354302	-0.531896
0.406161	0.242226
-0.376029	0.567208
-0.951808	-0.0549048
-0.886625	-1.06458
2.50286	0.576346
-0.180482	0.174834
3.20901	0.426318
-0.278255	0.534548
-0.354302	0.0468814
1.1449	0.169995
0.84071	0.348941
2.29645	-0.0178811
-0.419484	-1.42293
2.29645	-0.0728604
-0.528122	0.213887
-0.93008	-0.812022
-0.940944	-0.779408
2.26386	0.322369
-0.549849	0.440189
2.03572	0.457599
1.43822	0.416859
-0.886625	0.320565
0.417024	0.216627
0.438752	0.474493
0.0150657	0.561746
-0.745396	-0.299568
-0.777988	0.00193223
-0.441212	0.157335
-0.745396	0.326402
-0.386893	-0.317922
-0.864898	0.106026
0.384433	0.415292
0.264932	0.219922
-0.810579	0.413775
2.1009	0.499669
0.101976	-0.578431
-0.376029	0.422423
-0.484667	0.154063
-0.419484	0.349728
-0.365165	0.13876
-0.604168	0.467919
0.362706	0.565923
-0.625895	-0.259524
1.92708	0.707774
-0.517258	0.19414
-0.788851	-0.03594
2.8505	0.252348
0.656027	0.46302
0.0911119	0.367175
-0.0935718	0.11548
-0.962671	-0.96278
-0.75626	-0.259583
-0.528122	0.127447
0.427888	0.174069
-0.40862	0.363406
-0.538985	0.313591
1.88363	0.15944
-0.332574	0.132364
0.0150657	0.377763
-0.310847	-0.201191
-0.0175256	0.460978
-0.875761	-0.468526
-0.984399	-0.359269
-0.310847	0.308985
0.0476569	-0.0190048
-0.75626	-0.505626
-0.528122	-0.364886
0.514798	0.174569
2.60064	0.441426
-0.66935	0.324763
-0.886625	0.0631352
-0.734533	0.206279
1.63376	0.921024
-0.908353	-0.326515
0.547389	-0.241235
-0.452075	-0.449489
-0.419484	0.471945
-0.386893	-0.0229338
0.916757	0.578881
0.536525	0.365012
-0.691078	-0.474196
-0.462939	-0.287715
-0.647623	-0.19339
0.590844	-0.0581931
-0.962671	-0.460424
-0.66935	0.308126
0.732073	-0.0924961
3.26333	0.436289
-0.810579	-0.269122
-0.810579	-0.461532
-0.919216	-0.599721
-0.549849	-0.749419
-0.354302	0.198668
-0.0175256	0.0117675
0.57998	0.60814
-0.343438	0.176743
0.417024	0.245102
-0.973535	-0.232035
-0.75626	-0.681521
1.7424	0.490169
-1.00613	-0.572396
1.34044	0.423234
0.764664	0.30137
0.66689	0.193108
1.21008	0.0378555
1.76413	0.634659
-0.615032	0.179816
-0.821443	-0.48507
-0.082708	0.416752
-0.93008	-0.438091
-0.864898	-0.659079
-0.126163	0.154634
-0.84317	-0.524371
-0.0175256	-0.306313
-0.354302	-0.165128
-0.84317	-0.596646
-0.506394	0.30317
-0.875761	-0.794591
-0.267392	0.235016
0.330114	0.443482
-0.93008	-0.218572
-0.039253	-0.409756
-0.886625	-1.04155
-0.854034	-0.735584
0.297523	0.167247
2.58977	0.535771
0.351842	0.283872
-0.777988	-0.439193
-0.462939	-0.275239
0.156294	-0.200804
2.93741	0.180626
0.829847	0.327106
0.210613	0.0131051
-0.886625	-1.07247
1.76413	0.719027
-0.777988	0.188213
2.66582	0.34295
-0.745396	0.428125
0.254068	0.0852163
-0.332574	0.126289
-0.799715	0.396541
-0.93008	-0.37008
-1.00613	-1.01719
-0.821443	0.034254
-0.973535	-0.31047
0.0476569	0.604945
1.07971	0.314113
-0.137027	-0.515941
-0.419484	-0.0319226
-0.897489	0.0227717
0.808119	0.199871
-0.397757	0.333893
-0.821443	0.308199
0.829847	0.0227008
-0.875761	-1.354
1.88363	0.212271
0.275796	0.138903
-0.278255	0.355985
0.884165	0.514544
-0.528122	-0.233074
1.04712	0.35479
1.41649	0.290924
0.536525	0.333249
0.275796	0.0478858
-0.593304	-0.110534
3.17642	0.612956
-0.191345	0.365542
0.0911119	0.378408
-0.615032	-0.0994211
-0.897489	-0.474453
-0.310847	0.391809
0.384433	-0.382053
0.895029	0.544036
-1.03872	-1.34519
-0.897489	-0.43784
-0.908353	-0.293644
1.39476	0.309138
1.37303	0.418404
-0.93008	0.0027573
-0.278255	0.0775755
1.03626	0.369107
-0.951808	-0.824049
-0.940944	-0.95113
1.87277	0.211825
-0.984399	-0.219911
-1.00613	-0.427765
1.69895	0.423638
-0.973535	0.0703017
0.797255	0.362239
-0.701941	-0.451498
-0.560713	-1.00485
1.5034	0.284483
0.0585207	0.27564
-0.712805	0.473868
0.264932	-0.169069
-0.462939	0.12705
0.340978	-0.217255
-0.854034	-0.283844
-0.940944	-0.807567
-0.897489	-0.334627
-0.441212	-0.144018
-0.0283893	-0.0733266
-0.0935718	0.373103
-0.875761	-0.911965
-0.397757	-0.804037
-0.723669	-0.303524
-0.940944	-0.300463
-0.137027	-0.0820792
-0.593304	0.155022
0.417024	0.41976
1.67722	0.638593
-0.354302	0.125651
-0.419484	0.194119
0.188886	0.203924
-0.0175256	0.387264
-0.940944	-0.741552
1.45994	0.821631
-0.691078	-0.796668
0.275796	0.559109
-0.169618	-0.0894709
0.243204	0.44112
0.0911119	0.353838
-0.0501168	0.0915527
0.92762	0.299561
-0.701941	0.306242
-0.354302	0.132421
0.362706	0.506872
1.45994	0.588121
3.45887	0.320741
-0.430348	-0.0477282
-0.908353	-0.802197
0.417024	0.200155
-0.223937	0.0737269
-0.419484	0.40846
-0.832306	-1.47632
0.362706	-0.465352
0.286659	0.636516
3.65442	0.603035
-0.636759	-0.409075
0.569117	0.336297
0.981939	0.324176
0.710345	0.293067
-0.886625	-1.52783
-0.691078	0.517114
-0.245664	0.203506
0.123703	0.0693118
-0.245664	0.217279
-0.115299	0.0869214
-0.647623	-0.349475
-0.886625	0.0631352
0.829847	0.00595733
-0.528122	0.308638
1.13403	0.316707
-0.875761	0.320156
0.699482	0.394934
0.623435	0.328029
-0.962671	-0.993364
0.330114	-0.731304
-0.951808	-0.0251163
0.525662	0.267174
0.818983	-0.11779
-0.223937	-0.335078
-0.93008	-0.0729149
1.17749	0.224993
0.243204	-0.482698
-0.245664	0.300051
1.70981	0.656131
0.742937	0.435166
0.0367932	-0.0357056
-0.647623	-1.35766
0.0367932	0.586355
0.634299	0.692307
-0.0609805	0.269764
0.156294	-0.404337
-0.962671	-1.22501
0.829847	0.336525
-0.213073	0.0948337
-0.864898	-0.0219526
-0.104436	0.404633
-0.832306	-0.454658
1.13403	0.013929
2.15522	0.659594
-0.473803	0.130263
-0.0501168	-0.80954
-0.104436	-0.101961
-0.886625	-0.541145
1.00367	0.473654
-0.593304	0.247483
2.492	0.749129
-0.777988	-0.224372
0.84071	0.4426
-0.995263	-0.71781
-0.712805	0.320732
-0.777988	0.124412
-0.169618	-0.204462
1.54685	0.231163
0.112839	0.318736
-1.00613	-1.18484
1.09058	0.350106
-0.745396	0.300196
-0.908353	0.00811507
-0.788851	-0.212633
0.254068	0.187098
-0.701941	-0.0811004
-0.832306	-1.50121
0.319251	0.486795
-0.560713	-0.00979369
0.0585207	0.321273
-0.517258	0.0872753
-0.256528	0.132455
-0.984399	-0.990267
0.188886	-0.0315771
-0.615032	0.0528804
-1.00613	0.0693127
0.732073	0.471179
-0.32171	-0.0379661
1.95968	-0.518255
-0.473803	-0.0426276
0.123703	0.341309
-0.528122	0.213887
-0.908353	-0.131219
2.00313	0.218748
1.28612	0.622378
0.275796	0.220526
-0.940944	-0.123531
-0.00666181	-0.392273
-0.897489	-0.168205
-0.604168	0.497553
-0.14789	0.49374
-0.213073	0.25914
0.167158	0.215788
0.623435	0.472729
-0.419484	-0.445205
-0.00666181	0.464167
0.438752	0.616732
0.101976	0.0969226
-0.593304	-0.0467869
-0.256528	-0.17615
0.330114	-0.265393
1.51426	0.275403
2.63323	0.312589
0.895029	0.0320537
-0.473803	0.352796
0.330114	0.266789
-0.441212	-0.520616
-0.00666181	0.149799
0.862438	0.179946
1.07971	0.545186
3.95861	0.569956
-0.897489	-0.0458363
0.601708	-0.0596266
-0.886625	0.371041
1.39476	0.484531
-0.723669	-0.317913
-0.0609805	0.489675
-0.289119	0.326541
-0.473803	0.351654
-0.821443	-0.0388422
-0.49553	0.223937
1.32958	0.710763
-0.593304	0.455218
-0.908353	0.299085
-0.93008	-0.64931
-0.75626	0.0933571
-1.03872	-1.2786
-0.984399	-0.0267002
-0.691078	-0.577642
3.7196	0.175195
0.417024	0.530284
1.92708	0.643758
0.221477	-0.00792725
0.0259294	0.268682
-0.680214	-0.695553
0.156294	0.289275
-0.919216	-0.571804
-0.386893	0.509388
0.0585207	0.401407
-0.180482	0.0380772
0.112839	-0.0689683
-0.745396	-1.66894
-0.604168	-0.273309
0.471343	0.482134
-0.875761	-0.53286
0.503934	-0.264506
-0.376029	-0.0639641
-0.962671	-0.861131
-0.213073	0.365995
0.351842	0.235483
1.70981	0.401153
0.569117	-0.0977052
-0.430348	0.593645
1.79672	0.426668
-0.799715	-0.080072
0.905893	0.550745
-0.571577	0.0313085
-0.973535	-0.767851
-0.723669	-0.282778
-0.332574	0.385867
1.9814	0.0208593
-0.462939	0.419656
-0.126163	0.581576
-0.560713	-0.245896
-0.441212	0.362832
-0.169618	-0.108388
-0.180482	0.119099
-0.810579	-0.587818
-0.799715	-0.249233
-0.799715	0.107084
0.938484	0.520994
0.721209	0.510517
1.91622	0.507929
0.384433	-0.297819
-0.886625	-0.936846
-0.082708	-0.00929546
-0.973535	-1.2335
-0.245664	-0.203554
1.09058	0.077188
-0.919216	0.492046
4.02379	0.399439
-0.919216	-0.666743
-0.289119	-0.161323
1.10144	0.533974
-0.832306	-1.55597
-0.115299	0.0843247
-0.93008	-0.46905
1.44908	0.742172
-0.886625	-0.599148
1.52513	0.142788
-0.615032	-0.116839
-0.615032	0.105406
-0.625895	-0.693511
-0.223937	0.347456
-0.386893	0.502224
-0.647623	-0.818064
0.569117	0.382882
-0.32171	0.0202951
-0.0175256	-1.14691
-0.940944	-1.12546
0.808119	0.429376
-0.897489	-0.501901
-0.940944	0.324076
-0.615032	0.288104
-0.897489	-0.352687
0.243204	-0.0819249
2.44854	0.432145
3.40455	0.272104
-0.962671	0.349983
-0.14789	0.313337
0.0367932	-0.117557
0.0802482	0.357199
-0.66935	0.409444
0.188886	0.503598
-0.180482	0.0782972
0.677754	0.141127
3.7196	0.175195
2.15522	0.338365
1.37303	0.398725
2.51373	0.41439
0.0693844	0.156637
0.688618	0.0404478
-1.02785	-0.194304
-0.528122	-1.5923
0.112839	-0.462792
-0.267392	-0.213282
0.482207	-0.324998
1.12317	0.523241
-0.278255	-0.601255
-0.84317	0.396563
-0.560713	-0.337193
0.264932	-0.0700749
-0.93008	0.217991
-0.625895	-0.370173
1.61204	0.444807
0.330114	0.700053
0.710345	-0.186039
1.77499	-0.073411
-0.332574	0.441005
1.78586	0.355427
-0.625895	0.11472
-0.745396	-0.299568
0.57998	-0.271023
-0.875761	-0.637309
0.0367932	0.361242
1.66636	-0.349283
2.3725	0.67936
0.471343	0.727229
-0.397757	-0.655051
1.02539	0.151797
-0.75626	-0.225125
0.340978	0.081268
-0.799715	-0.545984
-0.256528	-0.160429
3.29592	0.286497
-0.213073	0.315538
1.06885	0.286148
-0.386893	-0.530059
-0.506394	-0.207659
-0.0718443	-0.16154
1.00367	0.526444
-0.506394	-0.193389
-0.441212	0.226408
2.15522	0.361504
-0.441212	0.115229
-0.821443	0.558636
-0.376029	-0.153592
0.210613	0.295884
-0.506394	-0.0317817
1.69895	0.471147
-0.484667	-0.00723248
-0.973535	-1.72293
-0.104436	-0.0556406
-0.658487	-0.0889876
0.134567	0.106906
0.00420194	0.403127
-0.962671	0.244912
0.406161	-0.244111
-0.854034	-1.31198
-0.875761	-1.61835
-0.419484	-0.316512
-0.039253	-0.0904784
-0.886625	0.0303638
0.775528	0.55797
0.57998	0.158013
-0.864898	-0.372819
-0.49553	-0.403244
0.547389	0.434122
-0.832306	-0.173577
-0.875761	0.326157
0.319251	0.287951
0.417024	0.0919108
0.123703	0.104289
-0.940944	-0.509769
0.471343	0.360714
-0.984399	-1.53259
0.916757	0.478752
1.77499	0.379885
-0.528122	0.0704053
0.471343	0.240491
-0.745396	0.207587
-0.343438	0.07538
-0.14789	0.192703
-0.560713	0.174316
0.384433	-0.0661714
-0.473803	0.296982
0.308387	0.0208497
2.09004	0.176032
-0.039253	0.0807758
-0.84317	-0.37416
0.0259294	0.495871
-0.0175256	0.295941
-0.538985	-0.520526
0.742937	0.557763
-0.191345	-0.0102326
0.873302	0.460211
-0.864898	-0.239272
-0.908353	-1.0244
-0.376029	-0.0405487
-0.93008	-1.05312
0.340978	0.77313
1.40563	0.20144
-0.40862	0.158915
-0.223937	0.428168
-0.538985	0.0828094
-0.767124	-0.506625
-0.49553	0.40261
-0.49553	-0.341055
-0.712805	0.556566
-0.419484	0.283743
0.764664	0.663093
-0.919216	0.431231
1.88363	-0.0445408
1.84017	0.417892
-0.940944	-0.099455
-0.267392	0.346042
-0.593304	0.208412
-0.636759	-0.0873025
0.351842	0.309293
-0.691078	-0.668896
0.340978	0.637238
1.29699	0.0333689
-0.810579	-0.183235
-0.93008	-0.764476
-0.0283893	0.496779
1.12317	0.403071
2.02486	0.545267
-0.647623	0.223999
-0.126163	0.331101
0.873302	0.447377
-0.00666181	0.28999
-0.32171	-0.321444
-0.386893	0.388596
-0.506394	-0.196018
0.797255	-0.0589052
-0.386893	0.245251
-0.973535	-0.428728
-0.919216	-1.38261
0.797255	0.175866
-0.376029	-0.0693867
0.721209	0.399617
0.732073	0.600612
-0.691078	0.311319
-0.354302	-0.13187
-0.777988	0.0840198
0.0802482	0.318625
-0.832306	-0.422324
-0.299983	0.789386
-0.962671	-0.800644
-0.864898	-0.0697828
0.0693844	-0.758806
-0.723669	-0.225425
-0.897489	-0.430981
-1.03872	-1.3587
-0.973535	0.0236792
-0.593304	0.010214
-0.951808	-0.634666
0.0367932	-0.053875
-0.636759	0.578435
0.612572	0.355196
-0.658487	-0.0944229
0.634299	0.33184
-0.376029	0.361715
1.63376	0.418661
-0.93008	-0.42272
3.9912	0.686722
-0.213073	0.341957
-0.821443	-0.790911
-0.104436	0.395052
0.460479	0.629715
-0.875761	-0.0347334
1.52513	0.161991
0.851574	0.339784
2.07918	0.640593
-0.919216	-0.388326
-0.158754	0.110423
3.23073	0.745299
-0.962671	0.166216
-0.310847	-0.217052
0.503934	-0.468333
-0.691078	-0.13879
1.1449	0.730525
-0.506394	-0.846349
-0.84317	0.438077
-0.256528	-0.00446828
0.384433	-0.171843
-0.625895	0.11472
-0.32171	-1.03248
2.14436	-0.771937
-0.49553	0.0753805
0.49307	-0.716476
0.710345	-0.133005
-0.169618	-0.336827
1.49254	0.665825
-0.864898	-0.852943
-0.636759	0.173347
1.00367	0.342231
-0.245664	0.354173
-0.712805	-0.487205
-0.908353	0.311355
3.62183	0.666005
1.35131	0.252876
0.688618	0.465968
-0.625895	-1.43031
-0.897489	-0.237732
-0.354302	-0.22715
-0.625895	-0.168714
0.188886	0.0494699
2.18781	0.0706096
-0.734533	-0.344616
-0.821443	0.236175
0.808119	-0.100993
-0.615032	-0.509361
1.03626	0.0347365
-0.723669	0.107756
1.17749	0.176751
-0.571577	0.147647
1.07971	0.0643631
-0.299983	-0.2058
-0.223937	0.482173
-0.995263	-0.0395366
0.275796	0.206789
-0.0175256	0.0250311
-0.940944	-0.270043
0.938484	0.546025
0.123703	-0.217342
-0.126163	0.0889311
-0.0609805	-0.25967
-0.039253	0.112383
0.0693844	0.342723
0.112839	0.334238
-0.180482	0.459934
0.471343	-0.214641
-1.03872	-0.826973
-0.854034	-0.304394
-0.777988	-0.402983
-0.039253	0.0689633
0.829847	0.00833418
0.905893	0.580973
0.112839	-0.462792
2.81791	0.0166571
0.0259294	0.371324
1.09058	0.280688
0.156294	-0.940607
-0.14789	-0.50173
-0.832306	0.433588
3.18728	0.802165
-0.386893	0.42465
0.0259294	-0.158303
-0.712805	-0.00960899
-0.039253	0.371409
-0.897489	-0.453636
-0.66935	-0.0626203
-0.810579	0.493548
-0.517258	-0.686941
-0.93008	-1.14739
-0.940944	-1.28182
-0.897489	0.300174
-0.14789	0.503113
-0.40862	-0.344984
-0.386893	0.0158699
1.05799	0.426951
0.981939	0.520959
0.742937	0.580932
-0.647623	-0.472137
2.76359	0.0546068
-0.32171	-0.388602
2.40509	0.541931
0.677754	0.519664
0.384433	-0.279314
0.786392	0.561078
0.221477	-0.501479
1.41649	0.369141
-0.430348	0.367914
-0.973535	-0.696765
-0.376029	0.520679
-0.58244	0.338788
-0.691078	0.359945
0.286659	0.579251
-0.137027	0.464154
-0.2348	0.374551
-0.984399	-0.459034
0.0367932	0.183759
-0.615032	-0.556506
0.590844	0.439361
-0.397757	0.589665
0.362706	0.592352
-0.66935	0.59376
0.601708	0.565658
-0.126163	-0.431102
2.53545	0.390803
1.73154	0.772629
-0.332574	0.277787
-0.549849	-0.772753
-0.84317	-0.903036
-0.940944	-0.192246
-0.560713	-0.37893
2.30732	0.611265
-0.115299	0.425706
-0.169618	0.262503
-0.32171	0.765279
1.53599	0.199218
3.42628	0.464306
-0.810579	-0.592729
1.3839	-0.334356
-0.484667	0.618607
0.308387	0.414173
2.44854	0.105204
-0.289119	0.331088
-0.940944	-1.17475
3.67615	0.777494
-0.332574	0.225661
0.57998	0.269145
1.15576	0.235401
2.93741	0.083967
-0.864898	0.226319
0.101976	0.528983
0.00420194	-0.153059
-0.49553	0.227262
-0.332574	0.232337
3.14382	0.627338
-0.332574	0.00698137
-0.0609805	0.266361
-0.49553	0.282205
-0.821443	-0.790911
0.134567	0.502839
-0.0935718	0.244303
1.37303	0.432162
0.0476569	0.186657
1.24267	0.405526
-0.897489	-0.51942
0.460479	-0.267948
-0.58244	0.215317
0.547389	0.45459
-0.40862	-0.096143
-0.278255	0.206441
-0.908353	0.37267
-0.658487	-0.413698
-0.691078	-0.540374
-0.354302	0.275961
-0.940944	-0.210976
1.5034	0.277993
0.0476569	0.406875
0.384433	-0.0275082
-0.908353	-0.00511775
-0.940944	0.0112311
2.56805	0.0294571
0.57998	0.0473092
-0.940944	-0.495126
0.0367932	-0.081378
2.11177	7.8777e-05
-0.908353	-0.279931
-0.647623	-0.545743
-0.0609805	0.17874
-0.386893	0.292052
-0.419484	0.349728
-0.712805	0.215411
-0.484667	0.384861
-0.223937	0.356571
-0.49553	-0.315153
-0.897489	-0.328332
-0.799715	-0.630916
-0.289119	0.112749
0.0150657	-0.0784905
-0.886625	-1.57118
0.818983	0.427014
-0.919216	-0.0363606
1.80758	-0.16179
-0.767124	-0.668812
-0.571577	-0.172742
-0.0175256	0.188713
0.49307	0.681214
1.40563	0.329156
-0.723669	-0.16103
0.938484	0.348866
-0.864898	-0.895271
-0.84317	-0.424459
1.65549	0.088726
-0.0283893	0.0919629
-0.680214	0.205566
-0.940944	-0.780585
0.699482	0.339286
-0.386893	0.360389
0.167158	0.274298
3.11123	0.5314
-0.821443	-1.04208
1.03626	0.181999
-0.66935	0.407811
0.275796	-0.00734088
0.112839	0.436254
-0.202209	0.513548
-1.01699	-0.683888
1.05799	-0.198225
-0.658487	0.31114
0.57998	0.205306
-0.538985	0.314034
1.67722	0.386475
2.74187	0.590565
0.199749	0.52104
-0.973535	-0.018333
-0.549849	0.153919
1.79672	0.175993
0.243204	0.250163
-0.919216	-0.923956
-0.647623	-0.282835
-0.473803	0.25436
-0.40862	-0.611207
-0.84317	-0.328413
-0.0283893	-0.286738
-0.104436	-0.0448047
-0.213073	0.355439
0.0259294	0.108949
-0.593304	-0.966259
-0.299983	0.0856686
-0.039253	0.42667
-0.962671	-0.465298
-0.0501168	0.538878
0.732073	-0.083
0.710345	0.411815
0.851574	0.510664
-0.376029	-0.32987
-0.0609805	-0.252436
-0.962671	-0.452136
-0.0609805	0.546359
-0.962671	0.166472
-0.919216	-0.158821
-0.14789	0.158985
-0.84317	-0.0797104
-0.169618	0.63706
-0.158754	0.0592051
4.16502	0.533748
-0.962671	-0.479076
0.264932	0.333132
-0.962671	-0.752448
-0.799715	-0.080072
-0.245664	0.283134
-0.278255	-0.123843
0.92762	0.491721
-0.93008	0.0595892
-0.93008	-0.363023
1.17749	0.434791
-0.604168	0.452359
0.92762	0.467978
-0.680214	-0.270555
-0.462939	0.4422
-0.484667	-0.572919
0.264932	-0.111412
0.873302	0.315133
-0.799715	0.383065
-0.2348	-0.181241
-0.484667	-0.150533
-0.788851	0.296092
0.373569	0.224508
-0.452075	0.292244
-0.821443	0.421703
-0.647623	-0.662105
2.01399	0.00554886
3.80651	0.403218
3.30678	0.419423
0.482207	0.709482
-0.191345	0.318788
2.99173	0.746001
-0.191345	-0.175235
0.145431	0.435067
-0.386893	0.725306
-0.452075	-0.0298049
0.156294	0.396866
-0.701941	-0.158109
-0.289119	-0.28498
-0.0935718	0.489155
2.63323	0.318385
-0.940944	-0.491113
-0.397757	0.174596
0.156294	-0.0637277
0.895029	0.0864039
2.92655	0.419002
-0.734533	-0.463114
-0.723669	-0.612625
1.37303	0.051352
0.101976	-0.520599
3.27419	0.489692
-0.604168	-1.02304
-0.973535	-0.569198
0.514798	0.318829
6.00099	0.758733
-0.767124	-0.261768
2.19868	0.820762
-0.658487	0.28874
-0.397757	0.371885
-0.473803	-0.165057
-1.02785	-1.02917
-0.0935718	0.224989
0.569117	0.219787
-0.213073	-0.0350074
-0.897489	0.25567
-0.245664	-0.163075
-0.897489	-0.311747
0.395297	0.522317
3.08951	0.265358
0.340978	0.622103
-0.202209	-0.455663
-0.32171	-0.172843
-0.039253	-0.414096
1.15576	0.361489
1.15576	0.342383
1.89449	0.237618
0.710345	-0.520982
0.590844	-0.00889165
-0.0718443	-0.064739
-0.66935	-0.342458
-0.213073	0.265079
3.23073	0.391289
-0.223937	0.334381
0.471343	0.448251
-0.14789	-0.365581
0.471343	0.279971
1.8619	0.131301
1.49254	0.364677
0.264932	0.281729
-0.58244	-0.303239
-0.908353	-0.57732
-0.940944	0.213691
-0.343438	0.415987
0.373569	-0.476963
0.167158	0.227476
-0.0609805	-0.188453
-0.75626	0.147147
-0.864898	-0.389661
-0.745396	-1.12327
0.677754	0.789402
-0.84317	-0.515761
-0.734533	0.530271
0.699482	0.509677
0.0150657	-0.00415322
-0.951808	-0.537373
-0.745396	-0.395772
0.960212	0.55391
0.873302	0.681052
-0.777988	-1.25627
-0.2348	0.190962
-0.93008	-0.615791
-0.864898	-0.554421
-0.66935	-0.312784
-0.691078	0.518346
-0.973535	0.346843
-0.549849	0.52568
-0.919216	-0.0779744
-0.604168	0.302236
0.297523	0.456105
1.51426	-0.530117
-0.376029	0.458792
-0.897489	-1.03383
-0.0175256	0.606602
-0.940944	-1.0735
-0.593304	-0.523457
0.634299	-0.0231849
-0.571577	-0.431428
-0.0718443	-0.247897
-0.864898	-1.18036
1.16662	0.376304
-0.951808	-0.237805
1.10144	0.480277
0.275796	0.450956
0.992803	0.651595
-0.538985	0.325504
1.89449	0.564655
-0.951808	-0.609658
-1.01699	-0.683888
-0.951808	-1.35539
-0.908353	-1.0244
1.65549	0.088726
0.0259294	0.566851
-0.788851	-0.259214
0.362706	-0.236027
0.123703	-0.209035
0.373569	0.14308
-0.538985	0.627005
-0.213073	0.370853
-0.767124	-0.303032
0.406161	0.228232
-0.973535	-0.384445
0.938484	-0.0208571
-0.647623	-0.522889
-0.430348	0.316465
-0.137027	0.364189
-0.386893	0.078911
-0.854034	-0.127193
-0.723669	0.476536
0.710345	-0.345634
-0.419484	-0.110551
-0.0283893	-0.584166
0.167158	-0.509194
-0.604168	-0.848573
-0.777988	0.28496
0.7538	-0.0183354
-0.58244	0.279983
-0.452075	0.474524
1.3839	0.578441
-0.517258	0.0310297
-0.256528	-0.0232311
-0.0935718	-0.368457
-0.691078	0.53821
-0.0935718	-0.442225
-0.484667	0.462039
0.0259294	-0.462709
-0.691078	0.128393
0.254068	0.587053
0.438752	-0.567329
0.156294	0.666066
3.03519	0.406836
0.0367932	0.248591
-0.2348	-0.156174
0.7538	-0.651506
-0.604168	0.303096
0.0259294	-0.139518
1.80758	0.408954
0.905893	0.42533
0.0802482	0.529646
-0.691078	0.529622
-0.528122	0.514045
-0.854034	-0.640439
-0.386893	-0.875178
3.1221	0.403431
1.19921	0.406576
-0.332574	0.520486
-0.680214	0.364519
0.601708	0.26454
3.66528	0.314175
-0.278255	0.0803393
4.7082	0.456074
0.243204	0.401291
-0.126163	0.150974
0.558253	-0.181636
0.275796	0.206077
-0.940944	-0.900525
0.895029	0.06397
-0.549849	0.311294
-0.908353	-0.703532
0.569117	0.451638
0.829847	0.438711
-0.278255	0.427698
-0.2348	-0.167039
-0.14789	0.639427
1.09058	0.17796
1.23181	0.546327
-0.810579	-0.444726
-0.636759	0.149521
1.23181	0.322687
2.38336	0.154819
-0.854034	0.516366
-0.615032	0.412209
0.601708	0.265563
0.417024	0.488905
-0.256528	0.216558
-0.734533	-0.439042
-0.191345	0.427971
0.0476569	-0.119072
0.417024	-0.168514
-0.84317	0.409747
-0.354302	0.413554
-0.571577	0.32755
1.22094	-0.0912162
1.90536	0.200111
-0.625895	-0.144561
-0.082708	0.0757526
3.82824	0.842066
0.514798	0.377441
0.0150657	-0.162503
-0.886625	0.572351
-0.767124	0.274173
-0.93008	-0.363963
-0.875761	-0.561209
2.12263	0.155106
2.20954	0.457186
0.688618	0.188172
-0.625895	-0.0713714
0.536525	0.365012
-0.58244	-0.196892
2.16609	-0.0676884
-0.940944	-1.16324
-0.223937	0.309991
-0.680214	-0.299508
1.30785	0.506941
-0.0501168	0.0820368
-0.49553	-0.0655465
0.395297	0.493765
-0.788851	-0.48442
0.134567	0.123956
-0.875761	-0.185731
0.710345	0.193652
-0.723669	-0.349212
-0.680214	-0.753649
-0.593304	0.322262
1.91622	0.275719
1.76413	0.429268
-1.00613	0.271589
0.264932	0.370124
-0.908353	-1.27908
-0.940944	0.00146249
-0.180482	0.318813
0.905893	0.630304
-0.908353	-0.935027
-0.647623	-0.613664
0.0693844	-0.205454
1.35131	0.334219
-0.962671	-0.617164
-0.886625	-0.512846
0.101976	0.205546
0.199749	0.525206
-0.84317	0.422591
-0.886625	-1.13697
-0.593304	-0.10605
1.48167	0.323904
0.0259294	0.131101
0.808119	-0.0428627
-0.962671	-0.237557
0.156294	-0.729782
-0.875761	-0.323989
-0.832306	0.455948
-0.886625	-0.741176
1.39476	0.121155
-0.701941	0.36403
-0.430348	0.286448
-0.560713	0.242845
-0.299983	0.111968
1.5034	0.540397
-0.712805	-1.3154
-0.267392	-0.241365
0.547389	0.274035
-0.875761	-0.784884
3.27419	-0.0267317
1.6229	0.450253
-0.680214	5.68899e-05
-0.549849	0.340021
0.503934	0.427923
0.101976	0.64663
0.199749	-0.284375
0.221477	-0.132402
-0.278255	0.280645
0.178022	0.164897
-0.875761	-0.465464
1.00367	-0.0941429
4.03465	0.473399
-0.278255	0.0199712
-0.886625	-0.481686
1.16662	0.448266
-0.202209	-0.106085
0.503934	0.466143
0.0367932	0.106766
-0.0283893	-0.709573
-0.788851	-0.658551
-0.821443	-0.021398
-0.777988	-0.578875
1.18835	0.592164
0.0150657	-0.616123
0.188886	0.468788
0.612572	0.12623
-0.267392	0.409547
-0.256528	0.172739
3.23073	0.134372
0.699482	0.467575
0.699482	0.152635
-0.777988	-0.14973
-0.908353	-0.565022
-0.84317	0.581617
2.01399	0.786429
-0.115299	0.431673
0.938484	0.441211
-0.832306	0.19507
-0.593304	0.224456
-0.701941	-0.659262
-0.169618	-0.0219395
0.66689	-0.169344
-0.908353	-0.138098
2.24213	0.477175
3.04605	0.508707
-0.137027	0.311639
-0.951808	-0.652213
-0.462939	0.0604035
-0.441212	-0.128326
1.01453	0.385805
-0.299983	0.426315
-0.821443	-0.377893
-0.473803	0.0241602
-0.386893	0.262326
1.09058	0.338049
0.558253	0.481392
-0.84317	-0.433844
1.22094	0.0485168
0.66689	0.180914
-0.788851	-0.663569
2.03572	0.495572
-0.701941	0.110942
-0.0283893	-0.123117
-0.137027	0.0951357
-0.875761	-0.485976
-0.104436	0.280155
2.15522	0.651213
1.6229	0.558564
-0.908353	-0.803821
1.36217	0.128375
-0.49553	-0.0852736
-0.875761	-1.00393
1.56858	0.0591253
0.916757	0.341368
-0.538985	0.0526232
-0.984399	-0.656905
-0.00666181	0.487379
-0.452075	-1.0216
0.395297	0.385576
-0.832306	-0.810265
0.829847	-0.312445
-0.832306	-0.20502
1.43822	0.366757
0.612572	0.267946
0.721209	0.0927511
1.3839	0.466893
1.45994	0.331786
0.775528	0.589734
-0.625895	-1.66921
-0.354302	-0.075839
-0.962671	0.0526656
0.0476569	0.223107
-0.647623	0.316477
0.949348	0.384549
-0.962671	-0.599797
0.00420194	0.511144
1.27526	0.25519
-0.441212	-0.211431
-0.0609805	0.256429
1.31872	0.279834
-0.158754	0.0760609
-0.799715	-1.73863
-0.213073	-0.261848
0.438752	-0.33565
0.0693844	-0.311787
-0.647623	-0.737998
-0.886625	-0.623385
-0.58244	-0.0201898
-0.082708	-0.704798
-0.767124	-0.739523
-0.940944	0.27815
-0.40862	-0.611207
-0.897489	-0.754266
-0.115299	0.492547
0.123703	0.7852
-0.734533	0.20455
-0.799715	-0.36678
-0.647623	-0.563906
0.829847	-0.0909142
0.732073	0.233526
-0.93008	0.0773075
0.297523	0.336928
-0.560713	-0.60447
-1.00613	-1.36125
1.42735	0.324753
-0.473803	0.230362
-0.973535	0.267659
-0.897489	0.288933
0.612572	0.584898
2.253	0.585326
-0.75626	0.35387
-0.082708	0.417792
-0.854034	0.131139
-0.777988	-0.0588862
-0.14789	-0.0381641
1.07971	0.615443
0.0911119	0.148239
0.536525	-0.585345
-0.680214	-0.388005
-0.419484	-0.422792
0.0802482	0.623943
-0.701941	0.0159348
-0.593304	-0.649809
-0.940944	0.14588
-0.712805	0.392026
-0.951808	-1.04646
-0.984399	-0.522462
0.134567	-0.029831
-0.604168	0.167064
-0.473803	0.415714
-0.984399	-0.698697
-1.01699	-1.40559
-0.66935	0.407291
-0.549849	0.129521
-0.995263	-0.607181
0.862438	0.46246
-0.886625	-0.867052
-0.615032	-0.33203
-0.549849	0.269472
-0.506394	0.257156
-0.441212	0.338529
-0.984399	-0.570625
1.76413	0.378606
-0.549849	0.506785
-0.647623	0.163721
-0.452075	0.489432
0.482207	0.164916
-0.767124	-0.494038
-0.984399	0.313071
2.68755	0.180201
1.03626	0.419405
-0.430348	-0.678994
-0.767124	-0.85011
-0.0283893	0.426235
0.786392	0.6389
0.112839	0.0266454
-0.712805	-0.236969
-1.00613	-0.813138
-0.821443	-0.171242
1.18835	0.181537
-0.0283893	-0.0409956
-0.962671	-0.448311
-0.854034	-0.128327
-0.691078	-0.0775263
-0.691078	-0.0550556
-0.777988	-1.09549
0.612572	0.342207
-0.788851	-0.490307
-0.951808	-0.287103
-0.712805	-0.218178
0.460479	0.428209
0.884165	0.0184518
0.156294	0.753647
-0.691078	-0.0920997
-0.310847	0.120302
0.286659	-0.0161337
-0.875761	-0.335925
-0.647623	-0.141515
0.167158	0.241184
1.2644	0.69951
-0.202209	0.466408
-0.528122	0.381207
0.221477	0.287593
-0.2348	0.325819
1.41649	-0.154699
0.297523	-0.381507
1.17749	0.130165
0.308387	0.347014
2.75273	0.512934
0.482207	0.430943
0.199749	0.478431
0.00420194	0.417858
0.710345	-0.159655
-0.864898	-0.456401
3.4806	0.15797
0.471343	0.267782
0.482207	0.355874
-0.386893	-0.00725943
-0.571577	0.374364
0.742937	-0.253904
0.66689	-0.0899702
-0.0609805	0.599718
-0.973535	0.396116
0.612572	0.774482
-0.245664	0.127407
-0.712805	-0.134955
-0.549849	0.36142
0.351842	0.437833
-0.430348	0.35924
-0.745396	-0.446032
0.677754	0.292628
-0.310847	-0.835227
-0.995263	0.412575
3.51319	0.677953
-0.0935718	0.0932412
2.14436	0.276207
-1.00613	-0.94521
-0.082708	0.334814
0.417024	0.222665
-0.777988	-0.391383
-0.58244	0.642297
0.590844	-0.189634
-0.462939	-0.490175
1.60117	0.262973
-0.897489	-1.66384
1.68808	0.57638
3.33937	0.454673
-0.126163	0.281142
-0.864898	-0.0879267
-0.777988	0.133006
1.73154	0.450825
-0.973535	-1.00217
2.83964	0.126167
-0.962671	-0.5226
-0.777988	-0.0160768
-0.560713	-0.179936
-0.723669	-0.216919
-0.636759	0.0575043
3.07864	0.530921
-0.40862	-0.20219
0.0150657	0.59515
-0.354302	0.151138
0.0476569	0.250086
0.862438	0.387397
-0.104436	0.276223
-0.343438	0.161813
1.15576	-0.0431436
-0.506394	0.406351
-0.788851	-0.169154
-0.919216	-0.0947215
0.243204	-0.214447
0.417024	0.26122
-0.658487	-0.302875
0.503934	-0.289693
-0.919216	-1.64151
-0.462939	-0.120786
-0.0935718	-0.0392141
1.22094	0.517052
-0.0501168	0.316231
0.199749	0.0479873
-0.549849	-0.203289
-0.0609805	0.293263
-0.962671	-1.49681
-0.462939	-0.0921904
-0.32171	-0.0433276
-0.821443	-0.622695
2.27472	0.276803
0.188886	0.508052
0.221477	0.315584
0.286659	0.0908161
-0.126163	-0.172186
-0.169618	0.488203
0.178022	0.331636
0.427888	0.32346
1.90536	0.594557
1.43822	0.48667
-0.517258	-0.432418
-0.137027	0.488754
-0.658487	-0.0964557
-0.93008	-0.384515
-0.821443	-0.628891
-0.810579	0.374857
-0.517258	-0.818993
0.0259294	-0.0837903
1.60117	0.388262
0.471343	0.0186109
-0.039253	0.668415
-0.636759	0.053898
0.373569	0.543123
0.558253	-0.181636
-0.66935	-0.534397
2.40509	0.0836445
2.66582	0.645474
0.112839	-0.0497032
-0.712805	-0.17228
1.47081	0.513592
-0.875761	-0.390833
-0.256528	0.133529
0.188886	-0.174534
-0.571577	0.0501098
-0.310847	-0.473703
0.514798	0.494282
-0.40862	-0.17968
-0.799715	-0.172005
1.67722	0.638593
-0.886625	0.320565
-0.886625	-0.705252
1.05799	0.592616
-0.397757	0.212186
0.188886	0.444773
-0.919216	-0.825945
-0.875761	-0.614939
0.503934	-0.0745063
-0.625895	0.560846
-0.137027	0.65623
0.829847	0.194706
1.31872	0.633538
-0.973535	-0.0465981
-0.832306	-0.149733
-0.354302	0.0237157
-0.00666181	0.313981
1.25353	0.169856
0.732073	0.306589
0.569117	0.336297
-0.441212	0.487201
-0.940944	-0.476726
-0.777988	0.507855
0.797255	0.302582
-0.854034	-0.700668
1.2644	-0.0571528
1.52513	0.593421
0.340978	0.206408
-0.93008	-0.34297
0.167158	-0.486516
2.68755	0.493467
-0.354302	0.227632
1.63376	0.372895
-0.734533	-0.380015
-0.245664	0.527342
1.03626	0.453325
-0.680214	0.42975
-0.49553	-0.59062
-0.528122	0.166561
0.92762	0.28601
0.319251	-0.0450981
-0.245664	0.542337
0.0693844	-0.239851
-0.734533	0.141451
0.199749	0.0719181
-0.84317	0.283113
-0.832306	-0.725255
1.16662	0.327307
0.569117	-0.405617
2.26386	0.403551
1.47081	0.449216
-0.832306	-0.999313
-0.962671	-1.4423
-0.506394	-0.128762
-0.126163	-0.205349
-0.538985	0.235419
-0.984399	-0.310328
-0.647623	0.521744
0.916757	0.371579
-0.908353	0.0160264
0.406161	0.353795
-0.158754	-0.279583
-0.799715	-0.175663
0.232341	0.705025
0.981939	0.0977316
3.75219	0.0838956
-0.289119	0.377511
-0.995263	0.535797
0.0150657	0.322287
-0.615032	-0.141028
2.41595	0.466132
0.0367932	0.0823776
-0.973535	0.349687
0.558253	0.382119
0.797255	0.651537
-0.658487	0.343458
-0.734533	-0.174321
0.395297	0.140275
-0.940944	-0.508323
-1.03872	-1.04603
-0.658487	0.110512
-0.701941	0.194918
-0.886625	0.130854
1.25353	0.394682
1.06885	0.379304
3.08951	0.567633
0.471343	0.439036
-0.256528	0.00265584
-0.777988	-1.06338
-0.397757	0.600891
-0.419484	-0.253795
-0.473803	0.0257009
-0.0935718	-0.230465
-0.039253	0.23979
-0.940944	-0.102161
0.417024	0.233703
0.406161	0.491677
-0.734533	-0.355108
0.0476569	-0.0461535
0.112839	-0.0137103
-0.0501168	-0.464902
0.884165	0.309019
-0.962671	-0.932658
2.17695	0.171465
-0.343438	-0.6565
-0.484667	-0.329221
-0.75626	0.499066
-0.951808	-0.272075
-0.0501168	0.515791
-0.419484	-0.53435
-0.940944	-0.801287
-0.256528	-1.14993
1.34044	0.195295
0.732073	0.117906
-0.386893	0.252706
1.55772	0.0743967
0.0802482	0.360316
0.134567	0.447235
0.873302	0.414969
-0.354302	-0.622143
-0.799715	-0.18354
-0.984399	-0.992936
-0.213073	-0.126103
-0.191345	0.409446
-0.93008	-0.572664
0.156294	-0.0978624
1.1449	0.226235
-0.908353	-0.554815
-0.886625	0.24344
2.07918	0.423371
-0.734533	0.271652
1.00367	0.228362
-0.538985	-0.272361
-0.0501168	0.482492
-0.84317	0.351218
-0.0283893	-0.542365
-0.940944	-0.424787
-0.995263	-0.173662
0.156294	-0.26074
0.384433	0.233727
-0.821443	-0.00560944
-0.40862	0.402188
-0.897489	-0.926362
0.145431	-0.195497
0.0802482	0.362878
-0.376029	0.23875
-0.940944	-0.775152
3.63269	0.75018
-0.538985	0.00905055
-0.951808	-1.09222
-0.354302	0.346846
-0.202209	0.1383
-0.039253	0.0106265
-0.864898	-0.884631
-0.919216	-0.457612
0.417024	0.237639
0.243204	-0.117161
-0.267392	0.343054
-0.636759	0.0722505
2.01399	0.667455
-0.191345	0.372011
-0.0718443	0.504686
-0.767124	-0.113824
-0.604168	-0.0813651
0.00420194	0.250065
-0.897489	-0.725169
-0.191345	-0.122997
-0.223937	0.382919
-0.365165	-0.209889
3.69788	0.523759
-0.940944	-0.586156
-0.84317	0.612002
-0.549849	-0.244092
1.79672	0.561168
-0.310847	-0.539403
-0.126163	0.00179232
-0.473803	-0.226525
-0.984399	-0.787915
-0.0718443	-0.214534
2.6115	0.485534
-0.419484	0.366704
-0.452075	-0.0828558
-0.0283893	0.447548
-0.984399	-0.944802
0.0802482	0.0073959
-0.767124	-0.0385994
0.612572	0.13045
3.31764	0.497842
-0.528122	0.0939497
1.61204	0.155847
-0.289119	0.489071
0.656027	-0.112324
-0.58244	-1.35247
-0.419484	0.329014
0.514798	0.016352
-0.115299	0.71234
-0.625895	-0.481829
-0.462939	0.104554
-0.897489	-0.400088
0.558253	0.307792
-0.995263	-0.98762
0.254068	0.187098
1.04712	0.471536
0.514798	0.223696
-0.278255	0.159226
-0.625895	-0.419937
0.514798	-0.302358
0.916757	0.678905
-0.995263	-0.398259
0.319251	-0.290744
-0.962671	-0.955689
-0.365165	-0.0631665
-0.799715	0.324525
-0.49553	-0.537953
-0.376029	0.290962
0.449616	-0.227047
-0.940944	-1.09294
-0.864898	-0.460164
0.0367932	0.325029
2.18781	0.675716
-0.788851	-0.283202
-0.039253	0.689717
-0.745396	-0.467366
-0.0175256	0.0250311
-0.158754	0.315213
1.82931	-0.105413
-0.799715	0.0260106
0.427888	0.0741929
-0.419484	-0.31658
0.558253	-0.181875
0.101976	0.101753
0.525662	0.357018
0.275796	0.0964846
0.199749	0.0490484
0.210613	0.517709
-0.919216	-1.07899
-1.06045	0.411146
-0.951808	-0.581859
-0.832306	0.153373
0.677754	0.442646
-0.571577	0.801492
0.384433	0.604156
-0.528122	-0.112809
-0.940944	-0.476557
-0.701941	0.259696
0.167158	-0.586517
-0.919216	-0.338122
0.775528	-0.136219
-0.93008	0.0579727
0.438752	0.518131
-0.821443	-1.04392
3.46974	0.51157
-0.864898	-0.301379
-0.202209	-0.424628
-0.517258	0.434195
0.167158	0.453872
0.178022	0.0943119
-0.137027	-0.169776
0.601708	0.626311
-0.821443	-0.125817
0.471343	-0.244419
-0.951808	-0.78308
3.79565	0.808697
-0.191345	0.221748
-0.0718443	0.211389
0.884165	0.0232383
-0.528122	-0.364886
1.22094	0.634309
0.503934	0.211475
-0.202209	-0.387882
-0.919216	-0.358853
-0.343438	0.162424
-0.821443	0.240686
-0.245664	0.442492
-0.245664	0.210064
0.981939	0.462066
-0.0501168	-0.15656
0.742937	0.382726
-0.571577	-0.144017
-0.169618	0.361275
-0.299983	-0.0673423
-0.180482	0.241493
2.00313	0.65884
-0.810579	-0.268031
0.732073	0.323376
0.590844	-0.0212052
-0.0718443	-0.389252
2.05745	0.410492
0.134567	0.144696
-0.365165	0.532082
0.362706	0.592352
-0.832306	0.342012
0.732073	0.231894
-0.93008	0.254544
0.221477	-0.526427
-0.58244	-0.342385
-0.310847	0.161738
0.590844	0.614502
-0.93008	-0.977652
-0.93008	0.279778
0.797255	0.345954
0.851574	0.251934
-0.506394	0.113133
0.797255	0.52108
-0.832306	-0.964584
0.905893	0.666494
-0.854034	-0.36602
-0.973535	-0.702452
-0.14789	-0.360575
-0.0609805	-0.595505
0.156294	0.332298
-0.593304	0.109916
-0.832306	-0.577566
-0.745396	0.00680892
1.02539	0.44445
-0.082708	-0.266655
-0.082708	0.208107
-0.528122	-0.594955
-0.506394	-0.193389
-0.973535	0.148361
0.406161	0.476175
0.406161	0.191144
-0.767124	0.57218
-0.365165	-0.023434
2.38336	0.693254
0.590844	0.111211
-0.636759	0.364242
-0.202209	-0.0239848
-0.386893	0.0902843
-0.777988	0.168703
-0.332574	-0.044177
-0.528122	0.0133481
0.460479	-0.106639
-0.908353	-1.04712
-0.310847	0.257874
1.1449	-0.477224
-0.386893	0.213746
-0.104436	-0.649364
-0.636759	0.410252
0.895029	0.0864039
-0.84317	-0.0870577
-0.973535	-0.260796
-0.745396	0.450857
-0.940944	-0.560474
0.0259294	-0.158303
1.48167	0.516845
1.04712	0.586743
-0.419484	0.475147
-0.299983	-0.535485
-0.951808	0.24084
1.25353	0.486575
0.688618	0.515417
-0.593304	-0.649809
-0.289119	-0.237328
0.232341	-0.0843322
0.916757	0.489362
-0.919216	-0.976513
-0.528122	-0.468146
0.981939	0.265591
0.384433	0.0824266
-0.538985	-0.0713544
0.797255	-0.248843
-0.658487	-0.360518
0.254068	0.498605
1.78586	0.398014
-0.886625	-0.524734
-0.940944	-0.718065
2.33991	0.39422
1.39476	0.112562
-0.0935718	0.475548
-0.538985	0.0872405
-0.908353	-0.0173199
-0.158754	0.178019
-0.701941	-0.068914
-0.462939	-0.825815
-0.75626	-1.23909
-0.191345	0.271005
-0.636759	-0.403684
3.37196	0.381579
1.03626	0.276777
2.22041	0.52939
-0.528122	-0.213745
0.384433	0.31931
0.884165	0.76942
-0.549849	-0.153117
-0.647623	0.179793
-0.115299	0.431673
-0.951808	-0.747665
-0.506394	0.235563
-0.821443	-1.22725
1.24267	0.29698
-0.419484	-0.0979627
-1.01699	0.150261
-0.940944	-0.545939
0.145431	-0.0768224
0.0476569	0.0158471
1.8619	0.489357
-0.864898	-0.0524784
1.95968	0.203538
1.25353	0.412853
0.656027	0.616375
0.00420194	0.140899
1.79672	0.129548
-0.332574	-0.113324
-0.430348	-0.0192594
0.308387	0.612592
-0.506394	-0.269119
-0.441212	0.134854
-0.886625	-1.03707
-0.0501168	0.418603
-1.02785	-0.31306
-0.712805	0.641316
-0.832306	0.226279
0.101976	-0.021832
-0.810579	-0.426345
-0.538985	0.155429
-1.00613	-0.477792
2.43768	0.442526
-0.864898	-0.0524784
1.53599	0.199218
-0.452075	0.461182
-0.430348	0.504172
-0.560713	0.447476
-0.397757	0.0451049
-0.256528	0.0103459
-0.14789	0.0712143
-0.604168	0.461972
1.31872	0.026022
0.49307	0.166959
0.895029	0.379904
1.21008	0.147342
0.503934	-0.468333
-0.919216	-0.550717
0.199749	0.280981
-0.158754	0.459038
1.85104	0.457498
-0.115299	-0.320066
-0.788851	0.0146539
-0.886625	-0.906953
1.23181	0.546327
-0.441212	0.1773
0.0150657	0.416843
-0.2348	0.31305
-0.75626	0.407303
-0.343438	0.300528
-0.864898	-0.715722
-0.658487	-0.218686
1.02539	0.482422
1.57945	0.336849
-0.864898	-0.548131
-0.506394	0.210844
0.525662	0.218903
-0.940944	-1.05476
0.0585207	0.391402
-0.256528	0.238693
-0.158754	0.308113
0.362706	-0.519239
-0.712805	-0.0458086
-0.875761	-0.521818
-0.158754	-0.00239764
-0.919216	-0.811201
-0.517258	-0.369291
-0.245664	-0.35401
0.873302	-0.145116
-0.419484	0.274788
-0.908353	-0.593889
0.362706	0.295032
0.7538	0.0784547
-0.810579	-0.210862
2.41595	0.262455
-0.75626	0.0448523
-0.310847	-0.970958
2.76359	0.395614
-0.75626	0.591887
0.00420194	-0.0991256
0.00420194	-0.404731
-0.538985	0.00121348
-0.886625	-0.521047
-0.0935718	0.573072
1.61204	0.00648344
-0.919216	-0.408696
-0.734533	-1.03022
1.90536	0.361012
-0.571577	-0.650771
0.101976	0.0706537
-0.137027	0.498003
-0.745396	-0.24931
-0.245664	0.0418335
-0.886625	0.146135
0.558253	0.632807
0.0911119	-0.826005
-0.919216	-0.842176
0.0476569	-0.544025
-0.517258	-0.0287183
-0.593304	-0.66131
-0.549849	-0.456585
-0.962671	0.294482
-0.940944	-0.492328
-0.0283893	-0.545566
-0.919216	-0.443472
-1.00613	-0.148156
-0.854034	-0.457137
1.31872	0.632566
-0.137027	-1.30354
-0.299983	0.279542
0.895029	0.244603
-0.343438	-0.124698
-0.701941	-0.303313
2.00313	0.342862
1.04712	0.390789
-0.821443	-0.25358
-0.191345	0.300213
-0.213073	0.420741
0.373569	0.559953
2.58977	0.809546
-0.278255	-0.638235
-0.039253	-0.153595
-0.777988	-0.387193
0.384433	-0.146269
-0.854034	-1.13337
-0.897489	-1.25122
0.0693844	0.656968
-0.908353	0.135542
0.0911119	0.366544
1.1449	0.419284
-0.49553	0.299887
0.7538	0.524671
-0.658487	0.63748
-0.49553	-0.657582
0.677754	0.183457
1.61204	-0.147243
-0.951808	-0.304924
-0.560713	0.0683008
-0.332574	0.403138
-0.039253	-0.208889
2.04659	0.450463
-0.202209	-0.118709
0.427888	0.041185
0.764664	0.44729
0.0367932	0.386723
1.72067	0.384863
0.0259294	0.602916
0.145431	0.200266
0.101976	-0.281445
-0.875761	-0.412912
2.23127	0.459069
0.275796	-0.379215
-0.680214	-0.274855
-0.951808	-0.484284
-0.864898	-0.779442
1.54685	0.538638
2.56805	0.47237
-0.75626	-0.0265707
1.54685	0.678724
-0.169618	-0.0484357
-0.430348	-0.0216956
0.221477	0.586432
-0.137027	0.162838
3.11123	0.583086
-0.0283893	-0.0374904
-0.691078	-1.06577
0.938484	0.803257
0.188886	-0.0370052
-0.32171	-0.013369
-0.115299	-0.0853484
-0.723669	0.247424
0.264932	0.355666
-0.202209	-0.483246
-0.386893	0.314153
-0.66935	-0.231634
-0.00666181	-0.0319727
-0.908353	0.0583634
-0.419484	0.283743
0.308387	0.377947
-0.484667	-0.0799691
4.37143	0.503915
-0.864898	-0.35539
2.06831	0.375266
0.7538	0.0432481
-0.00666181	0.319513
-0.940944	-0.46917
0.00420194	0.542829
0.0259294	-0.00309844
0.547389	-0.128086
-0.984399	-1.05934
1.84017	0.170963
-0.832306	-0.0568255
2.48114	0.467178
0.210613	0.391934
1.39476	0.859912
-0.365165	0.100269
-0.32171	0.313719
1.12317	0.199351
0.49307	0.163359
-0.137027	0.0687928
-0.32171	-0.730331
-0.864898	-0.715722
-0.886625	-0.306505
0.460479	0.458979
2.75273	0.0134207
2.93741	0.149896
1.31872	0.629966
1.51426	0.376299
2.17695	0.499512
0.732073	0.342252
-0.995263	-0.687325
-0.223937	-0.310621
-0.191345	0.507432
-0.897489	-0.81993
-0.777988	-0.537728
0.199749	0.108917
-0.267392	-0.215714
-0.430348	0.284989
-0.897489	-1.16477
0.818983	0.544562
-0.462939	-0.19702
-0.799715	0.643754
0.645163	-0.173095
0.601708	0.122815
-0.93008	-0.723088
-0.973535	-0.511329
-0.93008	-0.480138
-0.940944	-0.145909
-0.517258	-0.502429
-0.571577	-0.683425
-0.723669	-0.310403
1.01453	0.437279
-0.940944	-0.119642
-0.169618	0.322456
2.24213	0.652415
1.36217	0.360678
0.00420194	0.403127
-1.00613	-0.321177
-0.104436	0.357492
0.417024	0.207614
0.764664	0.30137
0.340978	0.225125
0.340978	-0.137016
-0.462939	0.501226
-0.93008	-1.06786
-0.615032	-0.205626
-0.723669	-0.281527
-0.0283893	-0.128714
-0.886625	0.187728
-0.082708	0.454505
4.09983	0.659555
0.188886	0.449605
0.123703	0.462145
2.97	0.589523
-0.169618	0.196185
2.42682	0.25809
0.612572	0.379646
-0.962671	0.0350457
-0.897489	-0.657884
0.57998	0.283853
-0.951808	0.144189
-0.332574	0.233794
2.43768	0.284949
-0.647623	-0.153988
0.764664	0.514563
-0.854034	-1.7637
-0.908353	-0.55825
-0.821443	0.321187
4.20847	0.731024
-0.951808	-0.95325
0.92762	0.61854
0.167158	0.385001
1.02539	0.251392
-0.278255	0.430766
0.992803	0.314699
-0.810579	0.47703
-0.658487	0.0704616
-0.995263	-0.573928
-0.875761	-1.06273
-0.886625	-0.981341
-0.680214	0.163414
0.178022	0.213208
-0.712805	0.601523
0.275796	-0.0207953
1.85104	0.485039
-0.169618	-0.235297
-0.75626	-0.722805
-0.875761	-0.29819
-0.995263	-0.250269
-0.104436	0.0105332
-0.875761	-0.702468
-0.115299	-0.106271
-0.854034	-0.486258
-0.343438	-0.020228
0.764664	0.16898
3.64356	0.770617
-0.864898	-0.474938
-0.919216	-0.410105
-0.875761	-0.578287
-0.223937	0.456302
-0.75626	0.0960723
-0.32171	0.0323625
-0.973535	-0.812883
-0.984399	-0.545265
-0.538985	0.146916
4.36056	0.496307
-0.386893	-0.532905
-0.332574	-0.865669
-0.310847	-0.575925
-0.082708	-0.0212049
-0.332574	0.333126
0.471343	0.439036
1.53599	0.465911
-0.32171	0.186272
-0.777988	-0.755015
-0.886625	-0.308017
2.01399	0.345398
0.275796	0.144586
-0.810579	-0.099497
-0.821443	0.295655
-0.75626	-0.129673
-0.430348	0.283653
1.00367	0.228362
1.10144	0.427408
-0.528122	-0.530557
-0.354302	-0.0245333
-0.0718443	0.231514
0.427888	-0.278403
1.32958	0.690034
0.460479	0.411989
1.61204	0.39965
1.52513	0.528948
-0.365165	-0.436771
-0.886625	-0.0237804
1.01453	0.513686
0.340978	0.419874
-0.528122	-0.283663
0.884165	0.0329815
-0.821443	-0.360129
-0.419484	-0.240705
-0.0718443	0.20673
1.3839	0.0959575
0.221477	-0.717105
-0.691078	0.0928788
-0.854034	-0.723888
0.210613	-0.307099
0.319251	0.234513
-0.299983	0.00540451
-0.84317	-0.606507
-0.332574	-0.540233
-0.452075	-0.176313
0.264932	0.128412
-0.897489	0.0975845
-0.897489	-0.517739
0.351842	-0.15729
-0.897489	-0.102556
-0.571577	0.324504
-0.951808	-0.401024
-0.897489	-0.363769
0.49307	0.519256
-0.821443	-0.223369
-0.191345	0.237801
0.895029	0.744992
2.31818	0.411971
-0.256528	0.409411
-0.712805	0.20963
0.210613	0.368954
-0.0501168	-0.286656
-0.701941	-0.16514
-0.919216	0.133659
-0.973535	-0.0100176
-0.995263	0.073346
0.156294	0.506804
-0.875761	0.19816
-0.984399	-0.383021
1.97054	-0.307186
-0.951808	0.369445
-0.864898	-0.141345
-0.995263	-0.332504
-0.462939	-0.387913
0.221477	0.322871
-0.419484	0.144801
-0.940944	-0.347184
1.54685	0.491804
-0.430348	-0.0486004
-0.202209	-0.571124
0.243204	-0.118796
-0.951808	-0.188678
1.36217	0.40767
3.08951	0.492851
-0.0718443	0.279925
-0.723669	-0.249924
1.69895	0.540272
0.0476569	0.219398
-0.528122	-0.178444
-0.908353	0.114221
-0.75626	0.18716
-0.386893	0.13037
1.97054	0.416675
0.482207	0.457431
1.57945	0.542194
0.0476569	0.124306
0.112839	-0.00227459
-0.419484	0.159748
-0.84317	-1.10963
-0.788851	-0.0872267
-0.441212	0.286209
-0.332574	0.118425
-0.0609805	0.192271
3.30678	0.416824
-0.854034	-0.116734
-0.919216	-0.925776
0.514798	-0.0217242
1.9814	0.402432
1.72067	0.608617
2.51373	0.255387
-0.897489	0.475884
0.210613	0.570336
0.547389	0.244018
-0.908353	0.167641
2.68755	0.214334
-0.93008	-1.06838
2.45941	0.337096
0.0150657	0.479961
-0.267392	0.067359
0.0911119	0.177305
3.64356	0.671813
-0.365165	0.448906
-0.202209	-0.0898744
0.449616	0.0409973
-0.462939	-0.118031
-0.788851	-0.0782789
0.623435	-0.562845
0.156294	0.418477
-0.66935	-0.694521
-0.864898	-0.536897
0.417024	-0.0624115
1.00367	0.618522
-0.767124	0.339894
-0.0283893	0.128708
-0.32171	0.503691
-0.712805	0.366727
2.56805	0.689541
-0.40862	-0.116128
-0.799715	-0.484299
-0.897489	0.486996
0.590844	0.361521
-0.169618	-0.326173
-0.821443	-0.765471
-0.506394	0.466201
-0.897489	-0.166173
0.938484	0.509889
0.286659	0.378327
-0.604168	-0.805778
-0.115299	-0.108912
-0.940944	-0.78687
-0.93008	-0.384515
-0.658487	0.327386
0.00420194	-0.514064
0.243204	0.335337
-0.593304	-0.195775
-0.984399	-1.38157
0.134567	0.310433
0.232341	0.00407238
0.123703	-0.217342
0.547389	0.248927
-0.832306	-0.369084
-0.84317	0.273707
-0.897489	0.190487
-1.01699	-0.194733
0.297523	0.575728
-0.962671	0.232033
4.38229	0.15644
-0.984399	-1.38157
-0.441212	0.510191
0.775528	0.653936
-0.897489	-0.615651
-0.267392	-0.228014
0.178022	-0.467327
0.264932	0.128412
-0.528122	-0.61039
-0.310847	0.308985
2.29645	0.560379
-0.680214	-0.400628
-0.169618	-0.108388
-0.299983	-0.217388
-0.821443	-0.760602
0.112839	-0.376377
-0.365165	-0.421243
-0.875761	0.496096
0.66689	-0.156494
0.178022	-0.0341497
-0.354302	-0.349922
-0.886625	-0.513507
-0.886625	0.0396032
-0.604168	-0.356585
0.536525	0.0247878
-0.745396	-0.738657
0.351842	-0.204463
-0.962671	-1.07307
0.221477	-0.166139
-0.962671	-0.0453844
0.340978	-0.236742
-0.701941	-0.378386
-0.875761	-1.03963
0.971075	0.473087
-0.799715	0.343177
-0.832306	-1.08097
-0.180482	-0.677083
-0.397757	0.205082
-0.832306	0.224032
-0.549849	-0.198929
1.99227	0.2371
1.52513	0.555546
-0.32171	-0.0899499
-0.299983	-0.598367
-0.191345	0.252856
-0.897489	-1.54721
0.808119	-0.0933421
-0.462939	0.471512
-0.571577	0.191031
0.514798	0.383465
0.221477	-0.717105
-0.810579	-0.435027
-0.875761	-0.233742
-0.386893	-0.298057
0.243204	0.386168
-0.940944	-0.145641
1.07971	0.3286
-0.32171	-0.776277
-0.0283893	0.292305
-0.864898	-0.0846917
1.7424	0.694999
-0.615032	-0.068431
-0.93008	-0.803307
-0.528122	-0.783481
0.656027	0.311193
0.66689	0.260448
-1.00613	-1.39654
0.710345	0.485246
0.0367932	0.248591
-0.49553	0.114584
-0.158754	-0.228585
-0.951808	-1.62533
-0.376029	0.520623
-0.506394	0.159195
-0.821443	-0.369947
0.438752	0.408345
-0.897489	-0.484312
-0.310847	0.465763
-0.0718443	0.226922
0.818983	0.2322
-0.354302	0.0431678
0.373569	0.492674
1.9814	0.42937
-0.332574	0.35723
-0.430348	-0.214274
-0.777988	0.0521434
-0.40862	-0.20219
-0.343438	-0.660576
-0.354302	0.494231
-0.2348	0.664036
-0.484667	0.374569
-0.462939	-0.26661
2.75273	0.713828
-0.701941	-0.32534
-0.647623	0.364408
-0.777988	0.122532
-0.0501168	0.0965619
2.48114	-0.203825
-0.777988	0.360232
0.0259294	0.11001
0.851574	-0.344369
-0.604168	-0.273309
-0.864898	-0.341182
-0.223937	0.429779
0.232341	0.265581
0.775528	0.383632
0.645163	0.100731
-0.886625	-0.137778
-0.940944	-1.09969
2.63323	0.359779
-0.908353	0.0221044
-0.788851	-0.490203
-0.538985	0.351928
-0.93008	-0.0776415
0.623435	-0.0928752
-0.951808	-0.908626
1.24267	0.769058
-0.940944	-0.488578
1.28612	0.502596
-0.821443	0.0912439
0.221477	-0.400252
0.373569	-0.0863615
-0.365165	0.518058
0.188886	-0.716459
-0.788851	-0.0156567
1.41649	0.402405
-0.441212	0.0985331
-0.169618	-0.0884884
-0.701941	0.472158
1.16662	0.521089
-0.386893	-0.122086
3.11123	0.243863
2.72014	0.701967
-0.951808	-0.795225
-0.788851	-0.108312
0.710345	0.554912
-0.940944	-1.06105
0.623435	-0.197342
-0.039253	-0.529599
-1.00613	-0.99252
-0.49553	0.573683
-0.734533	-0.0139235
-0.332574	-0.163929
-0.734533	0.151855
0.873302	0.21037
-0.0283893	0.0312627
0.254068	-0.242576
-0.908353	0.529092
-0.0283893	0.353707
1.43822	0.280731
-0.75626	0.471421
-0.995263	-0.616248
-0.289119	0.347221
1.01453	0.385805
-0.517258	0.223038
-0.919216	0.437516
0.471343	0.727229
0.764664	0.16898
-0.777988	-0.11039
1.16662	0.523246
1.1449	0.0183698
-0.517258	-0.0656807
-0.680214	-0.707667
-0.995263	-0.645217
-0.864898	-1.13363
0.167158	0.449598
3.58924	0.475769
-0.58244	-0.160405
-0.919216	-0.427884
-0.984399	0.253839
0.0150657	-0.198648
-0.376029	-0.272761
-0.593304	0.381688
-1.01699	-0.0627347
-0.767124	0.0121661
-0.951808	0.183446
-0.430348	0.384108
0.417024	-0.189255
-0.951808	-0.510673
2.00313	0.0658066
2.69841	0.0382175
-0.788851	-0.457691
0.797255	0.571471
-0.84317	-0.726707
-0.864898	-0.655209
1.07971	0.353042
-0.104436	0.183473
-0.223937	0.326852
0.884165	0.5423
-0.473803	0.0864977
0.960212	0.504318
-0.58244	0.491635
-0.32171	0.0477814
-0.995263	-0.971455
-0.886625	-0.814097
-0.517258	0.00706542
-0.951808	0.176736
-0.538985	-0.19431
3.46974	0.54134
0.286659	0.10554
-0.897489	0.221134
-0.680214	-0.096912
0.514798	0.232723
-0.897489	0.111326
-0.376029	-0.406137
-1.01699	-0.46127
-0.875761	-0.424312
-0.995263	-0.373277
-0.712805	-0.218178
-0.788851	0.513046
-0.680214	-0.669229
-0.0609805	0.30408
-0.712805	-0.820114
-0.864898	0.479832
2.47027	0.418774
-0.875761	-0.424793
4.14329	0.511006
-0.658487	-0.463392
7.64142	0.506939
0.851574	0.455425
1.24267	0.342654
0.145431	-0.0529564
-0.886625	-1.25063
-0.430348	0.072611
-0.245664	-0.143686
-0.00666181	-0.0941603
0.101976	0.484693
-0.169618	-0.0921561
-0.365165	-0.018329
-0.767124	-0.175314
-1.03872	-0.431864
0.0150657	-0.35927
3.61097	0.527099
-0.84317	0.440246
-0.832306	0.526063
-0.908353	-0.469782
-0.00666181	0.110654
-0.864898	-0.492094
0.384433	-0.236503
-0.256528	0.378928
0.0367932	0.560011
-0.75626	-0.232823
0.775528	0.341251
0.134567	0.867301
-0.951808	-1.12375
0.949348	0.532734
1.5034	0.160649
-0.832306	-0.659358
-0.430348	0.314195
-0.919216	-0.367624
-0.777988	-0.424618
1.03626	0.295432
-0.039253	0.587581
0.00420194	0.283267
1.6229	0.444678
-0.0175256	0.0493941
-0.560713	0.247436
-0.571577	-0.445398
-0.821443	-0.158519
1.49254	0.431356
1.85104	0.413528
-0.213073	0.356975
-0.810579	-0.146643
-0.832306	-0.93487
2.65496	0.518057
-0.680214	-1.17143
-0.940944	-0.302326
-0.538985	0.300852
0.319251	0.34192
-0.386893	-0.0826743
1.1449	0.456816
-0.832306	-0.524687
-0.962671	-0.506611
-0.940944	-1.36913
-0.462939	-0.369296
1.07971	0.279368
8.1846	0.851264
-0.875761	-0.380393
2.1335	0.450977
-0.625895	0.0906644
-0.940944	-0.541939
0.199749	0.391088
1.28612	0.380239
-0.104436	0.480699
-0.32171	0.342717
-0.278255	0.407479
-0.0501168	-0.932636
-0.169618	0.661441
-0.680214	-0.314245
-0.799715	0.311755
-0.973535	-0.500927
0.0476569	0.265126
-0.560713	0.105007
-0.962671	-0.319163
-0.245664	0.404978
-0.289119	0.30638
-0.441212	0.442447
-0.593304	-0.328759
-0.223937	0.233622
-0.278255	0.242853
0.221477	0.572156
-0.788851	-0.49562
-0.604168	-0.637352
1.89449	0.0936963
-0.256528	0.477347
-0.40862	0.518829
-0.473803	0.488922
-0.278255	0.386492
-0.940944	-0.745175
-1.01699	-1.40559
-0.995263	-0.504456
-0.310847	0.299936
-0.0609805	0.389045
-0.0501168	0.291562
0.0367932	0.386723
-0.84317	0.196751
2.40509	0.337374
-0.691078	0.520161
0.395297	0.460182
-0.84317	-1.19326
-0.745396	-0.306718
0.992803	0.779492
-0.701941	-0.75874
0.199749	0.0479873
0.503934	0.500228
-0.332574	-0.873453
-0.40862	0.0248701
-0.2348	-0.0265694
-0.0501168	0.542413
0.710345	0.698085
-0.995263	0.536144
-0.832306	-1.55597
1.81845	0.393063
0.0367932	-0.314555
1.47081	0.488975
-0.919216	-1.38261
1.19921	0.084823
0.101976	0.123874
0.547389	0.483811
0.264932	0.295031
-0.84317	-1.15327
0.503934	0.326458
-0.191345	-0.122997
-0.332574	0.474498
-0.962671	-0.674347
-0.777988	-0.219339
-0.712805	-0.320845
1.95968	-0.326708
-0.430348	0.350346
-0.658487	-0.34993
-0.213073	0.516692
-0.962671	-0.60846
-0.875761	0.182862
0.0259294	0.153021
-0.365165	0.366698
-0.115299	-0.758147
-0.734533	-0.316628
0.710345	0.536672
-0.2348	0.437771
0.254068	0.498605
-0.180482	0.305567
-0.14789	0.335313
1.64463	0.521645
0.384433	0.185025
-0.528122	0.298379
-0.908353	0.320519
-0.908353	-0.570645
0.145431	0.42123
-0.0609805	-1.07467
-0.14789	0.137002
-0.832306	-0.948998
0.916757	0.649609
0.960212	0.342235
0.286659	0.0456291
1.24267	0.634445
-0.962671	-0.013297
-0.799715	0.425521
-0.745396	-0.0876919
-0.984399	0.236211
1.82931	0.616787
0.0911119	0.450879
1.06885	0.534725
0.286659	0.345934
-0.278255	0.0622718
0.156294	-0.578043
0.188886	0.0183323
-0.658487	0.0452045
2.00313	0.691806
-0.919216	-0.917946
-0.625895	-0.813587
-0.593304	0.129904
-0.202209	0.306256
-0.0718443	-0.389252
2.12263	0.509782
2.68755	0.34765
-0.84317	0.447777
-0.93008	-0.658304
-0.604168	0.444577
-0.267392	0.4112
0.254068	0.106438
1.19921	0.644389
1.35131	0.433882
0.656027	0.621586
-0.951808	-0.271339
-0.332574	-0.27558
-0.0501168	-0.286656
-0.854034	0.151156
0.460479	0.320497
-1.01699	-0.611667
3.80651	0.671384
-0.973535	-0.691394
4.1107	0.116465
-0.299983	0.380819
0.0585207	0.201526
-0.256528	0.510679
-0.832306	0.43136
0.167158	-0.0586841
-0.549849	0.459382
-0.701941	-1.23781
-0.767124	-0.261768
-0.897489	0.100479
-0.712805	-0.139067
-0.701941	0.409071
-0.864898	-0.256619
-0.788851	0.0799502
-0.039253	0.627456
-0.973535	-1.46693
-0.810579	0.373964
-0.75626	-0.398125
0.558253	0.111296
-0.897489	-1.01462
0.167158	0.464221
0.254068	0.0733391
-0.821443	-0.151219
2.42682	0.347938
0.873302	0.538581
-0.245664	0.056894
-0.549849	0.243176
0.742937	0.295925
-0.615032	0.306299
-0.625895	0.389787
0.732073	0.251963
-0.908353	-0.347384
0.145431	-0.0457971
-0.854034	-0.214366
0.112839	0.0769135
-0.951808	-1.58339
-0.767124	-0.830915
0.00420194	-0.903128
-0.310847	-0.321782
-0.691078	-0.944729
-0.593304	0.0674941
0.264932	-0.0889612
0.449616	0.272557
-0.788851	0.234049
1.17749	0.401099
-0.908353	0.347624
-0.919216	-1.09473
-0.00666181	-0.0995553
-0.49553	0.227902
-0.745396	0.289411
-0.636759	-0.113595
-0.625895	0.417728
1.1449	0.374808
-0.821443	-1.44015
0.297523	0.723751
-0.66935	0.388469
-0.256528	-0.126993
-0.00666181	-0.0449449
-0.821443	-0.811088
-1.02785	-0.905488
-0.299983	0.163065
1.04712	-0.759882
0.49307	0.574414
-0.951808	0.182
1.68808	-0.109911
0.286659	0.377781
1.92708	0.589711
0.178022	0.498248
-0.571577	-0.475205
-0.995263	-1.5027
0.916757	0.361272
0.178022	0.846682
1.07971	0.55138
-0.962671	-1.25596
-0.854034	-0.723888
-0.93008	-0.259524
-0.962671	0.0686883
-0.93008	0.139198
0.0259294	0.798385
2.95914	0.437964
1.04712	0.124104
0.330114	0.443482
-0.658487	-0.0381918
-0.962671	-1.48937
-0.452075	-0.178758
1.31872	-0.498013
0.243204	0.018278
-0.93008	-1.02785
4.12156	0.549987
-0.0718443	0.336273
0.438752	0.388126
-0.0935718	-0.368263
0.0367932	0.257804
-0.940944	0.324076
3.70874	-0.00461987
-0.821443	0.544651
-0.745396	-0.915971
1.07971	0.615443
-0.430348	0.350346
-0.40862	0.122208
-0.767124	-0.0555833
-0.854034	-0.517335
-0.940944	-0.985671
0.427888	0.685344
-0.777988	-0.755015
-0.256528	0.0942309
-0.376029	-0.442886
-0.875761	-0.117835
-0.973535	-0.745715
0.742937	0.168421
-0.940944	-0.306601
0.156294	-0.404337
-0.864898	0.437496
-0.462939	-0.287693
-0.441212	0.332849
-0.875761	-0.408761
-0.908353	-0.299922
-0.897489	-0.559002
0.449616	0.443041
-0.473803	0.487705
-0.810579	-0.541845
-0.289119	0.0236262
-0.908353	-0.40701
1.34044	0.891685
0.210613	0.313166
-0.940944	0.265668
0.482207	-0.52257
1.57945	0.667197
-0.897489	-0.673086
0.0585207	0.321273
-0.636759	-0.849108
-0.951808	0.0618085
0.297523	0.211507
1.89449	0.45154
0.406161	0.0340089
-0.528122	-0.090609
0.460479	0.360318
-0.310847	0.0863484
1.37303	0.358565
0.449616	0.325697
-0.777988	-0.267368
-0.680214	-0.695588
-0.636759	0.268721
-0.137027	0.375888
-0.908353	-0.716377
-0.40862	0.122208
-0.886625	-0.551092
1.52513	0.411065
0.895029	0.436152
-0.625895	-0.556078
-0.995263	-0.841805
-0.137027	0.254614
0.601708	0.280044
-0.278255	0.669599
-0.940944	-0.53272
-0.267392	0.0506791
0.362706	0.664331
-0.723669	-1.37266
-0.962671	-0.100194
-0.777988	-0.922796
-0.962671	-0.674867
0.818983	0.33417
0.699482	0.514776
-0.788851	-0.490203
1.40563	0.0401218
-0.278255	0.110683
-0.528122	-0.0121599
0.417024	0.0744312
0.960212	0.464512
-0.658487	-0.380216
-0.75626	-0.189859
0.00420194	0.643985
-0.00666181	-0.242809
-0.93008	0.3826
2.27472	0.350537
-0.538985	-0.0283491
0.308387	0.292736
0.395297	0.430178
-0.908353	-0.0655408
-0.506394	0.459602
-0.506394	-0.273583
-0.332574	0.283353
-0.441212	0.487201
-0.832306	-1.48727
-0.169618	0.04153
-0.93008	-0.453112
-0.310847	0.45648
0.167158	0.301594
-0.137027	-0.0302583
-0.75626	-0.193751
0.178022	0.401821
-0.701941	-1.05827
0.123703	0.205653
0.57998	0.186854
-0.734533	-1.15011
0.199749	-0.235775
2.87223	0.44537
0.167158	0.414297
-0.00666181	0.387868
-0.354302	-0.4216
-0.691078	0.324228
0.66689	-0.136357
-0.332574	-0.245198
0.319251	0.1176
2.06831	0.652433
0.275796	0.158515
1.04712	-0.308505
0.818983	0.095882
2.82878	0.0437537
-0.528122	0.120008
-0.951808	-0.172076
-0.49553	0.259301
0.971075	0.21717
-0.701941	0.311734
-0.951808	0.158619
0.710345	0.209474
0.427888	0.286143
-0.962671	-1.18699
0.373569	0.432002
-0.365165	0.13213
-0.799715	-0.257056
-0.32171	0.493193
-0.40862	0.135796
0.656027	0.621586
-0.137027	-0.287783
-0.919216	-0.523425
-0.49553	0.0705833
-1.03872	-0.739791
0.482207	0.662184
-0.951808	0.152963
-0.473803	0.0809318
2.66582	0.372223
0.254068	0.502106
0.330114	-0.0366566
-0.767124	0.410358
-0.93008	-0.906056
-0.712805	0.122437
-0.962671	-0.0857398
0.0476569	0.360494
-0.40862	-0.388723
-0.712805	-0.284654
-0.951808	-0.396862
-0.202209	0.349953
-0.712805	0.246229
0.862438	0.449661
-0.767124	-0.958104
-0.180482	0.425522
0.101976	-0.169523
1.9814	0.402432
-0.93008	-0.0312899
0.384433	0.74544
-0.723669	0.37128
-0.169618	0.453818
0.547389	0.221947
1.39476	0.143054
0.319251	0.218052
-0.875761	-0.129206
1.43822	-0.0686899
-0.40862	-0.607006
-0.32171	-0.0379661
1.34044	0.32796
-0.615032	-0.520914
1.37303	0.390786
0.362706	0.543871
-0.223937	-0.0120219
-1.00613	-1.09202
-0.104436	-0.077656
-0.875761	-0.236279
-0.93008	-1.04047
1.37303	0.491511
-0.0935718	0.445912
-0.14789	0.529378
0.905893	0.331827
0.525662	0.774316
-1.00613	-0.139215
-0.517258	-0.0457387
0.547389	0.336876
-0.332574	0.14644
2.54632	0.430436
-0.506394	-0.558607
1.16662	0.286949
-0.245664	-0.254894
-0.223937	0.349208
-0.745396	-0.568829
0.417024	0.218379
-0.973535	-1.12365
2.17695	0.520753
0.330114	0.0785384
-0.875761	-1.59184
-0.506394	-0.19896
0.482207	0.437762
-0.995263	0.166242
-0.799715	-0.614563
-0.995263	-1.17656
0.0259294	-0.137944
0.199749	0.453599
0.851574	0.444691
2.02486	0.389947
-0.680214	0.309046
-0.441212	0.302401
-0.430348	0.536188
-0.202209	0.00167789
0.764664	0.821797
-0.473803	0.32186
-0.897489	-0.893214
-0.75626	-0.561989
0.645163	0.416097
2.72014	0.701967
-0.810579	-0.884606
-0.973535	-1.46693
-0.658487	0.46819
-0.158754	-0.547213
-0.886625	-0.0864268
0.286659	-0.242711
-0.84317	-0.424459
-0.951808	-0.24862
-0.245664	-0.161745
-0.430348	-0.640302
-0.0283893	0.246429
3.04605	0.531788
1.82931	0.465569
-0.191345	-0.0060155
-0.332574	0.245524
2.05745	0.21344
-0.104436	0.533045
-0.223937	-0.452268
-0.538985	0.0750566
0.677754	0.442646
0.558253	0.0773828
-0.0283893	0.132813
-0.658487	0.428366
-0.84317	0.510076
-0.332574	-0.283572
-0.821443	-0.976782
-0.365165	0.359669
-0.897489	-0.619124
-0.528122	0.0729646
0.775528	0.180915
-1.01699	0.165573
0.699482	0.361215
-0.484667	-0.0701203
-0.919216	-0.65232
1.1449	0.643267
-0.864898	-0.0522881
-0.810579	-1.23575
0.895029	-0.226457
-0.66935	-0.361721
0.623435	0.354228
-0.962671	-0.661121
-0.0935718	-0.143167
-0.995263	-0.329323
0.503934	-0.00883154
-0.506394	-0.269906
-0.886625	-0.393936
-0.528122	0.120008
-0.767124	0.57218
1.76413	0.481898
-1.00613	0.271589
-0.799715	0.155677
0.482207	-0.168671
-0.854034	-0.486258
3.81738	0.361234
0.558253	0.489713
3.15469	0.513285
-0.0935718	0.28919
-0.202209	0.335028
1.64463	0.149273
1.91622	0.309715
-0.549849	-0.0109345
-0.93008	0.290927
-0.571577	0.0181835
-0.875761	0.242836
-0.00666181	-0.2004
4.03465	0.651091
1.54685	0.690626
-0.615032	0.17838
-0.962671	-0.658104
-0.365165	0.291526
-0.940944	-0.559885
0.0259294	0.131522
3.37196	0.556602
0.178022	0.421999
-0.484667	-0.235732
0.525662	0.235626
-0.528122	0.366849
1.67722	0.526255
0.340978	-0.188251
-0.951808	-0.509934
-0.962671	-1.39504
-0.386893	0.204593
-0.419484	0.262379
0.00420194	-0.695035
0.482207	0.420692
-0.126163	0.376401
-0.332574	-0.0255794
3.41542	0.562199
-0.354302	-0.502069
0.0150657	0.53027
0.275796	0.518183
-0.810579	0.265842
1.1449	0.226235
-0.58244	-0.332623
0.243204	0.388174
0.949348	0.263827
-0.680214	-0.871615
-0.745396	0.55632
1.78586	0.580136
-0.788851	0.317732
-0.528122	0.0282754
-0.560713	-0.371165
-0.919216	-0.706148
0.0150657	0.140297
-0.593304	0.471806
0.895029	-0.0398197
-0.180482	-0.663893
2.80705	0.604215
0.0911119	-0.114958
-0.213073	-0.207325
-0.419484	0.0739131
0.319251	-0.491313
-0.93008	-0.715926
2.38336	0.111175
-0.0175256	0.513154
2.11177	0.426311
0.0802482	0.0881764
-0.84317	-0.341062
-0.951808	-0.851342
0.981939	0.355908
-0.082708	-0.981097
0.112839	0.317977
0.742937	0.370123
-0.647623	-0.725396
-0.376029	0.00221071
-0.832306	0.308893
0.829847	0.0914617
-0.343438	-0.512392
0.514798	-0.0653731
1.09058	-0.0819808
-0.962671	-0.406788
-0.647623	-0.465966
2.35077	0.561267
1.13403	0.661974
-0.0175256	0.236883
0.786392	0.553666
-0.658487	-0.675417
-0.528122	0.489874
-0.32171	0.198059
1.79672	0.561168
0.742937	0.435166
-0.680214	0.300352
0.797255	0.606649
-0.278255	-0.506976
-0.549849	0.526685
-0.973535	0.076686
0.308387	0.508049
-0.549849	0.165977
-1.00613	-0.633793
1.76413	0.429268
0.503934	0.0596695
0.905893	0.267109
0.66689	0.346489
-0.93008	-0.415013
-0.919216	-0.665043
-0.940944	0.181846
-0.0609805	-0.086791
-0.864898	-0.277059
0.601708	0.266895
0.971075	0.30165
-0.40862	0.412618
-0.712805	0.293195
-0.137027	-0.222028
-0.191345	0.562978
-0.528122	0.343892
-0.332574	-0.0435585
-0.854034	-0.3924
0.0693844	-0.101646
0.134567	0.0305746
0.384433	0.137409
0.101976	-0.955453
-1.03872	-0.311702
0.221477	-0.0930857
1.29699	0.521983
-0.84317	0.438077
0.438752	0.352761
0.0585207	0.342289
-0.680214	0.302314
1.24267	0.575711
-0.571577	0.249507
-0.2348	0.381682
-0.897489	-0.458533
0.601708	0.500366
0.438752	0.486259
0.971075	0.21717
1.12317	-0.258177
0.66689	0.266192
0.275796	0.532763
0.232341	0.210478
0.884165	0.486529
0.449616	0.212932
0.460479	-0.41025
-0.777988	-0.145632
-0.484667	0.452393
-0.897489	0.396742
1.00367	-0.0395445
2.35077	0.065855
-0.473803	-0.42657
1.24267	0.561681
0.101976	0.473932
0.210613	0.433584
0.732073	0.548248
-0.984399	-0.390378
0.634299	0.123124
-0.0501168	-0.400783
-0.647623	-0.227737
-0.310847	0.264253
-0.875761	-0.424312
1.42735	0.22035
0.308387	0.414173
0.156294	-0.322953
-0.788851	-0.940747
-0.604168	-0.32095
2.18781	0.462385
0.514798	-0.476031
-0.821443	-1.03624
-0.799715	-0.0773984
-0.984399	0.26112
-0.821443	0.628988
-0.854034	-0.25128
0.210613	0.634579
-0.343438	-0.512392
-0.615032	-0.0333869
-0.919216	-0.71064
1.49254	0.150256
0.319251	0.665575
-0.343438	0.336058
-0.213073	0.0247503
-0.940944	-0.47584
-0.973535	-1.14154
-0.625895	0.0227288
-0.821443	-0.429459
0.297523	0.736571
0.319251	0.417673
0.0259294	-0.0282363
-0.625895	-0.329663
0.406161	0.0340089
-0.310847	-0.196065
-0.723669	0.393716
2.41595	0.967583
-0.441212	0.236591
0.536525	0.691135
0.308387	0.0410405
0.384433	0.91069
-0.538985	-0.664481
2.35077	0.590884
-0.973535	0.169773
-0.397757	0.474392
0.221477	-0.0930857
-0.0609805	-0.460566
0.123703	0.0693118
-0.484667	0.379368
0.656027	0.0856924
-0.517258	0.337204
-0.886625	-0.230893
0.112839	0.00408319
-0.647623	0.17813
0.710345	0.461419
-0.799715	-0.741671
-0.571577	-0.650771
-0.213073	-0.177034
-0.571577	0.0834159
0.330114	-0.140368
-0.93008	0.116928
-0.777988	-0.458708
0.167158	0.239438
1.65549	0.336639
-0.973535	-0.53931
0.00420194	0.274161
1.07971	0.0643631
0.449616	0.421381
-0.256528	0.0573992
-0.278255	0.0204574
-0.647623	0.612203
-0.734533	-0.0729307
0.971075	0.617529
-0.528122	-0.184387
-0.745396	-0.568829
-1.06045	-1.70576
-0.908353	0.497859
0.547389	0.483019
-0.777988	0.211955
0.873302	0.283982
0.210613	0.417264
-0.680214	0.254707
-0.0501168	0.363639
-0.799715	0.490001
1.40563	0.275613
-0.777988	-0.0625158
0.656027	-0.0601659
-0.908353	-0.789201
-0.354302	-0.117846
0.134567	0.548716
-0.767124	0.0379108
1.9814	-0.167432
1.01453	0.276429
-0.169618	0.449939
-0.864898	-0.477541
0.460479	0.0682281
2.1009	0.623678
-0.299983	0.171494
-0.919216	-0.87001
2.16609	0.397845
-0.919216	-0.738891
2.40509	0.62895
-0.864898	-0.799115
-0.202209	-0.00854598
0.199749	0.445948
-0.473803	0.345135
-0.767124	-0.96028
-0.951808	-0.620072
-0.354302	0.52715
-0.636759	0.112894
0.340978	-0.137016
0.992803	0.493632
-0.528122	-0.0321562
0.221477	0.473103
2.06831	0.409161
-0.0609805	0.511835
0.134567	-0.00235981
-0.462939	0.414272
0.0367932	0.163233
-0.452075	-0.0579797
2.63323	0.531899
-0.734533	-0.242114
-0.84317	-1.16525
0.123703	0.332679
-0.528122	0.322079
-0.299983	-0.435612
-0.256528	0.0103459
-0.723669	-0.465177
1.1449	0.674315
-0.365165	-0.615814
-0.636759	0.302399
1.04712	-0.759882
-0.66935	0.284351
-0.973535	-0.842758
0.199749	0.218253
-0.506394	-0.186037
-0.430348	-0.465123
0.123703	0.406644
2.62236	0.445816
-0.430348	0.287147
-0.691078	0.535903
-0.560713	0.45165
-0.799715	-0.22764
-0.973535	-0.166039
0.254068	-0.00770277
0.308387	-0.0191648
-0.40862	0.59569
0.710345	0.193652
1.89449	0.398849
-0.745396	-0.616076
-0.821443	-0.47518
3.92601	0.274216
-0.832306	0.422493
-0.984399	0.174467
1.25353	0.50436
-0.354302	0.12924
-0.908353	-0.569002
-0.615032	-0.0891851
-0.854034	-1.37313
-0.104436	0.0710291
0.156294	-0.133154
-0.0175256	-0.176733
-0.788851	-0.437218
3.66528	0.0208083
4.78425	0.296922
1.9814	0.57058
-0.854034	-0.459741
-0.701941	0.174553
0.297523	-0.0780476
1.32958	0.331935
-0.799715	-0.35095
0.254068	-0.361184
1.19921	0.272914
-0.256528	0.423048
-0.832306	-0.389842
-0.430348	-0.0192594
1.30785	0.25378
-0.973535	-1.40471
-0.680214	0.331105
-0.593304	-0.562105
0.460479	0.324158
0.0259294	0.297366
-0.604168	-0.169966
-0.549849	-0.564908
-0.93008	-1.07464
1.16662	0.355413
-0.158754	-0.141637
-0.256528	-0.294287
2.24213	0.499173
0.732073	0.476251
-0.636759	-0.13086
-0.777988	0.103711
-0.560713	0.428959
0.0259294	0.199222
0.134567	0.214813
-0.0501168	0.31294
0.438752	0.206093
0.862438	0.291416
-0.908353	-0.495296
0.384433	-0.0727804
-0.647623	-0.252408
1.68808	0.309667
-0.886625	-0.302266
0.0585207	0.195169
-0.299983	-0.0243813
2.88309	0.646763
-0.354302	0.12924
-0.397757	0.108005
-0.995263	-0.408962
0.873302	0.337329
2.29645	0.39359
-0.506394	-0.242628
-0.32171	-0.596986
0.427888	0.474343
1.41649	0.397384
-0.223937	0.356571
2.60064	0.390382
-0.0283893	-0.0736771
1.17749	0.429683
-0.58244	0.517122
-0.767124	-0.453272
1.07971	0.235064
-0.940944	-0.626726
-0.854034	0.243713
-0.832306	-0.373141
0.0259294	-0.0863043
-0.886625	0.351688
-0.506394	-0.170084
0.286659	0.1753
0.84071	0.280716
0.178022	0.269748
0.297523	0.192902
-0.832306	-0.0801803
-0.213073	0.0378665
-0.0175256	-0.029806
-0.484667	-0.086956
-0.777988	-1.04947
1.54685	-0.0650154
-0.560713	0.132997
-0.256528	0.421846
0.178022	0.0432983
0.167158	0.3224
1.5034	0.456871
-0.115299	0.366381
-0.484667	-0.361462
-0.93008	-0.808134
-0.810579	-0.988756
0.275796	0.457548
1.8619	0.445271
-0.810579	0.102434
-1.04958	-0.456716
-0.777988	0.274844
-0.973535	-0.793952
1.05799	-0.354398
-0.788851	-0.847698
-0.169618	0.0873195
-0.767124	-0.556643
0.264932	0.468156
-0.951808	0.292955
0.232341	0.036057
-0.082708	0.325684
0.134567	0.200867
-0.115299	0.0335002
-0.625895	0.385432
-0.93008	-0.34297
-0.441212	0.295711
-0.202209	0.03967
-0.452075	-0.0764963
-0.267392	0.108541
-0.908353	-1.17948
-0.767124	-0.206728
-0.84317	-0.992388
-0.528122	0.191767
-0.506394	0.544066
-0.636759	-0.0681184
-0.549849	-0.212625
0.362706	-0.361655
-0.886625	-0.123374
0.319251	0.486795
-0.593304	-0.31235
0.601708	0.0371185
-0.821443	-0.655489
-0.289119	-0.0687971
-0.40862	0.59569
0.905893	0.358229
3.19814	0.432663
-0.0718443	-0.0903338
-0.0609805	-0.126414
0.590844	0.497085
0.286659	0.488545
-0.289119	0.443606
-0.886625	0.0162419
-0.58244	0.642297
0.808119	0.172895
0.308387	0.450053
-0.973535	-0.233773
-0.951808	-0.478007
0.0693844	0.250306
0.775528	0.62024
-0.951808	-0.824049
-0.875761	-0.326247
0.243204	0.0314293
1.52513	0.137129
1.24267	0.301286
-0.484667	-0.185678
-0.343438	-0.275759
-0.604168	0.199395
0.286659	0.427191
-0.788851	-0.746142
-0.32171	0.0448564
-0.658487	-0.123375
-1.00613	0.476532
0.514798	-0.00134801
-0.082708	0.420633
-0.886625	0.0162419
0.417024	-0.275827
-0.462939	-0.166798
0.623435	0.382788
1.00367	0.454228
0.612572	0.45168
2.35077	0.561267
1.22094	0.395498
0.645163	-0.473434
-0.767124	-0.285441
-0.462939	0.392718
1.18835	-0.409725
-0.680214	-0.0635401
1.48167	0.691799
-0.636759	0.0759178
1.32958	0.512099
2.44854	0.513144
0.123703	-0.204692
1.57945	0.336849
-0.984399	-0.919403
-0.723669	-0.195303
0.0150657	0.140297
1.48167	0.312357
-0.430348	0.448765
-0.897489	-0.412179
0.123703	0.359012
0.547389	0.274035
1.05799	0.128026
0.634299	0.408167
-0.712805	-0.218539
0.503934	0.139525
-0.951808	-0.0158501
0.971075	0.617529
1.04712	0.366818
-0.0718443	0.24251
2.54632	0.15784
-0.32171	0.0763231
0.0259294	-0.100933
1.67722	0.108438
-0.267392	0.294453
2.492	0.555511
0.406161	0.491657
-0.615032	-0.0622759
-0.386893	0.174701
-0.951808	0.455179
0.503934	0.182991
-0.658487	0.433077
0.199749	0.00132203
1.64463	0.540619
-0.995263	-0.511565
3.66528	0.314175
-0.821443	-0.12438
2.14436	0.114237
-0.256528	0.33417
1.28612	0.787739
1.81845	0.395951
-0.75626	-0.710529
-0.886625	-0.769575
-0.821443	-0.540205
-0.680214	-0.0221197
-0.854034	-0.843577
1.34044	-0.199904
-0.397757	0.450302
-0.517258	-0.15978
0.66689	0.336842
0.134567	0.295997
-0.604168	-0.347183
-0.799715	-0.368044
0.156294	0.45569
0.66689	-0.257962
-0.549849	0.364452
0.786392	0.460745
3.25246	0.565586
0.156294	-0.200804
2.00313	0.213746
-0.560713	-0.230546
1.75326	0.650273
-0.430348	0.114893
-0.940944	-1.01039
0.00420194	0.302125
-0.875761	0.103209
0.373569	0.320486
-0.169618	0.118801
1.87277	0.669178
-0.984399	-1.11995
-0.202209	-0.351863
-0.223937	0.306433
1.60117	0.341977
-0.40862	0.359072
0.156294	-0.469794
-0.767124	0.578281
-0.886625	-0.0237804
0.558253	0.261112
-0.376029	0.305739
-0.799715	-0.259378
0.503934	-0.149728
-0.680214	-0.374189
1.6229	0.538381
0.0150657	-0.0842981
-0.245664	0.227458
-0.2348	0.507788
-0.93008	-0.30224
-0.137027	0.228122
-0.93008	-0.560506
1.52513	0.137129
-0.082708	0.245515
-0.549849	-0.431332
-0.875761	-0.679478
1.23181	0.499687
-0.854034	0.300298
1.09058	-0.178916
1.1123	0.317936
3.81738	0.5729
0.112839	0.4284
-0.810579	-1.32927
-0.919216	-0.52042
1.3839	0.671876
-0.0175256	-0.414683
-0.995263	-0.719799
-0.810579	0.51
-0.169618	0.564775
-0.299983	0.154232
0.199749	0.197861
0.992803	0.422535
0.57998	0.205306
0.569117	-0.343566
1.39476	0.63229
-0.984399	-0.770709
2.22041	0.391073
0.0802482	0.277437
-0.256528	-0.294287
0.0585207	0.397993
0.188886	0.344514
-0.84317	-0.431548
-0.354302	-0.0421042
0.101976	-0.0778423
1.23181	-0.0121127
-0.604168	-0.474513
-0.310847	0.356984
1.07971	-0.0484063
1.17749	0.176751
0.0367932	0.417619
0.395297	-0.0689456
-0.940944	-0.474564
-0.517258	-0.403875
-0.158754	0.315391
-0.821443	-0.740993
2.07918	0.555402
-0.126163	0.278523
-0.604168	-0.275186
-0.701941	-1.24271
-0.202209	0.285027
-0.213073	0.274156
-0.430348	-0.107228
0.264932	0.2323
1.02539	0.358655
1.30785	0.389372
-0.169618	0.414633
-0.854034	0.357981
1.73154	0.321052
-0.908353	-0.59572
-0.343438	-0.0388856
-0.289119	0.537713
-0.615032	-0.943261
-0.0501168	0.401038
0.362706	0.206986
-0.75626	0.105873
-0.310847	-0.753727
1.12317	-0.0787711
0.101976	0.403549
0.905893	0.181044
-0.397757	-0.0989426
0.623435	0.194456
0.536525	0.162544
0.916757	0.322498
-1.02785	-0.371379
-0.767124	-0.303032
-0.66935	0.0861515
-0.636759	-0.0419791
-0.223937	0.572635
-0.908353	-0.613933
-0.908353	-1.01515
-0.788851	-0.445464
4.20847	0.516917
0.167158	0.260708
-0.962671	-0.0446892
-0.549849	-0.587621
-0.169618	0.413139
-0.604168	-0.556242
-0.506394	-0.41771
2.1009	0.280473
1.81845	-0.114058
-0.951808	-0.564984
-0.995263	-0.869381
0.308387	0.311126
1.85104	0.290916
1.31872	-0.0597006
-0.864898	-0.188774
0.0693844	0.125046
2.6115	0.716122
3.2416	0.485871
-0.397757	0.207678
-0.821443	0.0354906
0.101976	0.473932
-0.919216	-1.87131
1.30785	0.0531595
3.23073	0.745299
0.156294	0.612116
0.351842	-0.398002
-0.875761	0.145426
-0.0175256	-0.00424491
1.30785	0.23713
-0.604168	0.349868
-0.777988	0.129048
3.04605	-0.000712394
-0.897489	-0.168205
0.949348	0.308839
1.13403	0.537189
-0.365165	-0.130403
0.199749	-0.0194995
-0.647623	0.273412
0.275796	0.326878
-0.767124	0.409293
-0.615032	0.0196321
-0.940944	-0.397268
-0.864898	0.479832
0.406161	0.399322
0.699482	-0.100427
0.612572	0.21284
1.63376	0.139795
-0.93008	-0.777967
-0.647623	0.483274
-0.854034	-0.886408
-1.01699	-0.929581
0.0476569	0.15108
0.699482	0.471955
-0.84317	0.372305
2.70927	0.498935
0.612572	0.0875534
-0.49553	0.286869
-0.788851	0.188149
-0.202209	0.627015
-0.625895	0.0878403
-0.419484	0.275877
0.427888	-0.154911
1.35131	0.433882
1.53599	0.140937
-0.452075	0.0530471
-0.864898	-0.500369
0.330114	0.461682
0.275796	0.140147
-0.93008	0.258647
-0.962671	0.545389
0.0911119	0.148239
-0.908353	-0.614205
-0.962671	-0.998799
0.514798	0.379858
-0.452075	-0.328731
-0.93008	0.22598
3.88256	0.588494
0.688618	0.76759
-0.951808	-0.21987
2.62236	0.554812
-0.973535	-0.975024
-0.115299	-0.108801
-0.365165	0.359319
0.7538	0.503021
-0.104436	0.341416
0.199749	0.50782
-0.875761	-0.344381
0.656027	0.00981787
-0.299983	-0.336383
0.0367932	0.417184
-0.734533	-0.210917
-0.289119	-0.503924
0.66689	0.198759
0.275796	0.521955
-0.593304	-0.404171
-0.517258	0.186203
1.54685	0.5137
1.35131	0.692992
-0.864898	-0.417843
-0.517258	-0.482127
-0.875761	-0.499843
-0.658487	-0.00503539
1.05799	0.18263
0.57998	0.503078
-0.962671	-0.00294571
-0.93008	-0.683942
-0.93008	-0.93291
-0.299983	-0.187009
-0.951808	-0.118115
3.88256	0.513835
-0.701941	-0.0293367
0.0259294	-0.476157
2.17695	0.499512
1.64463	0.372351
-0.517258	-0.0640712
0.645163	0.654949
-0.528122	0.078556
-0.962671	-1.30487
1.56858	0.310506
-0.75626	0.591887
-0.701941	0.269144
0.145431	-0.309238
1.15576	0.338859
-0.104436	0.0177399
0.699482	0.188413
-0.854034	-0.777271
2.6115	0.709937
-0.875761	-0.512776
-0.332574	0.255609
0.49307	0.334889
1.60117	-0.0753862
2.51373	0.510852
1.36217	0.513517
2.18781	0.224011
-0.386893	0.0653002
0.351842	-0.0614779
0.612572	0.668712
-0.549849	0.711947
-0.213073	0.370853
0.732073	0.483437
-0.256528	0.280636
-0.788851	0.478363
-0.245664	-0.0129974
-0.289119	0.393303
-0.419484	0.317369
-0.397757	0.283023
0.525662	0.218903
0.373569	0.322297
-0.940944	-1.07456
-0.625895	0.322076
1.79672	-0.370031
0.178022	0.477874
0.49307	-0.0781371
0.525662	0.48439
-0.0718443	0.266087
0.145431	0.0701982
1.75326	0.327543
1.63376	0.364398
-0.538985	0.497292
-0.951808	-0.222425
-0.701941	-0.304315
1.19921	0.343625
-0.506394	-0.153376
-0.875761	-0.318017
0.905893	0.223679
-0.376029	-0.406782
-0.299983	0.279468
0.112839	0.347924
-0.886625	-0.599265
-0.549849	0.379526
-0.799715	-0.437719
0.742937	0.341725
0.156294	0.377688
-0.886625	-0.404568
-1.00613	-0.672156
1.65549	0.142926
-0.973535	-0.589025
0.101976	0.155871
0.112839	0.237654
2.44854	0.328149
-0.951808	-0.773537
0.427888	0.441787
-0.940944	-0.587158
0.178022	-0.346424
0.851574	-0.00907532
-0.430348	0.0524132
1.97054	0.561494
-0.202209	0.0636992
1.59031	0.603082
1.09058	0.440089
1.63376	0.691797
-0.658487	0.22247
-0.66935	0.388469
-0.940944	-0.785147
-0.84317	-0.616897
-0.854034	-0.214366
1.57945	0.667197
3.21987	0.810557
0.786392	-0.331306
1.63376	0.283201
0.112839	0.158298
0.351842	0.0698884
0.0911119	0.00701986
0.199749	0.179783
0.0693844	0.0902843
4.50179	0.691121
-0.84317	-0.138137
-1.00613	0.189445
0.0259294	0.268682
0.514798	0.372801
0.862438	0.164718
-0.126163	0.721017
-0.854034	-0.586567
-0.40862	-0.124707
-0.0501168	0.0481973
-0.701941	-0.659262
0.677754	0.292628
0.612572	0.584898
-0.376029	0.241538
2.43768	0.287099
-0.93008	-1.6507
0.536525	-0.187573
-0.32171	0.0438978
0.427888	0.123818
-0.745396	0.284981
2.44854	0.432145
2.91569	0.127667
-0.951808	-0.826961
-0.267392	-0.111971
0.49307	0.225296
3.91515	0.285876
1.36217	0.331531
0.112839	0.307123
-0.886625	-0.172596
0.818983	0.165113
0.514798	0.571196
0.547389	-0.435718
0.0585207	0.121487
-0.115299	0.267942
3.03519	0.406836
-0.810579	-0.150585
1.45994	-0.00473272
-0.137027	-0.0255665
-0.245664	-0.0731531
0.254068	0.46374
1.03626	0.46501
0.232341	0.108741
-0.180482	0.662632
-0.528122	0.0939497
1.5034	0.180245
3.8717	0.0495531
0.351842	0.309293
0.384433	0.461477
-0.180482	-0.0138854
1.23181	0.242866
0.438752	0.378373
0.0367932	0.417184
-0.223937	0.611281
0.960212	0.391471
0.112839	0.318736
0.417024	0.174035
0.0911119	0.515569
1.22094	0.157263
-0.658487	0.400139
0.536525	0.365012
-0.908353	-0.00371748
-0.517258	0.214604
-0.636759	0.369666
-0.919216	0.0885866
1.88363	-0.0483896
0.460479	0.176514
-0.832306	0.108115
-0.919216	-0.336682
-0.289119	0.25412
-1.03872	-0.618167
-0.940944	-1.14776
-0.875761	-0.379812
1.23181	0.322484
1.16662	0.704448
0.851574	0.65576
0.503934	-0.462172
-0.832306	0.372555
0.742937	-0.113831
0.895029	0.391199
-0.799715	-1.19176
-0.712805	-0.598149
2.72014	0.701967
1.66636	0.174225
-0.940944	-0.633525
-1.03872	-0.307094
-0.473803	0.337399
-0.908353	-0.70322
-0.343438	0.384345
-0.430348	0.0375039
-0.691078	-0.955879
-0.0718443	0.404434
0.851574	0.0674861
0.319251	0.138489
-0.875761	-0.579067
-0.354302	0.512518
2.38336	0.292477
1.34044	-0.146175
-0.995263	-1.73462
0.330114	0.0785384
-0.473803	-0.966919
0.0476569	0.250086
2.69841	0.591567
0.340978	0.188475
0.308387	0.0410405
2.26386	0.197126
-0.462939	-0.174351
1.29699	0.546324
1.31872	0.352963
0.0150657	0.347566
-0.886625	-0.582936
1.13403	-0.125884
-0.278255	-0.592323
-0.799715	-0.904981
-0.32171	0.0962273
0.178022	0.0900749
-0.973535	-1.53894
-0.593304	-0.290337
-0.441212	0.372138
-0.962671	0.275904
-0.897489	-0.507405
-0.636759	-0.989941
0.884165	0.511731
-0.788851	-0.901932
-0.158754	0.541458
-0.66935	-0.398206
0.134567	-0.605104
-0.137027	0.66046
1.73154	0.631258
0.210613	-0.0387097
0.0911119	0.752851
0.188886	0.490225
-0.126163	0.367293
2.75273	0.512934
1.24267	0.575711
-0.082708	0.0729469
-0.58244	0.306523
-0.636759	-0.328364
0.232341	0.402259
-0.897489	-1.39709
-0.886625	0.0585333
-0.984399	-0.965496
-0.636759	0.112894
-0.875761	0.157818
-0.267392	0.335747
-0.376029	0.227369
-0.734533	0.589006
-0.180482	-0.462565
-0.832306	0.246474
-0.962671	-0.870705
-0.84317	0.411288
0.818983	0.293644
-0.00666181	0.449219
-0.886625	-1.08466
-0.49553	-0.172661
-0.202209	0.267281
-0.810579	-0.549464
-0.452075	0.198354
-0.723669	0.476536
2.20954	0.756943
0.145431	0.303417
0.0476569	0.54905
-0.734533	0.00490206
-0.875761	-0.642955
3.20901	0.872032
-0.93008	0.116875
-0.973535	0.482174
-0.93008	-0.361858
-0.951808	-0.639554
-0.919216	0.0296362
0.742937	0.063193
0.145431	0.212793
-0.908353	-1.11646
0.123703	0.416206
0.49307	0.163122
-0.734533	-0.728343
-0.484667	0.020548
-0.854034	-0.354393
0.417024	-0.535382
3.29592	0.731404
-0.897489	-0.501392
-0.560713	0.455374
-0.712805	0.444037
0.384433	-0.296978
-0.615032	0.263958
-0.962671	-0.473445
0.438752	0.503711
-0.799715	-0.478692
-0.376029	-0.861529
-0.897489	-1.50649
-0.473803	0.75007
-0.788851	0.228039
-0.32171	0.359617
0.123703	0.133192
0.199749	0.430688
-0.745396	-0.65265
0.0150657	0.399783
-0.886625	-0.551616
-0.712805	-0.370334
-0.625895	-0.393769
-0.473803	0.392912
-0.452075	-0.221327
1.22094	0.397151
-0.951808	0.369445
-0.832306	-0.0899055
-0.777988	-0.110331
-0.267392	-0.109531
-0.2348	0.245099
-0.00666181	-0.358525
-0.419484	-0.41939
-0.995263	-0.674755
0.49307	-0.32333
-0.560713	0.389698
-0.419484	0.0145861
-0.32171	-0.287473
-0.810579	-0.524798
1.37303	0.116826
-0.777988	-0.277095
-0.854034	0.251365
-0.538985	-0.271384
1.41649	0.53279
-0.854034	-0.527954
-0.528122	0.0378943
-0.256528	0.467167
-0.40862	0.540495
-0.995263	-0.762916
1.31872	0.431381
-0.723669	-0.094242
-0.886625	-0.69517
-0.202209	-0.355291
-0.75626	-0.0261693
-0.723669	0.146949
-0.202209	0.532019
-0.691078	0.0519891
-0.636759	0.511191
-0.593304	0.0674941
-0.919216	-0.676019
-0.647623	0.277536
0.66689	-0.136357
0.319251	0.136677
-0.691078	0.49112
-0.126163	0.249473
3.08951	0.435043
0.547389	0.424577
0.406161	0.0389862
0.112839	0.291865
0.0585207	-0.00545509
-0.734533	0.14377
-0.538985	-0.214934
3.52406	0.11535
1.01453	0.472519
-0.245664	0.369288
1.2644	0.259568
2.44854	0.369867
-0.636759	-0.961149
-0.84317	-0.333523
0.232341	-0.295071
-0.0609805	-0.0511766
-0.908353	-0.949742
-0.973535	0.523602
-0.75626	-0.293954
0.612572	-0.00950429
-0.799715	0.142599
0.254068	-0.106206
-0.278255	0.290802
0.0259294	0.0523508
-0.973535	-0.386657
-0.984399	-1.15576
-0.289119	0.484429
-0.723669	0.531469
-0.864898	-0.62803
3.52406	0.715441
-0.419484	0.398439
1.31872	0.355905
0.112839	0.141988
-0.082708	-0.0960693
-0.897489	-0.24061
-0.625895	-0.0713714
1.43822	0.499952
-0.289119	0.361024
-0.897489	-0.781521
-0.886625	0.0300699
-0.984399	0.0156165
-0.962671	-0.815745
0.0802482	0.225011
-0.723669	-1.57831
0.84071	-0.0314615
-0.473803	-0.472169
-0.680214	-0.854778
1.18835	0.563172
3.6001	0.306003
0.0585207	0.222997
1.23181	0.546327
0.319251	0.115516
-0.962671	-0.214967
-0.169618	0.332992
2.48114	0.016838
-0.777988	0.355856
-0.376029	0.131044
-0.75626	0.400247
0.384433	-0.090271
0.308387	0.347014
-0.84317	-0.150683
0.221477	0.0764951
-0.419484	0.0843616
-0.886625	-0.983586
-0.75626	-0.486188
-0.625895	-0.0403114
1.13403	0.270235
2.26386	0.260265
-0.995263	-0.822671
-0.962671	-0.548268
-0.940944	0.213691
-0.517258	-0.0550229
-0.213073	0.454172
-0.158754	0.15101
0.460479	-0.127896
-0.549849	-0.525514
-0.940944	-1.2023
-0.712805	0.560665
-0.821443	-0.0850485
-0.441212	0.259813
-0.962671	-0.241427
-0.0283893	0.456812
-0.777988	0.280063
-0.919216	-0.00374669
-0.821443	-0.359604
-0.473803	-0.351262
-0.940944	-0.745317
-0.691078	-0.433279
-1.01699	-1.05122
-0.93008	-0.619713
-0.919216	0.116859
-0.897489	-0.0517769
0.134567	0.372557
0.634299	0.570674
-0.00666181	0.0399499
-0.332574	0.225661
0.123703	0.340699
1.80758	0.42849
-0.962671	0.386493
0.297523	0.11601
0.438752	0.417818
-0.636759	-0.141057
-0.723669	-0.262985
-0.202209	0.581269
-0.84317	-0.3241
-0.799715	-0.693687
7.35896	0.76801
0.264932	0.113561
-0.832306	-0.226287
0.438752	0.370793
-0.039253	-0.486158
0.818983	-0.203582
1.52513	0.471343
0.699482	0.386508
-0.821443	-0.299141
0.449616	-0.100153
-0.745396	0.00142263
-0.75626	-0.424565
-0.658487	0.375536
1.91622	0.270882
-0.984399	0.156406
0.558253	0.192029
-0.658487	0.0539065
0.536525	0.455237
0.00420194	0.396721
-0.115299	0.427464
-0.864898	-0.977976
-0.799715	0.490001
0.688618	0.052008
-0.788851	0.293627
0.221477	-0.530399
-0.40862	-0.0887858
-0.386893	-0.00851221
-0.158754	0.311169
-0.984399	0.299333
-0.767124	-0.371239
-0.289119	-0.373707
-0.604168	-0.044076
0.0367932	-0.145409
-0.14789	0.0494056
-0.767124	0.375359
0.525662	0.182963
-0.680214	-0.0118083
0.0476569	-0.0461535
0.319251	0.516781
-0.0935718	-0.0673019
1.64463	0.872027
3.35024	0.460677
-0.908353	-0.403085
-0.082708	0.0479948
0.264932	0.1143
-0.604168	0.402469
-0.691078	0.507717
1.69895	0.429847
-0.75626	0.141015
-0.647623	-0.261633
-0.158754	0.330327
3.32851	0.588895
-0.973535	-1.80871
0.297523	0.253238
-0.484667	0.73041
-0.180482	0.00845892
-0.810579	-0.309181
0.0259294	0.454526
0.243204	0.411399
-0.897489	-0.977365
0.808119	0.00698881
-0.376029	0.130481
0.84071	0.475738
-0.962671	-0.465298
0.145431	-0.115061
-0.462939	0.534939
-0.039253	-0.0942919
2.45941	0.574199
1.07971	0.330631
-0.788851	0.0478676
-0.58244	0.0247542
-0.039253	0.323298
-0.745396	0.18704
-0.310847	-0.0546558
-0.636759	-0.25302
-0.854034	0.00312611
-0.810579	-0.705572
0.330114	-0.266242
-0.538985	0.460611
-0.299983	0.568965
-0.951808	-0.24862
0.981939	-0.178729
-0.137027	0.482156
-0.658487	0.354751
-0.940944	0.122029
-0.636759	-0.0757411
1.1449	-0.055888
1.93795	0.237092
-0.00666181	0.342988
0.992803	0.355955
-0.49553	0.141433
1.27526	0.197306
-0.810579	-0.361637
0.623435	0.278595
-0.658487	-0.66958
0.916757	-0.111749
-0.788851	0.230487
-0.40862	0.493117
-0.365165	-0.205791
-0.723669	0.0486266
0.742937	0.00524298
-0.962671	-0.358537
-0.593304	0.174299
0.178022	-0.339147
1.28612	-0.359609
-0.0718443	-0.272639
-0.66935	0.2083
-0.951808	-0.135658
-0.365165	0.0272351
0.112839	0.0604141
0.112839	0.263722
1.03626	0.351707
-0.256528	-0.104643
-0.441212	-0.110818
0.427888	0.360266
-0.191345	0.341081
-0.278255	-0.163523
0.992803	0.285134
-0.2348	-0.313808
-0.908353	-0.829415
-0.441212	-0.125464
0.134567	-0.26984
-0.832306	-0.302803
0.49307	0.163359
-0.452075	0.181716
1.15576	-0.139219
-0.289119	0.0170471
-0.169618	0.16908
-0.213073	-0.704444
0.254068	-0.0145972
-0.40862	0.227693
1.65549	0.377045
-0.962671	-0.670314
-0.2348	-0.20307
0.645163	0.288556
0.449616	-0.091099
0.569117	0.59229
-0.115299	0.466173
-0.0501168	0.201242
1.00367	0.454228
-0.256528	-0.42998
0.0367932	-0.367922
1.77499	0.204146
-0.821443	-0.21227
0.590844	0.76245
-0.126163	0.137245
-0.799715	-0.41338
0.178022	0.0539132
0.0693844	0.455463
2.02486	0.441755
0.101976	0.101753
0.297523	0.259926
-0.452075	0.109299
0.0693844	0.397846
-0.658487	-0.528041
0.49307	0.130753
-0.940944	-1.09969
0.101976	0.451969
-0.75626	0.0490223
-0.0718443	0.337316
-0.441212	0.0492586
0.0585207	-0.0590571
-0.810579	-0.522593
-0.082708	0.257001
2.492	0.159424
-0.343438	-0.0290193
1.17749	0.50215
-0.560713	0.0992779
-0.951808	-0.117391
1.54685	0.256216
0.862438	0.31285
-0.625895	-0.556078
0.0585207	0.359077
-0.93008	-0.930969
0.558253	0.318622
-0.886625	-0.770987
-0.908353	-0.626456
-0.734533	-0.055372
-0.973535	0.0200536
-0.788851	-0.535486
-0.777988	-0.410093
-0.299983	-0.450092
-0.386893	-0.298057
-0.832306	-0.964584
0.123703	0.588017
-0.84317	-1.26524
-1.00613	-1.17354
0.569117	0.727382
1.48167	0.078689
-0.462939	-0.623436
-0.397757	0.205082
-0.223937	0.24488
-0.441212	0.0765385
0.384433	0.491432
-0.104436	-0.255602
-0.864898	0.193288
-0.126163	0.139366
5.97926	0.676368
-0.940944	-0.807567
-0.560713	-0.57624
-0.0283893	0.189367
0.612572	0.288921
-0.604168	-0.481923
0.199749	0.50782
0.449616	0.332897
-0.484667	0.294316
0.471343	-0.386408
-0.84317	-0.616897
0.884165	0.00691056
0.558253	0.0441757
-0.560713	0.0799537
-0.940944	-0.636965
0.471343	0.37644
-0.973535	-1.12778
-0.875761	-0.0898236
-0.462939	-0.370954
-0.723669	-0.942325
0.406161	0.124604
-0.658487	-0.0615036
0.547389	0.00943196
-0.310847	-0.0642768
2.69841	0.13465
-0.919216	-0.75795
-0.473803	-0.42657
-0.452075	-0.573707
-0.430348	0.258958
-0.625895	0.29835
-0.397757	0.367168
-0.0718443	-0.104894
-0.636759	-0.200281
-0.712805	-0.0964879
1.99227	0.816907
-0.777988	-0.269904
-0.14789	-0.449612
-0.864898	-0.633559
0.319251	0.417673
-0.49553	0.284802
-0.962671	-0.478323
0.569117	-0.0977052
-0.332574	-0.656777
-0.647623	0.417594
0.275796	0.191948
-0.386893	-0.0337865
-0.919216	-0.0759106
-0.104436	0.311751
0.612572	-0.358108
-0.2348	0.0239271
0.0693844	0.479662
-0.615032	-0.331425
-0.0935718	0.445924
0.949348	0.308839
-0.14789	0.0494056
-0.962671	-0.772548
0.112839	0.176998
-0.75626	-1.23318
-0.777988	0.00483946
0.645163	-0.173095
-0.00666181	-0.23318
0.362706	0.729515
-0.289119	0.194954
1.52513	0.517275
-0.940944	-0.680401
1.1123	0.317936
-0.202209	0.181029
-0.919216	0.173184
-0.680214	-1.10722
0.797255	0.428503
-0.386893	-0.275898
-0.256528	0.241467
-0.984399	-0.305881
-0.593304	-0.0767719
-0.40862	0.0716222
0.199749	-0.00482044
0.395297	0.135964
0.134567	0.386572
-0.452075	-0.613457
-0.365165	0.541549
1.01453	0.499593
0.569117	-0.435453
2.05745	0.588564
-0.517258	-0.000200737
-0.93008	-0.303978
-0.441212	0.252475
1.18835	0.181537
-0.680214	-0.530586
0.0476569	0.290882
1.40563	0.0246478
-0.864898	0.286301
0.818983	0.317116
-0.039253	-0.481401
-0.604168	0.227929
1.03626	0.359956
-0.180482	0.44524
3.13296	0.731355
-0.777988	-0.458563
-0.354302	0.104699
-0.115299	-0.106271
4.38229	0.15644
-0.0501168	0.269577
-0.745396	-0.492996
3.73047	0.276074
-0.951808	0.203373
-0.745396	-0.284199
-0.897489	-1.28746
0.916757	-0.562836
0.0259294	-0.417562
-0.875761	-1.83564
-0.973535	0.00267407
-0.419484	0.34701
-0.49553	0.050728
-0.0609805	0.446433
-0.962671	-0.70209
0.0150657	-0.00415322
0.645163	0.507682
0.677754	0.789402
0.297523	0.521484
-0.712805	0.319977
0.92762	0.469192
-0.386893	0.607273
-0.810579	-0.620174
0.221477	0.0753851
-0.951808	0.118611
0.797255	0.355086
0.417024	0.463273
4.13243	0.615641
2.06831	0.28954
-0.430348	-0.262033
0.92762	0.423897
-0.213073	0.189153
0.395297	0.239528
0.547389	0.428128
-0.680214	-0.818423
-0.245664	0.648273
-0.452075	0.373693
-0.908353	-0.757721
-0.604168	0.14359
-0.712805	0.395545
-0.2348	-0.385132
0.514798	0.418857
-0.897489	-0.408787
0.0476569	0.280677
-0.0718443	-0.196715
-0.441212	-0.651534
-0.832306	0.0554333
0.101976	-0.27073
-0.462939	-0.673594
-0.777988	0.275018
0.49307	0.574414
1.2644	0.337146
0.514798	-0.0575009
-0.940944	0.187889
0.340978	0.0588148
-0.93008	-0.590195
-0.951808	-0.702933
-0.571577	0.260798
-0.995263	-0.797786
0.623435	0.354228
1.3839	0.363852
-0.886625	-0.351948
2.23127	0.434692
0.0367932	0.680866
0.0259294	0.153021
-0.32171	0.0398746
-0.202209	0.143438
0.547389	0.360466
1.16662	0.0578204
-0.962671	-0.54794
0.0367932	-0.0617325
0.818983	0.669143
-0.441212	0.263632
0.49307	0.0771281
0.49307	0.192516
-0.365165	0.379579
-0.940944	-0.62013
-0.66935	-0.919142
-0.202209	-0.808916
-0.66935	-0.569874
-0.115299	0.428904
0.84071	0.726553
1.68808	0.499131
0.0911119	0.568656
-0.951808	-0.839137
-0.951808	-0.690446
-0.701941	-0.242166
0.0476569	0.141029
-0.810579	0.413775
-0.082708	-0.766292
2.56805	0.376604
1.04712	0.407725
-0.799715	-0.134113
-0.115299	-0.109758
-0.571577	-0.0673237
-0.354302	0.39395
-0.430348	-0.348303
-0.84317	-0.132802
-0.0175256	0.194337
1.55772	0.499149
0.330114	0.131504
-0.58244	-0.594285
2.22041	0.259741
0.57998	0.241642
2.31818	0.148711
-0.158754	0.375645
-0.66935	0.520191
-0.2348	0.529775
-0.593304	-0.659334
-0.821443	-0.671662
-0.169618	-0.249818
-0.810579	-0.477475
1.3839	0.480275
-0.864898	-0.414032
-0.625895	-0.469892
0.0476569	0.375853
0.449616	0.212932
1.1123	0.572194
-0.951808	-0.673387
-0.625895	-0.435883
-0.462939	0.392718
-0.734533	0.229981
-0.430348	0.374747
0.0693844	-0.0272265
-0.93008	-0.547269
-0.875761	-0.453119
0.319251	0.279458
-0.528122	-0.45303
-0.267392	0.107459
0.884165	0.412981
-0.745396	0.488734
0.786392	0.24594
-0.517258	-0.293814
-0.75626	0.502456
1.68808	0.309667
-0.832306	-0.443726
-0.647623	-0.230347
-0.441212	0.405775
0.373569	-0.201697
-0.680214	0.477162
-0.430348	0.319308
-0.58244	-0.537227
4.16502	0.456232
0.482207	-0.153868
1.43822	0.326727
-0.169618	-0.0921561
0.112839	0.225836
-0.636759	0.24408
-0.940944	-0.102071
3.9912	0.658863
-0.549849	0.323287
0.49307	0.428508
-0.202209	-0.556001
-0.2348	0.0836016
-0.636759	-0.362076
0.547389	-0.186161
0.0150657	-0.0852677
0.818983	0.333278
-0.538985	0.0115568
-0.810579	-0.443009
-0.376029	0.463309
0.851574	0.379376
-0.560713	-0.0609376
0.286659	0.324028
1.31872	0.501626
-0.799715	-0.328347
-0.832306	-0.723967
-0.810579	0.373964
-0.908353	-1.3502
-0.245664	0.39747
0.00420194	0.233108
1.24267	0.155254
0.0693844	0.080343
-0.799715	-0.080072
-0.169618	0.176724
-0.908353	-0.762564
0.101976	0.211647
-0.354302	-0.0205908
-0.75626	-0.189802
-0.875761	0.278113
-0.0175256	0.191964
3.3611	0.720982
-0.604168	-0.166115
0.449616	0.288346
-0.962671	-0.755411
-0.528122	0.475078
-0.658487	-0.405744
0.981939	0.47684
0.0585207	0.348138
0.286659	0.33434
-0.962671	-0.931048
-0.951808	-0.703088
-0.310847	0.118815
-0.299983	0.182439
-0.84317	0.448752
0.536525	0.00624744
0.427888	0.503026
0.471343	0.431348
0.829847	0.562595
-0.2348	-0.541289
-0.32171	0.400425
1.93795	0.482028
-0.462939	-0.487134
-0.93008	-0.238344
-0.777988	0.299673
-0.745396	-0.779163
-0.723669	0.434814
-0.723669	0.227525
-0.441212	0.338529
-0.0283893	0.338863
1.93795	0.237092
1.64463	0.501365
0.938484	-0.20485
-0.213073	0.162036
0.0693844	-0.266908
0.264932	0.35469
0.92762	0.302191
1.17749	0.286971
-1.01699	0.176588
-0.462939	-0.623436
0.590844	-0.0589343
-0.84317	0.0814061
-0.777988	-1.16203
0.319251	0.550744
0.981939	-0.527633
3.13296	0.430781
-0.354302	0.512518
-0.58244	-0.585017
-0.897489	0.366573
1.75326	0.383564
-0.462939	0.499608
-0.615032	0.705798
-0.701941	0.281337
-0.75626	0.0367446
0.0585207	0.22015
0.243204	0.401291
-0.0501168	0.325018
0.57998	-0.590964
2.01399	0.12456
1.24267	-0.250179
3.45887	0.552387
0.742937	-0.161316
-0.0718443	-0.531546
-1.00613	-1.10432
1.85104	0.0013898
0.634299	-0.659102
-0.430348	-0.585159
-0.832306	-0.149488
-0.538985	-0.716573
1.69895	-0.0170252
-0.886625	-0.578819
-0.332574	0.422957
-0.191345	0.24365
0.938484	0.270231
0.199749	-0.0677227
3.40455	0.507643
-0.343438	0.330341
0.0150657	-0.0158263
-0.2348	0.622443
-0.897489	0.554151
1.75326	0.446313
-0.636759	0.0436672
-1.02785	0.149607
-0.908353	-0.538067
-0.973535	-0.945419
-0.397757	0.435384
-0.734533	-0.401243
0.362706	0.50955
-0.517258	0.419744
-0.951808	-0.485043
3.86083	0.413603
-0.32171	-0.146301
-0.039253	-0.125122
0.851574	0.346964
2.70927	0.498935
-0.549849	-0.617727
0.0259294	-0.167119
0.395297	0.696653
-0.202209	0.0514378
-0.365165	-0.018329
0.601708	0.291958
0.960212	0.285876
-0.691078	0.147883
-0.734533	-0.525085
0.373569	-0.452617
-0.886625	-0.341425
-0.082708	-0.0966059
-0.549849	-0.431332
-0.799715	-0.85358
-0.452075	0.0649386
-1.03872	-0.61541
0.351842	0.687945
0.438752	0.295078
-0.604168	-0.363181
-0.528122	-0.639206
0.775528	0.331527
-0.528122	-0.498347
0.764664	0.0694506
-0.245664	0.185774
-0.93008	-0.0776415
0.243204	-0.0717373
-0.712805	0.471631
-0.137027	0.377896
-0.995263	0.189352
-0.712805	0.197066
0.297523	0.344234
-0.0175256	0.541981
-0.919216	-1.17702
-0.49553	-0.399733
0.243204	-0.398592
-0.2348	0.296162
-0.940944	0.293062
-0.745396	-0.683241
-0.919216	-1.64151
0.308387	0.198673
-0.32171	-0.0224121
-0.571577	-0.690463
-0.115299	-0.0555339
-0.875761	-0.0828929
-0.365165	0.15701
-0.32171	-0.363432
-0.343438	0.504746
-0.549849	0.0573194
-0.854034	-0.413259
-0.908353	-0.125253
-0.712805	-1.48692
-1.00613	-0.753268
-0.213073	-0.214646
-0.386893	0.320616
1.61204	0.434037
-0.864898	0.258513
-0.919216	-0.249371
-0.245664	0.359539
-0.32171	0.342717
4.06724	0.619973
0.264932	0.1644
-0.84317	-0.686107
-0.940944	-1.12546
0.92762	0.539373
0.645163	-0.0286734
-0.0175256	0.573834
-0.919216	-0.735654
-0.864898	0.413741
-0.864898	-0.548593
-0.560713	-0.81308
-0.680214	-0.647985
0.308387	0.139457
-0.940944	-0.589118
-0.549849	0.198891
-0.962671	-0.542511
-0.397757	0.324048
-0.995263	-0.120991
0.134567	0.0754268
-0.962671	0.0583317
-0.854034	0.0929623
-0.40862	-0.19599
2.00313	0.586751
0.00420194	0.199621
-0.788851	-0.376825
-0.919216	-0.383544
-0.962671	-0.368358
0.254068	-0.0866613
-0.082708	-0.0084767
1.06885	0.279829
2.16609	0.253757
1.43822	0.450104
-0.473803	-0.510033
0.178022	-0.236308
2.11177	0.646011
3.1221	0.200112
-0.354302	0.595446
-0.984399	-0.397136
0.0259294	-0.044996
-0.2348	0.422027
-0.897489	-1.26453
-0.777988	-0.181277
-0.658487	0.445496
0.503934	0.520534
1.75326	0.29983
-0.745396	-0.349956
-0.506394	0.117079
-0.169618	0.332992
0.0367932	0.274124
1.19921	0.176643
-0.701941	0.44082
-0.93008	0.220081
-0.636759	0.64457
-0.875761	-0.252713
-0.984399	0.253839
-0.484667	-0.132267
-0.658487	-0.451348
-0.75626	-0.426976
0.742937	0.382726
2.26386	0.425596
-0.571577	0.358974
-0.962671	0.344675
-0.832306	0.261
0.0259294	0.406939
-0.419484	-0.448731
-0.864898	-0.198402
-0.560713	0.61008
0.0802482	0.125996
0.547389	0.284334
-0.00666181	-0.10216
0.601708	0.450316
-0.886625	-0.00601927
0.66689	0.139124
1.15576	-0.0531482
0.0476569	-0.217841
-1.00613	0.2066
1.87277	0.663604
-0.75626	0.329788
-0.278255	0.52232
1.16662	0.401956
-0.886625	-0.24393
1.65549	0.0500441
-0.32171	-0.517305
0.232341	0.353034
-0.126163	0.420973
-0.0175256	0.418147
0.101976	0.591593
-0.75626	-0.277512
2.23127	0.187833
-0.712805	-0.0865701
-0.137027	0.575278
-1.02785	-1.65008
-0.636759	0.608872
0.112839	0.405022
-0.810579	0.302347
0.0259294	0.382975
-0.832306	-0.49504
2.72014	0.471029
0.406161	-0.118046
-0.984399	-0.592864
-0.767124	-0.0555833
0.0476569	-0.105403
-0.691078	-0.108978
0.221477	0.315584
-0.082708	0.475638
2.28559	-0.178093
-0.549849	-0.143323
0.232341	0.196591
1.40563	0.349336
3.53492	0.453263
-0.919216	-0.308292
2.60064	0.456975
1.42735	0.00195748
0.438752	0.42667
-0.082708	0.0546579
1.72067	0.42865
0.188886	0.0197749
-0.58244	-0.613619
0.254068	0.0456825
0.829847	0.155923
-0.788851	0.194379
0.0911119	0.272334
-0.299983	0.513916
-0.604168	-0.440966
-0.0718443	-0.0633854
-0.473803	0.327014
0.873302	0.29341
-0.267392	-0.576672
0.145431	0.386554
-0.0609805	-1.22981
-0.299983	0.078227
9.48825	0.260335
2.38336	0.640367
0.101976	0.314012
0.786392	0.166315
0.0911119	-0.528446
3.62183	0.423242
0.145431	0.278769
0.482207	-0.108451
0.590844	0.645147
0.0150657	-0.0342942
-0.93008	-0.363218
1.41649	0.198901
-0.473803	0.102454
-0.84317	-0.144709
0.503934	0.825691
0.0802482	0.50195
-0.897489	-0.561809
-0.354302	0.210281
0.221477	-0.716603
-0.810579	-0.703059
-0.571577	0.0990576
-0.66935	0.212404
-0.647623	0.244614
-0.137027	-0.0255665
0.243204	-0.423005
0.482207	0.424351
1.03626	0.493642
4.91461	0.312627
-0.723669	-0.0645182
3.73047	0.891731
-0.723669	-0.249924
-0.419484	0.312133
-0.180482	0.180863
3.67615	-0.0678858
-0.962671	-0.861618
0.66689	-0.214159
0.92762	0.212969
-0.951808	-0.959417
-0.126163	-0.318117
-0.897489	-0.599485
-0.864898	0.147497
-0.571577	0.38362
-0.832306	-0.508597
0.558253	0.547284
5.9684	0.467431
-0.84317	0.210408
-0.919216	-0.965888
0.340978	0.451565
-0.75626	0.105873
-0.397757	0.094989
3.32851	0.430378
-0.788851	0.158025
-0.625895	0.31288
-0.788851	-0.114911
-0.289119	-0.0401181
-0.2348	-0.506722
-0.832306	0.422493
1.89449	0.0719938
-0.767124	-0.662667
0.210613	0.0580534
0.0259294	-0.62239
-0.821443	-0.430627
-0.854034	-0.0742457
-0.84317	-0.586093
0.0367932	0.480108
0.710345	0.196044
-0.0283893	-0.0762398
-0.593304	0.435466
-0.973535	-0.0369689
0.167158	0.280364
-0.832306	-0.514881
-0.995263	0.24705
1.1449	0.431925
-0.2348	0.33205
-0.354302	-0.538544
3.49146	0.430153
-0.636759	0.64457
0.134567	0.341648
-0.875761	-0.140436
-0.299983	0.196739
-0.93008	-0.438091
1.23181	0.652741
-1.01699	-0.428743
-0.604168	-0.611562
-0.0501168	0.0915527
-0.84317	-0.45097
-0.0501168	-0.132611
-0.604168	-0.693464
-0.158754	0.315477
0.427888	-0.106884
-0.571577	0.0851836
-0.517258	-0.454817
-0.821443	0.111564
-0.0609805	0.255054
0.221477	-0.0959392
0.167158	0.253932
-0.517258	0.242734
-0.973535	-0.328416
0.0693844	0.736535
0.775528	0.00399375
-0.636759	-0.434223
-0.49553	0.534389
-0.691078	0.0275401
-0.973535	-0.0924883
-0.84317	0.447777
0.938484	0.509889
2.47027	0.489372
-0.995263	-0.890831
0.634299	0.637537
-0.0935718	0.491443
-0.636759	0.541545
-0.365165	-0.322915
-0.680214	0.0886249
-0.191345	0.137424
0.590844	0.698929
-0.919216	-0.563516
-0.723669	-0.424519
-0.191345	-0.4629
-0.593304	0.460633
-0.0609805	0.683998
-0.875761	-0.552012
-0.897489	0.215229
-0.538985	-0.184251
1.99227	0.383008
-0.799715	-0.0521558
-0.875761	-0.504643
-0.951808	-0.776448
-0.0609805	-0.0345339
-0.93008	-0.55343
-0.66935	-0.119609
4.5887	0.565064
-0.832306	0.422493
-0.58244	0.0199545
0.188886	-0.340228
-0.75626	-0.491127
0.634299	0.446775
-0.691078	-0.119938
-0.506394	0.373248
0.525662	0.770189
0.00420194	0.652504
-0.940944	-0.49563
1.25353	0.178957
0.786392	0.0148532
0.57998	0.459789
-0.593304	-0.332724
0.0802482	-0.662539
-0.343438	-0.0279883
0.503934	0.653156
-0.995263	-0.992243
0.123703	0.558295
0.0802482	0.014266
-0.799715	-0.59425
1.29699	0.0333689
-0.397757	0.21748
-0.734533	0.638053
0.49307	0.681214
-0.223937	0.020194
-0.0501168	0.0622874
-0.919216	-0.870338
-0.0501168	0.317688
-0.126163	-0.182701
-0.386893	0.0837972
-0.767124	-0.147412
2.43768	-0.215272
0.699482	-0.132939
2.76359	0.66084
-0.767124	0.0143374
3.89342	0.301921
-0.75626	-0.0893726
-0.256528	0.330624
-0.810579	-1.06479
2.75273	0.234188
-0.462939	0.275629
-0.875761	-0.582001
-0.788851	0.121312
-0.0935718	0.267411
-0.126163	0.428396
-0.636759	-0.250525
-0.604168	0.251233
-0.299983	-0.42654
0.297523	0.253238
-0.701941	0.126059
-0.430348	0.283653
-0.745396	-0.643411
2.81791	0.597173
-0.506394	0.157027
0.612572	0.252829
-0.376029	-0.190817
0.221477	-0.166139
-0.886625	-0.253931
1.07971	-0.0218463
-0.191345	-0.518557
1.61204	0.266089
-0.376029	-0.142406
-0.40862	-0.349412
-0.712805	-0.149444
-0.0609805	0.210802
-0.126163	0.434983
-0.854034	-0.167239
-0.962671	-0.180141
-0.864898	-0.827661
0.351842	0.701567
5.2188	0.661373
0.101976	0.195853
-0.213073	0.550529
-0.332574	0.173706
-0.75626	-0.416876
0.221477	0.166086
3.1221	0.403431
-0.158754	0.319213
-0.441212	0.405775
2.38336	0.620129
-0.32171	0.520298
-0.886625	-0.726783
-0.777988	-0.840866
-0.332574	0.0185746
0.319251	0.31477
-0.571577	-0.263763
-0.984399	-1.12529
-0.854034	0.139527
0.264932	0.321674
0.721209	0.480057
-0.810579	-0.146643
0.884165	0.517574
1.34044	0.554949
0.427888	0.180812
0.569117	0.64488
-0.32171	0.548021
1.40563	0.87929
-0.788851	-0.236921
1.8619	0.228773
2.57891	0.494957
-0.245664	0.445095
-0.245664	-0.30828
2.48114	0.731812
0.134567	0.347603
2.70927	0.146154
2.47027	0.221412
-0.158754	0.265343
-0.213073	0.25914
-0.256528	-0.198876
1.37303	0.762081
-0.940944	-0.285265
-0.84317	-0.85891
-0.430348	-1.18193
-0.158754	-0.681982
-0.995263	-1.12138
0.0585207	0.350054
-0.615032	0.0129632
0.49307	0.529296
1.94881	0.617888
-0.832306	-0.220589
-0.278255	-0.0625238
0.884165	0.427662
-0.854034	-0.39227
-0.821443	0.234104
0.471343	0.194182
-0.256528	-0.163181
0.145431	0.47386
-0.00666181	0.831877
0.808119	-0.890083
-0.832306	-0.140695
-0.691078	-0.427235
-0.115299	0.46065
-0.864898	0.280391
2.38336	0.154819
0.406161	0.353795
-0.810579	-0.705018
-0.864898	0.322673
0.319251	0.197212
2.56805	0.689541
-0.625895	0.229809
0.254068	-0.214423
1.07971	-0.0532191
0.938484	0.381306
-0.777988	-1.07282
2.41595	0.386471
-0.951808	-0.597943
-0.560713	0.357915
-0.419484	0.38931
-0.528122	0.608661
-0.810579	-0.118557
-0.278255	0.519782
3.46974	0.0919809
-0.940944	-0.503175
0.623435	0.412543
0.460479	-0.430946
-0.951808	-0.546612
0.960212	0.464512
2.43768	0.555387
1.60117	0.250203
-0.615032	-0.609288
-0.365165	-0.0199853
0.112839	0.307123
-0.984399	-0.17402
-0.0718443	-0.583064
0.232341	-0.0447705
-0.897489	-0.564891
4.19761	0.592306
0.340978	0.529748
2.11177	0.589429
-0.615032	0.316392
-0.908353	-0.746202
0.438752	0.268574
-0.213073	0.315538
1.3839	0.556289
-0.962671	-1.19408
-0.376029	0.114147
0.145431	0.278582
-0.854034	-0.428344
1.56858	0.562615
3.92601	0.759857
1.18835	0.893135
-0.951808	-0.638256
0.775528	-1.09566
0.0911119	0.448528
0.0259294	0.154335
-0.0175256	0.357887
-0.40862	-0.259834
0.884165	0.319057
-0.973535	-0.247705
-0.430348	0.162838
0.340978	-0.114621
0.601708	0.433724
-0.115299	0.229939
-0.712805	0.162763
-0.343438	0.549398
-0.191345	-0.198551
-1.00613	-0.734159
-0.126163	0.370951
-0.462939	-0.293011
0.0150657	-0.0580947
-0.93008	0.0812705
-0.0609805	0.358535
-0.919216	-0.578061
-0.984399	0.248421
1.28612	-0.275932
-0.908353	-0.666205
-0.777988	-0.394767
-0.158754	0.277229
-0.908353	-0.220319
-0.951808	-1.38733
-0.908353	-1.09507
-0.908353	-1.34593
-0.299983	0.00540451
0.0367932	-0.081378
1.05799	0.35325
0.351842	0.556998
0.373569	0.420173
-0.908353	-0.0120109
-0.191345	0.4283
-0.376029	-0.707256
1.29699	0.563517
-0.0175256	-0.0712098
0.330114	0.403793
-0.767124	-0.613249
-0.636759	-0.644895
1.39476	0.56016
1.66636	0.31095
-0.452075	-0.254501
0.0693844	0.189464
-0.506394	0.482494
-0.636759	0.150454
-0.104436	0.444362
-0.832306	-0.443726
0.0476569	0.0747238
0.57998	0.193299
1.61204	0.818796
-0.919216	-0.819488
-0.365165	0.0114162
-0.115299	0.41566
0.449616	0.431984
0.851574	0.379376
-0.191345	0.212629
1.12317	0.368841
-0.93008	-0.438565
-0.962671	0.158416
0.0150657	0.219071
-0.256528	-0.344255
1.73154	0.773013
-0.810579	-0.282983
-1.03872	-0.364186
-0.452075	-0.613457
-0.864898	-0.369896
-0.951808	-0.507727
3.8391	0.142074
-0.278255	0.368466
1.8619	0.17591
0.851574	0.251934
2.492	0.531983
1.97054	0.310161
-0.0935718	-0.697615
-0.278255	-0.266125
0.0150657	8.60636e-05
-0.354302	-0.869098
1.25353	-0.486565
0.590844	0.487221
-0.58244	0.441996
-0.462939	0.130125
0.373569	0.118954
-0.84317	0.239399
1.61204	0.599806
-0.680214	0.50429
-0.528122	-0.288659
0.178022	-0.312448
0.677754	0.00972407
0.92762	0.528474
0.460479	0.235777
-0.984399	-0.746039
-0.984399	-0.965496
-0.658487	-0.420811
-0.897489	-0.0649204
-0.712805	0.194931
-0.767124	-0.176845
-0.84317	-0.218506
-0.875761	-1.09406
-1.02785	-0.289165
-0.962671	-0.839527
-0.66935	-0.412875
0.188886	0.728815
2.45941	0.258979
-0.180482	0.26174
3.23073	0.391289
2.03572	0.657358
1.18835	-0.0174475
-0.658487	-0.6125
-0.604168	0.417801
-0.745396	0.354991
0.0476569	-0.176795
-0.49553	0.350671
-0.691078	0.372872
-0.593304	0.218544
1.53599	0.760424
-0.66935	0.407811
0.710345	-0.393354
3.38283	0.650319
2.09004	0.51403
-0.32171	0.263355
-0.14789	-0.512665
0.384433	0.0824266
-0.538985	0.266331
-0.538985	0.322999
-0.93008	-0.828665
-0.875761	0.236703
1.03626	0.280022
-0.354302	-0.547235
-0.723669	-1.00186
1.22094	0.418242
-0.973535	-0.691394
0.49307	0.243795
-0.386893	0.174701
1.81845	-0.0960211
-0.571577	0.393351
-0.0175256	0.257344
-0.462939	0.14604
-0.289119	0.49594
-0.84317	0.247175
-0.278255	-0.123843
0.699482	0.0769321
-0.712805	-1.02456
-0.832306	-0.463774
-0.571577	-0.103734
-0.886625	-0.0151302
0.0693844	-0.308767
-0.832306	-0.35094
0.916757	0.372663
-0.49553	-0.55856
-0.299983	0.065961
-0.875761	-0.762858
-0.0935718	0.621958
-0.734533	0.363913
-0.2348	0.0662423
0.384433	0.568948
-0.723669	-0.0784577
-0.506394	0.315097
1.29699	0.412572
-0.0175256	0.182334
-0.886625	0.158632
1.53599	0.136667
0.971075	0.306894
-0.919216	-0.34648
-0.897489	0.166164
0.0802482	0.0944895
-0.180482	0.183438
-0.180482	0.258144
-0.419484	0.0990688
-0.919216	0.10663
-0.995263	0.447856
4.02379	0.631676
0.254068	0.0930474
-0.93008	-0.673429
-0.93008	-0.514453
-0.832306	-0.109556
0.786392	-0.396583
0.981939	0.0806799
-0.854034	-0.354393
-0.940944	-0.799314
-0.75626	-1.28869
0.123703	-0.08083
1.05799	0.278215
-0.245664	0.222729
-0.897489	0.0563352
4.9798	0.210341
-0.712805	0.273202
0.199749	0.707766
-0.658487	0.0407269
0.0585207	-0.449505
0.221477	0.214657
0.395297	-0.241392
-0.462939	0.321599
-0.49553	0.482192
-0.58244	0.436265
0.123703	-0.156092
1.34044	-0.480114
-0.84317	0.195424
-0.365165	0.308802
-0.897489	-0.075209
-0.66935	-0.658888
-0.245664	-0.282026
1.07971	0.692235
-0.908353	-1.28832
-0.354302	0.104699
-0.354302	-0.0756814
-0.180482	0.3124
-0.462939	-0.430046
-0.799715	0.105594
0.732073	0.0917061
0.460479	0.358564
-0.484667	-0.65072
1.60117	-0.570549
-0.604168	-0.169966
-0.0501168	0.523137
-0.343438	-0.154122
1.32958	0.45096
1.93795	0.629032
-0.973535	0.486869
0.981939	-0.270692
-0.039253	-0.801905
-0.973535	0.539986
-0.202209	0.0237881
-0.49553	0.272435
-0.441212	0.368011
-0.75626	-0.280856
0.960212	0.343778
-0.767124	0.358454
-0.332574	0.512258
-0.821443	0.344031
-0.506394	0.56344
2.07918	0.414443
0.264932	0.328376
-0.886625	-0.548241
0.449616	0.545987
1.16662	0.493544
-1.00613	-0.318307
-0.299983	0.209174
0.0585207	-0.698261
-0.919216	-0.70636
-0.886625	-0.422087
-0.213073	-0.502582
0.0585207	0.239782
-0.940944	-0.310777
-0.951808	-0.11285
0.417024	0.681482
-0.897489	-0.743719
-0.571577	-0.132303
-0.940944	-0.740071
-0.908353	-1.39172
0.0693844	-0.171458
0.775528	0.414677
-0.615032	-0.326789
1.67722	0.881511
-0.75626	0.366451
-0.560713	-0.210912
-0.571577	0.398027
-0.2348	0.491266
-0.832306	-0.964584
0.710345	0.196044
0.66689	0.139124
0.460479	-0.106639
3.66528	0.49751
-0.897489	-1.10324
0.254068	-0.0116812
-0.919216	-0.552802
-0.549849	0.0642145
-0.647623	0.181936
-0.039253	0.0847355
0.808119	0.76488
-0.984399	-1.02488
-0.810579	-0.0607768
1.97054	0.561494
0.818983	0.507548
-0.701941	0.539385
0.851574	0.741767
-1.02785	-0.0944807
-0.701941	0.569644
-0.973535	-1.15144
-0.984399	-1.1901
-0.995263	0.0959042
-0.386893	0.162348
0.167158	-0.55547
0.547389	-0.447034
-0.32171	-0.72086
-0.951808	-0.732038
-0.310847	0.297186
-0.158754	-0.158477
1.01453	0.419727
0.688618	0.585598
0.818983	0.473657
-0.32171	0.0277396
1.2644	0.337146
1.29699	0.546324
0.112839	-0.446521
-0.538985	-0.396084
-0.636759	-0.51737
7.196	-0.402904
-0.66935	-0.548859
1.34044	0.798359
1.75326	0.361373
-0.973535	0.0584777
-0.984399	-1.06114
-0.484667	-0.81883
0.188886	0.369454
-0.180482	0.260528
-0.919216	-0.949561
-0.0718443	0.680893
-0.473803	0.333033
-0.213073	0.550529
-0.039253	-0.0544134
0.677754	0.306057
-0.777988	0.287266
-0.821443	-0.98613
0.395297	0.430307
0.123703	0.445204
2.77446	0.475952
0.460479	-0.325876
-0.951808	-0.189382
0.101976	0.401723
-0.549849	0.00437214
-0.593304	-0.104266
0.449616	-0.309625
0.101976	0.40697
0.156294	0.614127
-0.93008	-0.594543
-0.984399	-0.698697
0.264932	-0.46155
0.699482	0.386508
-0.886625	-0.492718
-0.32171	-0.172843
-0.962671	-0.598587
-0.919216	-0.533843
1.70981	0.540052
-0.180482	-0.205903
-0.506394	-0.207659
-0.767124	-0.166928
-0.115299	0.33355
2.55718	0.341095
-0.462939	0.377653
-0.441212	0.508841
-0.745396	-0.402547
-0.517258	0.283828
-0.897489	-0.48414
-0.365165	0.237294
-0.289119	0.0869186
0.808119	0.172895
-0.560713	-0.649914
-0.430348	0.0702388
-0.0501168	0.489658
-0.886625	-1.08099
-0.593304	0.459012
-0.767124	0.380145
-0.126163	0.224833
0.0476569	-0.889484
3.02432	0.360068
0.0693844	0.491131
-0.875761	-0.146909
1.34044	-0.0484255
-0.0935718	0.0399669
-0.441212	-0.220073
-1.01699	-0.776957
-0.908353	-1.27908
-0.636759	0.120516
-0.962671	-0.01868
-0.560713	0.0157971
-0.897489	-0.507405
-0.712805	0.0586785
-0.962671	-1.22322
-0.452075	0.415187
-0.104436	-0.148495
-0.886625	0.23527
-0.397757	-0.127693
1.28612	-0.105936
0.0693844	-0.778552
-0.00666181	0.287635
-0.940944	-0.494544
-1.00613	-0.584348
0.188886	0.556901
-0.799715	-0.368044
-0.658487	-0.520831
1.5034	0.264373
-0.267392	0.0407334
1.81845	0.438291
1.03626	0.0911891
-0.919216	-0.0921598
-0.908353	-0.468954
0.775528	0.55797
-0.452075	0.139208
0.123703	0.468819
2.27472	0.209944
-0.223937	0.449107
-0.115299	0.410693
-0.84317	-0.185085
3.13296	0.344843
-0.777988	-1.05341
-0.973535	-0.593175
-0.745396	0.622813
0.319251	0.534586
1.84017	0.634902
-0.886625	-1.09675
-0.647623	-0.172723
-0.58244	0.383524
-0.593304	-1.20992
0.808119	0.283194
0.7538	0.55727
-0.343438	-0.264514
0.210613	0.265708
-0.734533	-0.901659
-0.452075	-0.328731
0.971075	0.226006
-0.397757	0.21748
0.0693844	0.390821
0.221477	-0.0526961
1.02539	0.350778
-0.419484	0.16564
-0.875761	-0.300133
-0.821443	-0.0125805
-0.886625	-0.556698
0.145431	0.317787
-0.973535	-0.398847
-0.864898	-0.44386
-0.0609805	0.203866
-0.115299	0.349437
-0.680214	-0.242677
-0.919216	-0.911427
-0.984399	-0.730097
3.28505	0.852365
-0.14789	0.277221
-0.615032	-0.535315
2.01399	0.543344
-0.039253	-0.309686
-0.256528	-0.0160027
-0.615032	0.347912
-0.691078	-0.0792467
-0.430348	-0.145825
-0.310847	0.644645
-0.625895	0.58215
-0.593304	-0.253013
-0.039253	-0.497106
0.254068	0.513203
-0.75626	0.275527
0.00420194	0.214818
1.25353	0.292833
0.0259294	-0.62239
-0.723669	-0.928724
0.92762	0.353166
-0.615032	-0.269458
0.340978	0.112992
-1.00613	-0.226136
0.960212	0.352411
-0.245664	0.0362119
-0.919216	-0.282931
0.84071	0.522688
-0.506394	0.289468
-0.354302	0.337915
1.89449	0.398849
0.873302	-0.0268958
-0.0935718	0.596668
-0.00666181	-0.113159
-0.919216	-0.103349
-0.202209	-0.0799083
-0.506394	-0.182
-0.821443	0.183931
0.482207	-0.0141647
-0.452075	-0.592982
-0.93008	-1.4696
-0.386893	-0.292398
-0.701941	0.258779
-0.734533	-0.155351
-0.908353	0.295315
-0.137027	-0.391559
-0.549849	0.0304911
-0.386893	0.138714
-0.082708	0.6121
0.786392	0.460745
1.03626	0.757404
-0.2348	0.374701
0.84071	-0.109691
-0.419484	0.271498
-0.701941	-0.774056
0.558253	0.542803
-0.973535	-1.53894
-0.615032	0.0982666
-0.745396	0.164253
-0.951808	-1.36411
-0.799715	0.414749
-0.615032	0.433461
0.775528	0.506909
-0.0175256	-0.0221488
-0.58244	-0.0930064
-0.354302	-0.247199
0.471343	0.439036
0.829847	-0.00868661
0.482207	0.327275
1.27526	0.189955
0.862438	0.584092
-0.908353	-0.00371748
-0.864898	-0.897313
0.471343	0.727229
-0.593304	0.105262
-0.213073	-0.263159
0.101976	0.0885334
1.00367	0.272268
3.53492	0.611431
-0.506394	0.329246
-0.995263	-1.14011
3.46974	0.441933
-0.680214	-0.413461
-0.93008	-0.250779
-0.462939	-0.292475
-0.897489	-0.157905
-0.430348	0.162838
0.851574	0.0568181
0.590844	0.155066
0.123703	0.382403
-0.528122	-0.60057
0.721209	0.310872
-0.984399	-0.621317
-0.821443	0.0556644
3.08951	0.42968
0.601708	-0.0124228
-0.441212	0.699597
1.57945	0.469105
-0.767124	-0.086942
2.35077	0.461105
-0.441212	-0.0787744
1.01453	0.475871
0.558253	-0.0339339
-0.777988	-1.08929
0.297523	0.362469
1.00367	-0.436909
0.134567	0.427202
-0.995263	-1.12138
-0.0283893	0.388074
-0.58244	0.436265
-0.680214	0.111998
1.6229	0.455773
-0.560713	-0.23217
1.9814	0.383304
-0.745396	-0.345656
-0.0501168	0.223199
1.09058	0.0385705
0.699482	0.36306
0.92762	0.5168
0.362706	0.275048
1.29699	0.430202
-0.452075	-0.443367
0.590844	0.0839514
-0.0175256	-0.108691
0.536525	-0.103904
-0.039253	0.419739
-0.615032	0.514151
0.732073	0.538208
-0.810579	-0.116198
0.482207	0.00734672
-0.897489	-1.39329
-0.810579	-0.745233
-0.940944	-0.208647
-0.267392	0.476791
-0.712805	-0.99098
3.07864	0.405537
1.04712	0.264997
0.101976	0.0267408
-0.636759	-0.108616
-0.462939	0.00276666
1.22094	0.563526
1.97054	0.302505
-0.343438	0.405636
-0.40862	0.428685
0.330114	0.591642
1.1123	0.528224
1.12317	0.401561
-0.777988	0.277623
-0.40862	-0.124707
-0.886625	0.354777
1.43822	0.0302206
-0.951808	-0.26154
-0.462939	-0.385024
-0.0718443	0.279925
0.460479	0.243237
-0.604168	0.326413
1.12317	0.298509
-0.984399	-0.324218
1.18835	0.322691
-0.506394	0.243618
-0.256528	-0.0611698
0.0367932	-0.22171
-0.810579	0.558424
-0.908353	-0.326515
0.145431	-0.574488
-0.354302	-0.0245333
-0.951808	-0.259313
-0.213073	-0.327026
-0.680214	-0.32059
0.384433	0.482667
-0.973535	-0.407768
-0.66935	-0.0174951
0.156294	0.418477
2.14436	0.551576
-0.886625	-0.12191
-0.701941	-0.340704
-0.66935	0.204234
0.590844	0.242836
0.199749	0.403549
-0.984399	-0.593782
-0.962671	-0.54937
-0.875761	0.379396
-0.875761	-0.363158
-0.93008	0.466661
0.0585207	-0.650065
0.00420194	0.274583
-0.506394	0.326663
-0.58244	0.223388
0.00420194	0.365702
0.49307	0.69223
-0.58244	0.318589
0.0476569	0.268429
-0.137027	0.513264
-0.734533	0.000219794
-0.897489	-1.67407
0.351842	0.684009
2.53545	0.302585
0.0367932	0.205362
-0.00666181	0.406009
-0.278255	0.022822
1.05799	0.80357
-0.973535	-1.03848
-0.615032	0.0528804
0.199749	-0.222568
0.134567	-0.482071
1.59031	0.248193
-0.658487	-0.123375
0.221477	0.474673
-0.115299	0.683442
-0.452075	0.34125
-0.984399	-0.510539
0.00420194	0.100069
-0.343438	0.198789
0.210613	0.584975
-0.386893	0.468999
-0.517258	0.581776
0.123703	0.213209
0.0150657	-0.204535
0.221477	0.415729
-0.66935	-0.704824
0.742937	0.346383
-0.278255	0.348671
2.33991	0.399571
-0.799715	-0.158637
-0.115299	0.33355
-0.832306	0.233603
-0.962671	-0.180141
1.04712	0.434399
0.775528	0.398125
-0.973535	-0.838365
-0.473803	0.120178
0.0911119	-0.466582
0.373569	-0.452617
-0.00666181	0.439478
-0.875761	-1.01048
0.297523	0.615918
-0.897489	-0.506112
-0.397757	0.110103
-0.940944	-0.461621
-0.897489	-0.37432
-0.310847	-0.000980057
-0.962671	-0.455747
-0.40862	0.585145
-0.723669	-0.997719
-0.376029	0.330199
-0.202209	-0.264175
0.732073	0.00453178
-0.821443	0.281975
4.20847	0.635057
-0.810579	-0.0607768
1.43822	0.628019
0.254068	0.00437161
-0.32171	-0.193663
1.61204	0.59718
0.406161	0.703825
-0.365165	-0.53942
-0.615032	0.168777
-0.691078	0.215141
0.0259294	-0.122756
-0.854034	0.087935
-0.691078	-0.445452
-0.767124	0.301912
1.97054	0.439301
-0.75626	-0.492928
-0.039253	-0.0397338
-0.593304	-0.65191
0.210613	0.0683504
-0.484667	-0.173651
-0.430348	-0.0486004
1.28612	0.284736
-0.919216	-1.06095
-0.799715	0.45247
-0.84317	0.517597
-0.365165	-0.523081
-0.223937	0.349208
0.427888	0.405453
0.0585207	-0.406879
-0.745396	-0.328286
-0.245664	0.406377
-0.897489	-0.199473
0.243204	0.0687444
0.0802482	0.259122
-0.864898	-0.198402
-0.14789	0.503113
-0.864898	0.0354833
-0.799715	0.265145
-0.180482	-0.178052
0.145431	0.0441475
-0.712805	0.362185
0.0367932	-0.0449482
-0.289119	-0.00844644
-0.430348	0.229332
0.275796	0.119929
3.73047	0.356364
4.7082	0.622881
-0.0935718	0.0511941
-0.832306	0.179039
3.42628	0.881843
-0.49553	0.203389
-0.680214	0.374803
-0.115299	0.418289
-0.549849	0.279851
0.449616	0.325697
0.7538	0.426284
-0.875761	0.462515
-0.256528	0.144873
-0.951808	-0.510673
-0.832306	-1.15946
0.971075	0.216198
0.992803	0.651595
-0.397757	0.0321098
-0.169618	0.425995
-0.137027	0.403478
-0.49553	-0.484581
-0.821443	-0.903629
-0.767124	-0.368216
0.427888	0.651913
0.525662	0.183417
2.19868	0.392546
-0.995263	-0.203748
-0.58244	-0.290247
0.0693844	-0.18741
-0.137027	0.309945
2.09004	0.267907
-0.788851	-1.66101
-0.973535	0.482694
0.536525	0.143898
-0.202209	0.283285
-0.528122	-0.720883
-0.0935718	0.49698
0.862438	-0.160465
-0.647623	0.245958
0.721209	0.342518
-0.452075	0.415187
-0.875761	-0.30848
-0.0283893	0.0189347
-0.441212	-0.0782541
-0.940944	0.123713
-0.14789	-0.139035
-0.680214	0.234968
0.981939	0.546018
1.61204	0.597465
-0.484667	-0.235732
-0.549849	0.318899
1.1449	0.284297
0.156294	0.280438
-0.126163	0.38601
-0.821443	0.66828
-0.169618	-0.205867
-0.462939	0.110966
0.232341	0.732956
-0.278255	0.303254
1.60117	-0.0110251
-0.299983	-0.0292662
0.210613	0.317794
0.232341	-0.635824
0.0585207	-0.0603907
0.264932	-0.0947412
-0.777988	-0.0663414
0.851574	0.444691
-0.00666181	-0.0242571
-0.897489	-0.453889
0.0693844	0.135579
0.449616	0.584727
4.2302	0.755622
1.02539	0.325458
-0.549849	-0.0044052
-0.919216	-1.64151
0.916757	0.470664
2.06831	0.545733
-0.310847	0.460786
1.22094	0.563526
-0.169618	0.265413
-0.799715	-0.863748
-0.49553	0.365863
0.786392	-0.0458066
0.406161	-0.253086
1.94881	0.615768
0.92762	0.386721
-0.354302	-0.672049
-0.299983	0.142449
2.14436	0.553249
-0.799715	-1.76775
0.471343	-0.0335729
0.275796	-0.277917
-0.658487	-0.650395
-0.897489	-0.379224
-0.430348	-0.738043
0.601708	0.122815
-0.158754	0.00951932
0.101976	0.320551
0.818983	0.2322
1.45994	0.52348
-0.886625	-0.562782
0.384433	0.0276135
0.721209	0.0927511
1.09058	0.287855
0.362706	-0.193114
-0.810579	-0.523813
-0.66935	0.0338517
-0.701941	-1.23781
-0.864898	-0.523253
0.0476569	0.120078
1.57945	0.336849
-0.93008	-0.128556
-0.462939	0.209576
-0.745396	-0.899527
0.569117	0.438577
-0.636759	0.272444
-0.897489	-0.567465
-0.854034	0.0525688
0.742937	0.0271852
1.68808	0.581434
-0.984399	-0.633362
-0.951808	-0.677042
0.981939	0.205414
-0.267392	0.479141
-0.180482	-0.121561
0.710345	-0.133005
-0.658487	-0.834433
-0.962671	-1.39504
-0.821443	-0.0125805
-0.115299	0.418555
0.351842	-0.241795
0.0585207	0.0793936
-0.875761	-0.602856
2.1009	0.0369943
-0.365165	0.164052
-0.126163	0.0226295
0.395297	0.548038
-0.854034	-0.0656553
-0.332574	0.508702
-0.223937	-0.685057
-0.441212	0.220372
-0.452075	-0.8586
-0.2348	-0.124935
0.199749	-0.448056
-0.984399	0.443442
-0.213073	0.383005
-0.84317	0.455063
-0.180482	0.3124
1.76413	0.380223
1.06885	0.307608
-0.821443	-0.0996189
-0.397757	0.416842
-0.919216	-0.487218
-0.49553	-0.541944
1.81845	0.628897
-0.897489	-0.37848
2.50286	0.286978
0.590844	0.345733
-0.0718443	-0.316523
-0.397757	0.255813
-0.919216	-0.0761069
-0.886625	-0.605953
-1.01699	-0.145561
-0.951808	-0.0132877
-0.430348	0.677226
1.55772	0.21271
-0.864898	-0.361349
-0.93008	-0.611897
-0.169618	-0.396108
-0.658487	0.406444
1.67722	0.386724
-0.919216	-0.79469
-0.788851	-0.178926
-0.810579	0.102434
0.112839	0.218475
-0.832306	-0.71396
0.340978	-0.243532
1.63376	-0.63765
-0.299983	0.402639
0.558253	0.528815
-0.995263	-0.570063
-0.962671	-0.297464
1.04712	0.220477
-0.66935	0.0902889
0.547389	0.458097
2.65496	0.592922
0.482207	0.561663
-0.995263	-0.81894
2.11177	0.482054
1.6229	0.536987
-0.213073	0.135446
-0.984399	-0.468965
-0.0718443	0.436436
-0.995263	0.431564
-0.712805	-0.688149
-0.571577	-0.621733
0.873302	0.438347
-0.14789	-0.385965
-0.973535	0.224354
0.264932	0.219922
0.960212	0.231974
-0.419484	0.0703031
0.786392	0.6389
0.960212	-0.20733
-0.951808	-1.37712
0.514798	0.447477
3.7196	0.537492
0.590844	0.413716
-0.506394	0.320619
-0.549849	0.440189
1.69895	0.401345
3.14382	0.456169
2.93741	0.735523
-0.658487	0.354751
-0.213073	0.253703
-0.984399	0.481846
-0.897489	0.150964
0.601708	0.389187
-0.0935718	0.373103
0.373569	0.194465
0.438752	-0.291548
1.06885	0.49639
3.64356	0.695548
0.0911119	0.173673
-0.908353	0.253092
2.6115	0.483302
-0.962671	-0.475252
0.297523	0.277902
-0.0283893	0.144749
-1.04958	0.376067
-0.777988	0.247153
-0.419484	0.195887
1.09058	0.280688
-0.137027	0.422556
0.84071	0.0320075
-0.962671	0.272036
-0.14789	-0.126923
-0.593304	-0.878545
-0.376029	0.407869
0.330114	0.399398
-0.951808	-0.552707
0.612572	0.436489
1.87277	0.370992
-0.14789	-0.201203
-0.777988	-0.0765683
-0.2348	0.043588
-0.799715	-1.13873
-0.593304	0.236914
-0.995263	-0.347138
-0.84317	0.527331
0.699482	-0.611932
2.06831	0.431666
-0.647623	-0.349475
-0.517258	0.440873
-0.386893	-0.630377
-0.75626	-0.997412
-0.66935	-0.654797
-0.93008	-0.0665025
-0.66935	0.560294
-0.310847	0.29804
-0.256528	-0.238548
1.15576	-0.281589
-0.821443	-0.151219
-0.75626	0.499066
-0.973535	-0.138113
-0.832306	-0.723199
-0.767124	-0.774376
-0.202209	0.64403
-0.788851	-0.427678
-0.875761	-0.466882
1.10144	0.503008
-0.832306	0.202424
-0.419484	0.331041
0.895029	-0.205462
1.66636	0.234806
0.297523	0.415163
-0.517258	-0.53438
-0.767124	0.39982
0.895029	0.435202
1.06885	-0.0281387
-0.821443	-0.406905
3.49146	0.685774
2.31818	0.737595
0.0911119	-0.185647
1.10144	0.091615
-0.691078	-0.0826388
0.427888	0.364254
2.35077	0.065855
-0.419484	0.191429
2.26386	0.165655
-0.66935	-0.410347
3.78479	0.77695
-0.701941	-0.627123
-0.875761	-0.817086
-0.0175256	0.508977
0.243204	0.16152
-0.680214	-0.805259
1.13403	0.389479
-0.560713	0.231805
-0.2348	-0.0300276
0.156294	-0.322611
0.156294	0.377688
-0.299983	0.0253815
-0.299983	0.560696
0.482207	0.246309
-0.549849	-0.470809
-0.777988	-1.64468
-0.180482	0.671521
-0.115299	0.343723
-0.788851	-0.140083
0.66689	0.204283
0.330114	0.422034
0.558253	0.0685155
0.503934	0.0184758
-0.0501168	-0.810969
-0.615032	-0.511752
1.06885	0.205523
-0.691078	-0.207855
2.07918	0.509743
1.27526	0.262572
3.06778	0.724753
-0.701941	-0.787112
0.645163	0.435493
-0.734533	-0.00671705
0.123703	0.352198
0.330114	0.850583
1.56858	-0.1476
-0.875761	-0.679675
0.808119	0.283194
4.49093	0.364776
-0.0501168	0.369105
-0.310847	-0.32261
-0.636759	0.0638948
0.569117	-0.215276
-0.897489	-0.667564
-0.506394	-0.681392
-0.832306	0.304456
0.960212	0.446302
-0.452075	-0.665554
-0.560713	0.424133
-0.788851	-0.421633
-0.84317	-0.0599969
0.406161	-0.32245
-0.680214	-0.890368
-0.864898	-0.77414
-0.0718443	0.327781
-0.560713	0.447476
2.253	-0.0684519
-0.984399	-0.123561
0.0150657	0.0981228
0.688618	0.0182988
-0.571577	-0.392934
0.427888	0.495787
2.16609	-0.0676884
-0.517258	-0.594247
-0.452075	0.299948
-0.169618	0.536128
-0.832306	-0.632147
-0.299983	0.261541
0.210613	0.438012
1.12317	-0.303757
-0.0609805	0.103907
0.471343	-0.125119
-0.701941	0.447268
1.53599	0.512472
-0.278255	0.0559431
-0.788851	-0.180529
-0.919216	-0.140303
0.438752	0.186437
-0.908353	-0.616521
0.0911119	0.380552
-0.506394	-0.148474
-0.897489	-0.497711
-0.560713	0.00226591
1.05799	0.674223
-0.462939	0.0810664
0.547389	0.371354
-0.777988	-0.0873045
0.66689	0.484886
-0.767124	0.503281
-0.93008	-0.34106
0.449616	0.0300977
-0.75626	-0.977404
-0.680214	0.2604
-0.66935	-0.545107
-0.940944	-0.192246
-0.180482	-0.169836
-0.180482	0.522252
1.05799	0.108413
0.199749	-0.139421
0.601708	0.449163
0.949348	0.529072
-0.625895	-0.155988
-0.560713	0.240524
-0.886625	-0.484466
0.101976	0.106307
-0.691078	-0.49481
-0.0609805	0.00488445
0.351842	0.0599171
-0.452075	0.347406
0.0802482	-0.206879
-0.376029	0.422423
1.1123	0.440715
0.330114	0.461682
0.319251	0.20873
-0.84317	0.196056
-0.14789	0.595649
-0.126163	0.206064
-0.995263	-0.742087
2.45941	0.387798
-0.854034	-0.502899
-0.93008	-0.950951
-0.832306	-0.308149
-0.962671	-0.376246
-0.180482	0.409418
0.710345	0.489107
0.210613	0.0837382
-0.864898	-0.633559
3.37196	0.141349
-0.137027	0.219258
0.57998	0.166092
-0.0283893	-0.0374493
1.31872	0.352963
0.558253	0.293679
-0.940944	-0.488578
1.84017	0.513176
0.699482	-0.0164826
0.721209	0.176038
-0.14789	0.0285933
-0.995263	-0.400122
-0.864898	-1.15063
-0.180482	0.284916
0.645163	-0.567508
-0.58244	0.430055
-0.0718443	0.0951531
3.18728	0.146665
-0.484667	-0.244822
-0.00666181	-0.241782
0.395297	0.050945
0.167158	0.227476
1.05799	0.360197
2.31818	0.478926
-0.886625	-0.346084
1.68808	0.389797
1.79672	0.382246
-0.49553	0.369558
0.123703	0.445204
-0.0175256	0.341309
-0.788851	-0.242251
-0.951808	-0.17793
-0.40862	-0.364263
-0.082708	0.721202
-1.00613	0.442158
-0.180482	0.267465
-0.0935718	0.0448538
-0.332574	-0.301437
-0.419484	0.5646
-0.310847	0.118815
0.0476569	-0.671823
1.89449	0.311338
0.0367932	0.300489
-0.549849	-0.091914
-0.506394	0.0449419
0.775528	0.522451
-0.40862	-0.158192
-0.799715	-0.535224
-0.289119	0.238694
0.134567	0.0795689
0.362706	0.255286
-0.940944	-0.795545
1.89449	0.723626
-0.691078	0.359945
0.101976	-0.0216333
0.134567	0.401454
2.6115	0.344509
-0.0501168	-0.0300142
-0.691078	-0.160782
-0.897489	0.304994
-0.310847	0.00483337
-0.58244	0.425396
-1.01699	-0.852206
-0.897489	-1.08409
0.0150657	0.331125
2.75273	0.321235
-0.00666181	0.231307
2.98087	0.353224
0.188886	0.326553
0.0476569	0.112895
0.134567	-0.643841
-0.126163	0.368862
-0.962671	-0.504779
-0.430348	0.116365
-0.995263	-0.601148
-0.897489	-1.06638
4.19761	0.592306
0.427888	0.27002
-0.908353	-0.299922
-0.712805	-0.0865701
-0.919216	-0.564715
1.99227	0.516263
-0.376029	0.204096
-0.289119	-0.220436
0.677754	0.386679
-0.984399	0.156967
1.12317	0.335269
0.340978	0.0652851
-0.919216	-1.06278
-0.995263	0.0756591
0.362706	0.44493
0.199749	0.119373
-0.734533	0.157567
-0.864898	-0.551236
-0.538985	0.0943981
1.02539	0.470984
-0.658487	0.406444
-0.082708	-0.175142
-0.962671	0.376926
3.50233	0.217691
-0.202209	-0.570864
-0.549849	0.145613
-0.343438	-0.503277
-0.32171	-0.324257
-0.00666181	0.544552
-0.506394	-0.182008
1.1449	0.118051
-0.723669	0.465292
-0.397757	0.20713
0.00420194	0.585406
-0.908353	0.118532
-0.538985	0.289988
-0.082708	0.276075
-0.777988	-0.245168
0.384433	-0.225076
-0.082708	0.47855
2.43768	0.19182
1.95968	0.516464
1.1123	0.504138
-0.647623	0.27762
-0.691078	-0.0550816
-0.386893	0.475917
-0.462939	-0.579161
3.17642	0.572237
0.0259294	0.192229
0.818983	0.359877
-0.832306	-0.44471
-0.832306	-0.948998
-0.712805	0.130565
2.27472	0.557096
-1.02785	-0.991558
0.00420194	-0.0915605
-0.223937	0.169422
0.460479	0.576916
-0.430348	0.415954
1.59031	0.117926
0.264932	0.295697
-0.419484	0.385227
0.264932	0.226369
-0.84317	0.219503
-0.66935	0.451361
0.275796	0.679375
-0.245664	0.0262463
-0.386893	-0.328178
-0.278255	0.0875938
-0.940944	-0.309204
-0.32171	0.65263
-0.788851	0.513046
-0.908353	0.052871
0.971075	0.226006
-0.538985	0.334601
1.93795	0.358032
-0.777988	0.290971
-0.799715	0.490001
0.0259294	-0.389194
-0.886625	0.467233
0.0585207	0.121487
-0.2348	0.189301
-0.299983	-0.535485
-1.00613	-0.562397
-0.299983	0.0396453
0.884165	0.309019
-0.213073	-0.565941
-0.647623	-0.580898
-0.137027	0.282177
0.406161	0.124604
-0.658487	0.0597808
1.02539	0.712283
-0.332574	-0.301437
0.384433	0.443641
-0.723669	0.388441
-0.473803	0.472581
0.221477	0.115344
0.297523	-0.170787
0.818983	-0.11779
1.57945	0.539764
-0.745396	-0.625813
0.156294	0.251957
-0.875761	-1.53787
1.15576	0.0968261
-0.365165	-0.36256
1.72067	0.567433
-0.962671	-0.597582
-0.745396	-0.318959
-0.289119	0.309534
-0.386893	-0.319573
0.254068	0.410947
-0.984399	-0.683228
-0.951808	-0.460519
0.362706	0.105355
-0.995263	-0.414085
-0.908353	-0.0498876
-0.32171	0.437426
-0.517258	0.47213
-0.734533	0.409335
-0.951808	-0.834701
0.0259294	0.556069
1.1123	0.572194
-0.788851	0.614596
-0.951808	-0.0395686
-0.267392	0.0920129
-0.169618	0.352166
-0.962671	-0.945775
0.547389	0.308761
0.254068	0.541061
-0.58244	-0.0845743
-0.386893	-0.530059
-0.984399	-0.669752
-0.506394	0.268446
0.319251	0.251174
-0.191345	-0.158292
-0.799715	0.166169
-0.875761	-0.756345
-0.647623	-0.489546
-0.223937	0.759852
0.971075	-0.403305
-0.343438	-0.0463642
-0.973535	-1.15144
-0.701941	0.0517004
-0.169618	-0.0921561
-0.625895	0.115906
-0.886625	-0.438278
-0.202209	0.270531
-0.854034	-0.483255
1.43822	0.48667
-0.343438	-0.351335
-0.137027	0.409722
0.0911119	0.154444
1.44908	0.242525
-0.158754	-0.265581
-0.680214	0.333835
-0.169618	0.155824
-0.202209	0.428214
0.732073	-0.15104
0.514798	0.383465
-0.919216	-0.833518
-0.419484	-0.268944
-0.278255	0.481492
-0.951808	-0.467797
-0.473803	0.0583429
1.88363	0.229303
-0.875761	-0.895126
2.92655	0.596865
-1.02785	-1.52132
1.75326	0.279812
-0.473803	0.456794
-0.886625	-0.0361092
-0.962671	-0.698732
-0.593304	0.0612772
-0.310847	0.490586
-0.799715	0.00965094
-0.886625	-0.72537
-0.126163	0.419182
-0.951808	0.425409
-0.810579	0.0515043
0.0802482	0.521046
-0.517258	0.419744
0.764664	0.44729
-0.788851	0.241235
-0.549849	-0.470809
-0.84317	-1.0516
-0.84317	-0.180827
-0.354302	0.227632
-0.256528	-0.261425
-0.538985	0.236159
1.02539	0.296811
0.808119	0.477669
0.710345	0.0130558
-0.745396	0.409758
-0.897489	-0.775361
2.99173	0.167811
-0.615032	-0.0891851
1.01453	-0.305898
1.18835	0.28678
-0.49553	0.3286
-0.213073	0.273563
-0.354302	0.0180319
-0.767124	-0.118868
0.384433	0.370536
-0.75626	-0.426743
1.84017	0.384252
-1.00613	-0.0217968
0.0585207	0.14449
-0.473803	-0.800643
-0.571577	-0.998245
-0.289119	0.509474
-0.0501168	0.0513467
-0.506394	0.199142
0.623435	0.167597
-0.386893	-0.181335
-0.180482	-0.227728
-0.213073	0.252611
-0.202209	-0.356963
-0.810579	-1.06047
-0.734533	0.358238
-0.962671	-0.773287
-0.919216	-0.296048
-0.593304	-0.466124
1.30785	0.210154
-0.919216	-0.100202
-0.039253	-0.0972538
0.460479	0.649513
-0.0609805	-0.180134
-0.854034	0.123556
-0.039253	-0.657438
-0.93008	-0.0750927
-0.908353	-0.43231
-0.658487	-0.513937
-0.137027	-0.113666
0.167158	-0.0288493
2.3725	0.490443
-0.886625	-0.81384
0.286659	0.179169
-0.951808	-0.574652
-0.560713	-0.862049
-0.223937	0.0980479
1.37303	0.815714
1.12317	0.623489
0.503934	0.0560229
-0.158754	-0.489153
-0.897489	-1.01597
1.19921	0.152148
0.960212	0.575654
-0.691078	-0.692161
2.41595	0.262455
-0.875761	-1.24607
0.373569	-0.145427
-0.158754	0.48324
-0.691078	-0.738661
2.86137	0.488557
0.134567	0.348351
2.35077	0.192247
-0.560713	-0.263957
-0.560713	-0.829456
0.156294	-0.139637
-0.973535	-0.840598
-0.256528	-0.619796
-0.777988	-0.7771
-0.104436	-0.100074
-0.832306	-0.463584
0.808119	0.414986
-0.897489	-0.857885
0.49307	0.529488
-0.897489	-1.13508
-0.777988	-0.725604
0.199749	-0.230903
0.0693844	0.142021
0.460479	-0.451165
0.558253	-0.0180586
0.362706	-0.267093
0.297523	0.430426
-0.376029	-0.353156
0.395297	0.392879
-0.191345	-0.39596
-0.615032	0.358357
-0.528122	0.366849
0.156294	0.148082
-0.180482	-0.09676
-0.397757	0.413449
-0.289119	-0.625898
-0.984399	-0.106606
-0.66935	-1.22634
-0.0935718	0.280403
0.895029	0.167918
0.525662	0.218903
0.0259294	-0.000832444
1.23181	0.248441
-0.213073	0.640213
-0.734533	-0.752824
-0.126163	-0.268856
0.471343	0.530999
-0.0609805	0.413652
1.8619	0.410443
0.319251	0.161293
-0.180482	0.332126
-0.517258	-0.110845
-0.908353	-0.458261
0.57998	0.62385
1.10144	0.581183
-0.158754	0.284827
-0.734533	-0.0145355
-0.680214	0.348785
0.00420194	-0.22406
0.895029	0.379904
-0.875761	0.375243
-0.636759	0.151957
-0.538985	-1.26486
1.41649	0.476365
-0.0609805	-0.135644
1.21008	0.360323
0.340978	0.192089
-0.158754	0.160289
2.64409	0.262821
-0.278255	0.395214
-0.712805	0.362185
0.362706	0.416744
-0.354302	-0.0188758
0.449616	0.288973
-0.886625	-1.08466
-0.962671	-0.835944
-0.984399	-0.219911
0.645163	0.497895
-0.886625	-0.305781
-0.49553	-0.382846
-0.267392	0.409989
-0.49553	0.127256
-0.962671	-0.839797
1.54685	0.231163
-0.973535	-0.668135
-0.0175256	0.636774
1.01453	0.56642
2.04659	0.53279
1.56858	0.710663
0.601708	0.147282
0.0150657	0.439219
0.623435	0.060494
0.775528	0.610706
-0.777988	0.364476
-0.2348	0.113214
-0.995263	0.333236
-0.299983	-0.205386
4.16502	0.144835
-0.473803	0.0805908
-0.267392	-0.69084
0.319251	0.124132
-0.908353	-0.319554
-0.93008	-0.415013
-0.875761	-0.552012
0.297523	0.609219
-0.93008	-1.07459
-0.256528	0.404324
-0.854034	-0.0064914
-0.267392	-0.458995
-0.701941	0.189445
-0.104436	-0.547369
0.895029	0.378243
0.373569	0.513964
-0.40862	-0.18938
-0.14789	0.171908
-0.278255	-0.613883
-0.528122	-0.45303
0.0259294	-0.0385117
1.63376	0.283201
1.8619	-0.181939
0.340978	0.0188216
-0.397757	-0.0125421
-0.734533	0.35299
0.0585207	0.05787
-0.832306	-0.302803
-0.180482	0.392506
-0.40862	0.427223
-0.75626	0.131865
0.340978	0.301018
-0.919216	-0.737293
-0.832306	-0.958655
-0.951808	-0.98732
2.31818	0.217409
0.471343	0.414935
-0.734533	-0.185946
-0.745396	0.351187
-0.701941	0.229072
-0.84317	-0.789582
1.09058	0.00356435
-0.886625	-1.06726
0.601708	0.343334
1.3839	0.426502
-0.202209	0.411183
-0.202209	0.133371
-0.810579	-0.988756
-0.777988	0.402413
-0.223937	-0.456362
-0.777988	-0.409029
2.36163	0.361773
0.905893	0.480282
0.319251	-0.0522848
0.656027	0.197616
-0.93008	0.219361
-0.832306	0.721068
-0.962671	0.344732
0.101976	0.123874
-0.886625	-0.885408
-0.84317	-0.563987
-0.0283893	0.190447
2.30732	0.394424
0.482207	0.356536
-0.84317	-0.0538599
-0.332574	0.279378
-0.528122	-0.11496
1.18835	0.428234
-0.49553	-0.208744
-0.289119	0.440303
-0.397757	0.331806
-0.0283893	0.28527
-0.278255	0.183004
-0.137027	-0.0309305
-0.00666181	0.301419
-0.354302	-0.428528
2.33991	0.326595
-0.593304	0.160964
-0.712805	0.495603
-0.441212	0.442447
-0.75626	-0.681521
0.254068	0.47134
1.43822	0.416859
-0.082708	0.459812
0.167158	0.550493
-0.0935718	0.400321
2.99173	0.542491
-0.984399	-0.632872
0.775528	0.161323
-0.365165	-0.80677
0.471343	0.305242
-0.973535	-0.539854
-0.49553	-0.392825
-0.082708	0.415613
0.471343	0.448251
-0.397757	0.0545916
0.427888	-0.158678
-0.473803	0.119217
-0.462939	0.275629
1.18835	0.198949
0.243204	-0.0910863
-0.49553	0.199451
-1.00613	-0.715336
1.32958	0.427257
-0.538985	-0.0823152
-0.832306	-0.16172
-0.93008	-0.293385
0.319251	0.519283
-0.897489	0.189774
-0.430348	-0.0899361
-0.289119	0.088541
0.732073	0.6449
-0.604168	0.419037
-0.0718443	0.0820084
-0.571577	0.0983564
-0.908353	-0.199334
-0.962671	0.512949
2.04659	0.542225
-0.984399	0.226524
-0.452075	-0.0175658
-0.560713	-0.358185
-0.115299	0.472572
0.0802482	0.593728
0.417024	0.334238
-1.00613	0.463139
0.264932	-0.0396802
2.32904	0.053461
1.04712	0.663969
-0.00666181	-0.392297
-0.723669	-1.03791
0.645163	0.320313
-0.919216	-0.844504
-0.767124	-0.161151
-0.919216	-0.39951
0.188886	0.302353
-0.832306	-0.549275
-0.821443	-0.0376172
0.503934	-0.271987
-0.560713	-0.176813
-0.419484	0.128148
0.438752	0.329517
-0.376029	0.223718
0.449616	0.281673
-0.962671	-0.742275
-0.864898	-0.166922
-0.0501168	0.10418
-0.137027	-0.162775
-0.32171	-0.274028
-1.03872	-0.292449
0.406161	-0.269575
-0.821443	-1.19422
-0.289119	0.430691
0.992803	0.314699
-0.2348	0.349701
-0.365165	0.214163
1.3839	0.499135
3.2416	0.424634
-0.636759	0.0420194
-0.810579	0.0575762
-0.517258	0.223038
0.471343	0.0591982
-0.039253	0.550376
-0.799715	-0.35095
-0.158754	-0.774594
-0.419484	0.167749
0.449616	-0.177193
0.0476569	0.572242
-0.691078	0.345741
-0.919216	-0.81664
0.0693844	-0.154054
0.210613	0.0683504
0.123703	-0.296518
-0.14789	0.596943
-0.604168	0.597822
-0.484667	-0.185678
-0.973535	-1.03848
-0.962671	-1.08839
1.09058	0.349195
0.156294	0.196298
1.27526	0.31507
-0.723669	-0.474951
-0.245664	0.192763
-0.115299	-0.0769354
1.90536	0.54637
0.503934	0.336788
-0.777988	0.168703
-0.245664	0.452711
-0.647623	-1.01727
-0.680214	0.24942
-0.712805	-0.96784
0.427888	0.704877
0.243204	0.258993
0.569117	0.576899
-0.0175256	0.535876
0.49307	0.263778
-0.777988	-0.688758
0.525662	-0.0674097
-0.49553	0.00100569
-0.810579	0.346454
-0.962671	0.0357777
-0.615032	0.378663
-0.213073	-0.0246986
0.221477	0.564094
0.612572	0.80909
-0.940944	-0.0970914
-0.376029	0.376207
0.145431	0.279581
-0.962671	-0.209843
-0.538985	0.187684
-0.549849	0.402953
-0.14789	0.0494056
-0.14789	0.0704391
-0.864898	0.431975
-0.875761	0.00253095
-0.549849	-0.645683
-0.58244	-0.466338
-0.104436	0.526274
-0.32171	0.248056
-0.310847	0.431487
1.77499	0.292577
-0.832306	-0.893389
-0.821443	-0.411387
0.612572	0.179196
0.0693844	0.133159
-0.137027	-0.0668423
0.417024	0.292254
0.482207	-0.137052
-0.799715	-0.996115
0.438752	-0.265497
-0.615032	-0.167457
1.32958	0.417175
-0.951808	-0.507958
-0.615032	0.072348
-0.93008	-0.200521
0.167158	0.144581
0.438752	0.518131
-0.14789	-0.45468
-0.191345	0.00543183
-0.712805	-0.0820628
-0.940944	-0.867424
-0.658487	0.169783
-0.082708	0.420633
-0.560713	0.36196
-0.441212	-0.315332
-0.571577	-0.367292
-0.951808	-1.38733
-0.430348	0.162838
-0.93008	-0.0227658
0.92762	0.578131
-0.137027	0.482156
-0.615032	-0.512522
2.00313	0.53837
-0.40862	0.207795
-0.256528	-0.761104
0.569117	0.0714178
-0.940944	-0.562682
-0.691078	-1.2087
0.340978	0.499484
-0.799715	0.316876
-0.723669	-1.03791
-0.473803	0.433452
-0.832306	0.10198
-0.810579	-0.209482
1.52513	0.142788
-0.973535	-1.05696
-0.538985	-0.718371
-1.03872	0.39801
2.88309	-0.0260918
-0.2348	-0.203676
0.460479	-0.235324
0.210613	0.136274
0.384433	0.816343
-0.995263	-0.835333
-0.386893	-0.530059
1.17749	0.451367
0.210613	-0.230379
-0.256528	-0.0963823
-0.940944	-0.728158
-0.962671	-0.475252
-0.158754	-0.0181237
-0.908353	0.15761
-0.452075	-0.0311202
-0.701941	-0.762124
-0.397757	0.133269
0.905893	0.550745
-0.897489	-0.330899
-0.00666181	0.565018
0.254068	-0.0116812
-0.462939	-0.19702
-0.951808	-0.797891
-0.973535	0.486869
-0.115299	-0.851847
-0.723669	-0.997719
0.49307	0.161949
0.0476569	0.271304
0.167158	0.456556
0.905893	0.24297
0.590844	0.0542693
-0.40862	0.266425
-0.419484	0.135847
1.39476	0.516764
-0.84317	-0.218506
0.808119	0.509414
1.45994	-0.00991508
-0.343438	0.28244
1.32958	0.495508
-0.93008	-0.828618
-0.191345	-0.138749
0.319251	0.104351
0.373569	0.3558
0.243204	0.386168
0.330114	-0.127463
-0.169618	0.155824
-0.734533	0.0287386
-0.528122	0.145989
0.525662	0.0721137
-0.984399	0.139218
0.590844	0.10832
-0.0283893	-0.279105
-0.908353	-0.457141
-0.821443	-0.740993
-0.93008	-0.166919
1.04712	0.275363
0.938484	0.481159
-0.267392	0.24975
2.06831	0.414851
-0.777988	-0.801548
0.0802482	-0.131357
-0.0609805	-0.53806
-1.02785	-1.18071
-0.973535	-0.499552
-0.919216	-0.683435
0.438752	0.770744
-0.75626	0.502456
-0.864898	-0.111489
0.243204	-0.344858
1.15576	0.179613
-0.767124	0.0622387
-0.897489	-0.424787
-0.767124	-0.880082
-0.691078	0.529622
0.471343	0.357355
-0.93008	-0.278398
0.0150657	0.430329
-0.691078	-0.37468
0.319251	0.257737
-0.571577	-0.690463
0.0585207	-0.0862717
0.167158	0.406627
0.254068	-0.442563
-0.93008	-0.387952
-0.93008	0.424188
0.449616	0.294747
-0.528122	0.20411
-0.712805	-0.925773
2.35077	0.14907
0.134567	0.535372
-0.0283893	0.441951
0.156294	0.134153
0.395297	0.050945
3.46974	0.605677
-0.93008	-0.182757
-0.897489	-0.706603
-0.973535	-0.935618
2.66582	0.42605
0.916757	0.166539
1.3839	-0.334356
-0.452075	0.059958
1.2644	0.306154
-0.973535	-0.272517
3.74133	0.411779
0.00420194	0.198751
-0.528122	-0.134315
-0.962671	-0.373672
0.623435	-0.109864
-0.821443	-0.551897
0.417024	0.222665
0.319251	0.0329715
-0.875761	0.0472361
-0.625895	-0.627929
-0.354302	0.186915
-0.604168	0.325901
0.319251	-0.626574
2.04659	0.343419
-0.854034	-0.019853
-0.473803	0.416241
-0.691078	-0.411015
0.210613	0.294498
-0.897489	-0.268053
-0.984399	-0.245456
0.851574	0.453999
-0.864898	-0.341468
-0.278255	-0.123843
0.297523	0.394391
-0.528122	-0.331903
0.612572	0.266627
1.04712	0.352054
-0.310847	0.0851814
-0.115299	-0.096597
-0.734533	0.371626
1.64463	0.505406
-0.506394	0.816233
0.0476569	0.271304
-0.951808	-0.738223
-0.169618	0.635162
1.13403	0.15433
0.623435	0.224248
-0.908353	-0.035924
-0.126163	-0.333756
-0.213073	-0.316947
-0.376029	0.125231
-0.137027	0.337188
-0.84317	-0.232392
-0.810579	-0.14079
-0.473803	0.0693424
-0.245664	0.210969
-0.93008	-1.05312
-0.549849	-0.228069
2.05745	-0.0131285
0.0150657	0.322717
-0.473803	-0.240544
0.0693844	0.151436
0.0693844	0.795951
-0.267392	0.292967
-0.919216	-0.132431
0.0367932	0.51002
-1.02785	-0.194304
-0.376029	0.0163511
3.11123	0.728183
-0.723669	-0.126244
-0.158754	-0.228585
0.536525	0.700711
-0.66935	0.033282
-0.788851	0.0822667
-0.462939	0.461951
-0.58244	0.434772
-0.832306	-0.197258
-0.49553	0.093464
0.775528	0.522451
-0.767124	0.155186
-0.158754	0.207194
-0.571577	-0.101047
-0.278255	-0.108307
-0.604168	0.176256
-0.506394	0.194394
1.37303	0.455527
1.02539	-0.0797045
-0.376029	0.227369
0.101976	-0.520599
-0.245664	-0.288879
-0.593304	-0.579146
-0.734533	-1.04463
-0.32171	-0.013369
0.340978	0.641996
0.0476569	0.247582
2.88309	0.12941
-0.723669	-0.350111
0.49307	0.462531
-0.951808	-1.19957
0.558253	0.511034
-0.49553	-0.286914
-0.0935718	0.398765
0.49307	0.462531
-0.430348	-0.318295
2.32904	0.053461
-0.604168	0.515139
1.01453	0.545263
-0.995263	-0.800865
-0.93008	-0.125679
0.264932	-0.0911685
0.547389	0.136577
0.471343	0.349403
0.601708	0.54306
0.525662	0.234211
-0.0283893	0.108257
-0.32171	0.488733
3.29592	0.173883
-0.039253	-0.10127
0.482207	0.597015
-0.93008	-0.269073
-0.397757	0.0595456
0.547389	-0.295922
-0.104436	0.557507
-0.40862	-0.0431444
-0.940944	-0.981066
0.406161	0.335873
-0.777988	0.207159
0.851574	0.379376
-0.995263	-1.09535
-0.951808	-0.518078
0.145431	-0.0559493
-0.58244	-0.0930064
1.48167	0.571053
-0.484667	-0.0248855
-0.919216	-0.324923
-0.2348	-0.199096
-0.615032	0.146507
0.395297	0.696653
-0.0718443	0.34555
2.68755	0.62619
-0.919216	-0.152008
-0.571577	-0.117986
0.503934	0.418535
-0.289119	-0.158782
-0.310847	-0.0163017
-0.919216	-1.03448
1.54685	0.678724
-0.854034	-0.628693
0.156294	0.283884
0.938484	0.0789365
0.775528	0.601484
0.449616	0.178369
-1.01699	0.0313924
0.0693844	0.622167
-0.810579	-1.02629
0.199749	-0.483273
0.178022	0.357285
-0.810579	-0.0637374
-0.223937	0.16497
2.1009	0.133483
-0.864898	-0.290878
0.0911119	-0.00859618
1.60117	-0.268307
0.264932	0.723434
1.17749	-0.233995
-0.245664	0.272764
-0.93008	-1.13105
0.960212	0.441844
0.0367932	0.426969
-0.49553	-0.541944
0.0802482	0.424562
0.0259294	0.318007
0.547389	0.210794
-0.615032	0.363712
-0.484667	-0.361462
-0.549849	-0.656243
-0.571577	-0.480022
-0.908353	-0.378872
0.156294	0.522945
4.9798	0.661912
1.7424	0.671245
0.547389	0.780747
-0.473803	-0.0239895
0.590844	0.6766
-0.680214	-0.270555
0.623435	0.278595
0.167158	-0.0684675
1.25353	0.176332
-0.908353	-0.873461
-0.897489	-0.354898
0.112839	0.448044
-1.01699	0.369061
1.54685	0.416276
-0.810579	-0.5745
-0.864898	0.43327
0.330114	0.0808401
-0.821443	0.120737
-0.777988	0.247153
0.438752	0.425104
0.873302	0.291631
1.21008	0.17014
-0.245664	0.256241
-0.289119	0.296472
-0.2348	0.238655
-0.897489	0.223818
-0.376029	-0.353827
0.732073	-0.515051
-0.49553	-0.286914
0.0585207	-0.338077
1.19921	0.219144
0.210613	-0.0348425
-0.745396	-0.43448
0.340978	0.244682
-0.14789	-0.372249
-0.886625	-0.462624
0.49307	0.264342
1.61204	0.599806
2.44854	0.369717
-0.875761	-0.277434
-0.517258	0.640543
-0.810579	-0.524798
1.16662	0.704448
2.80705	0.51426
-0.419484	0.507928
-0.267392	0.467961
0.0911119	-0.224124
0.362706	0.365401
2.02486	0.524594
-0.310847	-0.135445
-0.93008	-0.5599
-0.0175256	0.0117675
-0.658487	0.479103
0.460479	0.499002
1.23181	0.280311
-0.886625	0.206592
-0.875761	-1.20676
-0.0935718	0.031219
-0.039253	0.381116
-0.75626	-0.193751
0.243204	0.344832
0.514798	0.0716497
-0.278255	-0.843972
-0.180482	-0.778712
-0.397757	0.12014
-0.484667	0.356549
-0.571577	0.412723
-0.821443	-0.615416
-0.0718443	-0.288824
-0.039253	-0.949921
0.145431	-0.574488
-0.441212	0.44843
0.601708	-0.203699
1.02539	0.429528
-0.93008	-1.25164
2.55718	0.205792
-0.691078	0.183388
2.29645	0.506981
-0.647623	-0.134464
0.677754	0.418789
-0.115299	-0.457721
0.905893	0.345724
0.167158	0.406627
-0.84317	-0.98285
-0.169618	0.155824
-0.875761	-0.53286
-0.854034	-0.488189
-0.223937	0.229894
-0.245664	-0.0701175
-0.951808	-0.665755
-0.897489	-0.0600237
-0.723669	0.644935
0.710345	0.551597
-0.962671	-0.675497
-0.213073	-0.795711
-0.14789	-0.445427
0.275796	0.393858
-0.452075	-0.135636
0.254068	0.503406
-0.875761	-1.3128
-0.158754	0.308113
0.775528	0.328677
-0.995263	-0.508981
-0.0718443	-0.0947694
-0.712805	-0.621361
-0.821443	0.014297
1.70981	-0.249949
-0.658487	0.18866
-0.897489	-0.599485
-0.452075	0.165581
-0.169618	-0.567744
-0.58244	-0.238914
3.08951	0.567633
-0.680214	-0.391914
0.612572	0.0886956
-0.723669	-0.094242
-0.169618	0.405688
0.319251	0.274995
-0.995263	-0.483992
-0.734533	-0.167083
-0.365165	-0.209835
0.221477	0.126266
2.52459	0.111313
-0.897489	-0.327315
-0.821443	0.25851
-0.625895	0.216207
-0.680214	-0.0637716
0.960212	0.297007
-0.864898	0.0643156
-0.84317	0.401392
-0.299983	0.19421
-0.549849	-0.996875
-0.636759	-0.460327
-0.973535	-1.02938
-0.49553	0.0526674
-0.962671	-0.70209
-0.549849	0.305955
-0.039253	-0.272345
-0.734533	-0.925577
-0.452075	0.326418
-0.376029	0.248447
-0.506394	-0.713392
0.775528	0.0571679
-0.799715	-1.19176
-0.462939	0.0217776
-0.310847	0.388486
0.0150657	0.458667
-0.745396	-0.498504
-0.701941	-0.158201
-0.0283893	0.328446
-0.93008	-1.65092
-0.777988	-0.0535028
-0.310847	0.204139
-0.940944	-1.21207
1.06885	0.00400876
-0.365165	-0.242282
1.13403	0.403756
0.210613	-1.17406
0.57998	0.525193
-0.658487	-0.73871
1.22094	0.658992
0.0476569	0.0420192
1.03626	0.0911891
-0.875761	-0.844364
-0.40862	0.212854
-0.14789	-0.385965
-0.191345	-0.553714
1.43822	0.530162
-0.886625	-0.405095
-0.919216	-0.82255
-0.082708	0.393202
0.482207	0.281476
0.264932	-0.0396802
0.112839	0.00256747
0.0259294	0.413586
-0.864898	0.613268
-0.126163	0.213839
0.656027	0.420418
0.0367932	-0.61704
0.145431	0.122273
-0.560713	-0.37893
-0.397757	-0.505176
1.77499	0.381826
-0.40862	0.387246
-0.767124	0.292448
0.623435	0.246892
0.612572	0.791636
0.384433	0.180492
-0.973535	-0.22235
-0.66935	0.233018
-0.973535	-1.07146
4.84943	0.441114
0.210613	0.204109
-0.919216	-0.336682
-0.2348	0.320982
-0.897489	-0.54806
-0.0935718	0.183955
-0.571577	-0.303703
-0.104436	0.133304
2.18781	0.400675
-0.723669	-0.330607
-0.549849	-0.473028
0.884165	0.0677511
2.48114	0.016838
0.916757	0.396615
-0.104436	0.509077
-0.93008	0.0027573
-0.984399	-0.990267
2.44854	0.289987
-0.821443	-0.46709
-0.745396	0.47943
-0.962671	0.272036
-0.940944	-0.723369
-0.799715	-0.437719
-0.506394	-0.192602
-0.571577	0.269951
0.547389	0.44335
-0.58244	0.338788
-0.875761	0.184025
0.145431	0.149569
0.134567	0.331604
-0.951808	-0.465703
-0.984399	-0.210677
-0.691078	-0.521957
-0.864898	-0.498323
-0.0175256	0.357887
-0.788851	-0.142816
0.905893	0.380178
-0.58244	-0.333612
0.145431	0.549043
1.05799	0.426951
-0.365165	-0.0199853
-0.908353	-0.324435
-0.343438	0.496074
-0.777988	0.528003
0.569117	0.197812
-0.886625	-0.589957
-0.0175256	0.506306
0.243204	0.136358
-0.864898	0.0532313
-0.886625	-0.690852
-0.897489	-0.664185
-0.462939	-0.0962417
-0.40862	0.176506
0.123703	0.379266
1.15576	0.359451
0.384433	0.35221
-0.0175256	-0.286027
-0.517258	0.55477
-0.984399	-0.222464
-0.0718443	0.427729
-0.723669	-0.485828
-0.919216	-0.793887
-0.528122	-0.688592
0.92762	0.578131
0.66689	0.237506
-0.951808	-0.333122
-0.897489	0.298306
-0.039253	0.287322
-0.962671	-0.310896
-0.951808	-0.0132877
-0.538985	0.246515
0.645163	0.153185
0.297523	0.11601
-0.854034	0.464274
-0.93008	-0.375482
-0.897489	-0.166173
-0.397757	0.115231
-0.419484	0.131947
0.417024	0.0860878
-0.832306	0.0419681
2.69841	0.0382175
-0.93008	-0.940862
-0.615032	0.217304
-0.00666181	0.564275
1.81845	0.061608
-0.473803	-0.334435
-0.712805	-0.578765
-0.039253	0.510868
-0.14789	-0.685939
1.76413	0.579442
-0.734533	-0.306023
-0.940944	-0.233954
-0.310847	0.143286
-0.962671	-0.548263
1.04712	0.203449
-0.40862	-0.571769
1.45994	0.357583
-0.180482	0.348318
0.710345	-0.393354
0.449616	0.044621
0.319251	0.604349
-0.951808	-0.169408
2.05745	0.438143
-0.365165	0.637614
0.340978	0.403577
-0.386893	0.384333
0.66689	0.176724
-0.452075	-0.437547
0.797255	0.175866
-0.701941	0.484478
0.319251	0.697147
-0.397757	-0.423106
3.6001	0.534296
-0.832306	-0.908418
-0.919216	-0.0299768
0.721209	0.306146
1.90536	0.746573
-0.289119	0.0624838
0.57998	0.0423906
0.330114	0.367534
0.00420194	0.176279
0.536525	0.225116
-0.777988	-0.368704
-0.886625	0.253889
0.297523	-0.403587
-0.365165	0.295043
-0.940944	0.397665
-0.93008	-0.021827
2.15522	0.497874
0.101976	-0.662285
-0.517258	-0.146115
-0.158754	0.0269018
0.308387	0.101932
-0.84317	0.196751
0.264932	-0.510018
-0.973535	-0.73147
0.384433	-0.0661714
-0.962671	-0.385252
-0.430348	0.145178
-0.940944	-0.602374
0.178022	0.530331
-0.951808	-0.456184
-0.734533	-0.552356
-0.734533	-0.696138
0.221477	-0.0622371
1.66636	0.331246
0.319251	0.237674
1.00367	0.46247
-0.473803	0.0306675
0.101976	0.0705735
-0.473803	0.0840351
0.525662	0.34627
0.547389	0.085888
0.243204	-0.0463941
-0.245664	-0.402436
-0.680214	0.320593
-0.40862	0.414546
-0.745396	-1.12378
1.07971	0.525841
0.156294	0.10613
-0.245664	-0.246172
-0.593304	0.0743036
-0.680214	0.189303
0.199749	0.0179981
2.55718	0.435388
1.12317	0.511092
1.73154	0.548297
-0.593304	-0.368732
1.28612	0.608443
2.33991	-0.173694
-0.919216	0.10802
0.297523	-0.170787
-0.940944	0.0563107
0.286659	-0.0917746
-0.082708	0.12821
1.02539	0.592248
0.536525	0.717401
-0.506394	-0.563252
1.94881	0.573179
-0.082708	0.023292
0.981939	0.443062
1.18835	0.0491386
-0.919216	-1.07514
-0.615032	-0.355638
-0.658487	-0.390688
0.406161	-0.171997
-0.191345	-0.0636979
-0.137027	-1.30354
-0.886625	-1.00982
-0.984399	-0.965496
2.87223	0.468748
-0.886625	-0.802316
2.05745	0.46868
-0.462939	-0.628872
2.75273	0.212985
-0.14789	-0.571423
-0.984399	-0.459254
-0.332574	-0.375885
-0.854034	-0.394958
-0.767124	0.387886
-0.115299	-0.141743
-1.00613	-2.02314
-0.49553	-0.389158
-0.604168	0.497553
-0.875761	-0.0421684
-0.84317	-0.517703
-0.777988	-0.0663414
-0.897489	-0.0446248
0.92762	0.353166
1.06885	0.534725
-0.180482	-0.622417
0.0259294	0.108949
0.232341	0.30662
0.677754	0.183457
-0.691078	-0.379046
-0.658487	0.177503
-0.940944	-0.397436
1.31872	0.268685
0.123703	0.352124
0.569117	0.197636
1.77499	0.295709
-0.538985	0.497292
-0.821443	0.288961
-0.788851	0.371712
-0.2348	-0.388346
-0.734533	-0.391629
0.0150657	-0.0674546
-0.636759	-0.370078
-0.908353	-0.802197
-0.169618	0.0540141
-0.137027	0.0814197
-0.419484	0.510151
-0.821443	-0.356062
3.66528	0.454099
0.0802482	0.339449
1.21008	0.0179767
-0.897489	-0.808477
-0.419484	-0.110551
0.0911119	0.725647
-0.712805	-0.534608
0.243204	0.406251
-0.256528	0.232054
0.818983	0.440027
-0.701941	0.673462
-0.799715	0.483841
-0.973535	-0.272186
2.94828	0.526688
-0.777988	-1.11474
0.178022	0.409702
-0.875761	-0.344381
-0.441212	0.36857
-0.32171	0.216704
1.09058	0.51021
3.38283	-0.155979
-0.691078	0.118688
-0.419484	0.282956
0.243204	0.0301993
-0.473803	-0.540521
-0.84317	0.270289
0.319251	-0.591515
-0.940944	-0.464087
-0.462939	-0.00612502
-0.995263	-0.98762
1.02539	-0.0607182
-0.310847	0.469396
-0.897489	-0.459642
-0.66935	-0.0784159
1.1123	0.167048
-0.821443	-0.220364
-0.462939	-0.0409419
-0.386893	0.50827
-0.615032	-0.224014
0.460479	-0.214412
-0.734533	-0.572339
0.156294	0.32134
0.330114	0.58259
-0.289119	0.194954
-0.473803	0.0294909
-0.940944	-1.21736
0.764664	-0.240526
0.134567	0.425486
-0.202209	0.568272
-0.897489	-0.157905
0.742937	0.261167
0.992803	0.317287
1.6229	0.228874
-0.386893	0.52014
0.00420194	-0.173507
-0.365165	-0.802128
-0.0283893	0.536656
-0.538985	0.145024
-0.734533	-0.328653
-0.875761	-0.911965
-0.940944	0.23808
-0.49553	0.381793
0.330114	0.121479
-0.886625	-0.578819
0.167158	0.0912701
-0.354302	-0.510524
-0.723669	-0.953507
-0.32171	0.503691
4.59957	0.536965
0.264932	0.47391
-0.104436	-0.0715627
-0.386893	0.509365
0.623435	0.384853
-0.680214	0.444178
3.49146	0.516429
-0.810579	-1.03118
2.22041	0.52939
2.15522	0.338365
0.0150657	-0.453742
-0.799715	0.00618637
0.254068	0.0897257
-0.636759	0.332329
-0.299983	-0.309587
-0.104436	0.192657
1.79672	0.257091
-0.289119	-1.00184
0.178022	-0.0438882
0.884165	0.721984
-0.2348	-0.0486303
-0.571577	-0.142139
-0.180482	0.12906
0.949348	0.365769
0.145431	0.559983
-0.549849	-0.53269
-0.821443	-0.788367
3.3611	0.545276
-0.462939	-0.1055
-0.940944	-0.981066
0.971075	-0.160616
-0.886625	-0.537731
0.232341	0.362069
0.764664	0.280947
-0.517258	0.0375594
-0.973535	-0.499552
0.427888	0.426586
0.7538	0.333719
-0.712805	-0.31855
-1.02785	-0.446895
1.76413	-0.0623569
1.61204	0.75116
-0.386893	0.0814159
-0.332574	0.426677
-0.0175256	0.381956
-0.484667	-0.355999
-0.680214	0.42792
-0.767124	-0.602816
2.40509	0.293623
0.0911119	0.431211
0.406161	0.0770367
-0.419484	-0.0319226
-0.126163	0.539913
-0.082708	-0.266655
-0.0718443	0.123636
1.09058	-0.295962
-0.647623	-0.854911
-0.169618	-0.249818
0.243204	0.236555
1.48167	-0.430701
-0.973535	-0.238969
-0.386893	0.551722
-0.701941	0.743189
0.340978	0.69519
-0.560713	0.363678
-0.137027	0.0368369
1.25353	0.574394
-0.897489	-0.24061
-0.549849	0.115335
-0.680214	-0.854778
-0.875761	-0.843774
-0.995263	-0.759297
-0.951808	-0.870657
-0.191345	-0.248096
0.123703	-0.682791
-0.962671	-0.521064
-0.854034	-0.443295
0.862438	0.417127
-0.886625	0.438726
-0.93008	-0.39846
-0.777988	-0.60672
-0.571577	0.00479296
-0.712805	-0.178997
-1.00613	-0.384616
-0.788851	-0.42983
0.351842	0.413148
-0.951808	-0.324186
-0.549849	-0.294344
-0.343438	0.343454
-0.745396	0.488734
-0.223937	0.206391
-0.484667	0.135228
-0.854034	0.239795
1.68808	0.553858
-0.799715	0.41958
1.88363	0.343203
-0.821443	0.24942
0.101976	-0.14124
-0.604168	-0.474513
-0.267392	-0.285117
1.55772	0.314387
-0.441212	0.191905
-0.213073	-0.0805754
-0.745396	-1.12327
-0.2348	0.374535
-0.951808	-0.665755
0.123703	0.33953
-0.864898	-0.252626
-0.137027	-0.484296
-0.615032	0.479031
0.0259294	0.285032
-0.354302	-0.393439
2.15522	0.0544224
1.49254	0.431356
-0.441212	-0.823463
-0.84317	-0.475175
-0.832306	-0.786368
-0.777988	-0.7771
0.971075	0.41234
1.01453	0.860015
-0.115299	-0.457721
0.569117	0.000117691
-0.66935	0.229291
-0.354302	0.543183
-0.332574	0.242517
-0.973535	-0.442297
-0.951808	-0.517657
0.775528	0.36178
0.851574	0.334426
-0.528122	0.275048
-0.723669	-0.309264
-0.126163	0.276285
-0.223937	0.296082
-0.245664	0.0715718
1.61204	0.452065
-0.821443	-1.16258
0.884165	0.372991
0.938484	0.210625
-0.0175256	-0.192173
-0.951808	-0.427753
-0.625895	-0.199163
-0.571577	-0.0649855
-0.875761	-1.07015
0.199749	-0.0464804
-0.973535	-0.503894
1.80758	0.42348
-0.343438	0.299672
-0.0935718	0.0399669
1.54685	0.256216
-0.560713	0.0521921
-0.908353	-0.247412
0.916757	0.161981
-0.832306	-0.848537
0.547389	0.109729
1.1449	0.0879204
-0.897489	-0.973113
0.57998	0.0560315
-0.310847	-1.07394
1.51426	0.389748
-0.32171	-0.189196
-0.343438	0.554023
0.243204	0.260497
-0.484667	-0.255884
-0.897489	-0.416676
0.264932	-0.153552
-0.973535	-0.483972
-0.864898	-0.91812
2.00313	-0.0660225
-0.973535	-0.706562
-0.191345	0.556718
-0.701941	-0.887838
-0.354302	0.50914
1.04712	0.522254
-0.430348	-0.318295
-0.886625	-0.512846
-0.58244	0.175029
-1.00613	-0.385531
1.70981	0.590191
1.91622	0.279254
-0.0501168	-0.271669
-0.560713	-0.431638
0.0259294	-0.455215
0.916757	0.098103
-0.430348	0.212875
-0.734533	-0.671053
1.85104	0.0599347
0.384433	0.322537
0.971075	0.509154
-0.278255	0.552389
-0.365165	-0.276197
-0.897489	-0.414097
-0.126163	-0.15003
-0.84317	-0.341525
0.482207	0.371396
-0.593304	0.353548
-0.810579	-0.523813
-0.908353	0.347788
-0.680214	-0.093049
1.41649	0.369141
-0.636759	-0.400355
0.264932	0.337785
-0.886625	-0.854621
-0.126163	0.64029
-0.767124	-0.388931
-0.897489	-0.232519
0.449616	0.280597
-0.995263	-1.185
-0.039253	0.550376
-0.49553	0.3286
-0.854034	-1.07874
0.895029	0.491769
-0.615032	0.0231618
-0.84317	0.0580313
1.27526	0.552101
-0.604168	0.14359
1.15576	0.359451
0.156294	-0.221963
-0.462939	-0.111725
-0.940944	-0.791948
0.438752	0.500258
0.297523	0.426426
-0.854034	-0.0640768
-0.93008	-0.926269
-0.115299	-0.105167
-0.386893	-0.275898
1.18835	0.239335
0.145431	0.211436
2.253	0.74372
-0.788851	-0.300259
-0.343438	0.506214
0.992803	-0.508299
-0.973535	-0.500927
0.297523	0.521484
-0.538985	-0.0968897
0.786392	0.550694
2.68755	0.46478
0.601708	0.240492
-0.213073	0.0552782
1.39476	0.48663
0.112839	-0.463418
-0.75626	-0.129673
-0.137027	0.65623
1.1123	0.299411
0.156294	0.127822
-0.58244	-0.896034
-0.354302	-0.673291
-0.886625	-0.400318
1.10144	0.551608
-0.137027	0.242477
-0.875761	-0.698788
-0.919216	-0.972406
-0.289119	-0.413435
-0.126163	-0.682792
1.44908	0.449219
-0.625895	-0.248625
-0.940944	-0.947254
0.156294	0.177594
-0.647623	-0.0578704
-0.473803	0.320804
1.91622	0.342438
-0.701941	0.287787
1.05799	0.853569
0.199749	0.156629
0.384433	0.0733321
-0.549849	0.163828
-0.940944	-1.09821
-0.832306	-0.570116
-0.452075	0.35621
-0.137027	-0.468202
1.49254	0.597997
-0.658487	-0.49759
-0.701941	-0.186364
-0.528122	-1.48075
0.254068	0.339429
0.710345	0.269965
-0.158754	0.339198
0.829847	0.00833418
-0.180482	-0.0366309
-0.40862	-0.146482
-0.332574	0.426677
1.56858	0.0603816
-0.973535	-0.74038
-0.821443	-0.576387
0.873302	-0.365314
0.275796	-0.301111
0.406161	0.399322
1.8619	0.445271
-0.832306	-1.08097
-0.2348	0.346245
-0.452075	0.295641
-0.58244	-1.31514
-0.940944	-0.262154
0.438752	0.206093
-0.104436	-0.486237
0.0150657	0.13122
-0.137027	-0.0558228
0.0367932	0.354905
-0.202209	-0.733728
0.612572	0.289184
0.742937	0.0946963
0.732073	0.0954031
-0.864898	-0.827661
0.916757	-0.152771
-0.191345	0.279466
2.18781	0.0706096
0.0259294	0.376199
0.895029	0.250376
-0.245664	-0.35401
0.460479	0.437417
-0.289119	-0.510386
1.07971	0.34124
0.960212	-0.190272
-0.984399	-0.0290104
0.742937	0.38782
-0.897489	-0.207711
-0.723669	-0.126244
-0.962671	-0.445301
-0.886625	-0.761442
-0.875761	-1.24607
-0.745396	0.236942
-0.951808	-0.0671298
0.49307	0.588343
-0.604168	0.149575
0.112839	-0.0759629
-0.854034	-1.2302
2.68755	0.180201
1.01453	0.255349
-0.332574	-0.0271373
0.57998	0.503078
-0.84317	-0.454176
0.764664	0.618645
-0.875761	0.137869
-0.66935	-0.642479
0.199749	0.52574
-1.01699	-1.5641
2.27472	0.714079
-0.854034	0.464274
-0.278255	0.356288
-0.75626	-0.057766
-0.799715	0.312082
-0.213073	0.365995
-0.821443	-0.341293
-0.897489	-0.493202
1.16662	0.437326
0.243204	0.260187
1.36217	-0.060552
1.22094	0.153126
-0.864898	-0.94611
2.17695	0.615418
-0.940944	-1.04088
-0.995263	-0.910116
-0.995263	-1.45376
3.92601	0.759857
0.601708	0.395894
-0.691078	0.319226
0.992803	0.291181
0.232341	-0.0773609
-0.560713	-0.855682
-0.202209	0.532019
0.199749	-0.051074
-0.995263	-0.504456
0.188886	-0.127955
1.78586	0.785354
0.264932	0.136731
-0.734533	0.343568
-0.799715	0.298393
-0.691078	-0.72722
0.156294	0.462839
-0.777988	0.0762157
-0.767124	-0.692282
-0.365165	-0.059364
-0.832306	-0.144818
-0.14789	-0.373033
-0.104436	0.31625
0.319251	0.106784
0.57998	0.146798
-0.571577	0.204101
-0.810579	0.373964
-0.115299	0.0712478
-0.419484	0.269168
-0.158754	0.471489
0.427888	-0.719777
-1.03872	-0.61541
1.10144	0.102434
0.0585207	0.403125
2.06831	0.28954
-0.680214	0.843845
1.37303	0.333284
-0.93008	-0.797054
-0.202209	-0.194608
0.167158	0.134948
0.569117	-0.0962756
-0.343438	0.340689
4.07811	0.251313
-0.701941	-0.0586166
0.0476569	0.264642
-0.528122	-0.498347
0.569117	0.224524
-0.560713	-0.756524
0.818983	0.112043
-0.821443	-0.842962
0.590844	0.281525
-0.430348	0.242177
-0.777988	-0.14973
-0.278255	0.395214
-0.984399	-0.403814
-0.908353	-0.823271
-0.549849	-0.840469
-0.962671	-0.745685
-0.604168	-0.257591
-0.615032	-0.391375
0.49307	-0.153855
0.7538	0.390754
0.0476569	0.443052
0.112839	0.160425
0.460479	0.328743
-0.66935	0.410457
-0.082708	0.40035
-0.191345	-0.0373179
-0.365165	0.295112
-0.549849	0.12988
1.51426	0.465698
-0.658487	-1.19207
0.297523	0.253238
-0.32171	-0.0381571
-0.745396	0.236942
-0.940944	-0.241218
-0.462939	0.322537
-0.75626	0.610803
-0.647623	0.174792
-0.082708	0.333228
-0.777988	-0.976045
1.09058	0.17796
0.49307	0.739954
1.61204	0.127752
-0.0283893	0.334968
-0.0175256	-0.122611
0.417024	0.0610165
2.48114	0.340068
-0.810579	0.281907
0.0259294	-0.317936
-0.691078	-0.73571
-0.745396	0.362589
-0.0609805	-0.0705044
1.44908	0.11677
-0.560713	-0.862049
-0.49553	-0.637416
0.732073	0.0194589
-0.397757	-0.0437703
-0.14789	-0.043555
-0.908353	-0.803821
-0.506394	0.113133
-0.951808	-0.271339
-0.680214	-0.596454
-0.940944	-0.575446
0.351842	-0.391211
1.95968	-0.0208275
-0.84317	-0.262233
-0.940944	-0.632125
-0.158754	0.434637
-0.886625	-0.18084
0.395297	0.159585
-0.430348	0.0442358
-0.951808	0.251239
2.42682	0.594454
0.427888	0.478836
0.134567	-0.413194
-0.864898	0.0161869
-0.593304	0.0555329
-0.549849	-0.408366
-0.864898	-0.176454
-0.0609805	-0.161056
-0.973535	-0.711497
-0.995263	-0.786853
-0.278255	-0.553106
-0.962671	-0.998799
-0.462939	0.439458
-0.0935718	0.177997
-0.202209	0.160105
-0.745396	-0.157953
-0.897489	0.0588299
-0.799715	-0.241445
-0.777988	-1.11474
-0.267392	0.463253
-0.549849	0.141891
-0.886625	-0.126727
-0.0718443	0.197887
-0.256528	0.378044
0.818983	0.371245
1.13403	-0.132203
-0.354302	-0.0406952
-0.940944	-0.745163
-0.343438	0.176743
-0.788851	0.108523
2.15522	0.276213
-0.636759	0.0524019
-0.082708	0.498406
0.764664	-0.108311
-0.767124	-0.298233
-0.66935	-0.150878
0.797255	0.39834
1.03626	0.522061
-0.799715	-1.13873
-1.01699	-0.291457
-0.810579	-0.455986
-0.723669	-0.251418
-0.854034	-1.61218
-0.951808	-0.39574
0.460479	0.247288
-1.00613	-0.638667
-0.538985	-0.986995
0.699482	0.152635
1.63376	0.572371
-0.908353	-0.423259
-0.49553	-0.392825
-0.712805	-0.208134
-0.712805	0.0344769
-0.734533	-0.626399
-0.897489	-1.37769
-0.604168	-0.239641
0.0476569	0.346372
-0.919216	-0.184139
-0.940944	-0.165851
-0.897489	-0.187348
0.319251	-0.455365
0.634299	0.143959
-1.00613	0.176905
-0.745396	-0.244849
0.00420194	0.0171156
-0.039253	-0.497106
-0.441212	0.223364
2.55718	0.301956
-0.267392	-0.237191
-0.973535	0.0584777
-0.310847	-0.193885
-0.897489	-0.517739
-0.604168	-0.848573
-0.84317	-0.571366
1.05799	0.674223
-0.875761	-1.44822
1.1449	0.189789
-0.549849	-0.0109345
-0.93008	-0.324552
0.351842	0.292019
0.797255	0.39834
0.221477	-0.130302
-0.615032	0.149401
2.731	0.381637
-0.593304	-0.0578601
-0.604168	0.342112
0.438752	0.195687
-0.691078	-0.60782
0.688618	-0.418855
-0.0718443	0.384253
0.873302	0.681338
-0.0718443	0.0509647
-0.680214	-0.163643
-0.082708	0.0907484
0.0150657	0.797613
-0.180482	0.60031
-0.0609805	-0.25967
-0.75626	0.679401
0.188886	0.551015
-0.973535	-0.121135
-0.0283893	-0.551731
-0.636759	-1.09098
-0.0935718	-0.00440119
-0.940944	-0.282338
-0.995263	-1.10743
-0.462939	-0.409806
-0.625895	0.124396
-0.604168	0.452359
0.84071	0.280716
-0.854034	0.00312611
-0.951808	0.173791
-0.549849	-0.318737
3.94774	0.780187
-0.310847	0.21201
-0.223937	-0.134485
-0.137027	-0.0857694
-0.419484	-0.190856
0.275796	0.0964846
-0.560713	-0.0234537
2.04659	0.509381
-0.658487	-0.241736
3.44801	0.718992
0.786392	0.280442
-0.484667	0.178105
-0.278255	0.176165
-0.0609805	-0.202114
-0.571577	0.461515
0.0259294	-0.122756
-0.256528	-0.619796
0.112839	0.255194
0.199749	0.52104
0.384433	0.544722
-0.126163	0.224283
-0.854034	-0.512655
-0.777988	-0.0553197
-0.158754	0.0599321
-0.137027	0.24693
-0.875761	0.328145
3.16555	0.127702
-0.864898	0.375647
0.601708	0.331105
-0.962671	-0.855546
-0.191345	-0.07911
-0.0283893	0.147318
-0.788851	-0.53494
0.558253	0.636563
0.199749	0.0307002
1.8619	0.228773
1.43822	0.372526
-0.810579	-0.392386
-0.75626	-0.322306
1.68808	0.355722
1.48167	0.483627
-0.615032	-0.315376
1.04712	0.220477
0.851574	0.436501
-0.343438	-0.256453
-0.962671	-0.404949
2.20954	0.108981
0.232341	0.705025
0.384433	-0.0154837
1.3839	0.0479484
0.210613	-0.0524076
-1.02785	-0.971364
1.31872	0.539618
-0.473803	0.272622
-0.854034	-1.06183
-0.571577	-0.694081
-0.984399	-0.450139
-0.734533	-0.286956
-0.897489	-0.566232
-0.2348	-0.123899
-0.517258	0.404017
-0.767124	0.0865561
-0.365165	0.466976
-0.158754	0.483198
-0.691078	-0.26286
-0.745396	-0.529209
0.0693844	-0.302289
-0.788851	0.266931
0.199749	-0.157889
0.254068	0.502106
0.0693844	0.656968
-0.452075	-0.0690856
-0.441212	-0.0556761
-0.84317	-0.517696
1.1123	0.317271
-0.332574	-0.507681
-0.517258	0.377802
-0.615032	-0.125465
-0.734533	-0.371362
-0.951808	-0.154508
-0.625895	0.348766
0.905893	-0.0242647
0.210613	-0.40872
-0.919216	-1.11337
-0.897489	-0.330899
2.93741	0.418519
-0.560713	-0.191626
-0.593304	0.588897
-0.93008	-0.154644
1.82931	0.649528
0.254068	0.37243
-0.289119	-0.0129725
0.351842	0.0735468
0.427888	0.533219
-0.299983	0.610634
0.960212	-0.169115
1.2644	0.259568
-0.14789	0.0855318
-0.310847	-0.37959
0.92762	0.427783
1.9814	0.0208593
-0.701941	0.411734
-0.832306	0.368261
-0.571577	-0.172742
-0.691078	-0.0920997
-0.528122	0.568718
-0.441212	0.250091
-0.777988	0.114962
-0.452075	0.469136
0.0585207	-0.180448
0.732073	0.539639
1.57945	0.42642
2.30732	0.448698
-0.886625	-0.813295
0.134567	0.446707
-0.343438	-0.17244
-0.104436	0.354628
0.0585207	-0.653042
-0.908353	-0.875085
0.775528	0.783105
0.112839	0.552747
-0.636759	-0.117818
1.52513	0.161991
-0.625895	-0.0985456
-0.386893	0.163656
1.36217	-0.202003
-0.202209	0.768581
5.56644	0.602027
-0.506394	-0.348278
-0.745396	-0.373174
-0.962671	-0.409755
-0.84317	0.441817
-0.615032	0.37031
-0.723669	-0.225425
2.51373	-0.145477
0.297523	-0.0449387
-0.897489	-0.622136
-0.973535	-0.0838858
0.0911119	0.417368
0.221477	0.143759
-0.723669	-0.317913
-0.32171	0.562664
-0.223937	0.0616307
0.188886	0.379143
0.460479	0.330584
-0.0501168	0.401038
-0.310847	0.431487
-0.506394	0.13784
-0.75626	-0.596678
-0.995263	-1.47696
0.286659	0.488545
-0.299983	0.397123
-0.995263	0.513699
0.57998	0.401411
1.72067	0.384161
-0.940944	-0.821138
0.340978	0.212525
-0.213073	0.284837
-0.039253	0.334257
-0.49553	-0.130582
1.84017	0.81765
-0.0935718	-0.186738
0.188886	-0.333554
0.449616	0.157945
1.43822	-0.404163
-0.441212	0.0509104
1.6229	0.653697
0.178022	-0.236399
-0.962671	-0.0603711
-0.723669	-0.453707
-0.973535	-0.277699
-0.560713	-0.178459
0.232341	0.478157
-0.864898	-0.98611
-0.223937	-0.0310102
-0.886625	-0.599148
1.24267	0.625528
-0.615032	-0.559869
0.0150657	-0.255643
-0.832306	-1.13707
0.547389	-0.31286
0.330114	0.385952
-0.908353	-0.334653
0.264932	-0.0843702
0.634299	0.236196
-0.386893	0.36954
0.536525	0.106028
-0.593304	0.410944
0.0802482	0.150217
-0.799715	0.0829135
-0.777988	0.550956
-0.658487	0.378579
0.243204	-0.0636508
-0.93008	-1.25164
0.395297	0.416997
-0.419484	0.154581
0.221477	-0.360389
0.340978	0.0633404
-0.701941	0.363636
0.677754	0.506596
0.0802482	0.0322811
-0.49553	-0.110004
0.797255	0.224954
-0.299983	0.41771
0.688618	0.179065
-0.995263	-0.863589
-0.452075	0.397916
1.41649	0.0656871
-0.821443	-0.680523
-0.213073	0.209481
1.00367	0.208769
1.48167	0.206627
-0.962671	-0.827757
0.851574	-0.427488
-0.473803	0.0241602
-0.625895	-0.194288
7.64142	0.506939
-0.430348	0.185205
1.37303	-0.292629
-0.137027	0.219258
-0.951808	-0.556769
3.13296	0.201264
-0.919216	-0.569883
0.188886	0.378748
-0.647623	-0.181995
-0.919216	-0.735654
-0.365165	-0.471519
-0.365165	-0.205284
0.829847	-0.0909142
0.0585207	-0.0393536
-0.832306	-0.464481
-0.397757	0.038188
-0.441212	0.212441
2.30732	0.604915
1.47081	0.00605674
-0.821443	0.488042
-0.788851	-0.628072
-0.430348	0.401881
-0.886625	-0.377716
-0.223937	-0.452268
0.482207	0.508145
-0.734533	-0.626399
-0.49553	-0.403244
-0.571577	-0.223953
1.16662	0.138435
-0.810579	-0.0777998
0.992803	0.422535
0.525662	0.239947
2.81791	0.742248
-0.137027	0.593879
0.482207	-0.0552268
-0.354302	0.665017
2.72014	0.421077
-0.32171	0.105668
-0.66935	0.356048
0.417024	0.14632
-0.223937	0.666652
-0.962671	-0.464553
-0.658487	0.378579
0.275796	0.179103
-0.680214	0.100832
-0.951808	0.234803
0.92762	0.512047
-0.647623	-0.769961
-0.875761	-1.14935
0.406161	0.0543027
0.49307	0.155254
3.01346	0.364774
-0.821443	-0.299141
-0.213073	-0.0640502
1.25353	0.878192
-0.32171	-0.776277
0.0693844	-0.95331
-0.636759	-0.617373
-0.571577	-0.998245
0.960212	0.391471
0.286659	0.298701
-0.082708	-0.333361
0.112839	0.0281032
0.742937	0.489663
-0.788851	-0.427678
-0.962671	-0.0857398
0.123703	0.230996
0.873302	0.21037
0.862438	0.126731
-0.126163	-0.392313
-0.919216	-0.79469
-0.158754	0.43339
-0.919216	-1.31257
2.253	0.259657
-0.691078	-0.726161
-0.75626	-0.640232
0.949348	0.220544
1.79672	0.352506
2.19868	0.662826
0.721209	0.176038
0.0367932	-0.012614
-0.984399	-0.694289
3.18728	0.480802
-0.66935	-0.403404
-0.701941	-0.762124
-0.897489	-0.186425
-0.951808	-1.1904
-0.995263	-0.819212
-0.0283893	-0.210989
0.362706	-0.519239
-0.908353	-0.460633
-0.0718443	0.0908255
2.30732	0.547042
-0.712805	-0.40406
-0.93008	0.0893191
0.167158	0.27845
0.84071	0.426813
2.38336	0.504628
-0.984399	-0.245456
-0.126163	-0.431102
-0.0501168	0.340578
-0.680214	-0.787215
0.960212	0.256991
-0.256528	0.458774
0.210613	0.388702
0.960212	-0.169115
-0.701941	-0.461616
1.48167	0.0917961
-0.419484	-0.297252
-0.919216	-1.37714
2.65496	0.130571
0.721209	0.217326
-0.365165	-0.134159
0.254068	0.206611
0.601708	0.525207
0.677754	0.102746
-0.0283893	0.757281
0.514798	0.15608
-0.940944	0.215575
-0.875761	0.426976
-0.767124	0.459036
0.406161	-0.253086
-0.126163	0.568916
0.123703	0.133192
1.22094	0.242456
-0.951808	-1.32899
0.417024	0.277519
0.482207	0.150873
-0.908353	0.094075
0.384433	0.154681
-0.984399	-0.715504
0.601708	-0.131637
-0.777988	0.394926
0.514798	0.40089
-0.452075	-0.0688957
-0.723669	-0.19117
0.340978	0.438634
2.00313	0.456861
0.340978	0.363379
0.514798	0.101611
1.81845	0.0340852
-0.32171	0.370569
-0.821443	-0.740993
0.514798	0.0716497
-0.799715	0.575067
-0.365165	-1.00229
-0.647623	-1.60004
-0.854034	-0.48402
-0.788851	-0.723171
-0.40862	0.174618
1.76413	0.75476
0.319251	0.274247
-0.897489	0.52132
-0.289119	0.440303
-0.712805	0.319977
-0.593304	0.208412
-0.202209	-0.106291
-0.908353	-1.14993
2.14436	0.44223
-0.962671	-0.368358
0.395297	0.213566
-0.886625	0.412899
-0.419484	0.432216
-0.0283893	0.388074
0.308387	0.744961
-0.158754	0.356995
0.818983	0.267194
0.188886	-0.0851626
0.57998	0.264121
-0.58244	0.138315
-0.854034	-1.41127
-0.310847	0.203252
5.15362	0.755965
-0.864898	-0.969272
-0.940944	-0.492328
-0.723669	0.0272166
0.808119	0.242095
-0.951808	-0.741729
-0.00666181	-0.0449449
-0.777988	-0.537728
-0.473803	-0.366593
-0.973535	-0.509682
-0.777988	-1.23313
-0.571577	-0.825879
0.0259294	-0.476758
-0.386893	0.542489
-0.32171	0.291248
-0.691078	-0.886278
1.23181	0.347506
-0.517258	-0.154065


test data
expected	elaborated
===========================
-0.191345	0.183822
-0.115299	0.153236
0.623435	0.183138
-0.32171	0.225079
1.10144	0.551608
1.85104	0.418807
-0.354302	0.595446
-0.528122	0.308264
0.0150657	-0.0337521
-0.310847	0.0693141
0.199749	0.380411
-0.962671	0.376926
0.525662	0.142173
-1.00613	-0.572396
1.01453	0.645621
-0.767124	-0.176845
-0.14789	0.0890898
-0.14789	-0.603586
0.623435	-0.180531
-0.267392	-0.981157
0.340978	0.347715
-0.636759	0.172121
-0.126163	0.419553
0.0367932	0.0253435
0.57998	0.119674
0.449616	0.342975
0.264932	0.40697
0.00420194	0.439242
-0.549849	0.256959
-0.462939	0.59811
0.264932	-0.0911685
-0.180482	0.348318
-0.039253	-0.23593
0.427888	0.111452
-0.397757	-0.518214
-0.788851	0.00895854
-1.00613	-0.18817
0.101976	-0.169523
0.156294	-0.142548
-0.571577	0.24829
-0.886625	0.429503
-0.691078	-0.08663
-0.940944	-0.879104
0.0476569	0.252933
-1.00613	0.0277462
1.22094	0.201438
-0.213073	0.369411
0.590844	0.190791
-0.897489	0.30024
-0.538985	-0.38351
-0.299983	0.264825
-1.01699	-0.227903
-0.908353	-0.570985
-0.191345	0.263632
-0.973535	0.349687
-0.854034	0.367208
-0.940944	-0.683841
-0.821443	-0.366827
-0.66935	-0.446858
-0.75626	-0.510036
-0.886625	0.310216
-0.886625	-0.879227
0.49307	0.5709
-0.788851	0.385607
3.66528	0.48597
-1.00613	-1.98254
-0.75626	-0.998806
-0.962671	-0.100194
0.319251	0.340559
0.960212	-0.316202
0.482207	0.234172
0.612572	-0.0687551
1.1449	-0.0558879
0.00420194	0.326839
-0.84317	-0.183431
0.243204	0.16404
-0.908353	-1.04712
0.49307	0.411744
0.221477	0.170619
-0.691078	0.380581
0.427888	0.286143
-1.01699	0.086883
-0.299983	0.540699
-0.571577	-0.231258
-0.397757	-0.281764
-0.951808	-0.897565
-0.995263	-0.540298
0.286659	0.153643
-0.919216	-1.04321
-0.430348	-0.224973
0.547389	0.595662
-0.995263	-0.511565
-0.799715	-0.538104
-0.821443	-0.903629
-0.712805	0.174674
-0.951808	-0.665755
0.829847	0.404663
0.786392	0.427987
0.449616	0.0225872
0.340978	0.665537
0.688618	0.480791
-0.658487	-0.136617
-0.560713	-0.413157
-0.799715	-0.0384881
-0.202209	0.334691
0.123703	0.528053
-0.0283893	0.062835
0.732073	-0.244968
0.275796	0.155492
-0.864898	0.576048
3.66528	0.611829
-0.528122	0.0323377
-0.625895	0.283471
-0.951808	0.28803
-0.473803	-0.0511502
4.79511	0.143139
0.7538	0.445317
-0.962671	0.275904
-0.854034	-0.151101
-0.2348	0.174705
-0.940944	-0.700468
-0.202209	0.438678
-0.00666181	0.454506
0.178022	0.481239
-0.723669	-0.716463
-0.039253	-0.0239952
-0.40862	0.469145
-0.767124	0.565422
-0.940944	-0.431751
2.23127	0.242324
3.21987	0.591816
1.63376	0.332326
0.0259294	-0.271958
-0.636759	0.511191
-0.625895	0.256725
0.156294	0.48184
-0.202209	0.221992
-0.680214	-0.622081
0.0693844	0.331626
-0.484667	0.380983
0.427888	0.796807
-0.191345	0.250067
0.0693844	-1.14623
-0.864898	-1.56425
-0.973535	-0.404336
-0.951808	0.181936
-0.897489	-0.531834
0.275796	0.431226
-0.919216	-0.550717
0.57998	0.591032
-0.560713	-0.0219634
-0.723669	0.332725
-0.137027	-0.426114
-0.875761	-0.30848
-0.0175256	0.534194
-0.636759	-0.0915954
-0.93008	-1.05715
2.38336	0.693254
-0.571577	0.34368
3.04605	0.543929
-0.202209	-0.147036
-0.441212	0.324924
-0.484667	0.475125
0.601708	0.626311
2.35077	0.625982
-0.441212	0.212441
0.319251	-0.235256
0.145431	0.104531
-0.278255	0.499077
1.82931	0.396718
0.362706	0.663749
-0.691078	-0.231175
-0.734533	0.271652
-0.0609805	0.348775
-0.354302	0.247724
1.04712	0.352054
1.5034	0.428826
-0.58244	-0.586313
-0.0718443	-0.450855
-0.386893	0.286618
-0.0283893	-0.128714
-0.32171	-0.517305
-0.821443	-1.04392
0.0476569	0.38868
-0.158754	0.280712
-0.984399	-1.02406
-0.2348	0.245684
0.00420194	0.0417922
-0.701942	0.133744
1.39476	0.299306
-0.919216	0.0355406
-0.940944	-1.20097
-0.767124	0.410358
-0.951808	-0.560821
-0.658487	0.360895
-0.376029	-0.707256
-0.767124	-0.456109
0.0367932	0.178703
-0.267392	0.680297
-0.832306	0.203638
1.6229	0.653697
0.0911119	-0.433266
0.742937	0.127258
-0.180482	0.372971
-0.158754	0.548968
-0.886625	-1.03707
-0.93008	-1.20199
-0.701942	-0.324476
-0.169618	0.360976
1.60117	0.262973
-0.886625	-0.447938
1.61204	0.511495
-0.549849	-0.215651
-0.386893	-0.586384
-0.462939	-0.118031
-0.473803	-0.621439
-0.951808	-0.484284
-0.484667	0.0960616
1.18835	0.384842
3.45887	0.832257
-0.93008	-0.570298
-0.788851	-0.658551
-0.310847	0.470308
-0.875761	-0.415651
-0.886625	-0.230893
1.95968	-0.0383213
1.2644	0.455575
-0.712805	-0.387874
-0.886625	-0.726653
-0.256528	-0.219257
-0.32171	0.0477814
0.319251	0.526651
-0.973535	-1.22763
2.77446	0.230525
-0.66935	-0.501942
-0.919216	-1.59384
-0.158754	0.0286493
-0.691078	0.678287
-0.75626	0.176214
0.178022	-0.312448
-0.354302	0.501311
0.417024	0.0744312
-0.625895	-0.370125
2.06831	0.562175
1.16662	-0.209429
0.590844	0.17863
-0.625895	-0.388728
0.406161	0.222803
-0.0501168	0.195555
0.384433	0.268916
-0.875761	-0.621151
-0.0718443	-0.0185498
2.45941	0.28189
1.8619	0.449791
-0.745396	-1.25159
-0.984399	-0.193503
0.590844	0.0839514
1.16662	0.408421
-0.104436	0.0241772
0.851574	-0.107963
-0.039253	0.276954
0.808119	-0.0584069
-0.691078	0.311066
-0.169618	0.635162
-0.908353	-0.635805
-0.549849	-0.0109345
1.81845	0.52056
0.960212	0.562792
0.232341	0.338933
-0.940944	-0.510494
-0.777988	-0.0820235
0.645163	-0.567508
-0.299983	0.263948
-0.75626	-0.505626
1.36217	0.40767
-0.777988	0.15835
1.1123	-0.0268729
-0.940944	-0.75272
2.35077	0.545127
-0.767124	-0.261768
-0.734533	-0.6491
-0.462939	-0.375708
-0.137027	0.416488
-0.962671	-0.5226
1.28612	0.235895
-0.767124	-0.96028
-0.473803	0.115389
-0.484667	-0.191429
0.199749	0.190106
-0.636759	-0.51737
0.308387	0.47405
2.02486	0.568728
0.417024	0.737324
-0.799715	-0.732
-0.528122	0.145989
-0.397757	0.315529
-0.875761	-0.316825
0.00420194	0.643985
-0.875761	-0.483165
-1.00613	0.0394876
-0.49553	0.331398
-0.180482	-0.677083
0.710345	-0.520982
2.79618	0.372326
-0.647623	-0.818064
-0.32171	0.0622141
-0.245664	-0.0682505
-0.397757	0.248531
0.232341	-0.0650511
-0.745396	-0.284199
-0.832306	-0.322941
2.18781	0.675716
3.73047	0.891731
-0.32171	0.342717
-0.549849	-0.587621
-0.886625	-0.411659
-0.75626	0.246453
1.32958	0.965461
-1.02785	-0.852061
-0.973535	-0.608408
2.75273	0.713828
0.362706	0.315845
0.775528	0.261943
-0.680214	-0.0915401
0.297523	-0.0204449
0.710345	0.60156
0.167158	0.385001
-0.995263	-0.311572
-0.202209	-0.712067
-0.538985	-0.633877
-0.126163	-0.102196
-0.0283893	0.217221
0.482207	0.378314
1.13403	0.661974
-0.897489	-1.16727
1.3839	0.244143
-0.767124	-0.668812
-0.962671	-0.0357062
0.286659	0.330096
-0.430348	0.273016
0.764664	0.647409
-0.734533	0.186231
-0.126163	0.265152
-0.213073	0.446494
-0.940944	-0.663058
-0.75626	0.499066
0.536525	-0.221671
-0.821443	-0.731405
-0.886625	-0.24393
-0.0609805	0.324722
-0.995263	-0.241788
-0.169618	0.400732
-0.897489	-0.788496
-0.680214	-0.117169
-0.32171	0.323477
2.27472	0.666714
-0.419484	-0.620103
1.07971	0.515025
0.297523	0.211507
-0.32171	0.0647313
0.895029	0.435202
-0.332574	-0.0429801
-0.278255	0.730481
-0.951808	-0.733117
-0.680214	0.263004
-0.0175256	-0.516932
0.482207	0.0309851
0.384433	0.58051
-0.875761	-0.39655
-0.919216	0.362432
-0.40862	0.518829
-0.00666181	-0.0319727
-0.973535	-0.272186
0.232341	0.477267
-0.908353	-0.495296
1.01453	0.398368
1.76413	0.378606
-0.625895	0.0971182
-0.788851	-0.663569
-0.115299	0.194491
-0.919216	-0.623868
-0.365165	0.0202271
-0.940944	-0.119994
-0.343438	0.183991
0.0802482	-0.355596
0.0802482	0.014266
-0.158754	0.541458
1.07971	0.667789
-0.538985	-0.750745
3.9912	0.353267
0.645163	0.379122
2.492	0.0594463
-0.886625	-0.18084
-0.115299	0.474232
-0.723669	-1.01274
-0.137027	0.276526
-0.940944	-0.0126873
-0.897489	-1.11434
1.31872	0.567227
-0.799715	-0.19078
-0.767124	-0.501388
-0.854034	-0.157744
0.49307	0.0777587
-0.919216	-0.819488
-0.75626	0.13538
0.536525	0.555738
-0.810579	-0.118393
-0.213073	0.230683
2.17695	0.639898
1.37303	0.325889
-0.821443	-0.260043
-0.680214	0.140116
-0.832306	-0.381125
-1.00613	-0.614755
1.31872	-0.0313097
1.31872	0.460466
-0.897489	-0.492283
-0.213073	0.413078
-0.712805	-0.516173
0.395297	0.203678
-0.082708	0.0729469
-0.14789	0.0710117
-0.310847	-0.483907
-0.213073	-0.344814
-0.560713	0.643945
0.156294	0.529776
-0.104436	-0.0517754
-0.354302	-0.547235
0.145431	0.268685
1.31872	0.632566
-0.886625	0.100427
-0.2348	-0.20307
-0.082708	0.245515
1.12317	0.199351
0.536525	0.107615
0.0802482	0.488077
-0.875761	-0.53286
-0.615032	0.360467
-0.473803	0.139921
-0.886625	0.259448
0.514798	0.24607
-0.549849	0.275454
-0.310847	-0.463176
-0.49553	0.350671
-0.821443	-0.0566979
-0.940944	-0.525434
1.47081	0.399964
-0.886625	-1.05475
-1.00613	-0.779596
-0.75626	0.366451
-0.484667	-0.655867
-0.169618	-0.665324
-0.767124	-0.364818
0.319251	0.115516
-0.66935	-0.0952647
0.286659	0.419335
-0.571577	0.354539
0.66689	0.398074
-0.886625	0.354542
-0.082708	0.407409
-0.919216	-0.533843
-0.430348	-0.00680421
-0.984399	-0.473909
-0.940944	-0.912904
0.981939	0.307363
-0.213073	0.236574
-0.995263	-0.663548
-1.00613	0.481405
0.0367932	0.270631
-0.886625	0.473843
-0.734533	0.530271
-0.299983	0.214249
-0.528122	0.245308
0.123703	0.52225
-0.549849	-0.212625
-0.832306	-1.01811
0.275796	-0.648528
1.3839	0.480275
-0.864898	-0.05073
-0.962671	-0.617164
-0.462939	0.14604
-0.49553	-0.266393
0.0911119	0.438413
0.0802482	0.0261173
0.0802482	-0.136414
0.558253	0.636563
-0.538985	-0.272361
-0.299983	-0.0295389
-0.430348	-0.079932
-0.995263	-0.291262
-0.810579	0.305613
0.0802482	0.49858
0.525662	0.48439
0.308387	0.500983
-1.00613	-1.12989
-0.625895	0.0154543
-0.256528	0.521858
2.76359	0.230988
-0.14789	0.584211
0.503934	0.0527288
-0.267392	0.292967
-0.93008	-0.0694947
-0.93008	0.589713
0.688618	0.571455
1.01453	0.419727
-0.897489	-0.813323
1.02539	0.325458
-0.788851	0.228039
-0.32171	-0.242834
-0.680214	-1.23528
-0.419484	0.371882
-0.767124	0.503316
-0.951808	-0.157151
1.04712	0.0621733
-0.615032	-0.205626
-0.191345	0.256634
-0.484667	-0.432114
-0.267392	-0.0361805
-0.039253	0.0107215
0.601708	0.461734
2.53545	0.302585
-0.897489	0.257785
1.3839	0.556289
-0.115299	0.466173
-0.332574	-0.577654
-0.940944	-0.843414
-0.832306	-0.550357
1.17749	0.386901
1.27526	0.175408
1.23181	0.456719
0.188886	0.253296
-0.951808	0.544816
-0.799715	-0.465762
0.710345	-0.189869
0.677754	0.661936
1.54685	-0.08842
0.254068	-0.242576
-0.984399	-0.0517482
-0.875761	-0.295048
2.11177	0.143411
-0.962671	0.197429
1.69895	0.487956
0.721209	0.217326
-0.864898	-0.0315957
0.134567	0.865775
0.7538	-0.0547551
-0.886625	-0.05233
-0.93008	-0.613161
-0.680214	0.24942
0.254068	0.318055
-0.625895	-0.587247
-1.01699	-0.0627347
0.569117	-0.0805153
-0.701942	0.31887
0.971075	-0.0972548
-0.940944	-0.456147
0.199749	0.280981
-0.973535	-0.589025
-0.66935	-0.0870137
-1.00613	-1.12199
1.35131	0.0116279
-0.908353	0.338579
-0.875761	-0.481196
-0.484667	0.403488
-0.299983	0.32943
-0.549849	-0.140304
-0.658487	-0.684801
-0.973535	-0.244977
1.69895	0.598011
-0.115299	-0.563719
-0.691078	-0.0283483
-0.158754	-0.233386
-1.00613	0.0475038
-1.00613	-0.535214
0.0150657	0.322287
-0.115299	-0.758147
-1.00613	-0.166904
-0.506394	0.0661322
-0.506394	0.35384
-0.365165	0.0272351
-0.777988	0.377456
-0.082708	0.244098
-0.245664	-0.0131396
2.70927	0.146154
-0.180482	0.281427
-0.886625	-0.551091
-0.701942	0.484478
1.06885	0.510632
-0.734533	0.476999
0.275796	0.0137512
-0.951808	0.215448
-0.441212	0.722712
-0.75626	-0.120835
0.49307	0.420386
-0.473803	0.268488
-0.734533	-0.229277
-0.777988	-0.590053
-0.810579	-0.745233
-0.821443	0.0267065
-0.701942	0.58956
-0.00666181	-0.39746
-0.549849	0.52568
-0.267392	0.423975
-0.2348	-0.458276
-0.419484	0.38931
-0.995263	-0.652966
-0.0609805	0.268508
-0.14789	-0.139035
1.48167	0.50631
1.82931	0.505111
-0.799715	-0.17156
0.460479	0.273568
0.232341	0.170189
2.50286	0.548956
-0.549849	-0.686018
-0.267392	0.328934
0.7538	0.389405
-0.875761	0.262374
0.49307	0.753831
-0.875761	-0.476114
-0.973535	-0.613981
-0.191345	0.235205
-0.00666181	0.42223
3.50233	0.217691
2.33991	0.399571
1.35131	0.257876
-0.864898	-0.500369
1.66635	0.477749
-0.32171	0.441271
-0.951808	-0.654335
0.960212	0.665083
-0.593304	-0.186996
-0.799715	0.369692
0.797255	0.308798
-1.01699	-0.693821
-0.289119	-0.269797
0.590844	0.216202
0.362706	0.511683
-0.332574	-0.248314
1.09058	0.00356434
-0.712805	-0.220011
-0.66935	0.289698
-0.213073	-0.0992961
-0.767124	-0.144955
-0.995263	-0.826364
0.319251	0.500103
-0.799715	-0.714722
0.0693844	-0.185607
-0.538985	-0.422393
-0.897489	-0.889755
0.645163	0.507682
-0.767124	-0.108329
1.27526	0.284456
0.112839	0.0578326
-0.310847	-0.000980073
-0.58244	-0.3613
-0.647623	0.501868
0.0367932	0.151565
-0.680214	-0.114616
-0.788851	-0.427678
-0.864898	-1.02784
-0.810579	0.395648
-0.462939	-0.459532
-0.897489	-1.1746
0.84071	-0.372662
-0.615032	-0.529561
1.57945	0.306226
-0.267392	0.197604
0.710345	0.390384
-0.32171	0.0724052
0.254068	-0.0167317
-0.191345	0.263114
-0.658487	-0.0941422
-0.680214	0.0699534
-0.647623	-0.236041
-0.908353	0.0773162
1.02539	0.544589
0.438752	0.486259
-0.919216	-0.119111
-0.0283893	0.342171
-0.484667	-1.10819
-0.734533	-0.162969
-0.354302	0.40489
-0.376029	0.227369
-0.419484	-0.325763
-0.202209	-0.157425
-0.419484	0.154581
-0.0501168	0.432105
-0.951808	-0.231138
-0.777988	-1.04946
-0.897489	-0.38319
-0.691078	0.324228
0.851574	-0.0262252
-0.973535	0.237873
-0.984399	-0.382159
0.417024	0.297463
-0.854034	-0.814597
-0.158754	0.4088
0.297523	-0.107176
-0.267392	0.236128
-0.680214	0.293346
-0.93008	-0.442696
0.134567	0.404298
-0.32171	0.353023
-1.00613	-0.766204
-0.995263	-0.439447
0.862438	-0.0721197
-0.419484	-0.00983198
-0.202209	-0.24221
0.971075	0.524271
-0.615032	-0.604012
0.101976	0.0540029
-0.84317	-0.585081
-0.832306	-0.284095
-0.625895	-0.277295
-0.875761	-0.844484
-0.32171	0.105668
-0.919216	0.158097
2.01399	0.420072
-0.788851	-0.167253
-0.66935	0.525577
-0.84317	-0.316304
-0.680214	0.280073
2.58977	0.611311
0.0150657	-0.125492
1.47081	0.0306301
-0.788851	-0.58947
0.243204	0.258993
-0.549849	0.300244
-0.919216	-0.669191
-0.658487	-0.66958
-0.832306	0.254998
2.19868	0.820762
1.39476	0.859912
-0.886625	-1.78056
0.808119	0.494349
-0.875761	-0.636113
-0.745396	-0.328286
-0.180482	0.417221
-0.984399	-0.617054
-0.082708	-0.158903
1.12317	0.212371
-0.213073	0.284837
0.438752	0.473255
-0.984399	-0.0214355
-0.00666181	0.0398149
1.9814	0.792535
-0.832306	-0.44329
-0.538985	0.420406
-0.158754	-0.0747485
-0.0501168	0.488082
-0.84317	-0.0568387
0.406161	-0.210777
0.0693844	0.666265
-0.32171	0.488688
-0.386893	0.0275084
-0.767124	-0.235362
0.178022	0.653522
0.373569	-0.306946
1.45994	0.148027
3.26333	0.465558
0.395297	0.385576
-0.75626	-0.270752
-0.40862	0.0716222
-0.919216	-0.256611
1.95968	0.423296
-0.213073	-0.0620703
0.178022	-0.259873
-0.169618	-0.396108
-0.962671	-1.22501
-0.995263	-1.01848
0.0476569	-0.0221335
1.97054	-0.199611
-0.538985	-0.271384
0.862438	-0.774706
-0.180482	0.4192
1.30785	0.499051
-0.115299	0.108003
-0.0935718	0.376188
-0.625895	0.594654
0.297523	-0.0906242
-0.506394	0.233896
-0.84317	0.65188
-0.962671	-0.791566
-0.788851	-0.847698
-0.452075	0.249191
-1.02785	-1.03862
0.00420194	-0.347766
0.960212	0.383176
-0.832306	-0.451385
-0.647623	-0.349475
-0.115299	0.402656
-0.864898	-0.318789
1.1123	0.167048
-0.452075	-0.181847
-0.517258	-0.0905905
0.199749	-0.246783
-0.169618	0.488203
-0.940944	0.122029
-0.462939	-0.404412
1.06885	0.534725
-0.571577	-0.303703
-0.712805	0.462192
-0.75626	0.52439
0.319251	0.899992
-0.343438	-0.599513
-0.571577	0.235005
1.88363	0.126167
-0.343438	-0.0463642
-0.506394	-0.557034
-0.115299	0.0869214
0.786392	-0.308665
-0.506394	-0.586907
-0.897489	0.214466
-0.93008	-0.736309
-0.93008	0.0343463
0.156294	-0.139637
-0.615032	-0.816868
-0.973535	0.145907
1.28612	0.557987
-0.560713	0.357915
-0.40862	-0.412167
-0.137027	0.409726
-0.680214	-0.315692
0.0259294	0.298666
-0.995263	0.320686
-0.376029	-0.543382
1.32958	0.380677
0.101976	-0.610489
-0.169618	0.470159
-0.462939	-0.503684
-0.886625	-0.610198
1.69895	0.461407
-0.680214	0.205566
-0.886625	0.169759
1.52513	0.327432
-0.528122	0.401404
0.536525	0.172547
-0.517258	-0.11612
-0.278255	-0.358109
-0.951808	-0.453372
-0.267392	-0.241365
1.5034	0.0960289
-0.452075	-0.178758
0.319251	0.323268
0.243204	-0.227352
-0.864898	-0.868411
-0.32171	0.431988
-0.832306	-0.805002
-0.00666181	0.423677
-0.604168	0.444577
-0.223937	0.410302
-0.897489	-1.59297
0.460479	-0.015443
-0.832306	0.0554334
1.57945	0.306756
-1.03872	-0.323662
-0.299983	-0.535485
-0.864898	-0.533638
0.145431	-0.138543
0.656027	0.32645
0.221477	0.455596
2.45941	0.337096
0.254068	0.29995
-0.528122	-0.364886
0.188886	0.520389
-0.14789	-0.343845
-0.658487	0.28874
-0.886625	-0.014257
-0.777988	-0.775492
-0.810579	0.0364662
-0.680214	-0.739131
-0.343438	0.304391
-0.039253	0.566779
1.82931	0.411006
-0.647623	0.288688
-0.376029	-0.562414
-0.191345	0.318788
-0.571577	-0.515901
0.7538	-0.303078
0.178022	0.282458
-0.549849	-1.19563
0.0585207	0.195169
-0.636759	-0.732074
0.406161	0.761948
-0.126163	-0.108472
-0.202209	0.381322
0.373569	0.21143
1.39476	0.10687
-0.723669	0.124457
0.710345	0.36179
0.938484	-0.23032
0.449616	0.38744
-0.115299	-0.0705836
0.742937	0.463991
0.264932	0.450757
0.916757	0.0544979
1.36217	-0.170935
-0.560713	0.457031
-0.158754	-0.279583
-0.973535	-0.405148
-0.691078	-0.726161
-0.908353	-0.458261
-0.854034	-0.766353
-0.0935718	0.390429
4.05638	0.498425
0.0693844	-0.171458
0.449616	0.509835
0.0585207	-0.0860411
-0.082708	0.498406
-0.636759	0.112894
0.601708	0.670684
-0.908353	-0.302822
-0.191345	0.0799905
-0.462939	-0.409806
-0.0609805	0.085899
-0.506394	-0.186037
-0.484667	-0.0846661
0.134567	-0.196729
0.916757	0.419138
-0.2348	-0.385132
0.0802482	0.623943
-0.462939	0.302359
-1.02785	-1.06184
1.7424	0.490169
-0.0501168	0.756848
-0.995263	0.290012
1.06885	0.379304
-0.452075	0.35621
-0.995263	-0.398029
0.0367932	-0.168411
0.210613	0.327871
0.00420194	0.198751
-0.84317	0.342778
-0.995263	-0.398259
0.0585207	0.14449
-0.647623	0.547632
-0.832306	0.19507
1.47081	0.736996
-0.897489	-0.268053
-0.365165	-1.20809
-0.712805	0.090702
1.30785	0.589261
0.547389	0.120627
0.449616	0.414548
-0.365165	0.350606
-0.40862	-0.146482
-0.647623	0.269876
1.21008	0.280002
-0.549849	0.0342593
-0.625895	-0.572283
-0.180482	0.0419958
-0.213073	0.102508
0.0259294	0.504052
0.818983	0.332726
-0.0718443	-0.249781
-0.93008	-0.614232
-0.32171	-0.175866
-0.940944	-0.319568
-0.886625	-1.0966
0.330114	-0.13696
-0.810579	-0.118557
-0.58244	-0.609681
-0.039253	0.510868
0.656027	0.21916
-0.951808	0.0679098
0.308387	0.563727
0.112839	0.246714
-0.788851	-0.628072
-0.777988	0.188213
-0.734533	-0.354709
-0.0175256	0.383203
-0.615032	0.0891628
-0.995263	-0.768462
-0.93008	0.267608
-0.647623	-0.71741
0.417024	0.21559
-0.864898	-0.0860599
-0.213073	0.1692
0.417024	0.466388
-0.66935	-0.0207516
0.0476569	0.322219
-0.354302	-0.0774586
-0.169618	0.483745
-0.202209	0.000533433
-0.788851	-0.173132
1.07971	-0.123872
-0.886625	-0.69517
-0.452075	-0.46935
-0.854034	0.0891296
-0.84317	-0.243892
0.0585207	0.363016
-0.310847	-0.247864
2.67668	0.356689
0.460479	-0.833378
-0.875761	-0.362451
-0.365165	0.613259
-0.84317	-0.58758
0.243204	0.617592
0.427888	0.710383
-0.169618	-0.826115
-0.75626	-0.322306
3.95861	0.720755
-0.951808	-1.58339
3.35024	0.328433
-0.278255	-0.613883
-0.180482	-0.0761822
-0.484667	0.153677
-0.310847	-0.27216
1.7424	0.482662
0.0585207	-0.928448
0.330114	0.422034
-0.810579	0.494596
-0.365165	0.056182
-0.886625	-0.622649
-0.00666181	0.546898
-0.973535	-0.93614
-0.810579	0.26024
-0.93008	-0.602987
-0.039253	0.334702
-0.49553	-0.45938
0.0802482	-0.199019
-0.84317	-0.0247218
0.264932	0.7867
-0.213073	0.253703
0.232341	0.638508
-0.799715	-1.12868
-0.940944	-0.267767
1.97054	0.385319
-0.908353	-0.70322
-0.538985	-0.00662437
0.514798	0.419836
0.797255	0.24575
-0.571577	-0.191777
-0.864898	-0.166922
-0.473803	0.411672
-0.66935	-0.104418
-0.430348	-0.134116
-0.517258	0.283828
-0.419484	-0.233321
0.308387	0.612592
-0.191345	0.345701
-0.897489	-0.591443
-0.897489	-0.788826
1.73154	0.250695
0.612572	0.356569
-0.0935718	0.534566
0.308387	0.450053
-0.93008	-1.05652
-0.832306	0.451671
-0.32171	-0.00562864
-0.908353	-1.37492
-1.01699	-0.806128
0.427888	0.478836
-0.180482	0.238074
1.88363	-0.0445407
0.319251	0.0274214
1.29699	0.340862
-0.397757	0.302219
-0.00666181	0.161333
-0.517258	-0.503441
-0.039253	0.157721
-0.310847	0.388486
-0.995263	-0.675524
1.34044	0.569975
1.49254	0.652195
-0.571577	0.329197
-1.03872	0.39801
-0.951808	-0.702933
0.601708	0.25244
-0.799715	-1.19176
-0.625895	0.250903
0.960212	-0.169115
-0.940944	-0.294775
-0.940944	0.0356159
0.656027	0.391996
-0.66935	0.0585221
-0.2348	-0.00774246
-0.940944	-0.0734911
-0.701942	0.632842
-0.32171	0.392425
2.56805	0.205466
-0.84317	-0.951237
-1.00613	-0.552397
0.895029	0.208931
0.742937	0.194343
-0.32171	0.213062
-0.658487	0.10833
0.818983	0.544562
0.503934	0.0596695
-0.180482	0.305594
-0.289119	-0.0558869
-0.897489	-0.207711
1.51426	0.530196
0.764664	0.55489
0.525662	-0.317001
1.03626	0.657455
-0.712805	0.037261
0.558253	0.385343
-0.919216	0.324027
0.145431	-0.316814
-0.908353	0.0890291
2.31818	0.153459
-0.0283893	0.208685
0.156294	0.341214
-0.973535	-0.326741
-0.854034	-0.0742457
1.39476	0.371383
0.601708	0.60944
0.92762	0.227516
0.373569	0.118954
-0.919216	-0.87635
-0.854034	-1.61218
-0.832306	-0.983583
-0.636759	-0.0681184
-0.40862	-0.211698
-0.658487	0.14834
0.254068	0.396565
-0.158754	-0.154007
1.67722	0.718237
-0.40862	0.120934
0.427888	-0.320539
-0.875761	-0.300133
0.0259294	0.407834
0.938484	0.38906
-0.419484	0.329014
-0.919216	-0.439841
-0.691078	0.73705
-0.854034	0.339075
0.84071	0.44413
-0.256528	0.362593
-0.506394	-0.609499
-0.832306	-0.893389
-0.278255	0.208157
-0.810579	-0.694751
3.40455	0.691121
0.319251	0.20873
-0.625895	0.00423102
0.688618	0.826595
2.11177	0.727683
-0.517258	0.0819996
0.92762	0.276208
-0.995263	-1.06613
1.3839	0.27187
-0.625895	-0.216529
0.547389	0.221947
-0.256528	0.134716
-0.658487	0.229896
-0.115299	-0.199068
-0.14789	0.47931
-0.940944	-0.438593
-0.799715	0.420484
-0.788851	-0.140083
0.0476569	0.312932
-0.810579	-1.17092
-0.332574	0.128445
0.514798	0.223696
-0.712805	-0.110656
-0.908353	-0.873461
-0.951808	-0.870755
0.786392	0.566961
-0.528122	0.297368
-0.940944	-0.495126
-0.897489	0.184541
-1.00613	-0.896905
-0.462939	0.570024
0.286659	-0.026546
0.656027	0.512193
0.449616	0.337421
-0.854034	-0.309188
-0.821443	-0.464426
0.590844	-0.137174
-0.0283893	-0.126832
0.92762	-0.192788
0.449616	0.378107
-0.115299	-0.320066
0.254068	-0.00770279
0.916757	0.847103
0.0476569	0.290882
0.688618	0.107416
-0.832306	0.41301
-0.538985	-0.619695
-0.908353	-0.582353
0.0259294	-0.0437993
1.01453	0.220225
-0.604168	-0.063258
0.134567	0.695189
-0.810579	0.0361901
-0.191345	0.650962
1.99227	0.350029
0.851574	0.496941
-0.940944	0.48516
0.243204	0.365531
-0.14789	0.387371
0.123703	0.379946
1.22094	0.654201
2.00313	0.366616
0.0802482	0.225011
-0.278255	0.669599
-0.886625	-0.722341
0.558253	0.676785
0.221477	-0.49282
-0.734533	0.257652
-0.419484	-0.176542
-0.886625	-0.623164
-0.169618	0.457106
0.482207	0.542425
0.243204	0.155668
0.0476569	0.065263
0.460479	0.583695
1.52513	0.698245
-0.897489	-0.561339
-0.14789	0.338347
0.0585207	0.39628
0.612572	0.21284
-0.788851	-0.384222
-0.256528	-0.221281
1.1123	0.432668
0.308387	0.481554
-0.886625	-0.377182
-0.940944	-1.045
-0.397757	0.398323
0.123703	0.318442
-0.691078	-0.20612
1.39476	0.481304
-0.984399	-1.06114
-0.0283893	-0.598041
-0.75626	-0.0667182
0.384433	0.370536
0.547389	0.256746
3.04605	0.380437
0.373569	0.116112
-1.02785	-0.905488
2.42682	0.410602
0.84071	0.0411526
3.86083	0.541395
-0.376029	0.0475782
-0.517258	-0.897837
-0.376029	-0.286238
-0.875761	-1.38384
-0.00666181	-0.147429
-0.473803	0.330955
-0.897489	0.124018
0.0367932	0.418153
-0.658487	-0.0050354
-0.256528	-0.104643
0.0585207	0.555587
2.16609	0.255783
0.960212	0.438972
-0.256528	-0.421707
-0.712805	-0.48038
0.992803	0.440889
-0.75626	-0.274588
-1.00613	0.263827
0.84071	-0.43767
-0.788851	-0.245018
0.264932	0.337785
0.460479	0.480811
-0.0935718	0.444984
-0.75626	-0.140345
-0.897489	-0.8141
-0.354302	0.443701
0.569117	0.451382
-0.886625	-0.20922
-0.0609805	0.36003
-0.202209	-0.106376
-0.75626	0.0537122
-0.386893	-0.328178
2.90482	0.161684
-0.767124	0.0469824
-0.897489	-0.161414
-0.984399	0.0225515
-0.473803	0.19951
-0.039253	-0.165296
-0.940944	-0.562682
-0.973535	0.0410745
2.56805	0.47237
-0.777988	-0.804713
-0.864898	-1.37187
0.786392	0.672872
-0.832306	0.268332
-0.115299	0.394138
-0.897489	-0.314462
-0.560713	0.293577
0.156294	0.128035
1.39476	-0.36482
-0.14789	0.316574
-0.680214	-0.0635401
0.330114	0.42645
3.61097	0.635979
0.775528	0.589734
0.0150657	0.116186
-0.691078	-0.0100681
-0.886625	0.102445
0.178022	-0.236308
1.1449	0.730525
1.56858	0.0603816
1.24267	0.0151733
-0.788851	-0.305949
-0.897489	-0.476888
1.03626	-0.0465772
-0.875761	-0.637309
-0.962671	-0.199407
-0.137027	-0.484296
-0.951808	0.229501
0.351842	0.145994
-0.571577	-0.92126
0.449616	-0.256271
-0.473803	-0.420499
-0.528122	-0.178444
-0.115299	-0.0667624
-0.821443	-0.281081
-0.973535	-0.729635
-0.245664	0.601111
-0.571577	-0.129319
-0.799715	-0.186323
1.47081	0.0910347
-0.897489	-0.320843
-0.560713	0.182049
-0.995263	-1.03978
-1.00613	-0.640649
0.49307	0.410194
-0.462939	0.110966
-0.951808	-0.391612
3.70874	0.529097
-0.734533	-0.247443
0.905893	0.370505
-0.560713	-0.210912
-0.32171	0.341713
-0.082708	0.416752
-0.625895	0.448719
-0.93008	-1.61342
-0.517258	-0.360298
-0.777988	-1.04947
1.19921	0.274049
0.699482	0.370723
-0.386893	-0.875178
-0.908353	-0.757895
1.41649	0.0656871
0.971075	-0.429559
-0.137027	-0.113666
-0.0609805	0.100238
-0.484667	-0.256211
-0.886625	0.446972
-0.636759	-0.899627
0.167158	0.075184
-0.84317	-0.177436
2.47027	0.418774
-0.397757	0.589665
0.569117	0.407488
0.742937	0.324087
-0.962671	-0.911392
-0.082708	0.403809
-0.137027	-0.515941
-0.180482	0.0651993
0.66689	0.160881
0.851574	-0.420339
-0.691078	0.254098
1.55772	-0.100278
1.09058	0.425656
-0.039253	0.29198
-0.32171	0.0469429
-0.93008	-0.0941695
1.30785	0.00748279
0.818983	0.120472
-0.777988	-0.370656
0.0802482	-0.243863
0.373569	0.486506
0.330114	0.477088
1.51426	0.439093
0.275796	0.679375
-0.636759	-0.989941
-0.473803	0.386897
-0.386893	-0.98355
-0.256528	0.587559
-0.745396	0.236942
-0.897489	-0.973113
0.623435	0.519894
0.981939	0.49029
-0.864898	0.00675766
0.362706	-0.357131
-0.647623	-0.95968
-0.864898	-0.533871
-0.680214	-0.178005
-0.984399	-1.2132
-0.701942	-0.304315
-0.137027	-0.041982
0.178022	0.392593
4.14329	0.511006
-0.256528	-0.0663083
1.37303	0.418404
-0.0609805	0.203866
-0.821443	-0.000247247
-0.799715	0.298712
0.460479	-0.000522365
1.12317	-0.161613
-0.549849	0.532019
0.536525	0.333249
1.36217	0.543931
-0.245664	0.327118
-0.549849	-0.431332
0.590844	0.0404876
-0.223937	0.3
1.05799	0.243375
-0.615032	0.17838
2.07918	0.423371
-0.0175256	-0.425299
-0.723669	-0.0993704
-0.995263	-0.481487
0.612572	0.267946
2.81791	0.242028
-0.767124	-0.443942
-0.995263	0.169618
-0.723669	-0.0784577
-0.886625	-0.483355
-0.397757	0.283023
-0.00666181	0.537498
-0.984399	-0.741503
-0.419484	-0.31658
-0.854034	-0.735584
-0.93008	-0.0963353
0.0259294	-0.0282363
0.829847	0.409881
-0.343438	0.467202
-0.919216	-0.468042
0.656027	-0.338255
-0.788851	-0.601869
-0.832306	-0.717994
-0.604168	-0.334433
2.16609	0.494577
-0.625895	0.121679
0.0150657	0.0822559
-0.32171	-0.189196
-0.886625	0.169205
-0.126163	-0.736832
0.503934	0.182991
-0.137027	0.280819
-0.75626	0.571614
-0.256528	-0.198876
0.264932	0.323248
0.645163	0.593725
-0.734533	-0.334702
0.775528	-0.136219
2.53545	0.488198
-0.213073	-0.214646
1.1449	0.164594
-0.875761	0.109259
-0.767124	0.533418
-0.2348	0.192537
-0.560713	-0.830561
-0.169618	0.265413
-0.658487	-0.259518
-0.940944	-0.741449
-0.14789	0.11228
-0.864898	-0.833224
1.56858	0.266791
-0.245664	-0.212929
-0.647623	-0.127164
-0.082708	0.315128
-0.84317	-1.16525
1.24267	0.466527
0.243204	0.327093
-0.267392	0.276709
0.971075	0.139957
0.645163	0.214077
1.41649	-0.0514544
-0.115299	0.338337
0.112839	0.417729
1.55772	0.025782
-0.289119	0.358535
-0.202209	0.157675
-0.886625	0.0894964
-0.528122	0.55447
-0.962671	-0.381537
-0.115299	0.0328967
-0.658487	0.529716
-0.560713	0.212992
-0.875761	-0.464971
0.156294	-0.626416
2.55718	0.675945
1.37303	0.706442
-0.289119	0.101228
0.0259294	0.0905188
1.09058	-0.242004
0.797255	0.202448
0.916757	0.581531
-1.00613	-0.245258
1.30785	0.489908
-0.767124	0.0769891
-0.0718443	0.408444
-0.441212	0.425381
-0.995263	-0.187587
-0.788851	0.116268
1.69895	0.547612
-0.343438	0.608378
-0.788851	0.391228
-0.701942	-1.3085
1.85104	0.413528
0.938484	-0.0282185
1.57945	0.309885
-0.0283893	0.360636
-0.821443	-1.03253
-0.636759	-0.196142
-0.473803	0.601901
-0.940944	-0.099455
0.590844	0.0981273
-0.962671	-0.855546
-0.223937	0.376288
4.02379	0.399439
-0.40862	0.336299
0.797255	0.648932
-0.723669	-1.00263
2.82878	0.429281
-0.213073	-0.203852
0.634299	0.285223
-0.995263	0.214805
-0.267392	0.476832
-0.604168	-0.00156949
-0.126163	-0.479129
1.88363	0.180326
-0.32171	0.335981
-0.995263	-0.68138
-0.473803	0.172363
1.07971	0.527
0.503934	0.100276
0.7538	-0.201734
2.83964	0.226409
0.862438	0.0522166
-0.278255	0.515122
0.286659	0.281015
0.797255	0.38985
-0.701942	-0.655543
0.0150657	0.235735
-0.267392	0.463253
2.83964	0.346473
-0.528122	0.013348
2.48114	0.261771
-0.995263	-0.302474
-0.289119	-0.45083
-0.701942	-0.16514
0.340978	0.381123
-0.00666181	0.360955
-0.897489	-0.0189282
-0.538985	0.102248
-0.745396	-0.915971
-0.940944	0.00146254
-0.2348	0.296104
0.134567	0.380595
-0.528122	0.245126
0.981939	0.583558
0.427888	0.467691
-0.0283893	0.211684
-0.452075	-0.812286
2.97	0.487076
-0.473803	-0.515681
0.417024	0.042294
0.101976	-0.875957
-0.473803	-0.132378
-0.571577	0.381456
-0.864898	0.0816115
1.09058	0.355686
-0.571577	-0.683425
0.536525	0.321982
-0.864898	-0.137144
-0.0283893	0.247014
-0.289119	-0.0295235
-0.919216	-0.338122
-0.93008	-0.514784
-0.701942	-0.172402
0.0476569	-0.122055
0.623435	-0.262834
1.12317	-0.134025
0.199749	0.165795
-0.549849	0.263551
0.0802482	-0.175943
0.438752	0.711288
-0.940944	0.0106912
-0.875761	-0.185068
-0.745396	-1.08778
1.42735	0.297383
-0.691078	-0.445452
-0.832306	-0.114031
1.19921	0.351535
-0.0283893	-0.0817649
-0.560713	-0.331258
1.16662	0.0578204
-0.104436	-0.558835
-0.376029	0.372505
1.07971	0.214081
-0.962671	-0.303903
-0.332574	0.0478619
-0.0283893	-0.356919
-0.66935	0.18223
0.0911119	0.426467
-0.919216	-0.634549
1.66635	0.34307
-0.0283893	0.338863
-0.376029	-0.439731
-0.636759	0.249325
-0.647623	-0.468981
-0.84317	-0.205586
-0.897489	-0.152465
0.601708	0.548999
0.57998	-0.24537
-0.517258	-0.484883
0.590844	-0.0858127
-0.897489	-0.308606
-0.951808	-0.259313
-0.810579	-0.56114
-0.32171	0.317315
3.15469	0.344255
2.03572	0.382221
-0.832306	-0.908418
-0.940944	0.302608
-0.104436	0.507766
0.471343	0.366457
-0.571577	-0.431428
1.93795	-0.35873
-0.712805	-0.474055
2.17695	0.391636
1.43822	0.256731
-0.908353	-1.02723
-0.864898	-0.794072
3.79565	0.54875
-0.962671	-0.912644
-0.734533	0.549741
0.188886	-0.344254
0.384433	0.380543
-0.788851	-0.0172572
-0.701942	0.381297
-0.84317	-0.37416
-0.462939	0.210496
-0.777988	-0.801548
-0.875761	-0.375087
-0.137027	-0.0183974
0.884165	0.111053
-0.223937	-0.449811
-0.452075	0.181716
0.656027	0.172714
-0.441212	-0.308067
-0.799715	0.526985
-0.767124	0.606655
-0.419484	-0.0547682
-0.734533	-0.316249
-0.995263	-0.755933
-0.875761	0.224421
-0.115299	0.0949962
-0.93008	-0.619713
0.0476569	0.397324
-0.452075	0.124259
0.340978	0.303095
-0.0935718	-0.101156
0.960212	0.256991
0.699482	0.63793
-0.430348	-0.0901032
0.797255	0.0334599
-0.126163	0.259114
-0.886625	-1.3175
-0.810579	-0.094558
-0.658487	0.552503
-0.289119	0.416556
0.721209	0.376259
-0.419484	0.251429
-0.875761	-0.800075
-0.397757	-0.464153
0.981939	0.265591
2.28559	0.426149
-0.332574	0.623655
2.43768	0.464807
3.4806	0.586259
1.80758	0.674709
2.16609	0.253757
-0.875761	-0.548985
-0.886625	-0.183024
-0.104436	0.360948
-0.2348	-0.0289121
-0.821443	-0.554156
-0.66935	0.121525
0.254068	-0.0811624
-0.538985	-0.339312
1.56858	0.352033
-0.506394	0.378812
-0.701942	-0.144
-0.832306	-1.6971
-0.354302	-0.129527
-0.723669	0.0786688
-0.723669	-0.954379
-0.397757	-0.623807
-0.864898	0.228604
-0.49553	-0.246772
0.634299	0.219298
-0.767124	0.210198
-0.680214	0.569336
-0.386893	0.286886
-0.951808	-0.254899
0.00420194	0.428329
-0.039253	0.308329
-0.940944	-0.137707
1.03626	0.370612
1.02539	0.350778
0.351842	0.495752
-0.854034	-0.58207
-0.940944	-0.62013
-0.767124	-0.0385994
0.699482	-0.107897
-0.93008	-0.927667
0.340978	0.518411
-0.484667	-0.572919
-0.58244	0.235559
-0.84317	-0.0728162
1.94881	0.411563
0.101976	0.0885333
-0.788851	0.467629
0.167158	0.213395
0.612572	-0.358108
0.851574	0.473182
0.677754	0.319147
-0.636759	-0.113595
0.514798	0.15608
-0.49553	0.482192
-0.712805	-0.436764
-0.940944	-0.424787
-0.767124	-0.335637
-0.267392	-0.249636
2.68755	0.473226
-0.897489	-0.681122
-0.745396	-0.135899
1.76413	0.429268
2.1009	-0.0773947
0.112839	0.218475
-0.777988	-0.43731
-0.821443	-0.765471
0.406161	-0.354877
-0.701942	0.0270774
-0.213073	-0.795711
0.0476569	-0.356441
1.87277	0.149919
-0.995263	-0.311129
-0.365165	0.273166
-0.441212	-0.317602
0.243204	0.142411
-0.723669	-0.517224
-0.897489	-0.705641
1.10144	0.0130236
0.569117	-0.018169
-0.473803	-0.0597737
0.373569	0.29251
1.37303	0.204032
-0.712805	-0.564414
0.0585207	0.435819
0.57998	-0.121397
3.23073	0.360467
1.45994	0.44496
-0.0718443	0.0221827
1.04712	0.235169
-0.0501168	0.401038
-1.04958	0.266896
0.710345	0.275573
-0.506394	0.191922
0.829847	0.453757
0.156294	0.1835
-0.875761	-0.895126
-0.452075	0.07992
-0.84317	-1.01979
0.351842	-0.241795
-0.66935	0.0912822
0.308387	0.507944
0.167158	-0.111547
1.84017	0.81765
-0.245664	0.274437
-0.767124	0.331037
0.460479	0.0244279
-0.810579	0.412346
-0.93008	-0.776605
1.65549	0.368132
-0.00666181	0.0310726
-0.951808	-0.276865
-0.560713	-0.674528
1.32958	-0.0328617
-0.082708	0.358893
-0.897489	-0.343652
-0.93008	0.103926
-0.2348	0.0662423
-0.680214	0.125834
-0.984399	-0.365345
-0.419484	-0.445205
0.123703	0.369471
-0.647623	0.278341
1.34044	-0.00469491
-0.506394	0.319493
-0.58244	-0.585017
-0.560713	0.0255051
-0.14789	0.203912
-0.886625	-0.513507
6.00099	0.758733
-0.636759	0.0524019
-0.354302	0.433213
-0.104436	0.31625
-0.777988	0.228763
-0.951808	-1.04846
0.362706	0.166905
0.286659	-0.332664
-0.517258	-0.53438
-0.84317	-0.387791
-0.32171	0.430368
1.41649	0.48762
0.471343	0.19737
-0.75626	0.610803
-0.376029	0.205195
-0.615032	0.299755
3.31764	0.541456
-0.832306	-0.149488
-0.973535	-0.824985
1.05799	0.502468
-0.75626	0.151618
-0.886625	-0.524734
-0.267392	-0.237191
-0.897489	-0.199483
-0.799715	-0.950958
-0.940944	-0.309204
-0.875761	-0.72169
0.167158	0.379626
0.362706	0.206986
-0.723669	-0.75846
-0.343438	0.0814074
0.721209	-0.618456
0.525662	0.211205
-0.0935718	0.224989
0.156294	-0.18688
0.688618	0.432216
-0.680214	-1.40138
-0.0283893	0.148163
-0.58244	-0.254422
-0.528122	0.3858
0.471343	0.262442
0.264932	0.357549
-0.973535	-0.381142
3.67615	0.585971
-0.289119	0.265038
0.210613	-1.06667
0.0476569	-0.157896
0.7538	0.55727
-0.386893	0.174701
-0.289119	0.198744
-0.104436	0.144303
-0.169618	0.170474
-0.593304	0.366461
-0.299983	0.496477
-0.593304	-0.0578602
2.83964	0.474598
-0.777988	0.485721
-0.441212	0.220372
-0.810579	0.0575762
-0.712805	-0.667861
-0.658487	0.445938
-0.00666181	-0.163699
-0.310847	0.431487
-0.32171	0.298047
-0.0283893	0.350327
0.417024	0.207614
-0.430348	0.236436
0.406161	0.497682
2.66582	0.372223
-0.180482	0.422749
-0.484667	-0.258734
0.243204	0.409412
-0.365165	0.0434359
0.797255	0.776951
-0.430348	0.291872
3.31764	0.665494
0.710345	-0.1899
-0.854034	-0.575381
0.308387	0.401381
-0.419484	0.37713
-0.984399	-0.305881
0.297523	0.609219
1.28612	0.787739
0.167158	0.270853
-0.310847	0.23062
2.28559	0.660802
-0.854034	0.281416
-0.517258	0.482569
-0.832306	-0.47921
0.818983	0.54604
-0.397757	0.0900573
0.829847	0.438711
-0.886625	-0.318533
-0.310847	0.440598
-0.310847	-0.482352
0.384433	0.614987
0.417024	0.25388
0.721209	-0.526605
0.221477	0.489313
0.0150657	0.0183277
-0.799715	0.633491
-0.875761	-0.119681
-0.397757	-0.081265
-0.386893	0.619402
0.406161	0.150137
0.254068	0.179375
1.04712	0.48644
0.732073	0.755107
-0.962671	0.40176
0.981939	0.595037
-1.00613	-1.01057
1.09058	0.0385705
-0.984399	-1.41566
-0.875761	0.387456
0.0911119	-0.849179
4.63216	0.199592
-0.93008	-0.87419
-0.658487	0.254447
-0.93008	-0.866204
-0.0283893	0.0866341
0.101976	0.403549
0.57998	0.267079
-0.32171	-0.474302
-0.919216	-0.876534
0.49307	0.529297
0.319251	0.737208
-0.745396	0.142721
0.721209	0.342518
1.3839	0.172338
0.634299	-0.659102
2.24213	0.743595
-0.734533	-0.743815
3.6001	0.365223
-0.75626	-0.476977
0.308387	-0.671558
-0.962671	-1.5571
2.6115	0.566772
-0.93008	-0.732971
1.00367	0.618522
-0.397757	0.323048
2.06831	0.658244
1.15576	0.0599434
-0.66935	-0.407228
-0.919216	-0.326005
0.471343	0.298892
-0.940944	-0.0117639
1.5034	-0.0319551
-0.734533	0.638053
-0.84317	-0.43844
0.66689	0.139124
0.482207	0.474008
0.221477	0.183278
-0.0718443	0.24251
0.395297	0.430307
-1.01699	-0.789712
-0.245664	0.441369
0.645163	0.502771
-0.484667	-0.172258
-0.691078	-0.023971
0.134567	0.404398
-0.137027	-0.21584
-1.02785	-0.179002
-0.821443	-0.659506
0.960212	0.352411
-0.343438	-0.624951
-0.158754	0.330327
-0.0283893	-0.945805
-0.951808	-0.981667
-0.810579	-0.532129
0.362706	0.337265
-0.886625	-0.582936
-0.571577	-0.998245
-0.777988	0.502086
-0.712805	0.157716
-0.712805	-0.683242
-0.940944	-1.02575
-0.310847	0.230574
-0.169618	0.148497
-0.267392	0.334777
-0.636759	0.432654
0.808119	-0.0835877
0.221477	-0.132402
0.264932	-0.0580801
0.145431	0.353036
-0.32171	-0.231118
-0.951808	-0.738733
-0.984399	0.0156166
-0.202209	-0.302237
1.37303	-0.292629
-0.245664	0.307208
0.558253	-0.00781527
1.51426	0.624855
-0.875761	-0.210133
-0.593304	-0.335505
-0.169618	0.504414
-0.343438	-0.240201
0.797255	0.290987
-0.908353	-0.53011
-0.940944	-0.343144
1.84017	0.219502
-0.84317	-0.606507
-0.919216	-0.34648
2.03572	0.563323
0.438752	0.621581
-0.864898	-0.104877
-0.680214	-0.596454
-0.0501168	0.0915527
-0.647623	-0.154867
-0.93008	-0.93291
-0.962671	-0.531065
1.23181	-0.065806
-0.14789	0.326277
-0.560713	-0.178459
-0.0935718	0.244303
0.57998	0.0564202
-0.506394	-0.0317817
1.00367	0.46247
1.84017	0.555407
2.66582	0.457915
0.275796	0.0478858
1.75326	0.350443
0.0259294	0.131416
-0.864898	-0.41996
-0.951808	-0.578449
3.52406	0.475786
1.52513	0.411065
1.66635	0.554292
-0.636759	0.361816
0.319251	-0.133494
-0.615032	-0.700311
-0.897489	-0.430981
-0.864898	0.413741
0.808119	-0.01242
0.0476569	0.0158471
-0.213073	0.59219
0.57998	-0.0110936
-0.788851	0.597764
-0.973535	0.405571
-0.951808	0.0618085
0.0150657	0.284371
-0.506394	-0.349169
1.9814	0.599755
-0.777988	-0.856565
-0.984399	-0.425757
0.232341	-0.314731
0.0802482	0.429165
4.44747	0.406574
0.525662	0.0159279
-0.289119	0.203722
0.710345	-0.173707
0.156294	0.142395
-0.875761	0.462515
-0.213073	-0.263159
-0.93008	-0.926269
-0.0501168	-0.132611
-0.560713	-0.310482
-0.940944	-0.80969
1.70981	0.378668
1.66635	0.441102
-0.213073	0.162015
-0.973535	-0.374851
-0.538985	-0.30779
-0.919216	0.307989
-0.897489	-0.721667
1.49254	-0.210456
0.286659	0.718428
-0.14789	-0.16335
-0.560713	-0.026059
0.0367932	0.248791
0.199749	0.268253
-0.452075	0.028614
0.971075	0.231693
0.395297	0.567004
0.862438	0.0504878
0.275796	0.436406
-0.0718443	-0.520853
0.351842	0.192814
-0.267392	-0.163896
-0.777988	-1.02491
-0.278255	0.538955
-0.886625	-0.224538
-0.93008	-0.817826
-0.397757	-0.0131272
-0.908353	-0.817389
-0.886625	-0.358387
-0.32171	0.239392
-0.310847	0.0745037
-0.202209	0.0899371
-0.549849	-0.422721
-0.278255	0.423381
-0.441212	0.314743
-0.376029	0.397401
-0.854034	-0.215015
1.21008	0.517673
-0.549849	0.242961
-0.908353	0.347788
-0.962671	-0.975064
0.895029	0.544036
-0.560713	0.420096
-0.441212	0.125584
1.60117	0.597054
-0.701942	-0.432507
-0.875761	-0.615842
-0.93008	-1.29563
-0.680214	0.240335
-0.625895	-1.49383
-0.810579	-0.146643
0.297523	0.809587
0.503934	0.513106
1.82931	0.449647
-0.213073	-0.0218308
0.677754	0.356591
0.0476569	0.265126
-0.886625	-0.179413
-0.897489	-0.621942
1.82931	-0.117267
-0.908353	-0.389555
1.18835	0.329412
-0.875761	-1.86208
-0.951808	-0.517453
-0.767124	0.351952
0.569117	-0.242204
-0.278255	-0.843972
0.188886	0.378748
0.362706	0.351969
-0.2348	0.358879
-0.886625	-0.209979
-0.658487	-0.405744
-0.658487	0.0539065
-0.256528	-0.0395505
-0.32171	0.394757
-0.962671	0.444547
0.00420194	0.0992804
0.254068	0.376865
2.35077	0.781182
-0.799715	-0.172005
0.112839	0.317977
-0.788851	0.22247
0.677754	0.517346
-0.745396	-0.821116
0.601708	0.0440985
-0.180482	0.340119
-0.995263	-0.768169
-0.908353	-0.428073
0.916757	0.443498
2.8505	0.795195
0.112839	0.172917
-0.973535	0.444267
0.0476569	0.447628
-0.039253	0.100667
-0.49553	0.286869
-0.799715	0.381413
-0.984399	-1.36364
-0.615032	0.223995
2.05745	0.306317
-0.93008	-0.977592
-0.473803	-0.301497
-0.354302	0.151138
-0.484667	-0.22971
0.949348	0.602292
1.29699	-0.0615312
0.66689	0.466448
-0.039253	0.235267
0.167158	0.599733
-0.213073	-0.0450925
0.221477	-0.717105
-0.919216	-0.676042
0.232341	0.431166
3.31764	0.598202
2.02486	0.555714
-0.0609805	0.610002
-0.213073	0.0684126
-0.202209	-0.733728
1.41649	0.592087
0.0259294	0.108949
-0.593304	0.192018
-0.0283893	0.240846
-0.66935	-0.534397
-0.104436	0.480517
0.0367932	0.426969
-0.506394	0.244875
-0.604168	-0.279448
4.09983	0.469842
1.76413	0.672774
-0.886625	-1.08029
0.0259294	-0.100933
-0.799715	-0.673133
1.34044	0.195295
-0.0501168	-0.169568
-0.104436	0.35126
0.167158	0.215788
0.732073	-0.102489
1.12317	0.511092
-0.919216	-0.665043
1.12317	-0.0787711
0.514798	-0.00134802
-0.256528	0.357292
-0.310847	-0.0546557
-0.908353	-0.107577
0.0367932	0.106766
-0.0283893	0.159504
-0.680214	-0.58295
-0.126163	-0.0598372
0.590844	-0.058193
0.971075	0.0300679
-0.213073	0.628754
-0.799715	0.324525
-0.571577	0.19198
-0.397757	0.51773
-0.245664	0.0144011
0.286659	0.223515
1.78586	0.611841
-0.777988	0.570332
0.221477	0.326637
-0.745396	0.00874305
-0.441212	0.424459
-0.734533	0.394706
0.0367932	-1.0232
0.49307	0.359687
0.547389	0.439706
0.536525	-0.105615
0.112839	0.720125
-0.832306	0.180002
2.60064	0.684891
0.884165	0.474495
0.145431	-0.0457972
3.6001	0.394198
-0.799715	-0.414008
-0.647623	-0.247002
-0.625895	0.0331867
-0.897489	-0.713884
-0.919216	-0.0127687
-0.93008	-0.0744545
-0.919216	-0.972406
-0.832306	-0.952564
-0.430348	-0.0829726
-0.66935	0.560937
0.590844	0.165138
-0.897489	0.05883
2.1335	0.411755
1.27526	0.241247
-0.158754	0.642618
0.00420194	0.125781
-0.875761	-1.19059
0.829847	0.194706
-0.593304	-0.66131
0.590844	-0.279975
0.916757	0.489855
4.64302	0.770263
0.460479	0.29025
1.28612	0.349249
-0.832306	-0.140695
-0.376029	-0.223479
-0.973535	-0.868885
0.645163	-0.0525778
0.764664	0.44729
-0.462939	-0.385024
-0.908353	-0.628424
0.514798	-0.00476554
-0.886625	-0.928248
0.57998	-0.122211
-0.430348	-0.18275
-0.984399	-0.0817382
-0.984399	-1.32565
0.395297	0.359134
-0.49553	0.0907094
-0.691078	-0.668896
-0.788851	0.218878
-0.58244	0.321388
-0.386893	0.487731
-0.484667	0.547643
0.134567	-0.0466016
1.64463	0.497353
0.775528	0.509509
-0.169618	-0.297618
2.02486	0.559159
0.732073	0.533258
0.0585207	-0.180474
-0.745396	-0.202273
-0.49553	0.370621
-0.810579	0.0314411
0.340978	-0.0768375
-0.180482	0.332126
-0.658487	-0.0964558
0.167158	-0.0684675
-0.484667	-0.133974
-0.897489	-0.926362
-0.93008	-0.324552
1.7424	0.52369
-0.0283893	-0.0802872
-0.951808	-1.23236
-0.962671	-0.235175
2.72014	0.421077
-0.126163	-0.287638
-0.951808	-0.74293
-0.137027	-0.0942768
0.373569	0.0304511
0.884165	0.309019
-0.919216	-0.409489
-0.875761	-0.0586479
-0.571577	-0.6617
-0.897489	-0.619924
-0.875761	-0.23706
-0.462939	-1.27048
-0.951808	0.213772
-1.00613	-0.493093
-0.84317	-0.0291701
-0.919216	-0.848912
-0.473803	-0.321073
0.112839	0.647937
-0.93008	-0.739147
-0.430348	0.382492
-0.0609805	-0.149638
-0.908353	-0.418281
0.764664	0.418001
0.547389	0.38182
-0.897489	-0.372612
-0.354302	-0.359753
-0.940944	0.10048
0.330114	0.356964
0.0585207	-0.180448
2.48114	0.305788
0.558253	0.545402
2.17695	0.360217
0.656027	0.411728
-0.984399	-1.13403
0.677754	0.386679
2.91569	0.230285
-0.940944	-1.02757
0.297523	0.192902
1.75326	0.559371
-0.951808	-0.570752
0.49307	0.462531
-0.854034	-0.519577
-0.571577	-0.22382
-0.940944	-0.664695
-0.854034	-0.296233
1.36217	0.380049
0.308387	-0.373234
-0.93008	-0.505655
-0.854034	-0.0781197
0.525662	0.224691
-0.202209	-0.574637
-1.01699	-0.635365
-0.821443	0.273339
-0.549849	0.425393
0.0476569	-0.21144
-0.886625	-0.563509
0.92762	-0.455792
0.395297	-0.461987
-0.919216	-1.73538
1.13403	0.292717
-0.767124	0.292448
-0.854034	-0.282102
1.39476	0.459205
1.02539	0.456211
0.145431	0.531814
-0.0935718	0.483474
1.1449	0.406754
0.395297	0.159585
0.134567	0.104067
-0.995263	-0.786853
0.449616	0.178369
-0.680214	0.735695
-0.158754	-0.721635
0.829847	0.0694858
-0.886625	-1.27558
-0.919216	-0.170451
-0.799715	0.657846
-0.615032	-0.623742
-0.875761	-0.784884
-0.00666181	0.537533
0.558253	0.172091
0.417024	0.222665
-0.441212	0.347178
0.699482	-0.0432068
-0.256528	0.243834
0.547389	0.617639
-0.767124	-0.336638
0.0585207	-0.554498
-0.908353	-0.174611
-0.886625	0.00157051
0.612572	-0.0871769
-0.376029	-0.532214
0.123703	0.503335
-0.854034	0.402407
-0.32171	-0.013369
-0.723669	-0.325886
-0.082708	0.614114
0.634299	0.121097
-0.310847	0.189621
0.49307	0.46382
-0.365165	-0.78449
3.08951	0.557306
-0.549849	0.455683
1.84017	0.442078
-0.680214	-0.391914
0.0693844	0.142021
-0.528122	-0.45303
0.49307	-0.287095
-0.93008	-1.25164
0.232341	0.409891
-0.354302	0.38747
-0.2348	0.188061
-0.604168	0.576091
-0.951808	-0.839137
-0.49553	-0.0187274
-0.0609805	-0.844429
-0.701942	0.189858
-0.538985	0.236455
1.16662	0.292245
1.42735	0.459489
-0.799715	-0.249233
-0.0935718	0.0843168
-0.658487	-0.233938
0.525662	0.0365445
3.3611	0.720982
0.775528	0.590678
-0.256528	0.554657
-0.734533	0.385294
0.57998	0.826274
2.42682	0.17675
-0.745396	-0.719128
-0.854034	-0.283844
0.732073	0.330098
-0.636759	0.378576
-0.66935	0.0428602
-0.2348	0.043588
1.44908	0.523757
-0.940944	0.530473
-0.397757	-0.298728
-0.310847	0.487996
0.590844	0.0675336
1.81845	0.338474
0.167158	-0.0288493
4.59957	0.536965
0.0693844	-0.100522
0.569117	-0.257798
-0.549849	0.525537
0.308387	0.101932
1.02539	0.00971189
-0.66935	0.196145
-0.84317	-0.491954
-0.560713	0.422219
1.30785	0.506941
0.482207	0.158664
3.01346	0.601297
3.46974	0.651579
1.93795	0.484395
3.84997	0.0274396
0.145431	-0.00209328
3.7196	0.537492
-0.723669	-0.351512
-0.919216	0.183676
-0.615032	0.339229
-0.984399	-0.423468
-0.908353	-0.224305
-0.940944	-0.0467378
-0.441212	0.0245286
-0.691078	0.0821581
1.60117	0.547864
2.55718	0.689804
2.62236	0.554812
-0.897489	-1.39709
-0.397757	-0.295787
0.92762	-0.0492652
-0.0175256	0.418147
-0.777988	-0.273648
0.710345	-0.173221
-0.647623	0.20759
0.449616	0.216409
-0.397757	-0.606571
0.677754	0.102464
-0.278255	0.311603
-0.462939	0.0490062
-0.93008	-1.70038
-0.93008	-1.05312
1.28612	-0.275932
0.57998	0.448634
-0.940944	-0.723369
0.134567	0.0797835
-0.58244	0.223388
-0.897489	-0.918034
-0.0175256	-0.93824
-0.93008	-0.336793
2.33991	0.325999
0.0259294	0.457622
-0.430348	0.487175
0.623435	-0.235878
-0.66935	0.0333661
-0.191345	0.506562
-0.430348	-0.720164
1.90536	0.64199
-0.278255	0.0962665
-0.332574	-0.301437
-0.66935	0.407291
-0.84317	-0.516791
1.34044	0.280489
-0.00666181	0.473967
1.06885	-0.0539798
-0.441212	-0.857488
-0.799715	0.297686
2.18781	0.267302
-0.973535	-1.04506
3.19814	0.733852
-0.604168	0.14448
-0.202209	-0.612952
2.52459	0.401028
-0.528122	0.522806
-0.604168	0.204072
-0.245664	0.0470302
-0.571577	0.0313084
2.05745	0.410493
-0.58244	-0.141102
-0.93008	-0.841253
0.134567	-0.509101
-0.419484	0.0631979
-0.777988	0.168703
-0.745396	-0.157953
1.23181	0.2317
0.340978	0.610958
3.74133	0.751116
0.112839	-0.184924
-0.984399	-0.297792
-0.0935718	0.402868
-0.593304	0.072159
0.764664	-0.111428
-0.897489	-0.422609
0.0693844	0.338627
-0.854034	0.359365
-0.615032	-0.864487
1.7424	0.228165
0.221477	-0.716603
-0.875761	0.139871
-0.93008	-0.717337
0.851574	-0.344369
-0.821443	0.196792
-0.213073	-0.258566
0.340978	-0.0677707
0.0911119	-0.281933
3.21987	0.57936
0.536525	0.402836
0.210613	0.18809
0.351842	0.298591
-0.365165	-0.430249
-0.310847	-0.0921277
-0.299983	-0.115005
0.188886	0.659687
-0.75626	-0.491127
-0.158754	0.43617
-0.082708	-0.520289
-0.528122	0.204432
-0.299983	0.00570678
-0.538985	0.39972
0.612572	0.505059
1.1449	0.0183698
-0.528122	0.576302
0.460479	0.716179
0.0911119	0.115797
-0.767124	-1.09662
0.340978	0.06327
0.319251	0.136677
-0.701942	0.409071
-0.376029	0.422423
-0.538985	-0.851261
0.145431	0.755554
-0.223937	0.337439
-0.854034	0.300298
-0.886625	0.285636
-0.191345	0.121216
-0.908353	-1.36948
-0.506394	0.326159
2.79618	0.554688
-0.180482	0.222396
0.0150657	0.330522
0.981939	0.2233
-1.03872	-0.140518
0.243204	0.0693993
1.36217	0.192038
-0.223937	0.0892802
-0.723669	0.546298
1.34044	-0.199904
-0.0935718	0.417893
0.7538	0.535104
0.0693844	0.213352
0.84071	0.119315
-0.604168	0.135058
-0.115299	-0.625586
0.123703	-0.0165255
-0.441212	0.124872
-0.245664	-0.697955
-0.506394	-0.348278
-0.299983	-0.315846
-0.256528	0.0942309
0.406161	0.0389862
-0.615032	-0.185516
-0.245664	-0.149967
0.0585207	0.834989
-0.940944	-1.1255
0.449616	-0.0138203
-0.810579	0.0392456
1.21008	0.290069
-0.897489	-0.750029
-0.84317	0.0317212
-0.788851	0.194379
-1.00613	-0.847972
-0.158754	0.0382778
-0.299983	-0.42654
-0.777988	-0.63124
0.656027	0.248225
-0.854034	-0.259511
-0.343438	-0.574754
0.199749	0.0536965
1.84017	0.213902
-0.0609805	-0.595505
1.05799	0.620209
1.42735	0.169783
-0.419484	0.268892
-0.897489	-1.08409
-0.886625	-0.290727
-0.897489	0.239086
0.101976	0.349701
0.514798	0.492768
-0.256528	0.213368
0.721209	0.249824
-0.0609805	-0.0705044
1.39476	0.571895
-0.788851	0.317732
-0.202209	-0.288324
-0.799715	-0.276345
-0.84317	-1.19326
-0.962671	-0.678325
3.06778	0.552558
-0.864898	-0.360811
-0.310847	-0.195032
-1.00613	-0.0853573
-0.658487	0.318162
0.732073	0.150611
-0.538985	0.00328637
-0.506394	-0.593472
1.36217	0.367114
0.797255	0.801069
0.101976	0.0946455
1.03626	0.505913
-0.66935	0.212404
-0.777988	-0.474354
2.731	0.0948247
-0.658487	-0.412509
0.0367932	0.297833
1.13403	0.631878
-0.158754	0.487991
-0.115299	0.222248
0.0476569	0.0387634
0.775528	0.358144
3.88256	0.588494
0.449616	-0.209054
1.18835	-0.409725
-0.636759	0.225523
-0.462939	0.243506
-0.701942	-0.0690636
-0.864898	-0.760653
2.53545	0.552095
-0.604168	0.651598
2.51373	0.41439
0.0802482	0.404844
-0.810579	-1.06781
1.67722	0.108438
0.167158	0.452712
-0.951808	-0.843396
-0.810579	-0.488972
-0.202209	0.31662
0.243204	0.422939
-0.647623	-0.769961
-0.821443	-0.468033
0.775528	0.506909
-0.701942	0.188892
-0.973535	-0.390388
-0.0718443	0.0908255
1.1123	0.186666
-0.734533	-0.999746
-0.528122	0.120008
-0.658487	-0.0615036
-0.180482	0.463297
-0.0935718	-0.501206
-0.875761	-0.245428
-0.202209	0.69363
-0.14789	-0.245683
-0.180482	0.269538
1.70981	0.419974
-0.473803	-0.846522
-0.84317	-0.96974
-0.397757	0.474392
1.1123	0.109608
0.536525	-0.187573
-0.278255	0.297301
-0.995263	-0.688737
0.101976	0.0705734
0.112839	0.511491
-0.49553	0.498846
3.02432	0.360068
-0.854034	-1.41127
0.601708	0.478493
-0.647623	-0.696864
-0.745396	-0.702728
-0.908353	-0.669582
-0.658487	0.375536
-0.93008	-0.595839
-0.213073	0.405132
1.99227	0.624307
-0.832306	0.226279
-0.962671	-0.790783
-0.517258	-0.0473924
0.623435	0.153516
-0.343438	-0.202908
-0.821443	-0.774403
-0.430348	-0.876564
0.362706	0.0109058
-0.658487	-0.0455375
-0.039253	0.083504
-0.767124	-0.723047
-0.310847	0.505882
-0.49553	0.358885
0.101976	-0.578431
0.569117	0.451638
-0.777988	0.364476
-0.0175256	0.286574
-0.223937	0.382919
-0.93008	-0.987025
-0.191345	0.631034
-1.01699	0.642857
-0.897489	0.198708
1.64463	0.540619
0.275796	-0.135208
-0.832306	-0.964486
2.14436	0.438177
-0.810579	-0.399828
-0.908353	-0.342942
-0.886625	-0.62861
-0.2348	0.356204
0.384433	0.743515
-0.962671	0.274656
1.54685	0.151614
-0.940944	-1.09175
-0.571577	0.38362
-0.473803	0.114565
2.04659	0.0446213
-0.777988	-0.0807465
-0.734533	-0.255039
1.10144	-0.0954532
2.40509	0.54193
-0.441212	-0.314804
0.232341	0.108741
0.84071	-0.24262
-0.365165	-0.4071
-0.723669	-0.179138
-0.951808	-0.0591167
-0.0718443	0.0676568
-0.245664	0.442492
0.808119	0.445303
-0.473803	0.102454
-0.32171	-0.270817
0.612572	0.178061
-0.343438	0.330341
-0.821443	0.321187
1.31872	-0.378872
-1.00613	-1.43187
-0.875761	-0.698788
0.145431	0.544777
1.55772	0.21271
-0.32171	0.237945
-0.538985	0.320441
-0.0283893	0.200035
-0.777988	0.277623
-0.908353	-0.0655408
-0.517258	0.371757
-0.777988	-0.144761
-0.245664	0.185774
0.199749	-0.0470351
0.101976	0.188761
0.340978	0.444563
-0.66935	0.416301
-0.75626	0.0939378
-0.767124	-0.0533407
-0.49553	-0.55856
0.232341	0.250125
0.449616	0.142977
-0.332574	-0.446578
-0.75626	0.116327
0.525662	0.0333474
-0.875761	-0.843773
-0.93008	-0.0227659
0.699482	0.278332
-0.962671	0.0860204
0.0693844	0.199974
1.59031	0.637276
-0.115299	-0.212866
-0.940944	0.272916
0.471343	0.195893
0.134567	-0.0937408
0.971075	0.033739
-0.723669	-0.153211
0.101976	0.0534628
-0.734533	-0.387304
-0.745396	-1.12378
-0.202209	0.263033
1.02539	-0.0218951
-0.691078	-1.18318
-0.973535	-0.840598
-0.615032	-0.600891
0.123703	0.379266
-0.191345	-0.260804
-0.832306	-0.414587
0.134567	0.808037
-0.940944	-0.592895
-0.767124	0.279424
0.00420194	-0.326396
0.0476569	0.397708
-0.571577	0.430478
-0.49553	-0.900171
0.395297	-0.070968
-0.951808	-1.01644
-0.84317	-0.644682
-0.528122	-0.512726
1.01453	-0.282669
-0.93008	-0.293385
-0.0609805	-0.0190967
-0.430348	-0.0267699
-0.571577	-0.132303
0.243204	0.0314293
-0.962671	-0.402034
-0.875761	-0.782729
-0.506394	-0.196018
-0.788851	-0.296658
2.05745	0.641199
-0.202209	-0.202125
1.3839	-0.334356
-0.0501168	-0.0208374
0.949348	0.240423
1.34044	0.405259
-0.897489	-0.600947
-0.658487	-0.720146
-0.854034	-0.51748
-0.940944	-0.862878
0.862438	-0.478921
-0.93008	0.125425
-0.604168	-0.287221
0.569117	0.0790769
-0.0935718	0.0163389
0.254068	0.506822
1.1123	0.430754
-0.158754	0.528171
0.340978	0.77313
-0.354302	-0.0531731
-0.93008	-0.667969
0.0367932	0.335925
1.75326	0.504782
1.60117	0.4401
-0.484667	-0.0278273
0.7538	0.280683
-0.951808	-0.55421
3.33937	-0.014033
-0.082708	0.223024
-0.299983	0.426315
1.05799	0.242878
-0.962671	-0.346546
3.26333	0.617342
-0.452075	-0.227025
0.167158	0.144581
-0.701942	-0.185666
-0.951808	-0.118115
2.253	0.538008
0.786392	0.24594
-0.213073	0.356976
2.29645	0.732384
-0.647623	-0.439816
-0.58244	0.455782
0.797255	0.188191
-0.0935718	-0.143167
0.178022	-0.467327
-0.66935	-0.215041
1.52513	0.757829
1.73154	-0.173157
0.199749	0.218253
1.53599	0.185608
-0.745396	-0.512539
1.63376	0.691797
-0.137027	-0.0302583
0.319251	0.527529
-0.821443	-0.789641
1.85104	0.511252
1.1449	0.751873
-0.908353	-0.802018
-0.0501168	0.54422
0.471343	-0.00474129
0.243204	0.137814
1.7424	-0.135159
-0.810579	0.549628
-0.625895	-0.0681084
0.319251	0.567347
0.275796	0.105008
-0.962671	-0.945775
-0.854034	-1.38142
-0.75626	0.020716
-0.810579	-0.435027
-0.484667	-0.663774
0.601708	0.425144
-0.854034	0.120026
-0.2348	0.277651
-0.289119	0.235993
0.0259294	0.38878
-0.180482	0.0226567
0.0585207	0.469287
-0.984399	-0.667195
-0.875761	-0.396402
-0.951808	-0.0247752
-0.973535	0.224354
1.2644	0.357243
0.417024	-0.275827
-1.01699	0.150261
-0.126163	0.287089
0.156294	0.221464
1.64463	0.372351
-0.0283893	0.428775
0.00420194	0.385908
-0.875761	-0.537086
-0.267392	0.295449
-0.615032	0.181047
-0.615032	0.37813
-0.647623	-0.557629
-1.00613	-1.12762
0.612572	0.586921
0.449616	-0.138372
-0.821443	0.611968
0.623435	0.58531
-0.940944	-0.384897
1.39476	0.571593
-0.430348	-0.833582
0.254068	0.420406
0.319251	0.346927
-0.0718443	0.145018
1.61204	0.599806
0.7538	0.336614
0.395297	-0.472131
-0.560713	-0.756524
-0.0718443	0.365843
1.07971	0.343757
1.10144	0.102434
0.547389	-0.982488
0.112839	0.410551
-0.473803	0.184571
-0.919216	-0.540268
-0.604168	-0.356379
-0.593304	-0.0182409
-0.40862	0.0840649
-0.973535	-0.0879648
-0.299983	-0.0720428
0.851574	0.141066
0.449616	0.567652
-0.810579	-0.171114
-0.854034	-1.20362
0.514798	0.598438
0.862438	0.291416
-0.00666181	-0.121214
-0.419484	-0.0731815
-0.940944	-0.0886511
0.7538	-0.433923
0.786392	0.553666
-0.560713	0.705082
2.26386	0.557448
1.48167	0.573284
-0.788851	-0.362612
0.742937	0.102035
-0.636759	0.52062
-0.908353	0.265658
0.188886	-0.288537
0.981939	0.524025
0.960212	-0.252217
-0.777988	-0.617852
-0.799715	-0.761576
0.275796	0.00692565
0.503934	0.361704
-0.875761	0.0925036
-0.419484	0.305112
-0.528122	0.489874
-0.908353	-0.268335
-0.278255	-0.632873
-0.973535	-0.904096
-0.864898	-0.155593
0.406161	-0.312717
-0.223937	-0.240011
-0.58244	0.173563
0.0802482	0.00212164
0.949348	0.675997
-0.343438	-0.17452
-0.452075	-0.328731
-0.310847	0.325123
-0.93008	-0.0729149
-0.615032	0.525134
-0.289119	-0.0401181
-0.940944	0.0577226
-0.940944	-0.503175
0.340978	0.10318
-0.995263	-0.150383
0.938484	0.481133
-0.821443	0.303983
0.0476569	0.406875
-0.962671	-0.548268
-0.625895	-1.66921
-0.75626	0.447012
-0.430348	-0.61243
-0.962671	0.015211
0.188886	-0.011686
0.710345	-0.358833
2.17695	0.6101
-0.701942	-0.744579
0.351842	-0.6912
-0.104436	-0.414652
0.275796	0.375891
-0.0935718	-0.469818
2.6115	0.707724
1.42735	0.367088
-0.202209	0.313388
-0.2348	0.666053
-0.299983	0.256968
0.199749	0.495121
3.31764	0.420023
-0.680214	-0.669229
-0.593304	0.418112
-0.40862	0.295298
-1.04958	0.444373
2.41595	0.386471
-0.310847	0.365347
0.0911119	0.449437
-0.984399	-0.710559
-0.571577	0.368037
-0.386893	0.429131
0.536525	0.517775
-0.0609805	0.0776508
4.00206	0.242131
-0.49553	0.433547
-0.680214	0.21888
0.895029	0.374794
0.221477	-0.582494
-0.430348	-0.191071
0.384433	-0.146269
-0.0718443	0.384253
-0.897489	0.436173
-0.647623	0.368589
0.00420194	0.166472
-0.701942	-0.412932
0.134567	0.51264
-0.854034	0.0371769
1.77499	0.594427
0.362706	0.504994
1.30785	0.00463712
0.938484	0.0369277
-0.625895	-0.199163
0.264932	0.523941
1.6229	0.228874
-0.767124	-0.086942
1.49254	0.638511
-0.832306	-0.841731
-0.647623	-0.243701
-0.908353	-1.06327
-0.506394	-0.556506
-0.832306	-0.924445
-0.93008	-0.662595
-0.951808	0.0484088
-0.788851	0.134451
-0.625895	0.216207
-0.32171	0.101295
-0.919216	-0.216798
-0.528122	-0.184387
1.42735	0.453372
-0.0501168	-0.174243
-0.517258	0.214604
0.916757	0.352088
-0.658487	-0.255119
-0.0175256	0.513154
-0.854034	-0.565318
-0.213073	0.189153
2.06831	0.431666
-0.777988	-0.453352
-0.984399	-0.174755
-0.875761	-1.1896
1.88363	0.111578
1.04712	0.326145
0.449616	0.0447444
-0.886625	-0.588576
2.57891	0.164587
-0.647623	-0.162399
0.384433	0.91069
-0.538985	-0.318889
5.6968	0.573924
-0.919216	-0.0761069
1.45994	0.454999
-0.615032	-0.761897
7.44587	-0.226605
-0.039253	0.102844
-0.810579	-0.183235
-0.430348	-0.0576991
-0.767124	-0.590107
-0.593304	0.429965
-0.93008	-0.832752
-0.245664	-0.734393
-0.940944	-0.926458
2.07918	0.25243
-0.886625	-0.984414
-0.745396	-0.373175
-0.864898	-1.24575
1.65549	0.377045
-0.864898	-0.60157
-0.788851	0.610744
-0.0283893	-0.291803
0.243204	0.56033
-0.75626	-0.94543
0.7538	0.153564
-0.919216	-0.498603
-0.538985	-0.19431
-0.571577	-0.213921
0.808119	0.172895
-0.940944	-1.17475
0.395297	0.529594
-0.93008	-0.367517
-0.723669	-0.542365
-0.777988	-0.336604
1.61204	0.482418
-0.691078	0.154653
1.00367	0.443906
-0.84317	-0.928424
-0.49553	0.496284
-0.452075	-0.180727
1.82931	-0.0810552
-0.14789	0.483895
-0.289119	0.354078
-0.93008	-0.764262
-0.832306	-0.666048
-0.832306	-0.422325
-0.788851	-1.19944
-0.919216	-0.87001
-0.191345	0.39841
1.82931	0.647605
1.44908	0.244408
-0.549849	0.0427171
3.28505	0.852364
-0.169618	0.460941
-0.484667	-0.81883
2.18781	0.224011
2.12263	0.155106
-0.995263	0.536144
-0.723669	-0.928849
-0.973535	-0.547776
0.210613	0.265708
-0.462939	0.12705
-0.430348	-1.02554
-0.354302	-0.502069
1.21008	0.0150583
1.1123	0.438728
0.167158	0.557698
-1.03872	-1.34754
0.612572	0.095835
-0.452075	0.518056
1.23181	0.499687
-0.897489	-0.120805
-0.75626	0.404004
-0.625895	0.417728
-1.00613	0.166597
-0.191345	-0.0235411
0.275796	-0.0109042
-0.864898	-0.380903
-0.365165	0.484392
0.851574	0.509137
-0.473803	0.488922
-0.962671	-0.96278
0.732073	0.603746
0.742937	0.175226
-0.962671	-0.746977
-1.01699	-0.194733
-0.919216	-0.911427
-0.137027	0.484009
-0.897489	-0.675903
-0.158754	0.0760609
0.547389	0.0317351
0.0802482	-0.131357
-0.32171	0.475376
1.42735	0.466334
0.688618	-0.246294
-0.984399	-0.17402
-0.538985	-1.26486
-0.973535	-0.154712
1.68808	0.547334
-0.452075	0.83781
0.319251	0.550741
-0.658487	0.105845
-0.430348	-0.14404
-0.223937	-0.46178
1.76413	0.467982
-0.00666181	0.272596
-0.0501168	0.328541
2.60064	0.456975
-0.908353	-0.540032
2.48114	0.362901
1.18835	0.350706
1.2644	0.278824
0.0911119	-0.444736
-0.864898	-1.13363
0.981939	0.391619
1.79672	0.426668
-0.723669	-0.231615
1.47081	0.322692
0.417024	0.463273
-0.137027	0.462023
1.13403	0.307008
-0.919216	-0.48765
0.101976	-0.292094
-0.680214	0.436165
-0.93008	-0.778619
-0.799715	0.282808
-0.549849	0.191853
-0.886625	-0.218496
0.971075	0.193528
-0.701942	-1.2241
-0.310847	-0.0713844
-0.0935718	0.319567
-0.49553	-0.269379
-0.0718443	-0.0210613
-0.680214	-0.0118083
-0.571577	0.442268
-0.810579	0.407034
0.0802482	-0.50918
-0.571577	-0.345627
-0.223937	-0.134484
-0.365165	-0.305176
-0.332574	0.279378
1.36217	0.263947
-0.462939	-0.182286
-0.528122	-0.0635959
-0.745396	0.46182
0.905893	0.56062
-0.126163	0.19062
1.32958	0.647229
1.21008	0.83318
-0.332574	-0.751359
1.10144	0.480277
-0.58244	0.571434
-0.951808	0.182
-0.647623	0.533341
1.17749	0.084584
1.28612	0.866486
-0.14789	-0.00703745
-1.00613	-0.270386
-0.0501168	0.269577
0.0693844	0.413148
-0.256528	0.302386
-0.245664	-0.35401
-0.202209	-0.215733
1.2644	0.495718
0.808119	0.363478
0.254068	0.341055
-0.115299	0.375187
0.7538	-0.0854828
1.10144	0.396962
-0.875761	-0.146909
-0.875761	-0.0828929
-0.734533	-0.331606
-0.723669	-0.282257
-0.84317	-1.21998
0.0693844	-0.101646
4.80598	0.727156
-0.137027	-0.287783
0.884165	0.00691056
-0.039253	0.104924
-0.506394	0.704808
0.569117	0.382882
-0.115299	0.080554
0.873302	0.57088
1.7424	0.467209
-0.604168	0.458283
-0.365165	0.359319
-0.93008	-0.771299
-0.223937	0.0294256
-0.615032	0.550941
-0.908353	-0.762563
0.590844	-0.461854
1.70981	0.353398
-0.995263	-0.891164
0.482207	0.281476
-0.777988	-0.966715
1.05799	0.378871
-0.66935	-0.340203
-0.875761	-0.512443
-0.908353	0.314367
-0.919216	-1.11337
1.1449	0.284297
1.15576	0.411764
1.54685	0.728347
-0.354302	-0.00159594
-0.430348	-0.631113
-0.615032	0.0381396
-0.58244	0.148492
-0.973535	-0.774784
-0.647623	-0.503475
-0.940944	-0.764408
-0.354302	-0.101469
3.44801	0.374914
-0.734533	0.0671016
-0.799715	0.311755
-0.376029	-0.406137
-0.191345	0.288809
-0.788851	-0.0867921
-0.343438	-0.0914166
0.960212	0.643306
-0.549849	0.19985
-0.354302	0.210281
-0.745396	0.222413
1.7424	0.486381
-0.84317	-1.63139
2.05745	0.611225
-0.462939	-0.324204
-0.973535	-0.238969
-0.680214	-0.0754752
0.232341	-0.011595
1.04712	0.366818
0.57998	0.423059
-0.897489	-0.893214
2.43768	0.0781901
0.971075	0.488431
-0.940944	-0.758928
-0.604168	-0.361688
-0.712805	0.392026
-0.984399	-0.510539
-0.908353	-0.308462
-0.310847	0.470323
0.710345	0.209474
-0.126163	-0.276179
-0.854034	0.464274
2.253	0.439479
-0.571577	0.0638769
-0.691078	0.481016
-0.723669	-0.665461
-0.962671	-0.398644
-0.528122	0.307552
-0.897489	-0.587319
-0.430348	-0.348303
0.612572	0.0778578
-0.49553	-0.0804037
-0.310847	0.270417
-0.767124	-0.506625
-0.897489	-0.529127
-0.310847	-0.321782
0.308387	-0.450888
-0.49553	-0.208744
0.438752	0.0568224
-0.984399	0.153408
-0.832306	-0.0546617
0.808119	0.151579
2.6115	0.344509
-0.245664	0.5467
0.514798	-0.303383
0.786392	-0.0626236
0.178022	0.0943119
-0.0283893	-0.478548
-0.636759	-0.740382
-0.832306	-0.964584
-0.962671	-1.07868
-0.267392	-0.0266665
0.101976	0.811813
-0.354302	0.543183
0.134567	0.372925
-0.571577	-0.948412
-0.799715	-0.0286368
-0.289119	0.489396
0.123703	0.762958
0.699482	-0.100427
-0.604168	-0.184961
-0.93008	-0.601811
1.03626	0.394929
0.0693844	0.554253
0.362706	0.340859
-0.0501168	0.300277
0.57998	0.379099
2.14436	0.551576
-0.267392	0.554565
-0.995263	-0.674755
-0.604168	-0.154036
-0.962671	-0.839527
-0.354302	0.347593
-0.0718443	0.395455
1.36217	0.513517
-0.528122	0.61244
0.199749	0.481317
-0.734533	-0.494666
-0.66935	-0.323366
-0.299983	0.379291
3.17642	0.434815
-0.58244	-0.214259
0.178022	0.694728
-0.66935	0.356048
-0.973535	-1.20601
-0.647623	-0.950835
0.330114	0.050118
-0.0935718	0.360295
1.22094	0.157263
-0.32171	-0.305507
-0.723669	-0.375416
-0.289119	-0.34618
-0.32171	0.523118
-0.875761	-1.14935
1.53599	0.199218
-0.875761	-0.543327
2.31818	0.478926
-0.49553	0.390807
-0.984399	-0.396452
1.00367	0.0327615
0.66689	0.380755
-0.082708	0.12821
-0.886625	-1.04043
0.569117	0.293621
3.08951	0.567633
-0.84317	-0.333523
0.00420194	-0.0991256
-0.223937	0.354557
0.373569	0.528849
-0.354302	-0.0285302
-0.767124	-0.582809
-0.734533	-0.371585
-0.484667	0.264351
-0.615032	-0.141028
1.28612	0.604449
0.0693844	0.455463
-0.745396	-0.982635
-0.995263	-0.606989
-0.940944	-1.12546
0.199749	0.445948
0.569117	0.524572
-0.462939	-0.5542
-0.908353	-0.369414
0.319251	0.27322
-0.419484	-0.60975
-0.082708	0.32126
-0.267392	0.392398
-0.517258	0.21417
0.0476569	0.522235
-0.452075	0.193777
-0.473803	-0.0244891
0.264932	0.232589
0.905893	0.331827
-0.430348	-0.0774074
-0.897489	0.00333863
-0.039253	0.359174
-0.875761	-0.801547
1.6229	0.323678
4.26279	0.730237
-0.897489	-0.903087
-0.658487	0.312865
-0.517258	-0.144533
-0.00666181	0.411399
-1.02785	-0.603474
0.623435	0.548995
0.0150657	0.0172533
-0.137027	0.581827
-0.332574	0.562648
-0.571577	-0.694081
1.16662	-0.200576
0.0367932	-0.00448234
0.634299	0.428394
1.18835	-0.0419608
-0.517258	-0.369291
-0.864898	0.0697247
0.764664	0.234854
-0.473803	0.0515482
-0.310847	0.118815
0.362706	-0.0707474
0.656027	-0.168837
1.41649	-0.0363183
-0.191345	-0.4629
0.123703	-0.350391
-0.462939	0.323532
0.438752	0.316348
-0.995263	-0.414085
0.101976	0.250789
0.471343	0.491504
-0.832306	0.354534
0.482207	0.356536
0.0150657	-0.0790984
-0.897489	-0.0983655
-0.299983	-0.37548
-0.213073	0.371486
1.80758	0.270172
-0.810579	-0.361637
-0.745396	-0.596744
-0.40862	0.431625
0.362706	0.650898
1.25353	0.598326
-0.104436	0.402567
-0.517258	0.396084
4.03465	0.473399
3.20901	0.442777
-0.897489	0.182482
0.0802482	0.705645
-0.202209	0.105284
0.0476569	0.564347
-0.549849	0.0608693
-0.191345	-0.141834
-0.0609805	-0.18748
0.0585207	0.470357
-0.777988	-0.449052
-0.897489	-0.317348
-0.473803	-0.510033
-0.962671	-0.761744
-0.32171	0.125089
-0.66935	0.475503
-0.84317	0.219503
-0.0175256	0.535876
0.156294	0.357198
-0.376029	-0.140695
-0.0718443	0.147981
1.43822	0.450104
1.10144	0.205262
2.47027	0.590453
-0.376029	-0.244085
-0.0175256	-0.286027
-0.376029	-0.602794
1.03626	0.512826
-0.908353	-0.417415
-0.419484	-0.941151
-0.962671	-0.0858364
-0.365165	0.100269
2.14436	0.493336
0.612572	0.0886956
-0.897489	-0.89695
0.340978	-0.102068
0.7538	-0.548842
0.873302	0.299322
-0.571577	-0.621597
0.286659	-0.0184937
0.656027	0.446337
-0.0718443	0.231586
-0.636759	-0.912672
-0.202209	0.236646
-0.126163	-0.431102
-0.517258	0.507679
-0.104436	0.0592071
-0.777988	0.331769
0.49307	0.263778
0.319251	0.417673
0.482207	0.131188
-0.289119	0.121513
0.742937	-0.0456195
-0.0609805	0.313268
-0.908353	-0.614312
-0.93008	-0.76597
0.351842	0.153235
-0.158754	-0.782781
-0.995263	-0.260359
-0.289119	0.376155
-0.528122	-0.0601274
-0.712805	-0.54865
0.243204	-0.559222
0.0693844	-0.271037
-0.126163	0.161234
-0.66935	0.0979601
-0.908353	-0.138098
0.264932	-0.0452504
1.30785	0.172293
-0.886625	-1.08797
-0.821443	-0.966199
0.0693844	0.44858
0.808119	-0.0654961
-0.886625	0.259665
-0.386893	-0.111301
-0.082708	-0.59878
-0.951808	-0.271339
2.70927	0.406445
-0.332574	0.277787
1.02539	0.712283
-0.962671	-1.08537
-0.126163	0.249473
-0.897489	-0.385505
2.6115	0.586751
2.35077	0.410325
1.79672	0.392878
-0.712805	0.320732
1.3839	0.191203
-0.984399	-0.640009
-0.886625	-0.37865
-0.658487	-0.834433
0.167158	-0.120488
-0.517258	-0.110845
0.0476569	0.462299
-0.452075	0.34125
0.645163	-0.134616
-1.02785	-0.930992
0.417024	-0.0624115
-0.082708	0.340406
2.75273	0.701447
-0.680214	-0.667275
1.1449	0.0508443
0.7538	0.503021
-0.158754	0.355377
-0.604168	0.415543
0.916757	0.578032
-0.397757	-0.747496
0.7538	0.496167
-0.278255	0.406052
-0.951808	-0.80291
0.210613	0.211374
-0.788851	-1.28016
-0.604168	-0.52726
-0.2348	0.374551
-0.289119	0.326541
-0.832306	-0.960714
-0.832306	-0.452806
1.52513	0.596349
0.406161	0.531851
-1.01699	0.110916
-0.58244	-0.0167575
1.23181	0.322687
-0.777988	-0.187652
-0.039253	-0.0874403
0.786392	0.216748
-0.332574	0.0918805
0.167158	0.168434
-0.734533	0.172063
-0.310847	0.202582
-0.528122	-0.213745
-0.712805	-0.624237
0.101976	-0.49404
-0.0175256	0.191964
0.884165	0.595054
-0.788851	-0.619192
-0.082708	0.308178
-0.430348	0.199227
-0.745396	-0.446032
0.0476569	-0.116978
0.417024	0.216672
-0.430348	-0.738043
3.21987	0.52893
-0.93008	-0.447857
-0.615032	0.397016
2.65496	0.275603
5.9684	0.467431
-0.875761	-1.03587
0.471343	0.420859
-0.832306	-0.110562
0.112839	-0.613247
-0.213073	0.38336
-0.864898	-0.35539
-0.93008	-0.750201
-0.549849	-0.153117
-0.365165	-0.308703
1.9814	0.402432
-0.875761	-0.329381
1.06885	0.307608
0.569117	0.197636
-0.615032	0.267612
-0.58244	0.281408
-0.745396	-0.492996
-0.0609805	0.387153
-0.452075	-0.458026
0.0150657	0.0346904
0.167158	0.384877
-0.832306	-0.647417
0.395297	0.224532
3.03519	0.819522
-0.115299	0.418289
-0.799715	-0.368044
0.916757	-0.327498
0.645163	0.45617
-0.897489	0.0823936
0.449616	0.521973
-0.343438	-0.190488
-0.84317	0.581617
0.656027	0.297794
1.23181	0.414159
-0.75626	0.248942
-0.973535	-0.528787
0.699482	0.0558837
-0.908353	-0.139385
-0.984399	0.156967
-0.701942	-0.0375411
0.330114	0.58825
0.482207	0.294296
-0.245664	0.591636
0.992803	0.317287
-0.745396	-0.0876919
1.02539	0.592248
3.54578	0.785398
0.645163	-0.736409
-0.984399	-0.926521
-0.0718443	0.529217
-0.376029	-0.922261
0.00420194	0.0458595
-0.908353	-0.266539
1.79672	0.39963
-0.473803	0.25436
-0.484667	0.327524
0.916757	0.778281
-0.2348	0.2012
-0.734533	0.409335
-0.625895	-0.144561
-0.951808	-0.627546
-0.984399	-0.334548
1.25353	-0.123381
-0.549849	0.177496
-1.00613	-0.101177
0.123703	-0.682791
-0.0718443	-0.288824
-0.897489	-0.954556
1.09058	0.433551
0.417024	0.26122
-0.864898	-0.252693
-0.940944	-0.15316
0.101976	0.300285
-0.734533	-0.431802
-0.788851	-0.212633
-0.951808	-0.830722
-0.951808	-0.550103
-0.278255	-0.482373
-0.723669	-0.0645182
-0.158754	0.283822
-0.940944	-1.34979
0.471343	0.289568
-0.039253	-0.385622
2.26386	0.356918
1.65549	0.411191
-0.115299	-0.126372
0.536525	0.176759
-0.267392	0.239209
-0.875761	0.426976
-0.908353	0.373196
-0.549849	-0.113508
-1.00613	-0.704916
-0.777988	0.298603
0.514798	0.257358
-0.462939	-0.434411
-0.462939	-0.433998
-0.506394	-0.167866
-0.104436	-0.0431089
-0.538985	0.0943981
-0.810579	-0.557522
0.851574	-0.233197
-0.593304	0.143783
-0.886625	0.0303638
0.764664	0.25053
0.308387	-0.122565
0.0911119	0.327498
0.471343	0.454493
-0.0501168	0.538878
-0.615032	0.581546
1.79672	0.382246
-0.940944	-0.828692
-0.691078	0.410448
-0.680214	0.0170223
0.134567	0.386572
-0.202209	-0.194608
-0.940944	0.10817
-0.897489	-0.199473
0.449616	0.565992
-0.799715	-0.134113
-0.832306	-0.743036
-0.571577	0.0606024
-0.462939	0.0604035
-0.832306	0.16015
-0.908353	-0.469782
-0.473803	0.451024
0.558253	0.670872
-0.115299	0.127535
-0.864898	-0.0764724
1.13403	0.520106
-0.734533	-1.28609
-0.115299	-0.141743
-0.180482	0.6272
2.00313	0.218748
0.471343	-0.386408
-0.332574	0.05831
-0.636759	0.26433
0.232341	0.54553
0.188886	0.023995
1.45994	0.331786
-0.58244	0.0841002
0.634299	0.396888
1.16662	-0.0043944
-0.919216	-0.748482
-0.712805	-0.329833
0.145431	0.126202
0.623435	0.114479
0.460479	-0.0111082
0.905893	-0.414426
-0.691078	-0.201627
-0.40862	0.427223
-0.625895	0.334731
-0.593304	0.318601
-0.712805	-0.484762
1.5034	0.607662
-0.995263	-0.159126
-0.213073	-0.371342
1.6229	0.558564
0.101976	0.473932
-0.680214	0.337608
0.351842	0.1118
-0.919216	-0.383544
-1.02785	-1.3174
-0.897489	-1.21442
0.275796	0.23207
0.732073	0.507531
-0.278255	0.176165
0.0802482	-0.741365
-1.01699	-0.320993
1.29699	0.217914
0.395297	0.460182
-0.267392	0.517849
-0.788851	0.264053
-0.767124	-0.119214
1.1123	0.436882
0.0150657	0.451654
-0.821443	-0.171242
-0.267392	-0.285117
-0.919216	-1.02769
-0.104436	0.291732
-0.462939	-0.292475
-0.799715	0.171827
-0.897489	-1.12757
-0.549849	-0.622416
-1.04958	-0.577185
-0.636759	0.19067
1.87277	0.0830651
0.677754	0.493123
-0.104436	0.659631
2.1335	0.450977
-0.854034	0.436133
-0.919216	-0.385584
0.797255	0.396818
0.384433	-0.149757
-0.93008	-0.40149
0.264932	-0.336855
-0.484667	-0.320505
-0.00666181	-0.655307
-0.723669	-0.422674
1.01453	0.509863
0.49307	0.438517
-0.962671	-0.297464
-0.32171	-0.0260668
3.30678	0.428431
-0.940944	-1.41769
-0.365165	-0.239378
0.308387	0.244846
-0.517258	0.49409
-0.897489	-0.493202
-0.712805	-0.415062
-0.962671	-0.200564
-0.810579	0.370195
-0.0501168	-0.131099
-0.788851	-0.654534
-0.940944	0.124004
1.04712	0.519365
0.503934	0.418238
-0.528122	-0.573937
-0.593304	-0.449711
-0.734533	-0.372634
0.460479	-0.204409
-0.462939	-0.159054
-0.441212	-0.650054
-0.506394	-0.285826
-0.940944	-0.609297
-0.897489	-0.301399
1.49254	0.179918
0.721209	0.267811
-0.66935	0.0936995
2.38336	0.620129
0.351842	0.0879716
-0.875761	-0.701511
-0.517258	-0.0446448
-0.93008	0.139198
-0.951808	-0.747665
-0.940944	-1.16647
-0.549849	0.440189
0.340978	0.451565
-0.191345	-0.109401
-0.245664	0.39747
-0.365165	0.0754222
-0.723669	-1.49196
-0.821443	-1.02041
0.818983	0.329298
0.00420194	-0.410048
-0.810579	0.521514
1.16662	0.43247
0.340978	0.121727
-0.430348	0.429713
-0.951808	-1.12527
-0.712805	-0.769579
-0.169618	0.413951
0.808119	0.540736
-1.01699	-0.145561
2.80705	0.677251
-0.452075	-1.21218
-0.202209	-0.556001
0.732073	0.405501
3.04605	0.440107
-0.908353	-1.05415
-0.223937	0.233622
2.33991	0.423835
-0.854034	-0.540763
-0.0283893	0.21313
0.525662	0.237601
0.688618	0.108487
-1.00613	-0.955828
-0.908353	-0.695355
0.373569	0.30455
0.221477	-0.104035
-0.419484	0.547928
0.699482	0.361215
0.525662	0.132223
-0.126163	0.14646
-0.484667	-0.26137
1.32958	0.588465
-0.430348	0.243715
1.72067	0.269114
-0.571577	0.412723
-0.995263	-1.12138
-1.00613	-0.296106
0.0693844	0.534175
-0.745396	0.115042
-0.919216	-0.16369
-0.245664	0.536155
-0.734533	-0.837262
-0.93008	-0.701895
1.45994	0.491215
1.13403	0.444579
0.916757	0.41006
-0.636759	0.0826355
0.992803	0.452676
-0.951808	-0.735086
-0.615032	0.288104
0.00420194	0.153848
3.17642	0.612956
-0.191345	0.170182
-0.84317	-0.132802
2.22041	0.678284
-0.517258	-0.013159
2.28559	0.270742
-0.365165	-0.127445
0.254068	0.46374
-0.299983	-0.593989
-0.712805	0.215411
0.0150657	0.399783
-0.962671	-0.406788
-0.821443	-0.622694
0.829847	0.481861
-0.908353	-0.671853
-0.473803	-0.0802667
-0.821443	0.0924604
0.742937	-0.134612
-0.973535	-0.509682
-0.832306	-0.778695
-0.745396	-0.258326
3.62183	0.399584
-0.940944	-0.237338
-0.973535	-0.951871
0.178022	-0.867581
-0.376029	-0.042007
-0.810579	-0.402725
-0.886625	-0.315341
-0.745396	-0.537715
0.884165	0.0674712
-0.940944	-0.748835
0.0150657	0.431446
-0.886625	-0.48261
-0.365165	0.154674
-0.973535	-0.321972
-0.734533	-0.713129
0.264932	0.255679
0.84071	0.528367
0.167158	0.595886
0.178022	0.0231196
-0.593304	-0.39702
-0.245664	-0.659537
-0.462939	-0.0962417
0.362706	0.180227
-0.00666181	-0.624334
0.340978	0.222723
0.243204	0.335337
-0.528122	0.172712
0.938484	-0.0452958
-0.832306	0.0735664
-0.84317	-0.720921
1.85104	0.441804
0.569117	0.39788
-0.560713	-0.191626
-0.00666181	0.406009
-0.777988	0.143324
0.49307	-0.153855
-0.169618	0.509626
-0.897489	-0.317743
0.57998	0.264121
-0.0609805	0.72466
-1.00613	-0.575902
-0.767124	0.495798
1.03626	0.176405
-0.767124	0.170424
0.960212	0.242806
-0.376029	-0.32498
-0.886625	-0.773848
-0.767124	-0.175314
-0.962671	-0.581295
-0.58244	0.114778
2.19868	0.791743
-0.777988	-0.181797
-0.343438	0.324547
0.514798	0.307585
-0.788851	0.0478676
-0.767124	-1.17488
-0.973535	-1.02938
0.308387	0.347014
0.536525	-0.103904
-0.908353	-0.528744
-0.473803	-0.277371
0.00420194	-0.153059
-0.376029	0.548763
-0.452075	0.304475
-0.940944	-0.382748
-0.082708	-0.122518
-0.354302	0.349268
-0.625895	0.0298615
-0.202209	0.346917
-0.158754	-0.127264
-0.897489	0.229915
-0.810579	-0.146568
0.330114	0.385952
1.47081	0.572439
-0.267392	-0.516037
0.188886	-0.461473
-0.940944	-0.615821
-0.940944	-0.902202
0.406161	-0.244111
1.64463	0.419478
3.79565	0.808697
-0.767124	0.178753
0.221477	-0.360389
-1.03872	-0.509747
-0.549849	-0.840469
0.134567	0.106906
-0.473803	0.247975
-0.278255	0.142624
0.178022	0.207734
-0.462939	0.38668
1.12317	0.298509
-0.940944	-0.0687515
2.94828	0.468727
0.210613	-0.709477
-0.615032	0.178671
-0.886625	-0.865928
-0.49553	0.168941
-0.647623	-0.569166
-0.484667	0.356549
0.742937	0.435167
-0.897489	0.343261
-0.75626	0.275006
0.971075	-0.403305
-0.712805	0.495603
0.123703	0.415313
-0.593304	0.0122249
1.81845	0.492308
-0.658487	-0.221247
-0.734533	-0.901659
-0.940944	-0.892923
-0.84317	-1.02411
0.0693844	0.0750644
-0.0935718	-0.0392141
0.525662	0.334188
-0.115299	-0.0769354
-0.919216	-0.706148
0.590844	0.206919
-0.625895	-0.321195
-0.397757	0.0595456
-0.0501168	-0.15656
0.395297	0.184491
0.514798	0.40515
2.86137	0.530311
-0.810579	-0.330157
0.981939	-0.3606
-0.712805	-0.530082
0.916757	-0.562836
0.601708	-0.158559
-0.278255	0.0622718
0.210613	-0.0417593
-0.0501168	-0.144903
1.1123	-0.424085
1.73154	0.301334
-0.213073	0.401726
-0.625895	-0.294407
0.178022	0.0569972
0.547389	0.350766
-0.104436	0.28667
-0.0718443	0.437519
0.916757	0.410841
-0.854034	-1.683
2.31818	0.551735
0.764664	0.720409
-0.810579	-0.703059
1.25353	0.50412
-0.995263	-0.401489
1.00367	0.228362
0.645163	0.461003
-0.75626	0.0174324
-0.875761	-0.440962
0.645163	0.369309
-0.919216	-1.00114
-0.886625	-0.0258248
-0.647623	-0.0930132
-0.0609805	-0.0628042
0.514798	0.275381
-0.951808	-0.449463
-0.940944	-0.559885
-0.897489	-0.899296
1.01453	0.36189
1.19921	0.219144
0.569117	0.0489349
-0.995263	0.0293188
-0.441212	-0.927712
0.264932	0.113561
1.3839	0.473568
-0.962671	-0.836063
-0.082708	-0.766292
1.69895	0.0660107
-0.93008	-0.286244
-0.256528	-0.274964
0.243204	0.406251
1.43822	-0.0672551
-0.810579	-0.61848
-0.821443	0.419284
-0.810579	-0.541845
0.862438	0.164718
-0.256528	0.415296
-0.864898	0.437496
-0.419484	0.331041
-1.00613	-1.21228
1.66635	0.547398
0.818983	0.592726
1.97054	0.561494
0.417024	0.0919108
0.0150657	0.342987
1.16662	0.602825
-0.701942	0.509976
1.07971	0.0111644
0.981939	0.338361
-0.875761	0.345456
-0.213073	0.224076
0.0259294	0.256253
-0.223937	-0.163035
-1.00613	-0.958433
-0.84317	-0.598724
-0.897489	-0.497711
-0.810579	-0.0747354
0.351842	0.534355
-0.919216	-0.819141
-0.462939	0.0520396
-0.256528	0.510679
-0.538985	0.174216
-0.973535	-1.06528
0.862438	0.0934643
0.297523	-0.150572
-0.549849	0.0573194
-0.767124	0.163795
-0.897489	-0.354898
-0.560713	0.36196
-0.995263	-1.10129
-0.538985	0.373044
-0.256528	0.0227543
-0.40862	0.204898
-0.897489	-1.65679
0.0585207	0.391402
-0.723669	0.174105
-0.604168	0.167064
-0.908353	0.377281
3.53492	0.789075
0.49307	0.245369
-0.962671	-0.675497
1.6229	0.588112
-0.777988	-0.207386
-0.940944	-0.0201221
-0.897489	-0.364528
-0.767124	-0.991627
0.0693844	0.365866
0.395297	0.430178
-0.962671	-1.25596
-0.745396	0.410168
-0.908353	-1.35298
-0.886625	-0.982275
0.427888	0.49606
-0.810579	0.302347
-0.126163	0.382106
1.92708	0.419794
0.905893	0.267109
-0.104436	-1.14653
-0.745396	-0.618033
0.884165	0.412981
-0.549849	-0.631182
-0.299983	0.572187
-0.962671	0.0994841
1.25353	-0.189681
-0.788851	0.478363
0.243204	-0.430944
1.8619	0.410443
0.558253	0.230659
0.417024	0.41769
-0.93008	-0.2264
-0.365165	0.238072
0.00420194	-0.711413
1.15576	0.376943
0.862438	0.0709021
2.38336	-0.377626
0.786392	0.37895
-0.32171	0.341325
-1.02785	-1.0759
-0.49553	-0.0703858
0.634299	-0.0770012
-0.93008	-0.754841
1.06885	-0.236031
0.0367932	0.126177
-0.810579	-0.14079
-0.973535	-0.483972
-0.104436	0.568405
-0.875761	-0.29819
0.00420194	0.571778
-0.137027	-0.406069
-0.636759	0.524499
0.895029	0.123398
-0.104436	-0.0452872
-0.560713	0.0074978
0.742937	0.226739
-0.908353	-1.0693
-0.365165	0.240483
-0.940944	-0.657186
-0.777988	0.100998
-0.832306	-0.672332
-0.864898	0.375647
-0.886625	-0.0238439
-0.365165	-0.441532
-0.636759	0.390715
-0.995263	-0.716524
0.569117	0.0487247
-0.517258	-0.267036
-0.137027	0.318668
-0.604168	-0.183599
-0.93008	-1.16982
-0.625895	0.341032
0.884165	0.480746
-0.365165	-0.0623232
0.623435	0.424511
0.178022	-0.143312
-0.0718443	0.226922
2.97	0.390175
0.449616	0.102705
0.992803	0.124374
0.145431	-0.0559493
2.40509	0.526157
-0.0718443	-0.0349097
-0.104436	0.296124
-0.886625	-0.141827
0.710345	0.453812
-0.528122	0.144072
-0.875761	-0.58387
-0.202209	0.152071
0.775528	-0.0680724
-0.701942	0.00337552
-0.886625	0.299985
-0.397757	0.617376
0.0259294	0.371324
-0.354302	-0.25849
1.84017	0.588966
0.438752	0.484938
-0.517258	-0.810988
0.297523	0.521484
-0.40862	0.383825
-1.00613	-0.698202
1.88363	0.273664
-0.299983	-0.342011
-0.886625	-0.11307
0.808119	0.765572
-0.376029	-0.319233
-0.310847	0.345634
0.634299	0.158148
1.21008	0.360323
3.13296	0.293357
-0.452075	-0.290033
-0.636759	-0.108616
0.188886	0.728815
-0.84317	-0.0416463
-0.376029	0.041726
-0.278255	0.179879
0.264932	0.278098
-0.875761	0.470535
-0.571577	0.00479297
0.243204	0.444488
-0.777988	0.274844
-0.712805	0.0846094
-0.40862	0.417573
-0.267392	-0.151522
-0.528122	-0.639206
1.76413	0.481898
-0.66935	0.3722
0.0367932	0.248591
-0.75626	-0.935819
-0.886625	-0.462624
-0.278255	-0.6433
-0.973535	-0.15836
-0.897489	-0.330899
-0.712805	-0.132501
-0.473803	-0.647237
-0.691078	0.322064
1.02539	0.684073
0.84071	0.615073
-0.636759	0.150454
0.0476569	0.485638
0.525662	0.367739
4.07811	0.251313
0.395297	0.485053
0.145431	0.386554
-0.419484	0.130778
-0.376029	-0.226089
0.536525	0.0893637
-0.864898	0.150416
-0.14789	-0.271185
0.482207	0.539618
-0.951808	-0.98732
-0.2348	0.653315
-0.810579	-1.28858
0.362706	0.705263
-0.2348	0.491266
0.0585207	-0.50298
-0.691078	-0.383532
-0.517258	0.118344
-0.14789	0.127808
0.482207	0.418848
1.53599	0.265402
-0.310847	0.221476
-0.940944	-0.521953
-0.734533	-0.446126
2.39423	0.222777
-0.593304	0.109916
-0.832306	-0.629339
-0.691078	0.156264
-0.940944	-0.651151
-0.343438	0.299672
-0.615032	0.347912
-0.506394	-0.0847139
-0.940944	-0.373665
0.199749	0.283277
1.18835	0.681417
0.851574	-0.427488
0.417024	-0.340431
3.29592	0.344927
0.156294	0.0296128
-0.745396	-0.347185
-0.658487	0.228526
-0.973535	-1.00217
-0.213073	-0.731262
1.82931	0.511851
0.601708	0.607415
2.98087	0.769909
1.76413	0.424027
-0.452075	0.656683
0.895029	0.463039
-0.66935	-0.569874
0.482207	0.123913
0.569117	0.300194
2.38336	0.654537
0.134567	0.413721
-0.712805	-0.704685
1.88363	0.324345
-0.940944	0.0703688
-0.082708	0.215862
-0.919216	0.18742
0.786392	0.50232
-0.951808	-0.894751
-0.528122	-0.23389
-0.625895	-1.10519
-0.919216	-0.270944
0.569117	0.449019
-0.386893	0.0718274
-0.897489	-0.725169
-0.864898	-0.945013
0.232341	0.373573
1.82931	0.45239
0.525662	0.423716
-0.365165	0.472913
0.699482	-0.0303076
0.677754	0.0154229
-0.571577	0.0726499
2.731	0.381637
-0.84317	-0.638178
0.49307	0.635939
-0.615032	0.0433557
0.992803	0.318168
-0.256528	0.50223
0.145431	-0.591135
-0.560713	-0.0564636
-0.810579	-0.835299
-0.104436	0.26551
-0.039253	-0.041319
-0.777988	-0.0535028
-0.821443	-1.03624
-0.158754	0.207194
-0.897489	-0.514781
3.88256	0.513835
-0.821443	0.379157
-0.636759	-0.790767
-0.636759	0.0722505
-0.49553	0.0467371
-0.897489	-0.846817
0.0259294	0.545653
-0.625895	-0.258387
-0.571577	0.044842
0.938484	0.441211
-0.84317	-0.759167
-0.658487	0.538419
-0.256528	0.145265
-0.734533	0.407937
-0.223937	0.0473368
-0.875761	-0.157649
-0.2348	0.381682
-0.984399	0.411898
0.656027	0.434623
-0.995263	-0.496707
0.0476569	0.604945
0.960212	0.336908
-0.712805	-1.13486
-1.00613	-1.54644
-0.376029	-0.25639
1.18835	0.450447
-0.0609805	0.103907
-0.299983	0.277095
-0.365165	0.0249477
-0.984399	0.106303
-0.593304	0.144227
-0.854034	-0.341753
1.25353	0.582911
-0.647623	-0.287089
0.264932	0.550107
-0.767124	-0.602816
1.34044	0.457926
0.645163	0.392894
-0.245664	0.127407
-0.712805	-0.645366
-0.93008	-0.220296
-0.886625	-1.12734
-0.0175256	0.742237
3.73047	0.891127
-0.517258	-0.00533518
2.11177	0.129771
0.905893	0.421259
0.808119	0.656261
-0.886625	0.403976
2.19868	0.55318
-0.919216	-0.27156
-0.701942	0.63488
-0.452075	0.43002
-0.571577	0.512381
4.1107	0.548375
-0.951808	-0.552707
-0.940944	-0.256815
-0.788851	-0.436016
-0.365165	0.164052
-0.821443	-0.740993
0.57998	0.0584118
2.15522	0.357295
-0.517258	-0.0574972
-0.104436	-0.0440802
-0.908353	-0.442233
-0.0935718	0.392335
-0.701942	-0.468985
1.15576	0.314412
0.0259294	-0.317936
0.156294	0.364811
0.460479	0.204053
-0.256528	-0.761104
0.362706	-0.236027
-0.126163	0.738938
-0.213073	0.460843
1.12317	0.368841
0.221477	0.604833
0.0585207	0.289601
-0.169618	0.425912
-0.506394	0.235739
-0.940944	-1.72464
-0.0935718	0.0910969
0.199749	-0.0256454
-0.799715	-1.11906
-0.32171	0.260534
-0.919216	-0.75795
-0.00666181	0.514073
-0.343438	0.204919
0.101976	0.0969226
-0.951808	0.589494
0.503934	0.524011
0.264932	-0.172577
-0.2348	0.129203
-0.191345	0.236894
1.30785	0.589256
2.29645	0.375484
-0.93008	-0.595711
0.905893	-0.358303
-0.799715	-0.85358
0.49307	0.536365
-0.506394	-0.608403
-0.875761	-0.794591
-0.397757	0.367168
0.188886	-0.429596
-0.810579	-0.949057
-0.180482	-0.301525
0.134567	-0.029831
-0.919216	0.10663
-0.940944	-1.12181
0.0585207	-0.180318
0.884165	0.21904
0.449616	0.412569
-0.180482	0.3124
0.460479	0.408531
0.112839	-0.138315
-0.213073	-0.0501892
-0.549849	0.0304911
0.406161	0.228232
-0.462939	0.26061
0.101976	0.753864
-0.745396	-1.66894
0.699482	0.340659
-0.213073	0.440073
-0.158754	-0.265581
-0.875761	0.293404
0.536525	0.686298
-0.875761	-0.487666
-0.658487	-0.172429
-0.604168	0.251889
-0.202209	0.330309
-0.039253	0.387238
-0.343438	0.696998
-0.615032	0.37031
-0.202209	-0.467332
-0.202209	0.335028
0.92762	-0.103974
-0.886625	-0.709476
-0.58244	-0.281251
0.981939	0.220944
-0.951808	-0.969041
-0.962671	-1.05649
-0.00666181	0.438468
0.699482	0.319171
-0.615032	0.433461
1.05799	0.444308
-0.767124	-0.53093
-0.658487	-1.19207
-0.712805	-0.786838
0.0802482	0.0253515
0.145431	0.320712
1.28612	0.18804
-0.908353	-0.802197
-0.962671	-0.795073
-0.549849	-0.374814
-0.821443	-0.688524
0.992803	0.166809
-0.473803	0.210003
0.351842	0.279743
-0.40862	-0.467515
1.97054	0.378092
-0.788851	0.178071
-0.93008	-1.08302
-0.821443	-0.234989
-0.810579	0.10077
-0.245664	0.238676
0.49307	0.155254
-0.256528	0.259185
-0.58244	0.489194
-0.0283893	0.0423361
0.92762	0.539373
-0.636759	-0.144789
-0.386893	0.162347
2.53545	0.672941
-0.310847	0.306682
0.330114	-0.00376194
0.0367932	0.669611
0.297523	0.368432
-0.2348	0.407093
-0.788851	0.202344
0.123703	-0.0968513
-0.082708	0.407297
0.0259294	0.199222
-0.40862	-0.0887858
-0.615032	-0.729241
-0.908353	0.524501
-0.712805	-0.774233
1.80758	0.481198
-0.93008	-0.109243
-1.00613	-0.578274
3.73047	0.356363
-0.039253	0.381116
-0.202209	0.402378
-0.386893	-0.0950431
-0.636759	0.815651
0.49307	0.681214
2.55718	0.166182
-0.712805	0.392605
1.85104	-0.261155
0.992803	0.375095
-0.810579	-0.326791
0.884165	0.872424
-0.940944	-0.859159
1.77499	0.41547
0.569117	0.315713
-0.788851	-0.395048
2.17695	0.512974
-0.40862	-0.349413
0.829847	0.327106
-0.680214	-0.290576
2.78532	0.626044
1.16662	0.332511
-0.886625	-0.188454
-0.75626	0.228475
-0.213073	-0.0718504
3.14382	0.460905
-0.191345	-0.451933
-0.191345	0.307231
-0.49553	0.197893
0.199749	0.259715
-0.647623	-1.00555
-0.854034	-0.947775
0.699482	-0.0272392
-0.625895	-0.0565743
-0.158754	-0.0663951
1.32958	0.0920042
0.264932	-0.111412
-0.897489	0.194965
3.42628	0.881843
0.536525	0.717401
0.427888	0.778169
-0.701942	0.292641
-0.919216	-0.152008
0.210613	-0.449382
1.77499	0.256236
1.21008	0.238253
-0.462939	0.498573
-0.940944	0.434148
0.438752	0.186437
-0.462939	0.293206
-0.712805	-0.528467
0.101976	0.495678
-0.864898	-0.794885
3.04605	0.456626
0.460479	0.423958
-0.0283893	0.496779
0.49307	-0.14803
-0.93008	-1.1562
0.0150657	0.450025
2.35077	0.443881
-0.886625	-0.827458
1.04712	0.202876
0.471343	0.166596
0.862438	0.178955
0.808119	0.242095
3.55665	0.519316
-0.897489	-0.232519
-0.875761	-0.643346
2.89396	0.293986
0.0693844	0.345641
-0.940944	-0.558485
-0.66935	-0.106617
-0.908353	-1.10236
-0.191345	0.100949
0.601708	-0.171706
-0.745396	0.255377
-0.506394	-0.688607
-0.821443	-1.11061
-0.723669	-0.251418
-0.973535	-0.712008
-0.571577	-0.559408
0.808119	0.242192
-0.832306	-0.948998
-0.864898	-0.332878
2.75273	0.512934
0.0150657	0.732655
0.829847	0.562595
-0.788851	-0.39373
-0.593304	-0.539262
-0.343438	0.228118
-0.962671	-0.341637
0.319251	0.272882
-0.810579	-0.407501
0.66689	0.538759
-0.528122	-0.525118
0.460479	0.0911072
2.80705	0.795999
-0.810579	-1.06047
0.547389	0.266885
-0.278255	0.498328
-0.137027	0.309945
1.1123	-0.0798916
0.286659	0.10554
1.29699	0.0333689
-0.517258	0.489569
-0.897489	0.163323
-0.66935	0.0246437
0.134567	-0.245092
0.351842	0.350561
1.07971	0.437307
-0.940944	-0.426538
0.210613	0.537932
-0.712805	0.600522
-0.278255	0.609868
-0.571577	-0.60352
1.44908	0.616851
-0.940944	-1.14497
-0.886625	-0.464183
-0.332574	0.233794
-0.647623	0.268917
1.37303	0.662777
1.03626	-0.167133
-0.636759	-0.318683
-0.636759	-1.26829
0.427888	-0.11447
0.601708	0.450316
-0.767124	0.333632
-0.278255	0.356288
0.797255	0.315254
-0.832306	0.0944291
-1.02785	-1.13134
-0.2348	0.113214
0.340978	-0.236742
0.558253	0.0685155
-0.528122	0.565501
0.232341	0.210478
-0.84317	-0.394646
2.05745	0.731932
-0.93008	-0.686523
-0.571577	0.260798
-0.32171	-0.0634099
-0.397757	0.275742
-0.75626	0.533508
0.49307	-0.473578
-0.0718443	0.321903
-0.310847	-0.32261
0.0693844	0.201244
2.18781	0.543037
-0.332574	-0.0255794
0.677754	0.515878
-0.658487	-0.150564
-0.310847	0.297186
-0.897489	-0.171039
1.06885	0.729103
-1.00613	0.2066
-0.00666181	0.0461798
2.01399	0.720924
2.04659	0.53279
0.742937	0.383758
-0.376029	0.376207
-0.625895	-0.0510103
0.57998	0.477536
-0.32171	-0.166366
-0.484667	-0.128191
-0.886625	-0.658035
-0.49553	0.057194
-0.962671	-0.0545392
-0.897489	-0.599396
-0.615032	-0.303182
0.0802482	0.451452
-0.951808	-0.770802
-0.93008	-0.359877
1.16662	0.849485
-0.647623	-0.350023
0.362706	0.248345
-0.701942	0.27708
-0.137027	-0.594816
-0.126163	0.150974
-0.0175256	0.121959
0.677754	-0.0475442
0.319251	0.114173
0.57998	0.36998
1.03626	0.54723
-0.039253	-0.428848
-0.897489	-0.325421
-0.680214	0.227482
-0.75626	-0.211516
-0.615032	-0.089185
0.0693844	0.458954
0.384433	0.482667
-0.528122	-0.924228
-0.777988	0.142998
0.677754	0.511865
1.47081	-0.359214
0.460479	0.301389
-0.799715	-0.195533
0.742937	0.221769
-0.0501168	0.287153
-0.75626	-0.0245561
-0.886625	-1.04659
-0.223937	-0.0506682
-0.452075	0.0569531
-0.365165	-0.183865
-0.951808	0.517398
0.482207	-0.140735
-0.712805	0.562661
0.199749	-0.148428
0.938484	0.587703
-0.712805	-0.735848
-0.66935	0.13722
-0.2348	0.463934
-0.886625	-0.819212
-0.180482	0.360265
0.949348	0.384549
-0.854034	-1.35811
-0.658487	0.358471
-0.636759	0.229595
-0.799715	0.071741
0.438752	-0.291548
-0.984399	0.0958887
-0.0609805	0.546359
-0.962671	-0.618427
2.93741	0.201186
-0.962671	0.0583317
-0.462939	0.359267
-0.919216	-0.374061
-0.723669	-1.40849
-0.821443	-0.500515
0.123703	0.588017
1.57945	0.634661
1.40563	0.280566
-0.376029	-0.186755
0.145431	-0.014285
-0.984399	-0.784257
-0.625895	0.274689
0.101976	0.0905361
-0.799715	-0.89923
1.27526	0.262572
0.395297	-0.558184
3.29592	0.173883
0.569117	0.0875205
0.721209	-0.334851
-0.84317	0.401392
-0.0501168	0.43005
-0.560713	0.165087
-0.604168	-0.074818
-0.973535	-0.842758
3.81738	0.5729
0.612572	0.13045
-0.473803	-0.417241
-0.289119	0.347221
-0.245664	-0.741043
-0.636759	0.266228
0.0911119	-0.208176
-0.919216	-0.569883
-0.441212	0.407892
-0.962671	-0.435402
-0.647623	0.330606
-0.126163	-0.265641
-0.343438	0.168411
1.52513	0.142788
-0.962671	-0.586785
-0.452075	-0.176314
2.40509	0.337374
2.26386	0.351332
-0.777988	-0.580149
0.623435	-0.0583681
-0.538985	-0.747622
0.0150657	0.220377
-0.897489	-0.474453
0.406161	0.453829
0.66689	-0.220876
1.13403	0.553893
-0.00666181	0.572604
-0.777988	-0.578875
-0.777988	0.134265
-0.528122	0.231558
-0.701942	0.305281
-0.256528	0.256314
1.05799	-0.16933
-0.875761	-1.19221
-0.897489	-0.420162
0.167158	-0.32451
-0.962671	-0.685573
-0.940944	-0.569156
-0.864898	0.0422326
-0.289119	0.088541
-0.788851	-0.0527904
-0.832306	-0.93487
-0.951808	-0.168144
-0.886625	-0.366502
-0.799715	0.451709
-0.473803	0.392912
-0.647623	0.37958
0.264932	0.318834
-0.995263	-0.733071
1.00367	0.473654
-1.00613	-0.895917
0.808119	0.477669
-0.126163	-0.338765
1.03626	0.34294
-0.908353	-0.271712
-0.973535	-0.17418
0.178022	-0.339147
-0.289119	-0.323238
0.00420194	0.516487
0.612572	-0.16836
-0.951808	-0.865711
-0.289119	-0.381415
0.351842	0.196518
0.384433	-0.017604
1.7424	0.0362153
-0.2348	0.42526
-0.354302	0.429701
1.44908	0.242525
-0.886625	-0.698833
1.53599	-0.0875221
-1.00613	-0.833699
-0.126163	0.428396
-0.386893	0.607273
-0.14789	-0.0758539
1.68808	0.507097
1.90536	0.607032
-0.430348	0.320424
0.992803	0.0800607
0.178022	0.296188
0.112839	-0.0332509
-0.571577	0.153989
0.764664	-0.169908
-0.310847	0.0981607
-0.593304	0.353548
-0.919216	0.492046
-0.777988	-0.639498
-0.854034	-0.605044
-0.940944	-1.08533
0.514798	0.439019
-0.0501168	0.0965619
0.57998	0.283853
-0.75626	-0.681521
-0.962671	0.410496
1.13403	0.457369
0.395297	0.16313
-0.886625	-0.599148
1.17749	0.299323
0.417024	0.429034
-0.908353	-0.279931
-0.571577	0.382083
-0.126163	0.142958
-0.538985	-0.364496
1.23181	-0.0121127
1.09058	0.205487
-0.40862	0.165564
0.188886	-0.204795
-0.484667	-0.185678
1.25353	0.50436
0.57998	0.60814
1.69895	0.129114
2.14436	0.784382
-0.854034	-0.397934
-0.32171	-0.0398961
0.232341	0.421402
1.61204	0.46756
0.243204	-0.398592
-0.84317	-0.309064
-0.875761	-0.547509
-0.604168	-1.76174
-0.0718443	0.204465
0.232341	0.769157
-0.615032	-0.306587
-0.810579	-0.635639
-0.962671	0.316477
-0.799715	-1.0491
0.742937	-0.262806
-0.299983	0.709399
-0.712805	-1.09407
1.53599	0.305647
-0.0283893	0.34793
-0.354302	-0.17997
0.362706	0.283637
-0.919216	0.431231
-0.875761	-0.913306
-0.137027	0.218733
3.29592	0.731404
1.15576	0.379426
1.9814	0.57058
1.47081	0.449216
-0.354302	0.0335844
-0.430348	0.0296917
-0.202209	0.472659
-0.549849	-0.359409
-0.984399	-0.403814
-0.0283893	0.238973
-1.00613	-1.51934
-0.908353	-0.239058
1.73154	0.773013
1.41649	0.369141
0.66689	0.416119
0.514798	0.103159
-0.213073	-0.0993594
1.43822	-0.0224895
0.145431	0.564841
0.645163	-0.473434
1.24267	0.561681
-0.886625	-0.114783
0.0585207	-0.66182
-0.506394	0.13784
-0.169618	0.273791
-0.430348	-0.5893
-0.951808	-0.0163588
-0.962671	-0.157494
-1.00613	-0.584348
-0.354302	-0.349922
-0.289119	0.194954
-0.549849	0.325433
-0.799715	0.492857
-0.452075	0.00522879
1.44908	0.479465
0.112839	0.281669
-0.441212	0.52583
-0.528122	-0.347937
-0.712805	0.316102
-1.03872	-0.707635
-0.462939	-0.0093328
-0.560713	-0.147148
1.16662	0.396765
-0.734533	0.556885
-0.93008	0.260534
-0.723669	-0.329524
0.275796	0.191948
2.63323	0.499808
0.362706	0.416744
-0.32171	0.0498424
-0.84317	-0.150383
0.732073	-0.0323486
-0.528122	-0.0282341
-0.506394	-0.226782
-0.647623	0.0850342
0.0802482	0.424562
-0.919216	-0.931833
0.699482	0.301267
-0.951808	-0.56878
-0.256528	-0.0925919
0.417024	-0.288034
-0.93008	0.104665
1.13403	0.417325
-0.691078	0.310383
-0.180482	0.258144
-0.00666181	0.264564
-0.84317	-0.532401
0.482207	-0.0552269
1.64463	0.261859
-0.799715	-0.175663
-0.854034	-0.886408
-0.49553	0.0360638
-0.528122	0.479646
-0.40862	-0.344986
-0.919216	-0.31083
-0.0935718	0.322707
0.395297	0.582806
4.14329	0.562065
-0.66935	-0.199645
-0.49553	-0.315153
-0.810579	-0.448371
0.645163	-0.226389
-0.082708	0.356692
1.22094	0.0931311
0.00420194	0.524422
3.7196	0.701234
-0.821443	0.341607
0.601708	0.280044
-0.854034	0.0929623
1.52513	0.625247
-0.799715	-0.234374
1.24267	0.322582
-0.788851	-0.811261
-0.93008	-0.534176
-0.310847	0.36805
-0.973535	-0.838365
1.22094	0.328954
0.884165	0.46543
-0.788851	-0.493292
1.18835	0.225309
-0.897489	-1.03854
-0.104436	-0.0186458
-0.473803	-0.443601
-0.00666181	0.467623
0.221477	0.415729
-0.386893	0.0674725
0.0693844	-0.49769
-0.995263	-0.749844
-0.549849	-0.0836527
-0.560713	-0.245896
-0.441212	0.254812
1.22094	0.134431
-0.115299	0.0942933
1.09058	-0.295985
0.188886	0.26059
0.427888	0.589963
0.981939	0.0136776
-0.897489	0.295744
-0.32171	0.363778
-0.832306	-0.708784
-0.897489	-0.550238
-1.01699	-0.392288
0.677754	0.279583
0.786392	0.6389
1.40563	0.329156
1.02539	0.148001
-0.0609805	0.359886
0.851574	0.334426
0.742937	0.300321
0.340978	0.206408
0.134567	0.0795688
-0.58244	-0.368407
-0.886625	-0.194488
3.08951	0.435043
-0.0501168	0.292199
-0.354302	-0.535618
-0.93008	0.250297
-0.604168	-0.449704
-0.354302	0.386864
-0.0283893	-0.467749
2.39423	0.551479
-0.636759	-0.449515
0.156294	0.227486
0.0802482	0.340795
-0.191345	0.409446
-0.897489	-0.388669
0.0585207	-1.01986
-0.386893	-0.23486
-0.430348	-0.262033
-0.365165	-0.471519
-0.951808	0.185748
-0.636759	-0.675133
-0.875761	-0.540577
-0.00666181	0.422638
0.232341	0.724736
-0.810579	-0.399101
-0.169618	0.165419
-0.821443	0.426772
0.49307	0.0587209
0.232341	-0.16548
1.97054	0.325312
-0.452075	0.116108
1.99227	0.333512
0.7538	0.197512
-0.973535	-1.03848
-0.082708	0.478891
1.79672	0.664986
-0.343438	-0.455288
3.11123	0.243863
-0.84317	-0.328413
0.123703	-0.70071
-0.0935718	0.59159
0.460479	-0.858278
-0.00666181	-0.732997
-0.0609805	-1.23271
3.28505	0.397719
-0.223937	0.215931
-0.886625	-0.133531
-0.191345	-0.175456
0.612572	0.436489
0.0585207	-0.448641
-0.84317	-0.741705
4.53438	0.597109
1.34044	0.798359
-0.658487	-0.123375
-0.2348	-0.0617801
-0.919216	-0.578061
-0.75626	-0.932795
-0.854034	-0.251775
-0.788851	-0.236897
-0.0501168	0.0284814
0.732073	-0.515052
1.52513	0.593421
1.1449	0.431925
-0.777988	0.111585
-0.897489	-0.453636
-0.886625	-0.377716
0.971075	0.0970113
1.81845	0.15947
0.547389	0.466529
0.471343	-0.393734
-0.202209	0.314078
-0.777988	0.211087
-0.962671	-0.79922
0.688618	-0.598458
-0.158754	0.315391
-0.788851	0.316588
-0.484667	0.294316
0.775528	0.661321
0.558253	-0.286515
-0.310847	-0.157955
-0.267392	0.535079
0.254068	0.664636
2.86137	0.473559
0.57998	0.347685
-0.223937	-0.0205734
-1.00613	0.21889
-0.940944	-0.0497495
-0.115299	0.366381
-0.962671	-0.419232
0.558253	0.459485
0.0259294	0.413586
-0.854034	-1.03397
0.417024	0.645321
-0.647623	0.373551
-0.039253	-0.108986
-0.473803	-0.0895028
1.03626	0.356004
-0.864898	0.0161869
-0.58244	-0.333612
-0.2348	-1.15118
-0.039253	-0.34438
0.514798	0.113017
-0.93008	-1.00166
-0.2348	0.507788
-0.75626	0.269386
-0.593304	0.044529
-0.386893	0.30265
-0.419484	-0.178634
-0.419484	-0.203035
-0.908353	-0.803821
-0.995263	0.270078
-0.788851	0.403876
0.732073	0.6449
-0.0935718	0.244341
-0.560713	0.428959
-0.506394	0.43262
-0.864898	-0.536897
0.0150657	-0.699672
-0.908353	0.21018
-0.897489	-0.488595
0.438752	0.31613
-0.745396	0.417156
-0.223937	0.440082
-0.647623	-0.627023
-0.821443	-0.62623
1.03626	-0.425963
-0.528122	0.644429
0.536525	0.191818
-0.886625	-0.143569
-0.256528	-0.647385
-0.984399	-1.50605
-0.484667	-0.321636
0.862438	0.302384
-0.441212	-0.766407
-0.658487	0.292674
0.569117	0.323657
-0.104436	-0.237662
-0.691078	0.114206
2.40509	0.541214
-0.40862	0.715452
-0.940944	-0.557038
-0.723669	-0.0888376
-0.571577	0.464142
-0.452075	0.240446
4.21934	0.609851
1.48167	0.489738
-0.832306	-0.943971
-0.365165	0.366698
-0.0609805	0.39665
-0.039253	0.193915
0.938484	0.567149
-0.506394	-0.076098
1.94881	0.605106
-0.0609805	-0.0707639
-0.376029	-0.0440515
-0.799715	-0.18354
0.971075	-0.406914
0.123703	0.331845
-0.169618	-0.71352
-0.723669	0.102024
-0.484667	-0.801033
-0.962671	-0.754872
-0.104436	0.46291
-0.615032	0.627076
-0.75626	-0.206162
-0.40862	0.857482
-0.647623	-0.00343012
-0.832306	-0.463774
-0.962671	-0.585972
0.232341	-0.481208
-0.962671	-0.716188
-0.365165	0.417614
-0.14789	0.449697
-0.647623	0.265088
-0.202209	0.397662
-0.788851	-0.0156567
-0.712805	-0.0532068
-0.245664	-0.139709
-0.32171	-0.0648086
1.97054	0.420491
-0.66935	0.385562
-0.343438	0.469572
0.264932	-0.191908
-0.962671	-0.564306
1.39476	-0.297007
0.677754	0.141127
1.27526	0.369418
-0.517258	0.413306
-0.712805	-0.928959
0.254068	0.257236
1.68808	0.457276
-0.419484	0.490195
-0.832306	-0.255673
4.15415	0.695256
0.656027	0.0856924
-0.973535	-0.538283
-0.701942	0.363636
0.134567	-0.275084
-0.332574	-0.865669
-0.832306	0.177831
-0.75626	0.384615
-0.995263	-0.0879233
-0.082708	0.282398
-0.473803	0.352796
-0.332574	0.0449793
0.156294	0.177594
-0.908353	-0.40701
1.6229	0.411135
-0.473803	-0.153557
1.00367	0.309306
-0.940944	-0.58544
1.1449	0.260716
0.286659	0.367167
-0.799715	-0.887206
-0.386893	-0.0100255
-0.875761	-0.421938
0.503934	0.48626
-0.039253	0.393655
-0.897489	-0.552361
-0.984399	-0.617964
0.0802482	0.432473
-0.0501168	0.0279816
-0.886625	-0.810373
-0.886625	-0.360826
-0.821443	0.134781
-0.126163	-0.145737
-0.245664	-0.301826
-0.66935	-0.416326
-0.397757	-0.563453
1.97054	0.327109
3.2416	0.0646868
-0.0283893	-0.553033
0.0693844	-0.348484
-0.777988	-0.401651
-0.158754	0.160289
-0.343438	-0.578632
-0.484667	0.227738
-0.93008	-1.28838
-0.484667	-0.235732
-0.636759	-0.0873025
0.178022	0.0501971
-0.430348	0.251905
-0.951808	-0.509934
-0.734533	0.0653603
0.188886	-0.443109
0.569117	0.758693
0.960212	0.294138
-0.995263	-0.101195
0.0802482	0.343418
-0.854034	-0.672508
0.123703	-0.390438
0.503934	0.356848
-0.256528	0.273127
-0.039253	0.38759
-0.517258	-0.987135
-0.832306	-0.632147
-0.452075	0.0950577
-0.886625	-0.506626
0.916757	0.396615
-0.66935	-0.578372
-0.484667	0.0193079
-0.799715	-0.328347
-0.571577	0.0602015
-0.0283893	0.441951
-0.897489	-0.631361
0.0259294	0.338525
-0.549849	-0.735818
-0.40862	-0.0473678
0.0259294	0.480994
-0.864898	-0.715722
-0.376029	-0.0885389
0.243204	0.48009
-0.712805	-0.513028
-0.32171	0.5302
0.0150657	0.263364
-0.919216	-0.627547
-0.951808	-1.13658
2.97	0.358426
-0.332574	-0.0716471
-0.0935718	-0.415989
0.786392	0.576527
-0.908353	-1.04792
-0.788851	-0.546094
-0.854034	0.294169
1.97054	0.109619
1.51426	0.289521
-0.973535	-0.559742
-0.289119	0.724589
1.68808	-0.109911
0.0802482	0.0652789
0.221477	0.174376
0.699482	0.363245
0.384433	0.76228
-0.919216	-0.419953
-0.0175256	0.013986
-0.441212	0.00184076
-0.973535	-0.745732
3.33937	0.57416
-0.723669	0.263313
-0.854034	-0.261949
0.797255	-0.373131
0.721209	0.399617
-0.549849	0.54855
-0.354302	-0.572594
-0.875761	-1.20758
-0.484667	0.431934
-0.919216	-0.793887
-0.93008	-0.872482
-0.908353	-0.873894
1.37303	0.358565
0.254068	0.339745
2.68755	0.549474
-0.115299	0.336205
-0.278255	-0.266125
-0.473803	-0.358599
2.20954	0.382071
-0.984399	-1.27563
-0.940944	-0.652186
-0.180482	0.293578
-0.897489	-0.643658
-0.299983	0.762497
-0.191345	0.341081
-0.973535	-0.854992
0.92762	0.28601
-0.658487	-0.795917
0.471343	0.191748
-0.691078	-0.0920997
2.04659	0.587077
-0.452075	0.488669
-0.0175256	0.357887
-0.767124	0.623075
3.11123	0.728183
-0.962671	-0.479076
0.384433	0.258034
-0.430348	-0.286516
0.178022	0.549391
-1.02785	-0.738839
-0.897489	-0.477693
0.547389	0.645194
0.210613	-0.271183
-0.777988	-0.11039
0.297523	0.270305
1.23181	0.0570918
-0.84317	-0.241014
-0.777988	-0.0885681
-0.386893	0.0604509
-0.625895	0.0468451
3.13296	0.430781
1.79672	0.362299
-0.680214	0.569945
-0.864898	-0.117054
0.319251	0.486795
-0.0609805	-0.0511766
0.851574	0.610763
-0.560713	0.344215
-0.365165	-0.36256
-0.202209	0.613687
-0.66935	-0.490753
0.00420194	-0.122875
0.547389	0.511598
-0.213073	-0.895577
0.340978	-0.193004
2.00313	0.65884
0.156294	0.360158
1.02539	0.293619
-0.332574	-0.245198
-0.897489	-0.626227
-0.66935	0.324427
1.67722	0.660251
-0.310847	0.190352
-0.452075	-0.437547
0.232341	0.34791
-0.875761	-1.59184
-0.419484	0.440429
-0.0283893	0.28527
-0.49553	-0.097988
2.94828	0.239195
0.547389	0.127358
0.623435	-0.735155
0.330114	-0.265393
1.89449	0.2359
-0.919216	-0.160632
-0.940944	0.295055
-0.886625	0.0774544
-0.788851	-0.949669
0.57998	0.696983
0.254068	-0.00760906
-0.875761	-0.514044
-0.875761	-0.447806
-0.082708	-0.0461852
-0.75626	-0.108661
-0.75626	-0.343342
-0.462939	-0.799263
-0.940944	-0.123531
-0.278255	-0.0481872
1.09058	0.077188
-0.14789	0.277221
-0.2348	0.225888
-0.832306	0.488621
-0.940944	-0.799314
3.16555	0.355418
0.340978	0.081268
-0.723669	-0.524692
0.101976	-0.0476807
-0.593304	0.229212
0.199749	0.303011
-1.00613	-0.000239837
0.0585207	-0.750721
0.569117	0.145452
0.92762	0.490606
-0.658487	-0.318727
0.123703	0.384124
-0.191345	-0.233426
-0.549849	0.452444
-0.158754	0.0713367
-0.267392	-0.376364
-0.473803	0.0558398
1.75326	0.650274
-0.745396	-0.268091
-0.691078	-0.521957
-0.832306	-0.234026
2.42682	0.521994
-0.169618	-0.00929048
-0.267392	-0.0192775
-0.745396	-0.629973
-0.691078	0.529622
-0.32171	-0.303301
-0.691078	0.309899
-0.680214	-0.474795
-0.343438	0.193593
1.42735	0.501424
1.45994	0.689199
-0.104436	0.146004
0.156294	0.196918
-0.039253	0.00340385
-0.158754	0.287035
2.24213	0.449591
-0.0175256	-0.00424492
0.0476569	0.186657
0.938484	0.157747
-0.712805	0.444037
-0.191345	0.23361
-0.082708	0.338656
0.0585207	0.258803
1.18835	0.528848
-0.213073	0.551121
0.612572	-0.192673
0.645163	0.0718194
-0.93008	-0.448695
-0.940944	0.0601759
1.1123	0.5155
-0.528122	0.105576
0.829847	0.52966
-0.995263	-0.358741
0.00420194	-0.662321
-0.810579	-1.12768
-0.082708	0.0211119
0.221477	-0.118111
0.7538	0.398228
1.89449	0.398849
2.83964	0.0658751
4.40402	0.46016
-0.658487	-0.247234
0.275796	-1.15777
0.178022	0.491028
-0.84317	0.58226
0.503934	-0.0745063
-0.354302	-0.510524
-0.354302	-0.538544
0.221477	0.452196
0.167158	0.51876
-0.875761	0.253549
-0.691078	-0.0784686
-0.625895	0.0227288
1.05799	0.602257
-0.354302	0.292323
-0.104436	-0.651843
-0.734533	0.344916
3.41542	0.562199
-0.310847	-0.074369
3.8391	0.142074
-0.343438	-0.0432382
0.0367932	-0.145409
0.232341	0.242159
-1.00613	-0.144357
-0.66935	0.0113035
1.02539	0.378297
-0.517258	-0.543229
0.417024	0.104478
-0.32171	0.0868186
1.18835	0.592164
-0.386893	0.50827
-0.213073	-0.0779415
-0.386893	0.0430347
0.775528	0.380651
-0.984399	-0.704132
1.5034	0.160649
0.449616	0.339271
-0.897489	-1.04037
9.57516	0.454985
0.199749	0.358543
-0.289119	-0.69851
-0.158754	0.172862
-0.75626	0.066161
2.51373	0.434139
1.01453	0.385805
-0.549849	-0.470809
0.732073	0.612029
-0.810579	-0.993995
-0.0283893	-0.803402
-0.810579	-1.15021
1.69895	0.249916
-0.213073	0.446475
-0.962671	-0.840595
-0.354302	0.212923
-0.777988	-0.909227
0.00420194	-0.459514
-0.951808	-0.094524
-0.919216	-0.490358
-0.908353	-0.452986
0.612572	0.445112
0.895029	0.436151
-0.701942	-0.0119501
-0.962671	0.166216
-0.777988	-0.269904
0.199749	-0.222568
0.134567	0.308823
1.24267	0.299579
-0.864898	-1.39971
-0.473803	-0.240545
-0.832306	-0.238413
0.156294	0.377688
1.76413	0.719027
-0.864898	0.322673
1.39476	0.535451
2.44854	0.5354
0.123703	-0.559208
2.03572	0.495572
-0.875761	0.0847593
-0.864898	-0.576758
0.210613	-0.024582
-0.615032	0.404322
0.503934	0.124885
-0.278255	-1.21953
-0.962671	-0.702401
-0.310847	0.308985
-0.14789	-0.0565308
-0.517258	0.110992
-0.0283893	-0.726693
-0.854034	0.194651
4.99066	0.591084
-0.897489	0.0638518
-0.517258	0.39242
-0.560713	-0.337193
-0.484667	0.0659238
-0.734533	-0.0788603
-0.897489	0.0579851
0.0693844	0.0250984
0.0585207	0.321273
-0.799715	-0.625433
2.30732	0.394424
-0.951808	-0.405261
-0.908353	0.00618187
-0.940944	-0.657813
-0.919216	-0.358853
2.81791	0.597173
-0.701942	-0.486394
0.623435	0.10859
1.07971	0.325242
0.112839	-0.469229
-0.84317	0.238511
-0.745396	-0.780373
0.808119	0.76488
0.764664	0.541353
2.253	0.594507
-0.75626	-0.111971
0.818983	-0.11779
0.92762	0.217705
2.81791	0.623155
-0.191345	-0.0373179
-0.376029	0.204096
0.438752	-0.477998
0.406161	-0.101916
0.0802482	0.363099
-0.919216	-0.277353
3.66528	0.598692
-0.647623	-0.489546
0.308387	0.27589
-0.84317	-0.535934
1.04712	0.407725
1.07971	0.201953
-0.788851	0.352148
-0.256528	-0.461613
0.199749	-0.230903
0.449616	0.443041
0.0150657	-0.0128117
-0.788851	-0.544555
-0.278255	0.228054
-0.908353	-0.446832
0.514798	-0.0653731
0.00420194	0.445905
-0.886625	-0.551616
0.981939	0.809521
-0.593304	0.212582
0.547389	0.316638
0.938484	0.509889
-0.984399	-0.880827
-0.14789	0.0266465
-0.506394	0.129176
1.66635	-0.0724394
0.677754	0.179101
-0.00666181	0.235132
-0.84317	-0.585362
-0.571577	0.554473
-0.00666181	0.350845
-0.386893	-0.332803
-0.452075	0.469499
1.2644	0.52963
-0.919216	-1.5899
-0.777988	-0.897203
-0.245664	0.284062
-0.777988	0.287266
-0.691078	-0.796668
1.39476	0.112562
-0.886625	-0.936846
-0.691078	0.518346
-0.962671	-1.02687
1.36217	0.238373
0.384433	0.521408
0.330114	0.103017
0.0802482	0.40131
-0.897489	0.204695
-0.245664	-0.250128
0.373569	0.658423
0.221477	0.448905
-0.680214	-0.479805
-0.0935718	-0.186738
0.221477	0.427671
-0.908353	0.382065
1.47081	0.463456
-0.701942	0.181602
-0.984399	0.110454
1.48167	0.291524
-0.506394	-0.182008
1.93795	0.42963
-0.962671	-0.568822
-0.875761	-0.621477
-1.00613	-0.285113
-0.278255	0.128171
-0.604168	-0.590579
-0.864898	-0.0942756
-1.01699	0.0964296
-0.430348	-0.107228
3.30678	0.344851
-0.745396	0.290864
-0.799715	0.461122
-0.767124	-0.713316
-0.66935	-0.92112
0.0367932	0.473584
-0.0935718	0.193624
-0.745396	-0.161299
-0.082708	0.461587
-0.712805	-0.171991
-0.691078	-0.83523
-0.951808	-0.67562
-0.84317	-1.04988
0.156294	-0.200804
-0.615032	-0.84362
0.145431	0.278999
-0.299983	0.298637
0.656027	0.11026
1.15576	0.501855
0.0476569	0.493619
-0.0283893	0.491749
-0.180482	0.302731
1.67722	0.523334
-0.0935718	0.186636
-0.984399	-0.276441
-0.854034	0.242279
1.39476	-0.848749
-0.473803	0.239213
0.905893	0.459106
-0.897489	-0.703193
-0.615032	-0.46445
0.199749	0.0773521
0.145431	0.279582
1.09058	-0.851766
-0.973535	-0.789827
1.55772	0.499256
-0.821443	-0.551897
0.112839	0.225836
0.971075	-0.160616
0.362706	0.731696
-0.84317	-0.586093
-0.245664	0.369288
1.40563	0.0401219
-0.267392	-0.576672
-0.886625	0.425804
-0.299983	0.124798
2.03572	0.557113
-0.951808	-0.511256
-0.0609805	-0.53806
-0.560713	-0.15479
0.0585207	0.207582
0.297523	0.394391
-0.767124	-0.675327
-0.202209	-0.00644491
-0.984399	-0.995895
1.1123	0.329084
-0.267392	-0.410545
0.971075	0.323827
0.884165	0.486529
-0.506394	-0.0431024
-0.886625	-0.436682
-0.104436	0.480735
-0.462939	-0.277266
-0.430348	-0.978279
-0.691078	0.311319
0.49307	0.519256
0.960212	0.575654
-0.84317	-0.74505
-0.908353	0.141854
-0.560713	-0.377367
-0.104436	0.568356
0.0802482	0.510542
-0.180482	0.260528
2.11177	0.413004
-0.49553	0.283817
-0.082708	0.16068
-0.604168	0.387935
1.59031	0.750607
0.0585207	0.126692
1.90536	0.348439
-0.788851	-0.44405
-0.723669	-0.538535
0.101976	0.0743259
0.7538	0.328367
-0.875761	-0.818108
-0.430348	0.2934
-0.473803	-0.461097
-0.75626	-0.225144
-0.854034	-0.00132471
0.482207	0.492674
-0.00666181	0.501937
-0.180482	0.238252
-0.647623	-0.238013
-0.473803	0.351654
1.31872	0.667729
1.44908	-0.337003
-0.441212	-0.823463
0.536525	0.342166
-0.104436	0.0620342
-0.658487	0.515401
-0.376029	0.317099
-0.571577	0.0564961
0.101976	-0.955453
-0.2348	0.071748
-0.115299	0.431673
0.49307	-0.599386
-0.712805	-0.239774
-0.777988	-0.565599
-0.658487	-0.464492
-0.441212	-0.117997
0.0911119	0.328455
-0.691078	-0.137431
0.0802482	0.617382
2.16609	0.606998
-0.473803	-0.966919
-0.245664	0.0648676
-0.93008	-0.499459
-0.919216	-0.714715
-0.886625	-0.0497353
1.80758	0.411584
-0.680214	0.477162
-0.517258	-0.432418
0.645163	-0.0692322
-0.897489	-0.622136
-0.93008	-1.25213
-0.995263	-0.288782
-0.223937	-0.813554
0.0911119	-0.0457146
-0.734533	-0.919208
-0.886625	-0.945687
-0.158754	0.0521388
-0.734533	-0.726317
-1.00613	-1.46685
-0.799715	0.268133
-0.951808	-0.65664
-0.538985	0.10858
1.54685	0.364638
-0.810579	0.513518
-0.919216	-0.336819
2.39423	0.40294
-0.973535	-0.826793
-0.082708	0.298721
-0.995263	-0.354877
-0.180482	-0.218914
-0.278255	0.519782
2.731	0.252331
-0.365165	0.15701
-0.886625	-0.354788
1.70981	0.590191
-0.701942	0.17577
-0.951808	-0.090523
-0.137027	0.281505
-0.984399	-0.523525
-0.821443	-0.175089
0.351842	0.385272
0.873302	0.487326
0.0911119	0.508524
-0.875761	-0.411161
-0.0718443	-0.0308239
-0.039253	0.112433
0.742937	0.173806
0.340978	0.0392091
0.0911119	0.283654
-0.745396	0.40984
-0.462939	0.159258
-0.832306	-1.06821
0.645163	0.544098
0.808119	-0.501755
1.64463	0.872027
-0.289119	0.209139
-0.962671	0.272036
-0.419484	0.773115
0.49307	-0.299855
0.167158	0.591566
-0.0935718	0.0495149
0.0259294	-0.104492
-0.962671	-0.10503
-0.777988	-0.492618
0.0367932	0.158333
-0.104436	0.0710291
0.57998	0.457294
0.981939	0.546018
-0.854034	-0.569089
-0.299983	0.0167328
-0.299983	-0.494864
0.427888	-0.676164
-0.00666181	0.408948
0.482207	0.0725483
-0.84317	-0.573905
0.319251	0.550744
-0.115299	-0.109758
-0.777988	0.702066
0.199749	-0.0973281
0.0585207	-0.13258
-0.919216	0.576511
-0.712805	-0.404738
-0.158754	0.229277
0.0150657	0.260764
0.406161	0.393344
1.06885	0.32195
-0.745396	0.309502
-0.995263	-0.527303
0.308387	0.0655072
-0.864898	-0.259272
2.02486	0.125485
-0.93008	-0.483093
0.406161	0.542646
-0.821443	-0.565424
-0.376029	0.361715
1.09058	-0.0819809
-0.376029	-0.014681
-0.734533	-0.462604
-0.0175256	0.281643
1.01453	0.276429
0.449616	0.535032
-0.767124	0.0379108
0.7538	0.33954
2.43768	-0.215272
-0.680214	-0.969445
0.112839	-0.489212
-0.354302	0.0468814
-0.14789	-0.372249
1.90536	0.561896
-0.897489	-0.320178
0.243204	0.16152
0.569117	-0.419971
1.51426	0.369714
1.2644	0.434275
-0.549849	-0.698174
0.145431	0.408267
0.210613	0.198746
-0.14789	-0.207673
-0.951808	-0.0238038
0.862438	0.387397
-0.191345	0.190433
0.232341	-0.242154
-0.560713	-0.206003
-0.712805	-0.243563
3.65442	0.603035
-0.777988	0.33938
-0.799715	-0.994459
-0.365165	-0.213365
-0.636759	0.327508
2.38336	0.292477
0.873302	0.378904
-0.202209	0.466408
0.199749	-0.228419
-0.995263	-0.204898
-0.951808	0.479531
-0.984399	-0.514187
0.275796	0.117943
3.84997	0.709855
-0.560713	0.538569
0.0693844	0.567737
-0.604168	0.419037
-0.365165	-0.133916
-0.549849	0.277993
-0.289119	0.0391075
-0.299983	-0.338671
-0.40862	0.433858
1.77499	0.392642
-0.082708	0.0853408
-0.93008	0.0930443
0.905893	0.163228
-0.615032	-0.706868
-0.49553	-0.644681
0.0693844	0.189464
-0.604168	-0.171324
0.145431	0.212793
-0.788851	-0.894819
-0.799715	-0.0141724
0.0911119	-0.0976591
0.340978	0.51431
0.00420194	-0.055708
-0.984399	0.0381066
-0.919216	-1.01017
0.960212	-0.463917
2.30732	0.409262
-0.115299	0.71234
-0.0283893	0.583297
-0.75626	-0.673695
-0.560713	0.252045
-0.799715	-0.454477
-0.430348	0.258958
-0.0609805	0.322094
-0.788851	0.121312
-0.32171	0.0170729
-0.278255	0.136891
-0.571577	-0.274389
-0.93008	-0.800173
-0.278255	0.303701
-0.223937	-0.152264
-0.452075	-0.8586
-0.604168	-0.741374
-0.66935	0.109556
-0.75626	0.0209188
-0.354302	0.147132
-1.00613	0.476515
-0.723669	-0.298075
-0.767124	-0.633542
-0.223937	0.435084
-0.984399	-1.2607
-0.528122	-0.285404
2.23127	0.390239
1.23181	0.280311
-0.039253	0.689717
-0.40862	-0.388723
-0.462939	-0.26661
-0.0718443	-0.0745391
0.112839	0.481844
-0.462939	-0.245035
-0.299983	-0.450092
-0.517258	-0.275227
-0.908353	-0.2198
-0.691078	-0.42997
0.525662	0.498426
-0.625895	0.41238
-0.126163	0.37296
-0.354302	0.520202
0.101976	0.580306
0.330114	-0.127463
3.46974	0.518285
-0.995263	-0.509972
-0.810579	0.312669
-0.951808	-1.08553
0.645163	0.19225
0.0476569	0.0118369
0.0476569	-0.722428
-0.14789	0.39302
-0.343438	0.208248
0.373569	0.11898
-0.951808	-0.832793
-0.615032	-0.556506
-0.962671	-0.412396
-0.973535	-1.12365
0.395297	-0.343977
0.145431	0.35567
3.51319	0.452566
0.438752	0.180089
-0.908353	-0.761901
1.1449	0.456842
-0.886625	-0.258094
-0.658487	-0.604441
0.362706	0.58629
-0.810579	-0.428822
-0.58244	-0.356967
1.24267	0.216318
-0.897489	-0.565478
-0.854034	-0.358287
-0.0175256	0.145687
-0.767124	0.613714
-0.973535	-0.384445
0.0585207	-0.388549
1.78586	-0.144029
-0.767124	0.0259647
-0.908353	0.167641
-0.376029	-0.190817
1.78586	0.799347
-0.256528	0.357136
0.134567	0.332401
-0.712805	0.374811
1.39476	0.58488
0.264932	0.328376
0.308387	0.256901
-0.821443	0.256613
1.07971	-0.0532191
0.308387	0.180235
-0.625895	0.312952
-0.984399	-0.545265
1.39476	-0.118181
-0.66935	-0.326843
0.569117	0.554834
-0.995263	0.0766483
0.938484	0.348866
-0.452075	0.347406
0.57998	0.12559
-0.0283893	-0.0956562
0.829847	-0.43139
-0.864898	-0.216862
-0.940944	-1.09821
-0.875761	-0.613425
-0.278255	-0.0700567
-0.973535	-0.29712
0.829847	0.594475
-0.332574	-0.289391
-0.962671	-0.62761
2.57891	0.93436
0.362706	0.683876
0.384433	-0.236503
0.340978	-0.286465
1.91622	0.279254
-0.854034	-0.640439
-0.354302	-0.117846
2.52459	0.655106
-0.039253	0.592169
0.797255	0.271748
1.75326	-0.176876
1.73154	0.476568
0.536525	-0.1593
-0.14789	0.24158
0.134567	0.199881
1.73154	0.314289
-0.777988	0.390155
1.56858	-0.393227
-0.430348	-0.544587
-0.0609805	0.377577
0.656027	0.73828
-0.788851	-0.783204
2.45941	0.694701
-0.517258	0.452684
-0.93008	-0.236597
2.00313	0.13361
0.199749	-0.0677226
-0.886625	0.0543753
0.112839	-0.605491
-0.951808	-0.25629
-0.615032	0.233291
0.818983	0.351754
-0.908353	-0.0890147
-0.158754	0.462289
-0.886625	-1.0738
-0.658487	0.402787
-0.430348	-0.0486004
-0.973535	-0.51108
-0.767124	0.348321
1.63376	0.100227
0.721209	-0.111497
-0.908353	-0.509711
1.2644	0.245456
-0.0935718	0.282083
-0.0283893	0.380928
-0.832306	-0.228852
-0.397757	-0.220338
-0.897489	-0.72088
0.373569	-0.476963
-0.745396	0.0487557
0.0585207	0.152231
-0.538985	0.41015
2.64409	0.325223
-0.0501168	-0.985529
-0.810579	-0.099497
1.36217	0.041083
-0.0935718	0.321134
-0.832306	-0.59
-0.397757	0.239077
-0.517258	0.450295
-0.14789	-0.126255
-0.299983	-0.343035
0.0259294	0.0831149
0.0911119	0.272334
-0.973535	-0.452196
0.243204	0.167002
-0.973535	-1.28319
2.65496	0.130571
-0.278255	-0.271725
-0.169618	0.309439
1.70981	0.219236
-0.332574	-0.459857
-0.647623	-0.192037
1.45994	0.357583
-0.538985	-1.43072
-0.908353	-1.08791
-0.886625	0.320154
-0.951808	-0.629609
1.22094	0.348068
-0.180482	0.0168194
-0.777988	-1.05206
1.3839	0.551563
0.916757	0.689418
-0.875761	-0.610209
-0.810579	0.17573
1.18835	0.325911
-0.245664	0.424494
-0.506394	-0.940629
-0.169618	0.45711
-0.864898	-0.341468
-0.506394	-0.294375
-0.528122	-0.603837
-0.897489	-0.37432
-0.376029	0.567208
-0.951808	-0.633776
2.86137	0.516271
-0.137027	-1.30354
-0.473803	-0.459549
0.829847	0.0227008
-0.636759	-0.200281
0.156294	0.332298
-0.636759	-0.237929
-0.636759	-0.2222
-0.832306	-0.316388
-0.278255	0.183004
-0.84317	-0.133154
-0.799715	-0.661758
-0.962671	-0.175093
-0.886625	-0.664381
2.95914	0.657183
1.54685	0.678724
1.31872	0.844312
1.44908	0.533296
-0.158754	0.356995
-0.788851	-0.236921
-0.365165	0.698612
-0.886625	-0.9174
-0.0718443	0.296703
-0.473803	0.158077
-0.777988	-0.896052
0.308387	-0.257304
0.0693844	0.630677
-0.734533	-0.179953
-0.84317	0.113524
-0.864898	-0.239272
-0.082708	0.234668
4.7082	0.456074
0.167158	0.414297
1.97054	0.310161
0.427888	0.297747
-0.854034	-0.49817
0.471343	0.468773
-0.528122	-0.594955
5.22966	-0.74424
3.10037	0.345467
-0.875761	-0.381071
0.319251	0.269832
0.960212	0.469673
0.677754	-0.0979401
-0.745396	-0.782308
-0.0283893	-0.00908335
0.916757	0.205299
1.01453	-0.435224
1.22094	0.374848
0.134567	0.294285
0.895029	0.0375354
2.05745	0.377095
0.558253	0.313758
1.72067	0.353459
-0.419484	-0.72812
-0.951808	-0.959417
0.123703	-0.0434437
0.818983	0.271582
-0.897489	-0.232236
-0.908353	-1.58011
-0.137027	0.0687928
-0.962671	-0.548849
-0.039253	-0.497106
-0.680214	0.0654775
1.13403	0.440071
-0.897489	-0.285146
-0.354302	0.174752
7.72832	0.691053
-0.462939	-0.0318421
1.78586	0.515042
-0.66935	0.30441
-0.940944	-0.78687
-0.886625	-0.758896
-0.560713	0.610806
-0.49553	-0.13336
1.61204	-0.0761169
0.742937	0.456534
0.569117	0.438577
-0.0283893	-0.449174
-0.712805	-1.18583
0.590844	0.640433
-0.256528	0.176499
-0.745396	0.207587
-0.984399	-0.153953
-0.973535	0.478681
0.210613	0.394957
-0.84317	-1.02345
-0.376029	-0.547801
-0.278255	0.0803393
-0.962671	-0.445301
-0.104436	0.530984
-0.549849	-0.235643
-0.223937	-0.128207
0.688618	0.605172
1.15576	0.426929
0.960212	0.504318
-0.832306	-0.454658
-0.919216	-1.16848
0.308387	-0.429433
1.16662	0.680857
0.112839	0.181369
0.167158	-0.043191
-0.14789	-0.0395253
-0.897489	-0.317969
-0.734533	-0.0687837
-0.821443	0.344031
0.699482	0.361538
-0.604168	-0.670036
-0.40862	0.151032
-0.962671	-0.290257
0.427888	-1.07759
1.79672	0.561168
-0.919216	-0.46715
-0.0175256	0.00289341
-0.560713	-0.0306198
-0.995263	-0.410968
-0.93008	-1.07926
0.0911119	0.33968
-0.343438	0.349597
-0.538985	0.205604
0.742937	0.0752966
-0.289119	0.293853
-0.940944	0.0989771
-0.571577	-0.823622
-0.223937	0.283937
-0.908353	-0.244742
0.188886	0.0642031
0.601708	0.462453
-0.973535	-0.72623
0.362706	0.729515
-0.376029	-0.173382
0.0585207	0.43541
0.243204	0.667526
-0.897489	-0.759622
0.362706	-0.256936
-0.886625	-1.66476
-0.691078	0.226211
-0.854034	0.389375
1.2644	0.306154
-0.137027	-0.0255664
0.438752	-0.0390256
-0.213073	0.447911
1.85104	0.459617
-0.267392	0.00880599
-0.484667	0.1627
-0.854034	0.31776
-0.951808	-0.806398
3.07864	0.316926
0.373569	0.513964
0.134567	0.161956
0.525662	0.0599389
-0.115299	-0.0853484
-0.712805	-0.679504
-0.854034	-0.342725
-0.940944	-0.165851
0.243204	-0.0910862
-0.299983	-0.0329227
-0.604168	-0.061684
1.23181	-0.0339577
-0.875761	-0.088323
-0.712805	0.219359
0.460479	0.0653892
-0.93008	-0.943453
-0.538985	0.191384
-0.919216	-0.59596
-0.278255	-0.870415
-0.93008	-0.638274
2.44854	0.65182
-0.886625	0.215104
0.167158	-0.404246
-0.973535	0.0901618
-0.886625	-1.07972
0.0367932	0.411631
-0.32171	-0.0603704
0.460479	0.223431
-0.680214	-0.437811
0.243204	0.306785
0.362706	-0.6091
1.06885	0.374214
-0.919216	-1.48645
-0.962671	-0.448311
0.221477	0.15179
0.601708	0.247177
-0.691078	-0.26286
0.536525	0.353478
-0.32171	0.176703
-0.984399	-1.14082
-0.962671	-0.201768
0.101976	0.486907
-0.995263	-0.197015
1.22094	0.357755
0.340978	0.0588148
-0.734533	-0.242114
-0.506394	0.520045
-0.137027	0.450506
-0.962671	-0.472222
-0.832306	0.185892
-0.93008	-1.71941
-0.940944	-0.939042
-0.908353	0.497859
-0.126163	-0.392313
-0.289119	0.115862
0.156294	0.367825
1.41649	0.378285
-0.723669	-0.126244
2.74187	0.346855
1.42735	0.167141
-0.615032	-0.117026
-0.191345	0.264836
-0.2348	-0.524448
-0.832306	0.202424
-0.58244	0.338788
-0.484667	0.216382
-0.180482	0.26174
-0.66935	-0.289612
1.06885	0.443045
-0.00666181	-0.0828486
1.29699	0.689132
2.22041	0.510374
-0.593304	-0.39616
-0.875761	-0.0421684
-0.93008	0.327059
-0.962671	-0.521484
-0.908353	-0.291955
0.199749	0.473297
-0.886625	-0.648403
0.340978	0.0591118
0.49307	0.318773
-0.93008	-0.552882
-0.0935718	0.0146882
-0.745396	0.729548
0.00420194	0.511144
-0.593304	0.583496
0.264932	0.144745
-0.0283893	-0.0296986
-0.32171	-0.387904
-0.973535	-0.808039
1.9814	0.380134
0.232341	-0.295071
-0.604168	0.133096
0.49307	0.651554
-0.875761	-0.225573
-0.712805	0.0216198
0.0150657	-0.123415
1.8619	0.0586914
0.916757	0.161981
-0.560713	0.141228
-0.962671	-1.12957
2.03572	0.457599
0.362706	0.651044
0.884165	-0.583175
0.710345	0.267557
1.01453	-0.210619
-0.40862	0.401764
-0.940944	0.00569226
0.981939	0.327855
5.60989	0.681596
1.07971	-0.256355
0.960212	0.403099
0.264932	0.509903
0.0911119	0.273558
-0.810579	-0.263775
-0.886625	-0.524131
-0.397757	-0.475784
-0.75626	-0.362671
-0.658487	0.261314
-0.701942	0.332202
0.319251	-0.331257
-0.0175256	0.335556
-0.213073	0.317181
-0.636759	-0.522884
-0.299983	0.259923
2.02486	0.441208
0.482207	0.566693
0.0476569	0.341769
1.16662	0.1513
-0.0718443	0.510851
0.232341	0.0903846
2.1335	0.328327
-0.810579	-0.102761
-0.777988	0.295624
-0.93008	-0.0776415
-0.538985	-0.309678
-0.908353	-0.864506
-0.821443	-0.191095
-0.213073	-0.230116
-0.604168	-0.49372
-0.0935718	0.0518613
-0.723669	-0.404872
-0.940944	-0.95294
0.221477	0.803528
0.92762	0.306053
3.29592	0.493228
1.57945	0.549718
0.92762	0.491721
0.873302	0.101248
1.60117	-0.0110251
1.12317	0.42904
-0.75626	0.177493
0.199749	0.250827
-0.169618	0.248905
-0.0935718	0.476712
-0.691078	0.623515
-0.365165	0.42429
0.0150657	-0.210058
0.460479	0.320497
-0.680214	0.00645774
-0.658487	0.0419242
-0.93008	-0.211974
-0.310847	-0.217052
-0.604168	-0.239641
4.09983	0.730556
-0.658487	0.37085
-0.0609805	-0.254221
-0.528122	0.391613
-1.01699	0.00183758
-1.00613	-0.308679
-0.441212	-0.527792
-0.202209	-0.134636
-0.517258	-0.686941
-0.701942	0.673462
1.8619	0.220042
-0.919216	0.254849
-0.84317	-0.232392
0.395297	-0.241392
-0.897489	-1.28121
-0.00666181	-0.0452885
-0.082708	0.254161
-0.897489	-0.341068
-0.875761	-0.023488
-0.897489	-0.771556
1.1449	-0.134056
-0.864898	-0.148821
-0.854034	-0.773703
-0.832306	-0.44471
-0.799715	-0.145714
-0.332574	0.121621
-0.441212	-0.61509
1.53599	0.594662
1.42735	0.0645913
-0.810579	0.0794989
-0.441212	0.106455
-0.58244	-0.21582
-0.310847	0.579064
0.308387	-0.364298
0.57998	0.690069
-0.973535	-0.540054
-0.854034	-0.700668
0.0367932	0.12578
0.0476569	-0.188417
-0.832306	0.505278
0.0911119	0.509129
-0.745396	0.00680898
2.62236	0.398984
-0.158754	-0.471228
0.297523	-0.0449386
-0.00666181	-0.2004
-0.810579	0.108095
-0.799715	-0.621852
-0.919216	-0.872893
-0.137027	0.323142
-0.647623	0.223999
0.438752	0.500258
0.232341	-0.26565
0.460479	0.499002
-0.484667	0.154063
-0.615032	-0.512522
-0.897489	-0.559002
-0.93008	-0.111412
2.22041	-0.138241
0.00420194	0.0812256
-0.104436	-0.17496
-0.75626	0.398746
-0.2348	0.262409
0.851574	0.379376
0.362706	0.101251
-0.126163	0.385597
-0.821443	-0.797263
0.536525	0.420811
-0.84317	-0.0599968
0.623435	0.384853
-0.299983	0.767493
-0.115299	-0.435127
-0.799715	-0.32056
0.449616	0.481048
2.93741	0.735523
-0.191345	0.0949043
-0.984399	0.248421
3.58924	0.464563
-0.973535	-0.327682
2.54632	0.15784
-0.864898	-0.554537
-0.126163	-0.146933
0.960212	0.074473
-0.745396	0.00402663
-0.919216	-1.40433
-0.484667	0.366492
1.40563	0.353193
-0.886625	0.317274
0.243204	-0.146016
-0.951808	-0.812306
-0.691078	0.130842
0.156294	0.376687
-0.658487	-0.221423
0.134567	0.348351
0.7538	0.658279
1.10144	0.581183
0.536525	0.162544
-0.886625	-0.378755
-0.93008	0.233042
2.00313	0.456861
-0.386893	-0.415429
-0.799715	-0.753451
-0.701942	0.204956
-0.973535	-0.273706
-0.777988	-0.611735
-0.973535	-0.397831
0.49307	0.418963
0.49307	0.308611
1.68808	0.263128
-0.854034	-0.459741
-0.213073	0.368941
-0.777988	0.249993
-0.343438	0.549398
-0.897489	-0.961778
-0.919216	-1.05442
-0.256528	0.232054
0.590844	-0.108636
0.471343	0.268021
-0.93008	-1.0761
1.09058	0.765825
1.84017	0.697599
2.54632	0.171078
-0.821443	0.628988
-0.473803	0.230362
-0.202209	0.171062
-0.40862	-0.492282
0.417024	-0.116439
-0.723669	-0.741553
0.0476569	0.363709
-0.604168	0.351697
0.221477	0.529633
0.0367932	-0.218683
-0.767124	0.148146
1.54685	0.265081
0.254068	0.598742
-0.84317	-0.596646
-0.604168	-0.169966
-0.875761	-0.339257
1.01453	0.472519
0.243204	0.404416
0.384433	0.604156
4.49093	0.0687842
-0.104436	0.315929
-0.343438	-0.578351
1.10144	0.112214
1.16662	0.447019
-0.832306	0.0296034
-0.712805	0.367222
1.67722	-0.0389098
-0.734533	0.421724
-0.278255	0.481509
-0.821443	-0.463789
-0.462939	-0.164854
-0.864898	-0.271682
0.514798	0.141061
-0.462939	-0.541451
-0.680214	0.504415
-0.397757	0.450302
-0.267392	0.519186
-0.343438	0.300487
-0.202209	-0.408825
-0.821443	-0.852466
-0.691078	0.441933
1.13403	0.0250567
1.93795	0.515605
-0.256528	0.733948
-0.441212	0.528681
1.47081	0.552886
-0.104436	0.154611
0.0585207	0.379083
3.80651	0.490998
0.471343	-0.0335729
1.60117	0.56858
-0.386893	-0.410172
1.73154	0.772629
0.406161	0.0543027
1.17749	-0.0113046
-0.908353	-0.347384
-0.560713	-0.855682
3.62183	0.195418
-0.973535	-0.651585
-0.810579	0.105198
1.40563	0.243369
-0.951808	-0.566792
-0.940944	-0.53795
0.84071	0.242943
2.26386	-0.1672
-0.58244	0.306523
0.590844	0.527659
-0.973535	-0.808073
-0.973535	-0.518265
-0.299983	0.410134
-0.137027	-0.0284366
0.634299	0.308489
-0.245664	0.22929
-0.441212	-0.186079
-0.93008	-0.793224
1.42735	-0.3718
-0.40862	0.58759
-0.00666181	0.510025
-0.940944	-0.0970914
-0.777988	0.151826
-0.58244	0.727782
-0.647623	-0.7836
0.895029	0.172628
0.264932	0.390048
-0.560713	-0.371165
-0.267392	-0.12903
-0.984399	-0.230225
0.384433	0.137409
0.0693844	0.161721
0.884165	0.380306
0.449616	0.272557
-0.256528	-0.050409
-0.14789	-0.425123
-0.452075	-1.10946
0.449616	0.0428115
-0.245664	0.192763
0.471343	0.15958
-0.93008	-0.989509
-0.734533	-0.84367
-0.636759	-0.573683
-0.14789	-0.178769
-0.886625	-0.871322
-0.940944	-1.04746
2.44854	0.292398
-0.821443	-0.406123
-0.886625	-0.400575
0.590844	0.316196
-0.376029	0.245061
-0.93008	0.196429
-0.919216	-0.851195
-0.745396	0.222293
-0.473803	-0.974975
-0.701942	-1.07627
0.0693844	0.118141
0.232341	-0.635824
-0.169618	-0.224398
-0.615032	-0.463951
-0.169618	-0.824018
0.645163	-0.173095
0.916757	0.0834797
1.22094	-0.201135
-0.2348	-0.652505
0.710345	0.449744
-0.919216	-0.388326
-0.984399	-0.946985
-0.712805	0.0529664
-0.93008	-0.463864
-0.821443	-0.054185
-0.84317	-0.454176
0.395297	-0.417778
1.23181	0.242866
-0.875761	-0.712595
-0.93008	-0.432589
1.22094	0.351618
-0.962671	-0.206429
-0.723669	-0.052264
0.601708	0.320856
1.5034	0.728317
-0.984399	0.388736
0.503934	0.20586
0.0367932	-0.175639
-0.386893	-0.938597
-0.104436	0.212938
-0.886625	0.0142008
1.82931	0.585278
-0.832306	-0.508597
0.0476569	0.280677
-0.951808	-0.589919
-0.647623	-0.203709
-0.082708	0.0652532
-0.560713	0.484371
-0.00666181	0.57739
2.15522	0.276213
-0.886625	-0.372646
-0.615032	0.111814
-0.245664	-0.650109
-0.864898	-0.715945
0.721209	0.0927511
-0.66935	-0.507224
0.971075	0.822052
-0.104436	-0.0821529
-0.082708	0.269581
1.48167	0.465004
3.64356	0.590472
-0.864898	-0.00851728
0.732073	0.239505
-0.821443	0.415829
-0.821443	0.185738
-0.854034	-0.410784
-0.604168	0.474148
0.66689	0.381658
-0.202209	0.42717
0.482207	0.166075
-0.93008	-0.574344
-0.75626	0.502456
0.797255	0.419474
0.221477	0.352334
-1.00613	-1.39654
2.07918	0.463532
1.5034	0.551934
-0.126163	0.019919
2.90482	0.553365
-0.549849	0.12988
-0.875761	-1.42159
2.04659	0.546439
-0.93008	-0.445207
-0.560713	0.359135
-0.538985	-0.572462
-0.680214	-1.20339
-0.821443	0.281574
-0.723669	-1.27465
-0.93008	0.0847249
-0.419484	-0.149287
0.101976	0.215486
3.33937	0.454673
0.699482	0.0285549
1.05799	0.0835607
-0.538985	-0.100539
-0.973535	-0.391156
-0.593304	-0.413376
-0.93008	-1.02785
-0.962671	-1.07605
-0.484667	-0.443985
0.286659	0.298701
-0.821443	0.005146
0.732073	-0.603715
-0.734533	-0.214671
-0.32171	0.257925
-0.245664	0.542337
-0.745396	0.154775
-0.593304	0.342666
-0.919216	-0.564715
-0.32171	0.477959
1.37303	0.432162
1.04712	0.543072
-0.49553	-0.205057
0.0802482	-0.5279
-0.58244	-0.340842
1.73154	0.384915
0.710345	-0.159655
-0.821443	-0.381514
1.02539	0.524959
-0.93008	-0.0289587
-0.940944	-0.745175
1.29699	0.848836
0.688618	0.152485
-0.777988	-0.496566
-0.940944	0.231687
-0.962671	-1.01137
-1.00613	0.442766
-0.701942	-0.118899
1.39476	0.869322
-0.886625	-0.351318
-0.245664	0.128419
0.156294	0.487829
0.612572	-0.320228
-0.745396	0.421719
-0.549849	-0.0791714
-0.75626	-0.450635
2.93741	0.149896
-0.951808	-0.609202
0.112839	0.816174
1.48167	0.57655
-0.441212	-0.385168
-0.430348	0.240812
0.873302	-0.0268958
3.46974	0.605677
-1.02785	-0.155615
1.45994	0.322706
1.19921	0.468598
-0.93008	0.249418
-0.615032	-0.0182428
-0.832306	-0.398909
-0.538985	0.379627
-0.0935718	-0.442225
-0.84317	-0.60127
0.601708	0.240351
-0.832306	-0.623646
0.427888	0.174069
-0.84317	-0.138137
-0.158754	0.072918
-0.267392	-0.111971
-0.973535	-0.264802
-0.376029	0.405665
-0.799715	-0.159844
-0.560713	0.331214
0.0585207	-0.196994
-0.462939	0.335269
-0.0609805	-0.301523
1.03626	0.295432
-0.984399	0.400679
-0.354302	-0.54916
-1.02785	-0.971364
-0.973535	-0.778638
-0.84317	-0.0981686
-0.919216	-0.121206
2.69841	0.443795
-0.919216	-0.0322372
-0.647623	-0.646668
0.590844	0.494315
-0.854034	-0.249217
0.590844	0.122259
1.51426	0.0467127
3.07864	0.561158
0.84071	0.425793
0.210613	0.634579
-0.430348	0.126981
-0.0175256	0.158031
0.308387	0.744961
-0.897489	-0.139432
-0.191345	0.022178
0.0911119	0.487325
-0.560713	0.366851
-0.376029	0.348095
0.656027	-0.275055
-0.397757	0.413449
-0.701942	-1.23781
-0.745396	-0.988707
2.14436	-0.771937
-0.430348	0.453137
0.612572	0.476782
-0.58244	-0.814787
0.297523	0.376358
-0.517258	-0.0196814
0.503934	-0.0687882
2.89396	0.564473
-0.984399	-0.342833
0.797255	0.831538
1.52513	0.137129
-0.93008	-0.84967
-0.506394	0.0788977
-0.864898	-0.836917
-0.951808	-0.903757
0.612572	-0.361974
0.884165	0.427662
0.786392	0.268945
0.243204	0.638677
-0.310847	0.246045
-0.886625	-0.71221
1.32958	0.39822
-0.126163	-0.0753785
-0.604168	0.104116
-0.137027	-0.322005
-0.962671	-1.15871
-0.897489	-0.382251
-0.191345	-0.0324538
2.74187	0.822407
-0.517258	0.230442
-0.919216	-0.631042
-0.58244	-0.256508
-0.32171	-0.416149
2.65496	0.592922
2.56805	0.448451
-0.66935	0.233018
0.308387	-0.593634
-0.549849	-0.579665
-1.02785	-0.29207
0.503934	0.387378
-0.788851	0.257416
-0.365165	0.44975
0.221477	0.554799
-0.745396	-0.44259
0.721209	0.521857
-0.571577	0.365865
-0.278255	0.336486
0.66689	0.147437
-0.832306	-0.892208
-0.615032	-0.324223
-0.777988	-0.0873045
-0.962671	0.244912
0.101976	-0.0527014
0.449616	0.396134
-0.191345	-0.263734
-0.625895	0.571848
-0.636759	0.495349
2.07918	0.589329
-0.00666181	0.231683
-0.919216	-0.791475
-0.473803	-0.389952
0.710345	0.267313
-0.615032	-0.0333869
-0.984399	-0.335915
-0.93008	-1.23996
-0.767124	0.233651
-0.528122	0.114178
0.254068	-0.200261
0.514798	0.0999279
-0.14789	0.294262
-0.919216	-0.571804
-0.799715	-0.312948
-0.680214	0.245692
0.373569	0.716133
0.199749	-0.395452
-0.452075	-0.280598
-0.604168	0.267922
0.362706	0.20656
-0.538985	0.351105
0.319251	-0.290744
-0.289119	0.531004
-0.32171	-0.725989
-0.995263	-1.0043
-0.973535	-1.04116
0.221477	0.472825
-0.0935718	0.140899
-0.66935	-0.0626203
-0.571577	-0.263762
-0.93008	-2.03472
0.286659	0.652621
-0.701942	0.281337
-0.538985	0.324128
-0.0283893	-0.214665
0.677754	0.468743
1.15576	0.395007
-0.397757	-0.173733
1.22094	0.153126
-0.864898	0.347989
-0.821443	-0.856868
-0.908353	-0.829415
-0.256528	0.242344
-0.951808	-0.291813
0.330114	-0.296645
0.960212	0.38091
-0.169618	0.195766
0.156294	0.468469
-0.169618	0.564775
0.905893	0.42533
4.36056	0.496307
-0.691078	-0.577642
-0.0609805	-0.636205
-0.615032	-0.534132
0.449616	0.0409973
0.221477	0.354453
-0.571577	0.286702
-0.278255	0.453435
-0.223937	0.278196
-0.767124	0.339894
1.24267	0.405526
1.1449	0.296577
-0.213073	0.511093
-0.788851	-1.2218
-0.767124	0.314841
-0.897489	-0.616717
-0.897489	-0.897878
0.0693844	0.446693
-0.40862	-0.611207
0.395297	-0.105993
-0.169618	-0.116864
0.145431	0.281418
0.112839	0.362135
-0.310847	-0.539403
-0.0935718	-0.0137204
-0.995263	-0.161402
1.17749	0.440414
0.297523	0.430426
-0.777988	-0.232207
1.16662	-0.161333
-0.430348	0.247716
-0.484667	-0.171428
-0.560713	-0.568205
-0.734533	-0.997721
-0.951808	-0.709454
-0.864898	0.1559
2.52459	0.647087
-0.723669	0.320646
-0.734533	-0.624014
2.86137	0.802127
-0.875761	0.133803
-0.0935718	0.625877
1.32958	0.308176
0.340978	0.252094
-0.549849	0.461903
0.884165	0.509102
-0.832306	-1.01625
2.26386	0.594167
-0.962671	-0.0159517
0.427888	-0.0334159
-0.995263	-0.696705
0.362706	0.111075
-0.777988	0.197249
-0.571577	-0.384993
-0.745396	-0.697401
1.89449	0.15583
-0.875761	-0.650216
-0.810579	-0.0518004
-0.854034	0.0357228
1.90536	0.460634
0.362706	0.255286
-0.506394	0.461851
0.905893	0.511407
1.07971	0.331108
0.243204	-0.557593
-0.549849	-0.0908874
3.13296	0.731355
-0.777988	-0.286553
2.38336	0.504628
-0.940944	-0.718065
-0.940944	-0.368941
-0.191345	0.46247
0.0585207	0.11159
-0.745396	-0.555848
-0.571577	-0.888555
1.55772	0.457514
-0.962671	-1.01544
-0.115299	0.714321
1.2644	0.933148
-0.75626	-0.400687
1.5034	0.456871
0.992803	-0.508299
-0.908353	-0.277258
-0.49553	0.454674
-0.615032	0.258217
0.0693844	0.290181
0.482207	0.479126
0.254068	0.502106
1.12317	0.221301
-0.386893	0.0687001
1.81845	0.395951
0.297523	0.277902
-0.419484	-0.399944
1.7424	0.435946
-0.0935718	-0.753046
-0.854034	-0.0716914
-1.00613	-0.724713
0.938484	-0.104421
-0.452075	0.0944586
0.558253	0.127232
-0.462939	0.269739
-0.951808	-1.5122
2.65496	0.316778
0.178022	0.0561975
-0.213073	-0.0243588
-0.636759	-0.542011
-0.560713	-0.598618
0.677754	0.305499
-0.647623	0.632889
0.00420194	0.337475
-0.821443	-1.00819
0.145431	0.563099
5.03412	0.246053
-0.517258	-0.94881
-0.484667	-0.314081
0.612572	0.368976
-0.962671	-1.00191
1.31872	-0.060867
-0.0609805	0.31555
-0.951808	-0.421313
0.156294	0.464731
0.123703	0.482183
-0.00666181	0.296781
-0.0283893	0.586447
0.275796	0.331543
-0.951808	-0.149782
-0.202209	0.0409944
1.16662	-0.25539
-0.810579	-0.523813
0.395297	0.363497
-0.332574	0.591282
1.19921	0.33567
-0.66935	0.0789329
-0.137027	0.689209
-0.973535	-1.15144
-0.962671	-0.720898
-0.767124	-0.166928
-0.32171	0.291248
1.3839	0.426503
0.66689	0.387829
2.30732	0.611265
-0.75626	-0.977404
-0.734533	0.0109325
-0.14789	0.425227
-0.75626	0.16515
-0.777988	-0.0525199
-0.93008	-0.0356597
-0.202209	0.283285
-0.93008	0.477898
-0.245664	0.0715718
-0.951808	0.0591727
-0.289119	-0.161323
-1.01699	-1.61836
3.20901	0.616344
0.612572	0.578895
0.0585207	-0.462116
-0.571577	0.257998
2.492	0.159424
-0.441212	0.0449936
-0.875761	0.0177804
0.92762	0.512047
-0.397757	0.342641
-0.788851	-0.142816
-0.625895	0.0935863
0.254068	0.350019
-1.00613	-0.199591
-0.723669	-1.64414
1.29699	0.376909
3.29592	0.502777
3.26333	0.259911
-0.897489	-0.657732
-0.517258	0.0851493
-0.777988	-0.820935
-0.93008	0.128929
1.06885	0.391195
0.123703	-0.267743
1.32958	0.38647
-0.995263	0.110475
-0.777988	-0.880964
-0.886625	-0.385039
2.02486	0.524594
-0.376029	0.210669
0.0476569	-0.0779939
0.525662	0.44413
-0.082708	-0.0594233
-0.636759	0.136858
-0.126163	0.647197
0.732073	0.600612
-0.386893	-0.846949
-0.365165	-0.830016
1.06885	0.366283
-0.289119	0.0961717
1.18835	0.230201
-0.886625	0.410481
-0.343438	0.140293
-0.680214	-0.400628
1.43822	0.800483
-0.376029	-0.623738
-0.84317	-1.15327
2.6115	0.342113
0.634299	0.731784
-0.604168	-0.379444
-0.343438	0.241627
1.15576	0.322177
-0.452075	0.327102
-0.995263	-0.759297
-0.93008	-0.323007
-0.984399	0.318576
-0.973535	-0.522615
2.19868	0.574451
-0.897489	-0.280825
-0.66935	0.410457
1.78586	0.626413
0.156294	-0.469794
-0.397757	-0.678186
0.199749	0.27556
0.406161	0.480682
-0.0501168	0.31294
0.775528	0.526215
-0.951808	-0.366668
-0.777988	-0.50073
-0.701942	-0.294316
0.406161	0.349109
-1.00613	0.442158
1.03626	0.03914
-0.691078	-0.0164178
-0.604168	0.14359
-0.745396	-1.69943
-0.951808	-0.181702
-0.984399	-0.856102
-0.452075	0.311091
-0.799715	-0.36678
-0.995263	-0.299211
-0.365165	0.149604
1.60117	-0.570549
-0.365165	-0.397091
-0.289119	0.0869186
1.87277	0.534388
-0.832306	-0.345681
-0.615032	-0.126519
2.69841	0.362452
-0.419484	-0.223567
-0.940944	-0.680516
0.49307	0.167258
-0.528122	0.0535953
-0.951808	-0.226312
-0.615032	0.318183
-0.180482	0.346577
-0.864898	-0.522528
-0.854034	-1.41665
-0.343438	0.0652738
1.25353	-0.0636803
0.992803	0.291181
-0.940944	-1.19906
0.0911119	-0.311471
-0.680214	0.26202
0.319251	-0.339089
-0.821443	-1.44015
-0.951808	-0.767198
0.275796	-0.313721
0.00420194	0.187777
-0.604168	0.437791
0.862438	0.237361
-0.973535	-1.55592
0.710345	0.197696
-0.647623	0.603282
-0.886625	-1.02763
-0.712805	-0.0371922
-0.951808	-0.274841
-0.951808	-1.04646
-0.310847	0.448219
-0.310847	0.282309
-0.310847	-0.106631
-0.799715	-0.488575
-0.647623	-0.20427
-0.538985	-0.590507
-0.93008	-0.376128
-1.00613	-0.734159
-0.962671	0.0642119
-0.799715	0.529004
1.27526	0.389389
-0.202209	0.312811
0.590844	0.338845
-0.604168	0.293328
0.775528	0.59788
-0.299983	0.513916
-0.538985	-0.0882611
1.77499	0.475763
0.0585207	0.214717
-0.40862	-0.0411238
-0.647623	-0.380813
-0.386893	-0.106802
-0.854034	-0.357555
-0.473803	0.143004
-0.441212	0.510191
0.210613	0.530771
1.2644	0.299176
0.612572	0.256768
-0.799715	-0.535057
2.57891	0.32289
2.55718	0.368784
0.895029	0.246195
0.0476569	0.00802436
0.232341	-0.240317
1.22094	0.358886
-0.115299	0.215911
-0.419484	0.366704
0.84071	0.475738
-0.962671	-0.688307
0.764664	0.459756
-0.897489	-0.564765
-0.680214	-0.778116
-0.571577	0.551731
-0.864898	0.370644
2.24213	0.657682
0.101976	0.0725178
0.210613	-0.0471634
3.44801	0.443619
-0.452075	0.2728
-0.625895	0.31288
1.94881	0.240325
-0.397757	-0.234301
-0.984399	-0.106606
-0.701942	-0.242166
1.03626	-0.225525
-0.14789	0.596943
0.0259294	-0.0549034
2.66582	0.34295
-0.886625	-0.172596
-0.701942	-1.05827
-0.66935	-0.536073
1.1123	0.479813
-0.995263	-0.498976
0.981939	0.429108
-0.2348	0.190963
0.178022	-0.00482598
0.0367932	-0.107511
-0.821443	-0.518587
-0.886625	-1.08466
0.797255	-0.0149481
0.0802482	0.0637275
0.775528	0.587087
-0.58244	0.129975
-0.517258	0.0337103
-0.951808	0.489586
-0.897489	-0.692462
0.677754	0.306057
-0.777988	0.394926
0.536525	0.123722
-0.452075	0.462031
-0.897489	-0.114048
-0.32171	0.519391
-0.082708	0.265171
-0.680214	-0.582281
-0.647623	0.251463
-0.636759	-0.619784
1.9814	0.0388834
-0.332574	-0.15949
-0.571577	-0.0673237
-0.245664	0.441489
1.28612	-0.846913
-0.854034	-0.449677
1.84017	0.288689
-0.897489	-0.520873
-0.560713	0.414014
-0.875761	-0.736437
-0.593304	-0.493386
-0.799715	-0.847086
1.39476	0.477936
-0.32171	0.347929
1.36217	0.179789
0.167158	0.0973641
-0.75626	0.0796024
0.84071	0.426813
0.590844	0.217149
0.612572	0.0875534
1.19921	-0.0934865
0.764664	0.282659
0.406161	0.241795
-0.549849	-0.103118
-0.951808	-0.465703
-0.723669	-1.24752
2.01399	0.383946
-0.886625	-0.538647
-0.310847	0.203076
-0.832306	-1.0165
0.134567	0.495933
-0.854034	-0.197296
-0.821443	-0.615416
-0.549849	-0.590972
-0.777988	-0.537728
-0.299983	-0.0673423
-0.419484	0.447884
-0.886625	-0.884772
-0.897489	-0.42583
2.31818	0.411971
-0.397757	0.576082
0.101976	0.325948
0.981939	0.722611
-0.615032	-0.00186878
-0.799715	0.206166
-0.951808	-1.53208
2.50286	0.678276
-0.854034	-0.61672
0.732073	0.413682
0.634299	-0.0231849
-0.376029	-0.428553
1.43822	-0.0686899
-0.0175256	-0.00138106
-0.332574	-0.0807611
-0.658487	-0.220285
1.42735	0.426884
-0.897489	0.300174
-0.549849	-0.169931
0.297523	0.384946
0.123703	-0.718446
-0.875761	-0.594258
-0.951808	-0.313818
1.17749	0.401099
-0.919216	0.10802
-0.962671	-2.35873
-0.40862	-0.076228
-0.169618	0.44389
-0.0283893	0.362128
-0.810579	-0.518341
-0.919216	0.212287
-0.75626	-0.782455
-0.940944	-0.541939
-0.452075	-0.089388
1.57945	0.597577
0.427888	0.180348
0.145431	0.408119
-0.832306	-0.205244
-0.875761	0.103209
1.70981	-0.163997
0.710345	0.434653
-0.2348	0.0369211
-0.897489	-0.629171
-0.278255	0.578494
-0.419484	-0.203676
-0.538985	-0.792432
-0.473803	-0.277143
-0.419484	0.199161
-0.75626	-0.398125
-0.289119	0.184312
-0.0609805	0.19798
1.27526	0.290121
-0.419484	0.456683
-0.484667	-0.242778
-0.560713	-0.00293175
0.427888	0.041185
-0.940944	-0.821138
0.0476569	0.124306
-0.897489	-0.449446
2.20954	0.539528
-0.962671	-0.200095
-0.32171	-1.02672
-1.00613	0.224542
-1.04958	-1.24973
1.40563	0.58443
-0.821443	-0.186588
0.764664	0.236008
-0.821443	0.561266
0.873302	0.417406
-0.810579	-0.191392
-0.158754	0.48324
-0.821443	-0.197556
-0.951808	-0.444838
1.99227	-0.0356491
0.851574	0.354101
-0.93008	-0.34106
-1.02785	-1.10639
-0.854034	0.38384
-0.549849	-0.425523
1.7424	0.643741
-0.832306	-0.971955
0.406161	0.789921
-0.691078	-0.13879
-0.93008	-0.699045
-0.571577	-0.621733
0.188886	-0.107886
-0.397757	-0.0376961
-1.00613	-0.818139
-0.908353	-0.423259
-0.462939	0.528349
-0.799715	-0.00575686
-0.365165	0.55332
-0.49553	-0.594563
0.558253	0.555956
-0.376029	0.38158
-0.278255	-0.338308
0.547389	0.46848
-0.310847	0.0714292
-0.66935	-0.919142
-0.528122	0.273771
-0.32171	0.475686
-0.973535	-0.0465981
-0.365165	0.160838
-0.00666181	-0.136308
0.156294	0.13309
-0.810579	0.189088
-0.126163	0.297806
-0.886625	-0.870516
-0.919216	0.309368
0.330114	0.191953
-0.332574	0.474368
-0.0609805	0.407839
-0.951808	-0.222425
-0.256528	-0.162707
-0.788851	-0.878703
-0.365165	-0.134159
0.960212	0.464512
-1.02785	0.310614
0.199749	0.221412
0.49307	-0.183861
0.275796	0.205843
0.351842	0.523101
-0.777988	0.513296
-0.115299	0.28206
0.449616	-0.458049
1.39476	0.63229
1.39476	0.182053
1.09058	0.119628
1.22094	0.563525
-0.343438	0.0301077
0.264932	0.321674
0.232341	0.261262
-0.126163	0.568916
0.210613	0.430212
0.373569	0.0668472
0.503934	0.326627
-0.658487	-0.390313
-0.462939	0.416218
-0.821443	-1.17206
-0.615032	0.473551
-0.864898	-0.410986
3.84997	0.838839
-0.256528	0.0351017
0.101976	0.226811
0.710345	-0.167497
1.48167	0.441424
-0.875761	-0.529341
-0.506394	0.426731
-0.777988	-0.0625158
-0.647623	0.19071
0.0585207	0.0578699
3.07864	0.405537
-0.897489	-0.431856
-0.723669	0.476536
0.438752	0.437988
0.884165	0.142823
0.514798	0.369431
0.351842	0.413148
-0.49553	-0.965209
-0.0175256	0.442222
-0.397757	-0.753685
3.66528	0.49751
0.49307	0.00521173
-0.571577	-0.741368
1.27526	0.273603
-0.973535	-0.259126
-0.365165	0.000444681
-0.625895	-1.43031
0.0150657	-0.541473
-0.810579	-0.209482
-0.299983	0.351708
-0.386893	0.352364
2.00313	0.691806
0.00420194	0.18531
-0.734533	-0.442092
0.134567	0.628838
-0.93008	-0.251429
-0.951808	0.0576334
-0.75626	-0.41754
0.677754	-0.0363954
-0.84317	0.273707
-0.908353	-0.845622
0.797255	0.30425
1.03626	0.46501
-0.788851	-0.0872267
1.12317	-0.228826
-0.462939	-0.229172
-0.886625	0.146135
-0.538985	-0.342445
-1.00613	-0.474653
0.199749	0.0719181
-0.821443	-0.432508
-0.289119	0.149782
0.7538	-0.0183354
1.04712	0.356298
0.297523	0.362469
-0.799715	-0.679229
-0.213073	0.172701
-0.691078	-0.232164
0.547389	0.308761
-0.647623	0.0369723
0.0259294	-0.455215
-0.93008	0.403086
-0.299983	-0.010023
0.895029	0.719107
0.406161	-0.0750934
-0.886625	-0.461791
-0.462939	-0.1055
0.210613	-0.296573
-0.940944	-0.182317
0.503934	-0.233662
-0.984399	-0.280095
1.70981	0.368505
0.732073	0.0194589
-0.799715	-0.41338
-0.354302	0.316538
-0.039253	0.382109
0.525662	0.59683
-0.506394	0.249506
-0.441212	-0.12574
-0.832306	0.063393
-0.202209	-0.455663
-0.365165	-0.759003
0.786392	0.308809
-0.419484	0.374193
-0.14789	0.0535311
-0.213073	-0.0944994
-1.02785	-0.162202
-0.256528	0.255462
-0.180482	0.580478
-0.777988	-0.518059
-0.854034	-0.173555
-0.223937	0.0732556
1.49254	0.431356
-0.593304	0.344458
-0.995263	-0.877497
-0.625895	-0.213044
-0.75626	0.250437
-0.995263	-0.841805
3.2416	0.681266
-0.137027	0.0814197
-0.299983	0.337911
-0.636759	-0.383245
-0.223937	0.268601
-0.984399	-0.241751
-0.962671	-0.522013
0.949348	0.855319
-0.299983	-0.0636486
-0.00666181	0.410433
-0.332574	0.566998
0.514798	-0.0575009
-0.788851	0.213061
0.449616	0.505342
-0.256528	-0.80764
0.449616	0.545987
-0.897489	-0.754266
-0.658487	0.410756
-0.66935	-0.479207
1.53599	0.335554
-0.202209	-0.106085
-0.84317	-0.524371
-0.712805	0.28255
-0.973535	-1.1584
2.40509	0.0836445
0.7538	0.435222
-0.75626	-0.112424
0.0150657	-0.557111
-0.919216	-1.31247
1.64463	0.334637
-0.951808	-0.719809
-0.126163	-0.085879
-0.832306	-0.410805
-0.940944	-0.228434
-0.897489	-0.608163
-0.386893	0.186799
3.89342	0.301921
-0.84317	-0.615356
-0.32171	0.248889
2.31818	0.497062
0.764664	0.627018
0.427888	-0.00409803
0.243204	0.117735
-0.376029	0.143114
-0.647623	-0.138144
-0.886625	0.412899
-0.376029	0.243683
0.134567	0.267241
0.275796	0.19436
0.938484	0.0894661
-0.40862	0.313124
-1.01699	0.515925
0.677754	0.779357
0.199749	0.0999492
0.417024	0.845242
-0.549849	0.300954
0.960212	-0.158564
-0.039253	0.561609
-0.126163	0.558671
3.41542	0.567027
-0.886625	-0.885408
0.601708	0.381896
-0.832306	-1.50121
4.33884	0.654066
-0.538985	-1.42928
-0.66935	-0.46919
-0.289119	-0.710504
-0.984399	-0.123561
-0.897489	-0.0625141
-0.745396	-0.42153
2.18781	0.403517
-0.897489	-0.272473
-0.538985	-0.507338
0.308387	0.414435
-0.419484	-0.344391
-0.93008	-0.570312
0.0476569	0.0609151
-0.777988	-0.277095
0.351842	-0.0870554
-0.615032	0.292641
-0.32171	0.541871
-0.810579	-1.21075
-0.984399	-0.944802
-0.473803	0.138037
1.54685	0.494342
-0.962671	-0.283386
-0.517258	-0.299065
0.275796	0.144586
0.0476569	0.173649
-0.625895	-0.138041
0.677754	0.538914
-0.0283893	0.216751
0.0802482	0.28596
0.362706	0.0926059
0.960212	0.461912
0.960212	0.502034
3.42628	0.442716
-0.84317	0.533196
0.645163	0.142427
-0.832306	0.428045
-0.854034	-0.497378
-0.0935718	0.820011
-0.777988	-0.181277
-0.58244	0.0495175
-0.343438	-0.570578
-0.180482	-0.177824
0.710345	0.698085
0.156294	0.411656
0.178022	0.333924
-1.00613	-1.05921
2.68755	0.180201
1.13403	0.671886
0.0259294	0.285032
0.656027	0.350267
0.92762	0.776893
-0.93008	-0.0978991
-0.332574	0.305664
1.7424	0.349324
-0.0501168	0.0821156
-0.767124	-0.958104
-0.32171	-0.174543
-0.832306	0.36503
-0.93008	-0.482011
0.178022	-0.46141
0.677754	0.836148
0.112839	0.267449
-0.745396	0.351187
-0.712805	0.148645
-0.93008	-0.572664
-0.886625	-1.04155
-0.66935	0.307114
-0.180482	0.496258
0.123703	0.000992917
0.0259294	0.276309
-0.767124	-1.11746
0.178022	0.0957401
0.0259294	0.402585
-0.278255	0.298431
-0.788851	-0.541258
1.37303	0.491511
-0.593304	-0.0467869
-0.636759	-0.207961
-0.658487	-0.595298
-0.777988	-0.513608
3.27419	0.489692
-0.723669	0.295532
0.0476569	-0.148795
-0.0283893	0.144749
0.710345	0.367973
-0.560713	0.234857
-0.810579	0.0776673
1.63376	0.620487
1.91622	0.395835
-0.66935	0.306187
-0.636759	0.364242
-0.0609805	0.35185
-0.484667	-0.305728
0.84071	-0.125348
-0.506394	0.320619
0.243204	0.44112
1.21008	0.23691
0.482207	0.63752
-0.126163	0.00179233
0.536525	0.0429577
-0.299983	0.321111
-0.701942	-0.413467
0.0259294	0.400871
-0.32171	-0.199764
-0.58244	0.392765
1.12317	0.523241
2.20954	0.457186
0.438752	-0.746651
-0.430348	0.185205
-0.93008	-0.497016
0.601708	-0.0124228
0.764664	0.686185
2.1009	0.397519
-0.137027	0.0131633
1.87277	0.657038
-0.0935718	-0.230465
-0.538985	0.514942
-0.115299	0.340374
2.80705	0.0749741
0.340978	-0.151152
-0.962671	-1.05921
-0.832306	-0.905332
-0.897489	-0.682066
-0.962671	-1.01319
-0.32171	0.584705
3.07864	0.555973
1.79672	0.215795
-0.864898	0.455315
1.90536	0.746573
0.873302	0.00911258
-0.93008	-1.51113
-0.14789	0.362246
0.0476569	0.701699
-0.49553	0.406496
-0.680214	0.0886249
1.05799	0.159898
-0.039253	0.668415
-0.604168	0.139383
0.123703	0.127279
-0.180482	-0.128297
-0.202209	0.326186
-0.84317	-0.329372
-0.821443	-0.356062
1.68808	0.583601
-0.289119	0.142556
1.7424	0.385298
-0.777988	-1.11474
-0.452075	-1.09424
3.65442	0.518057
1.10144	0.370042
0.57998	0.556395
-0.32171	0.511322
-0.473803	0.0665403
-0.75626	-1.11761
-0.788851	0.271185
0.656027	0.587892
0.503934	-0.337546
1.16662	-0.0141835
-0.940944	-1.36913
-0.615032	0.685102
-1.03872	-0.618167
-0.256528	0.0985071
-0.821443	-0.453183
0.971075	0.643471
0.308387	-0.549084
-0.441212	-0.161894
-0.93008	-0.8532
1.41649	0.527017
-0.745396	-1.15693
1.7424	0.427066
-0.897489	-0.894289
-0.962671	0.0724526
-0.245664	-0.305126
-0.267392	0.0920129
-0.2348	-0.124935
-0.191345	-0.149823
0.971075	0.345175
0.264932	0.385492
-0.875761	0.44123
-0.908353	0.0570255
0.199749	0.156629
2.23127	0.348521
-0.169618	-0.818362
-0.560713	0.080124
-0.484667	0.4081
1.1123	0.0513908
0.938484	0.204511
-0.332574	0.660739
-0.93008	-1.33159
-0.995263	0.311592
0.634299	0.331824
-0.919216	0.0929715
0.384433	-0.150906
0.0150657	-0.0883232
-0.452075	-0.501392
2.07918	0.35399
-0.984399	-0.500618
-0.973535	-0.903893
0.330114	-0.266242
-0.854034	-0.720254
-0.940944	-0.54983
-0.84317	-0.302719
-0.897489	-0.629229
-0.538985	0.480488
1.53599	0.500917
1.00367	0.511469
0.775528	-0.101098
0.427888	0.436181
1.36217	0.485287
0.330114	-0.0247097
0.188886	0.733822
0.7538	0.277672
0.49307	0.431131
-0.636759	-0.662513
0.884165	0.511731
0.547389	-0.241236
-0.213073	0.463451
-0.897489	-0.505599
1.73154	0.384949
0.710345	0.558089
0.167158	-0.065006
-0.560713	-0.23217
-0.75626	-0.77259
-0.658487	0.607267
-0.180482	-0.188372
-0.376029	0.0303138
0.7538	0.489298
-0.919216	0.217532
-0.886625	0.331475
1.81845	0.424399
1.41649	0.327126
-0.441212	-0.791333
1.37303	0.894285
-0.202209	0.568272
-0.58244	-0.041579
-0.723669	-0.15694
0.460479	0.114623
4.38229	0.694431
0.0476569	0.133037
1.13403	0.669083
4.09983	0.659555
-0.180482	0.730373
0.199749	-0.471211
0.547389	0.305596
-0.658487	0.0230569
-0.854034	-0.154686
-0.104436	0.280155
1.1123	0.504138
1.02539	0.215132
-0.908353	-0.803402
-0.082708	-0.0084767
-0.767124	0.224101
0.49307	0.566321
-0.940944	-1.47344
-0.984399	-1.38847
-0.169618	0.375381
-0.180482	0.584688
1.31872	0.580545
-0.604168	-0.456153
0.0476569	-0.155678
-0.821443	0.149439
-0.723669	-0.168332
0.0367932	0.140143
2.20954	0.586667
0.645163	0.383196
-0.538985	0.0090505
-0.354302	-0.0296913
-0.680214	5.68808e-05
1.15576	0.359451
1.57945	0.542194
-0.886625	-0.792646
1.18835	0.451902
-0.84317	-0.214115
-0.625895	0.316981
0.971075	0.376827
-0.864898	-0.518597
-0.886625	-0.278928
-0.213073	-0.112287
-0.452075	0.781509
-0.897489	-0.00998526
-0.701942	0.194918
0.0693844	0.260082
0.210613	-0.269551
-0.082708	0.382793
2.52459	0.156953
0.427888	-0.369639
1.25353	-0.486565
0.905893	0.0505192
-0.14789	-0.35209
-0.441212	0.0765386
-0.984399	-0.219911
-0.919216	-1.06278
2.63323	0.359737
-0.854034	-0.123282
-0.636759	-0.961149
-0.310847	-0.259544
-0.864898	-0.0524783
-0.897489	0.266307
-0.386893	-0.0865261
-0.191345	-0.721589
0.0367932	0.228121
-0.213073	0.436731
-0.788851	-0.169154
0.92762	0.0324256
-0.517258	-0.111828
0.275796	0.396072
2.90482	0.0910833
-0.788851	-0.687919
0.0259294	-0.139518
-0.973535	-0.225326
0.286659	-0.668544
-0.223937	-0.00434263
-0.2348	-0.0660489
3.76306	0.326446
-0.484667	-0.0799691
-0.962671	-0.516634
-0.984399	-1.38157
1.95968	0.269513
1.92708	-0.375242
-0.647623	-0.330821
-0.484667	0.0424319
-0.245664	0.368253
-0.701942	-0.762124
1.13403	0.496051
-0.799715	0.377504
-0.191345	0.824815
0.677754	0.369795
-0.734533	-0.210917
0.112839	-0.463418
-0.799715	-0.158637
-0.962671	-0.590063
-0.821443	-0.731649
-0.191345	0.233732
-0.995263	-0.293172
-0.571577	-0.230051
-0.658487	-0.524703
0.992803	0.638678
-0.354302	0.698505
-0.973535	-0.655012
-0.919216	-0.189128
-0.777988	-1.11846
-0.723669	-0.545211
-0.452075	-0.0764963
-0.951808	-0.677395
0.536525	0.18284
1.01453	0.327961
2.53545	0.242006
-0.810579	-0.755734
-0.517258	0.0209683
-0.223937	-0.00153047
-0.58244	-0.089157
2.02486	0.57987
-0.58244	0.0985541
0.286659	0.269794
0.178022	-0.713833
-0.180482	-0.145744
-0.191345	-0.483737
1.1449	0.39618
-0.256528	0.236164
-0.712805	-0.0820627
-0.93008	-0.977652
-0.984399	-0.204832
-0.58244	-0.482723
-0.897489	-0.682409
-0.919216	-0.457612
0.275796	0.206077
1.1123	0.838955
-0.267392	0.419594
-0.571577	0.40961
0.286659	0.728559
-0.278255	0.128972
-0.245664	0.249628
0.612572	0.554338
-0.995263	-0.46859
-0.691078	-0.173849
-0.723669	0.37128
-0.995263	-0.824426
-0.984399	-0.965496
-0.886625	0.303772
-0.908353	0.317011
0.00420194	0.29024
-0.0935718	0.517965
1.52513	0.427716
1.35131	0.0540843
-0.223937	0.691287
-0.386893	0.42355
3.52406	0.315038
0.699482	0.428751
1.9814	0.449104
1.40563	0.467023
-0.658487	-0.108518
2.65496	0.542404
0.775528	0.147606
0.460479	0.576916
-0.452075	0.474281
2.03572	0.672703
-0.430348	0.242731
0.286659	0.0745954
2.77446	0.457144
0.0367932	0.267199
1.16662	0.504222
-0.58244	-0.581388
-0.875761	-1.04694
-0.625895	0.504341
2.28559	0.652572
1.03626	0.328347
-0.299983	-0.477521
-1.04958	-0.456716
-0.00666181	-0.28051
0.623435	0.111976
0.188886	0.0537241
-0.908353	0.366217
0.427888	0.32346
-0.441212	-0.407061
-0.951808	-1.36641
0.721209	0.45979
-0.039253	0.329327
-0.593304	-0.619933
0.362706	-0.114088
-0.625895	0.131924
-0.332574	0.422957
-0.615032	0.356389
-0.962671	-1.04334
-0.821443	-0.321945
1.03626	-0.211042
-0.0283893	0.426235
-0.517258	0.462779
-0.75626	-0.206091
-1.02785	-0.487853
0.351842	0.249873
1.05799	0.558637
-0.886625	-0.10548
0.417024	-0.552544
-0.701942	0.0545307
1.68808	0.57638
0.243204	0.405481
-0.919216	-0.888002
-0.951808	-0.0132877
-0.158754	-0.309628
-0.560713	-0.27261
-0.984399	-0.330902
1.07971	0.147534
1.48167	0.323904
-0.658487	-1.00263
0.460479	-0.430946
-0.452075	0.516701
0.319251	-0.0238718
-0.430348	0.283653
0.406161	0.242226
-0.832306	-0.110748
0.0150657	0.560744
-0.908353	-0.168763
0.66689	0.277362
0.297523	0.288183
0.938484	0.270231
-0.75626	0.43597
-0.84317	0.0765924
-0.386893	0.299582
-0.49553	-0.344749
-0.213073	0.389101
-0.419484	0.356203
-0.560713	0.0251579
0.558253	-0.101348
-0.365165	0.0953885
-0.712805	-1.48692
-0.734533	-0.00671703
-0.625895	0.49203
-0.734533	-0.360646
-0.462939	-0.142617
1.94881	0.409437
-0.082708	-0.266655
-0.723669	-0.761205
-0.484667	-0.000873878
0.156294	0.148082
-0.256528	-0.044458
-0.951808	-0.231785
-0.386893	-0.442915
-0.984399	-0.502119
0.482207	-0.137052
0.829847	0.00595733
-0.821443	-0.429459
0.612572	0.106706
0.0585207	-0.548523
-0.940944	-0.867424
-0.75626	0.118056
1.52513	-0.24636
-0.919216	-1.64151
-0.430348	0.0442358
0.188886	0.287087
0.460479	0.481864
-0.691078	0.536294
-0.821443	-0.773623
-0.126163	-0.333756
-0.734533	0.319282
1.12317	0.297823
-0.40862	0.122208
-0.821443	0.0884374
2.17695	0.342608
-0.560713	-0.0691688
-0.14789	0.447627
-0.854034	0.544947
2.35077	0.813992
-0.571577	0.123326
-0.473803	-0.210318
-0.32171	0.220764
-0.0501168	0.0534944
2.03572	0.0920379
1.53599	0.206482
-0.082708	0.4703
-1.00613	-0.120554
-0.745396	-0.14646
-0.32171	-0.72086
-0.995263	0.0339425
-0.93008	-1.49717
0.895029	0.491769
-0.962671	-0.645246
-0.126163	-0.682792
1.81845	0.251606
-0.40862	0.00180078
0.645163	0.184167
-0.93008	-0.590341
-0.962671	-1.39782
0.514798	0.45534
0.449616	0.668708
0.319251	0.287951
-0.40862	0.412619
2.20954	0.629006
-0.951808	0.152963
-0.376029	0.290962
2.66582	0.707338
-0.886625	0.130854
0.340978	0.463576
-0.810579	0.214059
-0.549849	-0.670944
-0.299983	-0.331775
-0.691078	-0.0763024
-0.93008	-0.691579
-0.462939	0.275629
0.221477	-0.501479
-0.376029	0.104874
-0.299983	0.057794
1.61204	0.450563
-1.00613	-1.21485
1.61204	0.818796
-0.256528	-0.474337
-0.897489	-1.28746
1.3839	0.363852
-0.0718443	-0.129324
1.93795	0.33222
-0.777988	-0.817997
-0.376029	0.594411
-0.039253	0.0736629
-0.376029	0.114147
-0.462939	0.496672
1.44908	0.241264
-0.473803	0.384393
-0.32171	-0.202696
0.112839	0.477154
0.243204	-0.183309
-0.777988	-0.224374
-0.745396	0.301295
-0.636759	-0.644895
0.960212	0.259695
-0.126163	0.584512
0.199749	0.0490484
0.0476569	0.0758597
-0.691078	0.215141
-0.593304	0.586342
-0.84317	0.0814061
-0.397757	0.272443
-0.191345	0.174419
1.07971	0.556619
-0.75626	-0.141851
0.590844	0.184207
2.1335	0.573685
-0.854034	-0.587964
-0.452075	0.650322
-0.082708	0.338986
0.438752	0.474493
