EXPERIMENT
==========
2025-04-23 11:30:45

ANNBFIS, neuro-fuzzy system with logical interpretation of fuzzy rules
ANNBFIS
number of rules:     10
number of clustering iterations: 100
number of tuning interations:    100
learning coefficient: 0.001
partitioner: fcm
implication: Reichenbach
normalisation:   false
RMSE for train data: 0.883203
RMSE for test data:  0.879743
MAE  for train data: 0.641154
MAE  for test data:  0.640928
fuzzy rule base creation time: 154 [s]


fuzzy rule base
RULE 1

logical rule
implication: Reichenbach
premise: 
premise
desciptors
1: 
descriptor: gaussian
   c == 33.7735
   s == 50.6196

2: 
descriptor: gaussian
   c == -0.73864
   s == 18.0452

3: 
descriptor: gaussian
   c == -4.31958
   s == 0.40149

4: 
descriptor: gaussian
   c == 25.3494
   s == 0.43351

5: 
descriptor: gaussian
   c == 48.9175
   s == 200.06


consequence: 
linear parameters: 1  1  1  1  1  1  
support width: 2

RULE 2

logical rule
implication: Reichenbach
premise: 
premise
desciptors
1: 
descriptor: gaussian
   c == -28.2957
   s == 7.39943

2: 
descriptor: gaussian
   c == 6.27974
   s == 0.464759

3: 
descriptor: gaussian
   c == 94.1168
   s == 236.137

4: 
descriptor: gaussian
   c == -67.2939
   s == 140.606

5: 
descriptor: gaussian
   c == 93.1896
   s == 271.262


consequence: 
linear parameters: 1  1  1  1  1  1  
support width: 2

RULE 3

logical rule
implication: Reichenbach
premise: 
premise
desciptors
1: 
descriptor: gaussian
   c == -76.2583
   s == 356.65

2: 
descriptor: gaussian
   c == -30.8952
   s == 78.5087

3: 
descriptor: gaussian
   c == -32.769
   s == 92.4886

4: 
descriptor: gaussian
   c == -12.7152
   s == 24.9086

5: 
descriptor: gaussian
   c == 44.7815
   s == 156.137


consequence: 
linear parameters: -0.0467277  0.656774  -0.763801  -0.147795  -0.143499  -4.14358e-05  
support width: 2

RULE 4

logical rule
implication: Reichenbach
premise: 
premise
desciptors
1: 
descriptor: gaussian
   c == 477911
   s == 2.52922

2: 
descriptor: gaussian
   c == 440472
   s == 1.07591

3: 
descriptor: gaussian
   c == 112738
   s == 5.03059

4: 
descriptor: gaussian
   c == -5998.05
   s == 35.3608

5: 
descriptor: gaussian
   c == 252935
   s == 1.45918


consequence: 
linear parameters: 1  1  1  1  1  1  
support width: 2

RULE 5

logical rule
implication: Reichenbach
premise: 
premise
desciptors
1: 
descriptor: gaussian
   c == -61.6034
   s == 0.51499

2: 
descriptor: gaussian
   c == -12.389
   s == 0.512171

3: 
descriptor: gaussian
   c == -41.2958
   s == 0.525102

4: 
descriptor: gaussian
   c == 13.0155
   s == 0.552964

5: 
descriptor: gaussian
   c == -31.372
   s == 0.672607


consequence: 
linear parameters: 1  1  1  1  1  1  
support width: 2

RULE 6

logical rule
implication: Reichenbach
premise: 
premise
desciptors
1: 
descriptor: gaussian
   c == -493943
   s == 0.983045

2: 
descriptor: gaussian
   c == 1.93771e+06
   s == 0.863084

3: 
descriptor: gaussian
   c == -611953
   s == 1.80858

4: 
descriptor: gaussian
   c == 320697
   s == 1.97591

5: 
descriptor: gaussian
   c == -727002
   s == 1.22342


consequence: 
linear parameters: 1  1  1  1  1  1  
support width: 2

RULE 7

logical rule
implication: Reichenbach
premise: 
premise
desciptors
1: 
descriptor: gaussian
   c == -29126.3
   s == 8356.51

2: 
descriptor: gaussian
   c == -3000.51
   s == 1429.77

3: 
descriptor: gaussian
   c == -1303.56
   s == 773.462

4: 
descriptor: gaussian
   c == 2855.57
   s == 1393.56

5: 
descriptor: gaussian
   c == 3800.33
   s == 1464.13


consequence: 
linear parameters: 1.00838  1.0233  1.01546  0.978098  0.995856  0.998587  
support width: 2

RULE 8

logical rule
implication: Reichenbach
premise: 
premise
desciptors
1: 
descriptor: gaussian
   c == -22.1044
   s == 0.284007

2: 
descriptor: gaussian
   c == -2.48104
   s == 28.5046

3: 
descriptor: gaussian
   c == 24.5246
   s == 26.7277

4: 
descriptor: gaussian
   c == -35.6457
   s == 53.9161

5: 
descriptor: gaussian
   c == 50.9648
   s == 182.737


consequence: 
linear parameters: 1  1  1  1  1  1  
support width: 2

RULE 9

logical rule
implication: Reichenbach
premise: 
premise
desciptors
1: 
descriptor: gaussian
   c == -1.76056
   s == 0.00142377

2: 
descriptor: gaussian
   c == 4.38347
   s == 0.404949

3: 
descriptor: gaussian
   c == -2.77699
   s == 0.417855

4: 
descriptor: gaussian
   c == -0.114711
   s == 0.450231

5: 
descriptor: gaussian
   c == -1.26254
   s == 0.526073


consequence: 
linear parameters: 1  1  1  1  1  1  
support width: 2

RULE 10

logical rule
implication: Reichenbach
premise: 
premise
desciptors
1: 
descriptor: gaussian
   c == -176.387
   s == 0.445918

2: 
descriptor: gaussian
   c == -43.0204
   s == 0.51129

3: 
descriptor: gaussian
   c == -52.626
   s == 0.506767

4: 
descriptor: gaussian
   c == -6.27002
   s == 0.520465

5: 
descriptor: gaussian
   c == -103.855
   s == 0.574212


consequence: 
linear parameters: 1  1  1  1  1  1  
support width: 2



linguistic description of fuzzy rule base
RULE 1

IF input 1 is loosely giant AND input 2 is loosely tiny AND input 3 is strictly micro AND input 4 is strictly giant AND input 5 is loosely giant THEN  input 1 has low positive importance AND input 2 has low positive importance AND input 3 has low positive importance AND input 4 has low positive importance AND input 5 has low positive importance AND constant term is medium.

RULE 2

IF input 1 is loosely micro AND input 2 is strictly giant AND input 3 is loosely giant AND input 4 is loosely micro AND input 5 is loosely giant THEN  input 1 has low positive importance AND input 2 has low positive importance AND input 3 has low positive importance AND input 4 has low positive importance AND input 5 has low positive importance AND constant term is medium.

RULE 3

IF input 1 is loosely micro AND input 2 is loosely micro AND input 3 is loosely micro AND input 4 is loosely micro AND input 5 is loosely giant THEN  input 1 has low negative importance AND input 2 has low positive importance AND input 3 has low negative importance AND input 4 has low negative importance AND input 5 has low negative importance AND constant term is small.

RULE 4

IF input 1 is mildly giant AND input 2 is moderately giant AND input 3 is loosely giant AND input 4 is loosely micro AND input 5 is moderately giant THEN  input 1 has low positive importance AND input 2 has low positive importance AND input 3 has low positive importance AND input 4 has low positive importance AND input 5 has low positive importance AND constant term is medium.

RULE 5

IF input 1 is distinctly micro AND input 2 is distinctly micro AND input 3 is distinctly micro AND input 4 is distinctly giant AND input 5 is distinctly micro THEN  input 1 has low positive importance AND input 2 has low positive importance AND input 3 has low positive importance AND input 4 has low positive importance AND input 5 has low positive importance AND constant term is medium.

RULE 6

IF input 1 is distinctly micro AND input 2 is distinctly giant AND input 3 is moderately micro AND input 4 is moderately giant AND input 5 is moderately micro THEN  input 1 has low positive importance AND input 2 has low positive importance AND input 3 has low positive importance AND input 4 has low positive importance AND input 5 has low positive importance AND constant term is medium.

RULE 7

IF input 1 is loosely micro AND input 2 is loosely micro AND input 3 is loosely micro AND input 4 is loosely giant AND input 5 is loosely giant THEN  input 1 has high positive importance AND input 2 has high positive importance AND input 3 has high positive importance AND input 4 has low positive importance AND input 5 has low positive importance AND constant term is medium.

RULE 8

IF input 1 is strictly micro AND input 2 is loosely micro AND input 3 is loosely giant AND input 4 is loosely micro AND input 5 is loosely giant THEN  input 1 has low positive importance AND input 2 has low positive importance AND input 3 has low positive importance AND input 4 has low positive importance AND input 5 has low positive importance AND constant term is medium.

RULE 9

IF input 1 is strictly micro AND input 2 is strictly giant AND input 3 is strictly micro AND input 4 is strictly small AND input 5 is distinctly micro THEN  input 1 has low positive importance AND input 2 has low positive importance AND input 3 has low positive importance AND input 4 has low positive importance AND input 5 has low positive importance AND constant term is medium.

RULE 10

IF input 1 is strictly micro AND input 2 is distinctly micro AND input 3 is distinctly micro AND input 4 is distinctly micro AND input 5 is distinctly micro THEN  input 1 has low positive importance AND input 2 has low positive importance AND input 3 has low positive importance AND input 4 has low positive importance AND input 5 has low positive importance AND constant term is medium.







train data
expected	elaborated
===========================
-0.169618	0.453146
-0.0609805	0.306558
-0.473803	0.45843
-0.701941	0.043565
-0.039253	0.441208
-0.0609805	0.125867
-0.158754	-0.265696
1.66636	-0.341304
-0.397757	0.286837
-0.473803	0.380531
-0.940944	-0.128516
-0.473803	0.0918001
-0.278255	0.348945
-0.528122	0.149207
-0.636759	0.30729
0.460479	0.250511
0.656027	0.497611
1.79672	0.40137
-0.712805	0.29434
-0.66935	0.281267
0.264932	0.232429
0.742937	0.586809
1.7424	0.581018
-0.430348	-0.0603314
0.286659	0.777454
-0.039253	0.00952714
-0.93008	-1.13027
0.873302	0.171522
-0.84317	0.445529
0.427888	0.190879
-0.267392	0.118722
0.319251	-0.621081
0.797255	0.246362
-0.84317	-0.0643832
0.960212	-0.272864
0.0259294	0.0130291
1.41649	-0.472772
0.569117	0.0940849
-0.973535	-0.968256
-0.995263	-0.536778
-0.734533	-0.317917
0.590844	-0.239885
1.82931	0.613503
0.188886	0.360074
-0.919216	-0.251248
-0.647623	-0.945082
0.384433	0.324152
-0.365165	-0.0898217
-0.0283893	0.298779
-0.0718443	-0.511672
-0.723669	-0.227031
0.384433	-0.00772232
-0.777988	0.521349
-0.104436	0.280462
0.275796	0.305667
0.710345	0.420471
0.275796	0.194126
-0.40862	-0.283366
-0.810579	0.0834693
0.167158	-0.0786267
-0.256528	0.498466
-0.0283893	-0.143688
-0.0935718	0.452637
-0.962671	0.0210942
-0.2348	0.295136
0.0802482	0.597484
-0.32171	-0.201286
-1.02785	-1.04465
-0.962671	-0.197928
-0.169618	0.404978
1.07971	0.366275
-0.528122	-0.209167
-0.723669	-0.528432
0.558253	-0.183653
1.39476	0.571888
-0.712805	0.329886
-0.00666181	0.500024
-0.40862	-0.344705
0.178022	0.474893
1.18835	-0.410429
-1.00613	-0.142058
-0.854034	0.304819
-0.332574	0.00312374
-0.788851	0.579306
0.297523	0.799966
-0.571577	0.203351
-0.886625	-0.592672
-0.484667	0.187482
-0.169618	0.235367
-0.984399	-0.796787
-0.376029	-0.590436
-0.767124	0.296235
0.134567	0.3878
-0.84317	-0.518761
0.829847	-0.121126
1.63376	0.640075
-0.875761	0.451911
-0.571577	-0.474784
0.92762	0.38021
-0.821443	-0.172413
-0.473803	0.116955
2.74187	0.6103
2.45941	0.326629
-0.484667	-0.166793
-0.66935	0.341138
-0.854034	-0.442143
-0.897489	-1.17664
0.286659	-0.341517
-0.680214	-0.942016
-0.278255	-0.33066
0.0802482	0.547687
1.48167	0.473265
2.80705	0.776823
-0.299983	0.702502
0.297523	0.47386
-0.625895	-0.302767
-0.940944	-0.224161
0.243204	-0.177723
0.199749	0.252411
-0.0935718	0.336912
0.710345	0.345022
0.460479	0.421735
-0.864898	-0.244086
-0.767124	0.388996
-0.93008	-0.653164
-0.712805	-0.0179916
0.482207	0.310138
-0.126163	-0.00815162
-0.908353	-0.751352
-0.332574	-0.0170057
1.13403	0.492671
0.178022	0.39806
0.84071	0.57539
-0.267392	-0.841943
-0.832306	-0.118001
-0.223937	0.387325
0.112839	0.269896
-0.940944	-1.4759
0.0150657	0.0255565
-0.875761	0.154064
0.101976	-0.481298
0.471343	-0.119329
-0.962671	-0.00760517
-0.940944	-1.70362
-0.962671	-0.846612
-0.767124	-0.544242
1.30785	0.17335
-0.908353	-0.225126
-0.93008	-0.850554
0.601708	0.290036
0.764664	0.706374
-0.452075	0.0505875
0.340978	-0.538366
1.61204	0.0939858
-0.821443	-0.422824
2.68755	0.619083
-0.66935	-0.646816
0.145431	0.557393
-0.908353	-0.413372
-0.75626	0.494353
0.178022	0.308085
-0.962671	-0.608268
2.79618	0.369016
1.78586	0.218571
1.04712	0.294533
0.340978	0.722034
0.471343	-0.0758445
0.286659	0.267206
-0.897489	-0.309114
0.732073	-0.247511
-0.528122	0.568337
-0.712805	-0.484376
2.1335	0.57031
-0.14789	-0.137605
-0.973535	0.252174
0.558253	-0.183653
-0.897489	-0.585891
1.34044	0.496342
-0.115299	0.145376
-0.93008	-1.14782
1.15576	0.538541
-0.647623	-0.205445
2.17695	0.747852
0.00420194	0.101673
-0.810579	-0.475173
-0.908353	-0.739701
0.829847	0.560304
-0.995263	-0.582361
-0.886625	-0.977317
-0.66935	0.522957
-0.680214	0.252118
-0.289119	0.0451809
1.37303	0.59823
-0.886625	-1.12007
-0.810579	0.189186
-0.40862	0.424903
1.16662	0.460304
0.156294	0.412501
0.623435	-0.24776
-0.777988	-0.582924
-0.864898	-0.873429
-0.32171	0.484251
-0.908353	-0.239819
-0.962671	-0.641241
1.59031	0.282079
-0.799715	-0.852004
1.2644	0.444658
-0.430348	0.312475
-0.473803	0.596141
0.0476569	0.289938
0.199749	0.515138
1.05799	0.122517
0.905893	-0.278852
1.27526	0.304481
0.590844	0.165338
-0.647623	-0.688545
3.54578	0.179492
-0.84317	-1.02594
1.51426	-0.651992
-0.962671	0.199757
-0.419484	0.387946
-0.984399	-0.824246
-0.14789	0.236471
-0.832306	0.358671
1.06885	0.440522
0.623435	0.409156
-0.202209	0.00178037
-0.419484	-0.0243539
-0.0175256	0.311989
3.57837	0.34404
-0.908353	-0.476269
0.558253	0.298673
-0.310847	0.384657
-0.506394	0.0228633
2.72014	0.319104
-0.75626	0.012732
-0.897489	-0.378797
0.221477	0.218907
-0.354302	0.0406092
-0.386893	0.231129
-0.973535	-1.7027
0.123703	0.601743
-0.93008	-0.523357
-0.082708	0.337755
0.0150657	0.222024
-0.386893	0.226401
2.17695	0.443666
0.221477	0.449357
-0.84317	-0.564394
-0.126163	0.728112
-0.636759	0.363821
-0.00666181	-0.0768732
-0.289119	-0.416943
-0.0501168	0.275901
0.406161	0.491605
-0.354302	0.348824
0.536525	0.135594
-0.0935718	0.584088
-0.984399	-0.710793
-0.571577	0.0378707
-0.647623	0.373943
0.482207	0.135534
-0.701941	-0.117512
-0.875761	-1.06493
-0.919216	-0.708485
3.01346	0.192779
0.275796	0.322615
0.949348	0.451799
-0.538985	-0.628356
2.02486	0.115412
2.15522	0.351312
-0.126163	-0.0979923
-0.84317	0.348853
-0.788851	-1.03948
-0.701941	0.261573
-0.625895	0.477793
-0.278255	0.198857
0.634299	0.47673
0.590844	-0.0251769
-0.310847	-0.740397
-0.202209	0.238979
-0.886625	-0.669085
-0.0609805	0.0316171
0.0367932	0.25317
-0.343438	0.518963
2.01399	-0.56219
1.52513	0.609755
-0.973535	-0.668502
0.297523	0.0184141
-0.32171	0.106367
-0.886625	-1.02987
0.960212	0.4046
1.42735	0.107314
-0.571577	-0.133267
0.949348	0.380631
-0.799715	-1.07765
-0.289119	-0.151256
-0.332574	0.0191949
-0.49553	0.39564
-0.680214	-1.22752
-0.691078	-0.225899
-0.593304	-0.386285
-0.75626	-1.27819
0.873302	0.538336
-0.951808	-0.539701
-0.430348	-0.954452
-0.104436	0.548647
1.9814	0.0434652
0.134567	0.423272
0.243204	0.568638
-0.940944	-0.665076
0.254068	0.205198
-0.0609805	0.205093
2.32904	0.434389
-0.951808	-0.727038
-0.267392	-0.144326
0.0693844	-0.655242
-0.951808	-0.50505
-0.310847	0.435236
-0.777988	0.0773388
-0.32171	-0.0415861
-0.995263	-0.499005
0.156294	0.14276
1.31872	0.480867
0.797255	0.393821
-0.919216	-0.290445
2.16609	0.450528
0.112839	0.707436
-0.604168	0.430803
0.916757	0.639258
-0.0935718	0.315034
-0.767124	-0.788021
-0.397757	0.410257
-0.854034	-0.305908
-0.995263	-0.415901
-0.93008	-0.104809
0.699482	0.424353
0.00420194	0.199122
-0.788851	-0.530735
-0.723669	0.109214
-0.788851	-0.484047
0.0367932	0.0530118
0.547389	0.439646
-0.538985	0.319763
-0.864898	-0.376848
1.79672	-0.016936
0.254068	0.832877
0.960212	0.429909
-0.940944	-1.75562
-0.832306	-0.308782
0.123703	-0.460246
-0.593304	0.361711
-0.875761	-0.490781
-0.701941	-0.0642379
0.395297	-0.262525
-0.14789	0.576609
-0.58244	-0.177603
0.786392	0.562012
1.99227	0.509579
-0.354302	0.0767158
-0.66935	0.213392
0.732073	0.1125
-0.984399	-0.326468
-0.821443	-1.00025
-0.854034	-0.376934
-0.734533	-0.350717
2.19868	0.559866
-0.962671	-0.21655
-0.995263	-1.14218
-0.66935	0.557197
-0.875761	-0.32285
-0.2348	0.317052
-0.777988	0.0892738
-0.636759	0.0521208
-0.267392	0.0860647
-0.32171	0.296614
-0.278255	0.60229
1.44908	0.284591
-0.256528	-0.145497
-0.0718443	-0.0814005
-0.115299	0.155254
-0.560713	-0.28881
1.04712	-0.295161
0.449616	0.00537163
-0.940944	-0.774144
1.03626	0.321251
0.199749	0.196269
-0.49553	0.302902
-0.126163	-0.694449
-1.00613	-0.0823043
-0.40862	0.0732564
-0.951808	0.222074
0.427888	0.190879
-0.897489	-0.174425
-0.365165	-0.0741421
0.134567	0.461425
1.18835	0.586698
-0.506394	0.238019
0.536525	0.195369
1.39476	0.429016
-0.473803	0.169343
-0.115299	-0.560951
-0.343438	0.551215
-0.0609805	-0.126949
-0.680214	-0.327922
-0.452075	-0.0589616
0.460479	0.481327
-0.49553	0.239098
-0.821443	-0.398865
0.590844	-0.239885
-0.799715	-0.718139
-0.908353	-0.528608
-0.615032	-1.58546
-0.658487	0.172278
0.0367932	-0.188961
2.54632	0.442181
0.0367932	-0.240849
-0.082708	0.261354
-0.680214	-0.515826
-0.745396	-0.25448
-0.0718443	0.340521
-0.864898	0.0703379
-0.854034	-0.243073
0.0693844	0.500452
0.297523	0.198395
0.645163	0.536823
-0.354302	0.109939
-0.777988	0.499763
-0.810579	0.273155
-0.951808	-0.669639
1.21008	0.240705
-0.680214	0.164933
-0.58244	0.515927
1.42735	0.154499
1.49254	0.727713
0.688618	-0.264331
-0.40862	0.124718
-0.430348	0.507393
0.351842	-0.240494
-0.104436	-0.17944
-0.462939	-0.191023
0.373569	0.352906
0.949348	0.368563
-0.777988	-0.550903
-0.962671	-0.316731
0.406161	0.357697
-0.951808	-0.722111
-0.658487	0.788377
-0.799715	-0.747094
-0.354302	0.38853
-0.560713	0.473595
2.31818	0.157846
-0.734533	0.0840173
-0.2348	0.387842
-0.473803	-0.171303
0.167158	0.3251
-0.180482	-0.0889358
-0.0175256	-0.380325
-0.267392	0.483444
-0.908353	-1.33691
-0.0935718	0.375107
-0.310847	-0.248114
-0.419484	-0.308304
0.732073	0.389144
0.167158	0.411994
-0.886625	-0.89391
0.547389	0.0845037
0.134567	-0.443252
-0.788851	-0.388846
-0.799715	-0.488226
-0.14789	0.392436
-0.376029	0.159436
-0.919216	-0.408768
1.67722	-0.0108393
-0.875761	-0.972975
-0.202209	0.320009
1.53599	0.494777
-0.180482	0.0544144
-1.00613	-0.160006
-0.723669	-0.413561
-0.484667	-0.281264
-0.84317	0.212239
-0.897489	-0.208653
0.199749	0.270078
0.00420194	0.457952
0.362706	-0.844354
-0.962671	-1.00904
-0.484667	0.297874
-0.604168	0.0202797
-0.864898	-0.141342
-0.2348	0.285021
-0.625895	-0.0902216
-0.441212	-0.649368
-0.799715	0.715176
1.23181	0.890337
-0.430348	0.637479
1.55772	0.0531363
-0.386893	-0.254472
-0.58244	-0.177603
2.15522	0.593009
-0.376029	0.448591
0.134567	-0.151854
0.938484	0.515275
-0.289119	-0.673211
-0.875761	0.371044
-1.02785	-0.484489
0.981939	0.0922442
-0.973535	-0.413785
-0.517258	0.225246
-0.962671	-0.859285
2.52459	0.587222
-0.897489	-0.715845
-0.213073	0.437498
0.112839	0.253503
1.39476	0.44726
-0.886625	-0.500225
0.471343	0.429443
0.101976	0.572869
-0.267392	0.180592
1.7424	0.447344
-0.202209	-0.56349
1.54685	0.688276
-0.799715	-0.534592
-0.680214	0.405043
1.85104	0.00199531
-0.386893	0.629594
-0.299983	-0.0054411
0.0476569	0.363392
1.99227	0.764051
1.39476	0.455837
-0.278255	0.185627
-0.615032	0.420683
-0.940944	0.540745
2.94828	0.641144
0.275796	-0.45768
-0.93008	-0.839973
-0.256528	0.658009
-0.712805	0.593507
0.0150657	0.417471
-0.115299	0.269497
0.57998	0.478331
-0.169618	0.343053
0.0259294	0.212382
-0.32171	-0.236775
0.0259294	0.302755
-0.441212	0.422471
-0.897489	0.0930529
-0.66935	0.20049
-0.940944	-0.652219
-0.506394	0.170326
0.188886	0.308432
-0.995263	-0.757404
0.656027	0.441563
-0.636759	-0.67841
0.49307	-0.412364
0.417024	-0.343352
-0.886625	-0.355728
0.677754	0.414952
-1.07131	-1.20833
-0.137027	0.484431
-0.875761	-0.608428
0.57998	-0.30902
0.829847	0.470308
0.221477	0.324084
-0.777988	-1.04784
-0.332574	-0.3395
-0.995263	-0.283187
2.65496	0.35819
-0.984399	-0.934068
-0.84317	-0.203819
-0.875761	-0.0243361
-0.180482	-0.0727225
0.688618	0.108607
0.134567	-0.474492
0.297523	-0.0902052
-0.441212	0.525102
1.07971	0.344859
-0.267392	-0.454219
0.818983	0.389804
0.569117	0.303053
-0.908353	-0.240635
-0.777988	-1.12638
-0.75626	0.0906979
-0.962671	0.00656839
-0.549849	0.461077
0.0802482	-0.315073
-0.0609805	0.593113
-0.593304	0.579084
-0.897489	-1.03025
1.22094	-0.213656
0.992803	0.440189
0.112839	-0.810078
0.797255	0.833575
0.699482	0.00962914
-0.473803	0.15948
-0.658487	-0.999688
-0.788851	0.329681
-0.962671	-0.910207
-0.712805	0.299312
0.960212	0.63702
-0.951808	-1.08366
-0.191345	-0.304855
1.60117	0.522061
1.6229	0.468713
0.0259294	-0.241525
-0.908353	0.0429936
-0.593304	0.176892
0.406161	-0.273588
-0.571577	-0.109476
-0.919216	0.296089
-0.680214	0.25781
-0.082708	-0.278513
1.54685	0.415736
1.43822	0.0306965
1.75326	0.315444
0.123703	-0.0328109
-0.973535	-0.88331
-0.821443	-0.753984
-0.832306	0.261293
0.286659	-0.147849
-0.615032	-0.0117116
-0.777988	0.103682
0.699482	0.627034
2.11177	0.221497
0.264932	0.239101
-0.441212	0.126119
3.49146	0.520061
-0.462939	-0.311074
0.275796	0.257082
-0.223937	0.354517
-0.104436	0.213842
-0.202209	0.444459
1.55772	0.252579
-0.169618	0.204358
-0.897489	-0.227352
-0.40862	0.275936
-0.571577	-0.0185894
-0.299983	-0.108532
0.981939	-0.0554295
-0.484667	0.124036
-0.430348	0.394391
1.18835	0.268164
0.482207	-0.574955
-0.2348	0.193808
-0.267392	0.345479
-0.354302	0.203287
3.58924	0.472272
0.0911119	0.199217
0.134567	-0.492625
-0.625895	-0.24576
-0.680214	0.139993
-0.973535	-0.75326
-0.93008	-0.23916
-0.908353	-0.327971
-0.517258	-0.538574
0.330114	0.380435
1.29699	0.207719
1.22094	0.321832
1.3839	0.565138
-0.082708	-0.278513
-0.712805	0.043214
-0.962671	-0.864258
-0.191345	0.274092
-0.93008	-0.653164
-0.310847	0.251446
-0.658487	-0.0237323
0.612572	0.10022
-0.0175256	0.0587156
-0.864898	0.25688
1.90536	0.556461
1.7424	0.638375
-0.897489	-0.570871
-0.973535	0.308465
0.514798	0.222286
1.87277	0.417228
1.87277	0.418351
1.87277	0.362852
-0.658487	-0.223972
-0.310847	0.35074
-0.799715	-0.320199
-0.908353	-0.924312
-0.245664	0.307295
-0.615032	-0.158945
-0.919216	-0.721162
1.68808	0.310223
1.04712	0.337146
-0.191345	0.410295
0.373569	0.0617041
-0.452075	0.161111
-0.810579	-1.07357
-0.310847	0.324387
1.90536	0.070359
2.57891	0.551473
-0.712805	-0.361542
-0.365165	0.0446968
-0.180482	-0.559282
-0.343438	-0.092843
-0.299983	0.402477
0.362706	0.243108
-0.886625	-0.118797
-0.745396	-0.347512
0.786392	-0.566803
0.471343	0.253272
2.45941	0.283526
0.0911119	-0.419973
-0.940944	-0.629499
0.00420194	-0.0806308
0.66689	0.273782
-0.571577	-0.288096
-0.0283893	0.343387
-0.169618	0.0120307
-0.386893	-0.626487
-0.604168	-0.622999
1.81845	0.162482
0.0585207	-0.435601
-0.137027	0.24192
0.297523	0.279534
-0.962671	-0.759019
1.13403	0.518726
3.65442	0.48137
-0.506394	0.238019
0.243204	0.862016
-0.75626	-0.19476
-0.84317	0.0277618
0.688618	-0.240776
0.688618	-0.0292709
-0.14789	0.0775
0.319251	0.294919
-0.984399	0.282606
-0.875761	-0.479307
0.0150657	0.404372
0.873302	0.255373
0.156294	-0.256783
0.7538	-0.200397
2.19868	0.311195
0.264932	0.372204
-0.484667	-0.0197373
0.188886	0.620345
-0.897489	-0.420724
0.590844	0.541611
1.10144	0.57441
-0.93008	-0.802969
-0.137027	0.0270282
0.49307	0.244372
-0.289119	0.196868
-0.777988	0.47073
-0.973535	-0.533839
1.47081	0.498309
-0.636759	-0.0525162
-0.951808	-0.0180803
-0.299983	0.533129
-0.984399	-0.280615
-0.788851	-0.30894
0.7538	0.321986
3.65442	0.343887
-0.821443	-0.80241
-1.01699	0.387581
-0.886625	-0.564874
0.710345	-0.178252
-0.886625	-0.049203
-0.278255	-0.312961
-0.49553	0.114115
-0.615032	-0.586692
-0.691078	0.601179
0.134567	0.288267
2.69841	0.586368
-0.788851	0.142489
0.0476569	0.159067
-0.777988	-0.610188
2.45941	0.558517
1.54685	0.532756
-0.0283893	-0.137278
-0.777988	0.06908
0.797255	0.246362
2.23127	0.45407
-0.267392	0.409595
-0.962671	-0.0221971
-0.875761	0.093246
-0.462939	-0.0706837
-0.549849	-0.302575
-0.0283893	-0.572016
-0.940944	0.401434
-0.886625	-0.201405
1.89449	0.236686
1.90536	0.376021
2.20954	0.266085
1.3839	0.0846688
-0.0283893	0.495609
-0.126163	-0.0626398
-0.84317	-0.825383
-0.625895	-0.0660186
-0.93008	-0.352702
-0.169618	-0.0648658
-0.995263	-0.798211
-0.473803	0.175533
-0.484667	-0.785499
-0.680214	-0.358515
0.558253	0.0427407
2.04659	0.0472285
-0.625895	-0.538096
0.199749	0.28594
-0.332574	-0.403611
0.775528	-0.338781
-0.940944	-0.350325
-0.376029	0.439316
1.67722	0.381151
0.297523	-0.390342
-0.625895	-0.208658
-0.191345	-0.549464
-0.397757	0.464689
-0.734533	0.154746
-0.2348	0.639849
-1.02785	-0.231521
0.699482	0.462513
-0.995263	0.411776
-0.647623	-0.591177
-0.104436	0.166961
2.72014	0.469509
1.70981	0.526398
0.775528	0.550609
1.64463	0.33827
-0.940944	-0.814845
0.0585207	-0.649188
0.590844	0.521708
0.232341	0.0382414
-0.951808	-0.747287
-0.799715	-0.488226
1.2644	0.422314
-0.66935	-0.914079
-0.995263	-0.719023
-0.701941	-0.467738
-0.962671	-0.203386
-0.354302	0.339367
-0.082708	0.321007
-0.517258	0.512054
0.818983	-0.199869
-0.082708	0.41325
-0.604168	0.133403
1.47081	0.488536
-0.538985	0.0911213
-0.039253	0.0169216
0.0802482	0.357189
-0.864898	-0.244086
-0.615032	0.474923
-0.919216	-1.5812
-0.430348	-0.23689
0.525662	0.0670132
-0.376029	0.326124
-0.223937	0.362067
-0.115299	0.372698
0.417024	0.272812
3.49146	0.675084
-0.571577	0.284773
-0.854034	-0.761509
1.78586	-0.0855045
-0.310847	0.0650988
-0.49553	0.150866
0.851574	0.444952
-0.962671	-0.996946
0.243204	0.397933
0.210613	-0.0308944
-0.267392	-0.141545
-0.919216	0.25886
0.503934	0.335808
2.15522	0.261978
-0.886625	-0.671374
-0.419484	-0.197587
0.514798	-0.0158043
0.688618	0.0121604
-0.289119	0.281784
0.167158	0.679902
0.167158	0.586054
0.362706	-0.458864
-0.854034	-0.239968
-1.00613	-0.260771
0.797255	0.36294
-0.245664	0.428307
0.482207	0.476006
-0.14789	0.215315
-0.658487	-0.608205
1.55772	0.260891
0.362706	0.651461
-0.0283893	0.343387
1.73154	0.455247
-0.777988	-0.381498
0.558253	0.473966
2.3725	0.497874
0.818983	0.530077
0.308387	-0.474328
-0.299983	-0.61856
-0.734533	-0.859231
-0.767124	-0.80808
0.884165	0.0415993
0.362706	0.505776
-0.104436	0.528155
-0.701941	0.312516
0.00420194	-0.195888
-0.864898	-1.13434
0.362706	0.594117
-0.213073	0.262987
1.28612	0.118899
-0.571577	0.476226
2.33991	-0.176242
0.0911119	-0.0206982
-0.636759	0.240282
-0.538985	0.321156
0.145431	0.54237
0.829847	0.238696
0.764664	0.241341
-0.452075	-0.20037
-0.549849	-0.421393
0.905893	-0.34412
-0.854034	-0.940147
-0.940944	-0.295178
-0.310847	-1.05337
1.85104	0.479615
0.547389	-0.175371
0.797255	0.16558
-0.354302	0.411283
-0.0935718	0.123836
-0.636759	0.602449
-0.875761	-0.419952
1.43822	-0.395879
0.449616	-0.247743
0.786392	-0.551355
0.49307	0.411837
-0.691078	0.412873
-0.299983	0.355651
-0.32171	0.432241
-0.180482	0.415514
-0.777988	-0.392433
0.721209	0.464381
-1.00613	-1.10657
-0.962671	-0.822036
0.0585207	0.225433
-0.886625	-0.534033
1.18835	-0.265143
0.210613	0.593799
0.243204	-0.344378
-0.908353	-1.17532
-0.66935	-0.203534
0.384433	0.271613
-0.799715	-0.0303337
0.406161	0.381427
-0.680214	0.0728999
1.52513	0.744101
-0.571577	-0.493929
-1.01699	-1.5481
-0.908353	0.108966
-0.951808	0.169824
-0.256528	0.421649
-0.897489	-1.03173
-0.538985	-0.0436463
-0.951808	0.115903
-0.940944	-0.496671
0.167158	0.417687
-0.886625	-1.09942
0.525662	-0.138188
-0.169618	-0.0846655
2.253	0.391959
1.24267	0.150801
-0.962671	-0.530958
-0.691078	-0.558371
0.0150657	0.244673
-0.940944	-0.366457
-0.995263	-0.534079
-0.191345	0.77833
-0.082708	0.219635
1.16662	0.239865
-0.723669	-0.391654
-0.854034	-0.611002
-1.00613	-1.10236
0.243204	0.310339
-0.343438	0.0881845
-0.84317	-0.522102
0.721209	-0.0154507
0.297523	0.37513
0.308387	-0.41361
-0.810579	-0.85389
0.254068	0.352146
-0.691078	-0.38482
-0.647623	0.0858858
-0.0718443	-0.38119
-0.604168	0.127364
-0.593304	0.150294
0.112839	0.247211
-0.962671	-0.95415
-0.278255	0.495876
-0.517258	0.337321
-0.810579	-1.02822
-0.462939	0.385645
0.0802482	0.442084
-0.604168	-0.480717
-0.615032	-0.437778
-0.84317	-0.445086
0.00420194	-0.195888
-0.386893	0.0811401
-0.104436	0.488686
-0.2348	0.118417
-0.278255	-0.0245639
2.23127	0.403854
-0.202209	-0.0074796
-0.0718443	0.436096
-0.14789	-0.389902
0.503934	0.12474
-0.604168	0.415852
0.623435	-0.870977
0.167158	0.513279
-0.549849	-0.164015
-0.49553	0.433483
-0.571577	0.107918
0.286659	0.0530853
1.36217	0.541467
-0.191345	-0.139737
0.656027	-0.142721
-0.213073	0.212249
-0.680214	0.377021
0.0476569	0.113762
0.0802482	-0.207189
-0.886625	-0.172222
-0.799715	0.523103
-0.962671	0.3375
-0.126163	0.533432
-0.0175256	0.497767
-0.777988	0.284735
-0.897489	-0.848984
0.916757	0.450639
-0.832306	-0.235649
1.16662	0.352212
-0.962671	0.00591212
0.0802482	0.547687
0.905893	0.545463
-0.745396	-0.606145
-0.973535	-1.03094
-0.213073	0.54352
-0.712805	0.3677
0.7538	0.0483522
-0.0175256	0.117704
-0.256528	-0.157986
-0.484667	-0.229341
-0.810579	-0.205465
1.18835	0.392358
-0.93008	-0.540715
-0.691078	-0.0859165
-0.886625	-1.08356
0.0259294	-0.0512583
0.0150657	0.222024
-0.75626	-0.103679
0.905893	0.294928
-0.701941	0.335228
2.78532	-0.0488139
-0.00666181	-0.521119
-0.549849	-0.676406
0.547389	-0.30086
-0.484667	0.335899
-0.00666181	0.30742
-0.995263	0.532555
-0.191345	-0.383838
-0.386893	-0.00267318
-0.886625	-0.295088
0.156294	0.22729
1.39476	-0.691454
-0.245664	0.585215
-0.995263	-0.812179
-0.49553	-0.111254
-0.832306	-0.1692
0.340978	0.600927
-0.66935	0.040098
-0.0501168	0.23907
2.02486	0.544885
0.286659	0.715414
0.786392	0.271327
-0.886625	0.0353595
-0.517258	0.176296
-0.832306	-1.70341
-0.821443	0.256106
1.99227	0.539151
3.39369	0.467035
0.0802482	-0.301706
-0.810579	0.218424
-0.875761	0.0756303
0.873302	-0.0196514
-0.039253	0.312511
0.916757	0.485484
-0.462939	0.276903
0.569117	0.296088
-0.75626	-0.757557
0.569117	0.416872
0.362706	0.0338416
1.32958	0.596921
-0.864898	-0.869728
-0.745396	-0.330501
0.232341	0.538856
-0.767124	0.325362
-0.658487	0.22394
-0.245664	0.0467029
-0.995263	-0.415069
-0.832306	-1.7389
0.406161	-0.350525
-0.908353	0.280182
-0.528122	-0.592535
3.14382	0.552745
2.64409	0.444381
-1.02785	-0.676386
-0.245664	-0.281175
0.123703	-0.70987
1.2644	0.65157
-0.32171	0.41915
-0.821443	0.419918
2.03572	0.485899
-0.940944	-0.268694
-0.745396	-0.595292
-0.58244	-0.385919
-0.680214	-0.399915
-0.615032	-0.339301
0.0802482	0.279834
0.188886	0.360074
3.07864	0.314465
-0.202209	-0.35842
1.23181	-0.0977741
-0.517258	0.000386148
-0.126163	0.693016
0.645163	0.333012
0.134567	0.35491
-0.691078	-0.569968
-1.00613	0.160089
-0.571577	0.544794
-0.875761	-0.480088
0.818983	0.408092
1.28612	0.870484
-0.462939	0.18598
0.482207	-0.157672
1.56858	0.368808
3.19814	0.120395
-0.549849	-0.723741
-0.973535	-0.309848
-0.864898	-0.625772
-0.777988	-0.387957
0.775528	-0.326001
0.547389	0.358396
-0.919216	-0.704433
-0.886625	0.318091
-0.767124	0.0679147
1.07971	0.27363
-0.691078	-0.439353
2.17695	0.403409
-0.658487	-0.666255
-0.289119	-0.507891
0.57998	0.168352
1.51426	0.42266
-0.864898	-0.529122
-0.691078	0.360715
-0.40862	0.0355257
-0.734533	0.211319
0.471343	0.242486
0.362706	0.141787
0.319251	0.684084
-0.506394	-0.463236
-0.84317	-0.592761
-0.506394	0.198214
-0.962671	-0.512408
-0.66935	0.454438
0.558253	0.146058
0.49307	0.433187
-0.104436	-0.112339
-0.995263	-0.511907
1.22094	0.494656
4.81684	0.152692
-0.560713	-0.615733
-0.691078	-0.173377
-0.397757	0.0585428
0.569117	0.569061
-0.430348	-0.954452
-0.897489	-0.773883
-0.897489	0.376454
-0.680214	0.251114
-0.832306	-0.97283
-0.908353	-0.31844
-0.886625	0.330854
-0.256528	0.528571
-0.658487	0.373451
-0.158754	0.308403
0.764664	-0.164776
-0.386893	0.217751
-0.908353	-0.632715
-0.908353	-0.106773
0.417024	0.210341
2.97	0.475816
-0.517258	0.0406029
0.732073	0.377754
-0.712805	-0.610515
-0.452075	0.0821727
-0.625895	-0.298137
1.60117	0.410756
-0.701941	-0.355923
-0.691078	0.158551
-0.723669	0.387198
-0.0283893	0.429602
-0.202209	0.195877
-0.66935	-0.740859
0.536525	0.173724
-0.289119	-0.127812
-0.908353	-0.27045
0.905893	0.442653
1.93795	-0.127671
-0.49553	0.0129007
0.558253	0.132342
-0.484667	0.604391
1.42735	-0.171482
-0.854034	0.629135
-0.647623	0.376785
0.590844	-0.171157
-0.723669	0.259004
-0.0609805	0.17868
-0.158754	-0.0755405
-0.0609805	-0.828332
0.0259294	0.437349
-0.908353	-1.11137
1.42735	0.637386
1.6229	0.257237
0.178022	0.336448
-0.49553	-0.216063
-0.343438	-0.579918
-0.462939	0.104039
-0.973535	-0.651362
-0.886625	-0.0012194
-0.864898	-0.698333
-0.615032	0.50623
0.590844	0.356157
0.742937	0.106154
-0.310847	0.0610233
0.0693844	0.237095
-0.962671	-0.677275
-0.821443	-0.33976
-0.169618	0.495162
-0.864898	-0.361855
-0.0501168	0.010518
2.27472	0.392317
-0.712805	0.0231859
-0.647623	-0.567122
0.351842	0.117339
-0.560713	0.439651
1.6229	0.736471
-0.691078	-0.215738
-0.777988	-1.2297
-0.223937	-0.323104
-0.213073	0.0300933
-0.788851	-0.711011
-0.940944	-0.140103
-0.647623	0.273262
-0.940944	-1.22827
0.92762	0.0977696
-0.625895	-0.100638
1.13403	0.180052
0.101976	-0.24644
-0.919216	-1.02888
-0.0283893	0.433438
-0.473803	-0.177576
-1.03872	-1.0373
0.0693844	-0.762817
-0.995263	0.00453735
1.68808	0.25606
0.482207	-0.212082
-0.430348	-0.29735
0.167158	-0.0729026
0.514798	0.477962
0.0802482	-0.725071
-0.919216	-0.228101
-0.777988	-0.271228
-0.984399	-0.260697
0.558253	0.26188
-1.00613	-0.579469
-0.158754	0.178181
-0.875761	-0.317875
-0.615032	0.197524
1.17749	0.183073
0.0367932	-0.0570004
0.0259294	0.0877089
-0.93008	-0.847095
-0.441212	-0.992335
1.64463	0.278243
0.623435	-0.128147
-0.810579	-0.475975
1.41649	-0.26244
-0.777988	-0.295523
-0.908353	-1.61802
-0.745396	-0.129584
1.16662	0.83102
0.254068	0.498236
-0.202209	0.604965
-0.299983	0.132324
1.13403	0.43092
-0.376029	0.624465
-0.528122	0.22464
-1.01699	-0.848867
-0.0501168	-0.150933
-0.832306	-0.9004
-0.951808	-0.268462
0.66689	0.377702
0.395297	0.524896
-0.875761	-0.618142
-0.723669	0.573747
1.05799	-0.427122
0.0150657	0.250423
2.01399	0.346094
0.0585207	0.237822
-0.49553	-0.207833
-0.441212	0.13048
0.0476569	0.479246
-0.604168	-0.578519
-0.376029	0.209068
-0.636759	0.392182
-0.908353	-0.225126
-0.897489	-0.605995
-0.864898	-0.0614183
0.362706	0.508202
-0.430348	-0.0184509
-0.810579	0.5445
-0.484667	0.156724
-0.169618	0.177064
-1.04958	0.263047
-0.397757	-0.305341
-0.886625	-0.144326
-0.919216	0.226231
-0.310847	0.346745
-0.278255	0.428295
3.73047	0.277201
-0.636759	-0.50335
-0.951808	-0.722485
-0.962671	-0.410994
-0.32171	0.521906
0.178022	0.280568
-0.973535	-0.26216
-0.0718443	0.145645
-0.647623	-0.00575324
-0.560713	-0.23007
-0.0501168	-0.0470561
-0.973535	-1.14268
0.199749	0.224879
-0.788851	0.123649
0.0802482	-0.311208
-0.897489	-0.00775841
-0.571577	-0.348381
-0.84317	0.114219
-0.66935	0.254008
-0.854034	-0.210592
-0.126163	-0.470423
-0.84317	0.344746
-0.462939	0.0459982
-0.365165	-0.639192
-0.940944	0.195241
-0.875761	-0.371327
-0.647623	0.375028
1.12317	-0.14848
-0.213073	-0.085527
-0.636759	-0.0706594
-0.940944	-0.651626
-0.386893	0.0189723
-0.506394	0.156459
-0.484667	0.365652
-0.386893	0.307295
-0.604168	0.468679
-0.636759	-0.402831
2.28559	0.409162
0.623435	0.470141
-0.0718443	0.0931211
0.167158	0.328619
0.319251	0.319975
0.503934	0.358625
0.00420194	-0.109907
-0.93008	-0.471379
2.24213	0.47192
2.1335	0.445028
-0.962671	-0.595769
0.688618	0.104534
-0.864898	-0.265872
1.30785	0.496159
-0.430348	0.00271249
0.623435	0.00747118
-0.213073	0.505507
0.547389	0.454207
-0.995263	0.163834
0.645163	-0.720538
-0.951808	-0.66941
0.503934	0.368698
0.0693844	-0.377061
0.981939	0.520866
-0.951808	-1.49089
-0.864898	-1.41607
-0.940944	-1.01359
1.88363	0.12475
-0.734533	0.0660546
-0.40862	-0.305732
-0.397757	-0.00865251
-0.256528	-0.267975
-0.973535	0.0814865
-0.14789	-0.0343038
-0.636759	-0.266751
1.13403	0.0568966
-0.0175256	0.0182149
-0.93008	-0.230043
0.895029	-0.00498998
2.731	0.36979
-0.810579	0.331482
-0.430348	-0.957317
-0.538985	-0.322801
0.340978	0.469416
0.00420194	0.181354
-0.712805	-0.772377
1.35131	0.297747
-0.940944	-0.740037
-0.452075	0.189674
1.7424	-0.428696
0.123703	0.10963
0.0911119	0.0172586
-0.962671	-0.181232
-0.2348	0.414496
0.243204	0.287675
1.32958	0.421792
1.2644	0.516007
-0.962671	-0.961959
-0.951808	0.115625
-0.93008	-0.705178
3.30678	0.532934
0.699482	0.341824
-0.2348	0.25671
0.764664	0.513886
-1.00613	-0.592065
-0.832306	-0.747924
-0.854034	-0.124535
-0.32171	-0.0182807
-0.452075	0.514741
1.59031	0.264024
0.123703	-0.0548801
-0.517258	0.256959
-0.701941	0.0339519
0.482207	-0.129674
0.112839	0.619194
-0.386893	0.128726
-0.528122	0.301655
1.82931	0.493539
-0.919216	-0.700442
-0.289119	0.591646
0.178022	0.0910984
0.145431	0.0195085
0.188886	-0.280587
-0.951808	-0.739458
2.33991	-0.0981071
0.612572	-0.0621038
-0.821443	-0.248669
-0.75626	-0.412756
0.981939	0.0925916
-0.647623	0.170487
-0.821443	-0.965829
-0.039253	0.0930337
-0.691078	0.152015
-0.973535	-1.46983
0.590844	0.357522
-0.864898	-0.629145
0.145431	0.244371
1.41649	0.531067
1.06885	0.527401
0.123703	0.390851
-0.0283893	0.34409
-0.604168	0.0422014
-0.777988	-1.03448
-0.712805	-0.159706
-0.875761	-0.796001
0.482207	0.549925
-0.777988	-0.963422
0.319251	0.246043
0.0367932	0.668919
1.5034	0.271075
-0.854034	0.284288
-0.310847	0.319314
-0.354302	0.542144
-0.723669	-0.544676
-0.0501168	0.363867
0.645163	0.56101
-0.658487	-0.293062
-0.973535	-0.178293
-0.462939	-0.504181
-0.0935718	-0.567571
0.905893	0.147033
-0.310847	0.0810645
0.0802482	0.376734
-0.777988	-0.670031
-0.365165	0.65805
-0.962671	-0.21542
0.340978	-0.0988433
1.65549	0.142851
1.06885	0.384399
-0.462939	0.107808
-0.332574	0.466822
1.05799	0.415849
0.264932	0.0718427
-0.832306	0.347384
-0.49553	0.0171849
1.66636	0.297635
-0.908353	-0.595334
-0.310847	0.476594
-0.636759	-0.48802
1.84017	0.806946
-0.462939	0.351996
-0.58244	0.0517563
1.61204	-0.15854
0.340978	-0.568379
-0.223937	-0.324295
0.101976	0.485503
0.178022	0.361456
-0.082708	0.146216
2.77446	0.641199
-0.821443	-0.842318
-0.66935	-0.020559
0.101976	0.154396
-0.962671	-0.846989
-1.03872	-0.7199
-0.701941	-0.0450711
-0.223937	0.460968
5.60989	0.656869
0.330114	0.180464
0.0802482	0.0797066
-0.49553	-0.111254
-0.528122	-0.0602996
0.949348	0.321077
0.384433	0.365816
-0.636759	-0.406409
-0.951808	-0.753149
-0.158754	-0.605676
-0.354302	-0.365366
-0.14789	-0.151783
-0.984399	-0.581089
-0.365165	-0.0771425
-0.538985	-0.100752
-0.462939	0.485278
-0.386893	0.360483
-0.462939	0.281948
-0.951808	-0.33525
-1.00613	0.185957
-0.734533	-0.174961
-0.821443	-0.506936
-0.0609805	-0.784819
1.97054	0.330175
0.971075	0.258378
3.74133	0.740781
2.60064	0.247657
-0.386893	0.360483
-0.962671	-0.186207
-0.973535	-0.670481
0.145431	0.175761
-0.767124	-0.75801
-0.0609805	-0.493189
0.601708	0.251324
-0.984399	-0.792062
2.41595	0.265477
-0.919216	-1.18355
-1.00613	0.0176809
9.72725	0.261466
0.156294	0.459371
0.384433	0.344826
-0.658487	0.0524683
-0.625895	-0.162501
1.79672	0.661334
-0.951808	-1.06348
-0.213073	0.207986
0.308387	0.357653
0.92762	0.240393
1.44908	0.485136
-0.93008	0.247786
1.41649	0.10201
-0.604168	-0.20113
0.764664	0.367235
-0.625895	0.574247
2.05745	0.516872
1.6229	0.435631
-1.00613	-0.662488
-0.32171	0.497428
-0.430348	-0.106677
1.00367	0.11554
-0.256528	0.479706
-0.115299	0.0984142
-0.343438	-0.18557
-0.299983	-0.331862
-0.973535	0.145244
0.808119	0.421164
-0.615032	0.0486763
1.48167	0.246059
-0.213073	-0.0915608
-0.799715	-0.0323394
-0.951808	0.0555253
1.72067	0.670774
-0.299983	0.128351
0.145431	0.337283
-0.278255	0.0643116
-0.951808	-0.672266
3.23073	0.639225
-0.549849	-0.112033
0.558253	0.38501
-0.93008	-0.427619
-0.854034	-0.181235
2.48114	-0.106285
-0.289119	0.714645
0.471343	0.0276881
0.156294	-0.582316
-0.571577	-0.474784
-0.332574	-0.253536
-0.289119	-0.0308647
-0.00666181	0.351941
4.80598	0.713796
-0.267392	-0.568692
-0.376029	-0.181831
0.0802482	0.376734
-0.0718443	-0.727362
-0.777988	-0.424389
0.699482	0.348255
-0.549849	-0.458101
1.45994	0.224631
-0.821443	-0.442057
-0.538985	0.291165
-0.723669	-0.326807
-0.962671	-2.18534
-0.0283893	-0.538938
-0.832306	-0.929758
-0.973535	-0.12837
-0.854034	-1.29167
-0.517258	-0.275397
-0.810579	0.0902193
-0.84317	-0.128462
-0.310847	-0.087005
0.123703	-0.345808
-0.137027	0.38851
-1.00613	-1.00827
-0.419484	0.34091
0.66689	0.376748
0.797255	0.465899
-0.0718443	0.3127
-0.039253	0.0533706
-0.973535	-0.709724
0.981939	0.51085
-0.538985	-0.506632
0.101976	0.198823
-0.104436	0.561559
-0.0609805	0.00658719
-0.799715	-0.917394
-0.332574	0.329892
0.0911119	-0.211848
1.01453	-0.198278
0.66689	0.31061
-0.0283893	0.43055
0.395297	0.0750773
-0.962671	-0.548994
-0.40862	0.245735
-0.940944	-0.0977116
-0.40862	-0.387902
1.06885	-0.223665
0.0585207	0.398323
-0.0283893	0.375618
1.54685	0.0189805
0.275796	-0.496049
-0.528122	-0.311071
0.482207	0.477899
-0.202209	0.444459
1.47081	0.0419403
0.503934	0.216095
-1.03872	-1.29065
-0.777988	-0.238881
-0.299983	-0.491468
-0.039253	0.380256
-0.604168	0.413339
0.0150657	-0.624353
0.460479	0.116241
-0.430348	-0.181274
-0.169618	-0.0304492
-0.886625	-0.555978
0.275796	0.239713
1.40563	0.3484
-1.00613	-0.0823043
-0.213073	0.43247
-0.549849	-0.345967
0.66689	0.155924
-0.180482	0.0490669
-0.365165	0.0272638
0.319251	0.290579
-0.604168	-0.283905
-0.386893	0.163828
0.395297	0.29073
-0.213073	-0.218121
0.438752	0.314814
0.188886	0.371173
0.721209	-0.104644
-0.788851	-0.904672
-0.658487	-0.406949
-0.832306	-0.490908
-0.919216	-0.867105
-0.723669	-1.23738
-0.84317	-0.584384
-0.604168	-1.75
-0.278255	0.0481342
0.514798	0.0527523
1.10144	0.703424
-0.397757	0.316575
-0.691078	-0.756248
-0.571577	0.0615325
-0.0283893	-0.0380716
-0.75626	-0.473947
-0.93008	-0.320002
3.44801	0.436148
1.24267	0.630491
-0.256528	0.247561
-0.767124	0.0494894
-0.484667	-0.245965
2.40509	0.524794
-0.604168	0.288432
-0.93008	-0.640547
1.31872	0.399722
-0.658487	-0.0186313
1.02539	0.347577
-0.104436	0.0128075
-0.593304	-0.0448986
-0.799715	-0.560511
0.0802482	0.0996292
-0.658487	-0.409835
0.688618	0.645443
-0.951808	-0.369422
-0.723669	-0.633627
3.33937	0.459082
-0.962671	-0.644532
-0.864898	-0.090609
1.70981	-0.0739253
-0.0283893	-0.137595
-0.213073	-0.666744
-0.0718443	-0.199505
0.0476569	0.371201
-0.919216	-0.70817
-0.973535	-1.00765
-0.745396	-0.540429
0.612572	0.773526
-0.919216	-1.11031
-0.484667	-0.21839
0.210613	-0.140951
1.28612	0.193708
0.677754	0.505808
-0.995263	-0.179519
2.731	0.0859518
0.612572	0.159009
-0.93008	0.258538
-0.995263	-0.316754
-0.549849	0.440213
-0.810579	-0.329931
-0.517258	-0.597256
-0.604168	-0.414007
-0.039253	0.493744
-0.745396	-0.765739
0.134567	0.427411
-0.864898	-0.256867
-0.93008	0.110356
0.0150657	-0.155456
-0.104436	0.295046
-0.995263	-1.10921
-0.0935718	0.197314
-0.202209	-0.459058
-0.864898	0.448708
0.0585207	-0.398522
-0.430348	0.346086
0.395297	0.495169
-0.299983	-0.184363
0.656027	0.361903
-0.647623	0.158801
0.677754	-0.179549
-0.984399	-1.03957
-0.647623	-0.241749
-0.93008	-0.377648
0.699482	0.271024
2.48114	-0.195016
-0.701941	-0.159109
-0.886625	-1.16354
-0.636759	0.269314
0.286659	0.456223
0.710345	0.554273
1.5034	0.637766
-0.549849	0.299299
0.0693844	0.0677447
0.123703	0.216986
-0.082708	-0.175871
-0.93008	-0.201822
-0.767124	-0.447079
-0.506394	-0.0395565
0.0911119	-0.526047
-0.897489	-1.24535
-0.560713	0.0316229
-0.886625	-0.474353
3.42628	0.459911
-0.647623	0.373943
-0.289119	0.0712343
-0.343438	-0.0412895
0.818983	-0.0790803
3.81738	0.0264407
0.188886	0.308432
-0.202209	0.264609
-0.680214	-0.365228
0.895029	-0.33727
1.07971	0.34391
-0.767124	0.0289822
-0.962671	0.321484
-0.0175256	0.352653
-0.810579	0.256215
-0.886625	-0.324105
-0.984399	-0.960114
-0.0283893	0.327387
-0.734533	-0.226768
1.19921	0.0910652
-0.506394	0.235713
-0.126163	0.412592
-0.2348	0.275272
-0.984399	-0.676231
1.04712	0.0652532
0.503934	0.735308
-0.647623	-0.615423
1.60117	0.182011
0.340978	0.469577
-0.169618	0.162371
-0.788851	0.166877
-0.289119	0.486248
-0.919216	-0.247545
-0.919216	0.539188
-0.310847	0.42544
1.06885	0.0118149
0.851574	0.435306
0.688618	0.104534
0.427888	-0.292213
1.1123	0.172465
-0.126163	-0.334444
-0.278255	0.363169
-0.0718443	0.291809
-0.593304	-0.291219
-0.973535	-0.731637
0.243204	-0.169252
-0.58244	0.0364464
0.884165	0.00311119
0.84071	0.59531
-0.821443	0.145196
-0.636759	-0.758754
-0.14789	0.197072
0.406161	0.334901
0.221477	0.127051
-0.886625	-0.599588
-0.658487	-0.663622
-0.180482	0.234269
0.101976	0.101442
-0.213073	-0.453923
0.0693844	0.538989
0.677754	0.713015
-0.32171	0.252267
0.775528	0.524744
1.75326	-0.167898
-0.66935	0.269541
-0.701941	-0.0517969
0.134567	0.0803883
2.66582	0.384137
0.0259294	0.419417
1.64463	0.65612
-0.615032	0.259993
-0.647623	-0.309916
0.0150657	0.830221
0.0150657	0.0262912
-0.299983	0.580728
0.243204	0.329555
-0.734533	-0.356288
-0.973535	-0.810376
-0.810579	0.0358134
0.0693844	-0.219503
2.12263	0.220825
0.0259294	-0.1399
-0.256528	-0.39768
0.84071	0.0861217
0.895029	0.175117
-0.332574	0.125652
0.612572	0.385827
-0.799715	-0.162458
-0.832306	-0.797565
0.101976	0.232335
-0.343438	-0.629225
-0.625895	0.202344
-0.799715	-0.534592
-0.723669	-0.914547
3.14382	0.83942
1.3839	0.496273
0.308387	0.490888
-0.691078	0.30558
0.851574	-0.329096
-0.908353	-0.759648
0.0150657	-0.0188721
-0.919216	-1.03327
0.438752	-0.213656
-0.267392	0.00321511
0.0367932	0.0601941
-0.897489	0.51544
1.45994	-0.00144626
2.53545	0.547309
-0.962671	0.166102
0.340978	0.625876
-0.517258	-0.00149492
-0.58244	0.491591
2.03572	0.554942
-0.538985	0.359576
-0.908353	-0.136349
0.340978	0.444894
-0.995263	-0.505906
-0.854034	-0.291255
-0.973535	-0.392603
3.21987	0.504398
0.178022	-0.12004
0.362706	0.38377
-0.897489	-0.323241
-0.647623	0.410805
-0.908353	0.260732
-0.712805	-0.217769
0.221477	0.179024
2.14436	0.529416
-0.104436	0.304063
-0.14789	0.380221
-0.734533	-1.27049
1.77499	0.489992
1.09058	0.541686
-0.289119	-0.194813
2.16609	0.366337
-0.365165	-0.771278
-0.75626	-0.395898
-0.2348	-0.132415
2.48114	0.464923
-0.821443	0.218455
2.80705	0.484981
-0.213073	0.373847
0.156294	0.132155
-0.864898	-0.929722
0.949348	0.473892
-0.593304	0.133988
0.384433	0.379281
-0.0175256	0.277989
-0.962671	-0.202335
-0.875761	-0.739916
-0.191345	-0.618417
1.66636	0.330413
-0.908353	0.0106396
1.19921	0.289861
1.65549	0.652889
-0.658487	-0.504481
0.732073	0.389144
-0.658487	-0.569338
-0.995263	-0.871288
1.32958	0.421648
-0.376029	0.0482711
-0.886625	-1.06556
0.0911119	0.489952
0.264932	0.296612
-0.897489	-0.175204
1.31872	0.132139
-0.777988	-0.131035
-0.951808	0.302443
0.514798	0.193368
-0.169618	0.475021
-0.191345	0.117361
-0.636759	0.0371668
0.0693844	0.359984
-0.625895	-0.219754
-0.93008	0.397081
0.156294	0.451974
1.01453	-0.300639
-0.66935	-1.02204
-0.202209	0.685563
0.167158	-0.0729026
-0.84317	-0.37082
-0.245664	-0.780791
-0.549849	-0.427799
-0.571577	-0.557025
0.0367932	-0.00611275
-0.376029	0.35968
-0.734533	-0.235507
-0.897489	-0.579569
-0.452075	0.373212
0.351842	0.371244
-0.951808	-0.354507
0.732073	-0.2599
1.02539	0.170359
-0.0935718	-0.0596219
-0.658487	-0.732233
-0.940944	-0.213997
-0.278255	0.35573
-0.777988	0.169034
1.00367	0.385544
-0.940944	-1.06086
-0.32171	0.573354
0.395297	0.216152
2.03572	0.368521
-0.0718443	0.109917
0.134567	0.159554
0.514798	0.17575
1.16662	0.410234
1.54685	-0.0816571
-0.332574	-0.257897
-0.484667	-0.202036
-0.908353	-0.706573
3.29592	0.641986
-0.691078	0.514894
-0.039253	0.104837
0.688618	0.466742
0.134567	0.111227
-0.126163	0.0822992
-0.919216	-0.618792
2.15522	0.361499
-0.93008	-0.243797
-0.973535	-0.671718
-0.376029	0.383528
-0.919216	-0.696034
0.417024	-0.343352
-0.473803	-0.533037
-0.506394	0.229968
-0.712805	-0.676927
0.210613	0.269773
-0.875761	-0.13766
-0.126163	-0.706208
1.24267	0.242858
0.0259294	0.600513
-0.604168	-0.434435
-0.40862	-0.225769
0.0150657	0.328033
-0.419484	0.0583751
-0.245664	0.327113
-0.104436	0.476689
-0.104436	-0.670628
-0.951808	-0.671311
0.384433	0.518891
-0.658487	0.0466039
-0.691078	-0.314231
2.41595	0.289728
0.949348	0.751297
-0.441212	0.370069
0.0150657	0.148875
3.66528	0.578988
-0.734533	-0.587577
-0.528122	0.26571
0.254068	0.411809
-0.75626	-0.157094
-0.560713	0.466949
0.319251	0.148993
-0.821443	-0.196729
-0.560713	-0.082962
-0.32171	0.542562
-0.2348	-0.259301
-0.810579	-0.606606
-0.854034	0.429397
0.0802482	0.263234
0.254068	0.544387
-0.528122	0.134263
-0.14789	-0.621688
3.07864	0.404264
0.0367932	-0.221053
0.373569	0.296985
-0.745396	-0.49405
-0.897489	-0.0342781
-0.299983	0.0150597
0.66689	0.449787
-0.278255	0.537625
-0.0283893	0.127574
0.406161	-0.177566
-0.278255	0.330278
-0.082708	0.373748
3.45887	0.272442
-0.365165	0.0571228
2.68755	0.404943
-0.951808	-0.602643
-0.940944	-0.360477
0.384433	0.732993
-0.691078	-0.392134
0.57998	-0.23244
-0.93008	0.240402
-0.680214	0.222556
1.87277	0.362852
0.590844	0.53132
0.362706	-0.505145
0.558253	0.343463
-0.299983	0.291052
-0.919216	-0.394956
1.52513	0.276244
0.873302	0.446657
-0.278255	0.51215
-0.082708	-0.302262
1.81845	0.361002
-0.962671	-1.32804
-0.962671	-0.202335
0.525662	0.58744
-0.810579	-0.932371
-0.625895	-0.359723
1.95968	0.629725
2.31818	0.219012
-0.821443	-0.55152
-0.788851	-0.761353
0.0802482	0.463238
-0.84317	0.473507
0.449616	0.042162
-0.886625	0.427614
-0.810579	-0.396318
0.264932	0.814354
0.721209	0.299358
0.786392	-0.0223176
-1.02785	-0.158769
-0.32171	-0.350258
-0.528122	-0.124127
-0.484667	-0.176857
-0.93008	0.0725205
0.286659	0.611415
1.01453	0.385289
2.15522	-0.266618
-0.875761	0.158106
-0.701941	-0.0686102
-0.658487	-0.331071
0.0802482	0.548572
0.417024	0.0652588
-0.897489	-0.773883
0.525662	0.632875
-0.745396	-0.242022
-0.191345	0.1791
1.45994	0.334737
0.232341	-0.218655
-0.376029	-0.249276
-0.680214	-0.176248
-0.875761	0.320811
-0.940944	-0.0949643
0.688618	0.265189
-0.951808	-0.617334
-0.799715	-0.534274
-0.528122	-0.481625
-0.93008	-0.369618
-0.962671	-1.07227
-0.32171	0.0373799
0.797255	0.605656
2.17695	0.512104
-0.636759	-0.867335
-0.0283893	-0.256815
-0.604168	0.506715
1.54685	0.145579
2.26386	0.250555
-0.864898	-0.0943007
0.536525	0.357064
-0.452075	0.225267
-0.799715	-0.0207254
0.0150657	0.205415
3.37196	0.430777
-0.995263	-0.406468
-0.712805	-0.138563
0.188886	-0.335229
0.0367932	0.542659
-0.995263	-0.156968
1.04712	0.334069
-0.832306	0.429204
-0.462939	-0.4213
-0.00666181	0.0473059
-0.701941	0.04972
0.547389	0.266547
-0.386893	-0.558226
-0.126163	-0.167635
-0.788851	-0.128971
0.949348	0.393835
-0.919216	-0.674631
0.178022	0.173631
0.319251	0.294919
-0.658487	-0.42105
-0.908353	-0.337236
-0.32171	-0.0505639
0.297523	0.788239
-0.788851	0.109541
1.09058	0.0443369
0.536525	0.181818
3.46974	0.511783
-0.908353	-0.564405
-0.745396	-0.156624
2.70927	0.587952
1.57945	0.205173
-0.14789	0.486293
-0.538985	-0.430181
0.178022	0.00205652
2.8505	0.528988
-1.02785	-0.288346
-0.538985	0.289241
-0.864898	-0.804717
3.02432	0.586445
0.188886	-0.00484163
-0.777988	0.0193297
-0.832306	-0.794121
-0.886625	0.295085
-0.289119	0.106176
-0.712805	-0.676927
-0.864898	-0.453012
-0.712805	-0.398824
-0.940944	-1.03468
-0.832306	-0.340019
0.797255	0.151145
-0.506394	0.244629
-0.723669	-0.0786739
0.308387	-0.495812
1.07971	0.502288
-0.213073	0.655452
0.254068	0.205198
0.145431	-0.576503
-0.691078	0.200369
-0.571577	0.649246
0.514798	-0.122088
-0.082708	0.337755
-0.821443	-1.03116
-0.549849	0.330897
0.92762	0.388907
-0.636759	-0.0741823
0.0585207	-0.0320571
2.32904	0.0571948
-0.332574	0.425583
-0.973535	-1.32726
-0.984399	-1.37363
-0.940944	-0.74827
0.981939	0.795632
-0.571577	-0.917018
0.981939	0.188269
-0.908353	-0.228774
0.00420194	0.372364
-0.538985	-0.461925
-0.951808	0.0186484
-0.984399	-0.508987
-0.0501168	0.363542
-0.213073	0.0318441
0.808119	-0.878528
-0.430348	0.366101
-1.03872	-1.03162
-0.832306	0.191108
0.57998	0.273633
-0.799715	-0.525786
0.330114	-0.103176
0.449616	0.375648
-0.528122	-0.0775197
0.221477	-0.359136
-0.126163	-0.106238
1.54685	0.504511
2.22041	0.507613
-0.680214	-0.664101
-0.984399	-0.199071
-0.039253	0.0848896
-0.93008	-0.230043
1.02539	0.374681
-0.723669	0.46323
-0.0175256	0.511822
-0.777988	-0.576519
-0.278255	-0.998856
-0.452075	-0.790121
-0.299983	0.365804
-0.0283893	-0.137595
4.01292	0.797561
0.178022	0.361456
0.482207	0.539976
-0.897489	-0.65941
0.308387	-0.103056
-0.191345	-0.12687
0.319251	-0.815325
-0.680214	0.365373
-0.984399	-0.171457
-0.245664	0.0725005
0.84071	0.337808
1.63376	0.549424
1.01453	-0.0241544
-0.365165	0.522164
-0.58244	0.397638
-0.886625	-0.125207
-0.430348	-0.29735
0.286659	-0.458265
-0.940944	-0.128516
-0.571577	0.0578466
0.0150657	0.351152
-0.875761	-0.700373
-0.441212	-0.160222
0.417024	0.464722
0.721209	0.280623
-0.984399	-0.330383
-0.441212	-0.10688
-0.908353	-0.13062
-0.821443	-0.142861
0.101976	-0.436878
0.0150657	0.532765
0.536525	0.502166
0.145431	0.305879
-0.538985	0.204768
-0.202209	0.308778
-0.821443	0.111877
-0.897489	0.548077
0.732073	0.22424
-0.777988	0.490283
0.721209	0.410742
0.471343	0.229734
-0.32171	-0.456396
-0.126163	0.189927
0.101976	-0.0734719
-0.680214	0.141975
0.0585207	0.244334
-0.799715	0.00583868
-0.397757	0.573532
-0.299983	0.26307
-0.962671	-0.0133941
-0.832306	0.0403823
-0.528122	-0.0977899
0.330114	0.0938733
0.829847	0.375804
1.24267	0.0247494
-0.973535	-0.79984
-0.343438	0.165008
0.49307	-0.456097
-0.473803	0.385575
-0.886625	-1.07016
-0.506394	0.049682
1.15576	0.381305
-0.49553	-0.59561
0.286659	-0.458265
0.438752	0.185782
0.612572	-0.0226993
1.15576	0.291554
0.373569	0.293322
1.34044	0.521203
0.569117	0.0940849
0.438752	0.0992045
-0.00666181	0.336928
-0.897489	-0.289506
-0.484667	-0.218396
0.0259294	0.0877089
-0.58244	-0.321271
-0.615032	0.116338
-0.75626	-0.308733
-0.528122	0.448798
-0.734533	0.31965
0.623435	0.294524
-0.93008	-0.566529
-0.473803	0.074779
0.590844	0.478106
-0.701941	0.411666
-0.376029	-0.189573
-0.299983	-0.421152
0.590844	0.454263
-0.919216	-0.320813
0.112839	0.547927
-0.701941	-0.0623897
1.93795	-0.127671
-0.875761	0.157351
-0.973535	-1.04872
-0.864898	-1.03331
0.101976	-0.293123
0.297523	0.28939
-0.267392	-0.102273
-0.625895	0.300964
-0.84317	-0.390183
2.76359	0.391743
-0.115299	-0.614623
-0.799715	-0.134738
0.66689	0.133001
-0.245664	0.450548
0.895029	0.254923
0.188886	-0.163616
-0.712805	-0.105608
-0.0935718	-0.128406
-0.810579	0.178267
-0.126163	-0.300523
-0.549849	0.0974891
-0.49553	-0.12677
-0.886625	0.182669
1.02539	0.228514
1.28612	0.56034
-0.299983	-0.108242
0.384433	-0.102294
-0.962671	0.0674981
0.905893	0.38439
0.786392	0.205226
-0.14789	-0.286582
-0.615032	0.0304005
1.05799	0.663565
-0.506394	0.248754
-0.00666181	0.454404
1.97054	0.461266
-0.875761	0.0756303
0.243204	0.397825
-0.560713	-0.230948
-0.082708	0.448758
-0.734533	-0.429766
-0.897489	-0.144761
1.17749	0.373631
-0.365165	-0.0137127
0.0693844	0.298944
-0.951808	-0.035539
0.308387	0.490888
1.13403	0.434066
-0.376029	0.407115
-0.897489	0.278499
-0.604168	-0.434435
0.590844	0.258967
-0.32171	-0.339465
0.330114	0.404758
-0.376029	0.0349418
0.786392	-1.03247
0.905893	-0.0892324
0.0585207	-0.151474
0.764664	-0.0969911
1.2644	0.516558
-0.49553	0.301339
-0.104436	0.284499
0.00420194	0.083615
-0.821443	0.205265
-0.256528	0.398571
0.351842	0.383504
-0.560713	0.53589
0.101976	0.331485
-0.245664	-0.0993703
-0.126163	-0.24212
-0.973535	-0.542248
-0.0935718	0.287606
2.20954	0.316564
-0.940944	-0.216717
-0.84317	-0.132398
-0.799715	-0.744814
0.471343	-0.0517917
-0.462939	0.31892
-0.082708	0.338129
0.308387	0.368534
0.351842	0.275214
-0.039253	0.380256
-0.93008	0.137542
0.786392	0.339398
-0.169618	-0.280731
-0.886625	0.10264
-0.777988	-1.00176
-0.821443	-0.606914
-0.93008	-0.528528
-0.00666181	0.210361
-0.897489	-0.414991
3.06778	0.715755
-0.549849	0.180493
-0.745396	0.605912
-0.506394	-0.94723
-0.908353	-0.75014
-0.875761	-0.394379
1.60117	0.48482
1.04712	0.395935
-0.799715	-0.108177
0.0367932	0.184572
-0.00666181	0.341178
-0.712805	-0.635356
0.340978	0.379685
-0.0283893	0.226394
0.199749	0.380007
0.829847	-0.415469
1.13403	0.0269721
-0.0935718	0.244248
0.178022	-0.225568
-0.517258	-0.675527
0.949348	0.841154
-0.984399	-0.48766
-0.256528	-0.300867
-0.549849	0.23169
0.0476569	0.26397
-0.571577	0.172567
4.29538	0.556762
1.24267	0.303209
1.07971	0.366275
-0.723669	-0.711826
3.69788	0.487688
0.525662	0.526314
-0.940944	-0.140103
-0.919216	-0.146035
-0.14789	0.388533
0.384433	-0.277034
-0.940944	-0.268383
0.330114	0.36404
-0.571577	0.446717
-0.767124	-0.946819
2.30732	0.0824184
-0.745396	-0.251161
-0.430348	-0.344737
2.99173	0.827287
-0.386893	0.424746
-0.908353	-0.11968
-0.256528	0.211668
1.36217	0.50881
1.61204	0.7208
-0.897489	-0.745994
0.0585207	0.00303507
1.01453	0.323693
0.406161	0.432125
0.286659	0.0973851
-0.604168	-0.287891
-0.940944	-0.715364
1.60117	0.437097
0.384433	0.316915
-0.973535	-1.1296
0.569117	0.436814
-0.821443	-0.552641
-0.14789	0.392436
-0.452075	-0.173653
-0.658487	-0.799423
-0.995263	-0.704294
-0.267392	0.651853
1.21008	0.0791007
0.134567	0.438523
0.395297	0.303396
-0.593304	-0.123125
-0.082708	0.440705
-0.0175256	0.375311
-0.0935718	0.480021
1.12317	-0.271313
-0.299983	0.182523
-0.951808	-1.2917
0.0802482	-0.514713
-0.245664	0.355456
-0.908353	-0.789221
-0.897489	-0.428842
-0.897489	0.0120496
-0.691078	0.122169
0.742937	-0.209025
-0.289119	-0.127812
-0.213073	-0.575207
-0.126163	-0.0773983
-0.386893	-0.467213
-0.571577	-0.216921
-1.01699	-0.322101
-0.973535	-0.580166
-0.777988	-0.211679
0.0150657	0.321279
0.243204	0.270764
-0.430348	-1.16914
-0.75626	0.266545
-0.908353	-1.05078
-0.723669	0.278669
1.41649	0.269698
0.0259294	0.149377
-0.213073	-0.0383655
-0.32171	-0.151025
0.438752	-0.577255
-0.267392	-0.966393
-0.615032	0.281483
-0.93008	-0.112063
0.308387	0.293249
-1.03872	-0.316709
0.656027	0.353173
0.0802482	0.485953
0.699482	0.59246
-0.299983	0.451957
0.66689	0.389698
-0.908353	-1.81138
0.156294	0.317368
0.123703	0.371154
-0.14789	0.0915563
0.536525	0.00742438
-0.919216	-0.588443
-0.658487	0.22394
-0.0718443	0.362408
-0.66935	0.499873
1.47081	-0.655307
-0.441212	0.515936
-0.104436	0.449548
0.438752	0.244598
-0.560713	-0.301405
0.297523	0.335277
0.0802482	0.544099
-0.191345	0.367064
-0.897489	-0.556709
-0.00666181	-0.036362
0.0150657	0.476474
2.07918	0.493204
-0.908353	-0.80776
-0.365165	-0.0566236
-0.951808	-0.456019
-0.49553	0.160777
0.417024	-0.519555
-0.343438	0.297665
-0.419484	0.0399036
-0.549849	0.405153
0.49307	0.147732
-0.615032	-0.214044
1.1449	0.333706
-0.908353	-0.748879
-1.03872	-1.29065
-0.734533	-0.602431
-0.777988	-0.10815
-0.810579	-0.157762
0.0585207	-0.0761219
-0.376029	-0.263622
-0.593304	0.315876
0.514798	0.389158
0.254068	0.466407
-0.082708	0.518192
-0.462939	0.119774
1.84017	0.417576
0.916757	0.240134
0.243204	0.389448
-0.332574	0.0158071
0.232341	0.110424
0.0693844	0.412288
-0.854034	-1.04649
0.49307	0.433187
-0.40862	0.0773045
-0.788851	-0.143593
0.536525	-0.231791
-0.289119	0.0822421
1.19921	0.469903
0.949348	-0.366002
-0.973535	-0.0855213
-0.712805	-0.122665
0.286659	0.487284
-0.897489	-0.667453
-0.962671	0.351933
0.569117	0.575948
0.417024	0.0383786
-0.126163	0.149468
-0.691078	0.376189
-0.191345	-0.139737
-0.962671	-0.907461
-0.886625	-0.18312
-0.84317	0.247208
-0.940944	-0.213912
1.35131	0.355768
-1.00613	0.264536
-0.832306	-0.226042
0.873302	0.456109
-0.93008	-0.340019
-0.039253	-1.00204
1.97054	0.188934
-0.571577	0.27443
0.00420194	-0.212342
-0.615032	-0.061854
1.84017	0.289731
-0.14789	0.482296
-0.886625	0.408701
-0.376029	-0.738898
-0.951808	-0.741023
1.07971	0.0166506
1.24267	0.0247494
1.23181	0.387514
-0.854034	-0.469823
-0.191345	-0.490047
0.145431	-0.217238
1.75326	0.243736
-0.571577	0.0378707
-0.158754	-0.404871
0.286659	0.47561
-0.104436	0.262669
0.981939	0.184153
0.514798	0.309004
-0.593304	-1.41544
-0.919216	-1.08064
-0.0175256	0.276105
-0.788851	-1.09658
-0.560713	0.36739
-0.951808	0.332238
0.449616	0.550958
-0.571577	-0.508163
0.00420194	0.271273
0.699482	0.496121
-1.00613	-0.864261
0.308387	-0.357391
1.15576	0.291554
1.31872	-0.151005
2.55718	0.372172
0.786392	0.299583
1.18835	-0.0139819
2.01399	0.295319
-0.376029	0.18936
1.91622	-0.188721
-0.14789	0.525946
-0.799715	-1.07985
3.31764	0.52694
-0.962671	-0.00741631
1.00367	0.509485
-1.02785	-0.758554
-0.419484	-0.0590962
-0.430348	0.637479
0.297523	0.192443
-0.58244	-0.257936
-0.908353	-0.941562
-0.875761	0.327658
4.33884	0.418275
2.36163	0.382427
-0.777988	-0.385219
-0.571577	-0.809117
-0.538985	-0.568745
0.0476569	0.544049
0.992803	0.234055
0.286659	-0.344092
0.362706	0.25649
2.63323	0.358032
-0.788851	-0.321497
2.91569	0.615086
-0.723669	-0.567812
-0.84317	0.568991
-0.397757	0.587187
0.808119	0.637535
-0.365165	0.0212018
0.710345	0.422136
0.742937	0.430403
-0.039253	-0.402321
-0.376029	0.141474
-0.386893	-0.0110027
-0.397757	0.245928
-0.441212	0.385578
-0.864898	-0.366972
-0.0935718	0.437562
0.92762	0.240393
-0.84317	-0.253123
3.82824	0.442247
0.243204	0.24951
0.710345	0.424267
0.590844	0.0480959
-0.082708	-0.448048
-0.701941	0.0339519
-0.886625	-0.556013
-0.75626	0.174616
-0.832306	-0.536413
-0.745396	-0.540429
-0.897489	-0.577962
0.49307	-0.0704827
0.319251	0.52965
-0.897489	-1.1179
0.92762	0.454141
-0.615032	0.259906
-0.289119	0.281784
1.1123	0.506394
-0.973535	0.438955
-0.832306	0.398323
-0.658487	-0.970674
-0.636759	-0.191133
-0.973535	-1.12958
0.916757	0.663304
0.92762	0.674588
0.00420194	0.405942
-0.712805	-0.706072
-0.538985	-0.419669
-0.810579	-0.404353
-0.984399	-0.311308
-0.615032	0.396845
-0.951808	-0.632507
0.0367932	0.020384
0.351842	-0.407947
-0.473803	-0.211454
-0.32171	0.248067
-0.962671	-0.235066
1.18835	0.558772
0.677754	0.0146515
-0.00666181	0.454404
-0.658487	-1.1418
1.10144	0.541002
-0.84317	0.445529
0.199749	-0.22509
0.243204	0.464602
-0.886625	-0.661501
-1.03872	-0.84707
-0.615032	-0.153275
-0.962671	-1.16853
-0.538985	0.00479116
0.49307	0.153084
-0.571577	0.203351
-0.365165	0.209383
0.547389	0.0845037
-0.940944	-0.213912
-0.49553	0.433483
-0.897489	0.200994
-0.462939	0.592922
-0.886625	0.243613
1.30785	0.461941
-0.452075	0.239535
0.297523	0.347572
0.00420194	0.181354
1.8619	0.635449
-0.191345	0.256448
0.362706	0.7185
-0.84317	-0.890898
4.50179	0.666071
-0.75626	-0.716288
-0.169618	-0.202447
-0.452075	0.281123
-0.767124	0.502685
0.264932	0.286219
-0.951808	-0.458001
1.09058	0.00575023
1.36217	0.50881
-0.691078	0.423378
-0.180482	0.643209
-0.75626	-0.490186
0.775528	0.404408
-0.549849	0.0381555
2.14436	0.50778
0.0802482	0.199909
-0.799715	-0.989809
-0.267392	0.471889
0.482207	0.523626
0.57998	-0.235475
-0.32171	-0.386019
-0.571577	-0.0924681
1.13403	0.114529
1.56858	0.696204
-0.962671	-0.586186
-0.658487	-0.341221
-0.734533	-0.339074
-0.202209	0.241719
-0.962671	-0.726723
-0.93008	-0.888603
-0.571577	-0.0585026
0.286659	0.274976
0.514798	-0.0534176
-0.908353	0.357095
-0.995263	-0.337371
-0.473803	0.152099
1.30785	0.414687
-0.951808	-0.840687
-0.0501168	0.00318663
-0.299983	0.49243
0.0150657	0.548443
-0.267392	0.363972
0.00420194	-0.651795
0.210613	0.174543
2.02486	0.246495
-0.0175256	0.479066
-0.538985	-0.178363
-0.84317	-0.791078
-0.680214	0.269996
0.340978	0.238728
-0.951808	0.0958368
0.808119	-0.032558
-0.0283893	0.574983
-0.625895	-0.557862
-0.32171	0.436353
-0.528122	-0.219535
1.85104	0.422632
0.547389	0.214913
-0.473803	-0.762022
-0.658487	0.247205
-0.549849	0.114884
4.9798	0.364237
-0.593304	-0.0689212
-0.745396	-0.0229392
-0.636759	0.0298261
3.3611	0.397622
-0.615032	-0.218481
-0.397757	0.105915
-0.84317	-1.07618
1.91622	0.624252
-0.680214	-0.0165391
-0.75626	-1.27819
-0.213073	0.217842
-0.919216	0.0466647
-0.84317	-0.0746395
-0.788851	-0.702249
-0.386893	-0.439795
1.05799	0.586238
-0.506394	-0.764223
3.66528	0.685005
2.28559	0.642566
-0.0935718	-0.539835
0.123703	-0.198706
0.384433	0.310337
1.7424	0.37755
-0.93008	-0.976631
0.612572	-0.0226993
-0.0718443	0.248621
-0.66935	0.0246607
0.971075	0.0129604
-0.00666181	-0.111489
-0.940944	0.041383
-0.875761	-0.311043
1.04712	0.20841
0.232341	-0.0510641
0.905893	0.294589
1.87277	0.585423
1.47081	0.132892
1.67722	0.630018
1.57945	0.12198
-0.962671	-0.935774
0.362706	-0.504317
-0.93008	-1.20062
0.221477	0.484496
-0.354302	0.0836797
-0.940944	-0.821565
-0.58244	-0.26151
2.88309	0.0448911
0.688618	0.22533
0.395297	0.69476
2.22041	-0.085205
0.851574	0.735486
3.01346	0.269783
0.710345	-0.50616
1.1449	0.634209
-0.723669	-0.848435
0.916757	0.227353
-0.191345	0.228441
-0.484667	0.0308696
-0.32171	0.23927
1.55772	0.485014
-0.940944	-0.258559
-0.712805	-0.0990315
-0.593304	-0.552272
1.31872	0.188109
-0.897489	0.345881
1.67722	0.381151
2.04659	0.507255
-0.0283893	0.481817
-0.940944	0.0120537
-0.897489	-0.461725
0.0476569	0.251884
-0.680214	-0.0197149
0.362706	0.0392682
-0.767124	0.439798
1.12317	0.521754
0.0476569	0.376041
-0.571577	0.390101
1.36217	-0.0296698
-0.397757	0.32041
0.254068	0.473035
-0.191345	0.781331
-0.528122	-0.946515
-0.571577	-0.00196214
-0.32171	0.329366
-0.473803	-0.507723
-0.256528	0.498466
0.645163	0.375175
-0.940944	-0.75491
0.699482	-0.0170301
0.558253	0.544157
-0.810579	-1.30339
-0.908353	-1.40746
2.492	0.549805
-0.940944	-0.578877
-0.767124	-1.16226
-0.680214	-0.297054
0.0476569	-0.0945984
-0.745396	-0.139961
-0.365165	0.487541
-0.267392	-0.204845
-0.864898	-0.0866294
-0.680214	-0.329203
0.264932	-0.00980353
0.351842	-0.135373
0.0150657	-0.545522
-0.951808	-0.709803
0.92762	0.296868
-0.875761	-0.601357
3.69788	0.159668
1.01453	0.498117
1.31872	0.480867
0.536525	0.702549
0.264932	-0.322768
0.677754	0.0137555
0.308387	0.446249
-0.169618	0.162421
-0.332574	0.237996
-0.202209	-0.837985
-0.0501168	0.452253
0.188886	0.332887
-0.430348	-0.138307
-0.636759	0.293224
-0.158754	-0.0480083
1.78586	0.671264
-0.365165	0.122239
1.21008	0.49277
-0.93008	-0.8215
-0.951808	-0.15409
-0.940944	-0.00417253
-0.799715	0.48786
0.49307	0.167911
-0.213073	-0.257842
-0.864898	-1.01865
-0.919216	0.459002
-0.517258	0.449896
1.16662	0.346398
-0.745396	-0.42932
-0.66935	-0.312511
-0.223937	0.351539
0.351842	-0.407947
-0.40862	0.0784883
-0.691078	0.200369
-0.712805	-0.471699
-0.0175256	0.443081
-0.810579	-0.765793
-0.310847	0.105918
-0.191345	-0.204741
0.677754	0.387519
-0.864898	-0.461833
0.134567	0.0618656
1.2644	0.571446
0.547389	-0.23268
-0.745396	-0.153743
-0.854034	-0.0859988
-1.06045	0.324569
-0.995263	-0.858578
0.167158	-0.0236602
0.243204	0.324017
-0.2348	0.561414
-0.082708	0.417814
-0.647623	-0.246967
2.19868	0.403612
-0.452075	0.0955987
0.851574	0.633252
-0.180482	0.414739
2.56805	0.344555
0.558253	0.101503
0.427888	0.243795
-0.267392	0.503842
-0.810579	-0.3901
1.65549	0.355954
-0.854034	-1.04761
0.0802482	-0.25231
-0.278255	-0.464354
-0.788851	0.210117
1.39476	0.432279
0.254068	0.239927
-0.962671	-0.299626
4.72993	0.759909
-0.799715	-0.468999
0.319251	0.269181
-0.810579	0.0222921
-0.93008	-1.56955
0.101976	0.407029
0.427888	0.167977
-0.310847	0.446801
0.210613	0.441844
-0.310847	0.465124
0.221477	0.0646145
3.19814	0.228943
0.362706	0.0868545
-0.40862	0.0860106
-0.376029	0.00919299
3.42628	0.441472
-0.615032	0.0503842
0.634299	0.707739
-0.158754	0.0417532
0.797255	0.577456
-0.940944	0.582957
0.167158	0.574648
-0.745396	-0.677632
-0.473803	-0.294415
-0.32171	-0.119798
0.742937	0.326514
-0.0175256	0.499877
3.28505	0.688085
-0.93008	-0.103032
0.558253	0.319255
-0.93008	-0.257439
-0.58244	-0.393396
-0.082708	0.235136
-0.462939	0.0609045
1.79672	0.348107
-0.647623	-0.829027
-1.00613	-0.489748
0.764664	0.375017
3.10037	0.477398
-0.984399	-1.43891
-0.137027	0.29638
-0.886625	-1.88436
-0.58244	-0.548868
-0.723669	0.314898
-0.854034	-0.67802
-0.799715	-0.151374
3.33937	0.459082
0.960212	-0.272864
-0.0718443	0.351452
-0.202209	-0.10552
-0.636759	0.0257591
0.0802482	-0.00200167
-1.02785	-0.993548
-0.951808	-1.34138
-0.538985	-0.624937
-0.104436	0.0619669
0.156294	0.287189
0.92762	0.763548
-0.875761	0.186032
0.167158	0.356403
0.612572	0.259784
-0.93008	-0.651926
-0.180482	0.1731
0.134567	0.207265
-0.213073	0.113418
0.210613	-0.032103
-0.691078	0.314682
-0.854034	-0.934784
0.0802482	-0.647208
1.91622	0.60667
0.742937	0.132432
0.460479	0.178743
-0.158754	0.0302528
-0.615032	-0.930621
-0.821443	0.378756
0.0150657	-0.501489
-0.897489	-1.38167
-0.462939	-0.0988902
-0.951808	-0.785374
0.547389	0.351915
-0.604168	-0.318366
-0.93008	-0.745509
-0.973535	-0.413785
0.297523	0.279534
2.20954	0.747186
2.00313	0.806964
-0.376029	-0.436776
0.297523	-0.331948
-0.213073	0.411413
-0.919216	-0.802678
-0.430348	-0.24137
0.503934	0.503433
0.971075	0.726607
0.797255	-0.141421
1.7424	0.577121
-0.680214	0.268939
1.51426	0.44956
0.0585207	-0.468577
-0.680214	0.251425
2.28559	-0.0807538
-0.397757	0.4347
-0.745396	0.469933
-0.441212	0.234921
0.308387	0.477197
-0.854034	-0.0684318
0.503934	-0.142461
0.232341	-0.153003
-1.02785	-0.899442
1.19921	0.17395
0.677754	0.0851609
-0.343438	0.0393505
0.156294	0.443757
-0.767124	-0.313198
1.29699	-0.16753
4.44747	0.406253
-0.875761	-1.53852
-0.832306	-0.25087
-0.908353	-0.484497
0.0476569	0.376041
-0.126163	0.551601
-0.788851	-0.350806
-0.908353	-0.327985
-0.973535	-1.06296
-0.940944	-0.99765
0.808119	-0.032558
3.9912	0.354936
-0.289119	0.482265
-1.00613	-0.772875
-0.767124	-0.323658
-0.299983	0.0613778
-0.245664	-0.381327
0.319251	0.450795
1.25353	0.501193
3.2416	0.647551
-0.788851	-0.467344
-0.84317	0.319851
-0.864898	-1.1664
-0.745396	0.174525
-0.75626	0.397381
0.330114	0.827468
0.188886	0.181082
-0.984399	-0.266558
3.90429	0.475543
0.786392	-0.551355
-0.777988	-0.253298
0.808119	0.309064
-0.767124	-0.453648
-0.66935	0.254008
0.699482	0.329566
-0.40862	0.470323
-0.58244	0.237847
4.03465	0.547587
-0.767124	-0.0501229
0.688618	0.0469862
-0.984399	0.194355
-0.647623	0.492066
-0.84317	0.074459
-1.00613	-0.657185
0.167158	0.387305
0.188886	0.415502
-0.191345	-0.452736
-0.832306	-0.750427
-0.908353	-0.599291
1.04712	0.316447
-0.799715	0.0781221
-0.734533	0.311821
-0.191345	-0.506327
-0.2348	0.38438
0.601708	0.523913
1.79672	0.214806
0.243204	0.285445
-0.886625	-0.0205657
0.297523	0.281107
-0.810579	-0.42058
-0.0609805	-0.0663144
0.92762	0.223809
3.08951	0.489434
-0.984399	-0.128624
0.232341	0.21081
0.7538	0.161115
-0.169618	0.418998
-0.810579	0.0763898
-0.712805	-0.110673
0.764664	0.436532
-0.680214	0.343019
-0.397757	0.257068
-0.691078	0.167622
-0.66935	0.0582405
-0.940944	-0.801137
-1.04958	-1.67434
0.373569	0.528336
-0.462939	-0.126091
-0.452075	-0.213762
-0.93008	-0.656824
-0.289119	0.0943905
1.66636	0.192871
3.18728	0.789449
0.275796	0.483679
0.0585207	0.475544
3.58924	0.472895
-0.908353	-1.07773
0.525662	0.13676
0.938484	0.544939
-0.810579	-0.206939
2.43768	0.396047
1.67722	-0.0108393
-0.886625	0.0435859
-0.354302	0.0519612
-0.386893	-0.381019
0.92762	0.271541
-0.615032	0.35329
-0.940944	-0.226805
3.01346	0.192779
1.97054	0.310393
2.29645	0.619712
1.97054	0.464171
1.00367	0.41194
2.40509	0.281785
0.818983	0.256993
0.188886	0.168819
-0.973535	-0.540455
0.721209	0.257467
2.1009	0.394711
0.308387	0.733988
-0.0501168	-0.517363
0.721209	0.539045
-0.126163	-0.0762966
-0.93008	0.11475
0.829847	0.560304
-0.908353	-1.03055
0.503934	0.39462
-0.810579	-0.930689
-0.951808	0.149259
-0.517258	0.400036
1.30785	0.362855
-0.615032	0.310686
1.21008	0.821519
1.77499	0.413934
-0.940944	0.108289
-0.49553	0.15922
-0.593304	-0.047477
1.32958	0.0958986
-0.538985	0.240264
-0.897489	-0.398957
-0.962671	-1.17752
-0.647623	0.32948
0.677754	0.149989
0.0802482	0.328868
-0.788851	0.058635
-0.441212	0.299427
-0.625895	-0.254913
-0.49553	0.333215
-0.441212	-0.19098
-0.126163	0.363752
-0.701941	0.0542617
-0.84317	-0.749789
1.09058	0.0443369
-0.126163	-0.23333
-0.158754	-0.404871
0.569117	0.628421
3.19814	0.418699
-0.343438	-0.502865
0.308387	0.0211953
-0.962671	-0.696097
-0.777988	-0.877213
-0.039253	0.291121
-0.00666181	0.301361
-0.137027	0.12243
-0.940944	-0.70426
-0.93008	-1.07439
0.395297	0.29554
-0.462939	-0.616687
-0.75626	0.523851
-0.419484	0.364703
-1.01699	-0.336548
-0.75626	-0.15157
-0.788851	0.166323
-0.734533	-1.04812
4.06724	0.539803
-0.180482	0.544008
-0.14789	-0.0501911
0.00420194	-0.0245745
-0.93008	-0.735342
1.2644	0.348179
-0.452075	0.501644
-0.419484	-1.401
-0.864898	-0.494855
0.829847	0.527375
-0.560713	0.103847
0.0911119	-0.565425
-0.256528	0.374938
3.16555	0.120466
-0.886625	0.0397216
-0.701941	0.530497
-0.84317	-0.288088
-0.864898	-1.40856
0.134567	0.0997919
-0.647623	0.455572
-0.0718443	0.416279
-0.343438	0.810265
4.39316	0.390019
0.178022	0.670241
-0.517258	0.593394
-0.810579	-0.934761
-0.180482	0.230497
-0.299983	0.555065
-0.223937	0.0168273
-0.202209	-0.330059
-0.875761	-0.111017
0.57998	0.262968
-0.908353	-0.599291
-0.777988	0.0954485
-0.593304	0.434136
0.514798	0.497676
0.0367932	0.189936
0.199749	-0.215953
-0.332574	-0.138006
0.656027	0.326056
3.81738	0.567481
-0.636759	-0.257587
0.134567	0.179341
-0.245664	0.169801
0.0367932	-0.103751
0.00420194	0.0471343
0.395297	0.503032
-0.66935	-0.114099
-0.821443	-0.801886
-0.919216	-0.293258
2.253	0.635022
-0.00666181	0.240976
0.264932	0.232144
-0.213073	-0.197024
-0.245664	0.356891
1.28612	0.667522
-0.886625	-0.380903
-0.908353	-0.0934036
0.992803	0.0157494
0.449616	0.291113
-0.691078	0.454902
-0.528122	-0.603319
3.77392	0.682951
2.64409	0.0148472
-0.75626	-0.490409
1.10144	0.138331
-0.126163	0.0324647
-0.962671	-0.67572
0.232341	-0.290256
-0.397757	-0.331721
-0.58244	-0.277732
0.297523	0.39208
0.406161	0.0279956
-0.973535	-0.593718
-0.213073	0.472099
-0.397757	-0.411843
-0.462939	0.107808
0.275796	0.70319
-0.604168	-0.488412
-0.864898	-0.576662
-0.864898	-0.392683
-0.354302	0.294965
-0.788851	-0.390364
-0.462939	-0.311557
0.590844	0.684456
1.57945	0.530286
-0.84317	-0.366788
-0.223937	0.267227
-0.40862	0.249817
2.18781	0.618488
-0.951808	0.0433557
0.0476569	0.448181
-0.908353	0.154612
2.03572	0.403631
-0.951808	-0.295236
-0.995263	0.0253696
0.308387	0.283748
0.330114	0.534632
0.721209	0.0140116
-0.962671	-0.4743
-0.625895	-0.0206877
0.0476569	0.252088
2.27472	0.366541
0.286659	-0.546924
-0.799715	-0.119308
-0.767124	-0.822282
-0.560713	0.362706
0.460479	0.622323
-0.560713	-0.482309
-0.897489	-0.467383
-0.49553	0.341167
0.818983	0.33171
0.254068	0.413789
-0.973535	-1.05204
1.6229	0.257237
-0.180482	-0.368727
2.52459	0.63725
-0.854034	-0.437223
-0.0283893	0.214541
-0.75626	-0.0569821
-0.549849	-0.13237
-0.940944	-0.232362
0.0476569	-0.0145986
1.94881	0.219657
-0.310847	-1.05611
-0.202209	-0.602555
0.66689	0.398622
-0.604168	0.178548
-0.777988	0.249752
1.03626	0.326115
2.97	0.475816
-0.854034	-0.594382
6.00099	0.750066
-0.343438	0.290999
-0.104436	0.460736
-0.571577	-0.250011
0.471343	0.477961
-0.897489	-0.69899
-0.951808	-0.414047
0.188886	-0.191751
-0.940944	0.0584022
-0.2348	0.478697
1.3839	0.586235
-0.875761	-0.779742
-0.658487	-0.244817
-0.104436	-0.0862755
0.0476569	0.463588
-0.256528	0.0185621
-0.940944	-0.422772
0.156294	0.222396
0.101976	0.486523
-0.897489	-0.42022
-0.126163	0.427613
0.254068	0.519268
-1.02785	0.230496
1.90536	0.0221101
-0.745396	-0.108996
-0.430348	0.52629
-0.49553	-0.122103
1.28612	0.598718
0.340978	0.333755
0.797255	0.313786
0.656027	0.362548
-0.517258	-0.486978
-0.376029	0.230764
0.00420194	-0.124385
-0.191345	-0.153301
0.0367932	0.421181
-0.104436	0.287145
2.44854	0.523849
-0.49553	0.297449
0.0693844	0.0767204
-0.462939	0.0223354
-0.58244	-0.280717
3.30678	0.408733
-0.397757	-0.0499142
0.0150657	0.39479
-0.886625	-0.252765
-0.528122	-0.288875
-0.289119	0.268109
0.145431	0.337283
-0.49553	-0.878498
-0.897489	-0.477503
0.319251	-0.244609
-0.788851	-1.13848
0.66689	-0.342401
-0.506394	0.610901
0.340978	0.448044
0.612572	0.394893
-0.973535	0.0346045
-0.647623	0.489819
-0.810579	-0.666315
1.67722	0.302057
1.29699	0.0899535
0.0585207	0.42493
-0.256528	0.312486
-0.875761	-0.0263488
-0.452075	-0.436087
0.297523	0.136599
-0.593304	0.36823
3.51319	-0.0625114
-0.32171	0.335949
-0.745396	-0.688542
-0.354302	0.542144
2.07918	0.41177
-0.984399	-0.263056
-0.832306	-0.871567
-0.93008	-1.06462
0.417024	0.109805
-0.951808	-0.701703
5.11016	0.403461
-0.734533	-1.04812
2.253	-0.274434
-0.767124	-1.15284
0.373569	-0.0306521
-0.267392	0.205336
0.699482	-0.0357668
-0.962671	-0.378863
0.460479	-0.114321
-0.680214	0.171021
-0.701941	0.357064
-0.560713	0.696233
3.3611	0.853026
-0.962671	-0.210101
1.9814	0.778948
-0.745396	-0.628254
-0.984399	-0.9823
-0.854034	-0.280514
-0.897489	-0.198789
-0.593304	-1.49221
4.50179	0.280959
0.49307	0.725822
1.17749	0.34608
-0.278255	0.420756
0.156294	-0.716709
-0.245664	0.213365
-0.886625	0.33445
-0.419484	0.401268
-0.897489	-0.309114
0.721209	0.199371
-1.00613	-1.45206
-0.854034	-1.57595
-0.788851	0.254441
-0.615032	0.359011
-0.104436	0.0589401
-0.115299	0.207333
2.33991	-0.0981071
-0.886625	0.037825
-0.66935	0.34375
-0.0501168	0.28824
-0.354302	0.0354216
-0.386893	-0.731844
-0.0175256	0.338469
-0.49553	-0.204156
2.1335	0.255499
-0.919216	0.225094
-0.615032	-0.0890153
0.732073	0.51476
-0.821443	-1.1908
-0.919216	-1.71358
-0.984399	-0.755782
0.384433	0.487444
-0.973535	0.226364
1.02539	0.444038
-0.289119	0.423391
0.373569	0.124156
0.482207	0.453668
-0.940944	-0.709381
-0.658487	0.370388
0.895029	0.652686
0.00420194	0.112892
1.15576	0.283218
0.525662	0.229435
-0.636759	-0.734839
-0.560713	-0.399864
2.14436	0.440131
0.264932	0.187314
0.00420194	0.271681
-0.712805	-0.525844
-0.441212	0.234921
-0.951808	-0.757425
-0.788851	0.102814
-0.66935	0.120967
-0.995263	-0.584236
-0.854034	-0.32506
1.3839	0.45907
1.31872	-0.151005
-0.777988	0.185235
-0.452075	-0.843119
-0.310847	0.453497
-0.223937	0.399157
1.52513	0.68444
-0.386893	0.0771969
2.47027	0.547188
-0.0935718	-0.388691
2.04659	0.568351
-0.940944	0.118023
0.656027	-0.275807
-0.0283893	0.0956596
0.417024	0.213369
0.340978	0.552197
1.09058	0.145185
-0.875761	-0.347696
-0.082708	0.0720702
0.601708	0.371611
0.178022	-0.232717
-0.75626	0.0424218
1.27526	0.382066
-0.84317	-0.128462
0.514798	0.374432
-0.919216	-0.569417
0.601708	0.435672
-0.93008	-1.10355
-1.03872	-0.453065
-0.75626	0.0877202
-0.66935	0.37727
0.895029	0.535163
-0.984399	-0.169774
-0.484667	-0.129159
-0.137027	0.181695
-0.647623	-0.655192
0.634299	0.707739
-0.267392	-0.164195
-0.625895	0.25928
-0.984399	-0.120135
-0.49553	0.13833
-0.854034	-0.536924
0.0476569	0.681733
1.97054	0.310393
-0.691078	-0.446701
2.68755	0.120101
-0.745396	-0.603846
-0.864898	-0.290891
-0.0935718	-0.275209
2.55718	0.226048
-0.908353	-0.321282
-0.984399	-1.12548
-0.777988	-0.0235155
-0.691078	0.486896
0.0150657	0.179377
1.6229	0.587516
-0.615032	-0.153275
-0.49553	0.0796351
2.09004	0.512122
-0.93008	-0.775553
0.992803	0.0771982
-0.919216	-0.876068
-0.0283893	0.428276
-0.202209	0.463164
-0.278255	-0.221122
-0.636759	0.111656
-0.441212	0.343089
0.123703	-0.460246
-0.93008	-0.242638
-0.58244	-0.463743
-0.332574	-0.00663439
-0.40862	0.706569
0.351842	-0.240494
0.243204	0.251738
-0.723669	0.388194
0.330114	0.40791
-0.745396	-0.49405
-0.0501168	-0.796399
1.80758	0.574757
-0.082708	0.247014
0.373569	0.587138
2.33991	0.229227
-0.115299	0.371214
1.07971	0.146745
2.30732	0.443527
0.384433	0.194037
-0.75626	-0.984675
-0.919216	-0.0557113
-0.854034	-0.986964
3.11123	0.512559
3.73047	0.876341
1.89449	0.400436
-0.75626	-0.390331
1.99227	0.355603
0.0585207	-0.0762584
-0.0501168	-0.0723586
-0.517258	-0.968662
-0.897489	-0.176714
-0.104436	-0.745576
0.677754	-0.0983966
-0.202209	-0.147958
-0.767124	0.408359
-0.0935718	0.19716
-0.202209	-0.559968
0.786392	-0.303183
-1.01699	0.165547
-0.571577	-0.133267
-0.332574	0.205005
-0.962671	-0.508896
0.340978	0.343819
-0.549849	-0.0407354
-0.506394	0.375532
3.84997	0.690193
-0.223937	-0.0156418
-0.0718443	-0.00185026
-0.810579	-0.252738
-0.951808	-0.286699
-0.636759	0.508173
-0.84317	-0.537164
0.0476569	0.173702
0.417024	-0.209383
-0.245664	-0.272762
1.78586	0.394823
-0.973535	-0.786592
-0.386893	-0.0222881
-0.560713	0.215935
-0.908353	-0.336867
-0.0609805	0.389815
-0.462939	0.349502
-0.962671	-0.56138
-0.810579	0.248125
-0.310847	0.421131
-0.897489	-0.208653
0.232341	0.0860781
0.742937	0.55826
-0.940944	-0.801159
-0.919216	-1.02533
-0.267392	0.244982
1.95968	-0.322861
-0.995263	-0.50145
-1.01699	-1.28871
0.199749	0.267264
-0.864898	0.606952
0.351842	0.276558
2.17695	0.348803
-0.289119	0.0985233
-0.875761	-0.667073
-0.864898	-0.551556
-0.951808	-0.242342
0.275796	0.105045
-0.701941	-0.310803
-0.973535	-0.395915
1.72067	0.422321
-0.571577	-0.044702
0.66689	-0.0237581
0.319251	0.345212
-0.734533	-1.03311
-0.875761	-0.256219
-0.962671	-0.330025
-0.462939	0.402323
0.92762	0.0360927
-0.2348	0.280949
-0.854034	-0.451843
-0.897489	-0.735548
0.0259294	0.469999
0.634299	0.387828
-0.962671	-0.95415
0.00420194	0.521025
-0.484667	0.198992
-0.082708	-0.153486
1.1123	-0.0622351
-0.864898	-1.01628
0.742937	0.174978
-0.430348	-0.614013
-0.897489	-0.711071
1.32958	0.282218
-0.647623	-0.539743
-0.00666181	0.301361
-1.01699	-0.692958
-0.875761	-0.991615
1.36217	0.744517
-0.723669	-0.313031
-0.940944	-0.795166
0.460479	0.332453
-0.864898	-0.356327
0.677754	0.0838128
1.75326	0.236975
-0.180482	-0.0136748
-0.875761	-0.81438
-0.278255	0.520012
1.67722	0.110635
-0.00666181	0.410532
-0.202209	-0.0697521
-0.875761	0.442514
0.992803	0.363617
-0.0609805	0.204599
-0.767124	-1.1548
-0.549849	-0.764197
-0.908353	-0.615246
0.0911119	-0.176488
0.0476569	0.681733
-0.973535	-0.353509
-0.962671	0.165863
-0.734533	0.146372
-0.886625	-0.251796
2.27472	0.542379
0.264932	0.174964
-0.767124	0.180883
-0.386893	-0.268245
-0.84317	-0.750304
-0.32171	-0.467736
0.612572	0.269737
1.13403	0.212305
1.1449	0.124042
-0.821443	-1.31744
0.286659	-0.664529
1.73154	0.15947
0.0585207	0.236255
-0.528122	0.565223
-0.452075	-0.0589616
-0.354302	0.348285
2.79618	0.457611
0.156294	0.182387
-1.00613	-1.08258
-0.745396	0.174525
-0.278255	0.111033
0.0911119	0.21739
-0.712805	0.160562
-0.962671	-0.693504
1.91622	0.428104
0.699482	0.045035
-0.202209	0.463164
-0.549849	0.0885548
-0.854034	-0.157627
0.395297	-0.320857
1.55772	-0.46671
-0.995263	-0.21246
0.210613	0.337635
-0.908353	-0.449254
-0.680214	0.0758195
0.0259294	0.175029
2.00313	0.110221
-0.691078	0.533676
0.786392	0.629075
1.21008	0.805286
-0.854034	0.240577
0.438752	-0.731982
-0.473803	-0.171878
-0.691078	0.453145
-0.256528	-0.199241
-0.767124	0.394074
-0.886625	-0.483836
0.417024	0.195754
-0.223937	-0.458671
-0.0935718	-0.250419
-0.289119	0.0822421
-0.40862	-0.077558
-0.180482	0.0237132
0.0150657	-0.119879
0.210613	-0.287702
2.86137	0.478028
-0.962671	-0.115665
-0.734533	-0.190126
0.0585207	0.225433
0.514798	0.44901
-0.278255	0.537625
-0.40862	0.441472
-0.191345	-0.275969
2.00313	0.577978
-0.560713	0.0524636
0.7538	-0.0776848
-0.58244	0.272643
-0.278255	-0.47221
-0.245664	0.345128
-0.897489	-0.100754
-0.549849	-0.34873
-0.919216	-0.339477
-0.169618	0.245455
1.53599	0.558089
-0.2348	-0.303942
-0.723669	0.492444
-0.897489	-0.557037
-0.701941	-0.368342
-0.864898	-0.35984
-0.886625	-0.465757
0.536525	0.677098
-0.0175256	-0.297465
0.558253	0.370282
-0.897489	0.233128
0.427888	0.49166
-0.58244	-0.104045
-0.039253	0.118573
-0.473803	0.120667
2.15522	0.593009
-0.647623	-0.863547
-0.636759	-0.660801
-0.40862	0.305517
0.351842	0.346124
-0.082708	-0.270809
-0.32171	-0.121643
-0.386893	-0.774918
0.427888	0.401927
-0.604168	-0.48162
1.03626	0.455324
2.07918	0.537576
2.63323	0.319999
-0.897489	-0.338732
-0.832306	-0.0550665
0.0150657	0.304637
0.742937	-0.162085
-0.419484	0.131993
-0.897489	-0.306983
-0.788851	-0.942411
1.1123	0.568935
-0.452075	0.0277948
-0.799715	0.149684
0.0259294	0.285164
0.167158	0.426536
-0.419484	-0.0241709
-0.473803	0.0131101
-0.647623	0.489862
-0.419484	-1.401
-0.343438	-0.6615
0.971075	-0.223654
0.645163	-0.0332641
0.243204	0.166443
-0.00666181	0.555797
-0.962671	-0.921047
-0.940944	0.372489
0.992803	0.286134
-0.625895	-0.457711
-0.14789	-0.389902
-0.93008	-0.482552
1.34044	0.875597
-0.93008	-0.105308
0.427888	0.466966
-0.506394	-0.225616
0.960212	0.366104
-0.777988	-0.107687
-0.777988	-0.190825
-0.821443	-0.965829
-0.962671	0.322885
0.829847	0.117245
-0.604168	-1.00645
-0.0935718	-0.0432297
-0.343438	0.188405
-0.995263	-0.466451
-0.538985	0.170561
-0.854034	0.0111466
0.656027	0.558797
1.66636	0.342221
-0.75626	-0.0400572
-0.191345	-0.467864
-0.473803	0.113463
-0.386893	0.555346
-0.452075	0.0021109
2.74187	0.807718
0.438752	-0.111194
-0.625895	-0.257533
0.797255	0.577456
-0.995263	-1.16626
-0.58244	-0.155981
0.351842	0.616076
1.36217	0.0924608
-0.93008	0.112789
5.9684	0.463305
-0.484667	-0.176857
-0.310847	-0.133278
-0.484667	-0.0223809
-0.940944	-0.224161
0.547389	0.307554
-0.376029	0.389617
-0.984399	-0.929872
0.319251	0.40864
1.66636	0.349498
-0.58244	0.454548
-0.777988	0.385977
-0.593304	-0.353631
-0.332574	0.55981
1.24267	0.406629
-0.32171	0.238627
0.199749	-0.0462011
-0.126163	0.224938
-0.289119	0.39812
-0.104436	-0.0442893
1.80758	0.0318043
-0.973535	-0.10752
-0.441212	0.487449
-0.58244	-1.02046
-0.908353	-0.940704
2.77446	0.471607
-1.02785	-0.962209
-0.777988	0.172368
-0.615032	0.511182
-0.897489	-0.518172
-0.75626	0.152008
-0.0609805	-0.595589
-0.777988	0.24488
-0.245664	0.175983
-0.897489	0.240207
0.460479	-0.317831
-0.680214	0.465398
-0.962671	-2.18534
0.101976	0.230315
-0.354302	-0.0131036
0.438752	0.319166
-0.32171	-0.153105
-0.571577	0.289621
-0.039253	-0.121807
0.199749	0.380007
0.362706	-0.844354
-0.984399	-0.793646
1.02539	0.0600807
-0.636759	0.131376
0.0911119	0.362048
-0.528122	-0.280864
2.83964	0.527738
-0.289119	-0.808688
0.438752	0.56477
-0.430348	0.32354
1.27526	0.133339
2.40509	0.586603
1.99227	-0.0271721
0.57998	-0.643508
-0.158754	0.499597
-0.788851	-0.981
-0.875761	-0.32285
-0.973535	-0.511597
0.00420194	0.410284
0.00420194	-0.397235
-0.126163	0.230185
-0.343438	-0.200587
-0.962671	0.473504
0.145431	0.045512
-0.973535	-0.406361
-0.973535	-1.06296
2.05745	0.670487
1.80758	0.421815
0.210613	0.30859
2.60064	0.523167
0.547389	0.281135
-0.0935718	0.581273
-0.66935	0.468731
0.460479	0.31885
3.21987	0.391745
-0.93008	-0.802969
-0.962671	-0.53495
0.916757	-0.148511
-0.104436	0.269881
0.634299	0.171612
-0.0175256	0.0167316
-0.691078	-0.653033
0.417024	0.371887
-0.962671	-0.237829
3.37196	0.378119
-0.343438	0.406117
-0.940944	0.118023
-0.604168	0.0752668
-1.01699	-0.971588
0.0585207	0.238384
0.645163	0.375175
0.66689	0.388962
-0.886625	-0.403528
-0.919216	-0.408768
-0.767124	0.293815
-0.604168	-0.602725
-0.940944	-0.556088
1.1449	0.0588724
-0.973535	-0.301888
-0.462939	0.107541
0.188886	0.438488
-0.810579	0.396251
-0.875761	-1.04833
0.330114	0.45482
-0.973535	-0.618385
-0.202209	0.563431
-0.691078	0.22719
-0.973535	0.0209735
0.7538	0.418152
-0.940944	-0.4582
-0.93008	-0.653519
0.134567	0.342433
-0.289119	0.14776
-0.245664	0.056759
1.06885	-0.018997
0.167158	0.540759
0.536525	-0.113345
2.52459	0.200411
1.93795	0.792322
-1.00613	-0.242277
0.145431	0.40135
-0.919216	-0.437064
2.38336	0.530388
-0.897489	-0.533484
1.91622	0.541569
0.145431	-0.00809037
-0.104436	0.37417
-0.462939	0.00338608
-0.191345	0.272937
-0.289119	0.522513
-0.245664	0.0851858
-0.223937	-0.293619
0.612572	0.566543
-0.897489	-0.410857
0.275796	-0.523551
1.63376	0.00163356
-0.191345	-0.120526
-0.32171	-0.38994
0.427888	0.127256
-0.701941	-0.456896
-0.039253	-0.193795
2.64409	0.230517
-0.278255	-0.0995526
-0.441212	-0.0391199
-0.386893	0.466599
-0.126163	0.463234
-0.0501168	-0.404554
-0.0609805	-0.069827
-0.615032	0.359011
-0.386893	0.424746
3.05691	0.456102
0.232341	0.751279
-0.604168	-0.839214
-0.115299	0.543717
-0.137027	0.426212
-0.854034	-0.572061
-0.799715	-0.31468
-0.897489	-0.618512
0.145431	-0.645135
2.48114	0.709391
4.63216	0.467393
-0.940944	-0.742762
-0.973535	0.354428
1.99227	0.577208
1.78586	0.548952
1.60117	0.280667
1.1449	0.359593
-0.647623	-0.219486
-0.777988	0.228387
-0.58244	-0.286785
0.482207	0.552945
2.18781	0.402095
-0.788851	0.494085
-0.549849	-0.364838
-0.788851	0.551484
-0.0609805	0.120367
-1.00613	-1.15423
-0.734533	0.422307
0.7538	0.14249
1.03626	0.321251
-0.897489	-0.17336
-0.93008	-1.19245
1.64463	0.493413
-0.723669	0.492444
-0.245664	0.27161
0.0367932	0.378894
0.275796	0.543553
0.645163	0.341868
-0.473803	0.152099
1.43822	0.437985
0.243204	0.233628
0.623435	0.470141
-0.549849	-0.0107322
0.134567	0.407505
0.862438	0.275396
-0.93008	-0.383184
0.0693844	-0.602059
-0.908353	-0.58497
0.471343	-0.265404
-0.0718443	0.484772
3.35024	0.527495
-0.397757	0.330358
0.0150657	-0.197621
2.16609	0.701736
-0.995263	-0.998343
-0.615032	0.330457
0.199749	0.475982
-0.00666181	0.0750541
0.742937	0.0141199
-0.278255	0.0695562
-0.919216	-1.09091
-0.745396	-0.667801
-0.2348	0.778349
-0.701941	0.00918146
-0.962671	-0.68266
-0.549849	-0.158971
2.09004	0.511677
-0.93008	-0.793301
-0.940944	-0.60283
0.547389	0.357136
-0.386893	0.713578
1.49254	0.658861
-0.940944	-0.477666
0.49307	0.344688
-0.864898	-0.48949
-0.940944	-0.874726
0.645163	-0.236914
1.8619	0.219073
2.50286	0.430511
-0.951808	0.358275
0.264932	0.148382
-0.66935	0.447424
-0.419484	0.270136
-0.745396	-0.452817
1.12317	0.34016
-0.571577	0.430943
2.45941	0.321405
-0.951808	-1.2917
-0.701941	-0.301981
-0.84317	-1.08914
-0.538985	-0.467573
3.49146	0.675084
-0.799715	0.496833
-0.908353	-0.211281
-0.441212	-0.811126
-0.560713	-0.111589
-0.832306	-0.999463
-0.506394	0.255698
-0.549849	0.445198
-0.386893	0.581294
0.808119	0.0738708
-0.908353	-0.45623
-0.84317	-0.739766
-0.593304	0.406515
-0.419484	0.13133
-0.49553	0.0340968
-0.995263	-0.603808
-0.919216	-0.707577
-0.14789	0.324788
-0.767124	-0.0889572
0.373569	-0.0140095
-0.571577	-0.474784
-0.832306	0.34933
2.80705	0.509123
0.677754	-0.111856
0.84071	0.600169
-0.691078	-0.446701
2.00313	0.452923
-0.745396	0.255069
1.5034	0.162985
0.123703	0.476161
0.818983	0.779728
-1.00613	-0.579469
0.0367932	0.127029
-0.2348	-0.0217386
-0.701941	0.335457
-0.517258	0.472936
-0.973535	-0.719943
-0.593304	-0.905005
-0.245664	-0.161934
-0.365165	-0.465249
3.2416	0.647551
0.558253	-0.0183275
-0.593304	-0.149702
0.905893	0.558815
-0.84317	-0.613855
0.308387	0.184482
-0.84317	-0.173819
-0.93008	-1.42882
-0.886625	-0.337282
-0.799715	-0.0397631
-0.984399	0.149107
-0.082708	0.334063
-0.452075	-0.0966684
-0.343438	-0.118503
0.232341	0.278758
0.623435	0.37466
-0.506394	0.354212
2.66582	0.371301
-0.0609805	-0.828332
1.79672	0.379479
-0.919216	-0.832109
2.11177	0.395598
-0.625895	-0.457711
0.0802482	-0.177126
-0.93008	-0.982496
1.23181	0.253796
-0.473803	-0.798787
0.221477	0.353748
-0.821443	-0.467764
-0.462939	0.245523
-0.897489	-0.442894
0.503934	0.496343
-0.430348	-1.98114
0.895029	0.329856
0.254068	-0.681112
-0.745396	-1.05345
-0.734533	-0.0157311
-0.973535	-0.689628
-0.680214	-0.386108
0.536525	0.858886
-0.0935718	0.178282
0.156294	0.0920354
0.264932	0.356751
-0.310847	0.321363
0.254068	-0.421925
1.19921	0.469903
-0.854034	-0.35386
-0.202209	0.217834
-0.821443	-0.821548
-0.0718443	0.230986
-0.223937	-0.135176
-0.810579	-0.20606
-0.462939	-0.509641
0.156294	-0.091441
-0.84317	0.397007
-0.821443	-0.747573
1.51426	0.0495325
2.16609	0.341439
-0.821443	-1.12793
0.0693844	0.367279
-0.538985	-0.777786
1.2644	-0.0513546
-0.0175256	0.631437
-0.0175256	0.111334
-0.84317	-0.588107
0.101976	0.220832
-0.951808	-0.373719
-0.604168	-0.918162
-0.875761	0.0462437
-0.821443	-0.775737
-0.202209	0.262163
-0.549849	-0.500339
-1.02785	-0.561852
-0.777988	-0.481061
-0.549849	0.0766789
1.68808	0.353084
-0.625895	-0.489718
-0.636759	0.276101
-0.506394	-0.199236
-0.104436	0.333419
3.65442	0.514256
1.7424	0.462667
0.460479	0.48995
-0.701941	0.0168092
-0.549849	-0.164015
0.482207	0.16925
-0.93008	-0.636614
1.68808	0.54314
-0.908353	-0.596785
-0.0283893	-0.71595
1.16662	0.439699
-0.658487	-0.764292
-0.940944	0.0829689
-0.712805	-1.05072
1.75326	0.338366
-0.2348	-0.538987
-0.973535	-0.297462
-0.310847	0.27114
0.49307	0.411534
0.818983	0.312843
-0.886625	-0.201405
-0.701941	-0.117512
-0.658487	-0.289046
0.0367932	0.314384
-0.940944	0.0844152
1.42735	0.25216
0.319251	0.160925
0.221477	-0.0241399
-0.854034	-0.366282
-0.202209	-0.123883
-0.908353	0.00605054
0.00420194	0.515101
-0.745396	0.22109
-0.734533	0.370857
1.53599	0.496397
-0.875761	-0.590023
-0.00666181	0.110558
2.00313	0.0743407
1.32958	0.182769
0.351842	-0.378396
0.101976	0.208527
-0.897489	-0.372873
0.199749	-0.308128
1.42735	0.487766
-0.864898	0.0920054
-0.310847	0.208144
-0.84317	-0.559033
0.0476569	0.0790489
-0.973535	-0.0684043
-0.66935	-0.115529
-0.267392	0.651853
-0.310847	0.189117
-0.310847	0.482553
0.0693844	-0.166635
-0.506394	-0.544481
-0.75626	0.586431
-0.0609805	0.359275
-0.66935	0.519069
1.35131	0.245064
-0.712805	-0.611655
0.286659	0.0527471
-0.289119	-0.15598
0.145431	0.635838
2.69841	0.341514
0.57998	0.371592
-0.0283893	0.118676
2.78532	0.680807
-0.256528	0.0266957
1.91622	0.466792
2.45941	0.68693
0.199749	0.193286
-0.560713	-0.140416
1.75326	0.377031
-0.202209	0.181731
-0.723669	-0.339971
-0.984399	-0.461976
-0.940944	-1.71035
-0.940944	-0.747543
-0.680214	-0.22442
0.167158	-0.0729026
-0.962671	-1.07447
1.40563	0.284981
-0.419484	-0.24913
-0.104436	0.283208
-0.14789	-0.26876
0.00420194	0.328325
1.23181	0.325251
-0.995263	-0.676018
0.199749	0.248213
-0.213073	0.505507
-0.951808	-0.304438
-0.84317	0.133958
2.56805	0.452398
0.330114	0.423548
-0.604168	0.46507
-0.940944	-0.664835
-0.169618	0.0592495
-0.0283893	-0.530137
-0.0283893	0.214443
-0.245664	0.269662
-0.528122	-0.712621
-0.799715	-0.360435
0.0693844	-0.315571
-0.854034	-0.229094
1.80758	0.624238
-0.951808	-0.806947
-0.14789	-0.080491
-0.691078	0.186046
-0.289119	-0.422725
-0.40862	0.33809
1.39476	0.403612
-0.984399	-0.144283
1.43822	0.478325
-0.897489	-0.42022
0.395297	0.488301
-0.788851	0.0835312
-1.01699	-0.658481
-0.169618	0.267151
1.47081	0.335308
-0.32171	-0.559973
0.884165	0.0504055
0.57998	0.309208
2.04659	0.485787
-0.343438	-0.714716
-0.940944	-0.303116
0.721209	0.410742
-0.191345	0.218591
-0.40862	-0.201386
-0.49553	0.288507
0.721209	0.0994258
-0.951808	-1.07985
1.09058	-0.0720338
-0.289119	0.574142
-0.973535	-0.437085
-0.2348	0.304851
1.07971	0.531653
-0.452075	0.0277948
-0.441212	0.490294
1.68808	0.114519
-1.04958	-0.764706
-0.875761	-0.883994
1.73154	0.293436
-0.365165	0.69026
-0.734533	-0.0599688
0.895029	-0.198166
-0.158754	0.115302
0.0367932	0.490082
-0.712805	-0.274558
-0.104436	0.333419
-0.940944	0.265727
0.221477	-0.359136
-0.984399	0.0346978
-0.658487	-0.6043
2.05745	0.525441
-0.332574	0.512066
-0.810579	-0.520079
1.37303	0.479372
-0.49553	0.478304
-0.299983	-0.199834
0.590844	0.594379
0.57998	0.0925628
-0.158754	0.00323738
-0.202209	0.146021
0.427888	-0.0478307
0.862438	0.753155
0.558253	-0.551887
-0.49553	-0.0628463
0.373569	0.765814
-0.376029	0.313706
-0.962671	-0.797108
1.1449	0.124042
-0.886625	0.229809
0.710345	0.173324
0.525662	0.289593
0.123703	0.00448144
-0.973535	-1.05781
-0.299983	0.49243
-0.517258	-0.53889
-0.452075	0.0021109
0.721209	0.0549595
-0.256528	-0.630807
1.69895	0.318056
-0.875761	0.0965075
-0.723669	-0.276364
0.601708	0.285219
-0.397757	0.286837
0.818983	0.633155
-0.202209	0.210214
-0.951808	-0.615981
-0.854034	0.154577
2.80705	0.65507
-0.484667	-0.176857
-0.354302	0.137335
-0.343438	-0.100954
0.156294	0.173314
-0.0283893	0.176887
-0.962671	-0.658155
-0.973535	-1.52211
1.36217	-0.0296698
-0.354302	-0.469242
-0.940944	-0.24865
-0.875761	-0.0263488
-0.299983	-0.0136198
-0.202209	-0.69306
-0.973535	-0.415789
1.85104	0.0933256
-0.604168	-1.00645
-0.462939	-0.00747341
0.188886	-0.144719
-0.549849	0.139541
-0.962671	-0.416754
-0.691078	-0.680137
0.49307	0.162007
-0.2348	0.118073
0.916757	0.566204
-0.14789	0.267185
1.09058	0.386609
1.12317	0.211957
-0.528122	-0.748754
0.656027	0.443068
-0.951808	-0.794853
-0.93008	-0.682804
-0.788851	-0.073786
0.417024	0.0311325
3.98033	0.448984
-0.376029	0.18936
-0.202209	-0.0918431
-0.745396	0.476167
-0.365165	0.424279
-0.158754	0.231276
-0.66935	-0.0916663
-0.310847	0.193636
0.482207	-0.446017
-1.04958	-0.23142
-0.180482	-0.211681
-0.712805	0.156365
-0.93008	-1.27821
1.10144	-0.394188
-0.528122	-0.154208
3.02432	0.578776
-0.126163	-0.23333
0.319251	0.172697
2.70927	0.71869
-0.126163	0.458208
-0.93008	-0.267213
0.112839	0.220964
-0.484667	-0.170279
-0.593304	0.389186
-0.310847	0.549609
-0.962671	-0.377692
1.36217	0.461474
-0.854034	-1.53011
0.417024	-0.156953
-0.332574	0.250575
0.427888	-0.149908
-0.951808	-0.74205
1.00367	0.231897
-0.84317	0.506209
2.74187	0.490722
0.0476569	0.174115
-0.32171	-0.331797
-0.919216	-1.08064
-0.0501168	0.534097
-0.745396	-0.359089
-0.995263	-0.86224
0.427888	0.257134
-0.897489	-0.50921
0.514798	0.468509
0.134567	0.305924
-1.00613	-1.174
1.54685	0.419177
-0.66935	0.273985
-0.886625	-0.112542
0.384433	0.261509
-0.14789	0.513962
-0.984399	-0.530468
0.623435	-0.0376585
3.07864	0.66419
-0.191345	-0.307464
-0.734533	-0.898383
-0.039253	0.486089
0.0585207	-0.398522
-0.310847	0.289984
-0.2348	0.32432
-0.625895	-0.920135
-0.473803	0.175312
-0.00666181	0.533868
0.134567	0.311155
-0.40862	-0.182017
0.0802482	-0.25231
-0.734533	-0.0644337
-0.75626	0.331826
-0.734533	0.0682641
0.319251	0.214202
0.384433	0.466126
-0.886625	-0.634126
-0.712805	-1.07096
-0.538985	-0.387709
-1.01699	-0.161214
1.40563	0.104659
2.90482	0.487538
-0.245664	0.0725005
0.254068	0.495137
0.688618	0.802937
-0.897489	-1.20082
0.797255	-0.00559948
-0.354302	0.303359
-0.93008	-0.725498
-0.137027	0.48322
-0.267392	0.172071
-0.962671	-0.745047
0.569117	0.105102
-0.376029	0.501534
-0.723669	-0.695066
-0.223937	-0.568046
0.373569	0.597313
0.49307	0.12365
-0.84317	-0.251186
-0.299983	-0.0810678
1.31872	0.83043
0.0476569	0.389549
-0.202209	-0.0922365
-0.549849	-0.0813104
-0.777988	0.128348
-0.397757	0.4347
-0.821443	-0.725329
-0.647623	0.229583
-0.745396	0.389017
-0.854034	0.394206
-0.332574	0.120703
-0.593304	-0.464695
-0.082708	0.413283
0.330114	0.357078
0.471343	-0.0517917
-0.995263	-0.485417
-0.973535	-0.730062
-0.680214	0.82861
0.851574	0.336833
1.10144	0.481008
-0.126163	-0.251304
1.06885	0.50568
0.601708	0.0428228
-0.0609805	0.546069
-0.49553	0.0129007
-0.864898	0.0783446
-0.0609805	0.325308
-0.66935	0.522957
-0.213073	0.240594
-0.951808	-0.66941
0.92762	0.412908
-0.951808	-0.411084
0.406161	0.336413
-0.0175256	0.178688
-0.973535	-0.345323
-0.039253	0.403819
-0.908353	-0.437286
-0.571577	-0.48379
-0.658487	-0.0702849
0.786392	-0.0223176
-0.2348	-0.506373
-0.647623	0.360319
-0.213073	-0.523045
-0.875761	-0.601357
3.77392	0.307145
-0.397757	-0.1694
2.02486	0.115412
0.232341	0.0974875
-0.354302	-0.0251345
2.29645	-0.0634466
-0.484667	-0.243134
-0.658487	-0.42105
-0.310847	0.246024
0.590844	0.478778
-0.821443	-0.711162
-0.376029	0.0370711
-0.115299	0.705158
-0.962671	0.274274
1.28612	0.207607
-0.32171	0.521659
-0.0935718	-0.00474376
-0.93008	-0.0771338
-0.256528	0.358056
-0.506394	-0.435195
0.232341	0.395391
1.27526	0.133339
-0.343438	0.172821
-0.799715	0.626496
-0.0283893	-0.0141253
-0.223937	-0.379104
0.808119	0.757514
-0.897489	-0.667605
-0.397757	-0.455664
0.00420194	-0.0936555
-0.14789	-0.120612
-0.278255	-0.00331384
-0.951808	-0.149577
-0.484667	-0.0657428
-0.875761	-0.419233
-0.701941	-0.426052
-0.777988	0.0686375
-0.919216	-1.21609
-0.875761	0.125633
0.873302	0.287088
-0.376029	0.313706
0.156294	0.405475
-0.0935718	0.536672
-0.441212	0.301987
-0.919216	0.433677
-0.93008	-0.133463
-0.886625	-0.979898
-0.332574	0.718583
0.286659	0.326339
-0.951808	-0.0200806
0.710345	0.340774
6.00099	0.750066
0.275796	-0.0604051
-0.951808	-0.223155
0.677754	-0.0319418
-0.658487	0.130105
-0.332574	-0.181988
-0.517258	-0.129305
-0.376029	-0.632141
1.28612	0.696788
-0.615032	-0.493934
-0.821443	-0.346235
-0.0718443	-0.466486
-0.886625	-1.09528
-0.886625	-0.943577
0.482207	0.696541
-1.00613	-1.10657
-0.897489	-0.153026
-0.343438	0.494483
-0.560713	-0.801378
-0.875761	-0.129928
-0.810579	0.120183
-0.940944	0.0829689
0.569117	0.628421
-0.14789	0.53497
-0.14789	-0.080491
1.10144	0.611187
-0.430348	0.237307
-0.158754	-0.506995
-0.452075	0.410985
-0.32171	-0.0879628
-0.93008	0.187133
1.72067	0.129075
1.36217	0.0924608
-0.0935718	0.506581
-0.940944	-1.19443
1.51426	0.321778
-0.84317	-0.4319
2.66582	0.636043
0.623435	-0.0479483
-0.745396	-0.404645
0.938484	0.267652
-0.419484	0.260336
-0.462939	0.294115
1.61204	0.145755
-0.604168	0.409747
0.895029	0.329856
-0.223937	0.153322
-0.430348	-0.790754
-0.886625	-0.379473
-0.14789	0.475458
0.786392	0.325624
1.31872	0.556937
-0.397757	-0.234775
-0.712805	-0.122665
-0.549849	0.506232
0.0693844	0.14253
-0.821443	-0.350918
-0.75626	0.494353
-0.58244	-0.0225533
0.417024	0.674131
0.101976	0.504084
-0.940944	-1.0118
-0.473803	0.331592
7.72832	0.681318
-0.343438	0.027573
-0.49553	0.577119
-0.864898	0.398392
-0.58244	0.218339
-0.691078	-0.0923471
-0.604168	-1.74502
-0.202209	-0.422672
-0.256528	0.337981
-0.680214	-1.13577
4.1107	0.614643
-0.734533	-0.736875
-0.919216	-0.190821
-0.973535	-0.856706
-0.397757	-0.0930062
4.13243	0.609447
1.89449	0.180536
0.0150657	0.328033
-0.593304	-0.725725
-0.66935	-0.569578
-1.00613	-0.760311
0.438752	-0.528076
-0.0935718	-0.708682
-0.376029	0.383528
-0.00666181	0.18401
-0.93008	-0.606379
-0.680214	0.373978
-0.49553	0.309126
1.00367	0.26103
-0.549849	0.241544
0.0150657	-0.0606103
-0.625895	-0.199784
-0.289119	0.201161
1.49254	0.0074201
0.656027	-0.174948
-0.66935	0.322675
-0.962671	0.522446
-0.723669	-0.364313
2.36163	0.189216
-0.875761	-0.618142
-0.951808	-0.306496
1.21008	0.173482
2.17695	0.443666
-0.299983	0.352862
0.862438	0.17985
0.275796	0.517071
3.2416	0.456496
-0.615032	0.105296
0.406161	0.263209
0.134567	-0.155444
-0.560713	0.478775
0.471343	0.198754
0.66689	0.389698
1.31872	0.516695
0.471343	-0.168853
-0.701941	-0.0621668
-0.821443	0.725247
0.558253	0.541564
-0.58244	0.434298
-0.647623	-0.572838
0.362706	0.304022
-0.49553	0.703212
-0.951808	-1.18448
2.14436	0.301429
2.06831	0.549621
0.862438	0.328912
-0.376029	0.206117
-0.473803	0.257324
0.264932	-0.106351
-0.441212	0.425607
4.03465	0.483775
-0.58244	-0.0805656
-0.647623	0.32794
0.656027	0.351622
-0.897489	-0.640245
-0.137027	0.486063
2.03572	0.554942
3.70874	0.442272
-0.213073	-0.0383655
-0.777988	-0.331309
0.612572	0.548828
-0.919216	-0.58907
-0.343438	-0.122055
-0.832306	0.237475
-0.897489	-0.0888816
-0.484667	0.455881
-0.517258	-0.590023
0.49307	0.629853
-0.310847	-0.0643092
-0.973535	-0.26216
0.960212	0.29062
-0.647623	0.620584
0.699482	0.382044
-0.723669	-1.23738
0.123703	-0.159558
2.78532	0.474957
-0.137027	-0.0649953
-0.2348	0.0927576
0.243204	-0.392557
-0.821443	0.607374
2.40509	0.524794
-0.256528	0.162459
-0.49553	-0.398877
2.22041	0.509511
-0.875761	0.231887
-0.821443	-0.509507
-1.00613	-0.287936
-0.777988	-0.0784557
0.0367932	-0.209676
-0.2348	0.337206
0.134567	-0.709653
-0.615032	0.259993
1.23181	0.236799
0.199749	-0.485441
-0.854034	-1.05871
0.395297	0.308482
-0.604168	0.0842551
2.11177	0.447067
-0.560713	0.110498
-0.995263	0.00453735
0.808119	0.485167
-0.2348	0.305674
-0.93008	0.0748797
-0.278255	0.0755422
-0.951808	-0.74466
-0.180482	0.557457
1.85104	0.200452
-0.864898	-0.970338
-0.615032	0.280845
-0.940944	0.295788
-0.723669	-0.808993
2.12263	0.499456
0.992803	0.185963
0.243204	0.626202
-0.940944	-0.66488
0.330114	0.434811
-0.376029	-0.844789
-0.995263	-0.834841
0.221477	0.468333
-0.810579	-0.172102
-0.082708	0.456278
-0.0175256	0.667603
-0.93008	-0.96359
-0.951808	0.614145
-0.951808	-1.09488
0.57998	0.309208
-0.0609805	-0.0129201
0.895029	0.374858
0.775528	0.24365
0.112839	0.404409
-0.299983	0.303247
-0.538985	0.354551
0.732073	0.0202957
-0.169618	0.00547354
1.28612	0.393589
-0.310847	0.25081
-0.658487	-0.409835
-0.267392	0.326072
0.308387	0.387139
-0.951808	-0.940757
0.0367932	0.0116633
-0.940944	-0.566422
-0.278255	0.181125
0.134567	0.165114
-0.441212	0.118277
0.210613	0.341401
0.188886	0.620345
-0.854034	-0.493933
0.199749	0.357732
-0.75626	-1.09823
-0.875761	-0.517257
2.28559	-0.170118
0.319251	0.45604
-0.919216	0.081485
2.02486	0.409185
-0.615032	-0.332828
-0.560713	0.294642
-0.919216	-0.746837
-0.115299	0.207333
-0.0935718	0.0287466
0.101976	0.234375
1.41649	0.36532
0.92762	-0.325694
0.362706	0.414962
-0.84317	-0.347511
-0.310847	0.576078
1.37303	0.374049
-0.777988	-0.0534734
-0.0718443	-0.199505
-0.115299	0.335042
-0.126163	0.533432
-0.908353	-0.930067
0.384433	0.00291166
-0.897489	-0.655889
0.851574	-0.496627
4.80598	0.511915
3.19814	0.47173
-0.940944	-0.183869
-0.897489	-0.378731
1.70981	0.316623
1.87277	0.666684
-0.560713	-0.399864
-0.32171	0.438285
-0.245664	-0.16979
2.35077	0.465912
-0.984399	0.382999
-0.897489	-0.415659
-0.126163	0.344315
1.35131	0.260617
-0.821443	0.397311
-0.854034	-1.74548
-0.538985	0.479847
-0.202209	0.320009
-0.875761	0.374268
-0.528122	0.395049
-0.680214	-0.594385
5.03412	0.606188
-0.951808	-0.806947
2.6115	0.653211
0.818983	0.337702
0.188886	0.323659
-0.973535	-0.892436
-0.897489	0.140018
-0.93008	0.171167
-0.810579	-0.431054
-0.158754	0.240159
-0.647623	-0.703851
-0.940944	-0.664073
0.438752	-0.0107205
-0.082708	0.154329
-0.767124	0.14015
-0.538985	-0.127089
-0.897489	-0.518172
-0.00666181	0.419347
1.70981	0.332203
-0.788851	-0.432191
-0.897489	-0.920372
-0.723669	-0.706714
0.243204	-0.0597493
0.710345	0.210835
-0.767124	0.305706
-0.875761	-0.606259
-0.115299	-0.512143
-0.169618	0.487523
1.06885	0.384417
-0.658487	-0.504481
-0.484667	-0.785499
-0.897489	-0.477953
-0.658487	0.546997
-0.734533	0.0682641
0.601708	0.1085
-1.00613	-1.51488
-0.082708	-0.147382
-0.832306	0.0642188
0.92762	0.574033
-0.549849	-0.0812552
-0.0718443	0.0766374
-0.191345	0.477931
-0.951808	-0.243217
-0.126163	0.0257023
0.101976	0.398412
-0.419484	0.0547517
-0.973535	0.534598
2.42682	0.348262
-0.430348	0.289673
-0.430348	0.0639347
-0.919216	-1.21368
-0.799715	-1.21231
0.275796	0.546644
0.406161	0.336413
0.49307	0.338948
-0.66935	0.232828
1.3839	0.277335
-0.93008	-0.87359
0.590844	0.53132
-0.2348	0.078911
3.65442	-0.0471958
-0.973535	-0.657802
0.460479	0.100132
-0.538985	-0.134564
1.12317	0.353687
-0.560713	-0.0162111
-0.549849	-0.523138
0.178022	-0.286523
0.0802482	-0.107315
-0.908353	-0.221669
-0.84317	-0.0336468
0.862438	-0.0692691
2.731	0.525768
-0.821443	0.607374
0.92762	0.520419
0.57998	0.163997
-0.984399	-0.277793
0.0476569	-0.149559
-0.0718443	0.394095
1.51426	-0.10777
-0.0718443	0.112945
-0.289119	0.399195
-0.14789	-0.588962
0.0911119	-1.13328
-0.506394	0.462088
-0.691078	-0.88876
-0.691078	-0.423918
-1.04958	-0.895745
-0.528122	-1.35493
0.188886	0.378665
0.373569	0.336313
-0.66935	0.197059
-0.854034	-0.626923
-0.680214	0.0457255
1.15576	0.33167
-0.658487	0.323887
1.5034	-0.02563
1.8619	0.639119
-0.788851	0.216846
0.829847	0.512577
-0.593304	0.119603
-0.940944	-0.734523
-0.0609805	-0.17754
-0.310847	0.106475
-0.93008	0.248719
0.710345	0.531594
-0.647623	0.494438
-0.560713	0.249691
-0.169618	0.145477
-0.680214	-0.664101
0.438752	-0.059366
0.178022	-0.528441
-0.93008	-0.237806
0.286659	0.618327
-0.84317	-0.530058
1.52513	-0.0674502
-0.32171	-0.326164
-0.723669	-0.193211
-0.767124	0.270548
-0.66935	0.315001
-0.777988	0.238198
-0.875761	-1.26513
-0.995263	-0.8847
-0.462939	-0.407873
-0.137027	-0.0241838
-0.039253	0.382648
1.36217	0.117538
0.797255	0.184333
1.17749	0.162228
0.297523	0.537175
0.00420194	0.124355
-0.593304	0.561905
0.0693844	-0.457838
-0.462939	-0.0988902
-0.593304	-0.64117
-0.615032	0.140247
-0.365165	-0.201404
-0.66935	0.235839
-1.00613	-0.98097
-0.93008	-0.622089
1.00367	-0.0964485
0.384433	0.158674
-1.01699	0.149018
2.16609	0.486852
-0.886625	-0.319649
-0.484667	-0.75213
-0.202209	0.455325
-0.158754	0.472237
-0.310847	0.312678
0.0585207	0.40401
0.938484	0.680685
-0.506394	-0.211196
-0.082708	0.536687
-0.908353	0.509218
0.503934	0.101912
-0.354302	0.274038
-0.897489	0.016344
-0.886625	-0.936961
0.340978	-0.289698
-0.962671	-0.576987
-0.528122	0.297268
-0.386893	0.498207
0.449616	-0.297314
-0.897489	0.00396373
-0.919216	-0.291334
1.41649	-0.149445
-0.213073	-0.250446
-0.245664	0.136629
-0.962671	-0.962752
1.15576	0.100312
-0.886625	-0.049203
-0.386893	0.0584944
2.98087	0.482087
-0.864898	-0.233599
-0.560713	0.361229
1.81845	0.200001
-0.962671	-0.147425
-0.430348	-0.657824
-0.267392	-0.189085
-0.973535	-0.140763
-0.767124	-0.169302
0.0693844	0.331363
-0.810579	-1.57573
-0.343438	0.317997
2.14436	0.276583
0.721209	-1.00495
1.15576	0.380519
-0.528122	-0.465435
0.427888	0.79477
-0.115299	0.12049
-0.636759	0.245135
0.547389	0.514311
-0.951808	-0.440173
-0.962671	-1.20863
-0.14789	0.289944
0.916757	0.766249
0.351842	0.19313
-0.40862	-0.591804
-0.886625	-0.43366
-0.973535	-0.315516
-0.658487	-0.706037
-0.0609805	0.0851468
-0.973535	-0.954656
-0.734533	-1.40511
-0.104436	-0.0541895
0.612572	0.513994
0.547389	0.182463
-0.897489	0.278499
-0.213073	0.170226
0.808119	0.757514
-0.49553	0.499017
-0.75626	0.0215049
-0.528122	-0.167232
-0.386893	0.390354
1.55772	-0.193723
-0.289119	0.420812
-0.376029	-0.342963
-0.93008	-0.465369
0.319251	0.0998245
0.0693844	-0.158019
-0.723669	-0.728711
0.449616	0.569556
-0.593304	-0.046043
-0.680214	-1.1553
0.84071	0.20298
1.15576	0.346132
-0.854034	-0.986964
0.558253	0.513973
1.21008	0.167741
0.362706	0.055253
-0.908353	-0.607364
-0.647623	-0.120739
0.590844	-0.0506014
-0.213073	-0.0929466
-0.169618	-0.278531
-0.0609805	-0.115707
-0.299983	-0.491468
1.57945	0.537684
-0.365165	0.423346
0.590844	0.516496
-0.973535	-0.952829
-0.32171	0.256201
-0.191345	0.350057
0.0476569	0.313207
-0.386893	0.162581
-0.082708	0.278111
-0.0935718	0.174796
-0.0283893	0.175602
1.21008	0.0589197
-0.40862	0.410762
-0.104436	-0.41521
1.72067	0.512638
-0.951808	0.109659
-0.864898	-0.367606
-0.0283893	-0.868249
1.2644	0.441051
-0.40862	0.338412
0.645163	0.28041
-0.658487	0.0188253
-0.636759	-0.867335
-0.40862	-0.627896
-0.126163	-0.113155
-0.810579	-0.881762
0.134567	0.209234
0.688618	0.0270583
0.00420194	0.025658
-0.615032	0.285172
-0.223937	-0.204682
-0.897489	-0.391373
-0.310847	0.586297
-0.745396	-0.612341
-0.919216	-0.740553
-0.951808	-1.02407
-0.701941	-0.692316
-0.995263	-0.316754
-0.137027	0.424214
-0.441212	0.137844
0.221477	0.421263
0.938484	0.0803561
2.53545	0.312504
4.80598	0.511915
3.14382	0.528209
-1.01699	0.362711
-0.441212	0.421728
-0.93008	-0.86247
-0.84317	-0.537164
0.0367932	-0.70889
-0.376029	-0.668459
-0.462939	-0.189526
-0.452075	0.468687
-0.376029	-0.698891
-0.039253	-0.121807
-0.854034	-0.529225
-0.484667	-0.00269616
0.210613	-0.29895
0.0585207	-0.229905
0.862438	0.36336
0.134567	0.343836
-0.854034	0.203179
-0.615032	-0.811192
-0.93008	0.0669596
1.5034	-0.0467973
-0.908353	0.138758
-0.310847	-0.363889
-0.636759	0.463688
-0.701941	0.359088
-0.267392	-0.860102
-0.777988	-0.44612
2.54632	0.61308
0.134567	0.428441
-0.484667	0.363166
1.48167	0.533847
1.52513	0.68444
0.0150657	0.450304
0.960212	0.429909
-0.962671	-0.202335
0.775528	0.515055
-0.777988	-0.0529161
-0.517258	0.29413
0.0367932	0.258677
-0.919216	-0.70817
1.64463	0.278547
0.645163	0.409789
2.43768	0.526705
-0.0283893	0.0655728
0.536525	0.0261612
1.23181	0.338002
-0.256528	0.183593
-0.734533	0.203346
-0.658487	0.247205
-0.0935718	0.38331
-0.538985	-0.423062
-1.03872	-0.67994
-0.973535	0.1013
-0.419484	-1.34744
-0.386893	-0.558226
-0.538985	0.190152
-0.14789	0.298427
-0.40862	0.161692
-0.777988	-0.228353
-0.289119	0.182378
0.775528	-0.501285
0.319251	0.349125
-0.560713	0.397381
2.11177	0.657066
-0.397757	0.484912
-0.951808	-0.530389
-0.625895	-0.0871126
-0.658487	0.341887
0.286659	0.277385
0.101976	0.194902
-0.897489	-0.59026
-0.995263	-0.495932
-0.919216	-1.04587
-1.02785	-0.943824
2.16609	0.37853
-0.299983	-0.603312
0.460479	0.411666
-0.0609805	-0.237803
-0.93008	-0.44268
-0.560713	-0.131222
-0.256528	0.332119
-0.940944	-1.16443
-0.951808	-0.414549
0.699482	0.00792118
0.0693844	0.613545
0.710345	0.470543
0.525662	0.420956
-0.821443	-0.100785
-0.93008	0.475143
-0.14789	0.00469895
-0.821443	0.134925
-0.75626	-0.112739
-0.854034	-0.00368598
0.0259294	0.198481
-0.788851	-0.320912
1.27526	0.451675
0.178022	0.526095
-0.430348	-1.01132
-0.951808	-1.24728
0.395297	0.483459
-0.441212	-0.909146
0.49307	0.12365
-0.49553	0.288507
-0.517258	-0.425863
-0.365165	0.0493384
0.558253	0.0497328
0.308387	-0.36025
-0.0718443	0.12114
0.145431	-0.147413
-0.886625	-0.125207
0.395297	0.390341
0.319251	0.214202
-0.767124	-0.771305
1.03626	0.279393
-0.538985	0.35331
-0.810579	-0.477046
0.971075	0.219476
-0.962671	-0.569082
-0.0609805	0.0678002
-0.267392	0.500944
0.308387	0.185003
-0.767124	-1.2006
1.05799	0.129917
0.286659	0.609238
-0.560713	0.449042
-0.202209	0.396169
2.11177	0.559185
-0.864898	-0.461531
1.05799	0.161158
0.884165	0.323607
-0.886625	-0.0647197
-0.137027	-0.0797555
0.862438	0.435486
-0.767124	-0.119649
0.0802482	0.178271
-0.75626	-0.664145
-0.84317	0.373185
-0.799715	-0.758847
0.612572	0.561175
-0.691078	0.51324
-0.0718443	-0.282883
-0.691078	0.268251
-0.723669	-0.441694
-0.647623	-0.331629
-0.58244	0.1372
0.0259294	0.116844
0.406161	0.530478
-0.299983	-0.312318
-0.93008	-0.541755
-0.777988	-0.364515
2.38336	0.505381
2.53545	0.242652
-0.908353	-0.468347
0.384433	0.520733
-0.245664	0.191382
0.732073	0.152843
3.46974	0.550148
3.73047	0.277201
-0.84317	0.1117
-0.940944	0.037349
-0.886625	-0.464142
-0.593304	0.319676
-0.14789	0.135889
-0.745396	-0.612341
-0.962671	-0.950972
-0.452075	0.287484
-0.93008	-0.696807
-0.213073	0.0665259
1.59031	0.108588
-0.560713	-0.0333913
-0.158754	0.490622
-0.484667	0.0457722
0.721209	0.408778
-0.93008	0.419685
-0.484667	0.140015
1.60117	0.182011
-0.58244	-0.483344
-0.788851	-0.2344
-0.40862	0.419429
-0.0935718	-0.0753952
-0.223937	0.206521
-0.571577	-0.363594
0.210613	0.403678
0.92762	0.364226
0.742937	-0.523012
-0.832306	-0.331154
0.732073	-0.247511
-0.169618	0.167772
-0.528122	-0.0125768
-0.745396	-0.340769
-0.962671	-1.05683
-0.691078	0.330576
-0.897489	-0.59728
1.10144	0.501005
0.482207	0.230698
0.0693844	0.438066
-0.864898	-0.927204
-0.213073	0.105078
-0.2348	-0.568292
1.39476	0.111781
1.94881	0.219657
-0.354302	0.111081
0.818983	0.320536
-0.484667	0.237147
0.188886	0.134452
0.742937	0.270321
0.308387	-0.0269704
1.03626	0.622184
-0.473803	0.270003
2.28559	0.104144
0.514798	0.00532573
-0.419484	0.444696
-0.701941	-0.871359
-0.419484	-0.717063
2.06831	0.37529
0.00420194	0.390288
-0.973535	-0.140763
-0.636759	-0.856539
-0.919216	-0.932646
0.438752	0.470557
-0.84317	-0.414347
1.25353	-0.0599639
3.15469	0.652781
0.960212	-0.436355
-0.158754	0.0975229
1.07971	0.420421
1.23181	-0.28485
-0.647623	0.353359
-0.506394	-0.346937
-0.854034	-0.125798
0.460479	0.0872179
-0.386893	0.509535
-0.213073	-0.321072
-0.49553	0.111139
-0.908353	-0.599335
1.56858	0.147761
0.395297	-0.0106854
1.73154	-0.173648
0.710345	0.258264
3.11123	0.000811593
0.721209	-0.104644
-0.734533	-0.453146
2.57891	0.919183
-0.93008	0.499265
1.55772	0.459883
1.13403	0.434066
0.66689	0.180228
-0.723669	0.534559
0.101976	0.0804426
-0.832306	-0.849404
-0.951808	-1.08781
-0.452075	-0.12614
-0.886625	-0.972156
-0.886625	-0.32395
-0.908353	-0.0646021
-0.58244	0.465902
-0.799715	-0.0319464
-0.343438	-0.157946
1.37303	0.324545
0.0693844	-0.120565
-0.386893	0.0611131
-0.995263	0.0284521
-0.593304	-0.446845
-0.973535	-0.239254
0.656027	-0.0578534
-0.886625	0.336729
-0.213073	0.279371
-0.00666181	0.418083
-0.745396	-0.310071
-0.886625	-1.12007
-0.777988	-0.10815
0.330114	0.489185
1.2644	0.752275
-0.169618	-0.684475
0.330114	0.535382
0.297523	0.547655
3.38283	-0.153648
-0.745396	-0.812795
3.75219	0.0877231
-0.919216	-0.908532
-0.777988	-0.648124
-0.680214	-0.233581
1.31872	0.55682
3.23073	0.76939
-0.126163	-0.619985
-0.517258	-0.366496
1.43822	0.437985
-0.821443	-0.35545
-0.854034	0.0861987
-0.723669	0.511573
1.44908	-0.00997327
0.156294	0.0177503
-0.962671	0.1662
-0.995263	-0.224063
-0.854034	-0.728215
-0.473803	0.0842645
-0.647623	-0.572838
0.351842	0.398536
1.47081	0.431758
-0.593304	0.410034
-0.245664	-0.0614472
1.56858	0.311749
-0.701941	-0.117512
1.53599	0.510671
-0.680214	0.365373
-0.810579	-0.311175
-0.517258	0.471643
-0.691078	-0.209013
-0.354302	0.0441822
0.275796	0.526661
-0.832306	-0.602043
0.232341	0.330142
-0.289119	-0.332996
-0.93008	0.107771
-0.788851	-0.496529
-0.658487	-0.140375
-0.691078	0.129821
-0.701941	0.0634483
-0.213073	-0.170192
0.264932	-0.0674967
-0.788851	-0.650932
-0.58244	0.194664
-0.680214	-0.413528
-0.40862	-0.376422
-0.2348	0.0728611
-0.462939	0.358444
-0.636759	-0.900889
0.243204	0.121311
0.0150657	0.551481
-0.821443	-0.172413
0.612572	0.846984
-0.995263	-1.08986
-0.560713	0.402048
-0.039253	-0.416195
-0.777988	-0.222548
0.797255	-0.26366
-0.962671	-1.11765
-0.452075	0.435214
-0.397757	-0.0380324
0.7538	0.798453
-0.636759	-0.636103
-0.462939	-0.0849761
1.29699	0.343043
-0.93008	0.258538
-0.712805	0.379118
-0.2348	0.0788546
-0.680214	-0.232659
2.52459	0.699143
-0.680214	-0.137371
-0.376029	-0.342963
-0.951808	0.00535424
-0.528122	-0.606574
0.362706	0.30122
-0.593304	-0.482406
-0.604168	0.43505
-0.082708	0.267535
-0.180482	-0.0845351
-0.680214	0.331406
-0.951808	0.128894
0.123703	-0.426896
0.710345	0.407382
0.275796	0.459073
-0.84317	-0.246518
-0.604168	0.115022
1.61204	0.114273
0.808119	0.424203
-0.940944	0.0525342
-0.875761	-0.414878
3.18728	0.462218
-0.245664	0.158745
0.656027	0.107341
-0.832306	0.412499
0.949348	0.469838
0.449616	0.348946
-0.940944	-0.333771
0.0693844	0.411833
-0.0283893	0.581992
0.547389	0.31224
-0.462939	-0.542777
0.178022	0.341227
0.123703	0.223639
-0.984399	-1.34563
-0.082708	0.417845
0.319251	-0.112198
-0.0283893	0.140449
-0.951808	-0.192776
-0.571577	0.0784979
0.112839	0.419437
-0.84317	-0.572779
0.634299	0.734212
-0.788851	-0.669871
-0.691078	0.0665476
0.960212	0.554322
0.275796	-0.0238962
-0.723669	-0.295749
-0.940944	-0.603421
0.677754	0.145531
0.558253	0.450196
-0.538985	0.328174
0.49307	0.157133
-0.821443	0.374127
0.732073	0.701476
-0.452075	0.28818
-0.897489	-0.599064
-0.723669	0.259004
0.340978	-0.16661
-0.0283893	0.641611
-0.777988	-0.0632361
0.00420194	-0.471928
1.37303	0.315639
-0.0935718	-0.17912
-0.40862	-0.336243
-0.799715	0.373933
3.21987	0.584764
-0.310847	-0.316519
0.286659	0.158862
0.862438	0.257366
-0.604168	-0.0927691
1.70981	0.370392
-0.484667	0.00625012
0.0476569	0.0401905
1.31872	0.451084
0.221477	0.352106
4.49093	0.364536
0.0476569	0.00529373
-0.767124	0.563835
-0.223937	0.381935
0.92762	0.174233
1.2644	0.200875
-0.267392	-0.464532
-0.832306	-0.967506
-0.462939	-0.189526
-0.386893	0.243042
-0.93008	-0.798103
-0.549849	0.198156
-0.886625	-0.0916151
-0.354302	0.047851
-0.039253	0.276417
-0.908353	-0.155966
-0.984399	0.339619
-0.875761	0.285935
0.503934	0.358625
1.40563	0.178521
-0.386893	-0.104588
-0.549849	-0.345967
-0.615032	-0.873761
-0.538985	0.16517
0.0476569	0.189909
-0.75626	0.475467
2.20954	0.282689
2.6115	0.478947
0.297523	-0.0378912
1.1449	0.327505
1.65549	0.198005
-0.723669	0.433951
-0.441212	0.0400915
1.72067	0.207594
-0.32171	0.250478
1.16662	0.0531504
0.612572	0.271259
0.134567	-0.25842
-0.701941	0.107484
-0.93008	-0.709782
-0.854034	0.144955
-0.343438	0.325863
-0.462939	-0.38206
0.0693844	0.664633
-0.419484	-0.248145
-0.549849	0.589153
-0.517258	0.421909
1.12317	0.581555
0.188886	0.501144
0.264932	0.193171
1.40563	0.86386
-0.571577	0.50973
-0.278255	0.47596
-0.691078	0.0271224
2.17695	0.251114
1.65549	0.28106
-0.332574	0.55981
-0.256528	0.32919
-0.854034	-0.318005
-0.973535	0.345814
2.731	0.242905
0.178022	0.219744
0.7538	0.14249
0.742937	-0.292538
-0.854034	-0.484392
-0.93008	-0.482552
-0.343438	0.0221927
-0.299983	0.129908
1.01453	0.471574
-0.832306	-0.572893
1.45994	0.155689
0.514798	0.241792
1.1449	0.0273944
0.308387	-0.0342449
-0.647623	-0.832178
0.482207	0.172754
-0.908353	-0.653597
-0.767124	0.341802
-0.799715	-1.1329
1.2644	0.352907
-0.49553	0.200315
-0.289119	0.4088
-0.777988	-1.04434
-1.01699	0.362711
-0.571577	-0.63562
0.112839	0.201611
-0.897489	-1.15205
0.710345	-0.153589
0.0259294	-0.0966622
-0.636759	0.0512331
1.79672	0.40137
-1.00613	-0.583038
2.04659	0.522158
-0.310847	0.0613729
0.601708	0.361025
0.57998	0.163997
-0.137027	0.121096
-0.104436	0.147679
-0.788851	-0.293046
0.536525	0.526821
-0.962671	-0.0969729
-0.962671	-0.846612
0.00420194	-0.327328
-0.115299	0.0205073
-0.104436	-0.104838
-0.75626	0.598135
-0.75626	0.000542516
1.1449	-0.154373
1.89449	0.0266189
-0.310847	0.435236
-0.528122	-0.147631
-0.202209	0.685563
-0.517258	0.250182
-0.32171	0.220713
0.0585207	0.467671
-0.788851	-0.382454
-0.951808	-0.304438
0.286659	-0.458265
2.67668	0.590695
-0.593304	-0.50986
0.362706	-0.0652466
-0.767124	0.262439
-0.897489	-1.57273
-0.886625	-0.690129
-0.897489	-0.539538
1.44908	0.438734
-0.84317	-0.123452
-0.777988	-0.221819
0.656027	-0.100117
-0.767124	0.421364
0.960212	0.221047
-0.452075	0.0324291
0.57998	-0.291323
-0.0175256	-0.024999
0.66689	0.536445
-0.49553	-0.630566
-0.365165	-0.0652518
-0.84317	0.208117
-0.386893	0.0182859
-0.299983	0.192207
1.47081	0.66875
-0.897489	-0.583833
1.22094	0.389007
0.167158	-0.168051
-0.723669	-0.900554
-0.832306	-0.313493
-0.777988	0.00249794
-0.104436	0.698026
0.101976	0.320914
-0.223937	0.460968
-0.517258	-0.631244
-0.473803	0.458291
0.156294	-0.108764
-0.397757	-0.0787856
2.88309	0.640442
-0.213073	0.0377436
0.514798	0.359203
-0.712805	-0.0477999
0.0259294	0.0960968
0.677754	0.514831
-0.691078	-0.697208
0.210613	0.52719
-0.484667	-0.0221719
-0.039253	-0.465098
-0.386893	0.173972
0.645163	-0.211174
-0.897489	-0.198789
-0.658487	-0.596076
-0.126163	0.728112
-0.962671	0.265136
1.21008	0.390963
-0.267392	-0.820949
1.85104	0.457786
-0.332574	-0.457738
-0.647623	-1.34044
0.536525	-0.503443
-0.039253	0.372287
-0.854034	-0.334199
-0.984399	-0.0812906
-0.658487	0.285092
-0.625895	-0.29605
-0.723669	-0.216329
0.0150657	-0.119879
0.123703	-0.345808
-0.712805	-0.449936
-0.386893	0.210584
-0.517258	-0.0962614
-0.104436	0.284142
4.2302	0.747357
3.2416	0.669244
1.51426	0.13713
-0.723669	0.248428
-0.810579	-0.110166
0.66689	0.389686
-0.854034	-1.01965
-0.49553	0.0936578
-0.821443	-0.163421
0.721209	0.561409
-0.289119	-0.84215
0.0367932	0.419347
-0.430348	0.289673
-0.886625	-0.986501
-0.962671	-0.185939
0.57998	0.374184
0.0476569	0.313207
-0.854034	-0.0659044
0.514798	0.376321
2.3725	0.292713
-0.430348	0.583303
-0.604168	0.161087
-0.506394	0.0210306
-0.680214	-0.237312
-0.875761	-0.0414275
-0.039253	0.14063
-0.126163	0.413284
-0.897489	-0.668305
-0.137027	0.333848
1.64463	0.417176
0.634299	-0.272421
-0.180482	0.064367
-0.625895	0.317532
-0.256528	-0.203266
-0.452075	-0.702931
-0.430348	0.0371406
0.449616	0.338998
-0.549849	-0.865303
-0.528122	-0.209167
-0.951808	-0.691089
-0.962671	-0.830939
0.373569	0.11656
2.38336	0.444847
2.14436	0.276583
0.417024	-0.156953
-1.01699	-0.32001
1.7424	0.188834
-0.343438	-0.061902
1.28612	0.59558
-0.126163	0.245191
0.0911119	-0.0784715
1.94881	0.558264
-0.332574	-0.314492
0.732073	0.189292
-1.00613	-0.823011
0.514798	0.211217
-0.919216	0.318363
-0.995263	0.108893
0.699482	0.170702
0.417024	0.225339
-0.75626	-0.722525
-0.625895	0.572196
0.210613	0.413424
2.33991	0.663631
4.27365	0.0179526
-0.701941	0.232473
1.18835	0.184594
-0.430348	-0.582662
-0.995263	-0.370847
-0.940944	0.167347
-0.397757	0.429521
-0.180482	-0.176067
-0.343438	0.175278
-0.799715	-0.172775
-0.66935	0.47354
2.03572	0.383403
0.0367932	0.344458
-0.126163	0.26071
0.547389	0.118511
0.308387	0.59225
2.24213	0.481463
-0.115299	0.292454
1.5034	0.146088
-0.962671	-0.910207
-0.995263	0.44049
0.101976	0.0573964
-0.354302	-0.109463
-0.995263	-0.998343
-0.180482	-0.171846
0.525662	-0.303907
-0.191345	0.0301608
-0.180482	0.0237132
-0.788851	-0.879227
-0.223937	0.267348
-0.821443	-0.124986
1.05799	0.138659
-0.854034	-1.06563
-0.528122	0.12509
-0.745396	-0.764304
-0.299983	0.468311
0.0911119	0.408087
0.949348	0.793284
-0.973535	-0.808751
-0.886625	-0.440524
2.02486	0.517482
-0.66935	0.433478
1.60117	0.182011
-0.821443	-0.532715
-0.0718443	0.156737
-0.517258	-0.144299
-0.278255	0.072369
-0.75626	-0.183352
-0.886625	-0.975326
0.395297	0.501678
-0.604168	0.48871
-0.75626	0.428272
-0.647623	-0.280641
0.395297	0.245445
-0.484667	0.462005
-0.615032	0.268182
1.01453	0.475524
0.742937	0.441988
-0.908353	-0.927929
-0.32171	-0.728805
1.05799	0.43978
-0.973535	-0.480032
1.48167	0.529607
1.32958	0.258652
-0.777988	0.152464
2.253	0.526379
1.00367	0.357649
-0.310847	0.382649
-0.940944	-0.0132107
1.81845	0.596222
0.308387	0.314573
-0.0609805	-0.139225
1.99227	0.259371
0.395297	-0.351809
-0.875761	-0.443603
1.07971	-0.467672
-0.951808	0.0186484
-0.365165	-0.0652518
-0.430348	0.258982
-0.962671	-0.633648
0.49307	0.414503
-0.701941	0.0714642
3.18728	0.695497
-0.386893	-0.0806838
-0.66935	0.0256562
-0.528122	0.205062
-0.441212	-0.11342
0.101976	0.293803
-0.810579	-0.862367
-0.788851	-0.650932
0.417024	0.353904
1.23181	0.411554
0.601708	0.170569
-0.310847	0.461609
-0.777988	-0.331309
2.731	0.405168
1.16662	0.492807
-0.788851	0.390545
0.677754	0.350009
-0.115299	0.317676
-0.0935718	0.293151
-0.517258	0.327299
-0.213073	0.450412
-0.962671	-0.199054
-0.701941	-0.472705
-0.919216	-1.1708
-0.973535	0.362417
2.55718	0.165142
-0.593304	-0.956527
-0.712805	0.395707
3.08951	0.497478
2.29645	0.363062
-0.213073	0.373277
1.07971	-0.246011
-0.397757	0.377737
1.16662	0.510304
-0.75626	-0.202893
0.536525	0.387993
-0.40862	-0.619374
-0.984399	0.151687
-0.701941	-0.0450711
-0.310847	-0.921837
-0.441212	0.0450202
-0.995263	-0.744324
-0.908353	-0.44352
-0.767124	-0.163273
-0.886625	0.303447
-0.593304	-0.17712
-1.01699	0.0851094
-0.658487	-0.0153384
2.86137	0.482069
-0.2348	-0.368807
-0.875761	-0.337437
-0.658487	-0.655483
-0.430348	-0.632241
-0.256528	-0.355896
3.7196	0.533405
0.57998	0.728933
1.1449	0.398631
1.44908	0.595638
2.15522	0.0803279
-0.278255	0.072369
-0.788851	0.19241
-0.32171	0.456227
-0.430348	0.204405
-0.897489	-0.47303
-0.984399	-1.1327
-0.940944	-0.933744
-0.951808	-0.149577
0.547389	0.243772
-0.0609805	0.17354
0.0259294	-0.379591
-0.951808	-1.00502
-0.310847	-0.0525801
-0.984399	-0.530468
0.862438	0.729253
-0.832306	-0.0737669
-0.158754	-0.465274
-0.951808	-0.15409
0.558253	0.379938
-0.864898	0.180178
-0.137027	0.341016
2.39423	0.64029
2.86137	0.791317
0.101976	0.634099
-0.0283893	0.490249
0.547389	0.28209
-0.354302	0.548998
-0.93008	-0.448072
0.210613	-0.346204
1.6229	0.602206
0.960212	0.0805087
-0.462939	0.281787
-0.897489	-0.0805655
-0.788851	-0.599756
-0.93008	-0.243797
1.31872	-0.0252071
-0.0935718	-0.0432297
-0.897489	-1.00447
-0.864898	0.180178
-0.854034	-0.42375
-0.32171	0.391479
-0.962671	0.322885
-0.919216	-0.805661
-0.951808	-1.37616
0.340978	0.0434461
-0.2348	0.18621
-0.604168	-0.0658027
-1.00613	-1.18015
-0.538985	0.319364
-0.919216	0.478752
-0.995263	-1.12076
0.188886	-0.2476
2.29645	-0.0199474
0.699482	-0.182057
0.634299	0.67549
-0.517258	0.278137
-0.14789	0.0330298
1.91622	0.380072
-0.984399	-0.934068
-0.484667	-0.717505
2.03572	-0.944191
-0.962671	-1.12582
0.330114	-0.00220664
0.536525	0.691683
-0.701941	-0.834476
0.0367932	0.29027
-0.202209	-0.602555
-0.430348	0.2021
-0.452075	-0.537213
0.449616	0.443097
0.742937	0.132432
-0.517258	0.0540272
-0.625895	0.25985
-0.00666181	0.00527366
-0.430348	0.0415128
-0.691078	0.162259
-0.484667	-0.26557
-0.40862	-0.112786
0.0367932	0.540811
-0.2348	0.626589
-0.202209	-0.00822888
-0.267392	-0.159992
-0.538985	0.264786
-0.484667	-0.118416
-0.289119	0.372946
0.438752	-0.28392
0.916757	0.0502722
-0.365165	0.273715
-0.995263	-0.603808
-0.93008	0.146884
-0.908353	0.402175
-0.376029	0.128952
0.178022	0.283497
0.101976	-0.0676243
0.199749	0.69559
-0.658487	0.256881
-0.593304	0.0719341
-0.137027	-0.224671
-0.767124	-0.220507
1.59031	0.314563
4.39316	0.45308
0.210613	-0.45759
-0.854034	0.420916
-0.0718443	0.475054
1.3839	0.496273
-0.788851	0.17718
-0.158754	0.0417532
0.438752	-0.562608
-0.908353	0.488607
-0.517258	0.279224
0.0911119	0.619507
2.90482	0.161869
-0.245664	0.217032
-0.615032	-0.839406
-0.788851	-0.656294
-0.940944	-1.31746
-0.788851	-0.00993529
-0.788851	-0.333929
-0.397757	-0.184931
-0.66935	-0.740733
-0.984399	0.154795
0.199749	0.248213
-0.799715	-0.602011
0.829847	0.671128
-0.875761	-1.275
-0.647623	-0.149806
-0.506394	-0.0871233
1.15576	-0.0466702
-0.897489	-0.479645
2.44854	0.324336
-0.951808	-0.322735
-0.430348	0.491396
-0.897489	-0.458695
2.29645	0.554411
-0.191345	0.744629
-0.788851	-0.438826
-0.908353	-0.484884
-0.32171	0.303525
0.156294	0.508545
0.297523	0.392894
0.645163	0.289259
4.59957	0.597246
-0.430348	0.0371406
-0.854034	-0.155518
0.0585207	0.384337
-0.625895	-0.0614351
-0.821443	0.182121
1.5034	0.470003
0.167158	0.512909
-0.875761	0.0359899
-0.0609805	0.280032
0.471343	0.340102
-0.0609805	-0.496099
-0.082708	-0.28836
-0.84317	-1.20793
-0.104436	0.345565
-0.919216	-0.727834
-0.0718443	-0.0170079
2.20954	0.52902
1.53599	0.289177
-0.886625	-0.731324
2.07918	0.350395
2.731	0.00117603
0.884165	0.71938
-0.299983	0.398078
-0.875761	-0.579685
1.05799	0.377487
-0.951808	-0.506635
2.17695	0.293183
-0.158754	0.630673
-0.701941	-0.75038
0.536525	0.418904
-0.560713	0.46559
-0.0175256	0.334839
-0.919216	-0.408768
-0.0609805	0.267071
-0.278255	0.0273643
-0.951808	-0.238688
-0.14789	0.135889
-0.571577	-0.920116
1.16662	0.439699
-0.886625	-0.581943
-0.354302	-0.538612
-0.723669	-0.457087
1.06885	0.348574
-0.777988	0.103682
-0.126163	0.0130044
1.7424	0.398673
-0.897489	-0.411076
1.30785	0.539666
0.764664	0.521414
1.77499	0.364202
0.558253	0.491695
0.688618	0.802937
-0.462939	0.00598925
-0.66935	-0.240287
-0.0501168	-0.08393
-0.854034	-1.39595
0.84071	0.403846
-0.571577	-0.551586
0.775528	0.431508
1.91622	0.272421
-0.549849	-0.137719
-0.777988	-0.514067
-0.452075	-0.0561609
0.57998	-0.30902
2.81791	0.73225
-0.549849	0.189058
-0.256528	0.498466
3.58924	0.525337
-0.788851	-0.24774
2.48114	0.275167
-0.267392	0.118722
-0.256528	-0.109291
0.145431	-0.00809037
1.61204	0.846927
-1.01699	-0.584054
-0.745396	-0.00689859
-0.680214	-0.518091
0.167158	0.597404
-0.951808	-0.757425
-0.202209	-0.118922
-0.647623	-0.318738
0.134567	0.104054
0.254068	0.0764983
-0.940944	0.324909
-0.137027	-0.45495
1.91622	0.762601
-0.84317	0.212714
0.895029	0.563864
-0.767124	-0.33038
-0.734533	0.159752
-0.397757	0.527927
-0.940944	-0.684223
-0.93008	-0.550069
1.95968	-0.209098
-0.158754	-0.66088
0.275796	0.443454
1.9814	0.555671
0.92762	0.106919
1.52513	0.136693
-0.854034	-0.831156
-0.58244	-0.679313
-0.473803	0.490336
1.1449	-1.00382
-0.973535	-0.269938
-0.66935	0.561147
0.188886	0.360018
-0.104436	0.0128075
-0.571577	0.366706
1.7424	-0.428696
0.851574	0.166453
0.210613	0.348736
0.547389	0.0173076
-0.658487	0.252327
2.66582	0.415967
-0.636759	-0.0547607
-0.0609805	-0.418407
0.0150657	0.264882
-0.397757	0.392861
-0.984399	0.1037
-0.799715	-0.0207254
0.254068	0.433036
-0.984399	0.0225049
-0.680214	-1.06987
1.66636	0.541748
0.297523	0.427197
-0.75626	-0.473281
-0.984399	0.188582
-0.158754	0.480943
-0.864898	-0.929722
-0.180482	0.360324
-0.897489	0.250926
-0.984399	-0.86587
-0.984399	-0.238796
-0.0175256	-0.13258
0.742937	0.575361
0.710345	-0.227115
0.884165	0.0388372
-0.940944	0.0969641
0.569117	0.258389
-0.082708	-0.0338598
1.84017	0.171275
-0.0935718	0.803724
1.06885	0.0508997
-0.777988	0.0882307
-0.691078	-0.0170141
2.09004	0.74914
1.35131	0.365653
-0.191345	0.462505
0.0259294	0.365449
-0.723669	-0.808993
1.39476	0.305541
-0.821443	-0.781229
-0.875761	0.342215
1.31872	-0.275425
0.797255	-0.00879625
1.52513	0.581797
-0.886625	0.0658809
1.39476	0.12528
-0.289119	-0.127812
2.35077	0.578428
-0.691078	-0.424098
1.76413	0.497226
1.28612	0.193708
-0.213073	0.439007
-0.908353	0.36526
-0.897489	-0.8511
1.64463	0.65612
-0.441212	0.394343
-0.223937	-0.281224
-0.430348	-0.10916
0.0150657	-0.102758
-0.517258	-0.590023
0.427888	0.432615
-0.441212	0.515936
2.97	0.564565
-0.832306	0.383473
-0.777988	0.173031
-0.897489	-0.585127
0.275796	-0.0604051
-0.647623	0.479253
1.15576	0.269635
-0.223937	0.26649
0.221477	0.467415
0.308387	-0.0336608
-0.75626	0.0424218
0.656027	0.292275
-0.821443	-0.183969
-0.169618	-0.37706
-0.919216	-1.04093
-0.897489	-0.426656
0.286659	0.27798
-0.473803	0.386857
-0.962671	-0.210669
-0.310847	0.293711
-0.615032	0.2307
-0.169618	-0.807059
-0.93008	-0.0910173
-0.104436	0.0748234
-0.462939	0.416888
0.851574	-0.00848244
0.536525	0.00480068
-0.473803	0.472966
1.15576	0.489125
0.960212	0.429909
-0.995263	-0.422306
-0.430348	0.156872
-0.560713	0.53589
1.28612	-0.267309
-0.604168	-0.412315
-0.897489	-0.718506
-0.919216	0.0975188
-0.75626	0.0612134
1.02539	0.299125
0.438752	0.175933
1.9814	0.441676
-0.864898	-0.77498
-0.886625	-0.0667208
0.0367932	-0.0893791
0.0150657	-0.601454
-0.745396	-0.404645
-0.126163	-0.842929
0.112839	0.437672
-0.919216	-0.251248
-0.430348	-0.175434
-0.0935718	0.293151
-0.0175256	0.222007
-0.93008	0.0616644
0.123703	0.44407
-0.75626	-0.131502
1.15576	0.303726
-0.452075	0.515798
-0.213073	-0.203197
-0.745396	-0.20783
-0.0609805	0.253365
0.938484	0.801976
-0.0935718	0.0891502
0.101976	0.504084
-0.777988	0.47073
1.72067	0.460772
-0.223937	-0.103856
-0.0718443	0.181324
0.677754	0.134287
-0.723669	-0.439098
-0.49553	0.275785
3.19814	0.501587
2.66582	0.636043
-0.267392	0.533435
1.9814	0.403649
-0.169618	-0.15688
0.362706	0.0376306
-0.821443	-1.66311
0.449616	0.0813155
-0.267392	0.0124727
-0.115299	0.453462
-0.180482	0.451819
-0.84317	-1.23404
2.26386	0.133777
-0.832306	0.0825537
0.188886	0.36501
-0.00666181	0.333006
1.21008	0.126331
0.145431	0.276083
-0.799715	-0.320199
-0.332574	-0.179873
-0.940944	-1.04659
-0.528122	0.102132
-0.864898	-0.252842
-0.289119	0.480413
-0.14789	0.595037
-0.528122	0.49272
0.406161	-0.0675585
-0.864898	-1.03485
-0.875761	-0.31461
-0.767124	-0.35307
-0.701941	-0.456896
-0.213073	-0.174485
-0.267392	0.402923
0.123703	0.445671
0.569117	-0.501584
-0.973535	0.251707
3.42628	0.449092
-0.93008	0.258538
-0.549849	0.0731481
0.0585207	-0.1912
-0.810579	-0.874776
-0.126163	0.413679
-0.0501168	-0.168017
-1.03872	-0.410726
0.92762	0.518162
-0.571577	-0.132261
-0.701941	-0.433456
-0.832306	-0.2145
0.145431	0.527991
-0.343438	0.31951
-0.14789	0.0822909
4.13243	0.654785
-0.245664	-0.413351
0.862438	-0.154395
-0.191345	0.182743
0.188886	-0.18319
-0.777988	0.218334
1.39476	0.509786
-1.00613	-0.0375031
0.101976	-0.140038
-0.734533	0.365094
-0.919216	-0.37758
-0.538985	0.328174
-0.93008	-0.998962
0.656027	0.391954
0.00420194	-0.109907
0.286659	-0.230864
-0.799715	0.635595
0.145431	-0.0534125
0.438752	0.386254
-0.821443	-0.960886
-0.538985	-0.771331
0.92762	0.0191707
1.48167	0.197734
-0.0609805	0.348169
0.340978	0.762551
0.0693844	0.157152
1.23181	0.368091
-0.897489	-0.609703
0.514798	0.227206
0.786392	0.339398
-0.940944	-0.00410915
1.43822	0.243719
-0.984399	-0.942346
-0.799715	-0.0240258
-0.658487	-0.461523
2.60064	0.523167
0.0802482	0.548572
-0.897489	-1.22824
-0.365165	-0.485206
-0.332574	-0.303781
-0.788851	0.249986
0.438752	0.132656
-0.49553	-0.497077
-0.452075	0.108258
-0.256528	0.0448815
1.12317	0.0152121
0.145431	0.4228
-0.593304	0.319974
0.395297	0.308482
4.14329	0.521198
0.330114	0.330615
0.00420194	0.394097
-0.0501168	0.22696
-0.441212	0.255696
-0.777988	-0.834369
-0.213073	0.106845
0.308387	0.424717
-0.343438	0.175414
-0.810579	-0.0645466
-0.723669	0.0740124
-0.701941	-0.339072
-0.267392	0.132283
0.340978	0.24509
-0.712805	-0.314107
0.645163	0.382881
0.319251	0.276458
-0.528122	0.448798
-0.169618	0.0709209
0.123703	0.327911
0.862438	0.17985
0.351842	0.254967
-0.0175256	-0.0475261
-0.0283893	0.180681
1.19921	-0.250397
0.145431	-0.0444716
1.64463	0.607824
0.243204	-0.409727
-0.180482	0.557457
-0.213073	0.269005
0.471343	0.147144
-0.864898	-1.41607
-0.788851	0.417045
0.156294	-0.400721
-0.517258	-0.18036
-0.940944	-0.747952
0.0585207	0.362569
0.297523	0.361206
-0.528122	0.549595
-0.213073	-0.622248
-0.962671	-1.04007
0.199749	0.243327
-0.137027	0.38851
2.99173	0.827287
-0.560713	0.558625
-0.854034	0.138253
-0.66935	0.154086
-0.169618	0.350183
-0.441212	0.663245
1.37303	-0.288356
-0.49553	0.211255
1.29699	-0.432884
1.32958	0.344916
-0.984399	-0.311308
0.178022	0.210765
-0.854034	-1.69532
-0.2348	0.0654926
0.0367932	0.410961
-0.158754	0.259402
-0.897489	-1.57837
-0.636759	-0.390984
2.731	0.619426
-0.919216	-0.595227
0.427888	-0.00228341
-0.951808	-0.426286
0.612572	0.358346
0.482207	0.16925
2.07918	0.537576
0.764664	0.176233
7.196	-0.399128
-0.973535	-0.358135
-0.58244	0.0921481
0.210613	0.0485009
1.27526	0.432339
3.51319	0.46468
-0.962671	-0.609296
-1.02785	-0.844552
-0.973535	-0.524905
-0.821443	-0.694598
0.167158	-0.091092
0.373569	0.649245
0.101976	0.823409
-0.289119	-0.0464621
0.199749	0.339054
0.7538	0.331719
-0.310847	-0.23624
-0.452075	-0.537098
1.6229	0.587516
-0.680214	0.221351
-0.14789	0.0465044
-0.984399	-0.706356
-0.973535	-0.0684043
-0.919216	-0.279495
-0.832306	0.454393
-0.897489	-0.483829
-0.0283893	0.15197
0.384433	0.560137
0.775528	0.0316327
0.145431	0.311861
-0.0935718	0.0454475
0.949348	0.380631
0.101976	-0.596681
-0.441212	0.255696
-0.940944	-0.162349
-0.886625	0.140043
-0.191345	-0.275969
-0.864898	-0.502235
0.601708	0.366545
-0.951808	-0.724685
-0.310847	0.242712
-0.66935	0.0366618
-0.875761	-1.2496
-0.680214	0.222556
-0.875761	-0.246394
-0.886625	-1.25951
-0.658487	-0.82194
-0.93008	-0.774581
-0.571577	0.405035
-0.940944	-0.369599
-0.169618	0.263758
-0.962671	-0.695989
0.112839	-0.188485
-1.03872	-0.798742
3.54578	0.13882
-0.799715	0.355723
-0.538985	0.500237
-0.245664	0.313966
0.558253	-0.135789
2.14436	0.117028
-0.245664	0.394474
-0.343438	0.119137
-0.984399	-0.471914
-0.875761	-0.845024
1.9814	0.418752
-0.810579	-0.611251
0.656027	-0.0959809
-0.267392	-0.241945
-0.386893	0.470771
0.895029	0.0350495
-0.517258	0.0907542
-0.777988	-1.09593
-0.245664	0.394474
-0.267392	0.502829
-0.484667	0.0430868
-0.604168	-0.27234
-0.84317	-0.328966
0.471343	-0.333194
-0.951808	-1.50505
0.275796	0.526661
-0.0935718	-0.751088
-0.875761	-0.215744
-0.245664	0.299981
-0.864898	0.237189
1.2644	0.444658
0.460479	0.333106
-0.75626	-0.0400572
-0.886625	-0.353834
-0.745396	0.476167
-0.115299	0.277815
2.47027	0.430324
-0.386893	-0.337985
0.710345	-0.347878
-0.267392	-0.236894
-0.289119	0.27037
-0.810579	0.633528
-0.636759	-0.0539561
0.710345	-0.181422
-0.604168	0.0616329
0.101976	-0.140038
0.873302	0.484736
0.699482	0.719862
-0.832306	-0.00893244
-0.84317	0.0800427
2.29645	0.377577
-0.788851	-1.15281
1.68808	-0.0362353
3.46974	0.550148
-0.940944	0.399638
0.438752	0.372349
6.00099	0.506216
-0.723669	-0.0453375
0.373569	0.124719
-0.897489	-0.72748
-0.354302	0.542144
0.49307	0.229752
1.19921	0.278587
-0.951808	-0.297009
-0.767124	-0.143369
-0.32171	0.404086
1.23181	0.246506
-0.647623	0.403901
-0.810579	-0.705202
0.634299	0.721636
-0.799715	0.505301
-0.14789	0.319306
0.916757	0.364481
-0.745396	-1.10265
-0.158754	0.0241249
0.710345	0.381884
-0.0501168	0.643006
-0.701941	-1.24588
-0.647623	-0.0564702
-0.875761	-0.904602
0.786392	0.175719
-0.213073	0.10482
-0.810579	0.409271
-0.538985	0.0200434
-0.343438	0.474202
1.48167	0.303565
0.254068	0.110971
-0.788851	-0.603618
0.264932	0.356751
0.916757	0.694002
0.514798	0.564361
-0.777988	-0.460082
-0.40862	-0.295458
0.895029	0.17326
-0.767124	-0.0106297
-0.75626	-1.27819
-0.473803	0.385575
0.286659	-0.31507
-0.919216	-0.849169
1.23181	0.447484
-0.832306	-0.394639
-0.962671	0.055094
-0.506394	-0.122244
0.145431	-0.307111
-0.940944	-0.259452
1.1449	0.455134
-0.593304	-0.460843
-0.636759	-0.215332
-0.14789	-0.458233
-0.549849	-0.554888
-0.93008	-0.864819
-0.278255	0.415078
-0.854034	0.420916
0.00420194	-0.142776
2.58977	0.791723
1.5034	0.578652
0.221477	0.179024
-0.104436	0.114376
0.427888	0.243795
-0.897489	-0.735604
-0.680214	-0.878742
0.797255	0.816016
0.308387	-0.471965
1.5034	0.281414
-0.723669	-0.633627
-0.137027	0.189398
-0.951808	0.0508906
1.1123	0.739987
-0.962671	-0.210669
0.460479	-0.852913
-0.962671	-0.825112
-0.202209	0.146021
-0.636759	-0.445803
1.22094	-0.194275
-0.354302	-0.235565
1.13403	-0.0586239
-0.223937	0.341616
-0.897489	-0.496763
1.07971	0.329274
-0.951808	-0.818856
-0.788851	0.156324
0.145431	-0.106006
0.634299	0.428722
-0.615032	-0.331747
1.1449	0.333706
-0.777988	0.121018
0.210613	0.136283
-0.560713	-0.65139
-0.691078	0.128925
2.3725	0.671392
-0.625895	0.574247
-0.202209	-0.301516
-0.84317	-0.78927
-0.864898	-0.873429
-0.289119	-0.0363584
-0.289119	-0.077341
-0.430348	-0.824798
-0.549849	-0.668967
0.960212	-0.157751
-0.973535	-0.624236
-0.560713	-0.317942
0.362706	0.45278
0.308387	0.0723125
0.406161	0.118882
-0.701941	0.0634483
-0.00666181	-0.227267
-0.430348	-0.168289
-0.647623	0.158132
-0.75626	0.377056
0.797255	0.313786
-0.473803	-0.389514
-0.821443	-1.31744
-0.658487	-0.402664
-0.951808	-0.013337
-0.75626	-0.0572395
1.21008	0.240705
0.764664	0.806676
-0.84317	-0.195744
-0.940944	-0.895239
0.547389	0.351915
-0.593304	0.317498
1.09058	0.239326
-0.278255	0.417142
1.22094	0.445768
-0.180482	-0.0976685
-0.788851	-0.177095
1.17749	0.436155
-0.14789	0.200653
0.0150657	0.566146
-0.538985	0.27881
-0.397757	-0.135837
-0.886625	-1.01008
1.23181	0.440937
0.0476569	0.504839
-0.919216	-0.932646
-0.039253	-0.0492398
1.90536	0.532218
0.905893	0.725272
-0.419484	0.435167
-0.821443	-0.442057
-0.777988	-1.13985
-0.506394	0.267694
-0.354302	0.0672684
2.24213	0.372059
0.699482	0.314292
-0.701941	-0.59345
-0.75626	0.26538
2.05745	0.516872
0.547389	-0.263022
0.0802482	0.402521
-0.169618	-0.180788
2.66582	0.778191
-0.951808	-1.62233
-0.278255	0.42466
0.7538	0.76113
0.340978	-0.0604567
2.14436	0.117028
-0.691078	0.503538
-0.615032	-0.214044
0.210613	0.230508
0.427888	0.35397
-0.202209	-0.120492
-0.419484	-0.472517
-0.528122	0.240319
-0.962671	0.392347
0.656027	0.448485
3.51319	0.477007
-0.169618	-0.336165
-0.897489	-0.533484
-0.75626	0.0393505
-0.897489	0.221877
0.569117	0.0925312
0.862438	0.233564
-0.75626	0.345974
-0.777988	0.128674
-0.2348	0.168344
1.70981	0.152825
0.178022	0.652455
2.67668	0.623014
0.243204	-0.215748
-0.169618	0.625067
1.36217	0.0924608
2.18781	0.0753186
3.17642	0.432778
0.210613	-0.668144
0.319251	-0.149196
0.0585207	-0.540425
0.167158	0.39746
1.80758	0.574757
-0.864898	-0.366972
0.938484	0.478395
0.0150657	0.475106
0.00420194	0.339872
0.101976	0.101442
-0.310847	0.299772
0.710345	0.0385166
-0.2348	-0.633793
-0.951808	-0.822205
0.49307	0.738031
0.167158	-0.0923673
0.775528	0.257477
-0.0283893	0.238483
-0.93008	-0.774581
-0.66935	-0.0481885
-0.191345	0.327117
1.19921	0.219559
-0.49553	0.392246
0.308387	0.27119
-0.821443	0.66093
-0.680214	-0.47307
-0.115299	-0.614623
1.94881	0.242436
3.84997	0.827976
-0.441212	-0.5456
-0.864898	-1.25148
0.308387	-0.0336608
-0.799715	-0.852004
-0.701941	0.566028
0.742937	0.338031
-0.593304	0.224331
-0.919216	-0.558508
-0.549849	0.399524
-0.636759	-0.0525162
0.503934	0.110279
-0.875761	0.368624
-0.701941	0.357064
-0.039253	-0.332893
-0.810579	-0.434795
0.547389	0.545959
-0.376029	0.452365
0.971075	0.2334
-0.680214	-0.0214747
1.40563	0.288349
1.48167	0.15336
-0.278255	0.603455
-0.14789	-0.0900009
-0.886625	-1.52747
-0.777988	-1.34757
0.188886	0.0608404
-0.625895	0.156084
-0.528122	0.200714
0.0476569	0.442819
2.00313	0.67242
-0.462939	-0.638045
-0.00666181	0.210361
-0.886625	-0.316601
0.0150657	0.476474
-0.951808	-0.306496
-0.799715	-0.0238328
-0.32171	-0.711155
-0.636759	-0.833453
-0.973535	-0.383623
-0.767124	0.0161078
-0.0283893	-0.0306979
1.02539	0.497312
1.57945	0.5253
-0.2348	0.484094
-0.452075	-0.173146
-0.886625	-1.02559
-0.625895	-0.447885
-0.886625	0.0397216
-0.310847	-0.047288
0.0911119	0.180125
-0.484667	-0.0467772
-0.104436	0.445773
-0.940944	-0.08349
0.905893	0.504261
1.48167	0.49501
-0.647623	-0.225627
-0.940944	-0.091707
-0.875761	-0.526148
-0.462939	0.318796
-0.875761	0.440869
-0.593304	-0.047477
0.351842	-0.317646
0.514798	-0.0285134
-0.658487	-0.927064
3.95861	0.562852
-0.169618	0.355786
-0.701941	-0.190604
-0.289119	-1.04968
-0.549849	-0.199774
1.57945	0.499369
-0.984399	-0.238796
-0.615032	-0.249612
-0.354302	0.153546
-0.082708	-0.0486128
0.558253	0.168424
0.971075	0.363648
0.427888	0.176349
-0.75626	-0.264786
-0.93008	0.424083
-0.701941	-0.200483
1.39476	0.564965
-0.75626	0.0401565
-0.908353	-0.677932
0.254068	-0.768919
-0.310847	0.253199
0.569117	0.215506
-0.767124	-0.756013
-0.810579	-0.0577962
0.797255	0.514308
0.199749	-0.279526
0.0367932	0.158285
-1.04958	-1.47389
-0.984399	0.140048
0.612572	0.548828
-0.082708	0.474877
-0.560713	0.227034
-0.267392	0.533435
-0.886625	-0.276807
-0.538985	-0.593962
-0.484667	-0.140268
0.786392	0.563426
-0.864898	-0.861024
-0.452075	-0.136698
-0.560713	0.249691
0.243204	0.550275
-0.528122	0.139236
-0.462939	0.215271
0.297523	0.12098
-0.104436	-0.41521
-0.940944	-0.266345
-0.995263	-0.883567
-0.082708	0.245449
3.20901	0.503448
1.91622	-0.188721
-0.354302	-1.00294
1.07971	0.0166506
-0.647623	-1.34044
-0.821443	0.416947
-0.58244	-0.321271
0.862438	0.256503
-0.984399	0.382999
-0.84317	-0.132398
-0.506394	0.222309
-0.93008	-0.564278
-0.560713	-0.082962
-0.32171	-0.456396
-0.84317	-1.61188
-0.549849	-0.39281
1.37303	0.328307
-0.549849	0.0731481
-0.951808	-0.649244
-0.299983	0.398078
-0.984399	-0.965081
-0.560713	0.216116
-0.082708	0.00388875
0.178022	0.173631
-0.799715	-0.433935
-0.202209	-0.0156315
-0.832306	-0.171914
-0.549849	-0.0751753
0.688618	0.202287
-0.962671	-0.214655
-0.365165	0.0159313
-0.615032	0.342238
0.427888	0.791331
-0.082708	-0.0581589
-0.821443	-0.731572
0.178022	0.38489
-0.593304	-0.44977
-0.549849	-0.268199
-0.897489	-0.640245
-0.875761	-0.571564
-0.93008	0.315456
0.66689	0.438517
-0.84317	-0.382759
-0.213073	0.430519
2.28559	0.776685
0.427888	0.625242
0.49307	0.645094
-0.223937	0.202592
0.547389	0.266547
-0.75626	0.401783
-0.908353	-1.0301
-0.386893	0.50008
-0.919216	-1.48856
0.786392	-0.303183
0.0259294	-0.309029
-0.75626	-0.362696
-0.376029	-0.00823779
3.62183	0.406658
0.57998	0.181691
0.167158	-0.636377
-0.115299	0.288196
-0.49553	-0.579131
0.167158	0.225471
-0.0609805	0.362555
1.01453	0.720241
0.851574	-0.41205
-0.734533	0.38207
-0.0501168	0.11968
0.188886	0.371173
-0.452075	0.266909
-0.213073	0.682445
-0.799715	-0.92216
-0.299983	0.172159
3.75219	0.0877231
1.53599	0.137328
0.297523	0.221197
-0.137027	0.504865
-0.864898	-0.000386132
-0.267392	-0.588521
0.101976	-0.730135
0.764664	-0.161852
0.134567	-0.233316
-0.343438	0.0753336
0.406161	0.419023
2.40509	0.038428
-0.821443	-0.56055
-0.962671	-0.578996
-0.223937	0.426613
3.11123	0.650657
0.57998	0.394374
0.623435	-0.388935
-0.854034	-0.39615
-0.625895	0.0666454
-0.267392	-1.07346
-0.940944	-0.384324
2.23127	0.595887
-0.169618	0.146506
-0.289119	0.0443462
-0.691078	-0.139635
0.92762	0.211336
-0.658487	0.136394
-0.213073	-0.547642
1.52513	0.0409097
-0.082708	-0.688422
-0.897489	-0.512489
4.28452	0.64759
-0.886625	-0.500342
-0.00666181	0.230975
3.58924	0.472895
0.66689	0.273782
2.55718	0.723549
-0.0935718	0.276207
-0.984399	-0.792062
-0.788851	-0.766693
0.221477	0.356189
0.482207	-0.212082
-0.799715	-0.92216
-0.886625	-0.860371
-0.126163	-0.325349
-0.115299	0.0449448
-0.962671	-0.841261
-0.169618	-0.360567
-0.658487	0.0972558
0.590844	0.356157
4.1107	0.614643
-0.864898	0.347426
0.254068	-0.349827
0.981939	0.393798
-0.40862	-0.179861
-0.854034	-0.602649
-0.115299	0.0685811
-0.788851	-0.842123
0.0259294	-0.026426
2.42682	0.580508
-0.0935718	0.403161
1.05799	0.323703
-0.864898	0.240856
-0.832306	-0.390899
0.0911119	-0.231188
-0.137027	0.48322
-1.01699	-0.286046
-0.267392	-0.507832
-0.788851	-0.173151
0.417024	0.292744
-0.256528	0.02831
-0.604168	0.430029
-0.734533	0.408473
-0.897489	-0.117943
0.286659	0.00700977
-0.0609805	0.234521
-0.962671	-0.442437
-0.560713	-0.334919
0.514798	0.108281
-0.386893	0.197841
-0.886625	0.0671767
0.503934	0.12474
-0.115299	0.477969
-0.528122	-0.229472
0.721209	0.620893
-0.560713	-0.456073
1.25353	0.251141
-0.788851	0.00664906
-0.604168	-0.558459
-0.213073	0.244067
0.0802482	0.0103523
0.992803	0.440189
1.73154	0.412805
0.308387	0.46564
2.63323	0.292211
-0.419484	-0.096627
0.862438	0.403631
-0.691078	-0.574689
-0.430348	0.235648
-0.528122	0.070579
-0.940944	-0.102524
-0.940944	-1.01359
-0.832306	0.00132264
-0.441212	-0.122634
-0.484667	-0.326534
-0.593304	0.127394
-0.777988	0.121993
-0.897489	-0.554189
-0.973535	-0.647271
0.818983	0.75239
0.210613	0.378201
-0.299983	0.462365
1.67722	0.302057
1.64463	0.512561
-0.32171	0.23247
2.02486	0.428876
-0.647623	0.0942241
0.101976	0.604305
-0.039253	-0.158799
0.742937	0.294889
-0.66935	0.0416903
-0.984399	-0.601136
-0.810579	-0.306514
-0.604168	-0.707559
-0.115299	0.143413
1.82931	0.459438
-0.919216	-0.273417
-0.854034	-0.296724
-0.191345	-0.25449
-0.615032	-0.101151
-0.397757	0.43308
-0.343438	-0.593873
-0.864898	0.0528164
-0.875761	-0.305109
-0.299983	0.512752
-1.03872	-0.888258
-0.0609805	0.662678
-0.788851	-0.24774
1.29699	0.209245
-0.213073	-0.323836
-0.799715	-0.230786
0.916757	0.299776
0.558253	0.174779
-0.832306	-0.143149
0.905893	-0.145984
-0.897489	-0.410857
-0.734533	-0.620307
1.02539	0.221015
0.569117	-0.104672
-0.452075	0.132255
-0.897489	-0.513877
-0.788851	-0.0666678
0.417024	0.166281
-0.310847	-0.423467
0.66689	-0.61111
-0.84317	0.439251
0.449616	0.378619
-0.951808	-0.115279
-0.256528	-0.282252
1.05799	0.386788
-0.864898	-0.760258
-0.658487	-0.739105
0.330114	0.421925
-0.310847	-0.067687
-0.082708	-0.0916611
-0.604168	0.342015
1.66636	0.543159
-0.810579	0.297694
-0.484667	-0.0303084
0.275796	0.332262
-0.919216	-0.221245
0.199749	-0.244475
-0.0935718	0.14205
-0.452075	0.301765
0.438752	-0.577851
-1.00613	0.440386
-0.191345	0.320289
-0.908353	-0.628635
-0.810579	-0.421986
-0.0175256	0.138364
0.525662	0.742425
-0.462939	0.0314064
-0.799715	0.0368073
-0.549849	-1.01783
0.884165	0.472083
1.45994	0.400324
0.601708	0.443657
-0.517258	-0.944733
-0.919216	0.351866
-0.745396	0.149992
-0.821443	-0.803236
2.06831	0.27854
0.384433	0.41212
1.10144	0.239352
0.547389	0.604531
-0.256528	0.241926
-0.962671	-0.18617
-0.984399	0.0841173
1.37303	0.479372
1.25353	-0.054313
0.373569	-0.16341
-0.560713	-0.0763602
0.340978	0.487986
-0.984399	-0.721003
1.85104	0.557303
-0.93008	0.543063
-0.58244	0.502829
-0.93008	-0.924509
-0.0935718	-0.0596219
-0.115299	-0.512143
-0.32171	0.420966
1.64463	0.855469
6.35949	0.755261
0.884165	-0.270015
2.18781	0.668826
-0.462939	0.407012
-0.66935	0.458192
1.17749	-0.618152
-0.658487	-0.667439
-0.354302	-0.415908
-0.310847	-0.25551
0.275796	0.203654
0.101976	0.567566
3.10037	0.424181
-0.615032	-0.910725
-0.58244	0.154646
1.37303	0.314846
-0.169618	0.474798
0.112839	0.0117661
-0.66935	0.0953182
-0.919216	0.296089
-0.897489	-0.33555
-0.593304	-0.862571
0.677754	0.149989
-0.636759	-0.426841
-0.354302	-0.150404
3.54578	0.710708
1.21008	0.517294
0.0693844	0.297596
-0.84317	-0.716162
-0.0175256	-0.150655
0.427888	-0.703483
0.362706	0.248326
0.0150657	0.0669848
0.112839	0.211601
-0.202209	0.608084
-0.00666181	0.0595032
-0.886625	-0.351484
1.03626	0.365283
-0.919216	-0.627246
-0.636759	-0.596505
-0.2348	0.351247
-0.712805	-0.676927
1.89449	0.400436
0.634299	0.218753
-0.919216	0.441548
-0.473803	0.380531
-0.658487	0.0188253
-0.908353	-1.07516
-0.0283893	-0.538938
-0.0718443	-0.22128
-0.723669	-0.452681
0.0150657	0.0508451
0.710345	0.0378957
-0.940944	-0.165596
-0.908353	0.542628
-0.137027	-0.390903
0.112839	0.317435
1.18835	0.237722
-0.452075	0.373212
-0.397757	-0.704891
-0.919216	-0.883191
-0.386893	0.503017
0.971075	0.301187
0.330114	-0.732631
-0.386893	0.195275
-0.0175256	-0.0904274
-0.886625	-0.212868
-0.864898	-1.40614
-0.984399	-0.0640202
-0.267392	-0.0390452
-0.75626	-0.0571227
-0.691078	0.432218
3.21987	0.522682
1.01453	0.414017
0.395297	0.195502
-0.473803	0.175312
1.68808	0.558722
1.42735	0.107314
-0.821443	0.383739
-0.528122	0.234854
-0.191345	-0.0174905
-0.66935	-0.0208703
1.34044	0.427575
0.645163	0.394936
0.558253	0.343463
0.471343	-0.120899
0.286659	0.272664
-0.419484	0.0769761
-0.962671	-0.6829
-0.647623	-0.0243514
-0.40862	-0.225769
-0.386893	-0.951014
-0.821443	-0.541936
2.14436	0.591501
-0.908353	-1.17532
-0.00666181	0.406683
0.123703	0.30848
-0.0718443	0.0384342
-0.821443	-0.255539
-0.832306	-0.661773
-0.951808	-0.0566865
-0.289119	0.399195
-0.430348	-0.207744
-0.973535	-0.141868
-0.951808	-0.511312
1.52513	0.409146
-0.658487	-0.334271
-0.354302	0.139227
-0.0283893	-0.340628
-0.0501168	0.175066
0.525662	-0.326669
-0.897489	0.361194
-0.951808	-1.2917
0.449616	0.537438
-0.75626	-0.0975242
-0.0935718	-0.128977
-0.223937	-0.24222
-0.701941	-0.796173
-0.658487	-0.390077
-0.940944	-0.091707
-0.962671	-0.00760517
1.18835	0.392358
0.221477	0.308154
0.514798	0.420052
-0.788851	0.104749
-0.0175256	0.0452629
0.232341	0.263161
0.57998	0.272263
-0.636759	-0.40188
0.971075	-0.2954
-0.810579	-0.503072
-0.984399	0.396673
0.297523	0.513779
1.9814	0.350118
0.7538	0.0659033
-0.441212	0.525718
-0.919216	-1.38272
0.438752	0.503594
0.0259294	0.149377
-0.0609805	-0.0314114
-0.962671	-1.42324
0.101976	0.213513
1.29699	0.207719
1.42735	0.490651
-0.832306	-0.325835
0.254068	0.28321
0.199749	0.261473
-0.93008	-0.340901
0.0476569	-0.10788
-0.788851	-0.616206
-0.538985	-0.430181
-0.788851	-0.180118
-1.01699	-0.0759865
-0.745396	-0.120369
-0.984399	0.396673
-0.332574	0.259793
-0.973535	-0.376371
0.84071	0.824401
0.992803	0.329746
0.797255	0.0381497
0.742937	0.488718
3.52406	0.704924
0.123703	0.0872739
-0.919216	-0.477409
0.471343	0.16448
-0.897489	-0.556732
-0.549849	-0.342388
-0.810579	-0.142581
-0.462939	0.00117511
-0.995263	-0.76264
-0.875761	-0.0949804
-0.376029	-0.249075
-0.256528	0.452346
-0.2348	0.223011
1.68808	0.544939
0.634299	0.631059
0.178022	-0.301502
-0.712805	-0.493599
-0.299983	0.778367
-0.940944	-1.31746
-0.691078	0.133928
-0.723669	-0.728711
-0.310847	0.347421
4.27365	0.0179526
0.66689	0.416473
-0.517258	0.135837
-0.908353	0.0414169
0.167158	0.340681
1.43822	0.769977
2.95914	0.638178
2.47027	0.581843
-0.734533	-0.968381
0.482207	0.406863
2.11177	0.0199998
0.601708	-0.161908
-0.962671	-0.433507
0.0150657	0.0963785
0.297523	-0.0902052
-0.908353	-0.195187
0.536525	0.402653
1.10144	0.501005
4.91461	0.313258
0.547389	0.258238
-0.886625	-1.06147
-0.115299	0.661329
0.362706	-0.504317
0.525662	0.742425
0.710345	0.531594
-0.84317	-0.899579
-0.973535	-0.622675
-0.75626	0.53621
-0.332574	0.218399
0.92762	0.300604
-0.658487	-1.53341
-0.0283893	0.289316
1.02539	0.543598
0.0476569	0.0169548
-0.767124	-0.285813
-0.0718443	0.230986
-0.441212	0.218359
0.123703	-0.195105
2.45941	0.326629
0.243204	0.171679
-0.647623	0.164446
0.938484	0.261351
-0.430348	-0.345682
0.905893	0.576664
-1.00613	-0.943592
-0.962671	-0.286851
-0.658487	-0.737552
-0.0935718	0.0646822
0.536525	0.181818
-0.897489	0.00862263
-0.49553	-0.078971
-0.93008	-0.0363468
-0.777988	-0.260956
-0.875761	0.00462972
0.0911119	-0.0441184
-0.788851	-0.163494
-0.604168	0.296554
-1.01699	-0.390627
-0.104436	0.633434
0.156294	0.760954
-0.191345	0.0755177
0.547389	0.431702
-0.473803	-0.462501
-0.506394	0.462088
0.178022	0.30539
2.54632	0.666544
0.275796	0.235481
0.362706	-0.0530646
1.88363	-0.0493457
-0.723669	-0.333004
-0.701941	-0.0626065
-0.430348	0.333505
-0.951808	0.0250713
-0.58244	0.719859
0.992803	0.318475
0.199749	0.0472303
-0.973535	-0.0289472
0.156294	-0.315046
0.503934	0.499748
3.91515	0.63976
-0.734533	0.151353
-0.886625	-0.950957
0.362706	0.509937
0.764664	0.521619
-0.40862	0.00647546
-0.832306	-0.687451
0.384433	0.416501
0.66689	0.255291
-0.973535	-0.511865
2.17695	0.619167
-0.886625	-0.510652
-0.289119	-0.190501
-0.680214	0.338692
-0.647623	-0.688545
-1.00613	-0.29397
0.243204	-0.413368
-0.473803	-0.890963
-0.49553	-0.67767
-0.962671	-0.50346
-0.039253	-0.121807
0.145431	-0.198459
-0.00666181	0.166
-0.810579	-0.264361
0.210613	0.437265
-0.647623	0.554871
-0.886625	0.0548378
1.70981	0.209039
-0.84317	-1.24387
-0.940944	-0.208233
0.482207	0.270862
-0.995263	-0.0206387
0.677754	0.172762
-0.897489	-0.0702065
-0.712805	-0.534144
-0.636759	0.213676
-0.571577	-0.0695521
-0.506394	-0.232317
-0.951808	-0.358572
0.449616	0.32999
-0.962671	-0.602821
1.39476	0.146112
-0.223937	-0.0584086
-0.767124	0.226955
-0.2348	-0.0171991
-0.658487	0.22057
-0.691078	0.258914
1.87277	0.0028954
0.938484	0.358213
-0.441212	0.162033
-0.430348	-0.866803
-0.00666181	0.420498
0.00420194	0.395464
-0.691078	-0.756248
-0.93008	-0.468213
-0.528122	0.261912
-0.419484	0.349276
0.178022	-0.473773
-0.191345	0.601245
-0.66935	-0.0747826
1.56858	0.147761
4.02379	0.891862
-0.701941	0.531833
0.590844	0.243688
0.732073	0.524641
-0.397757	-0.0098034
-0.104436	0.488686
-0.680214	-0.399915
2.28559	0.403444
-0.864898	0.06452
-0.658487	0.105233
-0.430348	0.240091
2.43768	-0.219186
-0.343438	-0.182549
1.7424	0.624715
2.57891	-0.0186879
-0.376029	0.342474
1.91622	0.301375
-0.66935	-0.348111
-0.734533	-0.378415
-1.00613	-0.578112
-0.332574	0.652057
0.721209	0.255066
-0.104436	0.0775186
0.340978	0.17508
-0.0283893	-0.868249
-0.745396	-0.812795
-0.343438	-0.266899
0.49307	-0.546045
-0.951808	-0.597306
0.601708	0.338987
-0.267392	-0.153508
0.797255	0.4282
0.0476569	0.251884
-0.701941	0.423248
0.0367932	0.508054
0.0367932	-0.498193
-0.517258	-0.107053
-0.821443	-0.0691897
-0.919216	-0.899557
-0.0175256	0.569757
-0.32171	-0.17425
-0.93008	-0.722515
0.0693844	0.117777
-0.528122	-0.225869
-0.213073	0.043218
-0.082708	0.402014
0.275796	0.703071
-0.723669	0.330155
0.829847	-0.000253606
0.482207	0.606775
2.38336	0.593552
-0.419484	0.251468
0.818983	0.476544
-0.962671	-0.378657
-0.191345	0.432511
-0.647623	-0.341674
-0.267392	0.538324
-0.310847	-0.23624
0.992803	0.286134
0.536525	0.591268
-0.962671	-0.61388
-0.951808	-0.902017
1.78586	0.41598
-0.854034	-0.337574
-0.854034	0.306481
0.634299	0.56223
-0.745396	0.0725119
2.80705	0.776823
3.41542	0.482105
-0.625895	-0.368876
-0.0283893	0.104653
-0.604168	0.267097
-0.58244	0.0978251
-0.126163	0.270663
-0.984399	-0.335465
-0.213073	0.141911
-0.473803	-0.321044
1.39476	0.299019
0.732073	0.532554
-0.767124	0.164883
-0.973535	-0.126674
0.710345	-0.38042
-0.940944	-0.575429
0.66689	0.167883
-0.115299	0.0303942
-0.854034	-1.58023
-0.245664	0.335494
-0.506394	-0.472342
-0.14789	0.0357411
0.981939	0.169257
-0.0283893	0.268064
-0.528122	-0.356422
-0.777988	-0.331309
-0.604168	0.443422
-0.169618	0.39236
1.49254	-0.243954
-0.343438	0.280501
-0.875761	-0.621254
-0.680214	-0.832279
-0.593304	0.454385
-0.484667	0.0317683
-0.40862	0.518732
-0.973535	-0.0438591
-0.452075	0.108258
0.0911119	0.155175
-0.962671	-0.410088
-0.897489	0.377888
-0.712805	0.0205321
-0.299983	0.365804
-0.625895	0.46132
0.351842	-0.381524
0.395297	-0.0106854
0.384433	-0.0627341
-0.158754	0.325433
1.65549	0.0614684
-0.940944	0.191931
1.07971	0.553059
1.47081	0.269906
-0.310847	0.384657
-0.115299	-1.97578
0.471343	-0.0517917
-1.00613	0.439275
1.49254	0.0687779
-0.897489	-0.463299
0.254068	0.294272
-0.419484	0.0810916
0.547389	0.562403
-0.66935	-0.274361
-0.647623	0.623325
-0.658487	0.23184
0.145431	0.209014
-0.886625	-0.144326
-0.875761	-0.125863
-0.506394	-1.02902
-0.723669	-0.644759
-0.0718443	0.156737
0.971075	0.377123
-0.441212	0.372843
2.26386	0.352075
-0.223937	0.314459
-0.082708	0.233931
-0.821443	-0.117713
-0.2348	0.530304
-0.951808	-0.453752
0.406161	-0.171717
-0.202209	-0.230107
-0.701941	-0.190604
-0.951808	-0.281983
-0.940944	0.133483
-0.386893	0.498207
-0.973535	0.227074
0.92762	-0.137406
0.264932	0.205927
-0.039253	0.41366
-0.984399	-0.826477
-0.40862	0.435442
0.699482	0.375201
-0.919216	-1.78123
-0.104436	-0.639377
-0.940944	-0.23035
0.84071	0.824401
-0.376029	-0.738898
0.699482	0.0509331
1.17749	-0.618152
-0.940944	-0.61003
-0.647623	-0.278863
1.57945	0.298457
0.612572	-0.0521473
-0.636759	-0.359727
-0.940944	-0.532968
0.482207	0.542134
2.55718	0.437528
-0.104436	0.26532
-0.267392	0.195825
-0.452075	-0.394462
-0.93008	-0.794379
-0.995263	-1.14555
-0.180482	0.675166
-0.0609805	0.0019103
-0.734533	-0.0460526
-0.039253	0.680508
-0.0175256	-0.0763004
1.06885	0.485436
-0.625895	-0.920135
-0.832306	-0.261235
0.00420194	0.277432
0.57998	0.166123
0.0693844	0.445187
-0.962671	-0.68078
-0.995263	0.0329039
0.916757	0.766249
-0.441212	-0.690966
0.884165	0.855565
-0.777988	-0.107687
-0.767124	0.0697008
-0.658487	0.0423022
-0.137027	-0.642724
-0.376029	-0.327398
-0.299983	0.502811
-0.571577	-0.993549
0.210613	0.269773
-0.93008	-0.226051
-0.745396	0.306805
-0.908353	-0.674429
-0.00666181	-0.179974
-0.810579	-0.881201
0.0911119	-1.13328
-0.897489	-0.0888816
-0.951808	-0.160849
-0.647623	-0.445251
-0.951808	0.0422011
1.92708	0.581695
-0.973535	-0.376371
-0.245664	-0.266551
0.449616	0.411841
-0.908353	-0.524757
-0.864898	0.311869
1.77499	0.364202
0.243204	0.121311
-0.571577	-0.0913808
3.74133	0.411186
1.57945	-0.368412
-0.854034	0.348897
-0.951808	0.170564
3.06778	0.267094
-0.864898	-0.78663
1.54685	0.48237
-0.908353	0.138758
-0.14789	0.120169
-0.441212	0.393858
2.01399	0.287573
-0.951808	-0.813739
0.601708	0.216505
-0.0609805	0.467532
-0.462939	-0.407873
0.84071	0.322734
0.340978	-0.0988433
0.340978	-0.130641
-0.864898	-0.531978
0.0476569	-0.656035
-0.528122	0.366247
-0.32171	0.411233
1.51426	0.0495325
-0.940944	0.209771
0.406161	-0.159489
-0.462939	0.0982607
-0.571577	0.37775
2.48114	0.464923
0.971075	0.417364
-0.267392	-0.102273
-0.66935	0.305082
-0.799715	-0.182061
0.66689	0.146785
0.0911119	-0.754294
-0.528122	0.0881659
-0.788851	0.435093
-0.973535	0.0337063
-0.875761	-0.241243
2.15522	0.0563811
-0.0718443	-0.0782083
0.514798	0.477653
-0.593304	-0.282709
0.156294	-0.582316
0.188886	-0.335229
-0.854034	0.0218792
-0.777988	-0.970328
-0.137027	0.465592
-0.604168	0.405984
-0.984399	-0.493542
-0.245664	0.256799
0.156294	-0.132
-0.723669	-0.427773
0.254068	-0.0755177
-0.441212	0.360373
-0.84317	-0.595752
0.00420194	0.427781
-0.712805	-1.11792
-0.940944	0.043098
0.0476569	0.316996
-0.00666181	0.381985
-0.441212	0.197337
-0.223937	0.206521
-0.962671	-0.222157
-0.0283893	0.62796
-0.538985	0.418848
-0.528122	0.0045062
-0.397757	0.102692
2.92655	0.585307
-0.158754	0.387666
-0.810579	-0.11489
3.46974	0.0928115
-0.701941	-1.24588
-1.01699	-0.684063
-0.137027	0.535158
0.221477	-0.489992
0.00420194	-0.557678
-0.897489	-0.251345
-0.680214	-0.668997
1.90536	0.328172
-0.169618	-0.0822027
0.145431	-0.060692
-0.462939	0.151139
1.89449	0.145737
0.167158	0.0463866
1.27526	0.20098
-0.484667	0.230327
-0.691078	0.328024
-0.32171	0.459764
-0.951808	-0.145053
0.221477	0.559778
-0.799715	-1.14572
-0.75626	-1.23258
-0.289119	0.399195
-0.854034	0.115135
-0.75626	-0.680496
2.492	0.549805
1.80758	-0.14737
-0.0283893	0.4362
-0.712805	-0.398824
-0.169618	0.164324
4.64302	0.37924
0.243204	-0.202289
2.74187	0.490722
-0.441212	-0.160222
1.18835	0.196695
0.254068	0.522126
-0.625895	-0.166503
-0.810579	-0.640648
0.178022	0.260833
-0.777988	-1.06474
-0.93008	-0.522492
0.634299	0.0522972
1.73154	0.308266
-0.940944	-0.839104
-0.984399	-0.271645
-0.973535	-0.983991
-0.875761	-0.391631
1.54685	0.688276
-0.593304	0.456655
1.70981	0.202607
-0.908353	0.0213902
-0.940944	-0.232
0.514798	0.161214
-0.104436	0.238744
4.05638	0.106647
-0.854034	-0.00368598
1.15576	0.714621
-0.0935718	-0.300189
-0.32171	0.475742
1.47081	-0.655307
1.47081	0.44205
-0.484667	0.0571908
-0.538985	-0.843263
0.167158	0.084546
-0.549849	-0.62022
0.178022	-0.0215772
0.199749	-0.0492004
-0.49553	-0.235761
-0.864898	-0.390088
-0.473803	0.162099
-0.832306	-0.512552
0.308387	-0.236332
0.178022	0.515187
-0.962671	-0.203514
-0.691078	0.238833
-0.2348	-0.410196
-0.973535	-0.778866
-0.973535	-0.968256
-0.528122	-0.631593
-0.701941	-0.735862
0.862438	0.320656
-0.0609805	-0.0368824
-0.517258	0.0176995
-0.615032	-0.0351601
0.221477	0.449357
-0.864898	0.115631
-0.647623	-0.0553867
1.36217	0.321928
0.0476569	0.544184
3.20901	0.439066
-0.897489	0.0460469
-0.984399	0.241804
-0.832306	-0.909258
0.460479	0.178743
-0.365165	0.461987
-0.180482	0.564058
-0.289119	0.312788
-0.571577	0.491292
-0.658487	0.405556
1.04712	0.23482
0.384433	-0.290469
-0.462939	0.0422577
0.362706	0.489466
-0.680214	-0.0165391
0.0911119	0.217844
-0.712805	-0.18112
0.188886	0.143404
0.232341	0.192655
0.427888	0.243795
-0.560713	-0.0604311
0.797255	0.414764
-0.777988	-0.164708
0.612572	-0.0192301
-0.0718443	-0.303514
-0.462939	0.198936
-0.2348	-0.321197
-0.593304	-0.273533
0.0259294	-0.379591
-0.940944	-0.580572
-0.40862	0.38557
-0.158754	0.00323738
1.1449	0.412969
-0.310847	0.0626294
0.66689	0.130495
-0.202209	0.513337
-1.01699	-0.799086
-0.767124	0.165141
-0.310847	0.381575
-0.875761	-0.531257
2.05745	0.57492
-0.701941	0.201972
-0.615032	-0.133833
-0.202209	-0.150748
-0.462939	-0.311074
0.101976	0.0957176
-0.0501168	0.0537672
0.145431	0.467824
-0.864898	0.17746
-0.810579	0.522108
2.48114	0.163358
0.0150657	0.351152
4.67561	0.506097
-0.462939	0.276926
-0.897489	-1.10996
-0.799715	-0.58652
-0.84317	0.204079
-0.777988	-0.514067
-0.419484	0.0547517
-0.180482	0.519318
0.395297	0.446157
-0.93008	-0.736235
1.01453	-0.0578446
1.55772	0.458507
4.33884	0.641971
-0.647623	-0.219486
-0.58244	-0.115224
0.308387	-0.495812
-0.40862	-0.223173
0.243204	0.337195
1.45994	0.372768
1.25353	0.297376
-0.951808	0.367809
-0.66935	-0.387255
0.167158	-0.179056
-0.2348	0.489395
-0.104436	0.114376
-0.875761	-0.781155
-0.452075	0.165601
0.0367932	0.00141005
2.27472	0.580369
-0.84317	-0.213394
-0.93008	-1.07415
-0.082708	0.249344
-0.767124	0.104841
-0.0283893	0.283607
-0.908353	-0.049392
1.29699	0.336625
-1.00613	-0.37358
2.05745	0.571386
0.395297	0.488301
-0.517258	-0.342712
-0.202209	-0.0918431
0.199749	0.155106
-0.875761	-1.00445
-0.734533	-0.0399024
-0.430348	-0.617683
-0.213073	-0.661964
0.243204	0.723068
-0.245664	0.246877
-0.299983	-0.334941
-0.615032	0.282267
0.427888	0.291107
-0.256528	-0.000293331
-0.984399	-0.344193
-0.604168	0.247905
-0.180482	-0.612179
-0.202209	-0.10552
1.19921	0.0291683
-0.517258	0.366304
0.112839	0.311631
-0.832306	0.613699
-0.701941	-0.301981
1.45994	0.423916
1.65549	0.310819
-0.549849	0.165797
-0.821443	-0.777407
3.0026	0.371319
0.395297	0.0710913
-0.528122	0.208757
-0.419484	0.201633
-0.2348	0.550323
-0.93008	-0.793757
-0.462939	-0.38206
-0.636759	0.711204
-0.430348	0.512394
-1.00613	0.0660946
-0.560713	-0.272036
1.59031	-0.184055
0.482207	0.370038
0.732073	0.265197
-0.84317	-0.266969
-0.256528	-0.169063
-0.452075	0.13645
2.02486	0.558353
-0.940944	0.200197
-0.962671	0.414027
0.427888	0.309915
-0.419484	0.272073
0.482207	0.116315
0.275796	0.159708
0.0476569	0.451603
2.63323	0.523935
0.167158	0.0463866
-0.625895	-1.47228
-0.506394	0.523509
0.612572	0.0958382
-0.647623	0.131646
0.677754	0.350009
-0.951808	-0.541407
-0.604168	0.358743
2.492	0.620413
0.645163	0.748449
-0.984399	-0.459551
0.351842	0.542939
-0.310847	-0.258453
0.286659	0.358108
0.156294	0.32589
1.69895	0.556626
-0.180482	0.169854
-0.951808	-0.560143
1.1123	-0.0754753
0.145431	-0.106006
0.471343	-0.226292
-0.951808	-0.717556
-0.354302	-0.0754676
-0.419484	0.446284
-0.40862	0.582847
0.308387	0.160461
-0.854034	-0.581056
1.10144	0.349394
1.12317	0.0535261
3.4806	0.581581
0.884165	0.0415993
-0.864898	0.404842
-0.691078	0.152015
-0.039253	0.622155
-0.202209	-0.14678
-0.984399	-0.262783
-0.245664	0.489372
0.0693844	-0.164423
-0.788851	-0.803337
-0.354302	-0.531936
2.41595	0.573935
0.395297	-0.320857
3.49146	0.352569
0.764664	0.30374
0.438752	0.677532
-0.376029	-0.105259
0.101976	0.485456
-0.723669	-1.0675
-0.799715	-0.486649
-0.560713	-0.254341
0.167158	0.55293
0.460479	0.460577
-0.962671	-0.0423395
-0.126163	0.115442
-0.973535	0.345974
-0.810579	-1.30699
0.101976	-0.165804
-0.919216	0.104423
1.02539	0.672602
-0.897489	-0.810614
-0.777988	-0.222548
-0.75626	0.000542516
0.92762	0.490075
-0.897489	-1.22824
0.00420194	0.10854
-0.788851	0.281478
0.656027	0.176158
0.0585207	0.365419
-0.810579	-0.40314
1.04712	0.363538
-0.0175256	-0.179746
0.427888	0.432795
-0.0283893	0.175602
-0.452075	-0.0999445
-0.604168	-0.42848
-0.875761	-0.831338
-0.84317	-0.32729
-0.2348	0.295136
-0.039253	0.0229908
1.73154	0.251079
0.123703	0.10963
0.112839	0.05513
-0.712805	0.387133
0.623435	0.00747118
-0.680214	0.0563556
-0.886625	0.0324788
3.07864	0.553136
-0.712805	0.125198
0.00420194	-0.651795
-0.376029	0.271801
0.851574	0.137196
0.145431	0.0263484
-0.777988	-0.0729946
-0.962671	-0.296225
-0.962671	-0.905036
-0.919216	-0.763971
2.42682	0.449404
0.916757	0.361905
-0.821443	-0.248669
1.25353	0.334931
0.460479	-0.192493
0.221477	-0.0619221
0.438752	0.273767
-0.137027	0.130424
-0.832306	-0.760177
-0.560713	-0.231082
-0.962671	-0.51461
0.460479	0.456934
-0.875761	-0.604281
0.134567	-0.232312
-0.875761	-1.00445
-0.180482	0.00655879
0.721209	0.00699514
1.1449	0.412969
0.0150657	-0.0188721
-0.137027	0.321387
-0.0718443	0.437436
-0.462939	0.437043
1.36217	0.0104581
0.0693844	-0.119023
2.31818	0.142624
0.0585207	-0.0219703
-0.625895	0.686941
-0.940944	-0.0949984
0.460479	0.573278
0.503934	0.348058
0.992803	0.766141
1.17749	0.157916
0.438752	0.313796
-0.897489	-0.910073
0.373569	0.147952
-0.256528	-0.390313
1.1123	-0.104287
-0.299983	0.265258
0.884165	0.14648
-0.289119	-0.808688
2.63323	0.494717
-0.854034	-1.60311
-0.973535	-0.231749
1.32958	0.443138
-0.386893	0.294259
-0.278255	-0.0714342
-0.365165	0.421672
1.78586	0.232891
-0.289119	-0.0308647
-0.854034	-0.959702
-0.517258	-0.564666
-0.386893	0.454518
-0.832306	-0.794026
3.16555	0.363066
-0.278255	0.211461
-0.430348	0.0276386
-0.267392	0.533435
0.688618	0.588643
-0.940944	-0.240641
-0.908353	-0.525907
-0.49553	0.236138
0.243204	-0.0898476
0.449616	0.226398
-0.0718443	0.545876
0.0911119	-0.0480614
0.319251	0.726409
0.92762	0.106919
-0.082708	-0.771569
-0.58244	-0.340009
0.905893	0.520401
-0.908353	-0.891273
-0.256528	0.0118337
-0.0609805	-0.167384
-0.93008	-0.101925
-0.506394	0.316353
-0.571577	0.349899
0.7538	0.158317
-0.832306	-0.312721
-0.799715	-0.00195303
0.623435	0.160589
-0.430348	0.239549
-0.854034	-0.650938
-0.962671	-0.203029
-0.940944	-0.6297
1.51426	0.204358
-0.854034	-0.697465
0.57998	-0.0605636
-0.104436	-0.568666
0.656027	0.296468
-0.40862	-0.0322668
-0.191345	-0.170281
-0.484667	0.503653
-1.00613	-0.499366
-0.908353	-0.0157795
-0.897489	-0.953718
0.547389	0.12707
-0.93008	-0.833464
-0.473803	0.188113
-0.767124	0.0700111
-0.278255	0.475941
1.27526	0.193219
1.25353	0.299038
0.0150657	-0.119879
-0.908353	0.0253692
-0.267392	0.309138
-0.430348	-0.53415
-0.951808	0.212922
-0.289119	-0.0454449
-0.58244	-0.891802
-0.919216	-0.538844
0.286659	0.0696297
-0.506394	0.361751
0.384433	0.805574
-0.299983	-0.385598
2.24213	0.639817
-0.734533	-0.463062
-0.658487	0.323887
0.547389	-0.0349042
-0.854034	0.304819
0.101976	0.680039
-0.875761	-1.01839
4.24106	0.167129
0.297523	0.711444
-0.267392	0.180592
0.57998	0.204801
-0.93008	-0.378535
-0.202209	-0.391292
-0.875761	-0.222329
-0.0609805	0.232038
-0.0935718	0.419112
-0.951808	-1.06348
0.460479	0.00483679
-0.745396	-1.65763
-0.854034	-0.163272
-0.66935	0.788358
-0.636759	-0.122446
-0.832306	-0.181911
-0.962671	-0.508896
0.243204	-0.0348604
-0.767124	0.00870904
-0.93008	-1.04494
3.06778	0.542656
4.33884	0.418275
-0.93008	-0.486136
-0.84317	-0.48565
-0.886625	-0.275735
1.75326	0.497025
-0.984399	-0.016985
0.66689	0.337523
2.28559	0.628854
-0.49553	-0.269389
-0.0609805	-0.446521
0.873302	0.0197659
-0.473803	0.386857
-0.00666181	0.569913
1.34044	0.78807
-0.908353	-0.22212
-0.376029	0.452365
1.03626	0.341998
-0.864898	-0.925429
-0.299983	-0.132588
-0.223937	-0.516296
0.732073	0.0310712
-0.0283893	0.44838
0.569117	-0.42485
-0.528122	0.390516
-0.897489	0.20037
0.514798	0.374432
-0.104436	-0.0351804
0.0476569	0.544184
-0.973535	-0.893042
-0.462939	-0.303903
-0.104436	-0.0731023
-0.560713	-0.842275
0.84071	-0.37358
0.330114	0.673259
-0.506394	-0.0221454
-0.332574	0.278733
-0.723669	-0.295749
-0.680214	-1.09344
0.0259294	0.41289
-0.973535	-1.39592
-0.14789	0.541415
-0.919216	-0.705781
-0.0935718	-0.282701
-0.908353	-0.863161
-0.897489	0.301072
-0.517258	-0.110707
-0.767124	0.319424
-0.137027	-0.21841
0.645163	0.507627
0.601708	0.29111
-0.58244	0.43063
-0.66935	0.194916
0.156294	0.414685
-0.158754	0.178181
1.64463	0.525066
0.210613	-0.140951
-0.658487	0.533042
-0.278255	0.0643116
-0.93008	-0.996829
0.123703	0.518095
0.438752	-0.0904985
-0.854034	-0.0661825
1.29699	0.283772
1.44908	0.485136
1.43822	0.440867
2.65496	0.316618
-0.691078	-0.0699416
1.68808	0.501485
-0.137027	0.0745074
-0.560713	-0.0572259
-0.723669	0.366327
-0.430348	0.1885
0.243204	-0.344378
1.45994	0.80843
2.89396	0.540992
-0.571577	-0.160015
0.449616	0.360266
1.1123	0.499582
-0.962671	0.0733898
-0.538985	0.379277
0.49307	0.39134
0.514798	0.255576
-0.343438	0.598304
1.82931	-0.198858
-0.213073	-0.0588003
0.232341	-0.430282
-0.082708	-0.153617
1.68808	0.544939
-0.712805	-0.694834
-0.919216	-0.872346
0.710345	0.206645
-0.973535	-0.940204
0.156294	0.333668
-0.984399	-1.12793
2.86137	0.460293
1.9814	0.37842
0.0150657	-0.0350203
-0.680214	0.657497
-1.01699	-0.188388
-0.875761	-0.831338
0.49307	0.105437
-0.886625	-0.813489
1.32958	0.241815
-0.647623	-0.149806
-0.223937	0.0760376
-0.93008	0.379609
-0.919216	0.25886
1.5034	0.152218
0.0911119	0.162205
0.0476569	0.451603
-0.962671	-0.892811
0.275796	0.263596
-0.984399	-1.20279
-0.854034	0.0797915
-0.430348	-0.076901
-0.202209	0.400755
-0.658487	0.550005
-0.984399	-0.243567
1.49254	0.658861
-0.919216	-0.541076
0.0476569	0.159067
0.330114	0.566607
-0.821443	-0.396795
0.895029	-0.00498998
-0.58244	-0.363639
2.22041	0.509511
-0.908353	-0.625536
1.69895	0.245481
-0.767124	-0.597681
0.645163	-0.217123
-0.213073	-0.0542468
-0.84317	0.253939
0.123703	-0.213548
-0.788851	0.460846
-0.32171	0.367653
-0.919216	0.183613
0.677754	0.370974
0.503934	0.203908
-0.973535	0.177717
-0.441212	-0.642567
0.0150657	0.723257
-0.919216	0.0911877
1.32958	0.267165
-0.289119	-0.683535
0.362706	-0.217393
-0.0718443	0.447588
0.0693844	0.0347103
-0.14789	0.249252
0.101976	-0.113306
-0.940944	-0.860018
-0.441212	-0.811126
-0.126163	0.59256
-0.202209	-0.150748
-0.886625	-0.928323
2.53545	0.480283
0.319251	0.305622
-0.788851	-0.301628
-0.49553	-0.281802
-0.973535	-0.533839
0.808119	0.239628
-0.441212	0.118598
3.20901	0.857852
-0.191345	0.624522
0.786392	0.321432
-0.984399	-0.520154
0.471343	0.329521
0.384433	-0.181501
-0.777988	-0.040216
0.460479	-0.257612
0.221477	0.127051
-0.875761	-0.778716
-0.289119	0.0985233
0.590844	-0.053082
0.101976	0.243581
-0.854034	0.272569
0.482207	0.079558
-0.0935718	0.437823
-0.962671	-0.411636
-0.84317	-0.0567329
-0.58244	-0.392629
0.210613	0.29835
-0.0935718	0.323995
-0.549849	0.472572
-0.75626	-0.362696
-0.180482	0.654198
-0.897489	-1.13808
-0.875761	-0.49245
2.11177	0.447067
0.536525	-0.148768
2.38336	0.287517
-0.767124	-0.330197
-0.897489	-0.28293
1.61204	0.632611
-0.864898	-0.265872
-0.832306	-0.465868
2.20954	0.371559
-0.365165	0.263805
-0.734533	0.194758
-0.875761	-0.761655
-1.00613	0.0364136
-0.810579	0.0870756
0.677754	0.247508
-0.604168	0.468679
2.09004	0.604717
-0.354302	-0.230752
-0.864898	-1.67754
0.362706	0.25649
-0.343438	0.474202
-0.701941	-0.593186
-0.886625	0.021963
0.449616	0.291113
-0.723669	0.0403845
-0.625895	-0.113286
0.84071	0.171283
-0.484667	-0.0952474
1.72067	0.32563
-0.75626	0.098916
-0.213073	0.400273
0.319251	0.638446
0.297523	0.512338
-0.49553	-0.638745
-0.658487	0.208458
0.0476569	-0.0627522
-0.386893	-0.468535
-0.908353	-0.654386
-0.0935718	0.525961
2.731	0.543881
-0.549849	0.111026
0.145431	-0.586214
-0.604168	0.419867
-0.973535	-0.196924
-0.082708	-0.183872
2.62236	0.530903
-0.604168	-0.705525
-0.625895	-0.588724
1.90536	0.358057
-0.223937	0.267227
0.482207	0.631041
-0.691078	-0.88876
-0.191345	0.808991
-0.875761	-0.480097
-0.951808	-0.128018
2.05745	0.723828
-0.441212	-0.101287
-0.864898	0.0748963
0.873302	0.402966
1.77499	0.393793
-0.908353	-0.437286
0.688618	0.38407
0.167158	0.451928
0.0476569	0.0424884
-0.593304	0.408319
0.0476569	0.270773
-0.169618	-0.550902
0.590844	0.157982
-0.386893	-0.386204
-0.538985	-0.624937
-0.701941	-0.146891
-1.02785	-0.943824
-0.484667	0.411902
-0.799715	0.0182695
-0.2348	0.275272
0.123703	0.630908
1.2644	0.256568
0.677754	0.285756
-0.256528	0.482169
-0.940944	-0.508184
0.525662	0.138814
0.514798	0.507959
1.59031	0.314563
-0.93008	0.188523
-0.919216	-0.752589
-0.701941	0.332368
-0.897489	-0.184471
0.0911119	0.717755
-0.777988	0.0720343
1.81845	0.419663
-0.940944	-0.747543
-0.549849	-0.984026
0.873302	0.72047
0.84071	0.0550097
-0.604168	-0.707559
-0.919216	-0.539057
-0.962671	0.119231
-0.549849	0.0529858
-0.799715	0.029651
-0.0501168	0.517297
-0.821443	-0.392266
-0.202209	0.125685
0.112839	-0.601313
1.06885	0.234983
-0.691078	0.244016
1.44908	0.232873
-0.93008	-1.42882
-0.310847	-0.463139
-0.745396	0.324547
-0.767124	-0.459499
-0.462939	0.264948
-0.528122	0.400578
-0.973535	-0.0294752
-0.897489	-1.26377
-0.528122	0.255696
0.471343	-0.168853
-0.0718443	0.0263093
-0.0609805	0.306558
0.286659	0.618861
-0.75626	-0.789002
-0.712805	0.595569
-0.462939	0.032866
2.68755	0.216897
-0.528122	0.208757
4.7082	0.616955
-1.02785	-1.18498
0.145431	0.261417
-0.430348	-0.277699
-0.169618	-0.125745
-0.897489	-1.15205
0.0802482	0.0996292
0.395297	0.0619797
-0.549849	0.265198
-0.875761	-0.233433
-0.647623	0.623325
-0.832306	0.52249
-0.593304	-0.126845
-0.441212	0.419885
0.264932	-0.0323078
-0.625895	-0.564293
-0.126163	0.540771
0.92762	0.223809
-0.506394	0.182396
0.221477	0.413927
1.93795	-0.127671
1.65549	0.137555
0.884165	0.427855
2.23127	0.68337
0.0476569	0.482327
-0.75626	-0.202893
0.0585207	-0.497315
-0.745396	0.55608
1.40563	0.343466
-0.126163	0.507449
-0.777988	0.0380573
0.721209	0.789575
-0.951808	0.0901608
0.0367932	0.589092
1.69895	0.104752
-0.343438	-0.178137
-0.473803	0.218472
0.710345	-0.110966
0.0150657	-0.176757
-0.940944	-0.213997
1.28612	0.0922945
1.7424	0.556959
-0.310847	-0.135451
-0.549849	0.111026
4.29538	0.637896
0.482207	0.22901
-0.354302	-0.19513
1.3839	0.30615
2.1335	0.247593
-0.32171	0.303307
1.13403	0.651477
1.70981	0.249941
-0.897489	-0.804729
-0.788851	0.123649
-0.310847	0.0488081
-0.832306	-0.104867
-0.788851	-0.512036
0.873302	0.563276
0.188886	0.103253
-0.995263	-0.66125
-0.854034	-0.379279
-0.528122	0.381267
-0.604168	0.566057
0.721209	-0.100814
-0.799715	-0.46502
-0.267392	0.195825
-0.549849	-0.345967
0.536525	0.702549
-0.734533	-1.03243
-0.940944	-0.0853177
1.28612	0.404496
0.938484	-0.0134101
-0.864898	0.0748963
-0.310847	0.251446
-0.984399	-0.539793
-0.14789	-0.0322511
0.297523	0.523746
-0.691078	0.503538
1.28612	0.386921
-0.137027	0.269698
0.112839	0.433905
1.94881	0.430831
-0.180482	0.296072
2.39423	0.412797
-0.680214	-0.54972
-0.180482	-0.642103
-0.343438	-0.138704
-0.788851	0.104749
-0.66935	0.207919
-0.810579	-1.16178
0.188886	-0.18319
0.0911119	0.175059
-0.202209	-0.0963589
-0.691078	-0.88876
1.19921	-0.370368
-0.658487	0.409685
0.275796	0.352381
-0.767124	-0.453648
0.525662	-0.513972
-0.984399	-0.297079
-0.777988	-0.515797
-0.897489	-0.492481
-0.832306	-0.951723
0.482207	0.425692
-0.386893	-0.0637713
-0.84317	-0.447329
-0.799715	0.28459
-0.256528	-0.267975
-0.267392	0.515142
-0.0609805	-0.518768
0.699482	0.455392
-0.365165	0.201667
0.786392	0.499066
-0.93008	-1.13393
-0.962671	0.396513
-0.658487	-0.151343
-0.919216	-0.120493
-0.615032	-0.493934
0.471343	0.437168
1.64463	0.33827
0.514798	0.507959
-0.0935718	0.444144
-0.462939	-0.742076
-0.777988	-0.487796
-0.462939	-0.0335587
0.384433	0.601498
-0.66935	-0.0747826
-0.984399	0.140048
0.797255	0.306668
-0.104436	0.460736
-0.506394	-0.0221454
0.449616	-0.249385
-0.0501168	-0.366535
0.503934	0.434516
-0.919216	-1.17404
2.38336	0.52077
-0.604168	0.142142
-0.84317	-0.952726
8.10856	0.558441
-0.462939	0.445126
-0.897489	-0.246846
0.0693844	0.215582
-0.0175256	0.383132
-0.680214	-0.308353
-0.680214	-0.118688
-0.84317	0.0845774
-0.191345	-0.211435
2.88309	0.372781
-0.777988	-0.887655
-0.0609805	-0.0783063
-0.940944	-1.23604
-0.397757	-0.284186
-0.973535	0.105235
-0.115299	0.225901
-0.40862	0.298178
-0.995263	0.0146987
1.1123	0.306817
1.8619	0.243783
-0.191345	0.238249
0.123703	-0.126534
2.33991	0.393888
-0.864898	-0.416243
-0.571577	0.432956
-0.376029	0.587044
1.05799	0.278555
0.210613	0.0173372
-0.0935718	0.576176
0.112839	0.285
-0.854034	0.104293
-0.310847	0.147779
0.0150657	0.0869202
-0.223937	0.381935
2.45941	0.321405
-0.0175256	0.402863
-0.984399	-0.733172
0.395297	0.485646
-0.386893	-0.0806838
-0.973535	-0.0426864
-0.777988	-0.424389
-0.93008	0.0233991
-0.528122	0.0901027
0.438752	-0.264305
0.471343	0.194415
-0.137027	0.470679
-0.951808	-0.436989
-0.0609805	0.363949
-0.104436	-0.753827
-0.365165	0.0518796
-0.517258	0.321886
-0.864898	-1.57786
1.02539	0.563537
0.612572	0.515567
-0.0935718	0.302894
-0.452075	0.461917
0.264932	0.12007
-0.66935	0.309895
0.167158	0.136599
-0.875761	-0.728029
0.57998	0.459392
-0.462939	0.0201292
-0.354302	-0.0122274
-0.854034	-0.279799
-0.376029	-0.175727
-0.202209	-0.160214
-0.636759	-0.86149
-0.419484	-0.239091
-0.854034	-1.06887
-0.0175256	0.38108
-0.0935718	0.187193
-0.14789	0.389288
-0.256528	0.496277
1.32958	0.443138
1.65549	0.0994346
-0.908353	-0.383087
-0.897489	-0.744132
-0.397757	-0.0406746
0.732073	0.614425
1.13403	0.114529
-0.84317	0.459002
-0.40862	0.462386
0.362706	-0.387096
-0.169618	0.441097
0.0585207	-0.977518
-0.202209	0.738923
-0.386893	0.196573
-0.864898	0.311869
1.2644	0.357505
0.351842	0.285003
0.775528	0.409792
-0.419484	-0.931519
0.66689	-0.151714
-0.441212	0.445895
-0.0718443	-0.209338
0.471343	0.447402
-0.93008	-0.525263
0.351842	0.405773
0.0476569	-0.258181
-0.864898	-0.0891528
0.417024	-0.18338
-0.538985	0.0391467
-0.484667	-0.353399
-0.0609805	0.394949
-0.202209	0.273567
-0.14789	0.524166
2.32904	0.654894
0.971075	-0.160266
-0.560713	-0.986207
-0.886625	-0.297539
-0.191345	0.39943
-0.625895	0.189625
1.04712	0.217214
-0.647623	-0.497448
-0.647623	0.287116
2.06831	-0.000319577
1.18835	-0.0148659
-0.0609805	-0.496099
1.13403	0.492671
1.48167	0.48544
-0.528122	-0.178623
-0.810579	-0.984749
-0.875761	-0.0415922
-0.332574	-0.276754
-0.919216	-0.407128
1.39476	0.259036
-0.864898	-0.954181
-0.93008	-0.642627
1.72067	0.246329
-0.984399	0.339619
-0.58244	0.279909
-0.419484	0.489242
-0.66935	0.54046
-0.0283893	-0.00256591
-0.604168	0.137194
0.232341	0.235288
-0.66935	-0.387124
-0.962671	-0.648024
-0.951808	-0.724426
-0.560713	-0.842275
-0.571577	0.0926982
0.547389	0.109105
0.0150657	0.147761
0.0585207	0.475544
-0.202209	0.0930522
-0.2348	-0.446295
0.417024	0.0506981
0.601708	0.170569
-0.658487	-0.545812
-0.58244	0.00623985
2.63323	0.111647
-0.137027	0.408582
-0.0609805	0.396594
-0.0935718	0.514972
-0.310847	-0.280633
-0.93008	0.397081
0.764664	-0.0969911
0.112839	0.487924
0.688618	0.432975
-0.14789	-0.486571
3.68701	0.736347
0.275796	0.377907
0.319251	-0.0531171
-0.984399	-0.369189
0.992803	0.0992846
-0.647623	-0.152032
0.623435	0.665516
0.66689	0.336705
-0.940944	-0.651626
-0.538985	-0.28762
0.0367932	0.0972597
0.362706	0.412143
0.308387	0.239332
-0.462939	-0.282392
0.960212	-0.247157
4.64302	-0.0737694
-0.571577	-0.119943
-0.680214	0.002835
-0.625895	0.298898
1.79672	0.57058
0.558253	0.19256
-0.897489	-0.42022
1.13403	0.272982
-0.84317	-0.0336468
1.21008	-0.13459
-0.821443	-0.907792
0.547389	0.439646
-0.58244	-0.354088
0.601708	0.664525
-0.723669	-0.55545
-0.864898	-0.695155
0.612572	-0.0589886
-0.832306	-0.309286
-0.973535	-0.622675
0.0150657	0.475106
-0.560713	-0.177016
-0.256528	-0.740116
-0.223937	-0.033795
-1.01699	0.0314057
2.1009	0.497913
0.0150657	0.445255
-0.962671	0.060281
-0.473803	0.270745
-0.538985	-0.487252
0.460479	0.240787
2.44854	0.601932
-0.908353	-0.997911
0.0802482	-0.681854
-0.788851	-0.688843
1.69895	0.432591
0.0911119	0.420317
1.97054	0.464171
-0.984399	-0.412104
-0.332574	-0.0844936
-0.517258	0.294101
0.243204	-0.232622
-0.0283893	-0.292859
-0.484667	0.434361
-0.940944	-0.573352
1.88363	0.209804
-0.919216	-0.0700177
-0.962671	-0.792022
-0.32171	-0.164006
-1.03872	0.287594
-0.0609805	0.268291
-0.897489	-0.386267
-0.973535	0.218689
-0.832306	-0.171914
1.03626	0.51701
-0.680214	-0.566569
-0.376029	0.0309235
-0.0718443	-0.32881
0.232341	0.512875
-0.386893	0.474486
-0.625895	-0.102298
-0.0718443	-0.0927888
-0.49553	-0.281802
-0.202209	0.26556
0.330114	0.0498491
-0.0609805	0.268291
2.24213	0.361452
-0.517258	-0.24095
-0.777988	0.0649212
0.449616	0.274159
-0.962671	-0.824415
-0.310847	-0.733333
-0.278255	0.29601
2.1335	0.401233
1.00367	0.45124
-0.712805	0.55265
-1.03872	-0.509128
-0.767124	-0.702641
-0.419484	-0.312172
-0.897489	-0.539538
1.23181	0.465346
-0.691078	-0.0627148
-0.832306	-0.511077
-0.701941	-0.728592
0.319251	0.165082
0.145431	0.468451
0.905893	0.192374
0.0693844	0.305944
-0.484667	0.301282
-0.40862	0.124718
-0.32171	-0.0415861
-0.984399	-0.530266
0.514798	-0.253026
-0.886625	-0.548691
-0.886625	-0.337282
0.384433	0.171441
-0.777988	0.387407
-0.864898	-0.410635
0.178022	0.154414
-0.940944	-0.42804
0.66689	0.42932
-0.886625	0.419758
2.60064	0.388495
0.351842	0.606507
0.112839	0.362783
1.29699	0.446937
-0.951808	-1.12876
0.438752	0.513666
1.92708	0.638394
-0.191345	0.228441
-0.691078	-1.16612
1.03626	0.278203
-1.00613	-0.37358
0.112839	-0.577213
-0.191345	0.260462
-0.0718443	0.0519951
1.99227	0.194834
0.0476569	0.531395
-0.951808	-0.306614
-0.93008	-0.911325
-0.723669	-0.554313
-0.267392	0.0377895
1.03626	0.177281
-0.701941	0.135571
-0.821443	0.218455
-0.788851	-0.541803
0.960212	0.469569
-0.854034	-0.427852
-0.169618	0.560465
-0.0283893	0.214541
-0.973535	-0.0928864
0.167158	0.534648
0.971075	0.580585
-0.289119	-0.808688
0.308387	0.20077
0.0693844	0.0258681
-0.940944	-1.04172
-0.289119	0.27037
-0.680214	0.167342
4.39316	0.39131
-0.745396	0.174525
0.677754	0.276191
-0.854034	-0.276527
1.03626	0.399821
1.73154	0.762476
2.02486	0.573337
2.36163	0.633297
-0.897489	-0.426656
-0.777988	0.128674
-0.0175256	-0.0471319
1.34044	0.563969
-0.919216	-0.788446
-0.799715	-0.0374344
-0.701941	-0.142922
1.32958	0.182769
0.188886	0.415502
-0.32171	0.51465
0.112839	0.362783
0.264932	0.503363
-0.571577	0.51105
0.101976	0.604305
0.0585207	0.315504
1.12317	0.0285096
-0.680214	0.461245
2.253	0.535989
0.449616	-0.106435
-0.462939	0.107541
-0.788851	0.11972
-0.908353	0.0900342
-0.962671	-0.627568
-0.49553	-0.335327
-0.973535	-0.328545
-0.962671	-1.43902
-0.2348	0.433811
-0.962671	-0.036883
-0.625895	0.317532
3.05691	0.560259
0.188886	0.474993
-0.93008	0.101577
0.971075	0.51925
-0.506394	-0.191153
2.15522	0.261978
0.612572	-0.00206684
-0.452075	0.468687
-0.0609805	0.213248
-0.2348	0.426806
0.558253	-0.279369
-0.940944	-1.39756
-0.49553	0.383674
2.00313	0.171312
-0.984399	-0.695137
-0.777988	-1.19287
0.145431	0.457444
-0.299983	-0.142224
-1.00613	-0.392007
-0.365165	-0.827408
0.395297	0.32525
2.65496	0.555622
-0.560713	0.241148
-0.213073	0.328742
-0.951808	0.0879391
3.3611	0.712007
3.11123	0.241715
-0.821443	-1.10795
-0.32171	-0.0415861
-0.984399	-0.530468
0.340978	0.296778
-0.082708	0.42676
-0.462939	-0.127917
-0.0718443	-0.439098
-0.256528	0.607186
-0.528122	0.305589
-0.810579	-0.263794
0.732073	-0.084772
-0.202209	0.315254
-0.506394	0.219931
0.297523	0.257953
0.00420194	-0.124385
1.12317	0.367246
1.32958	0.637996
-0.854034	-0.337056
-1.02785	-0.335333
0.536525	0.507067
0.199749	-0.0461296
0.742937	0.0577607
-0.984399	0.104184
-0.354302	-0.465848
-0.0935718	0.276207
-0.864898	0.145115
-0.701941	0.661219
0.254068	0.304274
-0.66935	0.320054
-0.365165	-0.213485
0.417024	-0.0272274
0.297523	-0.0782532
-0.419484	0.250261
-0.940944	-1.06057
1.24267	-0.141546
-0.821443	-0.28352
-0.799715	0.42508
0.829847	0.448408
-0.0935718	0.475258
-0.940944	-1.09029
-0.875761	-0.328235
0.101976	0.219259
3.10037	0.424181
-0.908353	0.177431
-0.897489	-0.23119
0.677754	0.285756
-0.745396	-0.00689859
1.02539	0.373388
0.0585207	-0.491077
-0.93008	0.171167
-0.538985	0.408205
3.9912	0.354936
-0.039253	0.116255
-0.180482	0.103782
-0.0501168	0.42446
-0.549849	-0.560486
-0.386893	0.417607
0.449616	-0.166743
0.319251	0.239651
-0.908353	-0.785645
-0.180482	0.119815
-0.452075	-0.193919
-0.951808	0.367809
-0.365165	-0.197547
-0.951808	-0.715941
0.373569	-0.389997
-0.223937	0.591522
0.721209	0.398926
-0.962671	-1.19291
-0.517258	0.503949
-0.560713	-0.204559
-0.745396	-0.621917
-0.940944	-1.00794
-0.278255	0.263173
0.340978	0.0712767
-0.00666181	0.172598
-0.14789	0.436327
1.05799	0.595143
-0.441212	0.0143178
0.938484	0.498924
0.0367932	0.273494
-1.00613	0.185337
-0.93008	0.0738107
1.12317	0.371576
0.547389	0.439646
-0.354302	0.139227
-0.93008	-0.229732
-0.256528	0.2693
1.07971	0.594613
0.916757	0.238466
-0.984399	-0.776601
0.00420194	0.507908
-0.908353	-0.930067
0.101976	0.192319
-0.625895	-0.0716051
1.00367	0.30045
2.03572	0.55612
-0.908353	-0.0798532
-0.84317	-0.465165
1.84017	0.25814
-0.66935	-0.312511
-0.973535	0.351815
-0.625895	-0.615875
0.0802482	0.199941
-0.636759	-0.298013
1.21008	0.221393
1.32958	0.535243
0.634299	0.395709
-0.897489	-0.658689
-0.962671	-0.620238
-1.04958	0.0436906
-0.625895	0.538897
-0.745396	0.0725119
-0.58244	0.231193
-0.245664	0.168946
-0.940944	0.276787
-0.310847	0.433831
1.24267	0.303209
-0.528122	0.300242
-0.278255	0.382408
1.05799	0.0750258
-0.517258	0.29413
0.232341	0.0035941
-0.821443	-0.647018
0.210613	0.230508
2.27472	0.55641
0.221477	0.136715
0.243204	0.166443
-0.00666181	0.377103
0.981939	0.428078
-0.625895	-0.260134
-0.615032	-0.30469
-0.299983	-0.0136198
-0.593304	-0.0932219
-0.788851	0.354433
1.90536	0.596024
1.60117	0.607076
-0.14789	0.380221
0.775528	0.595642
2.18781	0.668826
2.01399	0.71381
-0.854034	-0.531833
2.03572	0.389393
-0.886625	-0.729989
2.20954	0.447127
0.471343	0.266032
0.167158	-0.110696
0.536525	0.591268
0.895029	0.151886
-0.810579	-0.525533
-0.462939	0.392882
1.78586	0.426361
-0.908353	-0.622739
-0.560713	0.368011
-0.039253	0.38603
0.427888	0.012453
0.0259294	0.37833
-0.560713	0.53589
-0.430348	0.239549
0.732073	0.436422
0.536525	-0.183234
-0.810579	0.0658694
-0.32171	0.347481
-0.0609805	0.125867
-1.00613	-0.0740721
-0.158754	-0.44459
-0.854034	-0.644341
-0.745396	0.128551
-0.93008	-0.0494261
0.254068	-0.349827
0.699482	0.375201
-0.0609805	0.205093
3.40455	0.269745
-0.832306	-0.615838
-0.289119	0.574142
0.308387	0.0264159
-0.32171	0.210118
0.960212	0.338958
0.123703	0.630908
-0.452075	0.186586
-0.940944	-0.318625
2.39423	0.54393
4.19761	0.786513
-0.908353	-0.350867
-0.767124	0.352624
0.742937	0.575361
1.32958	0.583616
-0.799715	-0.280708
0.373569	0.298203
-0.919216	-0.732346
1.77499	0.459274
-0.647623	0.376785
-0.886625	-0.231307
-0.723669	-0.115198
0.0693844	-0.471212
0.123703	0.376712
1.21008	0.0295965
-0.571577	-0.728729
-0.560713	0.49938
0.558253	0.26188
0.895029	0.0695381
-0.473803	0.0508066
-0.289119	-0.814221
-0.691078	0.122169
-0.93008	-0.157229
-0.0935718	0.00358048
-0.462939	0.0492168
0.862438	-0.214672
-0.299983	0.0673818
3.9912	0.639494
-0.821443	-0.746155
0.0259294	0.244013
0.167158	-0.237149
1.44908	0.471178
-0.386893	0.381662
-0.604168	-0.36679
-0.452075	0.176719
0.558253	0.661607
-0.376029	0.370263
0.623435	-0.281702
-0.289119	-0.378816
-0.75626	-0.842475
-0.223937	0.332372
-0.701941	-0.471063
-0.962671	0.0779574
2.38336	0.685685
-0.528122	-0.069276
-0.799715	-0.37451
4.09983	0.458011
-0.973535	-0.180017
1.21008	0.221393
-0.484667	0.0629633
-0.995263	-0.8847
-0.908353	-0.373357
1.48167	0.467419
-0.256528	0.377231
-0.93008	-0.382713
-0.115299	-0.0318428
-0.0175256	0.5399
-0.788851	-0.0449733
-0.919216	-0.647332
-0.777988	0.295276
-0.40862	-0.0614824
-0.00666181	0.180198
-0.126163	-0.139351
-0.397757	-0.000915481
0.319251	0.237327
-0.810579	0.0818658
0.829847	0.047822
-0.919216	-0.625876
-0.658487	-0.342913
-0.0501168	0.0328753
-0.593304	0.227115
0.395297	0.503829
0.264932	0.12007
-0.538985	-0.754267
-0.788851	-0.506133
-0.886625	-0.244763
0.406161	-1.05851
0.395297	0.503829
0.264932	0.503363
-0.940944	-0.226805
-0.886625	-1.0355
-0.908353	-0.0382447
-1.02785	0.370137
0.297523	-0.331948
-0.908353	-1.36203
-0.00666181	0.492885
1.48167	0.569426
-0.202209	-0.616871
-0.549849	0.43001
-0.832306	-0.225189
-0.84317	0.271362
-0.777988	-1.04231
0.330114	0.563701
2.18781	0.402095
0.156294	0.131947
-0.126163	0.0499482
-1.01699	-0.306446
1.06885	0.619442
0.569117	0.416872
-0.528122	-0.50845
0.188886	0.551221
-0.777988	-0.131035
-0.799715	-0.12376
-0.93008	-0.862071
-0.517258	-0.298556
-0.14789	0.196183
-0.636759	0.574363
-0.908353	-0.0642986
-0.962671	0.321484
0.569117	0.447864
-0.799715	0.269875
-0.854034	-0.261435
0.775528	-0.09624
-0.799715	-0.502034
2.15522	-0.266618
0.264932	0.814354
-0.484667	-0.717505
1.23181	0.368091
-0.810579	0.436676
-0.919216	-0.439624
-0.40862	0.18155
0.330114	0.180464
-0.973535	-0.580596
-0.32171	-0.260921
0.232341	0.469071
0.0802482	-0.315073
1.60117	0.607076
-0.397757	0.133117
0.710345	0.424267
2.40509	0.334365
-0.365165	-0.531495
0.254068	0.652734
-0.484667	0.506901
-0.58244	0.194664
-0.00666181	-0.312412
-0.767124	-0.0889452
-0.430348	0.233056
-0.202209	-0.0613431
0.949348	0.613986
-0.908353	0.0900342
-0.864898	-0.530869
4.16502	0.453057
-0.419484	0.252521
-0.40862	0.42497
-0.202209	0.0549164
-0.397757	0.286837
0.721209	0.251533
-0.691078	-0.0561079
-0.223937	0.372826
-0.908353	-0.0516826
-0.734533	0.365693
0.297523	0.469226
-0.506394	-0.55066
0.112839	-0.449613
-0.973535	-1.06069
-0.886625	-0.43366
-0.680214	-0.446473
-0.549849	-0.58351
-0.256528	0.245582
3.11123	0.574579
-0.517258	-0.53889
0.199749	0.00783086
-0.115299	-0.127442
2.07918	0.411249
0.905893	0.424786
0.569117	-0.501584
-0.419484	0.194578
-0.462939	-0.381185
-0.506394	-0.261056
1.63376	0.679212
3.03519	0.349884
1.41649	0.485734
-0.864898	0.237189
-0.919216	-0.891289
-0.680214	-0.230859
-0.419484	0.376713
1.39476	0.368854
1.06885	0.50568
0.558253	0.361178
1.5034	0.497799
0.210613	-0.602495
-0.397757	0.197591
-0.267392	-0.168896
-0.908353	-0.75423
0.960212	0.384768
-0.484667	-0.172089
-0.940944	0.217638
5.64249	0.619547
0.569117	-0.34751
0.514798	0.582131
0.286659	0.0530853
0.66689	0.264444
-0.723669	-0.333769
0.297523	0.28248
0.514798	0.487705
-0.66935	0.281872
0.0150657	0.494435
-0.66935	-0.075999
-0.832306	-0.799611
0.699482	0.41306
0.938484	0.717686
-0.441212	0.339589
-0.213073	-0.414626
-0.84317	-0.153589
-0.202209	-0.118922
-0.267392	0.055583
-0.137027	0.686698
0.971075	0.350896
0.471343	0.340492
0.0476569	-0.411675
-1.01699	-1.81114
3.01346	0.192779
-0.951808	-1.56201
-0.908353	-0.572424
-0.40862	-0.0475657
-0.343438	-0.225552
-1.01699	-0.453917
0.438752	0.203816
-1.01699	-1.80833
-0.821443	-0.476036
-0.777988	-0.649548
-0.919216	-0.707577
2.43768	0.396047
0.590844	-0.0905547
-0.0175256	-0.0018568
0.221477	0.168007
-0.115299	0.39582
-0.984399	0.315869
1.02539	-0.149418
0.732073	0.343085
-0.788851	0.464338
1.00367	0.460433
2.01399	0.462067
-0.00666181	0.00527366
-0.289119	0.654755
-0.082708	0.160511
0.0476569	0.267551
-0.278255	0.382408
-0.289119	-0.445238
0.547389	0.247458
-0.082708	0.256612
-0.604168	0.32632
1.42735	0.36301
-0.854034	0.240763
-0.973535	0.228302
-0.0609805	0.204734
0.275796	0.143325
0.123703	0.414188
-0.223937	0.441559
-0.376029	-0.179346
-0.354302	0.431902
0.0259294	0.144085
-0.691078	-0.653256
-0.886625	0.0975832
0.732073	0.482166
0.438752	-0.0454619
-0.734533	-0.642466
-0.908353	-0.476899
-0.419484	-0.0131216
-0.919216	-0.647332
1.31872	0.500817
-0.908353	-0.716662
0.286659	0.109464
0.308387	0.0796961
-0.908353	-0.252799
0.319251	0.286695
-0.821443	-0.827818
-0.169618	-0.824277
-0.93008	0.0594562
-0.365165	-0.0898217
1.02539	0.431891
-0.821443	-1.02537
1.72067	0.31274
1.37303	0.265496
-0.473803	-0.0531932
0.395297	0.552867
0.0259294	-0.506618
-0.832306	-0.9004
0.286659	0.379404
0.558253	-0.0183275
-0.886625	-0.0698115
0.916757	0.235479
0.0802482	0.199941
0.0367932	-0.167201
-0.647623	-0.464859
1.05799	0.320041
-0.636759	0.174338
2.56805	0.678556
-0.267392	0.515142
-0.84317	-0.578664
1.73154	0.382145
-0.864898	-0.435601
1.7424	0.234369
-1.01699	-0.573057
0.884165	0.427855
0.938484	0.0964112
0.275796	0.509219
2.69841	0.420602
0.503934	0.361237
1.40563	0.0287669
0.330114	-0.291191
1.1123	0.605423
-0.636759	-0.587635
1.47081	-0.161962
0.232341	0.206257
0.351842	0.492514
-0.441212	0.419885
-0.886625	-1.52747
-0.14789	0.326898
-0.2348	-0.403861
-0.832306	-0.377196
1.06885	0.348574
-0.517258	-0.115338
-0.908353	-0.668885
-0.58244	0.13256
0.134567	-0.551013
-0.310847	0.250427
0.688618	0.559458
0.199749	0.0472303
1.84017	0.25814
-0.289119	0.521716
-0.0935718	0.403274
-0.528122	0.632522
-0.419484	-0.310359
-0.712805	0.307808
0.340978	0.249147
-0.223937	0.426613
1.43822	0.34111
-0.625895	0.322461
-0.799715	-0.191679
-0.0935718	-0.401449
1.61204	0.561664
0.808119	0.245764
-0.75626	-0.584565
-0.919216	-0.379638
0.699482	0.366484
-0.604168	0.325503
0.0150657	-0.288139
1.39476	0.0751157
-0.864898	-1.25148
1.44908	0.00381631
-0.875761	-0.425041
-0.256528	-0.607008
0.818983	0.320536
-0.00666181	0.0216819
0.156294	0.070499
-0.169618	0.556893
1.70981	-0.239703
-0.0609805	0.272573
0.264932	0.423181
0.351842	0.295889
-0.104436	0.16514
-0.191345	0.25358
0.438752	-0.405115
0.558253	0.450196
-0.875761	-0.629393
1.04712	0.390392
-0.636759	-0.635141
0.0476569	-0.213442
-0.66935	-0.41825
-0.0501168	0.303136
-0.32171	0.479407
-0.734533	-0.131717
1.17749	0.28733
-0.528122	-0.113904
-0.777988	-0.0152154
-0.951808	-1.27095
-0.2348	0.227283
-0.484667	-0.0529872
-0.419484	0.13133
0.0367932	0.00141005
-0.810579	0.256215
-0.951808	-0.631015
0.0367932	-0.188961
0.232341	-0.0741943
-0.538985	-0.0894847
-0.951808	0.342744
-0.528122	0.157283
2.78532	0.256922
0.0367932	-0.157113
-0.832306	-0.687451
-0.354302	-0.0251345
-0.473803	-0.545151
-0.854034	-0.338646
-0.897489	-0.0313258
1.25353	0.264293
-0.245664	-0.780791
1.43822	0.427029
0.178022	0.453458
-0.169618	0.556893
0.92762	0.412908
4.39316	0.518153
-0.886625	-0.627152
-0.875761	-0.121581
-0.441212	0.368304
0.634299	-0.0558791
-0.951808	-0.633086
-0.66935	-0.539289
1.97054	0.40541
0.362706	0.328526
0.167158	0.332685
-0.40862	-0.200135
-0.940944	-0.262768
0.0259294	0.4028
0.0693844	0.367466
2.86137	0.476043
-0.777988	0.284759
-0.680214	0.436933
-0.951808	-0.536213
-0.712805	-0.0451584
3.41542	0.531451
0.0150657	0.491259
1.05799	0.429098
-0.680214	0.522583
-0.799715	-0.534592
2.18781	0.267244
-0.158754	-0.01847
0.92762	0.375425
-0.419484	-0.187576
0.514798	-0.434042
-0.864898	-0.0828325
0.612572	0.285
-0.278255	-0.144368
-0.180482	0.414739
-0.875761	-0.198656
-0.158754	-0.037754
2.43768	0.0977932
1.5034	0.895358
-0.864898	-0.0212052
-0.528122	0.251677
1.19921	0.469903
-0.571577	-0.809117
1.31872	0.787375
-0.832306	-1.46475
-0.701941	-0.0517969
0.297523	-0.491874
-0.712805	-1.00767
0.427888	0.577158
1.52513	0.744101
1.48167	0.387514
1.2644	0.65157
0.710345	0.450899
1.3839	0.181669
-0.104436	0.561559
2.30732	0.147622
3.66528	0.312422
0.0150657	0.491259
-0.137027	0.480334
-0.126163	0.280443
-0.593304	0.195375
2.05745	0.0934597
-0.213073	0.301512
0.373569	0.0359052
0.427888	0.676388
-0.441212	0.394343
0.275796	-0.00677462
-0.137027	0.255425
-0.875761	-0.395507
-0.951808	-0.778634
1.61204	0.329931
0.406161	-0.283958
-0.462939	0.111209
0.221477	0.217127
-0.93008	-0.557935
3.3611	0.538223
-0.723669	0.0955292
0.167158	0.215687
0.188886	0.344212
0.992803	0.530061
0.49307	0.309849
6.21826	0.554246
-0.984399	-1.49307
-1.00613	-0.748923
-0.397757	0.0582357
-0.376029	0.33805
-0.951808	-0.101516
0.199749	0.258878
0.319251	-0.235398
-0.745396	-0.733065
0.210613	0.531978
-0.984399	-0.942346
-0.158754	0.306662
-0.875761	-0.574931
-0.832306	-0.745104
-0.864898	-0.448587
-0.788851	-0.176529
1.51426	0.0425688
-0.745396	-1.14209
0.0367932	0.0530118
-0.93008	-0.289334
-0.75626	0.121523
-0.278255	-0.63822
0.438752	0.160888
0.569117	0.694571
-0.854034	-0.406928
-0.40862	0.250867
-0.93008	-0.237806
-0.897489	0.15231
-0.180482	0.418644
0.395297	0.44822
-0.940944	-0.52296
-0.799715	-0.268977
0.634299	-0.242313
-0.245664	0.217032
0.7538	0.101068
0.558253	0.551392
-0.984399	-0.846336
-0.864898	0.448543
-0.343438	-0.344383
-0.528122	-0.597493
-0.343438	-0.460169
0.395297	-0.151432
-0.712805	0.393294
-0.528122	-0.356422
0.992803	0.226444
-0.49553	0.370919
-0.32171	-0.3784
-0.256528	-0.0955103
-0.538985	0.192802
-0.984399	-0.613107
-0.430348	0.248606
0.949348	0.793284
-0.75626	0.0277754
-0.908353	-0.655263
1.1123	0.116703
-0.951808	-0.246251
1.07971	-0.246011
-0.310847	0.458191
-0.658487	0.0460548
-0.0609805	0.593113
-0.549849	-0.149294
-0.723669	0.073554
-0.723669	-0.586442
0.992803	0.516168
-0.462939	-0.0921365
-0.84317	-0.0795301
-0.452075	-0.213762
-0.278255	0.495876
1.02539	0.50394
0.764664	0.558939
-0.202209	0.608084
-0.984399	-0.144283
-0.864898	-0.195458
-0.256528	0.131742
0.0367932	0.553185
-0.517258	0.312017
0.0585207	0.608435
-0.767124	-0.301055
2.1335	0.444919
-0.158754	0.28407
-0.549849	-0.62022
-0.636759	0.632229
-0.0718443	0.151657
-0.734533	0.0043924
-0.593304	-0.581738
0.862438	0.517551
3.21987	0.585202
1.30785	0.497124
-0.14789	0.35831
-0.40862	0.288515
-0.897489	-0.469224
-0.951808	-0.186661
-0.810579	0.00103251
1.09058	-0.175502
0.167158	0.170662
1.60117	0.266175
-0.962671	-0.171082
0.938484	0.583781
-0.538985	-0.59159
-0.788851	-0.379567
1.36217	0.117538
3.06778	0.267094
0.0693844	0.158372
-0.940944	-0.295044
-0.951808	-0.440173
-0.538985	-0.392162
0.797255	0.399672
-0.810579	-0.121096
-0.517258	-0.543166
-0.0935718	0.352473
0.112839	-0.363463
-0.680214	0.499958
-0.202209	-0.454898
0.569117	0.00803406
0.49307	-0.595963
0.0693844	0.266357
-0.973535	0.051165
-0.213073	0.403792
-0.951808	-1.08781
1.73154	0.291886
1.54685	-0.178925
-0.897489	-0.779133
-0.734533	-0.154075
-0.940944	0.188773
-0.126163	0.637007
0.243204	0.48366
1.41649	0.757331
-0.386893	0.433159
0.340978	0.15022
-0.14789	0.282348
-0.571577	-0.109476
-0.137027	0.209143
-0.886625	-0.424305
-0.0501168	0.0780155
0.254068	-0.0973371
-0.886625	-0.684256
-0.267392	0.31247
-0.473803	0.115017
1.12317	0.211957
0.134567	0.01042
0.66689	-0.242343
1.01453	0.212228
-0.376029	-0.132685
-0.0935718	0.0763638
-0.625895	-0.923017
3.62183	0.646616
-0.517258	0.248366
0.558253	0.343463
-0.799715	-0.108177
-0.680214	-0.691483
-0.625895	-0.271863
-0.745396	-0.667801
-0.484667	0.404134
3.30678	0.414782
-0.169618	0.507412
-0.419484	0.0810916
-0.202209	-0.192394
-0.104436	0.287145
-0.213073	-0.0257878
0.699482	-0.321411
-0.799715	-0.650886
0.286659	0.316985
0.112839	-0.0420007
1.19921	0.263122
-0.691078	-0.224808
1.68808	0.36157
-0.462939	-0.170752
-0.604168	0.136174
-0.00666181	0.2381
0.699482	-0.0977449
-0.397757	0.484912
-0.701941	0.411666
0.645163	0.403889
-0.180482	-0.759161
-0.84317	-0.176291
0.0259294	0.116844
0.188886	0.401735
-0.919216	-1.21609
0.775528	0.203161
-0.332574	-0.0844936
-0.571577	-0.439823
1.39476	0.815734
-0.940944	-0.259604
-0.908353	-0.788212
0.829847	-0.104132
2.68755	0.346715
0.895029	0.226231
0.0693844	0.509825
-0.658487	0.318571
0.362706	0.10177
-0.93008	-0.0979771
-0.49553	0.144355
-0.854034	-0.473077
-0.66935	-0.559425
-0.354302	-0.334686
-0.473803	0.386267
-0.278255	0.29601
1.01453	0.845187
1.10144	0.0951162
0.688618	0.157047
-0.560713	-0.0274386
2.42682	0.259416
0.101976	0.493497
-0.0935718	-0.0388238
0.232341	0.355104
-0.995263	-0.152538
2.35077	0.628101
-0.908353	-0.0646021
-0.506394	-0.151668
-0.506394	0.248754
-0.908353	-0.513158
-0.082708	-0.161385
-0.00666181	0.302249
-0.191345	0.309078
0.514798	0.419812
-0.528122	-0.68068
-0.864898	-0.543293
-0.951808	-0.70246
1.36217	-0.0749712
-0.484667	0.237147
-0.517258	-0.703391
1.91622	0.60667
-0.625895	-0.204285
-0.810579	-0.932371
0.699482	0.0220689
0.884165	0.00311119
0.384433	0.597493
-1.02785	-1.3049
1.66636	0.647959
0.0585207	0.344195
-0.875761	-0.416931
-0.549849	-0.385301
0.7538	0.515278
0.406161	-0.0612776
-0.376029	-0.327134
-0.810579	-0.690225
-0.647623	-0.480441
-0.799715	-0.259934
-0.376029	0.100183
-0.951808	-0.818302
-0.75626	0.39509
4.61043	0.877427
-0.538985	-0.0747574
-0.940944	-0.653496
-0.962671	-0.914684
-0.625895	-1.00083
-0.832306	0.149645
-0.571577	0.188085
-0.723669	0.235821
-0.386893	0.287921
-0.821443	-0.0470716
-0.636759	0.517154
0.710345	0.752236
-0.940944	-0.112887
-0.0283893	0.0254084
0.0150657	0.101989
-0.908353	-0.406654
-0.66935	0.080073
-0.777988	-0.961522
-0.58244	-0.383892
0.808119	0.504474
0.438752	0.312783
-0.658487	-0.190456
0.0150657	0.326604
2.04659	0.441351
-0.897489	-0.224684
1.04712	0.217214
-0.854034	0.426901
0.395297	0.446157
0.547389	0.0548955
0.0693844	-0.214675
-0.506394	-0.593973
0.92762	0.521859
0.732073	-0.256755
0.330114	0.509754
-0.0935718	0.113488
-0.180482	0.125839
-0.354302	-0.0468657
-0.386893	-1.37604
1.05799	0.0750258
-0.897489	-0.55222
1.53599	0.129851
-0.538985	-0.0724415
0.232341	0.130884
-0.777988	-0.357386
-0.691078	0.121288
-0.897489	-0.459077
0.92762	-0.444328
1.01453	0.0619967
-0.767124	0.0105459
-0.473803	-0.0492125
-0.625895	0.213369
0.319251	0.446685
-0.821443	-0.368015
0.851574	0.403661
-0.821443	0.146573
-1.03872	-0.232739
-0.0501168	0.16068
0.938484	0.0803561
0.601708	0.471575
2.05745	0.664671
0.57998	0.273633
-0.082708	0.517873
0.938484	0.294874
4.9798	0.364237
1.24267	0.16513
-0.832306	-0.946896
1.01453	0.431728
-0.593304	-0.859558
-0.267392	-0.110531
-0.549849	-0.668967
1.87277	0.659899
-0.897489	-0.702374
-0.343438	0.119732
0.57998	0.629066
0.373569	-0.190391
-0.126163	-0.0693015
0.971075	0.286563
-0.897489	-0.665855
0.156294	-0.117627
-0.799715	0.269875
1.39476	0.849529
-0.419484	0.140886
0.482207	0.207061
0.66689	0.462043
-0.549849	-0.149294
-0.832306	-0.524292
-0.517258	0.0907542
0.84071	-0.430057
0.732073	-0.0624601
-0.897489	-0.698928
1.2644	-0.0513546
1.1449	-1.00382
0.188886	0.510335
-0.84317	-0.441988
-0.93008	0.217868
-0.680214	0.602593
-0.799715	-0.803672
0.677754	0.174442
-0.484667	0.431081
3.42628	0.449092
-0.549849	-0.296775
-0.354302	0.236855
-0.799715	0.0941054
1.84017	0.299447
0.427888	-0.345805
1.34044	0.0990757
0.384433	-0.338684
-0.615032	-0.60544
-0.365165	-0.110816
-0.995263	-1.08185
-0.202209	0.283267
1.64463	0.300954
-0.191345	0.639251
-0.452075	0.13645
0.884165	0.427855
0.57998	-0.282732
-0.0501168	-0.803217
-0.734533	-0.175324
0.536525	-0.0240756
-0.571577	0.03989
-0.115299	0.285046
-0.984399	-1.43891
-0.256528	0.473077
2.26386	0.452241
-0.886625	-0.0913059
-0.376029	0.024243
1.3839	0.6088
-0.995263	-0.16326
0.699482	0.027775
3.33937	0.442999
-0.462939	-0.208782
0.00420194	0.394097
-0.897489	-0.533891
-0.940944	-0.91859
-0.897489	-0.577962
-0.821443	-0.450788
-0.365165	0.416987
3.23073	0.134238
-0.647623	-0.708344
-0.202209	-0.256681
-0.278255	0.303302
-0.397757	-0.140602
2.1335	0.57031
0.362706	0.636054
-0.310847	-0.449912
-0.799715	-0.423087
-0.0609805	0.047125
-0.082708	-0.112399
-0.854034	0.392212
-0.473803	0.685343
1.52513	0.142053
0.0476569	-0.101569
-0.995263	-0.724705
-0.636759	-0.67841
-0.84317	-0.356616
1.04712	0.722764
-0.940944	-0.00410915
0.308387	-0.0165338
-0.864898	-0.46703
0.362706	0.580488
1.37303	0.138535
-0.951808	-0.989968
1.1123	-0.146921
0.775528	0.522523
-0.788851	-0.696271
-0.267392	0.264261
-0.821443	-0.0420656
-0.58244	0.361896
0.145431	0.205248
-0.973535	-0.225571
0.623435	0.332748
1.49254	-0.193916
-0.908353	-0.393639
0.0693844	0.347009
-0.84317	-0.750304
-0.919216	0.206939
-0.962671	0.132026
-0.376029	0.241477
0.623435	0.0617082
-0.854034	0.240577
-0.202209	0.468072
-0.245664	-0.0993703
-0.267392	0.267869
3.17642	0.556391
0.971075	0.417364
0.742937	-0.00859364
-0.462939	0.122823
-0.0718443	0.677953
-0.821443	-0.368015
-0.995263	-0.122943
-0.908353	-0.386045
0.406161	0.432125
0.0802482	-0.120745
0.916757	-0.0740687
0.0259294	-0.441768
-0.126163	0.377768
1.87277	0.349382
0.340978	-0.0107027
-0.951808	0.266031
-0.376029	0.364761
-0.875761	-0.569737
-0.712805	0.2953
-0.93008	-0.196487
3.70874	0.448674
-0.864898	-0.773829
0.590844	-0.0841573
-0.289119	0.258945
2.20954	0.747186
-1.03872	-0.7199
1.48167	0.568047
-0.452075	-0.565288
-0.864898	-1.69993
-0.419484	0.456236
0.0911119	-0.00372781
1.09058	0.48654
0.656027	0.165714
-0.723669	-0.313642
-0.854034	-0.692548
-0.84317	-0.366788
-0.767124	-0.822282
-0.788851	-0.904672
0.134567	-0.628314
-0.93008	-0.799787
0.0476569	-0.111736
-0.93008	-0.352702
-0.58244	0.417809
-0.452075	-1.00132
-0.615032	0.318177
-0.452075	0.100746
-0.854034	-0.157627
-0.701941	-0.788368
-0.0175256	-1.1372
3.13296	0.425747
0.938484	0.478395
-0.973535	-0.164404
0.0911119	-0.96526
1.28612	0.130576
0.0150657	0.507504
-0.00666181	-0.150598
0.981939	0.307806
-0.039253	0.422993
-0.897489	-0.775423
0.134567	0.0603501
4.7082	0.616955
1.75326	0.442149
-0.864898	0.37585
-0.66935	-0.218517
-0.821443	-1.1517
-0.462939	-0.0268548
-0.951808	-0.369422
-0.386893	0.570247
-0.452075	0.0306114
-0.875761	-0.667073
-0.658487	0.292012
-0.93008	-0.862071
1.12317	0.233766
1.04712	0.294533
-0.777988	-0.468284
-0.799715	0.173323
-0.940944	-0.747952
3.10037	0.702185
-0.0501168	0.452253
0.384433	0.264675
-0.0501168	0.00318663
-0.84317	0.322701
-0.0175256	0.111334
-0.289119	-0.175738
0.417024	0.513739
-0.40862	0.178955
-0.788851	-0.452224
-0.376029	0.397271
0.0693844	0.303352
-0.767124	-0.334646
-0.919216	-0.102953
-0.919216	-0.541076
-0.365165	-0.431176
-0.93008	-1.06135
0.427888	-0.267129
2.57891	0.919183
1.41649	0.261742
0.612572	0.0958382
2.83964	0.104189
0.0367932	-0.209676
0.427888	-0.00228341
-0.0718443	0.340521
-0.680214	0.107309
-0.864898	0.263529
-0.517258	0.0417913
1.31872	0.320483
-0.93008	-0.562941
-0.821443	0.18887
1.39476	0.0712991
-0.0175256	-0.0471319
-0.213073	-0.167571
0.362706	0.137362
0.992803	0.496983
-0.278255	0.358468
1.18835	0.196695
-0.723669	0.366327
-0.452075	0.643927
-0.75626	0.421027
-0.126163	0.266819
-0.2348	0.0222241
1.88363	0.12475
-0.84317	0.331227
-0.169618	0.375685
-0.40862	-0.114923
-0.191345	-0.454023
0.905893	0.349164
-0.137027	0.406422
-0.864898	-0.394402
-0.647623	0.479253
0.623435	0.113886
-0.549849	-0.210358
2.41595	0.573935
0.362706	0.342077
-0.039253	0.508176
0.254068	0.312987
-0.571577	-0.576414
0.373569	0.295283
0.308387	0.0278665
3.78479	0.764093
0.471343	0.295551
-0.66935	-0.448613
-0.712805	-0.633981
1.25353	0.879555
-0.039253	0.293205
2.42682	0.741036
-0.940944	-0.742762
2.19868	0.59609
1.15576	0.47823
0.134567	0.355764
-0.658487	0.325022
-0.832306	-0.1692
-0.701941	0.530497
-0.58244	0.0847535
-1.00613	-0.431411
0.232341	0.330142
-0.701941	-0.735862
-0.864898	-0.0599855
-0.984399	0.110215
0.0476569	0.159067
-0.908353	-0.787393
-0.951808	-0.560466
-0.919216	-0.708485
-0.082708	0.39052
3.68701	0.36309
-0.854034	-0.192884
0.92762	0.508587
-1.03872	-1.27529
-0.14789	0.47978
-0.854034	-0.390325
0.0259294	0.15075
-0.897489	-0.5428
-0.810579	-0.129816
-0.734533	-0.334694
-0.854034	0.228923
0.49307	0.395218
-0.191345	-0.467864
-0.506394	-0.127643
-0.712805	-0.676102
-0.528122	0.38277
0.482207	0.166286
-0.962671	0.473504
-0.126163	-0.0805632
1.54685	0.679813
-0.0718443	-0.0782083
-0.973535	-0.515833
-0.213073	0.43247
-0.799715	0.391003
-0.680214	-0.790177
-0.115299	0.790086
-0.973535	-0.131365
0.601708	0.773316
0.178022	-0.286909
-0.343438	0.252046
-0.0935718	0.576176
0.00420194	0.425637
-0.908353	-1.0944
0.981939	-0.176054
-0.723669	-0.0545652
-0.625895	0.232765
-0.430348	0.452846
-0.897489	-0.86837
-0.821443	0.0309433
1.31872	0.787375
-0.951808	-0.46693
-0.995263	-0.660273
-0.278255	0.519678
-0.137027	0.275864
-0.886625	0.420659
0.808119	-0.0690291
-0.354302	0.540574
1.36217	0.569401
2.55718	0.723549
-0.875761	0.266018
-0.213073	0.655452
-0.897489	-0.299324
1.64463	0.535286
-0.984399	-1.03636
0.7538	-0.133418
2.62236	0.56513
-0.571577	-0.506202
-0.202209	0.61102
1.70981	0.249941
0.623435	0.665516
-0.560713	0.419928
-0.75626	0.671763
0.308387	0.110403
-0.00666181	0.305348
-0.0175256	-0.295021
0.0911119	0.356008
-0.593304	-0.046043
0.558253	-0.248413
-0.14789	0.451588
-0.571577	-0.187716
-0.441212	0.236848
-0.821443	0.269578
-0.832306	-0.999463
-0.821443	-0.335938
-0.386893	-0.535928
-0.951808	-1.01234
-0.680214	0.254092
0.949348	0.594619
0.536525	0.69676
-0.126163	-0.0868416
0.569117	0.447577
0.471343	0.302162
3.62183	0.410516
-0.00666181	0.430703
-0.604168	-0.443915
-0.919216	-0.165634
-0.854034	-0.568634
-0.940944	-0.187853
-0.962671	-0.726626
0.340978	-0.27295
0.569117	0.337471
4.38229	0.56712
2.53545	0.376713
-0.897489	-0.0302819
0.395297	-0.461733
-0.202209	0.264496
-0.962671	0.407974
-0.886625	-0.353834
0.7538	0.229592
-0.267392	0.345479
-0.854034	-0.490445
0.351842	0.492514
0.818983	0.441478
-0.93008	0.250103
1.8619	0.440723
-0.419484	-0.374056
-0.0718443	0.371227
-0.886625	-0.500342
-0.93008	-0.0207692
-0.712805	-0.0895739
-0.245664	0.217032
0.971075	0.0324591
1.18835	0.231173
-0.0935718	0.216836
0.0259294	0.474136
0.0693844	0.565839
-0.082708	0.432117
1.70981	0.611118
-0.202209	0.208096
1.69895	0.5897
-0.940944	-0.937843
-0.2348	-0.321197
-0.571577	-0.184381
-0.767124	0.0837048
-0.951808	-1.13013
-1.01699	0.0866036
-0.951808	-0.234367
0.319251	-0.231719
-0.821443	-0.63459
-0.864898	0.16946
-0.0935718	-0.708682
-0.202209	0.43511
-0.897489	-0.339143
-0.734533	-0.700425
-0.354302	-0.0399148
0.134567	-0.0302802
-0.593304	0.459597
0.134567	0.0378457
-0.908353	-0.74377
-0.951808	-0.38915
-0.332574	0.14607
-0.973535	-0.651362
0.992803	0.376654
-0.658487	-1.32428
0.275796	-0.00677462
-1.00613	-0.890846
-0.810579	-0.0893651
0.134567	0.35491
-0.93008	-0.296396
0.547389	0.317276
-0.202209	0.00974392
0.0367932	0.251462
1.27526	0.447467
-0.734533	-0.131717
0.0585207	-0.0801158
-1.01699	-0.419906
-0.473803	-0.331965
-0.397757	0.00656016
-0.528122	0.0433277
-0.886625	-1.03062
-0.332574	-0.0391147
0.569117	0.447864
-0.354302	-0.418292
-0.169618	0.193429
-0.658487	-0.152712
-0.75626	0.3679
-0.821443	-0.00149408
-0.93008	-0.164928
-0.908353	-0.680081
-0.14789	-0.213657
5.60989	0.656869
-0.951808	-0.753476
0.688618	0.0050174
-0.560713	-0.482309
-0.832306	0.373562
-0.788851	-0.254317
-0.49553	-0.253217
-0.289119	0.604369
0.851574	0.27944
-0.886625	-0.319649
-0.213073	0.315797
0.199749	0.401136
1.64463	0.790061
0.286659	0.0530853
-0.0609805	0.205093
0.0150657	-0.176757
-0.864898	0.261924
-0.951808	0.117065
0.569117	0.746487
-0.14789	0.0736526
-0.082708	-0.0879333
0.275796	0.332933
-0.973535	-0.772278
-0.745396	-0.822006
-0.0609805	-0.0663144
-0.788851	0.317951
-0.951808	0.0555253
-0.0718443	-0.381299
-0.560713	-0.0712073
0.0802482	-0.459985
2.97	0.439278
1.05799	0.387115
-0.169618	0.329113
-0.832306	-0.506955
-0.951808	-0.543104
0.417024	0.210761
-0.810579	0.525197
-0.49553	0.307898
1.7424	0.451846
-0.810579	0.0358134
-0.593304	-0.0101625
0.254068	0.489863
-0.636759	-0.378651
0.199749	0.0174362
-0.973535	-0.425706
-0.919216	-0.293258
-0.919216	-0.0339438
-0.712805	0.322782
-0.604168	-0.0622898
-0.14789	-0.884963
1.30785	0.212871
-0.202209	0.750038
-0.462939	-1.56507
-0.875761	-0.0543521
-0.734533	-0.310256
1.65549	0.310819
-0.538985	0.320808
2.30732	0.549632
0.482207	0.581571
1.19921	0.291493
-0.343438	-0.561763
-0.940944	-0.65005
-0.66935	-0.114099
-0.00666181	-0.110114
-0.712805	0.156365
4.02379	0.500768
0.634299	0.5017
-0.995263	-0.666
-0.0283893	-0.538577
-0.745396	0.413738
0.775528	0.409792
-0.984399	-1.24333
-0.832306	-0.708923
-0.951808	-0.671311
-0.169618	-0.231626
0.384433	0.441231
0.243204	0.335882
-0.75626	0.421027
4.24106	0.192544
-0.549849	-0.0927399
0.623435	0.490362
3.73047	0.876024
-0.973535	-1.97732
0.514798	0.449677
-0.821443	-0.26109
1.23181	0.447431
0.156294	-0.132
2.43768	0.151022
0.623435	-0.228278
-0.202209	-0.391292
-0.538985	0.0145842
0.101976	-0.113723
-0.712805	-0.675881
0.275796	0.431497
1.29699	0.163754
0.406161	0.225029
1.01453	0.268239
-0.995263	-0.636703
-0.701941	0.261573
-0.560713	-0.146843
-0.951808	-0.684994
-0.430348	0.406262
-0.430348	0.366101
5.43607	0.355145
-0.278255	0.227693
1.00367	0.219028
-0.854034	-0.688531
-0.886625	-0.690129
-0.788851	-0.282204
0.7538	0.759151
-0.256528	0.30682
4.06724	0.605093
-0.984399	-1.04184
-0.908353	0.382339
-0.875761	0.469465
-0.604168	0.430029
-0.386893	-0.658971
0.145431	0.468886
-1.01699	-0.799086
-0.919216	-0.606945
-0.919216	-0.552311
-0.919216	-0.813537
1.37303	0.568076
-0.484667	0.0430868
-0.343438	-0.0221976
-0.278255	0.213229
0.167158	0.0846049
-0.593304	0.0453761
-0.452075	0.647626
-0.788851	-0.333929
1.04712	0.23482
-0.615032	0.294089
0.895029	0.481384
0.0802482	-0.105385
-0.84317	-0.750304
-0.854034	0.0444678
-0.604168	-0.881544
-0.886625	-0.483836
-0.745396	-0.359089
-0.32171	0.275507
-0.93008	0.254455
-0.397757	0.0938644
-0.995263	-0.847598
-0.2348	0.227283
0.612572	0.215567
0.992803	0.376654
1.47081	0.45149
-0.832306	-0.0954399
-0.734533	-0.44571
-0.039253	0.312511
-0.680214	-0.380187
0.884165	0.451591
-0.376029	0.586862
-0.40862	0.410762
0.818983	0.55841
1.67722	0.516228
-0.0175256	0.0182149
-0.528122	-0.130568
-0.397757	-0.608824
1.5034	0.246453
-0.897489	-1.09009
-0.821443	-0.323597
-0.962671	-0.0423395
0.916757	0.668373
-0.919216	-0.803883
-0.126163	0.371952
0.340978	0.193822
-0.452075	0.504143
-0.528122	-0.143162
0.297523	0.649381
0.873302	0.0670286
-0.0718443	0.0384342
0.829847	0.685
-0.832306	0.636888
-0.919216	-0.35006
0.710345	0.521665
-0.40862	-0.181112
0.818983	0.00637954
2.18781	0.402095
-0.734533	-0.353726
-0.386893	0.091219
-0.169618	-0.123324
-0.213073	0.496871
-0.365165	-0.0699042
-0.430348	0.66844
-0.267392	0.242633
-0.625895	-0.647176
-0.84317	0.0606629
-0.0609805	0.164729
-0.691078	0.162259
-0.452075	0.610445
-0.875761	-0.0414275
-0.104436	-0.0351804
0.0911119	0.619507
1.1123	0.555106
-0.441212	-0.521083
0.449616	0.292811
1.27526	0.432339
2.30732	0.302739
0.0367932	0.296807
-1.02785	-0.28007
-0.560713	0.247472
2.77446	0.437123
-0.864898	-0.534081
2.00313	0.638836
3.27419	0.637884
-0.625895	0.211934
0.634299	-0.0278407
-0.864898	-0.199446
-0.886625	-0.476542
-0.995263	-0.713881
0.308387	0.00243338
-0.854034	0.0943856
-0.973535	-1.07371
-0.701941	-0.410951
-0.864898	-0.84106
-0.940944	-1.47826
-0.245664	-0.00665261
-0.0283893	0.18229
-0.289119	0.174258
-0.615032	0.299981
-0.191345	0.235829
-0.560713	-0.609994
0.905893	0.382817
-0.984399	0.209297
-0.615032	0.34128
-0.962671	-0.442437
-0.0935718	-0.192998
-0.082708	0.336723
-0.0609805	-0.0783063
0.210613	-0.229826
-0.0501168	0.0304642
-1.01699	-0.32001
-0.441212	-0.837706
-0.723669	-0.72572
-0.832306	-0.948409
-0.745396	-0.0318302
0.123703	0.358712
-0.538985	-0.59159
2.54632	0.176322
-0.864898	-0.289184
0.0150657	-0.236147
-0.984399	-0.666626
-0.571577	-0.612984
-0.14789	0.513962
0.134567	0.365248
-0.452075	-0.0814815
-0.908353	-0.939324
0.330114	0.180464
-0.419484	0.372709
0.775528	0.603621
0.210613	0.567654
-0.397757	0.258284
2.07918	0.81903
-0.473803	-0.551417
-0.462939	0.592922
-0.951808	-0.720986
-0.517258	0.546623
0.427888	-0.0458519
-0.636759	-0.189992
-0.213073	-0.13856
-0.593304	-0.489971
1.63376	0.31905
-0.14789	0.475458
2.28559	0.296445
-0.49553	0.370919
0.764664	0.398715
-0.169618	0.412344
-0.864898	-0.685482
0.243204	0.321662
-0.343438	0.3025
0.340978	0.248067
-0.299983	-0.198066
-0.821443	0.168067
2.56805	0.551603
0.254068	0.253986
-0.625895	0.206117
-0.832306	0.407189
0.112839	0.429388
0.101976	0.407029
-0.571577	-0.343619
1.81845	0.381552
0.971075	0.217742
0.612572	0.110594
-0.191345	0.77833
1.2644	0.537273
-0.951808	-0.0388349
-0.886625	-0.56458
-0.66935	-0.703721
4.7082	0.348198
0.0150657	0.419876
0.808119	0.30834
-0.767124	-0.658121
-0.636759	0.15101
-0.376029	0.127224
2.52459	0.0555358
-0.919216	0.235351
1.54685	-0.0476191
-0.549849	0.116973
1.41649	0.304811
1.87277	0.170692
0.384433	0.339023
0.134567	0.146143
-0.0175256	0.410335
0.340978	-0.130915
1.24267	0.461177
1.93795	0.529708
1.1123	-0.422935
-0.680214	0.472049
-0.93008	-1.0611
2.92655	0.64629
1.39476	0.465112
-1.00613	0.215542
-0.126163	0.463234
-0.962671	-0.578996
1.05799	0.470374
-0.84317	-1.3196
-0.213073	0.445154
-0.332574	0.04488
-0.213073	0.460917
-0.93008	-0.618983
-0.875761	-0.318255
-0.84317	0.507658
0.308387	0.657606
0.742937	-1.03385
-0.169618	0.12222
-0.886625	-0.612725
-0.386893	-0.467332
1.34044	0.440459
1.6229	0.541808
0.134567	-0.216146
1.00367	0.406769
-0.908353	-0.258655
0.818983	0.486947
0.286659	0.456223
-0.58244	0.454742
0.123703	0.331025
-0.343438	-0.0894203
-0.538985	0.633827
2.78532	0.447433
0.503934	0.0271754
1.5034	-0.217403
-0.430348	0.493555
0.00420194	-0.651795
0.101976	0.208527
2.55718	0.657121
-0.549849	-0.629564
1.81845	-0.355105
-0.549849	0.42918
-0.919216	-0.660387
-0.712805	0.274584
1.41649	0.757331
-0.039253	-0.928393
-0.810579	0.262765
-0.0283893	0.289316
-0.386893	0.429619
-0.452075	0.40412
-0.93008	-0.33771
0.710345	-0.0615544
0.0259294	0.0226672
-0.875761	-0.40282
0.0585207	0.352183
-0.734533	-0.350382
0.308387	-0.418383
-0.897489	0.0202557
1.66636	0.342221
-1.02785	-1.1312
0.677754	0.0768233
-0.256528	0.611338
0.0476569	-0.0814959
-0.767124	0.0161078
0.482207	-0.507848
-0.734533	-0.251194
-0.441212	-0.777344
0.210613	0.388728
1.13403	0.662572
2.05745	0.407121
3.11123	0.721282
0.981939	0.227488
-0.951808	-1.04144
-0.810579	-0.722341
-0.452075	-0.408396
-0.278255	-0.64138
-0.0501168	0.122406
-0.430348	-0.106677
-0.137027	-0.396587
-0.951808	-0.134719
-0.528122	0.38277
1.81845	0.6641
-0.202209	0.183238
-0.984399	-1.05113
-0.767124	-1.1548
-0.310847	0.353718
-0.484667	-0.165942
-0.376029	-0.0544742
0.536525	-0.123626
-0.58244	-0.308147
-0.158754	-0.222553
-0.104436	0.481481
-0.593304	0.153916
-0.104436	0.145727
0.199749	0.022311
0.134567	-0.0142972
-0.799715	-0.836839
-0.528122	0.26571
0.188886	0.381744
-0.0935718	0.0646822
-0.973535	0.47297
-1.00613	-0.647597
0.873302	0.305251
-0.777988	0.0032276
-0.256528	-0.432086
-0.691078	0.406132
0.764664	0.359248
-0.951808	-0.831208
1.01453	0.40249
1.25353	-0.195128
1.61204	0.398103
-0.832306	0.102936
-0.875761	-0.700373
0.688618	0.528096
-0.560713	0.206253
0.742937	0.326514
-0.821443	0.0584228
-0.973535	-0.733414
-0.962671	-1.20834
-0.169618	-0.245475
0.656027	-0.457191
0.0802482	0.50779
0.438752	0.301906
-0.49553	-0.122349
-0.864898	-0.367547
-0.93008	0.187133
-0.462939	0.245523
0.623435	0.41175
3.08951	0.266523
-0.386893	0.234062
-1.00613	-1.12314
-0.940944	-0.0707648
3.52406	0.310461
-0.0935718	-0.136867
-0.0609805	0.401715
-0.701941	-1.24145
1.29699	0.0437219
2.56805	0.445423
0.199749	0.499542
-0.528122	-0.920398
0.710345	0.41328
-0.104436	0.432755
-0.256528	-0.458608
-0.647623	-0.157722
-0.995263	-0.883567
-0.951808	-0.205926
-0.777988	-1.00944
1.61204	0.7208
-0.223937	-0.218083
-0.647623	-0.42608
-0.365165	-0.231315
-0.278255	0.65509
-0.93008	-0.91499
-0.897489	-0.658246
-0.115299	0.705158
0.536525	-0.503443
-0.745396	-0.373647
-0.799715	-0.089533
-0.908353	-0.265397
-0.137027	-0.390903
-0.365165	-0.423964
0.264932	0.589534
-0.723669	0.073554
-0.506394	0.305074
-0.864898	-0.0212052
-0.734533	0.139951
-0.962671	-1.08046
-0.039253	-0.0492398
0.873302	0.666708
-0.213073	-0.0112147
1.44908	0.427284
-0.691078	0.412873
-0.419484	0.401268
0.732073	0.229622
3.30678	0.406714
-0.636759	0.269314
-0.625895	-0.0305094
1.19921	0.348717
1.04712	0.395935
-0.951808	0.484214
-0.854034	0.424773
-0.973535	-0.436968
1.48167	-0.367854
-0.864898	-0.395
-0.386893	0.102701
-0.0935718	0.437562
-0.799715	-0.136141
1.1449	0.51763
-0.528122	-0.0602236
1.04712	0.410474
-0.854034	-0.109857
0.449616	0.340381
0.525662	0.456951
-0.745396	-0.603679
-0.441212	-0.0710093
0.656027	0.676747
0.145431	0.509192
-0.897489	-0.715845
-0.593304	0.237709
-0.767124	0.181098
-0.908353	-0.191894
-0.419484	0.464916
0.503934	0.419325
-0.897489	-0.512473
-0.517258	-0.305925
0.66689	-0.250456
1.19921	0.140371
-0.0175256	0.38108
0.254068	0.182866
2.1009	0.275893
-0.310847	0.324387
-0.517258	0.0438794
-0.886625	0.255963
0.275796	0.235481
0.57998	0.224562
-0.039253	0.337851
-0.854034	0.400317
-0.712805	0.223677
-0.734533	-0.260298
-1.03872	-0.0716748
0.145431	0.278102
1.70981	0.629853
-0.973535	-0.727725
-0.549849	-0.458101
-0.75626	-1.07727
-0.777988	-0.237929
-0.202209	0.217834
-0.0501168	0.308907
-0.745396	-0.373647
-0.723669	0.511573
-0.549849	0.0299773
-0.0501168	0.165807
-0.75626	-0.354511
-0.658487	-0.683439
2.89396	0.291702
-0.0935718	-0.388691
-0.223937	-0.148151
-0.984399	-0.592548
0.645163	0.430695
-0.0501168	0.226354
0.862438	0.452815
-0.777988	-1.22293
-0.49553	-0.104248
1.1123	-0.0256109
-0.0609805	0.308919
2.253	-0.274434
0.905893	0.498325
-0.517258	0.250182
0.0150657	0.222024
-0.75626	-1.04576
-0.84317	-0.630573
1.61204	0.575448
-0.810579	-0.0444423
2.65496	0.505166
0.503934	-0.0673635
-0.549849	-0.335055
-0.32171	-0.260921
-0.962671	-0.569746
-0.636759	-0.266751
-0.75626	-0.473281
-0.973535	-0.38242
-0.169618	0.231042
-0.799715	-0.050797
5.30571	0.671509
-0.452075	-0.488365
-0.104436	0.218872
0.775528	0.431385
-0.897489	-0.436387
-0.821443	0.140828
-0.745396	0.420179
-1.02785	0.372541
-0.332574	0.131847
-0.66935	-0.218517
0.264932	0.208638
-0.202209	0.39669
-0.0718443	0.313051
-0.289119	0.343504
0.221477	0.78783
0.677754	0.0829202
-0.66935	0.308615
-0.115299	0.477969
0.66689	-0.342401
1.90536	-0.0705182
-0.169618	0.0120307
1.59031	0.589592
0.851574	-0.310535
0.92762	0.218763
2.11177	0.574178
-0.126163	0.355552
0.112839	-0.466316
-0.919216	-0.95665
-0.962671	-0.330025
-0.875761	-0.690388
-0.452075	-1.08242
-0.0935718	0.0607589
-0.213073	0.363223
-0.169618	0.716907
-0.0175256	0.141452
0.286659	-0.53704
-0.875761	-0.711554
-0.615032	0.235205
0.417024	-0.0569292
-0.821443	0.421972
1.73154	0.293436
-0.245664	0.453375
2.47027	0.113306
-0.973535	-1.7027
3.4806	0.501254
-0.908353	-0.374651
0.449616	0.278301
-0.680214	0.341834
2.07918	0.493204
-0.886625	-0.0427045
-0.0283893	0.0679009
-0.908353	-0.751352
-0.58244	-0.611338
1.2644	0.436301
-0.278255	-0.395355
-0.126163	0.551601
-0.886625	-0.807143
-0.169618	-0.20016
-0.223937	-0.033795
-0.560713	0.459223
0.112839	-0.601313
-0.821443	-0.559446
-0.875761	-0.79651
-0.256528	0.212905
-0.832306	-0.313493
-0.430348	0.00291621
3.6001	0.364616
-0.799715	-0.554258
-0.169618	-0.800633
-0.365165	-1.18708
-0.202209	-0.837985
-0.397757	-1.26437
2.51373	0.344959
-0.995263	-0.830093
0.569117	0.303053
1.52513	0.333315
-0.0718443	0.232914
-0.864898	-0.932947
-0.777988	-1.2244
0.178022	-0.511166
-0.745396	-0.1197
-0.777988	0.128987
0.981939	0.47658
0.156294	0.498434
1.47081	0.375183
-1.01699	-0.789119
0.438752	0.537946
0.210613	0.0589437
1.81845	0.340932
-0.680214	-1.06987
-0.082708	0.338129
0.340978	0.463543
-0.886625	0.0364448
-0.864898	-0.84106
0.92762	0.272503
-0.897489	-0.630928
0.373569	0.0150883
-0.919216	-0.113187
-0.886625	-0.464142
-1.00613	0.376959
1.02539	0.158464
0.297523	0.342242
-0.604168	-0.599346
-0.0935718	0.0583602
0.0802482	-0.228786
-0.854034	0.429397
-0.636759	-0.316629
-0.93008	-0.174694
0.601708	0.375067
-0.332574	0.0967713
-0.419484	0.535295
0.0476569	-0.656035
-0.864898	0.320399
-0.636759	-0.175824
-0.788851	-0.709562
-0.256528	0.245582
-0.549849	-1.01783
0.536525	0.681658
2.99173	0.294409
0.721209	-0.64498
-0.625895	0.43249
1.09058	0.17758
2.81791	0.241049
-0.864898	-0.14346
-0.430348	0.385615
-1.00613	-0.919303
1.9814	0.476191
2.17695	0.363752
-0.169618	0.174324
-0.995263	-0.469343
-0.821443	-0.577805
1.13403	-0.0466023
-0.571577	-0.167575
2.64409	0.676009
0.0911119	-0.553975
-0.365165	-0.124726
-0.810579	-0.390026
1.27526	0.497999
-0.32171	0.116893
-0.636759	0.422401
-0.691078	0.0330196
-0.647623	0.0858858
-0.777988	0.400919
-0.571577	0.405035
-0.908353	-0.700132
1.9814	0.0426298
-0.821443	0.189216
0.00420194	0.35737
0.677754	0.068874
-1.02785	-1.52597
-0.875761	-0.0861096
-0.84317	-0.128462
4.13243	0.654785
2.00313	0.138559
-0.58244	-0.543786
0.851574	0.735486
0.0476569	0.592144
-0.604168	-0.251008
-0.32171	0.275507
-0.810579	-0.359421
0.427888	0.405187
-0.788851	-0.630941
-0.560713	-0.231082
-0.919216	-0.332089
-0.310847	0.0810645
0.547389	0.319887
1.49254	0.466626
-0.538985	-0.0410486
-0.289119	0.447421
-0.376029	0.55197
-0.441212	-0.0185082
1.77499	0.501634
0.590844	-0.153697
-0.169618	-0.15688
-0.126163	0.41333
-0.332574	0.0789678
-0.636759	0.0554226
2.63323	0.52477
-0.864898	-0.453012
-0.604168	-0.389423
-0.66935	-0.320315
0.286659	0.379107
-0.810579	-0.0788198
0.797255	0.302051
-0.854034	-0.650938
0.960212	0.339663
-0.441212	-0.521083
-0.115299	0.543717
3.19814	0.120395
-0.158754	0.823303
-0.354302	-0.53825
-0.93008	-0.699811
1.63376	-0.0495245
-0.701941	-0.159109
3.29592	0.343897
1.52513	-0.390582
-0.821443	-0.306958
1.72067	0.323916
0.221477	0.163618
-0.115299	0.45467
-0.332574	0.172879
0.0693844	0.0767204
0.0476569	-0.0945984
1.52513	0.797386
1.37303	-0.279285
0.601708	0.471575
2.01399	0.17108
-0.082708	0.235136
0.427888	0.78475
-0.0935718	-0.00474376
0.199749	0.0410639
0.851574	0.183216
-0.864898	0.543141
0.254068	-0.188064
1.30785	0.56064
-0.821443	-0.509507
-0.452075	-0.702931
0.656027	0.505634
-0.278255	0.332506
-0.0718443	0.461228
1.27526	0.915361
-0.647623	-0.152621
-0.14789	0.578064
-0.484667	0.697714
1.05799	0.186214
-0.137027	0.567081
1.55772	0.252579
0.775528	-0.046962
0.0911119	0.340202
2.50286	0.558561
1.13403	0.273232
-0.354302	0.153546
0.7538	0.0195722
-0.517258	-0.944627
-0.462939	0.0422577
1.03626	0.0953216
-0.93008	-0.643873
1.1123	-0.00597462
-0.799715	0.264298
-0.962671	-0.686336
-0.788851	-0.282204
-0.940944	-0.90605
-0.213073	0.0481174
1.2644	-0.356915
-0.289119	0.376433
-0.93008	0.320848
-0.0609805	0.503409
-0.615032	-0.910725
-0.0935718	0.430011
-0.397757	0.587375
-0.636759	-0.0246597
-0.712805	0.449631
2.93741	0.441773
2.06831	0.404495
-0.419484	-0.00316256
1.22094	0.359852
0.0585207	0.288721
-0.680214	-0.327738
0.264932	-0.0480758
-0.854034	-1.10657
-0.821443	0.252203
-0.343438	0.184383
-0.84317	0.500457
-0.897489	-0.2332
-0.0175256	0.614899
-0.14789	-0.154911
-0.0718443	-0.210899
-0.84317	0.397007
-0.777988	-0.237929
-0.864898	-0.252792
-0.430348	-1.98114
-0.691078	-0.883667
-0.712805	0.0628589
-0.169618	0.461383
2.99173	0.261015
-0.75626	-0.665958
-0.615032	0.544582
0.449616	0.66309
-0.897489	-0.620761
0.732073	-0.642967
0.677754	0.241579
0.645163	0.15767
-0.875761	0.186032
-0.202209	-0.560162
-0.354302	0.16466
-0.549849	-0.111442
1.77499	-0.0116415
0.351842	0.0233208
0.00420194	0.199122
-0.919216	-0.665729
0.362706	-0.35111
-0.973535	-1.97732
-0.84317	-0.258875
-0.712805	0.221875
-0.940944	-0.816642
0.438752	0.183892
-0.441212	-0.361632
0.0259294	-0.318743
0.471343	0.253272
0.101976	0.331485
-0.84317	-0.382759
-0.560713	-0.743981
-0.799715	-0.149089
-0.84317	-0.342226
0.351842	0.542939
0.0693844	0.509825
-0.213073	-0.207682
-0.908353	-0.826303
1.73154	0.430138
-0.538985	0.594295
-0.691078	0.343509
0.0476569	0.344452
-0.517258	0.300718
-0.821443	-0.442057
-0.517258	0.1463
0.590844	0.470519
-0.256528	-0.121966
-0.832306	-0.641895
-0.854034	-0.0122725
-0.984399	-0.306349
-0.647623	-0.631285
-0.0718443	0.392372
0.232341	0.156694
-0.680214	0.251425
0.449616	-0.130758
-0.278255	-0.0512025
1.30785	0.496159
-0.517258	0.220483
0.710345	-0.242374
3.94774	0.77146
-0.897489	-0.340309
0.0585207	0.441201
-0.854034	-0.261695
-0.973535	-0.552602
-0.158754	0.458844
1.10144	0.282042
-0.701941	0.531833
-0.636759	0.439346
0.101976	0.344387
-0.430348	-0.605551
0.558253	-0.0183275
0.590844	0.535286
-0.49553	-0.7364
-0.549849	0.351808
0.123703	-0.0202969
0.92762	0.415758
-0.549849	0.0885548
-0.897489	-1.10996
0.536525	0.135594
0.199749	-0.0461296
0.558253	0.0158564
-0.832306	-0.907013
0.264932	0.372204
1.85104	0.278098
0.134567	0.207055
-0.082708	0.41308
-0.984399	-0.662119
-0.636759	-1.06399
0.340978	0.33844
0.971075	0.0324591
-0.908353	-0.142903
-1.00613	-0.0830242
-0.962671	-0.340321
-0.864898	0.275817
-0.397757	0.705524
2.89396	0.540992
-0.940944	-1.14451
0.775528	0.583943
-0.864898	0.181406
-0.886625	-0.597422
1.19921	0.635487
2.62236	0.138112
1.61204	0.473104
2.31818	0.728948
4.52352	0.663531
-0.75626	0.125777
-0.984399	0.364896
-0.332574	0.482791
-0.115299	-0.421215
-0.951808	0.0433557
-0.32171	0.368623
1.3839	0.45907
-0.625895	0.39986
-1.06045	-0.953065
-0.528122	-0.225869
0.406161	-0.171717
-0.951808	0.383253
-0.137027	0.0286924
-0.386893	-0.183104
-0.14789	-0.137605
-0.658487	-1.32428
0.406161	0.0411762
-0.886625	-0.422422
0.873302	0.4393
0.66689	0.12263
3.95861	0.559641
1.29699	0.31654
-0.875761	-0.924798
0.00420194	0.101673
-0.647623	-0.0856734
-0.84317	-0.0943148
0.536525	0.390194
-1.02785	-0.107679
-0.419484	0.334054
-0.940944	-0.437467
-0.32171	-0.572795
0.319251	-0.231719
-0.604168	-0.605641
0.417024	0.581494
0.590844	0.274016
0.145431	0.290821
-0.039253	0.288685
-0.441212	0.367463
0.590844	0.630661
0.612572	0.660519
0.417024	0.219437
-0.832306	-0.515036
-0.810579	-0.206317
-0.289119	0.163659
0.243204	0.361093
-0.647623	-0.314978
0.656027	0.296468
0.547389	0.296245
-0.354302	-0.424575
-0.267392	-0.0396937
0.0476569	-0.14385
-0.712805	-0.143793
0.525662	0.199844
-0.441212	0.137844
-0.549849	0.158758
1.28612	0.665164
-0.84317	-0.557483
1.55772	0.0531363
-0.441212	0.403776
-0.636759	-0.7774
-0.082708	0.359622
-0.452075	0.0955987
-0.625895	0.202255
5.00152	0.406464
-0.2348	-0.904929
-0.810579	-1.11227
0.558253	0.544863
-0.571577	-1.88137
0.134567	-0.410904
-0.647623	0.479253
1.7424	0.532255
0.818983	0.6435
-0.93008	-1.10355
0.232341	-1.01115
-0.560713	-0.24138
-0.560713	0.376448
-0.560713	0.34435
-0.75626	0.0205892
0.66689	0.27497
-0.332574	0.0321121
0.981939	0.184153
2.35077	0.405461
0.188886	0.360074
-0.517258	0.421909
1.28612	0.870484
0.373569	-0.019448
-0.777988	0.142205
2.66582	0.648438
-0.278255	0.213229
0.123703	-0.283726
0.590844	0.0410031
-0.49553	-1.02129
1.10144	-0.096905
-0.560713	0.555952
0.319251	0.286695
-0.560713	0.663574
-1.00613	-0.577817
-0.213073	-0.554309
-0.940944	-0.977853
-0.854034	-0.400414
-0.93008	0.0616644
-0.191345	0.297881
-0.0175256	0.154317
-0.49553	-0.328487
0.112839	0.291479
-0.310847	0.303643
3.91515	0.639421
0.851574	0.690586
-0.75626	-0.646079
2.19868	0.414312
-0.169618	-0.245475
-0.452075	-0.313025
2.253	0.599514
-0.082708	0.408883
2.29645	0.387034
-0.984399	-0.602633
-0.854034	0.144955
-0.984399	0.23088
-0.386893	0.196939
-0.0175256	0.468057
1.59031	0.589592
1.53599	0.339992
-0.365165	-0.0898217
-0.354302	0.194821
-0.864898	-0.357792
0.373569	0.528336
0.308387	0.171265
0.514798	-0.0507915
-0.66935	0.472423
-0.506394	0.0724668
0.0911119	0.0671483
3.03519	-0.22207
-0.299983	-0.089615
-0.973535	-1.32726
0.167158	0.304029
0.351842	0.0531505
-0.908353	-0.834906
-0.473803	0.257324
-0.919216	0.34755
-0.973535	-0.730062
1.02539	0.373388
-0.0501168	-0.970174
-0.615032	-0.460073
-0.104436	0.50743
-0.919216	0.478752
-0.962671	-0.210101
-0.788851	0.680452
1.19921	0.337287
-0.810579	-0.348387
0.406161	0.601161
0.330114	0.29521
0.0150657	0.263509
-0.2348	-0.128256
-0.810579	-1.04374
-0.93008	-0.829268
0.601708	0.516723
-0.538985	0.0572614
0.590844	0.494047
-0.951808	-0.700299
-0.299983	0.19945
-0.75626	-0.381693
1.28612	0.430785
-0.299983	0.702502
-0.940944	-0.432867
0.0802482	0.0433655
-0.528122	-0.170831
0.634299	0.287593
0.330114	0.180464
0.286659	-0.455807
0.873302	-0.15751
-0.951808	-1.22543
-0.0935718	-0.0388238
0.134567	0.077983
2.15522	0.498883
-0.745396	-0.479462
-0.908353	-0.632715
0.960212	-0.457506
-0.951808	-0.013337
0.57998	0.48908
-0.854034	0.320465
0.0802482	0.548572
-0.397757	0.330358
-0.213073	0.368871
1.37303	0.433534
0.156294	-0.456497
0.210613	0.294915
0.460479	0.424928
-0.289119	0.201161
0.199749	-0.825891
0.677754	0.486845
0.634299	0.202429
-0.137027	-0.505367
0.818983	0.382228
0.49307	0.56259
0.243204	-0.56034
-0.864898	-0.361855
-0.897489	-0.23119
-0.213073	0.329731
0.243204	0.216347
-0.973535	-1.24837
-0.93008	-1.68555
-0.0283893	0.142648
-0.973535	-0.344791
-0.0283893	-0.0336283
2.90482	0.696571
1.90536	0.358057
-0.973535	0.0528221
0.384433	0.191036
1.42735	0.175607
0.699482	0.341824
1.91622	0.272421
1.51426	0.321778
-0.745396	0.285386
-0.528122	0.205062
3.61097	0.556781
-0.299983	0.402477
-0.386893	0.380335
-0.875761	-0.289067
-0.897489	-0.449831
0.427888	0.295128
1.17749	0.279835
-0.376029	-0.263622
-0.365165	-0.383214
-0.14789	0.342639
2.30732	0.0824184
1.16662	-0.205066
-0.788851	0.201447
-0.821443	-1.02092
-0.864898	-0.390088
0.688618	0.164137
-0.32171	-0.0208873
-0.430348	-0.0578038
-0.995263	-0.515093
0.645163	-0.0441928
-0.419484	0.541951
1.60117	0.0548473
-0.365165	0.479056
-0.593304	0.583318
-0.462939	0.232984
0.960212	0.434575
-0.854034	-0.248046
-0.66935	-1.57729
-1.00613	-1.53666
0.221477	0.175514
-0.810579	-0.178349
-0.691078	0.02679
-0.354302	-0.465848
0.601708	0.371943
-0.93008	-1.2101
3.02432	0.345594
-0.278255	0.404713
0.938484	-0.109287
0.308387	-0.184577
0.395297	0.215037
2.3725	0.670493
-0.832306	-0.376889
-0.473803	-0.274503
1.19921	-0.0841037
-0.32171	-0.38994
-0.691078	0.406132
0.590844	0.397311
1.12317	0.289504
-0.647623	0.179666
-0.517258	0.243243
0.49307	0.31596
1.79672	0.661334
-0.647623	-0.608179
-0.615032	0.282267
1.9814	0.389037
0.0367932	0.0282758
2.35077	0.530767
-0.343438	0.027573
-0.386893	0.717504
-0.919216	-1.18263
-0.636759	0.137366
-0.0283893	-0.0631936
0.0476569	0.363392
0.00420194	0.0384345
0.482207	0.631041
-0.419484	-0.278053
1.85104	0.290377
0.297523	0.214779
-0.995263	0.126016
-0.723669	0.433951
3.08951	0.43716
0.558253	-0.0781533
-0.940944	-1.11285
0.232341	0.263161
-0.267392	0.44664
0.0693844	0.303352
-0.995263	-0.505906
-0.767124	0.609744
0.286659	0.618861
1.30785	0.359744
0.417024	0.0912415
0.721209	0.251533
-0.115299	-0.0407107
-0.528122	-0.0519282
1.21008	0.273689
0.0693844	0.347585
-0.115299	0.336966
-0.788851	-0.61996
-0.604168	-0.872976
0.178022	-0.473773
-0.604168	-0.0991532
-0.560713	-0.598001
-0.723669	0.288887
0.471343	-0.117596
-0.75626	-0.809063
1.03626	0.747749
-0.951808	-0.250312
-0.636759	0.174338
1.3839	0.353947
-0.962671	-1.0764
0.612572	-0.180958
1.55772	0.485014
0.243204	0.264577
-0.419484	0.308786
-0.593304	0.438942
-0.310847	0.381575
1.35131	0.675964
5.39262	0.597894
-0.712805	-0.314107
0.0585207	0.371484
0.112839	-0.137786
-0.75626	0.189312
0.525662	0.440104
0.0150657	-0.00602178
0.330114	0.0879943
-0.00666181	0.30819
-0.213073	0.445154
-0.32171	0.167211
0.525662	0.358025
-0.528122	-0.284166
-0.32171	0.292026
-0.712805	-0.95053
-0.462939	-0.176701
-0.0501168	-0.970174
0.601708	0.266625
-0.538985	-0.77853
-0.625895	-1.06615
-0.354302	0.405864
-0.680214	-0.0214747
-0.571577	-0.920116
-0.75626	0.206132
-0.875761	-0.951384
0.330114	0.327347
-0.267392	0.41261
-0.647623	0.269075
-0.137027	0.0745074
1.45994	0.274602
0.829847	-0.102877
-0.897489	-0.246846
-0.49553	-0.328487
0.00420194	-0.172577
-0.940944	-1.28768
0.449616	0.32999
-0.647623	-0.556134
0.123703	0.347043
-0.701941	0.293114
2.87223	-0.103281
0.395297	-0.287055
-0.115299	0.46798
-0.810579	-1.17857
-0.278255	0.239856
-0.158754	0.115302
-0.93008	-0.96359
-0.158754	-0.766544
0.264932	0.511848
-0.625895	0.491018
-0.93008	-0.257439
0.525662	0.0389495
0.797255	0.414764
-0.799715	-0.259574
-0.647623	0.496314
-0.658487	-0.667439
-0.343438	-0.0249106
2.20954	0.0977752
-0.864898	0.187606
-0.213073	-0.365731
-0.712805	0.548377
0.384433	0.0407322
-0.32171	-0.0532112
0.0585207	0.19752
-0.951808	-0.669639
-0.897489	-0.387825
-0.115299	0.172994
0.210613	0.299203
2.67668	0.631651
-0.93008	-0.699811
-0.0175256	0.370859
1.90536	0.532218
-0.202209	0.396169
-0.32171	0.0360679
0.199749	0.180179
1.87277	0.384448
-0.169618	-0.270341
-0.560713	-0.082962
-0.126163	-0.226925
0.786392	0.403612
-0.473803	-0.961032
-0.940944	-0.218588
1.43822	0.274753
0.699482	0.170702
-0.636759	0.308265
1.09058	0.112216
-0.919216	-0.751587
-0.84317	-1.0356
-0.93008	-0.651523
-0.441212	-0.314318
0.514798	0.67932
-0.386893	-1.00696
-0.951808	0.415584
-0.104436	-0.0408082
-0.84317	0.0592596
-0.875761	-0.0324966
-0.256528	-0.121966
-0.039253	0.607747
-0.658487	-0.0237323
-0.701941	0.12909
-0.777988	-0.473875
-0.452075	0.508332
1.45994	0.476919
1.31872	0.156706
1.39476	0.904429
1.10144	0.402448
1.45994	0.334737
-0.908353	-0.049392
0.460479	-0.114321
-0.995263	0.445672
0.264932	0.346871
-0.995263	-1.10921
-0.506394	-0.764223
-0.93008	-0.540476
0.0367932	0.251462
-0.430348	-0.198257
-0.126163	0.602701
-0.886625	0.171088
-0.223937	0.533768
-0.386893	0.448282
-0.310847	0.0711442
2.27472	0.542379
-0.158754	0.387666
-0.658487	-0.342913
-0.919216	-0.598369
-0.365165	0.253778
0.243204	-0.577465
1.45994	-0.180864
-0.104436	0.0161912
0.0150657	0.148875
3.19814	0.60306
-0.604168	0.0481514
-0.180482	-0.657345
-0.462939	-0.383164
1.16662	0.380417
-0.256528	-0.157986
-0.419484	0.194578
-0.615032	-0.122103
0.362706	0.472003
-0.517258	-0.230962
-0.473803	0.274383
0.742937	0.783375
0.514798	0.0382511
-0.202209	-0.0217779
-0.289119	-0.814221
0.699482	0.391615
2.29645	-0.207101
-0.560713	-0.334919
-0.0718443	0.505843
-0.995263	-0.343792
-0.908353	-0.754247
-0.126163	-0.141186
-0.354302	0.423123
-0.0501168	0.322153
0.275796	0.332262
-0.647623	0.198697
0.0150657	0.390993
0.0693844	-0.252988
-0.712805	-0.0990315
-0.267392	0.269896
0.514798	-0.0534176
-0.213073	0.394615
-0.745396	0.605912
-0.137027	0.680769
-0.452075	-0.0415534
3.4806	0.581581
-0.2348	-0.503348
-0.875761	-0.991615
0.178022	-0.130946
-0.962671	-0.19702
-0.712805	-0.319104
1.78586	0.41598
0.264932	-0.151662
-0.473803	0.190054
-0.864898	-1.40614
-0.58244	0.427147
-0.647623	-0.578433
-0.84317	-0.95291
-0.343438	-0.714716
2.01399	0.529501
-0.734533	0.0733059
1.03626	0.183234
-0.984399	-0.872328
-0.202209	0.43511
-0.082708	0.474877
0.264932	-0.0543622
-0.0609805	0.32793
0.0802482	0.00669308
2.70927	0.482009
-0.0501168	-0.366535
0.384433	-0.0123003
-0.951808	-0.185256
-0.84317	-0.971742
2.51373	-0.138761
0.134567	0.392925
-0.962671	-0.746028
1.72067	0.360496
0.547389	-0.929638
-0.995263	-0.652221
0.395297	0.363798
4.27365	0.0179526
2.97	0.564565
-0.854034	-0.229284
-0.267392	0.335704
-0.126163	0.418782
-0.647623	-0.227013
1.60117	-0.290071
1.63376	-0.0495245
0.319251	0.150068
0.297523	0.0614782
1.76413	0.420075
-0.788851	-0.0323066
2.17695	0.363752
-0.636759	0.463688
0.634299	0.47673
-0.202209	0.208096
-0.788851	-0.0666678
0.66689	0.389686
-0.462939	0.474183
0.0150657	-0.243267
0.427888	0.49634
0.351842	-0.400692
-0.636759	0.303119
2.40509	0.610526
0.427888	0.39434
-0.701941	0.641467
-0.00666181	-0.0898424
-0.343438	-0.852693
-0.84317	0.271344
-0.66935	0.36513
-0.310847	0.385241
-0.93008	0.107771
-0.484667	0.0839595
-0.636759	-0.370798
-0.126163	0.614242
-0.0609805	0.647817
-0.821443	0.383922
-0.484667	0.0169711
1.01453	0.562211
-0.473803	0.13329
-0.951808	-0.27268
-0.386893	0.0153523
-0.701941	-0.564843
-0.484667	-0.641325
0.0476569	-0.0600635
1.66636	0.378765
-0.75626	-0.0887126
-0.723669	-0.122617
0.0693844	-0.227901
3.25246	0.731683
-0.745396	-0.589926
-0.365165	-0.0642945
0.992803	0.185963
-0.723669	-0.600947
0.362706	0.351711
0.66689	0.264444
-0.223937	0.504571
0.536525	0.424125
-0.995263	-0.116669
-0.962671	-0.53043
-0.267392	-0.0708448
-0.875761	-0.829836
-0.951808	-0.414549
0.471343	0.443213
-0.799715	-0.151374
-0.897489	-0.139952
0.0693844	-0.214675
0.0476569	0.173702
-0.908353	-0.333967
-0.538985	-0.426984
-0.658487	0.0460548
0.221477	-0.166114
0.482207	0.204418
-0.810579	0.477354
0.92762	0.0377823
-0.940944	-0.60283
-0.58244	0.116826
-0.940944	-0.508184
-0.137027	0.253867
-0.821443	-1.03682
-0.571577	0.113319
-0.354302	0.147658
-1.00613	-2.00668
-0.875761	-0.766969
-0.951808	-0.586695
-0.202209	0.0573657
-0.0718443	0.509837
-0.49553	-0.157815
-0.517258	-0.230962
0.0911119	0.119807
-0.223937	0.449481
2.03572	0.339651
-0.680214	0.287645
2.06831	0.652366
0.884165	0.767078
1.39476	0.57759
-0.821443	-1.15239
-0.267392	0.525284
-0.191345	0.0938022
-0.66935	-0.0895158
-0.32171	0.107463
-0.245664	-0.328118
0.623435	0.17813
2.47027	0.47231
-0.821443	-1.168
0.134567	0.207265
-0.832306	-1.48642
0.112839	0.452999
-0.973535	-0.207391
-1.03872	-0.113235
-0.886625	-0.0625088
-0.984399	-0.309151
-0.343438	0.197011
0.438752	0.697776
1.44908	0.246073
1.97054	0.188934
0.569117	0.296088
-0.93008	-0.448072
1.21008	0.517294
0.536525	0.385139
-0.202209	0.312283
-0.58244	-1.03023
-0.430348	-0.615747
1.97054	0.348607
0.134567	0.195158
-0.875761	0.189854
-0.995263	-0.406657
1.61204	0.214422
-0.158754	0.332468
0.188886	0.326989
-0.0283893	0.230841
1.32958	0.436255
-0.93008	-0.598216
0.677754	0.0838128
1.01453	0.601143
0.601708	0.59022
-0.245664	0.450917
1.03626	0.455324
-0.571577	-0.254523
-0.039253	0.465347
-0.691078	-1.07473
-0.549849	-0.39281
-0.462939	0.234841
0.0259294	0.175029
0.123703	-0.375234
-0.647623	-0.522596
-0.832306	-0.185859
0.916757	0.240134
-0.386893	0.508041
-0.75626	0.2731
0.525662	0.138814
-0.723669	-0.0117339
-0.636759	-0.787809
-0.647623	-0.665648
0.829847	0.0453877
-0.560713	-0.0199803
-0.343438	0.307643
-0.310847	0.550531
-0.886625	-0.12737
0.514798	0.582131
-0.082708	-0.0395705
-0.897489	0.280816
0.232341	0.521573
-0.691078	-0.56156
0.178022	-0.246472
-0.940944	-0.65454
-0.00666181	-0.264539
-0.875761	-1.57843
0.775528	0.175819
-0.973535	-0.272567
0.00420194	-0.165052
-0.354302	-0.410236
-0.940944	-0.655583
-0.973535	-0.243536
-0.886625	-0.415926
1.42735	0.221802
1.03626	0.431819
1.28612	0.089234
-0.701941	0.135395
-0.745396	-1.10821
-0.919216	0.0314668
0.373569	0.307909
4.02379	0.393208
-0.854034	-0.23041
0.254068	0.340142
-0.940944	-1.09029
-0.473803	0.0842645
0.981939	0.324686
1.21008	0.143229
0.373569	0.416396
0.362706	-0.106063
-0.0718443	-0.0860585
-1.02785	-1.11103
-0.2348	0.240299
-0.951808	-0.0180161
-0.386893	-0.446752
1.34044	0.444707
-0.332574	-0.37777
-0.430348	-0.138307
-0.777988	-0.352682
-0.93008	-0.735342
2.67668	0.486492
-0.93008	-0.125732
-0.66935	0.0884016
-0.517258	0.343064
-0.799715	-0.474534
2.04659	0.257575
0.384433	0.749416
3.26333	0.312396
1.53599	0.494777
-0.951808	-0.0358589
-0.75626	-0.370705
-0.701941	-0.0517969
-0.386893	0.173972
-0.593304	0.46307
0.0802482	0.264003
0.0693844	0.230474
-0.973535	-0.309853
-0.973535	-0.657802
-0.75626	0.397381
0.112839	0.425717
3.70874	0.521192
-0.962671	-0.21655
-0.940944	0.139344
0.742937	0.503203
-0.810579	-0.125043
1.1449	0.396211
1.39476	0.48056
-0.115299	0.343941
-0.75626	-0.635744
-0.484667	-0.593268
-0.84317	-0.783045
2.56805	0.445423
-0.908353	0.354795
1.07971	0.0166506
-0.84317	0.142944
-0.604168	-0.579728
-0.538985	0.359576
2.19868	0.441429
-0.951808	0.0250713
-0.126163	0.344315
-0.66935	-0.832659
1.70981	0.413507
1.76413	0.584288
0.0693844	0.160477
-0.962671	0.199757
-0.810579	-1.30699
2.00313	0.393209
-0.104436	0.269279
0.721209	0.0549595
-0.701941	-0.652614
-0.723669	-0.0595742
1.70981	0.354422
-0.788851	0.353063
-0.908353	-0.706573
0.536525	0.18339
-0.810579	-0.698525
-0.821443	-0.474757
-0.0501168	0.238184
0.340978	0.0434461
0.188886	0.144456
-0.897489	-0.512489
-0.115299	0.215904
-1.02785	-1.43891
-0.854034	-0.233811
-0.854034	-0.440298
0.101976	0.739361
1.36217	-0.0749712
-0.84317	-0.584384
-0.517258	-0.275397
-0.365165	0.0792972
2.31818	0.494289
-0.810579	-0.765793
1.35131	-0.373686
0.851574	-0.110301
-0.658487	-0.30945
-0.636759	0.0685347
-0.58244	-0.573871
-0.810579	-0.408747
-0.691078	0.193366
1.17749	0.486649
-0.723669	-1.21709
-0.854034	-0.711537
3.27419	-0.0304281
-0.137027	0.163455
-0.289119	0.413678
0.905893	0.215321
-0.767124	-0.755988
-0.908353	-1.61802
-0.723669	-0.313494
-0.658487	0.300824
1.6229	0.451966
1.24267	0.630491
-0.332574	0.385298
-0.908353	-0.0211973
-0.473803	-0.497498
-0.712805	-0.030478
-0.897489	-0.100754
-0.919216	-0.803478
0.590844	0.106378
-0.658487	0.456511
-0.734533	-0.0399024
-0.441212	0.253392
0.199749	0.471687
-0.0283893	0.337789
3.04605	0.444438
0.84071	0.439169
-0.484667	0.0280124
0.536525	0.507067
-0.343438	0.00773909
-0.267392	-0.62489
-1.00613	-0.907677
-0.332574	0.614736
-0.984399	-1.12948
0.275796	0.467081
-0.973535	0.105235
-0.289119	0.199503
-0.0175256	0.631437
-0.951808	-0.413924
3.31764	0.52694
1.06885	0.521082
-0.256528	-0.0599777
1.81845	-0.355105
-0.647623	-0.0782269
-0.93008	-0.471388
-0.93008	-0.450074
-0.93008	-0.0418657
0.960212	0.335736
-0.832306	-0.272839
3.33937	0.442999
1.64463	-0.217562
-1.01699	-0.161214
0.895029	0.71031
-0.984399	-0.909156
-0.951808	-0.275297
-0.767124	-0.429921
-0.777988	0.387407
2.69841	0.360745
1.1123	0.427964
-0.484667	0.0257934
0.862438	0.36336
-0.821443	-0.398865
-0.777988	0.285821
0.134567	0.792943
-0.593304	-0.44977
-0.343438	-0.0412895
-0.452075	0.259945
4.56698	0.510186
-0.647623	0.272008
-0.2348	0.507857
-0.58244	0.154646
1.00367	0.44418
-0.701941	0.16094
1.94881	0.558264
-0.973535	-0.617304
-0.593304	0.47597
0.264932	0.436295
0.438752	-0.430563
3.29592	0.774074
0.992803	-0.498398
1.2644	0.685409
-0.441212	0.370069
2.22041	0.493749
0.884165	0.437888
-0.473803	-1.31138
0.49307	-0.444712
-0.528122	0.305659
-0.310847	-0.0903581
-0.962671	-0.569746
0.330114	-0.373525
0.0367932	-0.209676
-0.0609805	0.481688
-0.799715	-0.439891
-0.386893	-0.364068
0.101976	-0.860173
2.16609	0.450528
1.03626	0.152551
0.330114	0.314153
1.01453	0.431625
-0.810579	-0.718395
1.31872	-0.318671
3.55665	0.52142
0.0911119	0.404541
-0.278255	-0.155599
0.00420194	0.187395
-0.777988	-0.516776
0.569117	-0.253299
0.286659	0.47561
0.134567	0.0705309
-0.701941	-0.310803
-0.940944	-0.740835
-0.137027	0.0286924
-0.799715	-1.75072
3.42628	0.459911
-0.126163	-0.33378
-0.40862	-0.246686
-0.636759	-0.0525162
-0.951808	0.358275
0.677754	0.314562
0.330114	0.517733
-0.799715	0.285215
8.24978	0.84123
-0.549849	-0.303042
-0.886625	-0.722472
-0.180482	-0.378292
-0.984399	-0.357516
5.47953	0.629835
0.297523	0.563838
-0.799715	-0.496441
0.0585207	-0.63533
-0.137027	0.282019
-0.984399	-0.610192
1.05799	0.6088
-0.897489	-0.306748
-0.767124	0.164208
-0.745396	0.398408
-0.973535	-0.566176
-0.777988	-1.24311
0.167158	0.0956403
-0.832306	-0.773311
1.25353	0.56326
0.57998	0.204801
-0.777988	-0.491686
-0.886625	0.311564
-0.832306	-0.465868
3.2416	0.509583
-0.788851	0.402558
-0.984399	-0.209167
-0.647623	0.18155
0.710345	-0.178252
-0.278255	0.106992
-0.691078	-1.1974
0.243204	0.353511
-0.973535	-0.649185
-0.0935718	0.441021
-0.310847	0.563788
0.199749	0.492231
1.05799	0.15194
-0.14789	0.049251
-0.908353	-0.0798532
-0.984399	0.432304
-0.604168	0.328249
-0.039253	0.581783
-0.973535	-0.160199
0.0150657	0.404075
-0.723669	-0.452681
-0.14789	0.274404
-0.256528	0.362678
0.547389	0.12707
1.45994	0.334322
2.36163	0.417637
-0.712805	-0.534345
-0.973535	-1.04498
0.49307	0.414503
0.656027	0.387294
2.69841	0.459577
-0.875761	-0.0851178
-0.441212	0.374724
-0.0175256	0.282415
-0.365165	0.136294
1.66636	0.173279
-0.299983	0.168673
-0.712805	0.55224
-0.93008	0.0721022
-0.854034	-0.346127
-0.854034	-0.265768
-0.940944	-1.28768
-0.506394	-0.608112
-0.658487	-0.655483
-0.734533	0.354956
-0.180482	0.364408
0.0476569	0.431359
0.775528	0.284155
1.01453	-0.0578446
0.254068	0.625935
-0.84317	-0.971742
0.677754	0.161985
-0.832306	-0.504635
1.06885	0.527694
0.884165	0.619825
1.34044	0.638504
0.362706	0.508083
0.677754	0.100375
-0.886625	0.553969
-0.484667	0.35331
-0.897489	-0.583833
-0.571577	-0.993549
-0.104436	0.400147
1.24267	0.102324
-0.32171	-0.37745
0.0367932	0.548955
-0.832306	0.383473
-0.75626	0.0428741
0.482207	0.0157387
-0.549849	-0.43709
-0.864898	-0.601679
0.406161	0.491605
-0.191345	-0.153301
0.7538	0.161115
0.0911119	0.0631868
-0.810579	-0.310992
-0.854034	0.360438
-0.245664	-0.153263
-0.875761	-1.57843
0.786392	0.403612
-0.908353	-0.228799
0.742937	0.440696
0.156294	0.210064
1.45994	0.378757
-0.310847	0.37902
-0.528122	0.115793
1.84017	0.0963578
-0.84317	-0.143304
-0.886625	-0.773125
-0.84317	-0.255895
-0.452075	-0.0650944
-0.75626	0.397381
-0.636759	0.0677316
-0.202209	0.176215
0.645163	0.28041
-0.299983	-0.0257388
-0.473803	-0.0237037
-0.32171	0.420966
0.297523	-0.390342
-0.799715	-0.295344
-0.995263	-0.811048
-0.864898	-0.576242
0.330114	0.424604
-1.00613	-0.328037
2.07918	0.350395
1.34044	0.546956
-0.777988	-0.460672
0.916757	0.212233
0.123703	0.379921
-0.723669	0.358705
1.89449	0.180536
-0.788851	-0.654775
-0.58244	-0.554927
1.65549	0.501382
1.54685	0.353811
1.24267	0.547665
0.330114	0.495061
3.92601	0.489328
0.427888	0.0489089
-0.962671	0.230865
-0.180482	0.383493
-0.0935718	0.302894
0.188886	-0.144719
0.710345	0.19243
1.34044	-0.00304585
0.384433	0.191036
-0.538985	-0.301741
3.23073	0.736879
-0.343438	0.406117
-0.767124	-0.15138
1.54685	0.669348
-0.745396	-0.585204
0.57998	0.373072
2.68755	0.539875
2.99173	0.171085
-0.745396	-0.910573
0.221477	0.356189
-0.810579	-1.27274
-0.962671	-0.814883
-0.788851	0.0835312
1.48167	0.244004
-0.397757	0.399914
-0.419484	-1.34744
-0.897489	-0.645679
0.895029	0.345486
0.264932	0.205927
-0.462939	-0.756166
-0.919216	-0.687423
0.449616	0.375648
-0.777988	0.247502
1.16662	0.346398
1.07971	-0.467672
-0.745396	0.0748816
0.612572	0.513516
-0.604168	0.339316
-0.104436	0.395605
-0.832306	0.033141
1.42735	0.25216
0.460479	0.127551
0.981939	0.196055
-0.723669	-0.107251
0.0802482	-0.225407
-0.32171	-0.118061
-0.951808	-0.186661
0.645163	-0.460583
-0.84317	0.193171
-0.310847	0.641655
0.406161	0.443489
-0.919216	-0.372977
-0.419484	-0.813911
2.17695	0.641535
0.362706	0.23682
-0.984399	-0.306349
-0.462939	-0.264901
-0.973535	-0.647271
-0.506394	-0.437175
-0.462939	-0.134881
-0.14789	0.389288
0.710345	0.688783
-0.473803	-0.447982
-0.549849	0.347299
-0.00666181	-0.346914
-0.658487	-0.0259358
0.0150657	-0.0774595
-0.223937	0.0376633
-0.75626	-0.195392
-0.278255	0.262707
0.514798	0.437298
1.39476	-0.376249
-0.202209	-0.280601
-0.0283893	-0.0273084
1.75326	0.533126
2.44854	0.324336
0.275796	-0.706968
-1.01699	-0.669612
-0.376029	0.0519988
0.829847	0.0254215
1.41649	0.358388
-0.267392	0.110661
-0.462939	0.15245
0.449616	0.633888
0.818983	0.284267
1.10144	0.501005
-0.864898	0.181406
-0.158754	0.216251
-0.58244	-0.255096
0.873302	0.305251
-0.864898	-0.707734
-0.191345	0.0896201
1.21008	0.672498
-0.213073	-0.254623
-0.799715	-0.180722
-0.538985	0.437168
-0.560713	-0.148705
0.134567	0.541049
0.569117	0.202947
-0.517258	0.138158
0.101976	0.344992
-0.919216	-0.308567
1.54685	0.658795
0.427888	0.208532
0.851574	-0.496627
-0.58244	0.319192
-0.799715	0.578606
-0.462939	-0.476577
0.677754	0.398607
-0.625895	-0.209585
-0.995263	-0.45965
0.514798	0.0255003
-0.397757	0.377737
-0.104436	-0.0442893
0.156294	0.642051
-0.973535	-0.554244
0.427888	-0.0787179
-0.984399	-0.695137
-0.66935	-0.433692
2.01399	0.409984
-0.799715	-0.259934
-0.886625	-0.472096
0.862438	0.46979
-0.32171	0.696446
-0.995263	-1.00515
0.112839	0.406782
-0.538985	0.365185
-0.723669	0.278775
0.134567	0.165114
-0.517258	-0.513221
0.210613	-0.0207985
-0.0935718	0.352473
-0.528122	-0.0901663
0.178022	0.185313
-0.528122	0.557944
0.373569	0.030015
0.00420194	0.256333
-0.777988	-0.045088
1.03626	0.622184
-0.951808	-0.670152
-0.940944	-0.708796
-0.712805	-0.175929
-0.213073	0.106845
-0.897489	0.0120496
-0.723669	0.0403834
-1.02785	-0.180822
-0.0935718	0.59935
-0.039253	0.589504
-0.919216	0.433677
-0.32171	0.616568
-0.93008	-1.17955
1.6229	0.339581
0.134567	0.337126
2.62236	0.485965
1.48167	0.0942994
-0.864898	-0.508078
-0.767124	0.408359
-0.767124	0.181767
-0.517258	-0.00149492
0.764664	0.250341
2.70927	0.482009
-0.180482	0.495095
-0.962671	-0.480331
-0.245664	-0.347783
-0.810579	0.162301
-0.00666181	0.0473059
2.69841	0.143022
-0.810579	-0.612667
-0.00666181	-0.0241807
-0.430348	0.358988
1.87277	0.659899
-0.354302	0.303359
-0.332574	-0.528016
-0.538985	-0.597969
0.178022	-0.232717
0.0911119	0.0540251
2.31818	0.411447
-0.0609805	0.359275
-0.864898	0.0383924
0.188886	0.468738
0.536525	0.00480068
1.37303	0.0507758
-0.636759	-0.605252
-0.777988	0.29575
3.08951	0.497478
0.0367932	-0.422723
-0.810579	-1.04374
0.57998	0.422196
-1.00613	-0.311989
0.297523	0.347572
0.84071	0.479137
-0.854034	-0.480249
-0.299983	0.118995
0.199749	-0.268723
-0.875761	-1.62441
0.84071	0.474213
0.264932	-0.0286349
0.0150657	0.522841
3.46974	0.437329
-0.397757	-0.367457
0.199749	0.399393
-0.962671	-0.12517
-0.788851	-0.61996
0.340978	0.0648683
-0.625895	-0.219754
-0.528122	-0.367658
0.84071	0.147612
-0.680214	-0.0349032
-0.788851	-0.646621
-0.832306	0.33633
-0.93008	-0.564278
-0.647623	-0.683374
-0.40862	0.538128
-0.506394	0.0374213
-0.419484	0.376713
-0.658487	-0.104306
-0.310847	-0.0991087
0.949348	0.531192
-0.32171	0.391479
-0.973535	-0.45761
-0.2348	-0.192338
0.112839	-0.188485
-0.560713	-0.615733
-0.886625	-0.851787
-0.864898	-0.173688
0.395297	0.402893
-0.886625	-0.369635
0.851574	0.107054
0.156294	-0.0637123
0.123703	0.470443
-0.14789	0.3859
0.167158	0.356618
0.362706	0.412143
-0.66935	-0.312447
-0.32171	-0.207238
-0.397757	0.00656016
-0.973535	0.141551
-0.854034	-0.232551
-0.115299	2.42343e-05
1.81845	0.523017
-0.137027	0.0133291
-0.0501168	0.23907
-0.734533	-0.522847
-0.962671	-1.60759
-0.984399	0.241804
0.275796	0.321756
-0.962671	0.133864
-0.984399	-0.326468
-0.919216	-0.381079
-0.940944	0.315476
-0.0718443	0.353921
1.6229	0.607596
-0.625895	0.0953517
-0.647623	-0.341674
0.373569	0.344814
0.0911119	0.498765
0.0693844	0.392586
-0.625895	-0.0209955
-0.767124	0.242669
-0.528122	0.301655
-0.734533	0.300858
-0.832306	0.124337
-0.462939	-0.362697
-0.973535	-0.511597
-0.0718443	-0.1374
-0.213073	0.412061
-0.0935718	0.384288
-0.951808	-0.415896
1.43822	0.619191
-0.538985	0.168152
2.51373	0.494904
-0.104436	-0.0889218
0.992803	0.542098
-0.310847	0.282303
-0.799715	0.298182
-0.2348	0.382724
-0.799715	0.549523
-0.58244	0.0910724
-0.354302	-0.369262
-0.267392	0.602998
0.688618	0.104534
-0.386893	0.0928386
-0.810579	0.332923
-0.365165	0.209383
-1.00613	-0.448723
-0.84317	0.421348
1.00367	0.33514
0.0367932	0.0196943
-0.571577	0.0910578
0.373569	0.40258
0.0150657	0.268805
0.297523	0.319362
0.895029	0.835355
0.384433	-0.107918
0.938484	0.473052
2.60064	0.307799
-0.549849	0.442944
1.85104	0.320175
-0.115299	0.129078
1.81845	0.380171
-0.354302	-0.200605
2.09004	0.525893
-0.202209	0.1526
0.57998	-0.441569
0.156294	0.138577
0.721209	0.408778
0.0802482	0.0448162
-0.14789	0.47358
-0.126163	0.123638
-0.875761	-0.719487
-0.256528	0.0316876
-0.66935	-0.41825
1.1123	0.0556485
-1.00613	-0.37358
-0.788851	0.0811271
-0.788851	-0.23464
-0.75626	0.272557
-0.0175256	0.383132
0.84071	0.0308005
-0.484667	-0.319527
0.0693844	-0.936735
-0.441212	0.171909
0.0259294	-0.347135
-0.0718443	0.223281
-0.571577	0.233737
-0.854034	-0.387965
-0.32171	0.368957
0.0693844	0.553294
0.351842	0.200806
-0.875761	-0.746309
-0.32171	0.205263
0.634299	0.282047
0.7538	0.143766
-0.365165	0.461654
0.677754	0.315543
-0.723669	-0.654879
-0.202209	-0.413999
-0.951808	-0.119711
0.330114	0.171739
-0.84317	-1.6084
-0.734533	0.0488012
-0.777988	-0.965472
-0.712805	-0.159706
-0.40862	-0.479152
-0.745396	-0.25448
-0.951808	-0.403955
-0.832306	-0.708923
-0.354302	0.0260983
1.04712	0.764781
-0.864898	-0.503905
1.39476	0.189911
1.73154	0.689604
1.70981	-0.0739253
-0.962671	-0.302204
-0.169618	-0.468475
-0.951808	-0.65857
0.406161	0.419023
0.590844	-0.299727
0.275796	0.533723
-0.984399	-0.0304985
-0.712805	0.387133
-0.538985	-0.446863
2.253	0.577422
-0.256528	-0.121472
0.0693844	0.454283
0.916757	0.668373
-0.180482	0.352012
0.677754	0.386123
-0.691078	-0.697208
-0.658487	0.223579
0.00420194	0.401213
-0.386893	0.487431
-0.875761	-0.0761956
0.362706	0.141743
0.0911119	-0.0237399
-0.636759	0.155109
-0.636759	0.239705
-0.593304	0.237709
-1.00613	-0.841883
0.503934	0.383222
0.199749	-0.147487
0.851574	-0.110301
-0.289119	0.347752
-0.202209	-0.116535
-0.104436	0.470625
0.699482	0.541835
-1.00613	-0.0823043
1.88363	0.16154
-0.0609805	0.315076
0.482207	0.371834
-0.40862	0.355852
-0.647623	0.146477
-0.180482	0.424752
-1.00613	-1.11093
-0.734533	-0.487022
-0.593304	-0.282709
-0.854034	-0.493338
-0.462939	0.131659
-0.799715	-0.471182
-0.84317	0.0331147
1.85104	0.445661
-0.973535	0.251707
0.721209	0.521212
0.558253	0.343463
1.39476	-0.376249
0.134567	-0.562945
-0.821443	0.412127
0.167158	0.0349109
-0.951808	-0.177927
-0.919216	-0.614455
2.76359	0.391743
-0.615032	0.340353
-0.452075	0.236561
0.417024	0.263429
-1.01699	-0.286046
-0.223937	0.489025
-0.864898	-0.591234
-0.560713	0.361229
-1.02785	-0.825505
1.5034	0.421321
-0.680214	-0.716678
-0.039253	0.363716
0.699482	0.348255
0.101976	0.187065
-0.886625	-1.16724
0.123703	-0.426896
2.11177	0.637456
-0.354302	0.047918
-0.517258	-0.397688
-0.897489	-0.953718
0.645163	0.584047
-0.897489	-1.00447
-0.604168	-0.175452
-0.430348	0.233056
-0.886625	-0.474353
0.438752	0.0610271
-0.962671	-0.147425
-0.810579	-0.612667
0.308387	0.419042
0.438752	0.134034
-0.745396	0.288723
-0.799715	-1.03406
0.49307	0.135593
-0.0501168	0.314834
-0.973535	0.354026
-0.875761	-0.662107
1.73154	0.382182
-0.995263	-1.10865
0.92762	0.211336
-0.191345	-0.762053
0.503934	0.0642279
-1.00613	0.419372
0.981939	0.0922442
-0.821443	0.0361038
2.19868	0.645095
-0.343438	0.456344
3.55665	0.52142
-0.0283893	-0.755867
-0.636759	0.3819
-0.517258	-0.425863
-0.202209	-0.489505
-0.745396	-1.10738
-0.039253	-0.402321
-0.745396	-0.404645
2.1335	0.445028
-0.419484	0.362161
3.98033	0.448984
-0.84317	-1.20188
1.3839	0.423643
-0.571577	-0.417636
-0.310847	0.250427
-0.647623	0.245883
-0.604168	0.0438306
1.13403	0.290119
-0.734533	-1.28852
-0.40862	0.296844
-0.908353	-0.514189
-0.897489	-0.600018
-0.84317	-0.979308
0.0585207	0.450001
0.66689	0.489404
-0.376029	0.245903
0.873302	0.508258
-0.886625	-0.379473
1.18835	0.34679
1.30785	0.56064
-0.343438	0.184383
-0.908353	0.228572
-0.365165	0.265714
-0.875761	-1.59772
-0.625895	0.491018
-0.75626	-0.646079
3.15469	0.431953
-0.104436	-0.536401
1.18835	0.387262
0.308387	0.337639
-0.299983	0.0298216
-0.430348	0.144615
0.449616	0.375648
-0.213073	-0.652429
2.78532	0.134736
0.818983	0.256993
-0.897489	-0.643687
-0.40862	0.36121
-0.984399	-0.643221
-0.886625	-0.540316
1.2644	0.202382
-0.680214	-0.254159
-0.615032	-0.427602
0.471343	0.302162
1.1449	0.585266
-0.973535	-1.4385
0.49307	0.328819
0.101976	0.120704
-0.278255	-0.405321
0.243204	0.127528
-0.984399	0.477363
-0.908353	-0.570902
-0.919216	-1.0811
-0.104436	0.477255
-0.66935	0.54046
-0.0283893	0.0383672
-0.397757	-0.223337
0.0367932	-0.231397
0.275796	0.305667
-0.354302	0.210495
1.34044	0.173811
-0.951808	-0.648897
0.558253	0.541564
-0.777988	-1.26525
-0.854034	0.0277549
0.710345	-0.343972
-0.365165	-0.281458
-0.039253	0.412299
-0.984399	-0.827644
-0.680214	0.002835
-0.875761	-0.169723
-0.571577	0.285606
0.656027	0.505634
0.275796	0.285384
1.8619	0.211756
-0.658487	-0.07689
-0.365165	-0.20488
-0.615032	-0.635389
-0.441212	0.031572
1.64463	0.219516
-0.93008	-0.0249441
-0.919216	-1.14157
-0.604168	-0.796345
-0.039253	0.487665
-0.973535	-0.499578
-0.462939	0.110465
-0.245664	-0.131536
1.87277	0.372989
-0.376029	0.483613
-0.441212	0.103607
1.00367	0.0538563
-0.821443	-0.222358
-0.419484	-0.351745
0.167158	0.214857
0.134567	0.428441
-0.984399	-0.228655
1.09058	0.765981
-0.93008	-0.163337
-0.854034	-0.738912
-0.767124	0.566419
-0.32171	-0.331797
-0.354302	-0.270919
-0.549849	0.303475
-0.473803	0.0587603
1.57945	0.499369
-0.832306	-0.390899
-0.615032	-0.0898289
-0.397757	-0.272385
0.275796	-0.0604051
0.0150657	0.101989
-0.777988	0.275151
-0.984399	0.522809
2.60064	0.247657
-0.984399	-0.7045
-0.767124	-0.125649
-0.919216	-0.35006
-1.00613	-0.292825
2.42682	0.575757
0.612572	0.431723
1.27526	0.516471
0.775528	0.342718
1.23181	0.522247
-0.734533	-0.861783
-0.984399	-0.738077
0.569117	0.210104
3.18728	0.59228
0.601708	0.141015
-0.854034	0.196552
0.57998	0.629066
-0.039253	0.582187
-0.506394	-0.600367
4.53438	0.584562
1.35131	0.582191
-0.886625	0.279962
0.167158	0.28252
1.37303	0.328307
2.1335	0.57031
-0.343438	0.417141
-0.137027	-0.161751
2.26386	-0.166038
0.699482	-0.42518
1.68808	0.519465
-0.832306	0.576344
0.57998	0.119545
-0.0501168	0.312296
-0.691078	-0.314231
-0.115299	0.172994
-0.40862	0.158565
-0.419484	-0.089199
-0.973535	-0.343432
0.221477	0.763051
-0.962671	-1.17345
1.21008	0.202409
-0.745396	0.0517401
-0.571577	-0.417636
-0.799715	0.346589
0.0802482	-0.0238623
-0.202209	0.637366
0.49307	0.0367586
-0.441212	-0.290658
1.47081	0.31063
-0.419484	-0.0281027
-0.517258	0.468705
-0.701941	0.57207
0.895029	0.71031
0.590844	0.20122
-0.202209	0.326126
-0.386893	-0.20516
-0.310847	0.209874
-0.452075	-0.0318059
-0.604168	0.0202797
-0.658487	0.179987
2.89396	0.296042
0.406161	-0.273588
-0.549849	-0.279122
-0.180482	0.322573
-0.995263	-0.466451
-0.528122	0.437149
-0.0501168	-0.300682
-0.951808	-0.46693
1.10144	0.355637
-0.908353	-1.07823
-0.126163	0.154746
-0.908353	0.00122492
-0.506394	0.507094
-0.734533	-0.366276
-0.49553	0.309126
-0.984399	0.477363
0.981939	0.323891
-0.777988	-0.503735
-0.854034	-0.529449
2.1335	0.443371
1.00367	-0.0992634
-0.799715	-0.625082
-0.864898	-1.52132
0.905893	0.442653
2.53545	0.426357
0.57998	0.210932
-0.376029	0.2054
-0.940944	-0.198817
-0.723669	0.000717527
0.384433	-0.0225765
-0.908353	0.154667
-0.897489	-0.144604
-0.14789	0.386946
-0.0283893	0.242639
2.42682	0.259416
-0.571577	0.456678
0.406161	-0.110182
3.26333	0.608531
-0.647623	-0.675221
-0.973535	-0.295411
0.395297	0.526643
-0.332574	-0.249384
-0.386893	-0.226421
0.264932	-0.167205
-0.256528	-0.145497
0.0259294	0.40409
-0.538985	-0.354993
-0.93008	-0.505658
-0.245664	0.299981
0.373569	0.513384
-0.49553	0.0417004
0.00420194	0.271681
-0.615032	-0.308793
0.460479	0.704523
-0.84317	-0.13053
0.134567	0.369525
-0.919216	0.428698
0.0150657	0.326506
0.49307	0.135692
-0.940944	-0.126498
-0.821443	0.222423
-0.0283893	0.109414
-0.723669	-1.36001
-0.788851	-0.102278
-0.875761	-0.39367
-0.864898	0.0596728
-0.799715	0.482476
-0.951808	-0.65863
-0.777988	-0.211321
0.656027	-0.54987
-0.14789	0.632386
-0.854034	-0.167948
-0.528122	0.362582
0.818983	0.219272
1.87277	0.096516
-0.984399	-1.03891
4.38229	0.807702
0.308387	0.130066
0.558253	0.000706441
0.112839	0.654089
-0.0935718	0.0939938
-0.484667	-0.181008
0.818983	0.530743
0.721209	0.212808
0.254068	0.544387
-0.58244	-0.280717
0.373569	0.145984
-0.832306	0.033141
-0.126163	0.701115
3.07864	0.527178
-0.984399	-0.0640202
-0.962671	-0.353152
0.286659	-0.31507
2.05745	0.723828
-0.864898	-0.416243
-0.419484	-0.0972442
-0.517258	0.400036
-0.886625	-1.06324
1.15576	0.320417
-0.397757	0.226278
0.384433	0.239705
1.04712	0.271067
-0.462939	-1.26511
-0.343438	0.287533
0.862438	0.6221
-0.951808	-0.38006
-0.940944	-0.0949643
0.101976	-0.243197
-0.0609805	0.52937
-0.832306	-0.650914
0.395297	0.334069
0.884165	0.477535
-0.571577	-0.470495
-0.951808	-1.33328
1.36217	0.0104581
3.49146	0.246695
-0.343438	0.365509
1.30785	0.252483
-0.039253	-0.147055
-1.00613	-0.283011
-0.0718443	0.200477
-0.299983	0.355651
0.308387	0.334508
-0.919216	-1.4438
0.427888	0.469218
-0.32171	0.303525
-0.832306	-0.524292
-0.0283893	0.202555
-0.897489	-0.512473
0.699482	-0.152729
-0.66935	0.574072
1.99227	0.219645
-0.799715	-0.259574
-0.832306	-0.372167
-0.962671	-0.644532
0.764664	0.624464
-0.310847	0.628604
0.449616	-0.00536686
-0.397757	-0.126314
2.79618	0.457611
-0.984399	-0.471914
-0.625895	-0.538096
-0.169618	-0.824277
-0.984399	-1.03636
-0.810579	-0.0978579
1.91622	0.624252
-0.365165	0.362441
0.721209	0.464253
0.829847	0.405633
-0.397757	0.0427837
-0.40862	0.0562225
1.93795	0.239498
-0.897489	-0.221241
0.0259294	0.302994
-0.430348	0.0276386
-0.93008	0.543063
0.732073	0.314112
-0.137027	0.273064
0.0150657	0.480301
1.42735	-0.134419
-0.452075	-0.349392
-0.658487	0.409614
-0.799715	0.239234
1.16662	0.24341
-0.951808	-0.643948
-0.908353	-0.169569
0.742937	-0.0383691
1.17749	0.47054
-0.0718443	0.411199
-0.223937	0.399422
-0.962671	0.405042
-0.039253	-0.631874
1.16662	0.15452
-0.430348	-0.0462399
1.18835	0.876675
-0.951808	-0.709803
0.938484	-0.163296
-0.202209	-0.24517
1.02539	-0.0746061
-0.962671	-0.446056
0.482207	0.162401
-0.723669	-0.957931
-0.75626	-0.621466
-0.75626	-0.32646
-0.680214	0.50046
0.0693844	-0.75267
0.873302	0.156268
-0.32171	0.250478
1.12317	0.0366779
-0.864898	-0.14346
-0.332574	-0.314492
-0.278255	-0.259264
2.27472	0.542379
0.156294	-0.216786
-0.723669	0.330155
0.188886	0.360018
-0.788851	0.399402
-0.397757	0.202877
-0.0935718	0.404476
1.8619	0.064122
-0.278255	0.603455
-0.441212	-0.0903681
0.330114	0.658314
0.384433	-0.477564
0.699482	0.151525
-0.158754	0.627456
1.47081	0.387161
0.330114	0.01325
0.7538	0.199752
-0.723669	0.529933
0.351842	0.414906
-0.430348	0.551296
-0.897489	-0.976529
-0.908353	-1.12077
-0.386893	0.557933
-0.386893	0.0928386
0.373569	0.11656
1.02539	0.328485
0.0693844	-0.646706
-0.0283893	0.0481953
-0.202209	0.573437
0.449616	0.32999
0.340978	-0.353565
0.960212	-0.0181799
-0.039253	-0.389986
-0.473803	-0.446111
1.18835	0.60919
-0.213073	0.412061
-0.821443	0.176166
1.9814	0.0634321
0.482207	0.676366
-0.441212	0.393332
-0.984399	0.241804
-0.962671	0.119231
-0.995263	-0.152538
-0.75626	0.165144
-0.452075	-0.12614
0.243204	-0.642064
0.688618	0.528096
0.482207	0.16925
0.254068	0.253472
-0.039253	0.0930337
-0.462939	0.264948
-1.03872	-1.13837
-0.75626	-0.297549
-0.897489	-0.338732
-0.289119	-0.00517141
2.93741	0.152891
0.340978	0.52361
1.61204	0.276376
0.0476569	0.681733
-0.962671	-0.569746
-0.66935	-0.174703
-0.93008	-1.32025
-1.00613	-0.63951
-0.354302	0.548998
-0.810579	-0.320587
-0.604168	0.463912
0.427888	0.37921
-0.908353	-0.487426
2.30732	0.0873162
1.13403	0.17149
-0.788851	-1.64759
0.471343	-0.120899
-0.419484	-0.00316256
0.199749	-0.825891
-0.821443	0.109318
0.536525	0.124028
-0.332574	-0.727292
-0.854034	-0.493933
-0.473803	0.399188
-0.680214	0.171021
-0.0175256	-0.367528
-0.571577	-0.0416469
0.156294	-0.547638
-0.636759	0.266344
-0.886625	-0.684256
-0.40862	-1.11918
-0.528122	-1.57764
0.916757	0.445899
3.2416	0.419389
-0.919216	-0.0994338
0.340978	0.332722
-0.886625	-0.281709
-0.962671	-1.39634
0.710345	0.486385
-0.386893	-0.216223
0.471343	0.278278
-0.604168	-0.536417
-0.777988	-1.09744
-0.636759	-0.375437
-0.343438	-0.178137
0.645163	0.341868
-0.788851	0.237111
-0.343438	-0.709505
-0.940944	-0.349466
0.00420194	0.469645
-0.973535	-0.536149
0.340978	0.419333
2.06831	0.465042
1.3839	0.6088
-0.973535	-0.45761
-0.2348	0.0488464
-0.962671	-0.639314
-0.593304	0.188868
0.340978	-0.287059
-1.00613	0.0364136
-0.951808	-0.60896
0.427888	0.0128113
0.471343	-0.220001
-0.223937	0.0382538
0.547389	0.254006
-0.0718443	0.447588
-0.84317	-0.130844
-0.886625	-1.41473
0.656027	0.22303
-0.506394	0.138752
-0.202209	0.210544
0.688618	0.0474373
-0.32171	0.438285
-0.256528	0.30321
3.33937	-0.00892966
-0.310847	0.0313246
-0.84317	-0.714533
2.48114	0.361225
-0.376029	0.335327
1.51426	0.460608
0.677754	0.44137
0.92762	0.387207
1.37303	0.203926
-0.299983	0.150444
-0.777988	-0.40897
0.916757	0.569754
-1.00613	0.501932
-0.202209	0.520765
-0.875761	-1.2496
-0.995263	-0.724705
0.786392	0.602356
-0.0501168	-0.435131
0.49307	0.0487626
0.395297	0.334069
-0.940944	-0.384465
2.86137	0.482069
-0.832306	-0.478359
-0.104436	-0.0561311
-0.256528	0.419982
-0.875761	-0.256219
-0.973535	-0.867983
4.41488	0.433528
-0.256528	-0.203266
0.134567	0.792943
-0.245664	-0.266551
-0.777988	-1.00176
0.221477	-0.0795975
-0.180482	0.185285
-0.84317	-0.258875
0.101976	0.199731
0.0150657	0.485373
0.330114	0.684147
-0.658487	-0.205971
-0.951808	0.23062
-0.93008	-0.312778
-0.430348	0.202684
0.0476569	-0.127946
1.63376	0.533776
-0.962671	-0.772262
-0.701941	-0.426052
2.99173	0.535763
-0.452075	-0.136698
-0.126163	0.393141
-0.691078	-0.165237
-1.00613	-0.0823043
1.31872	0.374012
0.330114	0.404758
-0.636759	0.0461614
0.623435	0.429298
-0.712805	-0.673337
0.547389	0.270014
-0.745396	-0.853661
-0.93008	-0.937617
0.66689	-0.128886
2.66582	0.495091
0.101976	0.347705
-0.604168	-0.513502
-0.908353	0.134668
-0.560713	0.497604
-0.984399	-0.103882
-0.58244	0.0485232
-0.767124	0.14015
-0.940944	-0.874726
0.297523	-0.525276
2.52459	0.399488
-0.0718443	-0.0519507
0.851574	0.52815
0.0367932	0.187941
-0.810579	-0.320587
0.351842	-0.200135
-0.571577	0.292724
-0.995263	0.289852
0.134567	0.519881
-0.386893	-0.50205
0.699482	0.0953033
-0.745396	0.348339
-0.0609805	0.385783
-0.658487	-0.0747992
1.00367	0.765692
2.48114	0.305081
0.0911119	0.117309
0.0802482	0.0170961
-0.973535	-0.536149
0.775528	0.595642
0.0367932	0.338562
-0.636759	-0.660801
-0.267392	0.227316
1.9814	0.441676
-0.0609805	-0.196261
1.53599	0.567193
0.612572	0.576136
0.558253	0.38501
-0.93008	-0.596277
1.51426	0.279466
-0.973535	-0.15486
-1.01699	-0.0410456
0.742937	-0.489269
0.438752	-0.0539105
0.558253	-0.212091
1.57945	0.537684
-0.560713	-0.228135
-0.191345	0.13205
0.297523	0.378685
-0.93008	-0.355129
-0.625895	0.362575
-0.528122	-0.603319
-0.788851	-0.980213
2.17695	0.348803
-0.767124	0.458291
-0.951808	-0.788391
-0.767124	-1.62777
-0.940944	-0.618914
0.0150657	0.12204
-0.223937	0.354231
1.63376	-0.406679
0.590844	0.311092
-0.0175256	-0.119748
1.12317	-0.15233
-0.365165	-0.639192
0.210613	0.593799
0.319251	0.436308
-0.126163	-0.650839
-0.919216	-1.00258
-0.223937	-0.453564
-0.126163	-0.334444
0.862438	0.121254
-0.832306	-0.233657
-0.0718443	-0.175232
0.84071	-0.024032
-0.886625	0.0908235
1.39476	0.340859
-0.441212	-0.00517307
1.19921	0.352837
-0.636759	-0.541486
-0.658487	-0.581721
1.95968	0.481167
-0.810579	0.311121
0.775528	0.522523
-0.082708	0.136934
-0.93008	-1.6062
2.40509	0.281785
-0.158754	0.134909
0.188886	-0.807914
-0.40862	0.0139248
1.97054	0.330175
-0.0718443	-0.250805
-0.908353	-0.876109
4.02379	0.500768
-0.40862	-0.0175318
-0.723669	0.334679
-0.767124	0.609744
-0.788851	-0.435532
1.76413	0.0875282
-0.0175256	0.411945
0.112839	-0.113039
-0.701941	0.177101
-0.549849	0.188822
-0.951808	-0.621836
-0.343438	0.550747
1.07971	0.0539504
-0.0501168	0.507761
-0.788851	-0.29131
-1.01699	-0.992396
-0.723669	0.0895159
0.536525	0.502166
-0.0283893	0.44838
0.482207	0.310138
-0.951808	-1.18427
-0.875761	-0.993842
9.48825	0.252395
1.21008	-0.0888566
-0.984399	-0.306349
-0.202209	0.470757
-0.245664	0.294373
-0.886625	-0.881971
-0.473803	0.100944
0.199749	0.475982
-0.299983	-0.184363
-0.528122	-0.229962
0.308387	-0.0171461
0.351842	0.677272
-0.462939	-0.191023
0.0476569	0.0914658
-0.365165	0.153205
-0.995263	-0.414082
-0.386893	0.217751
-0.636759	0.283204
-0.593304	-0.956527
2.04659	0.485787
-0.854034	-0.153487
1.91622	0.682663
0.66689	0.42932
1.24267	0.0807809
0.851574	0.453894
-0.951808	-0.460693
1.89449	0.279985
-0.223937	0.206521
2.93741	0.777043
-1.00613	-0.221525
0.351842	0.295889
1.49254	0.227698
1.6229	0.160415
1.37303	0.397921
-0.256528	-0.155492
2.05745	0.516872
0.112839	0.0111271
1.61204	0.0939858
-0.365165	-0.703622
-0.810579	0.0256386
-0.169618	0.263758
-0.528122	0.325356
0.112839	0.174107
2.16609	-0.100325
0.0367932	0.499319
2.06831	0.670858
0.286659	-0.455807
0.992803	0.0873887
-0.256528	0.0502506
1.56858	0.458289
4.43661	0.279553
-0.137027	0.271828
-0.202209	0.750038
-0.832306	-0.340019
-0.875761	-0.444154
1.3839	0.462318
-0.93008	-0.157229
-0.213073	0.394615
1.37303	0.0190524
0.286659	0.386098
-0.158754	-0.0587078
1.88363	0.339879
-0.169618	0.363723
0.178022	-0.371825
-0.821443	-0.965829
0.558253	0.651426
-0.93008	-0.340901
0.829847	-0.480092
-0.875761	-0.404581
-0.462939	-0.542777
-0.875761	-0.711554
-0.082708	-0.00558897
-0.40862	0.403097
0.221477	0.326481
0.0150657	0.244673
-0.832306	0.358671
-0.158754	0.289086
-0.93008	-0.892454
-0.875761	-0.487754
0.221477	0.542473
1.37303	0.508416
-0.40862	-0.631224
0.981939	0.313109
-0.75626	0.146237
-0.625895	0.253401
0.0911119	0.717755
-0.223937	0.516238
-0.984399	0.382999
0.732073	0.598556
-0.93008	-1.0184
-0.40862	0.0538546
1.63376	0.00163356
0.243204	0.326457
0.145431	0.282038
-1.00613	-0.563995
-0.32171	0.275491
0.601708	0.361025
-0.397757	-0.636496
0.84071	0.0114163
1.61204	0.475788
-0.854034	-0.296724
-0.788851	0.195537
2.51373	0.437827
1.54685	-0.0476191
1.18835	-0.272341
-0.93008	-0.104809
0.471343	0.0861507
-0.799715	-0.423087
1.60117	0.744595
0.677754	0.00147258
-0.625895	-0.420885
0.101976	-0.235374
0.406161	-1.05851
-0.180482	-0.556922
-0.93008	0.0387832
-0.886625	0.502372
0.7538	-0.0764141
-0.832306	-0.710192
0.688618	0.559458
-0.897489	-0.606901
-0.137027	0.332316
-0.506394	-0.0297667
1.45994	0.80843
-0.93008	-1.21503
1.34044	0.524246
-0.506394	-0.130248
-0.864898	-0.618058
-0.788851	0.45922
1.29699	0.343043
-0.223937	0.0290674
0.905893	0.382817
-0.919216	-0.29197
3.17642	0.841897
-0.821443	-0.0606162
0.0476569	0.0179561
-0.310847	-0.23624
-0.14789	-0.137605
-0.691078	-0.878146
-0.137027	0.37246
-0.32171	0.252267
0.742937	0.365152
-0.299983	0.778367
-0.93008	-1.06544
-0.93008	-0.808514
-0.701941	0.00406595
0.286659	0.264702
-0.897489	-1.02761
-0.734533	0.501185
-0.430348	-0.0278378
0.243204	0.399332
0.0259294	-0.237747
-0.745396	-0.0646226
0.232341	-0.484918
-0.517258	-0.115338
0.232341	0.171027
1.65549	0.137555
0.7538	0.422452
-0.93008	0.11475
0.57998	0.234199
-0.0935718	0.443025
-0.625895	0.526638
1.42735	0.327201
-0.995263	-1.03019
-0.886625	-0.341904
-0.0718443	0.378245
-0.777988	-0.219366
4.19761	0.129579
-0.75626	0.0415848
0.818983	0.55841
0.656027	0.343171
-0.14789	0.049251
-0.875761	-1.00218
0.514798	0.193368
-0.538985	0.526914
-0.430348	0.383654
-0.604168	-0.0271104
-0.0935718	0.359207
-0.886625	0.255963
-0.419484	0.239924
-0.549849	0.440213
0.112839	-0.0444721
0.362706	0.0757648
-0.875761	-0.28904
-0.615032	-0.495845
-0.625895	0.298898
-0.940944	-0.72716
1.1449	0.684772
-0.75626	-0.274332
-0.538985	-0.158018
1.55772	-0.46671
-0.115299	0.704859
-0.0935718	-0.304558
0.0476569	0.0237265
-0.538985	-0.301741
0.319251	0.120488
-0.734533	-0.149762
0.862438	-0.139645
1.70981	0.249941
0.330114	0.059141
-0.2348	0.264496
-0.506394	-0.55066
-0.962671	-0.623154
-0.538985	0.169855
0.612572	0.0909799
-0.549849	0.10261
-0.2348	-0.439607
0.101976	0.154969
-0.267392	0.360355
-0.84317	-0.971742
-0.821443	-0.919109
0.0476569	0.343856
-0.734533	0.362128
-0.386893	-0.86128
-0.571577	0.402033
-0.832306	-0.106863
-0.919216	-0.538844
-1.04958	-0.774474
-0.832306	0.240586
-0.452075	0.0428192
1.68808	-0.0684313
0.178022	0.522282
-0.973535	-0.853155
0.514798	-0.523079
0.764664	0.285936
-0.0283893	0.364655
-0.0609805	-0.518768
-0.75626	0.143387
-0.267392	0.420615
-0.767124	-0.655067
0.460479	-0.242894
-0.897489	-0.718506
0.460479	0.481698
0.221477	0.141061
1.2644	0.512155
-0.0501168	0.477159
-0.973535	-0.659922
-0.919216	-0.197325
1.81845	0.596222
1.5034	0.534519
-0.93008	-1.06718
-0.951808	-0.0467229
-0.810579	-0.0614898
-0.875761	0.157351
0.112839	-0.137786
0.677754	0.315543
-0.32171	0.521659
-0.299983	-0.0602984
-0.636759	0.330522
-0.397757	-0.269065
-0.299983	-0.597994
-0.734533	0.501752
0.00420194	0.410133
-0.506394	0.354093
-0.854034	-1.18377
-0.376029	-0.0236766
-0.984399	-0.381442
0.167158	-0.0233287
1.01453	0.421752
1.68808	0.58803
0.254068	-0.446051
-0.0935718	0.519653
-0.701941	-0.483278
0.710345	-0.181422
-0.832306	-0.849404
-0.126163	0.448727
1.12317	0.240613
-0.875761	0.393221
0.601708	0.59022
0.623435	0.106285
-0.75626	0.26538
-0.647623	0.177388
-0.886625	0.0278736
-0.593304	0.319676
-0.745396	0.506957
-0.430348	0.38347
-0.908353	0.126243
0.0585207	-0.117163
-1.00613	0.36244
-0.104436	0.11566
-0.289119	0.39812
-0.897489	-0.915769
0.677754	-0.0319418
-0.604168	-0.251008
-0.701941	-0.0339699
0.221477	0.361893
0.449616	0.0488444
2.39423	0.64029
-0.745396	0.339911
-0.0175256	-0.092501
-0.712805	0.508329
0.938484	0.423383
-0.799715	-0.625082
-0.951808	-0.502778
-0.962671	-0.119714
-0.137027	0.646943
-0.419484	0.34091
1.13403	0.111803
-0.886625	-0.396829
-0.799715	0.029651
1.36217	0.61132
-0.875761	-0.534637
0.199749	0.309052
0.818983	-0.085827
-0.180482	0.260946
0.449616	-0.959992
-0.908353	0.0599689
0.482207	0.370038
-0.777988	0.063218
-0.897489	-0.943484
-0.528122	0.300242
-0.658487	-0.0364619
-0.886625	0.0563606
-0.84317	0.0102943
-0.528122	0.565223
1.5034	0.0639
-0.995263	-0.732493
0.264932	-0.151662
2.87223	0.433886
2.66582	0.339611
0.688618	0.645443
1.12317	0.371576
1.7424	0.424287
-0.723669	-0.566811
-0.919216	0.318363
-0.58244	-0.343579
-0.517258	-0.944733
-0.897489	-0.250602
3.10037	0.399053
-0.821443	0.0361038
-0.777988	-0.184526
0.0585207	0.315504
0.210613	0.136283
0.362706	-0.181244
1.07971	0.27363
0.0802482	0.139393
-0.615032	0.178552
-0.40862	-0.305732
-0.14789	-1.89622
-0.169618	-0.702601
-0.0283893	-0.158812
-0.191345	0.289012
-0.940944	0.215814
-0.66935	0.20049
-0.886625	-0.928323
0.438752	0.330129
-0.864898	-0.320283
0.710345	0.548565
1.12317	-0.248711
-0.560713	0.412665
-0.615032	0.366113
-0.93008	0.112789
0.167158	-0.487866
0.438752	0.330129
0.732073	0.501271
-0.701941	0.265513
1.31872	0.132139
1.70981	0.638205
-0.484667	0.0275051
-0.104436	0.35794
0.503934	0.808292
-0.343438	0.152525
-0.767124	0.516408
-0.484667	-0.540512
0.243204	0.176287
-0.2348	0.227283
-0.886625	-0.30717
2.42682	0.580072
-0.49553	0.703212
-0.745396	-0.449788
-0.734533	-0.175324
3.21987	0.570805
-0.0935718	-0.925906
-1.00613	-0.378342
1.99227	0.764051
2.05745	0.0491124
1.36217	0.354384
-0.854034	-0.556117
-0.897489	0.296372
0.503934	0.358625
0.764664	0.613535
-0.484667	-0.202036
-0.267392	0.242633
-0.734533	-0.154075
-0.397757	-0.144517
1.02539	0.228514
0.0911119	0.527518
-0.854034	-0.32506
0.167158	-0.0238359
-0.962671	-0.301464
0.710345	0.20563
-1.01699	-0.0410456
-0.126163	0.371952
-0.940944	-0.860018
-0.462939	-0.171846
0.764664	0.436532
1.52513	0.410541
0.101976	0.213599
-0.506394	-0.0849574
0.797255	0.400361
-0.115299	0.0130525
-0.886625	-0.0579846
-0.767124	-0.300375
0.243204	0.321662
0.645163	0.0711796
2.731	0.603006
-0.84317	-1.01526
-0.538985	0.296887
0.612572	0.10022
-0.0609805	0.327435
-0.93008	-1.71421
-0.528122	0.568337
-0.701941	0.268835
4.24106	0.192544
0.525662	0.420956
0.525662	0.66074
-0.376029	-0.241729
-0.0283893	0.26176
0.264932	-0.0835565
-0.821443	-1.02537
0.92762	0.303251
2.04659	0.0546095
-0.93008	-1.64742
2.1009	0.606726
1.69895	0.458185
-0.484667	-0.131686
-0.745396	-0.150272
-0.571577	-0.493929
-0.202209	-0.169971
-0.473803	-0.211454
-0.973535	-0.309853
-0.745396	-0.0830846
-0.864898	-1.03485
-0.40862	0.304967
1.94881	0.862307
-0.886625	-1.09528
0.145431	0.290821
-0.908353	-0.475125
0.503934	-0.142461
-0.376029	0.470004
1.9814	0.377042
-0.365165	-0.440301
-0.897489	0.614678
1.45994	0.80843
-0.832306	-0.329518
-0.506394	-0.166891
0.905893	0.349164
-1.01699	0.111902
-0.517258	0.229107
-0.658487	-0.22712
1.32958	0.387835
0.373569	0.293322
-0.538985	-0.0894847
0.699482	0.377926
0.254068	0.50314
1.87277	-0.600481
-0.0718443	0.318839
-0.951808	-0.0145017
0.178022	0.341227
0.818983	0.114752
-0.984399	0.381639
-0.2348	-0.170359
-0.571577	-0.133267
0.00420194	0.409909
-0.104436	-0.219122
0.427888	0.32095
-0.365165	-0.719104
1.40563	-0.772224
0.656027	0.312464
-0.832306	-1.07296
-0.821443	0.0895701
-0.951808	-0.933444
0.710345	0.37061
-0.897489	-1.64165
0.156294	0.222396
0.818983	0.322413
-0.701941	-0.231341
-0.223937	0.362067
-0.267392	0.668845
-0.517258	0.177354
-0.604168	0.151285
-0.365165	0.296519
0.7538	0.156063
-0.593304	0.177393
-0.180482	0.0227899
0.851574	0.327354
0.0476569	-0.11058
-0.473803	0.160165
-0.973535	-0.926785
2.76359	0.523787
-0.919216	0.0865675
1.2644	0.454317
0.123703	0.39964
0.373569	0.298203
1.04712	0.294533
-0.886625	-0.717519
-0.00666181	0.265223
2.23127	0.344522
-0.386893	0.230992
2.12263	0.495953
-0.473803	-0.313443
0.243204	0.016782
-0.940944	-0.496671
-0.571577	0.37775
-1.02785	-0.943824
1.85104	0.410399
0.0693844	0.0952243
0.123703	0.477453
0.732073	0.17061
-0.0609805	0.449094
1.37303	-0.192931
-0.897489	-0.512473
-0.2348	-0.0217386
0.460479	0.156195
-0.223937	-0.24222
0.449616	0.330605
-0.691078	0.374025
-0.397757	0.146353
-0.864898	-1.52132
-0.2348	-0.757338
0.00420194	0.390288
-0.919216	-0.461134
-0.951808	0.198036
-0.625895	0.568698
-0.115299	0.0449448
-0.0935718	-0.10997
1.93795	0.639058
-0.332574	-0.124257
-0.538985	0.24011
-0.104436	-0.56611
-0.419484	0.378124
1.24267	0.649293
0.0693844	0.387949
-0.951808	0.0471241
-0.701941	0.476045
-0.799715	0.328101
-0.462939	-1.25767
-0.745396	0.154964
0.145431	-0.214649
-0.777988	-1.24218
0.884165	0.0650826
1.39476	0.465112
1.52513	0.572638
-0.940944	0.000863214
-0.40862	-0.393317
-0.788851	-1.10982
-0.58244	-0.385919
-0.278255	0.100205
3.53492	0.486836
-0.875761	-0.327959
-0.940944	0.299076
-0.897489	-0.61142
-1.02785	-0.961914
-0.473803	0.490336
-0.180482	0.064367
-0.625895	-0.148794
0.547389	0.440045
-0.376029	-0.0236766
-0.962671	-0.786492
-0.0718443	0.100476
0.775528	0.524744
0.949348	0.412376
-0.647623	-0.688545
-0.0935718	-0.485636
-0.0718443	-0.727362
0.319251	0.323346
0.199749	0.180605
0.243204	-0.33395
0.210613	0.228727
-0.615032	0.147968
-0.777988	0.252106
-0.75626	-0.665385
-0.039253	0.37807
-0.2348	-0.208586
0.145431	0.154272
-0.788851	-1.21998
-0.137027	0.37044
-0.213073	0.0375163
-0.430348	-0.627618
1.21008	0.0295965
-0.604168	0.337244
-0.560713	-0.367796
-0.908353	-0.0399446
0.112839	0.0900912
-0.082708	0.235136
2.68755	0.120101
-0.245664	0.212025
-0.984399	-0.587316
1.19921	-0.00697244
3.30678	0.408733
-0.799715	-0.832251
-0.0175256	0.410335
-1.03872	-1.33485
-0.180482	0.279421
0.00420194	-0.0906835
0.873302	0.72047
-0.788851	-0.00993529
-0.213073	-0.231163
-0.799715	-0.684144
0.373569	0.0359052
-0.354302	0.513303
-0.636759	0.242102
-0.517258	0.468611
1.8619	0.484422
-0.452075	0.359521
0.645163	0.495657
-0.680214	-0.722824
-0.908353	0.119477
-0.386893	0.430022
-0.32171	-0.588416
1.02539	0.542547
-0.593304	0.372284
-0.832306	-0.537711
-0.875761	-0.419952
-0.864898	-0.153502
-0.386893	-0.00455822
0.503934	-0.226923
-0.919216	-0.70817
-0.84317	0.193174
-0.517258	-0.230962
-0.58244	0.13256
-1.00613	-0.788476
-0.995263	-0.480512
-0.66935	-0.311945
-0.886625	-0.295088
0.319251	0.476885
0.438752	-0.125235
-0.821443	-0.405175
-0.169618	0.274703
1.36217	0.354384
-0.962671	-0.710575
1.37303	0.447587
0.308387	0.164709
0.895029	0.568608
-0.777988	0.262703
-0.745396	-0.335721
-0.310847	0.169441
-0.158754	0.525667
0.0150657	0.0262912
-0.75626	-0.265406
1.36217	0.375425
-0.908353	-0.273312
-0.452075	-0.449485
2.55718	0.648914
-0.93008	-0.92508
-0.962671	-1.20834
-1.00613	-0.305042
-0.343438	0.325863
0.623435	0.113886
0.199749	0.403756
0.699482	0.0842884
0.112839	0.410699
-0.940944	-0.937889
-0.680214	-0.113446
0.275796	0.211957
0.699482	0.289484
-0.039253	0.147489
3.14382	0.0490055
-0.940944	-0.489775
1.12317	0.2861
0.981939	0.393798
0.623435	0.432597
1.36217	-0.0296698
-0.289119	0.307571
0.297523	0.335277
1.7424	0.379659
0.406161	0.395862
-0.386893	0.438594
-1.00613	0.0660946
-0.039253	0.30425
-0.473803	0.380531
-0.528122	0.102132
-0.58244	-0.0124037
-0.58244	0.185771
-0.788851	0.354433
0.188886	0.15319
-0.951808	-0.961722
0.949348	0.228061
2.69841	0.135602
0.66689	0.217019
-0.940944	0.355979
-0.386893	0.220076
0.101976	0.495428
-0.137027	-0.253022
-0.658487	-0.487382
-0.723669	0.147797
-0.984399	-0.897355
0.0367932	0.296824
0.123703	-0.141214
-0.875761	-1.00218
2.58977	0.52729
-0.951808	0.130171
-0.32171	0.338564
-0.452075	0.567097
-0.897489	-0.752351
0.66689	0.279512
-0.951808	-0.681272
0.221477	0.0824662
-0.962671	-0.672291
1.54685	0.419177
-0.58244	-0.387403
0.0585207	0.467671
-0.245664	0.246877
-0.517258	0.294101
-1.02785	0.370137
-0.506394	0.267694
-0.745396	-0.342138
-0.517258	-0.0466273
-0.745396	0.00644026
0.7538	0.0483522
-0.462939	0.151061
0.590844	0.165338
-1.00613	0.185337
-0.49553	0.526795
-0.84317	-0.273975
-0.137027	-0.421723
0.123703	-0.398333
0.677754	0.45387
2.05745	0.228576
-0.821443	-0.118252
-0.636759	-0.681787
0.178022	0.262877
3.06778	0.542656
-0.995263	-0.7535
-0.777988	0.395997
-0.919216	-0.813537
-0.419484	-0.576931
-0.538985	0.232219
0.547389	0.49951
-0.777988	-0.897371
-0.386893	0.270122
0.656027	-0.0118338
-0.919216	0.307544
0.66689	0.444158
3.26333	0.608531
0.438752	0.0744799
0.775528	0.587779
1.19921	0.0608241
0.264932	0.366246
-0.636759	0.131376
-0.202209	0.0232755
-0.886625	-0.896878
1.27526	0.501479
-0.430348	-0.0199572
0.797255	0.312152
-0.310847	-0.133278
0.547389	-0.0561476
-0.213073	0.430483
-0.93008	-1.17955
-0.484667	0.405469
-0.636759	0.0210464
-0.75626	0.266834
-0.14789	-0.588962
2.26386	0.352075
-0.419484	-0.195092
-0.40862	0.513667
-0.549849	0.312922
-0.897489	-1.07706
3.17642	0.758638
-0.0935718	0.444004
-0.115299	0.364361
0.373569	0.190228
0.514798	0.17575
-0.538985	-1.41236
-0.821443	0.211753
0.0150657	-0.0668267
2.19868	0.441429
-0.854034	-0.4235
-0.84317	-0.468615
-0.213073	-0.256479
1.23181	0.682607
-0.864898	0.498969
-0.799715	-0.0238328
0.199749	-0.447261
-0.430348	-0.0445889
-0.75626	-0.0780256
0.221477	0.163618
4.38229	0.688267
-0.66935	-0.284003
-0.245664	0.161088
-0.745396	0.334587
-0.647623	-0.0451966
-0.332574	0.0112746
-0.984399	-0.960114
2.1009	0.0361411
0.775528	0.507891
1.23181	0.499406
-0.549849	0.291809
0.503934	0.458689
0.66689	0.466186
-0.223937	-0.160753
1.79672	0.214806
0.406161	0.427022
-0.484667	0.187482
-0.506394	0.049682
-0.821443	-0.851257
0.243204	0.171679
0.57998	-0.00479126
-0.680214	0.164933
-0.256528	0.090327
-0.66935	-0.0244063
0.0259294	0.363259
2.00313	0.50355
1.23181	0.447431
-0.615032	0.000298425
0.0693844	0.029818
-0.864898	-1.1664
2.02486	0.465061
-0.58244	0.201787
1.03626	0.505217
-0.506394	0.276166
-0.386893	-0.245028
-0.126163	-0.136289
-0.58244	0.442542
-0.93008	0.229339
0.340978	0.0863233
-0.734533	0.0488012
-0.00666181	0.285947
0.471343	0.194415
-0.75626	0.00643721
-0.082708	-0.312889
0.0259294	-0.169976
-0.897489	-1.57837
0.808119	0.754047
0.797255	0.374442
-0.278255	-0.64138
-0.864898	0.574354
-0.462939	0.385645
-0.875761	-0.242555
0.449616	0.443097
-0.386893	-0.834516
1.59031	0.222869
-0.75626	0.0687528
-0.58244	0.505117
-0.864898	-0.169331
-0.897489	-0.312316
0.286659	-0.212267
-0.549849	0.154626
1.41649	-0.235421
0.710345	0.490058
0.210613	0.597797
3.21987	0.522682
-0.299983	-0.207821
-0.289119	0.207672
-0.104436	0.178973
0.884165	0.0247116
1.82931	0.628613
-0.0935718	0.519653
1.24267	-0.0311666
4.07811	0.282498
0.0367932	0.301553
-0.082708	-0.0866777
1.51426	0.42266
-0.864898	-0.549337
-0.84317	-0.518761
0.0911119	-0.0206982
-0.636759	-0.230248
0.895029	0.226231
-0.538985	-0.423062
-0.126163	0.374985
-0.343438	-0.0569037
4.33884	0.641971
-0.875761	-1.0037
0.275796	0.728805
-0.734533	-0.740515
-0.082708	-0.0486128
-0.223937	-0.200481
0.656027	0.403559
-0.354302	-0.367269
-0.2348	-0.0171991
-0.919216	-0.721677
-0.462939	-0.043792
1.59031	0.538325
-0.169618	0.162421
-0.0609805	-0.17754
-0.908353	-1.17532
-0.745396	0.18331
-0.897489	-0.14323
-0.951808	-0.238688
0.254068	-0.157272
-0.441212	-0.642567
-0.886625	-0.356273
1.8619	0.517117
-0.951808	-0.597585
-0.386893	0.320088
-0.962671	-0.86572
-0.2348	0.512995
-0.615032	0.457363
-0.875761	0.192263
-0.799715	-0.58652
-0.213073	-0.159103
0.590844	-0.0506014
-0.886625	-0.852692
0.482207	-0.390991
0.742937	0.100052
-0.180482	0.196159
0.275796	-0.638685
-0.701941	-0.693885
-0.104436	-0.118058
-0.430348	0.299454
1.01453	0.00340056
-0.0935718	0.609251
0.862438	0.660021
-0.864898	-0.141342
2.57891	0.334691
-0.14789	0.305562
-0.984399	0.522809
0.525662	0.372722
-0.332574	-0.27454
-0.810579	0.00103251
-0.169618	0.456997
-0.712805	-0.617051
0.0585207	0.125096
0.775528	-0.338781
-0.473803	0.323622
-0.767124	-0.655067
-0.767124	-0.94212
1.13403	0.454594
-0.58244	0.182954
-0.126163	-0.322897
-0.767124	-0.330197
-0.908353	-0.243112
0.558253	0.38501
-0.799715	-0.478858
0.156294	-0.117627
-0.886625	-0.784424
0.232341	0.345884
0.199749	0.0324422
-0.082708	0.298123
-0.40862	-0.350264
-0.289119	0.4088
0.699482	0.273364
-0.0609805	0.280032
0.0476569	0.694213
0.0802482	-0.00492927
-0.951808	-0.258858
-0.701941	-0.771709
0.340978	0.567231
-0.995263	-0.733429
0.254068	0.219712
-0.267392	0.21179
0.66689	-0.217466
-0.864898	-0.576662
1.05799	0.377487
1.89449	0.397909
-0.191345	-0.762053
-1.04958	-0.23142
-0.691078	-0.348803
-0.0609805	0.108146
1.1123	0.0480366
-0.701941	-0.693885
-0.0175256	0.21568
0.732073	-0.642967
-0.397757	0.226278
-0.734533	-1.09373
0.775528	-0.126618
-0.549849	-0.145745
-0.908353	-0.80776
-0.919216	-0.659951
-0.680214	0.326121
0.221477	-0.0609817
0.0911119	0.474973
-0.66935	0.398569
0.145431	0.321162
-0.810579	0.0901908
0.00420194	-0.120026
1.30785	0.445119
-0.332574	-0.663342
-0.0935718	0.519653
0.167158	0.222187
-0.767124	0.550881
-0.940944	-0.137534
0.0585207	-0.63533
-1.00613	0.253335
-0.191345	0.367064
0.558253	0.000706441
1.6229	0.189989
-0.462939	0.337072
0.123703	-0.473443
0.112839	0.300075
2.44854	0.293506
-0.625895	-0.985655
-1.01699	-0.50788
3.0026	0.117874
2.19868	0.486492
-1.01699	-0.658481
-0.289119	0.332894
-0.625895	-0.0206877
-0.93008	0.313659
-0.680214	-0.396826
-1.01699	-1.00664
-0.951808	-0.332735
-0.680214	0.470677
-0.995263	0.0146987
-0.0283893	0.414334
-0.386893	-0.633412
-0.897489	0.415316
-0.973535	-0.28682
-0.386893	-0.570076
-0.973535	0.302269
1.02539	0.456985
-0.419484	-0.0684238
-0.767124	-0.220507
-0.93008	-1.11254
-0.723669	0.174668
-0.734533	-0.339342
-0.832306	-0.342413
-0.32171	-0.264882
-0.691078	-0.101738
-0.517258	0.112401
0.851574	0.354582
0.471343	0.434614
0.525662	0.0646035
-0.58244	-0.255096
1.05799	0.36005
1.2644	-0.356915
-0.560713	-0.209192
-0.365165	-0.484966
-0.267392	0.0814564
-0.58244	-0.341171
0.49307	0.738031
-0.908353	-0.697839
-0.158754	0.28108
2.24213	0.361452
-0.538985	0.316874
-0.680214	0.164933
-0.940944	0.315476
-0.951808	-0.724685
-0.745396	-0.667801
-0.571577	-0.117757
-0.75626	0.012732
1.97054	0.00949507
-0.354302	0.382489
-0.528122	-0.681099
0.634299	-0.0126235
-0.49553	0.53087
1.43822	0.405199
-0.875761	-0.355175
-0.0283893	0.283607
0.590844	0.684456
0.264932	0.148613
-0.549849	-0.23616
-0.137027	0.272843
2.11177	0.657066
-0.191345	0.502664
0.373569	-0.136845
-0.462939	0.436175
-0.951808	0.292948
-0.919216	-0.146035
-0.354302	0.0672684
0.188886	-0.164359
-0.180482	-0.324925
0.449616	0.418155
-0.658487	-0.213472
-0.919216	-0.664226
1.25353	0.410526
-0.93008	-0.643873
2.17695	0.333425
-0.886625	-0.0936335
-0.66935	0.447424
-0.267392	0.0141877
-0.886625	-0.41444
0.286659	0.611983
0.417024	0.398403
-0.832306	-0.849404
-0.864898	-0.614387
-0.191345	-0.304855
0.297523	0.422487
0.645163	0.329942
-0.452075	0.197338
-0.84317	0.142944
-0.560713	0.446788
-0.919216	-0.100988
-0.745396	0.288723
2.04659	0.532292
1.15576	0.419028
-0.777988	-1.00289
-0.745396	0.420179
0.818983	0.114408
2.87223	0.492722
-0.701941	-0.355923
-0.897489	-0.348023
0.895029	0.747343
0.818983	0.485735
-0.897489	0.178859
1.02539	0.703565
-0.615032	0.259993
-0.278255	0.0481342
0.156294	0.378878
-0.66935	-0.370157
-0.962671	-0.559414
0.547389	0.311571
-0.58244	-0.340009
-0.158754	-0.147216
-0.245664	0.403348
-0.951808	-0.453752
-0.919216	-0.528098
-0.180482	-0.0328761
-0.875761	0.248321
0.601708	0.285452
-0.93008	0.216132
0.0911119	0.474973
-0.962671	-0.192239
0.916757	0.478052
1.72067	0.75174
-1.01699	-0.171665
1.39476	0.299019
-0.0283893	0.155825
-0.919216	-0.615848
-0.832306	-0.213281
-0.93008	-0.282007
-0.169618	0.101688
0.764664	0.47534
-0.832306	-0.707257
0.145431	0.355246
0.188886	0.054907
-0.517258	0.225246
-0.0283893	-0.106665
2.22041	0.493749
-0.267392	0.517196
-1.02785	-0.316332
-0.832306	-0.814762
0.569117	-0.291395
-0.126163	-0.0637078
-0.875761	-0.740303
-0.0718443	0.0759455
-0.66935	-0.174703
-0.549849	0.504539
-0.223937	0.12793
-0.256528	0.095303
-0.32171	-0.164006
-0.658487	-0.154093
0.503934	0.511392
0.145431	-0.0939351
-0.452075	-0.0561609
-0.419484	0.312589
-1.03872	-0.410726
-0.517258	0.292604
1.04712	0.532917
0.525662	0.372722
1.30785	0.461941
-0.213073	0.315797
-0.777988	0.285821
-0.854034	-0.617864
-0.484667	0.253534
2.65496	0.520527
0.981939	0.579049
-0.93008	-2.03258
-0.267392	0.593443
0.688618	-0.583043
1.45994	0.304124
-0.571577	0.277838
-0.104436	0.548647
0.275796	0.402227
-0.299983	0.322598
-0.0283893	0.242639
0.417024	0.501895
0.732073	0.165181
-0.58244	-1.2962
-0.549849	-0.837927
0.319251	0.223017
-0.58244	0.444016
-0.723669	-0.251622
0.406161	-0.201142
0.0911119	0.119807
1.85104	0.478739
-0.571577	0.382466
-0.767124	0.329114
-0.951808	-0.836199
-0.799715	-0.259574
-0.908353	0.516638
-0.00666181	0.38584
-0.202209	0.437949
-0.223937	0.288531
0.0911119	0.162205
0.677754	-0.052748
1.10144	0.366686
-0.940944	-0.895239
-0.897489	-1.64165
1.28612	0.598718
-0.875761	-1.30429
3.79565	0.544768
-0.0935718	0.393092
0.601708	0.24083
0.210613	0.193638
1.77499	0.375263
-0.940944	-1.06073
0.634299	0.202429
-0.886625	-0.65892
-0.75626	-0.218963
-0.854034	-0.00931481
-0.180482	-0.368727
2.54632	0.66413
-0.213073	0.377629
0.221477	0.461331
-0.691078	-0.0627148
-0.995263	-0.287725
1.19921	0.399432
-0.2348	-0.190502
-0.571577	0.247808
-0.777988	-1.65107
2.05745	0.364057
-0.723669	-0.364352
0.949348	0.151194
-0.0501168	-0.871451
-0.00666181	0.46661
-0.191345	0.285822
-0.115299	0.39106
-0.625895	0.0516201
-0.919216	-1.07605
0.167158	0.513279
-0.919216	-0.981362
-0.940944	-0.556088
0.449616	0.0474536
-0.767124	-0.76247
-0.223937	0.281637
-0.680214	-0.0102564
-0.289119	0.0894693
0.775528	0.332457
1.24267	0.214961
1.63376	0.612987
-1.00613	-1.96725
4.27365	0.529389
-0.701941	-1.24349
-0.267392	0.0377895
-1.00613	-0.42894
-0.538985	0.393292
-0.636759	-0.257511
0.427888	0.695434
0.818983	0.127627
-0.625895	0.686941
-0.832306	-0.559664
-0.104436	-0.674545
-0.701941	0.524796
-0.0718443	0.334316
1.13403	0.273232
-0.0283893	0.440554
-0.832306	0.342667
-0.191345	0.3924
-0.126163	-0.259155
-0.32171	0.436353
-0.267392	-0.0124426
-0.810579	-0.634441
0.536525	0.114142
-0.973535	-0.190381
-0.538985	0.425232
-0.93008	-1.15182
-0.854034	-0.0551668
-0.0718443	0.394095
2.56805	0.208896
0.0585207	0.487481
2.253	0.430446
-0.691078	0.535874
-0.571577	-0.333011
-0.452075	0.495824
0.221477	0.451962
0.862438	-0.0619259
-0.625895	0.27724
-0.84317	-0.370567
-0.126163	0.377768
-0.0283893	-0.0273084
-0.376029	0.44919
-0.354302	0.311216
-0.875761	-0.637944
-0.354302	0.0519612
-0.84317	0.253175
-0.691078	-0.108767
-0.625895	0.530035
-0.647623	-0.756849
-0.615032	0.539233
-0.636759	0.392182
-0.647623	0.18575
-0.202209	0.319353
-0.082708	0.348668
-0.560713	0.283302
-0.354302	-0.235565
-0.32171	0.101967
-0.832306	0.261293
-0.875761	-0.032794
0.232341	0.343845
-0.93008	-0.118742
1.01453	-0.0576324
0.623435	0.365402
-0.0283893	-0.777474
-0.0609805	0.36743
-0.75626	0.0215049
-0.691078	0.0665476
0.243204	-0.0952725
3.62183	0.197113
-0.549849	0.405153
0.167158	0.321637
0.0367932	-0.0893791
-0.832306	0.229024
-0.919216	-0.786795
-0.886625	0.435635
1.04712	0.471513
1.5034	-0.0467973
0.00420194	0.265822
0.286659	0.137051
0.601708	0.341289
1.76413	0.584288
-0.875761	-0.369464
0.764664	-0.297035
-0.712805	0.250586
-0.777988	0.686262
-0.886625	0.0435859
0.0367932	0.229156
-0.528122	-0.68068
-0.962671	0.457576
0.438752	-0.528076
-0.745396	0.384495
-0.517258	-0.944627
-1.03872	-1.11715
0.286659	-0.0225908
-0.788851	-0.650932
1.27526	0.0078649
0.178022	0.662391
-0.658487	0.22149
0.0476569	-0.314955
-0.180482	0.175679
-0.962671	0.497175
-0.799715	-0.616954
0.199749	0.0408064
-0.517258	-0.442302
-0.58244	-0.891802
2.64409	0.531958
2.90482	0.429396
0.264932	0.500871
-0.397757	0.410257
-0.66935	0.228344
-0.267392	0.432811
0.895029	0.535163
1.1449	0.333706
1.06885	-0.018997
-0.462939	-0.498682
-0.571577	-0.497145
0.688618	0.293809
-0.386893	-0.104588
0.0367932	0.124922
-0.658487	0.310252
0.286659	0.267206
-0.0501168	0.184042
-0.441212	0.26062
-0.723669	-0.0920475
-0.995263	-0.204628
4.1107	0.119005
0.438752	-0.213656
-0.419484	-0.0590962
-0.734533	-0.174961
0.0693844	0.274275
-0.875761	0.149671
-0.658487	-0.521494
0.0150657	0.315581
-0.462939	-0.589837
-0.745396	0.404083
0.938484	0.405242
-0.973535	-0.397856
1.04712	0.471513
0.981939	0.188269
-0.593304	-1.49221
-0.995263	0.495986
-0.538985	0.193203
0.330114	0.2578
0.612572	0.445585
-0.137027	0.288834
-0.00666181	0.367577
-0.386893	0.196573
0.319251	0.12256
-0.691078	0.533877
1.53599	0.257661
-0.549849	-0.145745
-0.886625	-0.606112
0.503934	-0.14927
-0.376029	-0.520268
-0.213073	0.10482
0.188886	0.472215
1.24267	0.0158488
-0.137027	-0.0810245
1.52513	-0.390582
-0.984399	-0.0609538
-1.03872	-0.316709
1.56858	0.147761
-0.75626	0.103699
-0.886625	0.300407
-0.213073	0.411413
0.895029	0.568608
-0.951808	0.367809
-0.560713	0.0284353
-0.821443	-0.293369
-0.0175256	0.141452
-0.397757	-0.0406746
-0.864898	0.14393
-0.549849	0.43001
-0.734533	-0.0399024
0.66689	0.489404
1.1123	-0.0289515
1.15576	0.402804
-0.191345	0.0205347
-0.897489	0.11848
0.438752	0.503594
-0.484667	0.294958
1.2644	0.0129537
-0.0718443	0.106646
-0.430348	0.0757755
-0.647623	-0.612847
-0.658487	0.285092
-0.767124	0.729303
0.0911119	0.383651
0.732073	-0.00491677
0.514798	0.245037
0.101976	-0.0867599
-0.864898	-1.25148
-0.14789	0.00680453
-0.2348	0.0654926
0.884165	0.600587
-0.560713	0.445993
-1.00613	-1.11034
-0.734533	-0.316418
-0.256528	-0.181587
2.79618	0.502574
-0.0718443	0.458663
1.31872	-0.151005
-0.854034	-0.909002
-0.419484	-0.216473
0.417024	0.0963138
0.742937	0.0026232
-0.202209	0.486742
-0.886625	-0.353005
0.601708	0.170569
0.818983	0.382228
0.221477	0.140037
-0.897489	0.0190933
0.178022	0.257158
-0.430348	0.128443
-0.0501168	0.513268
0.0150657	0.548443
-0.777988	-0.970328
-0.658487	-0.305157
-0.875761	-0.120612
0.710345	0.0390727
-0.712805	-0.386237
-0.158754	0.31534
0.275796	0.18196
-0.256528	0.53769
-0.973535	-0.178293
-0.734533	-0.120569
2.15522	0.65329
-0.875761	-1.02878
-0.0175256	0.476269
0.232341	-0.580958
-0.245664	0.253684
-0.680214	-0.0647118
-0.723669	-0.701
0.981939	-0.355221
0.417024	0.112517
0.330114	0.422012
2.97	0.509718
-0.951808	-0.237603
-0.767124	-0.0518044
0.971075	-0.733592
-0.799715	-0.833566
-0.365165	0.416987
-0.343438	0.810265
3.57837	0.206183
-0.213073	-0.778686
-0.767124	-0.106054
0.0585207	-0.123565
-0.886625	-1.86393
0.156294	0.333668
-0.14789	0.252586
0.0911119	0.420317
-0.995263	-0.862364
0.612572	0.670151
-0.104436	0.237933
-0.84317	-0.423418
1.65549	0.272931
2.81791	0.334195
-0.365165	0.0181828
0.569117	-0.0128062
0.0802482	0.177328
1.79672	0.214806
-0.538985	-0.398505
-0.430348	0.285587
-0.267392	0.325098
-0.126163	-0.842929
-0.517258	0.0299328
0.57998	0.204801
-0.560713	-0.0162111
-0.832306	-0.260938
-0.430348	0.38347
-0.919216	-1.07605
-0.332574	0.584216
-0.0283893	0.0883362
-0.995263	-0.0199156
0.373569	0.344814
3.57837	0.441388
0.829847	0.047822
-0.58244	-0.29663
0.0585207	0.444497
-0.517258	-0.741843
1.34044	0.234424
0.123703	-0.159558
-0.810579	0.403835
0.612572	0.130517
1.22094	0.548899
-0.506394	-0.0767194
0.503934	0.466206
-0.299983	-0.312318
0.210613	0.214967
0.645163	0.184172
-0.897489	-0.186452
-0.658487	-0.0551538
-0.854034	-0.989855
0.960212	0.32349
-0.832306	-0.794026
-0.213073	0.460917
0.221477	-0.514405
0.503934	0.390102
0.243204	0.405135
-0.354302	-0.369262
-0.419484	0.380013
-0.658487	-0.068371
-0.712805	-0.236104
-0.137027	-0.0128807
-0.245664	-0.0752329
2.83964	0.0718259
-0.908353	0.280182
-0.984399	-0.362684
-0.354302	0.274821
0.0367932	0.353466
2.19868	0.645095
-0.289119	-0.494168
4.27365	0.483595
-0.126163	0.701115
-0.886625	-0.822339
-0.267392	-0.841943
-0.625895	-0.162501
-0.452075	-0.656999
-0.636759	0.0365758
-0.919216	0.141921
-0.810579	-0.841642
1.18835	0.653922
-0.93008	-1.24013
-0.734533	-0.214477
1.53599	0.607373
2.74187	0.490722
-0.799715	-0.468999
0.232341	0.519281
1.25353	0.112192
1.44908	0.470842
-0.0609805	-0.610874
-0.93008	0.110356
-0.32171	-0.264882
0.569117	0.258389
0.7538	0.590915
-0.734533	-0.27972
3.13296	0.202931
-0.832306	-1.06968
-0.93008	0.30671
-0.0283893	0.122233
0.92762	0.303251
-0.462939	-0.498682
0.829847	0.185337
-0.919216	-0.387175
-0.777988	-0.4818
1.09058	-0.0754191
-0.940944	-0.295409
-0.875761	-0.557687
-0.712805	-0.0950108
3.17642	0.472309
-0.636759	-0.00616656
0.960212	0.490695
0.101976	-0.0185518
-0.767124	0.550881
-0.984399	-0.51568
1.75326	0.243736
-0.658487	-0.325049
-0.158754	0.258305
1.02539	0.170359
-0.951808	-0.534065
-0.462939	0.103242
1.37303	-0.0755013
-0.0501168	0.390581
0.319251	0.033172
-0.039253	0.115965
-0.299983	0.331839
0.308387	0.244112
-0.571577	-0.264574
-0.821443	0.145196
-0.973535	-2.30344
-0.93008	0.0576561
1.54685	0.22916
0.742937	0.0533192
-0.962671	-0.892788
0.178022	0.296929
-0.365165	-0.456038
0.66689	0.0810062
-0.886625	-0.437535
-0.40862	0.18094
-0.49553	0.296626
-0.473803	0.188113
-0.082708	-0.461121
2.72014	0.341157
0.188886	0.198936
-0.854034	-0.468884
0.297523	0.725047
-0.995263	-0.331544
-0.821443	0.311851
-0.84317	-0.273975
0.547389	0.12707
-0.940944	-0.217235
-0.549849	0.522312
-0.158754	0.442027
-0.376029	-0.330979
-0.984399	0.441814
0.471343	-0.00465005
-0.571577	0.0578466
-0.821443	-0.67132
-0.875761	-0.54769
-0.571577	0.251878
-0.93008	-0.414912
-0.202209	-0.0537655
-0.897489	-0.227689
0.818983	-0.11034
-0.419484	0.434605
-0.484667	0.441424
0.00420194	0.515006
-0.995263	-0.412456
-0.799715	0.353422
-0.126163	0.115442
-0.821443	-0.485607
3.8391	0.14502
-0.32171	0.103922
-0.14789	0.222679
-1.02785	-0.231521
0.84071	-0.152875
0.503934	0.319577
0.0150657	-0.447977
-0.386893	0.507578
-0.397757	0.444485
2.15522	0.0563811
-0.745396	-0.142848
-0.84317	-0.292505
-0.84317	-0.111357
-0.767124	-0.554127
0.417024	-0.20178
3.21987	0.786957
0.786392	-0.303183
-0.419484	0.287955
-0.799715	-0.290124
-0.897489	0.0990341
-0.104436	0.381695
-0.32171	0.207337
2.76359	0.471787
-0.506394	-0.275213
0.916757	0.299776
0.775528	0.441612
0.0911119	0.172981
0.221477	0.245943
-0.082708	0.217756
0.0802482	0.0963633
-0.691078	0.566034
1.19921	0.289861
-0.571577	0.0539421
-0.245664	0.238081
-0.962671	-1.1456
-0.886625	-0.686186
1.09058	-0.0264901
-0.854034	-0.414214
-0.767124	0.296879
-0.75626	-0.756273
-0.951808	-0.624136
-0.430348	0.346086
-0.397757	-0.0423227
0.156294	0.396719
0.00420194	-0.0894013
-0.58244	-0.0330815
0.362706	0.0654916
-0.0935718	0.29569
-0.082708	-0.754644
-0.517258	-0.217137
-0.995263	-0.830272
0.623435	0.470141
-0.745396	-0.142848
0.938484	0.717686
-0.158754	-0.291518
0.0259294	0.000404495
-0.615032	-0.659427
-0.32171	0.275753
0.286659	0.27798
-0.875761	-1.51331
-0.538985	-0.0436463
-0.376029	0.513083
-0.995263	-0.536778
-0.919216	-0.705061
0.0693844	-0.282178
-0.864898	-0.153894
-0.940944	-0.319502
-0.58244	-0.524843
0.634299	0.5219
-0.951808	-0.885445
-0.213073	0.404742
-0.875761	-1.08824
-0.973535	-0.990623
-0.00666181	0.0285338
-0.169618	0.00736871
2.47027	0.547188
-1.02785	-0.192385
-0.854034	-1.69532
1.00367	0.535666
-0.777988	0.451687
-1.01699	-1.64115
-0.712805	0.421628
-0.452075	0.10299
0.786392	0.372829
-0.951808	-0.671316
-0.854034	0.276721
-0.528122	0.368302
-0.723669	-0.364352
-0.810579	0.309073
-0.84317	-0.716162
0.590844	0.106378
0.0802482	0.276081
2.30732	0.0824184
-0.397757	0.52002
-0.267392	-0.202016
-0.343438	0.515941
-0.962671	-0.955922
-0.788851	-0.48624
-0.126163	0.324604
-0.180482	0.368725
-0.940944	-1.08545
-0.484667	0.0964478
-0.593304	-0.160217
0.417024	0.287091
-0.75626	-0.336592
-0.365165	-0.110816
-0.908353	-0.764965
-0.462939	-0.638045
-0.376029	0.0309235
0.645163	0.280726
-0.636759	-0.00174186
-0.376029	-0.897548
0.569117	0.575948
0.101976	0.0792304
0.254068	0.53038
0.710345	0.686093
-0.723669	-0.567812
-0.951808	-1.01234
0.0585207	0.515166
-1.02785	-0.0158353
-0.310847	0.253834
0.112839	0.419437
0.949348	0.415237
-0.919216	-0.337922
0.254068	0.498236
0.84071	0.569668
-0.940944	0.317867
-0.821443	-0.19805
-0.462939	0.133693
-0.289119	0.440783
-0.625895	-0.199784
0.134567	0.195158
-0.897489	-0.59026
-0.995263	-0.522305
0.188886	-0.126978
-0.75626	0.112998
-0.854034	-0.510386
1.77499	0.400476
-0.75626	-0.416331
-0.886625	0.292065
-0.40862	0.462386
-0.701941	-0.392146
-0.126163	0.330699
-0.278255	0.300124
0.862438	0.256503
-0.962671	-0.573192
-0.777988	-1.26525
0.0259294	0.00319551
-0.821443	0.0221138
1.56858	0.112824
-0.354302	0.418857
-0.940944	-0.652219
-1.02785	0.307053
-0.810579	0.409271
-0.441212	0.501419
-0.75626	-0.743214
0.0802482	-0.107039
-0.332574	0.435004
-0.875761	-0.414878
0.156294	0.0743214
0.308387	0.350877
0.254068	0.359292
0.134567	0.378194
-0.636759	0.295372
-0.58244	0.182954
-0.256528	-0.232832
0.66689	0.279512
-0.2348	0.275272
0.482207	0.196556
-0.473803	0.41077
2.69841	0.214898
-0.647623	-0.708344
-0.75626	0.0415848
2.02486	0.6576
-0.419484	-0.373497
-0.419484	0.43361
0.264932	0.22903
-0.14789	0.319306
-0.137027	0.361823
-0.864898	-0.0288038
0.590844	0.755502
-0.430348	-0.0445889
-0.962671	-0.898211
2.82878	0.0479966
-0.647623	-0.0406163
1.24267	0.411036
2.3725	-0.114856
-0.734533	-0.583616
-0.58244	-0.432299
-0.93008	-0.658779
1.10144	0.478694
-0.647623	0.624239
0.254068	0.57905
-0.701941	0.401134
0.57998	0.684588
-0.180482	0.36054
-0.441212	-0.754712
-0.354302	0.251089
-0.897489	-0.902625
-0.452075	0.473141
-0.745396	-0.0318302
1.49254	0.67407
-0.180482	0.454568
-1.01699	-0.0759865
2.42682	0.580072
3.21987	0.786957
0.862438	0.6221
0.156294	0.173314
0.156294	-0.0257599
-0.40862	0.525712
0.243204	0.361093
-0.701941	-0.593186
0.297523	0.266537
-0.875761	-0.120612
-0.886625	0.207216
1.2644	-0.229807
-0.984399	-1.24082
-0.723669	-0.72572
-0.745396	0.336925
2.38336	0.55658
0.601708	0.361025
-0.897489	-0.910157
-0.647623	-0.0553867
-0.886625	-0.400505
-0.137027	0.242398
1.02539	0.721839
-0.115299	0.653759
-0.940944	-0.91617
-0.799715	-0.307854
-0.93008	-0.169741
0.210613	0.265836
-0.908353	-1.04781
-0.625895	-0.208658
2.11177	0.447067
-0.604168	-0.918162
1.13403	0.54831
-0.506394	-1.12515
-0.386893	0.480563
1.30785	0.147023
0.677754	0.554045
0.645163	0.576604
-0.777988	-1.00176
-0.658487	-0.666255
0.623435	0.633617
-0.788851	-0.399575
-0.625895	-0.489718
0.264932	0.446027
-0.680214	0.341834
-0.169618	0.268877
-0.386893	-0.285884
-0.832306	-0.00893244
-0.734533	0.1498
-0.082708	0.563384
0.101976	0.312965
-0.126163	0.0453112
0.84071	-0.101338
-0.354302	-0.673441
-0.767124	-0.361463
-0.310847	0.467739
0.232341	0.416701
-0.680214	-0.0906234
-0.223937	0.477711
-0.0283893	0.0480499
0.395297	0.576081
-0.310847	-0.487531
0.471343	0.652894
-0.908353	-1.23003
-0.397757	-0.00865251
-0.506394	0.0365329
0.0802482	-0.0385376
-0.0175256	0.239337
1.47081	0.00675928
0.0259294	-0.0747972
-0.58244	0.337805
-0.777988	-0.428579
-0.49553	0.348321
-0.58244	0.457005
-0.886625	-0.472096
-0.560713	0.49938
-0.919216	-0.248777
-0.962671	-0.728224
0.199749	-0.210257
-0.636759	-0.601589
-0.93008	-0.320002
-0.00666181	0.214454
-0.158754	-0.265696
-0.386893	0.0584944
-0.615032	-0.593152
-0.854034	0.388066
-0.354302	0.00603411
-0.940944	-0.432867
-0.821443	0.185422
-0.951808	-0.915737
0.221477	-0.123708
-0.75626	-0.42176
0.00420194	0.374067
-0.571577	-0.604485
-0.951808	-0.119977
0.460479	0.496053
-0.712805	-0.550418
-0.821443	0.093588
-0.169618	0.577457
0.92762	0.289374
-0.973535	-1.07899
-1.01699	-0.848867
0.797255	0.223243
0.0585207	-0.0552846
1.09058	0.206793
-0.799715	-0.516826
-0.875761	-0.407034
-0.462939	0.194547
-0.32171	-0.472401
0.286659	0.777454
-0.484667	-0.349737
-0.538985	0.493582
-0.93008	0.266869
0.503934	-0.454613
-0.278255	0.420833
0.243204	0.309093
-0.343438	0.3025
0.0802482	0.490221
0.0150657	-0.0350203
-0.0935718	0.626427
-0.864898	-0.980599
0.949348	0.321077
-0.245664	0.183925
0.536525	-0.231791
1.84017	0.43273
-0.343438	0.2649
0.797255	0.105699
-0.517258	0.153753
-0.93008	-0.691137
-0.854034	-0.35409
-0.66935	0.443522
-0.984399	0.194355
0.0367932	-0.498193
1.70981	0.450473
0.0367932	-0.601924
0.742937	0.0260487
-0.158754	0.0741368
2.70927	0.44263
-0.647623	-0.222597
-0.082708	0.267535
-0.886625	0.0151159
0.123703	0.00448144
-0.0935718	-0.556579
-0.039253	0.641
0.797255	0.399672
0.92762	0.170335
-0.875761	-0.136
1.43822	0.102808
0.264932	-0.322768
1.70981	0.528505
-0.875761	-0.719778
-0.777988	-0.767612
-0.821443	-1.02627
0.254068	-0.0398314
0.188886	0.529689
-0.973535	-0.406361
0.178022	-0.448629
-0.799715	-0.953254
0.210613	0.413424
-0.0501168	0.16068
-0.973535	-0.0354776
-0.604168	0.440287
-0.0718443	0.433621
0.00420194	-0.337501
-0.625895	0.336692
3.33937	0.56562
0.971075	0.142265
-0.419484	0.276861
-0.767124	0.458291
0.0802482	0.0898553
0.569117	0.746487
1.6229	0.667044
-0.180482	0.588213
0.417024	0.450829
0.960212	0.363847
-0.213073	0.219336
-0.854034	-0.875634
-0.908353	0.367081
-0.571577	-0.68419
0.134567	-0.095277
-0.908353	-0.1306
-0.93008	-0.383166
0.373569	-0.443158
-0.962671	-0.431753
0.0259294	-0.469215
-0.538985	0.00923796
-0.940944	-0.664073
0.656027	-0.329734
-0.745396	0.22109
-0.517258	0.321886
-0.169618	0.409684
0.134567	0.179341
0.873302	-0.0244936
0.590844	0.278635
-0.951808	-0.615981
-0.332574	-0.270352
0.0585207	-0.117163
-0.832306	-0.402491
-0.745396	0.46832
-0.115299	0.417257
-0.506394	-0.437175
-0.636759	-0.816737
-0.973535	-0.9446
-0.213073	0.368937
0.330114	0.143026
-0.039253	0.274362
-0.256528	-0.408957
-0.615032	0.080536
-0.484667	0.335899
0.254068	0.340142
-0.821443	0.0221138
-0.875761	-0.032794
-0.528122	0.258435
-0.973535	-0.515833
0.395297	0.0980281
1.16662	0.610555
-0.962671	-0.1852
-0.875761	-0.567097
-0.115299	-0.197153
-0.788851	0.365473
-0.93008	0.107771
-0.973535	0.318716
-0.528122	0.393807
3.76306	0.664561
-0.419484	0.374374
-0.647623	0.313921
-0.777988	-0.722693
-0.897489	-0.744622
-0.158754	0.102914
-0.419484	-0.174682
-0.995263	-0.0585555
-0.549849	0.24644
-0.419484	0.43361
-0.310847	-0.10784
0.0802482	0.346106
-0.430348	0.288206
-0.962671	-1.07447
-0.202209	0.59302
1.13403	0.17149
-0.84317	-0.00985083
0.330114	0.379047
-0.680214	-0.443513
-0.734533	0.368248
1.55772	0.436954
-0.701941	-0.408519
0.101976	0.192319
-0.886625	-0.112542
0.525662	0.090819
0.536525	0.240315
0.92762	0.490075
-0.788851	-0.709562
0.895029	0.563864
-0.528122	-0.0104109
-0.419484	0.0426853
-0.908353	-1.04848
1.47081	0.544651
-0.886625	0.403076
-0.549849	0.0102488
-0.75626	-0.395898
0.601708	0.44949
2.731	0.09908
-0.984399	-0.449198
-0.66935	0.372069
1.06885	-0.0111327
-0.691078	0.22719
-0.832306	-0.711441
-0.213073	0.377629
-0.289119	0.281494
-0.115299	0.198471
0.66689	0.29782
-1.00613	0.239212
-0.549849	-0.46078
1.04712	-0.257711
0.232341	0.267605
-0.213073	-0.0748821
0.0476569	0.302044
-0.365165	-0.166247
0.916757	0.467597
-0.658487	0.197327
-0.908353	-0.787393
0.199749	0.523365
-0.723669	0.0132507
0.0259294	0.285164
1.5034	0.545585
2.32904	-0.0763101
-0.32171	0.106367
-0.734533	-0.0712143
-0.419484	0.543039
-0.875761	-0.59926
1.56858	0.303287
-0.951808	-0.665736
-0.984399	0.0506513
0.590844	0.454263
2.27472	0.24925
-0.777988	-0.0339267
0.829847	-0.417477
0.818983	0.35193
-0.0935718	0.352473
-0.962671	-1.49221
-0.864898	-0.239049
3.45887	0.819979
1.63376	0.402176
1.72067	0.670774
-0.854034	-1.10657
0.373569	0.336313
1.34044	-0.133075
1.7424	0.316582
-0.538985	-0.579117
-0.995263	-0.90018
-0.528122	0.0567589
-0.908353	-0.685536
2.253	0.635022
-0.517258	-0.138632
-0.701941	0.226733
0.460479	-0.167389
0.384433	-0.0530224
-0.908353	-1.20332
0.862438	0.551315
0.677754	0.764794
-0.84317	-0.331847
-0.93008	0.424083
0.101976	-0.223346
-0.908353	-0.552297
-0.32171	-0.395294
-0.886625	-0.349729
-0.615032	0.116338
2.17695	0.507589
0.395297	0.495169
-0.734533	-1.26091
0.514798	0.0781652
-0.962671	-0.620238
-0.788851	0.0492621
-0.832306	-0.729572
0.536525	0.434316
-0.40862	-0.0450393
-0.137027	0.310235
0.916757	0.361905
-0.973535	-1.02167
-0.810579	-1.0518
-0.560713	0.242957
-0.75626	-1.04576
-0.93008	-0.84075
-0.908353	-0.191894
-0.940944	-0.146533
-0.864898	0.0440955
-0.213073	-0.256479
-0.832306	-0.231849
-0.289119	-0.153479
0.123703	0.770895
-0.723669	0.495489
-0.441212	-0.0478008
-0.897489	-0.436522
0.829847	0.462762
-0.506394	0.0722532
2.75273	0.705642
-0.821443	-0.28352
-0.32171	-0.207238
1.6229	0.356968
0.547389	0.445864
0.884165	-0.270015
0.199749	0.47234
-0.701941	-0.0571307
-0.625895	0.0830389
-0.734533	-0.0620707
-0.973535	-0.651198
-0.419484	-0.0972442
0.254068	-0.225357
1.23181	0.236799
-0.039253	-0.100496
0.0150657	0.305309
-0.49553	0.333215
-0.40862	0.0365276
-0.647623	-0.445251
1.7424	0.624715
0.0802482	-0.601421
-0.571577	0.476226
1.97054	0.0958857
-0.593304	0.134064
-0.289119	0.714645
-0.419484	0.34091
0.601708	0.612296
0.167158	-0.0186963
-0.104436	-0.0125769
-0.593304	-0.10184
-0.777988	0.028595
-0.571577	0.228402
-0.864898	-0.708445
-0.538985	-0.655605
-0.712805	0.155982
-0.289119	-0.139578
-0.908353	-0.630711
-0.58244	-0.107578
0.699482	0.0479721
-0.93008	-0.783157
-0.712805	0.55265
-0.549849	-0.619943
-0.897489	0.548077
-0.962671	-0.830939
0.0259294	0.680058
1.23181	0.387514
-0.712805	0.55224
-0.2348	-0.120179
-0.908353	-0.80776
-0.777988	-0.178416
-0.680214	0.0982846
-0.517258	-0.397688
-0.908353	-0.599291
-0.93008	0.222919
2.62236	0.397805
0.601708	0.322058
0.308387	0.20077
-0.973535	-0.775734
-0.701941	-0.777576
-0.864898	-0.54618
0.0911119	-0.211848
1.40563	0.336746
0.49307	0.336666
0.0693844	0.520527
3.39369	0.828047
-0.310847	0.201612
-0.810579	-0.526188
-0.615032	0.265423
-0.984399	0.171646
-0.875761	-0.202661
-0.864898	-0.0828325
-0.777988	0.280465
-0.680214	-1.27357
0.797255	0.187045
-1.00613	-0.806991
-0.636759	0.240282
-0.940944	-0.4582
-0.788851	-0.711011
-0.202209	-0.00459356
1.65549	0.272931
-0.191345	-0.607861
0.101976	0.199731
1.60117	0.366363
-0.658487	0.142473
-0.788851	-0.61996
-0.919216	-0.983
0.732073	-0.0279007
0.243204	0.332
-0.680214	0.572122
0.112839	0.161891
-0.940944	-0.76078
-0.082708	0.316885
-0.799715	-0.232639
-0.571577	-0.656051
0.417024	0.213369
1.13403	-0.0826286
-0.397757	0.268222
1.04712	0.413245
-0.58244	0.403392
-0.104436	0.220022
-0.864898	-0.84106
-0.039253	0.147489
2.55718	0.326195
0.992803	0.436679
-0.343438	-0.213117
-0.223937	0.484683
-0.647623	-0.631285
-0.84317	-0.37082
-0.528122	0.171362
0.797255	0.204714
0.656027	0.296468
-1.01699	-0.453917
0.0802482	0.365431
-0.886625	0.0364448
3.43715	0.453361
1.78586	0.776007
-0.625895	0.19473
-0.940944	-1.01775
2.1009	0.275353
-0.191345	0.0205347
0.623435	0.293653
-0.788851	0.381442
-0.821443	0.455035
-0.973535	-0.75326
-0.223937	0.202592
0.677754	0.280077
0.710345	-0.179726
-0.126163	0.129448
-0.940944	-0.788329
-0.810579	-0.0674002
0.00420194	0.405942
-0.962671	-0.517821
2.12263	0.1746
-0.256528	0.329612
-0.875761	-0.369464
-0.973535	0.351815
0.384433	-0.114807
-0.299983	0.557641
-0.278255	-0.126044
-0.397757	-0.666415
0.112839	0.415482
0.569117	0.306824
0.612572	0.577768
0.395297	0.286299
1.1449	0.174572
-0.419484	-0.337424
-0.777988	-0.445525
-0.897489	-0.745948
-0.538985	-0.258068
0.384433	0.550763
2.28559	0.628854
-0.560713	-0.743981
0.286659	0.456223
0.732073	-0.00491677
-0.821443	0.416947
0.992803	0.542098
-0.93008	-1.02801
-0.538985	0.293058
-0.538985	0.27881
1.16662	0.669682
0.742937	0.555206
-0.919216	-0.453495
2.1009	0.394913
0.916757	-1.08498
0.123703	0.136462
-0.864898	-0.267675
0.178022	-0.462295
-0.473803	-0.402527
-0.691078	-0.348803
-0.528122	0.185761
0.612572	0.513994
-0.560713	0.49938
-0.256528	-0.46829
0.308387	-0.536358
-0.376029	-0.302213
1.36217	0.274747
0.721209	0.337189
-0.441212	-0.301831
3.32851	0.287787
-0.723669	-0.457087
-0.615032	-0.824312
1.7424	0.398673
0.482207	0.128151
-0.538985	0.291165
0.243204	0.285445
-0.223937	0.288531
1.19921	0.0910652
-0.180482	0.359865
-0.430348	0.0579667
0.145431	0.745329
2.72014	0.469509
-0.354302	0.213553
-0.962671	-0.53495
-0.0175256	-0.25446
0.0911119	0.217844
-0.310847	0.0613729
1.36217	-0.0251462
0.677754	-0.525226
-0.962671	-0.446056
-0.962671	-0.0969729
-0.158754	0.0787218
-0.571577	-0.0924681
-0.332574	0.542455
1.81845	0.727723
0.460479	0.279923
-0.84317	-0.304611
-0.332574	-0.275014
0.905893	0.294928
-0.658487	-1.57575
-0.49553	-0.544186
1.28612	0.491017
-0.908353	-1.04926
1.81845	0.720515
-0.734533	-0.242764
-0.245664	0.15021
0.57998	0.48908
-0.940944	-0.514807
-0.658487	-0.711941
1.73154	0.762476
0.0367932	0.352901
9.72725	0.261466
2.56805	0.208896
-0.647623	-0.863547
-0.767124	-0.323658
-0.897489	-0.449831
-0.202209	-0.330059
-0.00666181	0.234386
-0.919216	0.0705512
-0.376029	0.218418
2.51373	0.494904
0.699482	-0.0199695
0.905893	-0.0781865
0.384433	0.892125
-0.701941	0.135395
0.0367932	0.00636248
0.971075	0.248928
-0.875761	-0.428564
-0.223937	-0.631425
-0.604168	0.229316
-0.365165	0.158746
-0.810579	-0.161581
-0.854034	-0.968132
-0.0283893	0.455234
-0.104436	-0.120226
-0.104436	0.215783
-0.897489	0.337982
-0.66935	-1.50014
-0.832306	-0.617063
-0.897489	-0.369002
0.916757	-0.102519
-0.49553	0.441722
-0.517258	0.220783
-0.854034	-0.556892
0.123703	0.487177
-0.854034	-0.77051
-0.973535	-0.830739
0.601708	0.366545
-0.560713	-0.723182
-0.767124	-0.84812
0.199749	0.392425
-0.951808	-0.443231
0.536525	0.390194
-0.799715	-0.127028
-0.484667	0.093584
1.78586	0.394823
1.25353	-0.147661
-0.278255	0.426558
-0.995263	-0.715192
-0.777988	-0.908802
-0.691078	-0.211381
-0.593304	-0.838588
0.167158	0.586054
-0.897489	-0.401727
-0.908353	-0.525907
0.243204	-0.215748
-0.897489	-0.153725
1.76413	0.570845
3.0026	0.24334
-1.04958	-0.452546
0.732073	0.53964
0.460479	0.370914
-0.984399	-1.20337
-0.310847	0.486677
3.42628	0.74412
-0.571577	-0.44113
-0.0609805	0.669761
0.0585207	0.116112
-0.951808	-0.115279
0.590844	0.620988
0.0802482	0.329622
-0.452075	-0.277946
-0.289119	-0.0532252
0.210613	0.327207
-1.04958	-1.24086
-0.104436	0.736236
-0.897489	-0.735604
0.286659	-0.546924
-0.832306	-1.31703
-0.973535	0.38724
-0.0935718	0.0198537
4.66475	0.660854
-0.723669	-0.484516
-0.615032	-0.695259
0.829847	0.375804
-0.115299	0.225901
-0.810579	-0.663443
-0.082708	0.47785
-0.951808	-0.633086
-0.158754	0.0424912
2.99173	0.501793
0.0585207	0.441201
-0.647623	0.496314
0.112839	0.0319238
-0.832306	-0.791418
-0.734533	-0.277072
0.156294	0.365667
-0.137027	0.341016
0.395297	0.29073
-0.951808	-0.881602
-0.517258	-0.200299
-0.886625	-0.683013
-0.517258	-0.288889
0.460479	-0.864069
2.67668	0.476275
-0.484667	0.195134
0.319251	0.423162
-0.886625	-0.341904
3.84997	0.827976
-0.788851	0.278688
0.547389	0.479353
1.19921	0.512751
-0.734533	0.407802
-0.897489	-0.667605
0.612572	-0.159885
-0.908353	0.310142
-0.00666181	0.2381
2.91569	0.47344
1.57945	0.354574
-0.115299	0.543717
-0.636759	-0.083931
0.308387	0.134621
-0.0283893	0.212418
0.0259294	0.363259
-0.549849	-0.145745
0.330114	0.478743
-0.615032	-0.599062
-0.278255	0.365411
0.395297	0.485646
1.13403	0.0568966
0.112839	0.437672
-0.93008	-0.49141
-0.462939	0.32676
-0.343438	0.46045
0.232341	0.469071
0.243204	-0.216681
-0.0935718	0.315034
-0.452075	-0.233099
0.742937	0.384821
-0.875761	-0.235297
1.01453	0.0850096
0.319251	0.275913
0.786392	0.54084
0.188886	0.36501
-0.84317	-0.483249
-0.799715	-0.101557
-0.691078	0.303645
0.221477	0.177955
-0.864898	-0.698333
-0.278255	-0.63822
-0.343438	0.473202
0.677754	0.29463
1.84017	0.651906
1.43822	0.879637
-0.984399	0.345143
0.178022	0.296929
0.971075	0.146214
-0.973535	-0.539405
2.14436	0.50778
-0.299983	-0.0260627
0.232341	-0.259037
-0.441212	-0.0497476
0.710345	-0.00628139
0.112839	0.249671
-0.191345	-0.361383
-0.40862	-0.47461
0.340978	0.400483
0.471343	0.363072
0.275796	0.225502
0.590844	0.521708
-0.14789	0.47358
0.101976	0.29638
-0.549849	-0.424011
-0.310847	-0.0708629
-0.897489	0.571782
-0.430348	0.375665
-0.560713	-0.332573
1.76413	0.475098
-0.213073	0.043218
0.57998	-0.334531
2.69841	0.601039
2.30732	0.380322
1.39476	0.849161
-0.604168	-0.414007
-0.864898	-1.10978
-0.202209	0.0227727
-0.821443	-0.549784
-0.940944	-0.524314
0.123703	0.148244
0.57998	0.0925628
-0.452075	-0.213762
2.30732	0.598304
-0.0718443	-0.220559
-0.636759	0.580713
-0.115299	-0.444457
-0.039253	0.156233
0.0367932	0.298346
-0.310847	0.347421
-0.864898	0.187606
1.24267	-0.21641
-0.788851	0.165168
-0.571577	-0.629731
0.264932	-0.498065
0.0585207	0.204857
0.92762	0.454141
0.938484	0.0349152
-0.593304	-0.838588
1.76413	0.74683
-0.84317	-0.483249
-0.0718443	-0.102913
-0.528122	-0.209167
-0.0718443	-0.29213
0.123703	-0.550606
0.536525	0.677098
-0.223937	0.26649
0.275796	0.161858
-0.951808	-1.37616
-0.777988	-0.462302
-0.441212	0.234921
-0.419484	-0.576931
-0.0283893	-0.354309
-0.799715	-0.8745
-0.137027	-0.372495
0.0367932	0.301553
-0.75626	-0.635744
-0.49553	-0.584394
-0.593304	-0.949676
-0.940944	-0.668246
-0.647623	0.269075
0.981939	0.348589
2.65496	0.657201
-0.973535	-0.207391
-0.625895	-0.50714
-0.951808	-0.655775
0.862438	0.403631
-0.897489	-0.759748
-0.919216	-0.228101
-0.0935718	0.19716
-0.213073	-0.727253
1.55772	-0.206634
-0.940944	-1.05583
0.112839	0.018765
-0.386893	-0.166307
1.22094	0.198142
3.66528	0.578988
0.178022	0.829485
0.645163	0.0367126
-0.397757	0.302657
-0.0718443	-0.798065
0.243204	0.402088
-0.691078	-0.123262
0.0476569	0.0179561
0.319251	0.172937
-0.940944	-1.08752
-0.919216	-0.247545
-0.528122	0.387371
0.286659	0.36089
-0.995263	-0.641196
-0.115299	0.269497
-0.560713	-0.406859
-0.680214	-0.140472
-0.875761	-1.51331
0.960212	0.2602
0.275796	0.240747
-0.93008	-0.755415
1.41649	0.308771
-0.419484	0.140886
0.406161	0.520691
-0.680214	0.202943
1.67722	-0.0357361
-0.636759	-0.246178
1.87277	0.394932
2.30732	0.549632
-0.32171	0.489126
-1.00613	-0.625436
0.297523	0.563838
-0.00666181	0.566084
0.351842	0.0696478
-0.386893	-0.386639
-0.082708	0.448758
0.438752	0.437902
0.558253	-0.175575
0.123703	-0.146349
0.514798	0.335132
0.134567	0.392925
0.84071	0.133489
-0.745396	-1.02198
-0.430348	0.0806264
0.438752	-0.032614
-0.84317	0.0845774
0.0693844	-0.377061
0.406161	-0.273588
-0.473803	-0.533887
-0.821443	-0.996024
0.156294	0.539368
0.427888	0.35397
0.221477	-0.910957
0.471343	0.229734
-0.560713	0.383857
-0.517258	0.0483895
3.25246	0.372472
0.112839	0.256618
-0.202209	0.4893
0.905893	0.545463
-0.278255	0.0928928
-0.984399	-0.520154
-0.538985	-0.329826
-0.854034	0.138253
-0.0501168	0.192132
1.32958	0.166657
0.84071	0.569668
0.330114	0.534632
-0.973535	-1.39592
-0.788851	-0.163494
-0.126163	-0.106939
-0.951808	-0.128018
0.0150657	0.450251
-0.908353	-0.595513
3.40455	0.40288
-0.897489	-0.711726
-0.560713	-0.424047
-0.365165	0.159542
2.16609	0.823752
-0.886625	-1.64782
-0.40862	0.156012
-0.962671	-0.279323
-0.84317	-0.935989
-0.93008	0.400841
0.449616	-0.170491
0.123703	0.0279368
1.88363	-0.0966343
3.46974	0.0928115
0.0150657	-0.236147
0.221477	-0.108093
1.82931	0.255302
1.59031	0.191267
-1.03872	-0.702174
-0.984399	-0.592548
-0.310847	0.19732
2.03572	0.362972
-0.854034	-0.353725
-0.473803	-0.0494504
-0.549849	-0.822556
-0.995263	-0.513867
0.264932	-0.0835565
0.134567	0.199543
-0.343438	0.0393505
-0.723669	-0.160229
-0.810579	-0.457461
1.06885	0.168205
-0.538985	0.180486
-0.0609805	-0.0522715
-0.202209	0.440014
1.05799	0.069509
-0.680214	0.436933
-0.223937	0.376791
-0.299983	0.214732
-0.962671	-1.03118
-0.919216	-0.63867
-0.636759	-0.257511
-0.473803	0.394336
0.0367932	0.0116633
-0.919216	0.045398
-0.2348	0.189072
-0.919216	-0.111264
-0.767124	-0.0889572
2.20954	0.747186
-0.723669	-1.19477
-0.213073	0.175226
-0.75626	0.199326
-0.897489	-0.748697
-0.886625	0.282226
-0.832306	-0.0385281
-0.647623	-0.467864
-0.84317	-0.530058
0.384433	0.187606
-0.647623	0.480269
3.1221	0.354107
1.19921	0.473129
-0.126163	0.265371
-0.137027	0.490601
0.243204	0.121311
3.38283	0.3967
-1.02785	-0.617125
-0.365165	0.15903
0.7538	0.281566
-0.973535	-1.47087
1.07971	0.330246
-0.799715	0.115677
-0.691078	0.186046
-0.658487	-0.545812
-0.299983	0.22052
2.81791	0.328193
-0.701941	-0.408519
-0.701941	-1.02848
0.818983	0.441478
-0.712805	0.197224
-0.14789	-0.154911
-0.2348	-0.112338
0.417024	0.51232
-0.386893	0.557933
0.340978	-0.181355
2.75273	0.27155
1.44908	0.232873
-0.571577	-0.0842176
0.938484	0.38707
0.873302	0.110392
-0.973535	-0.330194
0.590844	0.53132
-0.93008	-0.229732
-0.832306	-0.0770093
0.525662	0.111325
-0.549849	0.299299
0.460479	0.100132
-0.571577	-0.52568
-0.506394	0.549854
0.536525	0.215775
-0.767124	-0.0103805
0.558253	0.308363
-0.430348	0.607362
-0.365165	-0.431176
0.275796	0.132542
-0.984399	-0.613107
0.884165	0.0504055
-0.875761	0.0907564
-0.712805	-0.0477999
1.57945	-0.0845722
0.84071	0.604277
-0.615032	-0.116038
-0.777988	-0.185442
1.51426	-0.526781
-1.01699	-0.0669976
0.981939	-0.436
-0.604168	-0.488412
-0.875761	-0.761655
2.98087	-0.00177276
-0.32171	0.754546
-0.2348	0.0116349
0.308387	0.171265
-0.115299	0.498443
-0.799715	-0.496441
-0.84317	0.0592596
-0.462939	0.234841
2.56805	0.449648
-1.00613	-0.610758
7.196	-0.399128
-0.278255	-1.20068
-0.821443	-0.039505
-0.354302	0.339367
1.25353	0.56326
0.699482	0.314292
-0.506394	0.399175
-0.886625	0.0968156
-1.01699	-0.130548
0.275796	0.225502
-0.354302	0.170669
1.18835	0.411395
-0.875761	0.00831046
-0.082708	0.165418
0.330114	0.563701
0.895029	0.365671
-0.430348	0.452846
1.29699	0.374325
-0.245664	0.149872
-0.115299	0.164355
0.0367932	0.578658
0.145431	0.40135
2.731	0.147512
0.482207	0.525063
-0.940944	0.162857
-0.49553	0.0776362
0.145431	0.468451
-0.788851	0.0934303
-0.332574	-0.0258208
-0.973535	-1.04498
-0.93008	-0.633313
-0.245664	0.256799
-0.58244	0.0978251
1.95968	-0.0221141
-0.691078	-0.372828
0.319251	0.165082
-0.962671	-0.926859
-0.310847	0.210632
0.482207	0.175439
-0.223937	0.0760376
-0.75626	-0.49664
-0.528122	0.38277
3.44801	0.724626
0.66689	0.27497
3.9912	0.564381
-0.354302	0.023738
-0.712805	-0.2479
-0.821443	0.539485
-0.93008	0.00332085
-0.93008	-1.06135
-0.951808	-0.612504
0.145431	-0.383039
2.66582	-0.12969
2.35077	0.530767
-0.386893	-0.446752
-0.93008	-0.198279
-0.777988	-0.808624
-0.0935718	0.113488
0.112839	0.34447
-0.604168	0.498328
0.558253	0.126504
-0.66935	-0.387124
-0.984399	0.104184
-0.777988	0.172368
-0.082708	0.261354
-0.397757	-0.0098034
0.916757	-0.031407
-1.01699	-0.130548
0.449616	0.281848
-0.734533	-0.350382
-0.799715	-0.0088302
-0.723669	0.288887
-0.40862	0.205604
-0.082708	0.319432
0.254068	0.0397849
0.721209	0.464253
-0.788851	0.166323
-0.788851	-0.942411
0.645163	0.47872
0.0367932	0.188848
-0.560713	0.169103
0.656027	-0.174948
-0.810579	-0.571705
-0.734533	-1.04812
1.18835	0.287201
-0.832306	-1.20853
-0.767124	-0.0109202
0.49307	-0.564638
0.721209	-0.0804765
2.76359	0.391743
-0.821443	0.383818
1.95968	0.439749
-0.462939	-0.43746
-0.712805	-0.542616
0.308387	-0.116009
1.42735	0.453524
-0.32171	0.101967
-0.32171	0.220713
-0.49553	0.364223
-0.278255	-0.268637
0.503934	0.649487
-0.995263	-0.50145
-0.712805	0.0805094
0.308387	0.504314
-0.973535	0.0258921
0.851574	0.183216
0.351842	0.371244
-0.777988	0.0952848
-0.2348	0.222862
-0.278255	0.47596
2.32904	-0.0763101
-0.528122	0.26571
-0.799715	-0.134738
0.275796	0.280956
0.536525	0.408324
-0.104436	0.559041
-0.278255	-0.33066
0.243204	0.0982954
-0.886625	-1.11496
0.156294	0.250185
-0.625895	0.27724
1.29699	-0.16753
-0.278255	0.0481342
0.482207	0.417578
-0.0718443	0.199183
0.938484	0.480983
-0.343438	0.0710617
0.438752	-0.032614
0.623435	0.491888
-0.528122	0.22464
-0.897489	-0.544695
1.41649	-0.472772
-0.560713	0.56512
-0.354302	0.51003
0.482207	-0.0450227
0.340978	0.296778
3.29592	0.447826
0.210613	0.132203
-0.430348	-0.148272
1.60117	0.375402
-0.245664	0.311084
-0.962671	-0.314318
-0.115299	0.371214
-0.376029	0.109815
-0.299983	-0.182257
-0.180482	0.400712
-0.75626	-1.04576
0.558253	-0.248413
0.319251	-0.242697
1.7424	0.142852
-0.549849	-0.0365073
-0.14789	0.467727
2.17695	0.243746
-0.951808	-0.152789
-0.137027	0.255425
0.0911119	0.179351
0.873302	0.0195156
-0.484667	0.565304
0.362706	0.25649
-0.712805	-0.706072
-0.723669	-0.339334
-0.723669	0.158182
-1.01699	-1.00664
-0.864898	-0.33416
0.199749	-0.0169223
0.862438	0.27558
1.57945	0.397084
-0.84317	-0.593664
-0.658487	-0.912057
-0.821443	-0.0195352
0.949348	0.328898
-0.712805	-0.274558
0.243204	0.550275
-0.0501168	0.534097
-0.365165	-0.775892
0.612572	0.285
-0.951808	-0.666646
-0.973535	-0.194856
-0.571577	-0.441067
-0.528122	0.0395606
0.786392	0.223746
4.06724	0.423133
-0.864898	-0.269958
0.0259294	0.0232621
-0.169618	-0.0648658
-0.745396	-0.267791
-0.658487	0.3563
0.884165	0.00928328
-0.2348	0.387842
2.65496	0.396756
-0.854034	-0.697465
0.199749	-0.0462011
-0.538985	0.171892
-0.310847	0.202163
1.1449	0.174572
-0.538985	-0.446863
1.68808	0.0551759
2.00313	0.0743407
0.590844	-0.0612254
-0.680214	-0.84823
0.710345	0.197752
-0.299983	0.329605
-0.484667	0.346081
-0.962671	-0.577259
-0.875761	-0.31461
-1.01699	-0.378944
0.862438	0.292525
-0.386893	-0.124812
0.340978	0.702534
-0.821443	-0.509333
0.786392	0.271327
-0.777988	-0.963422
-0.0501168	0.343672
-0.299983	0.355651
-0.517258	-0.0845526
-0.082708	0.12961
-0.647623	-0.771692
0.362706	0.505776
0.938484	0.50629
-0.799715	0.525507
-0.93008	-0.743733
1.76413	-0.0542118
1.39476	0.0751157
-0.0935718	0.180282
-0.799715	0.0781221
-0.593304	0.10396
-0.767124	0.519227
-0.745396	0.476167
-0.0609805	0.31538
-0.354302	0.302841
-0.832306	0.297739
-0.962671	-0.720336
0.308387	0.498722
-0.875761	-1.04244
-0.897489	0.551266
0.482207	-0.25678
0.829847	0.86935
-0.506394	0.480598
-0.995263	-0.847598
-0.14789	0.116433
-0.397757	0.0938644
-0.864898	-0.576662
2.31818	0.51907
-0.625895	0.165492
-0.940944	-0.774144
0.210613	-0.287986
-0.984399	-0.429645
-0.821443	-0.134879
0.645163	0.353712
1.19921	-0.0432056
0.688618	0.755808
-0.973535	0.257358
-0.940944	-1.47826
-0.66935	0.410239
-0.0935718	0.0896697
0.503934	-0.14927
0.178022	-0.528441
0.308387	0.5898
-0.332574	0.522478
-0.473803	0.0271532
-0.897489	-0.00775841
-0.517258	0.177354
-0.00666181	0.436843
-0.560713	-0.663772
0.145431	-0.147413
-0.180482	-0.0517086
0.514798	0.395018
-0.691078	-0.443511
-0.66935	-0.387124
1.6229	0.514748
1.07971	0.203935
-0.169618	0.402245
-0.560713	-0.363748
-0.897489	-0.310315
-0.625895	-0.372191
-0.615032	0.415015
-0.00666181	-0.102603
-0.40862	0.12999
-0.962671	-0.694226
-0.354302	-0.418292
3.13296	0.344754
0.612572	-0.27211
1.04712	0.503194
-0.0501168	0.336216
0.188886	0.620345
0.286659	0.047365
-0.343438	0.104087
0.634299	0.707739
-0.951808	-0.207465
-0.93008	-0.755731
-0.919216	-1.30149
-0.528122	0.136673
-0.397757	0.202877
-0.223937	0.441559
1.1123	0.387402
2.04659	0.257575
-0.256528	-0.985301
-0.984399	-0.467031
-0.875761	-0.779742
0.351842	0.65564
1.93795	0.481622
-0.66935	0.213392
-0.32171	-0.440819
-0.75626	0.295957
-0.58244	0.194664
-0.745396	0.4095
-0.832306	-0.144584
0.178022	0.0933458
0.232341	0.199545
3.05691	0.29961
-0.571577	0.117237
0.699482	0.190681
-0.854034	-0.423028
-0.32171	-0.181061
-0.191345	0.498142
-0.528122	-0.594954
0.536525	-0.0957985
-0.973535	-0.444795
0.677754	0.579188
1.2644	0.348179
0.134567	0.688973
1.41649	-0.326908
1.72067	0.416362
2.04659	0.525656
1.1123	0.582326
1.68808	0.287592
1.37303	0.433534
-0.376029	-0.226051
-0.386893	-0.502561
-0.00666181	-0.162123
-0.647623	-0.711766
0.134567	-0.00230054
-0.984399	-1.0825
-0.821443	-0.453301
-0.788851	-0.887891
0.710345	0.0385166
0.66689	0.770072
0.797255	0.36294
-0.213073	0.00985151
-0.137027	0.333848
-0.788851	0.466038
-0.473803	0.546398
1.36217	0.505633
-0.767124	0.305041
-0.115299	0.318509
1.17749	-0.229048
-0.213073	-0.016771
1.24267	0.322579
-0.767124	0.421364
-0.919216	-0.427039
-1.00613	-0.241363
0.677754	0.0171782
-0.32171	-0.121643
0.775528	0.332457
0.449616	0.504496
0.0476569	0.0827856
-0.376029	0.290878
-0.984399	-0.733172
-0.137027	0.223292
0.764664	0.367235
-0.082708	0.0615024
-0.267392	-0.465421
-0.473803	0.335942
-0.452075	0.0955987
-0.66935	0.110828
-0.691078	-0.0228787
-0.538985	0.539063
-0.821443	-0.421576
-0.995263	-0.119871
-0.0935718	0.584088
-0.658487	-0.26191
-0.962671	-0.410088
-0.636759	0.0115049
0.308387	-0.103056
-0.386893	0.302978
-0.864898	-0.68485
1.37303	0.648998
1.23181	0.499406
-0.49553	-0.529097
0.145431	0.969525
0.514798	0.404244
-0.506394	-0.55066
-0.462939	0.0201292
-0.473803	0.326896
1.10144	0.363204
-0.886625	-0.190355
-0.32171	0.00330389
0.00420194	0.512511
1.05799	-0.059719
-0.908353	-0.787187
3.7196	0.694076
-0.962671	-0.893064
-0.973535	0.380097
-0.832306	-0.0411449
-0.745396	-0.0375121
-0.908353	-0.333297
0.145431	0.471556
0.406161	0.235764
2.86137	0.524037
-0.864898	0.0153622
-0.0609805	-0.518768
-0.169618	0.162371
-0.886625	-0.424305
1.05799	0.354515
-0.0609805	-0.518768
-0.441212	-0.416537
-0.821443	-0.202604
-0.00666181	0.274091
-0.49553	0.584217
-0.875761	-0.759973
1.10144	0.423872
1.29699	-0.0488027
-0.875761	-0.499696
-0.2348	0.475961
-0.169618	-0.15688
-0.560713	0.34754
-0.2348	0.369956
-0.832306	-0.929758
1.18835	0.316509
0.0367932	-0.258624
-0.908353	-0.615246
-0.0283893	0.478735
-0.680214	0.236173
-0.951808	-0.568334
-0.430348	0.0639347
-0.647623	-0.120739
-0.919216	-1.11466
1.91622	-0.3291
-0.973535	-0.63254
-0.0283893	0.0600765
-0.506394	0.54128
0.503934	0.197033
0.612572	0.439873
-0.278255	0.328063
-0.0935718	0.352948
0.0911119	0.340202
0.123703	-0.0710629
0.395297	0.153379
-0.995263	-0.862364
0.471343	-0.165214
-0.32171	-0.17425
-0.919216	-0.372977
-0.908353	0.11343
-0.734533	-0.131856
-0.571577	0.0964823
-0.137027	0.275003
0.547389	0.445864
-0.571577	-0.196391
-0.40862	-0.692768
-0.560713	0.354375
-0.202209	0.350718
1.55772	0.436954
0.634299	-0.152912
-0.549849	0.326439
-0.919216	-1.17404
-0.810579	-0.491845
-0.40862	0.18094
0.873302	0.363046
1.03626	-0.0810907
-0.0175256	-0.470184
1.7424	0.340899
-0.951808	-0.556592
-0.810579	-0.436517
-0.0609805	-0.139225
-0.245664	0.259555
-0.897489	-0.643687
0.395297	0.233042
-0.560713	-0.617276
-0.560713	0.473595
-0.66935	0.120861
0.57998	-0.00479126
2.58977	0.231771
-0.821443	-0.411571
0.786392	0.672127
-0.538985	0.00979579
-0.528122	-0.0125768
-1.00613	-1.11093
-0.115299	0.0909968
0.514798	0.161214
0.264932	0.186975
-0.604168	-0.515263
1.64463	0.499438
0.362706	0.234141
-0.962671	-0.122891
-0.202209	0.346333
-0.93008	-0.801744
-0.289119	0.217854
0.786392	0.372829
-0.58244	-0.489574
-0.32171	-0.0307147
-0.832306	-0.471458
-0.354302	0.251089
-0.517258	-0.195836
1.00367	0.431431
0.7538	0.759151
0.786392	0.403612
0.699482	0.49498
0.688618	0.56666
-0.343438	0.335939
-0.158754	0.24878
1.78586	0.108512
-0.875761	-0.486429
1.99227	0.531051
-0.886625	-1.02987
-0.528122	-0.712621
-0.636759	-0.120357
-0.506394	-0.688829
-0.452075	-0.1121
-0.528122	-0.282174
-0.223937	0.0395032
1.01453	0.0850096
0.514798	0.235865
-0.604168	0.42124
1.43822	0.769977
-1.01699	-0.962325
2.99173	0.736961
-0.528122	-0.0977899
0.0802482	-0.238759
-0.886625	-0.452885
0.699482	0.59246
-0.00666181	-0.697292
-0.0283893	0.478735
-0.66935	-0.177784
0.362706	-0.108603
-0.886625	-0.30717
0.66689	-0.643786
-0.973535	-0.451271
-0.951808	-0.114748
0.319251	0.52965
-0.995263	-0.807176
-0.082708	0.47002
-0.680214	-0.668997
0.525662	0.311189
-0.376029	0.35968
0.254068	0.0659142
0.981939	0.542031
-0.767124	-0.33416
-0.951808	-0.836488
0.167158	0.583853
-0.245664	0.0437385
-0.84317	0.0478175
2.97	0.141973
-0.995263	-0.872362
-0.397757	-0.292348
-0.213073	-0.0548559
-0.517258	-0.495167
0.362706	-0.217393
-0.267392	0.300182
-0.897489	0.20037
3.03519	0.481135
0.188886	0.386409
0.134567	0.275912
0.210613	0.437991
-0.658487	-0.0259358
-0.625895	0.0230854
-0.984399	-0.203682
-1.01699	0.468457
0.0911119	0.184137
0.134567	0.338246
-0.940944	-1.31638
-0.66935	0.207919
-0.615032	-0.567509
-0.680214	0.283549
0.601708	-0.165962
-0.777988	-0.245923
-0.897489	-0.197461
-0.864898	-0.307183
0.232341	-0.580958
-0.32171	-0.0379189
1.31872	-0.372481
-0.625895	-0.733029
-0.951808	-0.806947
2.31818	0.552253
0.829847	0.361658
0.732073	-0.264296
-0.875761	-0.470392
-0.680214	-0.522306
-0.560713	-0.428195
-0.940944	-0.945924
-0.93008	-0.14894
-0.821443	-0.00516583
-0.712805	-0.744958
-0.799715	0.379634
0.0585207	0.746608
-0.767124	-0.293119
-0.40862	-0.190014
-0.691078	0.667421
1.66636	-0.143668
0.786392	-1.03247
5.60989	0.656869
-0.310847	0.453497
0.112839	0.476163
-0.40862	0.48204
-0.343438	-0.298877
-0.66935	0.0837558
0.156294	-0.316452
-0.615032	0.303909
1.68808	0.401429
-0.376029	0.00919299
-0.810579	-0.329256
0.188886	0.38152
-0.419484	-0.432879
-0.864898	-1.10978
0.417024	0.249533
-0.202209	0.151622
-0.951808	-0.723382
-0.256528	0.326367
-0.84317	-0.679661
0.992803	-0.244054
0.112839	0.267653
-0.886625	-0.375826
-0.647623	0.0418422
-0.810579	-0.0310576
-0.441212	-0.909146
-0.799715	-0.423087
-0.908353	-0.350867
-0.984399	-0.733197
0.590844	-0.678598
0.634299	-0.242313
-0.039253	0.317702
-0.517258	-0.110707
0.84071	0.43817
0.188886	-0.105844
1.10144	-0.52507
-0.864898	-0.445231
-0.202209	-0.624951
0.634299	0.377612
-0.75626	-0.420484
-0.984399	-0.139391
0.188886	-0.327619
2.01399	0.463676
0.960212	-0.58667
-0.854034	-0.0684318
-0.854034	-1.04179
1.70981	-0.0739253
-0.49553	0.131396
-0.560713	-0.188241
-0.712805	0.395707
1.2644	0.348179
-0.549849	0.30328
0.254068	0.253472
0.710345	0.20563
-0.137027	0.312805
2.67668	0.631651
-0.549849	-0.764197
-0.202209	0.423406
-0.528122	0.168715
-0.354302	-0.035411
0.264932	-0.34349
0.829847	0.801065
0.319251	0.193903
-0.897489	-1.11743
-0.365165	0.0278058
-0.441212	-0.185762
-1.01699	0.313271
-0.832306	0.0969662
1.04712	0.334069
-0.332574	0.503028
-0.2348	-0.640558
-0.397757	0.455838
-0.897489	-0.715454
-0.691078	-0.026426
0.340978	0.192511
-0.180482	-0.556922
0.0259294	0.193975
-0.984399	-0.527729
-0.310847	0.224349
-0.473803	-0.551417
2.1335	0.444919
-0.767124	0.34771
-0.723669	-0.84841
-0.854034	-0.39615
0.0367932	0.272392
-0.256528	-0.562633
-0.777988	-1.08181
0.156294	0.288768
0.373569	0.594504
-1.00613	-0.0604902
-0.951808	-0.512626
-0.951808	-0.779039
-0.777988	-1.04434
-0.919216	-0.932603
0.243204	0.405135
3.38283	0.632744
-0.354302	0.0244002
0.49307	0.15292
1.16662	-0.0291689
-0.343438	0.223941
-0.397757	0.448104
-1.02785	0.0999678
0.438752	-0.254973
2.87223	0.492722
0.590844	0.278635
-0.549849	-0.37197
-0.745396	-1.65763
-0.32171	0.475742
3.15469	0.652781
-0.908353	-0.622739
-0.940944	0.582957
1.75326	0.338366
-0.897489	-0.168301
2.65496	0.573223
-0.32171	-0.530866
0.417024	0.825195
1.22094	0.302529
0.264932	0.0884446
1.04712	0.503194
-0.593304	-0.0759406
-0.549849	-0.245868
2.8505	0.332578
0.373569	0.245585
0.406161	0.259477
-0.104436	-0.0360918
0.0367932	-0.231397
0.677754	0.35811
-0.58244	0.201774
0.449616	0.37886
-0.723669	-0.94314
-0.419484	-0.151259
0.732073	0.1125
1.5034	-0.192636
-0.310847	0.25081
-0.886625	-0.434772
0.634299	-0.185415
0.482207	-0.0305331
0.677754	0.532762
-0.84317	0.413757
1.79672	0.25922
1.65549	0.407393
-0.886625	0.403882
-0.723669	0.0910045
-0.810579	-0.655133
2.62236	0.320865
0.0367932	0.258677
1.05799	0.336177
-0.484667	-0.428334
-0.66935	0.228344
-0.310847	0.147779
-0.908353	-0.688974
-0.376029	0.0309235
0.384433	0.401535
-0.571577	0.459004
0.00420194	-0.886892
-0.691078	0.314682
-0.386893	-0.32949
0.417024	0.275237
1.3839	-0.119096
0.786392	0.339398
-0.267392	0.267826
-0.354302	-0.0790124
-0.365165	0.714912
1.81845	0.621668
-0.473803	-0.132153
-0.940944	-0.248981
-0.897489	-0.8511
-0.788851	-0.249561
0.101976	0.0769328
-0.821443	-1.00162
0.818983	0.312843
-0.951808	-0.0260172
0.232341	0.519281
-1.00613	-0.128172
1.8619	0.228592
-0.517258	-0.583036
-0.712805	-0.357
-0.821443	-0.569969
1.1449	-1.00382
-0.462939	-0.445837
0.656027	0.108327
-0.962671	-0.317817
-0.919216	-0.637133
0.471343	0.28217
0.145431	0.321162
-0.560713	-0.230858
-0.376029	-0.668459
-0.343438	0.415765
-0.430348	-0.0260904
0.764664	0.292365
-0.995263	-0.493845
0.00420194	0.287293
-0.962671	-0.714865
0.145431	0.297118
-0.0935718	-0.116758
0.471343	0.437317
-0.267392	0.325098
-0.615032	0.0182409
-0.506394	0.323323
-0.484667	0.294958
-0.517258	0.40323
-0.430348	0.415853
-0.615032	-0.851667
-0.777988	0.0773388
1.42735	-0.131285
0.569117	0.339422
-0.854034	0.269381
-0.723669	0.267187
-0.223937	0.602349
-0.854034	-0.0485257
-0.604168	0.142142
0.319251	0.286695
0.199749	0.522066
0.57998	-0.23244
-0.376029	0.436556
-0.430348	-0.0329592
0.373569	0.22208
-0.962671	-0.800464
1.64463	0.25983
-1.03872	0.21228
0.829847	0.607487
0.612572	0.372727
-0.593304	0.227228
-0.397757	0.224245
-0.908353	0.131775
0.818983	0.269629
-0.940944	-0.468993
0.145431	0.10555
0.710345	0.251088
-0.940944	-0.698198
-0.625895	-0.506479
-0.875761	-0.14863
-0.0501168	0.121854
-0.126163	0.635057
-0.723669	-0.396657
-0.571577	-0.26096
0.829847	0.515807
0.742937	0.763488
-0.973535	-0.141868
-0.973535	-0.584584
1.5034	-0.02024
-0.593304	0.215323
-0.908353	-0.414624
-0.984399	-0.236192
-0.082708	0.0767896
-0.158754	0.502663
-0.158754	0.075525
0.873302	0.199181
-0.126163	0.330804
-0.202209	0.0500367
2.16609	0.24733
-0.919216	0.0865675
0.558253	0.656233
0.623435	0.0396291
-0.615032	-0.831793
0.92762	0.0377823
-0.278255	-0.395355
-0.821443	-0.453664
0.0150657	0.406683
-0.343438	0.282199
-0.897489	-1.29591
0.656027	0.394671
-1.04958	-0.817917
-0.32171	0.220713
-0.788851	-0.509804
-0.473803	0.453096
-0.039253	0.581783
-0.082708	0.321007
-0.40862	-0.0363882
0.971075	-0.223654
-0.517258	-0.442302
0.0911119	0.193318
1.10144	0.728042
-0.517258	0.125128
-0.104436	0.0374038
-0.973535	-1.56935
0.297523	0.799966
-0.386893	-0.268245
-0.560713	-0.066661
0.210613	0.333655
0.612572	0.345154
0.0585207	0.0399902
1.12317	-0.293947
-0.864898	-0.134708
-0.506394	-0.197378
-0.473803	0.2305
0.199749	-0.23678
-0.397757	0.179315
-0.452075	0.468687
-0.386893	0.299276
-0.625895	0.0135102
1.16662	-0.0197377
-0.40862	-0.305732
0.0802482	0.365431
-0.538985	-0.131591
2.67668	0.340834
1.19921	0.297499
-0.278255	0.334326
-0.864898	-0.367547
-0.832306	-0.312721
0.57998	-0.282732
-0.919216	-0.330453
-0.734533	-0.469387
0.7538	-0.293611
-0.0718443	-0.12643
0.0585207	0.545744
0.971075	0.267377
-0.908353	0.197604
-0.506394	0.171567
0.503934	0.435075
1.02539	0.380828
1.61204	-0.138705
-0.267392	-0.250016
-0.473803	0.364871
-0.821443	0.454392
0.101976	0.0984764
-0.712805	-0.550418
-0.289119	0.329029
1.87277	0.115255
2.62236	0.138112
0.264932	-0.0594568
0.101976	0.486523
-0.452075	0.461917
0.677754	0.149989
-0.680214	-0.479665
0.112839	0.081005
-0.115299	-0.261237
-0.169618	-0.517786
-0.343438	-0.0418514
0.623435	0.490898
-0.0501168	0.288978
-0.462939	-0.849615
-0.810579	0.554011
0.710345	0.686093
-0.376029	-0.175727
1.81845	0.032699
0.101976	0.394173
0.634299	0.124175
-0.310847	-0.157346
-0.00666181	0.410574
0.0693844	0.190997
0.362706	0.540235
-1.00613	-0.448723
-0.32171	0.42705
-0.202209	-0.127243
-0.40862	0.161692
1.37303	0.321895
-0.245664	0.141331
-0.919216	-0.387175
1.65549	0.0614684
0.243204	0.233628
-1.01699	-0.32001
-0.376029	-0.764409
-0.647623	-0.572838
-0.462939	0.257095
0.612572	0.386678
0.503934	0.116778
0.884165	0.224999
-0.32171	0.301477
-0.0718443	0.0755363
-0.0609805	0.287977
-0.0175256	0.37464
0.221477	0.0806835
-0.40862	-0.104714
0.330114	0.330615
-0.473803	-0.782335
0.0585207	0.393433
-0.864898	0.334112
-0.745396	0.0344742
1.85104	0.459551
0.558253	0.627107
0.297523	0.401307
0.0150657	0.0669848
-0.126163	-0.650839
-0.538985	-0.411493
-0.49553	-0.312552
-0.593304	0.319974
0.873302	0.202288
-0.864898	0.0947767
-0.832306	0.0887994
1.43822	0.17848
-0.962671	-0.569775
-0.430348	-0.56481
-0.528122	0.373472
-0.821443	-1.12793
-0.593304	0.134064
1.89449	0.0711683
-0.126163	0.208359
-1.03872	-0.618227
2.79618	0.433973
-0.223937	-0.445456
1.10144	0.138331
-0.897489	-0.674423
0.0476569	-0.111736
1.64463	0.527101
0.688618	-0.232838
-0.886625	-0.163617
-0.289119	-0.251698
-0.940944	-0.477666
0.145431	0.305879
-0.940944	-0.528212
3.54578	0.179492
-0.593304	0.533414
-0.0283893	0.0542213
-0.658487	0.209591
0.710345	-0.140688
2.97	0.564565
-0.951808	0.0625824
1.7424	0.462667
-0.473803	0.171435
-0.452075	0.501644
-0.951808	-0.417495
-0.58244	0.616997
1.53599	0.137328
1.57945	0.34152
0.884165	0.468483
-0.49553	0.309126
0.786392	0.176479
0.0150657	0.591219
-0.821443	-0.192199
-0.310847	0.0626294
0.112839	0.0773204
-0.549849	0.264768
-0.0175256	0.280634
1.73154	0.412805
1.15576	0.466828
-0.593304	-0.64117
-0.538985	-0.479768
-0.940944	0.267677
2.80705	0.788761
-0.376029	0.520759
-0.299983	-0.491468
1.90536	0.376021
-0.919216	0.307544
-0.126163	0.133872
0.818983	0.371582
2.45941	0.326629
-0.712805	0.273511
-0.66935	-0.135018
1.24267	0.608416
-0.039253	-0.000744087
-0.202209	0.1526
1.7424	0.697428
-0.777988	0.254436
0.264932	-0.00980353
0.92762	0.509402
0.00420194	0.567042
0.0585207	0.204857
-0.701941	0.306938
-0.973535	-1.29466
0.808119	-0.0741848
-0.810579	0.111533
-0.452075	-0.420599
0.7538	0.278783
-0.452075	0.208937
-0.832306	-0.914734
-0.473803	0.325364
0.134567	0.397498
-0.517258	0.203685
-0.864898	-0.168695
-0.549849	0.30328
-0.604168	0.498328
0.0911119	0.331286
1.60117	0.252476
3.29592	0.287592
-0.0609805	0.0598495
0.264932	0.376982
1.75326	0.358915
1.77499	0.364202
-0.0935718	0.258113
-0.158754	-0.534808
-0.745396	-0.811706
-0.517258	0.390569
-0.386893	0.717504
0.395297	0.461236
1.1123	0.315235
-0.832306	0.17925
1.43822	0.102808
-1.01699	-0.286046
-0.267392	0.264261
-0.180482	-0.214989
-0.691078	0.408534
-0.462939	0.311551
-0.462939	-0.362697
0.275796	0.490907
1.85104	0.00199531
-0.821443	-0.472373
-0.365165	-0.231315
-0.571577	0.0200855
4.25193	0.525159
-0.191345	0.179324
0.134567	-0.551013
-0.886625	-0.807969
-0.940944	0.0812493
2.38336	0.287517
-0.701941	-0.75038
-0.886625	-0.53817
-0.615032	-0.355455
-0.386893	-0.00536622
-0.777988	0.722662
-0.343438	-0.709505
-0.984399	-0.576179
-0.223937	-0.0445393
-0.039253	-0.0716753
-0.137027	-0.210467
-0.180482	0.597802
0.0367932	0.0725315
-0.473803	0.596141
-0.93008	-0.137962
1.43822	0.619191
-0.419484	-0.308304
-0.84317	-0.21443
-0.604168	0.354712
2.80705	0.405887
-0.647623	0.206667
-0.104436	0.215783
-0.473803	-0.240072
0.319251	0.40864
-0.908353	-0.595334
-0.777988	-0.679324
-0.864898	-1.63056
-0.854034	-0.639272
-0.538985	0.35331
-0.810579	-1.03255
-0.517258	0.5056
0.145431	0.199673
-0.430348	0.375665
-0.0501168	0.343672
2.81791	0.334195
0.00420194	-0.042454
-0.636759	0.11326
-0.343438	-0.816883
-0.658487	0.473587
0.221477	0.218907
-0.571577	0.0325302
-0.984399	-0.280615
-1.00613	-0.431411
0.0259294	-0.121793
-0.484667	-1.08865
3.35024	0.341664
1.36217	0.50881
-0.560713	0.343757
-0.647623	-0.0340079
-0.549849	-0.431179
-0.039253	-0.107412
-0.908353	-0.596785
0.688618	-0.264331
-0.734533	0.586215
-0.995263	-0.636703
1.93795	0.481622
0.460479	0.176075
1.56858	0.49271
-0.908353	-0.773602
0.0259294	0.561209
0.384433	0.360289
2.40509	0.324809
-0.864898	-0.298655
-0.2348	-0.101321
2.44854	0.423746
-0.951808	-0.771904
-0.951808	0.476682
-0.940944	-0.426787
0.862438	0.328912
-0.376029	-0.602765
-0.00666181	0.00527366
-0.919216	-0.722311
-0.680214	0.562166
-0.680214	0.470658
0.862438	0.240968
1.07971	0.567719
-0.365165	0.49408
1.48167	0.569426
0.547389	0.479091
0.699482	0.341824
-0.75626	0.0496264
-0.75626	0.0309135
-0.93008	-0.140612
-0.919216	-0.514483
-0.549849	0.410417
-0.799715	0.0485244
-0.0935718	-0.17472
-0.919216	-0.899456
0.732073	0.238665
-0.712805	0.0805094
-0.473803	0.0770056
4.66475	0.660854
0.134567	0.721601
-0.84317	-0.0696308
0.254068	0.38075
-0.777988	-0.073101
-0.864898	-0.932947
-0.919216	-0.357441
-0.245664	0.453375
2.69841	0.601039
1.34044	-0.133075
0.101976	0.0957176
-0.908353	-0.856223
-0.604168	-0.283715
-0.832306	-0.104867
-0.745396	0.00644026
-0.810579	-0.526188
-0.441212	-0.10688
0.145431	-0.223249
0.0259294	0.317357
-0.245664	0.438609
0.949348	0.225736
0.612572	-0.31242
0.145431	0.433829
0.818983	-0.253584
-0.00666181	0.00527366
-0.397757	0.242404
-0.951808	-0.767432
-0.158754	-0.0715971
-0.691078	-0.0776951
0.373569	0.764897
-0.810579	-1.21541
-0.473803	-0.218668
0.873302	0.484736
-0.299983	-0.0260627
-0.767124	0.0494894
-0.549849	0.175225
-0.854034	-1.0634
-0.32171	0.0957988
0.851574	0.435306
-0.940944	-0.221127
0.0476569	0.429821
-0.810579	-0.749548
1.05799	-0.193824
-0.213073	0.429862
0.232341	0.550777
-0.701941	-0.0837224
0.0585207	0.66463
-0.267392	0.465032
-0.712805	-0.263847
0.688618	-0.411392
-0.104436	-0.104838
-0.712805	0.135737
0.66689	-0.20302
-0.419484	-0.0684238
-0.115299	0.125033
-0.886625	-0.0113109
-0.32171	-0.330525
-0.799715	-0.511115
1.13403	0.438545
-0.832306	0.0825537
-0.191345	0.277013
0.427888	0.492551
-0.723669	-0.283269
-0.0283893	0.0679009
-0.299983	0.324284
-0.973535	-0.0841624
2.70927	0.066731
-0.32171	0.114667
-0.854034	-0.239968
-0.473803	-0.14082
-1.02785	-0.180822
0.0259294	0.380844
-0.93008	-0.635888
-0.625895	-0.359723
2.32904	-0.0763101
-0.517258	-0.0628853
-0.397757	0.374482
-0.538985	0.082797
-0.332574	-0.303781
0.123703	0.407178
1.36217	-0.240523
-0.506394	-0.902532
-0.506394	-0.0365483
-0.799715	-0.149089
-0.886625	0.564081
-0.14789	0.3859
-0.788851	-0.530735
0.873302	-0.15751
0.503934	0.490037
0.590844	-0.053082
0.00420194	0.102383
0.547389	0.307554
-0.919216	0.303633
-0.691078	-0.215738
7.72832	0.681318
0.275796	0.132542
0.232341	0.658677
-0.658487	-0.521494
0.0911119	0.167191
-0.213073	-0.218121
-0.810579	0.455791
-0.864898	0.275817
-0.734533	-0.310256
3.6001	0.278994
-0.832306	-0.840101
0.00420194	0.0148298
-0.245664	0.476762
0.656027	0.602318
-0.940944	-1.77716
-0.538985	0.594295
-0.810579	-1.26553
1.92708	0.0294391
1.40563	0.491104
-0.951808	-0.756018
-0.32171	0.489126
-0.180482	-0.190255
0.688618	0.455616
-0.115299	-0.101269
1.92708	-0.38664
0.677754	0.110896
0.688618	0.38407
0.330114	0.42259
0.319251	-0.242697
-0.560713	-0.0199803
-0.549849	-0.690753
-0.604168	-0.870017
-0.908353	0.391518
-0.93008	0.101577
0.00420194	0.34264
-0.419484	0.258623
-0.951808	-0.724685
-0.430348	0.402733
0.330114	0.401275
-0.604168	0.345988
3.67615	0.396003
0.634299	0.424152
0.710345	-0.676004
-0.647623	-0.0227972
-0.821443	-0.785072
-0.897489	-0.401727
0.264932	0.157874
3.35024	0.527495
-0.897489	-1.03025
-0.962671	-0.362259
-0.49553	0.0936578
3.50233	0.207354
-0.528122	-0.441231
0.373569	0.764897
-0.788851	0.609995
-0.832306	0.207734
-0.897489	-0.56415
-0.701941	0.704796
-0.0718443	0.0400519
0.0802482	-0.00200167
1.89449	0.716089
1.41649	0.598172
-0.864898	0.478354
-0.723669	-0.348163
1.45994	0.131403
-1.01699	-0.573057
-0.636759	0.403079
-0.223937	-0.314858
-0.00666181	0.685317
-0.951808	0.1797
-0.256528	0.358056
-0.039253	0.294129
-0.376029	-0.330979
-0.962671	-0.608268
-0.951808	-0.173054
1.48167	0.32317
1.31872	0.816824
-0.223937	0.306166
-0.875761	-0.632534
1.17749	0.436155
-0.875761	-0.845024
-0.886625	0.408729
0.895029	0.844233
-0.202209	0.247625
0.406161	0.221783
0.427888	0.432615
-0.788851	-0.830886
0.656027	0.621757
-0.712805	-0.807443
0.00420194	-0.471928
-0.962671	-0.301464
-0.604168	-0.725041
-0.832306	-0.663772
0.427888	0.368401
-0.745396	-0.108996
2.6115	0.296234
-0.680214	-0.502416
0.286659	0.242561
1.16662	0.669682
0.243204	0.430476
1.64463	0.40579
-0.647623	-0.433959
-0.267392	0.432811
-0.788851	0.305669
-0.777988	-0.609733
-0.615032	-0.593152
-0.615032	-0.190931
-0.137027	0.12243
-0.745396	-0.811706
0.395297	-0.527917
1.53599	0.257661
-0.191345	-0.275969
1.55772	-0.206634
2.48114	0.243765
-0.951808	0.0250713
-0.289119	0.353485
-0.2348	-0.199263
-0.549849	-0.0365073
-0.473803	0.437029
-0.691078	0.359213
-0.886625	-0.614563
-0.875761	-0.032794
-0.854034	-0.301591
-0.951808	-0.66941
-0.701941	-0.964007
0.66689	-0.00363304
-0.625895	-0.0209955
-0.875761	-0.398174
0.547389	0.290313
-0.919216	0.177049
-0.821443	-0.350918
-0.549849	0.323373
3.28505	0.688085
-0.158754	0.490395
0.0259294	0.00319551
-0.560713	0.372352
0.938484	0.539383
0.84071	0.0861217
-0.104436	-0.219122
0.590844	-0.445566
1.01453	0.377657
-0.58244	0.384027
-0.680214	0.529672
-0.701941	0.543927
0.188886	-0.191751
-0.430348	-0.373874
-0.00666181	-0.167865
-0.32171	0.657079
0.134567	0.528278
-0.571577	-0.187716
-0.788851	-0.120698
-0.767124	0.281608
-0.376029	0.189529
1.25353	0.879555
-0.32171	-0.159285
-0.777988	-0.040216
-0.484667	0.124131
-0.202209	0.314501
0.503934	0.203908
0.92762	0.435214
2.09004	-0.09816
-0.278255	-0.414256
0.57998	-0.636481
-0.723669	0.174668
-0.299983	0.417689
1.32958	0.241815
1.07971	0.392353
-0.712805	-0.236104
-0.039253	-0.0311665
-0.951808	-0.805547
0.112839	0.437672
-0.810579	-1.13317
-0.788851	0.281478
-0.680214	0.247964
-0.788851	-0.254317
2.05745	0.364057
-0.137027	0.407758
0.0802482	0.599267
-0.995263	-0.347428
-0.58244	-0.29663
0.134567	0.305924
0.145431	-0.0329355
2.45941	0.390361
-0.615032	0.356458
-0.658487	-0.337906
0.275796	0.489942
-0.886625	-1.07016
-0.625895	-0.294898
-0.213073	0.430483
-0.419484	0.168923
1.07971	0.181455
0.460479	0.468603
0.199749	0.222341
-0.908353	0.219494
0.601708	0.216505
0.764664	-0.297035
-0.951808	-0.587119
-0.691078	0.276705
-0.66935	0.410724
1.93795	0.639058
-0.93008	0.228902
-0.854034	-0.374848
1.48167	0.71366
-0.365165	0.0138925
-0.658487	-0.213472
-0.734533	-0.317917
-0.517258	-0.474217
-0.267392	0.0747513
-0.441212	-0.267685
-0.343438	-0.442149
-0.256528	-0.273232
0.0911119	-0.0373452
-0.332574	-0.045928
-0.310847	0.458191
2.86137	0.463597
-0.973535	-0.178293
4.88202	0.598738
0.949348	0.485494
0.0150657	0.428815
1.59031	0.282079
1.9814	0.356478
0.167158	-0.642718
-0.0718443	-0.124904
-0.256528	0.0118337
0.0150657	0.723257
0.0693844	0.207892
-0.951808	-0.818432
-0.810579	0.0558096
-0.777988	-0.405712
-0.343438	-0.225552
0.134567	0.288267
1.7424	0.624715
-0.647623	0.313506
-0.701941	-1.32844
-0.299983	-0.714047
-0.940944	-0.0417586
-0.473803	-0.340914
-0.658487	0.253447
-0.267392	0.205336
1.97054	-0.186835
-0.940944	-1.19158
-0.593304	-1.22629
-0.886625	-0.252765
-0.647623	0.195016
-0.940944	-0.224161
1.1123	0.116703
-0.452075	-0.537098
0.775528	0.0607442
0.156294	0.0455017
0.482207	-0.0138427
-0.376029	-0.120587
-0.202209	0.0445238
-0.908353	-1.36203
-0.84317	-0.825383
-0.40862	0.0139973
0.645163	0.0367126
0.00420194	0.187395
-0.310847	-0.185949
-0.115299	-0.304614
-0.386893	-0.832749
-0.723669	0.158182
0.471343	0.46822
-0.875761	-1.05962
-0.2348	0.210736
-0.886625	-0.851087
-0.854034	0.245547
0.938484	-0.39472
-0.452075	0.10299
-0.691078	0.293584
-0.995263	-0.652221
0.221477	-0.514405
-0.908353	-0.932672
-0.484667	-0.0303084
0.395297	0.219392
-0.636759	0.427701
1.42735	0.48427
-0.962671	0.532712
1.70981	0.101707
0.373569	0.649863
0.178022	-0.0734513
0.330114	0.338792
-0.615032	0.520202
-0.0935718	0.120886
2.30732	0.380322
0.340978	0.391359
-0.919216	-0.74062
-0.473803	0.325364
-0.854034	0.197044
0.742937	0.0809705
-0.169618	0.468795
-0.799715	-0.433935
1.10144	0.324762
-0.919216	-0.592849
-0.788851	-0.4295
-0.854034	0.0555403
-0.430348	-0.73215
-0.84317	0.327314
2.72014	0.690925
0.623435	0.553115
0.634299	0.368242
-0.343438	-0.6615
-1.01699	0.149018
1.01453	0.0282047
-0.723669	-0.808993
-0.84317	-0.213915
-0.625895	-0.450281
1.79672	0.452054
2.04659	0.628615
-0.593304	0.409087
-0.223937	-0.156582
0.101976	0.407029
-0.919216	0.296089
-0.0609805	-0.00849924
0.721209	0.199371
1.25353	-0.16304
-0.821443	-0.469884
-0.75626	-0.147666
-0.984399	-0.648214
-0.473803	0.441522
0.112839	0.654089
-0.202209	0.653061
0.0367932	0.408759
-0.549849	-0.112033
0.351842	-0.248364
0.938484	0.21196
0.308387	0.501948
0.514798	0.374715
0.167158	0.170769
0.49307	-0.079336
0.449616	0.214214
1.88363	-0.0452042
-0.441212	0.309432
0.590844	0.20122
-0.560713	0.368011
0.57998	-0.0958319
1.37303	0.398347
-0.832306	-0.849404
0.101976	0.0792304
-0.245664	-0.780791
-0.908353	-1.07516
-0.962671	-1.60759
0.971075	-0.0290887
-0.625895	-0.372191
-0.538985	-0.506632
-0.712805	-0.534144
3.9912	0.67606
-0.919216	-1.5812
-0.58244	0.0814467
-0.93008	-0.851637
-0.419484	0.356265
0.482207	0.453257
-0.126163	0.28402
-0.332574	-0.303781
-0.712805	0.0628589
-0.604168	0.346145
-0.712805	-0.633981
0.0367932	0.415214
-0.267392	0.13255
1.51426	0.378014
0.156294	0.451974
-0.462939	0.281787
0.330114	0.059141
-0.104436	0.280462
-0.571577	-0.391396
-0.940944	0.524646
-0.691078	-0.136053
-0.962671	-0.70817
0.373569	-0.019448
-0.680214	0.124314
-0.506394	0.231782
-0.343438	-0.316477
-0.962671	0.265136
-0.462939	-0.193454
-0.549849	-0.837927
-0.886625	0.311564
-0.354302	-0.0274693
-0.604168	0.0975694
0.732073	0.674057
-0.886625	-0.556013
-0.397757	0.402216
-0.864898	0.0947767
-0.0175256	0.37515
-0.864898	0.180178
-0.973535	-1.21912
2.65496	0.122141
4.99066	0.586696
-0.419484	-0.0281027
-0.484667	0.422975
-0.126163	-0.167635
0.503934	0.081274
0.134567	0.510382
1.59031	0.592928
-0.723669	-0.749381
-0.245664	0.0232942
0.178022	-0.23429
0.677754	-0.226737
1.66636	0.436954
-0.202209	-0.0451619
1.3839	0.36634
0.199749	0.0327228
0.330114	0.832675
0.677754	-0.246658
-0.104436	-0.09199
1.15576	0.356244
2.83964	0.527738
3.79565	0.425522
-0.984399	-1.2466
-0.691078	0.0933949
-0.365165	-0.0771425
-0.821443	0.334488
-0.506394	0.0360583
1.48167	0.303332
0.340978	0.101684
-0.158754	-0.767454
-0.202209	-0.107911
-0.777988	-0.131035
-1.02785	-1.48814
1.1123	0.306817
2.14436	0.469255
-0.332574	-0.432768
0.156294	0.0217958
-0.984399	-1.02347
-0.691078	-0.314231
0.351842	0.677272
-0.310847	-0.0835667
-0.777988	-0.075624
0.123703	0.461908
-0.104436	-0.41521
1.7424	0.139045
-0.84317	-1.17867
-0.32171	0.684917
-0.593304	0.438484
-0.397757	-0.210046
-0.40862	0.463134
-0.919216	-0.721677
-0.289119	0.52864
-0.832306	-0.0362064
0.264932	0.505997
-0.788851	-1.03948
0.156294	-0.582316
0.677754	0.370974
-0.615032	0.0304005
0.710345	0.265812
1.1123	0.554191
-0.14789	-0.0322511
-0.2348	0.193808
0.710345	0.345022
-0.767124	-0.728951
-0.951808	-1.12876
-0.625895	-0.32605
-0.169618	0.482066
-0.58244	-0.394454
1.7424	0.154653
-0.875761	-0.376131
-0.93008	-0.250817
-0.376029	-0.181831
-0.680214	-0.153801
-0.560713	-0.151401
-0.973535	-0.0404868
-0.213073	0.167481
-0.647623	-0.243652
3.07864	0.66419
0.210613	0.225957
-0.919216	-1.16348
-0.039253	0.197474
-0.658487	0.23184
-0.343438	-0.138704
-0.691078	-0.0565201
-0.832306	-1.24395
-0.462939	0.0515388
-0.202209	0.468072
-0.441212	0.431544
-0.58244	0.116826
-0.202209	0.738923
-0.14789	0.386946
-1.00613	0.495967
-0.0935718	-0.337976
1.25353	0.221671
-0.615032	0.413515
-0.615032	0.691143
-0.082708	-0.0205069
-0.039253	0.118573
0.862438	0.452815
-0.441212	0.509549
-0.93008	-0.0317294
1.49254	0.589749
-0.213073	-0.361233
-0.810579	-0.115577
3.06778	0.482941
-0.484667	-0.0952474
0.427888	0.313202
-0.32171	-0.164601
-0.810579	-0.335296
-0.376029	0.0334427
-0.701941	0.543489
0.764664	-0.0210223
0.460479	-0.325018
0.384433	0.550763
-0.625895	0.251173
-0.962671	-1.08046
1.03626	0.0201399
-0.84317	0.215622
0.536525	0.181818
-0.908353	-0.856223
-0.832306	0.342326
-0.951808	-0.345695
0.0802482	0.22139
-1.00613	-1.42314
2.88309	0.640442
-1.02785	-0.844552
-0.039253	-0.465098
0.417024	0.0913055
-0.93008	-0.218273
-0.115299	-0.0318428
-0.430348	0.2021
0.232341	0.573847
2.12263	0.0614088
-0.082708	0.41325
1.29699	0.374325
-0.799715	-0.456097
0.319251	0.0685156
0.156294	-0.354283
0.0802482	0.343524
-0.66935	-0.261718
0.0802482	0.395361
-0.245664	0.149872
-0.864898	-0.416839
2.83964	0.343436
-0.2348	-0.190502
-0.75626	-0.969716
-0.365165	-0.0387297
-0.32171	-1.00929
-0.886625	-0.662521
-0.973535	0.419671
-0.604168	0.0557039
3.9912	0.735732
-0.810579	-0.589457
-0.734533	-0.679383
0.427888	0.287296
-0.289119	0.182378
-0.799715	-0.542089
-0.810579	0.332935
-1.04958	-0.731938
0.7538	0.422452
2.00313	0.215753
0.764664	0.550324
-0.66935	-0.911311
-0.93008	-0.583748
1.09058	0.348664
-0.951808	-0.426286
0.601708	-0.130589
-0.506394	0.0261533
-0.2348	-0.568292
0.297523	0.559534
-0.962671	-1.32804
1.23181	-0.00524035
2.58977	0.595017
-0.223937	0.00436847
1.05799	-0.222169
-0.810579	-0.42058
0.0476569	0.446268
0.156294	0.508545
0.264932	0.358574
0.167158	0.144411
0.232341	-0.259037
0.0911119	-0.310311
-0.473803	0.242357
-0.571577	0.110791
-0.680214	0.238383
-0.158754	0.166344
-0.886625	-0.813247
0.286659	-0.561766
0.00420194	0.0858013
-0.799715	-0.0841419
-0.256528	0.095303
-0.549849	-0.369713
-0.951808	-0.739671
0.417024	0.0547434
-0.615032	-0.914153
-0.310847	0.00831473
-0.604168	-0.729952
5.15362	0.729058
-0.397757	-0.00865251
0.264932	-0.175432
-0.897489	-1.02679
1.3839	0.386983
0.536525	0.136173
0.319251	0.349125
-0.995263	-1.6498
1.13403	-0.0466023
-0.560713	0.424443
-0.14789	-0.0411362
1.06885	0.295171
-0.810579	-1.34091
-0.0283893	0.15197
-0.560713	-0.230948
-0.810579	0.167869
0.699482	0.719862
1.05799	0.377487
-0.082708	0.517873
-0.734533	0.0416887
-0.821443	-0.316836
-0.691078	-0.574689
-0.908353	-0.552297
-0.647623	-0.331629
-0.289119	0.291124
-0.940944	-0.821565
-0.082708	0.465625
1.34044	0.656028
-0.115299	0.429974
-0.962671	-0.0221971
-0.039253	0.469366
0.699482	0.752175
-0.962671	-0.534988
1.10144	0.483855
-0.745396	0.469273
-0.40862	0.160592
-0.191345	0.251275
1.03626	0.189066
-0.00666181	0.0162033
0.340978	0.17508
0.905893	0.188832
0.178022	0.0614947
-0.832306	-0.254571
-0.625895	0.484624
-0.517258	0.272147
0.710345	0.593971
-0.538985	-0.585163
0.688618	0.807524
-0.517258	0.574903
-0.810579	0.171581
0.308387	0.127473
-0.473803	0.460931
-0.658487	0.351708
1.02539	0.494799
-0.647623	-0.190633
0.297523	0.572678
0.764664	0.101671
-0.897489	-0.714638
2.28559	0.104144
0.264932	0.314729
-0.940944	-0.16833
-0.571577	0.0389723
0.558253	-0.164099
-0.376029	0.128116
-0.93008	0.405061
-0.484667	0.441424
-0.93008	0.226249
-0.517258	0.0540272
0.243204	-0.50113
-0.354302	0.323311
-0.528122	0.0777266
-0.58244	-0.208273
-0.745396	-0.0583868
-0.0935718	0.0185752
0.808119	0.155896
0.547389	-0.929638
0.123703	0.341644
0.340978	0.0695422
-0.517258	0.446042
1.31872	0.350027
4.28452	0.64759
-0.40862	0.183378
-0.343438	-0.183095
-0.723669	-1.3854
-0.278255	-0.414025
0.949348	-0.0363184
-0.821443	0.280646
-0.962671	-0.626189
-0.615032	-0.48017
-0.854034	-0.785292
-0.886625	-0.491513
-0.940944	0.399638
1.66636	0.354176
-0.767124	-0.544299
3.77392	0.598544
0.514798	0.106511
-0.658487	0.0512475
3.26333	0.324824
4.05638	0.829161
-0.158754	0.282589
-0.854034	-0.155518
-0.0501168	0.122406
-0.452075	0.00755899
-0.723669	-0.374895
1.07971	-0.467672
0.0150657	0.0591846
-0.0501168	0.435566
0.199749	0.222154
3.25246	0.731683
2.32904	0.0571948
-0.115299	0.435247
-0.636759	0.379892
-0.082708	-0.175871
-0.299983	-0.0602984
-0.223937	0.134317
0.0367932	-0.601924
0.199749	0.0472303
-0.604168	0.579788
-0.962671	-0.792022
-0.137027	0.490601
1.1123	0.32459
-0.93008	-0.300105
1.39476	-0.272182
-0.93008	-0.444406
1.22094	0.125886
1.17749	0.125638
-0.452075	0.270473
-0.984399	-1.13806
-0.104436	0.38462
1.41649	0.472497
-0.691078	-0.241933
-0.799715	-0.22836
0.0150657	-0.912304
0.590844	0.222328
2.03572	0.0947015
0.243204	0.380225
-0.289119	-0.175738
-0.506394	0.376837
0.0585207	0.238384
-0.799715	0.455539
-0.897489	-0.920372
2.12263	0.499456
-0.158754	0.0741368
-0.278255	-0.826649
0.417024	0.424248
-0.137027	0.680769
-0.951808	-0.655775
2.1335	0.247593
-0.213073	-0.104969
-0.115299	0.660018
0.438752	0.0744799
0.221477	0.138272
-0.354302	-0.0147161
-0.897489	-0.186452
0.101976	0.0256305
-0.734533	-0.685673
-0.213073	0.22216
-0.615032	-0.186076
-0.788851	-0.492504
-0.940944	-0.700308
0.134567	0.427576
-0.49553	0.461832
1.19921	0.0608241
-0.343438	0.175278
-0.984399	-0.602633
1.25353	0.46702
-0.93008	-0.0979771
-0.213073	0.31996
1.39476	0.368854
-0.158754	0.408455
2.52459	0.699143
0.92762	0.535118
-0.354302	-0.375128
-0.158754	0.823303
-0.452075	0.30544
-0.430348	-0.300051
-0.191345	0.280078
0.232341	0.306597
-0.919216	0.567986
0.612572	-0.0186672
0.0693844	0.707644
2.48114	0.473375
-0.777988	-1.06853
-0.973535	-0.994669
-0.506394	-1.26777
1.10144	0.460359
-0.886625	-0.53524
-0.625895	0.357509
2.98087	0.404924
1.77499	-0.0697507
0.460479	0.227445
-0.886625	0.172336
-0.571577	0.192221
-0.777988	-0.0968931
-0.723669	0.47161
-0.158754	0.388237
-0.951808	0.130171
0.134567	0.165114
-0.93008	-0.407813
-0.951808	0.278656
-0.082708	0.432117
2.63323	0.111647
-0.202209	0.126075
0.84071	0.0553976
-0.951808	0.0901608
-0.777988	-0.40196
4.05638	0.536602
-0.0175256	0.0167316
-0.126163	0.0370392
-0.452075	-0.0413556
-0.919216	0.167788
-0.658487	-0.999688
-0.213073	-0.0542468
-0.538985	-0.579117
-0.875761	-0.655285
-0.788851	-0.249561
-0.745396	-0.437867
-0.897489	-0.496144
-0.973535	-0.719943
-0.821443	-0.996024
-0.701941	-0.0301625
-0.593304	-0.127667
-0.984399	0.364896
-0.908353	-0.365265
-0.691078	-0.783912
-0.919216	-0.322903
0.938484	0.478395
-0.691078	0.726944
-0.886625	-0.135956
0.101976	-0.333383
-0.75626	0.255596
-0.701941	0.645262
-0.32171	-0.0707411
1.06885	-0.223665
0.178022	-0.0313591
0.0259294	-0.267296
0.558253	0.234063
-0.767124	-0.94212
0.960212	0.697886
-0.777988	0.00249794
1.32958	0.387835
-0.854034	-0.601931
-0.571577	0.449977
-0.039253	0.116255
1.37303	0.59823
-0.810579	-0.94808
-0.799715	-0.0841419
-0.940944	-1.28763
1.09058	0.350394
-0.0283893	0.388848
0.438752	0.400966
-0.376029	-0.00823779
0.873302	0.366819
0.286659	0.487284
1.68808	0.54314
-0.897489	0.177273
3.9912	0.67606
-0.984399	-0.429645
-0.908353	-0.216563
0.0693844	0.425588
0.92762	0.370941
-0.864898	0.0846831
-0.571577	0.0463372
-0.267392	-0.644694
-0.462939	0.453198
-0.995263	-0.563473
0.960212	0.464251
1.16662	0.0531504
0.558253	0.132342
0.199749	0.388733
-0.897489	-0.249785
1.99227	0.426784
-0.2348	-0.321197
-0.2348	-0.513941
2.22041	0.724393
-1.00613	-0.806991
1.32958	-0.157368
-0.310847	0.147779
-0.00666181	-0.150598
0.275796	-0.638685
-0.897489	-0.479645
0.851574	0.166453
-0.462939	-0.800175
-0.810579	-0.398003
-0.441212	-0.0182112
1.22094	0.236598
0.00420194	0.372364
-0.821443	0.20415
-0.799715	0.484065
-0.951808	-0.46404
-0.0935718	0.419112
-0.299983	-0.207821
-0.299983	-0.262911
0.590844	0.100483
3.82824	0.442247
-0.962671	-0.746028
-0.039253	-0.137581
1.05799	0.316472
0.482207	0.0896701
0.732073	-0.147243
-0.712805	0.182203
-0.571577	-0.417636
0.351842	0.207145
0.297523	0.518974
-0.039253	0.372287
-0.940944	-1.5034
-0.462939	-0.224899
-0.473803	-0.00283101
0.536525	0.440961
1.05799	-0.147085
-0.908353	0.332206
-0.734533	0.538245
-0.430348	-0.172869
-0.267392	0.470733
0.677754	0.26893
-0.560713	-0.0446125
-0.75626	-0.27845
-0.875761	0.0143286
0.112839	0.220964
0.362706	-0.131002
-0.484667	0.333188
-0.376029	0.0215661
3.07864	0.697481
0.623435	-0.182734
-0.973535	-0.15486
0.406161	-0.0709959
-0.615032	-0.567509
0.786392	0.345099
-1.02785	-0.0158353
-0.278255	0.468548
0.319251	0.269181
-0.180482	0.36054
-1.00613	-0.142058
-0.0935718	0.14205
0.210613	-0.032103
-0.376029	0.378411
-0.365165	-0.0566236
-0.951808	-0.613699
-0.973535	0.252486
-0.213073	0.354213
0.699482	0.421678
0.112839	0.0990543
-0.940944	-0.524314
3.11123	0.512559
-0.832306	-0.91828
1.89449	0.467438
-0.940944	-0.937843
-0.126163	-0.29537
0.536525	0.32931
-0.84317	-0.783045
-0.973535	-1.04177
0.612572	0.0958382
1.1123	0.524
-0.625895	-0.426261
-0.647623	0.486433
1.82931	0.360703
0.808119	0.439321
0.84071	0.0909407
3.37196	0.430777
0.319251	0.546998
0.688618	0.485175
2.04659	0.41744
-0.560713	0.473595
-0.538985	-0.974063
-0.615032	-0.0483181
-0.560713	-0.613451
-0.66935	0.495478
-0.951808	-0.773374
1.15576	-0.223852
-0.962671	-1.06637
-0.886625	-0.811574
-0.58244	0.17761
0.482207	0.00967571
-0.202209	0.0385132
-0.517258	-0.177006
1.70981	0.370515
-0.995263	-1.06775
0.482207	-0.561841
-0.517258	0.479743
-0.213073	0.113418
-0.919216	-0.934029
0.0476569	0.266916
0.536525	0.695968
-0.854034	-0.484392
-0.962671	0.353611
0.0259294	0.149377
-0.299983	0.32214
3.14382	0.62272
-0.256528	-0.00323656
-0.832306	0.49162
0.0693844	0.369445
-0.289119	0.106176
1.21008	-0.0888566
-0.615032	0.299981
-0.940944	-0.603421
1.51426	0.455506
-0.202209	0.437949
0.221477	-0.698015
0.188886	-0.2476
0.895029	0.126135
1.30785	0.0573942
-0.951808	-0.149577
-0.973535	0.408385
-0.354302	0.23323
0.340978	0.0695422
1.81845	0.0685588
-0.104436	0.17931
-0.854034	-1.23508
0.373569	0.587138
-1.02785	-0.180822
-0.973535	0.430883
-0.0935718	0.359151
-0.158754	0.4768
-0.299983	-0.840657
0.503934	0.0571694
-0.604168	-0.361529
0.373569	0.337487
-0.430348	0.394391
0.210613	0.413424
-0.864898	-0.559384
-0.767124	-0.167105
-0.213073	0.318869
-0.332574	0.320775
-0.680214	0.221351
-0.864898	-0.376848
2.253	0.504853
-0.299983	0.0621918
-0.919216	-0.54495
-0.788851	-0.539852
-0.680214	-1.27357
0.471343	0.275763
-0.940944	-0.989017
2.07918	0.537576
-0.462939	0.453198
-0.962671	-0.740789
0.101976	0.0256305
-0.115299	-0.167094
0.590844	0.0925023
0.112839	0.211601
0.449616	0.185947
-0.723669	-0.646027
0.373569	0.325557
2.52459	0.389344
0.0476569	0.0179561
-0.919216	-0.427039
0.742937	0.307489
-0.886625	0.0132815
-0.875761	-0.585181
0.0585207	0.68762
-0.897489	-1.66447
0.558253	0.28626
0.308387	0.00243338
-0.278255	0.378843
0.0367932	0.273494
0.949348	0.469838
1.18835	0.237722
-0.538985	-0.461925
1.21008	0.590461
1.66636	0.154265
1.35131	0.54907
-0.832306	-0.617063
-0.962671	0.277676
-0.452075	-0.0966684
3.80651	0.398079
-0.223937	-0.307569
-0.701941	-0.200483
-0.84317	0.434183
-0.951808	-0.396052
-0.137027	0.301838
0.0911119	-0.178466
-0.940944	-1.03572
0.275796	0.229612
0.558253	-0.212091
0.786392	0.281751
-0.908353	-0.560136
-0.658487	0.375646
-0.213073	-0.253104
1.15576	0.714621
1.28612	0.550628
0.319251	0.416351
0.916757	0.775479
2.54632	0.253164
-0.289119	-0.405965
3.65442	0.343887
-0.995263	-0.412456
0.547389	0.498399
-0.788851	-0.933417
-1.00613	0.541763
-0.788851	0.216846
0.569117	-0.395361
-0.00666181	0.0303822
-0.636759	-0.0613949
0.514798	0.0815744
-0.973535	-0.780966
0.601708	0.295396
-0.832306	-0.650914
-0.256528	-0.149447
-0.223937	-0.359021
-0.84317	0.500457
-0.180482	0.412771
-0.919216	-1.0811
1.16662	0.430662
0.471343	0.364398
-0.962671	-0.8427
-0.278255	0.551034
0.188886	0.253563
0.00420194	-0.886892
0.536525	-0.17622
4.19761	0.615472
0.7538	0.156063
0.49307	0.322432
-0.332574	0.467313
0.406161	0.349623
-0.082708	0.219635
-0.886625	0.274814
-0.506394	-0.0524133
-0.289119	-0.683535
-0.897489	-0.890102
1.02539	-0.0156805
-0.810579	-0.263794
-0.734533	-0.532075
-0.951808	-0.401647
0.818983	-0.0640334
-0.973535	-0.255437
1.99227	0.355603
-0.962671	-0.467383
-0.962671	-0.892811
-0.854034	0.285076
0.0367932	0.27088
-0.908353	-0.815139
-0.430348	0.204405
-0.0935718	0.169106
-0.419484	-0.310359
0.57998	0.367481
-0.897489	0.194373
-0.419484	-0.0243539
0.623435	0.450149
-0.734533	-0.539108
-0.66935	-0.438515
-0.0283893	0.410989
0.232341	0.476247
-0.973535	-0.358135
0.112839	0.20728
0.536525	0.440961
0.123703	-0.0328109
-0.712805	-0.756716
-0.310847	-0.034849
-0.745396	0.692013
-0.886625	-0.861502
0.0150657	0.406712
2.19868	0.486492
0.101976	0.680039
0.286659	0.348699
0.601708	0.276029
-0.0501168	0.512933
-0.430348	0.316724
-0.278255	0.0643116
1.9814	0.0434652
2.03572	0.446802
2.09004	0.525893
-0.66935	0.436622
0.569117	0.296088
-0.419484	-0.419056
-0.810579	-0.161581
-0.386893	0.463621
-0.886625	-0.495277
-0.32171	0.254937
-0.430348	-0.691157
-0.0283893	-0.777474
0.656027	0.231552
-1.01699	-1.58483
-0.962671	-0.56138
-0.40862	0.706569
-0.299983	0.0657881
-0.571577	0.464429
1.97054	0.3033
-0.810579	-0.359421
1.55772	0.305645
-0.571577	-0.0882646
0.00420194	0.238113
-0.745396	-0.568061
-0.169618	-0.155403
0.145431	0.47161
-0.2348	0.183599
0.742937	0.371586
1.03626	0.397657
-0.625895	-0.243346
-0.897489	-1.23369
-0.441212	0.0450202
-0.332574	-0.123599
-0.419484	-0.363011
-0.875761	-0.0861096
-0.962671	-0.826116
-0.517258	0.477084
-0.75626	-0.27845
-0.647623	-0.0564702
-0.528122	0.0773874
-0.430348	-0.102578
-0.951808	-0.0986549
-0.49553	0.431531
-0.854034	0.540696
-0.821443	-0.209297
-0.039253	0.398591
0.0367932	0.246983
0.786392	0.561408
0.406161	-0.350525
-0.0501168	0.445774
-0.810579	-1.21906
-0.658487	-0.385952
0.818983	-0.11034
-0.473803	-0.144921
-0.84317	-0.0746395
0.308387	0.475628
-0.723669	0.174668
0.569117	0.106352
-0.821443	0.196401
-0.875761	-0.972975
0.66689	0.182395
-0.158754	0.461846
1.05799	0.442371
0.57998	0.159024
-0.213073	0.141343
-0.538985	0.539063
-0.723669	-0.295749
-0.854034	-0.662298
-0.951808	-0.560466
2.20954	0.266085
-0.821443	-0.474757
-0.636759	0.243011
-0.723669	0.318953
-0.919216	0.174599
-0.897489	0.22819
-0.875761	0.429525
-0.777988	0.254436
-0.49553	-0.630566
-0.734533	-0.0603412
-0.538985	-0.2744
-0.0609805	0.306558
-0.299983	0.192599
0.00420194	-0.0165943
2.00313	0.50355
-0.810579	-0.673488
1.63376	0.195635
0.243204	0.270764
0.895029	0.0420522
-0.973535	0.0185918
-0.984399	0.246989
-0.32171	0.101967
-0.919216	-0.0622307
0.319251	0.276458
-0.810579	-0.421986
0.243204	0.0392863
1.47081	-0.0204338
-0.430348	-0.10916
-0.517258	0.407067
-0.745396	-0.733065
-0.995263	-0.200164
-0.995263	-0.656606
-0.115299	0.279478
-0.636759	-0.215688
-0.213073	-0.167571
-0.940944	-0.453608
0.0693844	0.425588
-0.636759	0.365572
-0.810579	-0.264696
0.449616	-0.0505462
0.330114	0.113983
-0.777988	-0.676474
-0.93008	-1.31336
-0.919216	-0.0742042
-0.615032	-0.59804
0.710345	0.195231
-0.951808	0.251913
0.862438	0.121254
-0.84317	-0.658763
-0.712805	-0.263847
-0.897489	0.303888
-0.799715	0.564387
-0.158754	0.285811
-0.973535	-0.830674
1.93795	-0.206683
0.471343	0.46822
-0.256528	0.144667
3.0026	0.49157
1.6229	0.166644
2.20954	0.569605
-0.538985	0.344084
-0.919216	-0.558508
-0.082708	0.202963
-0.32171	0.0538652
0.427888	0.279603
-0.430348	-0.36738
-0.658487	-0.26191
0.243204	0.164325
-0.484667	0.0839595
0.612572	0.382417
-0.376029	-0.0113998
1.87277	-0.170024
-0.832306	-0.471458
1.13403	0.662572
-0.908353	-1.17176
1.25353	0.112192
-0.115299	0.207366
-0.799715	0.311345
-0.278255	0.426558
-0.169618	0.269818
-0.354302	0.193557
-0.256528	-0.232832
-0.75626	0.299794
-0.951808	-1.17297
-0.973535	-0.538717
-0.484667	0.565304
-0.49553	0.16572
2.07918	0.413516
-1.00613	-1.15423
0.992803	0.234055
-0.245664	0.314712
-0.875761	-0.811218
-0.919216	-0.516662
-0.658487	-0.999688
-0.821443	-0.67132
-0.517258	0.278137
-0.712805	-0.631167
-0.995263	-0.526695
0.221477	0.592071
-0.93008	-0.105308
1.30785	0.346096
-0.419484	-0.321088
-0.962671	-1.00904
1.1449	0.426066
-0.875761	0.290077
0.0693844	-0.377061
0.0802482	0.12798
-0.75626	-0.395898
-0.517258	-0.530481
-0.365165	0.284675
2.03572	0.485899
-0.886625	-0.426321
-0.158754	-0.787075
-0.571577	0.176821
0.243204	0.450196
-0.864898	-1.03485
-0.777988	-0.31176
-0.864898	-0.169248
-0.115299	0.335936
-0.875761	-0.391631
-0.256528	0.28977
-0.14789	0.173755
0.623435	0.339618
-0.169618	0.12222
0.960212	-0.157751
1.79672	-0.016936
-0.712805	0.356274
-0.875761	-0.305927
-0.593304	-0.34469
-0.984399	-0.807028
0.634299	0.262341
0.286659	0.391226
0.0476569	-0.101569
-0.625895	0.274478
-0.0935718	0.309919
0.536525	-0.217859
-0.897489	0.157675
-0.701941	-0.427372
-0.973535	-1.39579
-1.01699	0.313271
1.68808	0.558722
-0.310847	0.450278
-0.951808	-0.453752
-0.712805	-1.05072
-0.995263	-0.440585
0.340978	0.447631
-0.680214	0.393012
-0.897489	-0.923644
-0.267392	0.478606
-0.973535	0.354026
1.93795	0.495525
1.25353	-0.31345
0.123703	0.5384
-0.767124	0.362269
-0.886625	-0.755332
-0.278255	-0.174241
2.02486	0.53506
0.0150657	0.712726
-0.734533	0.206467
1.72067	0.501962
-0.886625	0.383499
-0.267392	0.306341
-0.58244	0.783073
-0.93008	-0.570115
0.905893	0.624252
0.590844	0.478106
-0.962671	-0.115665
-0.604168	0.325503
-0.799715	0.361054
2.63323	0.52477
0.851574	0.239325
-0.365165	-0.235488
0.721209	0.336331
-1.00613	-0.689057
-0.430348	0.0415128
-0.897489	-0.283934
-0.473803	-0.14082
-0.625895	-0.257533
-0.897489	-0.459932
0.101976	-0.24644
-0.115299	-0.0474231
-0.799715	0.029651
0.297523	0.47386
-0.962671	-0.186207
-0.560713	-0.594057
-0.365165	-0.0642945
-0.832306	0.277904
-0.213073	-0.36924
0.482207	-0.390991
-0.951808	-0.0602429
2.17695	0.353894
0.406161	0.334901
-0.202209	0.289612
0.84071	0.0640767
-0.821443	-0.576316
-0.919216	-0.843932
0.395297	-0.0106854
0.949348	0.151194
0.851574	0.295604
0.895029	0.474444
0.514798	0.106511
-0.343438	-0.470795
-0.658487	0.00384264
0.210613	0.403678
0.232341	-0.0619394
-0.310847	-0.189246
-0.32171	0.179721
-0.560713	0.361798
-0.191345	-0.000217214
0.308387	0.657606
1.04712	0.0140662
-0.506394	-0.0395565
-0.658487	0.190003
-0.810579	-0.554525
-0.864898	-0.52493
0.232341	-0.0619394
-0.658487	0.0675668
1.48167	0.284619
0.949348	0.465796
-0.386893	0.0609218
0.210613	0.413424
-0.49553	0.16572
-0.799715	0.525507
-0.788851	-0.761353
-0.213073	0.329731
-0.712805	-0.290718
-0.0935718	0.280592
-0.549849	-0.939054
-0.919216	-0.392474
-0.84317	-0.273245
1.10144	0.402448
-0.984399	0.294593
-0.984399	0.115459
0.00420194	0.434912
0.0150657	0.147761
-0.104436	-1.12701
-0.473803	0.267968
0.221477	-0.118854
0.503934	0.363058
-0.745396	0.287386
-0.832306	0.511529
0.123703	0.0428794
-0.93008	-0.469765
0.243204	-0.215748
1.78586	0.603321
3.05691	0.389572
0.395297	0.355672
-0.984399	-0.960114
-0.973535	0.362417
0.818983	0.337702
-0.973535	-0.41009
1.79672	0.644685
-0.908353	-0.584282
-0.875761	-1.18314
-0.169618	0.701988
-0.191345	0.266913
-0.919216	-0.168837
0.57998	-0.00479126
3.20901	0.82509
-0.115299	0.102462
-0.354302	-1.56815
-0.256528	0.725197
0.0476569	-0.0678967
-0.289119	0.14776
-0.636759	0.362299
2.35077	0.607338
-0.365165	0.427759
-0.115299	-0.390383
0.0150657	0.473426
0.232341	-0.218655
-0.549849	0.174224
-0.897489	-0.123221
-0.734533	-0.991098
-0.2348	-0.254051
0.178022	0.490651
0.156294	0.179219
-0.0501168	0.0979845
0.178022	0.417352
-0.115299	0.45467
-0.919216	-0.603887
-0.365165	0.0571228
-0.0501168	-0.0915831
0.0802482	0.395361
-0.528122	-0.291844
1.85104	0.450874
-0.701941	-0.478826
-0.473803	0.127709
1.05799	0.837039
0.134567	-0.232312
-0.897489	0.289465
-0.310847	0.0116712
-0.2348	0.0842285
0.297523	-0.390342
1.70981	0.531428
-0.452075	-0.0087099
-0.93008	0.315888
-0.082708	-0.171236
0.0259294	0.196052
1.7424	0.577278
-0.332574	0.247036
-0.897489	-0.153725
-0.0283893	0.495609
0.905893	0.622252
-0.788851	-1.27194
-0.973535	-0.585563
0.00420194	0.126454
-0.137027	0.41417
-0.245664	0.345128
-1.00613	-0.498188
-0.0501168	0.389436
-0.832306	0.361048
0.721209	-0.203211
0.395297	-0.0965622
0.688618	0.711399
-0.278255	0.396503
-0.777988	-0.398267
0.590844	0.521708
-0.864898	0.32328
-0.66935	0.350106
0.699482	0.363116
-0.777988	-0.895554
-0.93008	-1.30564
-0.49553	0.40513
-0.919216	-0.394065
-0.854034	-0.197483
-0.104436	-0.332694
0.406161	0.298537
0.992803	0.0873887
1.80758	-0.3121
0.66689	0.269934
2.47027	0.501748
-0.647623	-0.538072
-0.984399	-0.796787
-0.538985	0.190152
-0.691078	0.544561
0.482207	0.507734
-0.49553	0.029793
0.656027	-0.202089
0.134567	0.38046
0.721209	0.23582
-0.58244	0.514149
-0.332574	0.259793
-0.810579	-0.585625
-0.745396	0.112217
-0.115299	-0.0407107
1.12317	0.794513
-0.951808	-0.0467229
-0.191345	0.196403
3.4806	0.500136
0.0585207	0.276329
-0.984399	-0.943575
-0.604168	0.19311
-0.908353	0.0106396
2.69841	0.434496
0.0911119	-0.178466
-0.58244	-0.0653277
-0.223937	-0.242182
-0.0935718	0.390328
0.590844	0.751254
-0.32171	0.0164323
-0.2348	0.280949
-0.810579	0.402959
-0.810579	-0.0674002
0.514798	0.106511
0.221477	-0.112519
0.449616	0.315702
-0.223937	0.240555
-0.854034	-1.06563
1.89449	0.72625
2.731	0.154875
-0.647623	-0.820402
0.427888	0.190879
0.123703	0.407178
-0.636759	-0.354511
-0.93008	-0.184551
-0.430348	-0.170898
1.42735	-0.171482
0.851574	-0.0894973
0.656027	0.353173
-0.832306	0.0726112
-0.854034	-0.109485
-0.723669	-1.46981
-0.973535	-0.010452
-0.0175256	0.334839
-0.658487	-0.948591
-0.951808	-0.915283
-0.66935	0.358866
-0.506394	-1.12515
0.775528	0.579086
-0.430348	-0.500488
0.601708	0.24112
-0.788851	0.104749
-0.528122	0.205062
3.45887	0.543498
0.362706	0.275062
-0.14789	0.326898
-0.93008	-0.0418657
-0.419484	-0.374056
0.569117	0.0516364
-0.712805	-0.207468
-0.604168	-0.819753
0.0585207	0.397693
0.818983	0.284267
0.677754	0.0146515
-0.517258	0.277909
-0.506394	-0.501742
-0.299983	0.480384
1.06885	-0.0111327
0.742937	0.119304
1.79672	0.452054
-0.995263	0.289852
-0.951808	-0.818178
-0.528122	0.275744
-0.126163	-0.29537
2.731	0.09908
-0.777988	-0.356569
-0.723669	0.636679
1.63376	-0.125043
2.19868	0.212516
-0.615032	0.443806
-0.701941	0.533383
-0.854034	-0.617864
0.0150657	-0.0753853
0.275796	0.352381
-0.777988	-0.538941
0.482207	0.0896701
0.0150657	0.450304
-1.02785	-1.48814
-0.701941	-0.086389
0.00420194	0.258479
-0.940944	0.276787
2.01399	0.529501
-0.49553	-0.0824302
-0.310847	0.326627
1.37303	0.324545
-0.973535	-2.26059
-0.875761	0.371708
-0.191345	0.502664
0.427888	0.208532
-0.886625	0.282226
3.73047	0.277201
-0.908353	-0.61079
-0.32171	0.122783
-0.0175256	0.122721
-0.832306	-0.641895
1.01453	-0.972438
1.59031	-0.184055
0.330114	-0.542451
-0.712805	-2.01757
-0.636759	-0.5682
-0.940944	-0.75462
-0.864898	0.110593
0.308387	0.291323
-0.0718443	0.279619
0.0911119	-0.0737691
1.93795	0.357932
-0.712805	-0.276945
4.4692	-0.114078
-0.549849	-0.659935
0.645163	0.144075
-0.691078	0.571338
1.43822	0.381193
0.134567	0.348294
-0.571577	-0.0590535
-0.354302	0.139227
1.87277	0.418351
-0.919216	-0.353096
0.742937	0.503203
1.76413	0.0875282
0.264932	-0.0777215
-0.712805	0.348581
-0.799715	-0.17006
-0.984399	-0.651443
-0.14789	0.388533
-0.332574	-0.432768
-0.462939	0.00117511
-0.919216	-0.514483
-0.2348	0.778349
-0.386893	-0.658971
-0.2348	0.433811
0.797255	0.393901
-0.691078	-0.216123
-0.2348	-0.522019
0.199749	-0.0962766
-0.995263	-0.683452
1.61204	0.409314
0.330114	0.347677
2.28559	0.642566
0.297523	-0.0330364
-0.897489	0.0547278
-0.875761	-0.570167
-0.267392	0.057932
0.340978	-0.102379
-0.908353	0.509218
-0.462939	-0.233368
4.17588	0.456976
-0.875761	-0.0166423
-0.430348	0.484714
-0.365165	-0.0112337
-0.462939	-0.541712
-0.897489	0.253564
-0.299983	-0.194196
1.1123	0.251362
-0.832306	-1.00757
3.96947	0.355274
1.25353	-0.195128
-0.940944	-0.949995
-0.810579	0.263049
0.92762	0.465077
-0.723669	0.247543
0.525662	0.36589
3.27419	0.500154
1.2644	0.297428
0.732073	0.266411
-0.126163	-0.840968
0.00420194	-0.397235
0.92762	-0.0347207
1.15576	0.291554
-0.821443	-0.299511
1.32958	0.267165
1.92708	0.0294391
-0.0718443	0.176824
0.221477	-0.00710481
-0.115299	0.269351
-0.0175256	-0.119748
0.330114	0.535382
-0.430348	0.387239
-0.962671	-0.481992
-0.593304	-0.0622589
1.39476	0.48056
-0.191345	0.687667
-0.0175256	0.20134
-0.940944	-0.686716
-0.0935718	0.515093
-0.919216	0.303633
-0.430348	0.299454
-0.191345	0.262247
-0.104436	0.139469
-0.169618	0.277293
-0.821443	-1.5342
1.22094	0.362062
-0.169618	0.404978
-0.734533	-0.460857
0.569117	0.0516364
-0.854034	-0.355965
0.417024	-0.00220706
-0.137027	0.121096
-0.484667	0.329293
-0.886625	0.0597623
-0.864898	-0.934896
0.123703	-0.255434
1.03626	0.51701
-0.908353	-0.663131
-0.767124	0.337315
-0.647623	-0.0227972
1.79672	0.0532724
-0.549849	0.222185
0.406161	-0.492414
2.48114	0.782862
2.15522	0.361499
-0.310847	0.178519
-0.32171	0.347481
-0.995263	-0.423525
-1.04958	-0.943994
-0.777988	-0.045088
0.0585207	0.251555
-0.137027	0.553575
-0.0283893	0.364655
0.0585207	-0.296363
0.395297	-0.175636
-0.810579	0.248125
0.319251	0.59494
1.5034	0.497799
0.677754	0.486845
1.36217	0.25739
0.677754	-0.525226
-0.886625	0.0797142
-0.875761	-0.452519
1.01453	0.0282047
-0.864898	0.0577984
-0.462939	0.436175
-0.886625	-0.490561
-0.104436	-0.474332
-0.647623	0.0511719
-0.940944	-0.398669
-0.0609805	0.211119
-0.951808	-0.443231
-0.995263	0.621576
-0.66935	-0.155112
-0.430348	0.452846
-0.32171	-0.718474
-0.0609805	0.3157
-0.528122	0.519366
0.471343	0.375344
0.156294	0.0815975
0.0911119	0.276843
-0.169618	-0.388822
-0.875761	0.479851
0.49307	0.414503
0.362706	0.708887
-0.32171	-0.0379189
0.351842	0.355562
0.0367932	0.456182
-0.908353	0.118574
0.710345	-0.159301
-0.919216	-0.732346
-0.93008	-0.44115
-0.93008	-0.635008
-0.560713	-0.598001
0.0476569	-0.0107936
-0.571577	-0.296907
1.02539	0.473072
2.67668	0.631651
0.384433	0.439863
0.981939	-0.258029
-0.310847	0.567216
1.05799	0.501179
-0.919216	0.318363
-0.376029	0.0215661
0.0367932	0.27293
-0.940944	-1.03237
-0.213073	-0.321072
2.23127	0.379564
-0.376029	0.168259
-0.0501168	0.226354
-0.506394	-0.597168
0.0802482	0.125182
1.61204	0.592788
-0.0935718	0.037192
1.43822	0.326074
0.0259294	0.600513
-0.962671	-0.00741631
0.482207	-0.118919
0.221477	0.557724
-0.462939	-0.294495
-0.473803	-0.325568
-0.93008	-0.973787
0.0693844	-0.762817
2.11177	0.0199998
-0.995263	-0.340328
-0.908353	-0.811023
-0.332574	0.567245
-0.864898	-1.02167
1.05799	0.42758
-0.571577	-0.218626
2.86137	0.85435
1.36217	0.236633
-0.875761	-0.951384
1.9814	0.0434652
-0.940944	0.276787
-0.104436	-0.179923
-0.560713	0.308459
2.15522	0.0803279
0.286659	0.0988429
1.48167	0.303332
1.97054	0.546608
-0.2348	0.420908
-0.962671	-1.29912
-0.58244	-0.393396
-0.788851	-0.603618
-0.995263	-0.495932
-0.66935	0.281267
0.210613	0.441844
0.00420194	0.00098673
-0.734533	0.369095
1.07971	0.426946
2.16609	0.24733
0.427888	0.106072
-0.473803	-0.462501
0.677754	0.0770078
0.254068	0.333628
0.57998	0.813364
-0.962671	-0.203492
0.0802482	0.177328
-0.940944	-0.268383
-0.082708	0.246631
-0.701941	-0.146585
-1.00613	0.202393
2.77446	0.54732
0.818983	0.55244
-1.02785	-0.158769
0.427888	0.791331
-0.940944	-0.986001
-0.299983	0.403492
-0.940944	-0.286823
-0.93008	0.543288
-0.973535	-0.849734
-0.213073	0.377629
-0.310847	0.387262
-0.32171	-0.222392
1.53599	0.0337331
2.02486	0.53506
-0.245664	0.440051
0.178022	0.0910984
-0.734533	-0.327621
-0.951808	-1.19802
0.264932	-0.208023
0.112839	-0.58809
-0.75626	-1.22177
0.851574	0.735486
0.297523	0.426744
-0.723669	-0.0697046
0.721209	0.173706
0.221477	0.176604
-0.951808	0.125474
-0.180482	0.442618
-0.104436	-0.0418837
-0.810579	-0.10382
2.99173	0.294409
-0.951808	-0.771532
-0.289119	-0.135866
-0.191345	0.326206
-0.940944	-1.22489
0.188886	0.48827
-0.549849	-0.523138
-0.0718443	0.436096
-0.441212	-0.234975
1.04712	0.162109
-0.593304	0.389918
0.145431	0.297118
-0.386893	0.402291
-0.84317	0.144503
-0.788851	0.271659
2.48114	0.349709
-0.897489	-0.674423
0.427888	0.103435
-0.0935718	0.352473
0.319251	0.819478
1.44908	0.246073
-0.256528	0.480831
2.16609	0.395298
-0.549849	0.136458
-0.680214	-0.680327
-0.310847	-0.733333
1.45994	0.351264
-0.723669	0.493755
-1.01699	0.632924
-0.473803	0.441522
0.340978	0.198445
-0.919216	-0.387786
-0.734533	0.1498
-0.430348	-0.32787
-0.962671	-0.491469
-0.104436	-0.219122
-0.202209	0.604965
-0.462939	0.407012
-0.365165	0.421672
-0.126163	0.423214
-0.169618	0.287047
2.04659	0.628615
-1.02785	-0.0158353
-0.169618	0.685716
-0.886625	-0.861746
0.210613	0.265836
-0.462939	0.440957
0.243204	-0.219601
-0.484667	0.335899
-0.299983	-0.36164
-0.84317	-1.20793
-0.430348	-1.98114
-0.528122	-0.441231
-0.58244	0.00691632
0.351842	-0.381524
0.00420194	0.530162
-0.875761	-0.190378
-0.636759	0.0883799
1.32958	-0.0250641
-0.158754	0.525667
0.351842	0.250445
-0.799715	-0.258591
-0.886625	0.0388612
-0.386893	-0.169953
2.3725	0.497874
-0.84317	-0.296584
0.764664	-0.0866347
-0.104436	-0.0808176
0.536525	0.350925
-0.538985	-0.29093
-0.560713	-0.501817
-0.158754	0.105104
0.134567	0.458609
-0.376029	0.55872
1.25353	0.806928
-0.864898	-0.5944
-0.517258	0.243243
0.710345	0.258264
-0.386893	0.417607
1.49254	0.349099
0.514798	0.427904
-0.799715	-0.127028
0.438752	0.603733
1.36217	0.403635
-0.538985	-0.332446
0.145431	0.115567
2.44854	0.386771
2.6115	0.571625
-0.223937	0.565278
-0.973535	-0.519236
-0.191345	0.111778
-0.962671	-0.123016
0.645163	0.287433
-0.951808	-0.220972
0.123703	0.136462
-0.2348	-0.122702
0.742937	0.125284
0.101976	0.509094
-0.430348	0.681225
-0.0935718	-0.46033
0.0367932	0.472487
0.57998	0.168352
-0.278255	0.184915
1.16662	0.15452
-0.973535	-0.221328
-0.484667	0.121185
-0.549849	-0.445
-0.767124	0.0679147
0.319251	0.107113
-0.66935	0.0884016
-0.908353	-0.292351
1.1123	-0.00597462
0.243204	0.255898
-0.84317	-0.210652
-0.691078	-0.260991
-0.0609805	0.299709
-0.039253	-0.0529871
0.449616	0.416492
0.254068	0.336116
0.601708	0.285452
-0.0609805	0.566199
-0.886625	-1.16431
-0.191345	0.39321
-0.49553	0.114437
0.123703	0.209331
-0.810579	-0.390026
3.8717	0.0572538
-0.940944	-0.369599
-0.549849	-0.62978
1.21008	0.601289
-0.310847	0.585197
0.395297	0.430114
-0.680214	0.159447
-0.886625	-0.719536
0.0476569	0.408317
0.188886	0.238132
1.01453	0.720241
-0.658487	-0.119622
0.199749	0.535501
-0.984399	-0.271645
1.64463	0.535286
-0.310847	0.442517
2.01399	0.00159179
-0.126163	-0.141186
0.0585207	-0.0219703
2.02486	0.537994
-0.886625	-1.52747
-0.14789	0.186314
-0.832306	0.448813
-0.278255	0.456406
-0.299983	-0.1155
-0.810579	-0.129816
0.677754	-0.0150782
1.13403	0.390098
0.92762	0.253807
-0.517258	-0.804059
-0.169618	-0.073908
1.66636	0.234573
-0.386893	-0.834516
-0.940944	-1.02026
0.101976	0.0937683
3.57837	0.34404
-0.0283893	0.175602
0.243204	0.357825
-0.799715	0.549523
-0.897489	-0.70282
0.905893	-0.145984
0.330114	0.395625
0.0259294	-0.0462428
-0.397757	0.406342
0.0259294	0.0566722
2.04659	0.34271
-0.973535	-0.183999
-0.278255	0.0621908
-0.506394	0.037802
-0.940944	-0.653496
-0.169618	0.409684
1.28612	0.598718
0.178022	0.222247
-0.897489	0.145281
-0.810579	-0.841642
-1.00613	0.0426624
-0.332574	0.101387
0.438752	0.450635
-0.278255	0.3481
0.286659	0.129369
0.688618	0.113566
-0.49553	-0.111254
0.221477	-0.0609817
-0.213073	-0.250446
-0.104436	0.0771176
-1.00613	-0.635303
-0.115299	0.210928
-0.973535	-0.888889
0.634299	0.163595
0.960212	0.339663
0.319251	0.269181
-0.886625	-0.0113109
-0.995263	-0.422306
-0.365165	-0.00186844
2.27472	0.366541
0.482207	-0.490159
-0.0718443	-0.0432671
-0.734533	0.292265
-0.256528	-0.203592
0.818983	0.6435
-0.854034	-0.272395
1.09058	0.145185
-0.115299	-1.97578
3.81738	0.567481
-0.528122	-0.0104109
-0.951808	-1.08366
-0.0501168	0.334397
-0.886625	-0.471359
1.6229	0.257237
-0.213073	0.403792
0.134567	-0.410904
-0.962671	-0.044132
0.851574	0.138998
2.26386	0.133777
1.91622	0.499954
-0.571577	0.395838
0.971075	-0.733592
-0.734533	-0.23919
-0.777988	-0.146435
-0.419484	0.218725
-0.538985	0.383023
-0.0718443	0.574308
-0.940944	0.141761
0.167158	0.2803
-0.995263	-0.726142
-0.886625	0.51634
-1.01699	-0.902574
-0.691078	0.169161
-0.886625	-0.369635
-0.343438	0.515941
-0.799715	-0.740548
-0.919216	-0.0994338
-0.039253	0.0886039
0.308387	-0.488624
-0.104436	0.445773
0.438752	0.0610271
-0.180482	0.321614
-0.810579	-0.143073
-0.386893	-0.86128
-0.995263	-0.732493
-0.940944	0.109874
-0.58244	0.302725
0.112839	0.551517
-0.517258	0.112187
-0.875761	-0.751206
-0.84317	-0.947457
0.742937	0.100052
-0.506394	-0.688829
1.22094	0.416907
3.06778	0.127024
-0.473803	0.600229
1.05799	0.491825
-0.560713	0.415184
0.254068	0.000187623
-0.897489	-0.673767
-0.777988	0.147076
1.72067	0.501962
-0.919216	-1.2684
0.210613	-0.143412
-0.0283893	-0.118081
-0.332574	0.507071
-0.40862	0.408664
-0.84317	0.348438
-0.528122	0.532459
-0.571577	-0.44113
-0.951808	-0.387343
-0.49553	0.405611
-0.951808	-1.12644
1.43822	0.17848
1.7424	0.398673
-0.864898	-0.321923
-0.376029	-0.0550114
-0.658487	-0.995207
0.645163	0.0908033
-0.962671	-0.826577
-0.0935718	0.476947
-0.962671	0.11043
-0.777988	-0.384546
-0.256528	0.373355
-0.799715	-0.502034
-0.984399	-0.7045
-0.712805	-0.772377
-0.441212	0.71492
-0.549849	0.238393
-0.84317	-0.632553
0.623435	0.0396291
-0.0501168	0.308907
-0.593304	0.461023
-0.289119	-0.385758
-0.66935	-0.559425
-0.365165	0.0593714
-0.158754	0.325147
-0.799715	-0.864043
-0.919216	-1.12616
-0.886625	-1.24138
-0.571577	-0.140887
-0.299983	-0.33561
1.12317	0.255013
-0.897489	0.0547278
-0.571577	-0.228889
-0.777988	0.198539
-0.897489	0.18686
0.49307	0.564844
2.04659	0.282008
0.188886	0.40704
1.34044	0.427575
-0.517258	0.435298
-0.267392	-0.0708448
2.33991	0.393888
-0.995263	-0.204068
0.384433	0.0820812
-0.397757	0.322855
-0.289119	0.113914
2.30732	0.0873162
0.340978	0.249921
0.0802482	0.402521
-0.66935	0.110308
-0.0935718	-0.356275
0.351842	-0.377378
-0.897489	-0.289506
1.82931	0.500668
-0.538985	0.365185
-0.647623	-0.955444
1.92708	0.467336
-0.701941	0.177101
0.503934	0.331842
1.1123	0.295372
0.156294	0.25616
-0.734533	-0.446095
-0.462939	-1.23087
0.275796	0.325575
-0.821443	-0.450788
-0.799715	-0.471182
-0.310847	0.440062
-0.897489	-0.48403
-0.0501168	0.177892
-0.962671	-0.714556
-0.0718443	0.176635
-0.788851	-0.863282
0.732073	0.255339
-0.680214	0.376454
-0.973535	-0.0660609
-0.40862	0.178955
-0.58244	-0.526211
-0.940944	-0.128516
-0.158754	0.341597
-0.473803	0.458291
-0.0718443	-0.282737
0.971075	0.632429
0.503934	0.328049
0.0802482	-0.178155
-0.875761	-1.59772
2.19868	0.779058
0.775528	0.0790033
-0.376029	0.0994766
-0.180482	-0.171815
4.25193	0.845138
-0.32171	0.34245
-0.777988	-0.677582
2.43768	0.46101
-0.2348	0.291406
-0.951808	-0.676826
0.0693844	0.478996
-0.039253	-0.562127
-0.84317	0.0465469
-0.245664	0.587077
-0.875761	-0.752576
-0.289119	0.347752
-0.0935718	0.475258
1.18835	0.424745
-0.636759	-0.5682
-0.962671	0.348954
-0.441212	0.031572
0.0476569	0.170002
-0.245664	0.193422
-0.278255	0.0205593
-0.115299	0.125033
1.32958	0.344916
-0.332574	-0.0400262
0.449616	-0.959992
-0.701941	0.351929
-0.0175256	-0.125803
-0.354302	0.155322
-0.788851	-0.476263
-0.886625	-0.598434
1.01453	0.212228
1.04712	0.176685
-0.886625	-0.250778
-0.593304	-0.127667
-0.289119	0.676903
-0.962671	-0.68078
-0.506394	0.0667791
-1.00613	-0.695765
-0.832306	-0.97283
-0.137027	0.101521
-0.854034	-0.507228
-0.919216	-0.334869
-0.082708	0.338253
-0.810579	-0.718395
-0.473803	0.201565
-0.571577	0.131275
-0.376029	-0.46519
-0.93008	0.141686
0.460479	0.490145
0.101976	-0.273613
-0.289119	0.430645
0.188886	-0.33765
-0.854034	-0.711537
-0.973535	-1.39579
-0.376029	0.0309235
-0.691078	0.152058
-0.940944	-0.501516
1.73154	0.621957
-0.908353	-0.260308
2.30732	0.302739
-0.647623	-0.756849
-0.571577	-0.387316
0.178022	0.456129
-0.940944	-0.804998
2.50286	-0.0227999
1.07971	0.426946
-0.430348	0.449244
-0.332574	0.247036
-0.995263	-0.473654
-0.484667	-0.517124
-0.647623	0.178079
0.514798	0.190978
-0.462939	-0.11833
1.6229	0.607596
0.340978	0.308092
-0.734533	-0.165819
-0.484667	-0.473459
2.6115	0.302602
-0.549849	0.259917
-0.115299	-0.00833087
-0.84317	-1.20335
-0.951808	0.152616
-0.777988	-0.146714
0.742937	-0.251476
0.188886	0.323375
0.232341	0.416017
-0.886625	-0.363703
-0.332574	0.397985
-0.506394	-0.400043
-0.75626	-0.918453
1.1123	0.605423
-0.462939	0.276926
-0.832306	0.593319
1.90536	0.628217
-0.984399	0.339619
-0.864898	-0.233599
1.18835	0.184594
-0.039253	0.00242218
-0.32171	-0.159285
0.818983	0.33173
-0.84317	0.434841
0.0693844	0.138973
-0.376029	-0.0493403
0.949348	0.228061
0.525662	0.375891
0.677754	0.499432
-0.821443	-0.610102
1.72067	0.323916
-0.191345	0.309078
-0.386893	0.173972
-0.951808	0.0453603
-0.115299	0.371627
2.27472	0.703687
-0.604168	0.443254
-0.919216	-0.248777
-0.886625	-0.049203
-0.538985	0.00979579
1.40563	0.459963
-1.03872	0.397916
0.775528	0.505299
-0.745396	-0.00191155
-0.821443	-0.220386
-0.386893	0.629594
-0.962671	-0.578996
-0.832306	-0.0760609
-0.625895	-0.571071
-0.289119	-0.553022
0.395297	-0.166848
0.406161	-0.0709959
-0.202209	0.273617
-1.03872	-0.419993
-0.126163	0.289146
-0.919216	-1.0259
-0.343438	-0.232187
-0.745396	-0.302885
-0.821443	-0.214346
0.373569	0.323052
-0.158754	0.411023
-0.897489	-0.499354
-0.680214	0.712355
-0.289119	-0.211245
0.199749	0.0472303
-1.01699	0.504524
-0.2348	0.365008
0.340978	0.525184
-0.137027	0.333848
-0.810579	-0.612607
0.514798	0.126007
1.7424	0.09288
-0.506394	0.525313
-0.0718443	0.416279
0.569117	0.41546
0.308387	0.239242
-0.940944	-0.455835
-0.256528	0.21539
-0.299983	0.736585
-0.799715	-0.54723
-0.441212	0.257683
0.645163	-0.0231102
0.297523	-0.491874
0.417024	-0.20178
-0.604168	0.463912
-0.137027	0.06332
-0.299983	-0.608959
0.612572	0.0909799
1.10144	0.144826
0.797255	0.601896
-0.452075	0.474597
0.764664	0.41829
2.14436	0.301429
-0.484667	0.333188
-0.310847	-0.487531
-0.278255	-0.595715
-0.213073	-0.154166
-0.40862	0.361192
-0.832306	-0.21788
-0.49553	-0.186038
1.59031	0.33272
-0.810579	0.386483
-0.484667	0.642166
0.286659	0.70796
-0.299983	0.283939
0.786392	-1.03247
-0.213073	0.201852
-1.00613	-0.787948
-0.376029	-0.404559
-0.00666181	-0.622797
1.47081	0.681848
0.482207	0.424929
-0.919216	-0.943575
-0.734533	0.370857
-0.0718443	-0.528907
-0.462939	0.43859
-0.973535	-0.651362
1.40563	0.301737
-0.354302	0.233219
-0.40862	-1.11918
-0.0718443	0.232914
-0.875761	-0.256219
0.862438	0.282676
-0.256528	-0.198234
-0.213073	0.410216
0.938484	0.399995
-0.636759	0.229464
1.41649	0.392986
0.460479	0.639898
-0.66935	0.0256562
1.05799	0.371446
-0.549849	-0.303042
0.0476569	0.400066
-0.647623	-0.0553867
-0.310847	-0.0980967
-0.973535	0.221936
-0.723669	-0.00629231
-0.441212	0.0400915
0.254068	0.495137
1.35131	-0.112509
-0.0935718	0.467075
0.536525	0.0972805
-0.2348	0.287981
-0.940944	-0.656106
0.514798	0.507774
-0.832306	-0.888884
0.00420194	0.515101
0.938484	0.398002
-0.58244	0.389782
0.721209	-0.285325
-0.267392	-0.839491
0.92762	0.509402
-0.940944	-0.328979
-0.213073	0.396535
0.0150657	0.212292
-0.908353	-0.163668
1.37303	-0.279285
-0.832306	-0.603209
-0.636759	-0.506944
1.52513	0.463046
-0.58244	0.431107
0.417024	0.0506981
-0.93008	0.2018
0.0476569	0.262531
-0.40862	0.451985
-0.995263	-0.807176
2.04659	0.873432
2.20954	0.45312
0.178022	-0.851275
0.569117	0.420753
1.18835	-0.0341351
0.699482	-0.0170301
-0.712805	-0.223843
2.20954	0.232829
-0.615032	-0.581357
1.85104	0.457786
2.38336	0.155052
-0.506394	-0.221558
1.01453	0.268035
0.101976	0.407029
0.0259294	0.15075
-0.452075	-0.174141
0.503934	0.490037
1.07971	0.686299
-0.0609805	0.308919
0.134567	0.419384
-0.462939	0.18598
0.101976	0.483319
1.17749	0.398625
2.65496	0.657201
-0.854034	0.0791594
-0.571577	-0.140887
1.10144	-0.52507
0.134567	0.407505
0.656027	0.165714
3.3611	0.712007
-0.810579	-1.3176
-0.821443	-0.124986
-1.00613	-0.818636
-0.864898	-0.201361
-0.864898	-1.01865
-0.984399	-0.0995611
0.645163	0.161825
2.1009	0.330015
-0.40862	-0.47461
0.536525	0.235431
0.884165	0.473314
-0.777988	-0.236683
-0.625895	0.315814
-1.03872	-0.729411
-0.636759	-0.2014
0.199749	0.357732
-0.376029	0.501967
-0.365165	0.528308
-0.75626	0.0612134
-0.821443	-0.697727
0.340978	0.416371
0.178022	0.266117
-0.2348	0.0488464
1.48167	0.0696247
-0.962671	-0.277907
0.460479	0.481698
0.275796	0.239713
0.438752	0.604508
-0.658487	0.0512475
-0.289119	-0.0217986
-0.93008	-0.355059
0.612572	0.635433
-0.723669	0.361768
-0.788851	-1.2084
-0.332574	0.194404
-0.886625	-0.53026
0.340978	0.444894
1.73154	0.689604
0.362706	0.351711
-0.158754	0.457612
-0.0935718	0.452637
-0.951808	0.0867658
-0.452075	-0.436087
-0.202209	0.497633
-0.082708	0.339259
-0.158754	0.475935
-0.93008	-1.07439
2.731	0.525768
-0.788851	-0.390364
2.22041	0.509511
-0.897489	-0.198394
-0.951808	-0.433363
-0.560713	0.421062
-0.93008	-0.557935
-1.00613	-1.06512
0.57998	0.632103
-0.691078	0.515658
-0.734533	0.0416887
-0.691078	0.258914
-0.636759	0.262819
-0.658487	-0.9041
0.395297	0.439185
-0.723669	-0.340751
-0.299983	0.110211
-0.202209	-0.0164597
-0.386893	-0.0637713
0.0585207	0.0391042
-0.615032	0.435294
0.0693844	-0.568988
3.61097	0.521009
0.384433	0.518308
-0.799715	-0.496441
0.0259294	-0.084531
-0.788851	-0.258644
-0.821443	-0.68102
-0.832306	-0.284058
-0.299983	0.0325313
-0.625895	0.222719
-0.93008	-0.577022
-0.40862	0.415848
-0.0609805	0.600232
0.199749	0.523365
-0.984399	-0.369532
0.243204	-0.176862
-0.560713	0.414895
-0.343438	-0.489247
0.406161	0.520691
-0.919216	-1.63352
0.395297	-0.0680577
-0.84317	0.212239
-0.126163	0.232371
-0.821443	-0.543902
-0.419484	0.272073
0.101976	-0.333383
-0.202209	-0.635608
0.308387	-0.0529461
-0.636759	0.242102
0.0585207	0.378098
-0.223937	-0.314858
-0.571577	-0.104143
-0.343438	0.172821
-0.75626	0.0906979
-0.571577	0.37007
-0.658487	-0.663727
-0.777988	0.267237
0.438752	-0.430563
0.264932	0.505997
1.56858	0.368808
2.44854	0.455026
2.29645	-0.0175227
2.63323	0.256184
0.7538	0.272161
-0.58244	-0.392629
-0.571577	0.491292
0.134567	0.364024
-0.810579	0.436676
-0.951808	-0.561622
-0.875761	-0.659219
0.558253	0.379938
-0.658487	0.335157
-0.84317	0.114437
-0.386893	0.454518
-0.723669	-0.0853196
-0.734533	-0.908302
0.362706	-0.373665
-0.691078	-0.420824
-0.299983	-0.689319
0.0150657	0.326782
-0.528122	-0.267301
-0.951808	-0.701703
1.87277	0.0028954
-0.984399	-0.146373
-0.875761	-0.374494
3.7196	0.270797
-0.0283893	-0.374589
-0.223937	0.0612614
0.384433	0.329947
-0.940944	-1.06086
-0.104436	0.434839
-0.777988	-1.076
-0.430348	0.42178
-0.441212	0.529353
-0.810579	-0.786515
0.525662	-0.162988
0.254068	0.462503
0.710345	0.19243
-0.864898	0.0846831
-0.886625	0.0597623
-0.680214	0.268939
1.06885	0.0969164
-0.365165	-0.418619
-0.2348	0.0654926
-0.625895	0.475553
2.16609	0.823752
-0.832306	-0.868068
-0.462939	0.359723
0.677754	0.501682
-0.75626	0.490768
-0.538985	0.14463
-0.517258	-0.157832
-0.419484	0.126472
0.0585207	-0.913115
-0.84317	0.496975
-0.615032	-0.520654
0.112839	0.256159
1.9814	0.0426298
1.39476	0.259036
-0.745396	-0.811002
0.471343	0.391915
-0.441212	0.581823
2.31818	0.256758
1.61204	0.425008
-0.625895	-0.775204
-0.897489	0.769006
-0.267392	-0.189085
-0.897489	-0.356974
-0.777988	-0.548625
-0.984399	-0.92473
0.0150657	-0.0794402
-0.723669	0.636679
1.23181	-0.276725
-0.908353	-0.0589124
-0.473803	-0.959434
-0.169618	-0.94575
-0.767124	-0.489822
-0.506394	-0.255181
1.06885	0.363295
-0.864898	-0.169331
-0.310847	0.27871
-0.854034	-0.367868
1.15576	0.0402938
-0.506394	0.198214
1.09058	0.560356
-0.202209	0.273567
-0.788851	0.0835312
-0.278255	0.411341
-0.647623	-0.615423
-0.14789	-0.0543253
1.80758	-0.3121
-0.973535	-0.548993
-0.158754	0.490395
-0.93008	-0.680674
-0.973535	0.343187
-0.538985	-0.374567
0.156294	-0.091441
0.732073	-0.624417
1.28612	0.303669
2.44854	0.537825
-0.278255	0.510282
3.69788	0.70843
-0.615032	0.200273
-0.745396	-0.558869
-0.777988	0.177792
-0.886625	-0.996014
-0.0935718	0.267069
-0.767124	0.217313
0.645163	-0.0633834
-0.832306	-1.19821
-0.289119	-0.163133
-0.940944	-0.578877
-0.343438	-0.413521
-0.58244	0.373923
-0.137027	-0.11236
-0.365165	-1.24528
-0.137027	0.288774
-0.75626	0.174616
-0.908353	-0.565311
1.15576	0.0878084
-0.691078	-0.0797931
-0.995263	-0.683426
-0.821443	0.539485
-0.40862	0.437759
-0.767124	-0.708114
-0.58244	0.268303
1.97054	-0.300133
2.42682	0.46805
-0.821443	-0.0250791
-0.213073	-0.585634
-0.49553	0.211255
-0.636759	-0.867335
-0.419484	0.0886255
-0.647623	-0.47572
-0.940944	-0.933744
0.0476569	0.0827856
1.7424	0.379659
-0.723669	-0.30749
-0.32171	0.107463
0.525662	0.327053
-0.962671	-0.865622
0.7538	-0.475593
0.330114	0.123254
-0.115299	0.477969
0.112839	0.654089
-0.984399	-0.587316
0.503934	0.348058
-0.310847	0.324923
1.76413	0.497226
0.112839	-0.600966
-0.180482	0.0544144
-0.93008	-0.702749
-0.636759	-0.681787
0.264932	0.376982
0.601708	0.15632
-0.32171	0.0957988
-0.919216	-0.571827
-0.832306	-0.445404
-0.571577	-0.0110853
0.92762	0.655685
0.688618	-0.251281
-0.484667	-0.236618
0.797255	-0.141421
-0.919216	-0.627538
0.525662	0.35486
0.905893	0.576664
-0.365165	0.253778
-0.202209	0.114858
-0.365165	0.279444
0.167158	-0.0186963
-0.0935718	0.272147
-0.549849	0.166077
1.55772	0.357866
-0.875761	-0.0268465
-0.810579	0.239189
1.15576	-0.134987
0.623435	-0.24776
-0.940944	-0.371545
0.677754	-0.179549
-0.691078	0.522113
-0.560713	-0.0235397
0.406161	-0.0701055
0.395297	-0.461733
-0.245664	-0.632538
-0.082708	0.467571
-0.864898	-0.535168
0.438752	0.604508
0.460479	0.639816
1.81845	0.523017
-0.875761	-1.51331
-0.310847	0.482553
0.0259294	0.534243
-0.864898	0.25688
0.601708	0.0621172
0.775528	0.771197
-0.0283893	0.444252
-0.00666181	-0.0311398
-0.452075	0.410827
-0.104436	0.404683
0.395297	-0.502143
-0.995263	-1.05786
-0.549849	0.523173
0.101976	0.167216
-0.799715	-1.53999
0.264932	0.217104
-0.00666181	0.230975
-0.875761	0.199863
1.22094	0.236598
3.1221	0.198524
0.623435	0.709534
1.10144	0.487995
-0.908353	-0.240842
-0.777988	-0.264989
-0.908353	-0.654386
-0.712805	-0.617051
-0.0718443	-0.191724
-0.40862	0.438581
-0.354302	-0.0904273
2.15522	0.276596
1.43822	0.295809
-0.2348	-0.538987
-0.126163	-0.136289
0.199749	-0.0721751
-0.962671	-0.378863
-0.289119	0.106176
-0.788851	0.306754
3.75219	0.59779
3.35024	0.450418
-0.0609805	0.204599
1.04712	0.278022
-0.777988	-0.266692
0.503934	0.481478
1.7424	0.521905
0.0693844	0.520527
-0.767124	-0.0510698
-0.397757	-0.288515
0.797255	0.0181918
0.0802482	0.22139
0.688618	0.755808
0.981939	0.211758
-0.0718443	0.151657
0.0367932	-0.167629
-0.354302	0.444442
-0.734533	-0.0621223
-0.919216	-0.0742042
1.60117	0.361588
-0.538985	0.713174
0.112839	0.08368
0.0259294	0.680058
-0.397757	-0.144517
-0.962671	-0.644727
-0.462939	0.232984
-0.278255	0.363169
-0.93008	-0.293689
-0.299983	0.282924
-0.821443	0.276448
-0.636759	0.409913
-0.984399	0.264124
-0.995263	-0.153101
-0.973535	-0.905739
-0.864898	0.0970881
1.44908	0.436348
-0.082708	-0.00376731
-0.908353	0.114757
0.0693844	-0.560552
-0.886625	-0.403805
2.68755	0.404943
0.471343	0.501773
-0.0283893	-0.589511
-0.995263	0.429038
0.471343	-0.00348021
0.112839	0.399466
-0.908353	-1.01439
0.884165	0.0247116
2.87223	-0.103281
-0.180482	0.00655879
-0.571577	0.0158996
-0.213073	0.0898817
1.00367	0.460433
-0.962671	0.34864
-0.658487	-0.970674
1.12317	0.34016
-0.897489	-0.346681
-0.0501168	-0.0915831
-0.940944	0.041383
1.10144	0.144826
-0.430348	-0.614013
-0.462939	0.459752
0.145431	0.409238
-0.984399	-1.53424
2.64409	0.351537
-0.897489	-0.555795
1.54685	0.419177
0.710345	0.710032
3.18728	0.555447
-0.397757	0.555727
-0.484667	-0.526551
0.699482	0.500743
2.99173	0.501793
0.710345	0.752236
-0.0935718	0.263657
0.775528	0.39441
-0.810579	0.0130204
-0.712805	0.495036
0.427888	0.255617
0.818983	0.530743
-0.256528	0.38297
-0.473803	0.429023
-0.245664	-0.293305
-0.571577	-0.0971407
-0.14789	0.276931
-0.137027	0.663925
-0.962671	-0.829787
-0.832306	-0.33485
-0.549849	-0.324438
-0.940944	-0.723774
-0.832306	0.358671
-0.951808	0.109659
-0.712805	0.0801101
0.0259294	0.600513
-0.40862	0.204817
0.7538	0.464822
-0.278255	0.35573
0.981939	-0.355221
-0.886625	-0.611326
-0.354302	0.232745
-0.343438	-0.203352
-0.799715	-1.036
0.178022	0.483163
-0.462939	0.0666548
-0.625895	0.295734
-0.788851	-0.0891472
-0.593304	0.405633
1.37303	0.203926
-0.32171	-0.718709
0.112839	0.34447
-0.00666181	0.184773
-0.951808	-0.929115
1.19921	0.263122
-0.299983	-0.262911
0.243204	0.496439
-0.158754	0.00276955
-0.267392	0.403757
-0.886625	-0.565734
0.286659	0.116857
-0.767124	0.164549
1.27526	0.246055
-0.0501168	0.223105
-0.560713	0.103847
-0.343438	0.0710617
-0.0718443	-0.191724
-0.691078	-0.374921
-0.788851	0.102513
-0.039253	0.589504
-0.973535	-0.276606
0.406161	0.0804668
-0.897489	-0.731115
0.471343	0.429443
-0.962671	0.133864
-0.854034	-0.357394
0.210613	-0.140951
0.981939	-0.176054
0.00420194	0.34264
-0.2348	0.301101
-0.386893	-0.153641
0.395297	-0.0354932
-0.593304	0.459597
-0.430348	-0.0239138
0.721209	0.378066
-0.854034	0.396714
-0.962671	0.11934
0.971075	0.267377
-0.517258	0.138158
-0.452075	-0.43476
0.167158	-0.288663
-0.854034	-1.28464
2.32904	0.237113
-0.84317	0.0478175
-0.506394	0.156459
-0.430348	-1.52101
0.503934	0.203908
0.0911119	0.340202
-0.908353	-0.34603
-0.799715	0.334295
0.590844	-0.599868
0.243204	-0.0943872
0.406161	0.419023
-0.115299	0.660018
-0.886625	-0.873321
-0.908353	-0.0399446
0.775528	0.376157
1.75326	0.459485
0.981939	0.212328
2.53545	0.570679
-0.604168	-0.401534
1.72067	0.32563
-0.538985	0.359837
-0.995263	-0.0585555
3.10037	0.627028
-0.658487	-0.492743
1.61204	-0.0119251
0.00420194	0.0495352
-0.810579	-0.390026
-0.0501168	0.339013
-0.93008	-0.721722
-0.32171	-0.0879628
-0.723669	-0.111506
-0.104436	0.481481
-0.864898	-0.526187
4.12156	0.544376
0.199749	0.252411
-0.49553	-0.293767
-0.886625	-1.02425
0.145431	0.355246
2.54632	0.1802
3.35024	0.527495
2.64409	0.260873
1.82931	-0.0633644
-0.528122	0.234854
-0.777988	-0.148263
3.3611	0.853026
0.590844	0.478106
-0.973535	0.47297
-0.995263	-0.725133
-0.0283893	0.164939
-1.03872	-0.93028
-0.854034	-0.00368598
-0.875761	-1.25666
4.44747	0.825351
0.0150657	0.365172
-0.636759	0.474134
-0.75626	-0.150892
-0.658487	-0.0870045
-0.615032	-0.614445
-0.289119	0.0241321
-0.951808	-0.896113
1.97054	0.3033
0.362706	0.0985536
0.0476569	-0.411675
-0.14789	0.262259
0.156294	-0.150391
0.569117	-0.227142
-0.821443	0.110301
0.514798	0.564361
-0.84317	-0.572779
-0.75626	-0.186356
-0.354302	0.0552379
2.23127	0.246912
-0.908353	-0.13062
1.22094	0.25234
-0.777988	-0.182281
-0.310847	0.293711
-0.517258	0.489084
1.57945	0.205173
-0.973535	-0.79984
-0.615032	-1.58546
-0.00666181	0.454127
-0.0609805	0.647817
-0.658487	0.323887
-0.0935718	0.362857
-0.386893	0.512567
-0.58244	-0.107578
-0.93008	-0.569057
0.525662	0.267203
3.54578	0.776655
-0.397757	0.138662
-0.777988	0.06908
-0.560713	-0.501817
-0.886625	-0.495277
-1.00613	-0.631905
1.12317	0.0366779
-0.984399	-0.18149
-0.354302	-0.488062
-0.267392	0.292715
-0.799715	0.42508
-0.0175256	0.180667
-0.951808	-0.541407
0.0367932	0.497859
-0.875761	-0.727301
-0.452075	0.28818
-0.169618	0.427845
-0.701941	0.0258962
-0.397757	-0.123965
-0.821443	-1.1517
-0.75626	0.533017
0.0802482	-0.681854
-0.984399	-0.317657
0.797255	-0.173357
-0.625895	0.134964
2.56805	0.445423
-0.810579	0.111533
-0.473803	-0.446111
-0.66935	0.286971
-0.517258	-0.792102
-0.777988	0.347302
-0.0175256	0.0079721
-0.810579	-0.463007
-0.332574	-0.273552
-0.615032	-0.450104
-0.538985	0.323558
-0.810579	-0.334138
0.656027	-0.0578534
-0.821443	0.400074
0.145431	-0.0219773
-0.940944	-0.0417586
-0.821443	-0.541936
0.514798	0.242567
-0.245664	0.256799
-0.256528	0.460413
-0.299983	-0.155197
-0.32171	0.0420861
-0.75626	0.32336
0.634299	0.0136688
1.01453	0.501298
-0.973535	-0.35955
0.656027	0.448485
0.199749	-0.533018
1.47081	0.488536
-0.962671	-0.530131
4.07811	0.252806
0.0693844	-0.75267
-0.984399	-0.260697
-0.951808	-0.128018
0.373569	0.130957
-0.636759	0.574363
0.612572	-0.0380238
-0.919216	-1.11909
0.286659	0.168888
0.199749	0.471687
-0.745396	-0.1197
-1.00613	-0.206558
-0.32171	0.508186
-0.897489	-1.03173
-0.169618	-0.684475
-0.84317	-0.578664
0.188886	0.0900569
0.449616	0.66309
-0.951808	0.321179
-0.0935718	0.0224366
0.634299	0.287593
-0.821443	0.0345297
-0.376029	-0.905984
0.873302	0.0952555
0.188886	0.121503
-0.430348	0.535912
0.340978	0.417549
-0.299983	0.373863
-0.821443	0.111877
-0.832306	0.48104
-0.93008	0.315456
-0.75626	-0.621466
-0.202209	0.262489
2.72014	0.690925
1.88363	0.195486
-0.984399	0.496511
-0.2348	0.626589
1.09058	0.251701
0.243204	-0.0943872
0.7538	0.424631
-0.039253	-0.326339
-0.875761	-0.972975
-0.734533	-0.252605
0.471343	0.352026
-0.919216	-0.461134
1.32958	0.679756
0.981939	0.169257
0.775528	0.375676
0.0476569	0.389549
-0.00666181	0.393791
-0.549849	0.265198
-0.84317	0.122696
0.210613	0.403678
-0.506394	0.276166
0.590844	0.220387
1.78586	0.328191
0.645163	0.31511
2.47027	0.581843
0.482207	-0.152829
-0.951808	-0.33525
-0.289119	0.301612
0.721209	0.310762
-0.940944	-0.674549
3.28505	0.585444
0.362706	0.106166
-0.0175256	0.0203043
0.395297	0.360311
-0.40862	0.314864
-0.560713	0.788232
-0.473803	0.210015
-0.908353	-1.61802
-0.441212	-0.293615
3.21987	0.504398
2.47027	0.770135
-0.93008	0.171258
3.23073	0.519457
-0.680214	-0.522306
-0.962671	-1.81004
-0.397757	0.278032
-0.430348	-0.354976
0.438752	0.492129
-0.202209	0.373629
1.70981	0.531428
0.319251	0.333443
-0.864898	-0.0212052
0.330114	0.338792
-0.039253	0.00952714
0.351842	0.317982
-0.549849	-0.461145
3.26333	0.432
-0.93008	-0.467326
3.49146	0.425581
-0.32171	0.313061
-0.180482	-0.0328761
4.59957	0.758972
-0.93008	-0.943761
-0.767124	-0.0510698
-0.223937	0.349221
2.16609	-0.0542934
-0.93008	-0.282007
-0.810579	0.102824
-0.0283893	0.44517
2.40509	0.0848548
4.01292	0.518606
-0.832306	0.38341
0.167158	0.215687
-0.158754	0.413784
-0.734533	-0.174961
-0.93008	0.0187152
1.01453	0.515267
-0.506394	0.131677
0.134567	0.392553
0.232341	-0.510749
-0.615032	-0.685349
-0.973535	-1.04788
1.63376	0.370025
-0.386893	-0.0040905
0.721209	0.151216
-1.00613	0.265604
-0.940944	-0.301592
-0.473803	-0.465603
0.851574	0.570835
-0.430348	0.465712
0.536525	0.161488
-0.908353	-0.595334
0.123703	0.341644
-0.560713	-0.254341
1.30785	0.558927
-0.854034	-0.509864
0.427888	-0.307089
-0.66935	0.410239
-0.962671	-0.516899
-0.84317	-0.50558
3.07864	0.404264
0.0693844	0.454283
0.275796	0.509219
-0.951808	-0.981378
-0.810579	-0.326788
-0.40862	0.250867
-0.354302	0.0441822
-0.32171	0.23247
1.59031	0.599301
-0.93008	-0.182737
0.123703	0.327911
-0.951808	-0.167266
0.178022	0.0910984
0.134567	-0.155444
-0.84317	0.0965587
-0.919216	-1.38272
-0.58244	-0.506764
-0.0609805	0.449094
-0.745396	0.278872
0.112839	-0.59873
1.59031	0.22697
0.797255	-0.348972
-0.691078	-0.241933
0.449616	0.418155
0.406161	-0.314099
-0.658487	0.34767
-0.365165	0.441444
-0.93008	-0.799787
2.07918	0.614541
2.58977	0.231771
1.19921	0.393314
-0.615032	0.342238
1.05799	0.278555
-0.376029	-0.622873
-0.2348	0.61814
0.00420194	0.62941
-0.723669	-0.0825078
-0.082708	0.267535
-0.289119	0.258945
1.2644	0.352907
-0.951808	-0.735969
0.656027	-1.03083
1.10144	0.576398
-0.40862	0.51794
0.362706	0.243108
0.286659	0.0584592
0.330114	0.480009
1.22094	0.261372
3.66528	0.506978
-0.00666181	0.476118
-0.854034	-0.664956
0.199749	-0.978406
-0.137027	0.332557
-0.691078	0.276705
-0.734533	-0.754711
-0.788851	-0.69945
-0.104436	0.059824
0.971075	0.810136
2.48114	0.309635
1.54685	0.516866
-0.441212	0.525718
-0.636759	-0.541486
1.88363	0.17958
0.677754	-0.0631733
0.123703	-0.0710629
-0.354302	-0.424575
-0.962671	-0.340321
0.221477	0.353748
-0.658487	0.197233
-1.03872	-0.316709
-0.549849	0.341206
-0.245664	-0.0771525
-0.0718443	0.209519
-0.191345	0.498142
-0.680214	0.248206
-0.701941	0.628575
-0.951808	-0.962731
-0.886625	-0.248566
-0.506394	-0.201233
0.634299	0.428722
-0.202209	-0.459058
-0.799715	0.277382
-0.0935718	0.273738
-0.0609805	0.442553
-0.691078	0.02679
1.17749	0.455839
-0.919216	-0.268325
-0.799715	-1.07985
0.645163	0.490391
0.851574	0.354582
-0.538985	-0.2744
0.699482	0.027775
-0.517258	0.629343
-0.506394	0.0374213
-0.636759	0.0210464
3.10037	0.627028
-0.951808	0.134356
0.438752	-0.141609
-0.854034	-1.60311
0.0150657	-0.197621
-0.299983	0.00382092
2.83964	0.527738
-0.386893	0.0153523
0.971075	0.642142
-0.560713	-0.355994
-0.571577	-0.167575
1.01453	0.720241
0.167158	0.679902
-0.864898	-1.256
-0.40862	-0.393317
4.29538	-0.00765612
-0.701941	-0.834476
-0.213073	0.364835
-0.984399	-0.208764
0.384433	-0.114807
0.319251	-0.621081
0.178022	-0.706579
-0.832306	-0.711441
1.32958	0.282218
3.46974	0.585629
1.42735	0.61438
-0.40862	0.250867
1.37303	0.0190524
0.742937	0.307489
-0.984399	-0.882371
-0.984399	-0.386502
0.775528	-0.046962
-0.625895	0.274478
-0.984399	0.140048
-0.636759	-0.257587
-0.137027	0.242398
0.0911119	0.527518
-0.723669	-0.183153
-0.886625	-1.0355
-0.49553	-0.544186
0.243204	0.307452
-0.126163	0.313227
-0.115299	0.704859
-0.115299	0.704859
-0.886625	-0.275735
0.971075	0.100405
-0.039253	0.389919
-0.484667	0.237147
0.362706	0.435879
0.590844	0.258967
0.569117	0.202947
-0.32171	-0.0597414
-0.289119	-0.0363584
2.54632	0.442181
-0.571577	0.0463372
2.01399	0.380299
-0.897489	-0.715454
-0.517258	0.419765
0.797255	0.786792
-0.962671	0.407974
-0.549849	-0.18797
-0.115299	0.269497
0.0802482	-0.127869
-0.0935718	-0.17472
-0.854034	-0.531833
-0.267392	-0.0970652
-0.701941	0.176993
-0.951808	-0.73113
-0.441212	0.308416
1.55772	0.318272
-0.788851	0.43775
-0.984399	-0.634977
-0.00666181	-0.233089
0.167158	0.418934
1.03626	0.0370344
-0.821443	0.268944
-0.777988	0.519101
1.05799	0.132853
-0.973535	0.0814865
2.88309	0.130113
1.45994	0.476919
1.64463	0.154275
-0.213073	-0.164427
-1.00613	-0.98097
-0.767124	-0.359138
2.28559	0.28558
0.786392	0.175719
-0.701941	-0.385397
0.612572	0.0507551
-0.278255	-0.353011
-0.767124	0.128968
0.243204	0.366438
-0.973535	0.0331631
-0.517258	-0.281004
0.0476569	0.316996
-0.93008	-1.13538
-0.875761	-0.0802394
1.47081	0.350282
-0.919216	-0.803146
1.30785	0.216406
0.427888	0.626181
-0.593304	-0.660859
0.427888	0.425091
1.10144	0.363204
2.253	0.685703
-0.354302	0.282547
-0.58244	-0.606748
-0.908353	-0.249272
0.134567	0.35491
-0.528122	0.185761
-0.962671	-0.695989
0.601708	0.273651
-0.376029	0.529614
0.49307	0.146737
3.05691	0.548486
-0.712805	-0.790508
-0.0283893	-0.572016
-0.647623	0.531373
-0.223937	-0.103856
0.0150657	0.351152
-0.223937	0.26587
-0.289119	0.541996
-0.886625	-0.936961
-0.93008	-0.219783
-0.984399	-0.663103
-0.560713	0.0570479
-0.039253	0.508176
0.264932	0.22903
1.36217	0.433461
-0.864898	-0.272027
-0.039253	-1.00204
-0.245664	-0.0576022
-0.940944	-0.668658
-0.473803	0.218472
-0.267392	0.32361
0.286659	0.2351
0.254068	-0.410558
-0.886625	0.234813
2.14436	0.63843
-0.680214	-0.0194948
-0.506394	0.317632
-0.158754	-0.482644
-0.66935	-0.0481885
1.40563	0.216937
-1.00613	-0.740148
0.66689	0.273782
-0.973535	-0.720269
-0.93008	0.0721022
-0.376029	0.344695
0.101976	0.318513
-0.821443	-0.453301
-0.832306	-0.0362064
-0.951808	-0.892638
-0.191345	0.251275
0.601708	0.699799
-0.777988	-0.303862
-0.647623	0.0450432
-0.49553	0.383726
-0.191345	-0.779017
1.01453	0.033888
-0.788851	0.278688
-0.951808	-0.541407
-0.799715	-0.0323394
3.41542	0.531451
-0.441212	0.118598
-0.180482	-0.176067
-0.604168	-0.112486
-0.854034	-0.245399
2.18781	0.190519
-0.908353	-0.788212
-0.680214	-1.22752
0.601708	0.127657
-0.169618	0.449833
0.786392	0.219291
0.308387	0.134621
-0.202209	-0.141298
-0.267392	0.267869
-0.919216	0.370256
-0.289119	-0.0700238
1.94881	0.57847
1.00367	0.599745
-0.0283893	0.210443
0.134567	0.300948
2.65496	-0.0877666
-0.886625	-0.548691
1.76413	0.377852
0.0367932	0.229156
-0.962671	-1.29912
1.01453	0.515267
-0.0501168	0.0354964
0.362706	-0.398131
-0.984399	-0.551423
0.178022	0.341227
-0.984399	-1.06904
-0.821443	-0.167317
-0.799715	-0.803672
0.514798	-0.347381
-0.799715	-0.155127
-0.386893	-0.472829
-0.93008	-0.91499
-0.213073	0.480113
0.134567	0.543871
-0.115299	0.0815178
-0.625895	0.493653
0.818983	0.389804
-0.701941	0.182296
0.601708	0.366545
0.569117	0.296088
-0.332574	-0.528016
1.45994	-0.00415427
-0.430348	0.673198
0.449616	0.521005
1.7424	0.605879
0.0693844	0.331363
-0.082708	0.486826
1.03626	0.164061
-0.93008	-0.222532
-0.32171	-0.277743
0.101976	0.290679
-0.441212	0.255339
-0.864898	-0.637724
-0.93008	-0.637089
1.59031	0.625986
-0.897489	-0.250602
0.101976	0.0810368
-0.49553	-0.12677
-0.0718443	-0.798065
-0.191345	0.3924
-0.452075	-0.0194166
-0.919216	-1.03327
-0.940944	-0.102524
-0.777988	0.284759
-0.452075	0.186586
0.308387	-0.699006
-0.777988	-0.961522
0.112839	0.269896
0.938484	0.143515
2.26386	0.159075
-0.832306	-0.91828
-0.691078	-0.0434385
-0.571577	-0.0728475
0.319251	0.519565
-0.864898	-0.560514
-0.223937	-0.234273
2.43768	-0.219186
0.308387	0.399296
1.72067	0.55844
-0.126163	0.195046
-0.821443	-0.362079
-0.66935	0.23317
-0.799715	-0.450868
0.0802482	0.0433655
0.362706	0.0892144
-0.549849	-0.427799
0.525662	0.0412026
-0.49553	-0.0317058
0.873302	0.508258
-0.93008	-0.420284
-0.40862	-1.23388
0.112839	0.312467
-0.343438	-0.282786
-0.462939	-0.0328841
0.221477	0.315649
-0.93008	-0.340019
-0.354302	0.158682
-0.310847	0.2984
0.460479	0.478368
-0.875761	0.168288
1.78586	0.173896
-0.571577	0.00298793
-0.745396	0.55608
-0.571577	-0.491066
-0.93008	-0.56046
-0.376029	0.377858
-0.723669	-1.00572
-0.777988	0.422847
1.9814	0.362715
-0.354302	-0.0831343
-0.202209	-0.56349
-0.745396	0.0748816
-0.538985	0.437168
-0.984399	-0.977899
-0.658487	0.266522
-0.84317	-0.348596
-0.0283893	0.0969343
-0.84317	0.335999
-0.93008	-0.77417
-0.940944	0.109874
-0.734533	0.0608596
-0.169618	0.408981
-0.245664	-0.450889
-0.245664	-0.686171
0.92762	0.0191707
-0.452075	0.0137742
2.731	0.00117603
0.0693844	-0.284064
0.732073	-0.0624601
0.873302	0.200264
2.06831	0.619663
0.112839	-0.659076
0.57998	0.132728
0.558253	0.360195
-0.528122	0.554397
1.78586	0.502054
-0.528122	-0.389832
0.319251	0.436308
0.417024	0.280607
-0.745396	-0.965797
0.0802482	0.612679
1.43822	0.787144
-0.767124	0.493883
-0.560713	0.319082
-0.419484	0.193614
-0.821443	-0.608771
-0.799715	-0.615184
-0.58244	0.444016
-0.32171	0.423558
-0.973535	-0.344791
-0.158754	-0.121883
-0.115299	-0.749461
0.123703	0.394746
-0.386893	0.381662
-0.039253	-0.0250826
0.0476569	-0.0854672
-0.549849	0.0136303
0.427888	0.383844
-0.919216	-0.173471
1.12317	0.561094
-0.810579	0.162301
1.36217	0.744517
-0.441212	0.529353
-0.940944	-0.788329
-0.082708	0.0767896
-0.58244	0.424389
-0.58244	0.716896
1.34044	0.327245
-0.278255	0.150336
0.981939	0.261613
0.264932	0.616375
1.10144	0.138513
-0.984399	0.120821
-0.386893	0.365026
-0.658487	-0.927064
-0.354302	0.6867
-1.01699	-1.42893
-0.332574	0.229871
0.677754	0.034653
-0.0609805	0.539615
-0.701941	0.645262
-0.973535	-0.0330193
-0.506394	-0.0221454
-0.104436	0.157678
-0.538985	-0.0469509
-0.875761	-0.125863
-0.658487	-0.44108
-0.549849	-0.606919
-0.549849	0.109733
0.471343	0.438839
-0.289119	0.521716
-0.386893	-0.381019
-0.40862	-0.238066
-0.951808	-0.373719
-0.701941	0.118986
0.895029	-0.0306415
-0.299983	0.183691
-0.973535	-0.165776
3.3611	0.584384
-0.951808	-0.374032
2.60064	0.293858
-0.995263	-1.10865
-0.691078	-0.783912
-0.0935718	-0.687132
0.0476569	-0.220282
1.06885	-0.0648647
-0.875761	-0.655285
-0.332574	0.556563
-0.701941	0.184161
0.00420194	0.364956
-0.2348	0.358448
-0.886625	-1.02425
-0.0283893	0.481817
1.43822	0.448019
-0.571577	-0.129361
-0.419484	-0.419056
0.210613	0.388728
-0.897489	-0.387825
0.786392	0.285522
0.677754	-0.0983966
0.199749	0.492231
-0.310847	-0.921837
-0.0935718	0.19716
-0.636759	-0.359727
-0.538985	-0.771331
-0.473803	0.540904
0.949348	0.619507
0.460479	0.333106
0.264932	0.338635
-0.919216	-0.272672
0.590844	0.470519
-0.712805	-0.499797
0.57998	0.373072
1.47081	-0.161962
-0.767124	-0.116983
0.449616	-0.203366
-0.799715	-0.089533
-0.810579	-1.11227
6.87009	0.78201
0.308387	-0.0301877
-0.267392	-0.137865
-0.962671	-0.0133941
-0.908353	0.0253692
-0.908353	-0.674429
0.0259294	0.285278
0.297523	0.427197
-0.549849	0.0712501
-0.386893	0.380335
-0.777988	0.388172
-0.593304	-0.552272
-0.940944	0.3474
0.0367932	0.414779
-0.484667	0.371246
-0.40862	0.22674
-0.93008	-1.0184
0.49307	0.244372
-0.810579	-0.564082
0.101976	0.194902
-0.376029	0.515974
0.406161	0.528914
-0.919216	-0.686553
0.449616	0.292811
-0.691078	-0.635898
-0.158754	-0.27602
-0.0501168	0.326038
-0.126163	0.330804
0.514798	-0.434042
-0.169618	-0.200738
-0.560713	0.143787
-0.419484	-0.419056
-0.397757	0.352812
-0.32171	0.670215
0.406161	0.138958
1.10144	0.585024
-0.40862	0.424903
2.80705	0.214104
0.112839	-0.456484
-0.908353	0.170755
-0.897489	-0.483829
1.41649	0.586376
2.33991	0.386459
-0.289119	0.120415
-0.549849	0.33337
0.601708	0.497757
0.818983	0.471862
0.677754	0.35811
0.00420194	0.320241
-0.0609805	0.618151
-0.832306	-0.0385281
3.11123	0.512559
-0.788851	-0.321497
-0.951808	-0.38915
0.319251	0.403058
-0.821443	-0.434695
-0.723669	-0.119778
0.384433	0.520733
-0.441212	-0.015503
-0.354302	0.419683
-0.484667	-0.517124
2.6115	0.296234
-0.0718443	0.281386
-0.810579	-1.03255
0.0476569	0.542795
0.0693844	-0.120565
-0.430348	0.396915
-0.908353	-0.43472
0.319251	0.281109
-0.908353	-0.596785
1.21008	0.0205948
-0.604168	0.208065
-0.625895	-0.302767
1.17749	0.165017
3.91515	0.481182
-0.93008	-0.152848
0.525662	0.125852
-0.256528	0.670865
-0.310847	0.71083
0.438752	0.371226
-0.908353	0.154667
-0.0935718	-0.0388238
1.60117	0.410756
-0.158754	-0.635756
-0.517258	0.377575
-0.940944	-0.6297
-0.14789	-0.18916
-0.658487	0.209591
-0.93008	-1.11254
-0.386893	0.526855
0.0802482	0.0883482
1.05799	0.41741
0.0911119	-0.843842
-0.354302	0.560856
2.30732	0.443527
4.25193	0.542395
0.362706	-0.251397
-0.223937	0.373729
2.53545	0.547309
-0.940944	-0.765512
-0.810579	0.470127
0.297523	0.310501
-0.984399	-1.3624
-0.386893	-0.169953
1.47081	0.132892
0.645163	0.184172
0.243204	0.661146
-0.66935	-0.684969
1.19921	0.0608241
1.3839	0.353947
-0.560713	0.165098
3.04605	0.426419
1.60117	0.48482
-0.875761	0.579631
1.73154	0.760389
-0.984399	0.483211
-0.745396	0.358007
-0.452075	0.0955987
0.243204	0.326304
-0.799715	-1.08977
-0.810579	0.374109
1.44908	0.477858
-0.897489	-0.924518
-0.365165	-0.827408
0.188886	0.107165
-0.32171	0.241603
0.0802482	0.424976
-1.01699	-0.761589
-0.549849	0.0409688
-0.658487	0.431098
-0.951808	-1.06886
-0.14789	0.360653
2.14436	0.773913
-0.984399	-1.03636
-0.854034	0.197044
1.2644	0.243558
0.264932	0.527261
1.7424	0.451846
-0.376029	-0.189573
-0.919216	-0.665729
1.97054	0.283554
0.199749	0.0408064
-0.604168	0.353327
2.83964	0.131544
0.00420194	0.00288984
3.33937	-0.00892966
-0.0935718	-0.128031
-0.940944	-0.788309
-0.354302	-0.418292
0.699482	0.271024
0.275796	0.380389
-0.126163	0.540771
0.656027	0.423406
-0.658487	-0.353513
-0.723669	-0.188394
-0.625895	-0.673153
-0.538985	-0.628356
-0.723669	0.0507503
-0.267392	0.0224163
-0.66935	0.281872
0.362706	0.582564
0.254068	0.765889
0.406161	0.748918
1.22094	0.494656
-0.441212	0.449986
2.11177	0.559185
-0.40862	0.492626
-0.66935	-0.33566
-0.289119	0.858704
2.76359	0.233326
-0.430348	0.079453
0.254068	0.50314
-0.484667	0.0425502
-0.864898	-0.508078
-0.310847	0.073518
-0.473803	0.20403
0.0911119	0.362048
-0.58244	0.483199
1.92708	0.467336
1.44908	0.607926
-0.788851	0.504863
-0.886625	0.353819
-0.984399	-0.227653
-0.799715	-0.089533
-0.810579	0.428838
-0.886625	0.0908235
-0.84317	-0.189552
0.0476569	0.226458
-0.538985	0.296887
0.00420194	0.025658
-0.517258	-0.356476
-0.864898	-0.356151
2.26386	0.588961
-0.723669	0.0431092
-0.973535	-0.710319
-0.734533	-0.301395
-0.93008	-0.86247
0.178022	0.0505971
-0.864898	-0.994659
1.13403	0.32135
0.362706	-0.00237331
6.35949	0.755261
-0.973535	0.042696
0.884165	0.307639
-0.376029	-0.433379
-0.49553	0.265715
-0.419484	-0.502949
-0.821443	-0.187439
-0.310847	-0.199346
-0.691078	0.42378
1.63376	0.370025
-0.973535	-1.02621
-0.919216	-0.15947
-0.484667	-0.322247
-0.810579	-0.404353
-0.984399	-0.321708
-0.310847	0.268816
-0.854034	-0.887951
0.601708	0.543288
0.243204	-0.0577135
-0.745396	-0.764622
0.0911119	0.157315
-0.310847	0.209874
5.04498	0.597876
-0.940944	-0.091707
-0.158754	0.475935
-0.528122	-0.0706737
0.275796	0.224685
-0.49553	-0.116386
0.688618	0.179856
-0.647623	-0.492412
-0.625895	-0.100638
0.406161	0.0293488
0.808119	0.599305
-0.93008	0.509002
0.210613	0.34093
1.5034	0.457581
-0.473803	0.399188
1.06885	0.527694
0.677754	0.244585
-0.104436	0.109873
0.178022	0.087382
-0.984399	-1.0825
-0.419484	-0.00686842
-0.560713	-0.0152375
-0.93008	-0.245785
-0.299983	0.464229
-0.777988	0.0713499
-0.767124	-0.0109202
-0.593304	0.389918
-0.58244	0.0847535
0.0911119	0.179351
-0.940944	-0.489775
-0.962671	-0.438417
0.178022	-0.371825
-0.419484	0.331569
0.482207	0.196556
-0.213073	-0.428665
-0.40862	0.165202
-0.995263	-0.656606
-0.832306	0.444864
-0.180482	0.0802364
4.02379	0.393208
-0.267392	0.402923
-0.126163	-0.0699604
-0.810579	-1.19537
0.732073	0.598556
0.547389	0.440867
0.0476569	0.519299
0.308387	0.32065
0.57998	0.468956
-1.00613	-0.0496909
-0.832306	-0.750427
-0.647623	0.237135
0.101976	0.101442
1.52513	0.410541
-0.680214	-0.775342
-0.538985	-0.426984
1.61204	0.0939858
-0.2348	0.464816
-0.810579	0.317242
-0.278255	-0.585455
-0.886625	-0.553578
0.0259294	0.389519
0.949348	0.48588
-0.93008	-0.291114
-0.40862	0.699039
-0.940944	-0.515831
-0.354302	0.356451
0.188886	-0.022075
-0.223937	0.354601
0.0476569	0.226458
-0.712805	-0.138563
0.427888	0.18241
-0.788851	-0.737678
-0.571577	0.131756
0.938484	0.428814
-0.245664	-0.108484
1.9814	0.476191
0.482207	-0.446017
-1.00613	-1.51488
0.786392	-0.0223176
-0.126163	0.224938
-0.223937	-0.314858
-0.832306	-0.324907
-0.647623	0.18406
-0.767124	-0.33038
4.03465	0.547587
-0.680214	0.568184
-0.0718443	0.0759455
0.0476569	0.252088
2.09004	0.561901
-0.951808	0.498437
-0.506394	0.170326
-0.223937	-0.673155
-0.104436	-0.00394972
-0.886625	-0.48327
-0.430348	0.0740123
1.61204	0.580957
0.808119	0.53106
-0.365165	0.594951
-0.680214	-0.0576384
-0.484667	-0.234753
0.264932	0.148382
-0.647623	0.313921
-0.908353	-0.11968
-0.777988	0.324521
-0.886625	-1.16465
0.721209	0.561409
-0.202209	-1.04312
0.547389	-0.295201
-0.995263	-0.554081
0.536525	0.69676
-0.658487	-0.342913
-0.940944	-0.289179
-0.365165	-0.451143
-0.886625	-0.268063
-0.40862	0.255214
-0.343438	0.378342
0.775528	-0.198568
0.308387	0.236453
1.29699	0.277537
1.00367	0.649162
0.297523	0.538366
1.78586	0.671096
-0.310847	0.169441
-0.886625	-0.400505
-0.571577	0.332334
-0.995263	-0.811332
-0.169618	0.507673
-0.202209	0.210544
-0.528122	0.134916
-0.484667	0.166864
0.699482	0.488277
-0.723669	-1.02698
0.514798	0.237993
-0.93008	0.0387832
0.319251	0.06972
-0.343438	-0.107828
-0.397757	-0.0216497
-1.02785	-1.48814
-0.528122	0.312043
1.81845	0.649448
-0.213073	0.400273
0.558253	0.498853
-0.995263	-1.71435
-0.462939	-0.498682
-0.658487	-0.545812
-0.354302	0.431902
0.145431	0.281646
3.13296	0.289884
1.02539	0.0228408
-0.767124	-0.599248
0.297523	0.552759
0.0150657	0.416406
-0.84317	-0.914135
0.49307	0.437271
-0.0718443	0.0487976
0.7538	0.389839
1.16662	0.403195
0.938484	0.391251
0.254068	0.43408
0.601708	-0.40175
-0.940944	-0.903669
0.797255	0.204714
0.862438	-0.214672
-0.66935	-0.680443
-0.223937	0.267348
-0.549849	0.0539409
0.460479	-0.00279113
-0.886625	0.313651
2.492	0.519694
-0.58244	0.503649
1.9814	0.555671
-0.984399	-0.662131
-0.636759	-0.601589
-0.343438	-0.0249106
0.525662	0.232736
-0.962671	-0.47913
-0.549849	-0.282491
-0.897489	-0.117943
0.764664	0.117702
-0.517258	-0.144478
-0.984399	-0.938889
-0.767124	0.362269
1.01453	0.531594
-1.01699	0.111902
-0.0501168	-0.308709
0.286659	0.364631
-0.940944	-0.525932
-0.886625	0.313645
0.0585207	0.291642
-0.419484	-0.0241709
-0.343438	-0.0205433
-0.2348	0.365008
-0.202209	0.470757
-0.430348	-0.23689
2.12263	0.381599
-0.940944	-0.496618
-0.528122	-0.0252821
3.33937	0.480369
-0.158754	-0.0632409
-0.32171	-0.0422654
-0.984399	-0.317657
-0.430348	-0.0922
1.1449	-0.124412
-0.14789	-0.154569
-0.560713	-0.301405
-0.571577	0.0830773
-0.854034	-0.261695
0.308387	0.185003
-0.528122	-0.280864
1.60117	0.252476
-0.908353	0.170755
-0.691078	0.374025
-0.289119	0.52864
-0.169618	0.295181
-0.767124	0.0700111
-0.788851	0.287429
-0.528122	0.478815
-0.680214	0.234492
-0.875761	-0.327959
0.49307	0.413959
-0.75626	0.248552
-0.734533	0.211411
0.862438	0.315865
-0.886625	-1.14019
0.427888	-0.174421
-0.93008	-0.157992
-0.397757	0.429521
-1.00613	0.131211
2.12263	0.15343
0.449616	-0.182864
2.24213	0.464743
0.286659	0.0821856
-0.180482	-0.378292
-1.02785	-0.179597
-0.93008	-1.24013
-0.332574	-0.676815
-0.712805	-0.176364
-0.799715	0.247987
-0.256528	-0.408957
-0.365165	0.684636
-0.908353	-0.513158
-0.712805	-0.314107
-0.115299	-0.444457
-0.854034	0.5442
0.895029	0.457566
-0.223937	-0.508484
-0.897489	-0.463299
-0.625895	-0.653406
0.0911119	0.162205
1.85104	0.796142
-0.799715	-0.560511
-1.04958	0.263474
-0.745396	0.0725119
-0.712805	-0.308532
-0.767124	-0.364221
-0.973535	-0.961096
-0.767124	-0.0634576
0.0802482	0.485953
-0.104436	-0.23455
-0.854034	-0.390853
-0.832306	-0.707257
1.47081	0.375183
-0.538985	-0.86461
-0.919216	-0.986591
-0.680214	-0.0827742
0.232341	0.236455
-0.897489	-0.112958
-0.256528	0.398571
-0.58244	0.277762
1.44908	0.357242
0.254068	-0.101124
0.884165	0.197577
-0.604168	-0.870017
-1.00613	-0.390389
-0.886625	-0.790043
1.60117	0.378023
-0.571577	0.4134
0.656027	0.108
0.101976	0.495428
-0.528122	0.549595
0.590844	-0.136963
0.57998	0.282072
-0.289119	-0.077341
0.992803	0.523846
1.69895	0.423015
-0.430348	-0.0696975
-0.430348	-0.605551
-0.973535	0.462968
-0.278255	0.21385
0.0911119	0.527518
0.721209	0.408222
-0.191345	0.163039
0.710345	0.345022
-0.528122	0.325356
-0.712805	-0.231207
3.81738	0.0264407
-0.691078	-0.558371
0.438752	-0.0454619
-1.00613	-0.602648
-0.799715	0.431228
0.0476569	-0.0678967
-0.0283893	0.185276
-0.0609805	0.390445
-0.0609805	0.647817
-0.84317	0.253175
-0.951808	-0.929115
-0.310847	0.351178
0.558253	0.234063
-0.832306	-0.888884
-0.00666181	0.650718
-0.082708	0.017011
-0.973535	-1.15633
-0.549849	-0.210945
0.178022	-0.12004
0.0911119	0.379723
0.362706	0.719449
0.362706	0.0187463
-0.788851	-0.379567
1.85104	0.0933256
-0.701941	-0.0837224
-0.973535	-0.779052
-0.691078	-0.476259
-0.93008	-0.526769
-0.886625	-0.244854
-0.647623	-0.564081
-0.2348	0.152803
2.44854	0.222604
-0.0609805	-0.0663144
1.27526	-0.116178
0.188886	0.688211
1.28612	0.550628
-0.299983	0.355651
2.41595	0.466663
-0.919216	0.263616
-0.723669	-0.212583
-0.886625	0.182669
-0.734533	0.382176
0.0476569	0.125997
-0.788851	0.254441
0.264932	0.26328
0.471343	0.292286
-0.712805	0.0620587
-0.799715	-0.0935677
0.210613	-0.346204
-0.951808	-0.175408
-0.343438	0.417141
1.23181	0.890337
-0.93008	-0.355646
-0.973535	-0.804532
-0.571577	-0.26096
-0.897489	0.143133
0.0150657	0.548443
0.808119	-0.136832
0.351842	0.227762
1.63376	0.351691
-0.039253	0.337851
0.569117	0.196353
2.07918	0.350395
-0.40862	0.240501
-0.104436	-0.219122
-0.0175256	0.763821
0.0367932	0.578658
-0.343438	-0.549767
-0.875761	0.409686
-0.886625	0.171088
0.319251	0.436308
0.134567	-0.0155435
-0.864898	-0.952091
1.1449	0.601889
0.167158	0.579176
-0.00666181	0.297507
-0.49553	0.0364039
-0.289119	-0.0217986
0.264932	0.201246
-0.973535	-0.356223
1.44908	0.51002
0.0367932	0.27293
-0.875761	0.127787
-0.397757	0.105915
1.79672	0.414962
-1.02785	-0.962209
-0.940944	-0.989349
-1.00613	-0.26517
-0.897489	-0.611201
-0.962671	-0.964993
-0.40862	-0.201386
1.56858	0.00080512
0.101976	-0.113306
-0.452075	-0.765017
1.01453	-0.425252
-0.0935718	-0.0717722
-1.03872	-1.25444
-0.723669	-0.319652
0.536525	0.443166
0.558253	-0.0346424
-0.104436	-0.0749413
-0.397757	-0.234775
0.395297	0.485646
-0.995263	-0.704294
0.123703	0.0236913
1.89449	-0.184828
-0.376029	0.32077
-0.897489	0.25669
0.0693844	0.0952243
-0.2348	-0.118506
0.0585207	-0.296363
1.72067	0.603407
0.460479	0.460577
0.514798	0.361267
-0.126163	-0.329602
-0.452075	0.76922
-0.777988	0.06908
-1.00613	-0.753088
1.79672	0.649715
0.123703	-0.0138109
-0.202209	-0.477795
2.70927	0.722067
-0.202209	0.201045
-0.40862	-0.0974478
-0.549849	-0.208617
-0.810579	-0.94808
-0.777988	-1.19709
-0.517258	0.122972
-0.625895	0.477793
-0.821443	0.31936
0.558253	0.000706441
-0.647623	0.0511719
-0.777988	-0.793539
-0.84317	0.239168
-0.701941	0.043565
-0.886625	-0.471673
-0.0283893	-0.530137
-0.908353	-0.0433542
-0.940944	0.281854
0.916757	0.499872
2.63323	0.315941
0.0150657	0.305309
-0.919216	-0.17856
-0.386893	0.713578
0.536525	0.0422857
-0.14789	0.513962
-0.452075	-0.313837
1.57945	0.499369
3.16555	0.567204
-0.984399	-0.902532
-0.995263	-0.0453472
0.981939	0.386197
-0.484667	0.0440431
0.916757	0.3918
-0.299983	-0.327419
-0.712805	0.455872
0.167158	0.0775041
0.66689	0.163157
-0.658487	0.488318
-0.864898	-0.0136203
-0.49553	-0.335327
-0.832306	-0.791418
1.15576	0.210069
-0.745396	0.334587
-0.66935	-1.06854
-0.962671	-1.08061
-0.973535	-1.04177
-0.951808	0.176982
0.569117	0.187701
-0.462939	0.457494
0.482207	0.144206
-0.137027	-0.0361882
-0.919216	-0.776561
-0.962671	-1.44395
0.243204	-0.0462269
0.178022	0.162874
0.417024	0.489573
-0.0935718	-0.10997
-0.984399	-0.131428
0.873302	-0.349694
-0.169618	-0.323695
0.373569	0.345282
-0.788851	0.249986
0.232341	0.00944377
-0.973535	-0.10752
-0.940944	-1.05555
-0.2348	-0.0171991
1.28612	0.609439
-0.169618	0.287047
-0.2348	0.141841
-0.126163	-0.0941717
0.677754	0.0171782
1.75326	0.375517
-0.245664	-0.044171
-0.897489	-0.709939
-0.962671	-0.846989
0.275796	0.544925
0.938484	-0.297318
3.14382	0.444147
-0.897489	-0.459216
-0.810579	-0.786978
0.254068	0.253472
-0.908353	-0.942081
-0.745396	-1.10381
-0.723669	-0.314983
-0.58244	0.0281602
-0.0283893	-0.284534
-0.658487	-0.111869
-0.734533	-0.0157311
-0.886625	-0.876362
-0.538985	-0.341204
0.0911119	-0.534116
0.0259294	0.0226672
-0.951808	-0.649244
-0.875761	-0.442733
-0.40862	0.842825
0.710345	-0.0402877
2.6115	0.341533
4.72993	0.498565
0.297523	0.335185
-0.93008	-0.718136
0.178022	0.30539
2.81791	0.328193
-0.604168	-0.984397
-0.767124	-0.708114
-0.745396	-0.21454
0.0476569	-0.161358
-0.821443	-0.328006
-0.115299	0.143413
0.134567	0.0705309
-0.777988	-0.0613695
-0.788851	-0.509804
0.0693844	-0.560552
-0.810579	-0.0520386
-1.02785	-0.825505
-0.2348	0.518803
-0.0283893	0.391703
-0.538985	0.437168
1.84017	0.433038
-0.0718443	0.299848
-0.528122	-0.616534
-0.604168	-0.872976
1.82931	0.224745
0.590844	-0.0612254
0.84071	0.527069
1.85104	0.122233
1.69895	-0.0926847
1.53599	-0.0763792
1.5034	0.25808
-0.745396	0.278872
-0.484667	-0.0221719
-0.430348	-0.190977
0.264932	0.450964
-0.962671	-1.10369
0.938484	-0.00762566
0.340978	0.192511
-0.908353	-1.02945
0.156294	0.414685
-0.745396	-0.560474
-0.908353	-1.40746
-0.951808	-0.169932
-0.723669	0.416053
-0.484667	0.0388259
-0.571577	-0.100259
-0.299983	-0.184363
-0.951808	0.234027
-0.289119	0.436896
-0.32171	-0.559973
-0.821443	0.0361038
-0.962671	-2.3531
1.06885	-0.223665
-0.995263	0.500052
2.26386	0.159075
-0.137027	-0.213304
-0.832306	0.0327461
2.76359	0.471787
-0.854034	0.233244
-0.875761	-0.573055
-0.299983	0.00793306
-0.875761	0.489964
0.471343	0.304686
0.851574	0.494221
-0.267392	0.435372
-0.267392	0.0487738
-0.93008	-1.14782
-0.962671	-1.0641
0.188886	0.134452
-0.289119	0.0822421
0.286659	0.379107
0.818983	0.0301354
-0.821443	-1.168
0.514798	-0.253026
-0.278255	-0.171664
1.00367	-0.033396
1.10144	0.091259
-0.039253	0.279416
-0.951808	-0.803082
1.06885	0.287677
-0.973535	-1.38237
0.688618	0.200609
0.308387	0.184413
0.243204	0.216347
-0.919216	-1.17787
-0.560713	0.191624
-0.799715	-0.702211
-1.00613	-0.283011
-0.940944	-0.625005
0.00420194	0.338459
-0.365165	-0.343068
-0.864898	-0.494855
-0.365165	-0.172649
-0.691078	-0.409416
-0.354302	-0.108958
-0.973535	-0.133295
-0.701941	0.409258
0.264932	0.338635
-0.571577	-0.0971407
-0.517258	-0.533573
-0.875761	-0.951384
1.73154	0.15947
-0.919216	0.22542
0.0367932	0.0979952
0.590844	0.26466
-0.886625	-0.734974
-0.93008	-0.0771338
-0.267392	0.515037
-0.158754	-0.037754
-0.951808	-0.394898
-0.973535	0.395505
-0.386893	-0.00280682
-0.919216	-0.560187
-0.571577	-0.0862491
-0.517258	0.356874
-0.962671	-0.934015
-0.886625	-0.215387
-0.854034	0.514892
-0.32171	0.105409
-0.723669	-0.289779
0.330114	0.0870863
1.16662	0.268833
-0.712805	-0.0179916
-0.66935	-0.38493
0.286659	0.70796
-0.332574	-0.239951
-0.951808	0.284689
-0.788851	-0.805067
2.52459	0.63725
0.449616	0.458195
-0.680214	0.280501
-0.919216	-0.410784
-0.680214	-0.567483
1.1123	0.272342
-0.58244	-0.0805656
-0.625895	-0.746298
-0.452075	-0.455264
-0.940944	0.324909
-0.66935	0.309895
0.471343	0.154255
1.31872	0.426193
0.199749	0.339054
1.7424	0.132789
0.536525	0.677098
-0.354302	-1.24216
-0.0935718	-0.187347
0.645163	0.0711796
-0.32171	-0.194399
1.48167	0.32317
0.460479	0.22097
-0.821443	-0.243843
-0.0175256	0.359957
-0.810579	-0.862367
-0.745396	-0.595292
-0.636759	0.579645
0.395297	-0.0509804
2.76359	0.0585686
0.471343	0.194415
1.25353	0.435296
-0.951808	-0.806947
1.22094	0.218362
0.123703	0.0695992
-0.0718443	-0.170047
1.90536	0.264533
-0.810579	-0.491845
0.178022	-1.0134
1.81845	0.0245571
1.10144	0.355637
0.797255	0.348932
0.634299	0.32629
-0.376029	0.406342
0.145431	0.542903
-0.908353	-0.195187
-0.962671	-0.453815
-0.951808	-0.476638
3.82824	0.442247
3.79565	0.40237
0.742937	0.384821
-0.00666181	-0.111423
-0.267392	0.478606
-0.169618	0.174324
-0.886625	-0.822525
0.645163	0.584047
-0.712805	-0.474261
0.297523	0.552759
-0.538985	0.285932
-0.636759	0.0521208
-0.701941	-0.871359
-0.919216	-0.67615
1.30785	0.426193
-0.875761	-0.613213
1.1449	0.360872
-0.951808	-0.572702
1.16662	0.420538
-0.191345	0.243842
0.0802482	0.454187
-1.00613	-0.709597
-0.75626	-1.23258
-0.832306	0.296665
0.688618	0.386098
-0.712805	-0.0751143
-0.864898	-0.642327
-0.452075	0.0664885
1.47081	0.45149
-0.560713	-0.091626
-0.256528	0.479706
-0.473803	0.448479
-0.777988	-0.163682
-0.039253	-0.158799
2.39423	0.64029
-0.897489	-0.086472
0.884165	0.710586
-0.2348	0.626589
-0.115299	0.661329
-0.289119	0.163659
0.156294	0.22795
0.0476569	-0.249556
-0.832306	-0.033912
1.45994	0.378757
0.167158	0.149352
-0.875761	-0.40078
-0.908353	-0.787187
-0.289119	-0.49209
-0.995263	-0.830093
-0.962671	-0.8106
1.02539	0.170359
0.960212	0.254539
0.00420194	-0.502027
0.84071	0.20298
-0.039253	-0.000744087
-0.951808	-0.451146
0.297523	0.281107
-0.864898	-0.513058
-0.919216	-0.514119
-0.973535	0.300629
0.656027	-0.503865
-0.549849	0.114884
1.39476	0.111781
-0.202209	0.308778
2.74187	0.108737
1.24267	0.608416
0.449616	-0.0990792
0.808119	-0.136832
2.95914	0.550271
-0.647623	-1.58248
-0.278255	0.510282
-0.940944	0.26796
-0.940944	0.370667
-0.940944	-0.213997
-0.0609805	0.427165
0.0693844	0.0399828
0.873302	0.0197659
-0.430348	0.312475
-0.397757	-0.0423227
-0.517258	0.472936
0.254068	0.359292
2.253	0.391959
1.29699	-0.172464
-0.256528	-0.026802
-0.484667	0.405469
-0.854034	-0.481653
-0.0283893	-0.518453
-0.32171	-0.283879
0.330114	0.832675
0.656027	0.370547
-0.506394	-0.608112
-0.137027	0.0948275
-0.354302	0.211948
-0.365165	0.367904
-0.84317	-0.767113
-0.484667	-0.245965
2.01399	0.346094
-0.854034	-1.37136
-0.951808	-0.27268
-0.973535	-1.28275
0.199749	0.157953
-0.441212	0.347041
0.254068	0.380657
-0.658487	0.175717
1.34044	0.173811
-0.680214	0.461245
-0.49553	0.111139
2.83964	0.0718259
0.569117	0.0516364
-0.777988	-0.462302
-0.560713	0.265572
-0.223937	0.300678
1.04712	0.326969
0.0150657	0.598176
-0.701941	-0.207783
-0.49553	-0.807578
-1.00613	-1.22846
-0.864898	-0.78663
-0.604168	0.382066
2.65496	0.17005
0.362706	0.499482
-0.126163	0.182217
2.16609	0.252473
-0.940944	-0.453608
0.0259294	-0.0572386
-0.58244	0.154646
-0.256528	0.307413
-0.84317	0.1824
-0.441212	0.380892
-0.777988	-0.895554
-0.517258	0.00626373
-0.767124	-0.405653
1.41649	0.340745
-0.658487	0.487034
-0.289119	-0.683535
1.42735	0.239565
-0.658487	0.36795
-0.49553	0.195853
-0.49553	0.42265
-0.571577	-0.286432
-0.951808	-0.727357
-0.419484	0.356265
-0.376029	-0.331964
0.145431	0.276083
-0.441212	-0.460452
0.57998	-0.235475
0.0585207	-0.400836
-0.75626	0.129923
1.48167	0.71366
0.297523	0.513779
-0.484667	0.333188
-0.777988	-0.940891
0.00420194	0.19868
-0.777988	-1.10628
-0.908353	-0.976436
-0.289119	-0.212738
-0.854034	-0.133707
-0.799715	-0.422943
1.81845	0.662935
-0.723669	-0.348163
-0.332574	-0.0892277
0.167158	-0.103898
-0.821443	-0.20951
-0.777988	0.169034
0.373569	0.268099
0.0367932	0.00636248
-0.908353	-0.0137041
-0.854034	-0.158373
-0.137027	0.0745074
-0.658487	-0.351395
-0.821443	0.00552263
-0.158754	0.284706
-0.723669	0.348751
-0.430348	0.0587938
-0.908353	-1.6061
-0.93008	-0.888879
0.340978	0.403731
-0.462939	0.0492168
-0.647623	-0.278863
0.0911119	0.172981
-0.289119	0.0166287
-0.223937	0.750084
-0.289119	-0.133848
-0.430348	0.0292632
0.569117	0.0462145
-0.745396	0.158083
-0.137027	0.484431
-0.919216	-0.57729
0.0367932	0.364303
-0.951808	-1.6885
-0.365165	0.395031
0.0693844	-0.208643
2.16609	0.252473
-0.75626	0.00771051
0.981939	0.542031
-0.213073	-0.500385
0.775528	-0.198568
0.438752	0.386254
-0.84317	-1.36179
-0.00666181	0.240976
-0.452075	0.262033
-0.777988	-0.410004
-0.723669	-0.164022
0.134567	0.277592
0.417024	-0.453298
-0.886625	-0.134773
0.482207	0.0896701
-0.810579	-0.571705
-0.897489	-1.17516
1.56858	0.0543246
-0.854034	-0.215934
-0.680214	-0.0395372
-0.897489	-0.312316
-0.462939	-0.263619
0.0259294	-0.398818
-0.289119	-0.478694
-0.951808	-0.463647
-0.712805	0.221875
1.19921	0.348717
0.145431	0.433829
1.45994	0.522945
1.53599	0.21121
0.319251	-0.0376128
1.91622	0.388315
1.19921	0.644433
0.0693844	0.728552
0.829847	0.117003
0.199749	0.157953
0.00420194	-0.166481
-0.560713	0.046814
0.916757	0.238466
-0.897489	-0.00895562
-0.245664	0.191382
-0.84317	-0.296584
0.482207	0.0381204
-0.484667	0.433369
-0.995263	-1.31076
-0.245664	0.286251
-0.821443	0.368135
-0.473803	0.0724031
-0.104436	0.172833
-0.593304	0.0863094
-0.538985	0.224521
-0.919216	-0.272672
1.10144	0.104993
-0.810579	-0.53659
0.960212	0.656822
-0.278255	0.214471
-0.604168	-0.622999
0.254068	-0.225357
-1.00613	-0.919303
-0.788851	-0.1723
-0.2348	-0.225583
-0.365165	-0.827408
0.101976	0.199731
0.417024	0.277013
-0.223937	0.399157
-0.701941	0.0258962
3.62183	0.197113
0.471343	0.404305
1.80758	0.269785
0.156294	-0.568479
-0.767124	-0.581593
-0.951808	-1.22466
1.32958	0.443138
1.67722	0.300983
0.645163	0.193542
-0.691078	0.495335
-0.441212	0.529353
-0.126163	0.302039
-0.32171	0.285951
-0.886625	-0.413754
1.60117	-0.013575
0.395297	0.163001
0.330114	0.368266
-0.810579	0.0901908
-0.14789	-0.774242
-0.549849	-1.46877
-0.75626	0.0463971
-0.93008	0.160208
-0.951808	-0.0510848
-0.354302	-0.648424
0.340978	0.0866297
0.188886	0.121503
0.00420194	-0.0165943
0.786392	0.345099
1.79672	0.345307
0.992803	0.422144
-0.908353	-1.36027
-0.365165	0.0792972
2.18781	0.190519
-0.908353	-0.45623
1.01453	0.377657
-0.115299	0.401671
0.406161	0.368378
-0.593304	-0.0448986
-0.93008	-0.636614
-0.571577	-0.234464
-0.723669	0.288511
-0.723669	-0.481794
0.92762	-0.278735
-0.397757	-0.745125
-0.701941	-0.146585
0.395297	0.495169
1.8619	0.440723
-0.430348	-0.691157
1.8619	0.628089
-0.984399	-0.676231
1.01453	0.515267
-0.897489	-0.455705
-0.376029	0.439316
-0.658487	-0.711941
-0.462939	-0.208782
0.688618	0.211766
-1.00613	0.131211
-0.202209	0.270764
-0.680214	-0.641963
0.471343	0.351394
-0.66935	0.139902
-0.995263	-0.65347
-0.940944	0.0993144
-0.397757	0.323803
-0.799715	-1.17519
-0.799715	-0.54723
-0.647623	-0.278863
-0.919216	-0.55951
-0.940944	0.0115737
-0.962671	-1.01107
-0.84317	-0.22632
0.00420194	0.0966509
-0.701941	0.335228
0.449616	0.0669524
0.656027	0.401189
-0.299983	0.218591
1.53599	0.203132
0.514798	0.285481
-0.734533	-0.310256
-0.875761	-0.358647
-0.701941	-0.923749
-0.788851	0.349163
0.547389	0.715863
-0.84317	0.144503
0.471343	0.358764
-0.75626	0.367432
-0.310847	0.321363
0.57998	-0.0114765
-0.506394	0.138752
0.547389	0.351915
1.1449	0.29102
-0.462939	0.494032
-0.712805	-0.0543895
0.438752	0.313796
-0.332574	-0.0240198
-0.549849	0.331864
0.373569	0.323052
-0.560713	-0.301086
0.330114	0.486285
-1.00613	-0.120476
-0.691078	0.512517
-0.712805	0.192213
-0.799715	-0.268977
-0.473803	0.453096
1.95968	0.425803
1.69895	0.768728
-0.549849	-0.030492
-0.039253	0.0655471
1.72067	0.670774
4.25193	0.525159
-0.832306	0.157841
0.0911119	0.446955
1.02539	0.144555
-0.2348	0.236479
-0.354302	-0.0852126
-0.864898	0.240856
-0.202209	0.685563
-0.126163	0.0169613
-0.180482	0.588213
0.471343	0.190131
2.17695	0.16458
-0.625895	0.117191
-0.908353	-0.1306
2.27472	0.179749
0.547389	0.189619
-0.49553	-0.0761604
0.156294	0.455109
-0.0501168	0.369486
-0.289119	0.551577
0.0911119	0.21739
-0.0609805	0.487346
0.232341	0.130884
-0.278255	-0.221122
-0.810579	-1.27274
-0.832306	-0.0129073
0.0911119	0.167191
-0.886625	0.439363
0.134567	0.308969
-0.680214	0.0758195
2.69841	0.0437167
-0.571577	-0.545083
0.471343	-0.119329
0.884165	0.0247116
-0.93008	-0.56037
-0.691078	-0.728331
-0.821443	-0.0977012
0.449616	-0.12957
-0.158754	0.434866
-0.419484	-0.311831
-0.919216	-0.806458
0.916757	0.478052
0.0911119	-0.0373452
1.3839	0.423643
-0.767124	-0.504009
0.742937	0.344417
-0.940944	-0.0660424
0.264932	-0.184129
0.145431	0.205248
1.03626	-0.0288448
0.710345	-0.103575
1.02539	0.36059
-0.58244	0.425108
-0.419484	-0.420969
-0.00666181	-0.24692
0.330114	0.399475
-0.452075	0.39467
-0.951808	-0.342407
2.44854	0.501084
-0.75626	-0.0569247
-0.84317	-0.328966
2.30732	0.0824184
-0.984399	0.160947
2.492	0.425364
-0.354302	0.213553
0.210613	0.269773
0.0585207	0.700773
-0.137027	0.407946
-0.701941	-0.472705
0.319251	0.033172
-0.506394	-0.738202
-0.571577	-0.223232
1.77499	0.291614
0.145431	-0.564911
0.264932	-0.0544703
-0.75626	-0.147666
-0.256528	0.153597
-0.66935	0.27929
2.67668	0.397916
-0.658487	0.402561
0.514798	0.144376
-0.560713	0.250502
1.40563	0.851754
-0.658487	0.0423022
0.92762	0.00935437
-0.462939	0.103242
0.677754	0.290952
-0.919216	0.333957
-0.126163	-0.122399
-0.615032	0.185335
0.0585207	0.425916
-0.0935718	0.224008
-0.940944	-0.709381
0.156294	0.0217958
0.0585207	0.441201
-0.462939	-0.224899
-0.40862	0.254139
-0.636759	0.105052
-0.14789	0.255453
-0.58244	0.381421
-0.777988	0.249752
-0.256528	0.327755
-0.00666181	-0.264539
1.88363	0.108828
-0.897489	-0.658246
-0.84317	-0.631148
1.7424	0.154653
1.36217	0.461474
0.601708	-0.131016
1.21008	0.3313
-0.75626	-0.129365
-0.278255	-0.308183
-0.0283893	0.404745
-0.0935718	-0.0306648
-0.549849	0.0631302
-0.310847	0.2984
0.0585207	-0.335471
1.24267	0.608416
0.0911119	0.72317
-0.93008	-0.417793
0.0150657	0.567718
-0.430348	-0.596569
-0.506394	-0.197378
-0.886625	-0.59055
-0.452075	-0.0120953
3.27419	0.637884
0.699482	-0.0357668
-0.343438	0.196084
-0.691078	-0.637855
-0.940944	-0.0501897
-0.245664	-0.989911
-0.202209	-0.182012
-0.712805	0.555904
-0.452075	0.435214
-0.484667	-0.65297
1.88363	-0.0966343
-0.49553	0.376848
-0.32171	-0.0282921
-0.126163	0.540771
0.308387	0.0219775
-0.723669	0.229812
-0.343438	0.493847
-1.03872	-0.309505
0.84071	-0.0306997
-0.712805	-0.0751143
-0.267392	0.455207
1.80758	0.0318043
0.362706	0.279642
-0.854034	-1.57595
-0.951808	0.121092
0.319251	-0.149196
1.07971	0.0588437
-0.832306	-0.308041
1.03626	0.288468
-0.397757	-0.411843
-0.40862	-0.222456
0.547389	0.281135
-0.365165	0.0934887
-0.940944	-0.00417253
-0.213073	-0.197024
-0.343438	0.307643
-0.615032	-0.30469
-0.506394	-0.0850105
-0.289119	0.347752
-0.962671	-0.905036
-0.386893	0.208894
-0.864898	-0.0869569
1.61204	-0.121052
-0.810579	-0.0614898
-0.126163	0.764822
1.91622	0.235433
-0.658487	0.597277
-0.549849	-0.0783805
-0.430348	0.0208945
-1.01699	-0.390627
1.48167	0.15336
0.786392	0.522679
-0.636759	-0.390984
0.49307	0.328819
-0.897489	-0.59337
-0.875761	-0.540573
-0.951808	-0.651045
-0.723669	-0.333004
-0.897489	-1.24535
4.19761	0.511863
0.00420194	0.125844
-0.528122	-0.896648
-0.104436	-0.654768
0.134567	0.407505
2.95914	0.320395
-0.082708	0.362836
-0.32171	0.346462
0.134567	-1.16202
0.167158	0.534648
0.536525	0.136173
0.0585207	0.357846
1.02539	-0.0746061
-0.886625	-0.65892
-0.169618	0.252076
-0.039253	0.383475
2.52459	0.389344
0.514798	0.455097
-0.202209	0.104862
-0.549849	0.150112
-0.995263	-0.804708
0.395297	0.0710913
-0.40862	0.532397
-0.115299	0.415951
-0.58244	-0.387403
-0.919216	-0.564444
1.03626	-0.178248
-0.571577	0.369549
-0.40862	-0.223173
-0.299983	-0.316107
-0.00666181	0.180198
1.29699	0.104559
-0.864898	-0.0614183
-0.723669	0.544424
-0.962671	-0.517821
-0.84317	0.0675338
-0.919216	-0.29197
1.36217	0.541467
0.49307	0.452586
0.0150657	-0.558571
0.384433	0.320259
-0.93008	-0.888879
-0.647623	-0.688545
-0.810579	-0.593398
0.351842	0.518995
-0.788851	-0.556513
0.00420194	0.271273
-0.517258	0.377286
0.101976	0.186483
0.319251	0.320924
-0.875761	-1.2496
-0.701941	-0.815781
-0.549849	0.489643
1.15576	0.61575
0.0259294	0.157329
-0.191345	0.181622
1.13403	0.453775
0.829847	0.429267
-0.93008	0.247786
-0.897489	-0.583449
-0.082708	0.39052
1.36217	0.48542
0.569117	-0.410752
-0.93008	-0.048477
0.0150657	0.137367
-0.0935718	0.609251
0.0367932	0.352901
2.80705	0.509123
0.0476569	0.554316
-0.126163	0.448727
0.808119	0.421164
0.710345	0.539603
0.656027	-0.0959809
-0.0501168	0.48221
-0.745396	-0.560474
-0.84317	-0.632553
-0.0935718	0.488504
-0.84317	0.167583
-0.419484	-0.354849
0.471343	0.434958
1.90536	-0.315772
1.1449	0.455134
-0.365165	0.466895
0.395297	0.285611
-0.984399	-0.785873
-0.886625	-0.069796
4.05638	0.829161
-0.636759	-0.661732
-0.180482	0.234502
0.829847	-0.246009
2.02486	0.558353
-0.864898	-0.272955
-0.777988	-0.679324
0.188886	0.474993
-0.310847	-0.118018
-0.419484	-0.27102
-0.940944	-0.355523
-0.299983	-0.309948
0.808119	0.411405
-0.202209	-0.280601
0.319251	0.281109
-0.832306	-0.636773
-0.745396	-1.02198
0.297523	0.427197
-0.289119	0.316039
-0.538985	0.168152
-0.636759	0.0371668
-0.875761	-1.0414
1.54685	0.190708
-0.462939	-0.800175
-0.343438	-0.164962
2.36163	0.522804
3.17642	0.511499
-0.256528	-0.00323656
-0.278255	0.451699
-0.517258	0.224234
-0.940944	0.265876
-0.864898	0.04075
-0.93008	-0.606434
1.13403	0.454594
2.56805	0.539611
-0.919216	-0.665729
0.590844	0.594562
-0.886625	-0.957452
2.91569	0.593675
0.438752	-0.577851
-0.886625	-1.13951
-1.01699	-1.39479
-0.473803	0.296684
1.03626	-0.00154026
0.308387	-0.0529461
0.547389	-0.0349042
0.101976	0.103808
-0.908353	-0.860935
-0.256528	-0.215425
-0.919216	-0.168837
0.0150657	-0.545522
-0.799715	0.0781221
-0.810579	0.425105
-0.886625	-0.671374
0.384433	0.330921
-0.430348	-0.23689
-0.691078	-0.123262
-0.0935718	-0.295664
-0.962671	-0.550396
-0.332574	0.334198
0.232341	0.278758
-0.701941	0.501482
0.818983	0.428913
-0.973535	-0.713198
-0.082708	0.55137
-0.940944	-0.326767
-0.484667	0.408389
0.949348	0.475678
0.264932	0.589534
-0.625895	0.430856
-0.962671	-1.2824
-0.58244	-0.531738
-0.854034	0.540696
-0.788851	-0.102278
-0.864898	0.331349
-0.115299	-0.749461
0.00420194	0.400167
0.818983	-0.0790803
0.254068	0.374538
-0.14789	0.457479
4.59957	0.524187
0.558253	0.42415
0.916757	-0.149317
-0.93008	0.216132
-0.951808	-0.146045
-0.75626	-0.408234
-0.723669	0.544424
-0.951808	-1.19802
-0.940944	-0.128962
-0.854034	0.360438
1.16662	0.24341
0.286659	0.2351
1.16662	0.0531504
3.44801	0.506991
-0.84317	0.192233
0.960212	0.670713
0.0259294	0.0448704
-0.832306	0.0940154
-0.734533	0.0479202
0.57998	0.416845
-0.984399	-0.488331
-0.462939	0.32676
-0.32171	-0.181061
0.797255	0.415695
-0.354302	0.217911
1.44908	0.595638
-0.343438	0.180548
-0.625895	-0.162501
0.417024	-0.53278
-0.560713	0.366176
-0.278255	0.328063
-0.58244	-0.383892
-0.430348	-1.01132
-0.299983	0.0234731
-0.886625	-0.124828
-0.386893	-0.130218
-0.14789	0.296385
-0.886625	-1.03062
-0.93008	-1.2101
-0.376029	0.380293
0.775528	0.251641
-0.58244	-0.580151
0.00420194	-0.0245745
-0.973535	-0.345004
-0.310847	0.406648
-0.940944	-1.14451
-0.115299	0.155254
-0.897489	0.140711
0.427888	0.496086
0.101976	0.0573964
0.373569	0.245585
-0.973535	-0.564158
0.00420194	0.119022
-0.191345	0.179324
0.254068	-0.354692
-0.875761	0.382528
-0.441212	-0.0710093
0.145431	-0.052518
-0.680214	0.197485
0.0476569	0.222098
-0.940944	0.041383
-0.386893	0.195275
3.41542	0.531451
0.0259294	0.303121
-0.158754	-0.265696
-0.745396	-0.0814318
-0.995263	0.435079
-1.02785	-1.1434
1.37303	0.138535
-0.854034	-0.616096
0.427888	0.291107
-0.886625	0.300348
0.0150657	-0.131229
-0.169618	-0.800633
0.188886	-0.185627
-0.452075	0.349879
-0.386893	0.34641
-0.940944	-0.300809
0.0693844	0.0677447
0.710345	0.344021
-0.289119	0.0166287
-0.75626	0.522923
-0.777988	-0.204397
0.145431	-0.0430997
0.221477	0.352106
2.60064	0.428854
0.558253	0.622361
-0.995263	-0.354319
-0.528122	-0.0846238
-0.897489	-1.66447
0.92762	0.466379
0.275796	0.443454
0.742937	0.347522
-0.908353	0.279605
1.09058	0.281989
1.1449	0.315633
-0.919216	-0.320813
-0.951808	-0.771904
2.79618	0.369016
-0.875761	-0.906381
-0.799715	0.715176
1.15576	-0.275467
-0.202209	0.13772
-0.680214	0.141975
-0.441212	-0.152979
1.16662	0.491657
0.460479	-0.337893
-0.75626	0.345974
-0.810579	-0.475975
-0.636759	-0.693741
1.04712	0.0198883
0.92762	0.677689
-0.832306	0.240795
-0.951808	-0.892638
0.460479	0.114957
-0.158754	0.550281
1.18835	0.341294
-0.0718443	0.226123
0.275796	0.728805
4.40402	0.532647
2.98087	0.504423
-0.0609805	0.312946
-0.897489	-1.09009
0.0911119	-0.0890865
-0.158754	0.240864
0.178022	0.42132
-0.734533	-0.522847
0.134567	0.416843
-0.995263	-0.881595
-0.723669	0.634353
0.688618	0.41202
-0.93008	-1.3017
-0.604168	-0.672193
-1.03872	-1.05008
-0.039253	0.312511
0.536525	0.34504
0.340978	0.258909
-0.984399	-1.28036
0.732073	0.701476
4.7082	0.348198
-0.158754	-0.00686995
-0.691078	-1.05082
0.547389	0.0159233
-0.723669	-0.94314
-0.0501168	0.268669
-0.452075	-0.214403
-0.691078	-0.201374
1.31872	0.537797
1.64463	0.417176
-0.538985	0.713174
-0.267392	0.432811
-0.245664	0.170144
0.0259294	-0.169976
1.12317	0.0946829
-0.213073	-0.204377
-0.58244	-0.0892951
1.05799	0.369663
-0.506394	-1.55241
0.905893	0.324762
-0.462939	0.0515388
0.0150657	0.475106
-0.430348	-0.957317
3.32851	0.429798
-0.962671	-0.0423395
-0.223937	-0.49727
0.742937	-0.00859364
-0.517258	0.489084
-0.788851	-0.48624
0.199749	0.22185
0.710345	-0.140688
-0.66935	-0.0355755
-0.940944	-1.10572
-0.908353	-0.891273
-0.951808	-0.632507
-0.419484	0.276861
-0.625895	-0.199441
0.417024	-0.143993
0.134567	0.427411
-0.995263	-0.810344
-0.40862	0.304967
0.797255	0.415695
0.221477	0.36384
-0.343438	0.0221927
-0.0283893	-0.589511
0.221477	0.445212
-0.0935718	-0.405433
-0.745396	-0.129761
-0.615032	-0.455108
0.851574	0.52815
-0.625895	-0.775204
-0.538985	-0.617214
-0.84317	0.289551
0.590844	0.222328
-1.02785	-0.268883
0.340978	0.525184
-0.854034	0.192219
0.514798	0.389158
-0.723669	0.0774364
-0.0501168	0.74662
0.971075	0.402845
-0.169618	0.164324
0.503934	0.345655
-0.984399	0.348074
-0.647623	-0.467864
-0.0935718	-0.10997
-1.00613	-0.142058
-0.897489	-0.731115
-0.00666181	-0.285169
1.79672	0.16516
-0.897489	-0.60688
-0.40862	0.305902
-0.908353	-0.571003
-0.701941	-0.667529
-0.908353	-0.55651
0.0802482	0.064255
-0.680214	0.456757
-0.767124	0.104841
-0.886625	-0.696833
-0.126163	0.265371
-0.93008	-0.471379
2.24213	0.21318
-0.397757	0.113648
0.178022	0.327909
-0.169618	-0.360567
-0.549849	-0.162742
-0.267392	0.245785
2.65496	0.0521553
-0.191345	0.39943
2.35077	0.399655
-0.897489	-0.539538
1.39476	0.491733
4.02379	0.891862
1.8619	0.478278
1.2644	0.915343
0.960212	0.226472
-0.213073	0.444292
0.438752	0.242274
-0.0609805	0.520128
-0.940944	0.0844152
-0.604168	-0.342006
-0.788851	-1.30197
-0.734533	-1.28852
-0.919216	-1.70166
-0.0935718	0.267069
1.53599	0.339992
-0.832306	-0.744941
0.482207	0.696541
-0.256528	0.265924
0.449616	-0.531931
-0.897489	-0.622699
0.742937	0.0026232
-0.354302	-0.0122274
-0.875761	-0.606259
-0.864898	-0.881937
3.73047	0.356368
-0.310847	0.0313246
0.210613	0.283584
-0.593304	0.519534
-0.777988	-0.244624
0.221477	-0.104371
-0.940944	0.467954
3.27419	0.607466
-0.810579	-0.589457
0.319251	0.476885
1.41649	0.378095
-0.799715	-0.268977
-0.082708	-0.00354463
-0.256528	0.452346
-0.604168	-0.669636
-0.875761	-0.111017
3.29592	0.287592
-0.115299	0.0889586
-1.00613	0.138774
-0.039253	0.493744
0.0693844	-0.387332
-0.919216	-0.137616
2.6115	0.171367
-0.169618	-0.388822
1.04712	0.538479
0.362706	0.719449
-0.701941	-0.385397
-0.919216	-0.868068
-0.58244	0.118142
-0.75626	0.335988
0.449616	0.042162
0.373569	0.39625
1.02539	0.519182
0.243204	-0.642064
0.0150657	0.0331671
-0.0283893	-0.221466
-0.973535	-1.23574
1.39476	0.165696
0.732073	-0.0624601
-0.213073	0.274044
-0.32171	0.0957988
0.178022	-0.038316
-0.66935	-0.237057
0.905893	0.235527
0.971075	0.487558
0.612572	0.13169
-0.93008	-0.224002
2.1335	-0.0626382
0.112839	0.429388
-0.854034	-0.510386
-0.75626	0.406672
-0.00666181	0.212633
1.22094	0.0966151
1.67722	0.293708
0.406161	-0.283194
0.406161	-0.283958
0.699482	0.329566
-0.256528	0.162063
-0.886625	-0.0186887
0.330114	0.421925
-0.430348	-0.436672
-1.02785	-0.603547
-0.343438	0.70291
0.0802482	0.337039
-0.788851	0.0934303
-0.854034	0.361808
-0.137027	-0.704824
-0.32171	0.485764
0.0476569	0.0827856
0.264932	0.406954
-0.832306	-0.585735
0.612572	0.566543
-0.0718443	-0.066235
-0.864898	-0.784514
4.02379	0.55684
1.48167	0.116613
0.547389	0.142625
0.656027	-0.0156318
-0.386893	0.227275
-0.691078	0.328846
-0.66935	-0.703721
-0.0609805	0.389815
-0.962671	-0.8427
0.00420194	0.145512
0.656027	0.22303
-0.419484	0.489242
-0.452075	-0.174141
-0.137027	0.403766
-0.278255	0.433222
-0.647623	0.346867
-0.560713	-0.24857
2.75273	0.279461
0.482207	0.539976
0.0367932	0.0330921
-0.604168	0.455108
-0.93008	-0.556124
-0.75626	0.266834
-0.32171	0.19446
-0.734533	-1.01584
-0.310847	0.25081
-0.995263	-0.473948
0.199749	0.171611
-0.0501168	0.457638
-0.951808	0.115625
-0.93008	-0.923735
-0.419484	-0.104283
-0.430348	0.379819
-0.821443	-0.140572
-0.549849	0.343025
-0.0935718	0.0287466
-0.528122	0.0978495
1.1123	0.582326
2.88309	0.372781
0.308387	0.350877
-0.962671	-0.950851
-0.995263	-0.744324
2.48114	0.309635
-0.940944	-0.355523
-0.484667	-0.0265837
0.742937	-0.231933
-0.386893	0.293817
-0.777988	0.502376
-0.365165	0.00906805
0.0911119	0.446955
-0.441212	0.421728
-0.419484	0.318246
0.938484	-0.163296
-0.66935	0.171821
-0.897489	-0.689894
1.79672	0.224069
-0.430348	0.389581
0.0693844	0.316974
-0.158754	0.545948
0.895029	0.244147
-0.636759	0.379892
0.395297	0.349443
0.0693844	0.230474
0.0476569	0.146974
3.61097	0.521009
3.64356	0.761687
-0.951808	-0.320697
-0.245664	0.368322
-0.897489	0.376454
-0.810579	-0.445131
-0.615032	-0.168934
-0.788851	0.322699
1.00367	0.0538563
-0.767124	-0.96093
-0.777988	-1.19287
0.243204	0.216347
-0.973535	-0.442929
-0.32171	0.00197177
0.264932	-0.149898
1.12317	0.0152121
-0.538985	-0.329826
0.178022	0.280568
0.178022	0.341125
1.16662	0.510304
0.92762	0.377892
0.362706	-0.458864
-0.767124	0.388996
0.340978	0.294608
0.384433	0.0859786
0.0150657	0.227777
1.21008	0.35969
-0.886625	-0.382481
-0.299983	-0.232797
1.93795	0.318114
-0.832306	0.219023
-0.832306	0.425144
1.18835	-0.0341351
-0.538985	0.160871
-0.799715	0.173323
-0.354302	0.141115
-0.560713	0.137743
2.15522	0.645222
-0.864898	-0.716489
1.03626	0.372583
0.569117	0.309016
-0.462939	-0.529398
1.1123	0.806909
-0.973535	-0.129425
2.07918	0.212646
0.634299	-0.0152933
-0.777988	0.159694
-0.213073	-0.189906
0.188886	-0.646974
-0.886625	0.129351
0.503934	-0.46813
-0.767124	0.0920135
0.66689	0.659904
0.221477	0.681369
-0.0609805	0.176713
-0.647623	-0.205445
-0.245664	-0.242947
-0.864898	-0.329741
-0.202209	0.176133
-0.278255	-0.345291
-0.962671	0.395923
0.623435	-0.182734
-0.940944	-0.240641
0.84071	0.569668
-0.289119	0.291124
-0.864898	-0.60572
-0.484667	0.193166
0.101976	0.0257581
1.69895	-0.0114421
-0.788851	-0.427954
-0.93008	-0.642627
1.55772	0.453543
-0.40862	-0.393317
-0.767124	0.054136
1.1449	0.342373
1.81845	0.200001
-0.158754	0.428171
-0.278255	-0.633088
-0.213073	0.265464
-0.00666181	0.152513
0.286659	-0.184602
-0.137027	0.230381
-0.223937	0.349221
-0.75626	-0.486414
-1.00613	-0.787948
0.199749	0.471687
0.254068	0.347143
-0.995263	-0.451676
-0.40862	0.410762
2.06831	0.63222
-0.940944	-0.986001
-0.66935	-0.951854
-0.66935	-0.104031
-0.213073	0.0318441
1.01453	0.36377
1.55772	0.604021
-0.452075	-0.12614
1.02539	0.345694
-0.973535	-0.10752
-0.289119	-0.0363584
-0.310847	-0.185949
-0.93008	0.226249
0.482207	0.44995
-1.03872	-0.0290016
-0.951808	-0.433363
-0.039253	-0.000744087
0.438752	0.0744799
-0.919216	0.478752
-0.517258	0.040662
0.612572	-0.31242
-0.430348	0.32354
0.178022	0.551843
-0.886625	-0.372123
-0.854034	-0.65446
1.21008	0.152986
0.145431	0.239609
0.438752	-0.0904985
1.68808	0.54314
1.55772	0.485014
0.243204	0.442584
-0.593304	-0.63149
0.0259294	0.197649
1.22094	0.321832
-0.397757	0.392861
0.0585207	0.236255
1.8619	0.635449
0.0911119	0.141044
0.471343	-0.168853
-0.625895	-0.53482
-0.723669	-0.0117339
-1.00613	-0.560995
0.0150657	-0.0129627
-0.712805	0.0136756
4.13243	0.609447
-0.419484	0.524839
0.721209	-0.251441
-0.864898	0.187606
-0.332574	-0.573881
-0.386893	-0.285884
0.0802482	0.111816
-0.354302	0.133626
-0.962671	-0.758165
-0.84317	-1.01526
-0.267392	0.343621
-0.299983	0.463348
-0.908353	0.260732
-0.267392	0.205336
-0.213073	0.00985151
-0.082708	0.119773
0.829847	0.633659
-0.0175256	0.533613
0.362706	0.0868545
-0.158754	-0.000637294
-0.897489	-0.46266
-0.332574	-0.131286
1.67722	0.380623
0.308387	0.172736
0.00420194	-0.0936555
-0.441212	0.393332
-0.886625	-0.585258
-0.343438	0.46045
1.17749	0.223839
1.40563	0.216937
-1.02785	0.0663725
0.340978	0.238728
-0.267392	-0.250016
-0.039253	-0.107412
-0.560713	-0.317942
1.43822	0.43631
-1.01699	-0.692958
0.797255	0.301218
-0.919216	0.485385
-0.58244	0.482522
-0.701941	0.0613858
1.99227	0.509579
-0.625895	-0.269791
0.0476569	0.399218
2.24213	0.47192
0.362706	-0.387096
-0.864898	0.110593
-0.310847	-0.429285
-0.799715	0.254661
1.1449	0.720024
-0.213073	0.0286121
-0.376029	0.0482711
1.42735	-0.367391
0.0585207	-0.913115
-0.680214	-0.0100833
1.73154	0.683919
-0.104436	0.498556
-0.701941	-0.114353
3.03519	0.405597
1.29699	0.305019
0.112839	0.415482
-0.940944	-0.283306
1.10144	0.282042
-0.00666181	0.229113
0.395297	0.36409
-0.14789	-0.884963
-0.886625	-0.105867
1.97054	0.00949507
0.319251	0.315986
0.0911119	0.302435
-0.137027	-0.175237
1.85104	-0.066216
-0.506394	0.421713
0.395297	-0.0516233
0.797255	0.302051
0.0693844	0.316974
-0.767124	-0.261655
-0.745396	0.312009
-0.267392	0.249174
-0.625895	-0.901578
-0.658487	-0.999688
-0.962671	-0.235066
-0.560713	0.379975
0.188886	0.359195
-0.604168	-0.729952
0.862438	0.380338
0.417024	-0.181811
2.731	0.09908
0.427888	0.463713
-0.712805	0.147451
0.123703	-0.32823
0.905893	0.442653
-0.299983	-0.416413
0.00420194	-0.124385
0.0802482	0.526698
-0.49553	-0.337033
-0.0175256	0.731724
-0.202209	0.0498345
-0.951808	-0.321407
-0.115299	0.482355
-0.919216	-0.899557
0.873302	-0.31796
-0.734533	-0.647845
-0.365165	-0.00186844
1.42735	0.48427
-0.452075	-0.818148
-0.430348	-0.709231
0.210613	0.250533
2.20954	0.371559
-0.788851	-0.167282
0.884165	0.223187
0.0585207	0.259391
-0.625895	-0.254913
2.3725	0.497874
-0.506394	-1.02596
-0.658487	-1.1418
-0.777988	-0.40196
-0.93008	-1.20062
-0.821443	-0.0368883
-0.310847	-0.0186072
-0.897489	-0.554189
-0.40862	0.539274
-0.951808	-0.272357
-0.0283893	0.245248
1.40563	0.301737
-0.864898	-0.480302
0.808119	0.485167
0.330114	0.661594
-0.0609805	0.18632
-0.213073	0.431356
1.31872	0.556937
2.00313	0.22092
-0.386893	0.02894
0.601708	0.0681306
0.373569	-0.369059
0.449616	0.432883
1.63376	0.447824
0.427888	0.791331
-0.0609805	-1.21374
0.601708	0.632937
0.57998	0.48908
-0.0609805	0.36743
1.47081	0.724934
0.0367932	0.426842
-0.940944	-0.140103
0.308387	0.107499
-0.636759	0.467428
0.862438	0.283923
-0.93008	-0.595668
-0.680214	-0.84823
0.482207	-0.446017
-0.0609805	-0.637178
-0.082708	0.101678
0.49307	-0.288244
0.112839	0.619194
1.82931	0.500668
-0.908353	0.337854
-0.636759	0.362299
-0.701941	0.297733
2.31818	0.65613
-0.919216	-0.899456
0.0693844	-0.646706
-0.158754	0.345369
2.04659	0.441351
1.23181	-0.276725
-0.0283893	0.351336
0.0802482	0.337039
1.66636	0.436954
-0.376029	0.501534
-0.636759	0.0474153
-0.93008	-0.429374
5.19707	0.451772
-0.343438	-0.6615
-0.289119	0.440783
-0.897489	-0.455702
-0.430348	0.415853
-0.473803	0.0153347
-0.908353	0.316525
0.49307	0.418773
1.02539	0.497312
-0.32171	0.238627
0.601708	0.240766
-0.571577	0.107918
-1.06045	0.404575
-0.430348	0.18227
1.82931	0.678434
-0.777988	0.363631
-0.734533	-0.258333
-0.908353	-0.155966
-0.517258	-0.217137
0.340978	0.206141
0.340978	0.17508
1.00367	0.41194
0.286659	0.358108
0.232341	0.355606
-0.84317	-0.433108
-0.528122	0.251783
0.92762	0.0977696
-0.0935718	0.309919
-0.919216	-0.7403
-0.528122	-0.130568
-0.897489	-0.255605
0.558253	0.656233
-0.0935718	0.362857
-0.636759	-0.230248
-0.680214	0.148961
0.49307	0.157133
-0.973535	-0.343432
-0.343438	-0.0249106
-0.039253	-0.389986
3.27419	0.396752
-0.951808	-0.0566865
-0.40862	0.21166
0.340978	-0.242762
-0.658487	0.130105
0.884165	0.600587
0.851574	0.735486
-0.734533	0.362128
3.26333	0.714258
0.916757	0.223237
-0.560713	-0.617276
0.873302	0.363046
1.63376	0.633924
0.0911119	0.276843
-0.712805	-0.51656
-0.289119	0.352201
0.536525	0.323847
0.427888	0.012453
-0.549849	-0.443772
-0.593304	-0.247598
1.43822	-0.011037
-0.951808	-1.05037
2.18781	0.458305
-0.615032	-0.326376
0.0585207	0.116474
0.427888	0.466966
-0.832306	0.150917
-0.0935718	0.403769
-0.734533	0.393595
-0.484667	0.192645
-0.00666181	-0.179974
-0.549849	-0.413883
-0.832306	-1.53667
0.384433	0.892125
-0.430348	-0.782492
0.123703	-0.398333
-0.365165	0.373535
-0.625895	0.215103
1.1449	-1.00382
3.27419	0.483793
-0.940944	-0.149103
0.406161	-0.110182
-0.528122	0.342312
-0.538985	-0.482037
-0.32171	-0.31087
-1.01699	0.138831
-0.343438	0.540395
2.75273	0.0754319
-0.93008	-0.575225
-0.919216	-0.654872
-0.962671	-1.39634
-0.832306	-0.599587
0.818983	0.68083
-0.0609805	0.144689
-0.245664	0.460836
-0.267392	0.104426
0.0476569	0.554316
-0.223937	-0.0584086
0.623435	0.429298
-0.386893	0.437226
0.0367932	0.00141005
0.319251	0.345212
-0.767124	0.0324833
-0.0718443	0.505843
-0.680214	0.331406
0.84071	-0.024032
-0.625895	0.574247
-0.0718443	-0.274669
-0.962671	-0.745047
-0.777988	-0.670031
0.808119	-0.486882
-0.549849	0.477103
-0.615032	0.000298425
-0.484667	-0.641325
-0.332574	0.496449
-0.66935	0.0582405
-0.875761	-0.557687
-0.473803	0.298884
-0.137027	0.234881
0.797255	0.308793
0.0802482	0.0275799
-0.691078	0.525118
-0.376029	-0.724117
-0.40862	-0.631224
0.0367932	-0.0527212
-0.701941	0.645262
-0.419484	0.365255
1.52513	0.744101
1.69895	-0.0632523
-0.788851	-0.879227
-0.799715	-0.536659
-0.549849	0.209274
-0.973535	-0.800328
-0.58244	-0.247765
-0.484667	-0.319527
-0.636759	0.032675
-0.180482	0.1731
-0.332574	-0.0544932
2.02486	0.115412
-0.104436	0.304063
0.460479	0.476641
-0.0718443	0.432774
0.373569	0.22208
-0.310847	-0.189246
-0.984399	-1.22688
-0.137027	0.230381
0.536525	0.501499
-1.04958	0.44371
0.427888	0.36542
0.264932	0.519605
-0.767124	-0.608085
0.178022	0.222247
-0.940944	0.184136
0.156294	0.315149
0.134567	-0.332268
-0.940944	-0.113347
1.99227	0.394203
-0.701941	-0.75038
-0.712805	-0.396405
0.569117	0.436814
1.43822	0.365218
-0.777988	-0.211679
-0.897489	0.306675
-0.104436	0.333419
-0.658487	-0.610398
-0.571577	0.382603
-0.897489	-1.65561
-0.571577	0.0926982
-0.701941	-0.45269
-0.082708	0.281304
-0.810579	0.368696
1.88363	0.433533
-0.984399	0.0225049
-0.430348	0.202684
-0.767124	0.707271
0.916757	0.569754
0.764664	0.513886
0.645163	0.440503
-0.821443	0.158881
-0.082708	-0.488384
-0.864898	-0.140409
-0.213073	-0.693986
0.623435	0.242092
0.634299	0.124348
-0.267392	-0.159992
0.254068	0.347143
1.36217	-0.240523
1.47081	0.431758
3.69788	0.70843
-0.701941	-0.0909283
-0.625895	0.117191
0.00420194	0.19868
-0.723669	0.349802
-0.940944	-1.09088
0.199749	-0.471201
0.101976	0.797747
-0.32171	-0.391643
0.0150657	-0.243267
-0.354302	0.302841
-0.995263	-0.717335
-0.962671	-0.728224
-0.984399	-0.824246
-0.864898	-1.25186
0.884165	-0.00898047
0.232341	0.445827
-0.951808	-0.329201
-0.528122	0.0137106
-0.310847	0.576078
-0.256528	0.0502506
0.178022	-0.0215772
1.21008	0.590461
0.49307	0.469468
-0.191345	0.693292
-0.2348	0.18621
3.05691	0.560259
-0.082708	0.351248
-0.625895	0.477793
-0.452075	-1.08242
-0.723669	0.137077
-0.647623	0.212285
-0.777988	0.275151
-0.386893	0.313983
1.85104	-0.235559
-0.528122	-0.0103461
0.210613	0.0173372
1.7424	0.638375
-0.571577	-0.474784
2.253	-0.274434
-0.745396	-0.448827
-0.082708	0.404727
-0.93008	-0.606379
-0.137027	0.700195
-0.310847	0.105112
-0.66935	0.406021
0.319251	0.450795
-0.984399	-0.0640202
-0.734533	-0.353089
3.53492	0.438639
1.68808	0.519465
-0.560713	0.342959
0.286659	-0.164211
-0.256528	-0.740116
-0.571577	0.445665
0.884165	0.36943
1.32958	0.396211
-0.473803	-0.428124
0.178022	0.588457
-0.0609805	-0.0467358
-0.506394	0.427664
-0.289119	0.574142
0.601708	0.285219
-0.962671	-1.30454
-0.951808	-0.306971
0.547389	-0.23268
-1.00613	0.185957
-0.940944	-0.822812
-0.430348	0.389581
-0.875761	-0.190378
0.384433	0.483066
4.20847	0.5386
-0.14789	0.329814
-0.310847	0.0613729
-0.777988	-0.550903
-0.84317	0.0800427
-0.973535	0.200548
0.49307	0.205528
0.873302	-0.349694
-0.256528	0.241926
-0.419484	-0.351745
0.503934	0.419325
-0.897489	-1.11743
-0.723669	0.229805
-0.908353	-0.663131
0.721209	0.121845
-0.962671	-0.756665
-0.821443	-1.44214
-0.973535	-0.272065
-0.0175256	0.52926
0.84071	0.337808
-0.940944	0.0120537
1.39476	-0.272182
1.42735	0.0109819
0.732073	-0.0635863
-0.441212	0.347041
-0.886625	-0.472824
-1.02785	-0.192385
-0.940944	-0.617127
-0.2348	-0.0694461
-0.202209	-0.280601
-0.376029	-0.105259
-0.452075	0.0137742
-0.940944	-0.459917
0.0802482	-0.387594
0.438752	0.0992045
0.123703	0.327911
-0.14789	0.0345168
-0.647623	-0.280641
2.18781	0.524425
2.01399	-0.16617
0.0150657	0.380875
1.43822	0.367078
0.210613	0.319738
0.0911119	-0.815417
-0.75626	-0.408251
-0.799715	-1.12787
1.64463	0.278547
-0.680214	0.251752
1.36217	0.132715
-0.376029	0.17484
-0.788851	-0.042878
0.0259294	0.41289
-0.908353	-1.01131
0.254068	0.461784
1.5034	0.282901
-0.810579	0.239189
-0.745396	0.217238
0.221477	0.476805
-0.84317	-0.214439
0.286659	-0.00988244
-0.821443	-1.01845
0.417024	0.674131
0.0259294	0.267107
-0.0501168	-0.155007
-0.517258	0.220483
-0.310847	0.231389
-0.93008	-0.359659
-0.897489	0.430478
-0.962671	0.436017
-0.604168	0.382066
-0.430348	-0.0445889
-0.962671	-0.250387
-0.897489	-0.698506
2.14436	-0.153101
1.04712	0.589611
0.732073	0.265197
2.07918	0.163625
-0.897489	0.431799
0.0693844	-0.489893
-0.821443	-0.366336
-0.528122	-0.000325605
-0.625895	-0.0614009
-0.593304	0.427396
0.851574	0.439512
-0.473803	0.355427
1.81845	0.509821
0.00420194	0.287293
-1.00613	-0.788476
-0.951808	-0.596422
-0.919216	-0.276731
0.960212	-0.157077
-0.0935718	0.40673
0.351842	0.0902509
1.54685	0.48237
-0.636759	-0.601589
0.960212	0.4046
-0.310847	0.641655
-0.538985	0.500237
0.569117	0.215506
-0.430348	-0.586336
0.178022	0.219744
-0.58244	-0.280988
-0.84317	-0.437388
-0.2348	0.291406
-0.158754	0.332528
-0.593304	-0.883046
4.18674	0.687177
0.0693844	-0.00340021
0.449616	-0.190883
1.84017	0.382951
0.232341	0.404657
-0.191345	0.0938022
-0.343438	0.197011
-0.386893	-0.320194
0.645163	0.28041
-0.332574	-0.0544932
0.862438	0.452815
-0.940944	0.394224
-0.723669	0.0132507
-0.299983	-0.0249206
-0.299983	-0.0684418
-0.93008	-1.23697
4.72993	0.453019
-0.940944	-0.203188
0.232341	-0.430282
-0.995263	-0.688661
-0.538985	-0.446863
-0.821443	-0.509507
-1.03872	-1.34838
0.123703	0.381761
2.65496	-0.0877666
-0.647623	-0.0340079
1.34044	0.644029
2.02486	0.517482
-0.343438	0.0250726
-0.854034	-0.668828
-0.93008	-0.795673
-0.897489	-0.711726
-0.365165	0.0323405
-0.777988	-0.0772312
-0.951808	-0.974064
-0.897489	-0.609703
-0.245664	0.231876
-0.560713	-0.24857
-0.625895	-1.09394
-0.615032	-0.184369
-0.549849	-0.174033
-0.723669	-0.84841
-0.58244	0.217834
0.460479	0.331757
1.12317	0.367246
-0.180482	0.654822
-0.473803	-0.754396
-0.680214	-1.17066
-0.962671	-0.921047
-0.223937	0.125747
0.0259294	-0.267296
-0.940944	0.265876
-0.604168	0.455108
-0.973535	-0.218358
0.232341	0.359225
0.0585207	0.313675
0.264932	0.519605
-0.452075	0.176719
-0.419484	-0.523766
-0.821443	-0.431334
-0.723669	-0.188448
1.10144	0.366686
0.264932	0.338635
-0.908353	-0.261659
2.66582	0.453522
-0.0175256	0.20134
0.123703	-0.51347
-0.528122	-0.683199
-0.799715	0.00539111
-0.32171	-0.177931
1.07971	0.71746
-0.419484	0.258623
-0.984399	0.294593
-0.734533	0.0650748
-0.897489	0.292431
0.699482	-0.0199695
1.54685	0.359008
-0.104436	0.287145
-0.821443	0.292082
-0.256528	0.262257
2.11177	0.454834
-0.256528	0.584811
0.254068	0.336116
-0.66935	-0.251169
0.275796	-0.0107616
-0.864898	0.0186908
-0.278255	0.0167678
0.319251	0.67322
4.02379	0.891862
-0.84317	-0.195744
-0.615032	0.433531
-0.821443	-0.472373
0.134567	-0.0142664
-0.984399	-1.22688
-0.213073	-0.775989
-0.745396	-0.453633
2.58977	0.286212
-0.343438	0.604387
0.286659	0.627518
-0.647623	0.24972
1.34044	0.521203
3.25246	0.731683
0.732073	0.377754
-0.875761	-0.835497
3.84997	0.507835
-0.777988	-0.44612
0.0911119	0.204527
-0.767124	-0.497671
2.39423	0.412797
0.123703	0.376712
-0.365165	0.0200618
-0.886625	-0.556185
3.53492	0.606212
0.449616	0.0813155
-0.549849	0.574838
0.66689	0.240607
-0.604168	0.455645
-0.560713	-0.301086
-0.897489	-0.455569
-0.245664	-0.550843
0.406161	0.393727
-0.75626	-0.150892
1.28612	-0.0996414
-0.973535	-0.756811
-0.680214	-0.288757
-0.506394	0.13892
-0.886625	-0.950957
4.03465	0.465666
-0.430348	-0.500488
-0.452075	0.165221
-0.821443	-0.0470716
-0.75626	0.303077
-0.14789	0.0557077
0.471343	0.194415
0.384433	0.220223
-0.00666181	-0.150463
-0.430348	0.393745
0.916757	-0.0624552
-0.788851	-0.863282
-0.951808	-1.00489
-0.93008	0.0512048
1.35131	0.260617
0.178022	-0.254492
-0.332574	0.563388
-0.93008	-0.312778
0.254068	0.373854
1.16662	-0.162103
1.36217	-0.0251462
-0.267392	-0.137865
-0.854034	-1.05871
-0.75626	-0.218567
3.67615	0.581603
-0.897489	-0.442894
-0.386893	-0.365817
-0.919216	0.226231
0.145431	0.556801
-0.365165	-0.793084
-0.213073	0.430519
-0.441212	-0.5456
-0.538985	-0.771331
-0.84317	-0.658763
-0.886625	-0.30717
3.52406	0.310461
0.971075	0.440486
1.91622	0.235433
-0.951808	0.0186484
-0.473803	0.0195697
-0.908353	-0.0798532
-0.962671	-1.81004
0.66689	0.470521
-0.343438	-0.454079
-0.376029	0.0229625
-0.604168	0.337244
0.362706	-0.35111
-0.419484	-0.522441
0.264932	0.115226
-0.636759	-0.596505
-0.452075	0.236561
-0.712805	-0.20318
-0.810579	0.402959
-0.854034	0.395277
-0.973535	-0.100536
1.64463	0.494186
-0.625895	0.202344
0.84071	0.0640767
-0.734533	-1.13139
0.699482	-0.35292
0.721209	-0.0533513
-0.897489	-0.284962
1.13403	-0.0864908
0.199749	-0.0574052
-0.039253	-0.0869452
-0.484667	0.458426
-0.712805	0.369325
-0.517258	-0.260989
-0.940944	-0.772338
1.75326	0.341156
-0.506394	-0.181536
0.992803	0.170917
-0.84317	-0.652478
-0.788851	0.306754
-0.723669	0.0431092
-0.712805	0.449631
-0.310847	0.0810645
2.76359	0.432019
-0.245664	-0.00665261
-0.973535	-0.548993
-0.940944	-0.930599
-0.93008	-0.125732
-0.821443	-0.434695
0.808119	-0.0920767
-0.75626	-0.265406
-0.701941	-1.20685
1.10144	0.239352
-0.0283893	0.107654
-0.473803	0.37497
-0.788851	-0.073786
-0.745396	0.437065
-0.571577	-1.88137
-0.767124	-0.929457
-0.854034	-1.36895
0.134567	0.427576
0.221477	-0.183765
0.482207	0.129477
0.786392	0.281751
0.851574	-0.0208639
-0.430348	-0.467424
3.30678	0.235879
0.818983	0.389804
0.384433	0.0820812
-0.310847	0.385241
3.62183	0.397686
-0.886625	-0.59055
-0.386893	0.437226
4.08897	0.61679
0.395297	0.286299
0.243204	-0.110066
2.32904	-0.119094
0.732073	0.562809
-0.354302	-0.562639
0.558253	-0.0276039
0.514798	0.309004
-0.625895	0.487331
1.2644	0.483173
0.601708	0.554723
-0.636759	0.711204
-0.419484	0.382646
-0.658487	-0.358447
-0.821443	-0.408224
-0.082708	0.109518
0.0259294	0.334371
-0.223937	0.436469
-0.604168	-0.578519
-0.84317	-0.0255453
-0.538985	0.0317506
-1.04958	-0.943994
0.156294	0.070499
-0.810579	-0.611251
-0.332574	0.430693
-0.897489	-0.292194
-0.940944	-0.257672
-0.462939	-0.226006
-0.897489	-0.284557
-0.680214	-1.13577
0.395297	-0.502143
-0.256528	-0.119719
-0.854034	-0.233811
-0.223937	0.441559
-0.821443	-0.0420656
-0.810579	0.425105
-0.701941	0.57207
-0.223937	0.300678
-0.0609805	0.267071
3.90429	0.555633
-0.430348	-0.0922
0.84071	0.59531
2.58977	0.52729
-0.517258	0.153753
-0.310847	0.35074
-1.00613	0.264977
0.808119	0.2938
-0.223937	0.206785
0.00420194	0.181354
-0.799715	0.355723
-0.604168	0.0842551
0.84071	0.374154
-0.58244	0.296681
-0.202209	0.313737
0.101976	0.567566
0.449616	0.00537163
-0.962671	0.34864
-0.0609805	0.0904665
-0.962671	-1.11765
-0.875761	-0.883994
0.634299	0.631059
-0.658487	0.550005
-0.484667	0.234033
-0.93008	-0.721722
-0.0935718	-0.512628
1.32958	0.323935
1.76413	0.652447
-0.886625	-0.108602
0.503934	0.329645
1.39476	0.0712991
-0.940944	-0.841098
0.0367932	0.0330921
-0.984399	-1.12548
-0.919216	-1.11031
-0.430348	0.227763
-0.897489	-0.587267
-0.310847	-0.047288
-0.560713	-0.0274386
0.156294	0.523538
-0.767124	-0.497671
-0.886625	0.295085
0.742937	0.174978
-0.278255	-1.20068
-0.897489	-0.23632
0.101976	0.49583
-0.430348	0.260176
-0.886625	0.198514
-0.951808	-1.30195
-0.691078	-0.401279
-0.615032	0.0169659
-0.75626	-0.218567
-0.223937	-0.452127
0.916757	0.323671
0.7538	0.488358
1.15576	0.368027
-0.951808	-0.361027
-1.02785	0.2733
0.732073	0.559375
0.503934	-0.2627
-0.213073	0.407763
2.31818	0.601505
-0.49553	-0.567974
-0.75626	-0.362696
0.384433	0.171441
1.43822	0.478325
0.612572	0.492446
-0.864898	-0.825052
-0.538985	0.224521
-0.202209	0.188426
-1.00613	-0.260771
-0.951808	0.292948
-0.712805	-0.719604
-0.245664	-0.0752329
-0.615032	-0.321381
0.0802482	0.00775474
0.0911119	0.358607
0.297523	0.062813
-0.158754	0.00137517
-0.940944	-0.499345
-0.680214	-0.433417
-0.310847	0.494827
-0.636759	-0.0547607
0.514798	-0.694101
-0.473803	-0.754396
1.07971	0.146745
-0.202209	-0.24517
0.286659	-0.458796
0.732073	0.288895
-0.897489	0.178859
-0.973535	0.0337063
0.308387	0.165753
0.384433	0.0148492
0.275796	0.325575
0.677754	-0.0631733
-0.354302	-0.25604
0.57998	0.166123
-0.484667	-0.326534
0.829847	0.86935
-0.66935	-1.57729
-0.289119	0.0212052
0.971075	0.49661
-0.593304	0.388649
-0.386893	0.538454
0.634299	0.287593
-0.625895	-0.647176
-0.14789	0.329814
-0.256528	0.567999
-0.75626	0.246691
-0.386893	0.509535
-0.452075	-0.248937
-0.0175256	0.177117
-0.528122	0.381267
3.21987	0.584764
1.07971	0.277091
-0.854034	-0.229094
-0.40862	0.218731
-0.104436	-0.0470762
0.7538	0.595964
0.634299	0.171612
-0.202209	0.0855848
-0.995263	-0.669693
-0.419484	0.519968
-0.864898	-0.60572
0.884165	0.477535
-0.506394	0.778029
0.482207	0.559623
-0.745396	0.22258
0.590844	0.0590124
-0.908353	-0.325316
-0.517258	0.471643
-0.777988	0.147076
-0.962671	-1.04007
-0.452075	-0.0318059
1.82931	0.867145
2.43768	0.557406
-0.452075	0.341023
0.656027	0.443068
-0.473803	-0.143908
1.34044	0.415536
-0.506394	-0.201233
-0.528122	0.261831
0.427888	0.463713
-0.897489	-0.401727
0.49307	0.416208
-0.278255	-0.221122
0.471343	0.46822
-0.49553	0.358051
-0.995263	-0.713277
0.449616	0.476919
3.81738	0.562587
0.884165	0.311078
-0.299983	-0.401029
-0.615032	-0.168934
1.30785	0.216406
1.34044	0.78807
-0.875761	-0.427008
-0.289119	0.152566
0.677754	0.376789
-0.213073	-0.0544318
2.00313	0.80146
0.384433	0.560137
-0.560713	-0.826343
-0.560713	0.365109
-0.951808	-0.145053
3.70874	0.00367214
-0.354302	-0.662579
-0.0283893	0.351784
-0.951808	-0.472038
-0.506394	0.0374213
4.21934	0.601382
0.57998	-0.0605636
-0.376029	0.131514
-0.799715	-0.162458
0.84071	0.300584
-0.908353	-0.457094
0.134567	-0.326051
-0.604168	-0.578214
-0.984399	0.0346978
-0.680214	0.235066
-0.58244	-0.746531
-0.93008	0.315888
1.97054	-0.0710841
0.178022	0.359335
0.688618	0.372853
-0.506394	-0.689017
-0.658487	0.292012
-0.0718443	0.461228
1.49254	0.0687779
0.167158	0.241776
0.00420194	0.119022
0.362706	0.384887
-0.767124	0.232197
-0.832306	-0.1692
1.75326	0.361596
-0.875761	0.186032
0.417024	-0.519555
-0.745396	-0.554035
1.05799	0.491825
0.775528	0.368909
-1.00613	-0.489748
-0.039253	0.228643
0.742937	0.378678
-0.452075	-0.429456
-0.84317	-0.213965
-0.84317	-0.0835068
-0.832306	-0.388857
-1.02785	-0.913466
-0.680214	-0.329972
-0.528122	0.416862
0.688618	0.118762
-0.658487	-0.161042
-0.180482	0.423246
0.199749	-0.23678
-0.397757	0.516055
-0.0175256	-0.335275
-0.245664	-0.832542
-0.430348	0.15454
-1.00613	-1.82243
-0.256528	0.499578
1.3839	0.211987
1.17749	0.165017
-0.75626	-0.440536
-0.767124	0.242669
1.07971	0.553059
-0.397757	0.464689
2.03572	0.542398
0.0259294	0.317357
-0.473803	-0.462501
0.49307	0.165411
-0.082708	0.0620696
0.601708	0.263142
1.16662	0.485511
0.0367932	0.106081
-0.517258	0.304154
-0.66935	-0.445964
-0.180482	0.352012
-0.908353	-0.415814
-0.604168	-0.48162
-0.940944	-0.60283
0.0259294	0.469999
-0.962671	0.087585
-0.299983	0.107157
-0.897489	-0.509121
0.92762	0.616631
-0.538985	0.129288
3.8717	0.0572538
0.547389	0.197327
-0.745396	-0.00624912
-0.40862	0.448075
-0.484667	0.198992
-0.940944	-0.459917
-0.354302	0.201772
-0.625895	-1.0108
-0.310847	-0.671277
0.264932	0.276367
1.5034	0.328216
-0.680214	-0.113446
0.57998	-0.279439
0.623435	0.149791
-0.452075	-0.576568
1.44908	0.107896
-0.854034	-1.66485
-0.0175256	0.178688
-0.0283893	0.346133
-0.777988	0.338766
1.52513	0.268749
-0.712805	-0.106951
-0.940944	-0.715364
-0.908353	-0.191894
0.0911119	-0.22239
-0.908353	-0.321282
1.22094	0.359852
-0.745396	-0.437867
-0.75626	-0.339624
-0.940944	-0.534073
-1.03872	-0.509128
-0.202209	0.195877
-0.180482	0.0534178
0.112839	0.551479
-0.93008	-1.44966
-0.169618	-0.307294
1.39476	0.0623035
-1.02785	0.370137
-0.821443	-0.039505
2.28559	-0.0807538
-0.180482	0.398618
-0.951808	-0.672266
0.112839	0.707436
-0.875761	-0.202661
-0.680214	-1.05284
1.25353	0.478551
-0.104436	-0.41521
4.33884	0.418275
-0.680214	-0.268122
-0.658487	0.219759
-0.256528	0.411432
-0.538985	0.147694
1.8619	0.348332
-0.430348	-0.436672
-0.615032	0.330457
1.16662	0.516237
-0.897489	-0.236776
-0.082708	-0.437294
2.1335	0.247593
-0.419484	-0.00686842
1.34044	-0.478975
-0.299983	-0.202083
-0.897489	-0.378731
-0.636759	0.439346
0.938484	-0.0195248
-0.473803	-1.2215
2.68755	0.502367
-0.213073	-0.118479
0.503934	0.649487
-0.0283893	-0.0141253
0.57998	0.35701
0.503934	0.172792
-0.897489	-0.249785
-0.658487	0.253447
0.330114	0.438871
-0.202209	-0.100009
-0.158754	-0.24553
-0.767124	-0.158621
2.20954	0.203997
-0.647623	-0.945082
0.0259294	0.561209
-0.615032	0.116338
-0.951808	-0.580299
-0.343438	0.378342
-0.680214	-0.305646
-0.517258	0.148086
0.00420194	0.338828
0.471343	0.162639
-0.951808	0.542352
-0.908353	-0.867599
-0.126163	0.361536
-1.02785	-0.721914
-0.799715	-0.535619
-0.115299	0.435247
0.797255	0.446063
0.438752	-0.0539105
-0.202209	0.637366
-0.940944	0.265876
-0.158754	-0.0749203
0.264932	0.500871
0.243204	0.357825
0.112839	-0.456484
1.77499	0.583449
0.547389	0.185474
-0.788851	-0.676519
1.52513	0.50356
-0.886625	0.440021
-0.0935718	-0.17912
-0.32171	0.368623
-0.0935718	0.222306
-0.223937	0.243468
0.525662	0.10162
-0.32171	-0.0505639
-0.484667	-0.910033
-0.821443	-0.566367
0.873302	0.445605
4.19761	0.511863
1.63376	0.47193
0.634299	-0.0558791
-0.604168	-0.642954
-0.082708	0.380257
-0.777988	0.0892738
-0.854034	-0.219454
2.31818	0.468148
0.308387	0.59225
-0.137027	0.279367
0.786392	0.627463
-0.636759	-0.424863
0.254068	-0.117514
0.0585207	-0.123565
4.09983	0.458011
1.03626	-0.000372953
1.03626	0.0201399
1.99227	0.531051
1.6229	0.499234
-0.897489	-0.377003
-0.32171	0.429729
-0.658487	0.0524683
-0.712805	-0.671534
1.39476	0.48056
-0.745396	-0.448827
-1.02785	-1.46785
-0.419484	0.458955
3.42628	0.388842
0.221477	-0.391333
-0.940944	-0.42804
-0.267392	0.276249
0.417024	0.268445
3.2416	0.184239
-0.919216	-0.979237
-0.49553	0.0802991
-0.354302	-0.184065
0.634299	0.162716
-0.039253	0.210348
-0.549849	-0.632903
1.1449	0.469302
-0.919216	0.351866
-0.310847	0.178519
-0.299983	0.348244
-0.267392	0.0349889
-0.538985	-0.158018
0.232341	0.148639
0.601708	0.273651
0.601708	-0.40175
-0.0935718	0.592176
-0.691078	0.360715
-0.962671	-0.157258
-0.864898	-0.119613
-0.886625	-0.277392
1.32958	-0.0250641
-0.593304	-0.814226
-0.734533	-0.169216
-0.441212	-0.311056
0.775528	0.181428
0.92762	0.638079
3.19814	0.41559
-0.267392	0.135663
0.547389	0.126024
-0.615032	0.0148002
1.56858	0.113987
-0.549849	-0.676406
-0.615032	-0.21869
-0.332574	0.0789678
-0.039253	0.641
1.05799	0.470374
-0.908353	-0.413501
-0.886625	0.0255384
-0.549849	-0.382951
-0.386893	0.313983
0.590844	0.131055
0.188886	0.222858
-1.01699	-0.658481
-0.14789	0.414773
-0.039253	0.398814
0.373569	0.597313
-0.951808	-0.612641
0.156294	-0.0997939
-0.919216	0.04878
1.89449	0.0550066
-0.984399	-0.672201
-0.517258	-0.354761
-0.84317	-0.293751
-0.940944	-0.510277
-0.647623	0.112201
-0.745396	-0.0814318
-0.962671	-0.677275
7.64142	0.500901
0.84071	0.403846
1.3839	0.353947
-0.723669	0.0910045
-0.528122	-0.069276
-0.0609805	-0.0699441
-0.0283893	0.201743
-0.0609805	0.147999
-0.299983	0.331062
-0.343438	-0.0412895
-0.039253	0.422993
-0.745396	-1.24274
-0.289119	0.372946
-0.658487	-0.948591
-0.777988	-0.984378
-1.00613	-0.739835
0.406161	-0.0700997
-0.58244	-0.562953
1.02539	0.0777436
0.156294	0.259103
1.02539	-0.0608626
-0.354302	0.047918
0.808119	-0.323238
-0.625895	-0.806775
-0.560713	-1.00317
-0.84317	0.193171
-0.343438	-0.122558
-0.940944	0.295788
0.330114	0.287863
0.503934	0.0535416
-0.376029	-0.150668
0.590844	-0.136963
-0.625895	-0.586844
1.48167	-0.106522
-0.0175256	-0.0417746
-0.223937	-0.312043
0.547389	-0.30086
-0.332574	0.229871
-0.864898	-0.954181
-0.223937	-0.281224
1.04712	0.313389
1.45994	0.462685
-0.191345	-0.204741
1.2644	0.255733
-0.115299	0.180327
0.514798	0.507774
-0.223937	0.156858
0.742937	0.365152
-0.75626	0.244815
-0.701941	0.411666
-1.01699	-0.937782
-0.821443	-0.803236
-0.58244	0.483199
-0.75626	0.163013
1.37303	0.380477
0.547389	0.200842
-0.75626	-0.261571
-0.777988	0.218334
-0.267392	-0.250016
1.43822	0.406002
-0.723669	-1.0547
-0.984399	-1.12975
0.264932	0.597527
-0.0175256	0.141452
-0.310847	0.576078
-0.810579	-0.457461
-0.49553	0.496284
0.895029	0.365671
0.721209	0.0549595
1.02539	0.382802
0.514798	0.419812
-0.734533	-0.359781
0.732073	-0.041629
1.2644	0.0175759
-0.84317	0.500991
-0.810579	0.0901908
0.00420194	-0.446622
2.28559	0.628854
-0.93008	0.430821
0.123703	0.0747152
-1.02785	-1.48814
-0.680214	-0.37901
-0.723669	0.247543
1.06885	0.332334
-0.973535	0.252486
-0.104436	0.280703
0.134567	0.343836
-0.821443	-0.0775201
-0.376029	0.565139
-0.462939	0.318796
-0.854034	0.364161
3.70874	0.448674
-0.0283893	0.214725
0.916757	-0.113381
2.64409	0.562601
-0.821443	-0.368015
-0.245664	-0.0614472
0.112839	0.331843
0.112839	0.399466
0.188886	-0.10682
-0.245664	0.420549
-0.615032	-0.0117116
-0.712805	-0.106951
1.7424	0.638375
-0.180482	-0.316294
1.2644	0.443504
-0.473803	-0.890963
-0.560713	-0.0137503
-0.908353	-0.954852
-0.712805	-0.330483
-0.289119	0.165988
-0.984399	-1.17287
-0.528122	-0.00599709
0.395297	-0.0516233
0.0259294	-0.441768
0.547389	0.768125
0.221477	0.520297
-0.202209	0.320009
4.88202	0.598738
-0.973535	-0.69053
-0.376029	0.55197
0.536525	0.324229
-0.919216	-0.410784
-0.00666181	0.446989
-0.604168	0.161087
0.395297	0.796537
-0.256528	0.262257
0.101976	0.0587367
0.895029	0.376565
-0.962671	-0.658155
-0.245664	0.183925
-0.701941	-0.330246
-0.799715	-0.460693
0.319251	-0.0531171
-0.995263	-0.598432
0.612572	-0.00206684
-0.245664	0.397973
-0.886625	-0.319352
-0.940944	0.195241
-0.256528	0.162063
-0.332574	0.320775
0.286659	0.415496
-0.940944	-0.16833
-0.93008	-0.540476
-0.169618	0.557909
0.0150657	0.830221
1.21008	0.0205948
0.340978	0.237553
-0.66935	-0.0355755
2.30732	0.374339
-0.897489	-1.02909
2.86137	0.460293
1.80758	0.419821
0.123703	0.392596
-0.343438	-0.203352
3.75219	0.782459
1.61204	0.42744
0.66689	0.209826
-0.14789	0.47358
-0.647623	0.0837317
-0.701941	-0.194751
0.677754	0.034653
-0.604168	0.358743
-0.538985	-0.515842
0.0911119	0.443594
-0.940944	-0.872351
-0.0609805	0.253751
0.992803	0.47293
-0.560713	0.137447
-0.973535	-0.487726
0.0693844	0.333067
0.471343	0.304686
-0.49553	0.114437
1.09058	0.00575023
-0.473803	-0.0681039
-0.84317	-0.517505
0.286659	0.517812
0.156294	0.649307
0.406161	-0.707174
-0.484667	0.301282
-0.908353	-0.413372
-0.745396	0.326547
-0.506394	0.197356
-0.767124	-0.0320918
-0.973535	-0.010452
-0.658487	0.0512475
0.297523	0.20207
0.438752	0.028892
-0.0501168	0.291345
-0.58244	0.0780153
-0.452075	0.610445
2.53545	0.564271
1.31872	-0.0252071
-0.886625	-0.943965
0.0911119	-0.512223
-0.32171	0.475742
-0.984399	-0.128624
1.88363	0.397172
-0.767124	0.550881
-0.680214	-0.810361
-0.549849	0.150112
-0.973535	0.366645
0.145431	0.182362
-0.32171	0.31717
0.601708	0.420633
0.677754	-0.277224
-0.538985	0.611634
-0.75626	0.121523
-0.625895	0.574247
-0.984399	-0.663103
3.1221	0.198524
1.13403	0.390098
-0.538985	-0.0724415
-0.441212	0.487468
-0.701941	-0.661913
-0.680214	0.303782
-0.810579	-0.94808
0.264932	0.814354
-0.854034	-0.792984
1.57945	0.523614
0.449616	0.506371
-0.32171	0.508186
2.48114	0.361225
-0.734533	-0.542634
-0.365165	0.594951
-0.332574	-0.220388
-0.365165	-0.0486536
-0.864898	-0.748996
-0.625895	0.117191
-0.343438	0.49445
-0.75626	-0.357394
3.2416	0.509583
-0.940944	-0.937889
-0.506394	0.319802
7.44587	-0.224689
0.232341	-0.0741943
0.384433	0.282108
-0.332574	0.584216
-0.84317	-0.572779
1.66636	0.543159
-0.223937	0.167108
-0.245664	0.423297
-0.647623	0.207497
-0.658487	-0.178505
-0.854034	-0.569616
-0.0935718	0.0981874
0.981939	0.169257
-0.549849	-0.302575
2.44854	0.293506
-0.571577	-0.173293
-0.940944	-0.728348
-1.00613	-1.15423
-0.940944	-0.232
-0.169618	-0.379898
0.569117	0.484105
-0.0935718	0.375596
-0.984399	-0.651962
0.721209	-0.0804765
-0.549849	0.347299
-0.854034	-1.28464
0.699482	0.348255
0.167158	0.0265359
-0.332574	0.0688386
0.112839	0.433905
0.0150657	0.129936
-0.864898	-0.0891528
-0.506394	0.264542
0.677754	0.303517
-0.984399	-0.0304985
-0.039253	0.514326
-0.691078	0.0040937
-0.712805	-0.449936
-0.832306	-0.143798
1.29699	0.238321
-0.452075	0.214598
-0.484667	-0.24479
-0.767124	0.296235
-0.93008	0.12593
-0.93008	-0.494089
-0.701941	0.117322
-0.658487	-0.668046
-0.984399	-0.103882
0.395297	0.112224
-0.517258	-0.01099
-0.647623	0.32794
-0.951808	-0.476065
-0.604168	-0.318366
0.808119	0.239628
-0.712805	-0.596356
-0.202209	0.213306
-0.082708	0.187998
-0.202209	0.0429424
0.254068	0.463045
-0.191345	0.339298
0.199749	0.180179
-0.625895	-0.0274363
-0.93008	0.143233
-0.202209	-0.255086
-0.864898	-1.52132
0.0150657	0.406712
-0.202209	0.637366
-0.202209	-0.0613431
-0.419484	-0.089199
-0.278255	0.420833
-0.593304	0.372284
-0.810579	-0.881201
-0.647623	-0.157722
-0.995263	-1.01748
2.78532	0.61847
-0.604168	-0.210438
-0.528122	-0.616534
-0.604168	0.178548
3.58924	0.458193
0.330114	0.480009
-0.14789	-0.336426
-0.897489	-0.859761
1.53599	0.317198
0.721209	0.732332
-0.625895	-0.153654
-0.354302	0.51792
0.808119	0.196361
0.0802482	0.357189
0.949348	0.39837
0.384433	0.301802
0.0585207	-0.0546539
-0.658487	-0.32378
0.167158	-0.49419
1.2644	0.565722
-0.745396	-0.497466
0.0259294	0.448163
-0.995263	-0.485417
-0.701941	-0.0686102
-0.354302	-0.0852126
-0.777988	-0.686848
-0.962671	-0.77876
0.460479	0.255164
-0.66935	-0.497698
-0.310847	-0.0121581
2.03572	0.71055
-1.00613	-0.760561
0.612572	0.660519
-0.962671	-0.772262
-0.84317	-0.766645
-0.886625	0.295085
-0.202209	0.494589
-0.256528	-0.752098
0.742937	0.491731
-0.995263	-1.00515
-0.940944	-0.510277
-0.560713	-0.0162111
-0.886625	0.224976
0.862438	0.0575537
-0.604168	0.152807
0.330114	0.171739
-0.549849	-0.632903
-0.137027	0.383776
0.0367932	0.298346
0.167158	0.534648
0.417024	0.723144
0.101976	0.251285
2.60064	0.360782
0.438752	0.506422
-0.973535	-0.620151
1.37303	0.386733
-0.506394	0.189692
-0.299983	-0.0709291
1.16662	0.11796
-0.777988	0.441649
-0.0935718	0.22924
0.0802482	-0.104989
-0.604168	0.232351
0.384433	-0.0649045
-0.93008	-0.142529
-0.777988	0.281822
1.87277	0.418351
0.514798	0.335132
-0.701941	-0.148093
-0.310847	0.324923
0.84071	0.334878
0.0150657	0.0211708
-0.625895	0.122253
-0.14789	-0.337559
-0.84317	-0.500196
-0.951808	-0.940757
-0.886625	-1.25951
2.42682	0.399416
0.340978	0.395065
-0.441212	-0.293615
-0.908353	-0.44352
-0.799715	-0.522907
-0.777988	-0.0235155
1.09058	0.756011
-0.452075	-0.213762
-0.0283893	0.0259293
-0.40862	0.245735
2.72014	0.341157
-0.137027	0.271828
0.101976	0.797747
2.53545	0.547309
-0.886625	-1.37802
0.884165	0.858186
2.98087	-0.00177276
-0.951808	-0.413924
0.503934	0.0535416
0.960212	-0.301487
-0.615032	0.378495
2.63323	0.315941
-0.604168	-0.672193
-0.636759	0.288885
-0.745396	0.115328
-0.886625	-0.152125
-0.962671	0.127804
1.47081	0.305742
-0.647623	-0.558336
-0.680214	-0.457059
-0.267392	-0.454219
-0.202209	0.195877
0.156294	0.409796
0.634299	-0.0126235
0.0476569	0.529355
0.0150657	-0.102758
-0.691078	-0.365812
-0.365165	-0.0486536
0.742937	-1.03385
-0.571577	0.306494
-0.897489	-0.777592
0.808119	0.178637
-0.289119	0.273213
1.92708	0.689961
-0.875761	-1.53852
-0.940944	-0.921117
-0.723669	-0.548849
-0.788851	-0.620095
-0.0283893	0.581992
0.92762	0.313173
-0.777988	-1.04784
0.645163	-0.561556
1.45994	0.521668
-0.00666181	-0.14705
-0.962671	-0.451149
1.5034	0.0639
0.340978	-0.253118
-0.810579	-0.592053
-0.940944	0.461811
-0.832306	-0.886946
0.775528	0.582237
0.167158	0.356403
0.884165	0.341766
-0.473803	-0.0619239
-0.604168	0.445537
-0.430348	-0.253434
-0.2348	0.41059
-0.767124	0.204961
0.905893	0.266121
0.471343	0.0276881
-0.75626	-0.77361
-0.940944	-0.146533
0.536525	0.379432
-0.517258	-0.00149492
-0.951808	-0.504405
-0.32171	-0.0164647
0.438752	0.207246
-0.386893	-0.0952147
-0.104436	0.335326
-0.397757	0.0515364
-0.528122	0.186697
-0.082708	-0.148702
-0.962671	-0.32749
0.49307	0.487912
-0.571577	0.548583
-0.919216	-0.00670826
-0.940944	-1.39756
1.1449	0.213605
0.438752	-0.111194
0.971075	0.146214
-0.897489	-0.921992
-0.995263	-0.353821
-0.430348	0.245405
-0.93008	-0.976631
-1.00613	0.376959
-0.289119	0.591646
-0.962671	-0.453741
-0.462939	0.416888
-0.919216	0.121496
-0.169618	0.322917
-0.962671	-0.36267
0.7538	0.595964
-0.799715	-1.03406
-0.984399	-0.7045
-0.93008	-0.699811
-0.441212	0.501419
-0.571577	-1.10073
-0.441212	0.197337
1.28612	0.853949
0.764664	0.635552
-0.832306	-0.914734
2.51373	0.620281
1.85104	0.539151
-1.03872	-0.334491
0.156294	0.511183
-0.039253	0.519027
-0.886625	0.255963
-0.647623	0.489862
2.6115	0.707655
1.15576	0.402804
-0.984399	-1.04871
-0.832306	-0.484349
0.590844	-0.171157
1.22094	-0.212288
-0.93008	0.0358485
0.0259294	0.373686
-0.897489	-0.24928
-0.897489	-0.735604
1.00367	0.219028
-0.973535	-0.778866
0.916757	0.156004
0.286659	0.348699
1.02539	0.473072
2.07918	0.614541
1.53599	0.21121
-0.625895	-0.725149
0.101976	0.258198
0.742937	0.0954634
0.156294	0.4816
0.417024	0.146014
3.04605	0.451888
-0.864898	-0.471313
0.340978	0.447631
-0.549849	0.238393
0.0150657	0.436686
-0.973535	0.616153
2.74187	0.807718
2.82878	0.699996
2.44854	0.605895
0.525662	0.227501
-0.571577	-0.264194
0.634299	-0.0806147
-0.473803	-0.0237037
1.05799	0.49724
-0.973535	-0.98192
-0.864898	0.400287
2.492	0.66652
-0.919216	-0.705061
-0.777988	-0.188521
-0.386893	-0.220758
-0.376029	-0.142529
2.03572	0.362972
-0.691078	0.613551
-0.169618	-0.553147
1.05799	-0.124545
-0.854034	-0.17673
-0.908353	-0.660215
-0.0501168	0.268669
-0.223937	0.588694
0.569117	0.202947
-0.658487	0.444383
-0.995263	-0.415901
-0.419484	-0.25636
-0.202209	0.126075
0.699482	0.00792118
-0.995263	-0.331544
-0.115299	0.466545
2.35077	0.438118
-0.0718443	-0.0898139
-0.202209	-0.256681
0.558253	0.315499
0.905893	-0.0812953
-0.560713	0.417268
0.0802482	0.286497
-0.864898	-0.0295999
1.19921	0.211761
0.351842	0.28198
-0.680214	0.436933
0.0585207	0.608435
-0.560713	0.143787
-0.354302	-0.25604
0.0259294	-0.356451
-0.538985	-0.5369
-0.593304	-0.276503
0.721209	0.517599
0.0693844	0.316974
-1.03872	-0.0716748
-0.0718443	0.0755363
-0.386893	0.260852
-0.973535	-0.12837
1.51426	0.528483
-0.430348	-0.190977
-1.00613	-0.907677
2.22041	0.291197
0.645163	0.748449
0.362706	0.186926
1.48167	0.116613
-0.940944	-0.525932
0.199749	-0.666181
0.547389	-0.30086
-0.538985	0.304117
0.590844	0.549101
0.188886	0.0604761
-0.951808	-1.00884
0.275796	0.546644
0.156294	0.396984
-0.430348	-0.0433207
-0.245664	0.585215
-0.158754	-0.332435
0.0367932	0.336469
-0.560713	0.247472
0.525662	0.349231
-0.84317	-0.48565
-0.691078	-0.316043
-0.2348	0.365008
-0.082708	0.467571
-0.310847	0.433831
-0.354302	0.411283
1.63376	0.549424
-0.386893	0.226401
-0.886625	-0.551339
-0.788851	-0.0561053
-0.951808	-0.82289
1.49254	0.53313
-0.484667	0.336559
-0.332574	0.138689
-0.452075	0.425071
0.536525	0.69676
-0.365165	0.163005
0.406161	0.49235
-0.940944	-0.256152
0.275796	0.452381
2.38336	0.444847
-0.940944	-0.0949984
-0.452075	-0.43476
0.960212	0.530322
-0.604168	-0.521722
1.43822	-0.150922
0.0802482	-0.00492927
-0.256528	-0.273232
-0.745396	0.546204
-0.75626	-0.339624
-0.777988	-0.713828
0.569117	0.339422
-0.571577	0.175986
-0.397757	-0.0601335
0.992803	0.234055
0.210613	-0.140951
-0.180482	0.573335
-0.701941	0.0339519
-0.278255	0.721159
-0.615032	-0.199814
0.145431	0.19656
-0.777988	0.173031
-0.549849	0.412506
-0.40862	-0.241593
-0.506394	0.263269
-0.777988	0.361628
0.688618	0.475969
-0.940944	-0.532968
-0.691078	-0.173037
2.19868	0.445938
-0.636759	0.213676
0.536525	-0.0955324
-0.0175256	0.0203043
-0.386893	-0.80914
1.99227	0.509579
0.688618	-0.411392
1.24267	0.16513
1.48167	0.15336
3.25246	0.425159
-0.571577	0.395838
-0.66935	-0.649332
-0.528122	-0.681099
0.243204	0.557124
-0.777988	0.030588
-0.691078	0.255446
-0.897489	-0.297593
-0.951808	-0.476065
-0.767124	0.407386
-0.984399	-1.20245
-0.897489	-0.286861
-0.854034	-0.0485257
-0.886625	-0.915592
1.13403	0.492633
-0.691078	-0.224808
1.89449	0.0711683
-0.517258	0.446042
3.35024	0.362406
-0.636759	-0.193054
0.0911119	0.677041
-0.886625	-0.571424
-0.93008	0.205579
-0.376029	0.587044
-0.180482	0.398618
1.85104	0.278098
1.77499	0.192283
0.0585207	0.291642
-0.0175256	0.415867
-0.593304	0.0591226
-0.973535	-0.0404868
0.742937	0.384821
-0.538985	0.265604
-0.473803	0.0153347
-1.01699	-1.00664
0.634299	0.377612
-0.854034	-0.23041
-0.788851	-0.967946
-0.66935	-0.223245
-0.223937	0.331084
0.199749	0.515138
-0.332574	-0.0021251
-0.376029	0.0804031
0.960212	-0.247157
-0.137027	0.680769
-0.962671	-0.797108
-0.213073	0.201852
3.80651	0.662137
-0.2348	0.485831
-0.452075	-1.10176
0.905893	0.188832
-0.973535	-0.0193345
-0.864898	0.566382
0.417024	0.268476
1.37303	0.374049
-0.104436	0.223086
-0.0501168	0.532144
0.57998	0.260603
2.52459	0.63725
0.851574	0.508192
-0.962671	-1.09439
0.49307	0.452755
-0.365165	0.0493384
1.04712	0.395935
-0.93008	-0.192993
0.221477	0.168007
-0.701941	-1.05066
-0.430348	0.149019
0.0367932	-0.0605545
2.60064	0.428854
-0.821443	-0.704585
1.23181	0.447431
4.05638	0.106647
1.28612	0.207607
-0.93008	-0.378535
-0.723669	-0.711826
-0.799715	-0.0476328
-0.213073	0.191524
-0.777988	-0.182281
-0.973535	-0.275149
-0.973535	-0.188817
-0.517258	0.177354
1.17749	-0.107884
4.72993	0.759909
-1.00613	0.253335
-0.528122	0.183766
-0.538985	0.32692
-0.875761	-0.623479
-0.66935	-0.497698
0.362706	0.328526
0.960212	0.240119
0.612572	0.374357
-0.962671	-0.645128
-0.593304	0.408319
0.264932	-0.167205
-0.354302	0.465696
-0.940944	-0.314823
-0.213073	0.244067
0.645163	0.438313
2.253	0.323393
0.134567	-0.00230054
-0.66935	0.44118
-0.354302	0.124772
-0.658487	-0.119622
0.340978	0.487986
-0.419484	0.256879
-0.832306	0.347384
-0.680214	0.0457255
-1.01699	-0.59673
-0.180482	-0.891632
0.656027	0.22303
-0.734533	-0.598246
3.81738	0.0264407
0.112839	-0.0751289
-0.832306	-0.524292
2.43768	-0.219186
-0.0935718	0.104845
0.254068	0.168885
-0.571577	0.556845
0.351842	-0.193986
-0.908353	-0.225126
-0.082708	-0.171236
-1.02785	-0.678598
-0.832306	-1.04135
-0.908353	-0.240873
0.862438	0.660021
-0.93008	0.0738107
1.07971	0.686299
-0.940944	-0.656106
-0.593304	-0.147631
0.427888	0.525426
0.829847	-0.360663
-0.897489	-0.260036
2.87223	0.558324
-0.799715	0.101876
-0.854034	0.0277549
-0.267392	0.237707
0.699482	0.151525
-0.49553	-0.409621
-0.984399	-1.28036
1.28612	0.18068
-0.712805	-0.357
-0.854034	-0.767832
0.482207	0.304652
-0.462939	-0.306392
-0.984399	-0.239571
0.384433	-0.338684
-0.32171	0.616568
-0.854034	-1.65285
0.145431	0.353334
-0.951808	-0.0358589
-0.875761	-0.425041
0.340978	-0.287059
-0.625895	0.251173
-0.158754	-0.361244
0.210613	0.131308
4.01292	0.797561
-0.473803	0.0508066
-0.604168	0.0438306
-0.376029	0.218418
-0.854034	0.344242
-0.538985	0.374583
2.30732	0.549632
-0.875761	-0.813551
-0.821443	0.00552263
0.916757	-0.0624552
-0.66935	-0.0913299
-0.940944	-0.768263
-0.701941	-0.142922
1.15576	0.0402938
0.264932	0.222664
1.60117	-0.303453
-0.701941	-1.32844
-0.256528	0.284373
0.884165	0.508155
-1.03872	-0.513342
-0.84317	-0.660666
-0.115299	0.0421907
1.18835	0.478532
-0.66935	-0.458409
-0.202209	0.071252
-0.343438	0.498632
-0.299983	0.299324
0.243204	0.148858
-0.810579	-0.589457
0.721209	0.517599
-0.386893	0.448282
-0.104436	-0.174824
-0.213073	0.412061
-0.788851	-0.468637
-0.180482	0.302073
1.65549	0.41462
0.406161	0.474181
0.178022	0.361456
0.275796	0.359335
-0.528122	-0.447888
-0.66935	0.232828
0.178022	0.496509
0.449616	0.429419
-0.0175256	0.50203
-0.538985	0.48526
0.167158	0.591867
-0.397757	0.302518
-0.386893	0.610884
0.742937	0.491731
0.884165	-0.572581
0.449616	-0.0990792
-0.767124	0.054136
2.29645	0.0580569
-0.93008	-0.526769
0.949348	0.393835
0.0693844	0.478996
-0.788851	-0.843017
0.0911119	0.550752
-0.245664	0.378195
-0.93008	-0.96359
-0.332574	0.0253964
-0.832306	0.241172
-0.299983	0.315515
2.09004	0.238604
-0.528122	-0.524502
-0.158754	-0.482644
-0.484667	-1.23504
-0.0175256	-0.295072
0.427888	0.255617
-0.897489	-0.418697
-0.376029	0.290878
-0.376029	0.230627
-0.984399	-0.702368
1.06885	0.414837
0.134567	-0.151854
-0.919216	-0.297662
-0.386893	0.210584
-0.0175256	0.39321
-0.886625	-0.957452
-0.886625	-0.222384
2.15522	0.616896
-0.93008	-0.914405
-0.289119	0.401499
0.417024	0.0913055
-0.0609805	0.306843
-0.560713	0.419928
1.60117	0.265123
7.44587	-0.224689
0.340978	-0.242762
2.65496	0.555622
0.569117	-0.0746441
0.243204	-0.0462269
-0.115299	0.343941
-0.278255	0.0273643
-0.647623	-0.241749
-0.821443	-0.0818299
-0.810579	-0.0769141
-0.082708	0.402014
-0.984399	-0.878509
0.49307	0.322432
1.02539	-0.0746061
0.775528	0.441612
-0.462939	-0.143325
-0.691078	0.0690182
2.32904	0.554065
-0.908353	-0.163668
-0.75626	0.0841417
-0.984399	-0.723608
-0.973535	-0.511865
0.384433	-0.338684
-0.984399	0.225872
-0.897489	0.314644
-0.897489	-1.09123
-0.66935	-0.182986
-0.734533	-0.859231
-0.701941	0.107484
-0.202209	0.0498345
-0.810579	-0.310967
-0.365165	0.471865
0.156294	0.494803
-0.49553	0.110945
-0.940944	-0.816642
0.558253	0.29635
0.221477	0.12613
0.362706	0.164214
-0.897489	-0.355949
-0.886625	-0.298257
0.742937	0.194068
-0.0175256	-0.10094
-0.777988	0.339467
-0.213073	0.368533
-0.636759	-0.548585
0.971075	0.599683
1.97054	0.74715
0.417024	0.501895
-0.767124	0.458291
-0.299983	0.158318
0.884165	0.513921
-0.299983	0.331639
-0.32171	-0.0417745
-0.473803	-1.2215
-0.658487	0.5446
-0.615032	-0.00526814
1.85104	0.42317
-1.03872	0.21228
-0.777988	-0.674661
-0.799715	-0.837244
-0.897489	-0.859761
-0.310847	-0.376937
0.536525	0.372616
-0.962671	0.055094
-1.01699	-0.322954
-0.712805	0.387133
-0.66935	0.228344
-0.473803	0.0638332
-1.02785	-0.721914
-0.00666181	0.653274
0.264932	-0.446213
-0.854034	-0.353908
1.27526	0.246055
-0.875761	-0.940388
1.78586	-0.13673
1.34044	0.234424
-0.560713	0.260284
-1.02785	-0.192385
-0.538985	0.169855
-0.84317	-0.678237
-0.864898	-0.81046
-0.560713	0.276678
1.03626	0.510412
4.20847	0.747376
0.134567	0.0331875
0.286659	-0.664529
-0.854034	-0.342044
-1.03872	-0.334491
-0.310847	-0.295845
0.721209	0.284493
-0.897489	-0.0387684
-0.810579	0.270569
-0.745396	-0.811706
-0.267392	0.530898
-0.58244	0.0666862
-0.104436	-1.12701
0.0476569	-0.0145986
-0.940944	-0.0698678
-0.875761	-0.538302
0.297523	-0.525276
0.656027	0.178446
-0.039253	-0.522977
-0.745396	0.605912
-0.560713	0.169103
-0.299983	-0.194573
0.0150657	0.390993
0.590844	-0.445566
-0.039253	-0.00212496
1.45994	0.80843
-0.0283893	-0.221466
-0.419484	0.0788696
-1.00613	-0.221525
-0.506394	0.252853
-0.821443	-0.241536
1.30785	0.480712
0.00420194	-0.399027
-0.875761	0.093246
0.84071	-0.0306997
-0.75626	-0.261491
2.00313	0.138559
-0.93008	-0.670934
-0.0283893	0.175045
-0.213073	0.0913628
-0.799715	-0.481844
-0.299983	0.463348
1.8619	0.219073
0.123703	0.503303
-0.0283893	0.379534
-0.40862	0.377865
-0.615032	-0.520654
0.0911119	-0.0784715
0.742937	0.763488
-0.40862	0.539274
-0.691078	0.151701
-0.32171	0.486516
-0.84317	-0.176714
-0.202209	0.367252
-1.00613	-0.587469
0.254068	0.43408
-0.647623	-0.945082
-0.604168	-0.208629
-0.506394	-0.323224
-0.158754	0.308403
0.49307	0.411534
0.167158	0.144411
-0.886625	-0.22301
0.362706	-0.126617
-0.039253	0.639169
-1.00613	0.468601
1.10144	0.481008
-0.810579	0.172604
-0.962671	-0.808208
-0.940944	0.172083
-0.919216	-0.867105
-0.951808	-0.0493773
-0.354302	0.111081
-0.343438	0.474202
0.721209	0.447735
-0.32171	-0.194467
-0.256528	0.240055
-0.571577	0.195038
3.46974	0.585629
-0.75626	0.303077
-0.84317	-0.717968
-0.615032	-0.567509
-0.32171	-0.277743
0.525662	0.267203
-0.484667	-0.241636
-0.560713	0.350143
0.514798	0.108281
-0.386893	0.103371
2.03572	0.339651
0.0150657	0.598176
-0.256528	0.262611
-0.799715	-0.467142
-0.256528	0.2693
0.49307	0.146737
-0.549849	0.37962
0.960212	0.488771
-0.875761	-0.337437
2.00313	0.356139
0.330114	0.284742
-0.245664	0.136629
2.15522	0.0563811
-0.832306	-0.405264
-0.973535	-0.830674
-0.604168	-0.619514
-1.02785	0.37929
-0.658487	-0.341221
2.00313	0.109421
0.156294	0.135147
-0.723669	-0.367634
0.57998	-0.11223
4.19761	0.615472
0.199749	-0.0265372
-0.158754	0.4768
-0.875761	-0.0143804
0.0693844	0.531574
0.569117	0.385154
1.82931	0.383128
1.60117	-0.264186
-0.93008	-0.976631
0.590844	0.104107
1.05799	0.329203
-0.984399	-0.878509
-0.517258	0.274805
2.6115	0.478947
-0.419484	-0.576931
-0.223937	-0.760899
1.55772	0.604021
-0.680214	-0.669401
-0.517258	0.456931
1.80758	0.624238
-0.310847	0.225775
-0.799715	-0.600116
0.699482	-0.35292
-0.223937	0.346092
0.0585207	0.0382876
1.32958	0.322725
-0.126163	0.413679
-0.462939	0.0666548
-0.799715	-0.450868
-0.734533	-1.13423
-0.0609805	0.417717
0.101976	0.128069
-0.854034	0.514892
-0.473803	-0.318361
-0.223937	0.219709
-0.191345	-0.486676
2.17695	0.539784
-0.897489	-0.132663
-0.821443	-1.36982
0.188886	0.510335
-0.93008	-0.774581
-0.0718443	-0.738391
0.156294	0.586141
0.319251	0.667929
-0.712805	-0.770396
-0.2348	0.319419
-0.788851	-0.301248
-0.202209	-0.204232
-0.897489	-0.905389
-0.680214	0.119631
1.23181	0.537266
-0.223937	0.612143
-1.00613	-1.00827
-0.951808	0.449988
-0.701941	0.00401146
-0.039253	-0.416195
-0.256528	-0.562633
-0.528122	0.305034
1.13403	0.188455
-0.560713	0.56512
1.42735	0.174696
-0.75626	-0.473947
-0.93008	0.336624
-0.712805	0.0421319
-0.0718443	0.677953
-0.940944	0.128959
0.351842	0.0696478
-0.0501168	-0.435131
-0.647623	-0.0734151
0.0693844	-0.2752
3.58924	0.472895
-0.430348	0.535912
0.503934	0.416299
-0.886625	-0.701884
-0.00666181	0.393791
-0.962671	-0.488458
1.39476	0.563401
-0.962671	-0.279323
-0.908353	-0.163668
-0.93008	-0.551701
-0.658487	-0.0870045
-0.0501168	0.125407
-0.365165	0.153205
0.0802482	0.0996292
-0.984399	0.339619
-0.14789	0.196183
-0.528122	0.400578
1.61204	0.452611
1.1123	0.149626
-0.58244	0.1729
-0.897489	-1.27091
-0.49553	-0.0754119
0.808119	0.196024
-0.397757	0.330358
0.525662	0.111325
-0.256528	0.245582
0.417024	-0.162267
-0.799715	-0.0792374
-0.734533	0.0924176
2.09004	0.511677
-0.875761	-0.603498
-0.0935718	0.286183
0.482207	-0.152829
-0.462939	0.0494191
-0.126163	0.280443
-0.832306	0.297677
-0.734533	-0.740515
-0.799715	0.578606
2.14436	0.50778
0.905893	0.0566216
-0.354302	0.428548
-0.14789	0.31381
-0.84317	-0.517505
-0.777988	0.238654
-0.84317	-1.10521
-0.984399	0.0506513
0.00420194	0.0563923
0.384433	-0.0627341
-0.376029	0.529614
0.123703	0.371154
0.210613	-0.0432258
-0.549849	-0.324438
-0.821443	0.539485
0.0476569	-0.156056
0.134567	0.503761
0.232341	0.0860781
1.17749	0.18755
-0.777988	-0.271228
-0.593304	-0.0687816
-0.984399	-0.721512
-0.832306	-1.00303
-0.864898	-0.61342
-0.430348	-0.532304
1.3839	0.0356139
0.57998	-0.808842
0.862438	0.389536
1.94881	0.356138
-0.701941	0.322104
-0.680214	-0.315379
0.84071	0.405738
-0.962671	-0.668908
1.57945	0.298457
-0.549849	0.232839
1.91622	0.499954
-0.245664	0.286251
-0.84317	-0.70439
0.656027	-0.275807
-0.919216	-0.528098
-0.799715	-1.11307
-0.082708	0.546054
-0.93008	-0.604676
-0.202209	0.0385132
0.721209	-0.276986
-0.0283893	0.26176
0.92762	-0.325694
0.0693844	0.623109
-0.897489	-1.17516
-0.854034	-0.65446
0.0367932	0.415214
2.22041	0.509511
-0.0501168	0.174878
-0.40862	-0.417164
-0.951808	-0.979236
0.601708	0.433105
-0.821443	-1.03116
-0.66935	-0.274361
-0.549849	-0.551162
-0.886625	-0.11583
0.677754	-0.111856
-0.49553	-0.433407
-0.897489	-0.905389
-0.213073	-0.453923
0.732073	0.238395
-0.962671	-0.470717
2.26386	0.386271
0.188886	0.494051
-0.647623	0.158801
0.0150657	0.559828
-0.810579	0.368696
-0.734533	-0.453146
0.101976	0.519385
0.134567	0.65001
-0.66935	0.120062
-0.397757	0.353336
0.243204	0.0739759
-0.354302	0.101695
2.36163	0.654505
-0.832306	-0.40823
1.36217	0.354384
-0.810579	-0.30314
1.34044	0.529806
-0.734533	-0.855151
2.253	0.685703
-0.897489	-0.715244
0.677754	0.241399
-0.84317	-0.324106
-0.962671	-1.03118
-0.821443	-0.4367
-0.14789	0.514735
-0.734533	0.545786
-0.647623	-0.225627
-0.289119	0.207672
0.286659	0.777454
-0.886625	-0.471673
-0.734533	0.124664
-0.951808	-0.811987
-0.0283893	0.495453
1.5034	0.328216
-0.647623	0.131646
2.09004	0.173738
-0.332574	0.123917
-0.202209	0.156734
-0.854034	-0.229284
-0.75626	0.401783
-0.647623	0.479253
-0.137027	0.347666
-0.897489	0.220538
0.84071	0.279616
-0.995263	-0.776134
-0.180482	0.710865
-0.549849	0.175787
-0.343438	-0.061902
-0.799715	-0.0112399
-0.636759	0.0474153
0.286659	0.517812
-0.462939	-0.104145
-0.115299	0.0807047
-0.691078	0.314907
-1.00613	-0.410647
-0.0501168	0.288085
0.569117	-0.140414
-0.528122	-0.0706737
-0.126163	-0.33378
-0.0935718	0.263657
-0.419484	-0.407051
0.156294	-0.0209618
0.503934	0.511392
-0.430348	0.0359191
-0.897489	-0.461457
-0.908353	-0.726859
-0.354302	-0.0274693
-0.658487	0.29013
-0.517258	-0.300823
-0.137027	0.37044
0.460479	-0.325018
-0.919216	-0.643981
0.797255	0.446063
-0.256528	0.478868
-0.506394	0.0680684
1.28612	-0.371054
-0.821443	0.160113
2.80705	0.635086
-0.0175256	0.158935
1.02539	0.380828
2.43768	0.28829
-0.701941	-0.661913
-0.169618	0.310547
1.97054	0.40541
0.275796	0.225502
-0.951808	-0.754401
-0.919216	-0.813537
-0.995263	-0.485417
-0.712805	0.456649
0.699482	0.488277
-0.484667	0.260409
-0.973535	-0.80094
-0.506394	0.499782
1.6229	0.444524
-0.202209	0.604965
-0.462939	-0.401976
-0.984399	0.217555
-0.647623	0.198697
-0.0718443	0.0475915
-0.441212	-0.19098
-0.354302	0.180861
0.482207	0.424929
1.47081	0.00675928
-0.701941	0.186082
1.15576	0.12744
-0.604168	-0.36679
-0.940944	0.441493
0.297523	0.261482
-0.919216	-0.983
-0.908353	-0.00481183
0.275796	0.37523
4.24106	0.167129
3.45887	0.543498
-0.538985	0.389506
0.949348	0.328898
0.57998	-0.23244
-0.0609805	0.71482
0.710345	-0.161032
0.971075	0.599683
-0.202209	0.407509
-0.310847	-0.0790993
-0.962671	-0.602388
1.42735	0.463014
0.569117	-0.291395
0.688618	0.202287
0.981939	0.432221
-0.528122	-0.138361
0.818983	0.663194
-0.886625	-1.88436
0.0802482	-0.121022
0.319251	-0.505926
-0.734533	0.409926
0.210613	-0.0295028
-0.32171	-0.0939276
0.460479	0.269305
-0.84317	-0.423418
1.53599	0.257661
0.0367932	-0.240849
-0.571577	0.127948
0.362706	-0.277354
-0.386893	-0.50205
-0.593304	0.36823
-0.875761	-0.12235
0.362706	0.42764
-0.767124	-1.08567
-0.299983	0.329605
-0.473803	-0.14082
2.20954	0.45312
0.0367932	0.459172
0.319251	0.160925
-0.0718443	0.1439
-0.560713	-0.148284
-0.84317	-0.300855
1.21008	0.240705
-0.58244	-0.0843096
-0.484667	0.195134
-0.897489	-0.176255
0.525662	0.13676
2.492	0.727271
2.492	0.620413
-0.0718443	0.20097
-0.191345	-0.0478327
0.145431	0.635838
1.54685	0.530875
-0.58244	0.0517563
-0.701941	-0.45099
-0.973535	0.402084
0.677754	0.398607
-0.875761	0.161733
-0.919216	-0.199666
1.88363	0.545938
-0.267392	0.517283
-0.919216	-0.45981
0.340978	0.4145
-0.104436	-0.225287
-0.93008	-0.137962
-0.2348	-0.126769
-0.604168	-0.00600348
0.134567	0.543871
0.569117	0.57326
0.112839	0.269958
0.0259294	0.444915
-0.267392	-0.0999556
-0.430348	-0.0870207
-0.528122	-0.0775197
-0.538985	-0.642169
-0.810579	-0.0893651
-0.832306	-0.731819
0.656027	0.63409
0.0802482	0.514289
-0.821443	-0.241536
-0.2348	-0.535254
-0.864898	-0.233599
-0.897489	-0.221241
-0.908353	0.381117
-0.625895	0.419933
-0.886625	0.154487
0.0802482	-0.173995
-0.202209	0.176133
-0.560713	0.447586
-0.940944	-0.108539
0.786392	0.220251
2.28559	0.617472
0.384433	0.339023
-0.973535	-0.437085
0.275796	0.178344
-0.2348	0.177446
-0.875761	-0.54814
1.39476	0.527443
-0.2348	0.381916
-0.0935718	0.611386
-0.767124	-0.019759
-0.571577	0.176821
-0.832306	-0.110964
0.178022	0.0505971
0.797255	0.338625
0.210613	-1.15893
0.797255	0.338625
-0.940944	-1.03237
0.00420194	0.0847569
-0.039253	0.603566
-0.973535	-0.679724
-0.951808	-0.651045
-0.799715	-1.03723
-0.799715	-0.747094
-0.66935	-0.512805
-0.343438	0.290999
-0.49553	0.301339
2.45941	0.68693
0.0585207	-0.913115
-0.615032	0.0567183
-0.919216	-0.0803979
-0.40862	-0.855744
-0.58244	0.31836
2.74187	0.406521
-0.0283893	0.214443
-0.625895	-0.148794
-0.908353	-0.66126
0.590844	0.516397
0.7538	0.553393
-0.0283893	-0.199389
-0.615032	0.356826
-0.365165	0.441444
-0.365165	0.0255095
2.09004	0.74914
-0.49553	-0.328487
-0.310847	0.175377
-0.940944	-0.0952562
-0.875761	-0.28904
-0.169618	0.27062
-0.419484	-0.278053
-0.723669	-0.982757
1.48167	0.435567
-0.821443	-0.839316
-0.908353	-0.674429
-0.397757	0.0936772
-0.734533	-0.316418
1.65549	0.41462
0.949348	0.321077
-0.810579	-0.237808
4.37143	0.489693
1.94881	0.71871
-0.180482	0.127011
0.66689	0.279293
0.503934	0.481478
0.319251	0.214202
4.06724	0.423133
-0.386893	-0.360815
-0.0501168	0.314834
-0.571577	-0.117757
-0.40862	0.304967
0.57998	0.273552
0.699482	0.0803249
0.254068	0.248838
-0.962671	-0.317817
-0.604168	-0.282614
-0.484667	0.42274
0.0259294	0.332392
-0.940944	-0.523604
-0.58244	-0.32493
-0.625895	0.0944417
-0.821443	-0.142861
0.645163	0.403889
0.829847	-0.312411
-0.864898	-0.367547
-0.223937	0.516238
0.254068	0.592198
-0.40862	-0.182017
0.829847	0.257291
-0.397757	0.530359
-0.299983	-0.220636
-0.354302	-0.176173
-0.951808	-0.394898
-0.430348	0.339649
-0.951808	-0.722219
4.39316	0.39131
-0.984399	-0.619342
-0.66935	-0.0633738
-1.02785	-1.1434
3.70874	0.418815
-1.02785	-0.0158353
-0.962671	-1.42324
-0.441212	-0.0182112
-0.213073	0.23191
-0.832306	-0.284058
-0.0283893	0.579063
1.06885	-0.0524789
1.99227	0.355603
-0.962671	-0.756665
0.0911119	-0.843842
-0.517258	0.547648
0.112839	-0.113039
-0.864898	-1.04012
-0.799715	-0.833566
-0.788851	-1.02145
1.49254	0.152715
0.590844	-0.203164
-0.875761	-1.2028
1.35131	-0.373686
-0.908353	0.126243
0.732073	-0.147243
1.16662	0.482395
-0.940944	-0.610427
-0.32171	0.231732
1.85104	0.0811672
0.482207	-0.464457
-0.00666181	0.505456
2.00313	0.80146
-0.919216	-1.37436
-0.854034	0.269381
-0.799715	-0.162458
-0.289119	-1.04968
1.56858	-0.147688
-1.01699	-1.33695
-0.984399	-0.608217
-0.126163	-0.175323
-0.517258	-0.792102
-0.984399	-0.84725
1.12317	0.0946829
-0.560713	-0.334919
1.80758	0.41031
0.123703	0.10853
0.0476569	0.0914658
0.7538	0.180246
1.48167	0.504306
-0.039253	-0.193795
0.264932	0.603896
1.49254	-0.207479
0.351842	0.256243
-0.299983	0.210087
-0.919216	-0.788446
-0.940944	-0.791367
-0.0501168	-0.0723586
-0.886625	0.221696
0.101976	-0.795596
-0.213073	0.541059
0.482207	0.283209
-0.386893	-0.86128
1.02539	0.294546
-0.2348	0.0777581
-0.615032	-0.356011
0.319251	0.59494
-0.799715	-0.864043
1.47081	0.0132411
1.66636	0.500648
0.710345	0.20563
-0.223937	0.422881
-0.299983	0.451625
0.916757	0.445899
-0.332574	0.469144
0.449616	0.395474
-0.951808	-0.426139
-0.528122	0.171362
-0.202209	-0.0821196
-0.473803	0.407457
0.536525	0.390194
-0.462939	0.00598925
-0.180482	0.196159
1.75326	0.497025
-0.310847	0.446546
-0.84317	-0.595752
-0.571577	-0.396933
0.634299	-0.0152933
-0.712805	-0.175929
-0.712805	0.0127136
2.66582	0.349751
-0.940944	-0.899971
-0.84317	-0.578664
-0.832306	-0.81732
-0.299983	0.110211
-0.864898	-1.04012
0.0585207	0.818036
-0.571577	-0.573457
0.308387	-0.0171461
1.7424	0.661316
-0.49553	0.0776362
0.57998	0.607878
-0.473803	0.285269
1.22094	0.244404
-0.365165	-0.0663722
-0.452075	0.134279
-0.039253	-0.562127
-0.712805	0.480397
-0.549849	-0.836525
-0.332574	0.469974
0.992803	-0.225403
-0.66935	0.14239
1.04712	0.122198
1.53599	0.461433
-0.984399	-0.162009
1.1449	-0.0725818
-0.854034	-1.20901
0.134567	-0.443252
1.13403	0.212305
-0.213073	0.348068
-0.658487	-0.0105281
-0.723669	-1.14572
-0.0175256	-0.287023
-0.430348	-0.62817
0.536525	0.080335
-0.864898	0.24066
-0.886625	-0.366243
-0.452075	-0.394462
1.01453	0.506066
-0.462939	-0.325589
-0.223937	0.531317
-0.951808	-0.915768
-0.180482	0.168823
-0.951808	-0.684994
-0.40862	0.218731
-0.854034	0.086448
0.417024	0.200951
0.101976	0.353352
-0.506394	-0.143655
-0.821443	0.163728
-0.777988	-0.31176
0.471343	0.53092
-0.332574	0.0253964
0.199749	0.022311
-0.854034	-0.233811
-0.767124	0.217313
-0.66935	0.0953182
2.6115	0.296234
1.13403	0.660522
0.438752	0.603733
-0.973535	-0.105819
2.3725	0.348189
0.178022	0.42132
-1.02785	-0.591274
-0.441212	-0.623938
1.37303	0.380477
-0.701941	0.282357
0.134567	0.338246
-0.430348	0.233056
-0.256528	0.498466
1.43822	-0.418176
-0.354302	-0.200605
0.634299	0.447369
-0.875761	-0.904602
-0.973535	-0.538625
2.36163	0.522804
-0.571577	-0.479216
0.264932	0.325732
0.319251	0.0685156
2.67668	0.397916
-0.517258	0.482112
-0.441212	-0.0182112
0.286659	-0.319942
-0.951808	0.476682
0.188886	0.290961
-0.615032	-0.0694695
-0.973535	0.528804
-0.734533	-1.41862
0.482207	0.246025
-0.973535	-0.126674
0.742937	0.164343
-0.658487	-0.528257
-0.821443	-0.0987342
1.52513	0.448024
0.0911119	0.193318
1.79672	0.703848
-0.897489	-0.335576
3.10037	0.557856
-0.919216	-0.527354
-0.484667	-0.0952474
0.308387	0.419074
-0.767124	-0.183393
-0.473803	-0.0898957
0.188886	0.434604
0.7538	-0.424861
-0.571577	0.366706
-0.788851	-0.440959
-0.875761	-1.07109
-0.549849	-0.310382
-0.40862	0.433833
-0.213073	0.503552
-0.104436	0.314016
0.275796	0.373314
-0.169618	0.246724
-0.908353	-0.785645
-0.2348	-0.374493
-0.832306	-0.320507
-0.919216	-0.0731463
-0.66935	-0.423096
-0.625895	0.251173
-0.245664	0.313966
2.36163	0.633297
-0.484667	-0.540512
-0.864898	-0.60572
-0.299983	0.462365
0.699482	-0.0488076
0.808119	0.441677
0.84071	-0.141028
0.862438	0.245469
-0.984399	0.152313
0.84071	0.645959
-0.84317	-0.916381
-0.919216	-0.15947
1.84017	0.25814
3.26333	0.324824
0.264932	0.181939
0.438752	-0.245821
-0.984399	-1.10767
-0.84317	-0.189552
0.514798	0.374715
0.319251	0.45604
-0.615032	-0.823575
1.17749	0.138333
-0.897489	-0.335576
-0.66935	-0.370157
-0.84317	0.278997
0.286659	-0.53704
0.862438	0.08634
0.981939	0.307806
-0.245664	-0.989911
-0.604168	-0.472016
-0.886625	0.33445
1.85104	0.479615
-0.75626	-0.0887126
1.05799	-0.68185
-0.84317	-0.303869
-0.0935718	-0.595879
0.178022	0.30539
-0.299983	0.192207
0.167158	-0.360423
2.31818	0.142624
-0.723669	0.0801066
0.786392	0.555211
1.70981	0.152825
2.98087	0.504423
-0.908353	-0.708268
4.39316	0.45308
-0.940944	-0.329913
-0.701941	-0.0301625
-0.484667	-0.428334
-0.137027	0.390421
-0.506394	0.037802
-0.788851	0.123649
0.525662	0.372722
-0.604168	-0.676685
-1.00613	-0.978206
0.286659	0.575188
-0.0935718	-0.118779
-0.32171	0.400922
-0.712805	0.329886
-0.767124	-0.398762
-0.940944	-0.728251
-0.66935	0.37727
0.0693844	-0.377061
-0.58244	-0.400181
-0.745396	-0.689094
0.221477	0.468333
-0.734533	-1.40511
0.721209	0.457462
0.460479	0.0125535
3.39369	0.665461
-0.245664	-0.242947
-0.821443	-0.730838
0.960212	0.362767
0.101976	-0.333035
-0.723669	-0.103759
0.449616	0.443097
3.37196	0.541944
-0.777988	-0.20072
-0.864898	-0.208254
3.23073	0.736879
-0.897489	-0.999488
-0.115299	0.482355
-0.93008	-1.45157
-0.452075	0.214598
-0.615032	-0.455108
-0.93008	-1.03586
-0.223937	-0.115197
-0.691078	0.230921
-0.647623	-0.157052
-0.32171	0.547782
-0.93008	-0.633313
0.536525	0.385139
-0.701941	0.581963
0.732073	-0.256755
-0.886625	-0.475814
-0.75626	0.475467
-0.832306	-0.21788
-0.712805	-0.176364
-0.810579	0.382256
-0.310847	0.0197954
0.677754	-0.236186
-0.767124	-0.749304
1.15576	0.489058
0.00420194	0.62941
-0.593304	0.237709
0.57998	-0.0151556
-0.039253	0.118573
-0.0501168	0.236228
-0.658487	-0.380891
-0.354302	0.0393368
0.286659	0.487284
3.98033	0.448984
0.971075	-0.2954
-0.875761	-0.362777
-0.40862	-1.23388
-0.973535	-0.2415
-0.93008	0.475143
-0.528122	-0.778363
-0.940944	-0.398669
0.449616	-0.130758
-0.875761	-0.5814
0.818983	0.389804
0.0476569	0.0655451
0.0476569	0.0849775
0.66689	0.29782
0.0367932	-0.116608
-0.66935	-1.02204
0.688618	0.123536
1.89449	0.0922657
0.992803	0.0157494
1.90536	0.322398
0.145431	-0.192316
-0.49553	0.0737616
-0.245664	0.189829
0.210613	-0.221727
0.818983	0.513063
-0.14789	0.380221
0.297523	0.37513
0.482207	0.453257
-0.506394	0.222309
-0.897489	-0.146102
0.308387	-0.0336608
0.232341	0.333855
-0.93008	-1.11254
-0.66935	0.10465
-0.615032	-1.58546
0.0259294	0.315057
-0.864898	-0.48949
-0.777988	0.295276
-0.777988	-0.364515
0.0693844	0.474814
-0.430348	-0.323793
-0.180482	0.0227899
0.362706	0.10177
0.808119	0.375302
-0.549849	0.154626
3.55665	0.51551
-0.951808	-0.655775
-0.75626	0.473699
1.9814	0.403649
-0.919216	-0.618792
0.0911119	-0.468773
-0.680214	-0.217938
-0.506394	-0.346937
1.19921	0.287757
1.64463	0.32812
-0.0718443	-0.199505
0.0476569	0.457335
-0.691078	0.421075
1.65549	0.33468
0.699482	0.371188
-0.332574	0.0324209
-0.0609805	-0.0939633
0.00420194	0.415326
0.308387	0.514329
-0.462939	-0.170752
-0.517258	0.276168
0.134567	-0.203857
-0.995263	-0.170653
-0.940944	-0.989349
-0.973535	-0.808937
-0.462939	0.276926
0.0476569	0.174115
-0.126163	-0.0979923
0.384433	0.241532
-0.452075	-0.0120953
-0.517258	-0.15161
-0.430348	-0.0462399
-0.75626	-0.809063
-0.810579	-0.143558
-0.788851	0.212738
-0.701941	0.265513
-0.810579	-0.476447
-0.777988	0.284759
-0.625895	0.0135102
-0.810579	-0.477046
-0.278255	0.497821
-0.723669	-0.130298
-0.75626	-0.73122
-0.223937	-0.560764
0.732073	0.237772
-0.604168	-0.874484
0.275796	0.224685
0.460479	0.279923
-0.354302	-0.764627
-0.452075	-0.565288
-0.473803	0.08921
-0.0935718	0.371101
-0.940944	-0.35885
2.14436	-0.761026
0.0150657	-0.0260787
-0.93008	0.0959366
-0.0935718	0.0328682
-0.875761	-0.350774
-0.832306	-0.716146
-0.571577	-0.223232
-0.658487	-0.385952
0.449616	0.256426
-0.506394	-0.191153
-0.701941	-0.302648
1.23181	-0.276725
-0.93008	-0.429865
1.69895	0.556626
-0.484667	-0.288876
1.1123	0.423437
1.68808	0.578878
-0.354302	-0.0274693
-1.04958	0.263047
0.254068	0.251033
-0.104436	0.419018
-0.202209	-0.127243
0.297523	0.0285621
1.81845	0.0603895
0.0585207	0.315504
0.710345	-0.38042
-1.03872	-0.309505
2.253	0.391959
-0.93008	-0.864819
-0.995263	-0.419885
-0.0718443	0.0400519
-0.712805	0.0262693
-0.647623	-0.226648
-0.386893	0.359299
0.438752	0.0990688
-0.180482	0.238871
1.67722	0.630018
-0.93008	-0.767455
-0.821443	-0.406409
0.873302	0.343908
-0.647623	0.0311153
-0.386893	-0.00571554
0.0693844	0.44882
-0.897489	-0.460637
-0.332574	-0.531654
-0.615032	0.422163
0.449616	0.292811
-0.430348	-0.00167335
0.167158	0.328619
-0.84317	-0.970828
0.775528	-1.07733
1.00367	0.26103
0.49307	0.133527
-0.799715	-1.08395
-0.604168	0.490581
5.08843	0.329
-0.723669	-0.201676
3.03519	0.504694
0.699482	0.752175
1.31872	0.273359
-0.169618	0.164324
-0.158754	0.429545
-0.343438	0.70291
1.25353	-0.119653
-0.191345	0.258005
-0.919216	-0.727834
-0.528122	0.362269
-0.506394	-1.12515
2.44854	0.222604
-0.951808	-0.776815
0.49307	-0.241629
-0.777988	-1.07839
0.536525	0.557305
2.88309	-0.0186474
1.57945	0.5253
1.16662	0.446214
-0.777988	-0.0511615
2.15522	0.361499
-0.14789	0.38325
0.101976	0.344387
0.0693844	-0.00340021
-0.0935718	0.719332
-0.84317	-0.274435
-0.984399	0.0114924
1.31872	-0.0528901
-0.897489	-0.631523
0.0585207	-0.00926335
-0.039253	0.363578
0.721209	0.0874448
-0.343438	-0.709505
0.0476569	0.0421688
0.786392	0.322979
-0.908353	-1.07208
-0.40862	-0.251602
-0.919216	-0.504593
-0.180482	0.169854
0.243204	0.666464
0.210613	-0.100541
2.07918	0.41177
-0.897489	-0.455569
-0.864898	-1.57786
0.710345	0.548565
-0.908353	0.402175
0.243204	-0.177723
3.39369	0.522801
0.742937	0.441988
-0.0175256	0.234037
-0.691078	-0.725741
-0.723669	-0.30749
0.00420194	0.182904
0.764664	0.231496
-0.799715	-0.833566
0.243204	0.661146
0.167158	0.356403
-0.821443	-0.316555
0.775528	0.550609
1.85104	0.0669249
-0.788851	0.479198
0.0802482	0.183968
0.134567	-0.25842
-0.93008	-0.794379
-0.213073	0.337032
1.94881	0.558264
0.188886	-0.33765
1.97054	0.0331205
-0.452075	0.0306114
-0.625895	0.0857497
1.21008	0.694765
0.243204	0.418937
0.851574	0.107054
-0.310847	-0.118018
-0.864898	0.458366
-0.777988	-0.743197
0.210613	-0.395267
-0.191345	0.320289
-0.940944	-1.08496
-0.593304	-0.51527
-0.082708	-0.118168
0.92762	0.303546
-0.158754	0.285811
-0.636759	0.365572
-0.919216	-1.17404
1.13403	-0.0864908
0.514798	0.395018
0.264932	-0.0544703
-0.810579	-0.468463
0.319251	0.0207349
0.0259294	0.299086
1.84017	0.222583
-0.875761	-0.233207
-0.995263	0.299587
-0.213073	0.429862
-0.0718443	0.0653645
0.123703	0.503303
3.69788	0.803381
-0.0283893	0.327387
-0.973535	-0.624236
-0.93008	-0.575225
-0.430348	0.491396
-0.777988	-0.31176
-0.777988	-0.44612
-0.973535	-0.353509
0.818983	0.486947
0.00420194	0.201142
2.1009	0.330015
-0.604168	-0.327949
-0.734533	0.165512
1.59031	0.740423
-0.343438	-0.0236075
-0.256528	-0.437351
0.188886	0.360074
0.905893	0.498325
-0.0935718	0.525961
0.308387	-0.271378
1.45994	0.462685
2.09004	0.511677
1.1123	0.568935
1.73154	0.412805
0.199749	-0.476738
-0.0935718	0.327348
0.417024	-0.519555
-0.777988	-0.713828
-0.93008	-0.636614
1.27526	0.197903
0.438752	0.485837
2.56805	0.524042
2.05745	0.525441
-0.919216	-0.620922
0.623435	-0.103146
0.656027	0.420856
1.64463	0.392067
-0.115299	-0.421215
2.18781	0.33142
2.63323	0.52477
0.503934	0.490037
0.656027	0.165714
2.01399	0.71381
-0.354302	0.124772
-0.386893	0.543861
-0.386893	0.320088
-0.701941	0.359088
-0.354302	0.295386
0.243204	0.405171
-0.897489	-0.570871
1.23181	0.625268
1.82931	0.413942
-0.940944	0.394224
0.275796	0.359335
-0.973535	0.528804
-0.0935718	0.0218677
1.80758	0.0318043
-0.886625	-0.375826
-0.473803	-0.281498
2.93741	0.299147
-0.636759	-0.0807152
-0.332574	0.563388
0.503934	0.735308
-0.310847	0.282303
-0.84317	-0.95291
-0.908353	-1.06577
-0.528122	-0.154208
-0.886625	-0.356273
-0.647623	-0.337256
-0.93008	-0.076905
-0.875761	-0.0949804
-0.625895	-0.571071
-0.484667	-0.236618
0.340978	0.419333
-0.549849	-0.111442
-0.191345	0.100764
-0.691078	-0.201374
0.590844	0.357522
-0.777988	-1.04434
-0.908353	-0.31844
-0.658487	0.351511
-0.984399	-0.662131
1.8619	0.449471
1.24267	-0.21641
0.275796	0.402227
0.167158	0.121047
0.688618	0.56666
0.905893	0.576664
-0.484667	-0.400167
1.81845	0.509821
-0.517258	-0.0934551
-0.84317	0.0261197
-0.680214	-0.253398
2.35077	0.578428
3.7196	0.270797
-0.940944	0.370667
-0.777988	-1.09025
-0.680214	0.194295
0.438752	0.511732
-0.441212	0.69335
-0.354302	-0.28048
-0.701941	-0.357335
0.57998	0.0686202
1.13403	0.0900411
-1.00613	0.474059
-0.310847	0.120656
-0.0935718	-0.136867
-0.908353	0.542628
-0.864898	0.0528164
-0.506394	0.553316
-0.158754	-0.133108
1.17749	0.18755
0.210613	0.0686964
0.482207	-0.309731
-0.75626	-0.419109
-0.951808	-0.765395
-0.701941	0.23409
-0.777988	0.30297
-0.419484	0.332477
1.16662	-0.474372
-0.549849	-0.173408
-0.158754	-0.767454
1.65549	0.597198
-0.0609805	0.392437
0.818983	0.530077
-0.875761	-1.33128
-0.93008	-0.436607
-0.245664	-0.511279
-0.973535	-0.522413
0.384433	-0.21346
-0.615032	0.457363
-0.299983	0.165739
1.70981	0.413507
-0.84317	0.0261197
0.612572	0.782756
-0.14789	0.296385
-0.604168	0.438806
-0.723669	-0.481794
0.264932	-0.0323078
-0.158754	0.31534
0.0150657	-0.629666
-0.951808	-0.0246025
2.38336	0.207799
-0.256528	0.240262
-0.908353	-1.06567
1.75326	0.487911
-0.75626	0.265897
-0.0175256	-0.25446
0.66689	-0.246267
-0.0609805	0.362555
-0.191345	0.10433
-0.58244	0.36775
-0.886625	0.367588
-0.919216	-0.776561
-0.343438	-0.490028
0.829847	-0.102877
1.64463	0.414854
-0.593304	-0.496771
-1.00613	-0.687824
-0.973535	0.0346045
-0.777988	-0.467356
1.68808	0.381392
0.297523	0.387372
-0.962671	-0.739823
1.25353	0.702585
1.8619	0.103316
-0.734533	0.422307
-0.680214	-0.861554
-0.462939	-0.226006
-0.538985	-0.373906
0.656027	-0.331897
-0.354302	0.203287
-0.864898	-1.64435
-0.462939	-0.570087
-0.810579	-0.481484
-0.886625	-0.351575
-0.767124	0.374779
-0.039253	0.363578
-0.604168	-0.106206
0.873302	0.0952555
-0.40862	-0.61641
-0.897489	-0.0540048
-0.560713	-0.0361122
-0.082708	-0.00376731
0.286659	0.155584
0.590844	0.20122
-0.745396	0.398408
-0.723669	-0.111506
-0.267392	-0.484141
0.362706	0.435879
0.340978	0.237744
4.09983	0.106816
1.13403	0.272982
0.656027	0.394671
-0.386893	0.424746
2.67668	0.590695
-0.951808	-0.511312
-0.919216	-0.84312
1.6229	0.514748
0.960212	0.404175
-0.615032	-0.504445
-0.169618	0.363723
-0.919216	-0.31906
0.514798	0.285481
0.688618	0.485175
-0.365165	-0.0137127
3.42628	0.441472
-0.2348	0.444064
2.90482	0.54901
-0.397757	-0.0396756
-0.723669	0.0740124
-0.299983	0.182523
-0.528122	0.188794
-0.636759	-0.370149
0.438752	0.183892
-0.984399	-0.139391
2.35077	0.183384
-0.604168	-1.75
-0.506394	0.219931
2.93741	0.0846677
-0.919216	-0.96364
0.308387	-0.0301877
0.471343	0.358764
0.221477	-0.166114
-0.940944	-0.390275
-0.484667	-0.31966
-0.658487	0.0188253
-0.126163	-0.106939
1.23181	0.387514
-0.691078	-0.00386158
1.15576	0.185756
-0.919216	-0.415566
1.94881	0.57847
3.11123	0.241715
-0.940944	-0.89579
1.42735	0.487766
-0.821443	-0.731557
0.971075	0.363648
-0.821443	-0.71979
-0.615032	-0.105625
-0.919216	0.474879
-0.712805	-1.12237
0.0693844	0.274275
-0.180482	-0.176067
7.88042	0.835519
0.00420194	0.0215063
1.02539	0.345694
1.13403	0.419535
-0.734533	0.521506
-0.571577	-0.286432
1.89449	0.4404
-0.473803	0.170599
0.92762	0.218763
1.21008	0.0196145
2.24213	0.570043
0.656027	0.621757
0.92762	0.0405907
-0.810579	-0.730679
0.167158	0.138904
-0.267392	0.311119
1.00367	0.646717
-0.0175256	0.497767
-0.484667	-0.140268
-0.593304	-0.17712
-0.919216	0.0937269
2.06831	0.541681
0.395297	0.360311
-0.919216	-1.02888
-0.919216	-0.465064
0.0911119	0.550752
1.04712	0.404998
-0.14789	0.0613363
0.123703	0.0529076
-0.875761	0.525154
1.13403	0.307885
-0.332574	0.04488
-0.039253	-0.199366
2.04659	0.568351
-0.386893	0.204313
0.916757	0.394373
-0.788851	0.102513
-0.701941	-0.191095
-0.354302	-0.811909
-0.517258	-0.129305
1.40563	0.277194
-0.32171	-0.177931
-0.940944	-0.389478
-0.973535	0.330895
-0.2348	0.61814
1.72067	0.129075
-0.984399	0.1037
1.53599	0.423841
-0.14789	0.401404
-0.58244	0.134746
-0.875761	-0.252056
0.134567	0.402153
0.569117	0.326279
-0.419484	-0.00316256
-0.636759	0.0685347
1.8619	0.400299
-0.538985	0.178698
-0.528122	-0.5841
-0.137027	-0.197213
0.156294	-0.192574
4.01292	0.518606
-0.940944	0.0342784
0.362706	0.331332
-0.0283893	-0.118867
-0.799715	0.491816
-0.473803	-0.959434
-0.452075	0.508693
-0.126163	0.371952
-0.549849	-0.116913
-0.734533	-0.174961
-0.919216	-0.908465
2.492	0.549805
-0.658487	0.293449
-0.213073	0.621576
0.264932	0.12003
0.395297	0.22574
-0.821443	-0.145472
-0.658487	0.608343
-0.854034	0.348897
0.319251	0.197278
-0.799715	-0.232639
-0.0501168	0.158062
-0.202209	0.563431
-0.267392	-0.0110408
-0.462939	0.453198
0.590844	0.630344
-0.419484	-0.0254618
0.406161	-0.0701055
-1.00613	0.0176809
-0.788851	-0.356273
0.0476569	0.486382
-0.940944	-0.676177
-0.213073	0.396535
-0.984399	0.295629
0.243204	-0.232622
-0.299983	0.402477
-0.332574	0.120703
-0.386893	-1.37604
0.340978	-0.27295
-0.082708	0.163579
0.949348	0.412376
0.688618	0.475969
0.00420194	0.136343
-0.0935718	-0.361619
-0.691078	0.322051
-0.734533	-0.350382
-0.506394	0.425145
-0.767124	0.329114
0.742937	-0.281421
-0.886625	-0.353005
-0.788851	0.113869
3.41542	0.531451
-0.223937	0.424134
-0.0175256	-0.10094
-0.734533	0.0660546
-0.680214	0.0457255
-0.517258	0.181832
2.38336	0.636949
-0.75626	-0.297549
-0.386893	-0.678822
-0.104436	0.348654
0.623435	0.434858
0.243204	0.174368
-0.126163	-0.0805562
-0.462939	-0.180352
0.569117	0.611219
1.22094	0.25234
-0.58244	-0.53524
-0.604168	0.0438306
0.57998	0.374184
0.264932	0.296612
0.0585207	0.13006
0.308387	-0.736797
0.981939	0.520866
0.645163	0.329942
-0.799715	0.392481
1.12317	0.0535261
-0.256528	-0.39768
-0.365165	0.664779
-0.788851	0.504863
1.9814	0.026664
-0.854034	-0.688531
-0.897489	-0.0342781
-0.278255	-0.0442109
0.145431	0.40519
-0.886625	0.408701
-0.984399	-0.755782
-0.343438	-0.122055
-0.278255	0.327699
-0.571577	-0.817174
3.84997	0.567447
0.764664	-0.164776
3.70874	0.521192
-0.169618	0.177064
-0.875761	-0.347412
0.721209	0.378066
-0.397757	0.170504
-0.452075	-0.652812
-0.734533	0.382176
-0.158754	-0.303977
0.0150657	0.0252808
0.232341	-0.505439
0.547389	0.50298
-0.854034	-0.376934
-0.788851	-0.2344
1.5034	-0.151646
-0.549849	0.571274
-0.180482	0.0534178
-0.951808	-1.19802
-0.647623	0.40023
0.829847	0.356273
-0.897489	-0.153026
-0.788851	-0.720384
-0.14789	-0.317625
0.57998	-0.25156
-0.528122	0.0127944
-0.49553	-0.49223
-0.32171	-0.140429
-0.625895	0.309116
-0.517258	0.292604
-0.289119	-0.126298
-0.452075	-0.652812
-0.93008	0.252103
-0.84317	-0.881064
-0.854034	-1.69532
3.2416	0.480228
1.7424	0.605879
-0.875761	-0.752735
1.73154	0.383072
0.808119	-0.0741848
1.48167	0.452523
1.67722	0.380623
-0.506394	0.404519
2.14436	0.529416
-0.376029	0.338203
-0.32171	0.179721
-0.886625	0.316997
0.188886	0.304999
1.18835	0.587268
-0.484667	-0.899425
-0.0935718	-0.0596219
0.0150657	0.101617
0.873302	0.666708
-0.940944	-1.22827
0.156294	0.498434
1.85104	0.0933256
2.11177	0.395598
-0.995263	0.0329039
-0.788851	0.371782
-0.788851	-0.2344
-0.897489	-0.505539
-0.734533	-1.65946
-0.908353	0.154667
-1.01699	0.468457
-0.647623	0.358537
-0.919216	-0.469504
0.656027	-0.198059
-0.940944	-0.403172
-0.126163	-0.840968
-1.00613	-1.16679
1.05799	0.0750258
0.460479	0.127551
1.80758	0.409138
3.10037	0.344476
0.905893	0.147033
0.786392	0.253118
0.525662	-0.138188
0.188886	-0.0611319
2.56805	0.270233
-0.289119	0.281494
-0.875761	-1.07333
0.981939	0.473595
-0.897489	-0.377879
-0.864898	-0.156101
-0.84317	-0.522102
-0.213073	-0.0504699
1.28612	0.471821
0.232341	0.236455
0.308387	0.477197
-0.115299	0.341788
0.178022	0.260833
-0.267392	0.402923
0.66689	0.427086
-0.745396	-0.267791
5.47953	0.629835
-0.897489	0.217466
0.384433	-0.141078
-0.788851	-0.980213
-0.223937	0.42077
1.29699	0.456812
0.0693844	0.347547
0.971075	0.377123
-0.995263	-0.727187
1.00367	0.0931776
0.916757	0.775479
-0.365165	0.296519
1.07971	0.259124
-0.951808	-0.56925
-0.473803	-0.410577
0.471343	0.391915
-0.397757	0.277823
-0.995263	-0.757404
0.232341	-0.0574392
-0.310847	-0.733333
0.0802482	0.296816
-0.799715	-0.535619
-0.593304	-0.0687816
-0.506394	-0.0297667
-0.441212	0.196786
-0.745396	-0.0830846
-0.864898	-0.694594
-0.886625	0.313651
-0.897489	-0.291651
1.10144	0.11992
-0.223937	-0.0456776
0.0259294	-0.0799358
-0.799715	0.355723
1.77499	0.393793
-0.821443	-0.396795
-0.332574	0.166393
-0.245664	0.018426
-0.701941	-1.24349
0.862438	0.30227
0.873302	0.110392
1.40563	0.277194
-0.2348	-0.203763
-0.58244	-0.204675
-0.854034	0.426901
-0.864898	-0.909518
0.373569	0.237915
-0.245664	-0.218708
1.32958	0.347016
2.81791	0.517084
-0.473803	0.699963
0.601708	0.446719
1.09058	0.488775
-0.267392	0.593443
-0.039253	0.0429818
-0.995263	-1.06775
-0.701941	-0.0339699
-0.864898	-0.195458
0.0802482	0.297082
-0.864898	-1.13434
-0.278255	-0.464354
0.645163	0.453403
1.32958	0.490475
-0.962671	-0.229697
0.438752	0.371226
0.0693844	0.785349
-0.93008	-0.783157
-0.767124	-0.289828
0.558253	0.268478
-0.180482	-0.0694492
-0.984399	-0.965081
1.89449	-0.184828
1.04712	0.271067
0.699482	0.0803249
-0.919216	0.475721
-0.430348	-0.106677
1.49254	0.427222
0.232341	0.521573
-0.832306	0.707388
-0.082708	-0.147382
-0.951808	-0.722219
-0.658487	0.256881
-0.169618	-0.209562
1.10144	0.434789
0.449616	0.37886
1.94881	0.57847
-0.593304	0.148612
0.612572	0.846984
-0.0718443	0.403918
-0.560713	0.449042
0.916757	0.473478
-0.278255	0.123455
0.862438	0.317206
-0.517258	0.294101
-0.0283893	-0.10159
-0.767124	0.398982
-0.0283893	0.203329
1.10144	0.0066316
-0.951808	-1.08859
-0.430348	0.473318
-0.082708	0.244983
-0.799715	-0.225457
1.17749	0.28733
0.590844	0.338799
0.612572	0.548828
0.384433	0.317535
-0.506394	-0.688829
0.101976	-0.223346
-0.560713	0.499227
0.156294	0.357453
0.0259294	0.0799043
0.536525	-0.148768
2.29645	-0.0634466
-0.875761	-0.215744
-0.908353	-0.544743
-0.441212	-0.532285
-0.908353	-0.476269
2.65496	0.478063
-0.039253	0.240252
-0.777988	-1.19287
0.319251	0.403058
0.938484	0.294874
-0.310847	0.231389
-0.365165	0.49408
-0.658487	0.147634
-0.886625	-0.854012
-0.680214	-0.26934
-0.973535	0.462968
-0.908353	-0.860676
-0.0935718	0.276207
-0.452075	-0.488365
2.17695	0.251114
-0.962671	0.37611
-0.940944	-1.0118
-0.767124	0.195214
-0.919216	-0.221245
-0.40862	-0.479152
0.590844	-0.053082
-0.223937	-0.234702
-0.951808	-0.658972
1.12317	0.348655
-0.745396	-0.333629
-0.332574	0.172879
-0.886625	-0.370469
-0.723669	-0.877322
-0.636759	0.507061
1.51426	0.321778
0.167158	0.400158
-0.039253	-0.562127
-0.984399	-0.672201
1.00367	-0.195282
-0.441212	0.360373
1.77499	0.256843
-0.473803	0.386676
-0.951808	-0.169094
2.00313	0.67242
1.72067	0.74261
-0.549849	-0.356488
-0.701941	-1.28752
-0.58244	0.154646
-0.691078	-0.0106162
-0.104436	0.133648
0.938484	0.341159
-0.919216	-0.0286812
-0.962671	-0.36267
1.22094	0.629704
-0.821443	-0.608771
-0.223937	-0.0935672
-0.299983	-0.00180155
-0.864898	-0.535168
0.905893	0.224641
1.85104	0.459551
0.0911119	0.419534
-0.560713	0.447165
-0.158754	0.325433
0.0802482	0.424752
-0.75626	-0.0135209
-0.560713	0.351328
-0.658487	0.312982
-0.0175256	0.176218
-0.615032	0.448317
-0.484667	0.38033
0.92762	0.616631
-0.376029	0.230764
-0.473803	0.342914
1.91622	0.312949
0.590844	0.0590124
1.12317	0.535868
1.2644	0.256568
-0.66935	0.436622
-0.66935	-0.147573
-0.75626	0.146493
-0.115299	-0.160011
-0.908353	-0.531498
1.21008	-0.396231
-0.615032	-0.308793
-0.832306	0.0288727
-0.549849	-0.0844717
-0.832306	-0.152008
-0.821443	-0.214346
-0.506394	-0.0219327
0.156294	0.386811
0.981939	-0.193083
3.54578	0.179492
-0.875761	0.285935
0.178022	0.20312
-0.299983	-0.430997
1.22094	0.332397
0.57998	-0.0114765
-0.973535	-0.547679
-0.962671	-0.955922
2.01399	0.694543
-0.658487	-0.706037
1.43822	0.481219
1.05799	0.586238
0.601708	0.44949
-0.549849	-0.350915
1.36217	0.61132
-0.0609805	0.184434
-0.897489	-0.72748
0.558253	-0.00304013
-0.723669	0.668486
-0.701941	0.438707
0.775528	0.257477
0.156294	0.386811
0.395297	-0.395039
-0.506394	-0.238013
-0.84317	-0.130844
0.92762	-0.105249
-0.223937	0.341616
-0.354302	-0.613672
-0.897489	-0.587267
-0.625895	0.268474
-0.788851	-0.484047
1.45994	0.483568
1.07971	0.181455
-0.864898	-0.769855
0.232341	0.416017
-0.832306	0.0726112
-0.538985	-0.885512
-0.886625	-0.476542
0.7538	0.464822
0.123703	-0.20496
0.742937	-0.423823
-0.777988	0.19502
-0.995263	-0.414082
0.0476569	0.512622
-0.256528	0.393388
-0.810579	0.311121
7.88042	0.835519
2.41595	0.388131
-0.897489	-0.699191
-0.571577	0.417669
-0.484667	-0.319527
-0.376029	-0.474765
0.264932	0.532616
0.178022	-0.254492
-0.441212	-0.310974
0.656027	0.387294
-0.376029	0.406342
0.949348	0.0347085
-0.864898	-0.180643
-0.2348	0.378452
-0.267392	0.050793
-0.191345	0.181622
-0.430348	0.465712
0.775528	0.398566
1.52513	0.693461
0.134567	-0.155444
-0.897489	-0.856237
-0.767124	-0.329875
1.89449	0.145737
-0.462939	-0.509641
-0.299983	0.258736
1.25353	0.264293
-0.0609805	0.348977
-0.75626	0.432626
-0.169618	0.355786
-0.84317	0.77317
-0.0175256	0.20134
-0.245664	0.52558
-0.343438	-0.298877
1.30785	0.585047
0.00420194	0.578687
-0.386893	-0.737864
-0.897489	-0.0994892
0.916757	0.323671
-0.886625	-0.397854
0.145431	0.13167
0.0259294	0.170105
3.66528	0.522301
-0.223937	0.132042
0.330114	0.395625
-0.636759	0.0474153
3.39369	0.297001
-0.0935718	0.271524
-0.0935718	0.217134
0.66689	0.130495
-0.604168	0.530791
-0.75626	-0.370705
0.514798	-0.13533
-0.658487	-1.00876
0.66689	0.489404
-0.864898	-1.04831
1.1449	0.634209
-0.473803	0.188158
-0.745396	0.410232
0.92762	0.218763
-0.962671	-0.705647
-0.864898	-0.195107
-0.864898	0.253637
-0.995263	-0.224063
-0.14789	0.31381
2.05745	0.440095
0.319251	-0.244609
0.818983	0.114752
0.330114	0.0363742
-0.745396	-0.551348
-0.940944	0.260517
0.525662	0.622605
-0.625895	0.207173
-0.919216	0.263616
-0.245664	-0.128818
0.797255	0.759169
-0.0283893	-0.159513
-0.441212	-0.815627
0.84071	-0.37358
-0.66935	0.188582
2.29645	0.49812
0.384433	-0.21346
0.471343	-0.350272
-0.506394	0.399017
-0.951808	-0.0602429
-0.00666181	0.0370077
-0.365165	-0.166247
-0.386893	0.307295
-0.821443	0.374127
-0.289119	0.0451809
-0.506394	0.0724668
0.156294	0.745049
0.49307	0.402123
1.75326	0.274588
3.65442	0.343887
1.7424	0.528322
-0.115299	0.470665
-0.799715	-0.554564
-0.886625	-0.264003
1.68808	-0.389825
0.319251	0.312467
-0.897489	-0.583409
-0.821443	-0.71196
0.0367932	-0.0397687
1.03626	0.646054
0.916757	0.0105436
-0.908353	-0.428566
-0.897489	-0.292194
-0.615032	0.00483844
-0.397757	0.516055
0.275796	0.509219
-0.84317	0.77317
-0.875761	-0.343135
0.188886	0.121503
-0.462939	0.359723
-0.365165	0.0934887
0.0259294	0.299086
-0.962671	-0.964993
-0.419484	0.24696
-0.191345	-0.0524193
-0.191345	0.266228
0.471343	-0.119329
-0.0175256	0.468057
-0.864898	-0.317184
-0.886625	-1.72628
-0.462939	-0.264901
-0.549849	-0.0751753
-0.245664	0.450548
-0.289119	-0.0464621
-0.93008	-0.597738
-0.365165	-0.278839
-0.962671	-0.480253
-0.267392	0.309138
1.65549	0.310819
0.330114	-0.122372
-0.973535	-0.968256
-0.636759	0.574505
-0.289119	0.236801
-0.343438	0.415765
-0.223937	-0.160753
-0.93008	-0.528528
0.210613	-0.422676
-0.66935	-1.06854
-0.104436	0.0414313
-0.810579	0.228366
-0.93008	0.110356
-0.962671	-0.620238
-0.625895	-0.0871126
0.221477	0.141061
-0.908353	0.206368
-0.0718443	0.230986
-0.332574	0.512623
1.29699	-0.172464
-0.810579	0.403835
-0.354302	-0.538612
-0.0175256	-0.0475261
0.112839	-0.00810581
1.28612	0.118899
-0.517258	0.184064
-0.484667	-0.176857
-0.788851	-0.350806
-0.647623	-0.147223
-0.821443	-0.243843
-0.897489	-0.781768
-0.66935	0.47354
-0.506394	-0.493055
-0.2348	-0.0204447
-0.223937	0.410511
-0.58244	-0.382185
1.1449	0.396211
-0.354302	0.202105
-0.832306	0.434486
-0.908353	-0.595334
0.123703	0.347043
0.199749	-0.0962766
-0.636759	-0.420777
-0.0283893	0.298779
-0.84317	-0.734327
2.02486	0.496101
1.19921	0.277416
1.99227	0.384158
1.1449	0.529955
-0.202209	0.247625
1.25353	0.315767
-0.745396	-0.973405
0.960212	-0.457506
-0.593304	-1.24
1.07971	0.312232
-0.397757	0.36677
0.330114	-0.0673947
2.253	0.200225
0.210613	-0.257076
1.09058	0.629433
-0.810579	-0.765121
0.949348	0.465469
-0.864898	-0.647571
-0.951808	-0.480812
-0.995263	0.0458044
-0.680214	0.331406
-0.202209	0.0227727
1.30785	0.252483
-0.213073	0.370506
-0.40862	-0.205845
-0.430348	-0.0260904
-0.49553	-0.630566
-0.734533	-0.356288
-0.223937	0.331084
-0.484667	-0.465069
-0.0501168	0.541869
0.373569	0.345282
-0.0283893	0.176887
1.8619	0.161137
-0.680214	-1.23502
-0.625895	-0.901578
-0.14789	0.03206
-1.04958	0.122707
-0.940944	0.217638
-0.528122	0.0127944
1.34044	-0.0430386
0.721209	0.598235
-0.723669	-0.749381
-0.452075	-0.494234
-0.169618	0.412884
-0.0501168	0.11786
-0.723669	-0.306295
-0.441212	0.370069
-0.625895	-1.00083
0.101976	0.238356
-0.115299	0.489101
-0.875761	-0.996612
0.221477	-0.42155
-0.788851	-0.0607509
-0.995263	-0.804708
0.297523	-0.0803047
-0.32171	-0.0282921
-0.289119	-0.494168
-0.919216	-0.663005
-1.02785	-0.302882
-0.821443	-0.187439
-0.723669	-0.302843
-0.310847	0.467739
-0.886625	-0.486019
-0.962671	-0.573192
-0.039253	0.0930337
-0.875761	0.389684
-0.712805	0.207782
1.34044	0.212976
-0.354302	0.301869
-1.04958	-1.47389
-0.310847	-0.222123
-0.299983	0.0211596
1.7424	0.37755
0.732073	0.501271
-1.02785	-1.50239
-0.625895	0.119833
0.00420194	0.339519
-0.854034	0.0946119
-0.202209	0.571773
-0.538985	0.260603
-0.799715	-0.900325
-0.462939	0.560109
-0.919216	-1.07655
-0.00666181	0.420498
1.64463	0.107295
1.42735	0.25216
0.275796	0.229612
-0.712805	-0.00934264
0.362706	0.0626737
0.503934	-0.0599624
-0.58244	-0.0344721
0.178022	0.173631
-0.202209	0.273567
-0.745396	-0.0646226
-0.0175256	0.138364
-0.126163	-0.136289
-1.00613	-0.748923
-0.40862	0.441472
-0.299983	0.464229
-0.886625	-0.491513
0.188886	0.386409
-0.452075	0.0137742
1.27526	0.17322
-0.49553	-0.497077
-0.93008	-0.798891
-1.01699	-1.03651
-0.484667	-0.0689549
-0.115299	-0.0750964
-0.0283893	0.104653
-0.473803	-0.192855
-0.777988	0.478787
2.52459	-0.0850843
-0.745396	-0.521253
1.9814	0.350118
-0.126163	0.374985
-0.180482	-0.571013
-0.169618	0.0452582
-0.93008	0.171167
-0.484667	-0.21839
1.16662	0.0802582
1.5034	-0.02563
2.75273	0.27155
0.210613	0.157797
1.90536	0.322398
0.49307	0.402123
-0.365165	-0.416841
0.66689	0.0276416
-0.854034	-0.704914
2.93741	0.20348
1.06885	0.492637
-0.615032	-0.731735
-0.40862	0.438581
-0.832306	0.00708005
-0.864898	0.255401
-0.604168	-0.57136
0.438752	0.470557
-0.191345	-0.088007
-0.376029	0.377858
-0.897489	-0.54272
-0.452075	-0.668725
-0.897489	-0.689667
2.19868	0.59609
-0.180482	-0.171846
4.18674	0.687177
-0.0609805	0.176713
1.37303	0.138535
0.188886	0.140732
-0.604168	-0.669636
-0.886625	-0.534033
1.09058	0.350394
-0.745396	0.322192
0.275796	-0.523551
-0.58244	0.361896
-0.691078	0.151701
-0.158754	0.308403
1.85104	0.500958
-0.745396	-0.979367
0.330114	-0.103176
0.938484	0.33887
-0.104436	0.11566
-0.310847	0.224349
-0.484667	0.460387
0.221477	-0.391333
-0.767124	0.358267
2.56805	0.637681
-0.777988	-0.908802
-0.854034	-0.0925502
2.88309	0.791354
-0.58244	-0.454149
1.77499	0.34081
1.7424	0.485952
2.23127	0.45407
3.65442	0.161525
-0.615032	-0.29669
-0.984399	-0.66764
-0.647623	-0.558336
-0.919216	0.187462
1.81845	0.148886
0.188886	-0.185627
-0.973535	0.0890007
-0.951808	-0.15409
-0.256528	-0.347201
-0.84317	-1.24387
-0.962671	-0.921047
-0.58244	-0.208273
-0.864898	-0.708445
-1.03872	-0.309505
-0.571577	-0.0924681
0.112839	0.081005
0.351842	0.19313
-0.00666181	0.305348
-0.886625	-0.529723
-0.962671	-0.779313
1.13403	0.453775
-0.615032	-0.914153
-0.940944	-0.300809
0.66689	0.338241
0.0476569	-0.0314835
-0.745396	0.255069
0.362706	0.530366
-0.777988	-0.841895
-1.01699	-0.188388
1.48167	0.452523
-0.0175256	-0.509692
0.123703	-0.70987
-0.549849	-0.939054
-0.126163	0.0627307
0.742937	0.45108
1.67722	0.868172
-0.267392	-0.303775
-0.441212	-0.777344
-0.419484	0.0547517
2.731	0.839848
0.645163	0.31511
0.0150657	0.0420058
-0.636759	0.406729
1.89449	0.0711683
-0.636759	-0.00973028
-0.658487	0.0675668
-0.886625	0.0364448
-0.680214	-0.279007
0.199749	0.222341
-0.745396	0.486488
-0.593304	-0.63149
-0.66935	-1.08231
-0.506394	0.265285
-0.854034	-0.0533086
0.188886	0.15319
-0.767124	0.0309189
0.547389	0.137022
-0.745396	-0.34377
0.167158	-0.0345978
-0.93008	-0.540476
0.156294	0.539368
0.0367932	0.411869
-0.484667	0.325974
0.0476569	-0.045022
-0.082708	0.36262
-0.538985	0.633827
-0.908353	-0.712304
-0.223937	0.46423
-0.984399	-0.311943
0.254068	0.225299
0.243204	0.373242
0.449616	-0.0505462
-0.126163	0.232329
-0.484667	0.552305
-0.723669	-0.280199
0.351842	0.351061
-0.973535	-0.546992
-0.723669	-0.64492
0.601708	0.335053
1.22094	-0.0973408
1.13403	-0.130803
-0.691078	-0.723892
-0.973535	-0.0660609
1.39476	-0.290233
-0.864898	0.425712
1.12317	0.561094
-0.962671	-0.036883
-0.256528	0.247561
-0.310847	0.219875
0.775528	0.65003
-0.995263	-0.966842
2.14436	0.50778
1.03626	0.355183
-0.723669	-0.359407
-0.701941	-0.74621
-0.430348	0.379049
-0.625895	-0.269791
0.308387	-0.796452
-0.549849	0.0136303
-0.777988	0.142205
0.199749	0.339054
-0.658487	-0.899015
1.63376	0.351691
-0.245664	-0.161934
1.00367	0.385802
0.319251	-0.587832
-0.517258	0.192898
1.66636	0.436954
-0.0718443	0.041406
-0.506394	-0.197378
-0.538985	0.265604
0.178022	0.351361
-0.0501168	0.643006
-0.951808	-0.213498
0.101976	0.572869
-0.0283893	0.242922
-0.951808	0.121092
0.286659	0.129369
-0.93008	-0.379735
0.00420194	-0.196265
2.74187	0.6103
-0.875761	-0.13766
0.92762	0.370941
-0.701941	0.0339519
-0.810579	-0.553846
0.0150657	-0.397559
-0.908353	-0.0211973
1.06885	-0.0707616
-0.528122	-0.284166
-0.93008	-0.596277
-0.864898	-0.678225
1.1449	0.360872
0.732073	0.481855
-0.712805	-0.098917
1.53599	0.184618
0.601708	0.335053
0.66689	0.0573321
-0.734533	0.0571641
-0.0935718	0.22924
-0.397757	0.245928
0.275796	0.285384
-0.962671	-0.451149
-0.430348	0.406262
-0.32171	0.754546
-0.810579	-0.185758
-0.767124	-0.788021
-0.256528	0.0502506
1.03626	0.27762
1.16662	0.369902
1.48167	0.435567
-0.940944	-1.69366
0.221477	0.42039
0.123703	0.568341
1.8619	0.639119
-0.973535	-0.577267
-0.615032	0.568872
-0.332574	0.138689
-0.962671	-0.639314
0.0367932	0.194386
-0.0175256	0.476269
-0.821443	-0.00516583
-0.0501168	0.291541
0.319251	0.446685
-0.658487	0.172272
-0.419484	-0.0687969
-0.571577	0.263783
-0.658487	-0.425091
2.77446	0.349111
-0.625895	-0.558792
0.427888	0.74475
-0.528122	0.532459
1.05799	0.464169
0.188886	0.533783
-0.137027	-0.0968437
-0.940944	-0.452122
-0.354302	-1.00294
-0.636759	0.178932
0.645163	0.506378
-0.93008	-1.24013
-0.647623	-0.419708
2.27472	0.260555
2.02486	0.478018
0.460479	0.158537
-0.745396	0.546578
-0.365165	0.120439
-0.897489	-0.175204
2.70927	0.234245
0.66689	0.262662
-0.354302	0.382489
0.286659	0.0692212
-0.430348	-0.476749
0.601708	0.285452
-0.647623	0.128943
1.45994	0.286246
-0.104436	0.419018
2.01399	0.409984
-0.799715	-0.722364
-1.00613	-0.206558
-0.419484	-0.0947359
-0.919216	-0.0257705
-0.951808	-0.0145017
0.0693844	0.292601
0.406161	-0.5561
-0.636759	0.403079
-0.832306	-0.452316
1.16662	0.718524
-0.864898	-0.645606
-0.636759	0.0371668
-0.538985	0.15792
1.01453	0.845187
0.0476569	0.410071
-0.00666181	0.438673
-0.940944	-1.8314
-0.126163	-0.456335
0.0585207	-0.0502992
-0.462939	-0.208782
-0.799715	0.361054
-0.636759	0.365572
-0.32171	0.0607278
-0.376029	0.240264
0.645163	0.333012
0.0476569	-0.0600635
-0.397757	0.399914
1.18835	0.653922
-0.560713	0.397381
-1.00613	-1.16679
1.32958	0.580457
-0.93008	-0.8215
0.460479	0.658263
1.59031	0.10651
-0.75626	-0.309372
-0.354302	-0.562639
-0.647623	0.623325
0.66689	-0.129354
0.634299	0.235496
-0.267392	0.312589
-0.875761	-0.198656
-0.2348	0.512995
0.829847	-0.312411
-0.549849	-0.932226
-0.897489	-0.291651
1.22094	0.333659
0.612572	0.563173
-0.593304	0.150294
3.41542	0.553629
-0.940944	0.301755
3.77392	0.178615
-1.01699	-0.285042
0.634299	0.707739
-0.473803	-0.171878
0.373569	0.616989
-0.962671	-1.20834
0.0585207	0.390047
-0.66935	0.0938428
0.862438	-0.2766
0.145431	0.283894
-0.962671	-0.726723
-0.365165	-0.11883
-0.58244	0.201774
-0.962671	-0.353735
0.558253	-0.0905309
-0.897489	-1.14825
-0.745396	0.439975
-0.962671	0.00591212
-0.0935718	0.375107
-0.66935	0.646573
-0.376029	0.406342
-0.93008	0.217868
-0.951808	-0.282974
0.438752	0.485837
-0.397757	-1.16383
0.243204	-0.156418
-0.32171	-0.231252
0.438752	0.537946
0.482207	0.395387
-0.897489	-0.420724
0.677754	0.068874
-0.32171	0.326115
-0.104436	0.350523
2.75273	0.23772
0.145431	0.504033
-0.0283893	-0.285608
-0.84317	-0.0336502
-0.745396	-0.422103
-0.734533	-0.432545
-0.886625	0.13399
-1.00613	-1.05726
0.808119	0.146849
-0.376029	-0.532265
0.297523	0.799966
-0.310847	0.0313246
0.525662	0.21777
1.36217	0.323111
-0.082708	0.279825
-0.854034	-0.469823
-0.919216	-0.849169
-0.0609805	0.259936
-0.973535	-0.830739
-0.66935	-0.320315
-0.875761	-0.317875
0.417024	0.21941
-0.0283893	0.260064
0.547389	-0.0268282
-0.810579	-1.14938
-0.615032	-0.930621
-0.951808	-1.01238
0.764664	0.521619
-0.962671	-1.16853
-0.84317	-0.213394
-0.560713	-0.24857
0.818983	0.464461
0.677754	0.247693
-0.875761	-1.18802
-0.115299	0.0130525
-0.571577	0.544794
-0.484667	-0.380655
-0.799715	-0.169533
-0.256528	0.0266957
1.16662	0.150023
1.35131	0.130335
0.558253	0.26188
-0.430348	0.245405
0.482207	0.435654
2.98087	0.504423
0.0911119	-0.214193
-0.712805	0.023268
0.0259294	0.0869169
-1.01699	-0.0504678
-0.32171	0.233231
-0.615032	-0.21869
-0.191345	0.465576
3.20901	0.178162
0.145431	0.42785
-0.441212	-0.0185082
-0.376029	0.220726
0.178022	0.262877
-0.995263	0.415264
-0.875761	-1.01656
-0.767124	0.574407
-0.289119	0.14776
-0.571577	-0.0801132
0.167158	0.28252
-0.039253	-0.0492398
-0.908353	-0.319342
-0.0718443	0.0263093
-0.180482	0.375249
-0.897489	0.124772
0.84071	0.127764
1.04712	0.337146
1.18835	0.454862
1.1123	0.478894
0.232341	0.192655
-0.962671	-0.592699
0.362706	0.248326
0.0259294	0.534243
1.32958	0.637996
-0.973535	-0.165776
-0.832306	-0.650914
-0.788851	-0.176529
3.44801	0.710642
-0.267392	-0.0390452
4.12156	0.544376
-0.191345	-0.084119
-0.126163	0.265371
-0.984399	-0.721003
-0.691078	-0.209013
-0.951808	-0.0860777
-0.799715	-0.893975
-0.897489	-0.504531
-0.0501168	0.369486
-0.517258	0.346329
0.0150657	-0.0498658
1.2644	0.49027
-0.202209	0.0139111
0.0150657	0.437312
0.0259294	-0.15543
-0.973535	0.200548
-0.625895	0.568698
-0.723669	-0.647931
-0.984399	-0.731502
-0.821443	-0.0143393
-0.93008	0.0226723
1.28612	0.491017
-0.223937	0.296199
1.87277	0.115255
0.590844	0.166846
-0.832306	0.636888
-1.03872	-1.60452
0.351842	0.516341
2.17695	0.333425
-0.680214	0.0105051
-0.462939	-0.398925
-0.343438	-0.0205433
-0.962671	-0.828764
-0.995263	-0.691418
0.0259294	0.0130291
-0.908353	-0.155966
0.0150657	0.101989
0.286659	0.326572
-0.658487	-0.492743
-0.137027	-0.401248
-0.984399	-0.613107
0.210613	0.210673
-0.549849	-0.128072
-0.49553	0.245091
0.960212	0.378591
0.0150657	-0.285096
-0.908353	0.0778843
0.710345	0.0390727
1.05799	0.36005
-0.799715	-0.00573749
0.254068	0.413789
-0.897489	0.461074
1.01453	0.531594
-0.691078	-0.136053
0.232341	0.371466
1.52513	-0.390582
0.178022	-0.547968
0.699482	0.379295
-0.854034	-0.815721
-0.734533	-1.13423
-0.32171	0.231732
2.14436	0.321127
-0.93008	-0.794379
1.15576	-0.406038
0.427888	0.309915
0.145431	0.596641
0.210613	-0.151646
-0.734533	-0.0620707
-0.93008	-0.369823
0.319251	0.242441
-0.810579	-0.329931
-0.376029	0.199752
-0.397757	-0.447856
0.0802482	0.202652
-0.560713	-0.640718
-0.886625	-0.351484
-0.14789	0.38325
0.829847	0.074054
0.340978	-0.253118
-0.908353	-0.246294
0.677754	0.532379
-0.49553	-0.065623
-0.886625	0.420659
0.254068	0.462503
-0.712805	0.65245
-0.462939	-0.0228235
-0.473803	0.100944
0.199749	0.518661
-0.962671	-1.08111
4.05638	0.468214
-0.854034	0.424773
0.145431	-0.214649
-0.299983	-0.330885
-1.00613	-0.709597
2.32904	0.409153
-0.810579	-0.264696
-0.604168	-0.0927691
-0.0175256	0.731724
0.199749	0.357732
-0.0175256	0.199698
0.112839	0.404409
3.14382	0.528209
-0.777988	-0.819611
-0.549849	0.0451909
-0.886625	0.0647875
0.960212	0.656822
-0.767124	-0.167105
-0.571577	-0.264194
-0.962671	-0.857473
0.264932	-0.0863067
-0.691078	-0.316043
-0.951808	-0.272357
1.89449	0.0266189
-0.636759	0.474134
1.55772	0.252579
-0.560713	0.346411
-0.115299	0.529688
0.362706	0.367388
-0.84317	-0.175443
0.449616	0.143828
2.03572	0.55612
-0.734533	0.0608596
-0.940944	-0.463421
0.569117	0.25747
-0.0718443	-0.278421
-0.647623	-0.340511
1.54685	-0.0229254
-0.386893	-0.320194
-0.484667	0.433369
-0.0501168	-0.871451
-0.723669	-0.314983
0.308387	-0.108828
0.699482	0.379295
-0.332574	-0.3395
-0.66935	-0.924709
-0.919216	-0.986703
-0.604168	0.351603
-0.995263	-0.200164
1.9814	0.119911
-0.636759	0.144699
-0.376029	0.478349
-0.854034	-0.616096
0.112839	0.410699
-0.864898	-0.431724
-0.84317	-1.36179
-0.202209	0.00178037
-0.886625	-0.471359
-0.962671	0.0288583
0.178022	-0.225568
-0.908353	-0.61337
-0.799715	0.204752
1.21008	0.672498
-1.02785	-0.268883
-0.897489	-0.97108
-0.723669	-0.182098
1.53599	0.5811
0.0259294	-0.00281918
-0.875761	-0.490182
-0.202209	0.0232755
-0.126163	0.133872
-0.75626	0.125777
0.905893	0.649723
0.482207	0.476006
0.710345	0.479263
-0.962671	-0.665425
2.06831	0.455098
-0.169618	0.0602152
-0.734533	-0.328938
-0.658487	0.0977333
-0.528122	-0.561507
-0.386893	-0.124812
0.178022	-0.511166
-0.973535	-0.441118
-0.701941	0.57207
0.471343	-0.382942
-0.636759	-0.0758084
-0.126163	0.0130044
-0.647623	-0.029227
1.85104	0.539151
0.319251	-0.244609
-0.158754	-1.0632
0.199749	-0.0265372
-0.560713	-0.111589
-0.777988	-0.365371
-0.40862	0.207238
-0.430348	0.245405
-0.560713	0.452158
-0.919216	-0.454831
0.808119	0.566023
0.612572	0.670151
0.57998	0.274252
-0.517258	0.333747
0.612572	0.450222
-1.00613	-0.52435
-1.00613	-0.604907
-0.158754	0.192085
1.39476	0.779889
-0.549849	0.184217
-0.419484	-1.0438
-0.49553	0.265715
0.851574	-0.41205
0.775528	0.744826
-0.625895	0.11693
-0.0501168	0.539609
-0.875761	-0.519265
-0.593304	0.336284
0.57998	0.448098
2.15522	0.198203
-0.158754	-0.14686
-0.636759	0.111656
-0.213073	0.22216
-0.202209	0.0950224
0.438752	-0.405115
-0.528122	0.261912
-0.701941	0.566028
-0.2348	-0.254051
-0.169618	0.475021
-0.245664	0.202348
-0.115299	-0.50163
-0.571577	0.595973
-0.560713	0.308459
0.438752	-0.577255
2.83964	0.110992
0.384433	-0.141078
-0.712805	0.569536
-0.332574	0.172879
-0.854034	-0.702243
0.0367932	0.272473
-0.734533	0.501752
-0.484667	0.325974
-0.962671	-1.37096
-0.430348	-0.0329592
-0.712805	-0.098917
0.916757	0.394373
-0.66935	-0.012507
1.40563	0.284981
-0.0283893	0.481224
-0.332574	-0.727292
1.39476	0.849161
0.264932	0.259359
-0.202209	-0.24517
-0.636759	0.185945
3.23073	0.134238
-0.886625	-0.280624
-0.973535	-0.764781
-0.332574	-0.270352
-0.940944	-0.303116
0.00420194	0.277432
-0.039253	0.485757
-0.473803	0.327575
-0.538985	0.0938626
0.0259294	0.097742
-0.875761	-0.252316
-0.93008	0.227956
-0.299983	0.672194
0.0259294	0.268257
-0.821443	-0.543129
-0.832306	-0.579906
-0.202209	0.0256744
-0.951808	-0.561948
-0.0501168	0.204847
0.84071	0.328491
-0.397757	-0.388775
-0.289119	-0.00146777
-0.788851	-0.961388
-0.49553	0.280423
0.742937	0.592852
-0.875761	-0.661991
2.94828	0.458419
0.688618	-0.18352
-0.430348	0.267101
-0.452075	-0.0653777
0.992803	0.766141
1.43822	0.769977
1.39476	0.564965
-0.039253	0.0169216
0.590844	0.684456
-0.940944	-1.16443
1.84017	0.675958
0.297523	-0.969711
1.03626	0.385109
2.04659	0.522158
-0.082708	0.39187
0.00420194	0.561966
-0.723669	-0.164022
-0.701941	-0.0618743
-0.799715	0.386054
1.13403	-0.0586239
0.656027	0.676747
-0.864898	0.110593
-0.2348	0.183599
-0.625895	0.112373
1.12317	0.212797
-0.104436	-0.56611
-0.593304	0.519534
-0.289119	0.601483
0.949348	0.373021
-0.962671	-0.378863
0.438752	0.105099
0.351842	0.200806
0.634299	0.340913
-0.202209	-0.459058
-0.767124	-0.0417906
2.17695	0.454223
2.33991	0.326518
-0.441212	0.212213
-0.777988	-0.193332
0.677754	0.329131
0.0150657	0.310276
-0.615032	0.132244
0.362706	0.109336
-0.984399	0.441814
-0.745396	0.397927
-0.58244	0.379224
0.167158	0.215687
0.721209	0.160575
-0.528122	-0.727264
0.112839	-0.199147
-0.734533	0.108946
-0.832306	0.473513
-0.0283893	0.481817
-0.0718443	-0.0898139
-0.538985	-0.59159
0.775528	0.24365
0.373569	0.352906
-0.462939	-0.541712
-0.940944	-0.555482
1.61204	-0.138705
1.30785	0.252483
-0.0935718	0.0287466
-0.984399	-0.177172
-0.821443	-0.241663
-0.560713	-0.615733
1.36217	-0.0936306
-0.897489	-0.504531
-0.560713	0.488483
1.02539	0.43572
-0.430348	0.387239
-0.984399	0.272715
0.503934	0.604546
-0.66935	-1.21072
1.10144	0.529486
-0.886625	-0.552196
3.16555	0.361512
-0.473803	0.0587603
-0.734533	-0.312557
-0.0935718	-0.10997
0.243204	0.723068
3.81738	0.567481
2.80705	0.266276
1.22094	0.338793
0.742937	-0.255363
-0.615032	0.396845
1.03626	-0.0288448
0.145431	0.265006
-0.49553	-0.2378
1.99227	0.671562
-0.875761	-0.449891
-0.49553	0.185789
-0.995263	-0.402085
-0.462939	-0.669498
-0.484667	-0.65297
-0.810579	-0.788818
0.199749	0.69559
1.12317	-0.271313
0.0802482	-0.00200167
1.40563	0.459963
-0.897489	-1.02761
-0.919216	-0.806458
-0.202209	0.423406
-0.571577	-0.485047
0.406161	0.349623
0.656027	0.584872
-0.647623	-0.631285
0.384433	0.505677
0.319251	0.452311
-0.647623	-1.38546
1.5034	0.353555
0.243204	0.307452
-0.799715	0.0543667
-0.278255	-0.357783
0.0150657	0.830221
2.07918	0.254585
-0.951808	-0.361027
-0.528122	-0.291844
-0.864898	-0.372772
-0.973535	-1.05094
-0.278255	-0.174241
-0.940944	0.269357
-0.864898	-0.169248
-0.104436	-0.0515109
0.254068	-0.832198
-0.886625	0.459586
0.525662	0.13676
0.275796	-0.706968
0.351842	0.38279
-1.02785	-0.440488
1.19921	0.548442
-0.788851	0.432459
2.57891	0.239991
1.99227	0.753316
-0.854034	-0.214528
-0.886625	-0.644971
0.134567	0.446498
-0.625895	0.30825
-0.886625	-0.774479
-0.712805	-0.481253
-0.202209	0.201045
1.24267	0.301782
-0.984399	0.409242
-0.386893	-0.678822
-0.940944	0.26796
-0.832306	-1.00342
0.547389	0.14653
-0.223937	-0.508484
-0.995263	-0.340328
2.02486	0.128982
0.286659	0.168888
-0.962671	0.239911
0.00420194	-0.337501
-0.940944	-0.804998
-0.484667	-0.147733
1.28612	0.772188
-0.397757	-0.946845
-0.701941	0.0853677
-0.58244	-0.562953
0.775528	0.744826
-0.397757	-0.666415
-0.951808	-0.169094
0.558253	0.371629
-0.745396	-0.606145
1.70981	0.450473
-0.723669	-0.0362249
-0.832306	0.0045838
-0.517258	0.114537
0.0367932	0.272392
-0.84317	-0.0570495
-0.593304	-0.117303
-0.995263	0.0178759
1.48167	0.501614
-0.223937	0.0429387
0.503934	0.416299
-0.864898	-0.258835
-0.854034	-0.153487
-0.278255	0.42466
0.134567	-0.113632
-0.788851	-0.39166
-0.854034	-0.556117
-0.832306	0.297739
-0.00666181	0.0855308
1.22094	0.335062
-0.528122	-0.573572
-0.832306	-0.431924
-0.995263	-0.811048
0.612572	0.264193
-0.680214	0.321855
-0.310847	-0.105482
-0.0935718	0.680851
0.417024	-0.120372
-0.875761	0.281193
-0.604168	0.445537
-0.788851	-0.512036
0.514798	0.222286
-0.49553	0.441722
0.721209	0.107712
-0.571577	0.139217
-0.137027	0.109892
-0.886625	0.435635
0.0911119	0.537144
-0.84317	0.434417
-0.84317	-0.859021
-0.93008	0.418248
-0.973535	0.509416
0.0802482	-0.387594
0.156294	0.361735
-0.2348	-0.506373
0.00420194	-0.228253
-0.897489	-0.577962
-0.158754	0.259402
-0.0718443	0.0766374
0.167158	0.0956403
-0.452075	0.0837725
-0.799715	-0.180722
-0.93008	-0.862071
-0.625895	-0.227727
0.427888	-0.41181
0.145431	0.42785
-0.14789	-0.0543253
-0.691078	-0.129472
2.30732	0.594969
-0.951808	-0.487608
-0.951808	-0.632507
-0.995263	0.0758249
-0.962671	-1.20834
-0.951808	-0.612504
0.623435	0.0617082
1.05799	0.663565
-0.0718443	-0.0860585
-0.973535	0.0814865
-0.973535	-0.538717
-0.832306	-0.2145
-0.299983	0.609486
0.0802482	0.093102
1.45994	0.351264
0.460479	-0.234643
-0.126163	-0.192233
-0.908353	-0.939324
2.20954	0.232829
-0.223937	0.397682
2.62236	0.485965
-0.875761	-0.479307
-0.310847	0.421131
0.612572	0.267923
-0.2348	0.550323
0.112839	0.317435
-0.386893	-0.920748
-0.951808	-0.374032
-0.962671	-0.123016
-0.897489	-0.745994
-0.75626	-0.0569247
-0.0283893	0.0969343
0.0693844	0.124679
-0.104436	-0.199897
1.95968	0.327691
-0.191345	-0.173862
-0.126163	0.366191
0.645163	-0.763238
3.41542	0.557732
0.764664	0.110357
-0.58244	-0.684588
-0.332574	-0.045928
-0.354302	-0.177151
-0.951808	0.125474
-1.01699	0.149018
-0.973535	-0.584861
-0.66935	0.286971
-0.875761	-0.940388
1.85104	0.45266
-0.0175256	0.180667
0.460479	-0.114321
-0.908353	-0.383087
-0.332574	0.247225
-0.0175256	0.0079721
0.992803	0.493263
-0.256528	0.231806
1.31872	0.426193
-0.951808	-0.0388349
3.84997	0.827976
-0.223937	0.300678
-0.49553	-0.878498
-0.0283893	0.515326
-0.549849	-0.318916
1.16662	0.698135
-0.14789	0.275153
-0.40862	0.0860106
-0.386893	-0.153641
-0.299983	0.248083
-0.289119	0.381571
-0.777988	0.329194
-0.962671	-0.846612
-0.951808	-0.73113
0.112839	0.437672
-0.473803	-0.959434
-0.223937	-0.281224
-0.919216	-0.179669
-0.223937	0.12793
-0.886625	-0.403528
1.27526	0.36785
1.87277	0.096516
0.199749	-0.386386
1.37303	0.398347
-0.137027	0.0738368
-0.962671	-0.12517
0.525662	0.298555
-0.32171	0.391684
1.3839	-0.115519
3.29592	0.187584
-0.158754	0.325147
-0.332574	-0.374853
-0.767124	-0.580801
-0.213073	0.21973
-0.0175256	-0.294033
-0.430348	0.430312
0.243204	0.428666
-0.604168	-0.412719
3.74133	0.532113
-0.473803	-0.016688
-0.788851	-0.390364
1.19921	0.357123
-0.32171	0.391236
0.438752	0.348978
-0.00666181	0.650718
-0.0501168	0.45506
-0.397757	-1.08922
-0.462939	0.459459
-0.723669	-0.515297
-0.386893	-1.37604
-0.310847	0.446546
-0.93008	-0.353087
2.58977	0.418888
-0.0718443	0.156737
2.01399	0.364092
0.525662	0.456951
-0.84317	-0.273245
0.112839	-0.439171
1.35131	0.319368
-0.973535	-0.946916
-0.680214	0.474149
-0.84317	-0.530058
0.449616	0.362938
-0.984399	-0.232654
-0.58244	0.279909
2.16609	-0.100325
-0.528122	0.0330328
-0.32171	0.23927
0.438752	0.271978
-0.745396	-0.302885
-0.84317	0.271362
-0.365165	-0.13857
-0.799715	0.311345
-0.49553	0.0776362
2.56805	0.384855
-0.788851	-0.4295
-0.397757	-0.529077
-0.962671	-0.154316
-1.02785	-0.332213
0.84071	-0.123562
2.51373	0.43195
0.297523	0.140569
2.44854	0.430306
-1.03872	-1.03162
-0.810579	-0.31879
0.971075	0.146214
-0.452075	-0.313025
0.569117	0.397458
0.49307	0.488114
0.84071	0.693139
0.525662	0.36589
-0.810579	0.374109
-0.712805	-0.298667
-0.788851	-0.23191
-0.777988	-1.06474
-0.202209	-0.413999
-0.32171	-0.140429
-0.278255	0.214645
-0.799715	-1.036
1.16662	0.260126
-0.452075	0.57433
-0.788851	-0.204591
1.28612	0.358393
-0.962671	-0.740789
1.64463	0.278243
-0.854034	-0.816291
0.362706	0.304592
0.254068	-0.142057
-0.299983	0.483965
-0.864898	-0.804717
-0.908353	0.44464
1.55772	0.0645605
-0.908353	-0.975792
-0.332574	-0.0363982
2.20954	0.45312
-0.14789	-0.115943
-0.647623	-0.193607
1.12317	-0.10976
0.960212	0.390937
-0.517258	0.463813
-0.973535	-0.810376
-0.332574	-0.045928
-0.397757	0.213687
-0.0935718	0.0238792
-0.973535	0.801735
-0.854034	0.300274
-0.256528	-0.282252
-0.680214	-0.384503
-0.658487	-0.0186313
1.29699	0.283772
0.688618	0.41202
0.92762	-0.444328
-0.658487	0.0977333
1.10144	-0.102101
-0.788851	-0.48624
0.243204	0.362606
-0.984399	-0.886846
-0.430348	0.385615
-0.0175256	0.497767
-0.799715	0.19738
1.02539	0.703565
-0.701941	0.320102
-0.604168	-0.443915
-0.886625	-0.215753
0.308387	0.293249
3.49146	0.425581
2.65496	0.396756
1.19921	0.0802291
-0.560713	0.417268
-0.919216	0.475721
-0.919216	-0.849169
-0.462939	0.0982607
-0.962671	-0.330025
-0.864898	-0.954181
0.232341	0.278758
0.438752	0.472401
-0.919216	-0.570152
-0.875761	-0.121581
0.732073	-0.264296
-0.701941	0.270392
-0.647623	-0.464859
-0.701941	-1.22071
1.99227	0.577208
-0.549849	0.11772
-0.0175256	0.377655
-0.158754	-0.0431515
-0.289119	-0.126298
-0.32171	0.122783
-0.84317	-0.630573
-0.712805	-0.886665
-0.0175256	0.422258
1.19921	0.211761
0.427888	0.140264
-0.658487	0.508083
0.0150657	-0.681237
-0.951808	-0.268462
-0.919216	-0.625876
0.384433	-0.193
1.30785	0.376245
-0.93008	-0.251933
-0.267392	0.550083
-0.452075	-0.171993
-0.897489	-0.279276
-0.962671	-0.44739
2.32904	0.514715
-0.940944	-0.841098
-0.625895	0.23124
-0.213073	-0.16015
-0.647623	0.379794
-0.343438	0.172821
-0.973535	-0.709724
-0.354302	0.590264
0.547389	0.351915
0.0259294	0.782085
0.406161	0.4568
-0.973535	-0.487726
0.699482	0.432886
0.460479	0.411666
0.297523	0.317051
-0.528122	-0.0252821
0.721209	0.280623
0.471343	0.492165
-0.506394	-0.250331
0.57998	-0.11223
0.167158	0.195737
-0.636759	-0.836586
-0.560713	-0.288075
0.558253	0.146058
-0.571577	0.0389723
-0.223937	-0.0556782
0.134567	0.251836
-0.973535	-0.804149
-0.2348	-0.0673516
1.85104	0.200452
-0.973535	-0.129425
-0.897489	-1.00447
-0.256528	0.505284
-0.886625	-0.280624
0.710345	0.0378957
1.04712	0.390392
1.78586	0.328191
1.19921	0.0802291
-0.864898	0.17746
1.6229	0.580492
0.482207	-0.295548
-0.560713	-0.188241
1.06885	0.527401
0.547389	-0.330545
0.0259294	0.293413
-0.745396	-0.847559
-0.734533	0.300858
0.101976	0.0257581
-0.864898	-1.0241
-0.66935	-0.0208703
0.536525	-0.123626
-0.58244	-0.830768
2.29645	-0.207101
-0.332574	-0.452259
-0.289119	0.356901
-0.2348	0.464816
-0.180482	0.138053
1.1123	0.237348
-0.2348	0.391381
-0.832306	-0.668572
-0.777988	0.128674
-0.32171	-0.423563
2.27472	0.278866
-0.951808	-0.414047
2.17695	0.16458
-0.615032	0.362979
-0.864898	-1.256
0.57998	-0.808842
-0.984399	-0.0243342
0.134567	0.36087
-0.365165	-0.416841
-0.723669	0.146375
-0.647623	0.199586
1.25353	0.806928
-0.365165	0.487541
-0.299983	0.487846
-0.571577	-0.0416469
-0.376029	0.0994766
1.60117	0.366363
0.221477	0.352106
-0.528122	0.134263
-0.962671	-0.554126
0.797255	0.601896
-0.734533	0.560274
0.210613	0.34093
-0.082708	0.28087
-0.821443	-1.15239
0.210613	-0.287702
-0.788851	0.11972
0.57998	0.156494
-0.821443	0.183192
-0.767124	-0.416943
-0.538985	-0.33285
0.514798	0.477653
-0.854034	-0.442143
0.601708	0.554723
-0.549849	0.338492
-0.126163	0.40279
1.51426	0.140847
-0.745396	0.255069
0.0150657	-0.288139
-0.897489	-0.509431
0.0693844	0.482306
-0.082708	0.319019
-0.951808	-1.62233
0.0476569	0.344118
0.482207	0.00967571
-0.625895	0.0516201
-0.962671	-0.786492
-0.93008	-0.423552
3.81738	0.347463
0.101976	-0.939775
0.351842	0.492514
-0.908353	-0.754247
-0.810579	-0.421495
-0.777988	0.347302
0.558253	0.42415
0.525662	0.375891
0.0476569	0.00529373
-0.137027	-0.0255408
-0.680214	0.374164
-0.517258	0.184064
0.623435	0.410265
-0.137027	0.663925
-0.191345	0.299376
-0.984399	-0.833491
0.0911119	0.389481
-0.00666181	0.400199
0.0150657	-0.00602178
0.949348	0.382151
1.70981	0.265443
-0.875761	-0.920163
1.82931	0.413942
1.1123	0.20141
0.0259294	0.364845
1.1123	-0.166381
-0.919216	-1.47178
0.319251	0.543418
0.134567	-0.505163
-0.452075	0.489762
-0.560713	-0.435621
-0.213073	-0.16015
0.199749	0.357732
1.25353	0.436973
0.406161	0.388988
-0.430348	0.328891
-0.419484	-0.392476
-0.00666181	0.214454
-0.32171	0.367653
-0.191345	-0.179605
-0.734533	-0.131856
1.05799	0.273455
0.351842	-0.146047
0.482207	-0.574955
1.81845	0.407576
0.536525	0.0413858
0.818983	0.419331
-0.93008	-1.68555
-0.0935718	0.325023
1.1123	0.435258
-0.289119	-0.108908
0.57998	-0.263852
0.992803	0.226444
0.66689	-0.00085874
0.438752	0.600646
-0.354302	0.124772
1.63376	0.436649
-0.712805	-0.550418
-0.0283893	0.289316
0.00420194	0.399845
0.221477	-0.183765
-0.082708	-0.131659
-0.49553	0.150866
-0.864898	-0.254808
-0.191345	-0.12687
3.0026	0.586554
-1.00613	0.215542
0.00420194	0.337485
-0.0501168	-0.0215121
0.460479	0.615769
-0.658487	-0.522685
0.895029	0.474465
1.32958	0.333027
0.634299	0.67549
-0.332574	0.205005
-0.962671	-0.50346
0.525662	0.237764
0.514798	0.455097
0.112839	0.356261
-0.126163	0.413284
0.612572	0.264193
1.60117	-0.264186
1.48167	0.32317
-0.58244	0.545056
4.28452	0.703529
-0.58244	0.379224
-0.691078	-0.108767
-0.191345	-0.000217214
0.210613	0.514414
0.536525	-0.574825
-0.419484	-0.386993
-0.484667	-0.294824
-0.473803	0.386676
-0.560713	0.0737462
-0.538985	0.456238
0.232341	0.267605
-0.973535	-0.338433
-0.430348	0.213913
2.06831	0.397135
-0.810579	0.332923
-0.2348	-0.123735
-0.202209	-0.0963589
-0.0501168	0.40286
-0.84317	-0.622362
-0.767124	-0.0518044
-0.202209	0.571773
-0.256528	-0.985301
1.1449	0.446251
-0.962671	-0.639314
-0.886625	-0.135956
3.1221	0.402332
2.91569	0.249738
-0.506394	0.31993
-0.593304	0.249588
0.275796	0.332262
-0.636759	0.0876732
1.57945	0.320367
-0.951808	-0.65857
-0.788851	-1.10982
-0.299983	0.398078
-0.658487	0.300824
-0.202209	-0.107911
-0.777988	0.388172
0.188886	0.291583
-0.49553	0.216438
-0.84317	-0.977893
-0.49553	-0.497077
0.873302	0.498828
-0.647623	0.112201
-0.213073	0.366909
-0.723669	-0.548849
-0.082708	-0.0319675
0.417024	-0.00220706
1.21008	0.233411
-0.528122	-0.12376
-0.452075	-0.17054
-0.441212	0.425607
1.90536	0.358057
2.55718	0.374413
-0.886625	-0.255172
0.699482	0.314292
-0.821443	-1.03116
3.66528	0.0258041
-0.832306	0.411282
0.536525	0.161525
-0.940944	0.108289
-0.126163	0.161791
-0.14789	-0.130097
0.406161	0.757072
-0.897489	-0.655889
-0.32171	0.391684
1.02539	0.221015
-0.995263	-1.00515
1.48167	0.342653
-0.745396	-0.21454
0.699482	0.541835
-0.919216	-1.29323
-0.571577	-0.228889
-0.951808	-0.844405
-0.419484	0.372397
0.471343	0.648288
-0.137027	-0.56272
-0.691078	0.0330196
0.742937	0.449947
-0.14789	-0.0541711
-0.799715	-0.962999
-0.940944	-0.852072
-0.14789	0.282348
0.775528	-0.845632
0.286659	-0.549107
-0.549849	-0.245868
-0.0501168	0.0580445
-0.723669	0.574459
-0.886625	-0.369635
2.01399	0.488483
-0.908353	-0.443627
-0.832306	-0.0855313
0.0367932	0.111386
0.0585207	0.301246
1.1449	0.426066
1.19921	-0.0463139
0.286659	-0.319942
-0.84317	-0.213915
-0.549849	0.0993497
-0.2348	0.358448
-0.126163	0.431382
-0.332574	0.469144
1.09058	0.551702
-0.376029	-0.520268
-0.908353	0.310142
2.57891	0.486473
1.03626	0.372583
0.601708	0.141015
-0.864898	0.34793
0.156294	0.411879
-0.0609805	0.211119
-0.365165	0.0518796
-0.40862	0.48147
-0.126163	0.0252903
0.427888	-0.089025
-0.169618	0.317299
-0.343438	0.417141
4.38229	0.159152
-0.0283893	-0.518453
-0.788851	0.581862
-0.365165	-0.777084
-0.875761	-0.0313593
2.41595	0.683432
-0.875761	-1.07109
1.27526	0.197903
-0.832306	0.0642188
-0.962671	0.134607
-0.66935	-0.075999
0.373569	-0.389997
-0.84317	-0.95291
-0.897489	-0.738125
-0.799715	-0.410714
1.55772	0.206706
1.79672	0.649715
-0.462939	0.303253
-0.49553	-0.2378
-1.00613	-0.489458
-0.788851	0.00921412
-0.0501168	0.615523
0.0367932	-0.221053
1.15576	0.345664
-0.908353	0.00846595
-0.49553	0.110945
-0.0609805	0.327435
1.22094	0.333659
-0.723669	-0.339971
-0.712805	0.279977
-0.75626	-0.131502
-0.32171	-0.0182807
-0.289119	0.301612
-0.908353	-0.924312
-0.647623	-0.467252
-0.452075	0.495824
-0.723669	0.334679
4.29538	0.637896
-0.875761	-0.355175
-0.864898	-0.385678
-0.940944	-0.734463
-0.593304	-0.318965
0.417024	0.0913055
0.286659	0.242561
-0.919216	-0.431814
-0.386893	-0.312577
-0.441212	0.529976
1.57945	0.253066
1.6229	0.181034
-0.32171	0.0373799
-0.701941	0.579217
1.07971	0.279397
1.76413	0.468607
-0.854034	-0.731798
-0.940944	-0.920786
-0.278255	0.214645
-0.951808	-0.312276
-0.615032	-0.930621
0.677754	0.532762
-0.289119	-0.478694
2.30732	0.28649
-0.940944	-0.216717
-0.0175256	0.251637
-0.712805	0.273511
-0.962671	-0.251606
1.57945	0.256721
-0.430348	0.207856
0.406161	0.0804668
0.0259294	-0.084531
-1.07131	-1.20833
0.427888	0.29852
0.330114	0.414402
-0.93008	-0.340343
-0.549849	-0.174033
-0.517258	-0.354761
1.8619	0.103316
0.0693844	0.0888421
-0.00666181	0.517055
-0.897489	-0.548909
-0.886625	-0.715026
-0.430348	0.379819
0.547389	-0.175371
-0.0283893	0.34409
-1.00613	-1.21849
0.601708	0.296734
-0.191345	-0.179605
-0.788851	-0.599756
0.981939	0.428078
-0.897489	-1.37121
2.12263	0.319157
-0.66935	0.226214
-0.419484	0.183942
-0.191345	0.157397
-0.864898	-0.929722
-0.93008	-0.595343
-0.202209	0.293841
-0.93008	-0.069028
-0.560713	-0.230948
0.134567	0.397498
-0.169618	0.291153
-0.734533	-0.258333
2.62236	0.56513
-0.93008	-0.801744
-0.875761	-0.781155
-0.691078	0.0753686
0.112839	0.503898
0.775528	-0.0652922
-1.00613	-0.280785
-0.951808	-0.0783629
-0.680214	0.0365833
-0.810579	0.374091
-0.00666181	-0.111423
1.61204	-0.121052
-0.658487	-0.085008
-0.397757	0.0582357
-0.691078	0.238833
2.86137	0.476043
0.938484	0.478395
-0.571577	-0.438571
-0.40862	-0.478569
-0.0175256	0.417127
-0.343438	0.14198
2.93741	0.777043
-0.32171	0.132534
-0.821443	-0.16294
0.297523	0.788239
2.89396	0.541117
0.66689	0.110315
0.601708	0.24112
0.427888	0.0809647
0.558253	0.302323
-0.169618	0.148523
-0.984399	-0.878509
1.03626	0.189066
-0.430348	-0.586336
-0.039253	-0.187609
-0.962671	-0.727535
-0.517258	-0.18036
0.590844	0.669893
0.645163	-0.075895
-0.712805	-0.493599
-0.549849	0.198156
-0.104436	0.492965
0.243204	-0.0655084
-0.658487	0.502755
4.05638	0.468214
0.569117	0.215983
-0.973535	-0.232176
-0.430348	-0.62817
-0.951808	-0.463437
-0.636759	0.602449
0.558253	-0.0760102
-0.897489	-1.12008
1.37303	0.321895
-0.788851	-0.737678
-0.886625	-0.877547
1.09058	0.629433
-0.886625	-0.353005
0.0585207	0.0391042
-0.0609805	0.0662398
-0.462939	-0.476577
-0.430348	-0.532304
-0.0501168	0.308907
-0.484667	0.458426
-0.625895	-0.0660186
2.80705	0.635086
0.221477	0.324084
-0.538985	-0.642169
0.471343	0.253612
2.03572	0.0947015
0.0367932	0.385529
-0.2348	-0.538601
1.02539	-0.0150835
-0.593304	-0.160217
-0.365165	0.338741
0.362706	0.540235
-0.777988	-0.0809284
-0.615032	0.342238
-0.14789	-0.0322511
-0.66935	0.370993
-0.767124	0.421364
-0.039253	0.519027
-0.875761	0.278361
-0.93008	-0.401586
-0.886625	-0.455719
0.677754	-0.0319418
-0.919216	-0.273963
-0.799715	-0.344088
-0.386893	-0.774918
-0.84317	-0.366788
-0.2348	-0.173156
2.40509	0.522525
-0.126163	-0.619985
-0.919216	-0.37758
-0.875761	-1.81405
-0.951808	-0.787365
-0.245664	0.335494
-0.419484	-0.248826
-0.680214	-0.315379
0.438752	0.490481
-0.723669	0.304205
-0.658487	0.456511
-1.00613	0.265604
-0.951808	-0.243217
-0.386893	0.0851123
0.721209	0.173706
1.27526	0.260108
-0.0283893	0.403847
0.808119	0.0738708
0.569117	0.0880783
-0.864898	-0.971675
1.01453	0.373967
0.721209	0.398926
-0.473803	-0.00572506
0.351842	0.398536
2.60064	0.388495
-0.538985	0.147694
-0.158754	-0.0602703
0.721209	0.310762
-0.615032	-0.455108
0.0367932	0.158285
-0.854034	-0.189259
-0.343438	0.443122
0.178022	0.213446
-0.636759	-0.104486
0.482207	0.651919
-0.875761	-0.086896
0.134567	0.277592
0.916757	0.212233
-0.886625	-0.626255
-0.984399	-0.909156
0.992803	0.444567
-0.680214	0.456757
-0.082708	0.47002
0.406161	0.757072
-0.310847	0.385241
-0.854034	-0.822986
-0.58244	0.545056
-0.984399	-0.681178
-0.973535	-1.80046
1.52513	0.68444
-0.560713	-0.301405
-1.01699	0.313271
-0.691078	-0.523536
-0.93008	-1.70392
2.253	0.535989
0.297523	0.401307
2.11177	0.131613
-0.169618	0.0188282
0.905893	0.498325
0.319251	-0.447645
1.79672	0.379479
-0.75626	0.522923
1.59031	0.461602
0.275796	0.325575
-0.745396	-0.246726
-0.777988	-1.05655
0.232341	0.453773
-0.723669	0.194453
1.87277	0.417228
-0.995263	-0.286361
-0.93008	-0.717366
-0.680214	-0.274441
0.873302	0.294958
-0.701941	-0.0191559
-0.908353	-0.277984
-0.332574	-0.494433
-0.506394	0.518626
-0.701941	-0.302648
-0.832306	-0.123071
-0.0935718	0.0368584
2.38336	0.207799
-0.995263	-0.499005
2.55718	0.681587
1.02539	0.382802
1.10144	-0.0655662
1.5034	-0.02563
-0.93008	-0.157229
-0.299983	0.317319
-0.245664	0.055107
-0.604168	-0.167353
-0.256528	0.212905
0.395297	-0.151432
-0.506394	-0.928027
0.818983	0.471862
-0.365165	0.522164
1.39476	0.165696
-0.332574	0.421705
0.0693844	0.00683004
-0.0609805	0.272573
3.49146	0.293341
-0.14789	0.326034
-0.354302	-0.345289
-0.506394	0.210925
-0.256528	-0.0851813
-0.0283893	0.0600765
-0.832306	-0.110964
0.00420194	0.0215063
0.0259294	-0.1399
-0.397757	-0.176375
0.0476569	0.0914658
-0.658487	0.464867
-0.712805	0.353814
0.916757	-0.147378
-0.0283893	0.114735
-0.777988	-0.796353
-0.00666181	0.0143877
-0.397757	0.143646
0.710345	-0.0127132
-0.32171	0.484986
-0.245664	-0.0752329
-0.788851	-0.926525
-0.940944	-1.18811
1.29699	0.336625
0.438752	0.188357
-0.93008	-0.696807
-0.734533	0.189687
-0.397757	0.392861
-1.00613	-0.772875
-0.777988	-0.0480015
-0.223937	-0.152257
0.92762	0.476321
-0.897489	0.436681
-0.32171	-0.359354
-0.397757	0.282299
0.123703	0.414188
-0.2348	-0.225583
-0.799715	0.264172
-0.452075	0.0427399
0.199749	0.0408064
-0.604168	-0.408264
0.558253	0.394895
-0.821443	-0.194186
-1.00613	-0.45155
-0.191345	0.22264
-0.419484	-0.173488
-0.777988	0.103682
1.79672	0.57058
1.57945	0.298457
-0.169618	-0.0380806
-0.158754	0.285811
0.688618	0.123536
-0.180482	0.576567
-0.0609805	0.669761
0.351842	0.0357881
-0.376029	0.349349
4.05638	0.106647
3.92601	0.489328
-0.180482	-0.230779
1.7424	0.673366
-0.701941	0.0613858
3.26333	0.714258
-0.962671	0.274274
-0.951808	0.543561
1.12317	0.5165
2.41595	0.683432
1.5034	0.300804
-0.354302	-0.531936
-0.506394	-0.166891
0.221477	-0.123708
1.79672	0.554316
1.61204	0.525637
-0.93008	-0.140612
1.79672	0.345307
0.916757	0.265256
-0.810579	0.0902193
0.210613	-0.221727
-0.788851	0.435093
-0.680214	0.321855
-0.0935718	0.611788
-0.810579	0.470127
-0.104436	0.282539
-0.984399	-0.643221
-0.354302	-0.582957
1.15576	0.74568
1.61204	0.425008
2.55718	0.779482
-0.919216	-0.710056
-0.93008	0.205579
0.732073	0.436422
-0.854034	-0.0804764
1.31872	0.188109
-0.984399	-0.829615
-0.441212	-0.314996
0.7538	0.488358
-0.951808	-0.768069
0.623435	0.175942
-0.908353	-0.74377
-0.039253	0.343523
-0.940944	-0.294421
-0.473803	-0.0205855
0.971075	0.469708
-0.560713	-0.484776
0.167158	0.365297
1.5034	0.26165
0.0693844	0.113162
-0.484667	0.514959
-0.875761	-0.779742
-0.528122	0.139236
1.41649	0.358388
-0.712805	-0.451078
0.427888	0.0476946
-0.854034	-0.516198
-0.734533	-0.432545
-0.701941	0.44719
0.905893	0.424786
-0.864898	-0.536834
-0.897489	-1.14825
-0.886625	-0.943577
-0.919216	-0.165634
1.54685	-0.0816571
-0.571577	-0.310748
-0.452075	0.474597
-0.126163	0.00927967
-0.810579	0.311121
-0.995263	0.0284521
0.471343	0.329521
0.721209	0.0780249
0.134567	0.419384
-0.354302	-0.520501
0.558253	0.371041
-0.691078	0.522113
-0.256528	0.090327
-0.593304	0.0471102
0.00420194	0.457952
0.645163	0.403889
-0.832306	-0.0628706
0.232341	0.159565
1.03626	0.0201399
-0.734533	-0.647845
-0.538985	-0.269138
-0.202209	0.312283
0.395297	-0.0680577
-0.560713	-0.406859
-0.538985	0.528377
-0.528122	0.188794
-0.278255	0.127175
1.43822	0.619191
1.57945	0.34152
-0.484667	0.198992
-0.940944	-0.723774
-0.441212	0.492624
-0.0283893	0.272916
0.112839	-0.0068995
-1.00613	-0.474407
-0.49553	0.228609
-0.832306	-0.548927
-0.484667	0.247586
-0.256528	-0.133424
1.16662	0.336929
-0.560713	-0.270115
0.710345	-0.0127132
2.17695	0.454223
0.351842	0.0902509
-0.473803	0.483175
-0.864898	0.331349
-0.245664	-0.740805
0.286659	-0.184602
-0.00666181	0.404019
0.156294	-0.132163
-0.788851	0.402558
-0.940944	-0.183563
0.938484	0.386726
0.297523	0.338723
0.7538	0.389839
-0.137027	0.391733
0.221477	0.217127
-0.854034	-0.40934
0.167158	-0.288663
-0.897489	0.15231
0.406161	0.225029
2.52459	0.162727
-0.995263	-0.811332
-0.538985	-0.387709
-0.40862	0.305902
0.156294	-0.206922
0.808119	-0.032558
-0.875761	-0.543664
4.27365	0.483595
-0.854034	0.33568
-0.973535	0.38724
1.06885	0.0508997
-0.223937	0.031339
0.818983	0.33173
0.569117	0.4113
0.0259294	0.4028
-0.951808	0.386756
1.16662	0.494727
0.0802482	0.446582
-0.908353	-0.386045
-0.767124	-0.741727
-0.365165	0.664779
-0.712805	0.569536
0.558253	0.0912002
-0.104436	0.256946
-0.908353	-0.500033
0.188886	0.319618
-0.365165	-0.0652518
-0.430348	-1.26151
-0.854034	-0.988338
-0.647623	0.546537
-0.245664	0.238081
0.00420194	0.308507
-1.01699	0.378455
0.362706	-0.289762
0.373569	0.594504
0.395297	0.390341
-0.810579	0.106685
-0.549849	-0.208617
-0.658487	-1.40996
-0.0935718	-0.415334
1.03626	0.183234
0.319251	0.13291
-0.940944	-0.99765
0.949348	0.485494
-0.473803	0.246947
1.68808	0.310223
-0.549849	-0.80263
1.1123	-0.238086
-0.973535	-0.480032
-0.354302	-0.613672
-0.191345	-0.252685
-0.767124	0.0679147
-0.213073	0.405969
0.449616	0.33812
-0.58244	-0.107578
0.49307	0.496905
0.49307	0.581453
-0.940944	-0.860018
-0.940944	0.133483
0.362706	0.548466
-0.886625	-0.382984
1.29699	0.277537
-0.951808	-1.34761
2.20954	0.31527
-0.137027	-0.210467
0.873302	0.294618
0.199749	-0.0871782
0.275796	0.44526
-0.93008	-0.8215
-0.473803	0.20403
1.85104	0.422632
-0.886625	-0.552197
-0.430348	-0.614013
-0.66935	0.320054
0.482207	0.606775
-0.58244	-0.573871
-0.430348	-0.0922
-0.973535	-1.80046
-0.32171	-0.510453
-0.365165	0.273715
0.286659	0.20917
-0.799715	-0.740548
1.03626	-0.0372076
0.764664	0.339147
-0.343438	0.604387
-0.32171	-0.239543
0.308387	-0.911689
-0.995263	-0.812938
1.56858	0.283283
-0.636759	0.517154
-0.40862	-0.0363882
0.188886	0.313972
-0.0718443	-0.274669
0.0367932	-0.167201
-0.104436	-0.474332
0.134567	0.424084
-0.995263	-0.296616
-0.386893	0.359299
1.07971	0.127338
-0.430348	0.244986
-0.701941	0.661219
0.503934	0.00700361
0.0259294	-0.470868
-0.299983	-0.639048
-0.875761	-0.470693
-0.984399	-0.662852
1.91622	0.241749
0.677754	0.241579
-0.734533	-0.968381
1.12317	0.5165
2.58977	0.595017
0.145431	-0.0444716
3.7196	0.533405
1.27526	0.497999
-0.854034	-1.04179
0.156294	0.451974
-0.810579	-0.293049
-0.126163	-0.211377
0.330114	0.684147
-0.40862	-0.631224
0.797255	0.759169
-0.680214	0.461245
-0.299983	0.107157
-0.767124	-0.84812
0.710345	-0.0615544
-0.897489	-0.246846
-0.75626	-0.0569821
-0.723669	-0.0853196
-0.40862	0.229674
-0.180482	0.371036
-0.821443	-0.330887
-0.680214	0.478012
0.677754	0.443889
-0.832306	0.250005
-0.2348	-0.403861
0.297523	-0.140018
-0.919216	-1.47178
-0.734533	0.240194
-0.777988	0.490283
0.254068	0.404027
0.460479	0.273156
-0.897489	0.0202557
0.221477	0.0523237
0.601708	-0.161908
-0.202209	0.621215
-0.571577	0.172567
-0.951808	-0.268462
-0.832306	-0.712364
-0.908353	-0.565464
-0.158754	0.17718
-0.84317	-0.528012
-0.973535	-0.719943
-0.788851	0.178944
1.66636	0.533828
-0.332574	-0.573881
-0.039253	0.485757
2.47027	0.47231
1.03626	0.454631
0.0476569	0.369955
0.384433	-0.374115
2.90482	0.0266029
2.11177	0.559185
0.330114	0.109787
-0.0718443	0.346947
-0.854034	-0.423028
-0.93008	-1.01035
-0.777988	-0.218749
-0.2348	0.550323
-0.951808	-0.262319
1.13403	-0.0864908
-0.973535	-1.18633
-0.897489	-0.643687
1.12317	0.367246
-0.00666181	0.233054
0.0693844	-0.166635
-0.75626	0.578453
-0.951808	-0.0180161
-0.299983	0.0369082
0.232341	0.550777
2.11177	0.147712
-0.0935718	0.14205
-0.897489	-0.100754
1.30785	0.00641119
-0.984399	-0.146373
-0.2348	-0.503348
-0.223937	-0.234702
-0.647623	-0.577234
-0.691078	0.669405
-0.919216	0.25886
-0.473803	-1.1045
-0.158754	-0.27602
-0.082708	-0.0673012
0.0150657	0.476474
-0.484667	0.176572
-0.701941	0.418451
0.0259294	0.437932
-0.636759	-0.257587
1.99227	0.397129
-0.821443	-0.366336
-0.636759	-0.445803
-0.2348	0.334054
1.18835	0.436255
-0.169618	0.295181
0.0911119	-0.214193
0.00420194	0.59717
-0.788851	-0.440959
-0.712805	-0.886665
0.134567	0.406534
-0.549849	-0.62978
-0.995263	-0.791726
-0.962671	-0.181993
-0.169618	0.409684
-0.810579	-1.57573
-0.93008	-1.45157
-0.767124	-0.167105
-0.84317	-0.367923
1.55772	0.260891
-0.788851	-0.556513
-0.376029	-0.724117
-0.908353	-0.468347
1.57945	0.521079
1.79672	0.490111
0.92762	0.377892
-0.625895	0.526638
-0.984399	0.120141
-0.908353	0.00122492
-0.0175256	0.150997
-0.58244	-0.746531
-0.0175256	0.0430653
-0.137027	0.0218651
-0.691078	-0.160994
-0.984399	-0.120135
-0.886625	-1.56432
-0.625895	0.156084
0.297523	-0.0273558
0.786392	0.562012
-0.864898	-0.502235
0.949348	0.531192
0.449616	0.633888
-0.973535	-0.922791
0.0150657	0.3684
0.254068	0.652734
-0.93008	-0.369579
0.427888	0.469218
-0.593304	-0.212194
-0.995263	-0.230635
-0.919216	-0.659951
-0.636759	0.105052
-0.0718443	0.427542
0.601708	0.127657
-0.93008	-1.2051
-0.919216	-0.660387
0.49307	0.307588
0.308387	0.424717
2.24213	0.570043
-0.604168	0.169872
0.123703	0.601743
1.51426	0.0329462
-0.84317	-0.447329
0.0259294	0.365449
-0.734533	0.0134966
-0.908353	-0.551847
-0.49553	-0.235761
0.732073	0.22424
-0.84317	-0.348596
-0.75626	0.248552
0.590844	-0.203164
-0.223937	0.487866
-0.701941	-0.923749
-0.995263	-0.90018
1.49254	0.727713
-0.386893	0.192614
-0.441212	0.227644
-1.01699	-1.61255
-0.386893	0.0774018
-0.538985	-0.341204
-0.625895	0.446315
-0.951808	-0.765115
-0.647623	-0.173333
-0.995263	-0.406468
-0.886625	-0.737099
-0.723669	-0.302843
0.981939	-0.100701
-0.40862	0.270119
-0.484667	-0.0265837
-0.082708	-0.118168
-0.832306	-0.351596
-0.832306	-0.254571
-0.908353	-0.759684
2.03572	0.71055
-0.832306	-0.00893244
-0.0935718	-0.337976
-0.810579	-0.178349
-0.995263	-0.415069
0.0150657	-0.201041
-0.93008	-0.568671
1.79672	-0.0831477
-1.03872	-1.0373
0.286659	-0.147849
0.851574	0.336833
3.2416	0.480228
0.895029	0.0350495
-0.75626	0.146237
-0.40862	0.338676
0.340978	-0.571735
0.319251	-0.587832
0.286659	0.0756358
-0.484667	0.456353
0.808119	0.0915212
-0.14789	0.464188
-0.419484	0.450385
-0.810579	-1.03856
0.721209	0.509995
-0.158754	0.24878
-0.0501168	-0.600045
-0.202209	0.71262
-0.299983	0.588826
-0.951808	-0.414549
-0.0175256	-0.45122
0.101976	0.32392
-0.940944	0.0342784
-0.832306	-0.751727
1.40563	0.329851
-0.0283893	0.420968
0.764664	0.292365
2.70927	-0.183671
0.0693844	0.517662
-1.03872	-0.299768
-0.897489	-0.144604
-0.973535	-0.808937
1.1449	0.469302
-0.908353	0.247112
-0.886625	-0.516377
-0.354302	0.481398
-0.245664	-0.381327
-0.386893	0.0584746
3.61097	0.556781
0.66689	-0.158355
-0.0935718	-0.365633
-0.202209	0.530338
0.742937	0.125284
-0.875761	-0.470392
0.0259294	0.589833
0.00420194	-0.676311
0.656027	0.197536
-0.213073	0.210803
-0.864898	0.43312
0.656027	0.460037
1.07971	0.420421
-0.821443	0.176166
-0.365165	-0.388968
0.808119	0.419112
0.395297	0.375315
-0.0283893	-0.248994
-0.517258	-0.564666
-0.126163	0.280443
-0.821443	0.304815
-0.832306	-1.00303
1.35131	0.319368
-0.734533	-0.145397
-0.169618	-0.148422
-0.039253	-0.0974706
0.145431	-0.0444716
0.471343	0.242486
0.243204	0.261329
-0.126163	0.20758
1.7424	0.447344
0.84071	0.20298
-0.354302	0.533695
-0.310847	0.0197954
-0.506394	0.471396
-0.832306	-0.284058
-0.419484	0.284792
-0.0283893	0.142283
-0.951808	-1.04144
1.6229	0.515406
0.57998	0.390473
0.57998	0.347913
-0.973535	-0.775331
0.134567	0.277592
0.232341	0.122559
-0.691078	0.613551
0.471343	0.302642
-0.973535	-0.688726
0.167158	0.241776
-0.223937	0.0486842
2.02486	0.573337
-0.386893	-0.113222
1.15576	0.368027
-0.278255	0.0783972
-0.484667	0.192645
0.188886	-0.179341
0.460479	-0.436436
1.77499	-0.0697507
2.12263	0.402578
-0.571577	0.50973
-0.14789	0.195541
-0.604168	0.468679
-0.734533	-0.685673
1.68808	-0.101245
-0.517258	0.482112
-0.571577	-0.348381
3.39369	0.665461
-0.940944	0.522064
0.688618	0.432975
0.427888	-0.569809
-0.115299	0.377592
-0.951808	-1.2964
-0.745396	0.158083
-0.940944	0.28749
1.16662	0.221601
-0.821443	0.111877
1.55772	0.383953
-0.984399	-0.357516
-0.625895	-1.6513
0.0150657	0.101989
0.0585207	-0.0680335
0.243204	0.0739759
0.699482	0.421953
0.145431	-0.188469
0.395297	0.0980281
-0.310847	0.384657
-0.560713	-0.0604311
2.26386	0.200082
-0.854034	-0.342326
-0.14789	0.389288
-0.84317	-0.258875
0.0802482	0.0170961
0.0585207	-0.170994
-0.506394	-0.158174
-0.875761	-0.366742
-0.897489	0.0783893
-0.777988	-0.308581
1.39476	-0.174239
-0.908353	-0.680081
1.67722	0.279982
0.797255	0.105699
0.0367932	0.158285
0.340978	0.419333
-0.875761	-0.480088
-0.897489	-0.699191
-0.126163	0.702962
-0.49553	-0.397243
-0.908353	-1.59216
-0.691078	0.314907
-0.430348	0.394391
0.7538	0.143766
1.87277	0.349382
0.569117	-0.410752
-0.93008	-1.27821
1.39476	0.455837
3.61097	0.727351
-0.745396	-0.310071
0.0585207	-0.438128
1.41649	-0.240617
-0.908353	0.0575523
-0.473803	0.0337413
0.438752	0.52339
-0.039253	0.333647
0.569117	0.286718
3.01346	0.0782078
-0.897489	-0.999488
-0.14789	0.0557077
0.503934	-0.226923
-0.593304	-0.127235
-0.039253	0.215182
1.09058	-0.0264901
0.612572	0.182505
-0.49553	0.262263
-0.376029	0.141474
-0.49553	0.307756
-0.962671	-0.343023
0.232341	0.521573
0.0259294	-0.469215
-0.0283893	0.304905
1.90536	0.575935
1.03626	0.225721
-0.810579	-0.264361
-0.810579	0.0870756
-0.908353	-0.27045
-1.01699	-0.761589
0.308387	0.498722
0.221477	0.763051
-0.84317	-0.0343667
-0.940944	-0.127103
-0.777988	-0.365639
-0.940944	-0.769034
-0.571577	-0.100259
-0.832306	-0.233169
0.188886	-0.163616
-0.799715	-0.230786
0.57998	0.367481
-0.419484	0.351337
1.00367	0.616612
-0.701941	-0.503596
0.7538	-0.0776848
-0.864898	-0.204691
-0.886625	0.2861
-0.734533	-0.252605
-0.506394	0.549854
0.688618	0.49428
-0.647623	-0.813645
-0.897489	0.120338
0.0911119	0.519206
-0.788851	-0.0619757
-0.528122	0.508935
-0.701941	0.276661
-0.169618	-0.110421
-0.821443	-0.0527893
0.210613	0.33297
0.981939	-0.0527238
-0.169618	0.0602152
-0.376029	-0.844789
0.547389	0.426051
0.0150657	0.404075
0.145431	0.0470532
-0.0609805	-0.28467
-0.354302	0.51792
0.525662	0.138814
-0.93008	-0.0762471
0.134567	0.165114
0.612572	0.260119
0.373569	0.344814
-0.560713	0.190198
0.308387	-0.110698
-0.75626	-0.722525
-0.484667	0.187482
1.05799	0.595143
0.112839	0.476163
0.373569	0.550455
-0.767124	-0.119649
0.232341	0.342178
-0.506394	0.0936814
-0.875761	-0.924798
-0.593304	-0.0759406
0.00420194	-0.327328
-0.810579	-0.162079
-0.32171	0.41915
1.37303	0.696592
-0.593304	-0.276503
-0.278255	0.109092
1.06885	0.185042
1.21008	0.198423
-0.93008	-0.458704
-1.00613	-0.241363
-0.115299	0.255014
-0.2348	0.25671
1.55772	0.214662
-0.821443	0.0345297
-0.75626	0.105209
-0.430348	0.412955
-0.202209	0.114858
0.286659	0.356178
-0.951808	-0.185256
-0.386893	0.433159
-0.84317	-0.401007
-0.00666181	0.517055
-0.332574	0.247225
-0.289119	0.204806
-0.00666181	-0.981806
0.503934	-0.454613
-0.875761	-0.0415922
-0.40862	0.532397
-1.00613	-1.0025
-0.289119	-0.153479
-0.441212	-0.376032
-0.310847	0.486677
-0.886625	-1.04881
-0.452075	0.307013
-0.549849	0.472572
2.492	0.350818
-0.636759	0.0448784
0.92762	0.170335
-0.908353	0.0651788
-0.788851	-0.656294
0.264932	0.26328
-0.0718443	0.0653645
0.351842	-0.0806552
1.24267	0.0158488
-0.180482	0.383493
-0.299983	-0.323211
-0.473803	0.385575
1.51426	0.44956
-0.256528	0.437576
0.0911119	0.194294
-0.625895	-0.213688
-0.0935718	0.354545
-0.039253	-0.023862
-0.615032	-0.914153
0.0476569	-0.307381
-0.821443	-0.020591
0.503934	-0.126144
-0.452075	0.461917
-0.00666181	0.0216819
1.53599	0.323394
1.93795	0.544077
-0.810579	-0.182463
-0.691078	0.260363
0.623435	0.806933
-0.376029	0.418937
1.45994	0.286246
-0.647623	-0.137958
0.884165	0.512211
-0.647623	0.605152
-0.636759	-0.661732
-0.0718443	-0.209338
-0.93008	-0.950377
-0.137027	-0.0279263
0.123703	-0.398333
-0.897489	-0.378731
1.19921	0.542413
0.797255	0.400361
-0.299983	0.431986
-1.01699	0.504524
-0.0609805	0.11258
-0.528122	0.290898
-0.278255	0.214471
-0.636759	-1.25406
0.732073	0.377754
0.101976	-0.387752
0.775528	0.236647
0.514798	0.464385
-0.58244	-0.155981
1.3839	0.264356
-0.615032	0.251404
-0.267392	-0.363226
-0.658487	0.464867
-0.84317	-0.364428
1.30785	0.445119
-0.14789	0.587861
-0.940944	-0.66488
-0.615032	-0.385818
0.319251	0.320924
-0.310847	-0.000565667
-0.397757	0.555727
-0.00666181	-0.150463
-0.538985	-1.5761
-0.082708	0.247014
-0.484667	-0.0456131
0.210613	0.327774
-0.951808	-0.219361
-0.908353	0.872358
-0.908353	0.247112
-0.940944	0.0829689
1.03626	0.460594
-0.951808	-0.00616105
0.156294	0.385655
-0.615032	-0.300477
0.0476569	0.376041
-0.767124	0.237678
-0.951808	-0.617334
-0.517258	0.245624
-0.376029	0.168259
-0.14789	-0.36585
-0.788851	0.460846
-0.962671	-1.04248
-0.615032	0.251404
-0.506394	0.354212
-0.875761	-0.0761956
-0.875761	-0.376878
1.28612	0.38921
1.21008	0.152986
-0.0935718	-0.517113
1.92708	0.507853
0.178022	-0.00646912
-0.354302	-0.270919
3.49146	0.352569
-0.84317	-0.741143
1.24267	0.630491
2.44854	0.523849
-0.00666181	0.151309
-0.223937	0.224524
-0.691078	-0.0213936
0.7538	0.0867677
-0.484667	-0.710366
-0.723669	0.0955292
0.764664	0.208178
-0.908353	-0.049392
0.721209	0.408222
2.26386	0.35351
0.482207	-0.178886
1.9814	0.418752
-0.951808	-0.442347
-0.213073	0.348068
1.12317	0.212797
0.0802482	0.148716
-0.365165	0.0323405
-0.158754	0.475935
-0.202209	-0.0999062
-0.625895	-0.113286
-0.202209	0.0573657
0.808119	0.566023
0.938484	0.369125
1.59031	0.590095
-0.93008	-0.410618
0.275796	-0.128695
-0.66935	-0.914079
1.82931	-0.198858
-0.528122	0.342312
0.275796	0.194126
-0.267392	0.345622
-0.745396	-0.493366
-0.538985	0.0687764
-0.039253	0.310419
0.351842	0.0531505
-0.365165	-0.235488
-0.430348	0.416814
-0.430348	-0.102578
-0.169618	0.238073
1.04712	0.176685
-0.191345	0.232525
-0.528122	0.632522
-0.625895	0.202136
-0.223937	0.0486842
-0.940944	-0.815123
0.00420194	0.161109
-0.93008	-0.0762471
-0.430348	-0.316942
5.03412	0.178992
-0.984399	-0.85154
0.764664	0.706374
-0.636759	-0.693741
-0.354302	0.429418
-0.777988	-0.20072
-0.854034	0.0881937
-0.75626	-0.197274
-0.332574	0.125652
0.699482	0.16702
-0.538985	-0.0830471
0.340978	0.243581
-0.00666181	0.436851
-0.202209	-0.545439
0.330114	-0.460264
1.17749	0.18755
-0.126163	-0.403239
-0.897489	-0.689894
-0.973535	-0.812258
0.808119	0.269933
2.50286	0.588705
1.92708	0.389695
-0.919216	-0.427233
-0.940944	-0.765512
1.22094	0.359852
-0.919216	-0.558508
-0.484667	0.722481
0.482207	-0.156271
-0.93008	-0.420284
-0.506394	-0.163709
3.89342	0.046784
-0.441212	-0.716955
1.55772	0.649243
1.3839	0.416264
0.0150657	0.0255565
-0.854034	-0.455597
-0.376029	-0.298714
0.49307	0.315057
-0.734533	0.189687
0.0693844	0.0347103
0.938484	0.519639
-0.549849	0.175787
0.145431	0.281646
1.53599	0.496397
0.829847	0.074054
-0.2348	-0.464457
-0.777988	-0.867092
0.123703	0.115801
-0.00666181	0.533578
-0.658487	-0.784269
-0.712805	-0.211441
-0.0283893	0.388848
-0.571577	-0.363594
0.264932	0.325858
-0.93008	-0.651926
-0.0175256	0.383132
-0.897489	-0.284962
1.63376	-0.0495245
-0.289119	0.296194
3.14382	0.349524
-0.691078	-0.523536
-0.0175256	0.0983206
1.27526	0.20098
-0.897489	-0.175204
1.92708	0.0294391
1.63376	0.41546
-0.908353	0.108966
-0.0175256	-0.45122
1.19921	0.0802291
0.645163	0.0423858
0.427888	0.266971
-0.636759	-0.168581
-0.680214	0.341834
-0.951808	-0.818856
-0.223937	0.399422
-0.908353	-0.22398
0.210613	0.68301
1.45994	0.274681
0.590844	0.397311
-0.680214	0.491389
2.79618	0.485048
-0.940944	0.187769
0.960212	-0.177751
2.58977	-0.0645545
1.16662	0.241829
-0.158754	0.24878
0.808119	0.111877
1.35131	0.448879
-0.854034	-0.160092
0.84071	0.279616
-0.995263	-0.564438
-0.66935	0.0533312
-0.549849	-0.142515
2.11177	0.175815
-0.0609805	0.327435
-0.636759	-0.719325
-0.908353	-1.03294
0.971075	0.0373705
1.44908	0.107896
1.59031	0.538325
-0.571577	0.292724
-0.647623	-0.563736
0.471343	0.144794
-0.365165	-0.741519
-0.256528	0.236648
0.525662	0.393362
1.16662	0.346398
0.123703	0.489606
-0.604168	-0.00752049
-0.397757	-0.0390485
0.112839	0.577121
-0.951808	-0.624136
0.623435	0.702235
1.34044	0.529806
0.775528	0.373537
1.63376	0.36346
-0.745396	-0.479462
-0.354302	0.196087
-0.691078	0.525118
-0.528122	0.102132
-0.712805	0.0127136
-0.908353	-0.562977
3.1221	0.311423
0.134567	0.337126
-0.593304	-0.330962
0.351842	0.53198
-0.104436	0.528155
-0.691078	0.318423
0.818983	0.0689224
-0.615032	-0.532291
-0.289119	-0.82444
-0.386893	0.390354
0.677754	0.0770078
1.48167	0.244004
0.0802482	-0.238759
-0.962671	-0.8106
-0.897489	-0.290767
1.35131	0.373286
0.938484	0.519639
-0.973535	0.461077
0.808119	0.441677
1.35131	0.417465
-0.430348	0.449244
1.35131	0.582191
-0.658487	0.0423022
0.0476569	0.344118
-0.593304	0.0527744
-0.875761	-0.673139
-0.039253	0.336522
-0.169618	-0.323695
-0.951808	-0.605659
-0.854034	-0.518371
-0.984399	-0.654436
0.601708	0.300184
-0.984399	-0.359131
-0.039253	0.107885
-0.202209	-0.559968
1.03626	0.475483
-0.40862	-0.176356
-0.886625	-0.53524
-0.310847	0.522686
0.112839	0.523642
0.57998	-0.441569
0.156294	0.230543
-0.549849	-0.62022
-0.32171	-0.298062
0.101976	0.230315
-1.01699	0.0314057
-0.984399	-0.655004
-0.767124	0.328675
0.829847	-0.000253606
-0.832306	0.368629
-0.973535	-0.272065
-0.560713	0.0737462
-0.2348	0.305438
0.101976	0.403972
-0.267392	0.420615
0.612572	0.243713
-0.245664	-0.281175
-0.854034	-0.446113
-0.604168	-0.705525
1.13403	0.494675
-0.919216	-0.179669
-0.93008	-0.246713
-0.0718443	-0.0262558
-0.951808	-0.655775
-0.191345	-0.0344873
-0.289119	-1.31381
-0.299983	0.128351
1.3839	0.551834
-0.723669	-0.130298
-0.365165	0.466895
-0.701941	-0.225249
1.44908	-0.329351
0.960212	0.490695
-0.919216	-0.254676
-0.962671	0.1662
-0.84317	-0.825383
-0.962671	-0.760325
-0.723669	0.235821
-0.821443	-0.257328
-0.169618	0.201432
-0.680214	-0.26934
-0.84317	0.381541
0.275796	0.240747
1.61204	0.42744
-0.397757	0.605948
-0.767124	0.0371865
-0.332574	-0.157782
1.39476	0.27034
1.06885	0.384399
-0.712805	0.464388
-0.93008	-0.0748468
-0.571577	0.0702713
-0.180482	-0.0266304
-0.962671	-0.588995
-0.821443	0.244795
0.84071	0.253923
-0.137027	0.0181345
1.23181	0.322085
-0.908353	-0.0157795
-0.919216	-0.721957
-0.962671	-0.433507
-0.615032	0.356826
-0.919216	-0.0844821
-0.973535	-0.713198
1.56858	0.00080512
-0.452075	-0.921165
-0.832306	-0.967506
-0.973535	-0.0362423
-0.49553	-0.312552
-1.00613	-1.53666
-0.571577	0.405035
-0.940944	-1.11064
-0.897489	-0.0528409
3.26333	0.463132
-0.40862	0.298178
1.42735	-0.171482
0.340978	0.0712767
-0.788851	-0.0358884
-0.712805	-0.330483
0.0259294	0.293413
0.971075	-0.0950708
-0.14789	0.324788
-0.00666181	0.0357407
0.786392	0.340704
-0.223937	-0.0972174
0.514798	0.497676
-0.908353	0.403898
0.623435	0.409156
-0.897489	-0.421116
0.286659	0.611983
0.688618	0.10989
-0.365165	0.296519
-0.897489	-1.45985
-0.441212	0.197337
-0.864898	0.253637
0.503934	-0.327804
0.221477	0.423536
-0.343438	0.379477
-0.506394	0.31993
0.134567	0.617188
-0.767124	-0.908578
-0.908353	-1.28149
-0.962671	-2.3531
-0.680214	-0.232659
0.351842	0.518995
-0.680214	0.107309
-0.376029	-0.015399
1.36217	0.368761
-0.701941	-0.301981
-0.0501168	0.140478
-0.973535	-0.326978
-0.0283893	-0.876819
0.199749	-0.572782
-0.799715	-0.989693
-0.897489	-0.377733
0.536525	0.144185
0.471343	0.0861507
-0.940944	0.265118
-0.593304	0.133988
-0.84317	-0.22632
-0.854034	-0.529225
-0.473803	0.210015
1.23181	0.310586
-0.832306	-0.0411449
-0.571577	0.39499
-0.538985	0.460211
-0.897489	-0.920372
-0.625895	-0.0939539
-0.549849	-0.23616
0.742937	0.586809
-0.84317	-0.741143
2.38336	0.138224
0.536525	0.695968
-0.397757	0.272978
-0.777988	-0.0772312
-0.2348	-0.064436
0.0585207	0.301246
1.87277	0.0028954
-0.810579	0.477354
-0.995263	-0.726142
-0.886625	-0.524585
-0.908353	-0.377588
-0.213073	0.17666
0.286659	0.715414
0.460479	-0.119137
-0.40862	0.377865
-0.00666181	0.110558
-1.02785	-0.825505
-0.430348	-0.0794846
-0.919216	0.459002
0.960212	0.325631
0.319251	0.523608
1.39476	0.44726
-0.84317	-0.485916
-0.571577	-0.296907
0.7538	-0.0457249
-0.289119	-0.0308647
-0.256528	0.38565
-0.897489	-1.0969
-0.430348	0.493555
-0.712805	-0.336091
0.264932	0.337894
-1.01699	-0.419906
2.50286	0.540098
-0.299983	-0.522649
-0.289119	0.376433
0.275796	0.224685
0.0911119	0.248394
0.482207	0.321443
0.503934	0.121571
0.916757	-0.113381
-0.267392	0.227316
0.0693844	0.248308
-0.962671	-0.533407
-0.821443	-0.559446
0.134567	-0.544247
1.95968	0.267906
-0.278255	0.429697
0.362706	0.463997
-0.245664	0.0395904
-0.897489	-0.132589
-0.919216	-1.4438
1.80758	0.646761
-0.191345	0.131655
-0.767124	0.165141
-0.506394	0.305074
-0.647623	-0.708344
-0.658487	-1.19298
-0.58244	0.482522
1.63376	-0.413685
0.0802482	0.0407914
0.178022	-0.246472
0.536525	0.440961
1.18835	0.359368
1.84017	0.529663
-0.951808	-0.250312
-0.854034	-0.160092
0.188886	0.409402
0.145431	-0.106006
-0.897489	-1.53531
0.178022	0.647507
-0.517258	0.29413
0.243204	0.216347
-0.799715	-0.0813832
-0.452075	-0.0275899
-0.506394	0.117777
-0.625895	-0.653406
0.101976	0.49583
-0.767124	0.24964
-0.799715	-0.962999
-0.788851	-0.388846
1.00367	0.765692
-0.854034	0.482549
-0.712805	-0.336091
-0.158754	0.475935
-0.593304	0.0785721
-0.397757	0.0339172
-0.897489	-0.579769
-0.560713	0.354375
-0.854034	-0.387965
-0.137027	-0.175346
1.85104	0.422632
0.340978	-0.222534
-0.528122	0.305589
-0.897489	-0.0302819
-0.908353	-0.476269
-0.441212	0.227644
0.112839	0.256159
-0.799715	0.391003
0.775528	0.0316327
0.0911119	0.456816
-0.93008	-0.458704
-0.767124	-0.233208
-0.256528	0.32919
-0.615032	0.222511
1.37303	-0.215591
-0.0718443	0.500628
-0.897489	-0.795283
-0.680214	-0.108951
3.33937	0.480369
-0.995263	-0.466451
-0.886625	0.486183
1.36217	0.132715
-0.691078	-0.150178
-0.75626	0.098916
-0.256528	0.175417
0.797255	0.577456
0.0367932	0.149331
1.54685	0.48237
3.42628	0.459911
-0.2348	0.41808
1.84017	0.299447
-0.191345	-0.114695
-0.2348	0.298893
0.482207	-0.0109604
-0.701941	0.18978
0.905893	0.215321
-0.310847	-0.144235
0.395297	-0.701752
1.51426	0.13713
-0.343438	-0.151712
2.253	0.323393
-0.84317	0.173336
0.101976	0.0769328
-0.75626	0.18021
-0.462939	-0.224899
-0.40862	0.0538546
-0.995263	-0.791726
0.286659	0.342237
-0.93008	-0.484947
-0.104436	0.159409
2.76359	0.641504
-0.940944	-0.673012
-0.680214	-0.566569
-0.40862	0.699039
0.362706	0.109587
0.742937	0.196941
1.56858	-0.147688
-0.84317	-0.825383
-0.430348	-0.148272
-0.32171	0.074949
1.56858	0.823552
-0.517258	-0.151533
1.52513	0.585742
1.87277	0.212203
0.178022	-0.246472
0.49307	0.344688
-0.604168	-0.748666
-0.49553	0.431531
0.775528	0.45067
-0.0283893	-0.635748
-0.549849	-0.579694
1.70981	0.298613
2.23127	0.45407
-0.473803	0.407457
-0.712805	0.470629
-0.332574	-0.00663439
0.438752	0.506422
-0.310847	0.585134
-0.506394	0.442273
-0.289119	0.201925
1.75326	0.341156
-0.32171	-0.458396
0.525662	0.199844
-0.332574	0.556563
-0.213073	0.113418
-0.0935718	0.323073
-0.49553	0.513206
-0.647623	0.270815
0.112839	0.362783
-0.973535	-0.553679
-0.875761	-0.664009
2.51373	0.176787
-0.137027	0.356617
0.92762	0.375425
-0.691078	-0.197552
1.70981	-0.239703
-0.701941	0.190631
0.656027	0.52543
1.02539	-0.152219
-0.908353	0.0740772
-0.386893	0.0811401
0.895029	0.0695381
-0.854034	0.32752
1.01453	0.470717
-0.799715	-0.935891
-0.767124	0.502721
-0.897489	0.294482
-0.734533	-0.202694
0.634299	-0.152912
1.43822	0.492909
-0.310847	-0.423467
1.32958	0.487558
-0.777988	0.315852
0.710345	-0.164934
1.49254	0.0074201
-0.810579	0.51444
0.699482	0.190681
-0.658487	-0.151343
-0.962671	-0.53495
1.01453	0.00340056
0.112839	0.267653
-0.680214	-0.784413
1.93795	0.529708
-0.734533	0.368248
0.373569	0.111114
-0.267392	-0.362248
0.732073	0.540347
0.145431	0.138421
0.351842	0.157605
-0.0609805	-0.566961
-0.245664	0.420964
1.29699	0.412619
0.384433	0.15906
-0.082708	-0.0319675
-0.430348	0.247761
-0.745396	-0.497466
-0.0609805	0.0678002
0.525662	0.311189
-0.126163	0.292493
-0.93008	-0.266269
-0.821443	-0.474757
-0.973535	0.438955
-0.897489	-0.395487
-0.343438	0.470791
-0.615032	-0.811192
-0.799715	-1.14572
-0.310847	0.35074
-0.0175256	0.00438067
-0.289119	-1.08134
-0.0501168	-0.155007
0.123703	-0.255434
1.41649	0.36532
-0.897489	-0.513877
-0.137027	-0.0839386
-0.538985	0.178698
-0.821443	-0.485607
-0.397757	0.125381
0.612572	0.550134
0.0476569	0.394126
2.92655	0.585307
-0.701941	0.581963
-0.832306	-0.260938
-0.75626	-0.0150283
-0.940944	0.394224
-0.376029	-0.030531
-0.0283893	0.180681
-0.0175256	-0.452523
0.264932	0.142601
0.612572	-0.10939
0.7538	0.488358
-0.549849	0.445053
-0.473803	0.078662
1.6229	0.451966
-0.680214	0.106683
0.0259294	0.0799043
-0.864898	-0.869728
1.05799	0.586238
-0.343438	-0.460169
-0.169618	0.351516
1.28612	0.404496
-0.386893	-0.320194
-0.734533	-0.583616
-0.615032	0.418015
0.0585207	0.204364
2.86137	0.615158
0.645163	0.193542
2.42682	0.586484
-0.506394	0.466525
-0.821443	-0.00149408
0.123703	0.00448144
0.427888	0.0722614
-0.571577	-0.141225
-0.039253	0.555075
-0.615032	0.330457
-0.832306	-0.900411
-0.940944	0.378949
0.156294	0.443757
-0.49553	0.142021
3.06778	-0.268321
-0.93008	-0.935532
-0.691078	0.495335
1.05799	0.273455
0.308387	0.257241
0.710345	0.321252
-0.908353	0.0651788
-0.180482	-0.891632
-0.625895	-0.0305094
2.88309	0.372781
-0.213073	0.444292
0.188886	0.151204
-0.767124	0.293815
-0.549849	0.326439
-0.897489	-0.250602
-0.723669	0.397531
-0.332574	-0.546581
-0.886625	-0.813489
-0.940944	-0.113347
1.19921	0.219559
-0.940944	0.461811
-0.962671	-0.70817
0.503934	0.348363
-0.299983	0.118613
1.32958	-0.00655263
0.188886	-0.35566
-0.93008	-0.0786081
-0.528122	-0.681099
-0.137027	0.480334
-0.810579	-0.525533
0.264932	0.405208
-0.430348	-0.0922
-0.799715	0.240219
0.0150657	-0.155456
-0.940944	-0.768263
-0.777988	0.0773388
0.710345	-0.181422
1.12317	0.242042
-0.962671	-0.948251
-0.506394	0.499782
-0.680214	-0.691483
0.188886	0.0604761
-0.973535	0.28685
-0.169618	0.375685
-0.115299	0.660018
-0.886625	-0.540316
-0.908353	-0.62282
-0.32171	-0.207238
1.6229	0.499234
3.51319	0.443614
-0.951808	0.428819
0.862438	0.328912
-0.538985	-0.430181
1.01453	0.506066
0.525662	0.227501
4.09983	0.652266
0.199749	-0.136907
-0.430348	0.316724
-0.647623	-0.608179
-0.75626	0.432626
0.721209	0.0874448
-0.745396	0.0517401
-0.951808	-1.08567
0.243204	0.310339
-0.104436	0.139469
-0.788851	0.399402
-0.213073	0.496871
1.21008	0.148023
-0.832306	-1.2891
-0.919216	-0.290445
0.851574	0.368988
-0.354302	-0.157967
-0.506394	0.485356
1.3839	0.301532
0.742937	0.783375
0.601708	0.379762
-0.854034	-0.959702
-0.886625	-0.555978
-0.202209	0.104862
-0.897489	-0.132663
-0.506394	-0.151668
0.645163	0.37185
-0.00666181	0.533578
-0.473803	0.344415
-0.452075	0.822658
-0.365165	-0.0160261
0.134567	0.275912
0.199749	-0.0574052
2.17695	0.353894
0.0150657	-0.0750624
-0.897489	-0.864273
1.52513	0.276244
-0.115299	0.267987
-0.506394	0.325601
-0.115299	0.41557
0.319251	0.312467
-0.897489	-0.57609
0.264932	0.269437
0.00420194	0.399845
-0.430348	0.0292632
-0.864898	-1.07458
0.482207	0.136008
-0.158754	0.614234
-0.93008	-0.359659
-0.712805	0.0566132
-0.223937	0.4444
-0.897489	0.614678
0.438752	0.698717
-0.571577	-0.387316
-0.886625	-0.373658
-0.75626	-0.19476
-0.571577	0.452947
0.0911119	0.404541
-0.528122	-0.419211
-0.571577	0.0830773
-0.625895	0.452909
-0.897489	-0.924518
-0.767124	0.23477
-0.951808	-0.36008
1.32958	0.501046
0.971075	-0.420579
-0.245664	0.327113
-0.082708	-0.754644
-0.832306	-0.415288
-0.473803	-0.294415
0.645163	0.0423858
-0.973535	0.0928513
0.308387	-0.0378451
-0.560713	-0.826343
-0.908353	-1.1176
-0.202209	0.370332
1.43822	-0.395879
-0.58244	-0.363464
-0.115299	-0.182662
-0.343438	-0.157946
-0.484667	0.351983
0.601708	0.577529
0.254068	-0.410558
-0.082708	0.319432
-0.213073	0.655452
0.0693844	0.138016
-0.647623	-0.641388
-0.864898	-0.684888
2.52459	0.200411
-0.593304	-0.479643
-0.517258	0.29413
4.24106	0.67459
-0.604168	0.344444
-0.875761	-0.623479
-0.984399	-0.85154
-0.832306	-0.871567
-0.897489	-0.700658
-0.126163	0.465479
-0.973535	0.228302
0.699482	0.190681
0.57998	0.119545
-0.2348	-0.101053
1.23181	0.458643
0.427888	0.463713
-0.58244	0.217834
0.427888	0.61974
-0.995263	-0.366686
-0.864898	-0.395
1.67722	0.269444
0.960212	0.286691
1.3839	0.551834
0.905893	0.215321
0.0259294	-0.00281918
-0.962671	-0.272061
-0.777988	-0.260956
-0.66935	-0.396422
0.623435	0.242092
-1.02785	-0.591274
-0.951808	-0.220745
-0.723669	-0.201676
-0.528122	-0.0977899
-0.832306	0.0933866
2.80705	0.0808967
-0.0718443	0.094846
0.243204	0.439656
-0.799715	-1.16801
3.93688	0.775821
-0.908353	-0.753522
0.514798	0.245037
-0.66935	-0.357317
-0.082708	-0.0205069
-0.962671	-0.51461
-0.940944	-0.848999
-0.49553	-0.397243
-0.886625	0.274814
0.319251	-0.0506622
-0.180482	0.443633
-0.419484	0.0426853
-0.2348	0.305722
0.981939	0.713242
-0.593304	-0.620364
-0.549849	-0.633814
-0.788851	0.241619
0.7538	-0.0131053
-0.549849	0.22524
0.00420194	-0.988479
-0.604168	0.328249
0.7538	0.284467
-0.875761	-0.940388
0.145431	0.326066
-0.636759	0.110713
-0.658487	-1.1418
-0.75626	-0.457896
-0.169618	0.0452582
2.52459	0.100011
-0.32171	0.0377268
2.731	0.0859518
1.05799	0.837039
-0.278255	0.170274
-0.615032	0.212642
1.24267	0.563367
-0.84317	-1.61188
-0.419484	-0.173488
1.31872	0.816824
-0.0718443	0.0209159
-0.332574	-0.691803
-0.202209	0.351072
0.656027	0.184355
-0.202209	0.126075
-0.745396	-0.453633
-0.973535	-0.892436
0.699482	0.27648
-0.973535	-0.165776
-0.625895	-0.368876
-0.712805	-0.143793
0.590844	-0.0251769
-0.256528	0.658009
-0.951808	-1.11931
1.07971	0.327831
-0.745396	-0.452817
-0.810579	-0.335296
-0.951808	-0.557396
1.06885	0.619442
-0.854034	0.53772
0.0259294	0.285278
-0.615032	-0.731735
1.21008	0.409692
1.21008	0.560616
-0.169618	0.0120307
-0.0718443	-0.0262558
0.308387	-0.110698
0.449616	0.537438
-0.528122	-0.5841
-0.908353	-0.572424
1.15576	0.74568
-0.745396	0.339911
-0.082708	0.36262
-0.658487	0.00959382
-0.777988	-0.579666
-0.0718443	-0.466486
-0.658487	0.608343
-0.332574	0.205005
0.558253	0.475746
-0.66935	-0.0774041
-0.951808	-0.637195
1.28612	0.393589
1.32958	0.422786
0.732073	0.169139
0.178022	0.296199
-1.01699	-0.643453
0.514798	0.28756
-0.245664	0.101742
1.17749	0.19623
-0.832306	-1.04182
0.0585207	-0.185163
0.417024	0.464371
-0.0609805	0.047125
-0.864898	0.542455
-0.995263	-0.732493
-1.00613	-0.788476
1.52513	0.581797
-0.658487	0.502755
-0.647623	-1.58248
0.916757	0.441964
-0.908353	-0.38804
-0.40862	-0.077558
2.05745	0.598093
0.210613	0.390653
0.340978	0.333755
-0.691078	0.42378
1.99227	0.559108
1.04712	0.0652532
-0.039253	0.363578
-0.104436	-0.174824
-0.397757	-0.267501
-0.767124	0.180883
0.49307	0.307588
-0.332574	0.496449
-0.832306	0.230294
0.710345	0.195231
-0.66935	0.441557
-0.636759	0.121777
-0.691078	-0.232627
2.15522	0.856723
-0.115299	-0.444457
0.0150657	0.198067
2.47027	0.770135
-0.734533	-0.327621
0.232341	0.21081
-0.810579	-1.13317
-0.473803	-0.0681039
0.0585207	0.362569
0.49307	0.568003
-0.386893	-0.00536622
-0.0175256	0.173733
-0.0283893	0.0227469
-0.777988	0.374857
-0.2348	0.605623
2.70927	-0.183671
-0.0501168	0.174878
-0.854034	-0.248046
1.82931	0.439801
-0.712805	0.0835108
1.49254	0.227698
0.0802482	-0.54506
-0.40862	0.382706
-0.973535	0.0502157
-0.919216	-0.308567
2.05745	0.571386
-0.832306	-0.144765
0.710345	-0.153589
-0.951808	-0.560143
-0.680214	-0.0165391
-0.343438	-0.852693
0.112839	0.570672
-0.75626	0.172302
-0.897489	-0.412876
-0.430348	0.0146158
-0.940944	-1.5034
-0.267392	0.640231
-0.984399	0.152313
-0.354302	0.201772
-0.93008	0.402513
-0.615032	0.378495
1.12317	0.208163
0.188886	-0.416163
-0.14789	-0.275026
-0.49553	-0.281802
1.42735	0.0746492
-0.919216	-0.0185739
-0.745396	-1.04502
0.742937	0.257164
-0.658487	-0.337906
0.49307	0.157133
-0.973535	-0.494956
-0.93008	-1.44966
-0.58244	0.171874
0.829847	-0.121126
-0.560713	0.204218
0.101976	-0.221097
-0.223937	-0.443575
1.44908	0.717649
-0.419484	0.610895
0.981939	0.542031
-0.213073	0.063411
-0.84317	-0.241242
-0.462939	0.0285565
0.0585207	0.204364
-0.278255	0.303302
-0.332574	-0.369278
0.612572	0.342208
-0.940944	-0.972719
0.471343	0.295551
-0.875761	-0.717436
-0.202209	0.0445238
0.895029	0.17326
-0.680214	-0.942016
0.775528	0.431508
-0.832306	0.357737
-0.951808	-1.34761
-0.2348	0.378452
0.254068	0.000187623
-0.528122	-0.329306
0.547389	0.445864
-0.386893	0.34641
-0.658487	-0.155364
0.710345	0.419056
0.167158	0.121764
-0.647623	-0.492412
2.92655	0.680457
-0.560713	-0.192941
0.254068	0.463045
1.65549	0.489107
-0.821443	-0.405175
0.188886	0.529689
-0.66935	-0.52292
-0.354302	-0.0733318
-0.332574	0.123917
-0.691078	-0.112796
0.536525	0.377374
1.05799	0.459073
0.340978	-0.15316
-0.506394	-0.701167
-1.00613	-1.11034
0.264932	-1.03221
-0.593304	-0.0425661
-0.506394	0.239413
-0.723669	-0.873349
1.1449	0.09142
-0.473803	0.0642495
-0.528122	0.0137106
-0.919216	-0.579361
0.427888	0.436674
0.732073	0.47534
-0.886625	0.313645
1.21008	-0.0521096
-0.462939	0.0494191
1.07971	-0.119517
-0.604168	0.409239
-0.213073	0.43247
-0.354302	-0.538612
-0.680214	0.425393
-0.799715	-0.526324
-0.854034	-0.334199
-0.886625	-0.415031
0.732073	0.229622
-0.734533	-0.532277
-0.712805	0.336826
-0.484667	-0.321758
0.66689	0.265369
1.05799	0.339738
-0.658487	-0.289046
-0.0718443	-0.306849
-0.213073	-0.0134417
-0.560713	-0.721952
-0.452075	0.0137742
-0.593304	-0.291219
0.732073	0.121501
-0.289119	0.316039
-0.473803	-0.31654
-0.571577	-0.254523
1.17749	0.570599
-0.528122	0.424539
0.340978	0.198445
0.384433	0.441231
-0.919216	0.0314668
0.145431	-0.383039
-0.658487	-0.461523
-0.777988	0.280465
-0.213073	0.444292
-0.810579	0.153539
-0.126163	0.41333
-0.0935718	0.611788
-0.593304	0.13061
0.351842	-0.381524
-0.245664	-0.242947
-0.126163	0.448727
0.916757	0.663304
-0.571577	-0.123046
0.677754	0.45387
3.05691	0.560259
1.68808	0.36157
-0.854034	-1.02792
-0.039253	0.467857
-0.995263	-0.726908
-0.386893	-0.00267318
-0.810579	0.490445
-0.528122	0.171362
0.851574	0.467334
0.308387	0.337639
0.145431	-0.383039
0.221477	0.439426
0.84071	0.0550097
-0.691078	0.317144
0.340978	0.354148
-0.680214	-0.878742
-0.93008	-0.569139
-1.01699	-0.419906
4.29538	0.706151
-0.0935718	0.0657315
0.319251	0.40864
-0.625895	-0.103157
-0.647623	0.271611
2.68755	0.333831
0.460479	-0.192493
-0.799715	0.488776
-1.00613	-0.70076
-0.40862	-0.729568
0.286659	-0.049567
0.417024	0.0472592
-0.875761	-1.00517
-0.93008	-0.911325
-0.832306	-0.981232
-0.571577	-0.0971407
-0.082708	0.362836
-0.419484	0.0769761
2.50286	0.671374
-0.788851	0.551484
0.178022	-0.12004
-0.864898	-0.971675
0.525662	0.156715
-0.636759	-0.0613949
2.64409	0.676009
-0.75626	-0.559282
-0.202209	0.0630543
0.156294	0.15997
-0.854034	0.32752
1.99227	0.764051
-0.647623	0.273262
0.384433	0.0935019
-0.0718443	-0.308244
0.482207	0.079558
-0.821443	-0.455588
-0.332574	0.278733
0.101976	0.519385
-0.886625	-0.701775
-0.821443	-0.547409
-0.58244	0.158085
0.525662	0.0848131
0.808119	-0.00484347
-0.973535	-0.315516
0.275796	0.143325
-0.082708	0.468873
-0.93008	-0.793301
-0.908353	-1.01439
-0.039253	0.00242218
-0.940944	-0.455835
-0.115299	0.288196
-0.202209	0.685563
-0.32171	0.132534
-0.223937	-0.165276
-0.441212	0.158875
0.981939	0.487441
0.199749	0.309052
-0.137027	-0.101195
0.0693844	0.367279
0.829847	0.567075
2.17695	0.507589
1.66636	0.313239
-0.625895	-0.275778
0.167158	-0.49419
3.14382	0.0490055
-0.821443	-0.621001
-0.2348	0.644455
-0.386893	0.0611131
-0.386893	0.196939
-0.984399	-1.3782
2.01399	0.270502
1.00367	0.509485
-0.615032	-0.682996
1.1449	0.360872
1.15576	0.654762
-0.506394	0.131671
-0.039253	-0.211657
-0.810579	0.438982
-0.897489	-0.568837
-0.962671	0.127804
-0.332574	0.362156
0.0150657	0.392022
1.34044	0.271333
-0.636759	0.223069
-0.75626	-0.191371
1.05799	0.489998
-0.452075	0.440352
1.05799	0.371446
3.13296	0.465757
2.38336	0.454666
-0.0609805	0.306558
0.503934	0.121571
-0.875761	-0.767518
0.49307	0.0854028
-0.745396	-0.437867
-0.854034	-1.22311
-0.875761	0.374268
0.7538	-0.0457249
-0.93008	-1.31336
-0.832306	0.429204
-0.473803	-0.161018
0.145431	0.10555
0.308387	-0.108828
-0.560713	0.169103
-0.940944	-1.28763
0.981939	0.519602
1.32958	0.697962
-0.647623	-0.135848
-0.506394	0.131671
0.308387	-0.36025
0.797255	0.312152
-0.549849	-0.668748
-0.723669	0.0741821
-0.832306	-0.555744
-0.723669	-0.325031
-0.908353	-0.975792
-0.267392	-0.0124426
2.03572	0.383403
-0.712805	-0.167483
-0.365165	0.201667
-0.571577	0.277945
-0.875761	-0.306989
-0.452075	-0.415823
-0.701941	-0.459859
0.0693844	-0.479873
-0.213073	0.513707
-0.908353	-0.22398
-0.886625	-0.0221526
-0.712805	0.572966
-0.93008	-0.427619
0.677754	0.0137555
1.91622	0.541569
-0.712805	-0.40128
-0.75626	0.100572
0.210613	-1.05706
-0.180482	0.125839
1.81845	-0.100208
0.0911119	0.369655
0.547389	0.50298
0.916757	0.323671
-0.658487	0.444383
1.90536	0.628217
-0.082708	0.083548
-0.745396	0.0730969
0.319251	-0.587832
-0.560713	0.605803
-0.886625	-0.38068
-0.908353	-0.551847
0.0693844	0.230466
-0.104436	0.362924
-0.14789	0.173755
-0.506394	-0.0973592
-0.625895	0.0446824
-0.701941	0.645262
-0.854034	-1.01243
-0.0283893	0.334718
-0.940944	-0.668228
-0.734533	-0.399984
1.19921	0.297499
-0.484667	-0.353399
-0.115299	-0.08302
2.18781	0.0753186
0.395297	-0.395039
-0.93008	-0.62701
1.24267	-0.21641
-0.430348	0.379049
-0.604168	-0.578214
-0.821443	0.228271
0.297523	0.387372
-0.75626	-0.528992
-0.897489	-0.132663
-0.397757	0.245928
-0.647623	0.40023
-0.180482	0.576567
1.02539	0.251571
-0.75626	-0.195392
0.438752	0.105099
-0.169618	0.0826849
-0.560713	-0.410813
1.16662	0.514139
1.41649	-0.26244
-0.647623	-0.337256
0.0259294	-0.0305827
0.960212	0.379016
-0.0935718	0.263657
3.19814	0.620675
-0.0718443	-0.381299
-0.517258	0.468705
-0.0718443	0.4431
0.199749	0.171611
-0.962671	0.226323
-0.919216	-0.986591
0.395297	0.488301
-0.365165	0.159542
0.167158	0.792509
2.23127	0.379564
0.634299	-0.365713
3.44801	0.436148
-0.386893	0.0609218
-0.962671	-0.728224
-0.75626	0.262255
1.13403	0.159259
-0.137027	0.484762
0.569117	0.428767
-0.864898	-0.972853
-0.821443	0.339484
-0.799715	-0.718139
-0.767124	0.328032
-0.137027	0.215835
-0.0718443	0.0209159
2.36163	0.650105
-0.832306	-0.0737669
-0.267392	-0.0396937
0.590844	0.508007
-0.604168	0.414627
-0.191345	-0.490047
-0.462939	-0.385054
-0.397757	-0.737027
-0.984399	-0.889402
0.0585207	-0.400836
0.167158	0.241776
-0.593304	0.388649
2.70927	0.44263
-0.462939	-0.570087
2.77446	0.54732
1.03626	0.346747
-0.951808	-0.0982263
-0.962671	-0.726723
0.427888	0.460264
-0.332574	0.228141
0.710345	0.267404
0.0802482	0.322885
0.677754	0.408326
0.123703	-0.198942
-0.984399	-0.57952
0.167158	0.0956403
-0.940944	-0.653984
-0.549849	0.0531139
-0.908353	-0.196926
0.243204	0.309093
-0.767124	0.281608
0.167158	0.191771
-0.354302	0.0406092
-0.701941	0.524796
-0.354302	-0.332007
-0.897489	-1.19399
0.0367932	0.344458
-0.680214	0.56652
-0.452075	0.37058
-0.919216	0.07414
0.677754	0.648651
-0.441212	0.118598
2.20954	0.316564
-0.202209	0.32545
1.30785	0.414687
-0.039253	0.335064
0.286659	0.176798
0.808119	0.279352
-0.864898	-0.360885
-0.202209	0.71262
0.732073	0.501271
-0.158754	-0.161096
-0.984399	-0.613108
1.16662	0.698135
-0.430348	-0.175434
-0.84317	0.439595
-0.908353	-0.525525
-0.799715	-0.256291
-0.191345	-0.32144
1.47081	0.544651
-0.354302	0.507482
-0.49553	-0.409621
-0.832306	-0.210521
0.57998	0.351617
-0.908353	-0.935947
0.471343	0.290966
1.90536	0.264533
0.112839	-0.162715
-0.799715	-0.471182
-0.788851	0.49128
-0.962671	-0.19702
0.0693844	-0.0725367
0.167158	0.421566
-0.821443	0.383818
-0.84317	0.331227
0.449616	0.0488444
0.514798	0.420052
-0.832306	0.110036
0.612572	-0.10939
-0.452075	0.595977
-0.864898	-0.769855
-0.680214	-0.479665
0.7538	0.0867677
0.0367932	0.301182
-0.0501168	0.23907
1.78586	0.358379
-0.419484	-0.102217
1.39476	-0.272182
-0.604168	-0.641677
-0.278255	0.462221
-0.886625	-1.06753
-0.082708	-0.153617
0.623435	0.150969
-0.397757	-0.205027
0.981939	0.366773
5.12103	0.71442
-0.75626	0.247829
1.41649	0.308771
-0.00666181	-0.132672
-0.0609805	0.262135
-0.973535	-0.328545
1.48167	0.0696247
-0.430348	-0.333453
1.7424	0.626728
0.188886	0.360018
-0.995263	-1.0867
-0.93008	-0.501281
0.384433	0.13972
0.188886	0.369486
5.9684	0.463305
0.0367932	0.0282758
3.19814	0.418699
0.895029	0.0899207
-0.289119	0.225413
0.427888	0.648251
-0.278255	0.575776
-0.767124	-0.211719
4.91461	0.313258
-0.680214	0.202943
0.00420194	0.145512
0.395297	0.501341
3.15469	0.410552
-0.256528	-0.221965
-0.940944	-1.75562
0.92762	0.476321
-0.886625	0.15362
-0.571577	-0.160015
-0.126163	0.154746
2.43768	0.0977932
-0.908353	-0.413501
-0.636759	-0.719325
-0.940944	-1.19158
-0.886625	0.470666
1.42735	0.154499
-0.723669	0.339435
-0.126163	0.363752
-0.560713	0.488483
2.66582	0.701403
-0.310847	0.00632451
0.742937	0.362244
0.0259294	0.281022
0.438752	0.29666
-0.549849	0.694686
-0.908353	0.126243
0.0802482	0.472633
-0.299983	-0.142224
-0.0609805	0.0658589
1.21008	0.0962717
-0.973535	-0.150038
1.22094	0.198142
2.38336	0.426301
-0.886625	-0.556185
-0.93008	0.0061872
-0.951808	-0.028609
-0.734533	0.0660546
0.406161	-0.112999
2.48114	0.243765
0.547389	0.0845037
2.78532	0.430663
1.39476	0.845077
-0.213073	-0.195038
1.16662	0.365883
-0.897489	0.143133
0.167158	0.374114
-0.278255	-0.258323
-0.854034	-0.23041
-0.940944	0.37308
0.503934	0.216095
0.254068	0.401435
-0.973535	-1.04498
-0.571577	0.0325302
-0.854034	-0.626923
0.232341	-0.573842
-0.767124	-0.00831618
-0.984399	-0.138507
0.0693844	0.00683004
-0.832306	-0.147011
-0.517258	0.214974
-0.832306	-1.00375
-0.202209	0.165631
-0.223937	0.031339
0.362706	0.234141
-0.940944	-0.630315
-0.082708	0.316885
-0.940944	-0.00915728
-0.49553	0.461832
-0.832306	0.102936
-0.810579	-1.15585
-0.821443	-0.508983
-0.213073	-0.879714
2.87223	0.492722
-0.919216	0.307544
1.53599	0.323394
0.0150657	-0.0188721
0.449616	0.156803
-0.745396	-1.03407
1.48167	0.529607
-0.951808	-0.629612
-0.712805	-0.481253
-0.14789	0.360653
1.66636	0.390722
-0.919216	-0.95665
-0.93008	-0.570956
-0.832306	-0.961407
-0.452075	0.114369
0.156294	0.198734
2.66582	0.415967
-0.875761	-0.323201
-0.788851	-0.789033
-0.354302	-0.332007
0.558253	0.453906
-0.517258	0.279224
-0.84317	-0.116524
-0.430348	-0.129913
0.862438	0.345886
1.06885	0.332334
0.134567	0.407505
0.134567	0.408061
-0.66935	-0.252265
1.22094	0.00520853
-0.32171	-0.194399
0.373569	0.0617041
0.460479	0.438676
-0.647623	0.280765
-0.886625	-0.575245
-0.897489	0.147581
-0.84317	0.1117
-0.84317	0.0675338
0.503934	0.116778
-0.473803	-0.0619239
-0.854034	-0.507228
-0.723669	0.147797
-0.908353	-1.23845
0.873302	0.536453
0.188886	0.472215
1.93795	-0.640355
0.362706	0.170973
-0.701941	-0.159109
0.677754	0.23655
1.99227	0.194834
-0.701941	-0.478826
-0.810579	0.493176
1.48167	-0.367854
-0.84317	-0.332249
-0.397757	0.102692
1.01453	-0.0241544
0.775528	0.222591
-0.647623	-0.196488
-0.908353	-0.174849
1.04712	0.764781
1.25353	0.389368
-0.767124	0.493883
-0.832306	-0.217283
0.645163	-0.0441928
-0.919216	-0.353096
1.89449	0.279985
-0.886625	0.234155
0.536525	-0.0240756
0.938484	0.166165
1.36217	0.0446321
0.623435	0.434858
-0.701941	-1.22071
0.145431	0.0238211
-0.799715	0.427761
2.65496	-0.0877666
-0.864898	0.574354
-0.126163	0.423214
-0.386893	-0.00536622
-0.180482	0.24012
1.03626	0.225721
-0.886625	-0.400505
-0.919216	-1.16883
-0.256528	0.00612601
-0.908353	0.509218
1.41649	-0.0456811
-0.538985	0.0784431
-0.223937	-0.454825
-0.940944	-1.08683
1.79672	0.130004
1.23181	0.396549
-0.734533	-0.359781
0.0693844	0.230474
-0.767124	-1.1829
-0.84317	-0.328966
-0.66935	0.409351
-0.995263	-0.578155
0.514798	0.582131
-0.723669	-0.00629231
-0.343438	0.518963
-0.267392	-0.153508
-0.951808	-0.358572
-0.788851	-0.467344
-0.799715	-0.0504934
-0.462939	-0.477643
-0.636759	0.276101
0.0911119	0.408087
-0.854034	-0.0684318
1.05799	0.336177
1.29699	-0.16753
0.503934	0.331842
-0.2348	0.41808
-0.788851	-0.258644
-0.278255	-0.350207
0.949348	0.663106
2.15522	0.0803279
1.61204	0.592788
0.221477	-0.352017
1.64463	0.487857
0.862438	0.00164411
1.28612	0.491017
-0.158754	0.716277
-0.484667	0.46656
-0.549849	-0.58351
0.0476569	0.199188
-0.799715	-0.0690197
-0.962671	-0.32749
2.78532	0.256922
-0.0935718	-0.548743
0.199749	0.403756
-0.256528	0.0209387
-0.75626	-0.134722
0.66689	0.444158
-0.908353	-0.514189
-0.299983	-0.226924
-0.0501168	0.0580445
-0.66935	-0.287
-0.962671	0.0993138
-0.126163	-0.192233
0.351842	0.0357881
1.09058	0.0361027
-0.897489	-0.262934
-0.962671	-0.53462
0.862438	0.5714
1.36217	0.142027
-0.0609805	-0.0809511
-0.723669	0.47161
-0.93008	-0.735755
-1.01699	0.0866036
-0.40862	0.116286
-0.126163	-0.0522981
0.286659	0.254372
-0.223937	0.12793
-0.571577	-0.479216
1.6229	0.499234
0.362706	-0.0111077
-0.462939	0.264948
-0.767124	0.0161078
1.05799	0.375633
0.525662	0.023344
0.808119	0.474098
0.395297	-0.0730063
-0.354302	-0.811909
-0.875761	-0.657882
0.742937	0.03774
-0.984399	-0.692416
-0.864898	-0.507431
1.05799	0.324296
0.406161	0.4568
0.0150657	0.320068
-0.93008	0.620513
0.319251	0.246043
-0.799715	-0.19384
-0.615032	0.109078
-0.452075	-0.0653777
-0.039253	-0.164722
-0.0175256	-0.397693
-0.202209	0.0318658
0.0259294	-0.0519639
-0.897489	-0.92174
-0.897489	-0.249785
-0.0609805	-0.784819
-0.723669	-0.201676
-0.66935	0.377731
-0.625895	0.30825
-0.832306	0.179378
-0.343438	0.598304
3.6001	0.526377
0.786392	0.554123
0.210613	-0.229826
-0.354302	0.111081
-0.93008	-0.850554
-0.376029	-0.905984
-0.202209	0.195877
2.54632	0.66413
-0.430348	0.305493
2.17695	0.487481
1.69895	0.768728
0.66689	-0.128886
-0.723669	-0.728711
2.26386	0.406569
-0.593304	-0.0723878
-0.962671	-0.586186
-0.245664	0.503233
-0.788851	-0.452961
-0.625895	-0.0762715
-0.832306	0.175091
-0.940944	-1.08683
-0.658487	0.52022
-0.66935	0.509617
0.916757	-0.031407
-0.908353	0.473213
-0.462939	0.494032
0.308387	0.387139
0.199749	-0.0452485
1.09058	-0.252337
-0.441212	-0.196547
0.960212	0.366104
0.0259294	0.196052
-0.430348	-0.158409
-0.723669	0.0910045
-0.66935	0.228344
-0.680214	-0.386108
-0.897489	-0.260036
-0.223937	0.410511
-0.593304	-1.24
-0.886625	-0.799852
0.449616	0.202074
-0.745396	0.206379
0.232341	0.192655
1.64463	0.300954
-0.886625	0.255269
0.623435	0.294524
-0.430348	0.318727
2.76359	0.0585686
0.286659	-0.0225908
-0.615032	0.0301483
0.525662	0.239325
-0.310847	0.00426543
-0.169618	-0.583428
-0.973535	-0.532652
0.145431	-0.312994
-0.191345	-0.607861
0.330114	0.4414
0.178022	0.351361
-0.962671	-0.431753
0.960212	0.656822
0.210613	-0.405677
1.54685	0.476439
-0.908353	0.00608422
0.960212	0.261889
-0.908353	-0.374651
1.78586	0.288869
1.82931	-0.198858
-0.58244	-0.380959
-0.788851	-0.073786
-0.191345	-0.120526
-0.864898	0.567079
-0.430348	-0.866803
-0.419484	0.12382
-0.832306	0.576344
-0.386893	-0.192769
0.340978	0.193822
0.101976	0.394976
-0.788851	0.195537
-0.419484	-0.524545
2.67668	0.432001
-0.223937	0.489025
-0.0175256	-0.295021
-0.58244	0.397638
-0.940944	0.043098
0.308387	0.244112
-0.940944	-0.422992
-0.854034	-0.353908
-0.810579	-0.437686
-0.908353	-1.02979
2.68755	0.460974
-0.84317	-0.0964031
0.482207	0.159193
-0.962671	-0.443982
-0.202209	-0.150748
-0.191345	0.18502
0.623435	-0.193246
-0.995263	-0.65347
-0.419484	-0.026775
-0.0609805	-0.237803
-0.571577	0.457411
-0.723669	-0.957931
0.362706	0.678332
-0.701941	0.182588
-0.788851	-0.677777
-0.430348	0.173273
-0.864898	-1.10387
3.08951	0.266523
-0.886625	-1.3372
2.26386	0.366016
-0.854034	-0.279928
7.67401	0.838608
-0.104436	0.0161912
-0.137027	0.499105
0.0476569	0.343856
-0.897489	-0.30744
0.57998	0.373072
3.16555	0.449651
-0.854034	-0.370396
-0.419484	0.376713
2.95914	0.426632
1.24267	0.300616
0.471343	0.269437
0.101976	0.208527
0.634299	0.221814
1.56858	0.823552
-0.549849	-0.822556
-0.66935	-0.41825
-0.549849	-0.137719
-0.386893	0.570247
2.77446	0.45458
0.243204	0.389448
-0.419484	0.511127
0.601708	0.24112
1.84017	0.62631
0.656027	0.676747
-0.397757	0.4347
-0.0935718	-0.687132
-0.517258	-0.276622
0.569117	-0.410752
2.86137	0.699978
0.57998	0.304486
-0.267392	0.503842
-0.430348	0.593445
2.60064	0.676258
1.00367	0.192198
-0.658487	-0.692047
-0.506394	-0.55066
0.319251	0.237327
-0.213073	0.396535
-0.810579	-0.057525
-0.93008	-0.245785
-0.93008	-0.695881
-0.919216	-0.911903
-0.940944	-1.8314
-0.886625	0.32247
0.0585207	0.246982
0.373569	0.382967
-0.864898	-0.559384
0.49307	0.645094
-0.973535	-0.811933
-0.560713	0.0284353
-0.940944	-1.39556
-0.723669	-0.319652
-0.615032	0.0916174
-0.854034	-0.389652
-0.973535	-0.584861
-0.430348	0.16581
-0.951808	-0.258858
-0.223937	0.602579
-0.908353	-0.240635
-0.180482	0.443633
0.49307	-0.282809
-0.571577	0.0580508
-0.419484	-0.278053
-0.951808	-0.998529
-0.908353	-0.484884
0.243204	-0.176862
-0.354302	-1.127
0.0911119	-0.300394
-0.397757	-0.745125
0.0802482	-0.0935572
-0.158754	0.592793
0.960212	0.32349
2.50286	0.671374
-0.278255	0.072369
-0.506394	-0.178455
0.84071	0.514739
-0.310847	0.0197954
2.55718	0.326195
0.590844	0.338799
0.156294	-0.0637123
2.30732	0.297179
-0.386893	-0.153641
0.895029	0.0350495
0.112839	-0.974751
-0.897489	-0.408358
-0.886625	0.502372
-0.104436	-0.225287
2.90482	0.696571
-0.419484	-0.440263
0.645163	0.536823
-0.137027	-0.0206032
0.362706	-0.0111077
0.362706	0.31795
0.829847	0.470308
0.514798	0.437298
0.569117	0.4113
-0.256528	0.273425
-0.158754	-0.22556
-0.00666181	0.416597
-0.973535	0.0258921
-0.875761	-1.2496
-0.886625	-0.881971
-0.93008	-0.44115
-0.419484	0.385562
-0.104436	0.513577
0.0802482	0.309133
-0.691078	0.613551
-0.332574	0.499235
0.688618	0.593333
-0.549849	-0.318916
-0.940944	0.401434
0.92762	0.401288
-0.821443	-0.618833
-0.821443	-0.783345
0.351842	0.237439
0.167158	0.195737
0.101976	-0.658687
1.84017	0.433038
0.0150657	-0.0789189
2.42682	0.580508
-0.962671	-0.27971
-0.919216	-0.979237
-0.202209	-0.48649
-0.854034	-0.518371
-1.00613	-0.577817
-1.01699	-0.0410456
0.514798	-0.0534176
-0.636759	-0.155968
2.22041	0.291197
-0.278255	-0.374539
0.449616	0.0119826
-0.462939	0.155727
0.623435	-0.051999
0.0476569	0.25331
-0.115299	0.143413
0.340978	0.395065
-0.039253	0.363716
0.395297	0.69476
0.536525	-0.123626
-0.940944	-0.00780092
-0.93008	-0.528465
-0.777988	0.481297
0.612572	-0.0589886
-0.636759	0.240282
-0.082708	0.536687
0.0150657	0.416406
-0.864898	0.334112
-0.40862	-0.190014
-0.875761	0.16884
-0.93008	-0.369618
0.319251	-0.0201367
1.18835	0.17929
0.417024	-0.263318
-0.745396	-0.20783
-0.93008	-0.410618
-0.897489	0.194373
-0.799715	-0.84486
-0.0501168	0.339386
2.65496	0.478063
-0.376029	0.33805
-0.886625	-0.765433
-0.875761	-0.229695
0.536525	0.350925
0.199749	0.0324422
-0.0718443	0.216602
0.590844	0.363134
-0.343438	-0.629225
0.264932	0.706547
0.66689	0.160851
-0.854034	-0.0246321
-0.2348	-0.192338
-0.701941	-1.11544
1.23181	0.119947
-0.940944	-0.691642
0.981939	0.01482
-0.701941	-0.427372
-0.376029	-0.179346
0.330114	0.143026
0.254068	0.520333
-0.289119	-0.27878
-0.93008	-0.551701
-0.625895	-0.191837
0.764664	0.47534
-0.908353	-0.370517
-0.32171	-0.450063
1.37303	0.321895
-0.636759	-0.758754
1.13403	0.311525
-0.0283893	0.239083
-0.0935718	0.0896697
0.417024	-0.0634839
-0.832306	-0.104867
0.884165	-0.00898047
0.49307	0.469468
-0.180482	0.296072
-0.984399	-0.582219
-0.973535	-0.782491
3.23073	0.519457
-0.0935718	-0.295664
1.27526	-0.116178
0.188886	0.238132
-0.376029	0.342474
-0.40862	-0.399364
1.23181	0.0079252
-0.452075	0.567097
0.884165	0.0388372
-0.0935718	0.171739
-0.538985	-0.542695
2.55718	0.779482
-0.897489	-1.20082
-0.636759	-0.168581
0.210613	0.447706
-0.126163	0.0139046
3.66528	0.590872
0.417024	0.0652588
-0.919216	-0.414001
-0.799715	-0.756343
0.178022	0.0125976
1.15576	0.390507
1.93795	0.611642
1.2644	-0.356915
-0.365165	0.490572
-0.299983	-0.331862
-0.875761	-0.317875
-0.49553	0.381276
0.286659	0.340488
-0.473803	0.332661
0.188886	0.688211
0.0585207	-0.977518
-0.712805	0.164913
-0.376029	-0.544187
-0.875761	-0.479307
0.319251	0.237327
2.29645	0.619712
-0.0283893	0.142283
-0.875761	-0.214177
2.29645	0.723753
-0.701941	-0.74621
-0.723669	-0.32018
-1.00613	-0.803804
0.199749	0.214666
-0.951808	-0.240269
-0.441212	-0.196547
0.57998	-0.643508
0.525662	-0.498166
-0.115299	-0.0714424
-0.158754	0.408455
-0.267392	0.168294
-0.202209	0.497633
0.134567	0.536616
0.873302	0.213466
0.797255	-0.348972
-0.0501168	0.236228
0.134567	0.289797
0.601708	0.44949
0.503934	0.287655
-0.082708	-0.109499
0.84071	0.0889758
-0.864898	-1.25186
-0.832306	0.0736689
-0.528122	0.138306
-0.0283893	0.45898
0.417024	0.371627
0.57998	0.728933
0.232341	0.311109
0.112839	-0.291171
-0.571577	-0.812764
-0.875761	-0.570766
-0.973535	-0.552602
-0.528122	0.102242
-0.636759	-0.153795
-0.777988	-1.03426
0.384433	0.441231
-1.00613	-0.787948
0.319251	0.275913
-0.875761	-0.67774
-0.886625	-0.943577
1.05799	0.141478
-0.93008	-1.11967
-0.560713	-0.523313
0.264932	0.217104
-0.310847	-1.2882
-0.289119	0.339571
-0.571577	0.595973
-0.799715	-0.864043
0.677754	0.0146515
0.264932	-0.446213
-0.386893	-0.243734
0.199749	0.222154
-0.767124	-0.0889572
-0.767124	0.34771
-0.419484	-0.906566
-0.973535	-1.04921
4.72993	0.498565
-0.0609805	0.40935
1.5034	-0.151646
-0.908353	0.435674
0.0802482	-0.0301973
0.178022	0.089285
2.16609	0.395275
-0.973535	0.141941
3.73047	0.876341
1.41649	0.203881
0.275796	0.0174763
0.732073	0.288895
-0.32171	0.375381
-0.484667	0.0440431
0.0693844	-0.158019
-0.32171	-0.718474
-0.636759	-0.242513
-0.039253	0.291121
-0.310847	0.303643
0.818983	0.559983
1.04712	-0.748585
0.199749	0.196269
-0.40862	0.403097
-0.832306	-0.190495
0.199749	0.125078
0.264932	-0.0849027
-0.593304	-0.814226
-0.973535	-0.277944
-0.864898	-0.523297
-0.75626	0.15051
1.1449	0.318508
-0.2348	0.38438
-0.940944	-0.734499
-0.962671	-0.0472856
0.188886	0.168819
-0.506394	-0.0604199
2.44854	0.401223
-0.0501168	0.314834
0.427888	0.432795
-0.658487	0.488318
-0.940944	-0.549211
-0.810579	0.5445
-0.777988	-0.113779
0.101976	0.394173
-0.484667	-0.717505
-0.962671	0.0851964
-0.680214	0.412647
-0.691078	0.322051
1.39476	0.845077
-0.137027	0.460429
-0.549849	-0.532957
-0.452075	0.340818
-0.951808	-0.0145017
-0.886625	-1.56432
-0.278255	0.361869
0.275796	0.257279
-0.0718443	0.0519951
-0.430348	-0.0199572
0.938484	0.496828
-0.788851	0.26113
0.0259294	-0.0512583
-0.864898	-1.07458
0.264932	0.12003
2.6115	0.571625
-0.343438	-0.506344
0.210613	0.298253
2.48114	0.335685
-0.289119	-0.206928
0.547389	0.120879
0.178022	0.417352
-0.788851	-0.69945
-0.560713	0.191624
3.79565	0.40237
-0.517258	0.403384
0.764664	0.460755
-0.810579	-0.0674002
0.0585207	0.14706
1.04712	0.532917
0.992803	0.376623
0.395297	0.116491
-0.995263	-0.426001
1.47081	0.387161
-0.0718443	0.323156
-0.40862	0.433833
0.916757	0.733811
-0.49553	-0.122349
-0.951808	-0.580299
-0.462939	0.313908
-0.386893	0.674321
3.95861	0.559641
2.69841	0.434496
-0.854034	-0.102235
-0.908353	-0.785645
-0.951808	-0.299447
-0.452075	-0.0814815
-0.951808	-1.08857
-0.104436	-0.342745
-0.84317	-0.784711
-0.962671	-0.926859
-0.49553	-0.59561
-0.821443	-0.644935
-0.712805	-0.542616
-0.973535	-0.893042
0.960212	0.363847
1.28612	0.853949
2.26386	0.588961
1.21008	0.517294
-0.0718443	0.394095
-0.799715	-0.515851
2.98087	0.482087
-0.158754	0.481011
-0.49553	-0.195822
-0.886625	-0.655428
1.21008	0.560616
0.308387	0.368534
-0.32171	0.104108
-0.213073	0.336385
-0.343438	0.112664
-0.93008	-0.448072
0.395297	0.43008
-0.723669	-0.283138
0.710345	0.210092
1.00367	-0.00908731
-0.984399	-0.95652
0.243204	-0.093443
-0.571577	-0.00161599
-0.777988	-1.04108
0.0693844	0.237095
-0.419484	0.0160563
-0.0935718	-0.150921
0.264932	0.385089
0.49307	-0.564638
-0.213073	-0.313265
-0.864898	-0.090609
0.0476569	0.371201
-0.452075	0.286319
1.13403	0.121578
-0.538985	-0.387709
0.264932	0.346871
-0.538985	0.168152
1.39476	0.33788
-0.897489	-0.24928
-0.0718443	0.353921
1.05799	0.122517
1.78586	0.41598
2.56805	0.551603
0.0585207	0.116474
-0.940944	0.324909
-0.2348	0.30986
-0.995263	-0.683426
0.427888	0.497282
-0.723669	-0.456413
0.916757	0.374068
-0.14789	0.524166
-0.104436	-0.0125314
-0.93008	-0.8215
0.417024	0.21941
-0.484667	0.510114
-0.58244	0.457005
-0.919216	-0.876068
-0.897489	0.194105
-0.571577	-0.728729
-0.0935718	0.403769
1.04712	0.070109
0.00420194	-0.188768
-0.973535	-0.710319
0.0150657	-0.0753853
0.178022	0.279733
0.710345	0.500109
0.775528	-1.06148
-0.49553	0.0796351
1.78586	0.288869
-0.962671	-1.30454
0.536525	0.385139
0.525662	0.710667
0.123703	-0.345808
0.873302	0.363046
-0.484667	-0.165942
-0.821443	-0.145472
-0.2348	-0.119451
-0.40862	-0.0175318
-0.213073	-0.214723
-0.386893	-0.268245
-0.299983	0.46364
-0.995263	-0.495932
-0.93008	-0.353087
1.52513	0.410541
-0.66935	-1.21072
-0.75626	0.328056
-0.658487	-0.383977
0.156294	0.00427992
-0.0175256	-0.389983
1.23181	0.238563
-0.701941	-0.231341
1.06885	0.281584
-0.40862	0.00724042
-0.962671	0.249581
-0.962671	-0.258314
-0.886625	-0.739295
-0.625895	0.090054
-0.864898	-0.658382
-0.256528	-0.630807
-0.180482	0.284815
-0.680214	-0.518091
-0.962671	-0.0133873
2.14436	0.317834
-0.680214	0.252118
1.15576	0.404386
2.43768	0.179572
0.427888	-0.119791
-0.886625	-0.066085
-0.169618	0.246724
-0.658487	0.402561
0.254068	-0.410558
-0.984399	-0.375362
0.938484	0.480983
-0.799715	-0.615184
1.81845	0.617918
-0.571577	0.459004
0.862438	0.173581
-0.571577	-0.0585026
-0.854034	0.0881937
-0.832306	-0.59773
-0.962671	-0.62328
-0.397757	0.323803
1.87277	0.47477
-0.278255	0.411341
-1.00613	-1.07915
-0.973535	0.118159
0.862438	0.173581
0.101976	0.238356
1.05799	-0.222169
0.818983	0.485735
1.66636	-0.0670022
0.384433	0.365816
1.47081	0.335308
-0.354302	0.133626
-0.984399	-0.393624
0.395297	0.238782
-0.810579	-0.976457
0.101976	0.128069
-0.462939	-0.143325
-0.299983	-0.291657
-0.962671	-1.32361
-0.75626	0.178558
-0.919216	-1.12616
-0.745396	0.348605
0.873302	0.620013
0.243204	-0.0348604
-0.767124	-0.741727
-0.517258	-0.354761
-0.984399	-0.57544
-0.658487	0.23184
0.851574	0.308554
-0.376029	-0.738898
0.210613	0.131308
-0.278255	0.396503
-0.430348	-0.268427
0.536525	0.434316
-0.854034	-0.299811
0.471343	0.46822
0.808119	0.134136
-0.723669	-0.144245
1.97054	0.74715
-0.788851	-0.112329
1.63376	0.41546
-0.810579	-0.770841
-0.571577	0.445665
0.112839	0.503898
0.0911119	-0.660405
-0.745396	0.111057
0.971075	0.377927
-0.169618	0.162421
0.319251	0.165082
1.78586	-0.13673
-0.256528	0.528571
-0.647623	-0.106214
1.24267	0.75738
0.884165	0.508155
0.471343	0.340102
-0.75626	0.121523
-0.506394	-0.144697
-0.354302	-0.0720813
-0.386893	0.284611
-0.908353	-0.689847
-0.0935718	-0.595879
-0.723669	-0.188448
0.417024	-0.192105
1.79672	0.379479
0.623435	0.175942
0.188886	0.243934
-0.832306	-0.134925
-0.962671	-0.797108
0.645163	0.430695
-0.995263	-0.719858
-0.886625	0.42892
-0.158754	0.140523
-0.962671	-0.171987
0.84071	0.171283
0.818983	0.363737
-0.137027	-1.28741
-0.680214	-0.95822
-0.082708	0.244983
0.0150657	0.393373
2.02486	0.537994
-0.66935	-0.63165
-0.712805	0.490772
-0.84317	-0.0836625
0.449616	0.360266
-0.310847	0.279682
1.06885	-0.0707616
1.24267	0.102324
0.384433	0.35412
-0.452075	0.291878
-0.951808	-0.613699
-0.441212	0.145042
1.34044	0.496342
0.384433	0.749416
-0.462939	0.440957
0.895029	-0.723131
-0.137027	0.700195
0.612572	0.439873
0.0367932	0.345264
2.19868	0.543622
0.677754	0.0851609
-0.549849	0.395479
-0.615032	-0.199814
0.601708	0.374339
-0.256528	0.247561
-0.2348	-0.513941
-0.343438	0.0250726
-0.810579	-0.302235
0.601708	0.29111
-0.940944	-0.859819
1.42735	0.0939001
-0.886625	-1.0501
-0.278255	0.361869
-0.625895	0.259377
-0.886625	0.243613
0.764664	0.176233
-0.93008	-1.5379
-0.354302	0.147658
-0.832306	-0.33485
0.721209	0.432895
0.0585207	0.0382876
-0.93008	-0.00874694
-0.701941	-0.339072
0.460479	-0.423996
-0.691078	-0.822494
0.960212	0.355839
-0.625895	-1.09394
-0.104436	-0.123096
-0.104436	0.513577
0.656027	0.178446
-0.973535	-0.38242
0.156294	0.255332
-0.799715	0.322445
0.884165	0.341766
0.742937	0.763488
-0.169618	0.263758
-0.919216	0.333957
-0.40862	0.181878
0.438752	0.267972
-0.777988	-0.460672
-0.723669	-0.276364


test data
expected	elaborated
===========================
-0.940944	-0.721273
1.93795	0.374982
-0.723669	-0.452681
-0.126163	0.0132098
-0.636759	0.295372
-0.289119	0.316039
0.351842	-0.135373
-0.84317	-1.25577
-0.886625	-0.375098
-0.256528	-0.384713
0.84071	0.0673639
-0.549849	-0.18797
-0.0935718	-0.300189
-0.647623	0.229583
0.525662	0.0848131
-0.484667	0.604391
0.232341	0.0964622
-0.951808	-0.240269
2.16609	0.252473
0.0259294	0.116844
0.167158	0.170662
-0.734533	0.212774
0.677754	-0.0527479
-0.973535	-1.14832
-0.528122	0.0978495
-0.419484	-0.137222
-0.430348	-0.183727
-0.462939	-0.38206
0.308387	0.0723125
1.57945	-0.368412
-0.49553	0.0936025
-0.93008	-0.824368
0.905893	-0.343386
0.243204	-0.0462269
-0.821443	0.640873
-0.58244	-0.363639
-0.897489	-0.670669
0.558253	0.651426
-0.376029	-0.04105
-0.777988	-0.398267
-0.951808	-0.147451
-0.723669	0.416053
1.72067	0.74261
-0.962671	-0.796245
-0.767124	0.293815
-0.49553	-0.896955
-0.615032	0.280845
-0.267392	-0.454219
-0.84317	-0.382759
-0.452075	-0.796769
0.764664	0.706374
-0.908353	-0.447828
1.64463	-0.0155147
0.427888	0.368401
0.590844	0.562859
-0.864898	0.0947767
0.590844	0.397311
-0.560713	0.591008
0.601708	-0.257517
-0.256528	-0.793783
0.0693844	0.121876
0.210613	0.315022
-0.75626	-0.420484
-0.473803	-0.268995
-0.506394	0.0580812
-0.0609805	0.135767
0.656027	-0.395935
-0.647623	-0.318738
0.742937	0.45108
-0.886625	-0.474353
-0.658487	-0.127986
-0.919216	0.104423
0.101976	0.198823
-0.039253	0.308467
-0.0283893	0.185276
0.981939	0.795632
-0.484667	-0.349737
-0.0283893	0.345602
-0.126163	0.232329
-0.473803	0.540904
3.44801	0.529168
-0.940944	-0.821069
0.862438	0.17303
-0.701942	-0.169212
-0.767124	0.502721
1.3839	0.30615
-0.082708	-0.288056
-0.441212	0.385578
-0.571577	-1.88137
1.07971	0.502288
-0.40862	-0.336243
1.81845	0.407576
0.384433	0.194037
-0.864898	-0.448587
-1.00613	-0.944094
0.319251	0.345212
6.23999	0.757827
-0.908353	-0.514189
-1.03872	-0.289064
-0.267392	-0.0999556
-0.452075	-0.165882
-0.919216	-0.410784
-0.0718443	0.505843
1.70981	0.275506
-0.84317	-0.522102
-0.919216	-0.547731
8.10856	0.558441
0.210613	0.528259
0.449616	-0.448429
1.49254	-0.415703
-0.84317	-0.13053
1.36217	0.375425
-0.951808	-0.463647
-0.908353	-0.876109
-0.430348	0.00148647
-0.40862	0.280743
0.645163	-0.122676
-0.962671	-1.01364
1.7424	0.132789
-0.245664	0.403348
0.319251	0.546998
-0.202209	0.0657886
1.41649	-0.149445
-0.799715	0.247987
-0.58244	-1.14205
-0.995263	0.482129
-0.158754	0.00137517
-0.951808	-0.282164
-0.0283893	0.226394
-0.538985	-0.77853
2.00313	0.161638
-0.788851	0.573565
0.851574	0.630438
-0.897489	-1.01784
2.88309	0.640442
-0.376029	0.344695
-0.897489	0.272288
0.112839	-0.456484
0.0802482	0.241741
2.42682	0.580072
-0.636759	0.0379523
-0.278255	0.0783972
-0.734533	0.0488012
-0.951808	0.244396
-0.962671	-0.317817
1.47081	0.0419402
-0.299983	-0.489027
-0.202209	0.440014
-0.604168	-0.404132
-0.441212	-0.60009
-0.919216	0.428698
0.884165	0.424224
0.677754	-0.236186
0.0476569	0.0424884
-0.886625	-0.551339
-0.777988	0.247502
0.862438	0.257366
-0.875761	-0.334989
-0.169618	0.148523
1.37303	0.484508
1.18835	0.653922
0.601708	0.0621172
-0.528122	-0.830323
1.09058	0.00575022
1.99227	0.355603
-0.310847	-0.0903581
-0.310847	0.482553
-0.256528	0.479706
-0.452075	0.270473
0.373569	-0.500034
-0.821443	0.422903
3.37196	0.140149
-0.0935718	-0.0753951
0.286659	0.7199
2.00313	0.109421
-0.951808	0.364737
2.35077	0.520244
0.427888	0.78475
-0.506394	0.399017
3.05691	0.29961
-0.223937	-0.379104
-0.84317	-0.530058
-0.984399	0.496511
-0.343438	0.180548
-0.32171	0.00330389
-0.832306	-0.871567
-0.777988	0.198539
1.1123	0.605423
-0.940944	-1.39756
-0.973535	-0.272065
-0.0501168	0.308907
-0.940944	-0.16833
1.39476	0.904429
1.6229	-0.035227
0.199749	0.0410639
-0.636759	-0.758754
-0.473803	-0.14082
0.101976	0.321955
-0.365165	-0.440301
-0.995263	-0.812179
-0.832306	-0.235025
0.721209	-0.514516
-0.397757	-1.2473
-0.777988	0.281822
-0.734533	0.142212
-0.560713	0.412665
-0.810579	0.326358
1.3839	0.386983
-0.104436	-0.199897
-0.213073	0.327063
-0.66935	0.357156
0.330114	-0.00220664
-0.082708	0.413283
0.145431	-0.147413
-0.767124	0.617828
5.08843	0.329
-0.376029	-0.590436
0.340978	0.525184
-0.734533	0.11496
-0.462939	0.107541
-0.75626	-0.743214
-0.571577	-0.0801132
-0.310847	0.231389
0.797255	0.786792
0.786392	0.220251
0.254068	0.544387
-0.462939	0.416888
1.02539	0.382802
-0.647623	-0.47572
1.78586	0.517982
-0.875761	-0.486429
0.123703	0.219953
-0.973535	-1.20582
-0.984399	-0.28903
-0.799715	-0.172775
0.558253	0.131096
-0.962671	-0.345755
-0.973535	-0.624768
0.884165	0.473314
0.384433	0.152427
0.427888	-0.0778335
-0.32171	0.0373799
-0.84317	-0.00985083
-0.441212	0.501418
-0.14789	0.425798
0.0259294	-0.0572385
-0.462939	0.265047
-0.223937	0.356289
-0.213073	0.16655
3.66528	0.45154
-0.788851	0.605522
-0.767124	0.204961
-0.93008	-0.465369
-0.332574	-0.249384
-0.777988	-0.677702
-0.875761	-1.0822
-0.549849	-0.282491
0.590844	0.357522
0.569117	0.746487
-0.0501168	0.260783
-0.278255	-0.357783
-0.49553	-0.306598
-0.256528	0.143515
-0.854034	-0.967013
-0.897489	-1.26881
0.384433	0.35412
-0.886625	-0.363227
0.199749	-0.27496
1.00367	0.417428
0.0802482	0.490221
0.775528	0.00485358
0.558253	0.101503
1.94881	0.219657
0.308387	0.516689
-0.267392	0.242633
-0.799715	-0.259934
-0.951808	-0.593448
-0.082708	0.245449
-0.615032	-0.0142741
-0.40862	-0.205845
0.417024	0.210761
0.243204	0.103418
-0.082708	0.534929
1.53599	0.289177
0.221477	-0.3486
-0.745396	-0.150272
-0.973535	-0.126674
-0.223937	0.12793
-0.951808	-0.0817736
-0.213073	-0.085527
1.56858	0.113987
-0.593304	-0.386285
-0.951808	-0.328167
-0.767124	0.317318
-0.84317	0.494567
-0.213073	0.105078
-0.169618	0.422632
-0.723669	0.0902693
-0.897489	-0.460637
-0.984399	-0.871519
1.53599	-0.075287
1.73154	0.433877
0.373569	0.124719
-1.00613	-1.0025
-0.517258	-0.538574
-0.158754	-0.22556
0.351842	0.616076
-0.875761	-0.444154
-0.538985	0.379277
-0.734533	0.146372
-0.560713	0.46559
-0.93008	-0.699811
0.590844	0.594562
0.656027	0.296468
-0.560713	0.137447
0.373569	0.378711
-0.821443	-1.31744
-0.549849	0.0299773
-0.864898	-1.63056
-0.299983	-0.0922029
-0.821443	-0.996024
-0.473803	0.429051
-0.940944	-1.01359
1.85104	0.409203
-0.973535	-0.9446
-0.082708	-0.437294
0.167158	0.170769
-1.04958	0.122707
2.36163	0.205976
-0.767124	-0.416943
1.5034	0.637766
0.471343	0.340492
-0.2348	0.19956
-0.919216	-0.803883
0.981939	0.234402
-0.593304	-0.0687816
1.15576	-0.0344231
-0.799715	-0.039763
1.81845	0.038655
0.0150657	0.225109
0.503934	-0.00815828
-0.419484	0.524839
-0.615032	-0.460073
1.57945	0.298457
-0.310847	0.361728
0.0259294	0.142228
0.188886	0.415502
-0.430348	0.395746
-0.40862	-0.00542316
-0.299983	-0.111421
-0.691078	-0.224808
-0.799715	-0.0507969
-0.777988	-0.101182
-0.278255	0.279104
-0.115299	0.477969
-0.940944	-0.686716
-0.984399	-0.977899
-0.919216	-0.627538
0.818983	0.256993
0.384433	0.749416
0.199749	-0.215953
-0.40862	0.842825
-0.951808	0.0416846
-0.723669	-1.19477
-0.593304	0.0863095
-0.365165	0.153412
0.319251	-0.588942
-0.799715	-0.803671
-0.604168	-0.705525
-1.00613	0.0364136
-0.680214	0.238383
-0.604168	0.0975694
-0.180482	0.423246
-0.32171	0.338564
0.699482	0.524646
-0.126163	-0.215758
-0.767124	-0.339087
-0.799715	0.230339
0.569117	-0.395361
-0.745396	0.326547
-0.777988	-0.767612
2.20954	0.282689
-0.180482	0.0544144
-0.799715	-0.0895331
-0.223937	-0.234273
-0.962671	-0.197928
-0.625895	-0.725149
-0.84317	-0.254717
0.243204	0.312288
-0.864898	-1.07458
1.82931	0.678434
-0.66935	0.308615
-0.517258	-0.0381562
0.319251	0.160925
-0.940944	0.324909
-0.289119	-0.151652
0.178022	-0.23429
-0.875761	-0.778716
-0.951808	0.198036
-0.289119	0.113914
0.960212	0.474277
-0.615032	0.422642
-0.908353	-1.59216
2.52459	0.422714
-0.908353	-0.319342
-0.560713	0.417268
0.645163	0.144075
-0.0935718	0.680851
0.992803	0.11077
-0.788851	0.317951
-0.202209	0.264609
-0.245664	-0.832542
2.55718	0.422251
1.54685	0.252661
0.0259294	0.170105
-0.723669	-0.121296
-0.386893	0.256757
0.362706	-0.0652466
-0.386893	-0.245028
0.721209	0.255066
0.84071	0.0889758
-0.908353	-0.854611
-0.777988	0.355709
-0.908353	0.368987
1.13403	0.43092
-0.93008	-0.201822
-0.49553	0.0551934
0.156294	-0.568479
1.1123	0.282181
-0.777988	0.117821
-0.376029	-0.286761
-0.919216	-0.899557
-0.832306	0.171809
-0.517258	-0.297477
-0.93008	-0.14894
-0.32171	0.19913
-0.940944	-0.732484
1.28612	0.471821
2.51373	0.407762
0.210613	0.203311
-0.897489	0.18686
0.275796	0.248555
0.0911119	0.361519
-1.03872	-0.359051
-0.875761	-0.571564
-0.962671	-0.027742
-0.799715	-0.458156
-0.93008	-0.0771338
0.569117	-0.17718
-0.875761	-1.35876
-0.788851	-0.616206
0.971075	0.287997
-0.430348	0.237307
0.786392	0.425341
-0.615032	-0.682996
-0.701942	0.555665
0.243204	0.176287
-0.299983	-0.603312
1.72067	0.512638
-0.137027	0.230381
-0.854034	0.32752
1.34044	0.545895
-0.767124	-0.0889452
-1.03872	0.397916
-0.788851	0.417045
-0.180482	-0.556922
-0.886625	0.207216
0.0150657	0.0591847
-0.940944	-0.99765
-0.115299	0.24719
-0.940944	-1.22163
-0.0609805	-0.139273
-0.864898	0.0153622
0.123703	0.454197
1.27526	0.432339
-0.452075	-0.277946
-0.712805	0.0628589
1.07971	-0.467672
0.721209	0.509995
0.210613	0.447706
-0.691078	-0.569968
1.91622	0.343293
-0.104436	0.250762
-0.712805	-0.122665
-0.191345	0.431094
1.99227	0.394203
-0.886625	-1.11904
0.449616	0.33812
-0.973535	0.477488
-0.376029	0.2054
-0.0718443	-0.274669
-0.93008	-1.13027
-0.58244	-0.562953
-0.962671	0.351933
-0.462939	0.267193
1.06885	-0.223665
-0.767124	0.181767
-0.897489	-0.76983
-0.897489	0.264785
-0.58244	0.24601
-0.332574	0.13029
0.699482	-0.42518
2.65496	0.520527
0.49307	0.54135
-0.571577	-0.167575
-0.93008	0.00182672
0.601708	0.254014
-0.517258	-0.543166
-0.571577	0.492929
-0.897489	0.104936
-0.441212	0.422471
-0.788851	-0.388846
-0.767124	0.232499
-0.821443	-0.0430028
-0.0501168	0.158062
-0.462939	-0.171176
-0.886625	-0.493502
-0.452075	-0.0650944
-0.788851	-0.527342
0.406161	0.354152
-0.484667	0.166864
0.156294	0.250185
0.547389	0.185474
-0.0718443	-0.528907
0.558253	-0.0760102
-0.517258	0.561636
-0.908353	-0.62282
-0.484667	0.260408
3.58924	0.525337
-0.245664	0.43464
-0.441212	-0.111921
-0.940944	-0.52296
-0.00666181	0.393791
-0.419484	0.364703
-0.810579	0.298034
0.123703	0.131185
-0.788851	0.29962
0.775528	0.284155
-0.32171	-0.0939276
-0.658487	0.5446
4.30625	0.580147
0.210613	-0.918264
-0.299983	-0.491468
0.112839	0.701071
-0.745396	-1.03407
0.0585207	-0.0866981
-0.419484	-0.523766
-0.419484	0.48623
-0.2348	0.205282
-0.245664	0.226308
-0.66935	0.139902
-0.158754	0.0427545
-0.995263	-1.1415
-0.701942	0.190631
0.851574	0.527476
1.1449	0.315633
-0.821443	-0.453301
0.981939	0.206764
-0.962671	-0.018127
-0.419484	0.764992
-0.386893	0.08114
0.590844	-0.273687
-0.538985	-0.479768
-0.734533	0.501752
-0.973535	-0.622675
-0.647623	-0.464859
-0.962671	-0.4743
-0.821443	-0.0368883
-0.310847	0.189117
-0.75626	-0.915095
0.92762	-0.205033
-0.832306	-0.572893
0.384433	-0.106687
-0.908353	-0.932672
-0.473803	-0.143908
-0.213073	0.410492
-0.169618	0.355786
0.308387	0.446249
-0.723669	-0.555192
1.09058	0.206793
1.61204	0.575448
0.971075	0.350896
-0.419484	0.276503
-0.908353	-0.647043
-0.984399	-0.785873
-0.788851	0.305669
-0.484667	0.10027
-0.734533	0.334925
-0.854034	-0.279928
2.35077	0.530767
-0.506394	0.265285
2.253	0.574542
-0.701942	-0.364636
-0.875761	0.186032
-0.49553	-0.426278
-0.636759	-0.390984
-0.58244	0.116826
-0.169618	0.167772
-0.310847	-0.756485
-0.32171	0.508186
0.721209	0.107712
0.362706	0.508202
-0.213073	0.437498
-0.506394	-0.250331
1.89449	0.0550066
-0.169618	0.295181
-0.777988	-0.0729946
-0.984399	-1.12793
-0.908353	-1.28149
0.297523	0.127819
-0.528122	0.232197
0.438752	0.207246
-0.517258	0.192898
0.482207	0.606775
0.286659	0.423659
1.79672	0.644685
-0.397757	-0.00865248
-0.767124	0.0700111
-0.93008	-0.597738
-0.767124	0.516408
-0.625895	0.119833
1.92708	0.389695
-1.00613	-0.355729
-0.691078	0.0215696
0.471343	0.170971
1.7424	0.581018
-0.701942	0.00401145
1.05799	0.295418
0.340978	0.567231
0.0367932	0.364303
-0.886625	-0.555978
0.66689	0.254739
-0.940944	-0.578877
-0.919216	-0.88205
-0.712805	0.0620587
-0.84317	0.506209
-0.962671	0.180286
0.210613	-0.140951
-0.593304	0.32437
0.558253	0.324149
-0.897489	0.449833
-0.386893	-1.37604
0.536525	0.0219163
-0.75626	0.189312
-0.767124	-0.689123
0.482207	-0.507848
-0.875761	0.442514
-0.104436	0.50743
-0.854034	-0.494106
-0.58244	-0.463743
-0.962671	-0.592699
1.51426	0.490929
-0.84317	0.6139
1.65549	0.355954
-0.799715	-0.8745
-0.973535	-0.79984
0.221477	-0.183765
-0.343438	0.3025
1.19921	0.278587
-0.636759	-0.416228
0.460479	-0.864069
-0.897489	-0.251345
1.18835	0.234217
-0.158754	0.105104
0.612572	0.0909799
2.97	0.53817
-0.0283893	0.408338
0.590844	-0.0347215
-0.615032	0.678476
0.00420194	0.232485
-1.01699	-0.789119
-0.886625	0.0352829
-0.58244	-0.380959
0.00420194	0.425637
0.351842	0.694185
1.04712	0.348091
-0.14789	0.484074
-0.115299	-0.0750963
2.47027	0.37182
-0.593304	0.195375
-0.376029	-0.167314
-0.745396	0.546204
-0.310847	-0.295845
0.688618	0.424777
0.00420194	-0.137802
-0.84317	-0.791006
-0.777988	-1.04108
2.57891	0.919183
2.50286	0.588705
-0.897489	0.20037
-0.777988	-0.185442
-0.538985	-0.00197834
0.0150657	0.0255565
0.123703	-0.20496
-0.32171	0.19926
-0.767124	-0.558624
-0.995263	-0.65347
0.569117	0.31274
-0.2348	-0.464457
4.06724	0.423133
0.264932	-0.0544704
0.0802482	-0.188751
1.09058	-0.252337
1.56858	0.543908
-0.126163	-0.26393
-0.93008	-1.23697
-0.940944	0.191931
1.09058	-0.11935
-0.538985	-0.21091
1.28612	-0.371054
-0.58244	0.515927
-0.940944	-0.738386
2.17695	0.597929
-0.00666181	0.516353
0.210613	0.269773
-0.571577	-0.333011
1.03626	0.341998
-0.691078	-0.225899
2.22041	0.669666
0.460479	0.499011
1.04712	0.223497
-1.01699	-0.0410456
-0.723669	-0.281022
-0.897489	-0.555097
-0.58244	0.434298
0.134567	0.408061
0.688618	0.543654
-0.658487	-0.528257
-0.473803	0.485793
3.76306	0.760818
-0.799715	-0.488226
-0.441212	0.663245
-0.712805	0.65245
-0.658487	-0.610395
-0.810579	-0.765121
1.04712	0.234821
-0.854034	0.125444
-0.32171	-0.482148
-0.213073	0.337407
0.0802482	0.27835
-0.821443	-0.732576
-0.278255	0.430241
0.84071	0.0708454
-0.593304	0.215323
-0.93008	-0.839973
-0.984399	0.14522
1.52513	0.333315
-0.940944	-0.0501897
-0.267392	0.360355
5.15362	0.729058
0.569117	0.25747
-0.202209	-0.187786
-0.571577	-0.0862491
-0.256528	0.30321
-0.854034	-0.39615
0.243204	0.270764
-0.777988	0.295276
2.48114	-0.106285
-0.908353	-0.586331
-0.158754	0.155259
0.0911119	0.157315
-0.777988	-0.538941
0.297523	0.062813
-0.919216	0.0906244
-0.0609805	-0.620903
-0.951808	0.286747
-0.267392	0.0814564
-0.202209	-0.0534782
-0.919216	0.093727
-0.767124	-0.301055
1.76413	0.652447
3.08951	0.3458
-0.14789	0.224364
-0.680214	0.235066
-0.647623	0.153223
0.645163	0.399493
-0.832306	-0.992416
-0.169618	0.685716
-0.777988	-0.385219
2.30732	0.302739
-0.571577	-0.223232
-0.84317	-0.859021
-0.386893	-0.0868264
-0.397757	0.448104
-0.810579	0.0658694
1.2644	0.476663
-0.0718443	-0.738391
-0.202209	0.0950224
0.0150657	0.30643
0.417024	0.450829
0.438752	-0.528076
0.49307	-0.365236
-0.267392	0.0747513
-0.810579	-0.320587
0.656027	-0.457191
-0.864898	-0.536834
0.178022	0.515187
1.21008	0.291734
0.49307	0.193294
-0.180482	-0.112966
-0.625895	0.2626
0.123703	0.17466
-0.897489	-0.159877
1.8619	0.103316
0.992803	0.205013
-1.02785	-0.153573
-0.0283893	0.523388
2.92655	0.680457
2.01399	0.64623
1.12317	0.233766
0.145431	0.312603
-0.462939	0.0845662
0.699482	0.339575
-0.430348	0.0740123
-0.973535	-1.52211
-0.940944	0.200197
-0.310847	0.498356
-0.995263	-0.584236
-0.158754	-0.161096
-0.897489	-0.301041
0.558253	0.195944
0.536525	-0.17622
-0.0175256	0.362075
-0.604168	0.218538
-0.0501168	-0.0129732
-0.919216	-1.16389
-0.788851	-0.534814
-0.180482	0.234502
1.27526	-0.116178
-0.962671	-0.698629
-0.962671	-1.25071
-0.93008	0.0387832
-0.897489	-0.377879
-0.0283893	-0.721936
0.0150657	0.326604
-0.104436	0.34901
-0.832306	0.0303829
1.97054	0.464171
1.85104	0.796142
-0.441212	0.435672
-0.767124	-0.597681
3.2416	0.105758
-0.245664	0.366345
-0.484667	0.176572
1.51426	0.204358
-0.66935	-0.649137
2.40509	0.238018
0.0476569	0.560954
-0.723669	-0.364352
-0.604168	0.0245163
-0.940944	-0.295044
-0.58244	0.0814466
1.3839	0.658069
-0.560713	-0.743981
-0.919216	-0.0966041
0.0259294	0.0869169
0.514798	0.389158
0.243204	-0.344378
1.19921	0.346224
-0.58244	0.716896
2.47027	0.629469
-0.919216	-0.986702
2.01399	-0.26219
-0.386893	0.299276
-0.484667	0.170451
0.764664	0.41829
-1.01699	-0.0430704
-0.897489	-0.587267
-0.767124	-0.599248
0.199749	-0.268723
-0.137027	0.424214
-0.354302	-0.363612
0.275796	0.449336
-0.995263	-0.402085
0.308387	-0.433111
0.710345	-0.0615544
-0.506394	-0.261895
-0.365165	0.14248
-0.310847	0.549609
0.123703	0.0586062
-0.875761	-0.318255
-0.897489	-0.410038
0.742937	0.326514
-1.00613	-0.631905
-0.0609805	0.28911
0.134567	0.424084
-0.647623	-0.222597
-0.767124	0.550881
-0.538985	-0.301741
-0.560713	-0.0446124
1.22094	0.0365144
0.330114	0.569667
-0.658487	0.43167
-0.886625	-1.88436
0.677754	0.0171782
-0.039253	0.0121068
-0.701942	0.581963
1.97054	0.0331204
-0.723669	-0.364313
-0.897489	-0.583833
-0.223937	-0.0972174
3.3611	0.670865
1.69895	0.525033
-0.940944	-1.18092
-0.832306	-0.364724
-1.03872	-1.33485
-0.604168	-0.414007
-0.908353	-0.80776
-0.886625	-0.799852
0.710345	0.195231
0.503934	0.0479411
-0.75626	0.421027
3.3611	0.712007
0.134567	0.111227
3.62183	0.410516
-0.701942	-0.634182
0.732073	-0.173014
5.11016	0.403461
-0.180482	-0.201973
0.134567	0.104054
0.645163	0.403889
-0.93008	-0.274251
-0.419484	-0.419056
-0.875761	0.223643
-0.854034	0.240577
1.12317	0.794513
0.460479	0.240787
3.06778	0.715756
0.417024	0.146014
-0.821443	0.31936
-0.169618	0.457463
-0.538985	0.539063
0.66689	0.742519
-0.984399	-0.471914
0.167158	0.149352
1.54685	0.715843
-0.93008	-0.91499
3.20901	0.857852
0.895029	0.00250982
-0.571577	0.0389723
-0.104436	-0.219122
3.66528	0.47868
0.0367932	-0.221053
2.07918	0.493181
0.134567	0.427411
-0.517258	0.468705
-0.473803	0.01311
-0.039253	0.288685
-0.289119	0.301612
-0.0283893	0.44838
-0.832306	-0.773311
0.938484	0.53771
-0.712805	0.147451
1.90536	0.596024
-0.93008	-0.935532
-0.0609805	0.128321
-0.93008	-0.177994
0.66689	0.209826
-0.452075	0.57433
-0.636759	-0.558815
-0.701942	-0.0623897
0.938484	0.801976
-0.397757	-0.795358
0.503934	0.328049
-0.365165	0.0931367
0.373569	-0.0854988
0.210613	0.319738
0.362706	-0.106063
-0.517258	0.379758
1.15576	-0.275467
-0.191345	-0.567091
-0.84317	-1.0254
0.503934	0.446873
0.601708	0.1085
-0.082708	0.0749053
-0.93008	-1.03586
1.06885	-0.0111328
-0.365165	0.0518796
-0.734533	0.31965
-0.723669	-0.765136
-0.777988	0.47073
1.21008	0.40883
2.95914	0.278968
0.438752	-0.562608
-0.441212	0.509549
-0.560713	-0.0763601
4.50179	0.666071
-0.691078	0.292222
0.297523	0.649381
-0.332574	0.205005
-0.734533	-1.03311
-0.691078	-0.756248
-0.538985	0.500237
-0.66935	-0.218517
-0.604168	0.288432
-0.386893	0.467501
-0.549849	-0.010569
-0.419484	0.258623
-0.00666181	0.179384
-0.919216	-0.55951
-0.777988	-0.0511615
-0.821443	-1.00603
-0.973535	-0.326978
-0.58244	-0.548868
0.786392	-1.03247
0.721209	-0.104644
-0.0718443	-0.439098
0.460479	0.658263
-0.832306	-0.0954399
-0.397757	-0.256545
-0.940944	0.108289
-0.126163	0.591456
-0.310847	0.175377
0.232341	0.519281
-0.897489	-0.60688
-0.691078	0.093395
0.319251	0.317557
-0.441212	0.158304
0.286659	0.047365
0.514798	0.196173
-0.691078	0.486896
-0.875761	-0.40078
-0.984399	-1.24082
-0.538985	-1.5761
0.134567	0.0112228
-0.104436	0.295046
-0.593304	0.438484
0.49307	0.410495
-0.039253	-0.0238621
-0.0175256	0.593823
-0.538985	-0.777786
-0.191345	-0.139737
-0.832306	-0.033912
-0.940944	-0.734499
-0.14789	-0.386025
-0.984399	-1.28036
-0.973535	-0.689628
-0.962671	0.110324
0.471343	0.269437
0.188886	-0.022075
2.65496	0.35819
0.471343	0.592171
-0.00666181	0.436851
-0.995263	-1.05334
-0.680214	-0.413528
-0.289119	0.343504
0.460479	0.431388
0.66689	0.133001
0.101976	0.230315
1.47081	0.279061
-0.897489	-0.702374
-0.810579	0.0177842
-0.397757	0.116165
0.645163	0.0908033
-0.973535	-0.150038
0.49307	0.402123
-0.49553	0.307898
-0.973535	-1.1116
-0.430348	0.239549
-0.365165	0.664779
1.60117	-0.290071
-0.647623	-0.188325
-0.0175256	-0.430724
-0.560713	0.150975
-0.788851	-0.260786
-0.799715	-0.00883025
-0.745396	-1.67697
-0.962671	-0.512408
1.02539	0.494505
-0.821443	-0.300253
-0.799715	0.385445
-0.082708	-0.0125577
-0.767124	0.010546
1.09058	-0.0754191
-0.332574	-0.276754
6.21826	0.554246
-0.32171	0.186296
-0.354302	-0.19513
-0.169618	0.351516
-0.962671	0.34864
1.24267	0.24382
-0.712805	-0.117273
-0.310847	0.0834954
-0.560713	0.283302
-0.799715	-0.73462
0.210613	-0.224234
-0.951808	-0.587419
-0.2348	-0.439607
-0.0718443	0.430432
1.18835	0.55595
4.59957	0.597246
-0.951808	-1.22466
-0.202209	-0.00116844
0.134567	0.251836
-0.538985	-0.219228
0.00420194	0.299455
0.916757	-0.0624553
-0.039253	0.607747
0.00420194	0.512511
0.232341	0.199545
-0.289119	-0.27878
-0.549849	-0.37197
1.03626	0.0201399
-0.0175256	0.511822
0.232341	0.257577
0.699482	0.386149
0.417024	-0.0634839
0.0911119	0.717755
0.612572	0.260119
-0.039253	0.41366
-0.723669	-0.0255229
-0.973535	-0.690887
0.417024	0.371887
-0.636759	0.323607
1.75326	0.377032
-0.158754	0.356395
-0.0609805	0.175969
-0.658487	0.473587
-0.647623	-0.173333
-0.919216	-0.544311
-0.158754	0.524432
-0.354302	0.323311
-0.49553	0.300496
-0.875761	-1.0037
-0.039253	0.412299
-0.604168	-0.112486
-0.039253	0.228643
1.76413	-0.0176499
0.829847	0.429267
-0.462939	-0.541712
-0.984399	-0.467031
-0.549849	-0.111442
0.0476569	0.344879
-0.75626	0.0496264
-0.517258	0.333385
0.00420194	0.326664
-0.886625	-0.125207
-0.734533	0.108946
0.971075	0.345524
-0.180482	0.352012
-0.0935718	-0.567571
-0.864898	0.16946
-0.49553	-0.206089
-0.0501168	-0.00705857
-0.517258	0.356874
-0.919216	-1.18263
-0.886625	-0.699414
-0.354302	-0.0818468
-0.886625	-1.56432
1.07971	0.315877
-0.376029	0.131142
-0.213073	-0.195038
0.362706	0.356041
-0.376029	0.168259
-0.84317	-0.742505
1.49254	0.00327963
-0.745396	0.469273
0.677754	0.515219
-0.919216	-0.0339438
0.286659	0.20917
-0.658487	-0.305157
-0.137027	0.460315
-0.745396	-1.04502
-0.332574	-0.239951
-0.365165	-0.423964
-0.745396	-0.669364
-0.082708	-0.448048
1.41649	0.288933
1.01453	-0.972438
-0.354302	-0.270919
-0.897489	-0.715845
1.49254	0.16459
-0.908353	-1.81138
-0.202209	-0.155776
-0.875761	-1.25666
-0.419484	0.392959
2.91569	0.455541
0.677754	0.0770078
2.57891	0.308953
-0.473803	0.218472
-0.951808	-0.776815
-0.213073	-0.16015
1.02539	-0.149418
0.351842	0.383504
0.471343	0.410173
-0.604168	0.152807
0.417024	-0.33015
-0.126163	0.182217
-0.962671	0.132026
0.297523	0.799966
-0.799715	0.0368073
-1.02785	-0.729235
-0.734533	-0.320126
-0.962671	-0.572959
-0.213073	0.0913628
-0.788851	-0.493035
1.34044	0.875597
-0.723669	-0.730524
0.167158	-0.0345979
-0.832306	-1.04182
-0.223937	-0.323104
0.319251	0.033172
-0.14789	-0.558085
0.0911119	-0.0237399
1.10144	0.423872
-0.484667	0.0797811
0.0911119	0.0978784
-0.875761	0.0312379
-0.658487	0.235936
-0.538985	-0.655605
-0.919216	-0.35006
-0.58244	0.425108
1.95968	0.629725
-0.951808	0.292261
-0.267392	-0.484141
0.66689	0.182395
-0.886625	-1.06753
-0.104436	0.449548
0.0585207	-0.229901
-0.343438	-0.294447
-0.832306	-0.0129073
-0.332574	-0.176775
-0.951808	0.00535424
-0.419484	-0.524545
-0.66935	0.522957
-0.267392	0.195825
-1.02785	-0.268883
-0.919216	-0.364385
0.460479	0.527355
-0.289119	0.347752
0.243204	0.517921
-0.93008	0.30671
3.45887	0.318011
-0.289119	0.196868
0.351842	0.65564
-0.691078	-0.921022
0.254068	0.57905
0.536525	0.173863
0.0367932	-0.026746
-0.32171	0.258437
1.51426	0.354937
1.21008	0.167741
-0.0501168	0.222816
0.938484	0.399995
-0.2348	-0.190502
1.43822	0.199895
0.417024	0.51232
-0.180482	0.0227899
-0.712805	-0.290718
-0.473803	0.143461
-0.799715	-0.935891
-0.886625	-1.27455
1.99227	0.69699
-0.854034	-0.35386
-0.951808	0.150092
1.64463	0.417176
0.829847	0.10389
-0.691078	-0.0170142
-0.93008	-0.222532
-0.777988	0.0727908
-0.625895	0.189625
-0.810579	0.497218
-0.864898	0.390067
3.05691	0.560259
-0.0501168	0.432305
-0.66935	0.0256562
-0.310847	0.232428
0.340978	0.600927
0.00420194	0.400167
1.05799	0.387115
0.808119	0.355656
-0.658487	-0.351395
0.482207	0.473526
0.275796	0.212035
-0.951808	-0.00616106
3.90429	0.475543
-0.32171	-0.119798
0.992803	0.0771982
4.50179	0.280959
-0.58244	-0.280717
-0.354302	0.455419
-0.538985	-0.974063
0.297523	0.37513
-0.84317	0.607411
2.11177	0.454834
0.0693844	-0.090664
-0.767124	-0.749304
-0.354302	0.356451
2.22041	0.493749
0.0367932	-0.188961
-0.84317	0.239168
-0.0501168	0.0979845
-0.473803	-0.144921
-0.734533	-0.0599687
-0.897489	0.22819
-0.58244	0.470323
-0.940944	-0.121798
0.438752	0.160888
-0.452075	0.165221
-0.376029	-0.738898
-0.082708	0.233931
-0.875761	0.371708
0.905893	0.235527
-0.0718443	-0.210899
-0.310847	0.0711442
0.862438	0.753155
1.48167	0.461286
0.0476569	0.232107
1.43822	0.243719
-0.864898	-0.446933
2.91569	0.220933
1.70981	0.413507
1.05799	0.375633
0.319251	0.246043
0.351842	-0.146047
0.960212	-0.58667
1.47081	0.265785
-0.691078	0.453145
-0.66935	0.436622
-0.636759	-0.153795
1.3839	0.182212
-0.343438	0.290999
-0.962671	-0.802872
-0.908353	-0.43472
-0.484667	0.0317683
1.53599	0.746686
0.199749	0.196269
-0.66935	-0.400238
2.57891	0.334691
2.69841	0.0437167
-0.75626	-0.308733
0.905893	0.294589
-0.202209	0.350718
0.373569	0.323052
2.87223	0.558324
-0.452075	0.298776
-0.821443	-0.316555
-0.777988	-0.0572282
1.10144	0.478694
0.677754	0.532762
-0.940944	-0.537242
-0.115299	0.371214
0.645163	0.333012
1.06885	0.384417
-1.04958	-0.452546
-0.419484	-0.024171
-0.821443	-0.570083
2.81791	0.268868
0.721209	0.410742
-0.777988	0.274633
-0.734533	-1.28734
-0.473803	0.188113
2.36163	0.155592
0.0259294	-0.398818
-0.604168	0.405984
-0.788851	-0.374836
-0.799715	-0.93792
-0.658487	-0.10409
0.57998	0.0769846
-0.14789	0.296385
-0.658487	0.0972558
-0.256528	-0.214097
1.07971	0.511313
-0.115299	-0.145414
-0.549849	-0.030492
1.37303	0.475798
0.264932	0.106548
0.677754	-0.131133
-0.875761	-1.86216
-0.723669	-0.0545652
0.308387	-0.116009
-0.864898	0.180178
-0.223937	-0.258347
-0.473803	0.0277081
0.145431	0.54237
0.243204	-0.549891
0.362706	0.651461
-0.615032	-0.30469
-0.386893	-0.113222
-0.386893	0.284611
-0.397757	0.322855
-0.430348	0.378219
-0.777988	-0.718083
-0.995263	-1.46282
2.82878	0.425296
-0.897489	-0.146987
-0.93008	-0.839318
-0.723669	-0.441694
-0.158754	0.345359
-0.821443	-0.455588
-0.75626	-0.0975242
-0.0501168	-0.419514
0.699482	-0.0488076
0.221477	-0.0887776
-0.973535	-0.779052
-0.767124	-0.0772489
1.13403	0.32135
0.503934	0.12474
-0.625895	0.296129
-0.66935	-0.740733
-0.202209	0.00974389
-0.897489	0.280816
-0.473803	0.246947
-0.213073	0.482062
0.656027	0.343171
0.0150657	0.263509
-0.864898	-1.08976
0.178022	0.279734
-0.549849	0.139541
-0.734533	-1.13423
0.112839	0.42801
1.47081	0.431758
3.40455	0.564508
-0.821443	-0.187439
-0.93008	-0.847095
-0.0935718	-0.00880009
-0.0501168	0.23907
-0.691078	-0.88876
-0.940944	-0.556088
0.482207	0.298146
-0.104436	-0.113885
-0.158754	0.332468
-0.951808	-0.671316
-0.039253	-0.647959
2.70927	0.482008
-0.256528	0.0448815
0.66689	-0.158355
-0.560713	0.424443
-0.376029	0.141474
-0.973535	-0.0609156
0.286659	0.0950958
-0.267392	0.505432
-0.462939	0.399669
-0.854034	-0.702243
-0.908353	-0.750545
-0.245664	-0.281175
-0.973535	-0.35955
0.992803	0.766141
0.319251	0.0998245
-0.647623	0.480269
-0.473803	0.0721919
-0.832306	-0.378921
-0.213073	0.0225625
-0.560713	-0.166623
-0.886625	-0.0941007
-0.082708	0.465625
2.09004	-0.00205644
3.7196	0.177569
-0.082708	-0.0903925
1.40563	0.86386
0.0259294	-0.163175
3.15469	0.431953
-0.84317	-0.952726
3.06778	0.267094
-0.636759	0.0365758
-0.973535	-0.372246
-0.49553	-0.204156
-0.745396	-0.547446
-0.0609805	-0.637178
-0.93008	-0.467326
-0.158754	0.358747
-0.897489	-0.576861
0.406161	-0.5561
-0.777988	-1.12638
-0.0609805	0.270206
0.101976	0.111305
0.916757	0.0568094
-0.745396	0.348339
0.721209	-0.64498
-0.223937	0.0290674
-0.484667	-0.226401
0.66689	0.659904
-0.0175256	0.37464
3.62183	0.646616
-0.223937	0.281637
-0.376029	0.241477
-0.191345	-0.490047
0.0911119	-0.0480614
-0.875761	-0.121581
-0.973535	0.0209735
-0.473803	-0.223741
0.916757	0.766249
-0.223937	0.309546
-0.593304	-0.51527
-0.14789	-0.151783
0.699482	0.357637
0.0259294	-0.313029
-0.0718443	-0.303514
-0.84317	-0.465165
-0.908353	-0.351294
0.00420194	0.426812
1.48167	0.303565
0.406161	0.450918
-0.452075	-0.0194167
0.286659	0.642196
-0.473803	0.386857
1.94881	0.308716
0.0911119	-0.512223
-0.886625	-0.729989
3.73047	0.876024
1.16662	-0.162103
-0.549849	-0.62978
-0.864898	-0.364001
-0.40862	0.250867
-0.0501168	0.363542
-0.365165	0.153205
-0.66935	-0.287
1.34044	0.553582
-0.93008	-0.410618
0.264932	0.406954
-0.984399	-0.131428
0.395297	0.0972792
-0.137027	-0.401248
-0.58244	-0.29663
3.10037	0.424181
1.39476	0.472185
-0.734533	-1.45971
0.0911119	0.356008
2.36163	0.522804
0.797255	0.393821
0.00420194	0.561966
-0.549849	-0.191039
-0.615032	0.200273
-0.49553	-0.0428512
-0.962671	-0.444378
0.0367932	-0.240849
0.49307	0.15292
-0.625895	-1.06615
0.362706	0.540234
-0.14789	-0.70162
-0.397757	-0.123965
0.514798	0.0815744
-0.908353	0.0253691
0.66689	0.338241
0.0802482	0.00669305
0.558253	0.260017
-0.93008	-0.637089
-0.430348	0.379441
-0.310847	-0.452565
-0.256528	0.144667
0.319251	0.305622
-0.267392	0.249174
-0.886625	-0.739295
0.156294	0.326817
-0.571577	-0.373545
-0.821443	-0.414727
-0.278255	0.211461
0.134567	0.367753
0.438752	0.677532
-0.0609805	-0.115291
0.167158	0.196622
2.03572	0.0947015
3.41542	0.557732
-0.995263	-0.133215
-0.908353	-0.336867
0.0367932	0.470638
-0.104436	-0.0919901
-0.593304	0.258844
-0.278255	0.0141228
-0.484667	0.455881
-0.636759	-0.660801
0.427888	0.420918
0.677754	0.501682
-0.180482	0.305237
-0.919216	-0.294418
0.634299	0.340913
-0.473803	-0.0999932
-0.549849	0.192805
-0.332574	0.365147
1.40563	0.168135
0.297523	0.192443
0.949348	0.389922
-0.691078	0.0417829
-0.473803	-0.340914
-0.712805	0.043214
-0.267392	0.237707
-0.680214	-0.384503
-0.734533	-0.908302
-0.0501168	0.393985
2.1335	0.327282
0.57998	0.399515
1.21008	0.560616
-0.484667	0.351983
-1.00613	-0.864261
-0.701942	0.437272
-0.821443	-1.08776
-0.940944	-0.611336
-0.299983	0.217135
-0.777988	-0.052139
-0.354302	-0.0754677
-0.864898	-0.360972
1.61204	0.433729
-0.625895	0.386135
0.0367932	0.547782
-0.126163	-0.214957
-0.0175256	-0.294033
-0.973535	-1.56934
1.1449	0.412969
-0.723669	-0.598949
2.74187	0.490722
-0.745396	-1.24274
1.6229	0.166644
0.308387	-0.11945
-0.604168	0.455645
0.0150657	0.502302
-0.767124	-0.405653
-0.93008	-0.87944
1.42735	0.221802
-0.506394	-0.1847
-0.973535	-0.0537493
2.55718	0.723549
-0.202209	-0.699006
-0.213073	-0.0257879
0.254068	-0.167992
0.656027	0.527068
-0.430348	-0.617683
1.60117	0.559086
-0.462939	0.170832
-0.0501168	-0.803217
-0.940944	-1.09611
0.0476569	0.202066
0.232341	0.305921
-0.332574	-0.452259
-0.615032	-0.731736
-0.115299	0.429974
-0.137027	-0.0968436
-0.767124	0.299992
0.0476569	-0.0814959
-0.126163	0.195046
0.829847	-0.415469
-0.821443	0.140828
0.145431	-0.0219773
0.49307	0.411534
0.0585207	0.125089
-0.430348	-0.354976
-0.191345	-0.119492
-0.723669	0.511573
1.29699	0.446937
-0.767124	0.0289822
0.710345	0.490058
-0.0501168	-1.9926
-0.951808	-0.458001
-0.571577	0.299968
-0.821443	0.201518
3.06778	0.127024
0.92762	0.313173
-0.821443	-0.785072
-0.560713	0.342959
1.63376	0.447824
0.384433	0.362183
-0.126163	0.356015
-0.973535	0.475407
0.0802482	0.346106
3.1221	0.198524
-0.875761	-0.940388
0.101976	0.199329
-0.549849	0.139976
1.31872	0.43191
3.10037	0.769877
-0.278255	0.154991
0.57998	0.163997
0.775528	0.368909
-0.647623	-0.193607
-0.343438	0.0753335
-0.940944	-1.04172
-0.506394	0.267694
-0.0609805	0.164729
0.525662	0.349231
-0.940944	-0.329913
-0.712805	-0.176364
2.14436	-0.153101
0.525662	0.391449
3.2416	0.654426
-0.202209	0.0630543
0.732073	-0.0833807
3.38283	0.632744
-0.712805	0.356274
-0.919216	-0.131845
-0.289119	-0.349767
-0.712805	-0.886665
-0.376029	0.0482711
-0.701942	-0.179164
0.395297	-0.0106854
0.547389	-0.929638
-0.549849	0.189058
1.61204	-0.121052
-0.289119	-0.15598
-0.919216	-1.70166
-0.310847	0.446546
0.0367932	0.296807
-0.919216	-0.102953
2.94828	0.458419
-0.973535	-0.519236
0.275796	0.377907
0.254068	0.0102904
-0.93008	0.0669596
-0.680214	0.338692
1.77499	0.364202
-0.832306	0.425144
0.49307	0.0367587
-0.441212	-0.716955
0.862438	-0.0692692
-0.723669	-0.413561
0.156294	0.297002
-0.712805	-0.143793
-0.625895	-0.82704
0.406161	-0.283958
0.264932	0.148382
1.40563	0.301737
-0.940944	0.0120537
-0.0501168	-0.671452
0.905893	0.360857
-0.767124	-0.33038
2.51373	0.25795
0.66689	0.0850813
0.243204	0.450196
-0.58244	-1.02046
1.00367	0.628125
-0.180482	0.368725
-0.973535	-1.80046
-0.962671	0.457576
1.67722	0.523876
-0.951808	-0.649244
0.406161	0.291704
-0.528122	0.542306
0.319251	0.107113
0.275796	0.425248
-0.343438	0.0448954
2.06831	0.652366
1.6229	0.515406
-0.984399	0.409242
-0.886625	-0.524585
1.90536	0.0672754
0.503934	0.384476
0.471343	0.358764
1.21008	0.821519
0.00420194	-0.701644
-0.267392	-0.168896
0.406161	-0.350525
1.68808	0.36157
-0.560713	-0.334919
-0.40862	0.53787
0.57998	-0.235475
-0.919216	-0.994731
-0.680214	-0.140472
0.547389	0.266547
-0.734533	-0.446094
-0.691078	0.200369
-0.245664	0.313966
1.13403	0.54831
-0.386893	0.270122
-0.354302	-0.500078
-0.202209	0.0139111
-0.658487	0.102122
1.05799	0.141478
-0.625895	-1.0108
-0.452075	-0.88282
-0.365165	0.0493384
1.15576	0.0402938
-0.701942	0.197583
-0.854034	0.364161
-0.810579	-0.462986
-0.365165	0.367904
-0.560713	0.449042
3.44801	0.371858
-0.615032	0.132244
0.471343	0.162639
-0.908353	0.0213903
-0.875761	-0.362777
0.199749	0.236038
-0.397757	-0.447856
-0.0175256	-0.024999
-0.75626	-0.0571227
0.851574	0.690586
2.32904	0.409153
-0.951808	-0.164411
0.0693844	-0.282178
-0.14789	-0.389902
-0.49553	0.315375
1.97054	0.45493
-0.810579	0.171582
-0.940944	-0.970616
0.645163	-0.472852
0.0367932	-0.0397687
0.471343	0.477961
-0.777988	0.385977
0.960212	0.697886
-0.256528	0.337962
-0.278255	-0.268637
-0.604168	0.232351
-0.75626	0.121523
-0.864898	-0.0943007
-0.137027	-0.21841
0.101976	0.233018
1.12317	0.367246
-0.897489	-0.414991
0.145431	0.596641
-0.854034	0.493649
-0.680214	-0.594385
-0.995263	-0.872362
-0.2348	-0.321197
-0.84317	-0.328966
0.178022	0.490651
-0.734533	0.474917
-0.549849	0.461077
0.862438	0.374971
0.677754	0.314562
0.49307	0.16541
0.0259294	0.299086
-0.506394	0.263269
2.15522	0.422849
-0.0283893	0.0956596
-0.517258	0.177354
1.31872	0.0354772
-0.940944	-1.13894
0.0802482	0.148716
-0.799715	0.427761
0.188886	-0.163616
-0.821443	-0.694598
-0.267392	0.263099
-0.962671	-1.2824
0.547389	0.457078
0.797255	-0.26366
-0.854034	-0.455598
-0.0935718	0.293151
-0.2348	-1.14367
-0.126163	0.0252903
1.64463	0.276219
-0.538985	0.240264
1.05799	0.331862
-0.58244	0.1372
-0.886625	-0.434772
-0.93008	-0.101925
0.7538	0.0659033
0.00420194	0.258479
-0.897489	-0.926024
-0.278255	0.28193
-0.419484	-0.374056
0.319251	0.67322
-0.484667	0.308109
0.362706	0.164214
-0.777988	-0.0618009
0.84071	0.0847256
-0.810579	0.0870756
0.373569	0.293322
1.00367	0.44418
-0.962671	-1.32804
-0.2348	0.0945329
1.16662	0.83102
-0.973535	-0.413785
2.57891	0.239991
0.460479	0.573279
-0.875761	-1.28213
0.710345	0.331621
1.13403	0.114529
1.95968	-0.033115
-0.278255	0.574085
-0.441212	0.487468
0.232341	0.252329
2.70927	0.71869
-0.593304	0.0734622
0.7538	0.422452
3.74133	0.475488
0.101976	0.243581
1.19921	0.287757
2.05745	0.4692
-0.636759	0.327872
-0.137027	0.50418
-0.886625	-0.10133
-0.506394	-0.581991
-0.962671	-0.32749
-0.962671	-0.911135
-0.777988	0.0581058
-0.430348	0.504371
-0.484667	-0.0952475
-0.962671	-0.00741633
-0.908353	-0.444459
-0.354302	-0.0938945
0.612572	0.364274
-0.821443	-1.03116
-0.712805	-0.97378
0.57998	0.813364
-0.940944	-0.102524
-0.897489	-0.0540585
-0.745396	-0.493366
1.10144	0.501005
-0.886625	-0.195788
4.61043	0.373425
-0.723669	-0.344721
-0.625895	-0.0274363
-0.995263	-0.0206387
1.61204	0.580957
-0.897489	-0.00775841
-0.75626	-0.15157
0.57998	0.159024
-0.919216	-0.556646
3.95861	0.562852
0.873302	0.0670286
-0.256528	0.419982
-0.951808	0.428819
-0.202209	0.114858
-0.376029	0.209068
0.0150657	0.190286
0.297523	0.450455
-0.919216	-0.224979
1.28612	0.404496
-0.0609805	0.259936
-0.180482	-0.0328761
-0.0283893	-0.140177
-0.2348	0.282303
1.63376	0.143248
0.884165	0.510777
0.786392	-0.566803
-0.506394	0.131677
-0.473803	-0.321044
0.503934	0.143553
-0.712805	0.0665814
0.449616	0.121081
0.395297	0.153147
1.31872	0.556937
-0.734533	-0.439708
-0.256528	0.222177
2.492	0.500345
0.49307	0.514144
-0.864898	-0.68485
1.36217	0.569401
-0.66935	0.433478
3.35024	0.527495
4.02379	0.500768
-0.58244	-0.547854
-0.854034	-0.00368604
0.406161	-0.253865
-0.908353	-0.560136
-0.039253	-0.235211
-0.745396	0.613468
1.70981	0.101707
-0.506394	0.49286
0.775528	-0.338781
0.851574	0.377319
0.221477	-0.42155
-0.528122	0.437149
-0.549849	0.647649
-0.93008	-0.761305
-0.213073	0.454251
-0.0501168	0.480561
-0.658487	-0.220216
-0.343438	0.540395
0.634299	0.171612
-0.886625	-1.04881
0.00420194	0.0847569
-0.082708	-0.585788
-0.723669	-0.0703063
-0.973535	-0.178293
-0.777988	-0.515797
0.590844	-0.053082
3.16555	0.449651
-0.223937	-0.0753204
-0.84317	-0.0643832
-0.821443	-1.1517
-0.940944	-0.550895
-0.538985	-0.0632564
-0.799715	-1.26356
0.547389	-0.0349042
-0.343438	0.415984
-0.951808	-0.510139
1.13403	0.272982
-0.49553	0.413643
1.53599	0.184618
-0.169618	-0.824277
-0.354302	-0.424575
-0.973535	-0.275149
1.00367	0.616612
0.178022	0.210765
-0.365165	-0.416841
-0.940944	0.522064
-0.441212	-0.376555
-0.832306	-0.376889
3.88256	0.58212
0.0476569	-0.119201
0.221477	0.763051
-0.0175256	-0.921658
0.569117	0.428767
0.0802482	-0.459985
-0.441212	0.159217
-0.267392	-0.00950009
-0.430348	0.271409
0.7538	0.0195722
-0.962671	-1.20834
1.25353	0.112192
-0.995263	-0.802963
-0.397757	0.302834
-0.256528	0.567999
-0.0718443	-0.066235
3.42628	0.74412
-0.984399	-0.909156
-0.593304	-0.10184
0.938484	0.0349152
-0.604168	-0.210438
-0.984399	-0.681178
0.514798	-0.0158043
-0.14789	0.342639
-0.32171	0.484251
-0.180482	-0.759161
0.503934	-0.173664
-0.332574	0.228944
-0.58244	0.195098
-0.2348	-0.303942
-0.680214	0.365373
-0.66935	0.468731
0.330114	0.486285
0.862438	0.121254
0.101976	0.238356
1.09058	0.479372
1.66635	0.647959
-0.14789	-0.495914
-0.875761	-0.59926
-0.376029	0.0309235
0.384433	0.550763
-0.213073	0.373277
-1.02785	-0.440488
-0.289119	0.206595
-0.940944	-0.366457
-0.40862	0.0784883
1.03626	0.504695
-0.723669	-0.182098
-0.680214	0.499958
3.16555	0.35882
-0.223937	0.399422
-0.680214	0.00902035
-0.962671	-0.6829
-0.49553	0.160777
1.63376	0.370025
-0.897489	-0.658689
0.460479	-0.257612
-0.137027	0.275864
0.297523	-0.375579
-0.908353	-1.57101
-0.0501168	0.0861061
-0.712805	0.307808
-0.93008	0.254455
-0.00666181	-0.189008
0.590844	0.630661
0.92762	0.518162
-0.40862	-0.0169764
-0.365165	0.362441
1.78586	-0.0365313
1.42735	0.303523
-0.66935	-0.0244063
-0.886625	-0.500225
0.264932	0.239101
-0.919216	-0.0257705
-0.701942	0.0853676
0.732073	0.544197
1.00367	0.11554
0.438752	0.437901
-0.256528	-0.203592
-0.712805	-0.110673
-0.604168	-0.874484
-0.940944	-0.824238
1.3839	-0.115519
-0.723669	-0.415209
-0.0718443	0.216602
0.612572	0.513994
0.0259294	0.000404462
-0.506394	0.245115
-0.973535	-0.822618
-0.864898	-0.410635
3.40455	0.682386
-0.854034	-0.481653
-0.854034	-0.493933
3.74133	0.532113
-0.767124	-0.220507
-0.593304	0.0718407
-0.180482	0.279421
1.23181	0.440937
-0.734533	-0.205101
0.101976	0.102588
-0.473803	0.394336
-0.701942	-0.12269
-0.723669	-0.812947
-0.940944	-0.809792
1.16662	0.365883
-0.973535	-0.657407
-0.821443	-0.346977
-0.908353	0.108966
-0.66935	-1.02204
-0.636759	0.403079
0.308387	0.244112
-0.473803	-0.0205855
0.677754	0.408326
0.395297	0.363798
0.308387	0.310811
-0.875761	-0.905831
3.20901	0.543514
-0.680214	-0.924793
-0.973535	-0.585563
-0.58244	-0.505239
1.87277	0.394932
-0.767124	-0.357721
-0.484667	-0.28924
0.134567	0.195158
2.04659	0.517393
0.134567	0.35491
-0.821443	-0.351393
-0.104436	0.000557444
-0.66935	0.209612
-0.821443	-0.257328
1.90536	0.275062
0.547389	0.380132
-0.082708	0.39052
3.46974	0.511783
0.264932	-0.149898
0.66689	-0.0882143
0.254068	0.36282
-0.0609805	0.4219
0.699482	0.371188
-0.908353	-0.55651
-0.93008	-1.13584
1.40563	-0.230816
-0.886625	-0.690629
-0.538985	0.14463
-0.0283893	0.370677
-0.528122	0.702556
0.742937	-0.00859364
-0.0935718	-0.595879
0.0802482	0.356923
2.28559	-0.0807539
-0.126163	0.385483
-0.49553	0.297449
-0.169618	0.364311
1.24267	-0.21641
-0.560713	-0.140416
0.590844	0.322678
-1.00613	0.0176809
-0.593304	-0.191774
-0.864898	-0.251295
1.45994	0.155689
-0.278255	-0.629119
-0.75626	0.00771053
-0.452075	0.448792
-0.419484	-0.0747002
-0.213073	-0.361233
0.254068	0.304303
0.210613	0.265836
-0.701942	-0.6348
0.797255	0.404102
1.05799	0.0294798
0.895029	-0.307915
-0.821443	0.334488
0.623435	-0.0754253
0.92762	0.296868
0.916757	0.476513
0.645163	0.183508
-0.538985	-1.05466
-0.506394	0.778029
1.72067	0.31274
0.0150657	0.485373
-0.799715	-1.59255
-0.299983	-0.33561
-0.680214	-0.722824
0.286659	0.0696296
-0.897489	-0.246846
-0.213073	0.269005
-1.00613	-0.0830242
1.52513	0.410541
-0.984399	-0.530468
0.971075	0.539617
-0.571577	0.182909
1.60117	-0.123395
-0.75626	-0.139731
-0.245664	-0.281884
-0.777988	-0.713828
-0.723669	-0.456413
-0.691078	-0.314231
-0.332574	0.400713
-0.647623	-0.863547
0.0150657	-0.527557
-0.180482	0.168823
-0.84317	-0.144881
-0.897489	-0.583409
0.134567	0.445367
0.00420194	0.0966509
0.92762	0.211625
0.406161	-0.0725498
-0.299983	0.329605
1.04712	0.764781
-0.0283893	0.361263
0.634299	0.606699
2.06831	0.478784
-0.452075	0.239535
-0.256528	-0.416485
-0.571577	0.430943
-0.734533	0.521512
-0.832306	0.153738
-0.528122	0.616816
3.33937	-0.00892964
0.677754	0.26893
-0.517258	0.248366
0.319251	0.165082
-0.864898	-1.69993
-0.397757	0.213687
0.536525	0.379432
-0.538985	0.0348021
-0.332574	-0.019452
-0.549849	0.544856
0.601708	0.498574
-0.571577	0.228402
-0.158754	0.490622
-0.712805	-0.744958
0.221477	0.5296
-0.875761	-0.626802
0.362706	0.234141
-0.289119	0.0943905
-0.951808	-0.573382
0.460479	-0.289924
-0.962671	0.0779574
1.41649	0.524077
-0.886625	-0.43366
1.87277	0.642762
0.134567	0.0014665
1.06885	0.0508997
-0.962671	-1.05683
-0.0609805	0.211119
-0.854034	0.540696
0.427888	0.29852
1.63376	-0.406679
-0.788851	0.371782
0.471343	-0.201934
-0.832306	-1.05687
-0.658487	-0.569338
-0.854034	-0.44566
-0.788851	-0.654775
-0.854034	-0.563176
-0.854034	0.5442
0.264932	0.117811
-0.430348	-0.24137
0.286659	0.611983
-0.66935	0.372069
0.0476569	0.212271
-0.365165	-0.741519
0.0476569	0.470802
-0.810579	-0.329256
-0.799715	-0.493815
-0.919216	0.0851698
3.41542	0.633173
0.884165	0.231914
1.51426	0.42266
-0.32171	-0.164366
-0.897489	-0.735548
-0.289119	-0.00015561
-0.908353	0.465591
1.28612	0.18068
-0.0501168	0.336216
-0.549849	0.43125
1.36217	0.0104581
-0.995263	-0.513404
-0.278255	0.288621
1.68808	0.336038
0.569117	-0.331911
-0.528122	0.115793
-0.484667	-0.41912
-0.832306	-1.48642
-0.886625	-0.182496
2.67668	0.397916
0.308387	0.172736
0.0259294	0.373152
0.156294	0.516764
-0.517258	0.366304
-0.2348	0.38438
-0.940944	-0.565149
-0.767124	0.237678
0.786392	0.340704
-0.995263	-0.619403
0.960212	-0.457506
-0.940944	-0.571844
-0.58244	-0.236083
-0.397757	0.372964
-0.615032	-0.824312
0.384433	0.560137
-0.908353	0.00846597
-0.680214	0.148961
0.449616	0.334609
-0.202209	0.511585
-0.58244	-0.526211
1.15576	0.489058
1.99227	0.426784
-0.875761	0.157204
-0.506394	0.425145
0.286659	0.386098
-0.299983	0.118974
-0.571577	-0.299154
-1.00613	-0.474407
0.92762	0.170335
-0.832306	-0.791418
-0.49553	0.405611
-0.984399	-0.692416
-0.0718443	0.0257
-0.593304	0.119603
-1.00613	0.239212
-0.158754	-0.445359
-0.126163	0.0314746
0.384433	0.460332
0.330114	0.01325
-0.973535	-0.552161
-0.799715	-0.0374345
-0.0283893	-0.20237
0.123703	0.508199
-0.962671	-0.665424
-0.908353	-0.290692
-0.40862	0.298178
-0.386893	-0.472829
-0.299983	0.567702
-0.126163	0.374985
-0.267392	-0.658233
-0.14789	0.388533
-0.788851	-0.173151
-0.908353	-1.07516
1.12317	0.353687
-0.365165	0.402612
-0.310847	0.271908
1.13403	0.662572
0.308387	0.165753
-0.712805	0.285322
-0.517258	-0.29158
1.2644	0.436301
-0.745396	-0.38401
-0.777988	0.29575
-0.75626	0.671763
0.721209	0.539045
-0.908353	0.343513
0.938484	0.166009
-0.397757	0.529633
0.775528	0.175819
-0.376029	0.438941
-0.84317	-0.33225
0.145431	0.409238
-0.376029	0.377858
-0.66935	0.281267
1.81845	0.0685588
-0.310847	-0.248114
-0.799715	-0.0476328
1.48167	0.753284
-0.93008	-0.164928
-0.180482	0.424752
-0.995263	-0.757404
-0.0935718	0.0607588
-0.908353	0.260732
-0.202209	0.377079
0.66689	0.273782
-0.104436	0.507595
1.05799	0.138659
-0.615032	-0.858187
-0.951808	-0.974064
-0.32171	-0.0505639
0.264932	0.201246
-0.962671	-0.862537
-0.951808	-0.74205
-0.386893	0.204313
-0.299983	0.0752046
0.895029	0.562576
0.0367932	0.106333
0.145431	0.265006
-0.701942	0.361629
-0.951808	-1.27095
-0.745396	-0.812795
-0.430348	0.38347
0.308387	0.281323
0.427888	0.79477
-0.343438	0.397407
-0.658487	-0.439779
-0.625895	-0.368876
-0.430348	-0.434406
0.134567	0.364024
-0.419484	-0.308304
-0.289119	0.477691
-0.647623	0.353209
-0.354302	0.501899
3.13296	0.465757
0.0259294	0.302994
-0.66935	-0.312511
0.308387	0.291323
-0.821443	-0.65761
-0.202209	0.390841
0.00420194	0.457828
-0.49553	-0.515788
0.330114	0.684147
-0.886625	-0.215387
1.16662	0.427764
-0.821443	-0.107505
0.0911119	0.162205
-0.777988	-0.045088
-0.419484	-0.433061
0.938484	0.369125
1.73154	0.461223
3.82824	0.442247
-0.299983	0.151273
-0.691078	-0.423918
-0.278255	-0.259264
-0.0501168	-0.970174
0.373569	-0.16341
-0.908353	-0.0642986
-0.473803	-0.36844
-0.973535	-0.276379
1.94881	0.430831
-0.734533	-0.131856
-0.75626	0.335988
0.0150657	0.3684
-0.799715	0.266021
2.56805	0.551603
-0.40862	0.312272
0.221477	-0.0619221
-0.799715	-0.54723
-0.354302	-0.334686
-0.419484	-0.312172
-0.473803	-0.132153
2.41595	0.683432
-0.376029	0.174839
-0.93008	0.490985
-0.788851	-1.06982
1.43822	0.478325
0.438752	0.203816
0.254068	-0.251811
-0.452075	0.333802
-0.158754	0.100043
1.22094	0.0966151
-0.680214	-1.2711
-0.256528	-0.630807
0.286659	0.29918
-0.517258	0.214974
-1.00613	-0.592065
-0.256528	-0.216268
-0.517258	0.593394
-0.2348	0.478697
-0.995263	-0.495932
-0.647623	0.301318
0.601708	0.451257
-0.821443	-0.0389821
-0.886625	-0.585498
-0.299983	-0.331862
-0.951808	-0.739458
-0.93008	-0.725498
0.417024	-0.334419
0.0367932	0.414779
1.03626	0.288468
-0.658487	-0.608205
1.85104	0.200452
0.742937	0.338032
-0.180482	0.322573
2.01399	0.344527
-1.00613	0.468601
-0.680214	0.197485
-0.854034	-1.66484
-0.777988	0.332431
-0.419484	0.256879
0.775528	0.222591
-0.115299	-0.00833091
1.40563	0.0287668
-0.32171	-0.118061
-0.875761	-0.473274
0.677754	0.244585
0.210613	-0.11394
-0.745396	0.404083
-0.441212	-0.306469
2.50286	0.558561
2.69841	0.360745
-0.571577	0.548583
0.297523	0.469226
-0.419484	0.434605
-0.354302	-0.418292
1.85104	0.450874
4.29538	0.637896
-0.75626	-0.408234
0.449616	0.109178
1.57945	0.214939
0.308387	0.294925
1.72067	0.480398
-0.951808	0.543561
0.112839	0.570672
-0.560713	0.415184
-0.115299	-0.836709
1.63376	-0.0495245
-0.299983	-0.0260627
0.49307	0.266877
-0.854034	0.420426
-0.908353	-0.333967
-0.875761	0.579631
0.49307	0.0907118
-0.745396	-0.479462
-0.386893	-0.45863
-0.625895	0.46132
0.916757	-0.147378
0.243204	0.309093
-0.777988	0.478787
0.525662	0.358025
-0.810579	-0.336661
-0.0283893	0.455234
-0.560713	0.243515
-0.386893	0.457038
1.51426	0.589452
-0.810579	-0.0294175
-0.821443	-0.0143393
-0.908353	-0.468347
0.873302	0.291494
1.9814	0.389037
0.525662	-0.490963
-0.680214	0.25781
-0.506394	-0.6097
-0.386893	0.581294
-0.951808	0.337769
-0.810579	-0.0683784
0.188886	-0.327619
1.7424	0.478274
-0.84317	0.557452
-0.908353	-0.370517
-0.2348	0.141841
-0.430348	-0.73215
0.786392	0.522679
0.330114	0.0644846
-0.854034	0.629135
-0.310847	-0.0502735
0.677754	-0.0371216
-0.691078	0.185868
-0.137027	0.480334
0.319251	0.499713
1.17749	0.279835
2.27472	0.297627
1.12317	0.404003
-0.256528	0.0638984
-0.0283893	0.153766
2.35077	0.800466
-0.93008	-0.743733
0.134567	0.419384
-0.864898	-0.320283
-0.484667	0.434361
-0.169618	-0.468475
-0.93008	-0.709782
-0.919216	-0.668893
-0.854034	-1.76878
-0.289119	-0.206928
-0.0175256	0.111334
-0.854034	-0.519928
-0.473803	-0.211454
1.13403	-0.0248047
0.0259294	0.448163
0.340978	0.17508
0.188886	0.363188
-0.821443	-1.01682
1.69895	0.486996
-0.299983	-1.16737
0.677754	0.817035
-0.289119	0.0241321
-0.40862	0.255214
-0.528122	-0.167232
-0.430348	-0.345682
0.199749	-0.0871782
0.818983	0.494187
0.417024	0.371627
-0.897489	-0.640245
-0.745396	-0.494051
-0.169618	0.368559
-0.919216	-0.660387
-0.158754	0.4768
-0.40862	-0.393317
-0.571577	0.332334
0.210613	0.388728
-0.386893	-0.403319
-0.886625	-1.16465
0.112839	-0.810078
-0.376029	0.345307
-0.365165	0.594951
0.623435	-0.0220132
-0.386893	-0.570076
1.5034	0.718544
-0.180482	-0.281815
-0.49553	0.494416
-0.908353	-0.76637
-0.886625	0.470666
-0.973535	-0.688987
-0.0935718	0.354545
-0.14789	-0.317815
-0.354302	-1.56815
-0.647623	-0.683375
1.61204	0.00896578
0.0693844	-0.341894
-0.256528	-0.169063
-0.223937	0.652273
1.52513	0.463046
-0.528122	-0.606574
-0.517258	0.468611
-0.126163	-0.683835
-0.777988	0.0893938
0.264932	0.71664
0.319251	0.333443
-0.777988	-0.295523
-0.517258	0.446042
-0.984399	0.483211
-0.452075	0.373868
1.21008	0.126331
0.742937	0.384821
-0.832306	-1.24395
-0.137027	0.700195
0.84071	-0.105182
2.66582	0.778191
2.22041	0.26277
0.00420194	0.0384345
-0.213073	0.366909
-0.810579	-0.182463
-0.202209	-0.616871
-0.973535	-1.03094
-0.604168	-0.412315
-0.647623	0.128943
-0.919216	-0.392347
-0.32171	-0.206756
-0.082708	-0.0916611
-0.354302	0.303359
0.905893	0.0872717
-0.419484	0.401268
0.395297	-0.0965622
0.210613	-0.100541
-0.14789	-0.365637
-0.832306	-0.226042
-0.832306	-0.0773293
-0.452075	-0.394462
-0.267392	-0.118198
-0.973535	-0.715606
-1.00613	-0.210484
-0.593304	-0.905005
0.395297	0.731099
-0.32171	-0.395294
-0.93008	-0.0317293
-0.734533	-0.898383
-0.32171	0.317169
-0.104436	-0.0417638
1.99227	0.577208
0.786392	0.093826
-0.40862	-0.114923
-0.223937	0.206785
0.199749	0.0722133
0.243204	-0.169252
-0.2348	0.118073
0.873302	0.343908
-0.419484	-0.204138
-0.636759	-0.36523
0.699482	-0.35292
-0.908353	-0.0589124
-0.506394	-0.0438323
-0.538985	-1.14843
-0.832306	-0.231849
-0.810579	-0.401011
-0.995263	-0.811332
-0.788851	-0.863282
0.0802482	-0.0385376
-0.441212	0.257683
-0.886625	0.00785052
0.254068	-0.349827
-0.886625	-0.265599
0.427888	0.676388
-0.40862	-0.713286
1.78586	0.173896
-0.343438	0.166003
-0.93008	-0.429865
-0.104436	-0.332694
-0.0501168	0.0580445
-0.908353	-0.155966
-0.973535	0.460315
0.558253	0.268477
-0.973535	0.092748
0.818983	0.621839
-0.995263	-0.40408
0.351842	0.276559
-0.897489	-0.35372
-0.799715	0.328101
-0.473803	-0.281498
-0.343438	0.685604
0.0802482	0.365431
-0.897489	-0.744132
-0.84317	0.0247018
0.460479	0.387538
-0.723669	0.229812
-0.897489	-0.715244
-1.00613	0.474059
1.01453	0.367066
2.79618	0.542411
0.384433	0.487444
-0.908353	-0.913918
0.243204	0.397933
0.818983	0.100362
-0.84317	-0.783045
0.656027	0.0175492
-0.973535	-0.228554
-0.332574	-0.3395
0.00420194	0.339872
-0.115299	0.0889586
0.829847	-0.360662
1.78586	0.671264
-0.615032	-0.0842317
2.63323	0.315941
-0.202209	0.071252
0.0585207	0.371484
0.851574	0.403661
-0.810579	-0.979629
1.34044	-0.0430386
1.52513	0.572638
0.0585207	-1.00057
-0.821443	-0.725329
-0.799715	-0.0935677
-0.452075	0.108258
-0.951808	-0.770417
0.221477	-0.104371
-0.376029	0.0429218
-0.0501168	0.0328753
0.0150657	0.450903
-0.0175256	-0.287023
0.92762	0.366047
-0.962671	-0.519232
-0.658487	0.540156
-0.777988	0.172368
0.514798	0.201484
-0.137027	0.586836
-0.875761	0.106034
0.254068	0.239927
0.569117	0.105256
-0.625895	-1.00083
1.24267	0.630491
-0.93008	-1.5525
-0.723669	0.493755
-0.658487	0.29013
1.00367	0.6064
-0.169618	-0.380427
1.95968	-0.209098
2.43768	-0.219186
1.10144	0.366686
0.254068	0.340142
-0.158754	-0.0827378
1.44908	-0.327661
0.623435	-0.302399
-0.636759	-0.50335
1.54685	0.145579
-0.506394	-0.437175
0.677754	0.134287
-0.430348	0.221357
-0.267392	0.118722
-0.441212	0.360373
-0.962671	-0.505635
1.69895	-0.0114421
-0.93008	-0.340019
-0.75626	-0.631475
-0.14789	-0.127276
2.12263	0.402578
0.569117	0.447577
1.49254	-0.243954
-0.973535	-0.63254
-0.126163	0.292493
0.101976	-0.333383
-0.919216	-0.427233
2.02486	0.558353
-0.604168	-0.0873611
-0.386893	0.293817
-0.343438	-0.151712
1.37303	0.398347
-0.202209	-0.0574142
0.330114	0.578901
-0.897489	-0.61142
-0.636759	-0.302341
-0.951808	-0.685578
2.45941	0.402622
-0.810579	-1.11227
-0.93008	-0.653519
-0.549849	0.0885548
0.188886	0.143404
-0.082708	0.175507
2.09004	0.561901
1.9814	0.24091
1.89449	0.716089
-0.940944	-0.0977117
-0.984399	-1.53424
-0.528122	0.461066
4.03465	0.632654
1.04712	0.152807
-0.0283893	0.175897
-0.832306	0.183284
-0.777988	-1.09025
-0.734533	-0.310256
-0.712805	0.453855
0.395297	-0.395039
-0.854034	-0.189259
-0.104436	0.213842
0.895029	0.0420522
-0.84317	-0.332775
0.330114	0.368266
-0.191345	0.383106
0.101976	-0.507146
-0.886625	0.224976
-0.810579	-0.934761
0.145431	0.287017
0.612572	-0.0621038
-0.973535	-0.983991
0.449616	0.37886
-0.908353	0.357095
1.56858	0.696204
-0.75626	-0.809063
-0.854034	-1.04179
-0.299983	0.00793308
-0.560713	-0.501817
-0.256528	0.377231
-0.864898	-0.0288039
-0.691078	0.512517
-0.832306	-0.0999862
0.569117	0.577739
-0.256528	0.245582
-0.484667	0.332152
-0.104436	-0.0442893
0.308387	0.22702
1.6229	0.257237
0.471343	0.197049
2.20954	0.623419
-0.082708	-0.0318393
-0.886625	-0.79477
0.0693844	-0.0725367
-0.767124	0.421364
0.525662	0.2275
-0.615032	0.105296
-0.452075	-0.0739628
-0.039253	0.422993
0.0911119	0.23642
-0.897489	0.363988
-0.680214	0.82861
-0.951808	-0.101516
0.808119	-0.0690291
-0.625895	0.557449
0.134567	-0.0212623
-0.777988	-0.0514539
1.47081	-0.126442
-0.484667	-0.00269613
-0.32171	-1.01443
1.13403	0.434066
0.960212	0.240119
-0.886625	-0.0913059
-0.984399	0.355205
-0.0935718	-0.415334
0.818983	0.114752
1.55772	0.209848
0.406161	0.368378
2.99173	0.827287
-0.84317	-0.820046
1.10144	-0.102101
-0.919216	-0.0833354
-0.908353	0.0599689
-0.397757	0.203731
-0.777988	-0.260956
0.406161	-0.273588
-0.376029	0.425933
1.42735	0.604908
-0.864898	-0.471313
-0.951808	-0.602643
-0.473803	-0.104575
-0.875761	-0.169723
-0.604168	-0.401534
-0.278255	0.239856
-0.962671	-0.278772
2.98087	0.404924
1.15576	0.74568
-0.2348	-0.0673516
-0.658487	-0.0186313
-0.538985	-0.760858
-0.973535	-0.888889
1.39476	0.361768
-0.2348	0.31406
1.63376	0.0510112
-0.767124	0.0877082
-0.213073	0.309543
-0.473803	0.155838
-0.549849	-0.519368
-0.951808	-0.329201
-1.00613	-0.647597
0.558253	0.544862
-0.777988	0.441649
-0.571577	0.0926982
0.188886	0.507523
0.862438	-0.361702
0.210613	0.625301
0.340978	0.248067
-0.452075	0.307013
-0.984399	-1.37363
0.623435	0.491888
0.645163	-0.0441927
-0.289119	0.19809
-0.854034	-0.509864
-0.604168	-0.20113
-0.701942	-0.0621668
-0.40862	0.165202
-0.126163	0.265371
0.536525	-0.0955324
-0.973535	-0.0426864
-0.625895	-0.53482
-0.810579	0.273155
-0.777988	0.0713499
0.634299	0.67549
-0.528122	0.305659
0.514798	0.190978
0.123703	-0.460246
-0.40862	0.36121
0.275796	0.211957
1.04712	0.176685
-0.0283893	0.391703
-0.897489	-0.771914
-0.517258	-0.0193368
-0.84317	-0.333423
-0.984399	-0.613216
-0.962671	-0.36267
-0.799715	-0.108177
-1.00613	-0.431411
-0.289119	-0.594618
1.89449	0.694506
-0.919216	-0.190931
1.41649	0.757331
-0.984399	-0.326468
0.57998	0.309208
-0.310847	0.137322
1.60117	0.607076
0.156294	0.571423
0.243204	-0.216681
-0.191345	-0.562497
0.123703	0.209331
3.73047	0.876341
-0.940944	-1.5034
-0.267392	-0.153508
-0.886625	0.0598298
1.3839	0.245956
-1.00613	-0.283011
0.199749	0.22185
-0.973535	-0.968256
0.101976	0.567566
-0.984399	-0.557188
-0.973535	0.351815
-0.419484	-0.717063
0.0150657	0.473426
-0.93008	-0.569057
0.297523	0.572678
-0.984399	-0.338907
-0.0175256	0.19394
-0.32171	0.210118
0.0259294	0.283638
0.949348	0.308734
-0.701942	0.641467
0.243204	0.264577
0.710345	0.435241
-0.864898	-0.559384
-0.430348	0.0579667
-0.973535	-0.91272
-0.951808	-0.414047
0.145431	0.386912
-0.821443	-0.711162
-0.66935	-0.348111
-0.940944	-0.333771
-0.386893	-0.268245
-0.886625	-0.684256
-0.517258	-0.0466273
-0.93008	-0.219783
3.38283	-0.153648
1.61204	0.409314
0.438752	0.526292
0.536525	0.512598
1.39476	0.843966
-0.354302	0.133626
-0.169618	0.418998
-0.299983	0.00382092
0.786392	0.325624
0.482207	0.492624
-0.571577	0.0624981
-0.082708	-0.012107
0.786392	0.345099
-0.386893	-0.597298
-0.49553	-0.129733
-0.658487	0.0155057
-0.908353	-0.122901
-0.549849	-0.932226
-0.549849	0.265198
0.123703	0.0236913
-0.267392	0.44664
-0.386893	0.53264
2.19868	0.49588
1.61204	0.42744
0.873302	-0.349694
-0.66935	0.54046
-0.821443	-1.5342
-0.082708	0.362432
-0.549849	-0.523138
-0.528122	0.139236
-0.419484	0.440568
0.188886	0.695665
0.232341	0.0134871
-0.636759	-0.215332
-0.115299	-0.507922
-0.799715	-0.600116
-0.430348	0.256389
0.384433	0.505677
-0.137027	-0.175346
-0.00666181	0.414148
1.3839	0.0846689
0.0585207	0.365578
2.731	0.401236
-0.886625	-0.690129
0.275796	0.239746
0.297523	0.426744
-0.14789	0.332612
4.7082	0.348198
0.884165	0.147461
-0.299983	0.210087
-0.864898	-0.641814
0.178022	0.283497
-0.223937	-0.148151
-0.908353	0.0900342
0.569117	0.0462146
1.78586	0.671096
-0.039253	0.514326
-0.213073	-0.0402732
3.43715	0.709174
-0.213073	-0.48834
-0.864898	0.121049
0.340978	0.722034
0.460479	-0.204453
-0.93008	-0.0170972
1.3839	0.692133
-0.908353	-0.654386
-0.962671	-0.892811
-0.691078	0.354623
0.351842	0.0357881
3.81738	0.649863
-0.299983	0.127961
1.07971	0.279397
-0.691078	-0.0253182
0.362706	-0.398131
-0.93008	0.313659
2.6115	0.69589
0.112839	-0.200522
0.590844	0.363134
-0.66935	0.0782218
2.70927	0.234245
-0.962671	-0.548994
-0.32171	0.378231
-0.223937	-0.354226
-0.864898	-0.534081
-0.538985	-0.542695
0.0693844	0.215679
-0.0283893	0.408471
0.525662	0.13676
-0.2348	-0.503347
0.308387	0.0024334
0.0367932	0.596246
-0.734533	-0.226768
-0.875761	0.00365586
-0.289119	0.339571
-0.40862	0.470011
-0.0501168	0.41635
-0.864898	-0.168695
-0.40862	0.0538545
-0.354302	-0.0147161
-0.864898	-0.971675
0.92762	0.465077
-0.14789	0.324788
0.721209	0.521212
-0.039253	-0.199366
-0.332574	0.584216
2.27472	0.399408
2.82878	0.784253
-0.734533	0.582137
-0.734533	-0.420193
-0.0501168	-0.125008
-0.49553	-0.171161
1.37303	0.324545
0.243204	-0.0943872
-0.723669	-0.348163
-0.799715	0.455539
-0.462939	0.37954
-0.473803	0.241859
-0.0718443	-0.282883
0.254068	0.305017
0.590844	0.633714
-0.082708	-0.175871
-0.538985	0.0317506
-0.0283893	-0.0380716
-0.691078	0.495335
-0.419484	-0.248826
-0.951808	-0.740375
-0.191345	0.387969
0.188886	0.406929
-0.256528	-0.679004
0.362706	0.0170236
0.232341	0.235288
-0.0283893	0.15197
0.286659	-0.0482459
1.66635	0.573368
1.56858	0.0660629
1.60117	0.378023
0.797255	0.561431
0.0585207	0.0580789
-0.734533	-0.154313
-0.951808	-0.931056
2.28559	-0.170118
0.308387	-0.699006
2.23127	0.403854
-0.799715	0.156469
1.29699	0.553158
-0.299983	0.192207
-0.0609805	-0.0314114
-0.962671	0.274274
-0.940944	-0.625005
-0.84317	-0.658763
-0.180482	-0.333753
-0.419484	-0.096627
-0.636759	-0.0547608
1.00367	-0.033396
-0.810579	0.428838
-0.886625	-0.316601
-0.962671	-0.229697
0.645163	-0.236914
-0.647623	0.24972
0.612572	0.218698
-0.940944	-0.80804
0.525662	-0.162988
0.101976	0.0573964
-0.940944	-0.303115
-0.66935	-0.489323
-0.995263	0.0329039
2.11177	0.343569
-0.984399	-0.770948
-0.973535	-1.0786
1.00367	0.599745
2.89396	0.296042
-0.810579	-0.505326
1.56858	0.274538
-0.84317	-0.958273
0.471343	-0.139446
-0.908353	0.00122495
-0.343438	-0.118503
1.85104	0.410399
-0.0501168	-0.0470561
-0.484667	-0.593268
0.188886	0.291583
2.15522	0.616896
3.03519	0.504694
-0.767124	-0.468825
-0.973535	0.0890007
-0.256528	-0.0599777
2.64409	0.44587
-0.93008	-0.23916
-0.0718443	0.0759455
0.188886	0.434604
-0.940944	0.260517
-0.473803	0.175533
1.53599	0.203132
-0.691078	0.322051
1.79672	0.214806
-0.58244	-0.611338
1.12317	0.31328
-0.712805	-0.534144
-0.897489	0.215905
-0.940944	-0.0520388
-0.854034	-0.816291
-0.799715	0.161781
0.514798	0.0527523
-0.951808	-0.543104
0.112839	0.263765
-0.0283893	-0.238185
-0.940944	-0.219999
0.829847	-0.000253595
0.406161	-0.435464
-0.202209	0.0754809
0.417024	-0.162267
-0.658487	0.208458
0.460479	0.070208
0.699482	0.59246
0.623435	0.702235
-0.278255	0.363432
1.37303	0.105554
-0.245664	-0.413351
-0.299983	-0.182257
0.623435	0.149791
0.254068	0.326555
-0.397757	-0.1694
-0.973535	-0.141868
-0.082708	0.0620696
-0.549849	-0.0107321
-0.886625	0.420659
-0.875761	0.00720635
0.156294	0.359243
0.0367932	-0.0467382
-0.49553	0.0471203
-0.397757	0.4347
-0.984399	-1.02347
0.0367932	0.149331
-0.213073	-0.0112014
-0.354302	-0.415908
-0.973535	-0.800328
-0.897489	-0.227689
-0.951808	-0.771904
-0.354302	0.301869
-0.213073	0.480113
-0.213073	0.348068
0.525662	-0.135818
0.818983	0.127627
-0.462939	0.155727
0.645163	0.382881
-0.0609805	-0.115707
-0.14789	0.0557078
-0.625895	0.574247
0.188886	-0.345076
0.536525	0.858886
1.21008	-0.0521095
-0.430348	-0.0424946
-0.951808	-0.66941
-0.549849	-0.687112
-0.84317	-0.609473
0.612572	-0.159885
-0.864898	-0.335018
-0.278255	0.51215
-0.430348	0.681225
-0.951808	-0.681272
0.0150657	0.598176
-0.940944	-0.262768
-0.66935	0.409351
-0.310847	0.567216
-0.75626	-0.27845
-0.245664	-0.272762
0.7538	0.427731
0.123703	-0.51347
-0.191345	-0.22914
1.75326	0.315444
0.623435	0.294524
-0.93008	-0.202466
-0.886625	-0.23925
0.0367932	0.296824
-0.473803	0.0271324
0.395297	0.0619797
-0.951808	-0.684994
-0.962671	-0.668908
0.699482	-0.450737
-0.104436	0.0589401
-0.376029	0.546037
1.30785	0.362855
-0.473803	0.355427
1.72067	0.207594
-0.897489	-0.655889
0.449616	0.343972
1.57945	0.460173
-0.93008	-0.312778
-0.00666181	0.569913
1.61204	0.541078
-0.0501168	0.150667
1.05799	-0.147085
-0.32171	-0.863593
0.449616	0.66309
-0.854034	0.197044
-0.604168	-0.692399
0.417024	0.398403
1.36217	0.48542
-0.571577	-0.310748
1.54685	0.480975
-0.832306	-0.951723
-0.528122	-0.616534
-0.919216	-0.707529
-0.549849	-0.155503
-0.767124	0.451395
1.09058	-0.0533843
-0.940944	-0.723774
0.905893	0.38439
0.0476569	0.431359
-0.484667	0.355893
0.732073	-0.255671
-0.397757	0.0991708
-0.310847	-0.0790993
0.612572	0.431723
-0.191345	0.181622
-0.734533	0.553125
-0.973535	-0.0330193
-0.202209	-0.489505
-0.788851	-0.321497
-0.289119	0.0152427
0.438752	0.0608802
0.981939	0.51085
0.884165	0.0120513
1.89449	0.464057
0.275796	0.533723
-0.528122	0.0127944
4.09983	0.458011
0.123703	0.148244
-0.452075	0.391008
1.54685	0.48237
0.254068	0.462503
-0.137027	0.0738368
-0.441212	0.490294
-0.0718443	0.402899
0.340978	0.152934
1.55772	0.436954
1.36217	0.0924608
2.52459	0.389344
1.9814	0.377042
-0.984399	-0.886846
1.66635	-0.0670022
-0.560713	-0.399864
-0.951808	-0.530389
0.221477	0.217127
0.406161	0.211711
-0.430348	0.0352324
0.384433	0.391539
-0.191345	-0.00340097
-0.767124	0.165141
-0.115299	0.0348582
2.04659	0.485787
-0.0718443	0.394095
0.199749	0.392425
-0.115299	0.401671
-0.995263	0.327216
1.35131	0.245064
-0.528122	-0.152682
-1.00613	-1.22846
2.30732	0.505061
-0.908353	-0.655263
1.68808	-0.137574
-0.777988	0.451687
-0.299983	-0.0602984
-0.897489	0.178859
3.11123	0.000811587
-0.919216	-1.16046
-0.506394	-1.02596
-0.919216	-0.392474
-0.343438	0.153285
-0.75626	0.247829
0.992803	0.478683
-0.517258	0.203685
-0.115299	-0.182662
-0.538985	-0.223015
-0.625895	-0.209585
0.0367932	-0.304686
0.7538	0.331719
1.3839	0.0521987
-0.49553	0.399044
-0.169618	0.204358
0.558253	0.361178
0.873302	0.019766
-0.810579	-0.85389
-0.549849	-0.822556
2.04659	0.282008
1.97054	0.40541
-0.354302	0.201772
-0.995263	-0.473654
0.862438	0.0575537
-0.452075	-0.537213
0.210613	-1.15893
-0.821443	-0.552641
-0.897489	-0.734066
-0.604168	0.433176
-0.854034	-0.585361
1.8619	0.440723
-0.810579	-0.944161
0.188886	0.468738
-0.419484	-0.102217
-0.00666181	0.0357407
-0.202209	0.432792
-0.832306	-0.269417
-0.484667	0.0396438
-0.701942	-0.427372
1.28612	0.550628
-0.810579	-0.437686
-0.0283893	-0.868249
-0.343438	-0.353388
-0.962671	-0.639314
-0.723669	-1.23738
-0.256528	-0.740116
0.873302	0.294618
1.32958	0.583616
0.0802482	0.548573
1.37303	0.568076
-0.58244	-0.524812
-0.538985	-0.29093
-0.995263	-0.17356
-0.169618	0.401097
-0.126163	0.220578
-0.66935	0.595645
-0.49553	0.37914
0.134567	0.451258
2.38336	0.525955
0.677754	-0.226737
2.66582	0.215673
-0.777988	0.063218
-0.940944	-1.13831
1.85104	0.364
-0.962671	-0.258314
-0.875761	-1.44281
0.92762	0.505666
1.2644	0.202382
-0.506394	0.556556
-0.799715	-0.217802
-0.180482	0.104364
0.558253	0.491695
0.601708	0.24112
-0.278255	-0.119323
-0.919216	-0.986591
-0.854034	-0.162046
-0.799715	0.650181
-0.625895	0.267267
-0.549849	-0.137719
-0.962671	-1.157
2.38336	0.505381
0.286659	-0.00776091
-0.58244	-0.343579
-0.560713	0.422068
1.80758	-0.14737
-0.430348	-0.928708
-0.864898	-0.258835
0.558253	0.513973
0.112839	0.332862
1.37303	0.409422
-0.2348	-0.640558
0.319251	0.450795
-0.701942	-0.28717
0.482207	0.295615
3.77392	0.598544
-0.712805	-0.673337
-0.767124	0.458291
3.0026	0.49157
0.319251	0.143781
-0.299983	0.749453
0.895029	0.375613
-0.484667	-0.131686
-0.951808	-1.2964
0.297523	0.127959
2.29645	0.236664
-0.799715	0.4178
-0.734533	-0.621757
-0.2348	-0.538987
-0.267392	0.141174
1.90536	-0.315772
2.27472	0.207045
-0.777988	-1.076
-0.397757	-0.0787856
-0.864898	-0.351954
-0.897489	-0.316252
-0.082708	0.235136
-0.658487	-0.219999
-0.821443	-0.999374
0.254068	-0.753301
0.167158	0.411994
1.63376	0.41546
-0.973535	-0.564158
-0.0283893	-0.538938
-0.419484	-0.550484
-0.571577	-0.462632
-0.767124	-0.544242
0.808119	-0.878528
-0.984399	-0.97828
-0.984399	-0.238796
0.340978	0.497924
-1.01699	-0.800157
-0.386893	0.507578
-0.506394	-0.701167
-0.593304	0.439883
0.0585207	0.487481
0.188886	0.0795427
0.569117	-0.169115
-0.864898	0.25688
-0.658487	-0.409835
-0.213073	0.279371
-0.299983	-0.639048
-0.84317	-0.308062
-0.875761	-0.232279
-0.680214	0.470658
-0.84317	-1.47206
-0.886625	-0.049203
-1.00613	-0.693255
0.319251	0.476885
1.1123	0.524
-0.767124	-0.83568
-0.180482	-0.117345
1.59031	0.625986
0.0476569	0.29048
1.92708	0.0294391
0.188886	0.238132
0.482207	0.651919
-0.137027	0.686698
-0.625895	-0.262466
-0.854034	-0.605899
-0.549849	0.0599465
-0.40862	0.115339
-0.919216	-1.0583
-0.919216	-1.09091
-0.712805	-0.343583
0.167158	-0.178364
1.87277	0.418351
-0.864898	-0.357792
1.55772	0.252579
0.178022	0.647507
-0.158754	0.28108
-0.788851	0.23032
-0.40862	-0.0475657
-0.549849	-0.461145
-0.962671	-0.4936
0.818983	0.75239
-0.940944	-0.149103
-0.66935	-0.108057
0.101976	0.194902
-0.908353	-0.944987
0.775528	0.635817
-0.680214	0.179335
-0.0609805	0.125867
-0.169618	-0.553147
-0.973535	-0.730062
0.406161	-0.0612775
-0.658487	-0.437232
-0.897489	-0.698506
-0.245664	0.417339
0.482207	0.175439
1.24267	0.242858
-0.202209	-0.118922
-0.538985	0.0311196
-0.647623	0.456095
-0.354302	-0.0274693
-0.788851	-0.375061
-0.202209	0.213306
0.243204	0.380225
0.0585207	-0.398522
0.775528	0.431385
0.764664	0.250341
-0.506394	-0.593973
-0.734533	-0.00363817
-0.32171	0.0607278
-0.310847	-0.376937
1.02539	0.520157
1.65549	0.293789
-0.310847	-0.692409
-0.169618	0.246724
-0.919216	-0.502654
-0.604168	0.302536
-0.951808	-1.1533
0.471343	-0.449927
-0.430348	0.448362
-0.376029	-0.331964
0.101976	0.210753
-0.821443	-0.803236
-0.517258	0.471643
-0.701942	-0.0711165
-0.180482	0.301604
-0.14789	0.274404
-0.701942	-0.383048
-0.788851	-0.621804
0.645163	0.341868
-0.84317	-0.913842
0.710345	0.280679
0.49307	-0.119088
0.145431	-0.425758
-0.984399	-0.619342
-0.213073	0.217842
-0.32171	-0.159285
-0.712805	0.2953
-0.58244	-0.35837
-0.0718443	0.484772
0.57998	-0.291323
0.688618	-0.320534
4.20847	0.629105
-0.973535	-0.165776
0.264932	0.337894
-0.995263	-1.57729
-0.213073	0.403792
0.971075	0.384836
2.50286	-0.0227999
-0.973535	-0.593718
-0.788851	-0.736596
-0.115299	0.202997
-0.386893	-0.467213
-1.00613	-0.95718
0.84071	0.59531
-0.0283893	0.124237
0.123703	-0.255434
-0.0935718	0.0896697
-0.821443	-0.137059
1.68808	0.54314
-0.517258	-0.00868488
-0.158754	0.321153
-0.940944	-0.502858
-0.289119	0.353566
0.66689	0.466186
0.0367932	-1.01448
0.742937	-0.422549
-0.93008	-0.528528
0.612572	0.130517
-0.712805	-0.178879
-0.00666181	-0.346914
0.123703	-0.34294
-0.039253	0.08259
-0.615032	-0.214044
-0.810579	-0.518912
1.72067	0.378329
0.275796	-0.706968
-0.14789	-0.303012
0.199749	0.266562
-0.832306	0.124337
-0.973535	-0.694364
-0.376029	-0.114012
-0.854034	-1.04649
-0.864898	0.448543
0.264932	0.217104
0.0476569	0.212816
-0.0283893	0.45898
-0.202209	0.333397
4.43661	0.279553
-0.995263	-0.230636
-0.40862	-0.077558
0.960212	0.261889
-0.832306	0.00458379
3.95861	0.713537
-0.538985	0.190152
-0.115299	0.835029
0.384433	0.892125
-0.984399	-0.676231
-0.615032	-0.356011
-0.00666181	-0.264539
0.0259294	0.34249
-0.397757	0.0938644
0.797255	0.306668
0.92762	0.341836
0.340978	0.294608
-0.647623	-0.675221
-0.940944	-1.35391
-0.615032	-0.266535
-0.0935718	0.224008
0.0802482	0.319505
-0.32171	-0.441598
1.25353	0.501193
1.1123	-0.166381
-0.984399	-1.03957
-1.01699	-0.669612
-0.777988	-0.0632361
-0.419484	0.252521
0.0693844	0.429757
-0.332574	0.425583
-0.734533	0.0487716
-0.854034	-1.04761
0.243204	0.397825
-0.995263	-0.505906
1.25353	0.334931
3.21987	0.480332
-0.777988	-0.107686
0.721209	0.598234
-0.506394	-0.566895
0.210613	-0.0207985
0.373569	-0.190392
0.308387	-0.425925
0.612572	-0.352614
-0.560713	0.637609
-0.191345	-0.204741
0.92762	-0.105249
-0.625895	-0.294898
-0.191345	-0.0667785
0.49307	0.210663
-0.984399	-0.662131
1.52513	0.136696
-0.886625	0.10264
-0.658487	-0.739105
-0.940944	0.441493
-1.00613	-0.543578
0.417024	0.268476
-0.0609805	0.17868
1.09058	0.629433
-0.2348	0.0842285
1.7424	0.605879
-0.441212	0.158875
-0.593304	0.0579482
0.732073	0.532554
0.123703	0.394746
-0.386893	-0.12598
3.20901	0.411183
-0.593304	0.153916
-0.951808	-0.666646
-0.625895	-0.673153
-0.75626	0.353518
0.112839	0.410699
-0.58244	0.536233
-0.430348	0.285144
1.00367	0.646717
0.57998	0.304486
0.123703	-0.0138109
0.373569	0.0150884
3.45887	0.819979
-0.723669	-0.313031
-0.332574	0.445647
-0.680214	0.202943
0.0911119	0.439311
0.634299	0.124348
-0.376029	0.00774408
-0.940944	-0.492443
-0.441212	0.0251133
1.64463	0.384557
-0.625895	-0.744782
-0.723669	0.137077
0.721209	0.435539
0.0802482	0.599267
-0.973535	-0.622174
2.19868	0.536797
0.851574	-0.110301
-0.636759	0.632229
1.51426	0.272711
0.417024	0.249533
-0.886625	0.198514
-0.213073	0.219336
0.0693844	0.248308
0.427888	-0.144962
-0.962671	-1.03098
3.78479	0.764093
0.710345	0.424267
0.221477	-0.0795976
-0.973535	-0.110361
0.406161	0.336413
0.134567	0.350412
-0.104436	0.121481
0.623435	0.553505
-0.691078	-0.500822
-0.560713	0.346411
-0.712805	0.555904
-0.93008	-0.7121
1.22094	0.302529
1.99227	0.259371
-0.00666181	0.294008
-0.658487	-1.57575
-0.0935718	-0.0947578
-0.441212	0.581823
1.31872	0.273359
-0.354302	-0.18663
-1.00613	-0.76647
-0.223937	-0.450465
1.23181	0.682607
-0.962671	-0.765814
-0.473803	-0.233533
-0.897489	-0.795284
2.66582	0.339611
1.47081	-0.346619
2.04659	0.568351
-0.0283893	0.0383672
0.427888	0.279603
1.1449	0.636852
-0.158754	0.17718
-0.245664	0.231876
1.21008	0.0295965
0.00420194	0.328325
0.905893	-0.0219092
-0.973535	-0.524905
0.569117	0.533286
-0.397757	-0.668766
1.5034	0.184112
-0.701942	0.177101
-0.951808	0.130171
-0.158754	0.316059
-0.767124	-0.313198
-0.289119	-0.422725
0.547389	0.498399
1.63376	0.56159
-0.951808	-0.629612
-0.723669	0.366327
0.0259294	0.110009
-0.32171	-0.530866
-0.919216	-0.499021
-0.962671	-0.602388
-0.452075	0.501644
1.31872	0.613254
-1.00613	-0.560532
1.65549	0.489107
0.373569	-0.291618
-0.549849	0.0731481
1.42735	0.25216
-0.213073	-0.879714
-0.256528	0.2693
-0.14789	0.0345168
-0.734533	0.0692067
-0.984399	-0.716804
0.0259294	0.361973
-0.832306	-0.165867
-0.278255	0.328063
1.51426	0.44956
-0.343438	-0.0458404
-0.658487	-0.26457
1.99227	0.509579
0.243204	0.405171
-0.115299	0.482355
-0.202209	0.637366
-0.66935	0.0582405
-0.940944	-0.715364
0.66689	0.416473
0.308387	0.252928
1.60117	-0.560639
0.286659	0.414306
-0.919216	-1.17787
-0.940944	-0.527748
0.156294	0.380711
-0.137027	-0.0839386
-0.560713	0.535588
0.558253	0.0158563
-0.995263	0.0284521
0.406161	0.19056
0.677754	-0.277224
-0.93008	0.393704
-0.484667	-0.899425
-0.908353	-0.787187
-1.00613	-0.63549
0.340978	0.127832
-0.788851	0.432459
0.199749	0.0327229
-0.549849	0.23169
0.547389	0.319887
-0.962671	-1.37236
1.9814	-0.158212
-0.973535	-0.190381
-0.658487	0.256829
-0.213073	-0.187246
1.22094	0.244404
0.123703	0.555922
-0.799715	0.381084
-0.354302	-0.0852125
-0.0175256	0.375311
0.808119	0.503184
1.93795	0.0994695
-0.00666181	0.0507904
0.547389	-0.283933
-0.0501168	-0.871451
5.97926	0.666646
-0.278255	0.314844
-0.58244	-0.0124037
0.210613	0.161735
-0.604168	-0.283905
-0.734533	-0.154075
0.0693844	-1.0825
-0.680214	0.455554
-0.897489	-1.26377
0.438752	0.75923
-0.115299	-0.0578863
-0.962671	-1.10369
-0.180482	-0.176067
-0.940944	-1.18307
-0.995263	0.386035
-0.832306	-0.751727
-0.082708	0.47785
1.7424	0.142852
0.417024	0.263429
-0.473803	0.305742
-0.680214	-0.0440022
-0.788851	0.422283
-0.2348	0.029312
-0.799715	-0.836839
-0.560713	-0.842275
-0.58244	-0.255096
-0.886625	-0.152125
-0.810579	-0.575439
-1.00613	0.264977
1.32958	0.422786
-0.701942	-0.799128
-0.799715	0.240219
-0.49553	0.381276
-0.354302	-0.43568
1.52513	0.11486
-0.66935	-1.17369
-0.452075	-0.171993
0.851574	0.24637
-0.951808	-0.834042
-0.0175256	0.239337
0.188886	-0.105844
-0.962671	-0.62328
-0.615032	0.415015
-0.14789	-0.0411362
1.68808	0.651282
0.134567	-0.492625
-0.430348	0.507393
-0.593304	0.531229
-0.549849	-0.364608
-0.625895	0.295734
-0.93008	-0.643873
-0.788851	-0.30894
0.243204	0.478298
-0.777988	0.502376
0.471343	0.198754
0.558253	-0.060258
-0.256528	0.725068
0.286659	0.715414
0.7538	0.491366
0.286659	0.415496
-0.376029	0.302263
-0.49553	-0.383195
0.438752	0.470557
-0.799715	-0.185836
0.243204	0.127528
-0.951808	-1.53621
-0.571577	-0.272537
-0.951808	-0.550283
-0.897489	-0.902625
2.20954	0.110401
-0.484667	-0.380655
-0.039253	0.0352055
0.514798	0.0781652
0.938484	0.161652
-0.940944	-0.198817
-0.0718443	-0.22128
-0.854034	-0.985282
4.14329	0.713804
0.764664	0.806676
2.6115	0.289545
1.63376	0.640075
1.81845	0.478677
-0.984399	0.0918479
1.07971	0.366275
-0.734533	-0.131717
-0.104436	-0.536401
0.340978	-0.0988433
-0.691078	-0.943997
-0.810579	-0.477046
-0.701942	-0.231341
0.0693844	-0.313904
0.178022	0.551843
-0.767124	-0.669025
1.41649	0.340745
-0.0935718	0.525961
-0.940944	-0.371197
-0.169618	0.414215
-0.560713	0.476216
-0.0935718	0.26573
-0.289119	0.430041
-0.93008	-0.486136
4.99066	0.586696
-0.0501168	-0.366535
2.26386	0.588961
-0.137027	0.823321
-0.310847	-0.671277
-0.245664	0.119229
-0.104436	-0.0541895
-0.58244	-0.277732
-0.299983	0.142858
3.01346	0.269783
0.992803	0.38092
-0.919216	-1.10396
-0.897489	0.0150562
-0.560713	-0.594057
0.167158	0.426536
-0.419484	-0.068797
-0.604168	0.29049
-0.75626	0.454989
-0.712805	-0.160356
1.72067	0.332782
-0.745396	-0.521253
-0.940944	-0.73885
1.48167	0.303332
-0.039253	0.312511
-0.636759	0.216004
-0.082708	0.373748
-0.462939	0.0239048
0.482207	-0.266564
0.340978	0.243581
-0.951808	-0.200099
-0.126163	-0.0693015
-0.691078	-0.129472
-0.886625	-0.53026
-0.712805	-1.00681
-0.919216	-0.857982
1.23181	0.236798
-0.908353	-0.759684
-0.75626	0.0612134
-0.788851	-0.374207
0.417024	0.225223
-0.864898	-0.78663
-0.832306	-0.81732
-0.0283893	-0.118867
-0.658487	0.0476947
1.3839	0.423643
0.818983	0.479562
-0.821443	0.383922
0.66689	0.12263
-0.0935718	-0.151715
-0.886625	-0.41207
-0.832306	-0.687451
-0.75626	0.200051
0.916757	-0.546286
-0.354302	-0.582957
1.09058	0.312048
-0.0283893	0.214725
-0.310847	0.299772
0.438752	-0.245821
0.0259294	-0.356451
-0.919216	-0.705061
0.340978	0.0095191
-0.191345	0.293204
-0.169618	0.629748
-0.528122	0.0413883
0.590844	-0.0507042
0.123703	0.0490245
-0.908353	-0.240635
-0.832306	0.175091
0.232341	0.357251
0.460479	0.00483676
1.27526	0.351027
-0.256528	0.411432
0.167158	-0.288663
-0.354302	0.0406092
-0.441212	0.368304
-0.951808	0.222074
-0.604168	-0.389423
0.460479	-0.215775
-0.875761	0.125633
0.460479	-0.815862
-0.75626	0.107363
-0.701942	0.322104
-0.625895	0.202255
0.188886	0.107165
-0.180482	-0.0411178
3.07864	0.314465
0.145431	-0.119294
0.66689	0.470521
-0.299983	0.355651
-0.691078	-0.365812
-0.854034	-0.261435
0.503934	0.519892
1.40563	0.459963
2.76359	0.575843
-0.951808	-0.765395
-0.832306	0.407189
-0.223937	-0.218083
0.395297	0.526643
-0.0718443	0.407155
-0.821443	-0.293369
-0.962671	-0.609296
-0.00666181	0.450457
1.16662	0.442426
-1.02785	-0.316332
-0.854034	-0.70184
-0.734533	-0.463062
2.44854	0.401223
-0.680214	0.533358
-0.2348	0.337206
-0.549849	-0.0944599
-0.962671	-0.840006
-0.104436	0.26532
-0.430348	0.430312
0.340978	0.702534
-0.58244	0.171874
-0.680214	0.50046
-0.875761	-1.08824
-0.940944	0.114854
-1.00613	-0.0604902
2.09004	0.512122
-0.93008	-0.134741
-0.256528	0.473077
0.569117	0.303053
-0.897489	-0.506016
-0.832306	-0.91828
1.36217	0.237187
-0.549849	-0.723741
-0.951808	-0.463437
0.645163	-0.217123
0.167158	0.225471
0.818983	0.117691
0.145431	-0.223249
-0.908353	0.391518
0.319251	-0.815325
0.482207	-0.157672
-0.528122	-0.291844
0.232341	-0.484918
1.2644	0.565722
0.156294	-0.132387
-0.365165	0.416987
-0.777988	-0.21609
-0.571577	0.368327
-0.604168	0.127365
-0.821443	0.18887
-0.973535	-1.04921
-0.58244	-0.53524
-0.886625	0.33445
-0.919216	-0.73341
2.02486	0.544885
-0.441212	0.318862
-0.897489	0.415316
-0.615032	0.0262161
-0.625895	-0.281188
-0.158754	0.550281
3.13296	0.289884
1.34044	0.173811
1.5034	0.534519
0.0367932	0.314384
-0.2348	0.264496
-0.66935	0.208773
3.54578	0.141692
2.42682	0.257744
0.981939	0.211758
2.253	0.599514
-0.636759	-0.0613949
-0.658487	0.197233
0.167158	0.356403
0.264932	0.589534
-0.799715	0.379634
-0.886625	-1.52034
-0.0175256	0.443081
-0.104436	-1.09962
-0.223937	-0.312043
-0.58244	-0.104045
-0.506394	0.0365328
0.547389	0.254006
-0.0501168	0.507761
-0.875761	-0.599842
-0.973535	0.136136
-0.875761	0.440869
5.04498	0.658018
-0.289119	-0.126298
0.775528	-0.326001
-0.908353	-0.689847
2.35077	0.440505
-0.875761	-0.608428
0.514798	-0.523079
-0.854034	0.272569
-0.462939	-0.043792
0.0911119	-0.310311
2.44854	0.455026
-0.256528	0.285739
-0.245664	0.640329
-0.158754	0.0161128
2.07918	0.254585
0.601708	0.289533
-0.202209	0.567548
-0.66935	0.218682
-0.213073	0.43247
-0.691078	0.359213
0.199749	0.0341726
-0.680214	0.234492
-0.517258	-0.21007
-0.93008	-1.13592
0.66689	-0.0237582
-0.799715	0.0543667
-0.799715	-0.0112399
0.188886	-0.335229
-0.245664	0.224664
0.0585207	-0.0092095
-0.767124	-0.442859
0.0585207	-0.0762584
0.0802482	-0.207189
-0.962671	-1.0764
1.23181	0.411554
0.297523	-0.0902053
-0.745396	0.324547
-0.441212	0.380892
0.449616	0.156803
-0.875761	-0.570167
2.80705	0.635086
-0.365165	0.0181828
-0.126163	-0.840968
-0.832306	-1.04135
-0.386893	0.174286
-0.962671	-0.313116
-0.864898	-0.410461
0.0585207	0.352183
-0.202209	0.391895
-0.039253	0.0229909
-0.767124	-0.708114
-0.528122	-0.0901664
0.0150657	0.437312
-0.875761	0.431319
1.1449	0.342373
1.82931	0.413942
-0.538985	0.260603
-0.832306	0.0933866
0.340978	0.0866297
-1.01699	-1.00664
-0.908353	-0.0433542
-0.354302	0.305382
0.210613	0.104825
-0.278255	0.0643116
1.30785	0.660179
-0.560713	-0.398225
0.0585207	0.116474
2.20954	0.622874
0.0150657	-0.171546
-0.799715	-0.468999
2.62236	0.530902
-0.821443	-0.370618
-0.484667	0.38033
-0.571577	-0.557025
-0.691078	0.374025
-0.973535	-1.32726
-0.788851	-0.887891
-0.66935	-0.778246
0.590844	0.278551
-0.821443	-0.907792
0.775528	0.522523
-0.506394	-0.294361
4.24106	0.192544
0.851574	-0.329096
-0.126163	-0.0979924
-0.299983	0.283939
0.873302	0.204076
3.04605	0.50244
1.64463	0.65612
0.536525	-0.183234
2.30732	0.628501
-0.875761	-0.470392
-0.745396	0.348605
-0.875761	0.0143286
-0.886625	0.524962
-0.49553	-0.194998
1.70981	0.354422
-0.712805	-1.47659
-0.647623	-0.419708
1.7424	0.447344
1.73154	0.515945
-0.452075	-1.08242
-0.213073	0.368937
-0.039253	0.335064
0.134567	0.416843
-0.984399	0.149107
0.145431	-0.0338616
-0.462939	0.173729
0.156294	0.385655
0.482207	0.128151
0.449616	0.00537165
0.960212	0.32793
-0.332574	0.231212
-0.940944	0.0584021
-0.386893	-0.871148
-0.441212	-0.0478008
-0.625895	0.228436
1.1449	0.720024
-0.854034	-1.28464
0.590844	0.549101
-0.549849	-0.42401
0.742937	0.449947
-0.0501168	0.153388
-0.517258	0.477084
-0.864898	-0.625772
-0.082708	0.125641
1.9814	0.576629
0.275796	0.321756
-0.299983	0.778367
-0.701942	-0.564843
-0.0283893	0.175602
0.656027	0.223031
0.330114	0.401275
-0.854034	-0.558585
-0.647623	0.554871
-0.984399	0.110215
-0.267392	0.432811
-0.256528	0.398571
-0.506394	0.0470722
0.340978	-0.538366
0.688618	0.10989
-0.256528	0.0283101
-0.169618	0.162371
-0.854034	-1.06563
-0.799715	-1.72107
-1.02785	-0.107679
-0.00666181	0.419347
-0.538985	0.230602
3.6001	0.364616
-0.40862	0.338676
0.134567	0.0997919
1.61204	0.276376
-0.832306	-1.01245
0.330114	-0.0465583
-0.191345	0.100764
0.395297	-0.406562
0.862438	-0.0619259
1.41649	0.428966
1.16662	0.346398
-0.940944	-0.421872
0.156294	-0.319124
-0.788851	0.281478
-0.84317	0.26016
3.18728	0.476427
-0.604168	0.443422
-0.528122	0.607003
-0.897489	0.015138
-0.365165	-0.186951
0.438752	-0.0326139
-0.908353	-1.07208
2.17695	0.333425
-0.289119	0.24698
0.438752	0.490481
-0.940944	-0.908398
-0.419484	0.250261
0.514798	-0.00122556
0.732073	0.189292
-0.604168	0.132883
-0.940944	-0.736938
-0.202209	0.470757
-0.886625	-0.928324
-0.376029	-0.571042
-0.777988	-1.13985
-0.604168	-0.434435
0.786392	-0.0223176
3.3611	0.434538
0.351842	0.176954
1.06885	0.319566
-0.0718443	0.262188
2.91569	0.450802
-0.854034	-0.704914
0.57998	0.382366
-0.376029	-0.3952
-0.14789	0.491631
-0.973535	-0.10752
0.601708	0.379958
-0.788851	-0.132338
1.15576	0.185756
0.57998	0.0686202
-0.506394	0.0667791
-0.864898	-0.491693
0.362706	0.117174
-0.430348	-0.0260904
-0.473803	0.323622
-0.310847	0.461609
-0.919216	0.136835
-0.854034	-0.208493
-0.788851	-0.702249
0.66689	0.427086
1.12317	-0.15233
-1.00613	-0.138799
1.1123	0.149626
-0.680214	-1.06987
-0.93008	-0.755731
-0.213073	0.541914
0.0259294	-0.084531
-0.973535	-0.522413
-0.919216	-0.956611
-0.354302	-1.24216
1.44908	0.147457
-0.897489	-0.611201
3.41542	0.482105
-0.810579	-0.0577962
-0.962671	0.254766
-0.202209	0.634138
0.362706	-0.0111077
0.558253	-0.0243673
2.01399	0.574616
-0.32171	0.459764
0.764664	0.635552
-0.397757	0.245928
0.938484	-0.0134101
-0.984399	-1.06904
-0.973535	0.531222
-0.897489	0.361194
-0.919216	-0.923945
-0.777988	0.177792
0.710345	0.710032
3.98033	0.448984
-0.0935718	0.0218677
-0.832306	0.191108
-0.940944	-0.967989
1.9814	0.778948
-0.940944	-0.727442
0.482207	0.332539
-0.745396	-0.33453
3.98033	0.455889
1.93795	0.544077
1.12317	0.0321149
0.243204	0.174368
-0.2348	0.525534
0.0693844	-0.0486061
-0.441212	0.163868
-0.788851	-0.438826
0.775528	0.165813
-0.14789	0.249252
-0.940944	0.142304
0.232341	0.476247
3.66528	0.589618
1.10144	0.126687
0.449616	0.633888
-0.93008	-0.190966
-0.32171	0.0379352
0.297523	0.392894
0.156294	-0.0209618
0.0476569	-0.258181
-0.875761	-0.613213
-0.832306	-0.641895
-0.636759	-0.266751
2.01399	0.364092
0.981939	-0.355221
-0.223937	0.0910363
-0.962671	-0.19702
-0.799715	-0.0323394
0.145431	0.102154
0.634299	0.766701
-0.386893	0.557933
0.362706	0.387946
0.503934	0.0622749
-0.604168	-0.532421
-0.712805	0.495036
1.1123	0.251362
-0.213073	-0.0134417
-0.897489	-0.492481
-0.430348	-0.0111568
0.134567	-0.176524
-0.397757	0.302657
-0.75626	-0.597923
-0.484667	0.044043
-0.951808	0.383253
-0.082708	0.101678
-0.625895	-0.36625
1.04712	0.52072
-0.984399	-0.429645
-0.506394	0.34992
-0.256528	0.281933
-0.995263	0.209431
1.22094	0.402083
-0.32171	-0.153105
-0.213073	0.354213
0.340978	0.469577
-0.821443	0.0746066
2.33991	0.393888
-0.49553	-0.497077
-0.75626	0.0424218
2.22041	0.613318
2.22041	0.482857
1.36217	0.61132
-0.691078	-0.316043
-0.310847	0.0488081
0.916757	0.409041
-0.897489	-0.0710978
-0.115299	-0.50163
-0.919216	-0.18424
-0.875761	-0.740303
0.710345	-0.38042
-0.734533	-0.730088
1.12317	0.298133
1.01453	0.212228
0.438752	0.188357
0.503934	0.116778
0.0693844	-0.164423
0.938484	-0.0486514
-0.528122	-0.0519283
0.732073	0.238665
0.232341	0.410832
-0.039253	0.116255
-0.658487	-0.379913
-0.278255	0.327699
-0.897489	-0.144604
-0.104436	-0.0749413
2.28559	0.259342
-0.951808	0.115903
-0.864898	-0.208347
0.971075	0.440486
-0.593304	0.208709
0.384433	0.41212
-0.919216	-0.57729
-0.0283893	0.334718
-0.528122	-0.147631
-0.267392	0.500944
-0.777988	0.0032276
-0.745396	-0.512316
1.04712	0.205011
-0.875761	-1.45179
0.210613	0.155534
-0.658487	-0.948591
1.13403	0.0900411
-1.03872	-0.383742
1.1449	0.666646
-0.832306	-0.745104
3.92601	0.579011
-0.897489	0.145281
-0.386893	0.508041
-0.354302	0.24704
-0.0501168	0.288085
-0.604168	-0.150607
-0.0609805	0.381261
-0.571577	-0.506202
-0.0609805	0.253365
-0.473803	-0.247354
-0.0283893	0.351784
-0.810579	-0.58165
0.710345	0.20563
-0.864898	0.543141
-0.343438	0.119137
-0.0501168	0.452253
-0.799715	0.42508
-0.299983	0.0230753
-0.962671	-1.16853
-0.202209	0.71262
-0.267392	0.326072
-0.14789	0.414773
0.818983	0.839975
-0.680214	-0.825055
-0.115299	-0.249693
-0.897489	0.367449
1.70981	-0.239703
-0.397757	0.146353
-0.832306	0.41021
0.471343	0.501773
-0.039253	0.59078
0.721209	0.160575
-0.126163	0.458208
3.05691	0.548486
0.0693844	0.448058
-0.528122	-0.778363
-0.430348	-0.253434
-0.777988	0.218334
-0.767124	0.352624
0.417024	0.306615
-0.615032	0.318177
-0.625895	0.27724
-0.517258	0.408096
-0.680214	0.0729
3.31764	0.573798
0.612572	0.0948652
-0.832306	-0.934989
0.0367932	0.258677
-0.082708	0.475298
-0.386893	0.220076
-0.484667	0.441617
0.0585207	0.0391043
-0.919216	-0.960464
0.373569	0.124156
-0.419484	0.331569
-0.191345	-0.549464
-0.919216	-0.504593
-0.278255	-0.353011
-0.462939	0.00117511
-0.832306	-0.469039
-0.137027	0.234881
-0.919216	-0.296148
-0.897489	-0.96326
-0.376029	0.245026
-0.082708	0.256612
-0.452075	-0.282739
1.52513	0.609755
-0.951808	-1.21342
-0.84317	-0.565595
0.101976	0.561284
0.112839	0.401926
-0.919216	-0.264924
0.895029	0.357268
-0.419484	0.489242
2.36163	0.546597
-0.886625	-0.218416
0.308387	0.0223474
-0.376029	0.199752
-0.962671	-0.846989
-0.767124	-0.788021
-1.00613	-0.584715
-0.213073	0.212249
-0.897489	0.144869
-0.354302	0.232745
-0.365165	0.432821
-0.680214	-0.810361
1.7424	0.255005
1.19921	0.257004
0.797255	0.4282
-0.354302	0.428548
-0.0935718	0.222306
-0.647623	-0.557934
-0.908353	-0.476269
0.547389	0.461612
0.254068	0.625935
-0.376029	-0.668459
-0.615032	-0.517333
-0.691078	0.337521
0.590844	-0.0251769
-0.821443	-0.422824
-0.191345	0.0945877
-0.2348	-0.335678
0.210613	-0.395267
-0.376029	0.245903
0.482207	0.769286
0.0259294	0.364845
-0.897489	-0.23119
0.536525	0.424125
-0.875761	0.16232
-0.452075	-0.173653
-0.528122	-1.46306
-0.810579	0.184851
-0.32171	-0.510453
-0.278255	0.0804178
0.503934	-0.14927
-0.658487	-0.667439
-0.734533	-1.40511
-0.0935718	-0.0388239
0.319251	0.272039
0.0911119	0.117309
-0.636759	-1.25406
0.558253	0.394895
0.395297	-0.283261
1.93795	0.412513
0.558253	-0.0781533
-0.777988	-0.0821161
-0.593304	-0.180368
-0.940944	-0.903669
1.39476	0.340859
-0.452075	-0.436087
-0.908353	0.44464
3.17642	0.556391
0.0585207	0.177969
2.76359	0.431913
0.167158	0.136599
4.07811	0.468732
-0.213073	-0.426742
-0.66935	0.42524
-0.32171	-0.138381
0.503934	0.121571
-0.299983	-0.181156
-0.712805	-0.673318
0.49307	0.52681
3.61097	0.523784
1.30785	0.445119
-0.169618	-0.684475
-0.082708	0.445256
-0.84317	-0.437388
0.395297	0.562519
1.69895	0.0710453
-0.691078	0.566034
-0.875761	-0.305109
-0.832306	0.48104
-0.604168	-0.408719
1.24267	0.300616
0.862438	0.6221
-1.00613	-0.908462
1.36217	0.744517
-0.32171	0.215382
-0.701942	0.0613858
-0.712805	0.291594
-0.636759	0.216788
-0.864898	0.145115
-0.14789	-0.0850203
3.06778	0.482941
-0.419484	0.372397
-0.908353	-0.930067
-0.386893	-0.00571555
-0.386893	-0.220758
-0.58244	-0.167574
0.156294	-0.2451
0.471343	0.253272
-0.832306	-0.144584
-0.897489	-0.459077
0.49307	0.41943
0.297523	0.310501
0.112839	0.05513
-0.549849	0.0409688
-0.615032	-0.03516
-0.506394	-0.323224
2.04659	0.578196
-1.00613	-0.897954
0.590844	-0.497222
-0.376029	-0.189573
-0.908353	0.119477
0.84071	0.57539
-0.137027	-0.0810246
0.0693844	0.35396
-0.875761	-0.094476
0.340978	0.193822
-0.397757	0.0299569
0.829847	0.117004
-0.777988	0.055177
0.699482	0.314292
-0.180482	0.55801
-0.908353	-1.07773
-0.267392	-0.236894
-0.452075	-0.0966684
-0.940944	-0.461808
0.351842	0.157605
-0.223937	-0.0556782
0.916757	0.830626
-0.202209	-0.0537655
0.112839	0.476163
2.53545	0.664744
-0.202209	0.382774
-0.897489	-0.953718
-0.538985	0.393292
0.0802482	0.519695
-0.452075	-0.136698
-0.832306	0.593319
-0.84317	-0.679661
1.35131	0.260617
-0.223937	0.413199
-0.897489	0.431799
-0.528122	0.20453
-0.560713	-0.884549
-0.919216	-0.63867
-0.864898	-0.748996
-0.984399	-0.362684
-0.984399	-0.897355
-0.58244	0.105722
-0.615032	-0.851667
3.96947	0.355274
-0.560713	-0.497044
-0.75626	-0.976677
-0.777988	0.0954485
-0.517258	-0.275397
-0.452075	-0.415823
-0.680214	0.341834
2.04659	0.34271
-0.962671	-0.595769
0.601708	0.428863
-0.745396	0.44785
-0.886625	-0.0221526
-0.441212	0.255339
0.167158	-0.043068
0.862438	0.0720363
-0.278255	0.548263
-0.32171	-0.194399
-0.864898	0.331349
1.15576	0.269635
0.112839	-0.212662
1.59031	0.451701
-0.604168	0.0438306
-0.126163	-0.325349
-0.821443	-0.777407
-0.75626	0.0401565
-0.593304	0.327232
-0.0935718	0.59935
1.28612	0.853949
-0.191345	0.693292
1.51426	0.758441
-0.973535	0.419671
0.232341	0.345884
-0.951808	-0.160849
3.15469	0.434525
0.362706	0.0868544
2.29645	0.377577
-1.03872	-0.453065
0.0585207	0.204364
-0.256528	0.240055
-0.14789	-0.26876
-0.897489	-0.674423
-0.506394	-1.02902
0.134567	0.688973
-0.680214	-0.567483
1.55772	-0.0972109
-0.615032	-0.109593
-0.397757	-0.0390485
1.29699	-0.0549695
0.764664	0.57226
-0.832306	0.0940153
-0.962671	-0.185688
1.36217	0.403635
0.503934	0.350397
-0.919216	-0.325756
0.808119	-0.0592501
0.167158	0.341847
-0.701942	-1.11544
0.471343	-0.02389
-0.419484	0.284792
0.156294	0.451974
0.286659	-0.230864
-0.32171	0.326115
1.99227	-0.0271721
0.590844	0.106378
-0.376029	-0.030531
-0.484667	0.00713139
-0.615032	0.353479
-0.919216	0.459002
0.49307	0.245297
-0.767124	0.296235
1.07971	0.344859
0.123703	-0.691562
-0.788851	-0.204591
1.30785	0.56064
-0.213073	-0.0588003
-0.810579	-0.0158511
0.0150657	-0.912304
-0.332574	-0.346534
-0.973535	0.520834
0.145431	0.166456
-0.104436	-0.433815
-0.767124	-0.687822
-0.571577	-0.129361
-0.528122	0.396582
-0.832306	-0.814762
1.12317	0.535868
3.19814	0.408686
-0.0283893	0.142648
-0.854034	-0.219454
-0.658487	-0.119622
-0.897489	-0.499354
-0.908353	-0.528608
-0.2348	0.427703
1.61204	-0.0703057
-0.0501168	0.204847
-0.332574	-0.379705
-0.289119	0.119751
-0.517258	-0.356476
-0.299983	0.135128
-0.897489	-0.47303
-0.940944	0.540745
-0.419484	-0.248145
-0.821443	-0.753984
-0.712805	0.0366764
-0.84317	-0.588107
-0.864898	-0.410481
-0.0609805	0.52937
7.44587	-0.224689
-0.0501168	0.192132
2.02486	0.660625
-0.0501168	-0.435131
0.188886	0.38152
0.438752	-0.246365
-0.745396	0.322192
-0.767124	-1.15284
-0.082708	0.171344
-0.93008	0.294468
-0.506394	0.399175
-0.788851	-0.938379
0.634299	0.0136688
-0.951808	0.168019
-0.951808	-0.0145017
-0.897489	-0.335572
-0.886625	-0.599588
2.01399	0.409117
-1.01699	-0.624753
0.775528	0.342842
-0.875761	-1.02328
0.178022	0.154415
0.351842	-0.240494
-0.788851	-0.842123
0.503934	-0.0854349
-0.832306	0.429204
-0.278255	-0.998856
-0.767124	-0.762101
-0.441212	0.323381
-0.528122	-0.573572
0.569117	0.416872
-0.039253	-0.277578
-0.799715	-0.0773111
0.623435	-0.24776
1.36217	0.45034
-0.636759	0.144699
0.92762	0.756751
0.66689	-0.250456
-0.332574	0.250575
1.27526	0.0177347
0.569117	0.611219
0.732073	-0.0537081
0.101976	0.116992
-0.799715	-0.650886
-0.615032	0.285172
0.656027	-0.649032
-0.647623	-0.0243514
-0.75626	-0.339624
-0.115299	0.0755076
3.15469	0.506249
-0.560713	-0.066661
-0.919216	0.487073
0.851574	0.52815
-0.126163	0.0257023
0.536525	0.323847
0.84071	0.306678
-0.951808	-0.250312
-1.00613	-0.687823
-0.397757	0.32041
0.0476569	-0.310966
-0.854034	-0.229094
0.00420194	0.181354
-0.777988	-0.305036
0.471343	-0.226292
0.00420194	0.231169
0.775528	-1.07733
-0.680214	0.247436
-0.180482	0.0325481
-0.701942	-0.330246
-0.528122	0.459458
1.28612	0.238151
-0.908353	-0.74377
-0.0501168	0.0537672
-0.951808	0.486407
-0.875761	-1.24981
-0.799715	0.273291
-0.169618	0.245455
-0.647623	-0.0734152
-0.712805	0.0835108
0.818983	0.379435
-0.604168	-0.984397
-0.908353	-0.414624
2.1335	-0.163472
0.981939	0.483469
-0.777988	-0.897371
0.188886	-0.33765
-0.180482	0.333819
-0.137027	-0.332537
-0.082708	-0.754644
-0.397757	0.197591
1.47081	0.488536
-0.84317	-0.366788
0.319251	0.0622878
0.503934	0.808292
0.0259294	0.0903039
1.82931	0.224745
-0.962671	-0.378657
-0.810579	-0.463007
-0.745396	-0.595292
-0.810579	-0.514675
-0.658487	0.0188253
-0.00666181	-0.641521
0.764664	0.180449
-0.202209	-0.103646
-0.745396	-0.887186
-0.506394	0.0722532
1.6229	0.587516
-0.745396	-0.194315
-0.745396	-0.402769
-0.908353	-1.41369
-0.864898	-0.2309
-0.995263	-0.21246
-0.256528	-0.145497
0.286659	-0.549107
-0.278255	0.475941
0.536525	0.161525
0.536525	0.526822
-0.984399	-0.369189
0.134567	0.528278
1.03626	0.747749
-0.908353	0.503408
-0.951808	-0.915737
-0.712805	0.0205321
0.0693844	0.237095
0.938484	0.509671
0.0476569	-0.14385
-0.58244	0.0517563
-0.75626	-1.22177
0.0476569	0.289938
-0.636759	0.363821
-0.32171	0.117781
0.721209	0.464381
-0.951808	0.302443
0.829847	-0.461262
-0.245664	-0.218708
0.514798	-0.0507915
1.00367	0.542208
-0.875761	0.382528
1.41649	-0.472772
0.873302	0.402966
-0.854034	-0.159673
-0.571577	0.556845
1.7424	0.485952
0.699482	-0.0170301
-0.734533	0.176815
-0.202209	0.253916
-0.571577	-0.044702
-0.528122	0.393807
-0.604168	0.688902
-0.832306	-0.794121
-0.636759	-0.642267
-0.462939	0.306812
-0.777988	-0.511356
-0.636759	0.180486
0.623435	0.274509
0.188886	0.439797
-0.528122	-0.123028
1.6229	0.516486
-0.767124	0.119057
-0.560713	0.496786
-0.40862	0.0355257
-0.886625	0.037825
-0.734533	-0.712238
-0.517258	-0.129305
-0.951808	-0.258858
-0.84317	-0.189552
-0.452075	-0.488365
-0.973535	-0.276606
-0.039253	-0.232008
-0.75626	-0.119297
0.362706	-0.188281
-0.908353	-1.01131
0.286659	0.292134
-0.386893	0.0888686
0.362706	0.130354
-0.810579	-0.161581
-0.256528	0.273425
2.36163	0.341118
0.286659	0.155584
-0.310847	-0.144235
-0.126163	0.614242
-0.647623	-0.991453
-0.940944	-0.128516
-0.528122	-0.0977899
-0.256528	0.00612599
-0.180482	-0.559282
-0.908353	-0.663131
0.00420194	0.102383
-0.625895	-0.208658
1.30785	0.585047
-0.278255	0.0258825
0.471343	0.640893
0.351842	0.554943
1.15576	0.419028
0.0802482	0.348204
-0.517258	0.655433
0.384433	0.345068
0.0476569	-0.23512
-0.875761	-0.306989
-0.191345	0.163039
0.101976	-0.149626
1.39476	-0.691454
1.59031	0.314563
2.55718	0.207251
0.66689	0.770072
-0.484667	-0.309444
-0.593304	0.435488
3.02432	0.586445
-0.767124	0.609744
-0.191345	0.39943
-0.75626	0.266834
-0.40862	0.358963
-0.919216	0.466281
1.07971	0.329274
-0.93008	-0.340989
0.145431	0.529421
-0.039253	-0.187609
-0.213073	-0.0745129
1.63376	0.402176
-0.84317	-1.13822
-0.376029	-0.844789
-0.84317	-0.0835068
-0.104436	0.350523
-0.951808	-0.396052
-0.223937	0.381935
2.05745	0.298012
-0.951808	0.149259
0.623435	0.327811
-0.0501168	0.27414
-0.615032	0.0169659
-0.484667	-0.203679
0.134567	0.338246
0.178022	-0.0166012
-0.32171	-0.137149
0.0911119	-0.10043
-0.506394	0.536755
-0.875761	-0.563701
-0.777988	-1.2244
-0.158754	0.205792
-0.723669	0.0403846
0.438752	0.330129
0.0911119	-0.211848
-0.115299	0.0533699
0.221477	0.0811
-0.647623	-0.241749
-0.854034	-0.568634
-0.430348	-0.663488
-0.213073	0.682445
1.7424	-0.35999
-0.365165	0.122239
0.275796	0.27238
0.351842	0.53198
-0.223937	0.0376633
-0.995263	-0.683426
0.612572	-0.0192301
-0.593304	0.292836
-0.940944	-0.920786
-0.767124	0.343697
0.916757	0.16862
-0.549849	-0.143472
-0.864898	-0.0170777
-0.691078	-0.112796
-0.2348	0.323104
-0.897489	-1.03173
-0.126163	-0.153641
0.134567	0.392925
-0.680214	-0.696522
-0.951808	-0.354941
-0.973535	-0.678454
-0.799715	0.272307
0.232341	0.245526
-0.397757	0.112395
-0.343438	-0.122558
0.417024	0.268445
0.558253	-0.164099
-0.897489	-0.387825
-0.32171	-0.339465
-0.462939	0.392882
0.710345	0.548565
-0.419484	0.590329
0.688618	0.527874
-0.560713	-0.28881
0.145431	-0.198459
-0.00666181	0.0622059
-0.528122	0.261912
-0.191345	0.13747
-0.452075	0.250347
-0.734533	0.422307
0.330114	0.423548
-0.267392	0.394776
0.786392	0.223746
0.0693844	-0.0435373
0.818983	0.0301353
-0.528122	-0.613021
-0.506394	0.248754
0.547389	0.247458
-0.984399	-0.938889
-0.115299	-0.0775427
-0.75626	-0.756273
-0.32171	0.367653
-0.712805	-0.211441
0.134567	0.06035
3.42628	0.514375
0.134567	0.3878
0.0693844	0.127981
0.112839	0.249671
-0.441212	-0.111086
0.00420194	0.478978
-0.0609805	0.234521
0.264932	0.0718427
-0.66935	0.286971
3.04605	0.426419
-0.571577	-0.52568
-0.310847	0.166265
-0.202209	0.146021
-0.973535	0.177717
2.55718	0.326195
0.775528	0.332457
-0.191345	0.176585
-0.799715	-0.0240259
-0.75626	-0.195392
-0.973535	-1.15825
2.45941	0.326629
-0.00666181	0.430703
-0.691078	0.276705
0.0585207	0.204857
-0.169618	0.267151
-0.658487	0.546997
-0.158754	-0.265696
-0.658487	-0.26191
-0.832306	-0.900411
-0.180482	0.302073
-0.289119	0.0474857
0.210613	0.0697789
1.79672	0.338262
0.275796	0.280956
-0.137027	0.121096
-0.875761	-0.233207
0.373569	-0.0306521
4.4692	0.747978
-0.332574	-0.877459
-0.745396	0.605912
-1.02785	-1.50239
-0.441212	0.197338
-0.886625	0.129351
-0.647623	-0.00969671
-0.137027	0.573722
-1.00613	-0.163876
-0.680214	0.326545
-0.691078	-0.725741
1.32958	0.166657
-0.343438	0.352307
2.80705	0.65507
-0.908353	-1.13799
-0.0175256	0.117129
0.0150657	0.476474
-0.940944	-0.603421
2.492	0.666521
-0.169618	0.146506
-0.712805	0.0262693
-0.919216	-0.418581
0.297523	-0.0803047
-1.01699	-1.3661
-0.777988	0.519101
-0.506394	0.171567
0.66689	0.262662
-0.973535	-0.239254
-0.984399	-0.813108
-0.0609805	-0.0467358
1.03626	0.51701
0.66689	-0.151714
-0.788851	-0.761353
-0.84317	0.342735
-0.875761	-1.51331
0.0367932	0.548955
-0.864898	-0.366478
-0.75626	0.18021
-0.995263	-0.119871
-0.940944	-0.0949984
-0.908353	-0.713827
-0.289119	-0.191314
-0.365165	-0.123697
-0.984399	-0.606067
-0.636759	0.427701
0.417024	0.414271
0.699482	0.377926
1.1123	0.295372
-0.66935	0.409649
0.417024	0.0745359
-0.615032	-0.190931
-0.082708	0.2438
-0.951808	-0.154092
0.406161	0.48871
-0.723669	0.259004
-0.462939	0.560109
0.601708	0.561028
-0.788851	-0.650932
-0.919216	-0.0724942
-0.93008	0.509002
1.15576	0.225921
-0.821443	0.0895701
2.77446	0.461076
-0.115299	0.442144
-0.484667	-0.428334
-0.267392	0.538324
-0.517258	0.40323
-0.701942	-0.310803
0.0693844	-0.2752
-0.93008	-0.588873
1.10144	0.728042
-0.66935	0.47354
-0.908353	-0.773602
-0.897489	-0.0702065
-0.897489	-0.0528408
-0.126163	-0.354203
-0.680214	-0.900822
0.547389	0.514311
-0.593304	-0.563423
0.188886	0.529689
-0.951808	-0.202966
0.243204	0.216347
0.471343	-0.0517917
-0.158754	-0.27602
-0.864898	0.141895
-0.0501168	-0.195076
-0.571577	0.00298799
-0.66935	-0.0913299
-0.49553	-0.650933
0.460479	0.438676
-0.40862	-0.222456
-0.604168	-0.36679
0.449616	-0.130758
-0.691078	0.330576
-0.810579	0.00194997
-0.984399	0.0225049
-0.604168	-0.164514
0.362706	0.30122
0.297523	0.338723
4.12156	0.544376
-0.680214	-0.691483
0.297523	0.484691
1.45994	0.702333
0.764664	0.558939
-0.767124	0.34705
3.01346	0.590448
0.460479	0.332453
0.395297	0.495169
-0.549849	-0.5743
-0.082708	-0.0673012
-0.00666181	0.519419
0.199749	0.20139
-0.14789	-0.154569
0.471343	0.165265
0.710345	0.479263
1.42735	0.425909
0.101976	0.495024
-0.712805	0.369325
-0.506394	0.0724668
2.91569	0.249738
-0.191345	0.570737
-0.299983	-0.532004
0.308387	0.5898
1.13403	0.111803
-0.799715	-0.539677
0.362706	0.141787
0.243204	0.255898
-0.973535	-0.728342
-0.93008	0.226249
1.84017	0.651906
-0.0609805	-1.21374
0.232341	-0.325102
0.210613	0.430149
0.145431	-0.0658875
-0.788851	0.102513
-0.289119	0.106176
0.243204	0.406542
-0.658487	-0.668342
-0.441212	0.545442
0.417024	-0.453298
1.25353	0.200574
0.808119	0.155375
-0.528122	0.0777266
0.275796	0.308905
0.49307	0.205528
2.72014	0.344031
-0.908353	-0.948939
0.0693844	-0.119023
-0.680214	0.36814
0.395297	0.408093
-0.223937	0.332372
-0.854034	-0.181235
2.32904	0.709166
-0.951808	-0.0388349
0.590844	0.732724
0.471343	-0.333194
-0.137027	-0.128579
-0.245664	-0.0328958
0.406161	0.697461
-0.528122	-0.313515
1.25353	0.251141
2.56805	0.208896
-0.864898	0.567079
1.1123	0.20141
-0.223937	0.0051224
0.57998	-0.11223
-0.658487	-0.140375
0.308387	0.601311
-0.213073	0.404742
-0.973535	0.284699
-0.0609805	0.327197
0.00420194	0.112892
3.17642	0.0188152
-0.376029	0.338203
-0.419484	0.374374
-0.908353	-0.795944
-0.462939	-0.294495
0.145431	-0.0329355
-0.854034	-0.379279
-0.126163	0.123638
-0.658487	0.0393014
-0.951808	-1.08857
-0.528122	-0.508621
-0.517258	-0.533573
0.188886	0.378795
-0.32171	-0.46541
-0.32171	0.035322
-0.310847	0.279682
-0.158754	0.353107
-0.908353	-0.427376
-0.0501168	0.512933
0.373569	-0.443158
0.503934	0.416299
-0.995263	-0.354945
-0.875761	-0.688642
1.1123	0.172465
1.87277	0.255574
-0.452075	0.228283
-0.66935	-0.470801
-0.593304	-0.298231
-0.538985	-0.422392
0.167158	0.262994
0.0693844	0.785349
0.742937	-0.523012
0.818983	0.389804
0.547389	0.479353
1.43822	0.405199
3.11123	0.574579
-0.984399	0.225872
-0.14789	0.0768711
-0.799715	-0.371025
0.199749	-0.554801
0.732073	0.0933763
-0.082708	-0.147382
-0.973535	-0.778866
-0.680214	0.562166
-0.962671	-0.296225
-0.202209	0.00178036
0.992803	0.444567
-0.864898	0.231149
-0.680214	-0.861554
0.243204	0.329554
-0.962671	-1.17987
4.20847	0.747376
0.699482	0.027775
-0.767124	0.157654
1.07971	0.281952
0.362706	0.106166
1.03626	0.622184
0.438752	0.028892
-0.940944	0.269357
1.12317	0.0700304
-0.777988	-0.356569
1.55772	0.357866
0.00420194	0.401213
-0.354302	-0.0240915
0.156294	0.0353036
-0.365165	0.0212018
2.54632	0.176322
-0.832306	-0.298827
0.0693844	-0.0989659
1.05799	0.429098
-0.191345	0.419702
0.340978	0.0602268
1.1449	0.333706
0.362706	0.25649
-0.430348	0.375665
-0.962671	-0.279324
0.0259294	0.398688
-0.32171	-0.563536
1.93795	0.481376
-0.93008	-0.727677
-0.213073	-0.254623
0.134567	0.159554
0.340978	0.419333
-0.419484	0.183942
-0.897489	0.253564
-0.571577	-0.0924681
-0.854034	-1.2089
-0.354302	-0.184065
-0.593304	-0.620364
-0.615032	0.366113
1.93795	0.481622
-0.386893	0.454518
-0.14789	0.392436
0.0585207	-0.573585
-0.365165	-0.278839
0.0259294	-0.947103
-0.0501168	0.459293
-0.604168	-0.00752049
-0.397757	0.279762
-0.680214	0.331406
-0.84317	-0.784711
-0.560713	0.351328
2.83964	0.527738
0.232341	0.469071
-0.169618	0.202527
0.395297	-0.0994571
-0.821443	-0.406409
-0.0935718	-0.157716
-0.962671	-0.786492
-0.973535	0.461077
-0.712805	-0.428533
0.862438	0.419159
0.0585207	-0.0546539
-0.788851	-0.454436
-0.593304	-1.19734
-0.419484	0.372709
0.0585207	-0.468578
0.536525	0.350925
1.06885	0.490616
-0.93008	-0.805383
-0.549849	0.52291
1.7424	0.5295
0.884165	0.0446017
-0.886625	-0.251796
-0.821443	-0.338781
-0.0935718	0.359151
-0.0283893	-0.221466
-0.93008	-0.297952
-0.745396	0.251017
-0.788851	-0.254317
-0.213073	-0.122398
-0.430348	0.0292632
-0.343438	0.417356
-0.615032	-0.0639417
-0.039253	0.0603504
-0.615032	0.353814
-0.919216	-1.05057
-0.40862	-0.0695443
0.395297	0.32525
0.286659	0.379107
-1.01699	-0.618661
0.145431	0.527991
-0.299983	0.110211
-0.365165	-0.0663722
-0.897489	-0.605995
0.199749	0.499542
-0.397757	0.530359
1.53599	0.257661
-0.886625	0.236619
0.960212	0.366104
-0.973535	0.343187
-0.039253	0.333647
0.710345	0.486385
0.775528	0.404408
-0.854034	0.233244
-0.973535	-0.807697
-0.875761	0.0462437
-0.940944	-0.355523
1.9814	0.476191
-0.615032	-0.144903
-0.701942	-0.771709
-0.647623	0.32794
-0.66935	-0.38493
2.05745	0.670487
-0.0501168	-0.238516
0.243204	0.373242
-0.202209	0.0781668
0.645163	0.394936
0.645163	0.266905
-0.680214	0.0907671
-0.875761	-0.305927
-0.213073	-0.727253
-0.560713	0.637561
1.28612	0.59558
0.188886	-0.450344
0.656027	0.448485
-0.962671	-1.0082
0.949348	-0.105082
-0.875761	-0.710478
-0.354302	0.0975419
-0.712805	-0.361542
-0.723669	-0.0697046
1.5034	0.328216
-0.973535	-0.41009
0.264932	-0.106351
-0.256528	0.482169
1.78586	0.41598
0.0150657	0.227553
-0.213073	-0.340164
0.0259294	0.383382
1.36217	0.0446321
-0.973535	-1.79649
0.319251	-0.112198
2.16609	0.366337
3.30678	0.575084
0.123703	0.480843
0.916757	0.364481
0.92762	-0.0403655
2.02486	0.212963
-0.886625	-0.811205
-0.940944	-1.11064
-0.723669	0.388194
1.7424	0.340899
0.199749	0.403497
-0.310847	-0.0121581
0.362706	0.434984
-0.995263	-0.296616
-0.32171	-0.0946465
0.145431	0.0455121
0.178022	0.341125
1.64463	0.253828
1.16662	0.492807
0.895029	0.791391
0.0693844	0.474814
-0.658487	0.0524683
-0.75626	-0.353005
-0.202209	-0.104282
-0.506394	0.252853
-0.571577	0.0603621
-0.462939	-0.30268
-0.701942	0.438707
0.221477	0.558233
-0.0609805	0.287977
-0.202209	0.0855848
-0.528122	-0.603319
-0.386893	0.320088
-0.538985	-0.123724
-0.66935	-1.21072
-0.0175256	-0.161909
2.30732	0.374339
0.558253	-0.212091
0.0367932	0.0530117
-0.951808	-0.169932
0.101976	0.398412
-0.354302	-0.367269
0.916757	-1.08498
-0.84317	0.1117
-0.875761	-0.443603
-0.278255	0.422632
-0.886625	-0.534033
-0.419484	0.0810916
-0.441212	0.340356
-0.93008	-0.526769
-0.278255	-0.254441
0.0911119	0.450065
-0.538985	0.15792
-0.919216	-0.297662
-0.169618	-0.0846655
1.05799	-0.68185
-0.0609805	-0.0783064
-0.919216	0.225094
-0.126163	0.377768
2.38336	0.155052
0.482207	0.676366
-0.810579	-0.206939
-0.940944	-0.358824
-0.745396	-1.09137
-0.039253	0.581783
0.210613	0.340931
1.2644	0.516007
-0.517258	0.512054
1.70981	0.531428
0.710345	-0.238473
-0.962671	-0.0736714
1.31872	0.350027
-0.452075	-0.494234
-0.973535	-0.724268
0.384433	-0.141963
-0.962671	-0.443982
-0.767124	-0.710896
-0.267392	0.0377895
-0.604168	0.130343
-0.734533	-0.630385
-0.213073	-0.738253
-0.0935718	0.319924
-0.506394	0.316391
-0.66935	0.0400981
1.77499	-0.0116415
-0.528122	-0.154208
0.384433	0.732993
-0.734533	-1.27049
-0.386893	0.294259
0.406161	0.0411763
-0.93008	-0.917327
2.30732	0.386369
-0.745396	-0.313779
3.58924	0.472895
0.0693844	0.912295
1.41649	0.308771
-0.49553	-0.0481553
-0.517258	-0.0934551
2.90482	0.161869
-0.267392	0.311119
-0.940944	-0.765512
-0.854034	-0.988338
0.254068	0.168885
0.00420194	-0.0806309
-0.58244	-0.286785
-0.886625	-0.402747
2.19868	0.59609
-0.376029	0.389617
-0.691078	0.113305
1.2644	-0.376085
0.536525	0.144185
0.49307	-0.318015
-0.310847	-0.251162
-0.984399	0.194355
1.47081	-0.161962
0.221477	0.478109
1.84017	0.25814
-0.615032	-0.910726
0.818983	0.33171
-0.691078	0.613551
-0.538985	0.171892
-0.984399	-0.602633
0.818983	0.419331
-0.93008	-0.777911
0.873302	0.666708
-0.191345	-0.00507261
-0.854034	0.175104
-0.343438	-0.067106
-0.14789	0.245196
0.884165	0.14648
-0.940944	0.141494
0.0150657	-0.953878
-0.854034	-0.616096
0.297523	-0.143773
-0.462939	-0.311557
-0.462939	-0.578539
-0.940944	-0.544059
-0.0935718	0.00358044
-0.897489	-0.319887
-0.256528	-0.0343005
-0.712805	0.548377
0.677754	0.0137555
-0.593304	-0.460843
-0.984399	-0.0640202
-0.658487	-0.00600826
-0.919216	-0.934029
-0.680214	-0.0165391
-0.647623	-0.703851
-0.680214	-1.17066
2.1335	0.392222
-0.93008	-0.595668
2.27472	0.350855
-0.615032	-0.186076
0.112839	-0.0381306
0.623435	-0.719448
-0.701942	0.0886324
-0.951808	0.266031
0.308387	-0.0301878
-0.256528	0.498466
-0.767124	0.404467
2.11177	0.573017
0.699482	0.239381
0.0911119	0.362048
0.0802482	-0.107039
-0.462939	0.482379
1.9814	0.0634321
0.49307	-0.595963
0.960212	0.470944
-0.810579	-0.121096
0.286659	-0.344092
0.167158	-0.570975
-0.767124	0.35994
0.677754	0.238243
-0.517258	0.153753
-0.32171	-0.230073
0.101976	0.344387
-0.680214	0.251752
-0.0935718	-0.128031
-1.02785	-0.987315
0.199749	0.422799
0.775528	-1.06148
0.764664	0.465992
0.308387	0.507928
-0.951808	-0.358572
-0.0175256	-0.397693
-0.213073	0.262987
0.297523	0.335277
-0.93008	-0.103671
-0.506394	-0.0221454
-0.452075	0.00755898
1.10144	0.611187
-0.332574	0.174404
-0.191345	0.218591
-0.571577	-0.313158
-0.832306	0.361048
0.471343	0.28217
0.0802482	-0.120745
-0.32171	-0.0208873
-0.191345	0.315606
0.210613	0.337635
-0.821443	-0.68102
-0.984399	-0.733197
0.0911119	0.0172586
-0.951808	0.226161
-0.0501168	-0.291633
-0.506394	0.421713
-0.310847	0.343644
-0.788851	-0.0449733
-0.940944	-0.537943
-0.799715	-0.594936
-0.93008	0.103909
-0.571577	0.159005
0.460479	0.704523
0.49307	0.0828307
0.829847	0.448408
-0.864898	-0.525252
0.645163	0.107533
0.0802482	-0.601421
0.362706	0.20529
1.91622	0.60667
-0.93008	-0.0494261
0.406161	0.221783
0.254068	0.522126
0.66689	0.388962
-1.02785	-0.617125
-0.908353	-0.663468
1.23181	0.368091
0.0259294	0.0669754
-0.886625	-1.07917
0.764664	0.391652
0.145431	0.297118
-0.332574	0.430693
1.19921	-0.253351
-0.441212	-0.376032
1.25353	0.499563
-0.354302	-0.230752
1.15576	-0.223852
-0.278255	0.519678
-0.919216	-0.722311
-0.777988	-1.12376
-0.191345	0.371463
0.254068	0.11029
-0.875761	-0.570766
-0.473803	0.102627
-0.202209	0.262489
-0.332574	0.160283
-0.245664	0.372366
-0.66935	-0.832659
0.319251	0.298637
-0.701942	-1.24588
-0.897489	-0.4347
0.123703	0.518095
-0.821443	-0.608771
0.699482	0.151525
1.03626	0.365283
2.72014	0.419309
-0.0283893	-0.0631936
0.0476569	-0.0678967
-0.104436	0.157678
-0.213073	0.634572
-0.66935	-0.716537
-0.691078	-0.130267
-0.93008	-0.454932
0.884165	-0.57258
-0.137027	0.41417
-0.256528	0.28977
1.03626	0.321251
0.134567	0.146143
0.00420194	-0.67672
-0.560713	0.157389
-0.723669	0.000717611
0.145431	0.678675
-0.126163	0.330804
-0.919216	-0.873957
-0.571577	-0.158347
-0.854034	0.44345
0.210613	-0.602495
-0.995263	-0.466451
2.492	0.780269
0.0693844	-0.387332
-0.647623	-0.0706396
-0.864898	-0.54618
1.61204	0.458881
-0.701942	0.0563819
-0.940944	-0.283947
0.7538	0.414135
-0.897489	-0.463299
-0.40862	0.408664
0.427888	0.0154328
-0.854034	-0.32506
0.362706	0.0654917
0.0802482	-0.127869
-0.213073	-0.238532
0.49307	-0.195936
-0.00666181	0.297507
2.79618	0.00309144
0.0585207	-0.185163
1.68808	-0.101245
-0.908353	-0.677932
-0.538985	0.00203305
1.01453	-0.0241545
-0.658487	0.318571
-0.821443	0.137892
0.0802482	0.285014
-0.875761	0.0667683
-0.919216	0.296089
-0.256528	0.360166
-0.104436	0.295564
0.351842	-0.231158
0.0911119	-0.231188
-0.604168	0.0616329
0.895029	0.578852
-0.473803	-0.497498
1.23181	-0.276725
0.503934	0.383222
-0.886625	-0.47917
1.12317	0.561094
0.134567	0.153117
0.362706	0.0892144
0.0911119	0.340832
-0.560713	0.459223
-0.745396	-0.0318302
-0.14789	-0.198128
-0.549849	-0.928066
1.3839	0.169452
-0.984399	-0.807028
2.253	0.441037
-0.908353	-0.0521913
-0.93008	-0.257439
-0.821443	0.520362
-0.115299	0.316251
-0.897489	-0.0540048
0.112839	0.437672
-0.0935718	-0.0352259
-0.376029	-0.120587
-0.777988	0.338766
-0.799715	0.451135
1.82931	0.360703
-0.875761	0.106999
-0.0718443	0.270382
1.31872	0.361117
-0.223937	0.346092
-0.886625	0.313645
-1.02785	0.276718
-0.93008	-2.03258
0.210613	-0.257034
0.764664	0.12475
-0.593304	-0.126845
-0.658487	0.125577
-0.0935718	0.490477
-0.528122	0.342312
-0.191345	-0.153301
-0.723669	-0.391654
2.53545	0.570679
-0.984399	-0.582219
-0.615032	0.396845
-0.0609805	0.11258
-0.191345	0.624522
-0.995263	-0.534079
-0.962671	-0.50305
1.00367	-0.277537
-0.84317	0.319851
0.818983	0.460178
-0.886625	-0.363703
-0.799715	0.484065
-0.799715	-0.225545
1.3839	-0.119096
-0.419484	0.30742
-0.821443	-1.12911
-0.332574	0.403402
-0.571577	0.284773
0.395297	0.485646
-0.962671	-0.22164
1.61204	0.267424
-0.973535	-0.541454
-0.104436	-0.0351804
-0.767124	-0.103408
-0.14789	0.3859
0.742937	0.362244
-0.75626	0.246691
-0.788851	-0.39166
-0.430348	0.233055
0.417024	0.0311325
-0.940944	-0.483181
0.0911119	-0.584643
-0.680214	-0.518091
0.101976	0.572869
0.188886	0.121503
-0.691078	0.423378
1.19921	0.297499
-0.615032	-0.0183444
-0.680214	0.159447
0.786392	0.372829
-0.788851	0.135038
0.178022	-0.38629
-0.473803	0.490336
-0.517258	0.335463
2.98087	0.757634
-0.854034	0.395277
0.232341	0.171027
1.1123	0.423437
-0.973535	0.200548
1.6229	0.340901
0.178022	-0.498828
0.0259294	-0.437718
-0.191345	0.196403
0.482207	0.539757
-0.940944	-0.921117
0.503934	0.0217739
-0.788851	-0.0414131
1.06885	-0.0707616
-0.962671	-0.619922
0.471343	0.351394
2.33991	0.386459
-0.984399	-0.723608
-0.897489	-1.38142
-0.734533	-0.308111
2.38336	0.774718
-0.658487	-0.151343
-0.213073	0.21973
-0.810579	0.3294
-0.723669	0.278669
0.66689	0.279293
-0.00666181	0.33857
-0.940944	-0.90605
0.558253	0.501882
-0.973535	-0.744374
-0.854034	0.131504
-0.202209	0.13772
-0.93008	-0.598216
0.536525	0.702549
-1.04958	-0.774474
-0.397757	0.0990626
-0.93008	-1.60576
-0.854034	-0.480249
-0.365165	-0.418619
1.70981	0.629853
1.15576	-0.247584
-0.897489	-0.780435
-0.343438	0.147035
-0.0175256	-0.0471319
-0.484667	0.467707
0.0259294	-0.0628204
-0.908353	-0.428566
0.92762	0.370941
2.77446	0.471607
-1.00613	-0.878181
-0.00666181	0.411961
-0.397757	0.195821
2.81791	0.0214076
-0.58244	-0.848731
0.525662	0.419313
1.1449	0.469302
-0.962671	-0.036883
-0.832306	-0.711441
-0.897489	-1.00447
-0.104436	0.656294
-0.691078	0.566602
1.00367	0.649162
-0.886625	0.436657
-0.604168	0.409746
-0.58244	-0.763803
-0.0283893	0.331932
-0.267392	0.432822
-0.951808	-0.535345
-0.973535	0.801735
1.16662	0.0802582
-0.484667	0.0308696
-0.00666181	0.0303822
-0.0935718	-0.17847
0.710345	0.504368
-0.00666181	0.0370077
0.308387	-0.155467
-0.680214	-0.832279
-0.0175256	0.447268
-0.0609805	0.213248
-0.191345	0.260462
-0.365165	-0.203672
-0.538985	-0.423062
0.92762	0.763548
-0.137027	0.275003
-0.734533	-0.0460526
-1.01699	0.156092
-0.0501168	-0.121754
1.69895	0.768729
1.49254	0.67407
0.514798	0.115255
-0.799715	-0.149089
-0.658487	-0.383977
-0.734533	0.174043
-0.039253	0.554224
-0.213073	-0.652429
-0.430348	0.258982
-0.734533	0.356851
-0.397757	0.357917
-0.32171	-0.350258
3.21987	0.521984
2.14436	0.490131
-0.962671	-0.931988
-0.332574	-0.528016
1.56858	0.0543246
0.156294	-0.617263
-0.082708	0.381605
0.210613	0.33297
-0.745396	-0.293135
0.895029	0.213374
-0.528122	-0.275112
-0.680214	-0.297054
-0.452075	-0.652812
-0.549849	-0.232537
-0.549849	-0.668967
0.938484	0.387445
-0.886625	-0.264003
-0.66935	-0.483949
0.340978	0.444894
0.612572	0.290373
0.384433	0.239705
0.0259294	0.247009
-0.158754	0.614234
-0.473803	-0.403827
-0.343438	-0.0897032
-0.854034	-1.05871
-0.245664	-0.270814
-0.886625	-0.448929
-0.897489	0.337982
-0.593304	0.221669
3.29592	0.187584
0.808119	-0.103326
-0.419484	-1.19594
-0.202209	0.293841
0.330114	0.2578
-0.636759	0.244388
-0.473803	0.342914
-0.940944	-1.0118
0.101976	-0.481298
3.49146	0.425581
-0.32171	0.329366
1.48167	0.567095
-0.158754	-0.767454
-0.549849	-0.245868
-0.821443	-0.636286
-0.267392	0.425612
1.80758	0.409138
-0.00666181	0.0454294
-0.962671	-1.21031
-0.908353	-0.149477
-0.951808	0.164447
0.0911119	0.433155
0.49307	0.12365
-1.00613	-0.624253
-0.777988	-0.040216
-0.625895	-0.219754
2.17695	0.339244
0.123703	-0.05488
0.482207	0.514353
0.558253	0.527337
0.178022	0.0418566
-0.940944	-1.24147
-0.223937	0.384306
1.04712	0.316447
0.221477	0.351251
-0.832306	-0.954056
2.47027	0.113306
-0.691078	0.21382
1.57945	0.12198
0.134567	0.467407
-0.58244	0.465902
-0.549849	-0.554888
-0.202209	0.497633
-0.875761	-0.215744
0.764664	0.248219
1.97054	0.283554
-0.245664	0.450548
-0.767124	-0.0359691
0.373569	0.705694
0.0911119	0.258411
-0.571577	-1.69646
-0.680214	-0.873589
-0.832306	-0.185859
-0.919216	-0.787329
-0.875761	-0.671275
-0.202209	-0.0212121
-0.528122	0.366247
-0.984399	-0.609072
0.112839	0.497454
-0.115299	0.422644
2.41595	0.573935
-0.517258	0.0938918
-0.310847	0.37902
0.471343	-0.220001
1.94881	0.408047
-0.0283893	0.230841
-0.84317	-0.180199
0.134567	0.513505
2.6115	0.345324
-0.560713	0.447165
1.17749	0.373631
0.00420194	0.713528
0.362706	0.196295
-0.517258	0.135837
-0.788851	0.45922
-0.854034	-0.692222
-0.723669	-0.280199
-0.58244	-0.302221
0.286659	-0.147849
-0.452075	0.647626
0.297523	0.20207
-0.462939	0.133693
-0.441212	0.529976
-0.636759	0.560088
-0.528122	0.230668
-0.126163	-0.403239
0.134567	0.300948
-0.528122	0.37982
1.82931	0.439801
-0.245664	0.356957
-0.310847	-0.047288
-0.701942	0.0542617
0.145431	-1.15049
0.275796	0.235481
-0.517258	0.312017
-0.593304	0.22127
-0.538985	0.14457
0.123703	-0.672374
-0.115299	0.0869056
1.78586	0.394822
-1.02785	0.2733
0.112839	0.464939
0.101976	0.639133
-0.799715	0.322445
-0.875761	0.516194
1.13403	0.212305
-0.84317	-0.716162
0.156294	0.361735
1.54685	0.561466
0.938484	0.481043
-0.604168	-0.622999
-0.886625	-0.589503
-0.538985	0.344084
3.26333	0.312396
-0.0283893	-0.547227
0.710345	0.0378957
0.134567	0.0517095
-0.940944	-1.0378
0.264932	-0.0789475
0.471343	0.375344
-0.484667	0.434116
-0.365165	0.0255095
-0.191345	0.335833
-0.158754	0.19199
-0.376029	0.483613
-0.864898	0.227505
-0.919216	0.176675
-0.376029	-0.544187
-0.777988	0.224285
1.41649	0.656867
-0.919216	-1.58804
-0.984399	-0.280615
0.49307	0.422405
-0.875761	-0.404581
-0.223937	-0.0584087
-0.58244	-0.177603
-0.951808	0.128894
0.742937	0.0954634
-0.376029	0.128952
-0.777988	0.283471
-0.593304	0.405633
-0.745396	-0.0423934
2.14436	0.359667
0.84071	0.604277
-0.951808	-0.460548
2.56805	0.0350696
0.0693844	-0.75267
-0.0935718	0.325023
0.123703	-0.70987
-0.267392	-0.303775
-0.636759	-0.104969
-0.126163	0.245191
-0.484667	-0.606079
-0.864898	-0.502235
-0.951808	-1.13013
-0.462939	0.178924
-0.430348	0.529699
-0.908353	-0.191894
1.91622	0.66546
-0.115299	0.366303
0.134567	0.510382
-0.897489	-0.155875
-0.984399	-1.20279
-0.419484	0.272073
0.482207	-0.464457
-0.864898	0.0383924
0.7538	0.324334
-0.365165	0.338741
0.438752	0.237089
-0.538985	0.611634
0.330114	0.115013
-0.365165	0.424279
0.0911119	0.179338
0.0911119	-0.676872
0.569117	0.294633
0.427888	0.309915
4.06724	0.539803
0.460479	0.42072
0.732073	-0.0624601
3.19814	0.41559
-0.0718443	0.362408
-0.647623	-0.558336
-0.636759	-0.424863
0.536525	0.591268
-0.2348	0.183599
-0.039253	0.26584
-0.549849	0.53183
-0.701942	-0.735862
0.308387	0.514329
-0.962671	-0.554126
-0.864898	0.0846831
-0.940944	-0.257672
0.134567	0.332719
-0.93008	-0.169741
-0.712805	-0.030478
0.482207	-0.212082
-0.0283893	-0.137595
0.938484	-0.237738
0.427888	0.0862413
0.373569	-0.488703
-0.854034	0.53772
-0.886625	0.369465
1.37303	0.138535
0.66689	0.110315
-0.647623	-0.725988
-0.810579	-0.491845
-0.462939	-0.385054
0.895029	0.457566
-0.571577	0.0615325
2.02486	0.478018
-0.343438	0.154403
0.351842	0.463267
-0.180482	0.138861
0.590844	0.281522
-0.636759	-0.0525162
0.297523	0.513779
2.63323	0.501956
3.53492	0.438639
-0.115299	0.489101
-0.0283893	-0.159513
-0.962671	-0.8106
-0.788851	-0.74223
3.19814	0.724826
0.449616	0.164076
-0.658487	0.444383
2.72014	0.469509
-0.213073	-0.0544318
-0.962671	-1.08111
1.23181	0.376744
1.23181	-0.0611805
-0.245664	0.170144
0.438752	0.481138
-0.484667	0.512072
0.134567	0.382337
-0.93008	-1.13538
1.3839	0.106115
-0.549849	0.341206
-0.441212	-0.0391199
2.28559	0.628854
0.971075	-0.223654
2.02486	0.386206
-0.973535	-0.830674
-0.908353	-1.26819
-0.441212	0.523351
-0.875761	-0.0949804
-0.506394	0.264542
-0.604168	0.402287
0.243204	0.0212767
1.79672	0.0532724
0.449616	-0.00536688
0.536525	0.564737
-0.723669	-0.302843
-0.0501168	0.28824
1.25353	0.315767
-0.799715	-0.105867
-0.332574	0.542455
2.1009	-0.0195216
0.471343	0.242486
-0.93008	-0.738988
-0.93008	0.14165
0.808119	0.0498758
-0.919216	-1.06215
-0.0501168	0.0368398
-0.452075	0.42205
0.330114	0.257757
-0.908353	0.280182
-0.40862	0.448075
-0.951808	-0.237603
-0.636759	0.310967
-0.66935	-0.433307
0.384433	-0.138656
-0.278255	0.147924
0.0367932	0.273494
-0.0175256	0.311989
0.92762	0.303251
0.297523	0.414425
-0.919216	-0.248777
0.960212	0.0805086
3.23073	0.389691
0.0693844	-0.373328
-0.289119	0.423391
0.297523	0.395612
-0.864898	0.0199558
0.960212	0.0787935
-0.854034	-0.531713
0.243204	0.723068
1.90536	0.358057
-0.864898	-0.551556
0.340978	-0.134074
-0.777988	-0.193895
0.623435	-0.159146
0.818983	0.320536
0.677754	0.229966
2.50286	0.432002
-0.0283893	0.107654
-0.93008	-0.256276
2.00313	0.452923
-0.680214	-0.26934
-0.332574	-0.0258208
-0.528122	0.070579
-0.615032	0.539755
0.340978	0.448044
-0.75626	0.533017
-0.14789	0.00680451
-0.441212	-0.301831
-1.02785	-1.18498
-0.832306	-0.33485
-0.332574	0.472346
0.829847	0.801065
4.74079	0.583388
0.732073	0.51476
0.623435	0.248259
-0.245664	-0.244721
0.308387	-0.911689
0.167158	0.138904
0.384433	0.365816
1.43822	-0.0121907
-0.636759	-0.427285
-0.951808	0.385155
-0.810579	-0.554525
-0.223937	0.588694
-0.32171	-0.179903
-0.973535	-0.648054
3.91515	0.481182
-0.397757	0.00393119
-0.75626	0.432626
-0.919216	-0.806458
0.178022	0.670241
-0.821443	-0.731572
0.0367932	0.188848
2.07918	0.493204
-0.875761	-0.0324965
1.55772	0.458507
-0.310847	-1.05611
1.54685	0.476439
-0.0283893	0.428276
-0.473803	-0.0220026
-0.473803	-1.2489
-0.810579	-0.20606
-0.58244	0.417809
-0.484667	-0.641325
0.0476569	0.273197
-0.886625	-0.483836
-0.854034	0.531548
0.0367932	-0.608893
0.330114	0.566607
-0.517258	0.5056
-0.40862	-0.0173361
-0.734533	0.0924176
-1.04958	-0.943994
0.210613	0.568431
-0.419484	-0.432879
-0.745396	-0.621917
-0.777988	-0.164708
-0.658487	-0.337906
0.514798	0.472734
0.0911119	0.204527
0.503934	-0.454613
0.145431	0.170631
-0.886625	-0.373658
-1.00613	-0.445647
2.22041	-0.135119
1.67722	0.868173
-0.951808	-0.868452
-0.484667	-0.165942
0.590844	0.222328
2.48114	0.265082
0.612572	0.264193
-0.32171	0.553679
-0.354302	0.647876
-0.886625	-0.12737
0.297523	-0.487936
0.297523	0.429119
0.254068	0.359292
1.48167	0.435567
-0.289119	0.353485
-0.376029	0.436556
-0.278255	0.170274
-0.506394	0.466525
-0.897489	-0.368781
0.938484	-0.0931597
-0.995263	-0.801019
0.362706	0.0392682
-0.14789	0.0777962
-0.810579	0.218424
-0.66935	-0.52292
0.851574	0.295604
-0.452075	-0.0334236
-0.0718443	0.181324
-0.2348	0.319345
0.167158	-0.163777
1.39476	0.509786
0.275796	0.19491
-0.854034	-0.355965
1.61204	0.740685
0.384433	-0.23248
-0.278255	0.304725
-0.897489	-0.612731
-0.66935	-0.559425
-0.951808	-0.56925
1.39476	0.33788
-0.604168	-0.599264
-0.908353	-0.0851897
-0.712805	0.250586
-0.278255	0.575776
-0.832306	-0.888884
-0.908353	-0.785162
-0.615032	-0.151208
0.330114	0.380435
2.93741	0.20348
0.949348	-0.0363185
-0.191345	0.250652
0.92762	0.419783
-0.625895	0.357509
-0.604168	0.32632
-0.245664	0.669062
-0.864898	-0.390088
-0.0283893	0.495453
1.13403	0.438545
-0.213073	0.187639
-0.299983	-0.34386
-0.32171	-0.181061
1.47081	0.45149
0.66689	0.217019
-0.430348	0.379819
1.63376	0.679212
-0.810579	-0.348387
-0.875761	0.368624
-0.908353	-0.457094
1.44908	0.472502
-0.854034	0.178862
0.112839	0.275769
-0.452075	0.349879
-0.0175256	0.377655
1.63376	0.195635
-0.213073	-0.122813
1.94881	0.356138
-0.082708	0.47134
-0.973535	-0.2415
-0.560713	0.362724
-0.647623	0.179666
-0.278255	-0.0442109
-0.745396	-0.251161
-0.0609805	0.306843
-0.745396	0.115328
-0.0935718	0.403161
-0.039253	-0.465098
1.5034	0.104226
0.101976	0.0810368
-0.864898	-0.576242
-0.506394	-0.225616
-0.940944	-1.31638
-0.647623	0.269075
-0.984399	0.22098
-0.223937	-0.156582
-0.712805	-0.0990315
1.93795	0.336615
3.27419	0.483793
0.992803	0.193986
-0.58244	-0.00734458
-0.908353	-0.992096
0.514798	-0.295967
0.905893	0.439965
-0.680214	-0.0395372
0.0259294	0.525751
0.916757	0.394373
1.81845	0.340932
0.156294	0.22795
-0.0283893	0.122233
-0.680214	-0.612044
1.10144	0.138331
0.112839	0.246112
-0.691078	0.412873
-0.875761	-0.904602
0.612572	0.292195
0.0476569	0.114743
-0.767124	-0.608085
-0.919216	-0.381079
0.797255	-0.0560331
-0.951808	-0.711157
0.558253	0.0800456
1.42735	0.453524
0.818983	0.0689224
-0.58244	0.0119597
-0.397757	0.0339172
-0.919216	-0.803146
-0.940944	-0.618914
0.525662	-0.498166
-0.658487	-0.264778
0.275796	0.391159
0.818983	0.471862
0.482207	0.166286
-0.658487	-0.704733
-1.01699	-0.550575
2.12263	0.794944
-0.75626	-0.416331
0.482207	0.0982484
-0.777988	0.216967
-0.332574	0.0112746
-0.995263	-0.471055
-0.625895	0.315814
1.82931	0.445297
-0.126163	-0.139351
-1.01699	-0.153045
-0.223937	0.424134
-0.93008	-0.577022
-0.462939	-0.529398
-0.473803	-0.635918
1.72067	0.422321
0.449616	0.360266
0.558253	-0.0183275
0.297523	-0.390342
-0.636759	0.467428
0.710345	0.210835
1.72067	0.460772
0.742937	0.430403
-0.549849	0.0766789
-0.951808	-0.306614
-0.517258	0.0406029
0.895029	0.0532909
-0.93008	-0.287417
-0.441212	-0.0787373
-0.376029	0.0242429
-0.93008	-0.463539
-0.039253	0.104837
1.19921	0.347877
-0.821443	0.397311
-0.223937	0.399157
-0.973535	0.408385
0.275796	0.380389
-0.962671	-0.410088
0.438752	0.386254
1.48167	0.48427
-0.462939	0.131659
1.05799	0.36005
2.18781	0.406532
-0.951808	-0.472038
2.95914	0.774069
0.0259294	0.00319546
1.09058	0.145185
-0.484667	-0.129159
0.92762	0.677689
-0.951808	-0.316522
0.0911119	0.194294
-0.767124	0.604397
-0.528122	-0.56989
1.02539	0.50394
-0.245664	-0.12213
-0.908353	-0.525525
-0.419484	-0.256618
1.54685	0.500883
-0.625895	-0.588724
-0.723669	0.348751
1.10144	-0.394188
0.460479	0.411667
-0.386893	0.226401
-0.126163	0.154746
-0.864898	-0.591234
-0.777988	-0.581223
-0.973535	-0.15486
-0.854034	-0.544682
1.67722	0.293708
-0.875761	-0.528571
2.11177	0.221497
-0.104436	-0.0451963
-0.75626	0.266545
0.732073	0.0801912
-0.58244	-0.679313
0.992803	0.376623
0.188886	-0.329461
0.732073	-0.041629
-0.951808	-0.387343
-0.647623	0.410805
0.221477	-0.910957
-0.973535	-0.28682
0.786392	0.285522
-0.0609805	-0.28467
-0.506394	-0.55066
-0.615032	-0.493934
-0.962671	-0.752531
-0.299983	0.0325312
-0.680214	-0.329203
0.319251	0.035972
2.38336	0.138224
2.48114	0.473375
-0.951808	0.0353306
-0.202209	-0.0613432
-0.462939	0.0422577
-0.908353	0.381117
-0.419484	-0.112268
-0.625895	-0.359723
0.721209	0.517599
-0.680214	-0.584846
-0.919216	0.370256
-0.484667	-0.31627
-0.2348	-0.522019
-0.940944	-1.10572
-0.115299	-0.0816882
-0.40862	-0.560054
0.0476569	-0.535765
1.99227	0.617711
0.460479	0.100132
0.232341	0.371466
-0.951808	-0.506635
-0.49553	-0.236295
-0.571577	0.0908503
-0.908353	-0.415814
1.41649	0.845251
-0.93008	-0.782136
1.67722	0.380623
-0.962671	-0.56138
-0.299983	0.182523
-0.419484	-0.437582
2.66582	0.648438
-0.897489	-0.996153
-0.58244	-0.308147
-0.169618	0.24988
1.00367	0.576595
-0.484667	-0.0265836
-0.875761	-0.0543521
-0.310847	0.0461157
-0.267392	0.0349889
0.590844	0.684457
-0.875761	0.249436
2.00313	0.529882
0.656027	0.286382
0.101976	0.396017
0.210613	0.567654
-0.66935	-0.542318
-0.962671	-0.268019
-0.647623	-0.20442
0.395297	0.140788
-0.75626	-0.059964
-0.267392	-0.841943
0.634299	0.395709
-0.58244	0.13256
-0.691078	-0.132047
-0.397757	0.330358
-0.777988	-1.09593
0.178022	0.484894
-0.0175256	0.415867
-0.549849	0.522312
0.66689	0.0897594
0.623435	0.450149
1.44908	0.471178
-0.376029	0.347857
0.373569	0.48049
-0.571577	-0.348381
-0.962671	0.239911
-0.799715	0.143727
1.22094	-0.194275
0.547389	0.182463
-0.0935718	-0.0432298
-0.908353	-0.505368
1.04712	0.395935
0.645163	0.184172
1.10144	0.739287
-0.58244	-0.830768
-0.365165	-0.175178
-0.49553	0.13833
-0.289119	-0.211245
0.406161	0.179674
-0.202209	0.407509
-0.821443	-0.0987342
-0.66935	-0.210021
-0.680214	0.107309
0.123703	0.301232
-0.951808	-0.145053
-0.875761	-0.728029
-0.864898	-0.388126
-0.886625	0.403882
-0.680214	0.461245
-0.864898	-0.169331
-0.886625	-0.734038
2.33991	0.480845
-0.538985	0.32692
0.417024	-0.519555
-0.940944	0.281854
-0.84317	-0.694107
4.05638	-0.0174899
-0.951808	-0.510617
-0.66935	-0.0633738
-0.267392	-0.216186
-0.430348	0.0639347
0.981939	0.0925916
-0.658487	0.17878
0.884165	0.858186
-0.2348	-0.173156
0.547389	0.243772
0.134567	-0.203857
1.82931	-0.0633644
-0.354302	-0.0656947
-0.897489	-0.915578
0.373569	-0.295582
-0.202209	0.181731
0.0476569	0.486326
1.93795	0.480944
0.503934	0.416909
-0.973535	0.395505
-0.854034	-0.243073
-0.549849	-0.39281
-0.549849	0.0772113
0.308387	0.59225
0.308387	0.239242
-0.104436	0.284499
0.0150657	0.542465
-0.647623	0.498022
-0.886625	-0.786797
-0.462939	0.313908
1.91622	0.466792
0.00420194	-0.399027
0.232341	0.453773
-0.039253	0.1452
-1.01699	-0.658481
-0.723669	-0.314983
0.66689	0.264444
1.06885	-0.0524789
-0.832306	-0.340019
-0.0175256	-0.0904274
1.18835	-0.410429
-0.93008	-0.31051
-0.49553	0.25241
-0.571577	-0.0585026
-0.919216	-0.463598
-0.919216	-1.07655
-0.191345	-0.383838
-0.528122	-0.583854
-0.66935	0.110309
-0.723669	-0.306295
0.264932	-0.322768
-0.549849	-0.145744
0.775528	0.0873182
-0.560713	0.598014
2.53545	0.480283
-0.039253	0.398591
-0.484667	-0.382319
2.56805	0.426338
-0.799715	0.361054
0.895029	0.71031
0.384433	-0.477564
1.34044	0.415536
-0.213073	0.0948484
-0.647623	0.280765
-0.864898	-1.10978
-0.376029	0.257649
-0.973535	0.0346045
-0.680214	-0.0819774
0.460479	-0.00279116
-0.473803	0.0337413
-0.506394	0.189692
-0.462939	-0.0268548
1.77499	0.518903
0.156294	0.0743214
-0.788851	0.187572
0.7538	-0.293611
0.0911119	0.502444
-0.365165	0.714912
-0.810579	0.40519
2.57891	0.241937
-0.082708	-0.961185
-0.104436	0.37417
0.254068	-0.446051
-0.745396	0.106816
-0.593304	-0.660859
0.167158	0.241776
-0.354302	-0.0468657
-0.32171	0.179721
-0.680214	-0.731061
0.656027	0.723919
-0.962671	-1.00904
1.47081	0.556469
-0.441212	0.405651
0.156294	-0.0876853
1.02539	0.497312
0.101976	0.07056
-0.995263	-0.298059
-0.430348	-0.076901
0.101976	-0.596681
-0.875761	0.0669379
2.57891	0.551473
-0.32171	0.464984
0.101976	0.455097
-0.278255	-0.0603791
-0.919216	-0.707577
0.340978	0.379685
-0.995263	-0.702797
3.30678	0.532934
1.29699	0.336625
1.16662	0.590153
-0.962671	-0.824415
1.51426	0.520815
-0.788851	0.246054
-0.658487	0.0683785
-0.919216	-1.03327
-0.93008	-1.56955
-0.951808	-0.592744
-0.712805	-0.2479
0.57998	0.679863
-1.01699	-0.595714
-0.473803	0.0918001
-0.082708	0.281304
-0.039253	0.0386974
0.00420194	0.0858013
-0.745396	-0.381072
0.330114	0.0915188
-0.75626	-0.134722
-0.278255	0.365411
0.482207	-0.295548
1.03626	0.327893
-1.04958	-0.895745
0.92762	-0.325694
-0.712805	-0.721909
-0.680214	-1.13577
-0.213073	0.10482
-0.473803	-0.0494503
0.308387	0.399296
0.623435	0.160589
-0.995263	-0.353821
-0.082708	-1.28091
-0.104436	0.645232
1.6229	0.227524
-0.886625	-0.22301
2.81791	0.517084
0.101976	0.0587367
-0.441212	-0.0017811
-0.658487	0.373451
1.03626	0.27762
-0.343438	0.0250725
1.35131	0.675964
-0.40862	-0.0322668
-0.289119	-1.08134
-0.604168	-0.533436
-0.962671	-0.77876
0.101976	-0.223346
2.32904	0.554065
-0.039253	-0.318455
-0.538985	-0.885512
0.0476569	0.451603
0.243204	0.464602
-0.430348	-0.207744
0.243204	-0.0597493
-0.213073	0.363289
-0.723669	0.449727
-0.376029	-0.169693
-0.213073	-0.0548559
-0.49553	0.0774335
-0.919216	0.185253
0.221477	-0.0878812
-0.951808	-0.060243
-0.115299	0.0421907
-0.278255	0.109092
1.79672	0.384425
-0.93008	-0.407813
1.19921	-0.00697244
1.48167	-0.0908351
0.395297	0.449809
-0.332574	0.417686
3.23073	0.788375
-0.854034	0.424773
-0.788851	-0.398467
3.52406	0.704924
-0.908353	-0.616724
0.362706	0.394183
0.319251	0.12256
1.16662	0.365301
0.569117	-0.0620354
0.101976	0.0768438
-0.58244	-0.382185
1.7424	0.532255
0.7538	-0.0764141
-0.0718443	0.151657
-0.723669	-0.427773
-0.2348	-0.203377
-0.223937	0.316215
-0.951808	-0.700299
0.482207	0.370038
0.721209	0.0140116
0.340978	-0.0604567
2.09004	0.604717
-0.386893	-0.226421
-0.430348	-1.98114
1.17749	0.436155
-0.973535	0.0152771
-0.810579	-0.30314
-0.647623	-0.137958
-0.14789	0.360653
-0.039253	0.519027
-0.745396	-0.449788
-0.940944	0.167347
-0.897489	-0.401727
2.86137	0.476043
-0.0935718	0.14205
-0.202209	0.364461
-0.354302	0.38853
0.57998	0.450732
-0.256528	-0.358744
2.44854	0.222604
-0.158754	0.504938
1.75326	0.410666
-0.256528	0.095303
0.264932	0.505997
-0.962671	-1.1456
-0.647623	-0.367783
-0.473803	0.364871
-0.788851	-0.730533
0.612572	0.365718
-0.354302	-0.488062
-0.767124	-0.634186
-0.32171	-0.0282922
0.134567	0.369525
-0.854034	-0.715711
-0.441212	-0.681899
0.808119	0.53106
0.514798	0.63403
-0.571577	-0.196391
0.384433	-0.0649045
-0.49553	0.0533592
-0.788851	-0.128971
0.362706	0.0626737
-0.832306	0.177528
-0.962671	-1.07447
-0.289119	0.521716
-0.58244	-0.392629
0.308387	-0.267672
0.438752	-0.125235
0.829847	-0.102877
-0.886625	-0.893288
0.514798	0.285481
1.18835	0.670795
-0.245664	-0.0205833
-0.180482	-0.0136748
-0.951808	0.234027
0.742937	0.194068
-0.919216	-0.763971
0.49307	0.564844
-0.40862	0.492626
1.88363	0.209804
0.188886	0.332887
0.742937	0.323289
-0.886625	0.0151159
-0.462939	-0.264901
4.20847	0.51479
0.373569	-0.0355667
-0.723669	-0.251622
0.808119	0.32217
0.916757	0.156004
0.101976	0.403972
-0.32171	-0.194467
-0.821443	-0.228488
3.58924	0.472272
2.99173	0.261015
1.54685	0.516866
-0.897489	-0.75294
1.88363	0.17958
-0.973535	-0.926785
0.938484	0.361828
-0.799715	0.386054
0.167158	0.512909
-0.93008	-0.355129
-0.919216	-0.364522
1.67722	0.269444
-0.49553	0.577119
-0.49553	-0.182026
1.5034	0.486335
0.710345	-0.0062814
0.340978	0.447631
2.53545	0.312504
0.818983	0.543809
-0.973535	-0.823951
2.88309	-0.0186475
-0.549849	-0.335055
0.645163	0.0362825
-0.962671	-0.457193
-0.821443	-0.543129
-0.191345	0.309078
0.319251	0.214202
-0.245664	-0.16979
-0.256528	-0.347201
0.395297	0.373647
0.210613	0.214967
-0.897489	-0.629402
2.76359	0.391743
0.0911119	-0.965259
-0.571577	0.127948
1.40563	0.284981
-0.419484	0.458955
-0.343438	-0.516565
0.0476569	0.362748
-0.647623	-0.0143269
2.23127	0.426283
1.09058	0.551702
0.210613	0.514414
-0.951808	-0.741023
-0.886625	-0.520898
2.35077	0.578428
0.721209	0.121845
-0.919216	-0.710056
-0.962671	-0.446056
-0.245664	-0.69325
-0.864898	0.240856
0.547389	0.426051
2.30732	0.59497
0.66689	0.0573321
-0.908353	-0.383087
-0.854034	-0.211473
1.79672	0.421274
-0.365165	-0.451143
0.264932	0.346871
-0.2348	0.358448
1.1449	0.26855
-0.712805	-0.00934262
-0.0501168	0.322153
-0.245664	0.175983
-0.2348	-0.375433
-0.560713	-0.299661
-0.538985	-0.134564
2.07918	0.480844
0.351842	-0.391972
0.00420194	0.530162
-0.940944	-0.745251
-0.549849	0.410417
-0.93008	-0.736234
0.373569	-0.369059
-0.75626	-0.0150283
0.612572	-0.0186672
0.0367932	0.27088
-0.484667	-0.710366
-0.973535	0.0258922
-0.788851	-0.23464
-0.995263	-0.804708
1.61204	0.806692
-0.908353	0.34339
-0.788851	-0.622833
0.558253	-0.279369
-0.0175256	0.298738
-0.571577	0.335204
-0.452075	-0.420599
-0.647623	0.325041
0.949348	0.597091
2.26386	0.159075
-0.473803	0.192994
0.0911119	0.0671483
-0.701942	0.533383
-0.452075	0.0324291
-0.767124	-0.35307
0.547389	0.214913
3.62183	0.282396
1.41649	0.269698
0.134567	0.305924
1.68808	0.401429
-0.625895	-0.121182
-0.680214	0.0982845
-0.832306	0.00708008
1.21008	-0.13459
0.373569	0.369295
-0.180482	0.0140257
-0.712805	0.337283
1.32958	0.322725
-0.267392	0.352362
0.49307	-0.28423
1.15576	0.210069
-0.810579	0.318717
-0.462939	-0.127917
-0.93008	-0.583316
-0.430348	0.245405
-0.0718443	0.35712
-0.528122	-0.356422
0.92762	0.388907
1.7424	0.423059
-0.32171	-0.231252
0.145431	0.0195086
-0.951808	-0.192393
0.721209	0.336331
-0.289119	0.480413
-0.386893	0.345236
1.2644	0.441051
-0.0501168	0.431278
-0.636759	-0.0246597
-0.734533	0.0175578
-0.93008	-0.735342
2.1009	-0.0767669
-0.462939	-0.616687
-0.691078	-0.392134
-0.66935	0.212765
-0.517258	-0.479708
0.264932	0.318479
0.677754	0.149989
-0.278255	0.211412
-0.799715	-0.182061
-0.723669	-0.130298
-0.386893	0.128726
1.44908	0.470842
-1.06045	-1.69041
-0.082708	0.380257
-0.0283893	0.495609
0.949348	0.451799
-0.886625	-0.254579
-0.528122	0.470587
-0.886625	-0.424305
-0.299983	-0.220636
-0.462939	-0.407873
-0.0283893	0.489265
-1.04958	-0.817917
-0.886625	-0.550631
-0.40862	0.501763
1.55772	0.624823
-0.593304	0.399703
-0.473803	0.08921
4.72993	0.759909
3.44801	0.724626
-0.723669	-0.706714
0.0585207	0.398499
-0.0501168	0.177892
-0.864898	-0.529122
-0.767124	-0.15138
0.873302	0.375387
-0.66935	-0.428564
0.514798	0.404244
-0.289119	-0.175529
-1.00613	-0.0740722
0.0693844	0.485513
-0.810579	0.00103255
-0.365165	0.253778
-0.32171	-1.01744
2.32904	0.514715
-0.636759	-0.958089
-0.951808	-1.33328
-0.745396	-0.129761
-0.593304	-0.250576
-0.680214	0.119631
0.188886	-0.428263
-0.777988	0.169034
-0.506394	-0.258947
-0.419484	0.0426853
-0.886625	-0.277298
3.25246	0.372472
0.0802482	-0.105385
0.981939	0.188269
0.330114	0.673259
-0.267392	-0.0110408
0.134567	0.30897
0.84071	0.374154
0.210613	0.5474
2.77446	0.473454
-0.962671	-0.147425
-0.875761	-0.623479
-0.647623	0.403901
0.264932	-0.446213
-0.549849	0.31873
-0.137027	0.296381
1.27526	0.197903
0.732073	-0.0930901
0.732073	0.481855
-0.310847	0.0275743
-0.32171	0.411233
-0.397757	0.282299
-0.180482	0.297548
-0.777988	-0.266739
0.243204	0.439656
-0.93008	-0.642627
-0.854034	-0.611002
2.43768	0.526705
0.971075	0.580585
-0.223937	0.0168274
-0.332574	0.342131
2.43768	0.46101
-0.66935	-0.377942
-0.245664	-0.554218
1.81845	0.252765
0.0259294	-0.0506004
-0.462939	-0.154238
-0.919216	0.183613
1.64463	0.499438
-0.0935718	0.375596
-0.919216	-0.322903
-0.2348	-0.339881
-0.951808	-1.00489
0.340978	0.630814
0.308387	0.0264159
-0.473803	-0.502626
1.66635	0.192871
-0.962671	-0.362447
1.87277	0.149789
-0.441212	-0.185762
0.873302	0.0195156
-0.473803	-0.462501
-0.169618	0.106511
1.49254	0.589749
1.49254	-0.193916
1.66635	0.614234
-0.897489	-0.878328
0.449616	0.042162
-1.01699	-0.916088
-0.962671	-0.0133103
0.340978	0.487986
-0.701942	-0.148093
-1.02785	-1.04465
-0.517258	-0.230962
-0.84317	0.434841
-0.984399	-0.557127
-0.636759	-0.633971
-0.875761	-0.460672
-0.137027	-0.0797555
-0.647623	0.129509
-0.951808	0.413956
-0.875761	-0.358927
0.699482	0.53956
-0.473803	0.344415
5.11016	0.535292
-0.745396	-0.371127
-0.419484	-0.407051
-0.995263	-1.6498
-0.93008	-0.976631
-0.951808	-1.18448
-0.517258	-0.151533
0.688618	0.0270583
-0.973535	-0.105819
-0.169618	-0.388822
-0.647623	-0.711766
-0.202209	0.151622
-0.84317	0.57503
-0.343438	0.325863
-0.310847	0.351178
-0.875761	-0.340804
-0.082708	0.176149
4.07811	0.252806
-0.115299	-0.127442
0.482207	0.0381204
0.286659	0.254372
0.417024	0.0506981
0.427888	-1.05973
-0.864898	-0.233599
-0.788851	-0.926525
-0.908353	-1.23672
-0.430348	0.339649
-0.430348	-0.193411
0.199749	-0.216537
0.330114	-0.258248
-0.299983	-0.436631
0.558253	-0.183653
2.69841	0.459577
-0.680214	0.568184
-0.115299	0.0685811
-0.14789	-0.850313
0.221477	0.542934
-0.0175256	0.667603
-0.854034	-0.177689
-0.854034	-0.170598
0.330114	0.207622
-0.93008	0.11475
-0.799715	-0.290124
2.00313	0.356139
-0.560713	0.383227
-0.299983	-0.330056
0.362706	0.350266
-0.788851	-0.410798
-0.213073	0.23191
0.688618	0.118761
2.30732	0.147622
-0.0718443	0.522011
-0.126163	0.149468
-0.875761	0.327658
-0.484667	-0.318591
0.710345	-0.161032
-0.951808	-1.04162
-0.93008	-0.196487
-0.462939	-0.638045
0.319251	0.819478
1.49254	0.046343
0.254068	0.248838
-0.973535	0.47297
0.0367932	0.329068
0.384433	-0.102294
0.710345	0.724138
0.797255	0.400361
0.286659	0.272781
0.449616	0.292811
0.656027	0.361903
-0.354302	0.217911
2.79618	0.605475
-0.376029	0.235148
-0.169618	0.577457
0.264932	0.260494
-0.365165	-0.110816
-0.886625	-0.319352
2.81791	0.616875
-0.767124	0.0986868
-0.32171	-0.326164
-0.549849	0.00344828
-0.701942	0.359088
-0.137027	0.465592
1.1449	0.41425
-0.462939	0.276926
-0.430348	-0.078843
-0.984399	0.0169299
0.84071	0.43817
0.688618	0.22533
3.68701	0.736347
-0.462939	-0.659824
0.482207	0.583653
-0.115299	0.0621301
-0.473803	0.0817002
1.28612	-0.0996414
-0.354302	0.423123
0.0476569	0.189909
-0.386893	-0.0266698
-0.810579	-0.165099
-0.538985	-0.131591
2.90482	0.541091
0.362706	0.414962
-0.995263	-0.564438
0.178022	0.530496
3.74133	0.740781
-0.0283893	-0.118081
0.101976	0.213599
-0.647623	0.360319
-0.886625	-0.662521
-0.343438	-0.099851
-0.636759	0.0474153
-0.984399	-0.965081
-0.832306	-0.49704
0.264932	0.0884446
-0.908353	-1.12077
0.851574	0.633252
0.0911119	-0.214193
0.84071	0.514739
-0.799715	-0.540475
-0.75626	-0.842475
-0.245664	0.299981
-0.213073	0.501462
-0.93008	-0.303431
-0.2348	-0.118506
0.254068	0.413789
-0.0718443	-0.0432671
-0.49553	-0.349147
-0.625895	-0.959056
-0.995263	-0.881412
-0.951808	-0.365416
-0.951808	-0.246251
-0.962671	-0.694226
-0.202209	0.262163
-1.00613	-1.10657
-0.995263	-0.8847
1.12317	0.211957
0.417024	0.562802
2.67668	0.432001
0.00420194	0.0148298
2.60064	0.293858
-0.647623	0.146477
3.19814	0.620675
2.38336	0.287517
0.0802482	0.454187
-0.538985	0.0145842
2.44854	0.709002
-0.908353	-0.788212
0.0150657	0.782651
0.862438	0.283923
-0.517258	-0.276622
-0.734533	0.0603842
-0.854034	-1.36895
1.39476	0.527443
1.02539	0.543598
-0.691078	0.123851
-0.506394	-0.197378
-0.745396	-0.34377
-0.864898	-0.366972
-0.940944	-0.575429
-0.908353	-0.583738
0.862438	0.397141
-0.560713	-0.523313
-0.875761	-0.141418
-0.810579	0.130562
0.319251	0.386893
1.81845	0.200001
-0.549849	0.174224
-0.712805	-0.485202
-0.940944	0.626182
-0.441212	-0.160222
0.0585207	0.475544
0.482207	0.136008
-0.310847	-0.478524
-0.506394	-0.130248
-0.701942	-0.834476
-0.951808	0.0453603
-0.180482	0.318183
-0.49553	-0.186038
0.221477	-0.701628
-0.93008	-0.705178
0.873302	0.634128
0.503934	-0.767655
-0.32171	0.489126
-0.647623	0.271611
0.112839	0.194992
0.0911119	-0.015413
0.0367932	-0.0536661
0.808119	0.146849
-0.788851	0.196898
0.351842	-0.0829062
-0.93008	-0.622089
-0.158754	-0.736813
-0.821443	0.205265
-1.02785	-0.678598
-0.593304	-0.883046
0.764664	0.521619
2.70927	0.066731
0.710345	-0.189795
-0.256528	-0.437351
-0.886625	0.316997
-0.593304	-0.232675
0.188886	0.198936
-0.951808	-0.735969
0.112839	0.0773204
-0.908353	0.0804829
-0.202209	-0.089777
-0.430348	-1.26151
1.69895	-0.331692
-0.919216	-0.564534
-0.854034	0.446708
-0.897489	-0.699561
-0.951808	-0.28714
1.42735	0.48427
3.27419	0.637884
1.23181	0.238563
0.0585207	-0.491077
-0.701942	-0.408519
-0.93008	-0.618983
-0.039253	0.493744
2.93741	0.725961
-0.886625	-0.337282
1.64463	0.107295
0.460479	0.172773
1.25353	0.436973
-0.49553	0.333215
-0.93008	-0.379735
0.482207	-0.129674
-0.310847	-0.087005
-0.84317	0.434183
-0.354302	-0.562639
-0.2348	0.0777581
-0.984399	-0.634977
-0.864898	0.263529
2.16609	0.489133
0.406161	-0.707174
-0.810579	-0.932371
-0.430348	0.551296
-0.560713	0.354375
-0.419484	0.670001
1.06885	0.287677
-0.202209	-0.690842
0.167158	0.121047
0.0802482	0.25805
1.2644	0.444658
1.01453	0.0619968
1.22094	0.508244
-0.919216	-0.394956
1.60117	-0.013575
-0.430348	-0.129913
-0.951808	-0.747287
0.536525	0.502166
1.54685	0.672464
-0.419484	-0.428558
-0.202209	0.125685
-1.01699	-0.571181
0.547389	0.604531
0.417024	-0.28265
-0.039253	0.115965
0.0259294	-0.00281921
-0.473803	0.301061
-0.223937	-0.508484
-0.593304	0.583318
0.362706	0.173551
-0.886625	-0.472096
1.17749	0.223839
1.12317	-0.293947
1.21008	0.3313
-0.0283893	0.351336
-0.289119	0.0985232
1.79672	-0.732639
-0.897489	-0.48203
-0.169618	0.238073
-0.864898	0.17746
0.656027	0.684683
-0.723669	-0.72572
2.31818	0.552253
0.243204	-0.577465
1.22094	-0.0891867
-0.615032	0.213085
-0.701942	-0.923749
1.16662	0.277029
-1.02785	-0.561852
-0.549849	0.395479
-0.810579	-1.14938
-0.908353	-0.284748
0.123703	0.39964
-0.658487	0.252327
1.30785	-0.137063
-0.84317	0.348853
-0.289119	0.199503
-0.332574	-0.124257
-0.810579	0.380239
-0.886625	-0.58286
0.449616	-0.088231
2.24213	0.361452
-0.799715	-0.516826
-0.93008	-0.266269
0.112839	0.300075
-0.875761	-0.347696
-0.299983	-0.714047
-1.00613	-0.809422
-0.158754	0.0217575
-0.647623	-0.455853
-0.528122	0.297658
0.797255	0.759169
1.21008	0.307102
0.0150657	0.450438
-0.32171	0.233231
0.656027	0.497611
-0.886625	-0.553578
-0.169618	0.423141
2.28559	0.403444
2.06831	0.27854
0.471343	0.390865
0.199749	0.180605
-0.799715	-0.534592
-0.126163	0.448727
3.20901	0.378166
2.53545	0.419422
-0.419484	-0.308706
-1.00613	-0.813407
-0.560713	-0.288075
1.90536	0.0703589
-0.0283893	0.343387
0.0150657	-0.558571
0.00420194	-0.166481
-0.962671	-0.27971
-0.832306	-0.325835
-0.995263	-0.776134
-0.180482	0.0663009
-0.767124	-0.76247
-0.386893	-0.439795
0.101976	-0.939775
-0.00666181	0.234386
0.601708	-0.00882842
0.57998	-0.34368
2.44854	0.601932
-0.0175256	-0.0763004
-0.658487	-0.155364
1.39476	0.563401
-0.691078	-0.232627
-0.832306	-1.07296
-0.940944	-0.350325
-0.93008	-1.13612
-0.0935718	0.217408
-0.875761	-0.111017
-0.788851	-0.473787
0.199749	0.00783085
-0.734533	-1.53949
-1.00613	-1.29892
0.634299	0.311045
0.590844	0.478778
-0.32171	-0.3784
0.112839	-0.432403
0.92762	0.509402
0.732073	-0.0776658
-0.0718443	0.500628
-0.799715	-0.150904
0.873302	-0.0244936
1.85104	0.592787
-0.973535	-0.358135
-0.517258	0.242919
0.57998	-0.441569
2.56805	0.524042
1.16662	0.288625
-0.549849	-0.181184
2.57891	0.353239
-0.897489	-0.804729
0.634299	0.387828
0.0911119	0.519206
-0.223937	-0.126539
-0.984399	-1.31655
-0.615032	0.573785
0.145431	0.154272
-0.919216	-0.623756
0.0150657	-0.111366
0.199749	0.494692
6.53331	0.749647
-0.919216	-0.437064
-0.940944	-0.290367
-0.538985	-0.495098
-0.202209	0.247625
-0.473803	0.0195697
-0.691078	-0.871442
-0.506394	-0.600367
1.04712	0.413245
-0.951808	-0.345695
0.167158	0.419389
-0.538985	-0.708462
-0.723669	0.474165
-0.886625	-0.380903
0.0585207	-0.497315
-0.299983	0.262712
0.960212	0.63702
-0.66935	0.574072
2.97	0.387498
-0.32171	0.09189
-0.441212	-0.811126
0.558253	0.19256
-0.940944	-0.851571
-0.973535	-0.330194
-0.245664	0.0725006
0.569117	0.212112
-0.734533	0.368248
0.00420194	0.101673
-0.886625	-0.375826
0.938484	0.166165
1.1123	-0.0763475
0.57998	-0.279439
-0.897489	-0.153026
-0.875761	-0.690388
-0.615032	0.474923
-0.886625	-0.755322
5.52298	0.596437
-0.452075	0.508332
-0.625895	-0.0206877
0.514798	0.376321
0.677754	0.648651
0.471343	0.123518
0.0476569	-0.220282
0.438752	0.485837
-0.115299	-0.614623
0.960212	0.390937
-0.745396	-0.392012
-0.082708	0.339259
-0.919216	-0.603887
-0.169618	-0.110421
-0.636759	-0.893311
-0.593304	-0.291219
1.7424	0.626449
-0.354302	-0.673441
0.895029	0.127601
2.35077	0.755889
-0.202209	0.188426
-0.66935	-0.0208703
-0.864898	0.334112
-0.810579	-0.431054
0.797255	-0.235276
-0.680214	-0.664101
0.49307	0.312687
-0.137027	0.504865
-0.549849	-0.143453
0.688618	0.593333
4.31711	0.372924
-0.821443	0.0310856
0.330114	0.474986
-0.691078	0.554605
2.83964	0.66609
-0.256528	-0.985301
1.1123	0.173163
-0.40862	-0.305732
1.28612	0.303669
1.17749	-0.107884
-0.93008	0.227956
0.971075	0.34059
-0.875761	-1.54376
-0.538985	-0.0588251
-0.680214	-0.312618
0.808119	0.750221
-0.832306	-0.619737
-0.441212	-0.634075
-0.32171	0.205263
-0.864898	0.0440955
-0.93008	-0.862071
0.362706	0.561596
2.12263	0.591815
-0.2348	0.113252
-0.625895	-0.0660187
-0.691078	-0.268422
-0.75626	0.102174
-0.528122	0.0615473
-0.886625	0.271423
2.00313	0.67242
0.101976	0.457647
1.40563	0.244521
0.873302	0.627294
0.308387	-0.657791
-0.864898	-0.637724
0.0476569	0.429821
-0.84317	0.215622
0.895029	0.0350495
0.178022	-0.00646914
0.0259294	-0.417348
-0.213073	-0.422589
-0.745396	-0.623385
-0.940944	-1.1602
0.699482	0.27648
0.145431	0.42785
-0.723669	-0.526911
-0.538985	-0.617214
0.514798	0.507774
-0.191345	-0.0174906
-0.58244	0.268303
1.97054	0.330175
1.76413	0.475098
0.471343	-0.350272
-0.213073	0.285214
0.547389	0.0605517
-0.202209	-0.397943
-0.919216	-0.343628
-0.788851	-0.151796
-0.886625	0.010469
-0.441212	0.0400915
0.0911119	0.480925
-0.799715	0.505301
-0.0609805	0.331977
-0.940944	0.467954
0.210613	-0.346204
-0.506394	-0.275213
-0.864898	0.209384
-0.538985	0.350989
0.0911119	0.0318324
-0.66935	0.36513
-0.919216	0.441548
-0.919216	-0.705781
-0.14789	0.219863
-0.636759	0.032675
-0.908353	-1.06577
-0.995263	-0.583181
-0.386893	0.280289
2.12263	0.499456
-0.365165	-0.531495
-0.365165	-0.124726
-0.973535	-0.195375
2.88309	0.0955683
-0.908353	-0.726859
0.992803	0.472748
1.88363	0.481469
0.916757	-0.102519
1.59031	0.461602
1.1449	0.0854935
-0.886625	-0.50863
-0.137027	0.320512
0.134567	-0.0607573
0.417024	-0.0569293
-0.919216	-0.273417
0.254068	0.147245
-0.0501168	0.284308
-0.213073	-0.204131
3.30678	0.404121
-0.680214	-0.443513
-0.549849	0.440213
0.0585207	0.344195
-0.984399	-0.66764
-0.962671	0.399666
-0.462939	-0.189526
-0.484667	0.0839596
0.0911119	0.28319
0.178022	-0.511166
0.254068	0.404027
-0.0283893	-0.248994
-0.58244	-0.0805656
1.30785	0.39169
-1.02785	-0.335333
2.76359	0.641504
-0.995263	-0.485417
-0.126163	0.344315
0.699482	0.627034
0.0585207	0.498755
-0.538985	0.168152
-0.169618	0.27062
-0.701942	0.117322
-0.397757	0.0711696
1.64463	0.512561
-0.625895	-0.213688
-0.593304	-0.191977
-0.0609805	-0.119771
-0.832306	-0.771882
0.0476569	0.252088
-0.343438	0.344395
-0.940944	-0.552041
-0.473803	0.0587603
0.818983	0.371582
-0.517258	-0.703391
-0.897489	0.34528
-0.213073	0.505507
-0.32171	0.347481
0.308387	0.424717
0.938484	0.342681
-0.082708	0.598608
-0.908353	-1.69103
1.28612	0.609439
-0.691078	-0.0699416
-0.799715	-0.191679
-0.810579	-0.713531
-0.897489	-0.487018
-0.777988	-1.07839
0.710345	0.807882
-0.93008	0.0954189
-0.875761	-0.407034
-0.180482	0.189765
0.569117	-0.227142
-0.560713	-0.331579
-0.777988	0.400919
-0.84317	-0.16396
-0.897489	-0.777592
0.188886	0.0608404
-0.473803	0.296684
-0.691078	-0.0551161
-0.875761	-0.00858022
-0.115299	0.269351
1.3839	0.551834
-0.93008	-0.33577
0.634299	0.235496
0.0259294	0.332392
0.199749	0.0574817
0.00420194	-0.334229
-0.473803	0.112414
-0.66935	0.0953182
-0.962671	-0.539189
1.56858	0.283283
-0.299983	0.512752
0.373569	0.341671
-0.951808	-1.7221
-0.452075	-0.437519
-0.864898	-1.0241
-0.984399	-0.293026
0.362706	0.328526
-0.625895	-0.0528322
-0.93008	-1.02801
-0.691078	0.268251
1.8619	0.243783
-0.462939	-0.504181
0.0911119	0.483256
-0.549849	0.280205
0.308387	0.134621
-0.604168	-0.26671
3.49146	0.520061
1.53599	0.323394
-0.376029	0.18936
0.384433	0.15906
-0.875761	-0.110773
-0.49553	-0.579131
-0.506394	0.0680684
-0.615032	-0.504445
-0.908353	0.114757
-0.14789	-0.609514
-0.506394	-0.419997
-0.40862	-0.433485
-0.886625	-1.3372
-0.376029	-0.241728
-0.49553	-0.0824302
-0.84317	-0.485916
-0.0609805	0.00191027
-0.886625	-0.686186
0.742937	0.174978
-0.0501168	0.11786
2.19868	-0.0851703
2.02486	0.551215
-0.886625	-0.353834
-0.441212	-0.0393946
0.199749	0.0174362
2.492	0.519694
0.851574	0.774693
-0.658487	0.0423022
3.54578	0.776655
-0.723669	-0.0811922
-0.430348	0.0725766
-0.278255	0.399466
-0.951808	-0.539198
-0.832306	-1.19821
0.57998	0.173836
1.35131	0.441295
-0.745396	0.506957
-0.777988	-0.884505
-0.0283893	0.444252
-0.625895	0.4049
0.992803	0.167494
-0.267392	-0.403311
-0.289119	0.436896
0.362706	0.416598
-0.832306	-0.376432
-0.365165	0.446348
-0.875761	-0.920163
-0.2348	0.211742
-0.908353	-0.321282
-0.875761	0.0756303
0.438752	0.506422
-0.886625	0.281122
-0.104436	-0.0418837
-0.517258	-0.944733
-0.940944	-0.46899
-0.278255	0.60229
-0.93008	-0.417541
0.254068	0.225299
-0.604168	-0.578519
-0.484667	-0.526551
-0.158754	0.10237
-0.169618	-0.307294
-0.40862	-0.344705
0.210613	0.294915
2.48114	0.151589
-1.04958	0.375332
0.417024	0.112517
-0.0283893	-0.158878
-0.386893	-0.427022
0.57998	0.48908
-0.343438	-0.0709943
0.66689	0.125377
-0.343438	0.142912
-0.538985	-0.00472325
1.37303	0.338835
-0.202209	0.400755
1.05799	0.161158
1.28612	0.522681
1.5034	0.146088
-0.951808	-1.09488
-0.256528	0.240262
-0.93008	-0.00506593
1.91622	0.312949
-0.278255	-0.395355
0.178022	0.341227
0.699482	-0.144075
0.275796	0.352381
3.80651	0.484858
-0.908353	-1.33658
-0.462939	0.281948
-0.213073	0.444273
-0.864898	-0.249329
-0.137027	-0.115099
-0.2348	0.18236
0.623435	0.113886
-0.886625	0.431726
1.8619	-0.17981
-0.832306	-0.9004
-0.897489	-0.0387685
-0.864898	-0.84106
-0.278255	-0.826649
0.514798	0.255576
0.514798	0.237993
-0.560713	0.36739
0.656027	0.401189
0.57998	0.466696
-0.441212	0.355011
-0.126163	0.0197818
-0.767124	-0.94212
0.656027	-1.03083
1.8619	-0.17017
0.851574	-0.224782
-0.777988	-0.188521
-0.734533	-0.242764
-0.256528	0.21539
0.167158	-0.0910921
-0.223937	0.492457
1.77499	0.375263
-0.788851	-0.163494
-0.767124	-0.581593
-0.245664	0.587077
-0.908353	-0.273312
-0.745396	0.413738
-0.245664	0.390698
-0.506394	0.213517
-0.995263	-0.578155
0.84071	0.437428
-0.973535	-1.56935
-0.75626	-0.660171
0.84071	0.704749
-0.49553	0.296626
-0.897489	-0.428842
-0.593304	0.10396
-0.14789	0.313615
-0.49553	0.526795
1.21008	0.0589197
0.851574	0.0669225
1.36217	-0.240523
0.167158	-0.49419
-0.256528	0.520233
-0.984399	0.241804
-0.0501168	0.236228
-0.419484	0.304691
-0.0283893	0.0600765
-0.58244	0.307964
1.5034	0.542092
-0.908353	0.0856782
0.112839	0.0306214
-0.115299	-0.108831
3.18728	0.462218
0.384433	0.572716
-0.506394	-0.232317
-0.832306	0.52249
-0.506394	-0.0365483
0.471343	0.434614
-0.984399	-1.35811
0.101976	0.154969
-0.615032	0.448317
-0.615032	0.568872
-0.32171	-0.1657
0.123703	0.10963
-0.473803	-0.113878
0.0150657	0.222024
-0.0501168	0.271424
-0.940944	-0.579122
-0.00666181	-0.365105
-0.528122	-0.102098
1.72067	0.38209
0.688618	0.466742
2.64409	0.444381
-0.462939	-0.557729
-0.0609805	0.539615
-0.549849	0.343025
0.0150657	0.57067
0.482207	-0.0450227
-0.115299	-0.160011
-0.712805	0.273511
-0.680214	-0.515826
0.829847	0.168334
-0.777988	0.06908
-0.386893	0.112084
-0.332574	-0.0363982
-0.604168	-0.0622897
-0.680214	0.478012
-0.832306	-0.707257
-0.14789	0.417755
-0.897489	0.016344
-0.191345	-0.307464
-0.528122	-0.180925
-0.919216	-0.15947
-0.441212	-0.11342
-0.462939	0.0982607
-0.636759	-0.189992
-0.701942	0.502816
-0.00666181	-0.379744
0.525662	0.156715
-0.571577	0.518766
1.36217	0.423855
-0.84317	0.0694434
1.1123	-0.00597461
0.623435	0.219845
-0.180482	0.391748
-0.897489	-0.257285
-0.158754	-0.332435
-0.506394	-0.309386
-0.723669	-0.212583
-0.908353	0.285858
-0.75626	0.100572
-0.571577	0.449977
-0.799715	-1.12787
-0.767124	0.161751
-0.256528	-0.026802
-0.386893	0.0609218
-0.549849	0.141746
-0.538985	0.418848
-0.832306	-0.312721
0.677754	0.310392
-0.636759	0.229464
-0.223937	-0.676063
-1.01699	-0.286046
0.514798	-0.467068
-0.430348	0.312348
-0.984399	-1.04871
0.340978	0.225023
-0.691078	-0.471592
1.23181	0.267958
0.134567	0.259594
-0.58244	-0.348473
-0.897489	0.292431
0.601708	0.632937
-0.951808	-0.765115
0.525662	0.66074
-0.821443	-0.122487
-0.66935	-0.0747826
-0.854034	0.108431
0.916757	0.0502722
-0.864898	-0.861024
-0.864898	-0.508078
0.601708	0.435672
0.0693844	-0.602059
-0.864898	-0.371003
-0.940944	-1.31746
-0.58244	0.483199
-0.810579	0.228366
-0.354302	-0.176173
0.710345	0.579333
-0.528122	0.177629
-0.712805	0.221875
0.264932	0.519605
-0.604168	-0.0573145
-0.289119	0.273213
-0.864898	-1.52132
-0.538985	-0.430181
-0.332574	0.527956
-0.452075	0.106495
0.590844	0.516496
2.68755	0.502367
-0.560713	-0.412615
-0.712805	0.634988
-0.0283893	0.242922
1.32958	0.396211
-0.343438	-0.506344
-0.984399	0.0827965
-0.701942	0.261573
-0.213073	0.261501
-0.430348	-0.21045
-0.49553	-0.0453326
0.536525	0.557305
-0.00666181	0.110558
-0.973535	-0.232176
0.873302	0.620013
-0.517258	0.442074
-0.180482	-0.455126
-0.908353	-0.228774
0.232341	0.343845
0.960212	-0.177751
-0.560713	0.343757
-0.886625	0.255269
-0.560713	-0.723182
-0.419484	0.332477
-0.886625	-0.89391
0.210613	-0.333374
-0.734533	-0.312557
3.37196	0.378119
-0.538985	0.170561
-0.854034	0.403437
-0.473803	0.587597
0.101976	-0.795596
-0.940944	-0.525043
-0.549849	0.37962
0.449616	0.338998
1.66635	0.533828
-0.615032	-0.143683
3.65442	0.514256
-0.767124	0.0460241
-0.799715	-0.59727
-0.647623	0.376785
3.8391	0.14502
-0.712805	0.443312
-0.745396	0.22258
-0.473803	0.0634136
-0.864898	-1.41607
0.112839	0.534885
-0.875761	-0.632156
-0.560713	-0.378061
0.145431	0.10555
0.395297	0.110549
2.40509	0.444945
-0.104436	0.652763
-0.14789	0.337395
-0.49553	0.10565
-0.75626	-0.49664
-0.376029	0.513083
-0.723669	-0.457087
0.438752	0.096284
-0.864898	-0.146819
0.232341	0.839898
-0.636759	-0.506944
-0.506394	0.0210307
-0.180482	0.50985
-0.886625	-0.00509733
1.66635	0.279543
0.503934	0.0571694
-0.93008	-0.55759
0.895029	0.246589
-0.886625	0.0364448
-0.0609805	0.36556
0.829847	0.198915
-0.799715	-0.180722
-0.832306	-0.948409
-0.734533	-0.657285
-0.962671	-1.60759
0.634299	0.177533
0.286659	0.369287
-0.484667	-0.24479
-0.0283893	-0.374589
-0.082708	-0.129673
0.167158	0.0349109
-0.604168	0.244062
0.243204	-0.202289
-0.245664	-0.722232
-0.615032	-0.614445
-0.593304	-0.151736
0.134567	-0.216146
-0.691078	0.293584
-0.864898	-0.140409
-0.962671	-0.0133872
-0.0175256	0.411945
-0.343438	-0.322238
0.264932	0.232144
-0.777988	-0.0235155
-0.734533	0.192137
-0.832306	-0.471813
0.873302	0.171522
-0.973535	-0.294476
-0.777988	-1.08181
-0.636759	0.308265
1.39476	0.161508
1.3839	0.292615
2.32904	0.654894
0.134567	-0.194903
-0.636759	0.802997
-0.875761	-0.448277
-0.864898	-0.48949
-0.202209	0.0918861
-0.419484	-0.163864
0.482207	0.507734
-0.810579	-0.255474
-0.66935	-0.182986
0.992803	0.0157494
-0.332574	0.166393
-0.0609805	0.308919
-0.32171	-0.0188522
-0.180482	0.226656
-0.386893	0.0189723
-0.40862	0.105018
-0.940944	-1.18811
-0.973535	0.105235
1.32958	0.138333
-0.625895	0.382294
-0.767124	0.3055
1.59031	0.282079
3.21987	0.797527
-0.66935	0.254008
-0.680214	-0.380187
-0.93008	-0.49141
-0.908353	-0.647697
2.22041	0.700554
-0.647623	-0.300846
-0.604168	-0.412719
-0.84317	0.0331147
0.482207	0.129477
0.123703	0.747522
0.590844	-0.239885
-0.419484	0.0952346
-0.973535	-1.22051
-0.538985	0.291165
-0.984399	-0.710793
-0.0718443	0.233225
0.699482	0.379295
0.123703	0.30848
-0.00666181	0.410574
-0.940944	0.0506541
-0.14789	0.47358
0.178022	0.0614947
0.199749	0.076615
-0.376029	0.342474
-0.0718443	-0.798065
0.243204	0.428666
-0.788851	0.49128
-0.365165	-0.0295014
2.45941	0.429061
-0.615032	0.176876
0.742937	0.763488
3.41542	0.531451
2.07918	0.614541
1.45994	0.745551
-0.940944	-0.937843
-0.625895	0.406395
0.156294	0.606912
1.2644	0.685409
0.0802482	-0.25231
-0.723669	0.158182
-0.452075	0.337817
0.384433	0.0778183
-0.104436	0.335326
-0.560713	-0.111589
2.43768	0.0977932
-0.462939	-0.404201
0.319251	0.275913
-0.875761	-0.781155
-0.191345	0.0924081
-0.908353	0.131775
-0.115299	0.222369
0.471343	-0.0758445
0.210613	0.415742
2.74187	0.519138
-0.528122	0.362582
-0.256528	-0.181587
0.340978	0.369105
1.01453	-0.198278
0.829847	-0.309753
-0.886625	-1.25951
-0.538985	0.35331
-0.875761	-0.419952
-0.571577	-0.250012
-0.191345	0.808991
0.732073	0.604924
1.1449	0.431955
-0.951808	-0.981359
-0.777988	0.374669
-0.082708	0.536687
0.0911119	-0.0789552
0.732073	0.377754
-0.93008	0.107771
0.0911119	0.335621
-0.137027	0.130424
-0.484667	-0.0467772
-0.777988	-0.0631973
-0.636759	0.265554
-0.886625	-0.599792
-0.908353	-1.05078
-0.691078	0.158551
-0.267392	0.525284
-0.691078	0.172017
-0.734533	0.340296
0.232341	0.287782
-0.940944	-1.00794
-0.832306	0.383473
-0.169618	0.365453
0.427888	0.00126897
-0.289119	0.0159466
2.731	0.619426
-0.40862	0.246504
0.471343	0.340102
-0.158754	0.178181
1.79672	0.348107
-0.767124	0.0161079
1.1449	-0.0491336
1.70981	0.528505
-0.169618	0.0628867
0.525662	0.267203
0.721209	0.620893
-0.995263	-0.354319
-0.0283893	0.140449
0.156294	0.406331
0.254068	0.400647
-0.93008	-0.494089
0.0367932	0.578658
-0.0718443	0.109917
-0.832306	-0.352232
-0.506394	0.371901
2.69841	0.160439
0.00420194	0.578687
-0.875761	-0.311656
-0.832306	0.707388
-0.984399	0.441814
-0.549849	0.338492
-0.810579	-0.788818
