EXPERIMENT
==========
2025-04-23 12:10:11

Tagaki-Sugeno-Kang neuro-fuzzy system with gaussian fuzzy sets in premises and product t-norm and fuzzy c-means (FCM) clustering algorithm
TSK
number of rules:     10
number of clustering iterations: 100
number of tuning interations:    100
learning coefficient: 0.001
partitioner: fcm
normalisation:   false
RMSE for train data: 0.884679
RMSE for test data:  0.878206
MAE  for train data: 0.641903
MAE  for test data:  0.636731
fuzzy rule base creation time: 119 [s]


fuzzy rule base
RULE 1

rule
t-norm: product t-norm
premise: 
premise
desciptors
1: 
descriptor: gaussian
   c == -1.63761e+09
   s == 4.61302e+08

2: 
descriptor: gaussian
   c == -7.64183e+07
   s == 2.59179e+07

3: 
descriptor: gaussian
   c == -7.59011e+09
   s == 8.21468e+09

4: 
descriptor: gaussian
   c == -1.03323e+10
   s == 5.48385e+09

5: 
descriptor: gaussian
   c == -2.52907e+09
   s == 1.39448e+09


consequence: 
-16.1965  4.71793  7.01864  -5.74843  -12.2654  1.00022  
quality: -1

RULE 2

rule
t-norm: product t-norm
premise: 
premise
desciptors
1: 
descriptor: gaussian
   c == 3.08777e+08
   s == 15.76

2: 
descriptor: gaussian
   c == 6.79295e+09
   s == 11.2989

3: 
descriptor: gaussian
   c == 2.07481e+10
   s == 9.81977

4: 
descriptor: gaussian
   c == -1.12994e+09
   s == 31.8881

5: 
descriptor: gaussian
   c == -1.02219e+10
   s == 8.79558


consequence: 
1  1  1  1  1  1  
quality: -1

RULE 3

rule
t-norm: product t-norm
premise: 
premise
desciptors
1: 
descriptor: gaussian
   c == -2.56374e+06
   s == 650006

2: 
descriptor: gaussian
   c == 7.08389e+07
   s == 2.04311e+08

3: 
descriptor: gaussian
   c == -386296
   s == 9592.33

4: 
descriptor: gaussian
   c == -2.97874e+06
   s == 885400

5: 
descriptor: gaussian
   c == 9.21864e+06
   s == 1.30906e+07


consequence: 
1  1  1  1  1  1  
quality: -1

RULE 4

rule
t-norm: product t-norm
premise: 
premise
desciptors
1: 
descriptor: gaussian
   c == 1.05011e+06
   s == 988659

2: 
descriptor: gaussian
   c == 9.94074e+06
   s == 1.54968e+07

3: 
descriptor: gaussian
   c == -8.9811e+07
   s == 2.05116e+08

4: 
descriptor: gaussian
   c == 1.11541e+08
   s == 1.83483e+08

5: 
descriptor: gaussian
   c == -675769
   s == 36384.2


consequence: 
1  1  1  1  1  1  
quality: -1

RULE 5

rule
t-norm: product t-norm
premise: 
premise
desciptors
1: 
descriptor: gaussian
   c == 1.37828
   s == 13.364

2: 
descriptor: gaussian
   c == 36.0222
   s == 0.493176

3: 
descriptor: gaussian
   c == -6.22521
   s == 0.497174

4: 
descriptor: gaussian
   c == 34.5683
   s == 0.501943

5: 
descriptor: gaussian
   c == -8.86987
   s == 0.697275


consequence: 
1  1  1  1  1  1  
quality: -1

RULE 6

rule
t-norm: product t-norm
premise: 
premise
desciptors
1: 
descriptor: gaussian
   c == 68.1685
   s == 13.952

2: 
descriptor: gaussian
   c == -25.2097
   s == 4.52312

3: 
descriptor: gaussian
   c == 86.1018
   s == 2.92722

4: 
descriptor: gaussian
   c == -38.6598
   s == 6.63333

5: 
descriptor: gaussian
   c == -441.999
   s == 1.89


consequence: 
1  1  1  1  1  1  
quality: -1

RULE 7

rule
t-norm: product t-norm
premise: 
premise
desciptors
1: 
descriptor: gaussian
   c == -2.85067
   s == 0.419953

2: 
descriptor: gaussian
   c == 0.936063
   s == 2.95682

3: 
descriptor: gaussian
   c == -3.7819
   s == 0.631286

4: 
descriptor: gaussian
   c == 0.17075
   s == 0.583811

5: 
descriptor: gaussian
   c == -4.77467
   s == 0.4198


consequence: 
1  1  1  1  1  1  
quality: -1

RULE 8

rule
t-norm: product t-norm
premise: 
premise
desciptors
1: 
descriptor: gaussian
   c == 39656
   s == 79835.3

2: 
descriptor: gaussian
   c == 1.00844e+06
   s == 2.17486e+06

3: 
descriptor: gaussian
   c == -727165
   s == 1.50953e+06

4: 
descriptor: gaussian
   c == 13820.6
   s == 183524

5: 
descriptor: gaussian
   c == 219693
   s == 375017


consequence: 
-0.0533745  0.654186  -0.774937  -0.146056  -0.164411  -0.00178678  
quality: -1

RULE 9

rule
t-norm: product t-norm
premise: 
premise
desciptors
1: 
descriptor: gaussian
   c == -9.67359e+06
   s == 7.69906e+06

2: 
descriptor: gaussian
   c == 6.3428e+06
   s == 1.27948e+07

3: 
descriptor: gaussian
   c == 4.77983e+06
   s == 5.64247e+06

4: 
descriptor: gaussian
   c == -1.34272e+06
   s == 1.25891e+06

5: 
descriptor: gaussian
   c == 91698
   s == 19322.4


consequence: 
674.488  47.3574  1600.51  -945.206  5924.8  1.68947  
quality: -1

RULE 10

rule
t-norm: product t-norm
premise: 
premise
desciptors
1: 
descriptor: gaussian
   c == 2154.82
   s == 43.8465

2: 
descriptor: gaussian
   c == -3189.69
   s == 39.6535

3: 
descriptor: gaussian
   c == 7677.89
   s == 28.1999

4: 
descriptor: gaussian
   c == -2981.4
   s == 29.3139

5: 
descriptor: gaussian
   c == 153.794
   s == 22.8327


consequence: 
1  1  1  1  1  1  
quality: -1



linguistic description of fuzzy rule base
RULE 1

IF input 1 is loosely micro AND input 2 is loosely micro AND input 3 is loosely micro AND input 4 is loosely micro AND input 5 is loosely micro THEN  input 1 has low negative importance AND input 2 has high positive importance AND input 3 has high positive importance AND input 4 has low negative importance AND input 5 has low negative importance AND constant term is medium.

RULE 2

IF input 1 is loosely giant AND input 2 is loosely micro AND input 3 is loosely micro AND input 4 is loosely micro AND input 5 is loosely micro THEN  input 1 has low positive importance AND input 2 has low positive importance AND input 3 has low positive importance AND input 4 has low positive importance AND input 5 has low positive importance AND constant term is medium.

RULE 3

IF input 1 is loosely micro AND input 2 is loosely giant AND input 3 is loosely micro AND input 4 is loosely micro AND input 5 is loosely giant THEN  input 1 has low positive importance AND input 2 has low positive importance AND input 3 has low positive importance AND input 4 has low positive importance AND input 5 has low positive importance AND constant term is medium.

RULE 4

IF input 1 is loosely giant AND input 2 is loosely giant AND input 3 is loosely micro AND input 4 is loosely giant AND input 5 is loosely micro THEN  input 1 has low positive importance AND input 2 has low positive importance AND input 3 has low positive importance AND input 4 has low positive importance AND input 5 has low positive importance AND constant term is medium.

RULE 5

IF input 1 is loosely huge AND input 2 is strictly giant AND input 3 is strictly micro AND input 4 is distinctly giant AND input 5 is distinctly micro THEN  input 1 has low positive importance AND input 2 has low positive importance AND input 3 has low positive importance AND input 4 has low positive importance AND input 5 has low positive importance AND constant term is medium.

RULE 6

IF input 1 is loosely giant AND input 2 is mildly micro AND input 3 is mildly giant AND input 4 is loosely micro AND input 5 is moderately micro THEN  input 1 has low positive importance AND input 2 has low positive importance AND input 3 has low positive importance AND input 4 has low positive importance AND input 5 has low positive importance AND constant term is medium.

RULE 7

IF input 1 is strictly micro AND input 2 is mildly large AND input 3 is distinctly micro AND input 4 is distinctly medium AND input 5 is strictly micro THEN  input 1 has low positive importance AND input 2 has low positive importance AND input 3 has low positive importance AND input 4 has low positive importance AND input 5 has low positive importance AND constant term is medium.

RULE 8

IF input 1 is loosely giant AND input 2 is loosely giant AND input 3 is loosely micro AND input 4 is loosely giant AND input 5 is loosely giant THEN  input 1 has low negative importance AND input 2 has low positive importance AND input 3 has low negative importance AND input 4 has low negative importance AND input 5 has low negative importance AND constant term is small.

RULE 9

IF input 1 is loosely micro AND input 2 is loosely giant AND input 3 is loosely giant AND input 4 is loosely micro AND input 5 is loosely giant THEN  input 1 has high positive importance AND input 2 has high positive importance AND input 3 has high positive importance AND input 4 has low negative importance AND input 5 has high positive importance AND constant term is large.

RULE 10

IF input 1 is loosely giant AND input 2 is loosely micro AND input 3 is loosely giant AND input 4 is loosely micro AND input 5 is loosely giant THEN  input 1 has low positive importance AND input 2 has low positive importance AND input 3 has low positive importance AND input 4 has low positive importance AND input 5 has low positive importance AND constant term is medium.







train data
expected	elaborated
===========================
0.145431	0.445168
0.254068	-0.0972073
-0.278255	0.200584
-0.082708	-0.124825
1.39476	0.468492
-0.082708	0.399539
-0.376029	-0.445728
-0.14789	-0.25661
-0.213073	0.0728517
-0.0718443	-0.0978469
1.05799	0.0581286
2.22041	0.505974
-0.810579	-0.42677
-0.864898	-0.665145
0.395297	0.0733105
-0.039253	0.493879
-0.886625	-0.552963
-0.278255	-0.39903
-0.223937	-0.570871
0.188886	0.355971
-0.32171	0.511532
-0.462939	0.00241359
-0.951808	-0.679777
-0.549849	-0.852635
-0.593304	0.364008
-0.571577	0.0732924
-0.256528	-0.545765
0.373569	0.0231487
-0.832306	-0.801693
0.199749	-0.0589192
0.916757	0.683773
-0.636759	0.313002
2.80705	0.801647
-0.484667	0.353821
-0.267392	-0.826336
-0.615032	-0.741791
-0.734533	-0.66805
-0.267392	0.225944
0.569117	0.656137
2.6115	0.286903
-0.354302	0.70477
-0.213073	-0.364113
0.0911119	0.472785
-0.452075	0.125689
1.05799	0.591474
-0.332574	0.39442
-0.799715	0.070045
0.167158	0.365596
-0.343438	-0.0401432
0.297523	-0.157432
-0.951808	-0.73567
0.438752	0.768698
-0.658487	0.212303
-0.549849	0.19985
-0.984399	-0.499634
0.895029	0.559212
-0.875761	-1.0538
-0.126163	-0.795737
0.384433	0.48225
-0.419484	0.511678
2.86137	0.871617
0.851574	0.336921
-0.430348	0.0519547
2.45941	0.245806
-0.615032	0.0195635
-0.0501168	-0.604158
-0.691078	-0.785753
-0.701941	0.279774
-0.00666181	0.663798
-0.767124	0.372651
0.590844	0.211625
1.8619	0.490174
0.319251	0.412333
-0.473803	-0.557483
-0.995263	-0.682374
0.101976	0.154151
-0.821443	-0.205082
1.1123	0.673956
-0.310847	-0.205136
-0.777988	-0.269065
1.94881	0.238814
-0.00666181	-0.050609
-0.332574	-0.348713
0.178022	0.165245
-0.32171	0.493502
0.895029	0.477924
0.92762	-0.282115
-0.332574	0.115767
-0.940944	0.266008
-0.777988	-0.885038
0.0259294	0.160567
0.49307	0.119309
0.916757	0.0918312
-0.0283893	0.434723
1.12317	0.258155
2.09004	0.764883
-0.810579	-0.199232
-0.397757	-0.297611
-0.886625	-0.129087
-0.897489	-0.389757
2.03572	0.482218
0.264932	0.315882
0.992803	0.174204
0.57998	0.23166
-0.082708	-0.158339
0.167158	0.126021
-0.473803	0.00656528
0.732073	0.228658
-0.788851	0.00364917
0.319251	-0.0306085
-0.777988	-0.885038
1.40563	0.103917
-0.712805	-0.619974
-0.473803	-0.218728
-0.810579	-0.227908
-0.962671	-0.936958
-0.93008	0.399879
0.0476569	0.183749
-0.310847	0.093023
-0.137027	0.496275
0.0476569	-0.00786038
0.340978	-0.0695115
0.0476569	0.307518
-0.940944	0.530459
-0.169618	0.0710939
1.1123	0.509616
-0.962671	-0.566265
0.427888	0.0891478
-0.267392	0.356002
-0.14789	0.433877
0.66689	-0.0768375
-0.66935	-0.689141
-0.875761	-0.0413138
0.373569	-0.421636
-0.2348	0.343411
0.406161	0.039224
-0.940944	-0.373521
-0.723669	-0.098726
0.438752	-0.0676496
1.00367	0.0493259
1.66636	0.633438
0.199749	-0.0705905
2.60064	0.689623
0.395297	0.228156
0.178022	0.224019
0.178022	0.285254
-0.452075	0.237884
-0.745396	0.281321
0.449616	0.370133
0.0585207	0.512404
0.0693844	0.322034
-0.571577	0.4373
-0.14789	-0.132562
-0.66935	-0.232888
0.373569	-0.0371876
-0.538985	0.0252049
2.14436	0.250489
-0.419484	0.0405507
-0.636759	0.059906
3.44801	0.738304
0.0150657	0.351794
0.873302	-0.357023
0.721209	0.243402
0.558253	0.53984
1.1449	0.279358
-0.832306	0.232707
-0.462939	-0.441735
1.18835	0.307694
2.90482	0.557407
0.243204	0.350544
0.688618	0.0235851
-0.082708	0.153423
0.199749	0.282427
-0.951808	-0.764471
-0.919216	-1.05816
-0.452075	0.203441
-0.506394	-0.579336
-0.734533	-0.724867
-0.137027	-0.407431
0.373569	0.373787
-0.299983	0.114379
0.00420194	0.239308
0.66689	0.192233
0.0259294	-0.128797
0.340978	0.00648867
-0.267392	0.241185
-0.256528	-0.991891
0.525662	-0.351115
-0.191345	0.367494
-0.397757	-0.234749
-0.441212	0.363842
-0.854034	-0.398146
-0.397757	0.460764
-0.223937	0.394026
0.362706	0.40699
-0.854034	-0.671015
-0.767124	0.388801
0.732073	-0.0257374
0.308387	0.601305
-0.452075	-0.254235
-0.734533	-0.217826
-0.810579	0.194406
-0.832306	-0.522323
-0.951808	-0.990567
0.134567	0.273184
1.54685	-0.0598443
0.384433	0.614732
-0.245664	0.133078
-0.875761	-0.491575
-0.40862	0.541733
0.406161	0.350245
-0.962671	-0.112733
1.82931	0.256304
-0.973535	-0.697844
0.0150657	0.324545
-0.832306	-0.170087
0.0259294	-0.0266739
-0.528122	0.0325598
-0.126163	0.373613
-0.32171	0.184698
0.297523	0.284473
-1.03872	0.397232
-0.864898	-1.01037
0.0693844	0.330886
0.0802482	-0.249935
-0.202209	-0.260473
-0.984399	0.0877437
-0.430348	0.34334
-0.484667	0.445689
0.57998	0.101053
-0.821443	-1.11427
-0.386893	-0.0898372
1.25353	0.491204
-0.712805	-0.0629092
0.471343	0.154694
0.0911119	-0.305003
1.07971	-0.031526
-0.886625	-0.384288
0.243204	-0.423765
-0.854034	-0.353791
-0.940944	-0.0905425
-0.886625	-0.671936
-0.636759	-0.375167
0.992803	0.358715
-0.462939	-0.490176
1.12317	0.278769
-0.832306	0.0681054
0.319251	0.106543
-0.701941	-0.0750555
-0.528122	-1.46616
-0.299983	0.182169
0.916757	0.652824
-0.528122	-0.336753
-0.886625	0.559216
-0.202209	0.255097
0.623435	-0.254531
-0.517258	0.0420655
0.471343	-0.118908
0.601708	0.378963
0.308387	0.390661
1.06885	0.409672
0.210613	0.542384
0.156294	0.0636559
-0.636759	0.147395
-0.701941	0.646187
1.28612	0.398815
0.547389	0.309786
-0.821443	0.172619
-0.919216	-0.76393
-0.0175256	-0.0406176
-0.734533	-0.495518
-0.0501168	0.375733
0.721209	0.082757
2.17695	0.617136
-0.462939	-0.671325
-0.528122	-0.173401
-0.0935718	0.294061
1.04712	0.0631773
-0.484667	0.32789
-0.473803	0.0765901
-0.430348	-0.814853
-0.14789	0.09099
0.00420194	0.033533
-0.734533	0.449666
-0.723669	0.416764
-0.571577	0.030445
0.297523	-0.512268
-0.940944	-1.10832
0.275796	0.400534
-0.973535	-0.566058
0.949348	0.249996
-0.875761	0.0213745
-0.66935	-0.424096
-0.84317	0.253085
2.48114	0.358651
0.232341	-0.477423
-0.560713	-0.360154
0.0693844	0.401928
-0.951808	-0.661186
0.601708	0.414213
-0.777988	0.119381
0.851574	-0.116216
1.15576	0.286853
-0.995263	-0.756261
-0.40862	0.0110276
-0.875761	-0.0405166
-0.821443	-0.379868
0.384433	0.473093
0.916757	0.356232
0.101976	-0.397118
-0.788851	-0.537518
-0.0283893	0.0538397
-0.441212	0.0950137
-0.115299	0.355742
-0.875761	-0.116751
-0.126163	0.276299
-0.93008	-0.523911
0.232341	0.483181
0.319251	0.559543
-0.973535	-0.203019
0.417024	-0.351475
0.264932	0.376231
-0.213073	0.421321
0.167158	0.545114
5.6968	0.581093
0.199749	-0.0705905
-0.734533	-0.755784
-0.039253	0.543355
-0.517258	0.0408911
0.482207	-0.144985
1.76413	0.411675
-0.919216	-0.707349
-0.875761	-0.105018
-0.908353	-0.476704
0.243204	0.433823
-0.137027	0.361264
-0.93008	0.013373
-0.223937	0.285035
-0.354302	-1.25271
0.471343	0.394093
0.438752	0.0880283
0.232341	-0.0674496
-0.93008	-0.535439
-0.299983	-0.404542
1.90536	0.823534
-0.517258	0.417588
-0.767124	0.250299
-1.00613	-0.629958
-0.376029	-0.131186
-0.560713	0.272028
-0.712805	0.290511
0.710345	0.0255348
0.351842	-0.0915466
-0.973535	0.129539
1.28612	0.0850941
4.20847	0.522988
-0.93008	-0.724049
3.68701	0.749089
-0.984399	-0.66103
-0.723669	-0.78055
-0.462939	-0.209124
-0.593304	-0.138165
0.590844	0.358553
-0.549849	-0.318356
-0.875761	-0.877503
-0.66935	0.066758
-0.0283893	-0.575168
0.0259294	0.469539
-0.788851	-0.232869
-0.571577	-0.392247
3.67615	0.812345
-0.40862	0.0370298
0.525662	0.0293629
0.264932	0.373803
0.254068	0.579865
1.21008	0.139432
1.39476	0.573975
-0.549849	0.134191
-0.734533	0.116229
0.145431	-0.216008
-0.767124	-0.360895
-0.538985	0.341111
-1.00613	-1.05397
0.0150657	0.325088
-0.32171	0.626429
-0.864898	-1.09029
-0.658487	-0.500011
-0.647623	-0.725346
-0.886625	-0.511647
-0.723669	0.761772
-0.158754	0.416497
0.254068	0.245389
2.70927	0.730778
1.3839	0.56002
-0.104436	0.282859
-0.658487	0.211358
-0.2348	0.478222
2.67668	0.602039
0.210613	0.0597374
1.05799	0.486298
-0.875761	-0.0498922
0.340978	0.481385
-0.538985	-0.0907929
-0.886625	0.197594
0.275796	0.54175
0.884165	0.0394957
-0.104436	0.33276
-0.126163	0.306162
0.362706	-0.235285
0.862438	0.384066
-0.75626	-0.768851
-0.441212	0.347709
-0.723669	-0.0251657
2.27472	0.236668
-0.289119	0.109326
-0.0283893	0.354763
-0.473803	0.319436
2.27472	0.71927
-0.0501168	0.279658
-0.039253	0.317671
-0.0283893	-0.0379255
-0.0283893	-0.0558348
-0.343438	0.354257
-0.84317	0.0319803
1.76413	0.368411
0.210613	-0.603567
0.232341	0.145178
0.417024	0.426612
-0.908353	-0.503355
-0.462939	0.267468
0.49307	-0.00106683
0.0802482	-0.195667
0.775528	0.150555
-0.93008	-0.969308
1.75326	0.564026
1.17749	0.125472
-0.538985	-0.177716
-0.745396	-0.566466
1.30785	0.20451
0.00420194	-0.0993568
-0.58244	0.236836
-0.49553	-0.387744
-0.615032	-0.0291615
-1.03872	-1.26719
-0.951808	-0.46233
-0.897489	0.0915297
0.145431	0.250794
-0.886625	-0.254007
-0.810579	0.286835
-0.082708	0.392971
-0.528122	-0.0460161
-0.951808	-0.924412
-0.951808	-0.386658
-0.430348	0.361798
0.112839	0.437489
-0.951808	-0.379317
-0.473803	0.384126
3.06778	0.729421
-0.919216	-0.169895
-0.962671	-0.457463
0.0911119	0.193678
0.308387	-0.466706
0.797255	0.141161
-0.66935	0.483199
1.21008	0.230805
1.1123	-0.0750736
-0.745396	0.252373
-0.40862	0.588582
0.558253	-0.178734
-0.58244	0.447504
-0.93008	-1.06653
-0.343438	-0.545527
0.254068	0.0450475
0.960212	0.47144
-0.0283893	0.123974
-0.919216	-0.424865
-0.430348	0.600486
-0.430348	-0.402133
0.319251	0.134273
-0.734533	0.167327
-0.897489	-0.465828
-0.332574	-0.190758
1.30785	0.498508
-0.854034	-0.0846317
-0.517258	-0.793051
-0.32171	-0.437093
-0.647623	-0.296665
-0.636759	0.257881
-0.984399	-0.614106
-0.940944	-1.13603
-0.517258	0.282082
-0.636759	-0.092832
0.808119	0.761363
-0.126163	-0.0866757
0.0802482	0.61901
-0.745396	-0.412269
0.0150657	0.56149
0.167158	0.146671
-0.484667	-0.724068
-0.267392	0.0353732
-0.810579	-0.425153
-0.734533	-0.311372
-0.0718443	0.439392
0.427888	0.361262
0.417024	-0.172435
-0.278255	-0.458264
-0.886625	-0.89308
0.460479	0.4678
-0.0175256	0.209949
2.43768	0.534142
-0.082708	-0.0245363
1.23181	0.399527
0.884165	0.831907
-0.777988	-0.905279
0.438752	0.233677
-0.169618	0.163568
-0.538985	0.446479
-0.213073	-0.0847604
-0.223937	-0.0483765
-0.560713	0.252665
0.340978	0.736112
-0.940944	-0.765782
1.05799	0.337493
-0.940944	0.169754
-0.712805	-0.4193
-0.256528	-0.084411
2.33991	0.23618
-0.180482	-0.376802
-0.310847	0.331897
0.482207	0.444096
-0.93008	-0.253486
-0.58244	0.326592
-0.636759	-0.092832
-0.343438	-0.182056
-0.940944	-0.211032
-0.49553	-0.28256
4.7408	0.580216
-0.777988	-0.599776
1.10144	0.41595
-0.908353	-0.01119
-0.386893	0.341422
-0.777988	-0.723374
-0.40862	-0.133292
0.134567	0.516108
-0.376029	0.157984
1.48167	0.0583349
1.16662	0.558476
-0.680214	0.167547
3.40455	0.578933
2.23127	0.422198
-0.93008	-0.671668
-0.473803	0.0503055
3.29592	0.174361
0.884165	0.727452
-0.126163	-0.0663377
0.460479	0.630559
-0.723669	-1.10094
-0.864898	-1.16041
-0.506394	0.074896
-0.723669	-0.519653
0.0367932	0.0198256
-0.93008	-0.621469
-0.919216	-0.0151133
-0.2348	0.106475
-0.104436	0.127983
0.677754	0.249381
-0.93008	-0.103648
-0.560713	0.408835
-0.886625	-0.539163
0.699482	0.0471868
0.0259294	-0.163036
-0.615032	-0.287767
-0.376029	0.251414
1.15576	0.297892
-0.777988	0.0653333
0.525662	0.159282
0.395297	0.323354
0.49307	0.317228
-0.14789	-0.151182
0.00420194	0.508949
2.39423	0.556164
0.992803	0.652816
-0.278255	-0.408712
-0.832306	0.0120377
-0.386893	-0.193452
-0.973535	0.358241
-0.223937	-0.234376
0.57998	0.596744
-0.332574	0.430845
-0.452075	0.253756
0.330114	-0.126725
-0.126163	0.15225
-0.962671	-0.0291643
-0.625895	-0.735762
-0.84317	0.0643592
-0.767124	0.498754
0.601708	0.302545
0.862438	-0.0696186
-0.202209	-0.562291
-0.875761	-0.877503
0.971075	0.331883
-0.625895	-0.271077
-0.213073	-0.202054
-0.0718443	0.331126
-0.58244	0.288487
-0.615032	-0.469075
2.70927	0.480858
-0.940944	-1.69165
-0.875761	-1.1691
-0.680214	-0.0296189
0.818983	0.76822
0.178022	0.0820758
-0.571577	0.173071
0.829847	0.454985
-0.14789	0.402519
0.0259294	-0.0593729
-0.875761	-0.396687
-0.571577	-0.043945
1.61204	0.544705
-0.810579	-0.638515
-0.93008	-0.465916
-0.745396	0.490289
-0.723669	0.48844
-0.832306	-0.345313
0.384433	0.0730181
-0.701941	0.341248
-0.951808	-0.293816
-0.49553	0.368569
-0.615032	-0.143272
0.0150657	-0.0479589
0.330114	0.0423096
0.0476569	-0.103287
1.37303	0.0453844
0.884165	0.472828
0.981939	-0.18462
-0.158754	-0.055884
-0.58244	-0.169677
-0.66935	0.12083
1.22094	0.246768
-0.00666181	0.233835
1.18835	0.8933
-0.376029	-0.490591
-0.919216	-0.578754
0.623435	-0.260742
-0.538985	-0.339544
-0.158754	-0.083641
-0.66935	0.180573
-0.2348	0.261925
2.01399	0.527135
-0.2348	0.195166
0.167158	0.117481
1.32958	0.178333
-0.810579	0.390818
-0.126163	-0.207387
-0.0935718	0.395151
-0.039253	0.0164032
1.32958	-0.0215764
-0.419484	-0.114093
3.20901	0.720236
-0.973535	-0.718313
-0.658487	0.0302571
1.39476	0.573975
0.536525	0.395657
0.395297	0.364815
-0.528122	-0.729879
-0.0175256	-0.309269
-0.832306	0.535909
-0.940944	-0.977189
0.949348	0.535695
-0.615032	0.447988
-0.810579	-0.328451
-0.299983	0.329785
-0.832306	0.515699
-0.604168	-0.105531
-0.995263	0.410001
-0.962671	-1.00423
-0.66935	-0.910584
-0.00666181	0.288937
1.32958	0.387522
-0.2348	0.253839
1.72067	0.415399
2.88309	0.651178
0.92762	-0.0258834
-0.93008	-0.744432
-0.788851	0.227652
-0.00666181	0.20493
-0.647623	-0.249075
0.536525	0.184535
3.81738	0.575447
-0.180482	-0.0386045
-0.919216	0.365221
-0.343438	0.538354
-0.658487	-0.382855
-0.854034	-1.58608
-0.506394	-0.0610823
-0.462939	0.174132
-0.191345	0.269444
-0.84317	0.245496
-0.93008	-0.560497
1.36217	-0.00233803
-0.984399	-0.627185
0.395297	-0.0787308
0.558253	0.53984
0.862438	0.739856
1.1123	0.310516
-0.2348	0.344549
0.612572	0.261506
-0.886625	-0.551104
0.330114	0.399319
2.27472	0.582213
2.02486	0.549692
-0.767124	-0.0319656
1.15576	0.760037
-0.636759	0.280611
2.16609	0.244651
-0.636759	0.500302
-0.278255	0.277578
1.15576	0.334616
-0.267392	0.356613
-0.701941	-0.180993
-0.593304	-0.164591
-0.245664	-0.382337
0.971075	0.113581
-0.462939	-0.289724
-0.49553	0.00510578
0.145431	0.408238
0.0476569	-0.0698806
-0.549849	0.17175
-0.615032	-0.0966737
-0.473803	0.402379
0.742937	0.372742
0.66689	0.123469
0.460479	0.169554
0.960212	0.425899
-0.897489	0.140336
-0.528122	-0.173554
-0.223937	-0.518385
-0.951808	-0.61727
0.66689	0.783462
-0.897489	-0.46572
0.406161	0.52779
-0.604168	0.388948
0.330114	-0.46616
0.254068	-0.0112114
0.623435	0.159967
-0.973535	-0.749337
0.221477	0.313321
-0.93008	0.306323
1.16662	0.357592
0.645163	0.100655
-0.0501168	0.444116
-0.571577	0.335346
-0.799715	0.646181
0.178022	-0.22909
-0.223937	0.521529
2.64409	0.325278
0.0367932	-0.0628122
1.85104	0.272458
-0.973535	-0.882812
1.24267	0.156174
-0.549849	-0.512707
-0.680214	0.367029
-0.908353	-0.65898
-0.647623	-0.0690856
-0.104436	0.324762
-0.115299	-0.0862508
6.87009	0.796789
0.905893	0.395652
-0.126163	0.409307
-0.854034	-0.46464
-0.528122	-0.385421
-0.332574	0.735074
-0.984399	-0.970201
0.471343	0.458943
0.0693844	-0.479679
1.3839	0.561046
0.373569	0.356119
0.286659	0.263678
0.471343	0.40055
-0.691078	0.162903
-0.821443	-0.519644
-0.767124	-0.681454
-0.832306	-0.548589
0.503934	0.341132
-0.14789	-0.535633
-0.658487	-1.00075
-0.875761	-0.122759
2.56805	0.649209
0.905893	0.214684
-0.593304	-0.350012
0.862438	0.169198
-0.777988	-0.194649
-0.223937	0.353568
0.101976	0.155008
1.63376	-0.00629602
-0.289119	0.301924
0.0476569	-0.874723
-0.875761	-0.330427
-0.908353	-0.229922
2.24213	0.146331
-0.289119	0.314226
-0.75626	0.115775
-0.256528	-0.228403
-0.397757	0.131067
-0.419484	-0.345703
1.07971	-0.114211
-0.115299	0.12042
-0.995263	-0.551789
0.460479	0.426466
-0.32171	-0.0518994
-0.0718443	0.444092
-0.788851	-0.245637
1.00367	0.223647
-0.310847	0.260961
-0.180482	0.655125
-0.0175256	0.297323
1.09058	0.465577
-0.962671	-0.214584
-0.549849	0.138266
-0.919216	-0.0192232
-0.115299	0.389875
-0.962671	0.307843
1.1449	0.42723
1.85104	0.497487
-0.897489	-1.24857
-0.745396	-0.241785
-0.951808	0.354416
4.21934	0.613604
-0.452075	0.465981
0.0476569	-0.161998
0.406161	-0.0727744
0.297523	-0.150063
0.0911119	0.494016
-0.75626	0.361072
1.75326	0.433482
0.123703	-0.056686
-0.560713	0.0326738
-0.821443	0.415951
-0.973535	-0.814935
-1.01699	-0.135133
0.0693844	0.222434
0.395297	0.523156
8.24978	0.857458
1.82931	0.575068
-0.940944	-0.316689
-0.386893	0.506234
1.35131	0.601897
1.04712	0.660682
-0.647623	-0.474666
-0.658487	0.598368
-0.973535	-0.802887
-0.701941	-0.803204
-0.49553	-0.298891
-0.039253	0.112673
-0.158754	-0.0723801
-0.169618	0.307606
1.61204	0.145289
-0.49553	0.336751
-0.191345	0.269341
-0.777988	-0.347654
-0.93008	-0.931749
-1.00613	0.283671
-0.919216	-0.724355
0.275796	0.192105
-0.788851	-0.511437
-0.506394	0.0889593
-0.734533	0.534007
1.16662	0.324166
-0.310847	0.331897
0.960212	0.30678
-0.832306	-0.878833
2.07918	0.832999
-0.0175256	0.132847
0.199749	0.5192
-0.962671	-0.0942455
-0.897489	-0.531071
-0.691078	0.598899
-0.2348	0.142786
-0.908353	0.146516
-0.647623	-0.0393807
-0.2348	0.0983581
-0.647623	0.390433
1.13403	0.193085
-0.49553	0.485432
-0.886625	-0.0149339
0.786392	0.563418
-0.593304	-0.666977
-0.66935	-0.187812
-0.386893	0.459818
-0.875761	-0.81816
-0.84317	0.426044
-0.484667	0.038688
-0.386893	0.0762198
-0.386893	0.479091
-0.289119	0.0035112
-0.560713	0.32061
-0.973535	0.14738
0.123703	0.424166
0.319251	-0.247642
-0.625895	-0.062752
-0.995263	-0.655001
-0.430348	-0.0200021
-0.213073	0.238071
-0.734533	0.276258
-0.332574	0.25387
-0.93008	-0.74371
0.384433	-0.0563038
-0.549849	-0.30225
0.188886	-0.230414
-0.441212	0.428264
-0.886625	-0.618094
-0.951808	-0.273367
2.00313	0.319087
-0.767124	0.0288309
2.43768	0.181065
0.427888	0.108095
-0.441212	0.0389685
0.66689	-0.25701
-0.452075	-0.0673095
1.22094	0.428377
-0.864898	-0.195124
3.53492	0.791105
-0.223937	0.614816
0.92762	0.0433722
-0.973535	-0.749337
2.83964	0.538866
-0.908353	0.207876
-0.386893	-0.285211
-0.897489	0.362691
-0.723669	-0.013343
-0.908353	-1.02239
-0.00666181	0.159271
-0.647623	-0.35014
-0.419484	0.334567
-0.973535	-0.488439
-0.430348	-0.09206
3.28505	0.701516
3.39369	0.286387
-0.462939	-0.0914155
0.112839	-0.0837364
2.99173	0.62927
-0.430348	-0.329811
1.81845	0.329362
-0.0609805	0.256981
-0.0718443	0.366952
-0.0609805	-0.0519064
-0.452075	-0.0879983
0.112839	0.319931
0.417024	-0.338477
0.503934	0.0606383
-0.799715	0.00549302
0.167158	-0.113442
-0.864898	-0.631788
-0.973535	-0.648111
-0.93008	0.288715
1.31872	-0.273139
-0.832306	0.638074
1.48167	0.278586
-1.00613	-0.267435
-0.082708	-0.184144
-0.886625	-0.869884
0.775528	0.528541
0.0802482	0.409081
-0.647623	-0.84732
0.0802482	0.210439
-0.386893	-0.398123
0.7538	-0.299408
0.677754	0.722902
-0.777988	0.0786708
-0.419484	-0.547506
-0.332574	0.14037
-0.310847	0.122546
-0.310847	-0.570809
-0.712805	-1.17908
-0.854034	-0.667616
0.275796	0.435349
0.0476569	0.242862
1.29699	0.0313916
-0.202209	0.26348
0.319251	0.250994
-0.734533	0.0541595
-0.973535	0.42546
-0.256528	0.00929928
0.92762	0.0279681
-0.593304	-0.209652
0.210613	0.37934
-0.810579	-0.227908
-0.137027	0.0167659
-0.452075	-0.00203894
-0.919216	-0.927263
-0.777988	-0.289021
-0.452075	0.269744
0.7538	-0.0262479
0.145431	0.346507
0.210613	0.323029
0.960212	0.401638
1.68808	-0.147546
0.232341	-0.0539035
-0.995263	0.441412
-0.593304	-1.24346
-0.832306	-0.678484
1.12317	-0.15859
0.634299	-0.227463
-0.593304	-0.646337
1.37303	0.189204
0.775528	0.168947
0.156294	0.397104
-0.267392	0.192471
-0.310847	0.330282
0.971075	0.468126
-0.0283893	0.367315
0.264932	0.225599
-0.93008	-0.366011
0.873302	0.214896
-0.289119	0.207845
1.05799	0.301696
0.330114	-0.239138
4.78425	0.307704
-0.854034	-0.804554
-0.169618	0.428805
-0.984399	-0.843642
-0.528122	0.497833
-0.299983	-0.202717
-0.376029	0.0126868
-0.832306	-0.128923
0.156294	0.352362
-0.299983	0.0606023
0.0585207	0.284149
-0.625895	-0.619842
2.06831	0.390209
2.17695	0.338409
-0.734533	0.0900407
1.35131	0.319128
-0.343438	0.149845
-0.84317	0.25816
3.23073	0.123685
-0.386893	0.553005
-0.908353	-1.3673
0.427888	-0.0618959
2.60064	0.236617
-0.723669	-0.293271
-0.126163	0.415782
-0.723669	-0.229175
-0.712805	-0.773715
-0.658487	-0.244068
0.340978	0.512145
0.264932	0.232379
-0.528122	-0.0707153
-0.126163	0.334842
0.0367932	-0.113598
1.23181	0.364996
-0.886625	-0.693998
-0.538985	0.295994
-0.0718443	0.397365
-0.0718443	0.492812
1.7424	0.675335
-0.104436	0.148121
-0.821443	0.197029
0.362706	-0.390577
-0.343438	-0.32422
-0.984399	0.383086
0.417024	0.213618
0.188886	0.334713
-0.289119	0.181195
-0.506394	-0.313395
-0.202209	-0.0608639
-0.940944	-1.19322
-0.93008	-1.6523
-0.647623	-0.0686712
-0.636759	0.000973655
0.123703	-0.484499
-0.832306	0.175486
0.818983	0.278438
0.66689	0.265789
-0.560713	-0.722397
3.49146	0.511173
-0.75626	-0.217464
-0.734533	-0.214341
-0.886625	0.0292778
0.57998	0.0881035
0.992803	0.322223
1.90536	0.0596488
2.76359	0.575082
-0.984399	-0.60262
-0.0718443	-0.0111856
-0.75626	-0.318709
-0.115299	-0.12986
-0.473803	0.291599
-0.549849	0.274055
0.57998	0.398769
2.75273	0.268747
-0.854034	0.395688
-0.538985	-0.408092
0.851574	-0.10306
-0.919216	-0.342323
0.656027	-0.100814
-0.658487	0.291586
-0.886625	-0.0430389
-0.430348	-0.105105
-0.767124	-0.628126
-0.278255	0.652998
-0.2348	0.363949
-0.962671	-0.574151
-0.897489	-0.261563
-0.854034	-0.979193
-0.40862	0.257695
-0.223937	-0.0269145
-0.821443	-1.31312
0.981939	-0.0662083
-0.886625	-0.661712
-0.419484	-0.369155
-0.767124	-0.170604
-0.940944	0.0629602
-0.158754	0.401679
-0.973535	0.234663
0.851574	0.295864
2.23127	0.63454
2.39423	0.546402
-0.452075	-0.146824
-0.832306	0.597385
-0.897489	-0.170004
1.31872	0.393554
0.569117	0.0559533
0.00420194	0.212391
-0.734533	0.1459
0.590844	-0.0606885
-0.528122	0.106008
-0.647623	0.363942
-0.712805	0.212106
0.406161	0.379019
-0.571577	0.053469
-0.680214	0.120394
0.0693844	0.190819
2.15522	0.500726
0.656027	0.36044
0.786392	0.564787
-0.658487	0.0391702
-0.810579	0.0242064
1.12317	0.730488
-0.854034	0.065569
-0.940944	-0.753578
-0.32171	0.477322
-0.517258	0.361493
-0.169618	0.370796
1.88363	0.43712
-0.93008	-0.0291211
-0.0718443	-0.156255
-0.973535	-0.802887
-0.571577	-0.674425
-0.126163	-0.335132
-0.875761	0.042402
0.254068	0.497824
-0.365165	-0.653784
0.0802482	0.300201
0.286659	-0.00625041
-0.962671	-0.651936
0.471343	-0.280865
0.438752	0.260999
1.51426	0.518053
-0.223937	0.156738
1.29699	0.519278
2.81791	0.232564
1.59031	0.328831
-0.169618	0.386471
-0.528122	-0.20594
-0.604168	-0.588665
-0.636759	-0.0640949
-0.875761	-0.375339
-0.799715	-0.842351
-0.430348	-0.285721
0.992803	-0.258896
-0.397757	-0.115283
0.482207	0.537359
-0.191345	0.226102
-0.680214	-0.00697444
-0.484667	0.32789
1.65549	0.314889
-0.223937	0.394026
-0.625895	-0.235265
-0.32171	-0.170846
0.884165	0.135362
-0.908353	0.282978
-0.908353	0.317508
0.145431	0.236157
-0.951808	-1.61189
-0.538985	0.382519
-0.854034	-1.66944
0.384433	0.430619
1.12317	0.806322
-0.310847	0.260961
1.99227	0.817742
-0.875761	-0.661447
0.0693844	0.230223
-0.49553	0.381625
-0.560713	-0.61102
1.45994	0.124715
-0.538985	0.429045
-0.940944	-0.476933
0.0367932	0.448303
0.590844	0.533618
-0.832306	-0.398501
-0.245664	0.801127
-0.462939	0.268811
1.68808	-0.0826152
-0.951808	-0.551976
2.8505	0.327573
-0.2348	-0.126839
2.30732	-0.106864
-0.995263	-0.314174
-0.973535	-0.929215
0.0585207	-0.0829634
0.134567	-0.0265661
0.199749	-0.156314
1.21008	-0.51362
-0.734533	0.495636
-0.0609805	-0.61292
-0.712805	-1.32268
1.00367	0.0349071
-0.734533	-0.372045
-0.365165	0.405518
0.101976	0.444027
2.70927	0.155301
0.677754	-0.274383
-0.538985	-0.0381865
0.438752	0.14962
-0.528122	0.296524
0.145431	0.203566
-0.0935718	0.393116
-0.810579	0.185983
-0.202209	-0.0961124
-0.419484	-0.819824
-0.278255	0.429799
-1.00613	0.48632
-0.213073	0.212883
-0.875761	-0.991473
0.710345	0.261718
2.20954	0.315748
-0.441212	0.148926
0.373569	-0.492249
-0.484667	0.502983
-0.767124	-0.586873
-0.082708	0.288641
-0.528122	0.114435
-0.452075	0.367925
-0.0501168	-0.871702
0.330114	0.074016
0.123703	0.110951
-0.93008	0.327145
0.427888	0.131402
-0.354302	0.354272
0.514798	0.277634
-0.940944	-0.653085
-0.452075	0.282248
-0.821443	-0.196097
-0.701941	-0.422438
-0.973535	-0.625654
-0.2348	-0.305034
2.492	0.130717
-0.919216	-0.221282
-0.832306	-0.571107
-0.919216	-0.221282
-0.854034	-0.715065
-0.767124	-0.516158
0.275796	-0.136857
0.710345	-0.0578048
-0.462939	-0.308806
-0.40862	0.130795
-0.365165	-0.072456
1.09058	0.362209
-0.962671	0.442469
-0.951808	-0.181888
-0.32171	-0.148749
-0.788851	-0.160712
2.30732	0.095945
-0.712805	-0.535448
-0.354302	0.21468
-0.538985	-0.356692
1.73154	-0.180869
-0.0283893	0.435335
0.634299	0.533101
0.938484	0.352812
0.351842	-0.032593
0.221477	-0.125648
0.818983	0.42838
-0.58244	-0.542752
0.210613	0.341046
-0.419484	-0.320933
0.101976	-0.399865
0.264932	0.225599
-0.593304	-1.42369
-0.951808	0.0447561
-0.560713	0.443563
0.558253	0.430152
-0.0609805	0.535523
-0.864898	-0.528974
-0.376029	-0.188815
-0.897489	-0.662219
-0.191345	0.388467
0.503934	0.480827
-0.984399	-0.927594
-0.484667	0.317337
-0.984399	-0.690065
-0.723669	-0.360095
-0.452075	0.230273
-0.386893	0.229932
-0.864898	-0.352089
0.971075	0.81823
1.75326	0.506319
-0.636759	0.401293
-0.00666181	0.557561
-0.691078	-0.363209
-0.886625	-1.37627
0.829847	0.047588
-0.625895	-0.393676
-0.701941	-0.27458
-0.0175256	0.619539
-0.104436	-0.320511
1.03626	-0.0025215
0.156294	0.316633
0.210613	-0.133142
3.13296	0.354962
-0.0283893	0.469099
-0.245664	0.320607
-0.75626	-0.475297
-0.701941	-0.0439263
-0.886625	-0.391905
-0.386893	0.520364
-0.604168	-0.25911
1.05799	0.43482
-0.84317	-0.425623
-0.354302	0.474288
2.492	0.0650677
1.24267	0.577952
-0.864898	-0.156355
0.101976	0.0135456
0.0911119	0.350922
4.07811	0.260138
1.10144	0.370533
-0.14789	-0.35962
0.895029	0.336361
-0.75626	0.36074
-0.658487	-0.677524
-0.821443	-0.109416
-0.202209	0.00407724
2.89396	0.412659
-0.615032	-1.31438
-0.647623	0.366817
0.971075	0.548803
0.558253	0.430152
-0.93008	-0.559746
1.15576	0.176756
-0.66935	0.492367
0.297523	0.441526
0.482207	0.413619
-0.289119	0.275715
-0.376029	0.158906
-0.951808	-1.18307
-0.701941	-0.605145
0.330114	0.28749
-0.875761	0.0223631
0.949348	0.532781
-0.66935	-0.564334
-0.386893	-0.0484732
-0.625895	0.418959
0.243204	-0.105908
-0.0283893	0.400758
1.30785	0.571786
-0.886625	-0.530686
0.0802482	0.328718
0.0476569	0.197863
2.01399	0.264711
-0.854034	-0.856492
1.12317	0.332325
-0.126163	0.167489
-0.897489	0.347528
-0.430348	0.14957
-0.473803	0.212378
2.60064	0.443817
0.188886	0.31265
-0.854034	0.152953
-0.32171	0.3929
0.623435	0.269411
-0.875761	-0.593804
1.76413	0.597703
0.145431	-0.225683
-0.49553	-0.21399
-0.0501168	-0.604158
-0.180482	-0.411695
2.05745	0.570229
-0.213073	0.43248
-0.191345	-0.309963
-0.723669	-0.272535
-0.745396	0.567038
-0.538985	-0.286812
-0.712805	-0.302075
-0.549849	0.501365
0.569117	0.518161
1.25353	0.178414
-0.788851	-0.256493
-0.397757	0.604813
0.0585207	0.353008
-0.560713	0.379496
1.56858	0.342228
0.721209	0.196031
-0.951808	-0.527586
0.123703	0.347104
2.48114	0.378295
-0.332574	0.184335
-0.0935718	0.0531651
-0.571577	0.101694
-0.039253	-0.0287895
-0.962671	-0.0529772
0.243204	0.466891
0.66689	0.472097
-0.854034	-0.5346
-0.2348	-0.0499368
-0.984399	-0.233972
-0.223937	0.306083
0.254068	0.236837
-0.473803	0.198655
-0.777988	-0.485473
-0.365165	-0.646429
-0.951808	-1.48942
-0.940944	0.524315
-0.908353	-0.181907
1.2644	0.697566
0.449616	0.164003
1.18835	0.344636
0.742937	-0.000297128
-0.397757	0.0816719
1.80758	-0.155329
-0.0283893	-0.758094
1.39476	0.572594
-0.0935718	-0.0870235
0.623435	-0.187065
-0.886625	-0.267924
-0.354302	0.500601
-0.40862	-0.151314
-0.810579	-0.540751
0.0911119	0.394964
-0.343438	0.511702
-0.821443	-0.795996
-0.886625	0.392431
-1.03872	-1.03117
1.29699	-0.688123
-0.799715	-0.879648
0.862438	0.132167
-0.40862	0.652246
-0.897489	-0.421847
1.03626	-0.176582
-0.84317	-0.105228
-0.039253	0.115415
-0.571577	-0.442226
-0.951808	-1.06755
1.25353	0.330584
3.3611	0.53186
-0.571577	0.134883
-0.951808	-0.414635
2.26386	0.0234756
1.29699	-0.176323
0.460479	0.227863
-0.66935	-0.564334
-1.00613	-0.163871
-0.875761	-0.0939107
-0.191345	0.431809
-0.441212	0.387187
-0.821443	-0.612417
-0.49553	-0.212581
0.0259294	-0.271563
-0.441212	0.243948
0.417024	0.284984
0.0585207	0.215732
0.188886	-0.179406
0.362706	0.397237
-0.615032	0.0672837
-0.984399	0.154503
-0.66935	0.106268
-0.788851	-0.729555
0.645163	-0.0260657
-0.832306	-0.646257
-0.245664	-0.296239
-0.625895	0.0555854
2.88309	0.741074
-0.854034	0.338558
0.427888	0.501039
-0.213073	0.335316
-0.995263	-0.528618
0.123703	-0.685191
-0.919216	-0.403254
-0.549849	-0.212011
-0.93008	-0.560874
-0.864898	0.426326
-0.560713	0.690292
-0.973535	0.240882
-0.886625	-1.06906
-0.854034	-0.664155
1.21008	0.242697
-0.995263	0.13592
-0.897489	-0.0879815
0.134567	-0.355845
0.210613	0.388152
0.145431	0.28694
-0.951808	-0.423968
-0.84317	-0.593107
-0.593304	0.310426
1.01453	0.440979
-0.691078	-0.463189
-0.875761	0.533134
0.275796	0.151878
1.18835	0.434599
-0.00666181	0.0225311
3.19814	0.423452
-0.767124	0.00556429
-0.962671	-0.271327
0.210613	0.0409022
1.64463	0.268132
0.264932	0.220522
-0.484667	0.446153
-0.66935	-0.330878
-0.973535	-0.296
-0.571577	0.0318299
-0.299983	0.587043
0.427888	-0.184697
3.38283	-0.150783
-0.886625	0.564125
-0.2348	0.511803
0.188886	0.436079
-0.919216	-1.17403
-0.636759	-0.68339
-0.973535	0.104014
-0.625895	0.267983
-0.397757	-0.091993
-0.604168	0.337001
-0.441212	0.160975
-0.788851	0.392393
-0.310847	0.244102
-0.691078	-0.663092
-0.864898	-0.566593
-0.973535	-0.721187
-0.376029	-0.340457
-0.984399	0.106361
-0.75626	0.478391
-0.473803	-0.131264
-0.039253	0.370199
-0.560713	0.405291
1.06885	0.845805
-0.767124	0.334013
2.253	-0.0898741
0.308387	0.276711
-0.658487	-0.423388
-0.2348	-0.231754
-0.701941	-0.0707195
-0.973535	-0.0946112
0.330114	-0.577207
-0.267392	0.0799232
-0.386893	0.0638901
1.22094	0.428377
-0.32171	0.511532
-0.897489	-0.388136
0.710345	0.480108
-0.897489	0.287468
0.634299	0.280115
0.286659	0.527249
-0.506394	-0.110646
-0.332574	-0.107904
0.123703	0.521492
0.905893	0.239727
0.145431	0.51119
-0.0609805	-0.287177
2.00313	0.332505
1.51426	0.452385
-0.517258	0.360406
-0.701941	-0.779705
-0.202209	0.011746
1.65549	0.353925
-0.169618	-0.126952
-0.49553	-0.118467
1.72067	0.332453
0.123703	0.340359
-0.636759	0.123976
-0.886625	-0.126767
0.829847	0.699558
-0.32171	0.239363
-0.169618	0.357826
-0.908353	-0.738641
1.73154	0.4049
-0.376029	0.290642
-0.886625	-0.860819
-0.615032	0.503786
-0.289119	0.610924
-0.951808	-0.715879
-0.973535	-0.275317
0.49307	0.301816
0.0693844	0.106293
0.254068	0.402447
-0.126163	0.191967
-0.701941	0.0544673
-0.299983	-0.6035
-0.223937	0.549679
0.0693844	-0.279873
-0.854034	-0.591515
-0.995263	-0.724263
0.960212	0.489333
-0.289119	0.252409
-0.897489	-0.958401
0.992803	0.683682
1.89449	0.627557
0.0585207	-0.0235584
-0.886625	-0.566759
-0.202209	0.11297
-0.365165	0.472105
0.395297	0.276908
-0.940944	-0.334408
-0.332574	-0.0512518
-1.02785	-1.45387
0.0150657	0.197078
0.710345	-0.297884
-0.0501168	0.0428976
-1.00613	-0.76667
-0.810579	-0.690292
-0.0175256	0.302484
-0.788851	-0.416084
-0.821443	0.175831
-0.267392	-0.389567
0.0802482	0.251726
0.275796	0.335762
-0.647623	0.16904
-0.517258	0.088932
-0.886625	0.0129598
-0.734533	-0.467606
-0.962671	-0.0291643
-0.615032	-0.949736
-0.0175256	0.184373
-0.84317	-0.790894
3.40455	0.259676
-0.386893	-0.391027
-0.549849	0.199601
-0.365165	0.413335
0.232341	0.114273
0.101976	0.0316207
-0.104436	0.448298
-0.832306	0.0824073
1.21008	0.138599
2.48114	0.70565
-0.777988	-0.131196
0.0367932	-0.242614
0.66689	0.251512
0.503934	0.204981
-0.354302	0.500338
0.818983	0.55763
1.07971	0.698425
-0.104436	-0.0869341
0.0367932	-0.0289648
0.286659	-0.16061
4.33884	0.648744
-0.691078	0.518063
2.83964	0.457757
-0.647623	0.511674
-0.723669	-0.327968
0.971075	0.463938
-0.919216	-1.37935
-0.278255	0.11951
-0.962671	-1.44491
0.569117	0.327616
-0.897489	-0.38606
-0.354302	-0.0345495
3.61097	0.514019
-0.951808	-0.198981
-0.32171	0.289425
0.427888	-0.0892608
-0.777988	0.338926
-0.864898	-0.785992
0.0150657	-0.070286
1.80758	-0.155329
-0.897489	-0.22928
-0.691078	0.738194
-0.864898	-0.463819
-0.462939	0.283498
0.156294	0.25488
0.297523	-0.110398
0.210613	0.472651
0.351842	0.3673
-0.082708	0.300433
-0.158754	0.190094
0.221477	0.31926
-0.0609805	0.0736128
0.199749	-0.0127954
-0.767124	0.241121
1.29699	0.262487
-0.191345	0.242777
-0.984399	-0.675229
0.960212	0.713128
0.134567	0.279258
-0.386893	0.163648
-0.506394	-0.0118709
0.264932	0.225599
-0.376029	0.500503
-0.245664	0.251397
0.243204	0.417145
0.482207	-0.573839
-0.376029	-0.915209
-0.137027	0.0494976
0.167158	-0.0768266
3.30678	0.544083
1.15576	0.286853
-0.039253	0.356699
-0.169618	0.448426
-0.636759	-0.450092
1.82931	0.382063
0.688618	-0.251713
-0.919216	0.313538
2.81791	0.371042
1.8619	-0.168616
2.47027	0.500608
-0.126163	-0.0939093
3.04605	0.0116121
0.677754	-0.517542
-0.897489	0.475284
-0.604168	-0.80878
1.52513	0.571022
3.54578	0.879066
-0.897489	-0.862194
-1.00613	-2.00679
0.0802482	0.210439
1.3839	0.510862
-0.995263	0.474919
-0.875761	0.574386
0.612572	-0.0301123
-0.528122	0.487157
1.40563	0.863529
-0.604168	0.483627
0.0585207	0.712781
1.41649	0.575233
-0.810579	-1.58032
3.26333	0.0784619
-0.441212	0.211845
-0.354302	-0.565258
-0.75626	0.569487
-0.00666181	0.519059
-0.2348	-0.5055
-0.332574	0.00428782
0.732073	0.466102
0.569117	-0.424582
-0.75626	-0.777799
1.28612	0.490428
-0.625895	0.147741
-0.767124	-0.325755
-0.821443	-0.658181
0.503934	0.480827
0.884165	0.50229
-0.93008	-0.175538
-0.538985	0.322606
0.623435	0.43271
0.66689	0.120864
0.210613	0.0522037
1.06885	0.360821
-0.864898	0.0575276
0.57998	0.741589
-0.560713	-0.273101
0.884165	0.499657
-0.473803	0.0866519
3.29592	0.73633
1.1449	-0.436106
0.525662	0.474072
-0.636759	0.172147
0.264932	0.258848
0.427888	-0.0892608
-0.66935	-0.284331
-0.973535	0.0726009
1.97054	0.411381
0.981939	0.431188
-0.973535	-0.0351782
-0.647623	-0.566533
-0.517258	0.465693
0.569117	0.572772
1.00367	0.309277
-0.647623	0.0946156
2.05745	0.398474
-0.973535	-0.789751
0.699482	0.35371
1.2644	0.752214
1.52513	-0.238236
0.57998	0.385532
-0.462939	0.0237858
0.188886	0.555332
-0.854034	-0.480972
-0.571577	-0.364019
-0.832306	0.0955645
-0.115299	0.221139
-0.636759	0.355568
-0.93008	-0.843103
0.134567	0.0710663
0.623435	0.329747
2.60064	0.283166
-0.897489	-0.439509
-0.66935	0.447849
-0.767124	0.0330176
-0.962671	-1.03991
0.482207	0.535741
0.0585207	0.0983059
0.243204	0.432645
2.02486	0.588533
0.612572	0.0708174
-0.191345	0.131355
-0.625895	0.480518
-0.191345	0.566094
-0.821443	-0.416851
-0.310847	0.249336
-0.506394	0.185933
0.818983	0.63214
0.178022	0.216939
-0.332574	-0.147927
-0.419484	-0.0594894
-0.0501168	0.325089
-0.115299	0.384266
0.710345	0.60801
-0.58244	-0.0264804
3.65442	-0.0352212
0.406161	0.115408
0.710345	0.339705
-0.126163	0.471489
0.134567	0.340305
0.297523	0.494308
0.569117	0.640936
0.275796	0.717281
-0.940944	-0.824332
1.22094	0.210525
-0.549849	-0.0921225
-0.951808	-0.809605
3.29592	0.0366981
0.438752	-0.0570265
0.0693844	0.401928
-0.962671	-1.20653
0.0150657	0.0465905
-0.962671	-0.243893
-0.973535	-1.05411
-0.951808	-1.04139
0.732073	0.540638
-0.995263	-0.556313
-0.40862	0.652246
-0.517258	-0.630972
-0.0718443	0.373715
-0.897489	-0.569866
-0.908353	-0.237067
-0.14789	0.433877
2.05745	0.101892
-0.343438	0.562989
-0.430348	0.309377
-0.984399	-0.279549
-0.0283893	-0.153265
-0.93008	0.24208
-0.604168	-0.738914
-0.908353	-0.834852
0.449616	-0.0554047
-0.202209	0.498988
1.29699	0.231921
-0.897489	-0.571259
-0.58244	-0.245741
-0.213073	-0.0847604
-0.951808	-0.4159
-0.788851	-0.35869
-0.962671	-0.0291643
-0.126163	0.566269
-1.01699	-0.923207
-0.169618	0.317623
-0.528122	0.562493
1.99227	0.550093
0.688618	-0.0433313
0.66689	0.242232
1.00367	0.107792
1.49254	0.139957
0.710345	-0.249801
1.53599	0.579364
-0.734533	-0.371722
-0.267392	0.121162
-0.397757	0.231246
0.547389	0.290682
-0.875761	0.0223631
-0.32171	-0.217009
-0.137027	0.300258
0.558253	0.635034
-0.549849	0.0672896
-0.973535	-0.748833
-0.84317	-0.798635
2.69841	0.12524
-0.908353	-0.303002
1.10144	0.433666
1.43822	0.709911
0.742937	0.549347
-0.0935718	0.57701
-0.452075	-0.227459
0.112839	0.133744
1.84017	0.202221
0.438752	-0.152286
-0.278255	-0.267062
-0.0935718	0.3901
-0.658487	-0.693471
-0.745396	0.427561
-0.137027	0.273869
-0.832306	-0.571391
-0.864898	0.211555
-0.712805	0.378671
-0.734533	-0.903822
-0.962671	0.168895
0.514798	0.34938
-0.897489	-0.185588
0.764664	0.508307
-0.691078	-0.352454
0.590844	-0.5104
0.0911119	-0.471279
0.0693844	-0.309971
2.48114	0.030497
-0.995263	-0.360433
-0.386893	0.196323
-0.897489	-0.375785
-0.593304	-0.651255
-0.897489	0.362691
0.438752	0.683971
-0.886625	-0.349713
-0.310847	0.542441
-0.691078	0.510314
-0.0175256	-0.40171
-0.58244	-0.270261
0.482207	0.304856
0.569117	0.243039
-0.289119	0.432579
-0.93008	-1.09798
-0.962671	-0.514618
-0.919216	-0.696389
1.29699	0.442996
-0.767124	-0.960754
-0.593304	-0.13923
0.0367932	0.138354
0.710345	0.704432
-0.658487	0.220989
0.981939	-0.351441
-0.767124	0.249057
-0.962671	-0.767167
-0.180482	0.386577
-0.897489	-0.451385
0.590844	0.28269
-0.430348	0.339652
0.482207	0.471122
1.02539	0.0690321
-0.951808	-0.617819
-0.940944	-1.35629
-0.549849	-0.232637
0.884165	0.455626
-0.180482	-0.194429
-0.462939	-0.567861
-0.039253	0.0733872
0.373569	0.0537479
-0.788851	0.0852263
0.558253	0.426104
-0.701941	0.429553
0.49307	0.574545
0.221477	0.563723
2.86137	0.474457
-0.245664	-0.131645
-0.897489	0.277144
0.254068	-0.200853
-0.180482	0.306786
-0.538985	-0.114066
-0.962671	-0.166581
-0.93008	-1.14777
-0.419484	-0.207315
-0.299983	0.881754
-0.528122	0.561889
-0.0718443	0.453352
0.992803	0.481426
-0.039253	0.175193
-0.299983	0.137302
0.178022	0.325762
-0.376029	-0.446715
1.16662	0.422293
-0.897489	-1.09998
-0.14789	0.268991
-0.137027	0.41999
-0.58244	0.728637
-0.267392	0.121162
0.297523	0.202059
1.53599	0.329029
-0.832306	-0.00143416
1.01453	0.861045
0.297523	0.247513
-0.777988	-0.0638728
-0.0609805	-0.0785298
-0.473803	0.402379
-0.962671	-0.658267
3.15469	0.43696
-1.00613	-0.912261
-0.962671	-0.398496
0.482207	0.557617
0.210613	0.191215
-0.886625	-0.717837
0.373569	0.0246676
-0.995263	-0.738758
-0.560713	-0.369352
-0.506394	-0.252711
-0.919216	-0.00841211
-0.549849	-0.449677
-0.897489	-0.508354
1.18835	0.583537
-0.571577	0.00234443
-0.810579	-0.470052
-0.745396	-0.947605
-0.84317	0.231015
0.460479	0.0620966
1.02539	-0.0626401
0.0585207	0.284149
0.482207	0.306758
0.797255	0.293895
2.23127	0.777195
1.07971	0.311512
-0.115299	0.0573473
2.14436	0.458855
1.70981	0.588732
-0.310847	-1.05382
0.319251	0.203767
-0.951808	-0.607328
-0.299983	-0.20667
-0.289119	0.215195
0.319251	0.458095
2.48114	0.471056
-0.75626	-0.106942
0.427888	0.709745
-0.93008	0.57204
-0.734533	-0.551335
1.51426	0.518053
0.949348	0.383928
-0.419484	0.602478
8.1846	0.854113
0.232341	0.16116
-0.137027	0.287662
-0.864898	-0.103419
0.971075	0.378143
0.254068	-0.772637
-0.0609805	0.276971
-0.951808	-0.703723
-0.082708	0.420526
0.275796	0.112239
1.39476	0.462327
0.916757	0.233355
0.547389	0.503622
0.862438	0.169198
-0.310847	0.375339
2.22041	0.613849
-0.886625	0.308583
-0.202209	0.425631
-0.734533	-0.260729
-1.01699	-0.971096
-0.473803	0.0487111
-0.517258	-0.1241
-0.245664	0.191667
-0.419484	0.450077
-0.919216	-0.42986
-0.973535	-0.112983
-0.289119	0.100594
0.525662	0.219955
3.29592	0.177296
-0.223937	0.263925
-0.0501168	-0.125252
-0.886625	-0.423512
-0.93008	-0.469328
1.9814	0.392538
0.612572	0.348325
-0.636759	0.234183
-0.93008	-1.05334
-0.66935	-0.302929
-0.549849	-0.301553
-0.289119	0.339599
-0.984399	-1.30241
9.72725	0.279791
-0.864898	-0.158641
-0.886625	0.28322
-0.854034	-0.404358
-0.93008	0.187953
0.373569	0.371268
0.286659	-0.457494
-0.0609805	0.31794
-0.875761	0.142407
0.0911119	0.27205
-0.452075	-0.361879
-0.919216	-0.75636
-0.397757	-0.32577
-0.799715	-1.04526
-0.571577	0.0316194
-0.832306	-0.792297
0.188886	0.129908
-0.354302	0.135468
-0.0718443	0.331126
-0.799715	0.446049
0.145431	0.378387
-0.66935	-0.95548
-0.180482	0.144157
1.47081	0.553728
-0.940944	-0.5328
-0.832306	-0.345313
-0.875761	-0.63321
-0.126163	-0.460603
-0.473803	0.351944
3.01346	0.58549
-0.712805	0.0476805
3.43715	0.513108
1.1123	0.509565
-0.810579	-0.158456
-0.58244	-0.0597819
-0.919216	0.165585
-0.180482	-0.0260116
-0.245664	0.281752
-0.66935	0.187104
-0.560713	0.045023
1.27526	0.388375
-0.386893	0.163648
0.134567	0.0539868
1.76413	0.468666
-0.126163	0.191162
-0.680214	-0.586564
2.731	0.541963
0.286659	0.476169
0.351842	0.280982
-0.93008	-0.671668
0.764664	0.387049
-0.973535	-0.964557
0.134567	0.0998631
-0.712805	-0.404574
0.862438	0.442174
-0.484667	-0.187094
1.12317	0.730488
-0.940944	-0.310114
-0.462939	0.378191
-0.104436	-0.114231
-0.32171	-0.0644718
1.65549	-0.0109191
-0.854034	-0.0889292
-0.908353	-0.839983
0.264932	0.446205
2.68755	0.471772
-0.984399	0.241215
-0.115299	0.48799
1.57945	0.39797
-0.940944	-0.780813
-0.625895	0.387161
-0.951808	-0.790038
0.829847	0.0173023
1.13403	0.447442
-0.484667	0.602446
0.57998	0.159695
-0.777988	-0.965716
-0.278255	-0.858953
-0.897489	0.140336
1.24267	0.255864
-0.832306	-0.484038
-0.0935718	0.161638
0.232341	-0.627451
-0.267392	-0.0495023
1.88363	0.219282
-0.854034	-0.371699
0.775528	-0.00454459
-0.84317	-0.665446
0.188886	0.29697
-0.32171	-0.343952
-0.386893	0.380562
0.221477	-0.0752507
0.525662	0.22564
1.91622	0.371399
3.54578	0.148659
-0.995263	-0.85691
0.286659	0.311511
0.167158	0.0841359
-0.104436	0.372233
0.938484	0.382121
-0.0175256	0.138044
1.41649	0.470957
0.101976	-0.658793
3.43715	0.737784
0.00420194	0.215195
-0.821443	0.415951
-0.723669	-0.229175
-0.93008	-0.476538
3.51319	0.793648
-0.158754	-0.768128
-0.810579	-0.161293
1.7424	0.13011
-0.745396	0.328502
-0.365165	0.385785
0.0367932	0.485002
2.1335	0.687055
-0.995263	0.410001
-0.723669	-0.180179
-0.0718443	0.355547
-0.615032	0.214827
0.0150657	0.222608
-0.691078	0.0879769
0.0693844	0.127822
-0.462939	-0.142527
-0.191345	0.257009
0.960212	0.358255
-0.821443	0.411897
-0.549849	-0.212011
2.41595	0.96665
-0.49553	0.458682
-0.517258	-0.281093
-0.191345	0.368847
-0.658487	0.334539
1.81845	0.412785
-0.00666181	-0.124474
1.36217	0.358198
0.460479	0.42065
-0.864898	0.0923194
-0.680214	0.0633884
0.0150657	0.292954
-0.66935	-1.08499
-0.549849	0.168214
-0.00666181	-0.277898
-0.951808	-1.72019
-0.767124	0.0247028
-0.75626	0.257431
0.84071	0.480634
1.15576	0.328773
0.895029	0.578107
-0.821443	-0.35525
0.427888	-0.158639
-0.75626	-0.143403
-0.832306	-0.650974
0.264932	0.190201
0.0367932	0.380001
-0.984399	-0.410975
-0.2348	0.222356
-0.93008	-0.730484
-0.767124	-0.700374
0.00420194	0.0098125
-0.832306	-0.0446871
-0.864898	-0.0922156
-0.777988	0.106598
-0.908353	-0.407133
-0.332574	0.361172
0.960212	0.217153
0.949348	0.374852
-0.723669	-0.946707
-0.908353	-0.569416
-0.745396	-0.138898
-0.571577	-1.10777
-0.84317	-0.557412
-0.821443	0.465658
0.373569	0.519243
0.156294	0.6683
2.58977	0.333561
3.46974	0.512978
-0.354302	-0.230879
-0.169618	-0.121344
-0.919216	-1.17356
-0.202209	0.588948
-0.864898	-0.816173
-0.973535	-0.376612
-0.191345	0.164307
-1.01699	-1.81128
-0.473803	-0.185162
-0.691078	-0.310257
-0.593304	-0.952264
-0.636759	0.505421
0.49307	0.198585
-0.810579	-0.0759485
1.30785	-0.794603
-0.332574	-0.0379696
1.09058	-0.27616
-0.615032	0.0387325
-0.908353	0.534747
2.11177	0.647975
0.188886	0.304916
-0.84317	0.0589208
1.41649	0.317608
-0.962671	-0.606763
0.92762	0.528034
-0.549849	-0.818988
-0.821443	-2.39703
-0.995263	-0.131185
-0.897489	-0.374079
-0.115299	0.470621
1.1123	0.442615
-0.788851	-0.671645
-0.647623	-0.462182
-0.701941	-0.175976
-0.126163	0.180098
-0.419484	-0.439017
-0.973535	-0.542591
4.29538	0.554129
-0.777988	-1.65556
-0.951808	-0.42884
-0.821443	0.180292
0.601708	-0.00409653
0.623435	0.482819
-0.810579	-0.154726
-0.115299	0.208977
-0.560713	-0.4909
-0.213073	0.329855
-0.691078	0.160529
0.0476569	-0.249238
-0.506394	-0.592111
-1.00613	-0.141372
-0.636759	-0.00970481
-0.0935718	-0.0439609
0.482207	0.537359
1.6229	0.172967
-0.32171	0.493125
1.55772	0.375854
2.40509	0.33861
-0.995263	-0.144573
-0.940944	-0.102877
-0.821443	0.599171
-0.528122	-0.386532
0.232341	-0.585464
-1.03872	-0.031889
-0.386893	0.270689
0.623435	0.593665
2.47027	0.641191
0.66689	0.259633
-0.00666181	0.290709
-0.93008	-0.641851
-0.137027	0.252091
0.536525	-0.239128
-0.365165	0.47582
-0.908353	-0.185751
1.03626	0.532751
-0.00666181	0.257988
-0.538985	-0.968499
0.601708	0.26733
-0.419484	0.505719
-0.473803	0.106631
-0.93008	-0.243822
-0.082708	0.0285255
3.42628	0.452303
-0.897489	-0.131918
-0.289119	0.339599
-0.93008	-0.33873
-0.104436	0.372233
0.710345	0.0256584
-0.213073	0.25009
0.0150657	-0.0858369
-0.104436	0.036299
-1.00613	-1.05397
1.06885	0.154817
0.905893	-0.0795532
-0.734533	-0.161672
-0.517258	-0.0230673
-0.397757	-0.180994
-0.821443	0.322261
0.873302	0.686801
-0.538985	0.610774
0.862438	-0.0518571
1.05799	0.603495
-0.278255	0.503086
-0.767124	-0.264402
-0.517258	-0.231052
0.0693844	0.4516
0.851574	0.321925
-0.93008	0.101258
-0.636759	-0.836392
-0.625895	0.480518
0.145431	0.644055
-0.441212	0.292924
-0.528122	-0.537726
-0.799715	0.221122
-0.897489	-0.998928
1.79672	-0.385458
0.362706	0.37714
-0.919216	-0.246915
2.74187	0.50098
0.721209	-0.612181
-0.506394	0.00849261
-0.854034	-0.0994031
-0.973535	0.0673851
-0.777988	0.371598
-0.0935718	-0.551377
-0.169618	0.638942
-1.00613	-0.0690749
-0.84317	-0.555835
-1.03872	-0.732545
-0.593304	0.259295
0.0476569	0.361432
0.254068	0.053983
0.340978	0.0620075
-0.430348	-0.588512
-0.712805	-0.052502
3.19814	0.632963
-0.430348	-0.152257
-0.647623	-0.651402
0.0585207	0.168117
-0.940944	-0.108829
-0.473803	0.131037
-0.951808	-0.453727
-0.788851	-0.0966966
-1.00613	-0.76667
-0.691078	-0.551972
-0.332574	0.488856
1.15576	0.552524
-0.58244	0.425153
-0.593304	-0.116348
3.44801	0.724438
-0.0501168	0.302119
-0.93008	0.217497
0.417024	-0.222475
-0.875761	-1.06376
-0.462939	0.519607
-0.854034	-0.501106
-0.995263	-0.524075
-0.625895	-0.331214
0.0367932	0.414941
-0.886625	-0.702541
-0.66935	-0.495842
-0.430348	-0.605003
-0.386893	0.0791266
-0.180482	-0.234245
0.210613	-0.0608628
-0.462939	0.433428
2.14436	0.231849
-0.452075	0.014796
0.460479	0.630559
1.97054	0.288146
0.514798	0.200615
-0.625895	0.268244
-0.310847	0.725714
1.47081	0.440822
-0.462939	-0.306554
-0.158754	0.300466
0.818983	0.361249
-0.701941	0.00144438
0.297523	-0.193985
0.569117	0.429862
0.178022	-0.377012
1.32958	0.234234
0.406161	0.492229
0.221477	-0.0826827
-0.213073	0.333071
-0.202209	-0.0348259
-0.962671	-0.835672
-0.701941	0.0630006
-0.799715	-1.5972
-0.777988	0.140703
0.156294	0.00889043
0.340978	0.195796
0.351842	0.184114
-0.745396	-0.245253
0.395297	0.174078
-0.821443	-0.182341
0.818983	0.556609
-0.908353	0.348247
0.275796	0.480007
-0.14789	0.486613
-0.278255	0.433369
-0.875761	-0.613879
0.569117	0.441565
0.00420194	0.417521
2.12263	0.153118
-0.821443	0.352369
-0.158754	0.161729
2.33991	-0.169153
0.427888	0.292957
-0.40862	0.0370298
0.710345	0.341418
-0.658487	-0.396837
2.53545	0.558691
0.449616	0.550061
-0.082708	0.179361
-0.658487	0.412915
0.417024	0.162478
-0.788851	0.245195
0.0367932	0.542405
-0.14789	0.450282
-0.397757	0.541371
-0.593304	-0.499035
0.7538	0.223663
-0.886625	-0.531459
0.232341	-0.584876
-0.854034	-0.568152
-0.289119	0.040317
0.373569	0.108177
1.57945	0.522874
-0.940944	-0.46304
-0.984399	-0.033722
-0.84317	0.265115
-1.00613	-0.785668
1.43822	0.888621
-0.213073	0.479603
2.26386	0.396965
-0.0283893	-0.251928
-0.691078	0.124318
-0.158754	0.281859
-0.462939	-1.25876
2.78532	0.452484
-0.84317	-0.602043
-0.810579	-0.0746524
-0.93008	-0.855951
-0.278255	-0.65655
-0.0718443	0.501263
-0.897489	0.477008
-0.082708	0.0799804
-0.191345	0.299314
-0.245664	-0.173715
-0.376029	0.557974
-0.832306	-0.0577025
-1.00613	-0.903783
0.732073	-0.0982143
1.7424	0.147537
-0.908353	-0.236546
-0.93008	-0.621637
2.98087	0.363534
-0.104436	0.279115
1.70981	0.197925
1.51426	0.502831
-0.940944	-0.794576
-0.0175256	-0.0509804
-0.832306	0.0314128
-0.821443	-0.772288
-0.430348	-0.00404719
-0.158754	0.177697
-0.951808	-0.4159
-0.701941	-0.029703
-0.473803	-0.399362
-0.473803	0.166319
0.981939	0.315249
0.254068	0.0527833
-1.00613	-0.290231
0.57998	0.468819
-0.66935	0.0514359
-0.647623	-0.159687
-0.864898	0.0961649
2.11177	0.298429
-0.734533	0.16454
0.0476569	-0.168084
-0.571577	0.37848
0.0150657	0.414451
0.156294	0.307304
-0.919216	-0.625715
1.84017	0.641144
1.44908	-0.00509863
-0.289119	-0.0169911
-0.745396	0.340908
-0.799715	-0.145739
0.340978	-0.263735
-0.126163	0.415782
1.61204	0.145289
0.330114	0.486943
1.97054	0.104118
0.623435	0.318495
0.514798	0.150363
0.0367932	0.0600308
0.101976	0.483442
-0.864898	0.189456
0.612572	0.394726
-0.126163	0.159543
-0.462939	-0.230172
0.243204	-0.383392
-0.625895	0.142064
-0.919216	-0.712814
-0.2348	-0.126082
0.384433	-0.293108
0.362706	-0.404665
0.775528	-0.0572614
0.84071	0.606413
3.19814	0.600958
0.503934	0.436024
-0.441212	0.0389685
0.569117	0.438358
0.123703	0.79055
-0.14789	0.29302
0.818983	0.795925
0.0585207	-0.39965
-0.701941	-0.754629
-0.430348	-0.246308
0.210613	0.158917
1.61204	0.219358
-0.886625	-0.883735
0.786392	0.0154081
-0.615032	-0.442109
-0.49553	-0.733747
-0.75626	0.0570729
-0.615032	-0.460175
-0.441212	0.00804218
-0.593304	0.2282
-0.386893	-0.835817
-0.658487	0.165985
0.732073	-0.178291
-0.908353	-1.07953
0.0802482	0.0733302
-0.93008	0.220387
-0.691078	-0.369592
-0.75626	-0.0492247
-0.940944	-1.0425
1.32958	0.12016
-0.0283893	-0.125295
-0.0718443	0.559129
-0.854034	0.386128
-0.734533	0.369817
-0.962671	-0.57395
-0.484667	-0.823347
0.167158	0.255029
0.134567	0.202381
-0.191345	0.180175
-0.299983	0.463174
1.3839	0.419545
-0.84317	-0.311468
1.78586	0.208758
-0.940944	-0.498899
0.656027	0.112185
-0.32171	-0.0348617
-0.462939	0.349571
0.438752	-0.045296
1.28612	0.514775
-0.788851	-1.10088
-0.799715	-0.0594398
0.384433	0.236152
-0.973535	-0.0454601
-0.49553	0.15433
-0.745396	-0.5626
-0.973535	-0.23646
-0.777988	-1.09792
-0.854034	-0.236776
0.710345	0.441692
-0.745396	0.00458549
2.16609	0.477775
-0.723669	-0.946707
0.123703	-0.346811
0.438752	0.360565
-0.66935	0.497521
-0.93008	-0.855172
-0.864898	0.326165
-0.441212	-0.63388
-0.289119	0.0815724
0.427888	0.591655
-0.886625	-0.762359
-0.93008	-0.899376
-0.951808	-0.650527
0.851574	0.531479
0.232341	0.344981
0.417024	0.426612
0.612572	-0.0214525
-0.680214	-0.649358
0.981939	0.0874001
-0.908353	-0.0058806
-0.615032	-0.160717
-0.647623	0.26183
-0.571577	0.194469
-0.864898	-0.488617
-0.951808	-0.166582
-0.93008	-0.744432
-0.430348	0.364573
-0.386893	0.0957037
-0.593304	-0.0778743
-0.462939	-0.272697
1.23181	0.388533
-0.799715	0.218231
0.710345	0.336084
-0.484667	0.410565
-0.995263	-0.12511
0.167158	0.0772422
-0.691078	0.567589
-0.169618	0.358358
5.04498	0.668867
-0.202209	-0.109209
0.243204	0.288857
-0.767124	-0.0743578
-0.332574	0.279162
-0.767124	-0.347397
0.0802482	-0.731719
-0.615032	0.10601
-0.951808	-1.29055
-0.940944	-0.456742
0.7538	0.155906
-0.886625	-0.552963
0.351842	0.373734
-0.0283893	0.0587955
1.04712	0.304061
-0.517258	0.359581
1.16662	-0.030199
1.93795	0.492435
1.77499	0.474505
-0.441212	0.273977
2.01399	-0.568172
-0.919216	0.133358
-0.940944	-0.517337
-0.0501168	0.483096
-0.886625	-0.496065
-0.473803	-0.786268
-0.126163	-0.0929274
4.27365	0.0241622
-0.604168	-0.755651
-0.593304	-0.054777
-0.625895	-0.201886
-0.908353	-0.617022
-0.223937	0.224724
2.11177	0.575028
-0.0935718	0.0051807
0.101976	-0.026071
-0.712805	-1.07304
0.286659	0.0456312
0.0693844	-0.401181
0.0802482	0.475041
-0.49553	0.236695
-0.962671	-1.32167
-0.267392	-0.859689
-0.897489	-0.389757
-0.636759	0.236641
-0.082708	0.0952305
0.0259294	-0.44088
0.84071	0.467469
-0.93008	-0.0335759
1.1123	0.272664
-0.680214	0.205853
-0.191345	0.356511
-0.202209	0.0948443
-0.49553	-0.127846
0.645163	0.511868
-0.0501168	-0.162446
-0.191345	-0.559935
1.42735	0.293108
0.851574	0.142337
0.547389	0.0442286
-0.49553	0.0432719
0.503934	-0.330778
-0.897489	-0.0421051
-0.452075	0.345399
0.0693844	-0.938747
-0.0283893	0.200862
-0.897489	-1.19456
-0.0283893	-0.078731
-0.854034	0.395688
1.92708	0.46308
2.07918	0.152786
-0.571577	-0.996195
3.69788	0.484369
-0.452075	-0.254235
-0.615032	-0.181179
1.01453	0.315672
-0.538985	-0.311882
-0.082708	0.576755
-0.397757	0.194814
-0.615032	0.359119
1.97054	0.104118
1.57945	0.528399
-0.821443	-1.19699
-0.00666181	-0.385408
-0.256528	-0.469184
-0.854034	-0.117174
-0.788851	-0.494576
-0.462939	0.22448
-0.58244	-0.349028
0.297523	0.155054
-0.897489	-1.19953
1.06885	-0.239217
2.52459	0.151183
-0.908353	0.382547
-0.799715	-1.1163
-0.951808	-0.853393
-0.560713	0.807053
-0.908353	-0.519744
0.797255	0.285475
-0.202209	0.60411
-0.549849	-0.449173
3.66528	0.619584
0.319251	0.431138
-0.104436	0.232564
-0.767124	-0.493915
-0.245664	-0.242504
-0.593304	0.293105
-1.00613	-0.437786
-0.604168	0.126478
1.02539	0.352108
-0.658487	-0.00512403
0.395297	0.415428
-0.397757	0.0983345
-0.940944	0.24923
-0.2348	-0.349196
-0.767124	-0.470358
0.275796	0.391558
0.438752	0.369813
0.612572	0.685687
-0.897489	-0.473925
1.9814	0.701681
0.482207	0.0888287
-0.115299	-1.98287
-0.799715	-0.42335
0.0911119	0.0580493
-0.506394	-0.336683
2.17695	0.365
0.612572	0.305637
-0.93008	-0.703609
-0.267392	-0.00844686
-0.821443	0.24981
-0.571577	0.221601
1.04712	0.384799
0.156294	0.0706373
-0.343438	0.708353
0.199749	0.178652
0.645163	0.267857
2.22041	0.686306
0.243204	0.153864
-0.973535	-1.05274
-0.984399	-0.488658
-0.223937	-0.144981
-0.180482	0.323934
-0.397757	-0.0466603
1.80758	0.635144
1.05799	0.0471046
-0.0609805	-0.0785298
-0.832306	-0.997836
1.41649	0.184747
0.0585207	-0.0904989
0.960212	0.523455
0.210613	0.318287
-0.84317	-0.895355
-0.473803	0.265258
-0.343438	-0.119211
-0.462939	0.320723
0.514798	0.180273
-0.919216	0.477593
-0.908353	0.175018
-0.365165	-0.214808
1.12317	0.0569346
-0.962671	-0.332788
-0.126163	-0.103612
2.99173	0.177607
-1.00613	-1.2145
0.232341	0.667492
1.2644	0.47961
1.15576	0.495419
0.710345	0.257937
1.12317	0.508626
3.26333	0.30386
0.57998	-0.246449
-0.973535	-0.544737
0.362706	-0.226558
-0.84317	0.080899
0.0476569	0.415508
-0.658487	0.228523
-0.615032	-0.612106
1.00367	0.611881
1.22094	-0.0858649
-0.864898	-1.03161
-0.962671	0.288211
-0.940944	-0.78767
0.960212	0.482254
0.340978	0.579622
-0.886625	0.312021
-0.419484	-0.407751
-0.169618	0.623712
0.503934	0.394684
0.775528	0.398273
0.873302	0.677022
-0.386893	-0.225765
-0.821443	0.543423
-0.528122	-0.101408
1.32958	0.173204
-0.419484	0.381421
-0.962671	-0.735276
-0.886625	0.397343
2.30732	0.138264
2.23127	0.63454
-0.419484	0.331685
0.0585207	-0.114404
1.93795	0.524295
3.31764	0.524863
-0.951808	-0.30814
0.373569	0.39622
1.12317	0.622204
0.134567	-0.595192
-0.919216	-0.258465
-0.039253	0.460605
0.417024	-0.384374
-0.625895	-0.331214
-0.647623	-1.38836
-0.84317	0.240394
0.00420194	0.398737
-0.354302	-0.542467
0.199749	0.0385549
0.634299	0.151375
0.297523	-0.333572
-0.777988	0.136254
-0.538985	-0.698821
-0.169618	0.151029
-0.680214	-0.20538
-0.549849	0.579382
1.21008	-0.186101
0.656027	0.591805
3.17642	0.858633
0.210613	-0.0801518
-0.919216	-0.33528
0.123703	-0.402291
0.818983	0.507033
-0.658487	-0.498587
-0.310847	0.468374
0.340978	0.617352
-0.93008	-0.07081
-0.973535	-1.13489
0.275796	-0.567528
-0.104436	-0.00246919
-0.462939	-0.168675
-0.082708	0.209476
-0.419484	0.332751
-0.365165	0.358721
-0.777988	0.204086
-0.84317	-0.164349
0.688618	0.0186773
-0.767124	0.352994
-0.571577	0.254692
-0.701941	-0.370699
-0.951808	0.00350409
0.84071	0.362698
0.232341	0.609634
-0.506394	0.0781463
-0.104436	-0.225792
-0.723669	-0.204191
-0.799715	-0.226398
1.40563	0.353864
1.27526	0.25443
1.6229	0.589231
-0.75626	-0.427004
-1.00613	-1.2145
-0.832306	0.433079
-0.951808	0.143149
-0.897489	-0.989168
-0.919216	-0.0524953
-0.66935	0.346767
1.52513	0.455565
-0.875761	-0.143541
-0.430348	0.203258
1.02539	0.22023
-0.66935	-0.259285
0.905893	0.183729
-0.701941	-0.17097
0.406161	-1.05633
-0.636759	-0.225098
0.0367932	-0.0177701
-0.84317	-0.707565
-0.40862	-0.0895604
-0.93008	0.286172
-0.75626	-0.277533
-0.473803	0.391743
-0.940944	-0.272147
-0.615032	0.419397
-0.897489	-0.8387
-0.875761	-1.6016
-0.734533	-0.179892
-0.864898	-0.0291495
-0.951808	0.433917
-0.0283893	-0.777618
0.66689	0.671276
1.06885	0.429281
0.57998	0.262223
-0.58244	-0.363501
3.75219	0.35324
0.417024	0.215014
1.23181	0.325949
-0.897489	0.0915297
-0.354302	-0.0809161
-0.484667	0.0248635
-0.430348	0.304889
0.884165	0.212285
-0.180482	-0.611348
-0.517258	0.297008
0.340978	0.403409
0.471343	0.133769
-0.940944	-0.804301
-0.528122	-0.173554
-0.897489	0.246877
-0.712805	0.396915
-0.452075	-0.741194
-0.854034	-0.723064
0.536525	0.415512
-0.528122	-0.284224
-0.158754	-0.0244186
0.0476569	0.162331
-0.821443	0.238091
-0.538985	0.375361
3.20901	0.553818
0.210613	0.2842
-0.571577	0.790559
0.264932	0.0612345
-0.397757	-0.127227
1.75326	0.234099
0.449616	0.760562
-0.940944	-0.0494676
-0.419484	-0.170073
-0.875761	-0.422246
-0.528122	-1.03743
-0.039253	-0.413205
0.786392	-0.569098
0.395297	0.503487
-0.517258	0.125537
-0.691078	0.284536
0.243204	0.253324
-0.332574	0.12123
-0.984399	0.391102
-0.452075	0.503242
-0.0501168	0.249793
-0.75626	0.342292
0.134567	0.337669
-0.940944	-0.245247
-0.376029	0.234439
0.732073	0.256825
-0.441212	0.000310075
0.829847	0.104693
2.11177	0.0187289
1.04712	-0.737697
-0.897489	-0.950314
-0.082708	0.242493
-0.517258	0.367577
-0.821443	-0.182341
-0.310847	0.158832
3.65442	0.339621
-0.32171	0.0942097
0.362706	0.464991
0.992803	0.485357
0.0585207	0.251501
-0.66935	-1.08499
-0.908353	0.0418911
-0.213073	-0.209023
1.51426	0.282843
0.938484	0.50708
-0.615032	0.214827
0.134567	0.0241702
-0.821443	-0.810066
0.232341	-0.479111
-0.0718443	-0.280151
-0.039253	-0.014809
-0.712805	-1.46493
-0.658487	-0.822688
1.41649	0.59895
-0.864898	-0.0564944
0.210613	0.377909
-0.84317	-0.402622
-0.973535	-1.26406
-0.701941	0.389888
-0.549849	0.0538523
0.449616	0.0266519
0.0150657	0.0744962
-0.723669	-0.462113
-0.430348	0.528637
-0.278255	0.11951
1.1449	-0.0675347
-0.691078	0.132534
-0.864898	-0.260403
-0.14789	-0.495637
-0.940944	-1.24685
-0.604168	0.573744
-0.14789	0.185572
-0.767124	-0.137609
0.742937	0.438884
-0.549849	0.348515
-0.343438	-0.182056
-0.799715	-0.491082
-0.84317	-1.02448
-0.397757	-0.0984732
-0.973535	-0.800879
-0.854034	-0.271869
3.80651	0.477734
0.145431	0.344825
-0.593304	0.328384
-0.788851	-0.26453
-0.549849	-0.153999
2.95914	0.559589
-0.701941	-0.635587
-0.441212	0.294286
-0.430348	-0.446238
-0.701941	-0.153168
-0.462939	-0.591025
1.09058	0.0384047
-0.560713	0.143248
0.547389	0.601495
-0.462939	0.0170401
-1.01699	0.461921
-0.854034	-0.671015
-0.973535	-0.439646
1.15576	0.354144
0.0911119	0.0188264
-0.75626	-0.368038
-0.636759	0.0664345
0.286659	-0.171628
-0.452075	0.156834
-0.908353	-0.00716882
0.406161	0.230901
-0.995263	-0.72524
-0.788851	-1.02435
0.112839	-0.00157273
0.134567	0.0112963
-0.289119	0.328358
0.764664	0.0606272
-0.973535	-0.247882
-0.745396	-0.808359
-0.951808	-0.753028
0.775528	-0.346316
-0.365165	0.339029
-1.00613	-1.12012
1.63376	0.318849
3.17642	0.444257
-0.734533	0.280643
-0.452075	0.186594
-0.897489	0.359844
-0.951808	-0.288763
3.01346	0.58549
-0.473803	-0.89004
-0.223937	-0.158264
1.43822	0.27225
-0.788851	-0.144189
-0.299983	-0.3297
-0.788851	0.280279
2.68755	0.457608
0.960212	0.27685
-0.636759	-0.450092
0.221477	0.236303
-0.538985	0.382519
-0.984399	-0.168252
0.221477	0.166656
-0.84317	-1.20636
0.895029	0.467985
0.547389	0.290682
-0.962671	-1.05266
2.81791	0.652855
-0.104436	-0.0839968
-0.864898	0.189685
0.221477	0.345195
-0.14789	0.227215
1.01453	0.245888
-0.886625	-0.539163
0.645163	-0.160016
-0.886625	-0.203074
-0.571577	0.0944848
-0.137027	-0.462919
0.340978	0.0715283
1.48167	0.500115
-1.04958	0.118013
-0.973535	-0.662623
-0.951808	0.469341
-0.734533	-0.303889
0.0911119	0.26219
1.21008	0.829188
-0.332574	-0.405757
-0.691078	0.272436
-0.560713	-0.264765
-0.484667	-0.211478
-0.223937	0.0239549
-0.984399	-1.06233
-0.821443	0.210254
0.275796	0.576876
-0.984399	0.167158
-0.940944	0.418588
-0.517258	0.447151
-0.951808	-0.550014
0.514798	0.317188
-0.940944	-0.184224
-0.137027	0.12447
1.42735	-0.0061722
1.85104	-0.0803432
-0.832306	-1.07419
-0.343438	0.502533
0.601708	0.332991
-0.712805	-0.588251
-0.506394	-0.171379
0.156294	0.0908071
-0.908353	-0.325648
-0.658487	-0.0885594
-0.506394	-0.18531
1.00367	0.536429
-0.821443	0.247282
-0.0175256	0.370999
3.44801	0.738304
-0.115299	0.480001
-0.84317	0.449775
2.82878	0.0370194
0.0476569	0.113278
-0.549849	-0.466522
0.775528	0.231649
-0.875761	-0.316756
-0.213073	0.644039
0.101976	0.224007
0.590844	0.173732
-0.93008	-0.922166
-0.419484	0.208057
0.221477	0.480757
-0.625895	-0.271077
-0.886625	-0.88906
-0.908353	-0.483346
-0.180482	-0.38493
-0.0175256	0.393827
-0.0501168	0.113746
-0.549849	-0.422697
0.590844	0.141037
-0.473803	0.275477
-0.386893	0.107374
-0.191345	0.75192
0.351842	-0.375987
0.732073	0.157315
-0.919216	-0.907298
-0.734533	-0.372045
-0.0501168	0.422034
-0.886625	-0.253762
-0.962671	-0.900741
-0.799715	0.383014
-0.84317	0.245496
2.3725	0.33861
0.949348	-0.377859
-0.886625	0.270036
-0.691078	0.302908
-0.289119	-0.480838
-0.897489	-0.650176
-0.767124	-0.229789
-0.0283893	0.340245
0.188886	0.400851
-0.897489	-0.976947
0.297523	0.115469
1.81845	0.405634
0.732073	0.466934
0.123703	-0.158507
-0.0718443	0.0527829
-0.32171	0.194499
1.36217	0.435352
-0.940944	-0.93662
-0.506394	-0.422352
-0.995263	-0.148646
0.797255	0.605926
-0.343438	-0.0401432
2.27472	0.301961
-0.940944	-0.73094
0.873302	-0.168005
-0.854034	0.397818
0.873302	0.0853371
-0.419484	-0.117288
-0.745396	-0.803605
0.00420194	0.179504
0.732073	0.551329
-0.386893	0.288855
-0.593304	-0.473276
-0.593304	0.193145
-0.84317	-0.712552
-0.0935718	0.389267
-0.951808	-0.776133
-0.191345	0.110628
1.05799	0.121399
-1.00613	-0.597678
-0.278255	-0.113644
-0.799715	0.66177
-0.940944	-0.282751
-0.875761	0.226702
-0.615032	0.412226
0.0693844	0.444984
-0.213073	0.453945
0.981939	0.728266
-0.832306	-0.321684
-0.886625	0.270036
-0.14789	0.114611
-0.332574	-0.408204
-0.973535	-0.327919
-0.213073	-0.248562
-0.560713	-0.679423
1.02539	0.424426
-0.75626	-0.443763
-0.0718443	0.24986
-0.810579	-0.983039
-0.908353	0.400924
-0.875761	-0.295782
-0.908353	-0.670434
-0.376029	0.294019
-0.995263	-0.804286
-0.734533	0.0500605
-0.940944	-0.139941
2.253	0.195288
0.938484	0.25511
1.16662	0.414089
-0.734533	-0.458835
-0.93008	0.207429
-0.767124	-0.770148
-0.984399	-0.0417759
-0.0283893	0.0371739
0.699482	-0.428956
-0.636759	-0.585747
-0.777988	-1.13169
-0.93008	-0.605527
0.960212	0.463706
0.656027	0.385101
1.2644	0.465911
0.645163	0.642497
-0.593304	0.464987
-0.951808	-0.126719
2.01399	0.527135
-0.93008	-0.662224
2.26386	0.35625
0.134567	0.281948
-0.701941	-0.665916
-0.636759	0.36867
-0.354302	0.121499
0.308387	-0.131957
0.471343	-0.118908
0.101976	0.212488
-1.00613	-1.18114
-0.169618	0.220164
-0.430348	0.289229
1.04712	0.340612
0.351842	0.248307
-0.386893	0.403621
3.23073	0.802065
-0.549849	-0.122054
-0.506394	0.41501
0.297523	-0.152729
-0.723669	0.230535
-0.625895	-0.745513
-0.462939	0.0445984
-0.712805	-0.100157
-1.01699	-0.00485633
-0.0609805	-0.567707
-0.484667	-0.86532
0.199749	0.342998
2.44854	0.454435
1.91622	0.68021
-0.571577	0.595148
-0.213073	-0.0046244
-0.441212	0.141865
-0.397757	-0.0906233
-0.256528	0.236688
-0.66935	-0.0994133
-0.854034	-0.969293
-0.267392	0.413226
0.221477	0.313321
-0.767124	0.350402
-0.864898	0.0441083
-0.289119	-0.193253
-0.854034	-0.34015
-0.995263	-0.339626
-0.788851	-0.504001
-0.452075	-0.432622
-0.810579	-0.524931
-0.441212	0.444108
-0.854034	-0.760413
-0.93008	0.0207263
1.36217	0.311964
-0.66935	-0.323264
-0.777988	-0.266953
0.57998	0.0650003
-0.191345	-0.30757
-0.310847	0.339603
-0.636759	0.418006
-0.484667	-0.138031
-0.0718443	0.219115
-0.962671	-0.683849
-0.376029	0.600501
0.0150657	0.474506
-0.995263	-0.682374
0.0911119	0.370099
0.797255	-0.0179159
0.188886	0.141153
-0.93008	-0.969308
-0.995263	-0.131185
0.167158	0.135842
-0.951808	-0.665682
0.134567	0.287914
0.981939	0.421789
-0.397757	-0.0425877
1.47081	0.383372
0.829847	-0.364601
-0.973535	-0.687031
1.07971	0.0642589
0.558253	0.635034
0.851574	0.142337
-1.00613	-0.391048
-0.419484	-0.259989
-0.365165	0.430313
-0.615032	-0.19865
-0.962671	-1.02741
-0.538985	0.064253
1.18835	-0.0828446
-0.973535	-0.863432
-0.832306	-0.388033
1.49254	0.530737
0.514798	-0.351253
-0.832306	0.4276
-0.799715	-0.874735
-0.919216	-0.487281
1.15576	0.400614
-0.995263	-0.852556
-0.908353	-1.69618
-0.680214	-0.329152
1.02539	-0.0269484
-0.213073	-0.163044
-0.832306	0.4276
0.340978	-0.301419
-0.875761	-0.14233
-0.484667	-1.09715
-0.104436	0.036299
4.02379	0.564743
-0.875761	-0.663519
1.60117	0.596669
0.134567	-1.16552
-0.919216	0.193574
0.677754	-0.24406
-0.84317	-0.120037
1.52513	0.207418
0.525662	0.410612
0.460479	0.0179422
0.916757	0.476389
-0.908353	-0.181907
-0.875761	-0.783645
-0.897489	-0.883485
-1.06045	-1.72027
1.2644	0.565351
0.0150657	0.342468
-0.0718443	0.170876
0.536525	0.0530836
-0.0935718	0.481898
-0.875761	-0.494071
-0.0283893	-0.261955
0.0150657	0.0465905
-0.919216	-0.405741
-0.213073	0.0789425
1.53599	0.291107
-0.223937	-0.494449
1.8619	0.0517525
-0.615032	-0.0725119
-0.473803	-0.325315
0.92762	0.685788
-0.973535	-1.06938
-0.832306	-0.48012
0.0693844	-0.293339
1.65549	0.443914
0.449616	0.567694
-0.864898	-1.64915
1.70981	0.269854
-0.039253	0.279044
-0.908353	-1.04198
-0.723669	-0.0643029
-0.951808	-0.264925
1.73154	0.520711
-0.701941	-0.635239
-0.821443	0.176914
-0.484667	0.37028
2.11177	0.657281
-0.962671	-0.107721
1.19921	0.0419251
0.0150657	-0.294529
-0.940944	-0.753578
0.0150657	0.124821
-0.940944	-0.65499
-0.734533	0.162465
0.7538	0.270292
3.82824	0.451427
-0.158754	0.103408
2.19868	0.482188
-0.202209	0.254915
0.395297	-0.0490884
1.03626	0.329148
-0.376029	0.316387
-0.14789	0.486553
-0.517258	0.458634
-0.169618	0.358358
-0.897489	-1.57343
0.482207	0.0778715
-0.126163	0.2712
-0.49553	0.381625
-0.973535	-0.182641
1.29699	-0.176323
-0.58244	-0.248872
-0.354302	0.427968
-0.419484	-0.47779
-0.84317	0.245496
-0.528122	0.484108
-0.951808	-0.671388
-0.984399	-0.444629
0.199749	-0.229879
-0.75626	-0.143247
-0.832306	-0.338034
-0.419484	-0.55138
-0.191345	-0.166141
-0.452075	0.335856
-0.538985	0.074027
-0.854034	-1.33889
-0.191345	0.14623
-0.365165	-0.178392
-0.538985	-0.383101
-0.93008	-0.00369906
-0.538985	-0.507543
-0.32171	0.302886
0.188886	0.0947787
-0.647623	-0.0205833
-0.223937	0.0470715
-0.0283893	0.313368
0.156294	0.0908071
-0.267392	0.463896
0.112839	-0.0355669
0.395297	0.174078
-0.082708	0.399539
-0.962671	0.430991
-0.647623	-0.489901
-0.691078	0.0148322
-0.854034	-0.380258
2.69841	0.168427
-0.84317	-0.0914549
-0.549849	0.514491
1.64463	0.421421
-0.984399	0.0343399
-0.593304	0.0470587
-0.473803	0.416832
2.43768	0.189201
-0.213073	-0.25371
0.482207	0.294815
-0.365165	-0.41823
-0.810579	-0.338576
1.57945	0.246681
0.0802482	-0.0266684
-0.386893	-0.0252218
0.275796	0.192186
-0.441212	-0.166163
0.916757	0.499276
1.5034	0.637657
-0.864898	-1.04436
0.123703	0.512444
1.81845	0.207597
-0.940944	-0.848775
0.406161	0.441712
-0.864898	-0.493867
0.395297	0.70149
0.503934	-0.359756
0.808119	0.36291
-0.821443	-0.590559
-0.908353	-1.27035
-0.452075	0.486002
-0.386893	0.545904
-0.386893	0.475274
-0.549849	0.513464
1.19921	0.348154
1.17749	0.116541
-0.0175256	-0.0879456
-0.636759	0.119324
0.243204	0.57244
-0.506394	-0.251202
0.514798	0.100661
0.829847	0.599998
1.1449	-0.0711257
-0.788851	-0.407354
-0.310847	0.238072
0.84071	0.13654
-0.886625	-0.490244
0.884165	0.280456
1.95968	0.502792
-0.082708	0.0799804
-0.691078	0.431143
-0.365165	0.175608
-0.365165	-0.0361045
0.92762	0.577303
-0.973535	-0.697976
-0.734533	-0.736662
0.732073	0.422328
-0.701941	0.371381
-0.354302	0.145309
-0.00666181	0.182662
-0.75626	-0.85575
0.49307	0.513784
0.275796	0.367418
-0.940944	-0.665694
-0.973535	0.129539
-0.549849	0.309162
-0.58244	-0.399423
-0.615032	-0.591013
0.49307	0.35144
1.07971	0.311512
-0.951808	-0.664426
-0.93008	-0.275754
0.569117	0.182019
-0.615032	0.30804
1.42735	0.0599408
-0.452075	0.368268
-0.680214	-0.225107
-0.962671	-0.358296
-0.386893	-1.38125
3.40455	0.578933
-0.701941	0.514759
0.0693844	0.235275
-0.897489	-0.242507
0.340978	0.397095
-0.0283893	0.638801
0.406161	0.13803
-0.202209	-0.720708
-0.84317	-0.848242
-0.962671	-0.706842
0.873302	0.671272
-0.126163	0.0132223
0.634299	0.27729
0.384433	0.756106
-0.875761	-0.208993
1.51426	0.627175
-0.821443	-0.539017
0.101976	0.32065
-0.658487	-1.00075
0.612572	0.551115
0.199749	0.178652
0.427888	0.380514
-0.767124	0.0220572
-0.58244	0.379194
-0.484667	-0.00264303
-0.0935718	0.323338
-0.919216	0.393973
-0.864898	-0.948142
-0.571577	0.053469
-0.984399	-0.224601
-0.973535	-0.720204
-0.169618	-0.345257
-0.984399	-0.352982
-0.310847	0.0806772
0.601708	-0.0510748
0.232341	-0.0775752
-0.810579	-0.540751
0.634299	0.632196
-0.386893	0.730756
0.0693844	-0.665846
0.558253	0.317297
-0.473803	-0.42942
-0.919216	0.0956033
0.178022	-0.288294
-0.973535	-0.82415
-0.549849	-0.320405
0.0911119	0.0520045
-0.180482	0.566281
-0.701941	-0.482817
-0.289119	-0.581359
-0.082708	-1.27964
1.39476	0.115231
1.75326	0.564026
-0.897489	-0.515282
0.112839	0.174705
-0.343438	0.454253
0.308387	0.515014
-0.104436	0.651671
-0.66935	-0.609815
0.84071	-0.104008
0.84071	0.437196
0.264932	-0.008314
-0.213073	0.0497978
-0.734533	0.577245
-0.462939	0.516422
1.09058	0.485193
-0.169618	0.433319
-0.66935	0.299731
2.23127	0.777195
0.895029	0.000702034
0.482207	-0.518213
-0.767124	-0.930558
-0.854034	-0.969293
-0.0609805	-0.0530377
1.00367	0.0349071
1.02539	0.352108
0.514798	0.589362
0.525662	0.214802
-0.419484	0.426368
2.04659	0.501364
-0.810579	-0.227908
1.39476	0.668874
0.503934	0.0617645
0.330114	0.362542
-0.864898	-0.257759
-0.951808	-0.103316
-0.636759	-0.192983
-0.973535	-0.52144
-0.886625	0.347563
2.75273	0.298959
-0.897489	-0.767424
1.67722	0.635998
-0.723669	0.346253
-0.832306	0.247943
-0.528122	0.390872
2.75273	0.0671484
-0.58244	-0.674302
-0.919216	-0.26758
-0.2348	0.176975
-0.897489	-0.443065
-0.93008	0.0389975
-0.104436	0.277002
1.34044	-0.140102
-0.2348	0.383275
0.384433	-0.182522
0.297523	0.370837
0.178022	0.515654
1.56858	0.50002
-0.604168	-0.588819
-0.723669	-0.0616722
-0.267392	0.435716
0.710345	0.36328
-0.84317	-0.425623
1.93795	0.527807
-0.397757	0.574251
-0.745396	-0.858996
-0.256528	0.564664
-0.75626	-0.120449
-0.75626	0.029729
-0.680214	-0.568122
0.297523	0.58452
-0.180482	-0.339704
-0.962671	-0.0871176
-0.962671	-1.18084
0.0911119	-0.0964004
-0.84317	0.080899
-0.419484	-1.35308
0.134567	0.339957
-0.082708	-0.0940887
-0.452075	0.391981
0.351842	0.417174
0.471343	0.185424
-0.245664	-0.242504
1.28612	0.609793
2.55718	0.173536
-0.213073	-0.0590761
0.971075	0.246754
-0.908353	-1.05569
1.99227	0.337901
-0.528122	0.0313697
0.0150657	0.474506
-0.951808	-0.281528
-0.810579	-0.583266
-0.995263	-0.815805
0.601708	0.677035
-0.452075	-0.0902628
-0.810579	-0.841811
0.884165	0.499657
-0.658487	0.16156
0.00420194	0.334349
-0.202209	-0.242822
-0.93008	0.25888
-0.951808	-0.995159
-0.278255	-0.259507
0.0476569	0.162986
0.0911119	-0.819773
-0.886625	-1.3395
-0.223937	-0.189475
0.00420194	0.216296
0.558253	-0.0983154
-0.039253	-0.0349986
-0.528122	-0.509514
1.51426	0.0453146
1.18835	-0.263254
-0.278255	0.272014
1.91622	0.231192
-0.75626	0.478391
0.862438	0.0631589
-0.701941	0.401328
1.09058	-0.0774982
-0.0609805	0.197318
0.395297	0.0733105
-0.484667	0.359357
0.460479	0.45859
-0.951808	-1.16922
-0.528122	-0.562917
1.24267	0.155255
-0.32171	0.709205
-0.810579	-0.58405
0.66689	0.165354
0.503934	0.407553
-0.0283893	-0.0812459
0.167158	0.376509
0.178022	0.198792
-0.821443	0.155072
0.710345	0.722979
4.1107	0.125497
-0.538985	-0.470965
-0.701941	0.0825635
-0.0175256	0.253161
0.449616	0.110092
-1.01699	0.437385
-0.549849	0.315095
1.09058	-0.288024
0.101976	0.578409
-0.875761	-0.205012
-0.658487	-0.0267109
2.72014	0.559294
-0.137027	-0.209589
1.09058	0.228583
-0.0718443	-0.212686
0.569117	0.649922
-0.484667	0.366237
-0.430348	-0.8759
0.156294	0.190232
0.797255	0.760699
-0.538985	-0.777364
-0.799715	-0.141032
2.52459	0.287377
-0.908353	-1.07622
-0.897489	-0.114061
-0.680214	0.44594
-0.919216	-1.16012
0.818983	0.36854
0.905893	0.393552
-0.419484	-0.0529825
-0.680214	-0.0884359
0.123703	0.101546
-0.137027	0.417918
1.22094	0.408583
-0.0935718	0.0864791
0.0693844	0.204443
0.547389	0.507009
-0.32171	-0.133682
0.319251	-0.15722
-0.202209	0.428861
0.112839	-0.13031
-0.66935	0.49291
1.56858	0.102703
-0.0501168	0.323906
-0.75626	-0.791175
0.0802482	-0.68172
-0.93008	-0.366011
-0.538985	0.15448
1.1449	0.19417
0.406161	0.521765
2.39423	0.405631
0.243204	0.250667
-0.821443	0.127994
0.210613	0.421384
0.373569	0.141122
-0.951808	0.224992
-0.799715	-0.52225
0.0693844	-0.233229
-0.137027	-1.2927
-0.256528	0.628122
0.0585207	0.217946
1.04712	0.581895
-0.832306	0.145606
-0.66935	0.405738
-0.039253	0.0345323
-0.777988	-0.496079
-0.245664	0.230594
-0.126163	0.2712
-0.549849	-0.125226
1.55772	0.348216
0.612572	0.812467
-0.452075	-0.640257
-0.625895	-0.716106
0.482207	0.455909
-0.93008	0.222182
-0.908353	-0.563523
-0.821443	0.22304
-0.430348	-0.635184
-0.039253	0.371068
1.06885	0.326072
-0.951808	-1.01354
0.373569	0.177204
0.601708	0.262613
-0.701941	0.408229
-0.636759	-1.23022
-0.75626	-0.35036
-0.723669	0.0858949
0.0150657	0.322202
-0.126163	0.14907
0.112839	0.152952
-0.169618	0.553753
0.308387	-0.732025
-0.93008	-0.710639
0.905893	0.153817
-0.962671	-0.320531
0.612572	0.514251
-0.549849	-0.153999
-0.386893	-0.00578486
0.319251	-0.602876
-1.00613	-0.662095
-1.00613	-0.433319
-0.886625	-0.0177516
1.15576	0.272627
-0.691078	-0.0871309
-0.84317	-0.402622
-0.039253	0.325778
-0.864898	0.0527873
0.145431	-0.105059
0.710345	0.569093
-0.462939	0.0762505
-0.886625	-0.762359
-0.593304	-0.555452
-0.593304	0.142534
1.85104	0.413649
-0.625895	-0.590848
-0.299983	-0.60255
-0.93008	-1.53541
-0.528122	0.296724
-0.0718443	0.146643
-0.777988	-0.25557
-0.484667	-0.574227
-0.169618	0.317623
-0.180482	-0.075643
0.232341	0.274552
0.362706	0.520261
0.123703	0.212136
0.319251	-0.0148418
0.264932	0.250042
-0.821443	-0.532331
-0.538985	-0.16774
0.427888	0.102624
3.20901	0.410533
0.308387	0.123013
1.49254	-0.203923
0.340978	0.105972
-0.538985	0.135368
-0.973535	-0.606642
0.134567	-0.268482
2.44854	0.0889356
-0.158754	-0.227502
2.07918	0.659313
-0.58244	-0.553936
0.797255	0.407071
0.362706	0.428189
-0.299983	0.0606023
-0.984399	-0.600536
0.232341	-0.249964
-0.788851	-0.211803
-0.701941	0.256078
-0.58244	-0.867254
-0.528122	0.102736
0.0802482	0.592686
-0.0501168	0.319404
-0.354302	-0.338531
-0.126163	0.291667
-0.604168	-0.269345
0.786392	0.269489
1.37303	-0.276225
-0.202209	-0.446139
-1.00613	0.35375
-0.951808	-0.605213
-0.299983	0.0761367
0.0476569	0.0943288
-0.886625	-0.494516
-0.104436	-0.582948
-0.658487	-1.53918
0.57998	0.170937
-0.180482	0.391961
-0.973535	-1.47095
-0.767124	-1.26748
-0.310847	-0.155057
-0.256528	0.318691
-0.864898	0.270822
-0.66935	-0.715029
1.32958	0.240545
0.699482	0.375651
1.34044	0.0958816
0.764664	0.636873
-0.919216	-0.441844
-0.908353	-0.497646
-0.973535	-2.38631
-0.951808	-0.00466871
-0.169618	0.420642
-0.593304	0.525041
1.12317	0.278769
0.417024	0.521356
-0.082708	-0.0263792
-0.571577	-0.392247
-0.84317	0.0643592
-0.039253	-0.139645
1.23181	0.23574
-0.908353	-0.845296
3.13296	0.737028
0.297523	-0.0325804
2.02486	0.534592
-0.202209	-0.0355227
-0.723669	-0.203334
-0.32171	-0.42993
0.134567	-0.336646
-0.854034	-0.217474
0.0476569	-0.0260856
-0.604168	0.45256
-0.984399	-1.1342
-0.995263	-0.804286
0.0259294	0.364383
-0.821443	0.494219
-0.549849	-0.175923
-0.452075	0.189373
1.73154	0.774237
1.39476	0.489689
-0.278255	-0.272365
-0.397757	-0.370132
-0.636759	-1.47547
-0.452075	0.102995
-0.593304	-0.417375
-0.973535	-0.0297564
-0.658487	-0.0944995
-0.93008	-0.353466
-0.897489	0.0452118
3.80651	0.853377
0.00420194	0.275354
-0.636759	-0.259486
-0.821443	-0.646178
0.558253	0.362595
-0.897489	-0.43034
-0.897489	-0.198246
-0.788851	0.115117
-0.267392	0.103778
0.134567	-0.144764
-0.223937	0.465586
-0.604168	-0.178584
0.362706	0.071326
-0.40862	0.304381
0.221477	0.324932
-0.571577	-0.424673
2.55718	0.289502
-0.875761	0.2367
0.721209	0.0923643
0.123703	-0.0145674
-0.14789	-0.565804
-0.354302	0.378188
0.0476569	0.334565
-0.647623	0.187149
-0.767124	-0.313791
-0.995263	0.618178
-0.473803	-0.11978
1.35131	0.319128
-0.658487	-0.332237
-1.01699	-0.923207
-0.604168	-0.407729
1.1449	0.408951
-0.604168	-0.519072
0.786392	0.162073
2.03572	-0.28804
-0.951808	-1.02754
-0.962671	-0.236287
-0.93008	-0.737099
3.16555	0.117552
0.178022	0.341287
-0.908353	-0.671436
-0.658487	0.22652
-0.886625	0.0392639
-0.854034	-0.283578
-0.701941	-0.399364
-0.940944	-0.261024
-0.636759	0.190283
0.569117	0.276549
-0.734533	0.0290944
-0.365165	0.461596
-0.908353	-0.577026
0.960212	0.332804
-0.386893	-0.64221
-0.886625	-0.92218
0.145431	-0.324857
-0.767124	0.507877
-0.0718443	0.578933
1.60117	-0.254274
-0.799715	-0.256031
0.699482	0.397916
-0.886625	-1.08462
1.51426	-0.111755
-0.919216	-1.21802
2.1335	0.434683
4.33884	0.648744
-0.158754	0.481042
2.90482	0.0777581
0.362706	0.211434
-0.777988	-0.422809
0.460479	0.49173
-0.973535	0.102374
-0.712805	0.44808
1.16662	0.36086
-0.202209	-0.159746
-0.777988	-0.895705
-0.158754	-0.0166226
1.09058	0.200565
-0.962671	-0.801544
-0.832306	-0.66985
0.199749	0.192163
1.55772	0.447234
-0.40862	0.150493
2.07918	0.524552
0.0802482	0.0343123
0.0693844	-0.222038
-0.332574	0.512475
-0.615032	0.220654
-0.00666181	0.261559
-0.625895	-0.255064
0.460479	0.411919
0.710345	0.410559
-0.777988	0.396728
2.65496	-0.0809824
0.340978	0.440035
-0.517258	0.190835
1.31872	-0.350989
-0.854034	-0.0526705
0.188886	0.381713
0.547389	0.600064
-0.767124	-0.930558
-0.376029	-0.276192
1.16662	-0.0104286
0.0585207	-0.645408
0.536525	-0.502508
0.884165	0.429132
-0.452075	-0.640257
0.829847	0.0652538
0.101976	0.566382
1.05799	0.197076
-0.452075	-0.0402883
2.28559	-0.0933224
-0.58244	0.164485
0.286659	0.00225214
-0.995263	-0.661612
-0.66935	0.317521
-0.310847	-0.256505
2.731	0.240419
1.23181	0.325949
0.145431	0.285918
-0.615032	0.0343036
-0.517258	0.119386
2.36163	0.74226
-0.940944	-1.35629
-0.886625	-0.0296437
-0.734533	0.0500605
1.63376	-0.419864
-0.245664	-0.0796765
-0.854034	-0.201371
-0.299983	0.0170823
0.460479	0.0620966
0.199749	0.178652
-0.202209	-0.256572
-0.777988	0.256585
-0.93008	-0.575538
0.308387	0.352624
-0.767124	-0.336549
-0.593304	-0.638994
-0.93008	0.30269
1.05799	0.456168
-0.528122	-0.578708
-0.115299	0.489243
1.04712	0.341992
0.960212	-0.177048
-0.864898	-0.345209
-0.0175256	0.397704
0.319251	0.107475
2.05745	0.312141
0.57998	0.161074
-0.919216	-0.338235
-0.365165	-0.0874342
-0.430348	0.536739
-0.49553	0.494017
-0.126163	0.322935
0.112839	0.133744
-0.84317	0.0613674
2.38336	0.554555
-0.864898	-0.897701
-0.66935	-0.376588
-0.462939	-0.144974
-0.332574	-0.246425
-0.984399	-0.382178
0.221477	-0.01658
-0.962671	-0.585787
-0.821443	0.425762
2.88309	0.741074
-0.919216	-0.381062
1.02539	0.437445
-0.549849	-0.682332
-0.973535	-0.275317
-0.615032	-0.128669
-0.625895	-0.232431
-0.886625	0.23616
-0.528122	-0.00810205
-0.788851	-0.455538
-0.897489	-0.535739
-0.951808	-1.06485
-0.0935718	0.0051807
-0.180482	-0.194429
-0.962671	-0.0505602
-0.158754	-0.509496
-0.245664	0.160932
-0.832306	-0.796052
0.0693844	-0.173475
-0.84317	0.446888
0.210613	0.27777
0.0693844	0.190819
-0.875761	0.128073
1.1449	0.110037
3.14382	0.636136
-0.00666181	-0.123189
-0.256528	0.321185
-0.734533	-1.46091
-0.082708	-0.96694
-0.115299	-0.511902
1.91622	-0.199512
0.254068	-0.111263
-0.832306	0.236684
1.22094	0.545766
-0.082708	-0.13106
-0.441212	-0.127233
-0.560713	-0.277092
-0.397757	0.131067
0.275796	0.335762
-0.343438	0.0170844
-0.419484	0.503726
-0.32171	-0.155722
-0.169618	0.217607
-0.691078	-0.875137
0.623435	-0.0463858
-1.04958	-0.215412
-0.560713	-0.264765
-0.223937	-0.0489426
2.42682	0.596682
-0.517258	0.273374
-0.886625	0.0626719
-0.473803	0.0510185
0.818983	0.322613
-0.245664	0.049537
1.18835	0.384101
0.938484	0.636563
-0.00666181	-0.0441641
1.15576	0.230433
0.449616	0.515953
0.232341	0.267282
-0.560713	0.444062
-0.49553	-0.658441
-0.14789	-0.0523919
-0.734533	-0.305245
-0.788851	0.394456
-0.940944	-1.19785
0.275796	0.384827
0.503934	-0.283927
1.51426	0.769547
-0.962671	-0.357923
0.471343	0.29964
-0.886625	0.0187601
1.35131	-0.116771
-0.919216	-0.488851
0.254068	0.340082
-0.636759	-0.200736
-0.310847	-0.098191
0.92762	0.212518
0.438752	0.48845
-0.158754	0.308301
-0.299983	0.0991355
0.0693844	-0.0811333
-0.0175256	0.388109
-0.58244	0.563087
1.10144	0.118079
-0.864898	-0.0291495
-0.93008	0.371603
-0.701941	0.112602
1.63376	0.461226
3.32851	0.279248
-0.864898	-0.158627
0.536525	0.339725
-0.571577	0.0247023
-0.58244	0.3739
-0.365165	0.405518
-0.343438	-0.216786
-0.788851	0.425144
2.01399	0.397211
-0.799715	-0.0483739
-0.604168	-0.123108
-0.734533	-0.161672
-0.647623	-0.223819
0.503934	0.375097
-0.332574	-0.131405
-0.919216	-0.37364
1.87277	0.340027
-0.343438	0.531478
0.558253	0.414187
-0.897489	0.312834
1.97054	0.754229
3.1221	0.345062
1.70981	0.269854
-0.180482	0.182403
1.81845	0.154781
-0.441212	0.387187
-0.506394	-0.904259
-0.897489	0.208145
-0.908353	-0.762647
-0.658487	-0.607222
-0.430348	-0.625437
-0.84317	-0.536365
-0.680214	0.33738
-0.549849	0.0337986
-0.75626	0.0578043
-0.984399	-0.221808
0.156294	0.374375
-0.560713	-0.507571
0.243204	0.120037
0.49307	0.297734
-0.864898	-0.893035
-0.691078	0.506089
-0.0283893	0.226564
-0.951808	-0.736399
0.0802482	0.0324687
1.1123	-0.160457
-0.973535	-0.409958
2.80705	0.400291
1.10144	0.431209
-0.0283893	-0.166364
0.427888	0.645034
-0.245664	-0.19106
-0.788851	-0.0856829
1.90536	0.317568
-0.886625	-1.3395
1.81845	0.430295
1.39476	0.860926
2.53545	0.583257
-0.897489	-0.708758
0.156294	0.511941
-0.93008	0.612543
-0.93008	-0.42163
1.55772	0.512917
1.69895	-0.0644556
-0.984399	-0.916067
-0.712805	-0.234552
0.0802482	0.232108
-0.734533	0.0684225
-0.864898	0.189685
2.88309	-0.0312747
0.677754	0.230125
3.33937	0.440305
0.0585207	-0.39965
2.99173	0.843406
-0.810579	0.0991089
-0.528122	0.183466
-0.854034	-0.336736
-0.137027	-0.719831
-0.767124	-0.167169
-0.528122	-0.313709
-0.984399	-1.04573
-0.832306	-0.486311
-0.864898	0.254602
1.12317	0.0308693
-0.419484	-0.764162
-0.799715	0.0477888
0.362706	0.306437
-0.506394	0.345474
-0.854034	-0.681924
0.547389	0.281862
-0.32171	0.292823
0.417024	0.197263
-0.549849	-0.153999
0.340978	0.453048
-0.951808	-0.583876
1.73154	0.4326
-0.984399	-0.661182
-0.115299	0.213777
-0.647623	-0.472877
-0.854034	-0.474102
0.742937	0.369424
-0.0501168	0.316349
-0.712805	-0.573306
-0.604168	0.238897
-0.202209	0.644404
0.438752	-0.152286
-0.517258	0.125537
-0.636759	-1.25762
-0.625895	0.309969
1.04712	0.174444
-0.484667	-0.254965
-0.430348	-0.574605
-0.75626	-0.990501
-0.560713	-0.00861173
1.3839	0.0390436
0.558253	0.0870891
-0.0283893	-0.517669
0.0911119	0.276759
-0.745396	0.0385275
-0.484667	-0.32531
-0.462939	0.145088
-0.821443	-0.134525
1.94881	0.296524
-0.940944	-0.107421
0.732073	0.38715
-0.549849	-0.197789
0.0476569	0.223054
0.829847	0.217481
1.03626	0.418044
-0.93008	-0.949901
0.0911119	-0.0964004
0.0693844	0.429955
-0.832306	-0.523498
-0.897489	-0.46275
-0.75626	0.287223
0.84071	0.606413
1.15576	0.589208
0.101976	0.224007
-0.93008	0.101258
0.384433	0.21987
-1.02785	0.245169
-0.462939	0.0982919
-0.66935	-0.436283
-0.940944	-0.747369
0.808119	-0.0474088
0.92762	0.409913
-0.962671	-0.375722
-0.517258	0.25258
-1.00613	-0.988675
0.742937	0.594014
0.221477	0.536762
-0.202209	0.346315
0.57998	-0.255103
0.0367932	0.756266
0.786392	0.269489
0.0802482	0.103332
-0.908353	-0.379906
-0.723669	-0.78055
-0.799715	-0.666291
-0.180482	0.39219
-0.701941	-0.345325
-0.549849	0.128844
-0.213073	0.400225
-0.593304	-0.202858
0.167158	0.0772422
-0.777988	0.547936
-0.58244	0.28191
2.65496	0.472764
-0.506394	0.455575
-0.636759	-0.0680786
-0.647623	-0.0405153
-0.137027	0.372615
-0.115299	-0.179386
3.37196	0.422534
-0.278255	-0.535377
-0.00666181	0.663798
-0.441212	0.110553
-0.984399	-1.37014
-0.647623	-0.340805
-0.376029	-0.402704
0.0259294	0.308903
1.05799	0.603495
1.40563	0.282746
-0.647623	-0.717268
-0.908353	-0.0111109
-0.332574	0.304906
1.68808	0.450264
0.514798	-0.439693
-0.256528	0.238471
-1.03872	-0.621101
1.05799	0.384119
-0.517258	-0.803525
-0.886625	-0.192856
0.775528	0.233794
0.0693844	-0.350387
-0.886625	0.197594
-0.158754	0.0290581
-0.115299	0.431369
0.232341	0.675218
0.254068	-0.163549
-0.137027	0.464059
2.19868	0.55813
2.03572	0.2193
-0.875761	-0.0207416
0.330114	0.121921
-0.962671	-0.815414
-0.267392	-0.173807
0.742937	0.380714
-0.560713	0.106757
-0.354302	0.535882
-0.897489	-0.740922
-0.0283893	0.497931
-0.365165	-0.183977
-0.701941	0.266989
0.134567	0.622035
-0.995263	0.494079
-0.940944	-0.684392
0.319251	-0.276843
-0.213073	0.360337
-0.897489	-0.191005
0.275796	0.42265
-0.104436	-0.166481
-0.919216	-0.0524953
0.417024	0.279539
-0.158754	-0.0420582
0.243204	-0.23467
1.1449	0.435542
-0.462939	0.0553411
1.75326	0.161832
-0.658487	-0.104241
-0.593304	-0.398421
-0.973535	0.0895334
-0.875761	-0.260722
1.05799	0.337493
0.221477	-0.120906
-1.00613	-0.0910861
-0.799715	0.440189
-0.571577	0.427482
-0.549849	-0.43369
-0.875761	-0.603438
-0.615032	0.134575
0.319251	0.165628
1.23181	0.382139
0.330114	-0.00301678
-0.528122	0.243379
0.308387	0.0998612
-0.386893	0.206095
0.569117	0.70062
-0.93008	-1.26942
-0.777988	0.355452
-0.984399	-0.60262
-0.712805	-0.383102
-0.126163	0.20038
-0.430348	0.309377
-0.93008	0.371603
-0.386893	0.523239
-0.84317	-0.938581
0.905893	0.0451579
-0.691078	0.303341
-0.039253	0.0383085
0.514798	0.164491
-0.0175256	-0.509612
-0.636759	0.651085
-0.310847	0.153531
-0.245664	0.312981
-0.723669	-0.519653
-0.799715	-0.217103
0.362706	0.661692
0.0693844	0.360659
-0.734533	-0.342863
0.286659	0.790556
-0.560713	-0.0409447
-0.810579	-1.03902
0.417024	0.0633369
-0.0283893	-0.0432167
0.395297	0.104395
-0.538985	-0.342942
-0.386893	-0.341571
-0.951808	-0.178792
-0.66935	-0.561483
-0.0609805	0.00845954
-0.571577	0.0825477
-0.571577	-0.16768
-0.245664	-0.165049
-0.0609805	0.0969469
-0.278255	0.0723118
-0.560713	0.373495
-0.897489	-0.58732
-0.32171	0.610271
-0.40862	0.392994
2.48114	0.270623
-0.267392	0.324037
-0.430348	-0.733026
0.0585207	0.213975
-0.951808	-0.527853
-0.821443	-0.907945
0.688618	0.211508
-0.777988	0.379281
1.89449	0.409734
1.15576	0.269722
-0.462939	0.00941108
-0.560713	-0.264789
0.699482	0.397916
-0.115299	0.242924
-0.386893	0.270689
-0.777988	-0.327673
0.732073	0.538989
-0.995263	-0.418148
-0.897489	-0.515282
0.66689	0.369978
-0.951808	-1.07478
-0.777988	0.189036
-0.636759	0.147294
-0.832306	-0.593002
-0.191345	-0.248612
0.601708	-0.00556685
1.05799	-0.687294
0.623435	-0.115313
1.13403	0.516431
-0.00666181	-0.0441641
-0.767124	-0.838298
1.93795	0.65445
0.167158	0.525326
0.797255	0.726258
-0.799715	-1.54671
1.76413	0.492473
-0.854034	-0.825305
0.427888	-0.352803
-0.995263	-1.65041
2.45941	0.245806
2.69841	0.350148
-0.14789	0.363272
0.732073	0.607732
-0.940944	-0.329797
-0.745396	-0.113103
-0.354302	-0.0466705
1.00367	0.230962
0.134567	0.369159
-0.343438	-0.195487
-0.484667	0.501683
0.156294	-0.0590593
3.98033	0.451576
2.40509	0.609921
1.43822	0.432573
-0.560713	0.412198
-1.00613	-0.475036
-0.180482	-0.611348
-0.58244	0.373455
-0.104436	0.203505
0.395297	0.477555
0.764664	0.256905
1.19921	0.286931
-0.0935718	-0.322888
-0.658487	-0.328322
-0.940944	0.183419
0.417024	0.054483
-0.560713	-1.0111
0.688618	0.118874
0.438752	0.51705
-0.528122	-0.31091
-0.223937	0.347891
0.340978	0.481385
-0.810579	-0.970872
0.00420194	-0.0164674
-0.169618	-0.662081
-0.354302	0.460052
4.72993	0.77438
0.101976	-0.443067
0.0693844	0.800189
-0.2348	-0.520463
-0.691078	0.503319
-0.777988	-0.194649
-0.299983	0.192242
-0.875761	-0.54633
-0.973535	0.0726009
-0.897489	0.0541857
-0.560713	0.252665
-0.538985	-0.219286
-0.734533	0.43164
0.536525	-0.00146396
-0.636759	-1.25762
-0.973535	0.418991
0.264932	-0.098011
1.56858	0.277665
-0.169618	0.453705
-0.712805	-0.792348
0.178022	-0.487165
-0.386893	-0.396656
-0.245664	0.498325
-0.180482	-0.539182
-0.473803	-0.467975
-0.0175256	0.510065
-0.864898	0.538616
2.33991	0.423505
1.95968	0.432176
-0.788851	-0.627763
1.76413	0.0835825
2.57891	0.241875
2.1009	0.386656
-0.832306	-0.64564
-0.897489	-0.427819
0.221477	0.126061
1.09058	0.0384047
-0.864898	-0.233058
0.275796	-0.160825
0.297523	0.299104
-0.0935718	-0.102103
-0.419484	0.357281
0.710345	-0.0532864
-0.223937	-0.23841
-0.571577	-0.149076
1.64463	0.263872
-0.506394	0.557127
0.319251	0.593053
0.938484	0.140875
1.84017	0.390027
1.93795	0.338278
0.319251	0.362226
-0.473803	-0.157057
0.319251	0.118446
-0.984399	-1.04573
-0.354302	0.156004
1.28612	0.0850941
-0.430348	-0.425465
-0.462939	0.275224
-0.66935	0.093146
-0.886625	-0.361275
-0.832306	-0.243182
0.764664	0.663195
2.55718	0.360509
-0.940944	0.0875655
1.54685	0.498739
-0.310847	0.153531
1.37303	0.221811
-0.962671	-0.756995
0.384433	0.584629
0.634299	0.261531
-0.473803	-0.0921488
0.156294	0.190232
1.04712	0.627761
1.18835	0.436897
-0.0175256	0.232251
0.319251	-0.241756
-0.647623	0.525986
-0.962671	-0.770001
0.634299	-0.626818
-0.951808	-0.448788
-0.93008	-0.501666
-0.354302	0.338475
-0.506394	-0.671673
-0.104436	-0.0869341
-0.93008	0.114178
-0.0283893	0.538578
0.297523	0.284473
-0.788851	0.284965
-0.691078	-0.0430815
-0.691078	-0.677489
-0.962671	-0.856746
-0.0609805	-0.0181688
-0.615032	0.359845
-0.658487	-0.674938
-0.506394	-0.717491
-0.886625	-0.742899
0.340978	-0.299415
-0.267392	0.356613
-0.84317	-1.03655
1.6229	0.540915
-0.799715	-0.776263
-0.354302	-0.333339
2.44854	0.708262
-0.332574	0.519861
3.15469	-0.0139192
-0.0283893	0.0755257
-0.647623	0.202948
-0.788851	0.339195
2.07918	0.538875
0.797255	0.340127
1.16662	0.285841
-1.01699	-0.291697
-0.940944	0.179372
0.00420194	0.333906
-0.517258	-0.350539
0.981939	0.812448
-0.680214	-0.293172
-0.712805	-0.0854439
0.764664	0.273207
-0.897489	0.365191
0.362706	0.0502054
3.92601	0.590929
-0.039253	0.328116
0.286659	0.527936
1.5034	0.478651
-0.962671	0.0502707
-0.984399	-1.12812
-0.658487	0.546822
-0.799715	-0.492266
-0.419484	-1.40425
-0.2348	0.365374
1.24267	0.255864
-0.788851	-0.0938107
-0.419484	0.505719
-0.517258	-0.297944
1.60117	0.315255
0.330114	0.423342
-0.908353	0.117149
0.417024	-0.108052
-0.419484	0.447758
-0.104436	0.279502
-0.039253	0.026742
-0.712805	-0.536562
1.21008	0.181785
0.243204	0.390124
-0.854034	-0.190598
-0.919216	-0.550573
1.45994	0.821879
2.04659	0.500893
-0.962671	0.189939
2.15522	0.871545
-0.734533	-1.54125
-0.832306	-0.8922
0.884165	0.766212
-0.864898	-0.291819
-0.299983	0.543277
0.916757	0.250184
-0.441212	0.162815
1.48167	0.534875
-0.973535	-1.5805
-0.745396	-0.25685
0.308387	-0.0599724
-0.788851	-0.352227
0.145431	-0.103952
0.895029	0.747307
1.47081	0.383372
-0.40862	-0.635021
-0.973535	-0.578115
-0.115299	-0.171875
-0.886625	-0.541257
0.938484	-0.0485286
0.417024	0.264544
-0.278255	0.0538607
-0.430348	-0.303692
-0.267392	0.130813
-0.549849	-0.372421
-0.615032	0.302574
-0.560713	-0.654878
-0.223937	0.317622
0.254068	0.503401
-0.691078	0.350068
-0.93008	-0.325348
-0.202209	0.16976
-1.00613	-1.05715
-0.636759	0.133784
0.818983	0.148688
0.92762	0.685788
0.0585207	0.702158
-0.137027	0.0463471
0.199749	0.25666
-0.32171	0.243185
-0.58244	0.278797
-0.864898	-0.43366
-0.441212	0.506429
0.503934	0.0984911
-0.2348	0.03752
-0.93008	-0.845273
-0.864898	-0.424264
-0.832306	-0.768602
0.134567	0.588572
-0.0718443	0.116316
-0.723669	0.309168
-0.604168	-0.33749
0.123703	0.0818823
-0.897489	-0.517307
2.04659	0.519536
-0.484667	-0.257882
-0.365165	0.00456756
-0.832306	-0.614815
-0.973535	0.246448
1.36217	0.447538
-0.984399	-0.558231
-0.940944	-0.529916
0.656027	0.685307
-0.962671	0.0559939
-0.864898	-1.16041
-0.625895	0.234735
0.0259294	-0.60537
-0.886625	-0.551104
-0.528122	-0.332245
1.42735	-0.142306
-0.039253	0.34882
-0.2348	-0.229031
0.297523	0.202059
2.30732	0.611212
-0.549849	0.513464
-0.886625	0.246952
-0.538985	0.180767
2.35077	0.178382
-0.0935718	-0.434472
1.60117	0.757971
-0.354302	0.206568
2.03572	0.203833
-0.908353	-0.649599
0.873302	0.502189
0.275796	0.253434
-0.93008	-0.246164
-0.919216	0.239184
-0.625895	-0.270005
-0.940944	-0.64864
-0.289119	-0.210844
1.49254	0.139957
0.0476569	0.314233
-0.158754	-0.00964802
-0.777988	-0.905279
4.20847	0.5507
-0.734533	-0.363449
-0.452075	0.57067
-0.93008	-0.604109
-0.647623	-1.38836
-0.386893	-0.565692
1.70981	0.412928
-0.897489	-0.698464
-0.419484	0.329673
-0.0718443	0.318788
2.86137	0.271348
-0.604168	0.334199
-0.875761	-0.0748509
-0.854034	0.195151
-0.93008	-0.507102
-0.560713	0.807053
-0.039253	0.0164032
0.199749	0.0395138
-0.691078	0.208038
-0.940944	-0.157548
-0.332574	0.167141
-0.343438	0.172398
0.384433	0.301936
1.13403	0.292728
0.199749	-0.0516497
-0.908353	-0.114596
0.482207	0.150177
-0.158754	0.265464
-0.376029	-0.477505
1.40563	-0.227351
2.97	0.136482
-0.897489	-0.322592
1.07971	0.172566
-0.658487	-0.382855
0.384433	0.350188
-0.712805	-0.441098
-0.886625	-0.18262
-0.0609805	0.482583
-0.49553	-0.255112
0.49307	0.466021
1.35131	0.416991
-0.115299	0.71718
-0.864898	0.47336
-0.0935718	0.010251
0.612572	0.786574
0.0367932	0.104127
0.232341	0.277102
2.63323	0.605756
-0.680214	0.363257
0.66689	0.338459
-0.517258	-0.507602
-0.430348	0.0820391
-0.126163	0.232676
-0.701941	-0.0702464
-0.854034	0.115294
0.210613	0.112748
-0.549849	-0.675296
0.547389	0.122574
0.482207	0.524383
-0.723669	-0.314027
0.264932	-0.0687273
-0.32171	0.420151
0.0911119	-0.0211505
0.0367932	0.318243
-0.788851	0.244398
-0.897489	-0.317243
2.40509	0.319214
1.31872	0.0220061
0.84071	0.437196
-0.386893	-0.233476
-0.875761	-0.621749
-0.332574	0.274384
0.0259294	0.181836
-0.908353	0.042153
-0.832306	-0.51338
-0.995263	-0.573386
0.0259294	0.0499139
-0.940944	-0.674855
0.232341	-0.000353187
0.232341	0.289076
-0.886625	-0.816235
0.884165	0.624379
0.84071	0.270961
1.9814	-0.39376
0.732073	0.244113
-0.777988	-0.47458
-0.647623	-0.234975
0.0911119	0.0520045
-0.658487	0.325784
0.0150657	-0.63102
-0.462939	-0.0471832
0.373569	0.283041
2.38336	0.53561
1.99227	0.67209
1.60117	0.52274
-0.93008	-0.370203
-0.951808	-0.253053
-0.962671	0.355407
-0.223937	-0.518385
-0.484667	-0.0431427
-0.213073	0.0441781
-0.75626	0.364297
0.710345	-0.00530895
-0.864898	0.490229
-0.354302	0.290085
0.123703	0.0963733
-0.267392	0.222309
0.275796	0.216573
-0.538985	0.0128282
-1.00613	-0.491546
1.73154	0.460975
-0.180482	0.278585
2.78532	0.452484
-0.0935718	-0.114817
0.656027	0.555213
-0.40862	0.135357
-0.93008	-0.353447
-0.93008	-0.126502
-0.256528	0.272024
0.0585207	0.702158
-0.84317	0.363671
-0.58244	-0.428863
-0.864898	-0.561447
-0.636759	-0.723783
0.275796	0.552287
-0.310847	0.361802
-0.951808	-0.425581
-0.66935	-0.104168
0.590844	-0.100528
-0.973535	-0.264148
0.66689	0.123224
0.308387	-0.124907
-0.940944	-0.717745
-0.462939	-0.490176
-0.93008	-0.402595
-0.854034	-0.179518
0.0150657	-0.0164884
-0.32171	-0.475244
-0.560713	-0.563909
-0.723669	-0.290368
0.0476569	0.447804
-0.14789	0.37751
-0.940944	-0.464408
1.95968	0.231381
-0.701941	0.00210742
-1.00613	-0.630411
-0.354302	0.188229
0.134567	0.21221
-0.00666181	-0.530523
0.873302	0.350873
-0.615032	-0.591013
-0.995263	-0.821865
0.57998	0.692134
0.0150657	0.444671
-0.593304	0.204018
-0.32171	0.351948
-1.01699	-0.716449
0.112839	0.188621
1.77499	0.489125
-0.93008	-0.915396
2.69841	0.0498181
-0.75626	-0.37519
-0.951808	-0.195288
0.818983	0.452393
0.482207	-0.30236
1.48167	0.161494
-0.604168	0.43515
-0.0175256	0.373367
-0.528122	-0.321134
-0.854034	-1.3666
-0.593304	-0.074135
-0.854034	-1.60417
0.514798	0.658289
-0.636759	-0.363964
-0.93008	-0.641851
-0.082708	0.242007
0.460479	0.070066
0.732073	0.511682
-0.723669	0.486718
-0.397757	-0.213348
-0.039253	0.229356
-0.777988	-0.597008
-0.745396	-0.442732
-0.799715	0.383014
0.503934	0.231356
0.286659	0.272221
-0.343438	0.542224
1.47081	0.686124
-0.75626	-0.00231813
0.57998	0.0420588
0.427888	-0.157442
-0.354302	0.31877
1.56858	0.136324
-0.310847	0.418028
1.02539	0.20904
-0.58244	-0.588128
0.417024	0.208354
0.710345	0.0256584
-0.93008	-0.308951
-0.267392	-0.840914
0.112839	0.237694
-0.799715	-1.13277
0.471343	-0.38112
-0.691078	-0.379827
-0.213073	0.266806
-0.701941	0.112602
-0.799715	-1.75425
-0.84317	-0.0699249
0.243204	0.253391
-0.951808	-0.878054
0.0259294	0.587506
-0.984399	-0.0248877
-0.58244	0.0763199
2.731	0.106211
-0.897489	-0.0291804
1.19921	-0.0903562
-0.441212	0.377924
-0.32171	-1.02009
0.808119	0.598729
-0.082708	0.463321
0.775528	0.441871
1.99227	0.403412
-0.386893	-0.462879
-0.951808	-0.663503
-0.84317	-0.236864
-0.278255	0.361681
0.178022	-0.142791
-0.940944	-0.775784
-0.984399	-1.24614
-0.93008	-0.533555
0.0693844	-0.263795
-0.93008	-1.63484
-0.571577	-0.131918
-0.441212	-0.924314
0.710345	0.545209
-0.647623	0.104917
-0.647623	-0.557429
-0.0283893	0.472885
3.21987	0.582824
-0.951808	-0.154429
0.677754	-0.0160259
-0.854034	-0.190598
-0.115299	-0.0977293
-0.712805	-0.407932
-0.0935718	0.193391
0.916757	0.110055
0.112839	0.3182
0.66689	0.153906
1.45994	0.276359
-0.951808	-0.359384
1.80758	0.400826
-0.104436	0.0712882
0.0585207	0.0691346
-0.2348	0.306151
-0.354302	-0.501069
-0.777988	0.0679985
-0.984399	-0.825987
-0.126163	0.159543
0.57998	0.42219
-0.701941	-0.695182
-0.169618	-0.712549
1.95968	0.417187
1.78586	0.563842
-0.267392	0.0216898
-0.169618	0.358672
-0.75626	0.266491
-0.267392	0.401162
-0.854034	-0.0789918
-0.517258	0.423167
-0.691078	0.546881
-0.343438	-0.0506925
1.00367	0.375814
0.362706	0.333082
-0.810579	0.180872
-0.897489	0.508885
0.188886	0.0729291
0.134567	0.328073
-0.734533	-0.869224
-0.397757	0.0504866
-0.93008	-1.44881
1.91622	0.231414
0.330114	0.158584
-0.864898	-0.314557
-0.745396	-0.415665
-0.0175256	0.504151
1.68808	0.340913
0.297523	0.390458
0.84071	-0.440521
-0.886625	-0.361275
-0.202209	0.297241
3.23073	0.380641
-0.799715	0.188807
1.61204	0.598141
-0.376029	0.157984
-0.386893	-0.225765
-0.864898	-0.53477
1.66636	0.591566
0.134567	-0.0572594
-0.452075	0.160588
-0.571577	0.32575
-0.625895	0.0338112
1.03626	0.447483
1.63376	0.414857
0.395297	0.323354
-0.777988	0.221641
0.699482	-0.150343
2.65496	0.670559
0.199749	0.21261
-0.691078	-0.518
-0.0501168	0.517409
2.31818	0.669209
0.286659	0.342539
-0.647623	-0.124456
2.51373	0.399593
-0.788851	-0.630896
-0.984399	-0.98378
-0.343438	-0.0659117
-0.604168	-0.179923
0.612572	0.678959
0.167158	0.675362
-0.517258	0.0975446
-0.886625	-0.527825
0.112839	-0.810648
0.264932	0.287693
-0.908353	-0.948904
-0.821443	0.190202
-0.473803	0.0124578
-0.810579	-0.111641
-0.310847	-0.235084
-0.962671	-0.503221
-0.723669	-0.053122
0.438752	0.0251408
-0.386893	0.236996
1.12317	0.0148156
-0.647623	-0.58519
-0.213073	0.415537
-0.854034	-0.627681
-0.126163	-0.0983148
1.81845	0.353944
-0.386893	-0.0148533
0.123703	0.49758
2.06831	0.476563
-0.615032	-0.160717
-0.854034	-0.719699
-0.864898	-0.401649
0.710345	0.551289
-0.528122	-0.385421
-0.191345	-0.116104
-0.191345	0.278133
1.79672	-0.733265
2.50286	0.534765
0.0150657	-0.00525801
-0.528122	0.102736
-0.473803	-0.230176
-0.202209	-0.113167
-0.647623	0.107532
1.37303	0.305745
0.0693844	0.190819
0.167158	0.162452
9.48825	0.270685
-0.32171	-0.108506
-0.169618	0.207553
-0.2348	0.300696
-0.734533	-0.993343
-0.919216	0.116985
-0.310847	0.585383
1.52513	0.540475
-0.951808	-0.544039
-0.886625	-0.863987
-0.821443	-0.597524
-0.32171	0.193417
0.297523	0.530863
0.0150657	0.38921
-0.973535	-0.390585
-0.560713	-0.411138
-0.973535	-0.634736
0.971075	0.593569
0.623435	0.114674
-0.84317	0.320861
0.590844	0.430028
-0.354302	0.176679
-0.636759	0.350525
-0.2348	0.175628
0.00420194	0.395095
-0.58244	-0.46627
-0.919216	-0.944794
0.330114	0.481805
0.482207	-0.567887
-0.571577	0.187828
-0.723669	0.44115
0.0476569	-0.124038
0.275796	-0.0306255
-0.908353	-0.760604
0.764664	0.427176
1.66636	0.144235
-0.734533	0.382612
-0.397757	0.262472
-0.647623	-1.38836
-0.75626	-0.961489
1.85104	0.363921
-0.810579	-0.517433
1.6229	0.604579
-0.245664	-0.141996
-0.278255	0.344583
-0.951808	-0.623476
-0.104436	0.144958
-0.799715	0.0387847
-0.267392	0.408843
-0.00666181	-0.371783
0.243204	0.427915
2.19868	0.547657
0.178022	0.198792
-0.93008	-0.861201
-0.484667	-0.261855
1.9814	0.453382
-0.473803	0.163293
-0.560713	-0.250045
-0.278255	0.472907
0.503934	0.677312
-0.66935	-0.501912
1.6229	0.410763
-0.517258	0.443238
0.884165	0.211946
-0.821443	-0.776608
-0.462939	0.0215565
-0.386893	0.242019
-0.734533	-1.28702
0.645163	0.323388
-0.93008	-0.29134
-0.625895	-0.298733
-0.289119	0.216324
-0.658487	0.359977
2.35077	0.136001
0.264932	0.316369
0.503934	0.505296
-0.810579	-0.370581
0.156294	0.403075
-0.0283893	0.324945
-0.723669	-0.338291
-0.267392	-0.633358
0.0911119	0.11118
0.7538	0.380342
-0.104436	0.471296
-0.940944	-0.749232
0.275796	0.256183
-0.799715	-0.542274
-0.995263	-0.772179
-0.897489	-1.02128
-0.528122	0.399279
-0.962671	-0.55278
0.0367932	0.428719
-0.169618	-0.308409
-0.169618	0.0815196
-0.951808	-0.545632
-0.289119	-0.564979
0.949348	0.145998
-0.875761	-0.366059
-0.84317	0.128086
-0.538985	0.253847
0.406161	0.758853
0.764664	0.240039
1.66636	0.306705
0.460479	0.411919
0.938484	0.242544
0.373569	0.302082
-0.528122	0.383578
-0.821443	0.302702
-0.365165	0.0385482
1.25353	0.473441
1.37303	0.324349
-0.0283893	-0.128074
0.547389	-0.069393
-0.962671	0.288211
1.8619	0.432472
0.590844	0.109433
-0.365165	0.126836
-0.701941	0.0630006
-0.365165	-0.244446
-0.245664	0.0313391
2.63323	0.248118
-0.256528	0.395928
-0.40862	0.287965
-0.680214	0.0647931
-0.571577	0.0318299
-0.267392	-0.0223615
3.51319	0.48757
0.134567	-0.515703
-0.93008	-0.763051
-0.864898	0.156986
-0.973535	-0.126077
0.710345	0.427957
4.20847	0.5507
0.916757	0.233355
-0.951808	-0.575485
2.07918	0.486107
0.123703	-0.118684
0.710345	0.201391
0.862438	0.409038
0.0911119	-0.969393
0.482207	0.413791
0.395297	0.325441
0.569117	0.722268
-0.788851	0.462069
0.829847	-0.0103023
-0.788851	-0.694837
0.00420194	0.470568
-0.767124	0.394464
-0.0935718	0.052327
-0.897489	-0.386666
1.51426	0.282843
-0.886625	-0.81155
3.23073	0.363483
0.482207	0.202897
-0.0501168	0.153434
0.688618	0.460885
3.94774	0.728828
-0.430348	0.059513
1.35131	0.0141732
-0.886625	-0.569303
-0.593304	0.514363
0.156294	0.356075
-0.49553	-0.253571
0.362706	0.0976731
-0.93008	-0.879568
-0.593304	0.332896
-0.0283893	-0.270707
-0.462939	-0.422033
-0.039253	0.493879
0.482207	0.483422
1.21008	0.297872
-0.658487	0.343163
-0.75626	-0.638391
-0.2348	0.538233
-0.984399	-2.00127
0.536525	0.698598
-0.0283893	-0.798057
-0.49553	-0.20507
-0.506394	0.0133574
0.0476569	-0.21832
0.0585207	0.455101
-0.712805	0.2985
-0.00666181	0.294227
-0.430348	-0.22119
-1.01699	-1.81128
-0.777988	-0.487859
0.569117	0.0908736
0.00420194	0.156661
0.884165	0.145046
0.732073	0.756355
-0.517258	0.0955054
-0.0609805	-0.608811
-0.93008	0.122333
-0.549849	-0.466522
-0.473803	-0.0344485
-0.788851	0.30157
0.134567	0.436199
1.2644	-0.374592
0.49307	0.486067
0.0693844	0.248471
-0.299983	0.328993
0.764664	0.357024
-0.777988	-0.832276
0.0150657	-0.557558
-0.691078	-0.826609
1.39476	-0.276265
-0.897489	-0.451385
-0.93008	-0.290078
-0.0283893	0.32455
-0.84317	0.445491
-0.777988	-0.579048
0.351842	0.248019
-0.745396	0.31058
-0.462939	-0.246629
-0.886625	-1.10763
1.44908	0.485687
-0.452075	-0.702748
-0.821443	-0.565423
-0.93008	-0.0612061
-0.940944	0.222388
-0.593304	0.234812
0.178022	0.553542
-0.14789	0.473844
1.45994	0.478291
0.112839	0.212013
-0.995263	0.0168094
-0.158754	0.265947
1.35131	0.866133
-0.995263	-0.298656
-0.615032	0.376475
-0.973535	-0.242032
-0.636759	-0.516513
1.2644	0.39625
-0.984399	-0.695974
-0.701941	0.624611
-0.202209	0.487834
0.992803	0.372963
-0.0609805	0.400179
-0.919216	0.480208
-0.528122	0.524875
-1.00613	-0.764508
0.243204	0.352228
-0.875761	-0.599794
0.275796	0.713413
0.971075	0.134942
0.645163	0.535138
-0.84317	-0.113644
-0.767124	-1.14533
2.09004	0.237609
-0.256528	0.733589
-0.441212	0.0715119
-0.951808	-0.814299
-0.973535	-0.030693
0.732073	0.516489
0.362706	0.520261
2.65496	0.519351
-0.897489	-0.500295
-0.93008	0.160236
-0.506394	0.55425
3.01346	0.182512
-0.40862	0.531118
-0.202209	0.199028
0.601708	0.428814
0.0150657	-0.120713
-0.636759	-0.321093
-0.419484	0.477979
0.264932	0.477495
-0.245664	-0.0675186
-0.691078	0.405422
-0.365165	0.153261
0.721209	0.0828795
-0.256528	-0.0462741
0.590844	0.141037
-0.951808	-0.0846822
-0.115299	0.463697
-0.973535	-0.0241878
-0.115299	0.262816
-0.84317	0.356666
1.02539	0.22023
1.94881	0.398629
-0.58244	-0.110181
-0.484667	0.15388
0.362706	0.144219
-0.604168	-0.823881
-0.995263	-0.994149
-0.680214	-0.480666
-0.951808	0.30332
2.05745	0.537344
-1.03872	-1.06181
-0.767124	-0.640752
0.167158	0.221845
-0.484667	-0.0844432
0.0367932	0.150815
0.0150657	0.38494
-0.745396	0.123428
0.0150657	0.140274
-0.441212	-0.284075
0.340978	0.668224
-0.897489	-0.481602
-0.267392	-0.238935
1.43822	0.71285
0.0259294	0.454778
-0.289119	0.11263
0.406161	0.220745
0.699482	0.361388
-0.571577	0.456873
0.254068	-0.215264
0.330114	0.415224
-0.734533	-0.589702
-0.0283893	-0.329699
1.34044	-0.247186
-0.84317	-0.460648
2.36163	0.387478
-0.441212	0.0112686
0.460479	0.0159616
1.32958	0.69473
0.286659	0.575992
-0.419484	-0.170073
-0.538985	-0.507543
-0.93008	-0.435083
-0.723669	-0.357778
2.16609	-0.0631971
-0.908353	-0.0676054
-0.158754	0.0931303
1.36217	-0.10249
-0.940944	-0.848775
-0.799715	-0.447976
-0.854034	-0.710113
-0.875761	-1.08753
-0.658487	-0.0764938
1.5034	0.478651
-0.691078	-0.446323
-0.940944	-1.10829
-0.267392	0.525211
-0.919216	0.0361596
-0.0283893	0.0668714
0.797255	0.174564
0.362706	0.248175
-0.169618	0.00984595
-0.984399	-0.373684
-0.58244	-0.674302
1.00367	0.375814
-0.908353	-0.682772
0.66689	-0.0809257
-0.137027	-0.385697
-0.723669	-0.290368
0.460479	0.109217
-0.767124	0.156046
-0.0501168	-0.797591
-0.897489	-0.774255
-0.810579	-0.166557
-0.169618	0.252317
-0.767124	-0.306178
-0.115299	0.71718
-0.517258	-0.164793
-0.647623	-0.523371
0.732073	0.244113
-0.995263	-0.90554
-0.75626	0.157161
3.31764	0.524863
1.29699	-0.0587905
1.82931	0.880958
0.427888	0.483789
0.0367932	0.00726501
0.449616	0.211289
-0.973535	-1.05096
-0.973535	0.0673851
-0.267392	0.392461
-0.386893	-0.653267
-0.75626	-0.990718
-0.799715	0.0834215
-0.940944	-1.05228
0.351842	0.254483
-0.984399	0.496863
-0.615032	0.534329
-0.767124	-1.14533
0.286659	0.346163
-0.767124	0.241121
-0.799715	-0.213583
-0.223937	0.0305331
-0.560713	0.807053
-0.973535	-0.938495
0.829847	0.257767
-0.821443	0.110525
0.547389	0.431083
-0.278255	0.328776
1.72067	0.343116
0.427888	0.380514
0.0259294	0.322906
-0.680214	0.0647931
0.199749	0.499821
0.254068	0.543182
3.49146	0.417318
1.95968	0.502792
0.308387	0.341269
-0.745396	-0.184247
-0.278255	-0.408712
-0.962671	-1.14799
0.0367932	-0.0435311
0.503934	0.207289
-0.973535	0.234663
0.308387	0.690972
0.319251	0.73724
1.31872	0.744529
1.12317	0.730488
0.101976	0.368913
0.612572	0.347775
1.1123	0.158778
-0.734533	-0.645773
-0.40862	0.487984
-0.777988	0.0430003
0.0150657	0.599072
0.101976	-0.328449
3.45887	0.272898
-0.712805	-0.520498
-0.908353	-1.02279
-1.00613	-0.699534
-0.0283893	0.200042
0.677754	0.572361
-0.66935	-0.196489
0.742937	0.440632
-0.571577	-0.21514
0.167158	0.607332
-0.462939	-0.112144
-1.00613	-0.667082
0.145431	-0.345517
-0.365165	-0.0928085
-0.745396	-0.641129
-0.376029	0.269192
1.04712	0.380734
-0.767124	-0.660326
-0.832306	-1.20322
1.44908	0.473145
-0.386893	0.446305
-0.528122	-0.596944
1.06885	0.139197
-0.528122	0.320714
0.0802482	0.073828
-0.832306	-0.380308
-0.32171	0.154435
-0.832306	-0.958962
0.623435	0.419333
-0.821443	-0.124262
0.916757	0.356232
-0.864898	-0.195124
0.221477	-0.490553
0.395297	0.228156
-0.137027	-0.07003
-0.66935	0.277753
-0.951808	-0.6386
-0.169618	0.568607
0.0802482	-0.134357
-0.734533	-0.31624
-0.658487	0.343163
-0.560713	0.47109
-0.49553	0.0510428
0.275796	-0.291603
0.960212	-0.0631796
0.384433	-0.341592
0.112839	0.349654
-0.538985	-0.64642
-0.788851	-0.499731
-0.821443	-0.576794
-0.951808	-0.207157
-0.712805	-0.545438
3.16555	0.582917
-0.864898	0.0345279
-0.691078	-0.942208
0.688618	-0.195178
-0.0501168	0.146636
-0.908353	0.142756
-0.66935	-0.421585
-0.462939	-0.412464
-0.854034	-0.584158
-0.310847	0.435298
0.112839	-0.200771
-0.951808	-0.837415
-0.419484	0.229946
-0.84317	-0.593107
0.992803	-0.258896
-0.58244	-0.46627
-0.40862	0.223291
-0.213073	0.340176
-0.473803	0.263596
-0.0175256	-0.388251
-0.745396	0.701742
-0.821443	0.203559
-0.821443	-0.134525
-0.32171	-0.390579
-0.810579	0.485623
-0.0609805	0.371684
0.851574	0.440713
0.308387	0.254695
1.34044	0.268706
0.254068	0.325451
0.818983	0.36854
-0.397757	-0.471343
-0.538985	0.196532
-0.104436	0.341945
-0.256528	0.0317244
0.92762	0.376354
0.525662	0.214802
1.53599	0.329029
0.656027	-0.211676
-0.430348	0.202962
-0.745396	-1.28006
-0.886625	-1.52504
-0.940944	0.0328997
-0.93008	-0.501666
1.82931	0.256304
0.101976	0.470296
0.0693844	0.927025
-1.00613	0.465668
-0.0283893	0.469099
2.38336	0.127873
0.101976	-0.288536
0.0367932	0.177963
-0.376029	-0.131186
-0.538985	0.182894
-0.191345	0.41459
-0.658487	-0.180169
-0.777988	-0.123008
-0.2348	0.0190851
-0.854034	0.122286
0.786392	0.429321
-0.691078	-0.431357
-0.2348	-0.126731
-0.962671	0.128999
1.49254	0.270741
-0.788851	0.702322
-0.712805	-0.326288
-0.897489	-0.331277
-0.864898	0.0327314
-0.75626	0.0996753
-0.951808	-0.604926
-0.788851	0.0920818
-0.75626	0.0664232
-0.701941	0.221644
-0.419484	-0.284717
-0.821443	-0.706473
-0.625895	-0.298733
0.384433	-0.144502
-0.810579	-0.167981
0.688618	-0.401264
-0.462939	0.520914
-0.223937	0.237577
-0.788851	-0.473002
1.41649	0.425068
-1.00613	-0.131151
0.351842	-0.227875
-0.604168	-0.986805
1.04712	0.203484
0.482207	0.462784
0.818983	0.63282
1.19921	0.254742
0.92762	0.303619
-0.886625	0.371239
-0.441212	-0.521991
-0.940944	-0.775784
2.14436	0.649386
0.438752	0.371549
1.47081	0.450995
-0.973535	-0.550729
-0.788851	-0.5339
-0.908353	-1.4131
-0.680214	-0.0884359
-0.506394	-0.895868
-0.995263	-0.721625
-0.506394	0.0862208
0.438752	0.697272
0.0367932	0.323924
-0.462939	0.303029
-0.484667	0.464989
-0.940944	-1.40253
-0.528122	0.0169363
-0.289119	-0.0726679
-0.691078	-0.0975493
1.92708	-0.390672
-0.039253	0.580731
-0.419484	0.277139
-0.951808	0.333911
5.04498	0.608274
-0.832306	0.37941
0.525662	0.147427
-0.701941	0.543261
-0.49553	0.205945
-0.864898	-0.863057
-0.115299	-0.424386
-1.02785	-0.491629
-0.484667	0.460489
0.0693844	0.33536
-0.745396	-0.557056
-0.137027	0.56126
-0.213073	0.335623
-0.0718443	0.0981252
-0.908353	-0.543371
-0.940944	-0.64864
-0.604168	0.415766
1.85104	0.45686
0.710345	0.339705
-0.49553	-0.323671
-0.245664	-0.0713728
-0.723669	-0.988564
-0.908353	-0.574152
0.710345	0.70362
-0.506394	-0.163497
-0.441212	0.224999
-0.0283893	0.0127332
0.210613	-0.346149
0.938484	0.530638
-0.571577	0.121
0.319251	0.203767
-0.40862	-0.237453
-1.00613	0.0103556
0.0476569	-0.089652
1.3839	0.56002
-0.430348	-0.0917935
0.340978	0.415596
-0.658487	0.30815
-0.137027	-0.333716
0.438752	0.231134
-0.169618	0.478294
-0.962671	-0.29104
-0.647623	0.20388
-0.940944	-0.602313
-0.40862	-0.18633
0.134567	0.279258
-0.00666181	0.222706
1.48167	0.301137
-0.854034	-0.336736
1.49254	0.632441
-0.386893	-0.833647
-0.712805	-0.453675
3.35024	0.439052
-0.549849	0.1344
0.254068	-0.45043
-0.777988	-0.932467
-0.745396	0.206599
0.395297	0.503487
-0.0935718	0.0288216
-0.821443	0.515194
-0.875761	0.105998
-0.267392	0.654661
-0.767124	-0.384207
-0.734533	-0.440473
-0.245664	0.210846
-0.767124	-0.556454
-0.691078	-0.0975493
-0.452075	0.147063
-0.995263	-0.524814
-0.126163	-0.205226
-0.93008	-0.366079
-0.712805	-0.0926913
-0.75626	0.615584
1.22094	-0.186594
-0.854034	-0.0609917
-0.397757	-0.00404436
0.373569	-0.393962
-0.777988	-0.063646
0.905893	0.153817
-0.788851	-0.791432
-0.126163	-0.470768
1.44908	0.0919737
0.656027	0.330792
-0.528122	0.335523
-0.908353	-0.232633
-0.082708	0.542618
-0.462939	-0.765944
-0.528122	0.246157
0.786392	0.563418
-0.376029	0.47383
-1.00613	0.183955
0.92762	0.170405
-0.767124	-0.305479
-0.0501168	-0.170922
-0.951808	-0.66126
-0.104436	0.112669
-0.484667	0.424279
2.86137	0.52146
-0.875761	-0.621329
1.3839	-0.325311
-0.115299	-0.140215
-0.745396	0.00850385
0.482207	0.414412
-0.864898	-0.547808
-0.864898	-0.778214
-0.647623	-0.431945
-0.430348	-0.167016
-0.951808	-0.806693
-0.615032	0.136986
-0.810579	0.308738
-0.864898	-0.786327
-0.376029	0.158906
0.66689	0.0732607
0.101976	0.0676545
-0.84317	0.245187
-0.40862	0.155001
-0.658487	0.147144
-0.951808	-1.13133
-0.919216	-1.2918
0.0259294	-0.168841
-0.528122	-0.336753
-0.636759	-0.142927
0.57998	0.252508
0.449616	0.335414
-0.00666181	-0.222985
3.62183	0.389112
1.05799	0.310961
0.829847	0.0977418
-0.289119	0.197622
-0.202209	-0.167885
0.471343	0.0823394
-0.745396	-0.803605
0.677754	0.0175816
-0.332574	0.470504
-0.549849	-0.14866
-0.691078	-0.0134936
-0.593304	0.0470587
-0.854034	-0.133061
-0.810579	-0.479526
0.221477	0.465909
-0.49553	-0.20507
0.471343	0.271596
-0.821443	-0.642201
-0.908353	-0.275752
-0.528122	0.230079
-0.701941	0.57086
-0.712805	0.037485
-0.039253	0.111523
1.28612	0.0845801
-0.995263	-0.585833
0.123703	0.503994
-0.593304	-0.0761878
0.525662	0.173927
0.710345	-0.112312
0.742937	-0.167427
0.482207	0.448601
-0.832306	-0.714738
-0.58244	-0.339413
-0.289119	-0.0500358
-0.441212	-0.300516
1.43822	0.485908
-0.202209	0.0495838
1.34044	0.113243
-0.365165	-1.23991
0.862438	0.0631589
0.688618	0.107547
1.30785	0.454412
-0.75626	0.342292
1.18835	0.434599
0.351842	-0.0915466
1.2644	0.167827
-0.180482	-0.195603
-0.788851	0.101744
-0.223937	-0.666226
-0.376029	-0.551377
1.09058	-0.288024
0.395297	0.354309
-0.658487	0.343902
-0.0935718	0.334234
-0.680214	0.111
0.199749	-0.558747
2.45941	0.669146
2.40509	0.451094
0.460479	0.352883
2.74187	0.105773
-0.0283893	0.482312
-0.875761	-0.983887
0.818983	0.388536
-0.299983	0.429431
-0.864898	0.223236
-0.940944	-0.443678
-0.49553	-0.127493
0.764664	0.295989
-0.615032	-0.863745
-0.14789	0.0372888
-1.03872	-1.27516
-0.951808	-0.657629
-0.593304	-0.817232
0.134567	-0.274946
-0.430348	0.233953
0.66689	0.206688
-0.821443	-0.612417
-0.886625	-0.234286
0.981939	0.470954
1.16662	0.469896
-0.767124	-0.122843
2.19868	0.210202
-0.962671	-0.362446
-0.625895	-0.511909
0.569117	0.217269
-0.528122	0.295473
-0.93008	-0.272995
0.384433	0.478223
-0.104436	0.0477431
-0.767124	0.02357
-0.180482	0.314016
-0.66935	-0.109259
-0.84317	0.323861
-0.0175256	0.456647
0.188886	-0.348959
-0.788851	-0.439776
-0.158754	-0.48024
-0.397757	-0.506967
-0.158754	0.0432618
0.264932	0.270955
-0.821443	-0.430298
-0.636759	-0.882815
0.112839	0.023848
-0.343438	-0.0659117
2.48114	0.160517
-0.832306	0.262956
5.97926	0.679333
-1.00613	0.24742
0.0476569	0.0194556
-0.93008	-0.88758
2.70927	0.427335
-0.647623	0.26183
-0.32171	0.493502
-0.2348	-0.327968
-0.213073	-0.059616
-0.104436	-0.556869
-0.897489	0.277144
1.1123	0.618701
-0.723669	-0.218364
0.101976	-0.451802
0.808119	0.431654
-0.647623	0.274553
-0.376029	-0.240613
-0.875761	-0.616951
-1.04958	-1.45201
-0.93008	0.220387
-0.126163	-0.327437
-0.897489	-0.36412
-0.419484	0.381421
2.45941	0.325671
1.47081	0.0838292
0.960212	0.425899
-0.549849	0.514491
0.775528	0.664203
-0.14789	0.250663
0.884165	0.277886
0.525662	-0.148665
0.221477	0.803496
-0.267392	0.509948
-0.93008	-0.934173
-0.875761	-0.0370755
-0.734533	0.109298
-0.506394	-0.475488
0.145431	-1.15404
-0.462939	0.480395
-0.701941	0.168563
-0.875761	-0.542283
-0.560713	-0.440759
-0.484667	0.247553
-0.58244	-0.0210722
0.395297	-0.178619
0.710345	0.569093
-0.32171	-0.158676
0.742937	-0.196904
-1.00613	-0.753844
-0.0609805	0.367595
-0.919216	-0.302855
-0.00666181	0.202316
0.395297	0.0877478
-0.278255	0.293269
-0.788851	-0.568256
0.330114	0.102655
-0.658487	-0.679439
-0.00666181	0.195372
0.297523	0.56863
-0.864898	-0.0199637
-0.984399	0.135364
-0.397757	-0.416058
0.243204	0.312368
-0.191345	0.213783
-0.560713	-0.0409447
-0.767124	-0.0592163
0.00420194	0.574886
0.264932	-0.16635
-0.940944	-1.12208
0.525662	0.179656
0.395297	0.360379
-0.0718443	0.069878
-0.75626	0.0636296
0.764664	0.0733339
-0.691078	0.304417
-0.549849	-0.14866
0.264932	0.530801
-0.604168	-0.680559
-1.02785	-0.148812
0.623435	0.204635
1.07971	0.404876
-0.93008	-0.790304
0.101976	0.154151
-0.126163	0.439903
-0.788851	-0.35297
0.199749	0.391342
2.92655	0.680046
0.243204	-0.0612468
0.351842	-0.032593
-0.940944	-0.302576
-0.615032	-0.131073
-0.549849	-0.416061
-0.538985	0.182653
0.00420194	-0.16499
-0.93008	-0.0779788
-0.0283893	-0.878601
-0.419484	0.030152
-0.191345	-0.711762
-0.712805	-0.127981
0.525662	-0.318642
0.0476569	0.231026
-0.32171	0.25032
-0.962671	-0.867119
-0.538985	-0.0805281
0.254068	0.311615
-0.0718443	0.429563
-0.832306	0.196979
0.0259294	0.58606
0.0476569	0.240322
-0.299983	-0.203676
0.710345	-0.136707
-0.376029	0.604812
1.61204	-0.151141
-0.886625	0.298123
-0.517258	-0.00297838
1.9814	0.476616
0.732073	-0.259094
1.23181	0.415298
-0.886625	-1.05925
-0.49553	0.110233
-0.75626	0.160667
0.514798	0.178422
-0.821443	-0.0852494
0.84071	0.366134
-0.897489	0.308778
0.634299	0.573443
-0.571577	0.0795809
-0.0718443	-0.0775376
-0.430348	-0.287364
-0.289119	0.250689
0.960212	0.641698
0.0367932	0.485506
-0.245664	0.312981
0.895029	0.0451309
-0.40862	0.155001
1.36217	0.321105
-0.386893	-0.542798
-0.919216	-1.25855
-0.951808	-0.0472886
-0.126163	0.0947168
-0.973535	-0.938495
-0.908353	-0.023768
-0.473803	0.384126
-0.58244	-0.500773
-0.93008	-1.18457
-0.354302	0.0657214
1.27526	0.283326
-0.202209	0.417786
-0.2348	0.64102
0.254068	0.330221
-0.169618	0.0223648
-0.886625	-0.86623
0.677754	0.144155
0.0150657	0.309477
0.895029	0.761912
-0.40862	-0.18633
-0.441212	0.294286
-0.58244	-0.355359
2.30732	0.368413
-0.462939	-1.25876
-0.788851	-1.21234
-0.604168	0.302482
0.330114	0.685936
-0.0935718	0.441976
-0.506394	0.295209
4.24106	0.20519
-0.680214	0.00852326
1.24267	0.662129
2.11177	0.371261
-0.49553	0.313497
0.547389	-0.341752
-1.00613	-0.544913
-0.788851	-0.937042
0.862438	0.468113
-0.126163	0.583381
0.00420194	-0.0493431
-0.810579	-0.370581
-0.788851	-0.0213917
0.0802482	0.212716
1.3839	0.37019
-0.810579	0.159501
0.254068	0.295351
-0.104436	0.414793
0.123703	0.219708
2.80705	0.400291
0.330114	0.0483066
0.721209	-0.326394
-0.799715	0.583017
0.536525	0.449887
-0.082708	0.399753
-0.962671	-0.847801
2.90482	0.423229
0.732073	-0.00833486
-0.680214	0.321007
-0.397757	0.21249
-0.777988	-0.0854513
5.12103	0.715724
-0.984399	-0.459093
-0.875761	-0.971221
-0.473803	0.149151
-0.00666181	-0.351918
0.873302	-0.0335298
0.460479	0.418516
-0.376029	0.121421
-0.864898	0.0527873
0.286659	0.476169
-0.832306	0.00364972
-0.864898	-1.04436
1.97054	0.115878
0.308387	-0.0319099
-0.897489	-1.37308
1.65549	0.345735
-0.158754	-0.119455
-0.734533	-0.145964
-0.0718443	0.105413
-0.104436	0.148919
-0.441212	-0.300516
-0.691078	0.304071
0.471343	0.059008
0.558253	0.525901
-0.40862	0.41928
0.786392	0.173077
-0.58244	-1.33862
-0.604168	0.243024
-0.0609805	-0.0611348
-0.430348	0.153779
-0.832306	0.493313
-0.104436	0.0687736
-0.951808	-0.687525
-0.267392	-0.60335
0.449616	0.381987
2.492	0.555015
0.156294	-0.137223
0.0693844	0.493771
-0.821443	-1.44583
-0.940944	-0.630222
-0.962671	-0.895507
-0.897489	0.154588
0.482207	0.202897
-0.538985	-1.66915
0.319251	0.173118
0.417024	0.575596
-0.908353	0.127347
0.0802482	0.169152
-0.93008	-0.937075
0.373569	0.13521
-0.940944	-0.99014
-0.202209	0.330983
-0.951808	-0.901947
-0.452075	-0.588775
0.0259294	-0.454628
-0.886625	-0.268794
-0.082708	0.324019
-0.93008	-0.771245
-0.419484	0.210152
-0.560713	-0.447118
-0.473803	0.0469149
-0.701941	0.234044
1.87277	0.253507
1.04712	0.024275
-0.538985	0.458427
-0.343438	0.504186
-0.940944	-0.550406
-0.430348	0.309603
-0.332574	0.116542
0.112839	0.465316
-0.332574	-0.642048
-0.604168	-0.424187
0.00420194	0.275354
0.417024	0.192825
-0.973535	-0.544737
-0.462939	-0.849854
1.1449	-0.0921894
-0.745396	-0.738096
-0.0501168	0.292467
0.275796	-0.0306255
-0.137027	0.107847
-0.810579	-0.597069
-0.84317	0.485501
0.101976	0.489485
-0.245664	0.669334
-0.115299	0.277398
1.53599	0.391227
-0.484667	-0.302287
0.471343	0.433087
0.656027	-0.649615
-0.473803	0.35365
0.503934	0.0812674
-0.571577	-0.273377
-0.202209	0.132063
0.330114	0.674158
-0.940944	-1.2086
-0.310847	0.0749667
-0.0935718	0.45285
-0.0501168	-0.170922
-0.810579	-0.663108
-0.897489	-0.667518
-0.712805	-0.603074
-0.680214	-0.395472
-0.75626	0.361072
-0.864898	0.11005
-0.940944	-0.276634
-0.636759	0.262768
-0.973535	-0.364713
-0.875761	-0.218517
-0.202209	-0.195131
0.0150657	-0.0263688
-0.0175256	0.223769
-0.517258	0.427291
-0.854034	0.386128
-0.864898	0.0760802
-0.104436	0.148729
-0.2348	-0.631006
-0.636759	0.0378988
-0.0718443	0.198681
-0.84317	-0.189149
1.52513	0.416591
-0.354302	-0.0171954
-0.484667	-0.346639
1.24267	0.665788
-0.430348	0.00687063
-0.908353	-0.952622
-0.158754	0.0183015
-0.0501168	0.261267
0.569117	0.182019
-0.821443	-0.349487
2.75273	0.270312
0.188886	0.331474
-0.14789	0.378936
-0.604168	-0.491078
-0.538985	-0.0381865
2.30732	0.611212
-0.810579	-1.03925
-0.223937	-0.522893
-0.528122	0.512205
0.775528	0.218856
-0.940944	-0.517627
0.395297	-0.288768
0.688618	0.423683
-0.734533	-0.156398
0.742937	-0.153064
-0.604168	0.219001
-0.213073	0.840387
-0.919216	-0.424865
0.243204	0.244901
-0.484667	0.0256636
-0.919216	-0.707518
-0.267392	0.23293
-0.810579	-0.309546
-0.745396	0.56451
0.427888	-0.702775
1.69895	0.241871
0.00420194	0.033533
-0.821443	-0.165675
4.64302	-0.0687866
-0.973535	-0.030693
-0.484667	-0.349191
-0.821443	0.393683
0.362706	-0.200232
1.31872	0.613184
0.232341	-0.300757
-0.202209	0.60411
3.08951	0.256091
-0.376029	0.0953997
-0.940944	-0.243141
0.286659	0.592838
-0.810579	-0.428636
-0.213073	0.103612
1.13403	0.182265
-0.75626	-0.675752
0.0911119	0.159349
-0.0609805	0.242152
-0.397757	0.567105
1.59031	0.581875
0.406161	0.115408
-0.593304	0.039486
-0.799715	-0.28227
-0.397757	0.132074
-0.84317	0.567626
0.0150657	-0.0192077
-0.745396	-0.34797
-1.01699	0.142977
-0.191345	-0.0584968
1.27526	0.265077
-0.897489	-0.669059
-0.799715	-0.157836
-0.202209	-0.26501
-0.40862	-0.0248232
-0.777988	0.192578
2.28559	0.297018
1.87277	0.40835
-0.886625	-0.672491
-0.343438	-0.331611
1.21008	0.0550768
-0.864898	-0.202186
-0.299983	0.161392
1.69895	0.113518
0.427888	-0.0457965
-0.777988	-0.196525
-0.615032	0.446074
2.24213	0.581261
-0.680214	0.238898
-0.419484	-0.286132
-0.452075	-0.323745
0.775528	0.236031
-0.343438	0.218312
-0.571577	0.547697
-0.256528	-0.0071295
-0.517258	0.32854
3.41542	0.546342
0.0693844	0.711322
-0.75626	0.47626
-0.32171	0.366676
-0.886625	-0.813123
-0.908353	-0.573195
-0.93008	0.13029
-0.0501168	-0.408195
0.340978	0.334556
-1.00613	-1.12012
-0.289119	-0.156202
-0.267392	-0.142188
-0.864898	-0.156355
2.17695	0.506183
-0.75626	0.0904871
1.51426	0.455264
-0.0175256	0.231021
-0.940944	-0.192987
-0.875761	-0.615401
-0.538985	0.269314
0.57998	0.398872
0.0585207	0.355287
1.84017	0.674814
-0.549849	-0.520073
-0.897489	-0.604972
-1.01699	-0.80311
1.53599	0.454503
0.699482	0.419801
-0.723669	-0.100144
-0.571577	0.308995
-0.115299	-0.25417
-0.299983	0.546483
0.460479	0.12901
-0.767124	-0.0856377
-0.082708	0.22597
-0.343438	0.708353
1.66636	0.29406
0.254068	0.455163
0.145431	0.046611
-0.995263	0.0423112
0.243204	-0.0392817
-0.701941	0.120474
0.677754	0.486439
-0.202209	0.513978
0.732073	-0.624184
-0.538985	-1.05512
0.710345	-0.3511
-0.66935	0.300692
-0.267392	-0.107641
-0.58244	-0.616234
-0.593304	0.318258
-0.223937	0.0470715
-0.49553	0.504781
-0.137027	-0.211125
-0.940944	0.530459
-0.365165	-0.266104
-0.549849	-0.470628
-0.267392	0.194852
-0.984399	-0.709602
-0.376029	0.0253721
0.7538	0.0381253
0.775528	0.168947
-0.799715	0.221122
-0.832306	-0.711524
-0.354302	-0.0887702
1.12317	0.0822329
0.00420194	0.333906
-0.908353	-0.574152
0.0802482	0.311511
-0.137027	0.171
-0.137027	0.171
-0.0935718	0.319048
-0.93008	-0.192865
0.395297	0.551568
-0.593304	0.0123386
-0.810579	-0.506368
-0.0283893	0.328126
0.308387	-0.466706
0.590844	-0.0674729
-0.680214	-0.493992
0.101976	-0.451802
-0.332574	-0.277474
-0.854034	-0.163851
-0.202209	-0.26501
-0.0501168	-0.00952887
1.09058	0.266145
-0.951808	0.0501884
-0.995263	-0.747398
-0.256528	0.454572
-0.799715	-0.447976
-0.169618	-0.0137601
-0.723669	-0.567996
0.960212	0.207631
0.710345	-0.51749
-0.875761	-0.213767
-0.604168	-0.0857351
0.243204	0.417827
-0.506394	0.518333
0.656027	0.668285
0.297523	0.417106
1.15576	0.391669
1.3839	-0.830409
-0.854034	-1.20575
0.981939	0.350203
-0.593304	0.0787328
-0.202209	-0.313614
-0.951808	-0.701735
-0.365165	0.770767
-0.897489	-0.775513
0.221477	0.440236
0.547389	-0.130768
1.9814	0.388259
0.938484	0.486966
-0.821443	-0.399851
-0.886625	0.142316
-0.777988	-0.151367
-0.180482	0.26995
-0.593304	0.076624
1.10144	0.108603
1.99227	0.503354
-0.0718443	0.771097
0.0476569	0.35883
0.123703	-0.0429729
0.123703	-0.127729
-0.680214	0.281551
-0.886625	0.113738
3.53492	0.791105
-0.354302	-0.121002
-0.538985	0.198633
-0.452075	-0.49177
-1.00613	-0.739948
-0.940944	-0.539626
-0.14789	0.525647
-0.919216	-0.964723
-0.788851	0.502839
-0.169618	-0.0794261
2.11177	0.413993
-0.528122	0.265205
-0.58244	-0.388125
-1.00613	-1.15417
-0.0609805	0.416931
-0.821443	-0.487679
-0.854034	-0.221238
0.482207	0.501417
-0.919216	-0.676655
0.417024	-0.527767
0.00420194	-0.454529
-0.419484	0.207183
0.221477	0.567782
-0.0175256	0.0324053
-0.799715	-0.13813
0.123703	-0.685191
-0.343438	0.206157
-1.00613	-0.0910861
0.406161	0.485837
2.253	0.573053
0.264932	-0.169504
0.916757	0.46723
-0.84317	-0.151298
1.91622	-0.294178
-0.245664	0.434247
0.232341	0.548121
-0.223937	-0.666226
-0.278255	-0.191177
-0.484667	0.331185
1.59031	0.219151
-0.343438	0.118583
-0.951808	-0.441024
-0.484667	0.299325
-0.267392	-0.4251
-0.940944	-0.560701
-0.202209	0.573142
1.32958	0.238767
-0.452075	-0.425742
-0.00666181	0.233835
0.84071	0.415282
-0.386893	0.0267394
-0.723669	-0.213763
-0.538985	-0.507543
-0.430348	0.0494438
-0.636759	-0.259486
1.12317	0.22914
-0.810579	-0.857458
-0.278255	0.172462
-0.549849	-0.441951
0.112839	-0.0407674
1.91622	0.747343
-0.213073	-0.664426
0.00420194	0.261922
1.18835	0.438506
0.254068	-0.000651542
0.319251	-0.82517
0.0911119	0.169895
1.91622	-0.199512
-0.397757	0.415381
-0.223937	0.441284
-0.0501168	-0.303559
0.677754	-0.517542
-0.854034	0.199296
0.732073	-0.0257374
1.05799	0.315692
-0.40862	-0.377936
-0.875761	0.0061306
-0.560713	-0.335798
-0.864898	-0.978489
-0.886625	-0.176776
-0.126163	-0.315154
-0.430348	-0.450708
-0.14789	-0.354104
-0.267392	0.0546042
-0.538985	0.341111
-0.767124	0.236625
-0.995263	-1.31721
0.471343	-0.118908
0.00420194	0.134464
0.0150657	0.351794
0.503934	0.338351
-0.376029	-0.483291
-0.169618	0.0136376
0.851574	0.320601
-0.886625	0.225662
-0.875761	0.380129
-0.973535	-0.390885
0.66689	0.32513
0.308387	-0.185906
3.42628	0.506768
-0.854034	-0.705967
0.00420194	0.516528
-0.441212	-0.221069
0.145431	-0.0277082
-0.213073	-0.252878
2.12263	0.495357
0.286659	0.0667133
-0.615032	-0.884202
-0.462939	0.444978
-0.538985	-0.260107
0.178022	0.0295377
-0.462939	0.303029
2.99173	0.504621
-0.386893	-0.583256
0.0802482	-0.348915
0.221477	0.483442
-0.278255	0.200816
-0.864898	-0.815861
-0.213073	-0.107167
0.49307	0.655393
0.862438	0.396396
1.06885	0.39079
-0.082708	0.412823
-0.213073	0.169529
0.525662	0.569838
-0.386893	0.0656385
4.19761	0.570241
1.10144	0.171445
-0.951808	-0.421919
-0.799715	-0.136834
-0.310847	-0.256505
1.1123	0.420034
-0.223937	0.484114
0.427888	-0.0457965
0.00420194	-0.19514
-0.538985	-0.136331
-0.332574	0.399421
1.05799	0.334179
0.199749	0.235218
-0.245664	0.107544
-0.528122	-0.721458
0.7538	0.436683
-0.799715	-0.776263
-0.832306	-0.248569
1.10144	0.441218
1.36217	0.122679
-0.256528	0.3076
2.30732	0.382001
1.34044	0.555646
0.514798	0.741523
-0.517258	-0.00292993
-0.854034	-1.53575
-0.897489	-0.230587
-0.593304	0.410336
-0.788851	-1.15882
0.981939	0.176376
2.67668	0.602039
-0.169618	-0.585165
-0.951808	-0.533863
-0.158754	0.135475
-0.484667	0.502983
-0.604168	0.137965
-0.973535	0.0523561
-0.506394	-0.270252
2.15522	0.423154
0.254068	0.39516
0.938484	-0.235954
-0.908353	-0.397717
0.417024	0.301097
1.16662	0.401184
-0.115299	0.0142143
0.742937	0.292893
0.0585207	-0.296831
-0.767124	-0.0154413
-0.0609805	0.0102954
0.362706	0.500321
-0.962671	-0.157255
-0.354302	-0.561349
-0.691078	0.302512
0.156294	0.715188
0.0476569	0.0781904
-0.995263	-0.353524
-0.680214	-0.558684
0.340978	0.297457
0.764664	-0.231865
-0.854034	-0.387116
0.232341	0.277102
-0.223937	0.460807
-0.267392	0.194852
-0.180482	-0.114153
1.36217	0.432557
-0.00666181	0.424337
2.72014	0.317703
-0.245664	0.480929
-0.84317	0.0701331
-0.386893	-0.521676
0.373569	-0.371821
0.623435	-0.0764324
-0.75626	0.165073
-0.658487	0.121833
-0.310847	0.0484473
0.210613	-0.695323
0.384433	0.483019
0.732073	0.429069
0.84071	0.293398
-0.299983	0.0167812
-0.593304	-0.05207
-0.625895	0.179355
-0.886625	-0.401882
0.319251	0.275207
-0.517258	-0.625205
-0.919216	-0.718463
1.81845	0.137976
-0.886625	0.0762181
-1.00613	-0.616998
0.449616	0.550061
-0.897489	-0.734696
0.514798	0.581722
-0.951808	-0.227216
0.460479	0.426136
-0.0283893	0.379926
-0.506394	-0.751831
-0.0501168	0.221616
-0.908353	-1.57165
-0.832306	0.168607
0.460479	0.387569
-0.365165	-0.244184
0.101976	-0.137985
-0.832306	-0.310047
0.66689	0.231231
1.29699	0.31477
-0.0501168	0.127674
0.00420194	0.0920059
-0.962671	-0.292488
2.44854	0.42267
1.49254	0.68916
-0.386893	-0.0148533
0.275796	0.728767
-0.082708	0.221863
-0.615032	-0.174168
-0.908353	-0.542466
-0.951808	-0.253053
0.254068	-0.260737
-0.137027	0.400599
-0.897489	-1.08399
-0.84317	-0.555835
-0.137027	0.398017
-0.908353	-0.627744
0.308387	0.0261538
-0.93008	-0.0562359
-0.528122	-0.489006
-0.973535	-1.03584
1.29699	0.411154
-0.875761	-0.542283
0.645163	0.157306
-0.854034	-1.66944
-0.625895	0.399337
1.91622	0.469987
-1.01699	-0.734479
-0.0501168	-0.406627
-0.202209	0.194694
1.1123	0.314347
-0.734533	0.399201
-0.158754	-0.0360119
0.645163	0.0235556
0.742937	0.655366
-0.680214	-0.463816
-0.93008	-0.42698
1.16662	0.637937
-0.691078	-0.0938918
-0.864898	-0.255895
0.275796	0.220581
-0.506394	0.225626
-0.604168	0.16096
-0.604168	0.0572729
0.319251	0.419091
0.569117	0.0935189
1.90536	0.269538
1.99227	0.321234
1.87277	0.362044
0.623435	0.269411
-0.636759	-0.437218
-0.777988	-0.798384
0.0476569	-0.874723
-0.0283893	-0.588719
-0.593304	0.0617165
-0.202209	-0.695899
-0.560713	0.421116
-0.691078	0.193419
0.656027	0.289412
-0.354302	-0.466516
-0.636759	0.0118452
-0.832306	-0.444451
-0.723669	0.250391
-0.745396	-0.768337
2.43768	0.534293
-0.169618	0.498828
1.60117	-0.305668
-0.202209	0.302797
1.00367	-0.0271436
0.373569	0.596146
-0.864898	0.470141
-0.875761	-0.797657
-0.0609805	0.480023
0.558253	0.150924
-0.452075	-0.532538
-0.864898	-0.935804
3.46974	0.707408
0.188886	-0.333357
0.112839	-0.643612
-0.886625	-0.487462
-0.691078	0.194567
-0.354302	-0.0298694
-1.00613	0.183955
-0.940944	0.153953
-0.886625	-0.316477
0.938484	-0.229636
-0.788851	-0.957558
-0.158754	0.429187
-0.940944	0.0513359
1.1123	0.663926
-0.767124	-0.452378
-0.202209	0.391319
-0.2348	-0.20408
-0.039253	0.0948242
0.49307	0.676144
0.525662	0.777233
0.503934	0.261491
1.51426	0.375961
-0.908353	-0.579216
-0.886625	-0.858276
-0.169618	0.353922
0.786392	0.630771
0.178022	-0.0698493
-0.267392	0.322715
-0.039253	0.524278
0.112839	-0.126712
0.330114	-0.104522
-0.875761	0.521525
2.17695	0.338409
-0.75626	-0.564945
2.23127	0.898758
-0.951808	0.312631
-0.571577	-0.553464
0.0150657	0.561477
1.31872	-0.489346
-0.93008	-0.353447
-0.984399	-0.259199
-0.58244	-0.250235
-0.14789	0.0137737
-0.625895	-0.0195896
1.37303	0.663173
2.6115	0.662475
-0.169618	-0.497532
0.438752	0.303616
0.134567	0.348206
-0.799715	0.195041
1.65549	0.134911
0.286659	-0.0222827
-0.58244	0.0763199
-0.84317	-0.449363
0.0476569	0.336739
0.808119	0.446488
0.373569	0.519243
-0.0283893	-0.329699
-0.332574	-0.676513
-0.886625	-1.25002
-0.14789	-0.000986104
1.43822	0.193023
-0.14789	-0.0480994
2.93741	0.141683
0.688618	0.0503273
4.01292	0.511178
1.04712	0.26953
-0.680214	0.465916
-0.365165	0.430313
-0.278255	0.569643
-0.14789	-0.716373
-0.636759	-0.0588258
0.558253	0.507047
0.938484	-0.0383542
-0.658487	-0.384119
-0.484667	-0.075291
-0.734533	0.401499
-0.615032	0.512887
-0.604168	-1.74801
-0.365165	-0.282662
-0.169618	-0.52631
1.52513	0.608124
0.49307	0.204604
1.03626	0.151746
-0.908353	-1.03513
0.92762	0.516157
-0.082708	0.0584715
2.30732	0.374559
-0.875761	-1.0538
3.08951	0.436582
-0.14789	0.0190771
0.656027	-0.115503
-0.810579	-0.421528
-0.354302	-1.2684
1.9814	0.0713477
0.210613	0.585603
-0.419484	0.553249
0.0693844	0.358555
-0.995263	-0.765241
1.48167	0.294678
-0.777988	-0.453013
-0.039253	0.0814835
-0.745396	-0.150296
0.178022	0.597589
4.17588	0.465728
-0.267392	0.390097
0.634299	0.152034
0.0367932	-0.502295
-0.0935718	0.207779
-0.810579	-0.620948
-0.376029	0.35074
-0.625895	-0.360593
1.25353	0.14175
0.210613	-0.0585654
-0.430348	0.0827628
-0.962671	0.393143
-0.625895	0.392562
-0.864898	0.556279
3.4806	0.494925
-0.886625	0.425728
-0.854034	0.0328252
-0.691078	-0.141182
-0.962671	0.350165
-0.832306	0.296796
-0.691078	-0.0801108
0.449616	0.45779
-0.734533	-0.214341
-0.213073	-0.0074645
0.319251	0.402252
-0.897489	-0.744149
-0.93008	-0.355599
-0.452075	-0.227459
-0.0935718	0.359465
-0.951808	-0.441024
-0.680214	-0.162408
0.0150657	0.371714
0.938484	-0.138873
-0.213073	0.0560061
-0.832306	0.290634
1.35131	0.0663879
0.656027	0.0970495
-0.126163	0.260953
-0.886625	-0.394309
-0.528122	-0.0378354
-0.940944	0.215151
0.764664	0.659404
0.0150657	-0.12597
-0.0935718	-0.0379803
-0.799715	-0.385578
0.0476569	-0.212322
-0.832306	-0.947721
-0.615032	-0.0721208
-0.278255	0.729979
-0.14789	-0.0994158
3.67615	0.812345
-0.734533	-0.965896
-0.799715	-0.604583
0.525662	0.110792
0.340978	0.107542
-0.126163	0.267126
-0.940944	-0.483905
0.558253	0.373234
-0.0501168	0.523914
-0.397757	0.538352
-0.919216	-0.610085
-0.66935	-0.322231
-0.365165	-0.748138
-0.897489	-0.60516
0.818983	-0.0567501
-0.897489	-0.522041
2.492	0.792812
1.2644	0.372397
-0.919216	-0.0821181
-0.940944	-0.371584
2.253	0.576789
-0.886625	-0.211701
-1.01699	0.157965
-0.908353	-0.446571
1.70981	0.361709
0.895029	0.365105
-0.299983	0.338816
-0.734533	0.175528
0.167158	0.181394
-0.875761	-0.0292501
-0.788851	0.171383
1.91622	0.297173
-0.821443	0.217561
-0.658487	0.270848
1.78586	0.211617
-0.745396	-0.45092
1.5034	0.581242
-0.854034	-0.143913
-0.289119	0.260642
-0.289119	0.114716
-0.886625	-0.243219
-0.14789	0.150862
-0.940944	-0.920737
1.66636	0.270616
1.23181	-0.0723443
0.395297	0.155147
-0.560713	-0.0683266
-0.734533	0.30451
-0.256528	0.155742
1.31872	0.529493
1.17749	0.267968
1.17749	0.618481
-0.875761	-0.983887
0.57998	0.0489152
-0.49553	0.117002
0.0693844	0.6602
-0.984399	-0.927594
-0.245664	0.344391
1.73154	0.4326
-0.58244	-0.767195
-0.039253	-0.562112
1.18835	0.315422
-0.604168	-0.588819
-0.039253	0.393667
-0.506394	0.547562
-0.951808	-1.55999
0.362706	0.504831
0.210613	-0.021344
-0.875761	-0.309853
3.28505	0.596497
-0.854034	0.207142
-0.49553	-0.867384
0.395297	0.616707
-0.430348	-0.329811
-0.810579	-1.32217
0.57998	0.505469
-0.821443	-0.792285
-0.636759	-0.872309
0.547389	-0.490506
-0.310847	0.287086
-0.973535	-0.0803137
-0.919216	-0.468612
4.88202	0.598224
0.862438	0.753698
0.210613	-0.142392
-0.788851	0.324899
-0.940944	-0.649519
-0.191345	0.169398
-0.93008	-0.616192
-0.93008	-0.849325
-0.538985	0.11865
-0.484667	-0.0953859
0.612572	0.210588
-0.0283893	0.744311
-0.452075	0.295949
0.525662	0.35855
-0.973535	-0.666882
0.384433	0.187046
0.156294	0.330398
0.525662	0.727625
-0.864898	-0.293882
-0.864898	-1.25299
-0.528122	0.467803
-0.104436	0.370821
2.05745	0.458794
1.52513	0.278866
-0.832306	-0.878833
1.76413	0.760105
-0.821443	-0.562624
1.81845	0.730768
1.42735	0.607206
-0.788851	0.426395
0.134567	0.343325
-0.289119	0.0871374
-0.604168	-0.753547
0.0476569	0.0538995
1.1449	-0.148559
-0.397757	0.21249
-0.278255	0.200816
0.514798	-0.0680679
-0.84317	-0.434225
0.645163	0.46716
0.84071	-0.167532
-0.864898	-0.41496
1.85104	0.0927278
-0.332574	0.0133378
-0.962671	-0.362446
1.16662	0.115454
3.10037	0.408128
-0.115299	0.327544
1.73154	0.774237
-0.897489	-0.558971
-0.571577	0.00415505
-0.0935718	0.32599
-0.886625	-0.987138
-0.267392	0.119272
-0.158754	-0.7897
-0.137027	-0.503271
-0.115299	0.420551
-0.984399	-0.16727
1.72067	0.236703
0.351842	0.248307
-1.02785	-0.338153
-0.940944	-0.418227
-0.14789	0.194719
-0.799715	-0.735742
0.612572	0.280279
-0.593304	0.0017997
0.275796	0.0230486
-0.213073	-0.163044
-0.354302	-0.0891322
-0.940944	-0.470849
-0.517258	0.380507
-0.875761	-0.54692
-0.213073	-0.178133
0.373569	-0.159054
1.94881	0.621197
-0.810579	-1.10461
-0.0501168	-0.122332
-0.919216	0.0657542
1.04712	0.555555
3.30678	0.348583
-0.49553	-0.0378863
2.29645	-0.025991
1.55772	0.302763
-0.169618	0.0540941
-0.962671	-0.140939
1.9814	0.734149
-0.278255	0.539917
-0.854034	0.445072
0.319251	-0.274434
1.99227	0.386098
-0.213073	0.556915
-0.864898	-0.346243
-0.940944	-0.352809
-0.680214	0.271755
-0.365165	0.61754
-0.376029	0.219828
1.19921	-0.0450235
-0.66935	-0.0959268
-0.951808	-0.146554
1.19921	0.00547967
1.22094	0.0864062
-0.832306	-0.164648
0.960212	0.332334
-0.126163	0.356834
-0.951808	-0.389052
0.319251	0.212309
0.0585207	0.831533
-0.919216	-0.503545
-0.343438	0.328826
0.0476569	0.48562
-0.995263	0.067603
0.101976	0.582107
-0.0501168	0.31561
-0.875761	0.375735
0.188886	0.498948
1.95968	0.231381
-0.723669	-1.14752
0.49307	-0.0667104
-0.278255	0.088507
0.199749	-0.143299
-0.386893	-0.864272
-0.604168	-0.598596
-0.995263	-0.807803
-0.14789	0.547581
0.210613	0.310972
-0.951808	-1.34397
0.340978	-0.0107931
-0.538985	0.074027
1.88363	0.183742
-0.104436	-0.0839968
-0.93008	-1.03723
0.536525	0.704641
1.16662	0.260359
-0.777988	-0.266953
0.395297	0.228156
2.24213	0.6394
0.590844	0.305916
1.45994	0.572319
-0.354302	0.233038
-0.777988	0.559416
0.351842	-0.375987
-0.973535	-0.718313
2.18781	0.257753
1.09058	0.271772
-0.191345	0.299179
-0.908353	-1.26247
-0.115299	0.493981
0.525662	0.347285
-0.267392	-0.11072
0.569117	0.437504
-0.84317	-0.613979
1.91622	0.275729
-0.0718443	0.199669
-0.0501168	0.468268
-0.712805	0.359093
-0.788851	-0.770812
-0.560713	0.556721
-0.864898	-0.188834
1.87277	0.340027
0.330114	-0.141933
-0.854034	0.23261
0.471343	0.261613
-0.875761	0.533134
-0.647623	0.149861
0.818983	0.0795588
0.0802482	0.551559
0.960212	0.397907
1.00367	0.347535
1.39476	-0.206054
1.93795	0.233709
0.0911119	0.486214
1.87277	0.373363
1.12317	0.29652
-1.02785	-0.304103
0.319251	0.123972
-0.202209	0.332501
-0.832306	-0.345313
0.732073	0.633142
-0.58244	-1.03945
0.0476569	-0.874723
-0.886625	-1.05453
-0.962671	0.0860156
0.547389	0.10786
-0.278255	0.167216
-0.343438	0.703359
-0.082708	0.403663
-0.680214	-0.586564
0.221477	-0.538167
-0.919216	-0.335585
0.710345	-0.0578048
0.786392	0.240271
-0.93008	0.0638845
-0.615032	-0.168144
-0.886625	0.298123
-0.191345	0.341261
-0.289119	0.0195979
1.32958	0.271184
-0.441212	0.136646
-0.126163	0.294077
-0.908353	0.00596669
-0.2348	-0.00881613
-0.897489	0.135998
-0.484667	0.43662
-0.473803	0.0124578
-0.897489	0.198234
-0.897489	0.355377
0.677754	-0.0725964
0.210613	-0.021344
-0.745396	-0.562379
-0.528122	0.217134
-0.0501168	0.218319
-0.0501168	0.353973
-0.14789	0.0765454
-0.40862	-0.130063
0.199749	0.0219671
0.373569	0.393937
-0.821443	-0.678806
-0.908353	0.0506952
0.569117	-0.287089
-0.886625	-0.656322
4.63216	0.822484
-0.951808	-1.29311
-0.995263	-1.47886
-0.973535	0.484025
-0.430348	-0.184364
-0.799715	-0.156822
1.32958	0.420645
-0.376029	0.473397
-0.376029	-0.0517821
-0.832306	-0.0443613
2.17695	0.617136
-0.58244	0.340119
-0.354302	-0.245446
-0.940944	-0.803495
-0.745396	-0.61603
-0.810579	0.194994
-0.919216	-0.718463
2.17695	0.330288
1.75326	0.64973
-0.571577	-0.576744
0.406161	0.521765
1.12317	0.607057
0.308387	-0.441619
-0.430348	0.284425
1.41649	0.518538
-0.58244	0.125625
-0.951808	-0.764471
-0.039253	-0.014809
-0.886625	-0.506795
1.37303	0.397306
-0.528122	0.313966
-0.615032	0.395824
-0.14789	0.226261
-0.452075	0.301361
-0.169618	0.151029
0.818983	0.528287
0.721209	0.7513
-0.452075	0.266519
1.1449	0.250872
-0.875761	-0.0284021
0.471343	0.059008
-0.84317	-0.478351
-0.430348	0.304889
-0.940944	0.171032
-0.897489	-0.165334
0.612572	0.290442
-0.984399	-0.033722
-0.821443	-0.431205
-0.897489	-0.298007
0.275796	0.127438
-0.908353	-0.260325
-0.625895	-0.32913
0.254068	0.25499
1.88363	0.555891
1.18835	0.750502
-0.821443	-0.368154
-0.821443	-0.022164
-0.951808	-0.751209
-0.538985	-0.275116
-0.767124	-0.325755
-0.462939	0.147082
-0.104436	-0.0387738
-0.223937	-0.130318
-0.528122	-0.27973
-0.919216	0.31023
0.0150657	0.0548669
2.28559	0.0907122
-0.636759	-0.516513
0.503934	0.363506
-0.549849	0.481933
0.427888	0.212238
1.63376	0.354099
-0.691078	0.333006
-0.506394	-0.475488
0.00420194	0.580185
-0.528122	-0.605896
-0.908353	0.00704609
-0.0609805	0.67818
1.15576	0.380212
-0.908353	-1.0887
-0.951808	-0.313273
-0.593304	0.338807
1.07971	0.172566
-0.32171	0.199129
-0.082708	0.166048
-0.984399	-0.460994
3.77392	0.542826
0.92762	0.355941
0.742937	0.154293
0.101976	-0.0740881
2.14436	0.530941
-0.75626	-0.32016
-0.278255	-0.121948
-0.66935	0.389143
-0.832306	-0.128093
-0.430348	0.340899
2.17695	0.15931
-0.919216	-0.261583
-0.14789	0.444404
0.536525	0.443664
-0.908353	-0.699956
-1.00613	-0.497415
-0.549849	0.514862
-0.560713	-0.652837
-0.473803	0.0335574
-0.788851	-0.147694
-0.962671	-1.49261
-0.245664	0.445469
-0.940944	-0.804301
1.37303	0.189204
2.64409	0.220724
-0.951808	-0.357031
2.48114	-0.107697
-0.799715	0.276604
-0.169618	-0.234777
0.330114	0.388306
-0.777988	-0.877565
0.178022	-0.0336009
0.264932	0.235223
-0.343438	-0.113084
0.243204	-0.335378
-0.691078	-0.369592
2.97	0.522402
1.43822	0.399643
0.775528	0.374111
-0.897489	-0.200516
0.00420194	0.333906
0.123703	0.476272
-0.767124	0.0428327
-0.919216	-0.909164
2.70927	0.734471
-0.549849	0.501365
-0.462939	0.101852
-0.0718443	-0.096533
0.340978	0.546291
3.95861	0.72515
-1.04958	-0.460136
-0.832306	0.257474
-0.919216	-0.00210268
0.0476569	0.0506669
2.03572	0.086135
-0.462939	-0.228399
-0.267392	-0.274638
1.32958	0.716569
0.503934	-0.187136
0.101976	0.313741
0.971075	0.593569
4.39316	0.386811
-0.875761	0.128073
0.0802482	0.354754
-0.821443	0.180292
-0.691078	0.271165
-0.832306	-0.949683
-0.995263	0.157608
-0.40862	0.43247
-0.940944	-0.276634
-0.528122	0.359101
2.35077	0.471212
-0.00666181	0.231516
3.46974	0.543493
-0.919216	-0.24298
1.37303	0.00754316
2.38336	0.538151
0.873302	0.00471829
0.732073	0.537254
-0.462939	-0.445373
-0.723669	-0.722759
-0.788851	-0.627763
-0.940944	-0.243141
-0.777988	0.263047
-1.00613	0.350467
0.590844	-0.163264
0.254068	0.337646
-0.647623	-1.58833
1.69895	0.424925
2.32904	0.397911
0.873302	0.332828
1.89449	0.563363
-0.430348	0.307928
-0.897489	-0.260402
-0.854034	-0.068481
1.15576	-0.405993
-0.452075	-0.920146
0.862438	0.443339
1.97054	0.415639
-0.636759	0.0455273
0.558253	0.496555
0.406161	0.792295
-0.615032	-0.690905
-0.973535	-0.578115
-0.0718443	0.416938
0.275796	0.144857
-0.723669	0.230535
-0.919216	0.369614
0.112839	0.152952
-0.354302	-0.216027
0.905893	-0.28852
-0.14789	0.519954
1.29699	0.142965
0.514798	0.0712213
1.31872	0.430555
-0.0718443	-0.47993
-0.571577	0.46905
-0.951808	0.257552
-0.256528	-0.0579987
2.27472	0.236668
-0.908353	-0.85723
-0.365165	0.0898923
-0.919216	0.299704
-0.919216	0.0569684
-0.00666181	0.170926
-0.213073	0.360438
-0.647623	0.0404362
2.56805	0.0229605
-0.84317	0.396154
1.1123	-0.0267892
0.829847	0.523514
0.916757	0.564725
-0.919216	-0.748626
-0.549849	-0.560858
-0.58244	0.549636
-0.93008	0.160236
-0.0283893	0.232469
0.960212	0.489333
-0.777988	-0.294183
-0.137027	-0.235844
-0.245664	0.178494
-0.919216	-0.350747
1.34044	0.174487
-0.799715	-0.0847117
-0.137027	-0.0722425
-0.995263	-0.842631
-0.528122	-0.275787
-0.66935	0.0669235
-0.864898	0.140992
-0.940944	-1.00357
-0.506394	0.213126
0.156294	0.540935
-0.886625	-0.174537
-0.430348	0.34334
0.764664	0.471352
1.44908	0.740056
-0.951808	-0.304073
-0.777988	-0.300624
-0.886625	-0.85931
-0.788851	-0.794022
-0.00666181	0.29211
-0.484667	0.208983
-1.00613	-0.798821
-0.897489	-0.247501
-0.0175256	0.28142
-0.951808	-0.34495
0.558253	0.187941
0.677754	0.722902
0.101976	0.769509
-0.625895	0.147149
-0.506394	-0.251202
0.406161	0.299307
0.243204	0.471492
0.0693844	0.322034
0.645163	0.583323
0.547389	0.296192
2.05745	0.0369719
-0.223937	0.400679
1.03626	0.146641
-0.517258	0.617142
-0.973535	-0.939285
-0.864898	-0.454931
0.340978	-0.134246
-0.354302	-0.245636
-0.973535	0.339316
-0.701941	-0.345325
0.938484	-0.0330223
0.656027	0.638215
0.645163	0.268534
-0.2348	-0.46737
-0.897489	-0.510457
0.0259294	0.093632
1.30785	0.459677
2.63323	0.327581
-0.289119	0.282476
-0.93008	-0.668307
-0.810579	0.364124
-0.538985	0.338535
-0.864898	-0.142885
-0.0175256	0.174361
-0.517258	-0.493859
-0.2348	0.455718
-0.58244	-0.59113
0.764664	-0.101706
2.86137	0.53518
-0.864898	-0.195124
-0.354302	0.0276439
-0.14789	-0.109552
-0.14789	-0.144851
-0.180482	-0.622242
0.699482	0.439008
-0.386893	-0.40311
0.0150657	-0.00786549
-0.202209	0.32491
0.112839	-0.458002
-0.452075	-0.114545
0.275796	-0.717233
0.92762	0.514869
1.91622	0.747343
-0.788851	0.345467
-0.680214	0.130911
1.19921	0.573711
-1.03872	0.279219
-0.571577	0.451963
-0.84317	-0.564596
-0.299983	0.229627
0.503934	0.0606383
-0.397757	-0.678501
-0.875761	-1.07628
0.232341	0.512851
-0.940944	-1.02996
1.17749	0.414986
2.28559	0.167136
-0.984399	-0.862528
1.21008	0.590279
0.688618	-0.260981
-0.14789	0.150862
-0.973535	-1.0491
-0.680214	-0.943285
-0.397757	-0.0466603
-0.256528	0.0523248
0.916757	0.683773
-0.376029	0.424514
-0.691078	-0.20845
0.981939	-0.109569
0.742937	-1.03292
-0.245664	-0.165049
0.145431	-0.129343
0.340978	0.300134
-0.984399	-0.627185
-0.767124	0.242348
-0.549849	-1.47037
-0.506394	-0.744842
-0.777988	0.287614
-0.0609805	0.31794
-0.137027	-0.462919
2.04659	0.33292
-0.908353	-0.569416
0.178022	0.285254
-0.126163	-0.169005
-0.2348	0.64102
-0.191345	-0.375559
1.27526	0.233408
0.101976	-0.860665
-0.256528	0.0317244
0.0150657	0.000127025
-0.625895	0.209551
0.264932	0.195967
-0.799715	-0.418923
-0.745396	0.0234161
-0.473803	-0.274902
0.297523	0.187139
-0.32171	0.184698
-0.549849	-0.464178
0.188886	0.0260186
0.178022	0.263069
-0.821443	-1.00159
-0.940944	0.259251
-0.126163	0.566269
-0.973535	-0.376612
-0.137027	-0.460293
-0.821443	-0.988331
-0.310847	0.575871
0.558253	0.220976
-0.734533	-0.342863
-0.723669	0.182609
-0.0935718	-0.409557
0.156294	0.239849
1.07971	-0.260088
-0.886625	-0.0762905
-0.962671	0.00963824
-1.02785	-0.491629
-0.58244	-0.387407
-0.137027	0.2335
-0.680214	0.666376
0.264932	-0.0967537
0.656027	0.214102
-0.995263	-0.591003
-0.473803	0.261721
-0.538985	0.313815
0.275796	0.728767
-0.245664	-0.610254
4.49093	0.371104
-0.343438	-0.704679
0.340978	0.397095
-0.039253	-0.645915
0.905893	0.545836
-0.571577	0.169101
0.232341	0.311427
-0.940944	-0.619168
-0.962671	-0.498774
-0.919216	-0.102766
-0.158754	-0.0787497
0.373569	0.160447
-0.897489	-0.490266
-0.0609805	0.18136
-0.0935718	0.385875
0.134567	-0.529308
-0.32171	0.209365
-0.49553	-0.740872
-0.625895	-0.930737
-0.75626	0.533493
-0.723669	0.55282
0.0585207	0.651138
-0.864898	-0.144538
-0.734533	-0.259341
0.558253	0.635034
-0.691078	-0.142527
-0.777988	-1.03403
0.732073	-0.269405
-0.940944	0.222904
-0.908353	-0.655002
-0.75626	-0.139609
1.05799	-0.072621
-0.49553	0.217564
-0.310847	0.280544
-0.0718443	-0.213974
0.188886	0.63486
0.92762	0.351165
-0.58244	0.238029
-0.864898	-1.04436
0.384433	0.27151
-0.799715	-0.691954
-0.897489	-0.162764
-0.962671	-0.790401
1.80758	0.589375
0.895029	0.42316
2.69841	0.168427
-0.962671	-0.703221
0.786392	0.269489
-0.40862	0.278811
-0.538985	-0.0771299
-0.777988	-0.514167
0.254068	-0.743333
-0.49553	0.441732
-0.93008	-1.10984
0.319251	0.27819
0.981939	0.34887
-1.01699	-0.322401
-0.940944	-0.0843837
-0.984399	0.21724
-0.560713	0.373495
-0.00666181	0.400036
-0.75626	-1.16934
-0.973535	-0.566314
0.57998	0.0489152
-0.799715	-1.13277
3.15469	0.406767
-0.864898	-0.404239
-0.473803	-0.0730769
-0.951808	-0.29956
-0.571577	-0.622072
-0.777988	0.222311
-0.560713	-0.564197
-0.864898	-0.237477
0.49307	0.183032
1.81845	0.534726
0.188886	0.538383
-0.636759	-0.836392
-0.354302	-0.175484
0.49307	0.667037
1.23181	0.315607
0.57998	-0.286388
1.27526	0.446549
-0.75626	0.327784
-0.604168	0.22072
1.61204	0.089584
-0.169618	-0.562193
1.04712	0.215271
-0.973535	-0.247882
-0.788851	-0.105192
-0.213073	0.428611
0.221477	0.0845486
-0.908353	-0.330247
-0.636759	0.232827
-0.256528	-0.182913
-0.223937	0.376165
-0.66935	0.352209
2.64409	0.342039
-0.430348	0.244096
0.449616	0.1447
-0.419484	0.208057
-0.126163	0.17832
-0.777988	-0.528138
0.949348	-0.097649
0.656027	0.174343
-0.278255	0.146116
-0.864898	0.16183
0.829847	0.269032
-0.723669	-0.870966
0.92762	0.266395
-1.01699	-0.651973
0.742937	0.483662
-0.560713	-0.0448691
-0.897489	-0.698464
-0.2348	-0.270061
0.297523	0.195131
-0.538985	-0.470965
-0.864898	-0.28223
-0.245664	0.107544
-0.951808	-0.618666
-0.658487	0.363884
-0.126163	0.250855
-0.908353	-0.298915
-0.951808	-0.990567
-0.039253	-0.328708
-0.84317	-0.335043
-0.93008	-0.208377
-0.32171	0.199466
-0.66935	0.285394
0.57998	0.741589
-0.615032	-0.920828
0.0911119	0.26219
-0.593304	0.378419
-0.49553	-0.387744
0.829847	0.437034
2.15522	0.627976
2.05745	0.646794
-0.745396	0.136452
-0.386893	0.277959
-0.32171	-0.496809
1.70981	0.344978
-0.386893	-0.333316
-0.0935718	-0.356514
-0.58244	-0.767195
-0.940944	-0.988431
-0.299983	-0.314587
-0.788851	-0.751832
-0.376029	0.302494
-0.256528	-0.377555
0.232341	0.350238
-0.973535	-0.140804
-0.0283893	0.176
0.0911119	0.311332
-0.386893	-0.398123
2.57891	0.482168
-0.940944	-0.21474
-1.01699	-0.771244
-0.908353	-0.666125
-0.821443	-0.698724
0.0150657	-0.0596151
-0.636759	0.0251943
-0.180482	0.0722586
-0.354302	-0.573458
0.895029	0.241893
0.254068	0.36576
0.264932	-0.098011
-0.951808	-0.462814
-0.940944	-1.02199
-0.854034	0.0899208
1.05799	0.197076
-0.528122	-0.275787
1.06885	0.0929983
-0.169618	0.0955857
-0.973535	-0.46691
-0.452075	-1.19937
0.112839	0.254542
-0.799715	-1.75425
-0.854034	0.163501
0.503934	-0.278058
0.427888	0.172277
-0.58244	-0.487169
-0.810579	-0.525114
-0.767124	-0.520332
1.16662	0.469896
-0.625895	0.44828
1.25353	0.178414
-0.082708	0.210195
-0.115299	0.672462
0.167158	0.425177
0.797255	0.594072
-0.810579	-0.524931
-0.658487	0.12793
0.449616	0.249879
-0.75626	-0.270873
-0.484667	0.445689
-0.278255	0.0538607
-0.777988	0.174637
-0.777988	-0.242554
-0.897489	-0.787602
0.786392	-0.309444
0.00420194	-0.463394
0.167158	-0.637057
-0.908353	-0.987889
-1.01699	-0.236316
-0.0718443	-0.0113398
-0.886625	-0.603014
-0.441212	0.116431
-0.191345	-0.0568062
0.66689	0.137871
0.188886	0.0695488
-0.995263	0.343583
0.634299	-0.361218
-0.104436	0.25547
0.145431	-0.0798861
-0.919216	-0.805917
1.25353	0.193118
-0.528122	0.00782716
-0.647623	-0.0106943
0.0693844	-0.275222
-0.767124	0.517966
0.710345	0.432261
-0.810579	0.390818
-0.430348	-0.264474
0.710345	0.695173
0.395297	-0.154817
-0.354302	0.291262
0.884165	0.302531
0.590844	0.107766
-0.984399	-0.427627
1.3839	0.292923
0.101976	0.520488
0.188886	-0.179037
0.514798	0.46242
0.0585207	0.0106889
-0.625895	-0.382991
-0.169618	-0.0462217
-0.897489	-0.408208
-0.538985	-0.870375
-0.973535	0.0895334
1.04712	0.187481
0.775528	0.170969
-0.940944	-1.05907
-0.854034	-0.522968
-0.777988	0.119381
1.2644	0.707694
-0.14789	0.326625
0.634299	-0.0359653
0.384433	-0.179966
-0.864898	-1.40533
-0.799715	0.440189
-0.32171	0.292481
-0.951808	-1.2436
0.514798	0.504569
-0.484667	0.432682
-0.734533	0.399201
-0.223937	0.104542
0.275796	-0.0584979
0.742937	-0.180561
1.07971	0.0642589
3.01346	0.603661
-0.365165	-0.224703
0.732073	0.606422
-0.940944	-0.824332
-0.49553	0.293919
-0.484667	-0.134252
-0.897489	-0.483587
-0.0501168	-0.192717
-0.962671	-0.658423
-0.951808	-0.541846
-0.32171	0.123098
0.0259294	0.230151
-0.886625	-0.011248
-0.419484	-0.0247636
-1.00613	-1.82533
0.362706	0.54807
-0.430348	0.13885
-0.615032	-0.622486
-0.462939	0.267468
-0.560713	0.373989
-0.821443	-0.805324
-0.723669	-0.00505689
0.884165	0.362104
-0.940944	-1.24685
1.04712	0.380734
1.05799	0.488157
-0.245664	-0.11138
0.112839	-0.13031
-0.940944	-0.872676
0.949348	0.374852
1.22094	0.383632
1.65549	0.134911
-0.0501168	0.193854
0.818983	-0.119993
-0.973535	-0.555981
0.0693844	0.736524
-0.267392	-0.199215
0.732073	0.242537
-0.767124	-0.3327
-0.723669	-0.330331
3.76306	0.710828
-0.951808	-0.74582
-0.560713	0.308066
-0.245664	-0.138913
0.536525	0.344688
-0.452075	0.482129
-0.951808	-0.753028
-0.940944	-0.548662
-0.180482	-0.159275
1.42735	0.462078
1.16662	0.229858
-0.75626	0.437548
-0.647623	0.366958
0.275796	0.381942
0.677754	-0.160419
-0.897489	-0.997965
-0.343438	0.615509
-1.00613	-0.299512
-0.180482	0.131339
1.8619	0.475335
-0.821443	0.286796
-0.32171	0.270635
-0.267392	0.401898
-0.962671	-0.683849
1.80758	0.0271031
0.57998	0.110181
-0.951808	-0.57024
-0.973535	-0.167818
-1.03872	-0.429224
0.536525	0.402478
3.33937	0.34766
-0.615032	0.0902866
0.178022	0.263069
4.05638	-0.0231459
-0.354302	0.39919
3.33937	0.576032
1.9814	0.473959
0.601708	0.704162
2.80705	0.0867806
0.308387	-0.619057
-0.14789	0.480249
-0.788851	-0.367606
-0.484667	-0.314373
-0.93008	-0.597635
-0.658487	0.0391702
0.482207	-0.319092
-0.908353	-0.478567
0.373569	0.0384171
-0.886625	-0.239235
0.101976	0.490383
0.243204	0.153864
0.884165	0.232571
0.395297	0.423101
0.123703	-0.423403
-0.289119	-0.143739
-0.0175256	-0.295118
-0.0501168	0.0470221
0.243204	0.374262
-0.441212	0.15153
-0.691078	-0.117585
0.384433	-0.0249833
0.677754	-0.0323579
-0.462939	0.440108
1.30785	0.179032
1.09058	0.36955
2.35077	0.639756
-0.875761	-0.247578
0.590844	-0.669047
0.406161	0.465339
-0.93008	0.0754856
1.84017	0.814
-0.213073	-0.0527526
-1.00613	-0.735502
0.134567	0.201254
0.558253	0.128425
-0.951808	0.0142243
-0.908353	-0.296563
-0.973535	-0.0351782
-0.995263	-0.585833
0.916757	0.749074
-0.680214	-0.0519973
-0.897489	0.246877
0.92762	0.377651
-0.919216	0.109511
-0.712805	-0.547073
-0.299983	0.596557
-0.962671	-1.19276
0.775528	0.364664
1.31872	-0.161996
-0.995263	-0.0903223
-0.528122	0.469101
-0.473803	0.399562
-0.799715	0.268809
1.87277	-0.183146
0.254068	-0.00341827
1.17749	0.435613
-0.984399	-0.121484
3.68701	0.390748
-0.267392	0.00753208
0.460479	-0.260374
7.64142	0.513323
1.10144	0.590152
1.44908	0.110887
-0.854034	0.520862
1.97054	0.515983
0.742937	0.144311
-0.864898	-0.53477
-0.299983	-0.202717
-0.984399	-0.332347
-0.213073	0.404791
-0.93008	-0.335825
-0.908353	-0.441563
-0.386893	-0.0119017
0.558253	-0.038156
-0.995263	-0.768705
-0.962671	-0.953657
-0.158754	0.316722
-0.897489	-0.497415
-0.66935	-0.408057
0.949348	0.4656
-0.506394	-0.0402133
0.232341	0.00077164
-0.940944	-0.315144
-0.517258	-0.00292993
0.308387	-0.921595
-0.875761	0.392928
-0.951808	0.128108
2.95914	0.328066
-0.158754	0.371084
-0.919216	-0.3435
-0.810579	0.34994
2.17695	0.502995
-0.897489	-0.288703
0.286659	0.263678
1.32958	0.336806
0.340978	0.243841
-0.973535	-0.77747
-0.886625	-1.12182
-0.723669	-1.38706
2.66582	0.661051
-0.40862	-0.352023
-0.571577	0.0247023
-1.01699	-0.307829
-0.0175256	0.00643096
-0.180482	0.566281
-0.452075	-0.702748
-0.32171	0.133392
-0.517258	-0.552176
-0.245664	0.174441
-0.115299	0.0080067
-0.615032	-0.638833
0.188886	0.294919
-0.397757	0.313734
-0.506394	-1.55383
-0.962671	-1.14799
0.645163	-0.723489
-0.441212	0.113838
-0.897489	-1.02183
-0.354302	0.121499
-0.245664	-0.159969
-0.897489	0.0849245
-0.40862	0.452222
-0.984399	-0.345232
-0.984399	-0.122466
0.221477	-0.353145
-0.799715	-0.513498
-0.647623	-0.146337
2.38336	-0.379726
-0.995263	-0.486633
-0.0175256	0.733503
-0.875761	-0.821719
-0.430348	0.14957
-0.864898	-0.547808
1.42735	-0.0061722
1.8619	0.209916
-0.343438	0.154382
-0.452075	0.611547
0.49307	0.356834
-1.00613	-0.560372
-0.376029	0.227345
-0.310847	0.126954
2.1009	0.282716
-0.951808	-1.12721
0.362706	-0.604342
-0.365165	-0.48998
0.0693844	0.663952
1.03626	0.3616
0.449616	-0.181125
-1.03872	-0.933597
1.21008	-0.452786
-0.40862	0.142692
-0.745396	-1.10822
-0.886625	-0.608447
-0.0283893	0.136362
0.0911119	-0.578745
0.0911119	0.345496
1.43822	0.772528
-0.104436	-0.352623
-0.875761	0.0755257
0.938484	0.15549
-0.919216	-1.77972
-0.506394	-0.72605
-0.2348	-0.202384
-0.951808	-0.267905
2.31818	-0.0200679
0.590844	0.0421581
-0.908353	-0.241024
-0.58244	0.311616
-0.158754	0.496356
-1.01699	0.152982
-0.615032	-0.56913
-0.647623	0.207807
1.12317	-0.144655
-0.940944	-1.11529
1.87277	0.677226
0.145431	-0.129343
-0.560713	0.163348
-0.908353	-0.413408
-0.832306	0.312463
-0.951808	0.279879
-0.864898	-0.342572
-0.538985	0.158485
0.808119	0.413734
-0.919216	-0.640044
-0.897489	-0.0795791
-0.93008	-0.62583
2.83964	0.66553
-0.365165	0.538623
-0.810579	0.0451814
-0.734533	-0.330294
-0.0609805	0.0925509
-0.560713	-0.155587
0.406161	0.447939
-0.995263	0.0423112
0.101976	-0.443067
-0.940944	-1.02199
0.319251	0.593053
-0.854034	-0.58082
-0.767124	0.209696
-0.66935	0.556467
0.406161	0.0193354
2.88309	-0.0312747
0.134567	-0.0812895
-0.40862	-0.291638
-0.897489	-0.875989
-0.2348	0.296592
1.85104	0.363921
-0.14789	-0.559885
0.243204	-0.486976
2.74187	0.818662
-0.267392	-0.464856
-0.777988	-0.895804
0.319251	-0.241756
0.384433	0.512234
2.52459	0.629249
-0.93008	0.292457
-0.680214	0.356073
-0.593304	-0.0141911
0.373569	-0.465004
0.145431	0.542702
0.384433	-0.110525
-0.658487	0.0391702
-0.571577	0.547697
4.43661	0.287445
-0.940944	-0.941316
1.31872	-0.273139
3.05691	0.666837
-0.658487	0.234894
-0.745396	0.42941
0.351842	0.168043
-0.0718443	-0.278347
1.59031	0.622871
-0.995263	-0.470032
-0.832306	-0.383196
1.28612	0.0850941
0.0911119	0.174087
-0.49553	0.515555
-0.854034	-0.568518
-0.701941	-0.465362
-0.951808	0.385696
-0.354302	-0.0243183
1.39476	0.41766
3.06778	0.477105
0.438752	-0.045296
-0.886625	-0.609867
-0.158754	0.000269502
-0.886625	-0.139585
-0.973535	-0.744043
-0.452075	0.297791
-0.169618	0.497535
-0.299983	-0.270739
-0.082708	0.0733324
0.710345	-0.0258834
-0.821443	0.543423
-0.202209	0.00407724
-0.462939	0.298586
-0.75626	0.333394
-0.962671	-0.812717
3.18728	0.132373
1.34044	0.527945
0.57998	0.433976
0.764664	0.590669
0.145431	0.346507
-0.951808	-0.345262
-0.777988	-0.266953
-0.658487	-0.242123
-0.680214	0.232646
-0.788851	0.101744
-0.245664	-0.312313
0.167158	0.525326
0.612572	0.268685
-0.256528	-0.189119
0.688618	0.360957
-0.973535	-0.439646
0.0476569	0.706106
-0.593304	-0.651255
-0.115299	0.263757
-0.082708	0.251114
-0.799715	-1.15095
-0.354302	0.308968
-0.299983	0.604638
-0.517258	-0.190004
0.00420194	0.231397
2.1335	0.392218
-0.951808	-0.728443
-0.560713	-0.0545152
-0.864898	0.188596
-0.299983	-0.358963
-0.658487	-0.679439
1.00367	0.466493
-0.202209	-0.707631
-0.484667	0.431234
1.05799	0.201957
0.112839	-0.610024
0.438752	0.0980996
3.49146	0.685874
-0.919216	-1.04143
0.57998	0.262223
0.210613	0.432474
-0.473803	0.198827
0.0367932	0.309286
-0.680214	-0.515845
0.449616	0.327604
-0.517258	0.474975
-0.0718443	0.427865
-0.973535	-0.552948
-0.940944	-1.09288
-0.2348	-0.55505
-0.832306	0.427298
-0.799715	-0.497605
-0.886625	0.190688
-0.886625	-0.522298
-0.734533	0.382612
-0.506394	-0.272977
-0.625895	0.313341
-0.919216	-0.90564
-0.951808	-0.313273
1.53599	0.265706
-0.441212	0.514339
-0.126163	0.322935
-0.223937	0.396629
-0.84317	-0.259004
0.960212	0.226014
-0.332574	-0.27716
1.70981	0.590716
0.308387	0.563734
1.95968	0.231381
-0.636759	-0.623733
-0.506394	-0.0474229
-0.289119	0.473707
-0.14789	0.274619
1.01453	0.0264543
-0.354302	-0.390792
-0.289119	0.0815724
-0.734533	0.261092
-0.832306	-0.192669
-0.604168	0.408201
-0.745396	0.211757
1.00367	0.420907
0.00420194	0.420955
0.417024	-0.527767
-0.810579	-0.955638
-0.14789	0.127977
0.264932	0.376231
-0.636759	-0.734429
-0.93008	-0.748754
0.7538	-0.121196
0.373569	-0.0176115
-0.984399	0.285224
-0.191345	-0.140205
0.406161	0.230901
1.37303	0.374061
-0.419484	0.0580743
-0.788851	-0.478408
0.384433	-0.0763593
-0.191345	0.432273
0.362706	0.0964135
0.0259294	0.403967
-0.799715	-0.588341
-0.973535	-0.535567
2.18781	0.598563
1.12317	0.393371
-0.886625	-0.483703
1.03626	0.306094
-0.549849	-0.167009
-0.799715	-0.647897
-0.962671	-1.00423
-0.84317	-0.135026
0.123703	-0.0429729
0.0150657	0.498887
-0.940944	-0.302576
0.351842	0.0326297
-0.202209	-0.103401
-0.58244	0.427634
-0.680214	-0.83759
1.79672	0.138212
0.775528	0.403888
-0.973535	-0.626184
-0.267392	0.34353
-0.680214	0.577235
0.471343	-0.372689
1.01453	-0.973027
-0.940944	-0.514957
1.1123	0.618875
1.07971	0.269169
0.775528	0.589978
-0.0935718	0.052327
-0.58244	-1.29704
1.48167	0.485154
1.31872	0.502587
-0.636759	0.209655
0.938484	0.140875
-0.223937	0.353192
-0.289119	0.345225
-0.267392	0.427307
0.0259294	-0.0183428
-0.430348	-0.583903
-0.799715	0.384879
0.49307	0.297734
2.62236	0.580486
-0.919216	-0.0810336
-0.593304	0.0882275
0.49307	-0.474749
-0.93008	-0.199611
0.0367932	0.258612
-1.03872	-0.512178
-0.397757	-0.0466603
-0.289119	0.328358
0.254068	-0.00341827
-0.158754	-0.231621
-0.919216	-0.738652
-0.386893	-0.0252218
0.427888	0.128019
-0.169618	-0.314967
-0.376029	0.231229
-0.137027	0.261806
-0.875761	0.574386
-0.93008	-0.103648
-0.473803	-0.091556
-0.864898	-0.874849
-0.0609805	0.402355
0.417024	0.507813
-0.0609805	-1.0641
-0.647623	-0.95804
-0.810579	-0.677239
-0.940944	-0.651404
1.1123	0.307072
-0.484667	-0.535244
0.0150657	0.46929
-0.593304	0.328384
1.24267	0.748203
2.86137	0.457737
0.384433	-0.0217958
0.167158	0.181394
-0.962671	-0.192425
0.156294	-0.441048
-0.680214	-0.728325
1.18835	0.22093
-0.951808	-0.736399
-0.137027	0.33653
-0.691078	0.0573271
0.0476569	0.0145493
-0.84317	-0.373888
3.42628	0.390984
-0.973535	-0.535567
-0.951808	-1.0317
2.66582	0.490846
-0.452075	-0.297562
0.319251	0.471123
-0.84317	-0.116613
-0.00666181	0.300754
-0.14789	-0.167724
-0.299983	-0.312128
0.210613	0.388152
-0.799715	0.31791
1.09058	0.502733
-0.984399	-1.16097
0.0367932	-1.00966
-0.49553	0.267929
0.167158	-0.428685
-0.419484	-0.200352
0.123703	0.0425367
-0.191345	-0.0130185
-0.712805	0.305097
0.0911119	0.177967
1.47081	0.741948
1.1449	0.42723
-0.484667	0.500738
-0.58244	-0.577763
1.81845	0.679393
-0.864898	-0.871141
0.232341	0.344336
1.13403	-0.315786
-1.01699	0.0892515
0.558253	0.298427
-0.984399	-1.20643
-0.267392	-0.60335
-0.49553	-0.185566
0.156294	-0.395405
2.19868	0.547657
-0.66935	0.545846
-0.712805	0.0309716
0.590844	0.399054
0.188886	0.111542
-0.104436	-0.388997
0.0911119	0.340291
2.51373	0.492753
2.06831	0.273978
-0.365165	0.441975
-0.267392	0.0872335
-0.701941	0.476314
0.254068	-0.169768
0.308387	-0.275713
-0.723669	-0.252558
1.7424	0.443191
1.64463	0.524954
2.15522	0.188644
-0.158754	0.151254
-0.951808	0.242999
-0.897489	-0.462178
2.58977	0.803337
-0.40862	0.26852
1.61204	0.544705
-0.93008	-0.350032
-0.256528	-0.229956
-0.430348	0.520662
-0.951808	-0.430891
-0.854034	-0.598265
-0.386893	0.293562
0.460479	0.475916
-0.299983	-0.000126806
0.286659	0.29344
-0.397757	0.207071
-0.039253	-0.111
-0.647623	0.355731
0.384433	0.0216577
-0.897489	-0.342429
0.0693844	0.660792
-0.734533	0.321997
-0.745396	-0.0179059
0.308387	0.499391
4.27365	0.538807
-0.951808	0.121822
0.971075	0.210648
-0.625895	0.337946
0.721209	0.0923643
-0.0175256	-0.281957
0.471343	0.279788
0.0476569	0.450546
0.210613	0.11851
-0.864898	-0.972391
-0.962671	0.249026
-0.886625	-0.189435
-0.875761	-0.487028
-0.528122	0.0325598
-0.32171	-0.389886
-0.897489	-0.770313
-0.191345	0.441468
-0.821443	-0.270143
0.742937	0.18263
0.514798	0.243583
-0.995263	-0.478484
-0.66935	0.335725
2.03572	0.350092
1.89449	0.269633
1.75326	0.363742
-0.082708	-2.00223
-0.0718443	0.34336
-0.615032	-0.0524682
-1.00613	-0.190608
-0.745396	-0.442732
-0.484667	-0.491576
0.438752	0.181017
-0.84317	0.28297
-0.799715	-1.08368
-0.767124	0.376198
2.75273	0.312965
-0.289119	0.140442
0.710345	0.0337654
-1.02785	0.0917621
2.05745	0.204615
3.51319	0.657072
0.0585207	0.617872
-0.908353	-0.0213789
-0.984399	-0.18242
0.862438	-0.373463
-0.0283893	0.18798
-0.430348	0.361819
1.15576	0.38502
-0.908353	-0.585797
-0.875761	-0.569715
-0.962671	0.322522
-0.962671	-0.557874
0.188886	0.318731
-0.897489	0.162965
-0.452075	0.114957
-0.115299	0.457929
0.101976	0.143217
-0.2348	0.309287
-0.886625	-0.851053
-0.484667	-0.250881
-0.0501168	0.0255296
-0.66935	-0.189506
-0.712805	0.594258
0.590844	-0.198488
1.09058	-0.0888482
-0.799715	-0.418923
-0.245664	0.416244
-0.158754	-0.00260709
-0.734533	-0.266926
-0.886625	0.0243799
0.427888	0.252463
-0.821443	0.26906
-0.940944	-0.0747031
-0.897489	-0.21678
-0.799715	0.370953
-0.549849	-0.470628
-0.397757	0.358575
-0.32171	0.378587
-0.58244	-0.409577
-0.0175256	-0.107929
-0.278255	0.20544
-0.962671	-1.06958
-0.712805	-0.74519
-0.473803	0.0915068
0.308387	0.155669
-0.473803	0.37698
0.395297	0.434381
-0.0283893	0.159446
0.101976	0.0696541
1.54685	0.237247
-0.039253	-0.558459
0.862438	0.616528
-0.821443	0.313195
-0.908353	-0.942083
2.88309	-0.0312747
0.210613	-0.220283
0.971075	0.494799
-0.973535	-0.00729283
0.0693844	-0.319049
-0.951808	-0.552295
0.786392	-0.0744581
1.05799	0.486298
-0.202209	0.11297
0.732073	0.376645
3.42628	0.506768
0.221477	-0.706067
-0.32171	-0.170846
-0.0609805	0.611625
-0.658487	-0.5862
0.775528	0.664203
-0.462939	-0.803671
0.449616	-0.143067
-0.376029	0.202698
-0.995263	-0.418148
1.93795	0.213298
-0.039253	-0.32721
0.0476569	0.242046
-0.0283893	0.173676
-0.875761	-0.103928
-0.788851	0.207943
1.01453	0.428792
1.04712	0.503767
-0.854034	0.414985
-0.0175256	0.267586
-0.66935	-0.298797
-0.386893	0.313438
2.12263	0.287586
0.395297	0.104638
-0.864898	-0.653521
-0.636759	0.247614
-0.00666181	0.0374245
-0.452075	0.0449046
-0.951808	-0.69919
-0.32171	-0.470552
-0.767124	0.263212
1.27526	0.388375
-0.40862	0.393235
-0.962671	-0.832473
1.69895	0.561765
-0.625895	0.0507484
0.536525	-0.147687
-0.940944	-1.69165
-0.0175256	0.232251
-0.799715	-0.0952766
1.12317	0.0921715
-0.386893	-0.308689
-0.0609805	-1.2185
0.134567	-0.334427
-0.506394	-0.186275
0.00420194	0.50283
-0.723669	-0.706002
0.178022	0.833333
-0.0501168	0.153962
0.677754	0.0732032
-0.517258	-0.208847
-0.082708	-0.29592
-0.180482	0.731909
-0.93008	-0.353447
1.13403	0.0825975
0.688618	0.37567
-0.082708	-0.31713
-0.93008	-1.53541
-0.723669	-0.180179
-0.919216	-0.191948
-0.854034	-1.7504
-0.0501168	-0.347059
2.53545	0.37744
0.0585207	0.680258
0.297523	0.740841
-0.799715	-0.54856
-0.658487	-0.221018
-0.767124	0.350402
0.547389	-0.115509
-0.93008	-0.880821
1.44908	0.217765
-0.397757	0.415381
-0.223937	0.441284
-0.615032	-0.131899
-0.365165	-0.298179
-0.191345	0.256656
-0.213073	-0.380739
-0.788851	0.133174
-0.365165	-0.023642
0.199749	0.392563
-0.571577	0.222261
-0.951808	-0.951888
-0.202209	0.254768
-0.864898	-0.703874
-0.636759	0.323189
-0.473803	-0.0990318
0.656027	0.653168
-0.854034	-0.573107
0.330114	0.411578
2.02486	0.67193
-0.430348	0.0629341
-0.0175256	0.419844
-0.0718443	-0.74674
1.63376	0.362773
-0.832306	-0.220671
0.460479	0.370223
-0.919216	0.309999
-0.517258	-0.00297838
-1.00613	-0.280994
0.406161	-0.172201
-0.984399	-0.213237
-0.593304	0.00911925
-0.658487	0.0105489
-0.14789	0.325522
2.02486	0.23656
-0.897489	0.0108922
0.971075	0.548803
0.112839	0.238588
-0.84317	-0.82703
-0.376029	-0.0200205
-0.604168	0.412309
-0.995263	0.311994
1.70981	0.389299
-0.376029	0.255591
-0.213073	0.0380864
-0.93008	-0.639822
0.84071	0.758179
-0.538985	0.416739
0.0476569	0.706106
-0.528122	0.209573
-0.571577	0.557611
0.710345	0.431135
-0.886625	-0.733671
-0.897489	-0.600186
-0.538985	-0.0499036
0.536525	0.20445
-0.419484	-0.58161
-1.04958	-0.76974
1.97054	0.398492
-0.984399	-0.679657
-0.66935	-0.302929
-0.875761	0.128673
-0.538985	0.159269
1.24267	-0.117145
0.623435	0.14034
0.112839	-0.373414
0.112839	-0.0970743
-0.832306	-0.376721
-0.169618	0.643027
-0.875761	0.389886
0.0367932	0.428719
-0.767124	-0.640752
-0.0175256	0.295363
3.86083	0.702428
-0.84317	-1.007
-0.419484	-0.706017
-0.84317	-0.0813808
1.93795	0.233709
-0.897489	-0.659997
1.99227	0.780881
-0.158754	0.0183015
0.0693844	0.350415
-0.506394	0.283647
0.123703	0.0786366
0.406161	0.350245
0.732073	0.466934
0.0802482	0.503962
0.330114	0.12594
-0.180482	0.180799
-0.864898	-0.0681174
-0.549849	0.52466
0.264932	0.483632
-0.864898	-0.42342
-0.908353	-0.571548
-0.940944	-0.139941
-0.310847	0.468374
1.09058	0.46971
-0.191345	0.110628
0.417024	0.409723
0.101976	0.32657
-0.875761	-0.736265
-0.919216	0.344806
-0.658487	0.24676
-0.93008	-1.23752
-0.604168	0.328033
-0.256528	0.204866
1.41649	0.861198
1.36217	0.358198
-0.658487	-0.385594
-0.0609805	0.213597
0.612572	0.172144
-0.137027	0.49619
-0.32171	0.300607
-0.84317	0.113568
-0.919216	-0.128078
-0.528122	-0.298267
-0.32171	-0.0127962
-0.560713	-0.398872
-0.625895	0.0735167
-0.0935718	0.138608
-0.84317	-0.136794
0.0911119	0.356275
0.0802482	-0.20819
0.503934	0.301092
0.0150657	0.31512
2.17695	0.365
-0.66935	-0.19398
-0.951808	-0.612018
0.460479	0.287041
-0.984399	-0.442403
-0.799715	-1.13699
-0.430348	0.0193594
-0.310847	0.391271
-0.962671	0.0102989
-0.734533	0.351315
-0.84317	-1.10635
-0.875761	-0.439214
-0.430348	0.493361
2.03572	0.086135
1.07971	0.0163137
0.688618	0.601428
0.156294	-0.138407
3.11123	0.461113
-0.0935718	0.730314
-0.376029	0.299779
-0.854034	0.57184
-0.854034	0.393565
2.42682	0.74304
-0.245664	0.320607
0.916757	0.230824
0.949348	0.4656
-0.691078	0.50648
-0.701941	-0.0821753
-0.310847	0.0155081
-0.2348	0.249552
-0.462939	0.0787918
-0.137027	0.484439
-0.137027	0.496275
-0.484667	-0.0345768
-0.940944	-0.738767
1.03626	0.532751
0.601708	0.448358
-0.647623	0.567702
0.971075	0.378143
-0.832306	-0.258042
-0.712805	-0.214393
0.808119	0.175265
-0.397757	0.557984
-0.821443	0.210254
-0.528122	-0.0997784
-0.897489	-0.982848
-0.115299	0.296609
-0.680214	-0.186882
-1.00613	-1.08592
-0.691078	-0.504759
-0.701941	0.297265
0.873302	0.622705
-0.973535	-0.542822
-0.919216	0.0569684
-0.58244	-0.521261
0.178022	0.603319
-0.897489	0.355377
-0.625895	0.0412923
-0.701941	0.139232
-0.93008	-0.0467891
-0.202209	-0.488193
-0.32171	-0.323399
-0.962671	-1.0415
-0.082708	-0.252556
-0.267392	0.408195
0.797255	0.514829
-0.854034	-0.235733
-0.951808	-1.29311
-0.397757	-0.240105
-0.886625	0.128647
-0.0501168	0.483096
-0.821443	-0.533562
0.101976	0.173666
1.45994	0.668236
-0.734533	0.0684225
-0.104436	0.441882
0.308387	0.305499
-0.082708	0.450919
1.88363	0.189213
-0.278255	0.198898
-0.984399	-1.16005
-0.299983	0.596557
-0.365165	0.285056
-0.202209	0.487834
1.99227	0.769543
-0.484667	0.502983
1.9814	0.411494
0.0259294	-0.0169798
-0.701941	0.348043
0.0911119	-0.305003
0.732073	0.243681
-0.875761	-0.667816
-0.66935	0.528346
-0.940944	-0.58774
-0.777988	-1.07865
-0.365165	-0.446835
-0.571577	-0.0692195
-0.615032	0.709281
-0.441212	-0.258675
0.199749	0.462387
0.221477	0.303888
-0.58244	-0.0758883
-0.256528	0.0925729
-0.245664	0.126866
0.221477	0.488173
2.52459	0.636828
-0.115299	0.414331
0.308387	-0.496007
0.460479	-0.117285
-0.0175256	0.0736471
-0.365165	0.455991
0.84071	0.13654
-0.788851	0.0799069
-0.66935	0.371776
-0.615032	0.256089
-0.2348	0.109314
1.99227	0.423192
-0.973535	-0.505233
-0.549849	0.440027
-0.93008	-0.414713
-0.528122	0.474906
-0.984399	-0.674453
-0.267392	-0.968936
-0.886625	-0.521174
-0.66935	0.132789
-0.93008	-0.882256
0.232341	0.426082
0.112839	-0.0520914
-0.875761	-0.540785
-0.2348	0.372494
1.36217	0.518841
-0.169618	0.284367
-0.799715	-0.614842
0.960212	0.30678
-0.908353	-0.136205
0.808119	-0.501302
0.536525	0.153438
-0.32171	0.222957
1.94881	0.131579
0.0693844	0.379644
-0.864898	-0.606192
-0.810579	-0.0342357
-0.506394	0.363688
-0.712805	-0.164685
0.188886	0.345451
0.742937	0.293672
-0.158754	0.20066
-0.365165	-0.000397269
-0.213073	-0.418313
-0.593304	0.238474
1.1123	-0.118662
-0.278255	-0.165993
-0.951808	-0.259748
-0.962671	-0.00488266
-0.386893	-0.11873
-0.604168	0.393519
-0.810579	-0.638515
-0.571577	-0.16768
-0.49553	0.386289
-0.256528	-0.43441
-1.00613	-0.816559
-0.0609805	0.256981
-0.528122	-0.231311
-0.506394	-0.154775
0.601708	0.228035
-0.310847	0.348542
-0.875761	-0.970165
2.78532	0.545484
0.460479	0.501578
1.00367	0.487263
0.112839	0.0241951
-0.984399	-1.02806
-0.940944	-1.26452
3.08951	0.602599
0.373569	0.0384171
-0.962671	0.30412
-0.810579	0.18115
0.905893	0.800019
-0.267392	0.347529
0.786392	-0.394177
1.67722	0.374187
0.330114	0.147266
0.92762	0.1204
-0.0283893	0.131427
1.17749	0.569316
-0.593304	-0.0761878
1.00367	0.366069
0.221477	-0.513081
-0.441212	0.544544
0.569117	0.208218
-0.973535	-0.493916
0.0476569	0.43707
-0.940944	0.274992
1.06885	0.0929983
-0.343438	0.562989
-0.615032	0.0672837
-0.66935	-0.471081
2.68755	0.471772
1.00367	-0.0411566
0.514798	-0.464503
-0.680214	0.320434
-0.908353	-0.693437
-0.767124	0.184071
2.26386	0.803186
0.732073	0.255694
-0.832306	0.515699
0.721209	0.559848
2.01399	0.335039
-0.897489	-0.22928
0.623435	0.186307
-0.245664	0.238172
0.460479	0.340624
1.63376	0.131439
0.699482	0.0853572
-0.821443	-0.678806
-0.875761	-0.0256059
-0.734533	-0.412805
-0.549849	-0.737158
-0.66935	-0.534749
3.13296	0.530533
2.22041	0.513323
-0.701941	-1.29519
2.14436	0.458855
2.33991	0.23618
-0.897489	-0.178563
0.677754	0.42788
-1.00613	-0.46681
-0.886625	-0.484786
-0.0935718	0.435494
-0.506394	0.195294
-0.256528	-0.346697
1.48167	0.278586
-0.821443	0.220661
-0.604168	-0.344474
-0.462939	0.0237858
1.27526	0.514313
-1.00613	-0.561798
0.395297	0.485858
-0.158754	0.244258
0.57998	0.340049
-0.854034	-0.137927
-0.506394	0.0484222
0.438752	0.00912576
-0.604168	0.168715
0.547389	0.392838
0.601708	0.0670522
1.2644	0.870228
-0.984399	-0.425243
-0.93008	-0.366079
2.27472	0.540221
-0.40862	0.297629
-0.908353	-0.674944
0.57998	0.191395
2.6115	0.297394
1.53599	0.251086
-0.919216	-0.97225
-0.897489	-0.785157
-0.343438	-0.189794
0.971075	0.456312
0.438752	0.400799
0.254068	0.7263
2.48114	0.378295
0.264932	0.509072
-0.658487	-0.737359
-0.75626	0.313877
-0.039253	0.485092
0.829847	0.197142
0.558253	0.264283
0.0585207	0.347156
0.688618	0.0373435
0.340978	0.465764
3.30678	0.400314
-0.908353	-0.359473
-0.962671	-0.345509
-0.299983	-0.617221
-0.832306	-0.818454
3.2416	0.655746
-0.137027	-0.0342894
-0.962671	-0.17196
0.0150657	-0.206997
-0.299983	-0.619134
-0.376029	0.479265
0.232341	0.0736282
-0.864898	-0.650749
-0.66935	-0.44504
-0.962671	-0.458284
0.0150657	-0.600584
-0.984399	-0.0615065
2.05745	0.431183
0.764664	0.691115
-0.245664	0.304658
0.199749	0.25666
-0.158754	-0.658718
-0.897489	-0.172701
0.514798	-0.291114
-0.745396	-0.818498
1.28612	0.601262
1.56858	0.303315
0.862438	-0.0781718
-0.821443	-0.431205
-0.0718443	-0.0970592
2.31818	0.452668
-0.919216	-0.991333
0.57998	-0.286495
-0.66935	-0.57578
0.00420194	-0.343285
1.51426	0.148484
-0.549849	0.0672896
-0.354302	-0.43707
-0.84317	-0.334435
-0.777988	-0.407609
-0.723669	-0.0711899
-0.777988	-0.269065
-0.799715	-0.512649
-0.58244	0.394127
0.395297	0.191326
1.15576	0.761988
-0.940944	-0.720021
2.11177	0.647975
-0.897489	-0.812646
3.42628	0.879869
-0.93008	-0.33661
-0.2348	0.408703
0.732073	0.213648
-0.897489	-0.292597
-0.951808	-0.12994
1.09058	0.148077
-0.289119	-0.0635465
-0.701941	-0.0707195
0.92762	-0.136314
0.362706	-0.356789
0.188886	0.295247
-0.0175256	0.442278
3.70874	0.513903
-0.93008	-1.39411
-0.75626	-0.392822
-0.462939	-0.279056
-0.104436	-0.189376
-0.799715	0.162047
-0.864898	-0.354931
1.32958	0.321995
-0.832306	-0.41609
0.319251	-0.602876
-0.951808	-0.527586
-0.799715	-0.268638
0.851574	0.705729
-0.962671	-0.321436
-0.169618	0.462163
0.460479	0.172
-0.788851	-0.376114
-1.01699	-1.81128
-0.2348	0.154393
-0.984399	-0.109667
-0.0718443	0.460223
0.373569	0.488133
-0.962671	-0.57395
-0.93008	-1.0295
2.57891	0.25241
3.20901	0.388104
0.92762	0.232559
1.42735	0.222526
0.949348	0.613158
-0.137027	-0.643666
1.59031	0.0951408
-0.777988	-0.69476
1.43822	-0.148647
-0.919216	-0.903649
-0.0283893	0.529272
-0.712805	-0.118096
0.308387	0.321302
2.12263	0.507017
0.449616	0.327604
1.9814	0.5776
-0.0609805	-0.0519064
-0.897489	0.290966
-0.821443	-0.86332
-0.788851	0.304486
-0.777988	-0.389939
0.764664	-0.19395
1.54685	0.260392
0.503934	-0.454842
0.949348	0.356583
-0.484667	0.131003
-0.549849	0.443223
-0.734533	0.221444
-0.799715	0.44445
0.112839	-0.0476436
0.656027	0.237649
-0.332574	0.167141
-0.452075	-0.244769
-0.191345	0.265553
-0.560713	-0.22623
-0.799715	0.184312
0.112839	0.0846855
0.0911119	-0.112531
0.178022	0.343972
-0.908353	-0.154822
-0.658487	0.533033
0.0802482	0.0133641
3.94774	0.783992
-0.289119	-0.143739
-0.267392	0.165954
-0.951808	-1.31225
0.438752	-0.410459
2.38336	0.102799
0.210613	-0.471485
-0.734533	-0.342863
-0.625895	0.538253
3.18728	0.802763
-0.723669	-0.74114
-0.299983	-1.17576
0.0802482	0.13896
0.101976	-0.100097
0.645163	0.147823
2.00313	0.319087
-0.908353	-0.814355
-0.560713	-0.0919443
0.656027	0.36044
-0.397757	-1.25042
-0.517258	0.414644
-0.897489	0.117815
-0.2348	0.109314
1.09058	0.415818
-0.962671	-0.840086
-0.2348	0.216946
1.19921	0.167658
-0.777988	-0.709395
1.3839	0.454121
2.50286	0.683233
-0.462939	0.433428
-0.506394	0.178077
0.00420194	0.338522
0.188886	0.370108
-0.267392	0.596272
-0.213073	0.00788274
-0.908353	-0.729519
-0.169618	0.343085
-0.169618	-0.0824327
-0.745396	0.28931
2.30732	0.502188
-0.984399	-0.614106
0.449616	0.341793
-0.701941	0.543261
0.829847	0.241187
3.75219	0.35324
-1.00613	-0.625741
-0.767124	-0.165813
-0.658487	-0.0806069
-0.0718443	0.197113
-0.625895	-0.103965
-0.701941	-0.0723178
0.340978	0.420739
-0.680214	-0.670076
0.0476569	0.102593
-0.343438	-0.568611
-0.365165	0.72386
-0.0609805	0.203665
-0.115299	0.355742
-0.799715	-0.160498
-0.245664	-0.0986783
1.32958	0.336806
-0.169618	-0.239853
-0.951808	0.469341
-0.777988	0.420472
-0.419484	0.35085
0.167158	0.14991
0.275796	0.151878
-0.397757	-0.634885
1.27526	0.348558
0.732073	0.592347
-0.93008	-0.575296
-0.419484	0.195014
-0.636759	-0.0205431
1.36217	0.518841
-0.104436	0.651671
-0.962671	-0.68509
-0.538985	0.122816
0.49307	0.150837
-0.864898	0.105983
-0.66935	-0.00212365
-0.908353	-1.35666
-0.256528	-0.229956
-0.299983	0.451842
0.145431	-0.108124
-0.213073	0.0217013
-0.919216	-0.279899
-0.951808	-0.226344
-0.734533	-0.66805
-0.278255	-0.634877
-0.951808	0.30332
0.66689	-0.25701
0.786392	0.685537
-0.0175256	-0.366734
-1.02785	-1.46687
0.873302	0.497986
0.00420194	0.527661
-0.223937	0.215251
-0.604168	0.144224
-0.75626	-0.72823
1.63376	0.687912
-0.256528	0.733589
-0.951808	-0.656615
0.0476569	0.488825
-0.115299	-0.302844
-0.886625	-0.136892
-0.908353	-1.23658
-0.712805	0.462481
-0.2348	-0.568153
1.2644	-0.00412377
0.971075	0.519188
-0.777988	0.0264856
0.57998	0.302945
0.0259294	0.197378
0.264932	-0.45431
0.340978	0.265909
0.264932	0.177178
-0.995263	-1.50621
-0.897489	-0.36412
-0.202209	0.550164
-0.93008	0.084381
0.178022	0.400428
3.05691	0.666837
2.17695	0.596189
1.12317	0.508626
-0.593304	0.31026
-0.919216	-1.47694
-0.832306	-0.235792
-0.256528	-0.472696
-0.973535	-0.526027
-0.604168	0.42286
-0.75626	-0.632948
0.395297	0.222586
0.362706	0.384234
-0.0283893	0.113393
1.77499	0.286705
0.471343	0.746839
1.02539	-0.0388265
-0.886625	0.326012
-0.40862	-0.250919
-0.875761	-0.54692
0.949348	0.389671
0.0476569	0.450546
0.57998	-0.121815
-0.462939	0.392059
0.373569	0.3049
-0.332574	-0.169609
-0.00666181	0.44343
-0.245664	0.385863
-0.343438	-0.311015
-0.919216	-0.246915
-0.84317	-0.106378
-0.278255	-0.317504
-0.908353	-0.755683
-0.777988	0.355452
-0.75626	0.0299413
2.29645	0.0564249
-0.604168	-0.728079
0.0911119	0.340291
2.48114	0.352067
-0.289119	0.432579
0.721209	0.133117
-0.691078	-0.25237
0.0476569	0.38187
0.818983	0.562509
0.66689	0.285983
2.05745	0.657031
-0.0283893	0.0207844
1.55772	0.482711
-0.712805	-0.326288
-0.256528	0.0946728
0.786392	0.26015
0.49307	0.326504
-0.0283893	0.497931
-0.636759	-0.125193
-0.821443	-0.397466
-0.767124	-0.137609
-0.712805	-0.543911
0.254068	0.340632
-0.332574	0.151319
-0.799715	0.430784
1.03626	-0.0886729
-0.484667	0.244479
-0.32171	0.470377
-0.625895	0.192519
-0.473803	0.0585177
-0.680214	-0.568122
1.48167	0.728098
2.36163	0.351642
-0.962671	-0.729853
-0.2348	-0.533488
-0.419484	0.0405507
2.1009	0.282716
0.145431	0.305139
-0.66935	0.133202
-0.191345	-0.0839167
-0.647623	0.321137
-0.32171	-0.0644718
-0.419484	-0.430453
-0.593304	0.329496
1.85104	-0.248051
3.26333	0.0784619
-0.897489	-0.486565
-0.854034	-0.579598
0.373569	0.108177
-0.0718443	0.771097
-0.49553	-0.415658
1.76413	0.461997
0.547389	-0.311472
-0.376029	0.0411436
0.688618	0.409885
-0.484667	0.466939
0.49307	0.576354
0.134567	0.482884
-0.14789	0.331817
0.916757	0.356232
-0.940944	0.215151
1.07971	0.595301
0.981939	0.195542
-0.973535	-1.37462
-0.810579	-0.302018
-0.332574	0.408496
-0.93008	-0.906479
-0.40862	0.860041
-0.984399	0.222627
-0.962671	-0.425988
3.04605	0.444534
1.13403	-0.0590581
-0.919216	-0.747891
1.37303	0.110727
-0.973535	0.00536295
0.818983	0.388536
-0.625895	-0.374367
-0.473803	0.332048
-0.93008	-0.172278
-0.864898	-0.506727
-0.875761	-0.29892
-0.473803	0.402298
-0.864898	0.0196741
-0.0935718	0.0318896
0.0259294	0.123879
-0.452075	0.151023
0.0150657	0.258736
0.243204	0.307114
-0.84317	0.21046
-0.332574	-0.169609
-0.310847	-0.196993
0.971075	0.305906
-0.810579	-0.103569
0.916757	0.0635162
-0.962671	-0.126197
-0.701941	-0.0516612
2.09004	0.523204
0.775528	0.374111
0.558253	0.675689
1.32958	0.240545
-0.723669	-0.354745
-0.484667	0.292709
-0.908353	-1.4164
-0.647623	-0.152843
-0.039253	0.288654
-0.854034	0.452815
-0.940944	-0.276717
0.167158	0.126494
-0.126163	0.293181
1.8619	0.490174
-0.821443	-0.510123
1.16662	0.229858
-0.951808	0.127832
-0.821443	-0.458529
-0.93008	0.15252
-0.962671	-0.403257
-0.354302	0.0867187
-0.821443	-0.689909
0.156294	-0.208572
3.18728	0.707525
0.384433	0.614732
-0.517258	0.459871
0.308387	0.327807
-0.538985	0.297435
-0.0175256	-0.0889046
-0.180482	0.612886
2.14436	0.250489
-0.0283893	0.0323344
1.22094	-0.220363
-0.832306	0.291439
-0.723669	-1.40191
-0.462939	0.681216
0.145431	-0.350458
1.42735	-0.172976
0.254068	0.434552
0.0259294	0.0112401
-0.278255	0.360201
1.94881	0.398629
1.13403	0.292728
-0.528122	-0.123261
0.384433	0.472787
-0.864898	-0.748783
-0.680214	0.100628
-0.984399	-0.738085
0.677754	0.40239
-0.14789	0.477419
0.199749	0.43682
0.156294	0.279805
1.70981	0.344978
-0.571577	0.308995
-0.58244	0.367945
2.52459	0.598459
0.960212	-0.454622
-0.854034	-0.0785352
4.03465	0.631542
-0.528122	0.599735
3.08951	0.256091
-0.767124	-0.295499
-0.832306	-0.499493
1.45994	-0.0163751
0.264932	-0.16635
0.00420194	-0.0493431
-0.58244	-0.0428655
-0.180482	-0.655356
-0.549849	-0.366263
-0.973535	-0.810971
0.0476569	0.0778814
-0.84317	-1.09928
-0.919216	0.355334
-0.604168	-0.491078
0.178022	0.216939
-0.940944	-0.128684
0.710345	0.537705
-0.788851	-0.0287098
-1.00613	-0.578994
-0.919216	-0.639773
-0.00666181	-0.721099
-0.821443	-0.202946
0.0150657	0.0311421
-0.984399	-0.643775
-0.734533	0.361955
0.884165	0.137661
-0.767124	0.559413
-0.984399	-0.916067
-0.386893	0.0103352
-0.832306	-0.816935
-1.01699	-0.551782
-0.962671	-0.978858
-0.223937	-0.0856355
1.9814	0.108014
-0.723669	0.327499
0.981939	0.481957
0.254068	0.524416
-0.832306	0.614477
0.460479	0.352114
-0.951808	-0.695252
-0.604168	-0.876278
0.0802482	-0.20819
-0.223937	0.441284
3.49146	0.511173
-0.854034	-0.283823
-0.777988	-0.530879
-0.691078	0.292087
1.09058	0.380077
0.395297	-0.0547926
-0.940944	-0.291685
-0.962671	-0.547305
-0.93008	-0.361941
-0.886625	0.155469
-0.332574	-0.251098
-0.973535	0.237149
-0.66935	-0.471081
-0.430348	0.411835
-0.419484	-0.488031
1.79672	0.447452
0.123703	0.371202
-0.202209	0.619005
-0.701941	-0.465362
-0.506394	-0.744842
-0.473803	0.115389
-0.528122	-0.27973
4.38229	0.702614
0.188886	0.50299
0.0259294	0.0112401
1.18835	-0.0473232
-0.473803	-0.505341
0.786392	0.685537
-0.14789	-0.0161392
0.210613	-0.346149
0.84071	0.415282
2.44854	0.435837
-0.84317	-0.566532
1.16662	0.386231
-0.647623	-0.548008
-0.245664	0.1437
-0.0935718	0.394882
0.264932	0.14141
-0.854034	-0.598265
-0.115299	-0.838386
-0.691078	0.0301837
1.3839	0.561046
-0.528122	-0.891204
2.03572	0.0956296
0.145431	0.45934
0.0693844	0.491147
0.112839	-0.458002
1.70981	0.197925
0.210613	0.310972
1.01453	0.527824
-0.962671	-0.657091
-0.278255	-0.590414
0.188886	-0.0138305
0.0911119	-0.434298
0.7538	0.273876
-0.386893	-0.574701
-0.908353	-0.833515
-0.538985	0.0996882
1.2644	0.341883
-0.84317	-0.575849
-0.908353	-0.474353
-0.897489	-0.545621
-0.777988	0.237087
-0.777988	-0.298342
-0.441212	-0.780119
-0.875761	-0.685934
-0.278255	-0.171615
0.395297	0.208334
-0.886625	-0.303079
-0.299983	0.175467
0.188886	0.120651
-0.701941	-0.309951
0.210613	-0.298211
0.395297	0.26466
-0.940944	-0.173272
0.275796	0.19443
-0.223937	0.306307
-0.32171	-0.266883
-0.115299	0.279482
-0.137027	0.47359
-0.615032	-0.770659
-0.799715	-0.243878
-0.854034	-0.461493
-0.658487	-1.00075
-0.549849	0.516402
-0.256528	0.470852
0.308387	0.464988
5.27312	0.581124
-0.202209	-0.109923
-0.376029	0.0485439
0.938484	0.197472
0.710345	-0.0238025
-0.169618	-0.0824327
-0.2348	0.46272
-0.767124	-0.169474
-0.636759	-0.369569
-0.886625	-0.570727
-0.75626	-0.0389732
-0.278255	0.0877194
-0.875761	-0.239444
1.10144	0.42621
-0.256528	0.018729
-0.962671	-0.50554
-0.788851	-0.0966966
0.590844	0.542307
1.02539	0.357575
0.156294	-0.441048
1.41649	0.769438
0.645163	-0.0260657
-0.745396	-0.982005
1.77499	0.333077
-0.897489	-1.39635
-0.886625	-0.490939
-0.593304	0.204018
-0.430348	0.372886
-0.419484	-0.0457942
-0.636759	-0.232968
-0.919216	-0.505012
-0.712805	0.383861
-0.560713	-0.848773
-0.462939	-0.132591
-0.137027	0.417918
0.656027	0.519585
1.1449	0.0904739
-0.615032	0.0358101
-0.169618	0.236319
-0.354302	-0.199254
-0.647623	0.0221717
0.264932	0.337444
-0.767124	-0.773907
-0.962671	-0.369053
-0.376029	0.507808
-0.343438	0.460122
-0.734533	0.234085
-0.191345	-0.163941
-0.680214	0.285197
-0.223937	0.665874
-0.701941	0.24976
-0.473803	0.387052
1.44908	0.482028
-0.180482	0.115547
0.916757	-0.182869
-0.973535	-0.263882
-0.93008	-0.553794
-0.886625	-0.484786
-0.506394	0.556367
-0.278255	-0.59967
0.981939	0.577755
0.623435	0.110704
-0.223937	0.150016
-0.40862	0.327046
0.764664	0.659404
-0.49553	0.397203
0.971075	-0.0235183
-0.951808	-0.406445
0.634299	0.777244
0.308387	0.464988
-0.897489	-0.997965
0.362706	-0.140657
0.167158	-0.286442
-0.625895	0.0347422
0.330114	0.137911
-0.973535	-0.428611
-0.93008	-0.937075
-1.00613	-0.511062
1.61204	0.116366
-0.84317	-0.286132
2.11177	0.211705
-0.93008	-0.175538
0.00420194	0.246735
0.49307	0.654235
0.275796	0.0230486
0.449616	-0.0186676
0.395297	0.56373
-0.854034	-0.117174
-0.158754	0.344588
1.68808	0.352219
-0.560713	-0.174903
0.199749	-0.543663
-0.962671	-0.0919086
-0.691078	-1.19385
-0.484667	0.445405
3.05691	0.22996
-0.169618	0.0116189
0.00420194	0.511605
2.83964	0.119506
-0.897489	-0.565255
-0.875761	-0.739491
-0.854034	0.622588
-0.919216	-0.460252
-1.03872	-0.368029
-0.864898	-0.188834
-0.777988	0.517662
0.677754	0.300394
-0.452075	0.246079
-0.647623	-0.093848
0.373569	0.292573
-0.484667	0.0590641
-0.66935	-0.278464
-0.604168	0.33997
-0.332574	0.361172
2.16609	0.331117
1.64463	0.143068
1.59031	0.547021
1.02539	0.162139
-0.397757	0.169378
0.330114	0.34643
-0.115299	-0.607721
0.482207	0.229759
-0.32171	0.00283761
-0.767124	0.194396
0.264932	0.0935537
-0.0718443	-0.292243
0.145431	0.103826
-0.039253	0.310095
3.67615	-0.0549691
0.330114	0.0979501
1.25353	0.498121
1.19921	0.398873
1.2644	0.508347
-0.0175256	0.40791
3.3611	0.725897
-0.332574	0.560675
-0.549849	0.22667
-0.0609805	-0.198275
-0.289119	0.346813
-0.137027	0.237588
0.123703	-0.484499
0.0585207	0.192424
0.786392	-0.309444
2.492	0.816551
-0.0609805	-0.519698
-0.777988	-0.352297
0.112839	0.489955
-0.245664	-0.271181
-0.66935	0.31877
-0.940944	-0.827497
-0.32171	0.259288
0.384433	-0.226486
-0.506394	0.0340237
-0.245664	0.362025
-0.419484	-0.284717
-0.202209	-0.260001
-1.00613	-0.163871
-0.984399	-0.585614
0.101976	-0.397118
-0.2348	0.413671
-0.528122	-0.596944
-0.908353	0.113174
-0.832306	-0.82067
0.460479	0.169554
2.24213	0.632362
-0.647623	0.558165
0.482207	0.236477
-0.691078	0.474347
0.656027	0.346875
1.19921	0.593226
-0.386893	0.01957
0.49307	-0.160601
2.27472	0.0124087
0.732073	-0.27474
-0.832306	-0.237381
0.916757	0.402796
-0.039253	0.552634
-0.462939	-0.490176
-0.0283893	0.40015
-0.854034	-0.593769
0.775528	-0.142072
-0.788851	0.0180066
1.27526	0.37637
-0.973535	0.0726212
-0.854034	0.315437
-0.821443	-0.754608
-0.886625	-1.02791
1.54685	0.501475
-0.810579	-0.483656
-0.549849	0.2686
-0.680214	-0.0333737
-0.810579	-0.0968305
-0.701941	-1.21174
-0.919216	0.14951
-0.897489	-0.119772
-0.951808	-0.354553
-0.0718443	0.444772
0.406161	-0.0591655
0.264932	0.108156
0.243204	-0.580503
-0.897489	-1.67616
0.829847	-0.32163
0.818983	-0.267354
-0.919216	-1.03756
-0.604168	0.0499428
-0.0501168	0.444116
-0.919216	-0.43984
-0.767124	0.00536981
-0.2348	0.154393
0.351842	0.049564
-0.278255	0.449383
-0.039253	0.543355
-0.940944	-0.535216
-0.0501168	0.274978
1.29699	0.410907
-1.00613	-1.18089
-0.615032	0.342944
-0.278255	-0.361751
-0.875761	-0.487028
0.134567	-0.0492288
0.199749	0.26241
0.145431	-0.297798
-0.973535	0.0417575
-0.810579	-0.466697
0.134567	0.393552
-0.0935718	0.371771
-0.310847	-0.127341
-0.419484	-0.100148
0.395297	-0.259047
0.862438	0.254103
2.44854	0.633254
-0.875761	-0.247578
-0.75626	0.141629
-0.169618	-0.712549
2.12263	0.31763
3.15469	0.694662
0.210613	-0.145357
-0.452075	-0.0673095
1.94881	0.730785
-0.832306	-0.376721
-0.66935	0.0763283
2.35077	0.061143
-0.0935718	0.578462
-0.908353	-1.4131
-0.864898	-0.149047
0.536525	-0.289188
-0.299983	-0.0266007
0.297523	-0.364217
0.351842	0.593083
1.37303	0.110727
-0.202209	0.563594
-0.864898	0.325597
0.156294	0.351325
-0.14789	0.380479
0.49307	-0.697907
-0.962671	-0.274488
-0.951808	-0.448305
-0.680214	-0.0129492
0.308387	0.490281
-0.897489	-0.490462
0.156294	0.39026
-0.919216	-0.494626
-0.951808	-1.16922
-0.365165	0.253649
0.732073	0.704024
-0.919216	-1.10496
-0.680214	0.257796
-0.289119	0.367026
-0.897489	-1.02472
0.145431	-0.035917
0.232341	0.23645
-0.962671	0.102269
-0.940944	-0.56969
-0.897489	-1.46271
-0.701941	0.256488
-0.310847	-0.0460807
-0.897489	-0.152274
1.85104	0.45686
-0.875761	-0.22332
-0.691078	0.162903
-0.137027	0.147236
0.818983	0.288502
1.60117	0.315255
-0.604168	0.396554
0.938484	0.288776
-0.940944	-0.404207
-0.745396	-0.0711461
0.286659	-0.0552148
1.55772	0.599555
-0.777988	-1.05324
0.851574	0.435947
1.15576	0.196587
-0.549849	-0.449677
-0.647623	-0.194359
-0.245664	0.353942
-0.40862	0.0665496
1.07971	0.12713
-0.951808	-0.359384
-0.517258	-0.107671
0.699482	-0.445597
0.221477	0.158278
-0.777988	-0.307004
-0.0609805	0.418585
-0.506394	0.268485
-0.538985	-0.12945
-0.039253	-0.249962
0.156294	-0.0373422
0.482207	0.163247
-0.332574	0.470504
1.09058	0.240956
-0.310847	-0.0763305
-0.2348	0.374938
-0.908353	-0.679885
-0.712805	-1.48079
-0.799715	0.523219
0.0476569	0.359217
1.77499	0.419065
0.547389	0.0686755
0.384433	-0.179966
-1.00613	-0.163871
0.482207	0.150177
-0.386893	-0.18503
-0.571577	0.465532
2.29645	0.614021
-0.745396	-0.0801425
-0.115299	0.423871
-0.0718443	0.395548
-0.267392	0.0676394
-0.14789	0.486553
0.395297	0.0465588
-0.93008	-1.06126
1.88363	-0.0916569
-0.560713	0.00213377
2.253	0.697708
0.112839	0.625127
-0.745396	0.380888
-0.875761	-0.0498922
-0.810579	-0.111641
-0.419484	-0.284257
-0.962671	-0.134909
3.05691	0.22996
-0.0283893	-0.0104221
0.525662	0.567815
-0.66935	0.12083
-0.84317	0.100797
-0.169618	0.518029
1.1123	0.673956
-0.995263	-0.47437
-0.897489	-0.931271
-0.897489	-0.670191
1.61204	0.46901
-0.680214	0.111
0.0476569	-0.160396
3.18728	0.60099
-0.104436	0.303406
-0.962671	-0.675973
0.482207	0.0268411
-0.951808	0.105199
-0.767124	-0.0772829
-0.701941	0.325234
1.52513	0.278866
-0.419484	0.410012
0.818983	0.452393
0.482207	-0.136489
0.0911119	-0.0283935
0.362706	0.710376
-0.995263	-0.330311
-0.854034	0.3097
0.101976	0.80156
0.916757	0.561721
3.26333	0.248123
0.569117	0.218624
-0.40862	0.349743
-0.832306	-0.238982
1.1123	0.501511
-0.691078	-0.883912
-0.66935	0.462285
-1.02785	-0.0102145
-0.538985	-1.06192
-0.49553	-0.229783
-0.799715	-0.200508
-0.712805	0.0514821
-0.680214	-0.0185982
-0.908353	-0.147459
3.55665	0.518573
1.17749	-0.618648
-0.810579	-0.309546
-0.0283893	0.403227
0.916757	0.385709
-0.908353	-0.185751
-0.908353	-0.358248
-0.995263	-0.586901
-0.528122	-0.180936
4.38229	0.702614
-0.886625	0.167571
-0.66935	-0.689141
-0.723669	-0.731041
-0.723669	-0.722759
-0.745396	-0.0183181
-0.712805	-0.97012
-0.832306	0.0568712
-0.560713	-0.23603
-0.908353	0.282978
3.15469	0.42326
1.18835	0.473061
-0.158754	0.456453
-0.832306	-0.460317
0.873302	0.0548298
0.0367932	0.249788
0.862438	0.28906
-0.506394	0.089567
-0.202209	-0.140226
4.12156	0.553772
-0.864898	0.556279
-0.962671	-1.21017
-0.2348	0.55656
0.547389	0.1905
-0.995263	0.0380921
-0.137027	0.249524
0.0259294	-0.00813064
-0.658487	-0.413876
0.145431	0.276745
-0.777988	-1.36288
-0.462939	0.584954
-0.506394	0.14425
0.0476569	0.536953
-0.799715	-0.0965654
0.569117	0.649922
-0.919216	-0.332187
-0.984399	-0.662884
-0.810579	-0.49575
-0.897489	0.424999
1.66636	0.344771
0.221477	0.307894
0.362706	0.093869
0.0802482	0.479134
-0.854034	0.397818
-0.571577	0.307368
-0.951808	-0.0139359
-0.832306	-0.981934
-0.0609805	-0.173104
-0.745396	-0.0467895
-0.973535	0.049267
0.319251	-0.828121
3.19814	0.414956
-0.734533	0.175528
0.710345	-0.296584
0.84071	0.326712
1.6229	0.348336
-0.734533	-0.427324
-0.462939	-0.230172
-0.441212	0.00036665
-0.799715	-0.472672
-0.169618	-0.393275
1.27526	0.441799
0.243204	0.297643
0.590844	0.533618
-0.854034	-0.146158
-0.365165	0.287574
0.0259294	0.371269
0.536525	0.685951
-0.919216	-0.0356102
-0.256528	0.414767
-0.49553	0.23041
-0.799715	0.464197
0.0259294	-0.141191
-0.832306	-0.192669
0.471343	-0.142365
-0.58244	0.424541
-0.191345	0.538814
-0.66935	0.376939
-0.973535	-1.04071
0.0367932	-0.583778
4.40402	0.530983
-0.821443	-0.154204
-0.473803	0.183713
-0.897489	-0.386228
2.78532	-0.0604222
-0.788851	-1.15882
3.05691	0.400556
-0.788851	0.158972
0.112839	0.147719
-0.973535	-1.24363
0.829847	0.103575
-0.984399	0.120573
0.688618	0.213396
-0.604168	0.0961695
-0.32171	0.0521899
-0.875761	-0.0385254
-0.886625	-0.937265
-0.636759	0.165656
-0.126163	-0.0505854
0.0802482	-0.652331
3.23073	0.749545
-0.973535	-0.188749
0.656027	-0.115503
-0.560713	-0.722301
-0.0175256	-0.114727
-0.604168	-0.47749
0.199749	0.477369
0.710345	0.410559
-0.180482	0.504061
0.0150657	-0.0165864
-0.386893	-0.121537
-0.538985	-0.441626
1.05799	0.201957
-0.799715	-0.339164
-0.984399	-0.970201
-0.365165	-0.0800664
-0.832306	-0.808412
-0.734533	-0.201172
1.04712	0.503869
-0.886625	0.0901615
0.547389	0.263311
0.0150657	0.371714
4.07811	0.260138
0.569117	0.212178
0.438752	0.292314
-0.712805	0.384682
3.10037	0.556395
-0.886625	-0.362491
-0.126163	-0.292165
0.884165	0.624379
-0.897489	-0.803451
-0.202209	-0.620871
0.156294	-0.35942
-0.343438	0.0170844
-0.158754	0.0902704
-0.0609805	-0.7366
-0.506394	-0.169301
-0.517258	0.0117417
-0.32171	0.215346
-0.14789	0.274619
0.471343	-0.00655276
-0.973535	-0.63447
-0.49553	0.0317933
2.56805	0.385578
-0.886625	0.128647
1.82931	0.213936
-0.984399	0.0818635
-0.343438	0.544988
-0.864898	0.0961649
-0.701941	-0.185843
-0.289119	0.668593
-0.767124	-0.291711
0.221477	0.428893
-0.462939	-0.567861
2.52459	0.0547511
-0.984399	-0.332347
-0.289119	0.493119
0.797255	0.452246
0.00420194	0.0909797
-0.625895	-0.174322
-0.365165	-0.29031
-0.104436	-0.352623
-0.810579	-0.307632
-0.452075	-0.461549
0.232341	0.331482
-0.419484	0.177281
0.286659	0.379758
-0.777988	-0.597008
-0.864898	-0.518261
-0.810579	-0.108281
-0.115299	-0.424386
0.960212	0.665949
3.70874	0.415631
-0.386893	0.577085
-0.484667	0.0627326
0.319251	0.132062
-0.397757	0.262472
-0.940944	-0.738767
0.525662	0.0877357
-0.799715	-0.771122
1.44908	0.718782
-0.332574	0.193939
-0.788851	-0.298333
-0.788851	-0.494576
-0.973535	-1.22785
3.04605	0.364482
-0.158754	0.33961
-0.169618	-0.0851637
0.308387	0.0681585
-0.788851	0.141728
-0.549849	-0.449677
0.427888	0.252463
0.7538	0.526193
0.981939	0.219879
-0.995263	-1.14852
-0.484667	-0.808757
2.3725	-0.119464
-0.517258	0.301759
-0.75626	0.165073
-0.528122	-0.180936
-0.376029	-0.0677526
-0.528122	0.0738268
2.58977	0.28443
-0.821443	-0.792285
-0.289119	0.525321
1.95968	-0.319376
0.449616	0.164003
-0.788851	0.09539
-0.560713	-0.564092
-0.462939	-0.132591
0.123703	-0.227553
-0.082708	0.00809787
-0.278255	-0.474752
-0.723669	-0.0258002
-0.864898	-0.616002
0.145431	-0.035917
0.0259294	-0.168841
-0.0935718	0.218865
0.384433	0.7418
-1.03872	0.402093
0.406161	0.205529
-0.767124	-0.45768
-0.984399	0.3105
0.0693844	0.736524
-0.299983	0.204213
-0.625895	-0.126114
-0.691078	-0.097631
-0.875761	-0.455131
-0.951808	0.222991
-0.908353	0.224845
-0.462939	0.297339
-0.66935	0.428673
-0.680214	0.523849
-0.745396	0.285334
-1.00613	0.35375
-0.940944	-0.13773
-0.625895	-0.405097
-0.419484	-0.100148
-0.908353	0.117149
-0.680214	0.495225
-0.00666181	-0.538901
0.264932	0.606695
-0.875761	-0.492974
0.0585207	-0.645408
-0.213073	0.175841
-0.452075	-0.0902628
0.351842	0.498985
0.351842	0.0341557
0.243204	0.643052
-0.864898	-0.606192
-0.734533	0.00400735
-0.615032	0.179515
-0.245664	-0.0841981
-0.00666181	0.233835
-0.386893	0.43875
-0.691078	0.241376
0.92762	0.501306
3.02432	0.599404
-0.343438	0.562989
-0.897489	-0.422898
0.297523	-0.193985
-0.40862	0.25227
-0.332574	-0.642048
0.210613	0.375381
-1.03872	-0.899246
-0.354302	-0.414167
-0.49553	0.0879448
1.32958	0.33434
2.65496	0.472764
-0.517258	-0.12715
-0.604168	0.418795
-0.995263	-0.419708
1.1449	0.44919
0.514798	0.0461649
1.5034	0.05466
0.112839	0.153026
-0.919216	-0.548569
0.634299	0.223183
-1.02785	-0.990272
-0.832306	-1.45982
-0.0283893	-0.575619
3.55665	0.518573
-0.745396	0.177001
-0.973535	-0.363083
0.0150657	0.244452
0.49307	0.340892
-0.832306	0.411642
0.243204	0.167745
-0.951808	0.407278
-0.875761	-0.492974
-0.441212	0.33299
-0.32171	-0.506317
-0.864898	-0.566593
-0.962671	0.0857205
-0.973535	0.30395
0.232341	0.0428034
0.232341	-0.236195
-0.636759	-0.858228
-0.951808	-0.147655
-0.462939	-0.308806
-0.691078	-0.0235786
2.35077	0.406554
-0.365165	-0.646429
-0.788851	0.297041
-0.615032	-0.314966
0.601708	0.261758
2.02486	0.106358
-0.517258	0.282611
-0.691078	0.0443071
0.145431	0.0368202
-0.951808	-0.56566
-0.734533	-0.91329
-0.419484	-0.080412
-0.897489	-1.00837
-0.701941	-0.652979
-0.082708	0.178838
0.406161	0.0291613
0.112839	0.283018
-0.571577	0.358471
-0.962671	0.062629
0.699482	0.0916187
-0.58244	-0.127905
-0.701941	-0.15995
-0.886625	-0.803974
-1.01699	-0.600561
-0.973535	-0.542822
-0.940944	-0.498758
-0.158754	0.272159
0.775528	0.635029
-0.386893	-0.00816058
0.134567	0.431441
-0.691078	0.426132
-0.875761	-0.540785
0.308387	-0.1536
0.373569	-0.0449193
-0.332574	-0.125296
1.01453	0.721386
0.340978	0.933671
0.960212	0.381959
4.39316	0.388108
-0.777988	0.135185
-0.864898	-0.518261
-0.158754	-0.00260709
1.12317	0.0822329
-0.701941	-1.02786
-0.919216	0.251087
-0.875761	-1.11919
-0.452075	0.233723
1.78586	-0.047957
1.34044	0.420762
-0.180482	0.115547
0.677754	0.228923
-1.04958	0.183756
0.569117	-0.261219
0.275796	-0.639412
-0.919216	-0.312541
-0.951808	-0.640192
0.00420194	0.0439081
1.1449	0.386468
-0.832306	0.535909
-0.951808	-1.53746
-0.58244	0.126639
0.134567	-0.595192
-0.354302	-0.37534
1.45994	-0.196688
-0.767124	0.338265
-0.419484	0.0343375
0.243204	0.328866
-0.419484	-0.281762
-0.908353	-0.139502
-0.180482	0.415505
-0.223937	-0.479212
0.449616	0.0984222
-0.66935	0.0191545
-0.777988	-0.396694
-0.788851	0.335294
1.51426	0.452385
1.30785	0.658883
0.57998	0.547805
-0.93008	0.159098
0.503934	0.375097
-0.191345	0.190524
1.91622	0.428619
0.319251	0.27065
2.14436	0.105484
-1.00613	-1.54094
1.89449	0.396418
-0.864898	-1.36394
0.0150657	0.325088
2.40509	0.597833
-0.821443	-0.706473
1.85104	0.0574628
-0.973535	0.467676
0.536525	0.318273
2.11177	0.162259
0.471343	0.301952
2.41595	0.695294
2.6115	0.565022
-0.2348	0.689137
2.1335	0.568395
-0.2348	-0.909268
-0.886625	-0.314218
0.634299	0.419611
-0.169618	0.453705
-0.0609805	-0.120235
1.99227	0.351158
-0.506394	0.252959
-0.354302	0.045754
-0.0935718	0.010251
-0.767124	0.223193
-0.32171	0.0566231
-0.940944	-0.649519
1.18835	0.316533
2.35077	0.814211
-0.886625	-0.489688
-0.832306	-0.498125
-0.919216	-0.373568
-0.213073	0.683418
0.634299	-0.148068
-0.767124	-0.0623485
0.254068	0.276355
-0.973535	-0.372528
0.199749	0.169394
-0.419484	-0.269657
-0.691078	-0.568118
-0.538985	0.373047
0.57998	-0.582382
-0.289119	0.352046
1.84017	0.527755
-0.767124	-0.183602
-0.082708	0.412386
-0.0283893	0.418071
-0.213073	0.421321
-0.962671	-0.897783
-0.886625	-0.707607
-0.365165	-0.0621882
-0.00666181	0.00183657
2.24213	0.481832
1.94881	0.590143
-0.14789	0.0746568
4.33884	0.54177
-0.745396	-0.52985
-0.984399	-0.95221
3.62183	0.644694
-0.256528	0.507744
-0.973535	-0.0770182
-0.799715	0.312377
0.460479	-0.293447
0.297523	0.529678
-0.0283893	-0.124055
0.0911119	-0.528723
-0.14789	0.378936
-0.462939	-0.0246305
-0.14789	-0.12934
-0.864898	-0.665145
-0.376029	0.354472
0.677754	0.0732032
-0.593304	-0.24428
0.677754	0.319336
-0.973535	-0.964404
-0.158754	0.52165
-0.680214	-1.38684
0.167158	0.422058
0.101976	0.191622
-0.0283893	0.144489
-0.712805	-0.110772
0.482207	0.529215
-0.680214	0.367029
-0.93008	-0.366079
-0.202209	-0.167885
1.30785	0.351384
-0.647623	-0.234975
-0.191345	0.269341
-0.58244	-0.749661
-0.940944	0.190943
-0.864898	-0.291819
-0.962671	-0.394474
-1.01699	-1.43838
-0.723669	0.44964
-0.995263	-0.577174
-0.984399	-0.386534
-0.386893	-0.950721
3.2416	0.507196
0.471343	-0.167083
1.41649	0.370912
-0.777988	-0.677699
1.63376	0.103627
-0.278255	0.302817
-0.0718443	0.603501
-0.951808	-0.870001
-1.01699	-0.62635
0.395297	0.111756
-0.462939	0.316456
-0.723669	-0.0251657
1.1449	0.0162842
-0.995263	-0.208351
0.460479	0.630559
-0.723669	-0.360445
0.851574	0.266685
-0.897489	-1.11184
-0.864898	-0.206316
-0.951808	0.354416
1.73154	0.774237
-1.00613	-0.259544
-0.75626	-0.152746
0.688618	0.118874
0.406161	0.0270475
-0.462939	-0.066919
0.623435	-0.877005
-0.93008	0.25888
1.79672	0.648277
-0.397757	0.149201
-0.897489	-0.266754
0.232341	0.53401
0.362706	0.54807
1.18835	0.21222
-0.604168	-0.233927
0.677754	0.14508
-0.680214	0.158719
-0.158754	0.426258
-0.995263	0.256836
-1.03872	-0.820756
-0.571577	-0.878231
-0.973535	-0.329212
-0.777988	0.256585
2.29645	0.737846
-0.441212	0.0262474
0.818983	0.217072
0.0693844	0.145143
-0.940944	0.0487904
-0.875761	-1.19872
-0.615032	-0.027374
-1.00613	-1.2145
0.547389	-0.324594
1.52513	0.605071
-0.647623	0.177061
2.05745	0.0369719
-0.256528	0.018729
1.47081	-0.157457
-0.14789	0.150862
0.742937	0.7709
-0.973535	-0.270197
0.0911119	0.500542
-0.506394	0.308023
0.656027	0.631966
-0.658487	-0.529689
-0.430348	0.0827628
1.53599	0.346615
0.460479	0.45859
0.101976	0.0914533
-0.919216	-1.20509
-0.995263	-0.469965
-0.462939	0.065118
-0.58244	-0.0461149
0.460479	0.486627
2.00313	0.671278
1.57945	0.41756
0.742937	-0.0202278
-0.104436	0.0519059
-0.995263	-0.541507
-0.66935	0.297076
-0.115299	0.472329
0.0802482	0.192247
-0.213073	0.15553
-0.473803	0.158525
0.0693844	0.222434
-0.549849	0.175718
-0.00666181	0.105301
1.37303	-0.211423
1.21008	0.261798
0.0150657	0.113065
-0.104436	0.413967
-0.854034	-0.538953
-0.919216	-0.111866
-0.84317	-0.521393
-0.104436	0.55709
0.178022	0.412635
-0.723669	-0.465219
0.0367932	0.290591
2.16609	0.244651
0.330114	0.362542
3.38283	0.631803
-0.897489	-0.46572
0.0911119	-0.223635
-0.462939	0.292565
-0.506394	-0.14147
-0.49553	0.392274
0.949348	0.611303
1.99227	0.052663
1.1123	0.188172
0.254068	0.626003
0.156294	0.485337
0.199749	0.358916
0.699482	-0.202444
-0.854034	-0.0210972
1.1123	-0.0349066
1.07971	0.149822
-0.875761	-0.441869
0.308387	-0.426641
-0.940944	-1.0686
-0.701941	0.371381
-0.0609805	-0.454334
-0.875761	-0.0214575
0.373569	0.596146
1.1449	0.324215
-0.908353	-0.571548
0.656027	-0.153455
-0.962671	-0.493248
1.01453	0.861045
-0.886625	-0.718856
-0.908353	-0.146423
-0.58244	0.0333488
-0.777988	-0.20584
0.710345	0.241067
-0.734533	0.377045
-0.40862	-0.480207
1.57945	0.39728
0.797255	-0.305835
-0.84317	-0.478351
-0.191345	-0.607865
-0.538985	-0.333409
-0.126163	0.394483
0.0476569	0.161105
-0.951808	0.478843
-0.940944	-0.637349
-0.538985	-0.0548473
-0.897489	0.242002
-0.604168	-0.81142
0.601708	-0.130761
0.960212	0.226014
0.427888	0.117057
1.85104	0.315537
2.31818	0.558137
-0.0501168	0.491846
-0.560713	-0.214958
-0.213073	-0.184541
0.471343	0.0144996
-0.84317	-1.31095
-1.00613	-0.527206
-0.636759	0.651085
-0.517258	-0.11426
-0.864898	-0.53477
-0.647623	0.119914
-0.397757	0.127931
-0.75626	0.528341
1.87277	0.086939
-0.2348	-0.641002
0.460479	-0.0415181
-0.256528	0.365447
-0.951808	-0.756109
-0.0935718	0.451322
0.395297	-0.160849
0.134567	0.173255
0.254068	0.455163
0.829847	-0.10506
-0.777988	-1.19292
-0.430348	-0.303692
0.601708	0.070745
0.286659	0.209982
-0.962671	0.502464
-0.995263	-0.819467
-0.93008	0.159098
-0.832306	-1.07331
1.67722	0.291185
3.17642	0.512774
0.49307	0.541585
0.232341	0.427635
0.938484	0.809476
3.02432	0.657211
0.156294	0.276421
1.23181	0.0817412
1.39476	0.310039
-0.810579	-0.497527
2.03572	0.086135
-0.864898	0.0580415
-0.223937	0.329151
0.590844	0.358553
-0.49553	-0.379406
-0.691078	-0.0897061
-1.01699	-0.926238
-0.517258	0.0315044
-0.864898	0.280749
-0.158754	0.426258
-0.875761	-0.0189584
-0.104436	0.030141
-0.604168	-0.407729
-0.452075	0.0451515
-0.419484	0.513612
-0.854034	-0.383558
-0.104436	-0.562217
-0.940944	-0.506364
1.1123	0.0451568
3.62183	0.389112
1.18835	0.22957
1.9814	0.421603
-0.66935	-0.0797226
0.00420194	0.411108
-0.0175256	-0.323149
-0.32171	-0.202472
0.0802482	0.267653
-0.549849	-0.320405
-0.84317	-0.183848
-0.137027	-0.161914
-0.93008	-0.350032
-0.973535	-0.0241878
2.06831	0.346626
0.49307	0.448819
4.03465	0.476107
-0.66935	0.0669113
-0.625895	-1.06625
0.319251	0.343644
-0.213073	-0.0221305
0.319251	0.305064
-0.962671	-0.498615
-0.00666181	-0.222043
-0.864898	0.270822
-0.658487	-0.135913
0.482207	0.304856
-0.832306	-0.550274
0.221477	0.319564
-0.973535	-0.218849
-0.875761	-1.08753
0.373569	-0.660322
0.373569	0.595455
0.536525	0.00866914
-0.962671	-0.134909
-0.506394	-0.160453
-0.897489	-0.770315
1.52513	0.344275
-0.386893	-0.00816058
0.406161	-0.446048
-0.788851	-0.250376
-0.821443	0.549505
-0.267392	0.401162
0.0259294	0.473221
-0.473803	0.445428
-0.169618	-0.308409
1.56858	0.544417
-0.365165	0.220667
0.243204	0.51216
0.829847	0.605401
0.330114	0.468622
0.330114	0.055545
0.123703	0.0561905
-0.788851	-0.149141
0.569117	0.437504
0.167158	-0.40931
-0.462939	0.224872
0.971075	-0.733938
-0.245664	0.12363
-0.908353	-1.16075
-0.680214	-0.656859
-0.810579	-0.263925
-0.00666181	-0.16237
-0.0283893	0.47266
1.48167	0.67084
-0.777988	-0.0380757
-0.712805	-0.118523
-0.810579	0.162338
-0.951808	-0.29033
0.264932	0.288132
-0.560713	0.159364
0.0476569	0.307518
-0.897489	-0.234564
-1.00613	-1.10749
0.775528	0.21299
1.09058	-0.0473111
-0.777988	-0.29835
0.482207	0.178034
-0.875761	-1.0217
-0.908353	0.0109173
0.362706	0.128017
-0.376029	-0.731837
0.417024	0.158028
3.2416	0.680682
1.2644	0.351994
-0.984399	0.0475715
0.330114	0.606372
1.21008	0.329832
-0.810579	0.0451814
0.362706	0.174784
1.21008	0.0827968
-0.810579	0.465362
3.95861	0.72515
-0.658487	-0.604644
1.09058	0.280628
2.87223	0.430804
1.61204	0.436651
-0.0283893	-0.34496
-0.278255	-0.0959483
2.11177	0.162259
0.471343	0.180086
0.199749	-0.274062
-0.571577	0.319774
1.53599	0.327282
0.449616	-0.224114
0.482207	-0.356107
1.09058	0.707276
1.04712	0.784889
0.112839	-0.00157273
-0.104436	0.148729
0.330114	0.541579
0.449616	0.0500545
2.32904	0.564658
-0.897489	0.385616
0.525662	0.35855
1.69895	0.254757
0.254068	-0.0889435
0.645163	0.468013
1.19921	-0.379255
-0.104436	0.218597
-0.897489	-1.23715
-0.386893	0.0529114
-0.00666181	0.376863
-0.506394	0.455575
-0.615032	0.0902866
-0.430348	0.378639
0.134567	0.456799
-0.777988	-0.75325
-0.343438	-0.00594882
-0.615032	-0.131899
0.210613	0.204623
0.569117	0.419268
2.62236	0.452776
-0.777988	0.0812044
-0.951808	-0.544039
1.75326	0.313359
-0.973535	-0.57237
0.417024	0.483758
-0.810579	-0.0379786
-0.40862	0.441323
0.406161	0.390311
-0.40862	-0.237453
-0.452075	-0.443143
-0.191345	0.267013
2.68755	0.167769
-0.376029	-0.461326
0.92762	-0.094651
-0.528122	-0.275787
-0.788851	0.702322
-0.940944	-0.404218
-0.137027	-0.396087
-0.58244	0.368659
0.145431	0.0739461
0.764664	0.824567
-0.299983	-0.430009
-1.00613	-1.16606
1.12317	0.372399
-0.75626	-0.14568
-0.0718443	0.027347
-0.951808	-0.955047
0.199749	0.477369
-0.14789	-0.35962
0.460479	-0.206734
-0.365165	-0.789317
0.818983	0.26103
-0.93008	-0.127971
0.482207	0.327133
1.32958	0.550585
0.00420194	0.534859
-0.0283893	0.271295
-0.506394	0.319294
-0.658487	-0.251833
0.178022	-0.260666
-0.788851	-0.572848
0.395297	0.325441
-0.962671	-0.507562
-0.712805	0.547626
-0.0718443	0.416938
2.43768	0.387821
-0.517258	0.115948
-0.039253	-0.935228
-0.158754	0.650077
-0.49553	-0.170757
-0.452075	-0.49177
-0.158754	0.0432618
-0.984399	-0.797266
0.0585207	0.213975
0.829847	0.113894
-0.93008	0.538777
0.427888	0.395203
-0.517258	0.13161
0.0367932	0.290591
-0.864898	-1.7041
-0.821443	-0.40432
4.29538	0.00315372
-0.734533	0.0290944
1.91622	0.231414
-0.549849	0.00984873
-0.973535	-0.733859
1.03626	0.552459
0.319251	-0.339849
0.0693844	0.549207
-0.625895	0.48153
0.178022	-0.351977
2.65496	0.525535
-0.32171	-0.183854
-0.908353	-0.225031
-1.02785	0.245169
-0.538985	0.019808
1.36217	0.57722
0.49307	0.628639
0.286659	0.61693
-0.14789	0.127977
0.949348	0.227342
1.8619	0.475335
-0.104436	-0.240829
-0.864898	-0.158627
0.66689	-0.0003507
0.471343	-0.0778053
2.67668	0.424693
-0.419484	-0.267903
0.330114	0.121921
-0.821443	0.546999
0.297523	0.246643
-0.636759	0.290919
1.42735	-0.0061722
1.00367	0.329748
-0.962671	-0.482637
0.0585207	0.384522
-0.441212	0.715503
-0.169618	-0.393275
0.471343	-0.372689
-0.343438	-0.00594882
0.460479	0.42065
-0.75626	-0.509598
-0.0283893	-0.372893
0.232341	0.114273
-0.202209	0.314181
0.438752	0.303616
0.243204	0.296409
-0.799715	0.66177
-0.734533	0.638002
0.656027	0.691788
0.612572	-0.046226
-0.169618	0.380454
-0.875761	0.261134
-0.506394	-0.0616029
-0.560713	-0.848773
1.44908	0.507423
-1.00613	-0.816559
1.31872	-0.35551
2.52459	0.287377
-0.169618	0.195701
0.0476569	0.46405
0.145431	0.288662
-0.484667	-0.250881
0.0150657	-0.0942179
-0.962671	-0.533401
-0.691078	-0.922452
3.80651	0.514781
-0.32171	0.0286545
0.482207	0.158262
0.0367932	-0.614574
0.0367932	0.462114
-0.658487	0.0967148
-0.723669	-0.746139
0.0802482	0.479537
-0.452075	0.185392
-1.01699	0.0792928
0.482207	0.372504
-0.386893	-0.333316
0.786392	0.321815
-0.897489	-0.507663
0.145431	0.56689
0.0693844	-0.612708
-0.517258	0.102766
0.764664	0.0733339
0.167158	0.376509
0.417024	-0.329816
-0.397757	0.18439
-0.462939	0.429832
-0.332574	0.560675
-0.919216	-0.578004
-0.58244	0.563087
-0.0283893	0.203259
0.254068	-0.348179
-0.658487	-0.0321422
1.41649	0.309784
0.156294	0.777134
0.275796	0.576876
-0.419484	0.417495
0.0802482	0.288908
3.6001	0.402466
-0.712805	-0.285323
-0.984399	-0.284873
0.645163	0.47631
-0.984399	-1.0509
-0.734533	-0.260729
0.00420194	-0.108774
0.330114	0.415224
-0.908353	0.277047
-0.0501168	0.261654
-0.625895	0.192519
-0.0501168	-0.0429678
-0.973535	-0.879353
-0.40862	0.101812
0.264932	0.288132
1.53599	0.346615
-0.430348	-0.933239
-0.940944	-0.819712
0.275796	0.148248
-0.365165	-0.0874342
-0.49553	0.424287
-0.484667	0.103858
-0.223937	0.454976
0.0476569	0.291821
-0.799715	-0.931243
-0.126163	0.221722
-0.777988	0.472615
-0.799715	-0.256729
-0.875761	-1.07628
-0.66935	-1.08499
-0.919216	-0.868746
-0.777988	-0.289021
-0.973535	-0.0414912
-0.419484	0.51005
0.0476569	0.435364
-0.734533	0.365885
0.243204	0.241519
-0.571577	-0.860175
1.87277	0.178132
0.66689	-0.0272947
0.101976	-0.399865
-0.821443	-0.830279
-0.560713	0.556721
0.916757	0.155091
-0.636759	0.397015
0.101976	-0.279754
1.6229	0.60102
-0.854034	-0.913105
-0.84317	-0.116457
2.8505	0.240439
3.08951	0.344591
0.156294	0.282261
-0.32171	-0.0971629
-0.462939	-1.56655
-0.940944	-0.25771
-0.636759	0.133784
-0.538985	-0.313212
1.36217	0.297474
-0.137027	0.676209
-0.712805	-0.306355
-0.473803	0.0585177
2.44854	0.291071
-0.289119	-0.0726679
0.460479	0.411919
0.895029	-0.220578
-0.84317	-0.149607
-0.908353	-0.223094
-0.310847	0.289798
0.275796	0.454398
-0.0935718	0.633019
0.884165	0.464644
-0.158754	-0.0544218
-0.951808	-0.402372
-0.940944	-0.248618
3.25246	0.765758
3.75219	0.35324
-0.40862	-0.151314
-0.517258	0.398517
-0.2348	0.306151
-0.723669	0.329515
-0.528122	-0.313709
1.47081	0.0137844
0.699482	0.369079
0.66689	0.463141
-0.506394	-0.349199
0.873302	-0.168005
-0.0718443	0.063465
1.97054	0.319962
1.02539	0.0690321
-0.299983	-0.556488
-0.593304	-0.178705
1.97054	0.00736249
0.438752	0.44848
2.27472	0.301961
-0.832306	-0.440121
-0.908353	-0.760989
-0.517258	-0.00436667
2.63323	0.516542
-0.832306	0.378585
3.39369	0.286387
0.395297	0.07901
-0.397757	-0.298879
0.775528	0.589978
-0.799715	-0.47526
-0.777988	0.430983
-0.560713	-0.0108616
-0.419484	-0.925048
0.395297	0.420725
-0.777988	0.271581
0.634299	0.517393
-0.549849	0.414725
-0.538985	-0.5655
0.656027	-0.0218005
-0.810579	-0.983039
-0.886625	-0.602621
-0.951808	0.114832
-0.430348	-0.722315
-0.245664	0.185409
-0.886625	0.480588
-0.93008	-0.275836
-0.593304	-1.22951
0.742937	-1.03292
1.37303	0.378221
0.395297	0.574914
0.92762	0.480504
0.0693844	0.520901
-0.734533	0.308697
-0.973535	-0.225827
0.905893	0.349737
-0.462939	-0.508573
0.601708	0.24662
-0.082708	0.108038
-0.875761	-0.306265
0.829847	-0.246153
1.32958	0.173204
-0.66935	-0.192584
-0.712805	0.341465
0.710345	0.398155
-0.0718443	0.427865
-0.528122	-0.720939
-0.419484	-0.55138
0.764664	0.495517
0.656027	-0.153455
-0.213073	0.385193
-0.886625	-1.19112
0.0367932	0.0790079
0.742937	0.594014
2.82878	0.797547
-0.691078	-0.431997
-0.137027	0.417918
-0.821443	-0.147385
-0.93008	-0.675675
-0.647623	-1.12561
-0.886625	-0.0374824
-0.40862	0.417169
-0.40862	0.334859
-0.549849	0.122706
0.101976	0.332727
1.63376	0.325437
0.297523	0.295744
-0.0283893	0.466092
-0.169618	0.401253
-0.875761	0.318397
1.25353	0.218038
1.02539	0.565813
0.319251	0.559543
-0.919216	-0.57261
-0.691078	0.153609
-0.49553	0.150391
-0.832306	-0.217888
-0.32171	-0.0605441
-0.940944	0.313781
-0.886625	-0.325094
0.721209	-0.612181
-0.886625	-1.05145
-0.625895	0.58154
-0.625895	0.327403
0.732073	0.477023
-0.908353	-1.25916
-0.995263	-0.102554
-0.169618	0.439784
0.818983	0.40072
0.308387	0.591712
0.178022	-0.039732
0.351842	0.221448
-0.712805	0.46894
0.340978	0.246168
0.57998	0.155381
-0.93008	-0.298182
1.60117	-0.125048
0.49307	0.349951
0.471343	-0.0525378
1.18835	-0.231825
-0.571577	-0.489656
-0.897489	-0.522041
-0.984399	-0.155419
-0.571577	0.373222
0.471343	0.44041
-0.40862	-0.856738
-0.549849	0.0671137
-0.875761	-0.710343
-0.864898	-0.275853
0.0693844	-0.133936
-0.712805	0.588378
-0.832306	-0.64564
2.66582	0.463286
-0.462939	0.349571
-0.799715	-0.156822
1.67722	0.112678
-0.93008	-1.19841
-0.365165	0.033955
-0.908353	-0.865755
-0.951808	-0.582295
-0.897489	-0.770313
-0.365165	0.670635
-0.832306	0.23035
0.601708	0.604836
-0.864898	0.22263
0.199749	0.326517
-0.549849	0.097178
-0.517258	0.00628314
-0.897489	0.520871
0.84071	0.606073
-0.462939	0.244593
-0.082708	0.323247
-0.32171	-0.0348617
-0.441212	-0.387553
0.188886	0.293897
0.123703	-0.323523
-0.995263	-0.444098
-0.115299	0.803523
1.31872	0.529493
-0.0718443	-0.00782535
3.2416	0.680682
-0.397757	0.57399
-0.864898	0.0465811
0.471343	0.258404
-0.712805	-1.17908
-0.723669	-0.103578
-0.66935	-0.0961424
-0.788851	-0.105192
-0.973535	-0.885635
0.960212	0.463706
-0.441212	-0.531359
-0.32171	-0.717789
-0.169618	0.231142
-0.549849	0.348515
-0.191345	0.390379
-0.299983	0.767987
-0.58244	-0.456348
0.634299	0.0427311
-0.0609805	0.379699
-0.767124	0.400819
0.503934	0.134265
1.24267	0.397459
0.232341	0.766822
-0.289119	0.275715
0.275796	0.370807
0.0585207	0.251501
1.77499	0.597098
0.688618	0.528101
-0.636759	-0.177586
-0.995263	-1.02219
-0.919216	-0.716873
0.167158	0.636756
-0.430348	0.151019
-0.191345	0.240938
0.66689	0.783462
4.9798	0.370332
-0.571577	0.373222
-0.886625	-0.981578
-1.03872	-0.899246
-0.223937	0.165153
-0.995263	0.0636821
-0.40862	-0.635021
0.7538	0.144107
-0.864898	0.24649
2.17695	0.435418
-0.14789	0.309364
-0.473803	0.351944
-0.604168	0.0687785
-0.875761	-0.0284021
-0.919216	-1.03603
-0.528122	-0.454727
-0.299983	0.00803588
1.17749	0.414986
0.243204	-0.423765
-0.245664	-0.11138
-0.528122	-0.437608
-0.191345	0.355161
1.13403	0.484283
-0.919216	-0.964723
-0.897489	-0.295843
-0.875761	-0.726177
-0.528122	0.00407784
0.503934	0.0328618
-0.712805	-0.175233
1.32958	0.69473
-0.919216	-0.381062
0.384433	0.0133232
-0.745396	-0.91731
0.797255	0.390872
-0.039253	0.0140998
0.57998	-0.337559
1.31872	-0.273139
-0.680214	-0.0879115
1.07971	0.313961
-0.278255	0.50608
-0.289119	0.0295881
1.22094	0.322402
0.308387	0.621151
2.44854	0.0889356
0.254068	-0.112682
-0.245664	-0.503777
0.340978	0.411596
-0.973535	-0.548402
-0.538985	0.135368
-0.864898	0.0552416
-0.14789	0.0713894
-0.310847	0.133686
-0.875761	-0.414216
-0.636759	-0.942379
-0.213073	0.15551
0.221477	0.407572
-0.245664	-0.726256
-0.636759	-0.163666
-0.2348	-0.198594
0.851574	0.0573561
0.514798	0.362397
-0.0283893	0.0587955
-0.2348	0.425858
-0.864898	0.450411
0.156294	-0.256318
-0.886625	-0.462212
-0.919216	-0.933701
-0.767124	0.392778
-0.908353	-1.4164
-0.940944	-0.808027
1.19921	0.2071
0.905893	0.450123
-0.462939	0.256057
-0.278255	-0.302258
0.49307	0.761604
-0.126163	0.0462415
-0.691078	0.297624
0.210613	0.375381
-0.84317	-0.755465
-0.854034	-0.243906
0.0911119	0.630334
-0.441212	-0.822766
-0.854034	-0.497977
-0.93008	-0.418921
-0.691078	0.126896
-0.343438	-0.397017
-0.2348	0.418511
-0.126163	0.40457
1.18835	0.256588
-0.886625	0.0548982
1.1123	0.673956
0.547389	0.290959
-0.625895	-0.0776825
-0.14789	0.127977
0.167158	0.439456
-0.517258	0.474975
-0.951808	-1.09019
0.0693844	-0.479679
-0.897489	0.210536
-0.32171	-0.232797
0.232341	0.53401
0.0585207	0.378907
-0.49553	0.323939
-0.430348	-0.814853
2.19868	0.824569
0.656027	0.188446
-0.484667	-0.564358
0.471343	0.342209
0.297523	0.202059
-0.14789	-0.345391
-0.962671	-0.72983
0.254068	0.212567
0.732073	0.515207
-0.0501168	-0.0857936
-0.66935	0.225567
-0.854034	0.301917
-0.854034	-0.582106
0.547389	0.445336
-0.680214	0.240162
-0.278255	-0.0281741
-0.777988	0.0204104
-0.484667	0.297842
2.60064	0.351583
-0.908353	-0.161679
0.677754	0.362638
-0.625895	-0.103965
-0.66935	0.317521
0.427888	-0.269786
4.61043	0.381461
2.44854	0.439611
-0.886625	0.145461
-0.310847	0.348542
1.09058	0.266145
-0.984399	-1.17988
-0.158754	0.333277
0.438752	0.29229
0.232341	0.251323
-0.875761	-0.51928
-0.419484	0.184199
-0.32171	0.714019
-0.0175256	-0.418945
0.742937	-0.167427
0.449616	0.14343
2.79618	0.514948
1.85104	0.44288
0.406161	0.288708
0.286659	0.342502
-0.082708	0.168191
-0.49553	-0.374541
-0.397757	0.460764
-0.940944	0.264529
0.0802482	0.712494
0.49307	0.401286
0.732073	-0.0992182
2.1335	0.441795
-1.01699	0.641623
0.0367932	0.36929
-0.528122	-0.489006
0.188886	-0.419585
-0.962671	-0.23885
-0.0283893	0.393158
1.31872	0.492445
-0.115299	-0.186206
-0.810579	-0.342008
-0.419484	0.0905636
-0.365165	0.287574
-0.984399	-1.11124
2.99173	0.543556
0.710345	-0.249801
0.362706	-0.226558
0.178022	0.351553
-0.636759	-0.680565
-0.810579	0.159501
-0.810579	-0.703568
1.07971	-0.0569629
-0.14789	0.26458
1.43822	0.469641
-0.604168	0.139852
-0.940944	0.0812481
0.373569	-0.0941502
0.0693844	0.436823
-0.897489	0.508885
0.938484	0.33088
-0.886625	-0.672491
0.981939	0.343488
-0.875761	-0.510747
-0.0175256	0.477129
0.243204	0.253324
-0.864898	-0.992194
-0.104436	0.480755
0.764664	0.105393
1.37303	0.110727
0.0585207	-0.509416
-0.441212	0.218079
-0.549849	0.330431
1.42735	0.415222
2.35077	0.136001
0.536525	0.127095
0.460479	0.475916
-0.897489	0.358413
-0.549849	0.414725
0.634299	0.734096
-0.376029	0.151579
-0.680214	0.451996
-0.625895	-0.462293
-0.0283893	0.0854477
-0.549849	-0.0261719
-0.593304	-0.141605
1.34044	0.335617
0.395297	0.0981379
0.623435	-0.169524
3.40455	0.695277
-0.0175256	0.313592
-0.0935718	0.220127
1.44908	0.233428
4.3497	0.703444
-0.462939	0.322039
-0.940944	-0.936479
1.60117	0.551294
0.319251	0.73724
-0.462939	0.124167
-0.593304	-0.561758
-0.777988	-1.65556
-1.00613	-0.986299
-0.712805	0.0129041
0.0259294	-0.244631
-0.973535	-0.726342
-0.430348	-0.355552
0.732073	0.515616
-0.886625	-1.05453
-0.0283893	0.227189
-0.658487	-0.661181
-0.962671	-0.328261
3.19814	0.632963
0.916757	-0.000336432
4.37143	0.48612
-0.32171	0.270635
-0.32171	0.649175
-0.854034	-0.34015
-0.593304	-0.485867
-0.299983	0.210013
0.503934	-0.250982
-0.864898	-0.897701
-0.2348	0.0831263
-0.213073	0.126839
0.438752	0.486321
-0.680214	-0.143168
0.514798	0.277967
0.0476569	-0.119678
-0.0609805	0.333261
-0.951808	-1.26799
-0.93008	-0.403448
0.851574	-0.318195
0.156294	0.523358
-0.897489	-0.958401
0.156294	0.468263
-0.462939	-0.53686
0.286659	0.342502
2.27472	0.390606
0.427888	0.418363
-0.32171	0.544712
0.471343	-0.551641
2.19868	0.400151
-0.452075	0.573237
-0.354302	-0.541768
-0.821443	-1.10941
1.07971	0.133127
-0.223937	0.362635
-0.951808	-1.30294
-1.00613	-0.317272
-0.267392	0.505413
-0.419484	-0.410774
0.254068	0.377972
-0.919216	-0.661999
0.340978	0.195796
-0.691078	-0.737505
0.00420194	-0.888326
-0.995263	-0.753742
0.199749	0.215387
1.16662	0.427367
-0.180482	-0.234245
1.60117	0.55318
0.601708	0.147452
-0.875761	-0.72372
1.68808	0.543446
-1.00613	-0.234501
0.0911119	-0.503464
-0.84317	-1.18818
-0.137027	0.0220668
-0.32171	-0.10402
-0.386893	-0.565692
-0.40862	0.38098
2.91569	0.222867
-0.191345	-0.265317
-0.908353	-0.752249
-0.58244	0.435626
-0.104436	0.205638
0.319251	0.275766
-0.93008	-0.253486
-0.14789	-0.652159
0.818983	0.576228
0.0911119	0.498908
0.938484	0.545288
3.05691	0.400556
-0.66935	-0.703034
0.351842	0.524462
-0.158754	0.409725
-0.430348	0.520662
-0.897489	-0.131918
1.21008	0.510308
-0.299983	0.442498
-0.452075	-0.0900271
2.6115	0.715461
1.66636	0.224811
-0.908353	-0.851102
0.971075	-0.421049
-0.745396	-0.331275
-0.560713	0.337272
-0.658487	-0.615685
0.0585207	0.117122
1.36217	0.171646
0.101976	0.237435
-0.864898	-0.958507
0.482207	0.537359
-0.919216	-0.898219
-0.995263	-0.892699
-0.908353	-0.380453
-0.441212	0.414223
-0.615032	-0.595225
0.0367932	0.257524
-0.897489	-0.563088
-0.788851	-0.871916
-0.039253	-0.562112
0.00420194	0.425937
1.37303	0.0404479
-0.310847	-0.0826619
-0.0718443	0.24986
-0.951808	-0.413124
-0.365165	-0.266104
0.569117	0.309165
3.28505	0.366841
-0.604168	-0.330097
0.775528	0.319556
-0.343438	-0.191021
0.417024	0.0191788
-0.984399	-1.04163
0.178022	0.370202
3.38283	0.397566
0.514798	0.150363
-0.962671	-0.282676
-0.636759	0.252531
1.5034	0.379766
0.123703	0.0302324
-0.734533	-1.12946
-0.810579	-0.250511
0.742937	0.395397
1.37303	-0.0890239
1.05799	-0.175184
-0.973535	-0.766908
0.0367932	0.110701
-0.832306	-0.246235
-0.462939	-0.144974
-0.66935	-0.689141
-0.082708	-1.27964
0.134567	-0.573561
-0.0501168	0.479846
-0.289119	-0.376974
1.40563	0.863529
-0.615032	0.179515
-0.528122	0.0666695
-0.951808	-0.78105
0.178022	0.21339
-0.734533	0.367001
-0.647623	0.132617
-0.604168	-0.432311
-0.441212	-0.652313
-0.2348	0.0363097
-0.940944	0.259251
-0.995263	-0.74389
0.460479	-0.229851
-0.745396	0.224548
-0.962671	0.0703163
-0.560713	-1.1481
-0.680214	0.0191877
-0.723669	-0.211854
2.64409	0.437612
-0.84317	-0.172911
2.41595	0.591029
1.59031	-0.0330013
1.3839	0.200487
2.48114	0.358651
1.1449	0.386468
-0.647623	-0.0205833
-0.973535	-0.73171
-0.973535	-0.73587
-0.984399	-0.332347
-0.93008	-0.323782
-0.58244	0.0396059
0.851574	-0.489266
-0.169618	0.139495
-0.723669	-0.327992
-0.854034	0.301917
-0.430348	-0.676179
-0.343438	0.504186
0.286659	-0.013119
-0.267392	0.413226
-0.854034	-0.211464
-0.082708	0.244085
-0.223937	-0.134092
0.558253	0.644712
1.34044	0.442089
0.286659	0.299822
-0.832306	-0.332401
-0.49553	0.296263
-0.310847	0.460366
-0.777988	0.0649679
-0.723669	-0.122474
-0.386893	0.579842
0.645163	0.382595
0.49307	0.319186
-0.0175256	0.313592
-0.799715	-0.498899
-0.908353	0.445229
-0.104436	0.480787
0.0367932	0.0107386
-0.082708	0.418848
-0.691078	0.336329
-0.32171	-0.183854
-0.278255	0.525653
-0.256528	-0.259025
-0.940944	-0.559881
-0.299983	-0.528533
-0.940944	-0.445727
1.43822	0.379055
-0.799715	-0.517474
-0.571577	0.389541
1.64463	0.390547
1.25353	-0.14301
1.45994	0.533776
0.786392	0.208617
0.0367932	0.257524
-0.32171	0.348479
0.49307	0.154808
0.101976	0.457673
0.0911119	0.632452
-0.14789	0.105786
-0.58244	0.330319
0.0802482	0.479537
-0.40862	-0.443113
-0.940944	-0.720021
0.0693844	-0.571222
-0.680214	0.300942
0.590844	-0.669047
0.710345	0.374774
-0.821443	0.400945
-0.2348	0.286936
-0.66935	0.510581
0.167158	-0.0276747
-0.919216	-0.29333
-0.84317	-1.11665
-0.593304	-0.492654
-0.799715	-0.130521
-0.245664	0.4278
-0.397757	0.268771
0.167158	0.0125332
-0.701941	0.476792
0.0476569	0.473078
1.85104	0.497487
-0.604168	0.219001
-0.973535	-1.44097
-0.908353	-1.23686
-0.0935718	0.32599
-0.897489	-0.852433
0.569117	-0.498664
-0.93008	-1.60326
0.330114	0.217826
-0.84317	-0.624252
0.797255	0.338975
0.308387	0.265967
0.0476569	0.055131
-0.213073	0.446627
-0.777988	-0.435925
-1.01699	-0.583953
0.00420194	0.41253
-0.180482	0.200031
1.82931	0.424869
-0.680214	-0.670076
-0.854034	0.0013392
1.70981	0.622586
0.536525	0.714449
-0.940944	-0.282935
0.167158	0.321468
-0.484667	0.128423
-0.256528	0.638417
0.656027	0.333892
-0.940944	-0.886149
-0.484667	0.192912
-0.777988	0.401686
-0.832306	-0.149209
-0.832306	0.447023
1.2644	0.269374
-0.40862	0.379584
-0.267392	0.0676394
0.960212	0.641698
-0.864898	-0.364183
-0.897489	-0.47305
-0.897489	-0.266754
-0.419484	0.608039
-0.647623	-0.0205833
-0.84317	-0.0497592
2.45941	0.39863
1.21008	0.404096
-0.734533	-0.127274
-0.647623	0.107532
-0.137027	0.216556
-0.919216	-0.57261
-0.810579	0.375742
0.297523	-0.251672
-0.126163	0.366717
-0.680214	-0.924595
0.0911119	0.552911
0.623435	-0.0518561
-0.832306	-1.48528
-0.658487	-0.340391
0.112839	0.0305662
0.482207	0.651013
0.210613	0.0522037
3.35024	0.366718
-0.908353	-0.123393
-0.484667	-0.314373
-0.571577	0.056608
1.00367	-0.0411566
-0.908353	0.11396
-0.441212	-0.0820932
-0.452075	0.296038
-0.419484	-0.345703
-0.506394	-0.396363
-0.897489	-0.243108
-0.332574	0.462967
0.275796	0.744681
0.384433	0.563022
-0.93008	-0.25068
0.569117	-0.152965
-0.115299	0.461662
-0.984399	0.224706
-0.180482	0.360181
-0.245664	0.356663
0.916757	0.50225
-0.473803	0.10741
-0.267392	0.00883705
-0.734533	0.341806
-0.940944	-0.356471
-0.0935718	0.104584
-0.397757	-0.525964
1.2644	0.870228
0.156294	0.194131
-0.115299	0.434448
-0.310847	0.435298
-0.647623	-0.953461
0.49307	0.404142
-0.126163	-0.0116591
0.340978	0.180125
3.15469	0.515723
-0.919216	-1.1645
0.264932	0.12558
0.710345	0.0255348
-0.299983	-0.289745
-0.473803	0.394805
0.221477	0.156587
0.00420194	0.574886
1.10144	0.412713
-0.289119	0.307275
-0.864898	0.399959
-0.701941	0.476314
-0.365165	0.031451
-0.278255	0.48719
0.00420194	0.190922
-0.104436	0.49727
-0.289119	-0.577647
-0.973535	0.363538
1.84017	0.674814
-0.832306	-0.217888
0.808119	0.430337
-0.267392	0.260823
-0.908353	-0.260325
1.90536	0.317568
-0.386893	-0.0209509
-0.223937	-0.0668254
-0.777988	0.209337
-0.158754	-0.0487151
-0.2348	-0.420821
0.210613	0.399458
0.319251	0.537228
1.70981	0.529768
-0.430348	0.544532
0.710345	0.0337654
0.362706	0.093869
-0.299983	-0.0791631
-0.310847	-0.189609
-0.951808	0.159878
-0.082708	0.393459
-0.0501168	0.189296
-0.875761	-0.747128
-0.0283893	0.444609
-0.951808	-0.591926
-0.875761	-0.346509
-0.745396	-0.5626
0.0693844	0.147819
1.72067	0.510501
-0.299983	0.0170823
-0.376029	-0.0728039
-0.191345	-0.452422
-0.0609805	0.372054
-0.397757	0.195867
1.28612	0.113631
0.558253	-0.178734
-0.452075	0.437781
-0.419484	0.30915
0.351842	0.287594
-0.58244	-0.326335
0.221477	0.135381
-0.995263	-0.62065
-0.701941	0.283333
0.384433	0.313005
-0.84317	-0.371081
0.0585207	0.49355
-0.712805	-0.547073
2.58977	0.594439
-0.0175256	0.563952
-0.267392	0.0218898
0.732073	0.423947
-0.658487	-0.592628
0.623435	0.824273
-0.810579	0.402885
0.547389	0.4974
1.92708	0.662922
1.02539	0.357575
0.319251	0.123972
-0.734533	0.139625
-0.951808	-0.949803
0.188886	-0.655092
0.851574	0.321925
5.2188	0.664857
0.0693844	-0.0257353
0.101976	0.690958
0.449616	0.403186
-0.245664	-0.463487
-0.951808	-0.982522
-0.897489	-0.302531
-0.256528	0.578709
0.275796	0.422398
-0.832306	-0.420791
-0.995263	-0.530824
-0.940944	-0.589374
0.829847	-0.364601
-0.528122	-0.914215
-0.560713	-0.487469
-0.951808	-0.138244
-0.213073	-0.25371
0.7538	-0.2929
0.210613	-0.898339
-0.984399	0.130018
0.243204	0.396011
0.503934	0.576908
-0.0935718	0.208277
-0.723669	0.152418
0.188886	0.333696
-0.864898	-0.386364
0.221477	0.303888
0.340978	0.0570263
-0.940944	0.481633
2.24213	0.6394
-0.452075	0.530955
-0.767124	0.0125697
0.232341	0.23556
0.699482	-0.0599845
-0.712805	-0.891364
0.895029	0.0770049
-0.723669	-0.990711
-0.0501168	0.370067
-0.995263	-0.647544
-0.973535	-0.789751
1.18835	0.436897
-0.745396	-0.364405
0.0911119	0.500542
1.13403	0.38173
-0.365165	-0.784461
1.41649	0.47866
-0.886625	-1.3044
-0.810579	-0.546763
-0.571577	-0.38007
-0.897489	-0.0166278
-0.419484	-0.345703
-0.0609805	0.18
-0.745396	0.171318
-0.810579	-0.463139
0.536525	0.698282
0.503934	0.49323
-0.745396	-0.641129
-0.452075	-0.543262
-0.115299	-0.111989
1.82931	0.436286
-0.832306	0.42142
0.406161	0.758853
0.199749	-0.129347
-0.299983	-0.432974
-0.604168	-0.673943
-0.897489	-0.13378
-0.40862	0.532374
-1.00613	-0.785668
-0.93008	-0.381037
-0.365165	-0.0874342
-0.082708	-0.00393765
-0.84317	-0.580601
-0.788851	-0.194187
0.449616	-0.0895876
-0.951808	-0.446456
2.12263	0.649563
-0.430348	0.361798
-0.40862	0.175942
-0.680214	0.493636
-0.788851	-0.794352
-0.864898	-1.54917
-1.00613	0.437364
-0.213073	0.43248
-0.799715	0.478267
0.340978	-0.284877
-0.821443	-1.0245
0.471343	0.153044
0.112839	-0.0712184
0.373569	0.0560784
-0.962671	-0.925716
1.25353	0.447904
0.199749	-0.249306
-0.908353	0.244389
1.3839	0.700068
1.15576	0.552524
-0.799715	0.446049
-0.84317	-0.82703
1.19921	0.265611
0.264932	0.0935537
0.00420194	-0.157136
0.482207	-0.141484
-0.777988	0.658204
-0.962671	-0.63174
-0.571577	-0.114449
0.243204	0.167745
-0.897489	0.242002
-0.767124	-0.7204
-0.40862	0.288432
-1.02785	0.223135
-0.636759	-0.218595
-0.832306	-0.359768
-0.864898	-0.256038
0.373569	0.0537479
-0.0175256	0.639505
0.569117	0.336183
-0.875761	-0.59997
-0.343438	0.61498
-0.908353	-0.130919
0.590844	-0.0752543
-0.528122	-0.308551
-0.310847	0.585383
1.95968	-0.197843
1.23181	0.445482
0.829847	0.103575
-0.691078	-0.117585
-0.940944	-1.18813
-0.245664	-0.28461
1.39476	0.115231
2.15522	0.348323
-0.223937	0.460522
1.10144	0.625206
1.37303	0.310499
0.732073	0.226722
0.818983	0.507033
-0.940944	-0.315144
0.0367932	0.636902
1.84017	0.649688
-0.332574	0.0377907
0.471343	0.143628
0.558253	0.334443
2.1009	0.606282
1.30785	0.20451
0.0693844	-0.233229
1.75326	0.230221
0.221477	-0.131459
-0.821443	0.425762
-0.973535	-0.678792
-0.93008	-1.44881
-0.213073	-0.32598
-0.973535	0.14738
1.29699	0.582734
-0.256528	-0.0705255
-0.951808	-0.377948
-0.0175256	0.350173
-0.962671	-0.260246
-0.647623	0.538309
1.55772	0.505331
0.623435	0.437998
0.0802482	0.0864837
0.536525	0.230151
-0.951808	0.128108
-0.223937	0.306083
-0.310847	0.0856671
-0.777988	-0.0628174
-0.66935	-0.405819
-0.821443	-0.230168
-0.137027	0.100054
-0.647623	0.484015
-0.0935718	-0.170208
-0.484667	-0.125869
-0.452075	-0.133257
-0.115299	0.268145
0.503934	0.413177
-0.940944	-0.0747031
-0.332574	0.483368
1.88363	0.555891
-0.245664	-0.260368
-0.115299	-0.260706
-0.886625	0.165971
0.0476569	0.291658
0.351842	0.287951
0.373569	0.590231
-0.40862	0.393235
0.732073	0.509735
0.916757	0.216493
1.39476	0.572092
-0.593304	-0.238394
-0.376029	-0.642479
-0.951808	-0.751845
0.0259294	-0.0266739
-0.213073	-0.432943
-0.680214	-0.0185982
-0.821443	0.122709
2.20954	0.225506
2.20954	0.109189
-0.039253	-0.0536768
0.503934	0.358104
-0.886625	-0.492384
-0.919216	0.436873
-0.549849	-0.150679
-0.343438	0.449701
-0.940944	0.0991863
2.65496	0.348979
-1.01699	-0.66642
-0.93008	-0.322042
0.167158	0.160401
-0.430348	0.41686
1.84017	0.329382
-0.647623	0.0308828
-0.745396	0.601852
-0.462939	0.516422
0.786392	0.630771
-0.875761	0.209433
0.156294	0.39825
-0.940944	-0.244428
2.55718	0.687728
0.264932	-1.02937
-0.528122	0.382251
0.949348	-0.097649
-0.528122	-0.854687
-0.788851	-0.780034
0.112839	-0.449838
0.330114	0.581779
1.70981	0.636041
-0.93008	-0.621637
-0.734533	-0.422924
3.06778	0.536361
-0.864898	0.105983
-0.58244	-0.577763
-0.886625	-0.656322
3.20901	0.512927
-0.723669	-0.193945
3.27419	0.476127
-0.310847	0.176957
1.24267	0.637829
-0.267392	-0.132217
0.92762	0.776544
0.0476569	-0.124905
0.112839	0.499318
0.340978	-0.16725
-0.441212	-0.190985
-0.452075	0.419605
-0.169618	0.0136376
0.460479	-0.350361
-0.723669	-1.2215
-0.332574	0.520933
-0.452075	0.0988679
0.167158	0.595025
2.51373	0.387255
-0.680214	-0.422047
-0.995263	-0.894762
1.30785	0.505701
-0.734533	0.170736
0.981939	0.357952
-0.647623	0.262068
-0.962671	-0.36044
1.89449	0.217577
0.243204	-0.580503
1.25353	-0.160746
0.112839	0.403341
-0.973535	-0.0803137
4.62129	0.749509
0.319251	-0.138997
-0.256528	-0.252687
0.0476569	-0.419604
0.449616	0.49764
-0.0501168	0.300773
-0.473803	0.230404
0.862438	-0.098411
1.40563	0.298931
0.156294	-0.204866
0.0150657	0.28082
0.916757	0.501691
0.57998	0.314206
-0.256528	-0.359096
0.145431	-0.0560308
0.0802482	-0.240144
-0.777988	-0.187841
-0.49553	0.0652373
-0.354302	0.176547
-0.973535	-0.697844
-0.615032	-0.35294
-0.419484	0.207183
-0.701941	0.714658
-0.604168	-0.878884
0.536525	0.318273
-0.0609805	0.126729
-0.58244	-0.318934
4.20847	0.736391
2.51373	0.679315
0.808119	0.221449
1.09058	-0.185015
-0.0501168	-0.0197284
1.25353	0.473081
-0.723669	0.398295
-0.854034	-0.304266
1.48167	0.765918
0.981939	0.452302
0.92762	0.377651
-0.0501168	0.153434
2.01399	-0.0107821
-0.517258	-0.208847
-0.441212	-0.754845
-0.712805	-0.646682
0.764664	0.365522
-0.191345	-0.150449
-0.332574	0.384116
0.503934	0.283427
0.264932	0.466578
-0.430348	-0.626386
5.27312	0.70166
5.52298	0.596382
-0.864898	-0.472557
-0.767124	-0.173899
-0.84317	-0.449363
-0.397757	-0.653352
2.87223	0.552183
-0.777988	-0.415841
-0.40862	0.143162
-0.386893	0.286771
-0.560713	0.286082
1.7424	0.348555
-0.854034	0.232858
0.156294	0.244011
-0.962671	-0.996969
-0.14789	0.317028
-0.462939	0.425597
1.30785	0.357665
-0.940944	-1.69165
-0.864898	-0.910403
0.558253	0.369537
-0.343438	-0.173139
-0.84317	-0.566532
-0.604168	0.450929
-0.332574	-0.125296
-0.506394	-0.128771
-0.951808	-0.336764
0.406161	0.344173
-0.995263	0.249594
-0.788851	-0.630896
-0.647623	-0.924602
3.41542	0.56783
0.0150657	0.421355
-0.636759	-0.882815
0.264932	0.522792
2.30732	0.594389
0.362706	-0.0142262
-0.082708	-0.751564
2.91569	0.218368
-0.039253	0.47785
1.04712	0.298163
-0.397757	0.305974
-0.299983	0.608228
-0.658487	-0.011651
-0.984399	-0.224601
-0.169618	0.314809
-0.332574	-0.125296
0.482207	0.150131
-0.538985	-0.0790867
3.21987	0.501989
-0.299983	0.492552
0.0802482	0.329761
1.42735	-0.364207
-0.0718443	0.0893712
0.438752	-0.295489
-0.419484	0.372168
-0.777988	-0.133859
0.471343	0.664797
-0.332574	-0.879096
3.64356	0.700969
-0.854034	0.20641
0.199749	0.465235
-0.593304	0.358241
-0.267392	0.168387
-0.0718443	0.521663
2.23127	0.594664
0.427888	0.426759
0.960212	-0.177048
-0.625895	-0.367683
-0.082708	-0.311028
2.44854	0.244918
-0.615032	0.219511
1.03626	0.617183
-0.082708	0.527219
-0.919216	-0.687232
-0.14789	0.525647
-0.593304	-0.178705
-0.343438	0.0216905
-0.58244	-0.259627
-0.647623	-0.465794
-0.723669	-0.553529
0.547389	0.455631
-0.962671	-1.01669
-0.75626	-0.106082
-0.0718443	0.197113
0.101976	0.445209
-0.126163	0.231986
-0.0718443	0.771097
-0.66935	0.0778114
-0.973535	-0.938616
0.514798	0.386108
-0.962671	-1.56203
1.12317	-0.341706
-0.299983	0.0117305
-0.365165	0.585707
1.6229	0.413124
-0.441212	0.390972
-0.84317	-0.0914549
-0.984399	-0.425243
-0.473803	0.308153
-0.625895	0.0314191
-0.267392	-0.0408668
-0.223937	-0.455641
-0.245664	0.194301
-0.75626	0.422543
-0.951808	-0.0426629
-0.875761	-0.612544
-0.615032	0.165535
-0.115299	-0.753367
0.188886	0.123274
-0.680214	-0.742665
1.04712	0.627761
0.742937	0.347466
1.63376	0.184464
1.91622	0.273887
-0.919216	-0.578642
2.52459	0.0547511
1.37303	0.322592
0.558253	0.339404
0.0259294	-0.0105342
1.1449	0.320348
-0.799715	0.0477888
-0.560713	-0.364953
-0.810579	-0.0394783
-0.115299	0.273193
-0.799715	-0.845205
-0.810579	-0.684218
-0.0609805	0.462024
-0.951808	-1.5085
2.07918	0.152786
-0.66935	-0.35031
-0.517258	0.341665
0.0802482	0.391229
-0.897489	0.226633
0.232341	0.0736282
-0.821443	-0.430298
0.688618	0.468761
-0.462939	0.14868
-0.289119	0.523084
-0.919216	-0.804969
0.00420194	0.384951
-0.180482	-0.226912
-0.919216	-0.708953
-0.386893	-0.739303
-0.571577	0.373163
0.829847	0.346178
-0.082708	0.162577
-0.473803	0.391743
2.27472	0.390606
-0.821443	-0.0703288
-0.213073	-0.25371
-0.767124	0.569388
-0.897489	-0.338546
-0.452075	0.462726
0.243204	0.37042
-0.897489	-0.138417
-0.875761	-0.507544
0.210613	0.334399
-0.984399	-0.387787
-0.430348	-0.446238
0.362706	0.227401
0.167158	-0.286442
0.851574	0.567459
-0.919216	-0.974132
-0.0283893	-0.547846
-0.973535	-1.05274
0.406161	0.0558169
-0.615032	-0.0725119
-0.995263	0.343583
-0.636759	0.27391
-0.93008	-0.849325
0.460479	0.278665
-0.441212	0.25906
-0.712805	0.109168
-0.701941	0.739403
-0.908353	-0.785826
0.851574	0.440713
-0.039253	-0.111258
-0.66935	-0.568905
-0.734533	-0.112698
-0.973535	-1.52406
-0.267392	0.492863
-0.289119	-0.0139725
-0.549849	0.1344
-0.962671	-0.332788
-0.788851	-0.847601
-0.940944	0.574843
0.7538	-0.0784236
-0.886625	0.387284
0.829847	0.122897
-0.299983	-0.0966678
0.525662	0.0324324
-0.951808	-0.459384
-0.854034	-0.598265
0.308387	0.296416
-0.864898	-0.0140629
1.39476	0.309498
1.44908	0.217765
1.06885	0.386151
-0.0609805	0.333261
0.818983	0.362961
1.48167	0.506637
0.0259294	0.670233
1.45994	0.478291
-0.897489	-0.976947
1.1123	0.104549
-0.310847	0.262634
-0.082708	0.384297
0.884165	0.607029
1.43822	0.520862
2.48114	0.378295
1.48167	0.260993
-0.506394	-0.604489
-0.625895	-0.491687
-0.886625	-0.144335
1.03626	0.146641
-0.788851	-0.959638
1.01453	0.527824
-0.484667	-0.00565121
-0.625895	0.694538
-0.886625	0.434346
1.00367	0.573629
-0.886625	-0.519886
1.22094	0.408583
-1.01699	-0.644626
0.0476569	0.558099
-0.289119	-0.69218
-0.115299	0.251305
-0.810579	0.602176
-0.919216	-1.04143
1.00367	-0.191136
0.00420194	0.279106
-0.66935	-1.52773
-0.549849	0.458688
-0.191345	0.269341
-0.799715	-0.0952766
-0.538985	0.275986
-0.604168	-0.267521
0.601708	0.371765
1.10144	-0.101547
-0.84317	-0.0497592
-0.0283893	0.532435
-0.0609805	0.299484
-0.691078	0.0679434
-0.00666181	0.0565872
-0.549849	0.046171
0.123703	-0.152913
-0.886625	-0.139953
-0.462939	0.260159
-0.940944	-0.324076
1.03626	-0.429163
-0.810579	-0.758708
0.112839	0.245864
-0.886625	-0.203074
3.23073	0.781333
-0.593304	-0.843284
1.91622	-0.33269
-0.647623	0.604102
-0.75626	0.0389628
-0.419484	0.331685
0.742937	0.549347
-0.636759	-0.092832
-0.452075	0.502284
-0.984399	-0.927594
-0.267392	0.538798
-0.951808	-0.234015
0.49307	0.26589
-0.430348	0.370196
8.55397	0.834967
2.14436	0.431223
-0.115299	-0.814816
-0.538985	-0.583707
-0.245664	-0.681205
-0.430348	0.680862
-0.821443	0.411897
1.00367	-0.100846
-0.854034	0.103451
-0.636759	0.0428997
-0.517258	-0.600704
-0.0283893	-0.074142
0.873302	0.436414
-0.832306	-0.0407838
-0.723669	-0.360445
1.5034	0.58189
0.732073	0.37195
0.84071	0.428899
1.65549	0.623499
-0.680214	0.577235
-0.995263	-0.738758
-0.538985	-0.756959
-0.202209	0.268222
-0.245664	-0.239898
-0.897489	-1.0529
-0.32171	0.424347
-0.875761	-0.254154
-0.962671	0.0189814
-0.376029	0.371365
-0.984399	-1.67407
-0.213073	-0.108445
1.70981	0.529768
-0.832306	-0.93291
-0.604168	-0.325073
0.156294	0.682073
4.19761	0.570241
-0.864898	-1.25299
-0.832306	-0.396553
0.0802482	0.073828
-0.40862	-0.18633
0.862438	-0.0781718
-0.854034	-0.0925421
-0.712805	0.212023
1.15576	-0.0437423
1.7424	0.67221
2.38336	0.508242
-0.897489	-0.725796
-0.473803	-0.153305
-0.919216	-0.724843
0.362706	0.0990662
-0.919216	-0.471015
1.03626	0.447483
1.15576	0.112398
-0.951808	-1.08274
0.308387	0.155669
0.938484	0.636563
0.0585207	-0.17018
-0.962671	-0.774275
-0.875761	0.120262
-0.712805	-0.0584104
2.77446	0.478534
-0.0283893	-0.113242
-0.940944	-0.649519
-0.604168	-0.608422
1.00367	-0.0147305
-0.973535	-0.0554385
-0.267392	0.0521911
-0.180482	-0.655356
0.0911119	-0.190746
-0.701941	-0.871709
-0.126163	-0.225921
-0.397757	0.682416
-0.919216	-0.661999
-0.832306	-0.383761
-0.169618	-0.647809
3.64356	0.775811
0.677754	-0.0428039
-0.984399	-0.284873
-0.223937	0.549679
-0.799715	-0.125874
1.9814	0.553137
-0.919216	-0.420095
-0.213073	-0.323998
0.775528	-0.0959602
0.84071	0.367554
-0.560713	0.345288
1.04712	0.724146
0.0802482	0.415079
-0.517258	0.216428
-0.386893	0.548402
-0.799715	-0.993353
-0.984399	-0.673381
-0.604168	0.302482
-0.517258	0.078933
-0.886625	-0.742899
0.286659	-0.220771
-0.0283893	0.415107
1.27526	0.514313
-0.462939	0.14868
0.503934	0.527765
-0.951808	-0.606414
0.0911119	-0.503464
0.167158	-0.286442
0.742937	-0.242204
-0.84317	-0.832492
1.1123	0.0656215
3.74133	0.473749
0.645163	0.440527
3.46974	0.504165
0.84071	0.0429667
-0.202209	0.185497
-0.452075	-0.193971
9.57516	0.461717
0.0367932	0.163229
-0.962671	-0.448157
-0.951808	0.319177
0.569117	0.0935189
-0.354302	0.533113
-0.278255	-0.347046
2.04659	0.0366923
-0.854034	0.379505
0.699482	-0.191694
-0.126163	0.287037
-0.593304	0.000636123
-0.397757	-0.209068
-0.821443	-0.397273
-0.897489	-0.486565
-0.278255	0.488645
1.31872	0.460984
0.438752	-0.410459
-0.126163	0.646671
-0.821443	-0.0852494
-0.0501168	-0.0429678
0.92762	-0.337906
1.06885	0.487236
-0.267392	0.314478
-0.984399	-0.441526
1.55772	0.0379306
-0.625895	-0.737449
-0.864898	0.140992
-0.93008	-0.27999
0.210613	0.421384
-0.75626	-0.245582
-0.940944	-0.654176
-0.940944	-1.081
-0.767124	-0.343732
-0.538985	0.0172642
-0.430348	-0.355552
-0.84317	0.253085
-0.039253	-0.100331
0.188886	-0.697887
-0.940944	-0.847545
-0.0718443	0.206951
-0.777988	0.583203
0.145431	0.285918
-0.137027	0.280644
-0.560713	-1.0111
-0.886625	-0.780352
0.275796	0.349607
0.308387	-0.101918
-0.886625	-0.519886
-0.75626	0.325284
0.66689	0.196381
-0.973535	-0.541096
-0.213073	0.479603
-0.962671	-0.00019565
-0.082708	-0.184144
-0.864898	-0.637592
-0.712805	0.159978
-0.908353	0.310359
-0.14789	-0.67232
-0.832306	-0.51338
0.0693844	-0.206394
0.57998	0.191395
-0.571577	-0.284074
-0.973535	-0.718313
-0.962671	-2.35827
-0.940944	-0.778823
-0.0609805	0.521019
2.20954	0.225506
-0.0609805	0.0925509
-0.517258	-0.0588379
0.721209	-0.326394
1.89449	0.793092
-0.126163	0.32079
-0.897489	-0.337895
3.17642	0.555471
-0.158754	0.265947
-0.354302	-0.258603
-0.919216	0.116985
-0.267392	-0.229823
-0.919216	-0.133017
-1.00613	-0.151092
-0.908353	0.374812
-0.962671	-0.657091
-0.864898	-0.978097
0.57998	0.3671
-0.332574	-0.491572
0.330114	0.018263
-0.40862	0.125073
-0.365165	0.00144537
0.49307	0.483737
0.57998	0.741589
-0.58244	0.195314
0.49307	-0.160601
-0.680214	-0.866636
-0.528122	0.599735
-0.256528	0.470852
1.16662	0.0719351
0.558253	0.537385
-0.126163	0.785113
0.330114	0.055545
-0.777988	-0.47458
0.0150657	-0.0746072
0.319251	0.559649
0.895029	0.143659
0.427888	0.278016
0.623435	0.507837
0.775528	0.0500021
0.232341	-0.521874
0.851574	-0.10306
-0.376029	0.455355
-0.484667	-0.227632
0.873302	-0.144536
0.384433	-0.488492
0.210613	0.286775
1.27526	0.292045
-0.506394	0.511296
1.84017	0.518207
-0.58244	-0.46627
0.634299	0.72169
-0.788851	0.512526
0.645163	0.459773
-0.0501168	0.0758932
-0.625895	-0.255064
1.81845	0.402676
0.297523	0.467844
0.0693844	0.104288
0.623435	0.55616
-0.75626	0.680698
0.960212	0.334053
2.43768	0.601051
0.808119	-0.337895
-0.777988	-0.192096
-0.864898	-0.237047
-0.289119	0.523084
-0.0283893	0.148609
1.18835	-0.263254
-0.875761	-0.546686
-0.332574	-0.483474
-0.397757	0.163156
-0.940944	-0.811126
-0.49553	-0.103007
-0.84317	-0.0620239
-0.549849	-0.154593
-0.875761	-0.960418
1.07971	0.698425
0.992803	0.517613
-0.788851	-0.243415
-0.2348	0.298942
-0.864898	0.390812
-0.647623	-0.441857
-0.951808	0.490154
3.40455	0.695277
-0.66935	-0.387055
1.7424	0.444703
0.438752	0.0980996
-0.919216	-0.903649
-0.115299	-0.260706
1.03626	-0.0504848
1.10144	0.433666
-0.995263	-0.842631
-0.647623	0.213725
-0.615032	-0.532913
0.319251	0.0159296
0.0476569	0.183749
-0.2348	-0.0227004
-0.223937	-0.455641
-0.14789	-0.249913
-0.082708	0.329235
0.156294	0.351325
2.26386	0.184326
-0.202209	-0.461891
0.438752	0.480498
-0.158754	0.1842
-0.625895	-0.382991
0.7538	0.189591
0.0476569	-0.0819867
-0.984399	-0.558231
-0.2348	0.308995
1.01453	-0.0669082
0.373569	0.326935
-0.854034	-0.77291
-0.940944	-0.00214932
0.232341	0.32607
-0.984399	0.236008
-0.658487	0.029128
-0.365165	0.161658
-0.365165	-0.136453
0.536525	0.714809
-0.191345	0.267013
-0.625895	-0.0306608
-0.115299	0.268078
-0.430348	0.275544
-0.538985	0.168622
-0.267392	-0.843266
1.67722	0.516938
-0.386893	0.327904
-0.484667	-0.0265443
-0.0175256	-0.0879456
-0.223937	-0.231952
3.11123	0.512649
0.232341	0.118949
-1.03872	-1.13818
-0.441212	-0.822766
0.188886	0.657887
0.677754	0.40746
0.351842	0.483748
1.03626	-0.673509
1.57945	0.528399
-0.897489	-0.656869
-0.343438	-0.468515
-0.354302	-0.37534
3.26333	0.936312
1.15576	0.400614
-0.528122	0.371733
-0.647623	-0.2526
-0.32171	0.00283761
0.547389	0.448865
-0.419484	0.511678
0.0585207	0.103179
0.0802482	0.138164
1.29699	0.334334
-0.745396	0.340908
-0.473803	-0.147221
0.243204	0.665736
-0.528122	0.522607
-0.897489	0.0108922
2.1335	0.556296
-0.604168	-0.412682
-0.886625	-0.519886
0.384433	0.227654
-0.310847	0.261151
0.221477	0.152532
-0.734533	0.124688
0.145431	0.635232
1.39476	0.639239
0.395297	-0.203018
-0.191345	-0.607865
-0.484667	-0.0217384
-0.908353	-0.398075
-0.137027	0.59621
-0.93008	0.114178
-0.854034	-0.294899
-0.745396	0.0670072
-0.126163	0.554223
-0.452075	0.185913
0.0150657	0.166029
-0.202209	0.294219
2.91569	0.460375
2.11177	0.121263
-0.615032	0.335334
-0.886625	0.359873
1.1449	-0.12523
1.25353	0.215305
-0.875761	-0.161801
0.601708	0.24662
-0.14789	0.0230446
-0.452075	0.770828
-0.365165	0.524465
-0.441212	-0.821535
-0.625895	-0.072604
-0.506394	-0.286714
-0.636759	0.180453
-0.14789	-0.0893021
0.199749	0.377068
1.19921	0.0498011
0.112839	0.302384
4.54525	0.639638
-0.995263	-0.610787
-0.810579	-0.595529
-0.940944	-1.14276
0.0150657	0.304023
0.0476569	0.544502
-0.441212	0.335619
-0.66935	-0.26973
0.775528	0.417558
1.16662	0.511014
0.406161	-0.100038
3.11123	-0.0116528
-0.473803	0.496741
0.49307	0.183032
-0.658487	-0.617542
-0.940944	-0.93662
-0.0283893	0.389788
0.264932	0.0930243
-0.897489	-0.462321
-0.289119	-0.220632
-0.365165	0.52435
-0.376029	-0.0552729
1.1449	-1.00769
-0.745396	0.00850385
1.25353	0.218038
-0.680214	-0.25672
-0.039253	0.309809
0.232341	-0.0318713
-0.452075	0.465981
1.04712	0.355683
-0.734533	-0.43866
-0.810579	-0.550428
1.49254	0.619622
0.558253	0.486666
-0.104436	-1.13311
2.07918	0.500629
-0.310847	0.122546
-0.658487	0.484198
-0.625895	-0.257026
0.438752	-0.525694
-0.908353	-1.23142
-0.777988	0.196613
-0.549849	0.426286
-0.864898	-0.928329
-0.332574	0.419953
-0.137027	0.0642155
-0.256528	0.375928
0.308387	0.407533
-0.84317	-0.0208084
-0.560713	0.48763
-0.625895	-0.257916
-0.93008	-0.226974
0.0476569	0.151177
-0.832306	-0.522323
-0.919216	-0.176452
1.49254	0.523022
-0.799715	0.392045
1.06885	0.632371
-0.104436	-0.0839968
-0.962671	-0.885298
-0.84317	-0.421666
-0.821443	-0.220703
1.10144	-0.0567537
-0.767124	-0.12981
-0.278255	0.602517
0.0259294	-0.0593729
0.406161	0.420763
-0.886625	-1.05443
0.286659	0.341997
-0.571577	0.37711
-0.84317	0.449775
-0.951808	-0.202806
1.39476	0.454308
-0.777988	0.278584
-0.104436	-0.140131
-0.75626	0.277
-0.604168	0.13343
-0.245664	0.224433
-0.864898	0.214715
-0.680214	0.158719
1.56858	0.0668508
-0.039253	0.208602
1.25353	-0.0503738
-0.386893	-0.0385894
0.167158	0.0841359
0.319251	0.132292
-0.973535	-0.883299
0.92762	0.303619
-0.473803	0.0636386
-0.354302	0.126639
-0.593304	-0.519302
0.351842	0.280982
-0.615032	0.0144908
-0.734533	-0.235384
-0.58244	-0.326335
-0.082708	-0.0395426
2.51373	0.247253
-0.701941	-0.760782
-0.799715	-1.25669
-0.32171	0.268229
-0.191345	0.00530897
-0.115299	-0.400704
1.21008	0.0282981
-0.940944	-1.07831
0.0911119	0.192699
0.0802482	0.0790423
1.2644	0.443588
-0.908353	0.374812
0.92762	-0.0511452
-0.593304	0.46979
2.53545	0.426941
-0.615032	-0.548393
-0.864898	-0.29752
1.60117	0.263103
-0.571577	0.0187647
-0.202209	-0.470873
-0.462939	0.345508
0.895029	0.176517
-0.658487	-0.99461
-0.0609805	0.0590538
-0.115299	-0.111989
0.884165	0.423074
-0.886625	-1.02791
2.77446	0.152136
1.9814	0.389026
-0.310847	0.0155081
-0.14789	0.606409
-0.245664	-0.270117
2.66582	0.395402
-0.745396	-0.330982
0.677754	-0.517542
-0.767124	0.418125
-0.462939	-0.285318
0.460479	0.070066
0.178022	0.0873904
-0.658487	-0.661181
-0.691078	-0.431997
0.0585207	-0.448512
-0.788851	0.339195
-0.854034	-0.396533
2.02486	0.588533
-0.430348	-0.209688
-0.777988	0.106598
0.362706	0.588895
-0.821443	-0.698724
0.351842	0.168043
0.221477	-0.0401861
-0.799715	-0.0249952
0.514798	-0.14429
0.00420194	0.430175
-0.767124	0.24241
2.15522	0.0671536
2.492	0.341254
1.34044	-0.0131024
-0.115299	0.204837
-0.93008	0.393703
0.0693844	0.462622
-0.528122	-0.278478
-0.40862	0.501273
-0.777988	-0.274694
-0.137027	-0.107792
0.243204	0.433823
-0.908353	-1.61204
-0.0175256	0.541262
-0.636759	-0.142927
-0.691078	-0.826609
-0.875761	-0.587398
0.992803	0.34892
-0.951808	-0.829293
0.0259294	0.373853
-0.115299	0.23258
-0.462939	0.408077
-0.984399	-0.868216
-0.615032	0.290515
-0.484667	0.0590641
-0.875761	-0.366328
-0.137027	-0.0828837
-0.202209	-0.340806
-0.462939	0.147082
-0.289119	0.426039
-0.777988	0.270934
-0.832306	-0.455044
-0.777988	0.140703
-0.799715	0.517007
-0.354302	0.200608
-0.854034	-0.342072
-0.962671	-1.03505
-0.039253	0.026742
1.48167	0.418948
-0.484667	-0.0673051
-0.506394	0.259495
-0.593304	-0.255407
-0.995263	-0.694459
1.22094	-0.109573
0.178022	-0.262956
0.558253	0.754372
-0.680214	-0.319257
-0.115299	0.433951
-0.886625	-0.618094
0.916757	0.50225
-0.66935	0.173674
2.731	0.240419
0.7538	0.385769
-0.93008	-0.285748
0.460479	0.320121
-0.84317	-0.460648
-0.723669	-0.74114
-0.289119	0.220847
-0.636759	0.293468
0.221477	-0.519716
-0.734533	-1.29153
1.72067	0.153989
-0.84317	-0.953185
-0.0283893	0.0994134
-0.919216	-1.77972
-0.452075	-0.147976
0.243204	-0.138011
-0.289119	0.192726
0.243204	0.297643
-0.278255	-0.170073
-0.625895	-0.28161
4.01292	0.813013
-0.506394	0.0368153
-0.636759	-0.3235
-0.213073	0.405285
0.569117	-0.0714675
-0.93008	-0.145915
-0.571577	0.359068
-0.951808	-1.08403
0.178022	0.390747
0.57998	-0.0649366
0.188886	0.604093
0.308387	0.437021
0.134567	0.425817
-0.104436	0.363861
1.03626	0.38123
-0.484667	0.037722
-0.995263	-0.890882
1.27526	0.587323
-0.647623	-1.58833
-0.039253	-0.0998871
0.351842	0.153887
-0.919216	0.477593
-0.343438	0.615509
-1.00613	-0.317272
-0.0175256	0.28142
2.28559	0.65875
-0.452075	0.0417216
-0.908353	0.114542
-0.919216	-0.655433
1.8619	-0.168616
-0.962671	-0.549009
-0.299983	0.424903
2.18781	0.0630277
2.14436	0.231849
0.210613	0.322412
-0.593304	0.430583
-0.84317	-0.593965
-0.604168	0.344061
-0.854034	-0.260026
0.384433	-0.26477
-0.875761	-0.780377
-0.864898	-0.255895
-0.2348	-0.525334
3.07864	0.381104
1.81845	0.063344
-0.365165	0.220667
-0.506394	-0.834647
0.0802482	-0.454535
0.797255	0.161083
-0.723669	-0.338291
2.87223	0.430804
0.123703	0.286158
-0.962671	-1.03991
1.12317	0.442931
0.395297	0.809222
-0.875761	-0.39677
-0.886625	-0.851236
1.29699	0.414072
1.09058	0.361293
-0.517258	0.481122
0.677754	-0.166263
-0.854034	-0.353791
1.21008	0.387447
1.1123	0.81396
1.21008	0.404031
-0.58244	0.167944
-0.332574	-0.160948
-0.430348	-0.0239912
-0.343438	-0.318045
-0.875761	-0.500111
-0.419484	0.142928
-0.691078	0.336329
-0.310847	0.180562
-0.951808	-0.619564
-0.506394	0.395287
-0.278255	0.509476
-0.93008	-0.570346
-0.810579	-0.466697
0.0693844	-0.309971
3.21987	0.811345
-0.875761	-0.318923
-0.126163	0.276753
-0.137027	0.689686
-0.658487	-0.171008
-0.886625	0.631859
1.24267	0.358724
0.66689	0.32513
0.688618	-0.00683738
-0.082708	0.348725
-0.93008	-0.7872
-0.984399	-0.296199
0.938484	0.288776
0.905893	0.0831148
0.156294	0.133985
-0.517258	0.447151
-0.538985	0.361866
1.5034	0.306027
2.40509	0.33861
-0.919216	-1.12075
1.05799	-0.425677
1.3839	0.61809
3.15469	-0.0139192
-1.01699	-0.716449
-0.897489	-0.92534
-0.549849	-0.107294
-0.940944	-0.110506
-0.343438	-0.133685
2.06831	0.390209
0.0150657	0.512051
-0.625895	-0.0380388
-0.625895	0.469693
-0.886625	-0.506076
-0.647623	0.484897
0.960212	-0.0244971
1.53599	0.487244
1.09058	0.450154
-0.75626	-0.492417
-0.788851	0.512526
-0.886625	-0.552963
-0.821443	-0.266314
0.145431	0.399894
-0.810579	0.075514
-0.777988	-1.34862
-0.864898	-0.237477
-0.93008	-0.260979
-0.66935	-0.192584
-0.951808	-0.0378342
-0.441212	-0.409054
1.67722	0.260038
-0.310847	0.238643
-0.462939	0.507459
2.12263	0.163384
-0.886625	0.425728
-0.799715	0.464197
0.362706	0.500321
-0.864898	-0.336425
0.0585207	-0.069648
-0.2348	-0.5055
2.43768	0.0901858
-0.604168	-0.728079
0.101976	0.412682
-0.940944	0.0984917
0.471343	0.154694
-0.919216	-0.356033
-0.973535	-0.647135
-0.951808	-0.406445
1.91622	0.424519
-0.0609805	0.185526
-1.00613	-0.903783
0.884165	-0.0221621
0.145431	0.223182
-0.799715	-0.587131
0.960212	0.665949
-0.386893	0.505485
-0.00666181	0.105301
-0.886625	-0.314808
2.76359	0.224008
0.0802482	0.569245
-0.40862	0.0264088
-0.441212	0.254847
0.123703	-0.158507
-0.549849	0.108293
-0.897489	-0.607582
-0.365165	0.279279
-0.908353	0.0162574
2.02486	-0.0396456
-0.919216	-0.849363
2.72014	0.409538
-0.00666181	-0.611519
-0.995263	-0.591003
-0.571577	0.0144763
3.51319	-0.0746822
0.101976	0.508703
-0.0609805	-0.344797
-0.875761	-0.568064
-0.484667	-0.346639
-0.93008	-0.621637
1.48167	0.0844236
-0.397757	-0.66587
2.62236	0.692013
-0.0175256	0.477129
-0.082708	0.244085
0.0259294	0.280076
-0.14789	0.344769
0.916757	0.0516648
0.764664	0.390765
1.12317	0.0938595
-1.01699	0.142977
2.75273	0.718531
1.41649	0.276794
1.39476	0.177564
-0.908353	-0.870287
3.14382	0.448662
-0.832306	-0.630024
-0.984399	-0.707279
-0.082708	-0.167811
0.449616	-0.224114
2.04659	0.489723
3.14382	0.393186
-0.897489	0.220447
-0.799715	-0.74141
0.232341	0.514791
0.916757	0.201385
1.15576	0.153706
2.38336	-0.379726
0.0585207	-0.503341
-1.02785	-0.286569
-0.40862	0.494485
0.123703	-0.273359
-0.0609805	-0.080451
-0.32171	0.133392
0.417024	0.416972
-0.832306	-0.646257
-0.767124	0.235661
0.514798	0.479313
-0.658487	0.257684
-0.267392	0.356002
1.24267	0.606978
0.547389	0.215536
0.308387	0.407533
-0.256528	0.176384
-1.00613	-0.580412
-0.256528	-0.122422
-0.951808	-0.843164
-0.462939	0.163207
-0.506394	0.35161
-0.84317	0.269879
-0.376029	-0.138832
1.84017	0.418997
0.503934	-0.0913793
-0.0935718	0.633019
-0.245664	-0.129179
-0.962671	-1.067
-0.00666181	0.512963
-0.0501168	0.0757969
1.3839	0.292923
0.210613	0.189599
-0.864898	0.100498
2.00313	0.384985
0.623435	0.36432
0.330114	0.375231
3.11123	0.567609
-0.137027	0.464059
-0.419484	-0.336516
0.905893	0.587116
0.536525	0.0802603
-0.788851	-0.641865
2.70927	0.438778
0.873302	0.284448
-0.169618	0.286593
-0.875761	-0.306996
-0.940944	-0.814328
-0.625895	0.534423
0.384433	0.324529
-0.973535	-0.269307
-0.49553	-0.0885259
-0.712805	-0.940479
-0.386893	0.160211
-0.549849	-0.162434
-0.691078	0.0301837
1.41649	-0.260447
-0.734533	0.369817
-0.897489	-0.789919
0.688618	0.769056
2.94828	0.225307
2.51373	0.247253
-0.886625	0.27443
2.40509	0.234006
-0.886625	-0.011248
-0.397757	-0.172677
-0.75626	0.0784476
-0.180482	0.144157
-0.854034	-1.05604
-0.886625	0.330419
1.02539	0.357575
1.97054	0.317588
-0.0609805	0.0793734
1.04712	0.323543
-0.84317	-0.17162
-0.691078	-0.901358
-0.484667	-0.0111333
0.645163	0.642497
0.895029	0.467985
-0.658487	-0.90824
-0.40862	0.432107
-0.49553	-0.323671
0.210613	-0.042834
0.0150657	0.257748
0.319251	0.108781
-0.0175256	0.39352
-0.0609805	0.304942
-0.0718443	0.290683
-0.289119	0.18747
-0.701941	-0.27458
0.612572	0.678959
0.547389	0.355915
-0.75626	-0.705023
-0.940944	-0.521842
-0.875761	-0.316234
-0.66935	-0.538085
3.65442	0.16976
-0.549849	-0.682785
-0.951808	0.407278
1.61204	0.74761
2.52459	0.0547511
-0.332574	-0.37285
0.677754	-0.018568
-0.560713	0.355158
0.134567	0.382863
1.7424	0.534641
-0.886625	-0.710556
-0.984399	-0.488251
1.19921	0.288945
0.438752	0.44848
1.30785	0.498508
-0.571577	0.241963
-0.365165	0.131327
0.384433	0.177493
0.84071	0.0768217
-0.571577	0.563275
-0.951808	-0.619564
-0.93008	-0.364614
-0.180482	-0.288022
0.232341	0.16116
3.49146	0.238209
1.19921	0.398873
-0.951808	-0.00586472
-0.658487	-0.0783117
1.92708	1.00688
0.199749	0.069113
0.145431	0.0742795
-0.940944	-0.377947
3.66528	0.0313761
0.601708	0.553748
-0.593304	-0.0761878
1.43822	-0.0123334
-0.701941	-0.136091
-0.940944	0.618889
-0.919216	-0.187159
-0.767124	-0.347397
0.243204	0.398055
0.960212	0.328801
2.17695	0.391198
0.514798	0.581722
-0.538985	0.226184
-0.517258	0.331578
-0.962671	0.0147213
0.210613	0.407926
-0.886625	-0.614595
2.18781	0.525597
-0.962671	-2.19122
-0.365165	0.407037
-0.767124	-0.439124
-0.854034	-0.869984
0.525662	0.468149
-0.082708	0.0761685
1.1123	0.753743
-0.549849	-0.361851
-0.354302	-0.44492
-0.93008	-0.593576
0.514798	0.672705
-0.734533	0.577245
0.243204	0.312368
0.601708	0.0968615
-0.419484	-0.512489
-0.962671	-0.211215
1.15576	0.342166
-0.897489	0.131927
1.66636	0.306026
-0.897489	-0.889348
-0.126163	0.250648
-0.332574	-0.188151
-0.897489	0.190863
0.710345	0.22149
1.22094	0.43982
-0.93008	0.0179048
1.3839	0.093815
-0.864898	0.189456
0.417024	0.181037
0.243204	-0.210689
1.40563	0.3343
-0.658487	0.110036
0.0150657	0.55073
0.558253	0.635954
0.971075	0.81823
0.460479	0.14711
-0.886625	0.412242
-0.397757	0.524612
-0.528122	0.318545
-0.039253	0.274263
0.188886	-0.0351531
-0.484667	0.248631
-0.875761	-1.33381
-0.810579	-0.161293
0.286659	-0.20334
-0.854034	-0.054399
-0.745396	-1.14547
1.81845	0.063344
0.938484	0.379151
0.188886	0.277236
0.254068	-0.200853
0.503934	0.109411
-0.202209	0.0359995
-0.66935	0.208408
-0.213073	-0.593382
-0.082708	0.388384
-0.473803	0.308153
1.91622	0.641561
-0.919216	-0.151358
0.0150657	0.211476
0.0259294	0.413659
-0.430348	-0.317097
-0.897489	0.154588
0.710345	-0.23462
-0.75626	-0.638391
0.156294	0.0636559
0.167158	0.437628
1.48167	-0.102738
0.0259294	0.213165
0.134567	0.418429
0.188886	0.211275
-0.951808	0.496449
-0.734533	-0.752135
0.123703	-0.227553
0.0150657	0.659169
0.471343	0.587316
1.95968	-0.508396
0.286659	0.415345
0.243204	0.427104
0.406161	0.090361
-0.0718443	0.521737
0.0585207	-0.509416
-0.995263	-0.915708
-0.984399	0.222627
-0.169618	0.304043
-0.354302	0.3387
-0.506394	0.242566
-0.202209	-0.413966
0.00420194	-0.229856
0.330114	0.348506
-0.821443	-0.40825
2.47027	0.435857
0.221477	0.346674
0.981939	0.315249
0.862438	0.096228
-0.245664	0.356479
-0.126163	0.439903
-0.84317	0.588998
-0.0501168	0.190928
-0.615032	0.0642763
0.112839	0.432767
-0.723669	-0.271609
-0.452075	0.509521
0.0585207	0.462566
-0.636759	0.0455273
2.1335	0.469105
-0.32171	-0.45881
-0.00666181	0.0225311
-0.93008	-0.848683
0.340978	0.645805
2.38336	0.278527
0.460479	0.195025
-0.66935	-0.314762
0.395297	0.300506
-0.289119	0.437938
-0.213073	0.404791
0.558253	0.675267
-0.267392	-0.364547
-0.897489	-0.249852
-0.571577	-0.184857
2.26386	0.248317
-0.886625	0.167571
0.797255	0.652367
1.97054	0.191921
0.243204	0.390171
-1.01699	-1.55861
1.30785	-0.133395
1.93795	0.611497
0.699482	0.326551
2.1335	0.556296
-0.821443	-0.659471
0.49307	0.442742
-0.278255	0.569035
0.0693844	-0.56912
-0.202209	0.209676
-0.40862	0.24295
-0.604168	-0.526301
-0.810579	0.396478
0.210613	-0.159806
1.30785	0.376975
-0.549849	-0.150174
0.0150657	0.296676
1.54685	0.661785
-0.897489	-1.00783
-0.256528	0.0671814
-0.93008	-0.915683
0.471343	0.33135
-0.604168	-0.349859
0.00420194	0.338522
2.54632	0.145983
0.818983	0.507033
-0.723669	-0.283253
-0.484667	-0.21372
-0.517258	-0.0461402
-0.169618	0.413794
-0.538985	0.159269
0.351842	-0.396215
0.688618	0.468761
-0.93008	0.425775
0.92762	-0.445692
-1.00613	-1.12632
1.56858	0.116412
-0.528122	-0.437608
-0.897489	-0.29203
-0.832306	-0.662302
-0.701941	0.256078
-0.430348	0.182591
0.471343	0.258404
-0.452075	0.422164
1.45994	0.0612965
3.14382	0.439694
0.0693844	0.104288
-0.734533	0.16454
-0.245664	0.291474
-0.332574	0.221054
0.00420194	0.246735
0.243204	-0.580503
0.395297	0.503943
1.7424	0.213386
0.243204	-0.393663
0.417024	0.243292
-0.462939	0.234035
0.503934	0.0617305
-0.962671	-0.667905
1.27526	0.141417
-0.734533	-0.217826
-0.213073	0.0728517
-0.625895	0.192131
-0.854034	-0.829202
-0.995263	0.343583
-0.528122	-0.537726
2.86137	0.460903
-0.256528	0.365447
1.10144	-0.101547
1.57945	0.350593
-0.691078	0.0139746
0.742937	0.382141
-0.84317	0.323861
-0.137027	-0.479141
-0.886625	-0.533843
-0.799715	-0.128115
-0.528122	-0.558061
0.0693844	0.563955
-0.191345	0.431809
2.492	0.726944
-0.223937	-0.799807
-0.14789	-0.345391
-0.636759	0.209655
-0.75626	-0.672034
-0.897489	-0.660257
-0.951808	0.0115464
0.623435	0.189049
-0.854034	-0.0889292
0.199749	-0.224123
0.851574	-0.10306
-0.658487	-0.255483
-0.484667	0.410565
-0.278255	-0.422203
-0.799715	-0.0796087
-0.158754	-0.446832
0.243204	0.410724
0.0259294	0.164254
-1.03872	-0.32642
-0.354302	0.588937
-0.158754	0.356385
1.02539	0.19577
-0.549849	0.439871
0.395297	0.477555
-0.223937	0.205257
-0.40862	-0.616323
-0.973535	0.0388372
-0.75626	0.0363481
2.39423	0.405631
0.797255	0.803016
-0.213073	0.634834
-0.528122	0.522607
-0.75626	0.2583
-0.104436	0.389262
2.28559	0.615785
0.297523	-0.251672
1.27526	0.514313
-0.908353	0.155477
-0.84317	-0.0605004
0.460479	-0.0415181
-0.777988	-0.492803
-0.712805	0.0909529
0.971075	0.351738
-0.278255	0.241647
-0.962671	-0.918003
-0.647623	0.274553
1.29699	0.661028
-0.897489	-0.331277
-0.604168	0.0961695
-0.854034	-0.166248
-0.919216	-1.22306
-0.376029	0.114752
-0.278255	0.399553
2.53545	0.383456
-0.984399	0.217211
1.23181	0.388533
-0.397757	0.2447
-0.908353	-0.292912
0.438752	0.51705
0.0150657	0.505646
-0.202209	-0.720708
-0.549849	0.334526
-0.452075	-0.0288875
-0.40862	0.505234
2.80705	0.519955
-0.810579	-0.108281
-0.549849	-0.317856
-0.897489	-0.606335
-0.886625	0.462538
2.58977	0.0522325
-0.84317	-0.372816
-0.647623	-0.231577
-0.2348	-0.0134175
1.36217	0.171646
-0.951808	-0.827508
-0.864898	-0.972391
3.91515	0.278062
1.68808	0.0594927
4.25193	0.530965
1.1123	0.428296
0.156294	0.39825
1.48167	0.106256
-0.615032	0.148724
-0.615032	0.019848
-0.14789	-0.174585
-0.897489	0.143396
-0.886625	-0.591534
-0.962671	-0.612164
-0.615032	0.428014
-0.712805	-0.148715
0.84071	-0.112922
1.75326	-0.180836
-0.571577	0.0318299
0.373569	0.136356
-0.995263	0.618178
-0.875761	-0.39808
-0.299983	0.712452
0.938484	0.496988
-0.984399	0.457266
2.01399	0.289994
-0.191345	0.299179
0.0367932	-0.159549
-0.864898	-0.416714
2.07918	0.531656
0.101976	0.2434
-0.158754	0.087044
-0.278255	0.195531
0.57998	0.0789394
1.09058	-0.0263041
-0.886625	-0.419569
0.330114	0.541579
-0.538985	0.282988
1.10144	0.583189
0.134567	0.347452
-0.875761	-0.983887
0.156294	0.0350922
-0.604168	0.126273
1.25353	0.230723
0.601708	0.238466
-0.299983	-0.490273
-0.712805	-0.92659
-0.115299	0.00153679
-0.278255	0.332923
-0.58244	0.111512
0.406161	0.383707
-0.615032	-0.910967
-1.04958	-0.740281
0.297523	0.383949
2.14436	0.317742
1.94881	0.881234
2.06831	0.666972
0.590844	0.258084
-0.462939	-0.10401
1.03626	0.0324426
1.22094	0.146893
1.24267	0.313797
0.742937	0.154293
-0.919216	0.0928053
0.178022	-0.23201
-0.473803	0.430337
-0.745396	0.224548
-0.223937	0.341695
1.51426	0.0549588
-0.039253	0.310095
1.19921	-0.0903562
-0.897489	-0.0367804
0.818983	0.47803
-0.897489	-0.699967
-0.66935	0.152826
-0.126163	0.421725
-0.767124	-0.514174
-0.821443	-0.73191
-0.821443	-0.183147
-0.462939	-0.0471832
-0.0175256	0.185468
0.340978	0.770436
-0.799715	-0.0249952
-0.734533	-0.695727
-0.354302	-0.418297
3.66528	0.0313761
0.275796	0.254926
-1.03872	-0.429224
0.884165	0.0546114
2.30732	0.138264
-0.658487	0.192274
-0.00666181	0.348535
-0.93008	0.413473
-0.75626	-1.16934
-0.126163	-0.949951
-0.376029	0.371365
-0.821443	0.271733
-0.299983	-0.395269
0.721209	0.623263
1.64463	0.234784
-0.680214	0.166617
1.16662	0.435502
-0.00666181	-0.105313
1.5034	0.0908863
-0.897489	-0.667558
0.297523	-0.193985
-0.528122	0.427651
0.0802482	0.284203
-0.278255	-0.347046
0.188886	0.37681
-0.0718443	0.0292608
-0.137027	0.420478
2.38336	0.389882
-0.202209	-0.0433875
0.688618	0.0883029
-0.245664	0.251397
-0.734533	-0.16213
-0.886625	0.299611
-0.810579	-0.133955
-0.0718443	-0.180517
1.68808	-0.0440731
1.15576	0.265713
-0.973535	-0.255065
-0.571577	-0.219366
-0.832306	-0.91532
1.51426	-0.640855
1.73154	0.285833
-0.289119	0.0825435
0.275796	0.329077
-0.0175256	0.11904
-0.386893	0.458718
-0.213073	-0.122878
-0.84317	-0.298361
-0.191345	0.150843
1.89449	0.0630021
0.373569	0.583904
-0.973535	-0.589672
-0.604168	-0.882347
-0.126163	-0.0929274
1.21008	0.216518
1.48167	0.0664989
1.01453	0.428792
-0.864898	-0.29752
-0.658487	-0.157261
1.18835	-0.231825
0.49307	0.219657
-0.951808	-0.640192
-0.0501168	0.138288
-0.169618	0.594695
0.0150657	-0.16862
-0.158754	0.4764
-0.332574	0.0840156
-0.538985	0.397925
0.395297	0.420708
-0.528122	-1.46616
-0.549849	0.293237
0.319251	-0.584915
-0.951808	-0.618251
-0.897489	-0.36348
-0.995263	0.429221
-0.658487	0.537413
1.77499	0.333077
-0.343438	-0.13634
0.829847	0.526196
0.0693844	0.240648
-0.571577	0.400747
0.547389	0.181901
-0.854034	-0.457327
-0.973535	0.225594
-0.419484	0.498288
0.101976	0.368913
0.569117	0.384179
0.362706	0.306437
-0.908353	-1.06886
-0.365165	-0.460275
-0.376029	-0.240225
-0.104436	0.348228
0.829847	0.517975
-0.723669	-0.107914
3.43715	0.513108
-0.462939	-0.10401
1.01453	0.416387
-0.951808	-1.01352
-0.658487	0.221951
0.297523	0.417106
0.482207	0.124438
0.0367932	-0.222115
0.221477	-0.0968506
0.243204	0.220781
-0.995263	-0.469965
-0.343438	0.28117
-0.886625	-0.179963
-0.93008	0.0820159
-0.701941	-0.390689
0.460479	0.634154
-0.202209	-0.0356093
0.590844	0.21072
-0.810579	-0.617236
-0.897489	-0.95358
-0.462939	-0.266281
1.19921	0.385439
-0.452075	0.246079
-0.202209	-0.796024
-0.0935718	0.382652
-0.93008	0.502107
-0.376029	0.391999
-0.84317	-0.780772
-0.712805	-0.124396
0.101976	0.578409
-0.58244	0.186611
0.384433	0.305569
0.297523	0.205135
2.27472	0.71927
0.0259294	0.27393
-0.310847	-0.535059
0.57998	0.446563
-0.93008	0.505948
-0.549849	-0.32547
1.39476	0.489689
-0.202209	-0.166825
-0.951808	-0.503582
3.29592	0.787619
2.31818	0.410028
-0.0609805	0.248336
1.19921	0.421227
1.31872	0.613184
0.699482	0.346346
1.32958	0.0855359
-0.49553	-0.63336
-0.202209	0.0854427
-0.962671	0.158832
-0.897489	0.424793
-0.984399	-0.606463
-0.137027	0.418728
0.514798	0.244796
-0.886625	0.427544
1.61204	0.468944
0.732073	0.352714
-0.180482	-0.526391
-0.84317	-0.790894
2.89396	0.324197
-0.962671	-0.458284
0.0693844	-0.446056
-0.940944	0.283496
0.558253	-0.188516
-0.00666181	-0.10196
-0.897489	-0.361431
3.68701	0.749089
0.84071	0.367554
-0.0718443	0.687671
-0.484667	0.331185
0.0367932	0.348138
0.710345	0.431135
-0.376029	0.228139
0.0367932	0.263057
-0.940944	-0.827497
-1.00613	0.410628
5.56644	0.579282
1.70981	0.269854
-0.897489	0.0249894
-0.940944	-0.114986
-0.680214	0.557363
-1.01699	0.304458
-0.0283893	-0.526754
-0.528122	0.502237
0.742937	-0.000297128
-0.278255	0.306299
-0.571577	0.358471
-0.419484	-0.349188
0.710345	-0.297884
-0.995263	-0.330035
-0.256528	-0.192428
-0.691078	-0.763498
-0.571577	0.185816
0.0585207	0.298731
0.0150657	-0.0726045
-0.082708	-0.77246
-0.115299	0.345896
-0.115299	0.551932
-0.202209	0.391319
2.09004	0.166167
-0.615032	-0.460175
2.47027	0.641191
0.330114	-0.175224
-0.0935718	0.382358
-0.473803	0.212576
-0.810579	-0.133955
0.134567	0.172223
-0.397757	-0.621773
-0.995263	-0.122314
0.634299	0.221276
-0.571577	-0.189849
-0.93008	-0.927818
0.710345	0.24375
-0.49553	0.384946
0.503934	0.527765
1.8619	0.218852
-0.810579	0.0914822
-0.506394	-0.234895
-0.484667	-0.371452
-0.039253	0.524278
-0.75626	0.0165784
-0.951808	-1.18307
-1.04958	-1.68511
-0.615032	-1.02235
-0.788851	-0.395767
0.656027	0.277978
-0.973535	-0.647135
0.873302	0.475855
0.884165	0.0775426
-0.473803	0.119504
-0.484667	0.378215
-0.854034	-0.160864
-0.0283893	0.469099
0.471343	0.41846
-0.615032	0.00486716
-0.386893	-0.00535102
-0.908353	0.0425813
-0.93008	-1.21274
-0.039253	-0.584229
0.243204	0.398055
-0.441212	-0.409054
-0.549849	0.579382
0.210613	-0.464041
-0.0609805	0.388301
-0.604168	-0.0733248
0.232341	0.44195
-0.734533	-0.447827
-0.58244	-0.344488
-0.180482	0.552153
1.18835	0.316533
-0.00666181	0.580149
-0.886625	0.439839
-0.376029	-0.190303
0.590844	0.0297315
1.21008	-0.452786
2.35077	0.573481
-0.691078	-0.85568
-0.278255	0.293701
3.29592	0.177296
-0.897489	0.429283
4.1107	0.553813
-0.788851	-0.68993
2.253	0.540906
1.69895	0.547632
-0.625895	0.407854
-1.00613	-0.828075
1.04712	0.555555
-0.386893	-0.195127
1.27526	0.343177
-0.940944	-1.83118
-0.691078	-0.0257095
-0.00666181	0.0161209
-0.93008	0.258917
-0.528122	-0.747185
-0.93008	-0.362482
-0.289119	0.175645
-0.213073	0.423375
-0.40862	0.135357
-0.593304	0.0340824
1.12317	-0.266643
6.00099	0.518747
0.330114	0.414502
-0.897489	0.135998
-0.821443	-1.16476
0.221477	-0.908205
-0.452075	-0.0673095
-0.332574	0.26385
-0.2348	0.195166
1.97054	0.0851762
0.710345	0.162166
0.243204	0.39365
-0.376029	-0.023845
0.406161	-0.0727744
0.178022	-0.288294
-0.93008	-0.459416
1.25353	0.558119
-0.506394	0.316265
1.2644	0.437948
-0.66935	-0.154229
-0.886625	-0.0235403
-0.278255	0.443305
-0.777988	0.0988069
-0.810579	-0.0551989
-0.0501168	-0.139342
-0.647623	-0.832999
-0.995263	-0.685511
-0.973535	-0.951265
-0.376029	0.037743
-0.484667	0.602446
-0.908353	-0.542466
-0.995263	0.419006
0.254068	0.458849
-0.191345	0.512937
0.156294	-0.321971
-0.745396	0.00458549
-0.864898	-1.02743
0.286659	-0.0169231
-0.647623	0.511674
1.56858	0.544417
-0.615032	0.458138
-0.973535	0.363538
-0.473803	-0.410882
-0.528122	-0.477985
-0.0283893	0.293696
0.297523	0.275645
-0.528122	0.387579
-0.202209	0.396319
-0.332574	0.12105
-0.58244	-0.369373
-0.625895	0.275983
-0.506394	-0.234895
-0.723669	-0.300047
-0.93008	-0.353466
0.243204	0.348662
-0.484667	-0.254965
-0.0609805	0.302235
0.427888	0.292957
-0.854034	-0.532019
-0.93008	0.410051
0.232341	-1.00955
-0.32171	0.420151
1.76413	0.411675
0.547389	0.362318
0.960212	0.391324
-0.832306	-0.321684
1.42735	0.248221
-0.549849	0.510551
-0.973535	0.182138
1.09058	0.0441253
2.30732	0.374559
-0.191345	0.135999
1.02539	-0.00229548
2.69841	0.608329
-0.951808	0.0440646
-0.712805	0.325061
-0.93008	-0.559746
-0.691078	0.510314
-0.712805	0.631043
-0.397757	-0.212773
2.82878	0.797547
-0.0609805	0.18136
0.286659	0.0559045
0.471343	0.199737
-0.66935	0.805059
0.0476569	-0.575631
-0.897489	0.0256616
0.384433	0.473093
-0.712805	0.0292098
-0.256528	-0.195521
-0.66935	0.092063
0.471343	0.653985
-0.647623	0.167849
-0.332574	-0.0532892
0.0693844	-0.0811333
-0.604168	0.478887
1.79672	0.162747
0.297523	-0.125873
-0.691078	0.302908
-0.256528	0.408447
-0.984399	0.362481
-0.528122	-0.454727
-0.712805	-0.397838
1.61204	0.421005
-0.039253	0.451211
-0.854034	-0.502963
-0.75626	-0.427004
-0.745396	0.276127
2.1335	-0.0603537
-0.180482	-0.376802
0.699482	0.0471868
-0.386893	0.490601
2.50286	0.582865
1.17749	0.455937
-0.441212	0.361531
-0.484667	-0.641506
0.460479	0.375534
-0.343438	-0.0506925
-0.93008	-1.48472
1.67722	0.307396
-0.593304	-0.885268
-0.712805	-0.940479
-0.93008	0.368355
0.623435	0.721382
0.00420194	-0.308151
-0.788851	0.227652
-0.593304	-0.952264
-0.908353	0.323078
-0.962671	0.244704
-0.712805	0.150729
-0.701941	0.276874
1.21008	0.590279
-0.397757	-0.0315394
-0.864898	-0.154672
0.536525	0.135595
-0.0718443	-0.111765
0.427888	0.590171
-0.995263	-0.556313
0.319251	0.0786388
-0.14789	0.525647
0.384433	0.253775
-0.919216	-1.06486
-0.40862	-0.143375
0.417024	0.415397
0.645163	0.270607
-0.897489	-0.372072
-0.854034	0.446796
-0.658487	0.0431904
-0.93008	-0.720667
3.14382	0.540268
1.07971	0.311512
0.873302	0.107277
0.916757	0.250184
-0.58244	0.619448
-0.0935718	0.623636
0.547389	0.448559
-0.14789	0.587323
0.0911119	-0.190746
-0.712805	-0.0584104
0.156294	0.316565
-0.202209	0.288401
-0.680214	-0.10471
0.601708	0.37178
-0.560713	-0.360154
0.677754	0.549461
2.62236	0.452776
-0.875761	0.128073
-0.386893	0.536304
1.03626	-0.0504848
-0.799715	0.00549302
0.992803	0.465536
-1.00613	0.0587193
0.319251	0.132292
-0.571577	-0.500181
-0.506394	0.0362416
-1.01699	-0.797289
0.417024	0.0480439
-0.886625	0.518075
-0.462939	-0.747781
-0.962671	0.139988
-0.202209	0.185497
-0.0718443	0.222833
-0.75626	-0.275645
0.0476569	-0.104319
-0.93008	-0.246833
-0.734533	-0.854582
1.03626	-0.272884
-0.810579	-0.310982
-0.940944	-0.865949
0.601708	-0.200799
-0.832306	-1.07331
-0.66935	-0.609815
-0.430348	-0.482276
-0.995263	-0.800667
2.04659	0.537379
-0.973535	-0.773658
0.210613	-0.297183
-0.0609805	0.279877
-0.0609805	-0.0611348
-0.430348	-0.246308
-0.376029	0.135823
1.1123	0.42933
-0.40862	-0.386541
-0.082708	0.13793
-0.93008	0.396269
-0.538985	0.226918
-0.919216	0.0928053
0.145431	0.265305
-0.886625	0.135919
1.02539	-0.144289
-0.93008	-0.722261
2.76359	0.136071
-0.799715	-0.587131
-0.517258	-0.793051
0.275796	0.105264
-0.84317	0.100797
-0.734533	0.365885
-0.441212	-0.101612
-0.00666181	0.084029
-0.647623	0.506518
-0.84317	0.080899
2.36163	0.387478
-0.169618	-0.207108
0.0150657	0.222244
0.199749	0.465235
-0.962671	0.0915782
-0.875761	-0.362624
-0.767124	-0.173899
-0.658487	0.521777
-0.984399	-0.376677
-0.517258	0.363547
-0.202209	0.209676
-0.354302	-0.1592
0.232341	0.274552
1.32958	0.0855359
-0.289119	-0.421318
-0.864898	-0.561447
0.0802482	0.103332
-0.223937	-0.234376
-0.680214	-0.2734
-0.897489	-0.780392
-0.343438	0.118583
-0.973535	-0.604419
1.67722	0.472424
-0.84317	-0.640772
-0.875761	-1.0315
-0.289119	0.109326
-0.343438	-0.420134
0.167158	0.0873183
-0.441212	0.256506
-0.223937	0.274599
-0.517258	-0.848994
0.427888	0.483789
0.384433	0.745786
-0.75626	0.160667
-0.962671	-0.690056
2.80705	0.789952
-0.897489	-0.312407
1.22094	0.338941
-0.223937	0.285035
2.68755	0.47123
-0.560713	-0.034385
-0.310847	0.251826
1.1123	0.136106
-0.202209	0.630588
1.23181	0.45676
0.536525	0.353914
-0.386893	0.190078
1.41649	0.393157
-0.376029	0.252649
3.39369	0.842409
0.786392	-1.03342
-0.875761	-0.583123
5.11016	0.532277
-0.441212	-0.051525
0.243204	0.409902
-0.66935	-0.0994133
0.134567	0.378546
-0.821443	0.302702
-0.723669	0.761772
-0.886625	0.28322
-0.886625	-0.118362
-0.788851	-0.019487
-0.84317	-0.151298
-0.213073	-0.329546
1.02539	0.290831
1.60117	0.345854
-0.897489	-0.686156
2.20954	0.0942664
-0.658487	-0.209307
0.7538	0.437636
-1.00613	-1.06181
-0.615032	0.241543
-0.701941	-0.0489627
-0.84317	-0.258067
-0.441212	0.23345
-1.01699	-1.81527
-1.00613	-0.40131
0.123703	0.49758
0.123703	-0.311954
1.84017	0.674814
-0.506394	-0.606202
-0.995263	-0.530824
1.02539	0.683473
-0.636759	0.209655
1.64463	0.491515
-0.647623	-0.0264406
0.514798	-0.0233204
-0.886625	-1.8907
1.1123	0.390892
-0.908353	-0.860387
-0.397757	-1.14425
0.427888	0.415708
-0.462939	0.145088
0.0259294	0.19116
-0.973535	-0.675828
0.7538	0.0617883
-0.267392	0.0446165
2.16609	-0.266935
-0.984399	-0.963594
-0.636759	0.820316
0.0476569	0.346859
-0.799715	-1.03914
-0.625895	0.399337
0.612572	0.0863153
-0.40862	0.0858184
0.319251	0.329101
-0.984399	-1.53504
0.0911119	0.112566
-0.962671	-0.571098
-0.745396	0.275724
-0.951808	-0.474074
-0.908353	-0.21163
0.275796	0.256183
-0.897489	-0.50617
0.482207	0.444853
1.03626	-0.220267
0.623435	0.269411
-0.126163	-0.205226
-0.2348	-0.446136
1.03626	-0.0890955
-0.289119	0.286317
-0.245664	0.447089
-0.245664	0.447157
0.818983	0.181624
-0.0718443	-0.203339
0.536525	0.362492
0.232341	0.766822
-0.40862	0.425425
0.916757	0.252749
-0.940944	-1.08863
-0.821443	-0.0974009
-0.777988	-0.957249
0.351842	0.0326297
-0.995263	-0.691391
-0.875761	-0.886686
-0.962671	0.494194
-0.039253	0.57885
-0.788851	-0.176071
2.11177	0.583897
-0.886625	-1.16297
-0.245664	0.412521
-0.962671	-0.774275
-0.517258	0.216428
-0.875761	-1.02243
-0.462939	-0.201627
0.134567	0.336543
-0.962671	-0.462792
2.44854	0.633254
-0.66935	-0.0121804
-0.32171	-0.155722
0.558253	0.311293
0.818983	0.154181
-0.84317	-0.564596
0.634299	0.248058
-0.962671	-0.613317
1.56858	-0.0992612
-0.995263	-0.528618
-0.538985	-0.490686
-0.84317	-0.251993
0.57998	0.699243
-0.919216	-0.668571
-0.886625	-0.851236
0.384433	0.145668
-0.32171	-0.430773
0.0367932	0.181917
-0.680214	-0.676091
-0.343438	-0.0263951
1.09058	0.280628
0.503934	0.172021
-0.723669	-0.572818
0.0150657	0.195894
0.688618	0.521403
-0.0718443	-0.136703
-0.441212	-0.208201
-0.223937	-0.799807
0.721209	0.390217
-0.615032	0.446074
0.395297	-0.0547926
-0.745396	0.459032
3.20901	0.553818
0.199749	0.318605
-1.00613	0.181226
1.7424	0.436132
-0.658487	-0.172324
-0.549849	-0.24812
-0.940944	-0.737023
2.30732	0.390946
1.21008	0.00876936
-0.908353	-0.825943
1.70981	0.373896
-0.386893	-0.11873
-0.082708	0.468395
1.37303	-0.276225
-0.397757	0.218886
-0.973535	-0.791843
-0.875761	-0.704963
-0.636759	-0.17192
-0.430348	-0.588512
-0.84317	0.00180582
-0.84317	-0.116457
1.1449	0.656219
-0.973535	-0.255065
1.48167	0.537982
0.156294	0.000727555
0.742937	-0.196904
3.86083	0.702428
1.10144	0.715972
-0.919216	-0.870514
3.03519	0.410202
-0.40862	0.532374
0.471343	-0.17152
0.525662	-0.136629
-0.126163	-0.335132
0.340978	0.0715283
-0.680214	0.0410186
0.862438	0.155929
-0.854034	-1.05989
0.514798	0.440356
-0.832306	-0.0872812
-0.245664	0.344921
1.09058	0.168978
-0.777988	-0.067608
0.145431	0.173453
-1.01699	-0.551782
-0.777988	-0.0789588
-0.137027	-0.316876
-0.039253	0.493879
1.19921	0.278882
-0.32171	0.219968
-0.810579	0.419129
-0.973535	-0.0592009
0.297523	0.529842
-0.310847	0.452344
-0.940944	-0.316689
-0.788851	-1.19582
0.417024	0.373872
-0.701941	0.122437
0.0585207	0.291327
0.188886	0.0947787
1.23181	0.449471
0.49307	0.541585
0.340978	0.372359
0.525662	0.0632455
-0.821443	0.393683
-0.419484	-0.259545
-0.84317	0.346255
0.0150657	0.547099
-0.528122	0.0666695
-0.419484	-0.140627
0.0693844	-0.13239
1.59031	0.322729
-0.549849	0.33526
0.221477	0.588181
-0.810579	-0.48628
-0.517258	-0.967225
-0.571577	0.0341482
-0.517258	0.421444
0.362706	0.0816408
-0.658487	0.249635
-0.49553	-0.586286
3.58924	0.530757
-0.376029	0.360519
-0.452075	0.0370174
0.645163	0.495446
-0.940944	-0.917728
-0.625895	0.106858
-0.919216	-1.21802
-0.788851	0.0676505
-0.680214	0.0221842
-0.864898	-0.149826
-0.962671	-0.256454
-0.995263	-0.330035
-0.245664	-0.0796765
-0.191345	0.431667
-0.962671	-0.895507
-1.01699	-1.81527
-0.962671	-1.49261
0.0150657	-0.16862
-0.180482	-0.0750148
-0.538985	0.707391
6.77232	0.77144
-0.158754	0.516243
8.24978	0.857458
0.308387	-0.655622
-0.701941	-0.402613
1.59031	0.846664
-0.571577	-0.147692
0.764664	0.295989
0.808119	0.769519
-0.897489	-0.337779
-0.962671	0.445078
0.525662	0.404511
0.167158	-0.0476838
0.829847	-0.49054
-0.777988	0.00512947
2.492	0.555015
-0.604168	-0.0497007
-0.897489	-0.607582
0.66689	0.273809
0.558253	0.003716
-0.126163	0.291667
0.503934	0.353282
-0.419484	-0.101803
-0.137027	0.655442
-0.376029	-0.531943
0.123703	0.336259
0.243204	0.502776
-0.0175256	0.427306
1.68808	0.662923
0.362706	-0.352156
-0.875761	-0.600798
1.3839	0.454121
-0.0718443	0.120393
-1.01699	-0.338738
-0.75626	-1.47044
-0.93008	-0.668307
-0.810579	-0.925764
0.123703	0.242189
2.1009	0.606282
0.417024	-0.0558735
-0.158754	0.493738
0.427888	0.759309
-0.940944	-0.649519
-0.267392	-0.0466631
1.16662	0.517047
-0.386893	0.057772
-0.484667	-0.0265443
-0.821443	-0.658181
-0.082708	-0.110888
-0.528122	0.150491
1.49254	-0.0217708
-0.082708	-0.24853
-0.538985	0.492829
-0.0283893	-0.270707
-0.180482	0.448339
0.384433	-0.226486
2.31818	0.255247
-0.310847	0.336723
-0.289119	0.525321
-0.908353	0.348247
0.873302	0.362083
-0.767124	-0.572872
-0.940944	-0.290571
0.732073	0.254875
-0.777988	0.35147
0.503934	-0.330336
-0.0175256	0.541262
-0.93008	0.069209
3.11123	0.733382
-0.767124	0.315518
-0.951808	-0.0626074
-0.506394	0.139889
-0.897489	-0.170118
0.319251	0.521599
-0.636759	-1.0727
-0.593304	-0.492654
-0.039253	0.475396
-0.58244	0.357717
1.52513	0.134974
-0.430348	0.523505
-0.40862	-0.208071
-0.821443	-0.778519
-0.908353	-0.123208
0.286659	0.3695
1.19921	0.544823
-0.169618	0.217607
-0.506394	0.0139501
-0.93008	-0.229416
0.558253	0.25397
-0.343438	0.261384
-0.854034	-1.29771
4.64302	-0.0687866
-0.897489	-0.576994
1.59031	0.252301
0.308387	-0.245819
2.70927	0.651563
-0.940944	-0.604877
0.525662	0.229015
-0.245664	-0.277544
-0.93008	-0.801443
-0.245664	0.0239619
-0.158754	-0.0554022
0.123703	0.529499
-0.832306	-1.0078
-0.799715	-0.325013
-0.962671	-0.751159
2.50286	0.295996
0.732073	0.331603
0.134567	0.253662
2.30732	0.502188
2.60064	0.425483
-0.75626	0.42557
0.362706	0.477454
-0.832306	0.169314
-0.430348	0.386253
-0.593304	-0.0166823
-0.723669	-0.935077
-0.571577	-0.21741
-0.875761	-0.54633
0.254068	0.881267
0.417024	-0.217012
-0.213073	-0.159225
-0.832306	-0.48637
0.84071	0.437196
-0.517258	0.54239
-0.767124	-1.16761
-0.951808	-0.598272
-0.506394	-1.55383
-0.821443	-0.77595
0.188886	0.243575
0.710345	0.374774
-0.452075	-0.0288376
-0.701941	0.31881
1.13403	0.631347
1.9814	0.0713477
0.634299	0.167551
-0.082708	0.279518
1.61204	0.578645
0.156294	0.48927
-0.908353	0.224845
2.47027	0.467273
0.732073	-0.642426
1.32958	0.33434
-0.832306	-0.398501
-0.115299	0.131593
-0.430348	0.391736
-0.452075	0.115657
9.57516	0.461717
-0.897489	-0.902487
2.38336	0.697688
-0.93008	-0.42698
-0.767124	-0.516371
-0.625895	-0.0290642
-0.832306	-0.0964292
2.40509	0.523149
1.67722	0.112678
2.23127	0.400317
-0.571577	-0.351007
-0.039253	-0.478062
0.167158	-0.113442
-0.538985	0.150554
-0.223937	0.454976
-0.93008	-0.763051
-0.538985	-0.0932326
-0.256528	0.278409
-0.40862	-0.251793
-0.571577	-0.351007
0.297523	0.329322
-0.115299	0.0558254
0.340978	0.180125
-0.560713	-0.440759
-0.701941	-0.154477
3.64356	0.700969
3.27419	0.406286
0.895029	-0.322689
-0.908353	-0.873492
-0.58244	0.211822
-0.734533	0.00658841
-0.647623	-0.703274
-0.897489	-0.199076
-0.799715	0.258477
0.438752	-0.0570265
1.51426	0.271944
-0.886625	-0.553268
-0.386893	0.229932
-0.278255	0.20544
0.699482	-0.594592
-0.93008	-0.96201
1.1449	0.0465686
0.601708	0.371405
0.808119	0.106406
0.808119	-0.0474088
-0.886625	-0.404051
2.01399	0.527135
-0.245664	-0.0730009
-0.506394	-0.128771
-0.462939	-0.0796127
-0.886625	-0.126767
-0.441212	0.0198598
-0.625895	-1.01074
-0.0935718	0.16967
0.0476569	0.264
-0.93008	-0.953339
2.07918	0.617173
-0.191345	0.185367
1.68808	0.34429
0.981939	0.229303
0.612572	0.371801
-0.14789	-0.167724
0.0693844	0.282113
0.0693844	0.32067
2.11177	-0.168561
-0.386893	0.479091
-0.875761	-0.472476
-0.0718443	0.450759
1.54685	-0.0511513
-0.0935718	0.419858
-0.788851	-0.649476
-0.864898	-0.568495
1.49254	0.014642
-0.593304	-0.584154
-0.517258	0.489063
-0.32171	0.714019
-0.571577	-1.69822
-0.886625	-0.373164
-0.962671	-0.961724
2.12263	0.495357
-0.0718443	0.364527
0.199749	-0.0983401
-0.940944	-0.506187
-0.919216	-0.32744
-0.799715	-1.15095
-0.875761	-0.452742
-0.93008	0.0680066
1.48167	0.575394
-0.32171	-0.0574837
-0.658487	-0.613558
0.721209	0.109811
-0.973535	-0.579732
1.15576	0.244057
-0.213073	-0.036326
-0.191345	-0.772036
-0.0501168	0.155748
-0.723669	-0.120338
0.634299	0.0850021
-0.810579	-0.055516
1.24267	0.661148
1.39476	0.120845
-0.49553	-0.323876
-0.0283893	0.18798
-0.962671	-0.867719
-0.919216	-0.43984
-0.397757	-0.513499
-0.995263	-0.610787
-0.864898	0.11005
0.406161	-0.255976
0.243204	0.275585
-0.462939	-0.412464
-0.940944	-0.629941
0.330114	0.415224
-0.734533	-0.230853
0.232341	0.0891101
-0.984399	-0.797266
-0.658487	0.280222
0.895029	0.559212
0.590844	0.486683
-0.278255	0.377776
0.264932	-0.0454541
0.188886	-0.80489
0.449616	-0.241398
0.873302	0.368685
-0.191345	0.470058
3.35024	0.366718
1.04712	0.525211
-0.115299	-0.211858
-0.115299	-0.754391
0.145431	0.395921
-0.875761	0.24994
-0.40862	0.529811
-0.875761	-1.57272
-0.2348	0.511803
-0.919216	-1.04378
-0.777988	-0.224643
-0.940944	-1.1787
-0.473803	-0.0184184
-0.908353	-0.682772
-0.919216	0.302394
1.61204	-0.0838083
-0.386893	-0.235979
0.851574	0.493027
-0.810579	0.115301
-0.658487	0.243593
-0.93008	-1.30695
0.786392	0.561854
-0.658487	-0.529689
0.210613	0.202032
0.818983	0.224053
2.253	0.576789
0.971075	0.355284
0.645163	0.367443
-0.397757	-0.681569
1.41649	0.252083
0.340978	0.489382
-0.289119	-0.145255
-0.940944	-0.291902
0.0476569	-0.344067
-0.289119	0.292643
-0.506394	-0.480806
1.60117	-0.0689972
-0.745396	0.0385275
-0.897489	0.0474558
3.88256	0.500159
1.6229	0.514996
-0.299983	0.199512
-0.58244	-0.588798
1.34044	0.575905
0.688618	0.423683
0.395297	0.0733105
-0.397757	-0.363737
-0.745396	0.471045
-0.538985	0.446479
-0.854034	-0.604038
0.340978	0.225061
0.395297	0.338043
-0.777988	-0.133859
0.210613	0.276733
-0.137027	0.273869
0.427888	0.0841381
0.156294	0.384944
-0.278255	0.0604436
0.0150657	-0.0865981
-0.0718443	0.385581
-0.0609805	-0.049171
-0.962671	-0.829713
1.41649	0.752113
0.656027	0.295308
-0.777988	0.196613
-0.897489	0.256741
0.308387	0.667134
0.514798	0.107307
-0.256528	0.154247
-0.93008	-0.0405237
-0.940944	-0.445683
0.112839	-0.302261
-0.0501168	0.495493
-0.832306	-0.265142
-0.962671	-0.961724
2.00313	0.0706805
-0.636759	0.223195
0.0802482	-0.387181
-0.158754	0.0251715
-0.615032	-0.497742
-0.180482	0.0722586
-0.278255	0.012651
-0.940944	-0.604905
0.0259294	-0.271563
-0.528122	0.570545
1.1123	0.285792
-0.528122	0.353886
1.43822	-0.0749954
-0.854034	-0.49215
-0.897489	-0.469899
-0.962671	-0.895507
-0.528122	-0.278478
-0.245664	-0.312313
1.1449	-1.00769
-0.919216	-0.653631
-0.484667	-0.063408
-0.658487	0.333739
-0.777988	-0.459902
-0.799715	-0.141032
0.384433	0.472787
0.829847	0.503122
-0.0175256	0.350173
-0.962671	0.235667
-0.984399	-0.868216
-0.169618	-0.0426052
0.243204	0.120037
-0.0718443	0.221159
-0.604168	-0.64281
0.0259294	0.137026
1.84017	0.518207
-0.734533	-0.260729
-0.973535	-1.04071
-0.810579	0.402885
-0.962671	-0.953657
0.818983	-0.000661673
-0.951808	-0.517156
-0.745396	0.243884
0.438752	0.0583733
-0.202209	-0.0114607
0.427888	0.299562
-0.126163	0.154607
1.68808	0.582461
-0.082708	0.300433
2.253	0.599766
0.0259294	-0.325095
-0.419484	0.426368
0.449616	0.0231211
-0.386893	0.106989
0.134567	0.0519219
0.92762	0.404144
2.07918	0.354841
0.829847	0.578533
-0.995263	-1.50621
-0.680214	-0.336524
-0.245664	-0.079681
-0.213073	-0.107167
0.797255	0.779956
-0.0283893	-0.272496
-0.75626	0.401944
-0.897489	-1.11724
-0.75626	0.533493
-0.169618	-0.00756843
1.5034	0.17238
0.688618	0.0625398
-0.0175256	0.421097
0.0259294	0.00704097
1.65549	0.0858608
2.26386	0.153312
-0.973535	-0.00322049
-0.343438	0.0142034
-0.995263	-0.550568
-0.0501168	0.282706
-0.777988	0.0708859
1.12317	0.368749
-0.701941	0.168563
0.351842	0.409149
-0.734533	0.495636
1.43822	0.797857
-0.49553	0.179583
-0.452075	-0.290784
-0.962671	-0.391445
-0.951808	-0.281426
0.145431	0.544705
0.00420194	0.355406
0.829847	0.427543
0.884165	0.455626
0.938484	0.158
0.210613	-0.171727
-0.202209	0.0605655
-0.376029	-0.142369
1.24267	0.00677239
0.112839	0.199788
1.23181	-0.281389
0.916757	-0.0435881
-0.962671	-0.112733
2.62236	0.695084
-0.734533	-0.117268
1.03626	0.175704
-0.93008	-0.662224
-0.517258	0.0470406
-0.636759	0.313002
-0.0718443	0.0699005
-0.0718443	-0.213974
-0.734533	-1.42143
1.5034	0.556414
0.471343	0.381328
-0.604168	-0.823881
0.938484	-0.212977
-0.0283893	0.353258
0.0259294	-0.0960306
0.199749	-0.220487
-0.864898	-0.698754
1.37303	-0.197486
3.10037	0.33518
-0.49553	-0.384885
0.417024	-0.540556
-0.104436	-0.189376
1.55772	0.56842
-0.419484	0.260679
-0.908353	0.464037
-0.93008	-0.553757
1.42735	0.372036
-0.93008	0.213464
-0.919216	0.472127
0.0911119	0.743942
1.09058	0.231072
1.36217	0.350368
0.601708	0.26733
-0.973535	-0.425461
-0.712805	-0.474274
-0.137027	0.195792
-0.951808	-0.636017
-0.875761	-0.366328
3.79565	0.41561
1.97054	0.754229
0.0150657	0.528004
0.308387	0.155669
0.178022	0.321254
1.15576	0.381286
0.188886	0.555332
2.62236	0.406591
0.732073	-0.0992182
-0.213073	-0.0046244
-0.49553	-0.163545
-0.310847	0.611172
-0.712805	-0.0411862
1.19921	0.278882
-0.441212	0.247787
-0.593304	0.211333
0.178022	-0.859455
-0.93008	0.260572
0.558253	-0.54464
-0.158754	0.144717
-0.854034	-0.386942
-0.799715	0.280203
-0.810579	-0.00691497
-0.810579	-0.579615
-0.40862	-0.0248232
0.569117	0.227589
-0.386893	-0.00535102
-0.473803	0.3261
-0.473803	0.0749076
-0.658487	-0.592628
-0.854034	-0.117174
-0.691078	-0.425761
-0.973535	-0.598789
-0.712805	0.38787
-0.734533	-0.29037
-0.571577	-0.0837
-0.897489	-0.443065
-1.06045	0.399988
0.232341	0.294475
-0.039253	0.151625
-0.2348	-0.126212
0.471343	0.529244
1.30785	0.395806
-0.745396	-0.0467895
-0.538985	-0.0536814
-0.788851	0.10142
0.0911119	0.328973
-0.365165	0.543733
0.275796	0.200277
3.10037	-0.678728
-0.886625	0.24938
-0.223937	-0.16804
2.02486	0.117119
-0.691078	0.131435
-0.452075	0.437781
-0.549849	0.152634
-0.593304	-0.116348
1.15576	0.391669
1.09058	-0.1242
-0.810579	0.358406
-0.560713	0.444062
-0.951808	-0.391092
-0.126163	0.00998895
-0.864898	-0.672284
-0.691078	0.431143
-1.01699	-0.838529
-0.517258	-0.0402578
-0.647623	0.170763
-0.810579	-0.419224
-0.908353	-0.781318
1.03626	0.3616
-0.604168	-0.631592
-0.919216	-0.341968
-0.767124	0.250772
-0.267392	0.459522
1.05799	0.177753
0.634299	0.151375
-0.310847	0.196831
-0.2348	-0.198594
-0.93008	0.294148
0.514798	0.445209
-0.734533	0.351969
-0.223937	-0.16804
1.25353	0.558119
-0.886625	-0.629728
-0.864898	0.156986
2.1335	0.568395
-0.462939	-0.0960194
-0.462939	-0.0990811
0.319251	0.026584
2.32904	0.245226
-0.365165	-0.023642
-0.940944	-0.825551
-0.875761	-0.83252
-0.517258	-0.0194148
0.0259294	-0.0567554
-0.66935	0.368167
1.04712	0.32083
-0.701941	-0.235257
-0.571577	0.030445
3.49146	0.511173
-0.788851	-0.518381
-0.636759	0.259535
-0.310847	-0.158281
2.63323	0.512036
-0.32171	0.375459
-0.886625	-0.521925
0.427888	-0.121529
-0.821443	-0.642201
0.536525	0.378441
0.167158	0.168854
0.0802482	-0.18435
-0.354302	-0.367706
0.134567	0.281948
-0.897489	0.216242
1.48167	0.575394
-0.854034	-0.0700137
-0.864898	-0.0898211
-1.00613	0.193813
-0.647623	0.318364
0.319251	0.549007
-0.973535	-0.242032
-0.419484	-1.07949
3.23073	0.511383
0.66689	0.671276
-0.940944	-0.291902
0.0476569	-0.119678
-0.962671	-0.182213
-0.549849	-0.465592
-0.484667	0.432682
0.199749	0.48673
-0.919216	0.134204
0.362706	0.247842
0.677754	0.553002
-0.58244	0.436229
-0.723669	-0.465219
-0.310847	0.361802
-0.777988	0.228964
1.47081	0.466071
-0.908353	0.047992
-0.452075	-1.08661
-0.788851	-0.217353
-0.571577	0.231494
0.57998	0.381912
-0.452075	0.0352288
2.89396	0.287184
-0.267392	0.0916718
3.29592	0.501319
-0.32171	0.0228965
0.438752	-0.267492
-0.560713	0.413286
-0.376029	0.230434
0.362706	-0.196135
-1.02785	-1.31795
-0.788851	0.133174
-0.799715	-0.978802
1.88363	0.331206
0.482207	0.116156
-0.951808	-0.29033
-0.810579	0.2424
0.319251	0.559543
-0.919216	-0.578754
-0.0175256	0.456647
-0.441212	0.543477
-0.875761	-0.19159
1.12317	0.404876
-0.723669	-0.0473033
-1.00613	-0.231387
1.31872	0.26725
-0.864898	-0.977507
-0.788851	-0.981954
-0.832306	-0.383761
-0.886625	-1.05925
0.0150657	0.550088
-0.430348	0.412392
-0.354302	0.100087
0.460479	-0.244438
-0.039253	0.0801084
-0.245664	0.582352
-0.712805	-0.320767
-0.745396	0.171318
-0.223937	-0.231952
-0.310847	-0.250008
-0.549849	0.151244
-0.082708	0.36631
-0.777988	-0.907708
-0.832306	-0.48637
0.536525	-0.197157
0.275796	0.525059
2.70927	0.730778
1.41649	-0.473283
-0.973535	-0.522888
0.406161	0.465948
-0.104436	0.387999
-0.180482	-0.766862
-0.462939	-0.628299
0.916757	0.912231
-0.886625	-0.59686
-0.973535	-0.0926621
-0.473803	0.163293
-0.973535	-1.05274
-1.02785	-0.224808
-0.777988	-0.53717
-0.919216	0.424916
0.210613	0.29148
0.525662	0.139248
-0.984399	-0.667696
0.134567	0.290756
-0.2348	0.342582
-0.951808	-0.657612
-0.549849	-0.193599
-0.115299	0.489243
-0.951808	-0.743501
0.167158	0.263173
-0.919216	-0.981827
0.319251	-0.45159
-0.919216	0.000965817
1.44908	0.486122
-0.93008	0.0575082
-0.777988	0.0574221
-0.278255	0.198898
-0.723669	0.309168
0.156294	-0.137223
0.547389	-0.0817782
0.134567	0.270491
-0.430348	-0.113223
-0.984399	-0.696623
0.905893	0.133173
0.308387	-0.00528383
0.558253	0.186524
-0.00666181	-0.721099
-0.973535	-0.327919
-0.452075	0.301361
3.41542	0.535136
0.123703	0.370456
0.547389	0.290959
0.634299	0.22711
0.786392	0.227339
-0.973535	0.363522
-0.343438	0.551575
3.40455	0.414189
0.960212	0.250543
0.92762	0.404144
-0.897489	-0.329566
-0.984399	0.0129072
-0.919216	-0.145427
-0.93008	0.502107
-0.137027	0.272466
-0.299983	-0.300871
-0.897489	-0.12541
0.243204	0.220781
-0.473803	-0.033003
-1.00613	-0.162224
1.69895	0.113518
0.49307	0.150837
-1.00613	-0.673312
1.56858	0.532299
-0.625895	-0.438299
2.68755	0.47123
-0.788851	0.227652
0.145431	0.276745
0.884165	0.0482421
-0.245664	-0.245581
-0.604168	0.16096
-0.919216	-1.10075
-0.0501168	0.551574
1.02539	0.533261
1.65549	0.0858608
-0.75626	0.186781
-0.625895	0.272445
-0.473803	-0.0189261
-0.473803	0.0124578
-0.767124	-0.838298
-0.864898	-0.786006
-0.289119	0.417815
-0.66935	-0.495678
0.92762	0.466409
3.19814	0.462533
-0.104436	-0.746276
1.10144	0.00231532
-0.908353	-0.751965
2.56805	0.0229605
-0.299983	0.114379
-0.039253	-0.270695
-0.734533	-0.422924
-0.517258	-0.0588379
-0.376029	0.328474
-0.299983	0.192242
0.221477	-0.0401861
0.558253	0.285793
0.0693844	0.600179
-0.397757	0.359662
-0.202209	0.332501
-0.549849	-0.516598
-0.484667	-0.608283
-0.908353	-0.143444
0.482207	0.28471
2.18781	0.0630277
0.764664	0.365522
0.406161	0.376904
-0.593304	0.167317
1.36217	0.133383
-0.864898	-0.398177
-0.821443	-0.825033
-0.223937	-0.636131
1.27526	0.265077
3.2416	0.520647
1.09058	0.25377
-0.66935	0.152826
-0.712805	-0.466151
-0.310847	-0.0763305
-0.680214	0.0865323
-0.832306	-0.338417
0.297523	0.472962
1.97054	0.292698
-0.104436	0.523489
-0.278255	0.48719
1.66636	0.382836
-1.01699	-0.677774
-0.951808	-0.719192
-0.332574	0.627442
-0.854034	-1.0477
-0.973535	-1.47095
0.938484	0.384382
-0.962671	-0.896491
-0.158754	0.401616
2.44854	0.377236
-0.386893	-0.0702084
-0.832306	-0.304096
-0.2348	0.347593
1.00367	0.454531
-0.788851	-0.445373
0.482207	0.391444
-0.75626	0.444959
0.66689	0.168332
-0.386893	0.421123
-0.984399	-0.31256
-0.137027	0.400599
-0.593304	0.039486
3.93688	0.787786
-1.00613	-1.82533
-0.2348	-0.244174
1.99227	0.351158
0.764664	0.228502
1.07971	0.404876
1.29699	0.422254
0.00420194	-0.229128
-0.2348	-0.131503
-0.039253	0.443035
-0.419484	-0.0457942
0.156294	0.170014
2.89396	0.412659
0.232341	0.483181
-0.365165	-0.0256467
-0.810579	0.450049
-0.919216	0.095498
0.0150657	0.398461
-0.734533	-0.495518
1.02539	0.0690321
0.275796	0.365891
-0.528122	-0.163324
0.123703	0.223734
-0.864898	-0.157743
0.677754	0.311434
0.145431	0.544197
-0.745396	0.397802
-0.267392	-1.64633
-0.886625	-0.434394
-0.299983	-0.289745
0.0476569	0.442901
-0.32171	0.565848
-0.723669	0.380426
-0.0501168	0.0470221
-0.66935	-0.00212365
0.558253	0.524871
0.188886	0.369876
-0.658487	-0.144257
-0.169618	0.398546
-0.419484	0.362037
0.134567	-0.0846426
-0.517258	0.0403114
1.12317	-0.341706
-0.799715	0.0194202
1.82931	-0.0763866
-0.419484	0.388686
0.254068	0.524714
-0.875761	-0.222847
1.63376	0.526455
0.938484	0.496267
0.417024	0.209786
-0.66935	-1.49836
2.78532	0.545484
-0.875761	-0.169771
-0.452075	0.8262
0.742937	0.519488
-0.0175256	0.161926
-0.767124	-0.466896
-0.66935	0.0514359
1.57945	0.411313
2.27472	0.671783
1.12317	-0.298339
-0.191345	-0.155049
-0.278255	-0.64135
1.39476	0.136736
-0.256528	0.558509
-0.723669	-0.935077
-0.2348	-1.14251
-0.126163	0.554223
-0.473803	0.261721
0.862438	0.0823951
0.00420194	0.574886
-0.875761	-0.199522
-0.962671	-0.56505
-0.310847	0.0534281
0.0911119	0.273632
1.22094	0.584711
-0.2348	0.666449
-0.788851	-0.000478359
-0.625895	-0.0799725
0.330114	0.606372
0.66689	0.108678
-0.75626	-0.202979
-0.734533	0.124688
0.0259294	0.322328
-0.32171	0.300754
2.62236	0.695084
-0.397757	-0.0578099
-0.940944	-0.0048533
-0.593304	0.105165
-0.2348	-0.388474
0.330114	0.411898
0.384433	0.305569
2.14436	0.784548
2.55718	0.687728
-0.245664	0.223955
1.30785	-0.133395
-0.343438	-0.591917
-0.919216	-0.716873
-0.58244	0.0445464
0.775528	-0.131515
-0.93008	-0.151508
-0.886625	-0.181315
-0.430348	0.309603
-0.202209	0.32293
-0.995263	-0.144573
-0.245664	0.0203659
1.12317	-0.152327
-0.799715	-0.712259
-0.973535	-0.712622
1.48167	-0.163605
-0.897489	-0.625625
1.7424	0.443191
-0.66935	0.11024
0.340978	0.481385
-0.2348	0.470327
0.49307	0.150837
-0.32171	-0.437093
-0.745396	0.0502187
3.66528	0.454139
0.688618	0.114528
-0.821443	-0.124262
1.30785	0.539973
-1.00613	0.198734
0.66689	0.462193
-0.517258	-0.364635
-0.615032	-0.460175
1.51426	0.0201872
2.24213	0.146331
-0.886625	-0.693998
0.525662	0.404511
-0.984399	-0.862528
0.254068	0.0912454
-0.84317	0.0936473
-0.821443	0.0248451
-1.03872	-0.612678
1.69895	0.541423
-0.962671	-0.575446
-0.995263	-1.25374
-0.604168	-0.445797
4.20847	0.736391
-0.528122	0.140425
-0.104436	-0.556869
-0.376029	-0.138832
0.112839	0.336566
-0.908353	-0.237067
0.406161	0.169506
1.09058	0.148077
1.97054	0.272526
-0.897489	-0.47305
-0.995263	-0.293162
-0.984399	-0.818979
-0.506394	-0.422352
-0.223937	0.427834
-0.452075	0.418133
-0.821443	0.515235
-0.691078	0.0573271
-0.299983	0.281966
-0.32171	0.222957
-0.310847	0.215768
1.04712	-0.310737
-0.00666181	0.424489
-0.647623	0.376433
0.112839	-0.593858
-0.538985	-0.303741
0.264932	0.72742
-0.821443	-0.746168
0.156294	0.141791
-0.951808	-0.0245071
0.732073	-0.259094
1.68808	0.598061
-0.875761	-1.06376
-0.908353	0.123303
0.7538	0.778165
1.15576	-0.405993
-0.875761	0.316244
-0.84317	0.128086
-0.854034	-1.33889
0.0476569	-0.770422
-0.886625	-0.176776
0.145431	0.534894
-0.58244	0.0333488
-0.973535	0.312184
2.01399	0.360349
0.112839	-0.4502
-0.615032	-0.507207
1.13403	-0.0344442
0.710345	0.427957
1.79672	0.488459
0.590844	0.760226
-0.940944	-1.00653
-0.84317	-0.624252
-0.854034	-0.898869
0.851574	0.59382
-0.919216	-1.15635
-0.571577	0.26446
0.264932	0.477495
-0.908353	-0.229995
-0.712805	-0.683758
-0.560713	0.0322223
1.19921	0.311413
1.41649	0.252083
2.1335	-0.167038
-0.647623	-0.634199
0.112839	0.515272
0.0476569	0.3742
-0.984399	-0.558231
0.981939	0.339507
1.17749	0.281494
2.39423	0.345545
-0.821443	0.194509
-0.419484	-0.925048
-0.973535	-0.666882
1.85104	0.315537
-0.365165	0.423876
-0.332574	0.238438
0.482207	0.521062
-0.0935718	0.212166
0.112839	0.0917134
0.395297	0.148319
0.732073	-0.260317
-0.723669	0.220397
-0.289119	-0.59777
-0.397757	0.0610907
-0.962671	-0.751844
-0.777988	-0.872578
-0.0609805	-0.297892
1.07971	0.334017
-0.886625	0.0529177
-0.49553	-0.575975
2.26386	0.552021
-0.571577	-0.0849987
-0.00666181	0.686127
-0.734533	-0.317242
-0.039253	0.376054
-0.58244	0.505318
0.677754	0.573796
2.36163	0.34485
-0.549849	-0.192321
-0.223937	0.473861
1.19921	-0.257374
0.145431	-0.252754
-0.32171	0.0933095
-0.919216	-0.0161984
-0.0718443	0.235152
-0.0935718	0.315162
-0.636759	-0.367966
-0.473803	0.437999
-0.0935718	-0.14094
2.17695	0.449658
0.0585207	0.304802
0.427888	0.803486
-0.84317	-0.746677
2.50286	0.422128
-0.799715	0.0584355
1.37303	0.442713
-0.908353	-1.0887
-0.734533	-1.02474
-0.278255	-0.591985
-0.973535	-0.778622
-0.169618	-0.293849
-0.951808	-0.243154
-0.897489	0.787907
-0.289119	-0.21406
-0.571577	-0.114449
-0.788851	-0.388653
-0.919216	0.31023
-0.832306	-0.575457
-0.365165	0.443213
0.775528	0.398273
-0.299983	0.194103
0.232341	0.766822
-0.973535	-0.273552
-0.984399	-0.321752
0.330114	0.5693
0.460479	0.4678
-1.00613	-0.298171
0.286659	0.49556
-0.875761	-0.321929
1.06885	0.340575
-0.886625	-0.810274
0.905893	-0.358995
-0.854034	-0.515947
0.688618	0.14699
-0.897489	0.0131412
0.721209	0.0828795
0.590844	-0.193244
-0.452075	0.138229
0.710345	0.283814
0.384433	0.905739
1.09058	0.280628
-0.49553	0.01231
0.406161	-0.178736
-0.2348	0.244294
-0.951808	0.400962
-0.788851	-0.572848
-0.517258	0.433561
2.05745	0.365001
-0.137027	0.19277
-0.604168	0.463239
-0.245664	0.583727
-0.940944	-0.710728
-0.777988	-1.19292
-0.962671	-0.873909
-0.278255	-0.535377
-0.875761	-0.326213
0.188886	0.359447
-0.875761	-1.32644
-0.810579	0.075514
-0.32171	-0.400535
-0.549849	0.097178
0.319251	0.0528256
1.00367	0.611881
0.243204	0.51216
2.54632	0.441845
0.167158	0.293657
-0.832306	-0.571107
0.449616	0.511577
-0.202209	0.0208827
-0.75626	-0.143403
0.286659	0.168007
-0.2348	0.649429
0.569117	0.181281
0.569117	0.471084
-0.528122	-0.354391
0.710345	0.414066
-0.940944	-0.732707
-0.636759	0.136957
-0.767124	-0.763991
-1.01699	-1.55861
0.417024	0.5636
-0.180482	0.0457405
-0.49553	-0.305197
0.417024	-0.384374
-0.58244	0.184963
-0.951808	-0.495857
1.75326	0.564026
-0.484667	-0.250881
2.1335	0.568395
-0.484667	0.410565
-0.299983	0.604638
-0.799715	-0.517474
-0.256528	0.0925729
-0.137027	-0.0451179
0.243204	0.360134
-0.864898	-0.158627
-0.680214	0.356073
0.0259294	0.462333
-0.082708	0.273427
1.18835	0.599267
-0.680214	-0.0319545
-0.0283893	0.203573
3.13296	0.464975
0.00420194	0.605662
-0.701941	-0.422438
0.558253	0.315264
-0.549849	-0.682332
2.55718	0.657341
-0.58244	-0.000613122
0.373569	0.141122
4.30625	0.588817
-0.441212	0.314734
1.2644	0.565351
-0.58244	-0.31648
-0.962671	-0.315116
0.992803	0.392939
-0.2348	-0.631132
1.67722	0.663636
-1.02785	-0.261597
-0.995263	0.496738
0.286659	0.0667133
0.199749	0.113211
-0.864898	-0.493867
-0.386893	-0.18503
-0.767124	0.29999
-0.571577	0.276045
0.0693844	0.47016
-0.604168	0.0350649
-0.256528	0.278409
0.558253	0.449112
-0.343438	-0.311015
0.254068	-0.628262
0.895029	0.717234
-0.919216	-0.517263
-0.223937	-0.328103
-0.354302	-0.245446
0.7538	0.460777
-0.973535	-1.03584
-0.571577	0.0344357
0.57998	-0.370374
2.26386	0.441675
4.06724	0.430918
0.0802482	0.138164
-0.430348	0.289229
-0.940944	0.136415
-0.49553	-0.147006
-0.625895	-0.360593
-0.528122	-0.767363
-0.734533	0.570791
-0.256528	0.135527
-0.854034	-0.650657
-0.93008	0.0356168
-0.658487	-0.71648
0.395297	0.43969
2.36163	0.351642
1.25353	-0.0503738
0.0259294	0.490667
-0.864898	-0.0384154
-0.821443	-0.510123
0.57998	0.645779
-0.2348	-0.209969
-0.58244	0.785343
1.22094	0.417
2.64409	0.342039
-0.973535	-1.01102
-0.365165	-0.29196
-0.908353	0.430009
1.18835	-0.0242598
-0.615032	0.251865
0.916757	0.476389
-0.897489	-0.611971
-0.517258	-0.705434
-0.886625	-0.392711
0.123703	0.444349
-0.658487	-0.432566
-0.691078	0.357233
-0.723669	-0.935077
-0.701941	0.526685
-0.691078	0.32857
-0.636759	0.260151
0.49307	0.41194
-0.680214	0.423365
-0.506394	-0.682619
-0.821443	-0.907945
0.0585207	0.343189
-0.940944	-0.200964
0.210613	0.472651
-0.908353	-0.682449
0.0150657	0.327306
0.775528	0.618159
0.732073	0.250427
-0.299983	-0.693799
-0.2348	0.311212
-0.40862	-0.201065
-0.897489	-0.914392
-0.32171	-0.782479
1.02539	0.19577
1.27526	0.522667
-0.58244	-0.209632
-0.58244	0.413812
0.623435	-0.0811563
0.373569	0.595455
-0.908353	0.047992
1.8619	0.239318
0.742937	0.392057
1.9814	-0.170812
-0.191345	-0.150449
-0.430348	-0.635579
-0.0283893	0.163517
0.101976	0.344845
-0.517258	-0.0588379
0.818983	0.562509
0.384433	-0.0212242
-0.0283893	0.0854477
0.406161	0.379019
-0.788851	0.355058
0.460479	0.314544
-0.419484	-0.269657
1.12317	0.201257
-0.821443	0.247737
0.0911119	0.732926
0.460479	0.2495
-0.897489	0.280959
0.221477	0.115153
-0.919216	0.121559
-0.0935718	0.300532
0.101976	-0.0740881
1.01453	0.416387
-0.419484	-1.07949
-0.886625	-0.5565
-0.723669	-1.2413
-0.039253	0.00862356
-0.180482	-0.0820011
-0.40862	-0.177764
-0.430348	0.221934
-0.397757	-1.16641
-0.984399	0.209276
-0.767124	0.381497
1.61204	0.275295
-0.289119	-0.57967
0.916757	0.699966
2.40509	0.0929501
-0.886625	-0.616855
-0.625895	0.367049
1.31872	0.492445
1.31872	0.393554
-0.745396	-0.772489
-0.191345	0.296398
-0.462939	-0.0960194
-0.940944	-0.499392
-0.039253	0.0775499
-0.354302	0.203385
0.0150657	0.401892
-0.691078	0.195168
0.178022	0.493893
-0.289119	-0.818332
-0.452075	-0.00203894
0.0150657	-0.778556
1.28612	-0.37503
0.601708	0.437952
-0.430348	-0.635579
0.558253	0.370419
0.66689	-0.610739
-0.625895	-0.393676
0.156294	-0.102946
-0.397757	0.262472
0.178022	0.246809
-0.940944	-1.24685
-0.66935	0.26158
-0.636759	-1.23022
-0.0718443	0.559129
0.612572	0.0888482
-0.908353	-0.402835
-0.517258	0.126452
0.7538	0.144107
0.254068	0.524416
-0.767124	0.303229
-0.984399	-0.220358
-0.549849	0.390072
0.101976	0.638237
1.6229	0.60102
-0.810579	-0.550428
0.797255	0.105871
-0.039253	0.301386
-0.213073	-0.602229
-0.832306	0.436385
-0.223937	0.328051
0.677754	0.502587
-0.691078	0.121351
-0.897489	-0.8387
-0.397757	-0.0728441
0.536525	0.538335
-0.386893	0.688987
-0.343438	-0.850183
-0.104436	0.125679
-0.473803	0.0636386
2.51373	-0.150936
-0.84317	-0.665446
1.36217	0.57722
1.35131	0.0417232
1.18835	0.192319
0.514798	-0.696095
-0.962671	-0.70779
-0.701941	0.194532
-0.832306	0.296796
-0.940944	-0.530994
-0.40862	0.0264088
-0.560713	0.355588
-0.984399	-0.59614
-0.962671	-0.611149
-0.919216	-1.47445
0.699482	0.261682
-0.49553	-0.129453
-0.0718443	0.24986
-0.908353	-0.337118
0.558253	0.450822
0.00420194	-0.198844
0.340978	0.409042
-0.0609805	0.31218
-0.951808	-0.661186
0.66689	-0.216723
-0.267392	0.168387
0.384433	-0.24735
0.775528	0.156558
-0.571577	-0.695049
-0.897489	0.00653465
-0.658487	0.302049
-0.919216	-0.420095
-0.158754	0.547884
-0.886625	-0.519496
-0.962671	-0.628155
-0.810579	-0.708154
-0.875761	-0.254154
-0.832306	-0.12664
1.47081	-0.0158999
1.57945	0.260689
-0.984399	-0.643775
-0.104436	-0.666388
-0.191345	0.566094
-0.832306	-0.284372
-0.691078	-0.370222
0.0476569	-0.710784
0.0367932	0.239773
-0.473803	0.172437
0.254068	-0.109818
-0.58244	-0.0270447
-0.701941	0.602401
0.84071	0.581136
-0.919216	-0.777574
-0.680214	-0.480666
-0.169618	0.402864
-0.93008	-0.22129
0.514798	0.463047
-0.191345	0.355161
-0.473803	-0.367814
-0.658487	-0.4155
0.112839	0.0731084
-0.908353	-0.31266
0.0150657	-0.436657
-0.810579	-0.00691497
0.656027	0.0184699
-0.169618	-0.00816825
-0.593304	-0.644649
-0.299983	0.114379
0.0585207	-0.236856
0.558253	-0.173575
-0.897489	-0.783565
-0.799715	-0.21221
0.199749	0.391342
1.89449	0.229375
-0.93008	-0.300207
0.112839	0.0570225
-0.767124	0.482902
-0.940944	-0.445821
-0.430348	-0.482276
1.67722	0.0997359
2.81791	0.317267
0.156294	0.468507
-0.430348	0.256847
-0.506394	0.455575
-0.039253	-0.28114
-0.66935	0.0868306
-0.0283893	0.591175
-0.864898	0.0760802
0.699482	0.180485
-0.908353	-0.579216
-0.256528	0.455335
-0.0175256	0.541262
-0.723669	-0.683564
-0.397757	-0.234749
-0.202209	0.0605655
-0.995263	-0.703034
1.40563	0.298931
3.52406	0.124761
2.60064	0.236617
0.264932	0.373803
-0.0175256	0.541352
-0.267392	-0.143198
-0.886625	0.411064
-0.777988	0.193785
0.362706	0.611124
2.24213	0.581261
-0.940944	-0.107421
1.2644	0.35197
3.7196	0.267839
-0.484667	0.0841758
-0.951808	-0.824315
-0.962671	-0.0819172
0.330114	0.12594
1.23181	0.265118
0.862438	0.392518
-0.571577	0.285714
-0.897489	-0.221566
-0.691078	-0.0535052
0.536525	0.400966
-0.919216	-0.863512
0.7538	0.360987
0.156294	-0.35942
-0.484667	-0.32531
-0.734533	-0.303889
-0.951808	0.539407
0.938484	0.0845481
-0.93008	-1.19741
-0.799715	-0.464684
2.01399	0.405588
-0.940944	-0.682214
0.0693844	0.21924
0.340978	-0.301419
4.50179	0.293257
0.829847	0.422601
0.167158	0.140087
-0.886625	-0.613391
-0.365165	0.00811788
-0.886625	-0.469171
-0.66935	0.301022
-0.940944	-0.869071
0.558253	0.644712
0.710345	0.283814
-0.560713	0.489291
-0.75626	-0.483269
0.590844	0.562599
-0.93008	-1.18457
-0.441212	0.30355
1.65549	0.353925
2.47027	0.500608
0.536525	0.161119
-0.386893	0.506234
-0.126163	0.402079
-0.40862	-0.351842
1.43822	0.239398
-0.137027	0.458438
-0.571577	0.46905
-0.191345	0.0888452
-0.810579	-0.614261
-0.528122	0.114435
-0.908353	-0.602436
2.57891	-0.0197979
-0.767124	-0.121955
-0.039253	-0.201476
-0.897489	-0.776481
-0.854034	-0.375672
-0.745396	-0.818498
2.66582	0.490846
-0.864898	-0.622294
0.210613	0.434283
-0.951808	-0.471218
-0.441212	0.0112686
-0.788851	0.193526
-0.571577	0.610029
0.645163	0.282945
-0.082708	0.248775
-0.104436	-0.202516
0.981939	-0.18462
-0.854034	0.346803
-0.821443	-0.640892
-0.126163	-0.0314049
0.775528	0.0274286
-0.158754	0.298153
2.51373	0.4926
1.2644	0.293966
-0.615032	0.57882
1.21008	0.570995
-0.734533	-0.248923
-0.49553	0.239927
-0.332574	0.419152
-0.354302	0.296806
-0.376029	0.252649
-0.810579	-0.677239
0.449616	0.359343
-1.01699	-0.58082
0.297523	0.386253
0.362706	0.128632
-0.854034	-0.502963
-0.897489	-0.257269
-0.93008	-0.193785
0.221477	-0.490553
-0.137027	0.198191
-0.723669	-0.12693
-0.864898	-0.893035
-0.462939	0.484075
1.01453	0.0762681
-0.995263	-0.422977
-0.886625	0.0459314
-0.289119	0.136832
-0.864898	-0.977507
-0.745396	-0.590183
0.938484	0.396207
-0.875761	-0.578555
-0.919216	-0.453482
-0.864898	-0.0559584
-0.84317	-0.35229
-0.897489	-0.242291
1.41649	0.184747
0.0150657	0.461742
-0.289119	0.344729
-0.278255	0.304515
-0.354302	0.14775
-0.0175256	0.477129
1.84017	0.674814
-0.658487	-0.236886
4.05638	0.112982
-0.875761	-0.0392735
0.264932	0.618078
0.482207	0.242267
2.3725	0.382009
-0.962671	-1.18084
7.72832	0.695091
-0.354302	0.476091
-0.854034	0.268301
-0.310847	0.0428868
-0.32171	0.0291164
0.862438	0.528048
-0.962671	-0.503221
1.47081	-0.128229
-0.528122	0.0738268
-0.962671	-0.234117
-0.875761	0.277048
-0.473803	0.102717
-0.104436	-0.0492317
-0.473803	-0.324837
-0.40862	-0.188867
-0.137027	-0.171358
0.634299	-0.361218
-0.799715	0.42235
0.0585207	0.106235
-0.777988	0.0563255
-0.636759	0.262768
1.77499	0.366245
0.145431	-0.431
0.710345	0.585312
0.101976	0.495405
-0.58244	-0.245741
-0.75626	0.300682
1.43822	0.888621
0.0585207	0.616959
-0.213073	-0.0590761
-0.354302	-0.283483
-0.951808	0.127832
-0.365165	-0.0313635
0.66689	0.123469
1.07971	0.35803
1.1449	0.438955
0.482207	0.259304
1.30785	0.403184
-0.126163	0.579171
-0.84317	-0.11032
0.0585207	0.466173
0.0693844	0.563955
2.18781	0.395279
3.65442	0.517315
-0.310847	0.310211
-0.875761	-0.222847
-0.973535	-0.594341
-0.484667	-0.492414
-0.452075	0.1199
0.373569	-0.47419
-0.940944	-0.853658
0.264932	0.450644
0.0367932	-0.0323717
-0.875761	-0.367361
0.938484	-0.0093101
-0.169618	-0.647809
-0.832306	-0.808587
-0.66935	0.093146
-0.734533	-0.267458
-0.289119	-0.220632
-0.528122	-0.216421
-0.951808	-1.29311
-0.767124	0.0813961
0.960212	0.455624
3.4806	0.512456
-0.777988	-0.965716
-0.951808	-0.281426
0.645163	-0.0185956
1.51426	0.450182
-0.788851	-0.521818
-0.0609805	0.00669874
-0.376029	-0.131186
-0.2348	0.347593
-0.289119	0.011365
0.503934	0.576908
2.38336	0.503175
-0.0935718	0.442658
-0.886625	0.299216
4.61043	0.893876
-0.951808	-0.647155
-0.560713	0.48763
-0.723669	0.35112
-0.58244	-0.166367
0.829847	0.578533
1.68808	0.557966
-0.213073	0.194366
-0.386893	0.0791266
1.90536	0.337071
-0.723669	0.0656998
-0.180482	0.671843
0.145431	0.465309
-0.84317	-1.00962
-0.517258	-0.528988
-0.604168	-0.836565
-0.462939	0.297339
-0.962671	-0.411128
1.25353	0.383351
0.460479	0.45859
0.884165	0.504987
0.0911119	-0.578745
0.188886	0.359447
0.981939	0.206805
-0.49553	0.0048596
0.818983	0.322613
0.471343	0.121184
-0.137027	0.458438
0.0585207	0.302544
2.51373	0.4926
-0.137027	-0.491088
-0.636759	-0.322251
-0.615032	0.19047
-0.995263	-0.660238
0.0367932	-0.538922
-0.777988	-0.839759
-0.777988	-0.262235
0.286659	0.537393
0.340978	0.162606
0.112839	0.353603
-0.310847	-0.2413
0.438752	0.327321
0.960212	0.469867
-0.864898	-0.371235
1.25353	0.666185
0.210613	0.375381
-0.886625	-0.558452
0.92762	0.681578
0.101976	-0.609779
-0.810579	0.321085
-0.799715	-0.203237
-0.32171	-1.01907
-0.75626	-0.0342715
0.286659	-0.356843
-0.32171	0.00283761
-0.864898	-1.01658
2.19868	0.345956
1.8619	0.527241
0.351842	-0.256272
0.254068	-0.260737
-0.908353	-0.235555
-0.0501168	0.416276
-0.484667	0.432682
-0.962671	0.135214
-0.712805	0.514362
-0.951808	-0.117935
-0.104436	0.129082
-0.712805	-0.383102
-0.430348	-0.00852708
0.362706	0.686679
-0.365165	0.457015
-0.886625	0.28322
-0.473803	-0.230176
-0.777988	-0.680856
-0.84317	-0.714618
1.06885	0.429281
0.699482	0.362589
-0.604168	-0.407729
-0.951808	-0.577375
0.156294	-0.926746
-0.354302	0.0657214
-0.0935718	0.32599
0.275796	0.228144
-0.517258	0.560068
-0.386893	0.0957037
0.797255	0.329055
-0.14789	0.302801
6.53331	0.757716
1.10144	0.496293
-0.951808	-0.26783
-0.213073	0.401065
0.00420194	-0.710719
0.7538	0.532193
-0.278255	0.44248
-0.419484	0.345166
-0.571577	-0.0854986
-0.723669	-0.0711899
-0.66935	-0.298797
-0.14789	-0.785069
2.65496	0.501775
0.66689	-0.0003507
1.48167	0.294678
-0.267392	-0.676065
-0.680214	-0.714282
-0.593304	-0.106829
0.623435	-0.281222
-0.788851	0.442132
-0.615032	-0.487881
0.656027	0.537611
0.199749	0.326517
0.677754	0.40239
-0.919216	-1.26065
-0.788851	0.344385
-0.00666181	0.295937
1.84017	0.290166
-0.386893	-0.112676
0.0585207	0.508423
-0.419484	0.608039
0.558253	-0.0719582
0.525662	0.141485
1.09058	0.524386
-0.854034	-0.931146
-0.897489	0.199435
-0.864898	-0.0922156
-0.680214	-0.438023
-0.723669	0.118728
-0.962671	0.249026
0.851574	-0.0294511
-0.0175256	0.459041
-0.180482	0.731909
0.123703	-0.0852827
-0.995263	-0.297497
0.786392	0.235209
-0.0718443	0.389434
-0.973535	-0.863432
-0.115299	0.0897677
0.0259294	0.139673
-0.897489	-0.924622
-0.0609805	-1.21988
-0.0718443	0.501263
-0.441212	0.618638
-0.386893	-0.864272
0.960212	0.0712038
-0.788851	-0.177911
-0.75626	0.0545998
1.81845	0.254402
1.47081	0.296451
-0.897489	-0.172701
0.0802482	0.086247
-0.267392	-0.249189
-0.14789	0.240241
0.210613	0.120343
0.0150657	0.222608
-0.0935718	0.134666
0.66689	0.131455
-0.745396	-1.28006
2.20954	0.272181
2.56805	0.637544
-0.604168	0.168715
0.101976	0.249549
0.232341	0.101163
-0.777988	-0.0467405
-0.517258	-0.443016
-0.636759	-0.236703
0.569117	0.384179
-0.278255	0.113317
-0.169618	0.255296
-0.32171	0.26926
0.634299	0.602371
4.07811	0.260138
-0.908353	-1.69618
0.503934	0.513916
-0.680214	-1.45575
-0.289119	-0.323564
1.36217	0.358198
-0.191345	0.213783
1.30785	0.179032
-0.951808	-0.733129
1.75326	0.382675
0.84071	0.270961
1.8619	0.527241
-0.40862	0.612471
-0.75626	0.333394
1.13403	0.512308
0.569117	-0.237359
-0.875761	-0.218338
-0.940944	-1.22277
-0.256528	-0.417165
0.221477	0.143025
-0.256528	0.0585037
-1.02785	-0.726275
2.89396	0.324197
-0.832306	0.00364972
-0.223937	-0.0898699
-0.267392	0.34353
0.0476569	0.361432
-0.0718443	0.0409668
-0.473803	0.257911
2.22041	0.288667
1.97054	0.019993
-0.604168	0.1317
0.188886	-0.112817
0.710345	-0.191462
-0.299983	0.196935
-0.777988	-1.15402
-0.484667	-0.241293
-0.951808	-0.817294
1.19921	0.765017
-0.104436	0.117083
0.677754	-0.185366
-0.777988	-0.0970654
-0.245664	0.548516
-0.137027	0.171389
0.569117	0.414918
1.44908	0.434517
-0.506394	0.358456
-0.875761	-0.564681
1.8619	0.136359
-0.84317	-0.311717
-0.810579	0.120662
2.06831	0.365659
-0.462939	0.223498
-0.777988	-0.0620867
-0.93008	-0.106212
-0.680214	-0.411567
-0.0935718	0.0492539
-0.191345	-0.553831
-0.49553	0.488203
-0.908353	-0.73881
1.90536	0.575807
0.862438	0.392518
-0.951808	-0.79815
-0.886625	-0.97332
0.449616	0.579986
-0.658487	-0.180746
-0.484667	-0.0844432
-0.40862	-0.351842
-0.940944	-0.237925
-0.919216	-0.0956887
-0.84317	-0.665446
-0.897489	-0.292789
0.851574	0.295864
-0.517258	0.219501
-0.343438	0.187688
-0.0609805	-0.536609
-0.223937	0.042107
-0.0501168	0.299092
-0.169618	-0.107809
-0.973535	-0.555981
2.05745	0.36143
-0.940944	0.183392
0.0802482	0.544968
-0.984399	-0.334722
-1.00613	-0.259544
-0.93008	-0.635035
-0.940944	-0.506187
2.20954	0.634812
-0.039253	0.0804982
0.0367932	0.290069
-0.75626	0.029729
-0.2348	0.374938
-0.995263	-0.753742
-0.810579	-0.463139
-0.571577	-0.925762
-0.299983	0.155919
-0.430348	0.628178
-0.082708	0.722297
-0.940944	-0.443678
-0.984399	-0.600536
-0.419484	0.263285
-0.788851	-0.445391
1.07971	0.518518
0.243204	0.488645
0.362706	-0.505467
0.101976	0.399326
-0.799715	0.415417
-0.00666181	0.0760793
-0.571577	-0.112319
-0.84317	0.0493001
1.39476	0.310039
-0.538985	0.264647
-0.658487	0.50192
0.417024	0.741949
-0.93008	-0.915396
-0.984399	-0.568205
-0.386893	-0.425117
-0.810579	0.318041
-0.636759	-0.437882
-0.940944	-0.748495
-0.886625	-0.591997
1.53599	0.416697
-0.310847	0.378852
-0.940944	-0.523745
0.417024	0.416972
-0.886625	-0.525458
1.52513	0.458085
-0.115299	0.360725
0.134567	-0.144764
0.167158	0.39798
0.873302	0.677022
0.340978	0.453048
-0.256528	-0.122095
-0.343438	-0.467152
-0.897489	-0.685102
0.0476569	-0.344922
-0.647623	0.280748
-0.386893	0.107374
-0.158754	0.420659
1.10144	0.481607
-0.560713	0.388406
0.645163	-0.0859518
-0.625895	0.0740712
-0.810579	0.159501
2.45941	0.557482
0.0693844	0.254662
-0.940944	-0.483905
-0.875761	-0.94208
-0.93008	-0.306274
-0.365165	0.0898923
-0.32171	0.289425
-0.452075	-0.163801
-0.995263	-0.339626
-0.767124	0.489002
1.57945	0.30743
-0.93008	-0.151508
0.221477	0.358224
3.69788	0.505826
-0.799715	-0.874735
-0.810579	-0.00691497
-0.0175256	0.0675378
-0.886625	0.220483
1.37303	-0.285331
-0.0718443	0.339743
-0.245664	0.296285
-0.462939	0.256057
4.24106	0.473601
0.699482	0.272245
-0.49553	-1.08241
-0.691078	0.538935
-0.289119	0.367773
-0.973535	-0.138233
-0.452075	-0.397774
0.677754	0.296013
0.199749	-0.664759
-0.962671	-0.500557
0.0693844	-0.38119
0.145431	0.276745
1.89449	0.388949
1.04712	0.205157
1.7424	0.649326
0.677754	0.491167
0.384433	0.520657
-0.897489	-0.413935
-0.158754	0.417132
-0.864898	0.254602
-0.962671	-0.760506
-0.908353	-0.480732
-0.386893	0.420818
-0.919216	-0.342323
0.818983	0.462027
-0.571577	-0.165311
-0.104436	-0.048184
0.525662	0.385599
-0.680214	0.415935
0.0150657	0.400185
-0.940944	-1.14276
0.775528	0.581265
-0.919216	-0.863512
-0.919216	-0.738652
-0.940944	0.34807
-0.767124	0.0847036
-0.821443	-0.0419258
0.558253	0.317927
-0.082708	-0.461465
1.34044	0.146481
-0.680214	-1.15277
-0.636759	0.572925
0.862438	0.166506
0.188886	-0.0989019
0.525662	0.0899566
1.00367	0.573629
-0.821443	-0.653068
-0.962671	-0.190473
-0.680214	0.368727
-0.875761	0.245478
-0.14789	-0.392219
0.57998	-0.348627
-0.506394	-0.256465
0.340978	0.397095
-0.777988	0.0529296
-0.886625	-0.216087
0.384433	0.00180914
-0.886625	-0.97332
1.3839	0.597876
-0.788851	-0.627763
-0.940944	-0.282935
1.70981	0.636041
3.15469	-0.0139192
-0.777988	-0.0540221
0.340978	0.440035
0.0259294	-0.325095
-0.691078	-0.723018
-0.462939	-0.174261
-0.897489	0.787907
-0.745396	-0.5338
1.70981	0.565025
-0.386893	-0.509939
0.123703	0.350053
-0.647623	-0.0369387
-0.821443	-0.246593
-0.962671	-0.271818
-0.191345	0.512937
-1.00613	-0.586298
-0.419484	-1.44832
-0.93008	0.0679644
2.70927	-0.0695277
-0.419484	-0.320933
-0.0283893	0.0708319
0.0150657	0.400185
-0.267392	-0.0239969
-0.419484	0.436781
-0.289119	0.473949
-0.40862	0.407672
0.818983	-0.0567501
0.330114	0.030934
-0.712805	0.373446
2.89396	0.617366
-0.940944	-1.18813
-0.712805	0.451406
-0.180482	-0.206044
-0.854034	-1.64578
0.210613	0.0702421
0.895029	0.364211
0.547389	0.503622
-0.625895	-0.650157
-0.484667	-0.258569
-0.647623	-0.169891
3.03519	0.821573
-0.701941	0.177335
-0.897489	-0.783565
-0.386893	0.207093
-0.940944	0.379223
-0.245664	0.313745
1.16662	0.0489395
-0.0283893	0.212163
2.33991	0.494282
-0.93008	-0.151508
0.438752	-0.0570265
0.145431	0.233411
-0.940944	-0.0534824
-0.506394	-0.751831
0.590844	0.0724795
0.0693844	0.341107
-0.75626	-1.08769
-0.962671	0.189939
0.514798	0.194393
-0.289119	0.415907
-0.995263	-0.882168
0.156294	0.316633
-0.0175256	-0.158192
2.03572	-0.949053
-0.397757	-0.00243049
-0.202209	0.14403
0.905893	0.395652
-0.962671	0.393143
-0.593304	0.259295
0.742937	0.0944259
1.18835	-0.0242598
2.02486	0.40073
-0.14789	-0.495637
2.93741	0.417292
0.438752	0.0308939
-0.93008	-0.0412716
0.156294	0.370685
-0.615032	0.318131
0.123703	0.340359
0.818983	0.441006
0.656027	0.45632
0.406161	0.0559352
0.699482	0.288759
-0.745396	-0.282139
2.81791	0.0274738
0.49307	0.252523
-0.256528	-0.14725
-0.441212	-0.109763
0.449616	0.1447
-0.419484	-0.383635
-0.658487	-0.634297
-0.310847	-1.06483
3.58924	0.471145
1.30785	0.140908
-0.0609805	-0.0785298
-0.777988	0.0740915
-0.473803	-0.361405
-0.864898	-0.806555
-0.995263	0.13592
2.00313	0.671278
-0.452075	0.44685
1.54685	-0.0892353
-0.397757	-0.271406
2.94828	0.528665
0.0259294	0.450133
-0.213073	0.442388
0.49307	0.329413
-0.810579	-0.524931
-0.984399	-1.37014
-0.223937	0.126498
0.145431	0.396031
-0.897489	-0.873604
-0.647623	-0.647962
-0.430348	-0.450708
0.0150657	0.0225139
0.0693844	0.405466
-0.680214	0.492515
-0.0609805	-0.198275
-0.126163	0.0462415
0.264932	0.190201
-0.278255	-0.317504
-0.897489	-0.578235
-0.126163	0.263795
-0.897489	0.00231935
-0.995263	-0.724263
-0.886625	0.427544
0.710345	0.498633
-0.593304	0.514989
-0.169618	-0.561846
0.0367932	-0.614574
1.97054	0.0690692
-0.58244	-0.306096
-0.365165	-0.572878
-0.712805	0.48323
-0.636759	-0.011638
-0.701941	-0.17097
-0.995263	-0.585833
1.82931	0.382063
0.688618	-0.0433313
-0.799715	0.112404
-0.973535	-0.147843
-0.0501168	0.164853
-0.32171	0.292823
-0.538985	0.150554
-0.115299	-0.833454
0.319251	0.53569
-0.777988	0.430983
-0.962671	-1.30657
-0.299983	-0.000126806
0.775528	0.581265
-0.821443	0.257016
-0.0935718	0.299576
-0.951808	-1.06022
-0.32171	0.501554
-0.919216	-0.88505
-0.734533	0.00658841
0.264932	0.614294
0.243204	-0.207992
-0.354302	0.238997
-0.506394	0.259442
-0.549849	0.0395147
-0.365165	-0.468496
-0.299983	-0.432974
-0.506394	0.547562
-0.864898	-0.481159
-0.799715	0.0476266
-0.995263	-1.12364
0.471343	0.180086
-0.571577	0.231494
-0.49553	0.270286
-0.995263	-0.4195
-0.310847	0.0523956
-0.832306	-0.783383
-0.75626	-0.202433
-0.441212	-0.325231
-0.962671	0.226189
-0.560713	-0.722301
-0.647623	-0.193391
0.525662	-0.508683
-0.0718443	0.0527829
0.547389	-0.130768
0.569117	0.189468
0.438752	0.24628
0.0259294	-0.0569898
-0.886625	-0.718856
-0.213073	0.370901
-0.962671	-0.358296
0.710345	-0.386249
-0.973535	0.339341
-0.777988	0.397916
-0.962671	-0.941116
-0.452075	-0.00965989
0.373569	-0.65295
-0.821443	-0.468831
-0.310847	-0.0939723
-0.560713	0.421116
0.112839	0.0837729
0.156294	-0.0656593
0.427888	0.625779
-0.32171	0.451809
1.95968	0.27763
-0.484667	-0.178957
-0.625895	0.5494
-0.223937	0.0448299
-0.919216	-0.586822
0.221477	-0.131459
-0.549849	-0.192321
1.00367	0.220433
-0.604168	-0.701208
-0.691078	0.546881
-0.951808	-0.522602
-0.0935718	0.218865
0.330114	0.84679
-0.810579	0.324312
-0.788851	0.107791
-0.75626	0.294952
-0.93008	-0.203637
1.55772	0.0482757
1.66636	0.322805
0.427888	0.426759
0.905893	0.610315
1.67722	0.663636
-0.549849	0.583097
-0.810579	-0.724134
-0.158754	0.294192
0.590844	-0.0264676
-0.799715	-0.0796087
-0.32171	0.470377
-0.897489	-0.149003
-0.180482	0.265419
-0.104436	0.535784
-0.32171	-0.472738
-1.02785	-0.156076
0.373569	0.662192
-0.962671	-0.767167
0.0150657	0.189326
6.00099	0.763591
-0.538985	-0.0523495
1.05799	-0.190007
0.569117	0.116555
1.70981	0.306978
-0.528122	0.511997
0.210613	-1.05586
-0.386893	-1.38125
1.52513	0.0585877
-0.919216	-0.522542
0.547389	0.309786
0.221477	-0.708343
1.7424	0.471313
0.199749	-0.231182
0.612572	0.0888482
-0.484667	0.192912
1.31872	-0.350989
-0.560713	0.160723
-0.299983	0.145136
-0.919216	0.369614
-0.40862	0.350424
0.92762	0.383718
-0.84317	-0.327552
-0.452075	-0.0196824
-0.908353	-1.0767
-1.02785	-1.07234
-0.886625	-0.466215
-0.571577	-0.600692
-0.66935	-0.507316
-0.940944	-0.506728
-0.40862	-0.177764
0.0150657	0.374723
-0.647623	-0.428321
-0.49553	-0.379906
0.134567	0.233447
-0.973535	-1.47088
-0.799715	-0.545164
-0.984399	-0.226278
0.862438	0.763559
0.623435	0.288079
-0.462939	-0.402249
1.00367	-0.103154
0.482207	0.451113
-0.864898	-0.107973
-0.180482	0.675699
2.18781	0.454751
-0.919216	-0.868746
1.67722	-0.694881
-0.419484	0.0580743
-0.256528	0.408447
1.5034	0.140479
-0.799715	0.274792
0.49307	0.414507
-0.723669	-0.308972
-0.908353	-0.63568
-0.039253	0.417078
-0.93008	-0.237896
-0.32171	0.105715
0.732073	-0.0257374
-0.517258	-0.0841215
-0.962671	-0.348891
-0.484667	-0.514097
-0.137027	-0.161914
-0.473803	0.00656528
0.254068	0.668622
0.0259294	0.201289
0.351842	0.687244
1.55772	0.427785
-0.973535	0.45323
-0.875761	-0.0214575
-0.332574	0.0349893
-0.919216	-0.164763
0.0150657	0.460524
-0.00666181	0.0347715
0.0802482	0.405704
-0.93008	-0.07081
-0.571577	0.279052
-0.712805	0.312966
0.438752	-0.506861
-0.039253	-0.222165
-0.93008	-0.459416
0.319251	-0.248187
-0.93008	-0.188459
-0.245664	0.296285
1.39476	-0.832827
-0.799715	-0.97595
-0.951808	-0.234015
1.27526	0.343177
0.308387	0.013529
-0.0935718	-0.322888
-0.777988	0.0572878
0.710345	0.0937183
-0.701941	-1.11496
-0.299983	0.791671
0.0911119	-0.223635
-0.799715	0.394801
-0.0175256	0.297323
-0.788851	-1.22562
0.0802482	-0.387181
-0.75626	-0.509598
1.87277	0.086939
-0.940944	-0.09804
0.0259294	0.670233
-0.571577	0.142822
0.471343	0.436259
4.16502	0.153838
-0.104436	0.231232
-0.299983	0.587043
-0.810579	0.0525191
-0.0609805	0.681846
-0.299983	0.456739
-0.832306	0.146683
1.28612	0.398815
-0.973535	-0.877883
-0.365165	0.253649
3.51319	0.48757
0.362706	0.634152
-0.169618	-0.226699
0.449616	0.045729
0.275796	-0.424153
0.167158	0.293657
-0.343438	0.166566
-0.58244	0.563087
-0.40862	0.329167
-0.767124	-0.545368
0.938484	-0.0187354
-0.973535	-0.0630677
-0.528122	0.376072
-0.376029	0.363194
1.82931	-0.0763866
2.42682	0.394677
-0.104436	0.350999
-0.810579	0.393273
0.232341	0.316098
2.91569	0.460375
-0.864898	-0.0886966
-0.604168	-0.356099
-0.821443	-0.200328
0.482207	-0.00305597
0.992803	0.110096
-0.93008	0.286172
-0.571577	-0.816618
2.97	0.449889
-0.962671	-0.687386
0.960212	0.470217
0.395297	0.360379
-0.940944	-1.00854
-0.082708	0.488337
-0.821443	-0.455878
-0.658487	-0.0664606
1.85104	0.410992
-0.462939	0.370971
1.52513	0.605071
-0.299983	0.272366
0.156294	0.276421
-0.940944	-0.853658
-0.0175256	0.297323
-0.376029	0.280282
-0.40862	-0.856738
-0.430348	-0.0553326
-0.995263	-0.482249
-0.376029	-0.00204953
-0.223937	0.382979
-0.462939	0.322039
0.764664	0.390765
0.514798	0.481058
-0.452075	-0.417653
-0.864898	-0.0384154
-0.691078	-0.568118
-0.940944	-0.315144
0.960212	-0.21239
-0.821443	-0.993684
-0.723669	-1.40191
1.66636	0.200057
1.06885	-0.0709368
-0.202209	0.0444885
0.112839	0.499318
-0.104436	0.277388
-0.962671	0.341812
1.02539	0.36977
-0.49553	-0.516501
0.84071	0.0146596
0.0259294	-0.0763536
0.286659	0.043698
-0.919216	-1.2056
-0.0501168	0.442412
0.547389	0.207637
-0.908353	-1.03867
1.02539	0.522909
0.0802482	0.0803855
-0.528122	0.250887
-0.571577	0.373222
-0.223937	0.482195
-0.723669	-0.909
-0.75626	-0.0418785
-1.01699	-0.970263
2.6115	0.565022
-0.593304	-0.398421
-0.908353	-0.403532
-0.962671	-0.55278
-0.517258	-0.0505614
-0.940944	-0.50159
-0.256528	0.0985697
-0.115299	-0.0903054
0.547389	0.132553
-0.615032	-0.521781
0.49307	0.466021
-0.343438	-0.331611
0.569117	0.227589
-0.484667	0.522319
-0.419484	-0.132359
-0.549849	0.0820145
-0.810579	-0.52766
1.79672	0.266941
-0.137027	0.322668
0.514798	0.417647
0.905893	0.537303
0.275796	0.425451
0.612572	-0.122781
2.19868	0.608726
0.710345	0.828812
-0.832306	-0.93291
0.0476569	-0.121536
-0.951808	-0.755929
0.547389	0.121484
1.9814	0.473959
-0.712805	0.0129041
0.340978	0.334556
-0.40862	-0.353598
-0.984399	0.405726
0.178022	0.176965
-0.767124	-0.572872
-0.593304	0.390927
0.992803	0.0696745
-0.767124	-0.944172
-0.571577	-0.260295
-0.864898	-0.158641
-0.875761	-0.193195
-0.223937	0.362635
-0.158754	0.138394
-0.310847	-0.256505
-1.00613	-0.27783
-0.962671	-0.798481
-0.0935718	0.207779
-0.93008	0.260572
-0.441212	0.292924
-0.712805	-0.564194
-0.691078	0.481081
1.3839	-0.0324747
-0.354302	0.187854
0.558253	0.00194098
0.612572	0.0483632
2.76359	0.652977
0.590844	0.36961
-0.886625	0.205196
-0.897489	-1.09998
0.167158	0.140087
0.57998	0.170937
0.308387	0.397304
-0.875761	-1.4543
-0.213073	-0.644261
-0.615032	-0.622486
0.590844	0.0809149
0.0911119	0.437956
1.1449	0.40656
-0.821443	-0.183147
-0.289119	0.0833626
-0.788851	0.280135
-0.419484	0.779012
-0.310847	0.418494
1.3839	0.0784409
-0.386893	-0.231751
-0.821443	0.38315
-0.995263	-0.547386
-0.691078	-0.0811442
-0.625895	-0.457461
0.7538	0.424706
-1.00613	-0.259544
-0.191345	-0.519603
0.601708	0.589606
1.7424	0.550116
-0.93008	0.0638845
0.0150657	-0.12597
-0.49553	-0.50199
1.93795	0.527807
-0.354302	-0.188479
0.417024	-0.0336185
-0.115299	-0.0702388
-0.658487	0.249635
-0.745396	0.176238
0.145431	-0.589477
-0.767124	-0.343732
-0.40862	0.0497416
-0.854034	0.122286
0.482207	0.557617
-0.886625	-1.38241
-0.180482	0.328086
2.39423	0.405631
-0.169618	-0.813664
-0.169618	0.691634
-0.528122	-0.586453
1.00367	0.220433
0.449616	0.0719515
-0.745396	-0.393616
0.319251	0.318601
-0.995263	-0.7212
-0.00666181	0.0472708
0.775528	0.0712186
-0.528122	0.443246
-0.365165	-0.177816
-0.810579	-0.755804
-0.897489	-0.173382
-0.864898	-0.343008
-0.66935	0.437366
0.0911119	0.207761
-0.40862	-0.345255
0.188886	-0.207823
0.677754	0.786188
-0.908353	-0.537254
-0.962671	-0.613317
0.449616	0.14343
0.808119	0.431654
-0.202209	0.642974
0.0150657	0.3392
1.04712	0.784889
-0.864898	-0.221653
-0.397757	0.0995731
-0.462939	0.288941
0.112839	0.465316
-0.897489	-0.734696
0.286659	0.265346
1.44908	0.364736
-0.332574	-0.0271471
-0.864898	-0.496034
-0.082708	0.481944
0.362706	0.0264549
-0.995263	-0.541999
0.460479	-0.860189
0.417024	0.192725
1.63376	0.234089
-0.734533	0.0482471
-0.180482	-0.176313
-0.245664	-0.0474341
-0.919216	-0.266143
-0.984399	-0.0945277
0.0585207	-0.163039
-0.908353	-0.651736
-0.864898	-0.532493
-0.462939	0.681216
-0.723669	-0.609595
-0.66935	-0.322231
0.101976	0.290742
-0.962671	-1.19276
-0.0501168	0.0758932
0.873302	0.283406
-0.854034	0.395055
-0.310847	-0.224679
-0.517258	0.325011
-0.940944	0.313781
-0.386893	-0.542798
-0.680214	-0.568122
-0.517258	0.398517
-0.538985	0.00879107
0.732073	0.314766
-0.0283893	-0.540449
0.156294	0.316565
1.52513	0.344275
1.7424	0.356683
0.905893	0.393552
-0.452075	0.591173
-0.0175256	0.141702
-0.745396	-0.453599
-0.832306	-0.310047
-0.995263	-0.306207
0.7538	0.322287
0.634299	0.691879
-0.680214	-1.28286
-0.777988	-0.487859
-0.951808	-0.703723
-0.908353	-0.858818
-0.213073	-0.720148
-0.343438	-0.191021
-0.908353	-1.81658
-0.419484	-0.021692
-0.854034	0.437532
-0.506394	0.169642
1.69895	0.547632
1.63376	0.453041
0.775528	0.35938
-0.158754	-0.634459
-0.84317	-0.0420819
0.471343	0.199737
-0.962671	-0.617597
-0.517258	-0.358166
-0.821443	0.400945
0.254068	0.423644
-0.799715	-0.198355
0.308387	0.50048
-0.821443	-0.382063
-0.734533	-1.54125
2.09004	0.52087
4.31711	0.382838
-0.940944	-0.807494
-0.462939	-0.53686
0.482207	0.455909
-0.919216	-0.779869
-0.430348	-0.0287255
0.558253	0.205439
1.7424	0.634462
1.37303	-0.285331
-0.886625	-0.540609
-0.897489	-0.36348
-0.973535	-0.648111
1.43822	0.797857
-0.940944	-0.334408
1.7424	0.471313
1.06885	0.272567
0.178022	-0.302016
0.84071	0.415737
-0.376029	0.391999
-0.528122	0.236435
-0.854034	-0.327888
0.732073	0.250427
2.62236	0.292677
0.742937	0.13672
-0.886625	-0.393896
-0.908353	-0.330093
-0.962671	-1.03894
-0.962671	0.00754326
-0.115299	0.344727
-1.02785	-0.336385
-0.58244	-0.369373
0.916757	0.465357
0.0367932	0.00726501
-0.202209	0.0359995
0.66689	0.0899329
0.797255	0.389701
1.84017	0.429084
2.42682	0.596682
0.0476569	0.412667
1.18835	0.192319
-0.158754	0.422351
-0.886625	-0.462212
-0.886625	0.246483
-0.397757	0.280962
-0.658487	0.0391101
-0.962671	-0.482637
1.39476	0.0837956
0.373569	0.527623
-0.832306	0.33721
0.0802482	0.275783
-0.082708	0.447999
-1.01699	0.157965
0.362706	-0.293496
-0.973535	0.315619
-0.0501168	0.360243
0.178022	0.298404
1.34044	0.657414
-0.462939	0.349312
-0.169618	-0.0651948
-0.897489	-0.604972
2.253	0.312284
2.09004	0.603197
-0.658487	-0.374699
1.32958	0.178333
0.601708	-0.00409653
1.03626	0.175704
-0.49553	0.0432719
0.351842	0.38181
0.0911119	0.443069
0.264932	0.209524
2.97	0.378196
-0.0283893	-0.517669
0.101976	0.208291
0.482207	-0.249296
-0.506394	-0.703952
-0.897489	-1.0723
0.558253	0.4909
0.275796	0.280472
-0.517258	-0.435528
-0.821443	-0.104346
-0.951808	-0.819506
-0.452075	0.26638
-0.137027	0.181832
-0.169618	-0.207108
0.764664	-0.152876
-0.962671	-0.231428
0.895029	0.456332
-0.506394	0.365495
-0.995263	0.125263
-0.810579	0.485134
2.43768	0.143588
1.05799	0.462973
1.94881	0.398629
0.123703	0.0479792
0.427888	0.80644
0.406161	-0.391859
0.0476569	0.30737
-0.984399	-0.701315
0.00420194	0.39652
-0.484667	0.0248635
-0.658487	-0.0203088
-0.66935	-0.694932
1.17749	0.233978
2.731	0.395715
1.45994	0.0821893
-1.01699	-0.498017
1.36217	0.269686
-0.636759	0.190283
-0.940944	-0.884149
0.232341	-0.300757
-0.788851	-0.489299
-0.777988	-0.27636
0.688618	0.0410174
-0.810579	-0.167981
-0.864898	-0.683209
-0.289119	0.367773
-0.821443	-1.01199
-0.886625	-0.591997
2.41595	0.298761
0.460479	0.519223
-0.691078	-0.721791
2.35077	0.75898
-0.40862	0.185908
-0.386893	-0.835817
-0.245664	0.0523068
-0.538985	-1.05512
-0.039253	0.509848
-0.767124	-0.0856377
-0.810579	-0.373557
0.742937	0.0734924
-0.951808	-0.983777
-0.484667	0.374841
-0.32171	-0.235286
0.243204	-0.546554
-0.039253	-0.321126
1.12317	0.0232473
-0.32171	-0.404728
-0.854034	-1.00942
0.525662	0.139248
-0.191345	0.461749
0.178022	0.528249
-0.14789	0.352203
-0.441212	0.153412
-0.777988	-1.23352
0.417024	0.181037
-0.397757	-1.27467
0.0585207	0.360976
0.775528	0.582326
-0.940944	-0.566395
-0.647623	-0.182312
0.992803	0.438937
1.05799	-0.129416
1.92708	0.649346
-0.984399	-0.536517
0.92762	0.522575
-0.604168	0.418795
0.0150657	0.401892
-0.615032	-0.273341
0.188886	0.373846
3.21987	0.513806
0.732073	0.317788
3.33937	0.576032
-0.430348	0.494451
0.427888	0.0685868
-0.137027	-0.118597
-0.256528	-0.0194696
-0.897489	-1.42067
-0.0718443	0.366952
-0.354302	0.0642007
1.32958	0.460691
0.319251	0.647395
-0.180482	0.389765
-0.180482	0.731909
0.101976	0.257216
-0.854034	-0.504931
0.395297	-0.359387
0.362706	0.227401
0.221477	0.346674
-0.256528	0.230386
-0.571577	0.389541
-0.00666181	0.222706
1.59031	0.230885
3.61097	0.516507
0.384433	0.374823
-0.810579	-0.0379786
2.14436	0.450177
-0.441212	-0.296418
-0.897489	-1.0723
-0.14789	0.0491631
0.0476569	0.266512
-0.875761	-0.54633
2.30732	0.368413
-0.897489	-0.85622
-0.897489	-0.452704
-0.386893	-0.126208
1.51426	0.354789
1.67722	0.635998
-0.712805	0.142096
-0.788851	0.320785
-0.58244	0.373455
0.808119	0.451633
-0.571577	-0.383012
0.449616	0.268801
-1.00613	-0.94947
-0.767124	0.392778
-0.430348	0.245397
2.90482	0.170828
-0.777988	-1.24639
3.61097	0.55415
-0.0718443	0.165766
0.297523	-0.125873
-0.0501168	0.333656
-0.560713	-0.0366216
-0.647623	-0.0486663
0.742937	-0.0501934
-0.0718443	0.198681
1.05799	0.426095
2.22041	0.381373
-0.158754	0.294192
-0.84317	-0.162786
0.232341	0.114273
-1.01699	-0.295969
-0.734533	0.308697
-0.75626	-0.463032
0.949348	0.230977
-0.430348	-0.791514
0.949348	0.4656
0.0259294	-0.091671
-0.419484	0.547995
0.0150657	0.42109
-0.940944	-0.683097
-0.984399	-1.22714
-1.03872	-1.34448
-0.40862	0.114312
-0.886625	-0.181226
-0.886625	-0.337057
0.362706	0.268886
-0.082708	0.392971
-0.984399	-0.259199
1.7424	0.124061
-0.995263	0.024154
0.286659	0.712917
2.09004	-0.00413844
0.92762	0.351165
0.210613	0.26182
-0.973535	0.44776
-0.821443	-0.960587
-0.864898	-1.62783
-0.115299	0.483376
0.0585207	0.0106889
-0.180482	0.16635
0.178022	0.400428
2.30732	0.30023
-0.126163	-0.337351
0.971075	-0.0035287
0.677754	0.838092
-0.691078	-0.000784127
-0.571577	0.169101
-1.00613	-2.00679
-0.625895	0.12995
-0.289119	0.52302
-0.93008	-0.594215
-0.908353	-0.556183
0.134567	0.489297
2.75273	0.312965
-0.202209	0.724749
0.0476569	-0.292533
-0.267392	0.285916
-0.832306	-0.330805
1.22094	0.246768
0.0693844	0.716357
0.340978	0.412719
-0.777988	-0.893233
-0.397757	-0.00404436
-0.365165	0.308134
1.63376	0.656762
-0.962671	-1.49977
-0.126163	0.326178
0.297523	0.536426
0.66689	0.0799502
-0.788851	-0.180008
3.04605	0.297735
-0.745396	0.0234161
0.199749	-0.0416181
-0.886625	-0.316156
1.57945	-0.0981289
0.406161	0.407513
0.775528	0.635029
-0.354302	-0.346677
-0.723669	-0.0188704
0.634299	0.435579
-0.940944	-0.614108
-0.158754	0.4764
-0.452075	-1.08661
-0.908353	-0.771685
0.243204	-0.546554
2.07918	0.152786
1.81845	0.412785
0.188886	-0.190738
-0.604168	-0.881591
0.0150657	-0.185801
-0.0283893	0.486838
-0.2348	0.296988
0.601708	0.14539
-0.32171	0.203607
-0.245664	0.23584
0.330114	0.4287
-0.430348	-0.480896
0.264932	-0.008314
0.221477	0.358224
-0.897489	-0.29203
-0.343438	0.491182
-0.40862	0.278549
-0.908353	-0.367673
-0.864898	0.16183
-0.854034	0.29647
-0.593304	-0.320129
-0.973535	-0.90403
-0.223937	0.00629299
1.63376	0.310727
-0.528122	-0.747185
1.15576	0.589208
0.438752	-0.476108
-0.625895	-0.458612
1.05799	0.22744
0.49307	0.393796
-0.473803	-0.80652
-0.267392	0.227822
-0.343438	-0.195487
-1.00613	0.429151
-0.571577	-0.446187
-0.919216	-0.373613
-0.973535	0.242235
-0.528122	-0.347991
-0.082708	0.484231
-0.267392	0.175097
-0.202209	0.32491
-0.93008	-0.0118111
1.15576	0.381286
-0.93008	-1.09798
6.35949	0.768807
-0.691078	-1.04537
-0.58244	0.126639
1.05799	0.462973
0.482207	-0.573839
0.786392	0.561854
-0.962671	-0.690056
-0.767124	0.02357
0.167158	-0.490762
0.623435	0.110704
-0.343438	-0.572881
-0.875761	0.307851
0.101976	0.769509
-0.767124	0.0616248
-0.0718443	0.0748499
0.525662	0.0632455
-0.799715	0.231304
-0.854034	-0.991592
-0.332574	0.394078
-0.00666181	-0.193408
0.264932	0.337444
-0.40862	-1.12246
-0.625895	-0.382991
-0.908353	-0.73881
1.1449	0.341367
-0.875761	-0.336641
2.02486	0.565356
0.514798	0.30059
-0.962671	0.0658227
-0.777988	-0.281528
0.0259294	0.568745
2.03572	0.35526
2.45941	0.636554
-0.919216	-0.873972
-0.788851	-0.499731
1.24267	0.0786549
-0.984399	-0.667696
-0.571577	-0.180536
-0.191345	0.209123
0.558253	0.205439
-0.278255	0.454154
0.0150657	0.434782
0.308387	-0.655622
-0.973535	-1.04773
-0.571577	-0.0816875
1.06885	-0.0412422
0.254068	0.455762
-0.832306	-1.04302
-0.365165	0.47582
0.0911119	0.494016
-0.115299	-0.108955
-0.604168	-0.773856
-0.777988	-0.568829
1.25353	0.445391
1.31872	0.635319
-0.951808	-0.736912
-0.864898	0.399959
-0.169618	0.343829
-0.84317	-0.460648
-0.93008	-0.561918
1.25353	0.14175
-0.799715	-0.842351
-0.245664	-0.245581
-0.104436	-0.130749
-0.864898	-0.449556
0.188886	0.000975916
-0.712805	-0.588251
-0.995263	-0.7212
-0.604168	-0.520494
-0.528122	0.291467
-0.788851	-0.0624014
-0.832306	-0.501512
0.938484	0.718823
0.503934	0.379521
-0.940944	-0.444544
0.634299	-0.0359653
0.0259294	0.394062
0.547389	-0.298837
-0.93008	0.330021
0.417024	0.483758
-0.441212	0.363723
-0.0283893	0.0860981
-0.658487	-0.350851
0.362706	-0.120345
-0.039253	0.418187
2.74187	0.105773
-0.886625	-0.267374
-0.799715	-0.236349
-0.169618	-0.0466364
-0.560713	-0.164394
0.406161	0.498621
1.16662	0.412277
0.395297	0.438764
-0.104436	-0.388997
0.503934	-0.155559
-0.875761	-0.557457
-0.734533	0.493867
-0.430348	-0.22119
-0.908353	-0.565422
0.884165	0.37644
-0.647623	-0.0393807
-0.452075	0.38643
1.2644	0.35197
-0.14789	0.309364
-0.191345	-0.00834235
-0.397757	0.153189
-0.701941	0.35593
-0.951808	0.0440646
-0.897489	-1.08399
1.7424	-0.189698
-0.93008	-0.452742
1.39476	0.508877
-0.908353	-0.123393
1.90536	-0.0737431
-0.723669	-0.203334
-0.951808	-1.34342
-0.115299	0.152987
-0.40862	0.334859
-0.886625	-0.213169
-0.864898	0.265323
0.373569	-0.0449193
-0.310847	0.478619
3.90429	0.468724
0.101976	0.20661
0.818983	-0.560117
-0.897489	-0.188619
0.0367932	0.0957222
0.0150657	0.374703
-0.854034	0.133954
0.112839	0.437489
-0.560713	-0.624691
1.90536	0.575807
-0.213073	0.279383
3.07864	0.404648
-0.908353	-0.612245
3.21987	0.58124
0.775528	0.213335
-0.799715	0.333653
-0.0175256	0.368887
-0.973535	-1.13434
1.84017	0.518207
-0.777988	-0.0605084
-0.0935718	0.294061
1.37303	-0.128126
0.221477	0.563723
-0.734533	0.0747782
-0.832306	-0.82067
-0.604168	0.426306
-1.00613	-1.05764
-0.93008	-0.722261
1.5034	0.253973
-0.604168	-0.519072
-0.832306	-0.235792
-0.908353	-0.343746
-0.995263	-0.298656
1.09058	0.64036
-0.897489	-0.551702
-0.615032	0.565211
-0.84317	0.0558899
-0.593304	-0.676704
-0.571577	-0.377622
1.19921	0.360298
-0.973535	-0.4435
-0.397757	0.360504
0.0150657	0.273316
-0.973535	0.418991
0.0367932	0.312512
-0.647623	-0.132303
0.905893	0.140398
-0.647623	0.29351
-0.908353	0.299597
-0.506394	0.516139
-0.908353	-0.361178
-0.310847	0.0474416
-0.788851	-0.537518
0.797255	0.283076
-0.691078	0.336329
-0.886625	-0.384288
0.373569	-0.196853
-0.908353	-0.790957
0.438752	-0.117415
0.0367932	0.289907
-0.0283893	0.0538397
0.00420194	-0.0928989
0.710345	0.324864
0.0693844	0.405466
-0.897489	-1.09509
0.156294	0.358862
1.67722	0.390395
0.612572	-0.0605121
-0.647623	-0.199096
-0.691078	0.253764
-0.940944	-0.614108
-0.734533	-0.25692
0.449616	-0.0895876
-0.75626	-0.0634776
2.32904	-0.0802873
-0.0609805	0.379363
-0.951808	-0.154429
-0.267392	0.399421
0.254068	0.78205
-0.00666181	0.364865
-0.517258	0.297399
0.514798	0.23653
0.00420194	0.50283
-0.701941	0.108041
1.15576	0.325607
0.677754	0.0520688
-0.213073	-0.136189
-0.310847	-0.189344
-0.864898	-0.149047
-0.962671	-1.43485
0.112839	-0.0583315
0.0585207	0.382772
-0.777988	0.279465
-0.788851	0.182366
-0.40862	0.219181
1.43822	0.888621
-0.962671	-1.20653
-0.821443	-0.251018
0.221477	0.115153
-0.832306	0.25493
0.00420194	0.580185
-0.919216	-1.17075
0.57998	-0.265283
-0.908353	0.127526
0.243204	-0.217999
1.87277	0.532815
-0.528122	0.0971251
0.612572	0.588663
0.884165	0.527781
-0.571577	-0.219366
-0.919216	-0.950009
0.84071	0.297408
-0.615032	-0.345909
-0.549849	0.274055
0.254068	-0.124371
-0.245664	-0.0646898
-0.58244	0.20225
-0.897489	-0.149759
-0.419484	0.432574
-0.973535	-0.739728
-0.517258	0.477083
-0.365165	0.00550519
-0.940944	-0.217935
-0.615032	0.251545
0.471343	0.184855
-0.191345	-0.0188146
-0.799715	-0.0167459
-0.777988	0.278913
-0.701941	-0.636375
0.286659	-0.226837
0.569117	-0.04509
-0.528122	0.268428
2.11177	0.572191
1.84017	0.248249
0.449616	0.506198
1.1123	0.440985
1.87277	0.086939
0.710345	0.399383
-0.973535	-1.40371
-0.169618	0.314809
0.156294	0.579471
1.31872	-0.161996
-0.430348	-0.0534466
-0.919216	-1.03304
-0.658487	-0.314682
-0.560713	0.316158
-0.691078	0.159173
-0.0935718	-0.155014
3.01346	0.58549
0.482207	0.415418
-0.0718443	0.420427
-0.864898	-0.110674
-0.658487	0.394441
0.547389	0.34203
-0.875761	-0.775303
-0.680214	0.33738
0.57998	-0.0143769
1.70981	0.205888
-0.897489	-1.01725
-0.875761	0.533134
4.50179	0.800009
-0.658487	-0.500011
0.112839	0.323832
0.438752	0.487484
0.569117	0.758296
-0.712805	-2.02417
-0.658487	0.334539
-0.680214	0.139432
-0.202209	0.11493
0.938484	0.417438
-0.951808	-0.612018
-0.289119	-0.60123
-0.332574	-0.277474
-0.767124	0.621128
-0.14789	0.32585
-0.169618	0.417878
3.16555	0.117552
0.851574	0.630996
0.547389	0.601495
-0.864898	0.24649
0.590844	0.510819
-0.919216	-0.581562
-0.365165	-0.101986
-0.517258	0.0852332
-0.734533	0.1459
2.78532	0.536827
-0.908353	0.374812
-0.810579	-0.181305
-0.158754	0.000459842
-0.484667	-0.226043
-0.897489	0.238369
-0.691078	-0.564934
-0.864898	0.189456
-0.75626	-0.92325
-0.506394	0.358456
-0.951808	-1.01294
-0.256528	0.575474
0.0259294	0.670233
-0.647623	-0.13887
-0.158754	-1.06449
-0.538985	-0.339544
-0.0283893	-0.588719
0.797255	0.285475
1.2644	0.423617
0.0911119	0.438141
1.56858	0.836512
0.134567	-0.156112
-0.00666181	-0.371783
-0.951808	-0.496061
-0.40862	0.119348
2.33991	-0.107151
-0.289119	-0.00838512
2.11177	0.572191
0.656027	0.15525
0.873302	-0.0335298
-0.528122	0.206633
1.63376	0.553648
0.656027	0.653168
0.308387	0.0108919
-0.452075	0.276467
-0.701941	-0.464984
-0.376029	-0.572614
0.264932	0.350794
-0.58244	-0.305694
0.254068	0.0725522
-0.777988	0.350206
-0.658487	-0.384119
1.2644	0.118637
-0.560713	0.358143
2.02486	0.714458
-0.158754	0.252971
-0.810579	0.403984
1.23181	0.168937
0.623435	0.353508
-0.169618	0.15752
-0.712805	-0.667058
2.253	0.291311
-1.00613	-0.463279
-0.365165	-0.992467
0.221477	0.542247
0.514798	0.459752
-0.908353	0.0418911
0.775528	0.480375
-0.343438	-0.244383
-0.245664	0.53646
-0.354302	-0.43707
-0.832306	-0.133892
-0.919216	-0.226571
0.536525	0.714809
1.67722	-0.0188865
0.417024	0.0711125
-0.951808	-0.46233
-0.897489	-0.997965
-0.2348	0.337856
-0.245664	-0.347131
2.06831	0.404288
-0.452075	-0.286401
-0.528122	0.318545
-0.745396	-0.0883298
-0.799715	-0.804629
-0.940944	-0.654419
-0.723669	-0.999005
0.656027	0.383915
-0.767124	-0.7204
0.199749	0.347065
-0.386893	-0.470627
-0.180482	0.41646
-0.767124	-0.660326
0.297523	0.529842
-0.734533	-0.25692
-0.821443	-1.52877
-0.115299	0.407096
-0.810579	-0.310982
1.21008	0.122239
-0.973535	-0.250161
2.16609	0.376424
-0.908353	-0.0058806
0.101976	0.614134
-0.767124	0.0889972
-0.343438	-0.0762217
-0.810579	0.450049
1.35131	-0.116771
-0.908353	-0.561548
-0.473803	-0.466402
-0.571577	-0.12203
-0.376029	0.193752
-0.701941	0.543261
0.0259294	0.568745
-0.951808	-0.0846822
0.786392	-0.569098
1.1449	0.680304
0.438752	-0.045296
1.05799	0.451218
-0.680214	0.285197
-0.951808	-0.421919
-0.821443	-0.95116
-0.875761	-0.400248
-0.886625	-1.03373
-0.908353	0.224845
-0.473803	0.224614
-0.126163	-0.169005
-0.615032	0.256089
-0.712805	-1.12462
-0.66935	-1.58545
1.51426	0.520902
-0.430348	-0.733026
0.00420194	-0.171807
0.308387	0.144427
0.308387	0.17196
0.286659	0.61597
-0.158754	0.507764
-0.919216	-0.0706578
-0.919216	-0.552938
-0.647623	0.299085
-0.821443	-1.01199
0.351842	-0.0780548
-0.691078	-0.177802
0.330114	0.390122
0.0693844	0.373045
2.69841	0.139815
-0.0718443	-0.337638
-0.647623	-0.270893
-0.58244	-0.358714
4.1107	0.627931
0.569117	0.0559533
-0.908353	-0.108856
-0.919216	-0.390711
1.10144	0.455028
-0.538985	-0.290682
0.851574	0.336921
-0.039253	0.185138
-0.245664	-0.270117
0.0693844	0.439153
-0.213073	-0.593382
0.319251	0.101481
0.57998	-0.12043
-0.213073	0.396555
-0.680214	-0.391992
0.471343	0.344679
-0.93008	-0.591397
-0.571577	-0.820485
0.92762	0.237754
-0.625895	0.367049
-0.886625	-0.534108
0.797255	0.366254
-0.712805	0.341465
-0.14789	0.234852
1.81845	0.383115
-0.625895	-0.511909
-0.832306	-0.547784
1.43822	0.43833
1.57945	0.633298
0.134567	0.290756
-0.202209	0.104561
-0.365165	-0.465843
0.688618	-0.271882
-0.84317	-0.477239
-0.169618	0.347256
-0.767124	0.340685
-0.615032	-0.0701606
1.10144	0.533035
1.22094	0.25307
0.178022	-0.0410704
-0.788851	0.394456
-0.0609805	0.080026
-0.104436	-0.0465606
1.89449	0.172488
1.29699	0.646628
1.17749	0.0865805
0.0367932	0.177963
-0.875761	-0.790365
0.101976	0.483442
0.123703	0.0139476
-0.560713	-0.203235
0.905893	0.213177
1.12317	0.223534
-0.680214	0.225478
-0.810579	-0.0342357
1.16662	0.31852
-0.213073	-0.529866
-0.734533	0.345351
-0.506394	0.188246
0.66689	-0.213465
0.460479	-0.322805
-0.973535	-0.762182
-0.940944	-0.65499
0.286659	-0.671095
-0.897489	-0.787602
-0.00666181	0.255313
0.373569	0.0560784
-0.854034	-0.0751266
1.65549	0.399893
0.710345	-0.0427299
-0.701941	0.212173
0.558253	0.407608
-0.593304	-1.49339
0.199749	-0.403636
-0.452075	0.0696368
-0.908353	-0.230394
-0.788851	-0.791432
3.75219	0.0886616
-0.777988	0.583203
0.384433	0.7418
0.210613	0.388152
1.22094	0.662771
-0.0718443	0.302467
1.6229	0.745139
-0.58244	-0.363501
3.05691	0.400556
-0.691078	0.413794
-0.940944	-1.00653
-0.745396	-0.857041
0.449616	-0.176283
0.742937	0.549347
-0.75626	-0.72823
0.981939	-0.517891
-0.158754	0.148059
0.156294	0.38745
-0.267392	0.103778
0.590844	0.398824
-0.84317	-0.613979
-0.712805	0.165786
-0.343438	0.295221
2.8505	0.327573
-0.701941	-0.605145
-0.625895	-0.810169
1.77499	0.286705
0.178022	-0.111012
1.60117	0.625177
-0.223937	0.278637
-0.767124	-0.439124
2.40509	0.0273697
-0.897489	-1.00647
-0.473803	0.254887
-0.560713	0.130673
-0.419484	-0.195404
0.569117	0.256226
-0.810579	-0.981931
-0.343438	-0.252421
-0.995263	-1.07814
-0.58244	-0.0428655
-0.104436	0.480755
-0.875761	0.157058
-0.0935718	0.383947
-0.538985	0.400529
2.27472	0.395179
-0.75626	-0.70572
0.0585207	0.0250418
-0.875761	-0.90478
-0.604168	-0.876278
-0.0609805	0.256981
-0.49553	-0.379406
-0.734533	-0.383608
-0.734533	-1.40731
5.15362	0.730981
1.30785	0.140908
2.40509	0.504521
0.797255	0.0870228
-0.082708	-0.124825
1.23181	-0.904693
-0.973535	-0.0699815
0.00420194	0.240132
-0.0501168	0.119711
-0.93008	-0.341726
0.254068	0.434552
0.514798	0.512156
-0.289119	0.0400687
2.20954	0.301978
-0.506394	0.065093
-0.875761	-0.58796
-0.940944	-0.637971
0.66689	-0.252471
-0.734533	-0.422924
0.340978	-0.244749
1.43822	-0.0749954
-1.00613	0.429151
-0.256528	0.0272039
-0.940944	-0.50159
-0.213073	-0.226457
-0.908353	-0.417186
0.427888	0.541637
0.264932	0.481853
1.1123	0.529873
-0.452075	-0.920146
0.156294	0.470862
0.808119	0.259817
-0.299983	-0.0202114
1.99227	0.575717
-0.940944	0.259857
0.764664	0.39084
-0.854034	-0.383558
0.297523	0.37099
0.0476569	0.305062
-0.0935718	0.0303484
-0.821443	-0.0419258
-0.354302	-0.258603
2.80705	0.204483
1.81845	0.46493
0.210613	0.408599
0.612572	0.647805
1.61204	0.327628
-0.191345	-0.452422
-0.126163	0.115286
-0.84317	-0.788956
-0.082708	0.722297
-0.278255	-0.853568
-0.84317	-0.35229
-0.625895	-0.367683
0.862438	0.245096
0.0150657	0.327306
-0.506394	-0.197721
0.590844	0.675678
-1.03872	-0.710724
0.395297	0.129433
-0.897489	0.415111
-0.593304	0.123441
-0.75626	-0.0845698
-0.571577	0.128774
-0.528122	0.00346642
-0.875761	-0.823105
0.449616	-0.30748
0.569117	0.0935189
0.0693844	-0.00634241
3.51319	0.44907
0.0259294	-0.0649333
-0.310847	0.304552
-0.354302	0.431282
0.829847	0.178095
-0.636759	0.000973655
-0.549849	0.169571
0.895029	0.407167
0.0911119	-0.664642
-0.84317	-0.372816
-0.299983	0.332891
-0.919216	-0.677608
-0.777988	-0.758689
3.23073	0.511383
-0.66935	0.302151
-0.821443	0.124129
-0.158754	-0.658718
0.981939	0.431188
0.656027	0.112185
-0.00666181	0.529292
-0.93008	0.292457
-0.213073	0.277357
0.0150657	0.244452
1.64463	0.524954
-1.01699	-1.01117
-0.441212	-0.051525
-0.799715	-0.545334
-0.93008	0.258917
-0.854034	0.0899208
-0.875761	-0.169771
0.123703	0.628624
-0.32171	-0.948845
-0.66935	-0.641292
0.0367932	0.414941
0.0259294	-0.0169798
-0.875761	-0.185731
0.710345	0.441692
-0.137027	-0.397814
-0.962671	-0.536773
-0.777988	0.0563255
0.178022	0.193953
-0.723669	0.380426
0.275796	0.0545606
2.01399	0.456822
-0.58244	0.448148
-0.940944	0.524315
1.2644	0.752214
0.590844	-0.123419
0.0802482	-0.454535
-0.506394	0.0133574
0.742937	0.367812
-0.897489	-0.741856
-1.03872	-1.04279
-0.767124	-0.22142
-0.126163	0.0505746
-0.799715	-0.647897
1.06885	0.528334
-0.777988	-0.832276
-0.615032	-0.310492
0.330114	0.0798964
-0.821443	-0.134525
-0.908353	-0.407133
-0.723669	0.24088
0.319251	0.281784
-0.441212	0.314734
-0.93008	-0.168558
-0.93008	0.0179048
-0.58244	-0.289245
-0.506394	0.376655
-0.973535	-0.126077
-0.58244	0.505318
-0.560713	0.34032
0.178022	-0.381451
-0.32171	0.172039
-0.0935718	0.51168
-0.636759	0.25962
1.84017	0.202221
-0.93008	-0.0938603
-0.799715	-0.512649
3.44801	0.504593
-0.256528	-0.13273
-0.191345	-0.460099
0.308387	0.153681
-0.75626	-0.299557
-0.473803	0.102546
3.58924	0.530757
-0.940944	-0.0185481
-0.430348	0.235291
0.188886	0.475151
-0.560713	-0.127074
-0.701941	-0.76019
-0.658487	0.0391101
0.0693844	-0.0855654
-0.995263	0.430162
-0.864898	0.24649
0.471343	-0.235724
-0.376029	0.312123
0.232341	0.0854281
0.406161	0.467793
-0.00666181	0.302903
0.351842	0.3582
0.178022	0.0674544
-0.267392	0.379451
-0.0283893	-0.261955
0.188886	0.216012
-0.332574	-0.348713
-0.430348	0.655391
2.00313	0.10119
0.0911119	-0.0510929
0.112839	0.336566
0.949348	0.231507
-0.354302	-0.820301
1.42735	0.34285
-0.984399	-1.08933
-0.354302	0.0178281
-0.0718443	0.380244
0.0802482	0.413124
2.09004	0.378631
1.28612	0.379821
-0.137027	0.47359
0.395297	0.23457
-0.126163	0.225394
5.15362	0.635978
2.492	0.0650677
-0.75626	-0.116236
-0.571577	0.287125
0.362706	0.0941167
-0.788851	-0.378772
1.75326	0.313359
0.243204	-0.0627107
0.514798	-0.616958
-0.93008	-0.516081
0.0367932	0.312512
0.49307	0.411034
-0.734533	-0.0831266
-0.951808	0.176113
-0.039253	0.0814835
-0.767124	-0.545368
-0.0501168	-0.972243
-0.897489	-0.247501
-0.430348	-0.00558657
-0.397757	0.319111
-0.973535	-1.24363
-0.723669	-0.275038
-0.115299	0.660342
-0.854034	-1.01952
0.0585207	0.0983059
-0.962671	-0.147829
0.330114	0.319159
-0.169618	0.623712
-0.223937	0.165153
-0.799715	-0.260466
-0.0718443	-0.280151
-0.712805	0.202924
-0.886625	-1.56795
0.623435	-0.196241
-0.810579	-0.886458
0.178022	0.475043
0.590844	0.56363
2.69841	0.430054
-0.354302	0.200608
-0.256528	-0.023381
0.92762	0.409913
-0.897489	-0.464078
-0.528122	0.188391
-0.680214	0.272944
0.199749	-0.00761656
-0.973535	-0.0509933
0.362706	0.302187
-0.854034	0.419838
-0.75626	0.221891
-0.951808	0.229539
-0.875761	-0.450582
-0.365165	-0.195084
-0.691078	0.416886
-0.875761	-0.29892
-0.0283893	0.221307
1.02539	-0.00229548
-0.854034	-0.807961
2.43768	0.534293
-0.0283893	0.0462887
3.67615	0.593533
1.55772	-0.106152
-0.973535	0.27828
1.97054	0.423178
-0.886625	-0.0950738
1.53599	0.572563
0.384433	-0.154379
-0.0283893	0.25254
-0.462939	-0.508264
0.92762	0.266395
2.98087	-0.0142449
1.90536	0.317568
0.319251	0.27065
-0.332574	0.215057
1.72067	0.321974
0.0150657	0.487198
0.49307	0.403424
-0.951808	-0.240297
-0.799715	0.0476266
3.67615	-0.0549691
3.13296	0.737028
1.1449	0.288071
0.167158	0.337317
-0.734533	0.555809
-0.0609805	0.424075
-0.560713	-0.624691
-0.962671	-0.376846
-0.256528	0.318125
-0.0935718	0.314215
-0.821443	0.166527
-0.625895	0.344946
-0.962671	-0.653729
-1.00613	-0.290231
-0.864898	-0.00891348
-0.441212	0.363723
-0.854034	-0.98549
-0.245664	0.0397597
-0.473803	0.384126
-0.0283893	0.175111
0.340978	0.933671
-0.951808	-0.0783916
-0.951808	0.294086
-0.897489	-0.684094
-0.962671	-0.325084
-0.278255	0.303191
-0.310847	0.486936
-0.821443	-0.339382
-0.788851	-0.714287
-0.245664	-0.0894123
-0.213073	0.556915
-0.723669	-0.439259
0.167158	0.160401
-0.32171	-0.025581
1.87277	0.403443
-0.951808	-0.260442
-0.0175256	0.315903
-0.788851	-0.243415
0.232341	0.188659
0.210613	0.0647892
4.24106	0.473601
-0.734533	0.0182901
-0.886625	0.118851
-0.397757	-0.469839
0.101976	-0.0113201
0.49307	-0.275847
-0.886625	-0.213169
-0.256528	0.293601
-0.745396	0.397802
0.0476569	0.269235
0.938484	0.140875
-0.625895	-0.28161
-0.49553	0.117002
0.417024	0.273506
-0.441212	-0.208201
0.308387	0.123013
1.07971	0.0539564
0.297523	0.307766
-0.343438	-0.148205
0.167158	-0.575021
-0.0935718	-0.164702
-0.560713	-0.0291697
0.612572	0.559027
-0.528122	-0.109485
0.264932	-0.335558
2.50286	-0.0313807
-0.897489	-0.609761
2.58977	0.146867
1.17749	0.360065
2.44854	0.616692
-0.940944	-0.980867
-0.517258	0.00375443
-0.365165	-0.815875
1.88363	0.192475
0.460479	0.479219
-0.962671	-1.20642
-0.940944	-0.291685
-0.973535	-0.949353
1.7424	0.227257
-0.691078	0.391789
-0.908353	-0.359473
0.992803	0.326035
0.297523	-0.0325804
-0.995263	-0.486633
2.03572	-0.28804
0.818983	0.319498
-1.00613	-1.05764
-1.03872	-0.391415
0.514798	0.411517
2.35077	0.532094
-0.137027	0.164162
0.275796	0.19443
-0.897489	-1.0723
-0.452075	0.654944
0.49307	-0.367658
0.960212	0.373924
1.61204	0.390048
-0.082708	-0.447632
0.438752	0.697272
-0.940944	-0.282406
-0.0175256	0.411637
-0.104436	-0.0820173
-0.701941	-1.06596
0.351842	0.181713
-0.14789	-0.423703
-0.962671	-0.72983
-0.549849	0.0853292
-0.278255	-0.281163
0.0911119	0.192699
-0.777988	-1.34862
-0.854034	-0.397133
-0.984399	0.285224
-0.202209	0.28832
-0.658487	-0.472442
0.362706	0.139637
1.2644	0.697566
-0.528122	0.22128
0.547389	0.558826
0.254068	0.228948
3.75219	0.796142
-0.376029	0.336122
1.15576	0.352348
-0.908353	-0.416664
-0.452075	0.125689
-0.528122	-0.0996751
0.112839	0.0193226
-0.506394	0.0486533
-0.723669	0.071568
2.60064	0.351583
-0.636759	0.0676217
0.0802482	0.413124
0.710345	0.33786
-0.343438	0.49057
-0.940944	-0.926243
-0.58244	0.227917
-0.180482	0.223284
-1.01699	0.0775623
1.00367	0.434481
-0.832306	0.483414
-0.832306	0.378585
3.2416	0.472017
-0.419484	0.0889365
-0.712805	0.19138
-0.701941	0.361714
1.87277	-0.604772
-0.484667	0.500738
-0.995263	-0.578024
-1.00613	-0.00179054
0.0150657	-0.912817
-0.940944	-0.994429
-0.701941	0.311667
-0.962671	-0.0525271
-0.245664	-0.503777
-0.951808	-0.274192
0.92762	-0.191709
-0.951808	-0.449826
0.721209	0.535707
-0.354302	0.228281
0.243204	-0.351872
-0.701941	0.188076
-0.908353	-0.760989
-0.691078	-0.116999
-0.376029	-0.515519
-0.452075	0.203441
0.786392	0.335614
-0.386893	-0.563131
2.253	0.648625
-0.441212	0.186798
-0.973535	-0.766007
-0.0283893	0.744311
0.525662	-0.313299
0.862438	0.169198
0.645163	0.413441
3.08951	0.344591
-0.93008	-0.411448
0.373569	0.778795
-0.984399	-0.539132
-0.799715	-0.52225
-0.2348	-0.0611157
-0.137027	0.418213
1.22094	0.484262
0.308387	0.265305
-0.430348	-0.782119
-0.658487	-0.5862
0.590844	-0.100528
1.68808	0.437154
0.0476569	0.262585
-0.636759	-0.665747
-0.571577	-0.625303
-0.66935	0.386573
1.64463	0.339059
-0.973535	-0.147175
0.645163	-0.0376375
1.15576	0.274746
0.775528	-0.0579849
-0.897489	-1.13223
-0.908353	0.0576313
-0.984399	-0.367876
-0.213073	0.202603
-0.0935718	-0.180361
-0.908353	-0.258373
-0.962671	-0.760506
0.623435	0.221977
-0.213073	-0.226457
2.19868	0.392498
-0.593304	-0.0166823
0.406161	0.287232
-0.886625	0.0687295
-0.854034	-0.415047
0.308387	0.45955
-0.115299	0.0875611
1.36217	0.350368
-0.636759	-0.836392
-0.58244	0.349038
0.319251	0.162703
0.862438	0.232753
3.19814	0.11256
-0.940944	-0.128684
-0.397757	-0.784132
-0.604168	-0.448539
-0.93008	0.241359
-0.32171	0.41031
-0.0935718	0.085788
1.40563	0.273613
-0.397757	0.582473
-0.604168	0.43515
-0.484667	0.178483
-0.864898	-0.638508
-0.604168	-0.445797
1.70981	0.405576
1.9814	0.0412169
-0.962671	-0.0286438
0.57998	-0.105918
-0.821443	-0.371232
0.829847	-0.49054
-0.777988	-0.0605084
1.61204	0.105
2.19868	0.547657
-0.0175256	0.563952
3.27419	-0.0361301
2.02486	0.46326
1.39476	0.860926
-0.58244	-0.310826
0.351842	0.168043
7.44587	-0.219323
0.514798	-0.529856
-0.680214	-0.650062
0.971075	0.59346
-0.289119	-1.04827
0.101976	0.339876
-0.365165	-0.992467
-0.701941	0.314342
-0.191345	0.131355
-0.788851	0.309321
-0.886625	-0.306757
-0.528122	0.252254
-0.919216	-0.138661
1.31872	-0.0493248
-0.169618	-0.0466364
-0.560713	-0.169851
0.829847	-0.0105752
1.13403	0.429262
-0.734533	-0.0665864
1.02539	0.552217
0.503934	0.144101
0.0585207	-0.503341
0.384433	0.430619
0.395297	0.323354
-0.854034	-0.0982566
-0.799715	-0.1177
0.829847	0.395367
-0.354302	-0.074502
-0.75626	0.53025
-0.745396	0.32584
-0.310847	0.251826
0.0911119	0.218065
1.16662	-0.0104286
0.710345	0.695173
-0.386893	-0.231751
-0.777988	0.108998
0.210613	0.344235
-0.84317	-0.11032
0.558253	0.366763
0.232341	0.300942
-0.962671	-0.856746
-0.66935	0.510382
3.16555	0.353487
-0.343438	-0.353749
3.23073	0.802065
-0.908353	-0.201132
2.01399	0.645342
0.00420194	-0.13171
-0.75626	0.148053
-0.126163	0.199331
0.243204	0.288857
-0.995263	-0.551789
-0.115299	0.0431656
2.52459	0.420633
1.01453	0.0681411
0.57998	0.159122
0.797255	0.457129
-0.962671	-0.198789
0.417024	0.192725
-0.560713	0.408482
0.525662	0.179656
0.0911119	-0.0522266
1.78586	0.518183
0.57998	0.155381
-0.788851	-0.671645
2.17695	0.620753
2.82878	0.712143
1.75326	0.378054
0.916757	0.0456573
1.18835	0.21222
1.23181	0.626403
-0.310847	-0.482048
3.70874	0.415631
-0.84317	0.427481
0.916757	0.312914
0.49307	0.463219
-0.821443	-0.0703715
-0.40862	-0.0895604
-0.506394	0.557396
0.895029	0.146854
-0.528122	-0.640958
1.65549	0.314889
-0.93008	-0.714207
0.438752	0.499907
-0.289119	-0.566941
-0.506394	-0.13298
-0.0935718	0.286255
-0.202209	-0.0980523
-0.777988	-0.574996
0.0911119	-0.563486
-0.615032	0.31895
-0.908353	0.509979
0.0259294	0.442663
0.101976	0.212488
-0.441212	-0.300044
3.37196	0.539861
-0.734533	0.1459
-0.962671	-0.0525271
-0.712805	0.562673
0.0693844	0.179891
-0.84317	-0.575849
-0.593304	0.666434
-0.571577	-0.0949894
2.79618	0.599646
2.02486	0.576652
-0.723669	-0.800631
-0.473803	0.0765901
0.221477	0.138704
-0.2348	0.315839
-0.278255	0.200885
-0.973535	-0.184302
-0.832306	0.401907
-0.365165	0.0510585
-0.973535	0.339341
-0.245664	0.480488
0.101976	0.398554
3.89342	0.711539
0.275796	0.284447
2.3725	0.683253
0.536525	0.23342
0.297523	0.412442
-0.593304	0.572455
-0.908353	-0.909235
1.06885	0.775751
-0.995263	-0.418859
0.275796	0.528764
-0.951808	-0.598272
-0.886625	0.288918
-0.625895	0.0220362
0.178022	-1.0175
1.15576	0.573668
0.829847	0.329185
-0.951808	-0.580464
0.482207	0.0471122
0.134567	0.281497
-0.625895	-0.615409
0.210613	0.438959
0.547389	0.481744
0.797255	0.338975
0.188886	0.430714
-0.886625	-0.0750845
-0.897489	-1.22347
-0.940944	-0.727928
0.0802482	0.434654
-0.93008	-0.635944
-0.908353	-0.0971703
0.384433	0.00180914
0.188886	0.699756
-0.799715	-0.353739
-0.615032	0.0354021
-0.126163	0.646671
2.69841	0.139815
0.938484	0.384382
0.101976	0.392496
-0.84317	0.346255
-0.256528	0.41434
-0.93008	-0.832577
-0.951808	-1.34124
4.40402	0.445552
0.569117	0.121475
-0.0175256	0.170495
0.112839	0.432964
1.10144	0.351958
0.525662	0.777233
2.03572	0.35526
0.721209	-0.6599
-0.984399	-0.427627
-0.126163	0.579171
-0.441212	-0.604657
-0.897489	-0.471133
-0.691078	-0.763498
-0.875761	-0.856251
3.40455	0.695277
-0.202209	0.257262
1.56858	0.00676601
1.16662	0.334495
2.48114	0.270623
0.742937	0.470689
-0.691078	-0.0134936
0.0476569	-0.089652
-0.767124	-0.724884
-0.223937	0.0401646
-0.897489	0.196121
-0.00666181	0.283102
2.18781	0.525597
0.395297	-0.558542
0.514798	0.452928
0.178022	0.335232
0.188886	-0.598061
1.02539	0.290036
0.134567	0.0153518
-0.528122	0.365682
-0.310847	-0.0763881
-0.191345	-0.0409627
1.04712	0.507054
-0.680214	0.838829
-0.419484	0.24425
1.05799	-0.157877
0.873302	0.175213
-0.14789	0.410653
0.818983	0.479944
2.01399	0.116047
-0.75626	-0.0486001
-0.821443	0.180584
-0.962671	-1.13813
1.44908	0.275823
-0.93008	-0.35374
0.482207	-0.263774
-0.615032	-0.293678
-0.745396	0.00850385
1.79672	0.675355
-0.158754	0.429187
0.254068	0.182423
0.123703	-0.459834
-0.788851	-0.850892
-0.66935	0.135059
-0.908353	-1.10943
-0.886625	-0.419569
-0.647623	0.135942
-0.636759	-0.232968
-0.538985	-0.486274
-0.0935718	0.170648
0.101976	0.224084
-0.810579	0.25536
-0.875761	-0.574394
-0.528122	0.613603
-0.278255	0.303356
0.243204	-0.121564
0.482207	0.661664
-0.560713	0.440971
-0.202209	0.0853912
-0.223937	0.338043
0.406161	-0.283785
-0.875761	0.471915
-0.462939	0.0967689
-0.104436	0.570872
-0.864898	-0.0568168
-0.104436	-0.0815486
3.33937	0.272916
-1.04958	-0.82795
-0.940944	-0.111672
0.145431	0.270808
1.43822	0.418479
-1.03872	-0.144239
2.14436	0.285023
1.48167	0.575272
-0.256528	0.293601
-0.462939	-0.280238
-0.777988	-0.281528
-0.223937	0.305659
0.0693844	0.227467
0.0259294	0.354774
-0.560713	0.231063
-0.332574	-0.212868
-0.66935	0.405738
-0.799715	-0.49282
1.89449	0.269633
-0.919216	-0.0638694
-0.897489	-0.490462
4.65388	0.627574
3.1221	0.19111
-0.636759	0.31683
1.19921	0.624709
-0.864898	-0.156288
-0.973535	-0.547709
-0.473803	0.450234
0.188886	0.430714
-0.75626	-0.237045
-0.973535	-0.359721
-0.473803	-0.267437
-0.604168	0.13343
-1.00613	-0.0690749
-0.680214	0.248972
1.35131	0.365085
-0.0935718	0.18245
-0.864898	-0.698754
-0.310847	0.378862
-0.40862	0.178222
-0.908353	-0.993675
-0.680214	-0.493992
-0.864898	-1.08563
-0.365165	-0.0259835
0.536525	0.406167
-0.75626	-0.985831
-0.75626	0.339369
1.10144	0.481607
-0.908353	-0.858818
0.156294	-0.619452
2.09004	-0.11208
-0.397757	0.189324
-0.712805	-0.115132
0.623435	0.353508
-0.625895	-0.109589
1.69895	0.327355
-0.604168	-0.519072
-0.473803	0.206033
-0.517258	-0.281093
0.482207	0.12779
-0.365165	0.430313
-0.680214	-0.474524
2.06831	0.37816
0.514798	0.672705
-0.93008	-0.175538
-0.180482	0.287907
-0.767124	0.482902
-0.0175256	0.279016
-0.951808	-0.389052
1.13403	0.191444
-0.984399	-0.686379
0.818983	0.340643
-0.452075	0.102995
0.677754	0.300394
0.123703	0.39863
1.64463	0.670118
-0.604168	-0.629108
-0.995263	0.280857
-0.441212	0.506429
-0.213073	0.518191
0.221477	0.263123
-0.223937	-0.0671893
0.101976	0.312994
0.0585207	0.441878
-0.821443	-0.646178
0.764664	0.272875
-0.908353	-0.337118
-0.484667	0.292709
-0.701941	0.177335
0.66689	-0.646596
-1.01699	-0.401279
-0.126163	-0.404962
-0.897489	-0.785157
0.895029	0.477924
0.0911119	-0.253121
-0.0175256	0.504151
1.89449	0.299636
-0.908353	-0.232633
-0.93008	0.17558
-0.723669	-0.470482
-0.397757	0.205932
0.0585207	-0.0386208
0.0476569	0.496166
-0.115299	0.803523
-0.647623	0.525986
-0.854034	-0.72073
0.308387	-0.482708
0.0367932	-0.0643344
0.558253	-0.038156
-0.854034	-0.51322
-0.973535	-0.762193
-0.58244	-0.885017
0.0802482	0.192247
-0.810579	-0.596557
-0.701941	0.31661
-0.93008	0.505948
-0.104436	-0.216337
-0.984399	-0.530216
-0.00666181	-0.120184
-0.940944	-0.173272
-0.571577	-0.695049
-0.940944	-0.614108
1.39476	0.346898
-0.180482	0.369062
2.51373	0.441438
-0.919216	-0.8818
2.06831	0.671829
-0.940944	-1.19114
7.67401	0.854825
-0.951808	0.140121
-0.354302	0.142921
0.178022	0.321254
-0.082708	0.209476
0.634299	0.419597
-0.571577	0.557611
-0.419484	0.277139
0.297523	0.616597
-0.506394	0.0340237
-0.788851	-0.170858
-0.223937	-0.0275693
-0.93008	-1.13663
-0.734533	-0.921581
-0.647623	-0.237781
0.460479	0.234025
-0.723669	-0.0949362
-0.604168	0.238897
-0.14789	0.0765454
-0.897489	-0.369879
-0.419484	0.511593
1.13403	0.465404
-0.701941	-0.157189
0.0911119	-0.112531
-0.0175256	0.419844
-0.223937	0.422918
-0.723669	-0.449731
-0.213073	0.586219
-0.93008	-1.03644
2.14436	0.784548
-0.951808	-1.11249
-0.984399	-0.458709
-0.984399	-0.578827
-0.604168	0.16096
-0.245664	-0.281378
-0.473803	-0.352833
2.30732	0.305921
-0.310847	0.43091
0.232341	-0.428277
-0.908353	0.319243
0.57998	0.363636
0.482207	-0.00305597
-1.03872	-0.417292
-0.386893	-0.115569
0.732073	0.313492
-0.332574	0.356194
-0.115299	0.32623
-0.75626	0.399285
-0.419484	0.177395
0.145431	-0.0727782
-0.00666181	0.376863
-0.343438	0.00501051
-0.75626	-0.506243
0.221477	-0.01658
0.569117	0.0610783
-0.14789	-0.450939
1.03626	0.743858
-0.202209	0.586603
0.721209	0.146084
-1.00613	-0.231387
0.00420194	0.150532
-0.441212	-0.924314
-0.484667	-0.0944793
0.49307	0.255582
1.69895	0.113518
-0.973535	-2.38631
-0.32171	-0.126978
1.72067	0.403237
-0.940944	-0.445849
0.417024	0.162478
-0.875761	0.00841053
1.10144	0.431209
-0.897489	-0.340664
0.178022	0.17404
-0.636759	-0.11743
1.29699	0.582734
-0.854034	-0.304266
-0.126163	0.444335
-0.864898	-0.237047
-0.104436	0.153999
-0.854034	0.14446
-0.00666181	0.0424797
-0.962671	-0.53768
-0.484667	-0.0265443
-0.082708	-0.297743
2.80705	0.397765
1.12317	0.417095
-0.191345	-0.0271965
0.297523	0.420752
-0.832306	-1.00582
0.438752	0.485733
-0.647623	0.2646
-0.0283893	0.641678
0.330114	0.0423096
0.981939	-0.18462
-0.332574	-0.107904
1.39476	0.862593
-0.473803	-0.218728
0.156294	0.141791
-0.84317	-0.298804
0.0476569	0.113278
0.601708	0.324157
0.0911119	0.174126
-0.854034	0.0933323
4.08897	0.629358
1.44908	0.788361
-0.973535	0.0673851
2.32904	0.349826
-0.386893	0.355981
-0.93008	0.538777
0.199749	0.519373
-0.506394	0.475552
-0.832306	-0.500077
-0.278255	0.167216
0.0367932	0.0974715
4.52352	0.674876
-0.962671	-0.943499
0.373569	0.204895
-0.571577	0.00234709
0.971075	0.259043
0.243204	0.390171
0.0150657	0.561477
-0.213073	0.0304177
0.362706	0.634152
-0.343438	-0.586051
1.1449	0.358649
-0.93008	-0.553092
0.0367932	0.422798
0.351842	-0.389066
2.62236	0.532336
0.417024	-0.527767
-0.919216	-0.991333
-0.832306	0.262956
-0.951808	-0.923563
-0.49553	0.296263
0.764664	-0.116306
-0.734533	-0.180087
1.8619	0.0517525
-0.104436	0.282859
-0.745396	0.49792
-0.256528	-0.445985
-0.734533	-0.311372
-0.593304	0.414924
-0.484667	0.247553
-0.984399	-1.13713
-0.821443	0.0760794
-0.919216	-0.0821181
-0.397757	-0.00961952
0.0802482	0.265875
-0.462939	-0.591025
0.742937	-0.134525
-0.919216	-0.336064
-0.0718443	0.0527829
1.31872	0.568628
-0.115299	0.0800737
1.7424	0.514175
-0.528122	0.119011
-0.419484	-0.706017
2.19868	0.644613
1.65549	0.368161
-0.419484	-0.35068
0.221477	0.546195
-0.810579	-0.0103758
-0.256528	-0.305387
-0.278255	-0.0750909
-0.984399	-0.318839
1.52513	0.403039
0.319251	0.283006
0.569117	0.182019
1.24267	0.509728
-0.376029	-0.2494
-0.473803	0.2464
0.699482	-0.428956
-0.962671	0.36613
-0.299983	0.253256
-0.0175256	0.456647
-0.886625	-0.61976
1.60117	-0.125048
-0.647623	0.414998
-0.821443	-0.216664
0.7538	0.638712
0.438752	0.164338
-0.158754	0.493673
2.66582	0.395402
-0.93008	0.0389975
0.558253	0.680254
-0.158754	0.265464
2.00313	0.384985
0.0367932	0.124445
-0.940944	-0.324076
-0.397757	-0.384177
-0.289119	0.344307
-1.00613	-1.96697
-0.712805	-0.891364
-0.441212	0.436211
0.243204	0.167042
-0.821443	-0.338013
2.64409	0.325278
0.742937	0.128918
0.971075	0.186055
-0.267392	-0.171548
-0.615032	-0.0725119
1.1449	0.585063
-0.2348	-0.420821
-0.386893	0.0472267
-0.430348	-0.626923
-0.821443	0.425867
-0.691078	0.333006
-0.14789	0.046874
-0.886625	0.246483
-0.2348	0.489521
-0.919216	-0.673623
-0.40862	-0.0143555
0.340978	-0.301419
-0.126163	0.0329785
0.417024	0.206149
0.0585207	0.482626
-0.126163	0.293181
-0.854034	-0.434903
0.330114	0.674158
-0.245664	-0.149664
-0.962671	-0.902224
-0.278255	0.518065
0.66689	0.463141
-0.452075	0.591173
-0.2348	0.313568
-0.75626	0.130737
1.48167	0.106256
-0.528122	-0.0749684
-0.32171	-0.177407
-0.137027	0.578489
-0.647623	0.161458
0.264932	0.0935537
1.12317	-0.995688
3.74133	0.473749
0.547389	0.234023
2.54632	0.187767
-0.593304	-0.24428
0.84071	0.326712
-0.897489	-0.789159
2.731	0.52029
0.971075	-0.251237
-0.767124	0.0415637
-0.897489	-1.37846
-0.397757	-0.363737
0.232341	0.0428034
-1.00613	-1.18089
-0.864898	-1.02743
-0.299983	-0.0367664
4.15415	0.697435
-0.745396	-0.560572
-0.908353	0.509979
1.61204	-0.0838083
-0.115299	0.489243
0.851574	0.321925
-0.636759	-0.882815
2.86137	0.271348
-0.875761	-0.449697
-0.441212	-0.652313
-0.49553	-0.118467
0.601708	0.496457
-0.473803	-0.0867398
-0.452075	-0.179641
0.134567	0.0112963
-0.788851	-0.464913
-0.0609805	0.360341
1.36217	0.358198
-0.647623	0.0663182
-0.973535	-0.528359
-0.973535	-0.594719
-0.951808	-0.117935
1.22094	0.318028
0.525662	0.00539027
0.732073	-0.0788242
-0.908353	-0.174675
1.40563	0.453854
-0.767124	-0.178009
-0.343438	-0.824059
0.0911119	-0.969393
-0.517258	0.331578
-0.40862	0.148836
-0.767124	-1.14533
-1.02785	-1.18834
0.66689	0.542589
0.438752	-0.295489
-0.517258	0.270803
-0.419484	-0.58161
-0.332574	0.500686
-0.658487	-0.336453
-0.191345	0.317358
-0.462939	-0.209124
1.29699	-0.427979
-0.886625	-0.469171
0.210613	0.29217
-0.854034	-0.0751266
-0.0935718	0.419858
-0.875761	-0.327126
-0.680214	0.523849
-0.40862	-0.719278
0.145431	-0.201386
0.829847	0.241187
0.916757	0.0635162
-0.973535	-0.611216
-0.538985	-0.356692
-0.701941	-0.475437
-0.875761	-0.399027
0.49307	-0.0615573
-0.310847	-0.329829
2.1335	0.441795
0.0585207	0.172733
0.460479	0.466357
-0.039253	0.509848
-0.636759	0.259535
-0.549849	0.440385
0.547389	-0.490506
1.01453	0.357355
-0.951808	-0.385065
-0.908353	-0.825692
-0.75626	0.184981
-0.951808	-1.03593
-0.864898	-0.342572
1.12317	-0.127183
-0.202209	0.513978
0.677754	-0.291388
2.253	0.749211
1.60117	0.625177
-0.549849	-0.213913
-0.908353	0.219419
-0.734533	-0.349961
-0.832306	-0.104147
-0.0175256	-0.0415635
0.362706	0.611124
1.65549	0.29127
-0.701941	-0.0821753
-0.854034	-0.375733
-0.919216	-0.788547
1.1123	-0.0349066
0.873302	0.622705
-0.256528	-0.412198
-0.604168	0.328033
3.20901	0.838963
2.17695	0.330288
1.13403	0.261421
0.221477	-0.0806534
-0.517258	-0.533092
-0.0718443	-0.795834
-0.462939	-0.812041
-0.354302	0.135468
0.178022	-0.478903
0.0693844	0.145143
0.254068	0.481432
0.49307	0.404862
1.73154	0.629192
-0.767124	0.22109
-0.984399	-0.515805
0.123703	0.0302324
0.254068	0.845037
-1.00613	-0.544913
-0.973535	-0.0720901
0.0911119	-0.189537
0.275796	0.298035
-0.245664	-0.173715
0.742937	0.088346
-0.951808	-0.606397
1.29699	0.442996
3.16555	0.582917
-0.864898	0.568996
-0.767124	-0.373539
-0.777988	0.0329409
-0.66935	-0.335975
-0.658487	0.192274
1.16662	0.587431
1.07971	0.253155
-0.832306	0.364177
-0.897489	-0.272145
0.742937	0.36013
-0.0609805	0.438666
-0.984399	-0.51747
-0.506394	0.268396
-0.462939	0.0410421
-1.00613	-0.41287
2.01399	0.410821
2.24213	0.7493
-0.191345	0.118565
-0.658487	0.241918
-0.875761	-0.0292501
-0.680214	0.135482
0.905893	0.489327
1.02539	0.712294
-0.919216	-0.390711
1.28612	0.544017
0.92762	0.501306
-0.32171	-0.0551368
-0.0935718	-0.136841
6.23999	0.771379
-0.158754	0.416497
-0.93008	0.0869892
-0.137027	-0.120258
1.1123	0.260164
-0.810579	-0.784237
-0.799715	-0.305066
-0.0609805	-0.00118161
-0.49553	0.0662467
-0.376029	-0.0262265
-0.2348	0.238645
-0.365165	0.0127675
-0.213073	-0.736237
-0.180482	0.0309497
-0.647623	-0.464441
0.590844	-0.251005
0.0802482	0.213697
-0.115299	0.363628
-0.84317	-0.377543
-0.875761	-0.9978
2.00313	0.369796
-0.191345	0.246682
0.243204	0.0664283
-0.169618	0.586558
-0.00666181	0.43831
-0.604168	-0.0857351
0.156294	0.195402
-0.832306	-0.714504
-0.691078	-0.0938918
-0.93008	-0.615569
-0.984399	-0.75451
0.634299	0.330644
-0.84317	-0.830741
-0.832306	-0.0648298
1.48167	0.505659
-0.365165	0.228577
-0.767124	-0.172294
1.00367	0.573629
-0.0175256	-0.133269
0.895029	0.241893
-0.984399	-0.970329
0.905893	0.647988
1.2644	0.290675
0.0259294	0.321838
-0.951808	-0.604926
0.732073	0.352714
0.981939	0.516727
0.688618	0.213396
-0.593304	0.33473
-0.419484	0.485832
1.48167	0.396363
-0.430348	-0.00404719
-0.832306	-0.926231
3.51319	0.657072
-0.397757	-0.195785
1.61204	0.818101
-0.821443	0.250602
1.17749	0.373842
2.02486	0.23656
2.48114	0.160517
-0.625895	0.205325
-0.082708	0.399539
1.21008	0.139432
0.286659	0.29344
1.61204	0.490633
-0.886625	-0.289753
0.764664	0.0606272
-0.104436	-0.292176
-0.995263	-1.50621
1.21008	0.698512
-0.973535	0.49515
0.362706	0.211434
0.210613	0.344235
-0.365165	0.0163029
1.52513	0.691964
-0.93008	-1.71377
3.82824	0.844713
-0.289119	0.192726
0.178022	-0.334857
-0.777988	-0.457484
0.0585207	0.44261
0.677754	0.112001
3.39369	0.286387
-0.104436	0.232564
-0.951808	-0.843734
1.34044	0.442706
-0.593304	0.514989
1.34044	0.508756
-0.473803	0.69761
-0.14789	-0.320744
-0.788851	0.149806
-0.84317	-0.190437
-0.528122	0.439728
-0.951808	0.279879
-0.180482	0.144157
-0.104436	-0.0239427
2.65496	0.324726
0.362706	0.00627856
0.0911119	0.0580493
-0.604168	0.0687785
-0.158754	0.417132
-0.919216	-0.99054
-0.538985	-1.57714
-0.962671	-0.702284
-0.126163	-0.179642
-0.864898	-0.383216
1.30785	0.243823
1.1123	-0.0162888
-0.962671	-1.22605
-0.767124	-0.449032
-0.680214	-0.410675
1.65549	0.29127
0.612572	0.647805
0.362706	-0.281735
0.797255	0.530226
-0.897489	-0.794325
-0.886625	0.0854821
-0.419484	-0.101803
1.35131	0.559857
-0.245664	0.049537
1.78586	0.688148
-0.332574	-0.200535
1.76413	0.760105
2.03572	0.203833
-0.267392	0.379451
3.20901	0.410533
-0.0609805	0.402355
0.57998	0.547805
-0.799715	0.389832
-0.625895	0.168166
-0.039253	0.356699
-0.84317	-0.293092
0.0693844	0.503189
-0.995263	-0.804286
-0.386893	0.0638901
1.76413	0.412315
0.634299	0.22711
1.21008	0.815527
-0.615032	-0.625009
-0.354302	0.528742
0.0693844	0.230223
0.710345	0.241067
0.0367932	0.181917
0.156294	-0.204866
-0.984399	-0.817174
-0.343438	0.189086
0.623435	0.455402
-0.75626	0.184981
-0.40862	0.178222
0.558253	0.480267
-0.875761	-0.531491
0.210613	-0.042834
-0.386893	-0.0702084
-0.32171	0.547275
-0.951808	-0.790038
-1.02785	-0.923605
-0.84317	-0.236864
0.634299	0.223183
-0.875761	-1.44297
-0.40862	-0.123881
-1.00613	0.370733
-0.821443	-0.521557
1.09058	0.339524
-0.745396	-0.113103
2.89396	0.81075
0.340978	-0.567695
-0.245664	-0.417011
2.50286	0.382383
0.417024	0.0301225
-0.256528	0.778656
-0.680214	0.240162
-0.354302	0.156004
-0.299983	-0.320736
-0.0718443	0.0981252
0.0150657	0.109986
-0.84317	-0.71242
0.254068	0.0873843
-0.180482	0.287182
1.70981	-0.253138
-0.919216	-0.969177
0.427888	0.677046
-0.593304	0.227967
-0.473803	0.254887
2.28559	0.792403
-0.821443	-0.487679
0.188886	0.186124
-0.93008	-1.10984
-0.49553	-0.398014
-0.604168	-0.80878
-0.810579	-0.183067
1.21008	0.00876936
-0.213073	0.400659
0.0150657	0.356332
-0.0283893	0.284764
-0.658487	-0.71648
1.39476	0.346898
-0.962671	-1.3775
-0.84317	-0.286132
-0.658487	-0.133272
1.5034	0.0822386
-0.658487	-0.555276
-0.430348	-1.98794
-0.799715	-0.513498
0.49307	0.145805
-0.919216	-0.487281
0.482207	0.36169
-0.93008	-1.13224
0.167158	0.383614
0.188886	0.0373945
-0.0935718	0.0604177
1.02539	0.565813
-0.973535	-0.791843
-0.419484	-0.317502
-0.104436	-0.419489
-0.386893	0.718095
-0.951808	-0.672328
-0.995263	-1.07547
0.330114	0.375231
-0.0718443	0.0803379
0.167158	0.181394
0.960212	-0.164386
0.145431	0.265305
0.0150657	0.58468
-0.767124	-0.841195
-0.864898	0.0170175
-0.0935718	0.362772
0.156294	0.363457
0.905893	0.349737
-0.386893	-0.0702084
-0.908353	-0.143002
-0.397757	0.0244938
-0.93008	-0.474026
-0.571577	0.169101
-0.517258	-0.153633
-0.462939	0.325749
-0.376029	0.363194
-0.0935718	0.103678
-0.66935	0.212646
1.90536	0.349229
0.123703	0.609228
-0.462939	-0.201627
-0.0283893	-0.126254
-0.104436	0.127983
0.938484	0.014852
-0.158754	-0.205162
0.00420194	0.0547889
-0.191345	-0.767272
3.58924	0.731114
-0.962671	-0.611149
-0.810579	0.403296
-0.32171	-0.328504
0.808119	0.0939869
1.10144	0.228565
0.514798	0.399804
0.905893	0.732007
2.11177	0.121263
2.01399	0.276216
2.29645	-0.00975209
-0.962671	-0.756995
0.981939	0.396771
-0.940944	-1.05157
-0.615032	-0.162557
1.00367	0.181884
-0.897489	-0.535739
0.264932	0.220522
0.221477	0.119389
0.49307	0.175411
1.6229	0.658786
-0.571577	0.320874
0.7538	0.0136918
0.862438	0.395385
-0.745396	0.431855
-0.940944	-0.291409
0.656027	0.315984
1.21008	0.181785
-0.517258	0.398517
0.00420194	-0.261694
-0.528122	0.440353
-0.2348	-0.569379
0.286659	0.790556
-0.58244	0.236836
0.438752	-0.410459
-0.039253	-0.0704327
0.66689	-0.0272947
-0.278255	0.317303
3.95861	0.558101
-0.767124	-0.169474
0.721209	0.090883
-0.734533	-0.718179
0.145431	0.313681
-0.528122	0.0476342
-0.84317	-1.2564
-0.854034	-1.0662
-0.875761	-0.367361
-0.908353	0.480797
-0.84317	-0.619535
-0.0283893	0.0744829
0.601708	0.0213664
1.87277	0.2042
0.514798	-0.529856
-0.137027	0.287662
0.0693844	0.444984
-0.875761	-0.161801
-0.799715	-0.567775
0.0693844	-0.172283
-0.712805	-1.48079
-0.984399	-0.252457
-0.267392	-0.136808
-0.93008	0.0482826
0.0150657	-0.396149
-0.810579	-0.479052
0.264932	0.32595
-0.528122	0.106008
0.775528	0.582326
0.536525	0.698598
-0.821443	0.0193671
0.210613	0.112748
0.971075	0.593569
0.384433	0.126747
-0.386893	-0.543941
0.732073	-0.326949
-0.799715	0.517007
1.31872	0.620742
0.0150657	0.316368
-0.082708	0.00809787
-0.615032	-0.0750497
2.35077	0.504501
-0.343438	0.295882
-0.386893	-0.0900511
-0.528122	0.140425
0.395297	-0.154817
0.710345	-0.121496
0.275796	0.54175
6.23999	0.771379
-0.593304	0.211333
-0.332574	-0.0640737
-0.854034	-0.474102
0.449616	0.0548514
0.688618	-0.271882
-0.506394	0.344603
0.449616	0.550862
0.373569	0.13521
1.07971	-0.0582519
0.547389	-0.115509
-0.777988	0.125064
0.862438	0.758075
0.960212	0.830064
-0.745396	-0.150296
-0.799715	0.66177
0.0911119	0.47451
-0.158754	-0.0561433
1.22094	-1.09381
3.45887	0.272898
1.5034	0.496638
-0.625895	0.534423
-0.310847	0.272562
-0.452075	0.226146
-0.821443	-0.699988
0.0367932	0.117503
0.905893	0.261342
-0.897489	-0.220337
1.45994	0.276359
-0.180482	-0.769842
-0.310847	-0.158281
-0.875761	-0.569715
0.384433	0.497495
-0.593304	-0.561758
0.547389	0.132553
1.16662	0.525155
3.18728	0.394305
-0.908353	-0.232633
-0.864898	-0.275853
-0.875761	-0.704963
-0.517258	0.382461
-0.365165	-0.202415
1.27526	0.021921
0.656027	0.638215
-0.995263	-1.31825
0.536525	-0.101627
-0.430348	0.236828
-0.2348	-0.520463
0.123703	0.331402
-0.0283893	0.0854477
-0.32171	0.41031
-0.84317	-1.26182
0.764664	0.569803
-0.777988	-0.944343
-0.832306	-0.51128
-0.462939	0.125466
4.39316	0.514517
-0.32171	0.378466
-0.549849	-0.397861
-0.082708	-0.0497057
-1.00613	-0.764508
0.0476569	0.264
-0.93008	-0.611454
0.699482	0.413703
1.31872	0.845656
0.0150657	0.477011
-0.299983	0.499093
0.167158	-0.536374
1.01453	0.25663
-0.58244	-0.0894681
0.786392	0.555996
-0.647623	-0.376906
-1.01699	-1.01117
-0.517258	-0.558089
-0.799715	-0.0847117
1.75326	0.363742
-0.875761	-0.447096
-0.995263	0.432275
-0.788851	-0.376114
1.88363	-0.0403662
0.677754	0.311434
0.49307	0.414507
0.905893	-0.0994975
0.0802482	-0.249935
-0.14789	0.199607
1.70981	0.320893
-0.973535	-0.843305
-0.875761	-1.26022
0.395297	0.0981379
0.384433	0.501549
-0.58244	-0.558038
1.1123	0.396308
2.00313	0.150154
-0.180482	0.287182
-0.84317	0.254817
0.873302	0.360726
-0.267392	0.147792
-0.701941	-0.62541
-0.875761	-0.506779
-0.00666181	0.421034
-0.93008	-0.803671
-0.180482	0.313576
-0.2348	-0.134616
-0.854034	-0.217474
-0.593304	0.452838
-0.365165	0.505245
1.7424	0.244474
-0.767124	-0.291711
-0.658487	-0.693471
-0.712805	0.588378
-0.75626	-0.45436
-0.940944	-0.724598
1.06885	0.429255
2.44854	0.316029
-0.245664	0.178396
1.45994	0.821879
-0.0718443	0.364203
0.384433	0.606312
2.53545	0.583257
-0.441212	-0.300516
0.319251	0.212309
2.253	-0.0711842
0.590844	0.422308
-0.875761	-0.590676
-0.723669	-1.05402
-0.908353	-0.267697
-0.875761	-0.105018
-0.832306	-0.783756
0.460479	0.16334
-0.2348	0.436083
-0.0935718	-0.0837374
-0.734533	0.240013
0.0259294	-0.163036
-0.202209	0.0359995
0.0150657	0.356332
0.0259294	0.329091
0.634299	0.33231
-0.701941	-0.0750555
-0.636759	0.331429
-0.864898	-0.815861
-0.940944	0.34807
-0.854034	0.522621
0.101976	0.106627
0.656027	0.631966
-0.864898	0.140992
-0.560713	0.484903
-0.886625	0.19982
-0.919216	0.214955
-0.430348	-0.635184
0.0150657	0.167306
0.0259294	-0.47782
0.156294	0.47695
0.0911119	0.192699
-0.636759	0.0366141
1.41649	0.357612
-0.864898	0.0915908
0.395297	-0.051334
-0.310847	0.248035
0.101976	-0.138788
1.1123	0.0451568
-0.256528	-0.0444042
0.0150657	0.802442
-0.2348	0.503942
1.57945	-0.0981289
0.243204	0.387501
0.188886	0.016036
-0.452075	-0.198615
0.0585207	0.340242
0.0693844	0.439153
-0.886625	-0.0712354
-0.723669	-0.354745
-0.202209	-0.113167
0.699482	0.378505
1.7424	0.67221
-0.625895	0.512492
-1.00613	-0.662095
0.558253	0.128425
-0.202209	0.309429
0.992803	0.00459516
0.308387	0.690972
-0.680214	-0.410675
2.14436	0.317742
-1.01699	-0.860686
-0.571577	0.405746
1.29699	0.0313916
-0.625895	-0.548449
-0.908353	-0.501996
-0.528122	-0.0229636
-0.658487	0.181115
-0.897489	-0.209678
0.57998	0.3671
-0.191345	0.0805639
-0.810579	-0.857458
0.49307	0.145805
0.210613	-0.144102
-0.919216	-0.419534
0.254068	0.307819
-0.712805	0.389666
1.66636	0.344771
3.62183	0.644694
-0.419484	-0.626663
-0.832306	-0.662302
-0.940944	-0.444544
0.210613	0.0409022
-0.0501168	0.153962
-0.962671	0.157395
-0.712805	0.325061
-0.810579	-0.0380346
2.29645	0.400938
-0.126163	-0.0888292
-0.245664	-0.56254
-0.14789	-0.0463831
-0.962671	-0.735276
-0.767124	-0.336549
2.17695	0.365
2.04659	0.414851
-0.658487	0.365896
1.81845	0.236902
-0.484667	-0.699059
1.53599	0.209103
-0.115299	-0.105342
-0.0501168	0.427174
0.503934	-0.330336
-0.615032	0.348243
-0.734533	-0.551272
-0.680214	0.368727
-0.0935718	0.00200998
-0.354302	-0.674114
2.02486	0.597622
-0.777988	-0.390261
-0.767124	-0.417433
-0.962671	-0.549009
-1.00613	-0.841632
-0.636759	-0.143173
-1.01699	-0.338738
0.829847	0.0863305
1.30785	0.403184
-0.919216	-0.921978
0.92762	0.356876
-0.40862	-0.351052
-0.908353	-0.947546
-0.571577	0.0732924
-0.386893	-1.25269
-0.137027	0.667158
-0.354302	0.26687
-0.158754	0.1842
0.0367932	0.159927
0.525662	0.0324324
0.0802482	0.339041
-0.75626	0.465655
-0.864898	0.515436
0.199749	-0.171854
-0.734533	-0.645773
0.156294	0.0922603
-0.462939	-0.209124
-0.84317	-0.712552
0.0259294	-0.37036
-0.962671	-0.287561
-0.908353	-0.46343
-0.636759	-0.282707
1.44908	0.234625
-0.0718443	0.392461
1.06885	0.154817
0.612572	0.753783
-0.93008	0.219702
-0.854034	0.065569
0.525662	0.606584
-0.875761	-0.60948
-0.104436	-0.0280726
1.94881	0.399722
-0.202209	-0.00947361
-0.93008	-0.677671
-0.376029	-0.432529
-0.908353	-0.786807
1.42735	0.170898
-0.984399	-0.617841
-0.419484	-0.284717
-0.919216	-0.547082
0.362706	0.163954
-1.03872	-0.403508
1.30785	0.230796
-0.0609805	0.431059
-0.940944	-0.689049
2.39423	0.345545
-0.571577	0.54188
-0.66935	0.173674
-0.191345	-0.274691
0.514798	0.607361
0.677754	0.0547021
-0.897489	-0.0508924
-0.777988	-0.58403
-0.723669	-0.185858
-0.256528	0.323855
-0.625895	-0.662566
-0.039253	0.388756
-0.126163	-0.259419
-0.75626	-0.347947
-0.452075	0.502284
0.0367932	0.159927
-0.908353	-0.487867
-0.299983	0.328993
1.49254	0.523022
-0.973535	-0.547286
-0.919216	-0.0969975
3.65442	0.339621
-0.875761	0.277048
0.254068	0.333102
-0.908353	-0.52315
-0.864898	-0.511941
-0.376029	0.261992
0.916757	-0.117934
-0.2348	0.302913
-0.951808	0.407278
-1.00613	-0.94947
3.95861	0.56955
0.949348	0.214077
1.6229	0.33142
-0.788851	-0.249263
-0.636759	0.474075
0.340978	-0.428051
-0.93008	-0.570346
0.775528	0.182631
-0.658487	0.22124
0.427888	-0.348065
2.27472	0.357695
-0.376029	0.556466
-0.0609805	-0.276473
-0.430348	-0.180858
-0.419484	-0.521264
-0.137027	0.361264
0.482207	-0.141484
0.123703	-0.209442
2.731	0.365361
-0.593304	-0.255407
-0.897489	-0.518537
-0.875761	-1.57272
3.32851	0.440502
2.24213	0.369421
1.05799	-0.182615
0.0693844	0.145143
0.677754	0.472803
1.02539	0.378957
-0.310847	0.548321
-0.549849	-0.665115
0.319251	0.25201
-0.680214	-0.517463
-1.02785	-0.853655
0.254068	-0.320726
0.101976	-0.279754
0.656027	0.418669
-0.202209	0.336088
1.39476	0.310039
-0.202209	0.353462
-0.299983	0.0544714
0.0693844	-0.233635
-0.647623	-0.0206232
-0.93008	-0.274987
-0.419484	0.0477678
2.52459	0.598459
-0.93008	-0.668604
-0.354302	0.134941
-0.213073	0.25261
0.623435	-0.188456
-0.919216	0.299704
1.32958	0.336806
0.829847	0.047588
-0.202209	0.212935
1.31872	0.0220061
0.167158	0.534321
2.74187	0.39762
-0.962671	-0.418187
0.0802482	0.107255
-1.02785	-1.48835
-0.75626	0.141629
-0.832306	-0.90414
-0.604168	-0.356099
-0.397757	-0.740064
-0.32171	-0.238169
1.19921	0.0498011
1.07971	0.404876
0.156294	0.10156
-0.484667	0.210234
0.601708	0.116183
2.53545	0.676532
0.406161	0.361948
-0.441212	-0.0128906
-0.517258	0.212686
-0.180482	-0.316733
0.308387	0.0157569
-0.310847	0.093023
-0.799715	0.165991
-0.984399	-0.31256
-0.875761	-0.526741
-0.213073	0.199503
-0.886625	-0.407462
-0.647623	-0.093848
-0.376029	-0.437668
2.6115	0.713201
-0.332574	-0.676513
0.297523	0.371887
0.742937	0.450474
-0.875761	-0.674921
-0.908353	0.420095
-0.343438	-0.572881
-0.549849	0.163799
-0.658487	-0.328322
-0.680214	0.240542
-0.462939	0.317742
-0.93008	-0.836591
-0.995263	-0.890882
2.40509	0.33861
1.53599	0.346615
-0.528122	-0.826732
0.449616	0.0505636
0.699482	0.637135
-0.951808	0.575342
-0.919216	0.0931115
0.57998	0.150144
-0.441212	-0.665788
-0.875761	-0.42676
-0.484667	0.298679
0.0693844	0.336391
4.24106	0.173465
1.55772	0.455892
-0.58244	0.308187
-0.940944	-0.716938
-0.223937	0.341695
1.63376	0.219859
-0.908353	-0.501996
-0.245664	0.349519
0.134567	0.345417
-0.897489	-1.0442
0.167158	0.135842
-0.0175256	0.153643
0.188886	-0.141161
0.569117	0.318996
1.91622	0.622377
0.308387	-0.122645
-0.636759	0.147294
0.449616	-0.531812
1.02539	0.137128
-0.549849	-0.175923
2.3725	0.683253
-0.604168	0.247259
-0.832306	0.291439
-0.799715	-0.0485567
-0.93008	-0.370895
1.99227	0.0480002
-0.973535	-1.06938
1.66636	0.370068
-0.647623	0.376433
0.188886	-0.598188
-0.126163	-0.222053
1.02539	0.43584
0.623435	-0.22446
-0.441212	-0.320497
-0.854034	-0.375672
-0.875761	-0.103928
1.22094	0.32114
0.243204	0.728786
0.188886	-0.169115
-0.84317	0.343644
-0.256528	0.341293
0.873302	0.233429
-0.430348	-0.240901
0.590844	-0.251005
0.178022	0.233978
-0.93008	-0.597635
0.221477	0.103454
-0.799715	0.384879
-0.115299	0.488054
-0.0501168	-0.144407
-0.0718443	0.273474
0.84071	0.34073
-0.734533	-0.283805
3.21987	0.598688
1.6229	0.33142
-0.32171	-0.188959
2.1009	0.120402
2.15522	0.0459718
-0.940944	-0.565209
-0.886625	-0.385808
0.210613	-0.603567
-0.506394	-0.472008
1.1123	0.509616
-0.680214	0.263242
-0.984399	-0.159326
-0.908353	-0.785826
-0.832306	0.196979
0.623435	0.391748
-0.397757	-0.271406
0.0150657	0.126538
-0.126163	-0.722408
1.69895	0.425337
-0.84317	0.404081
-0.506394	-0.0341567
0.895029	-0.0439295
-0.951808	0.224992
0.395297	0.477555
-0.484667	0.0248635
-0.615032	0.57882
-0.452075	-0.84137
0.699482	0.055399
-0.799715	-0.0933818
0.0367932	0.0974715
0.308387	0.0955947
-0.658487	0.12793
-0.908353	0.892004
-0.973535	-0.546161
-0.0283893	0.200042
-0.256528	0.490583
-0.886625	0.416774
1.3839	0.0480683
-0.951808	-1.13761
0.112839	-0.204931
-0.854034	-0.58082
-0.191345	0.292357
-0.549849	-0.665115
-0.919216	-0.164763
1.32958	0.39173
0.243204	-0.0627107
-0.712805	0.303322
-0.984399	-0.949294
-0.419484	-0.207315
-0.354302	-0.0961318
-0.386893	-0.0119017
-0.919216	-0.33464
0.221477	0.476062
0.482207	-0.080179
-0.0283893	0.437301
-0.636759	0.0518118
-0.473803	-0.80652
0.590844	0.23266
0.808119	-0.109975
-0.864898	-0.444248
0.525662	0.465058
-0.723669	-0.454425
-0.919216	-0.646112
-0.897489	-0.449229
-0.691078	-0.694651
1.75326	0.382675
-0.788851	-0.651091
-0.723669	-0.378057
-0.180482	0.364745
-0.701941	-0.175976
0.688618	0.468773
-0.810579	0.0713277
-0.940944	-1.00854
-0.604168	0.238897
-0.538985	-0.777364
-0.517258	-0.591869
0.482207	0.448601
-0.919216	-0.530713
0.178022	0.252649
-0.962671	-0.492869
0.612572	0.505068
-0.202209	-0.620871
-0.32171	-0.0574837
-0.93008	-0.210817
-0.940944	0.219434
3.02432	0.0414651
-0.691078	0.142028
-0.886625	0.0241826
-0.788851	-0.241329
0.808119	0.191625
1.34044	-0.485623
-0.549849	0.71832
-0.202209	0.739758
-0.452075	0.44685
-0.799715	-0.000663388
1.44908	0.689421
0.0367932	0.429342
-0.560713	-0.4898
-0.49553	0.15433
-0.84317	-0.48222
1.97054	0.754229
-0.137027	0.00488019
0.0693844	0.358555
-0.528122	0.559109
1.56858	0.342228
-0.484667	-0.257882
-0.299983	0.126437
-0.908353	-0.696043
-0.625895	-0.564137
-0.940944	-0.671303
-0.940944	-0.49613
-0.897489	-0.670191
0.275796	0.192105
-0.66935	0.42914
0.134567	-0.0492288
2.00313	0.228777
0.0259294	-0.0567554
-0.082708	0.400307
-0.452075	-0.105344
-0.951808	-0.924412
-0.777988	0.558872
-0.75626	-0.328
-0.886625	-0.437847
-0.875761	-0.422475
-0.777988	-0.375986
-0.788851	0.406034
-0.223937	0.306307
-0.940944	0.0104301
-0.180482	-0.769842
1.34044	0.495945
-0.810579	-0.133955
0.482207	0.327133
-0.604168	0.637608
-0.75626	0.157442
0.112839	0.174705
-0.549849	-0.917324
-0.104436	0.441882
-0.40862	-0.0729826
-0.799715	-0.440179
1.16662	0.342022
1.16662	0.726302
-0.93008	-0.771245
-0.0609805	0.535523
1.56858	0.136324
-0.864898	0.0922895
-0.245664	-0.0894123
-1.03872	-0.403953
-1.01699	-0.151292
-0.973535	0.531453
0.427888	0.659494
0.254068	0.0642404
-0.962671	-0.78769
1.41649	-0.139426
-0.832306	-0.943782
-0.49553	0.329487
3.39369	0.676794
2.32904	0.0456728
0.221477	0.475702
-0.777988	-0.142525
0.00420194	0.425937
0.460479	0.331796
-0.691078	0.391789
0.427888	-6.62888e-05
-0.767124	-0.346595
-0.354302	-1.2684
0.916757	-0.318533
2.90482	0.557407
-0.202209	0.0715793
-0.549849	-0.301553
-0.245664	-0.260368
-0.75626	0.401944
1.82931	0.654175
0.178022	-0.521436
-0.082708	0.0761685
0.449616	-0.136145
0.449616	0.393176
-0.777988	0.0959074
-0.484667	0.0677137
-0.821443	0.142534
0.0150657	0.254953
0.514798	-0.696095
-0.430348	-0.113223
-0.40862	0.700663
-0.962671	-0.753322
-0.0718443	0.220711
0.308387	0.321302
-0.691078	0.301263
-0.58244	0.436229
0.221477	-0.0957638
0.0693844	-0.490149
-0.908353	-0.207567
1.13403	0.379583
-0.908353	-0.330093
-0.658487	-0.668784
2.54632	0.163797
1.01453	-0.207627
-0.636759	-1.0727
-0.832306	0.504844
-0.821443	-0.299614
-0.973535	-0.353954
-0.647623	-0.152843
-0.854034	0.194711
-0.137027	0.366602
-0.299983	-0.335579
-0.984399	-0.688467
0.775528	0.44703
-0.126163	0.421725
-0.191345	-0.0992707
-0.126163	0.40457
-0.951808	-0.733837
-0.213073	0.095264
-0.864898	-0.0564944
-0.343438	-0.0763135
1.24267	0.544026
-0.137027	0.0733622
-0.082708	0.597461
0.178022	-0.859455
-0.940944	-0.65702
-0.886625	0.116888
-0.810579	-0.111641
-0.343438	0.295221
-0.180482	0.451815
-0.777988	-0.762285
2.56805	0.538377
-0.517258	0.390089
1.39476	0.54219
-1.02785	-1.50264
-0.0501168	0.403798
0.895029	0.717234
-0.58244	0.00394352
0.417024	-0.386593
3.50233	0.776036
-0.245664	-0.347131
-0.2348	-0.568153
-0.419484	0.334567
-0.962671	-0.869558
1.09058	0.0791988
-0.984399	-0.709602
0.0367932	-0.049304
-0.104436	-0.240829
-0.951808	-0.666048
-1.00613	-0.298525
-0.75626	-0.445046
0.688618	0.559911
2.02486	0.54703
2.17695	0.50374
-0.343438	-0.104599
-0.951808	-0.566899
-0.506394	0.258046
0.340978	0.0570263
0.243204	0.232383
-0.560713	0.0194861
0.66689	-0.182442
1.43822	0.372523
2.00313	0.332505
-0.854034	-0.380258
4.09983	0.734429
-0.919216	-0.347677
-0.810579	-0.738224
-0.32171	-0.0512895
-0.658487	-0.5862
1.00367	0.6289
-0.93008	-0.370895
1.42735	0.0962662
-0.202209	-0.697163
2.17695	0.762158
-0.376029	0.479265
-0.137027	0.475736
-0.549849	-0.162434
0.710345	0.257285
-0.299983	0.017221
1.04712	0.346098
1.53599	0.046472
-0.332574	-0.0640737
-0.49553	-1.01943
1.06885	0.487173
-0.039253	0.358331
-0.354302	0.401985
-0.84317	-0.41958
0.873302	0.475855
0.471343	0.25159
1.32958	0.497003
-0.995263	-0.735691
2.74187	0.346417
-0.973535	0.0941345
-0.886625	-0.463949
-0.810579	0.38916
-0.430348	0.129493
-0.962671	-0.28299
0.66689	0.499518
0.340978	0.512145
-0.777988	0.141222
2.28559	0.186885
0.688618	0.410605
-0.560713	0.24908
-0.462939	0.276885
1.48167	0.34895
-0.984399	-1.22714
-0.115299	0.429897
0.0802482	-0.652331
-0.701941	-0.180993
0.895029	0.720318
-0.223937	-0.0850177
0.884165	0.0546114
0.112839	-0.184131
2.82878	0.0370194
-0.137027	0.0179165
-0.376029	-0.276192
1.05799	0.315692
-0.919216	-0.610761
-0.864898	0.0748954
0.351842	-0.203347
-0.332574	-0.446633
1.32958	0.336806
-0.908353	-0.138193
-0.973535	-1.0452
0.873302	0.0853371
-0.115299	0.12042
-0.32171	0.714019
-0.973535	0.530635
-0.810579	-0.055516
-0.00666181	0.198397
-0.886625	-1.52504
-0.289119	0.59018
0.395297	-0.293519
-0.940944	0.0101045
-0.039253	0.0278457
-0.169618	0.0837692
-0.701941	-0.662494
-0.0175256	0.0324053
-0.745396	-0.5338
-0.604168	0.347937
0.188886	-0.0302477
-0.66935	0.102791
0.221477	-0.162305
-0.767124	0.214655
-0.854034	0.387177
-0.473803	0.712847
-0.571577	0.0344357
0.199749	-0.282026
-0.14789	-0.000986104
0.764664	0.569803
-0.66935	0.0797151
-0.593304	0.329717
0.188886	0.00804952
0.949348	0.0222034
-0.962671	-0.218075
-0.0609805	-0.049171
-0.908353	-0.822476
-0.0609805	-0.128032
0.0150657	0.401892
0.297523	-0.365758
0.57998	0.827976
-0.712805	-0.0854439
-0.0283893	0.238368
-0.832306	0.352985
1.28612	0.554713
-0.908353	-0.271757
-0.886625	-0.361248
1.15576	-0.405993
-0.419484	0.444652
0.145431	-0.241778
0.330114	0.348506
1.32958	0.302814
0.851574	0.291295
0.851574	-0.410555
-0.528122	-0.562917
-0.832306	-0.693537
-0.538985	0.37823
-0.66935	0.425092
-0.788851	-0.241329
0.525662	0.606584
-0.538985	0.262139
-0.712805	-0.545438
-0.549849	0.305461
1.97054	0.728862
0.623435	0.720778
0.340978	0.481385
-0.332574	0.520933
1.13403	-0.115556
0.167158	0.607332
0.829847	0.108738
-0.897489	-0.366669
0.0802482	-0.115811
-0.158754	0.540253
0.536525	0.340235
1.7424	0.213386
0.0150657	-0.0629401
-0.680214	-0.294244
2.69841	0.393198
0.0259294	0.432765
0.00420194	0.503839
0.699482	0.419801
-0.647623	-0.304413
1.41649	0.317608
-0.365165	-0.207054
-0.940944	0.266228
-0.615032	0.477128
0.601708	0.254414
0.460479	0.460101
-0.93008	-0.445077
-0.473803	-1.28009
0.862438	0.374655
0.558253	0.362875
-0.788851	-0.882669
-0.256528	-0.685303
0.112839	0.432767
-0.691078	-0.663092
-0.75626	0.257278
-0.712805	-0.735371
-0.984399	-0.696623
-0.115299	0.204616
-0.810579	-0.42677
2.16609	0.386744
-0.376029	0.0411436
0.775528	0.274292
-0.875761	-0.797657
0.732073	-0.27474
-0.995263	-0.460736
-0.14789	0.0677064
-0.886625	-0.61976
-0.886625	-0.309051
-0.213073	0.0350932
-0.354302	-0.271465
-0.126163	0.0528576
0.0476569	0.215095
1.88363	-0.0916569
-0.441212	-0.300044
0.916757	0.465357
0.254068	-0.147578
-0.126163	0.427735
0.243204	0.323755
-0.625895	-0.316253
0.340978	0.629535
1.25353	0.567103
-0.919216	-0.808931
-0.940944	-1.08996
1.03626	-0.011924
-0.745396	-0.261168
-0.256528	-0.599099
-0.973535	-0.792218
-0.777988	-0.948588
-0.854034	-0.454613
0.764664	0.659404
2.253	0.749211
-0.256528	0.733589
1.2644	0.351994
-0.397757	0.514073
-0.506394	-0.275861
3.3611	0.866385
0.0476569	0.690346
0.188886	0.158168
0.0259294	-0.133186
-0.267392	-0.60335
-0.875761	-1.62898
-0.908353	-0.834852
0.0259294	0.299517
0.00420194	0.134793
2.18781	0.52859
-0.701941	-0.0250597
0.645163	0.308612
0.797255	0.295471
-0.32171	0.327563
-0.951808	-0.630266
0.319251	0.101481
-0.897489	-0.36412
0.721209	-0.190763
-0.84317	0.207708
-0.169618	0.445386
-0.571577	-0.132079
-0.680214	0.598654
2.93741	0.789795
-0.66935	0.399168
-0.2348	-0.55505
4.72993	0.461665
1.34044	0.163644
0.601708	0.704162
-0.940944	-0.0388092
-0.854034	-0.146158
0.0802482	0.525704
-0.767124	-1.10929
-0.854034	-0.445724
1.13403	0.0331976
2.03572	-0.245278
-0.202209	0.358929
-0.560713	-0.0663407
0.699482	0.605253
-0.386893	-0.309298
-0.788851	0.258808
-0.528122	-0.616778
-0.462939	-0.849854
-0.897489	-0.767424
0.645163	0.395513
1.16662	0.427367
-0.701941	-0.76019
0.406161	0.479384
-0.75626	-0.492417
-0.767124	-0.558919
-1.03872	-1.03117
-0.202209	0.272861
-0.256528	0.487416
-0.854034	-0.537808
-0.278255	-0.259507
0.178022	0.46902
-0.223937	0.624839
-0.84317	0.356666
-0.2348	0.0583842
-0.473803	0.131579
1.27526	0.343177
-0.734533	0.219572
-0.66935	0.285394
1.05799	0.343235
-0.625895	-0.367683
-0.213073	0.400481
-0.32171	0.300607
-0.58244	0.448148
-0.00666181	0.33111
0.384433	0.126747
-0.919216	-1.00263
-0.158754	0.118774
0.384433	0.390315
-0.93008	-0.560994
-0.951808	-0.448788
-0.169618	0.199203
-0.386893	0.341422
-0.082708	0.162577
0.905893	0.647988
-0.00666181	0.448437
0.547389	-0.15529
0.384433	-0.154379
0.547389	0.170419
0.264932	-0.08634
-0.604168	-1.74801
-0.289119	-0.811527
-0.886625	-0.183537
-0.962671	-0.514257
0.471343	-0.230195
-0.430348	0.0193594
-0.799715	-0.871826
-0.940944	-0.330423
-0.484667	0.359357
-0.951808	0.385696
-0.571577	0.030445
-0.32171	0.304445
-0.0718443	0.396912
-0.625895	-0.367683
0.57998	-0.641299
-0.723669	0.0954341
-0.984399	-1.13713
-0.701941	0.0330698
-0.897489	-0.257269
-0.919216	-0.519678
-0.788851	0.344385
-0.202209	0.14403
-0.973535	-0.566058
-0.441212	0.432619
-0.84317	0.634526
-0.745396	-0.815949
-0.549849	-0.804799
1.06885	0.31021
-0.528122	0.0853186
-0.691078	0.121351
-0.93008	0.538777
-0.625895	0.5494
-0.788851	0.426395
-0.419484	0.293795
-0.571577	0.0795809
-0.908353	-1.04198
-0.397757	0.203206
0.264932	0.21914
1.01453	-0.212673
0.503934	-0.236134
-0.886625	-0.25072
-0.875761	-0.736265
-0.886625	0.19982
0.514798	-0.266118
4.64302	0.773677
-0.40862	0.178222
1.30785	0.252036
-0.180482	0.210684
2.58977	0.803337
-1.00613	0.183955
-0.58244	-0.849463
-0.767124	0.507877
0.0367932	0.290332
0.243204	0.473446
1.42735	-0.0534008
1.7424	0.0311114
-0.332574	-0.860924
-0.984399	-0.524111
-0.343438	-0.455261
-0.832306	-0.93998
-0.625895	0.262325
-0.951808	0.242999
1.35131	0.319128
-0.0609805	-0.297892
1.30785	0.514409
-0.93008	-1.71377
-0.854034	-0.278983
-0.75626	0.165075
-0.213073	-0.261802
3.11123	0.512649
4.14329	0.721078
-0.799715	0.35702
-0.58244	-0.517891
-0.919216	-0.849363
-0.875761	-0.480364
-0.799715	-0.000663388
1.07971	0.271732
0.145431	0.238745
-0.908353	-0.537254
-1.02785	-1.48835
0.460479	0.370223
3.65442	0.609911
-0.473803	0.364414
0.992803	0.354959
0.297523	0.195131
0.590844	-0.0674729
-0.75626	-0.283
-0.517258	0.521096
-0.191345	0.110628
-0.365165	0.0163029
-0.0935718	0.374837
-0.332574	0.520933
-0.777988	-1.04233
-0.799715	-0.006128
-0.082708	0.316164
-0.354302	-0.420039
0.57998	0.827976
0.57998	0.532085
-0.712805	0.382309
0.471343	-0.142365
-0.951808	-0.687525
0.851574	0.372786
-0.767124	0.209696
-0.549849	-0.434127
-0.810579	-1.39793
-0.734533	0.0476417
-0.973535	-1.07389
-0.593304	-1.19906
-0.908353	-1.23686
1.2644	0.707694
-0.039253	0.538638
-0.940944	0.0513359
0.829847	0.721527
-0.560713	0.045023
0.123703	0.448087
-0.289119	-0.264435
-0.430348	0.455888
-0.984399	0.170441
-0.658487	-0.726077
-0.875761	-0.510747
-0.93008	-0.278871
2.01399	0.285323
-0.995263	0.0380921
0.482207	-0.0941381
-0.354302	-0.346677
2.11177	-0.00773115
-0.625895	0.379948
-0.799715	-0.006128
4.91461	0.319028
0.971075	0.593569
0.981939	0.187109
0.57998	0.0881035
1.21008	0.569641
0.145431	0.294203
0.503934	0.821114
-0.419484	-0.284257
-0.734533	-0.156398
-0.919216	-1.70467
-0.365165	-0.355441
0.0693844	0.663952
-0.712805	-0.27763
-0.213073	-0.209023
0.264932	0.308908
-0.875761	-0.0413138
1.77499	0.508015
0.308387	0.490281
-0.49553	0.394998
-0.984399	-1.03368
3.9912	0.561787
-0.343438	0.551575
0.0259294	0.394062
0.188886	-0.169115
2.86137	0.457737
0.308387	0.510248
0.438752	0.303616
0.0150657	0.472644
-0.777988	-0.686579
-0.419484	0.450077
-0.886625	0.0954189
-0.560713	-0.428854
-0.213073	-0.355591
-0.560713	0.355298
0.634299	0.167132
1.81845	0.353944
0.134567	0.425817
0.482207	0.553988
-0.538985	-0.101737
0.156294	0.46928
-0.58244	0.00394352
0.547389	0.191298
-0.962671	0.0189814
1.21008	0.598826
-0.647623	-0.0113299
-0.517258	-0.435528
-0.213073	0.215327
-0.93008	-0.633857
-0.376029	-0.340457
-0.354302	0.401985
0.460479	-0.860189
1.2644	0.924054
-0.310847	0.248035
-0.810579	-1.27725
-0.788851	-0.00974916
-0.223937	0.482195
2.70927	-0.0695277
0.514798	0.504569
-0.549849	0.212008
-0.40862	-0.466401
-0.93008	-1.05334
0.232341	0.408625
0.569117	0.183087
-0.104436	0.148919
-0.93008	-0.441981
-0.267392	-0.287429
-0.832306	-0.319955
-0.180482	0.431215
-0.484667	-0.17062
-0.777988	-0.19114
-0.604168	-0.64105
1.05799	0.362612
-0.940944	-0.445683
-0.604168	-0.049085
0.188886	0.0260186
0.210613	0.324579
-0.897489	-0.0535468
1.13403	0.739224
-0.864898	0.423478
0.0911119	0.0157491
1.97054	0.191921
-0.32171	-0.17568
-0.14789	0.0230446
-0.549849	0.128844
-0.615032	-0.0291615
2.11177	0.333742
-0.995263	-0.679008
0.319251	-0.246296
-0.788851	-0.137167
-0.386893	0.429661
1.28612	0.287896
-0.723669	-0.40583
0.232341	0.101063
0.275796	0.532407
-0.0283893	-0.271439
-0.962671	-0.683234
0.275796	0.525079
-0.625895	-0.739019
-0.647623	0.275963
-0.973535	0.251629
-0.886625	-0.105984
-0.517258	0.326479
0.275796	-0.463568
0.319251	0.318601
-0.875761	-0.363444
-0.864898	-0.844379
2.1009	0.477442
-0.549849	0.0820145
-0.223937	-0.0361799
1.42735	0.0962662
0.66689	0.470549
-0.886625	-0.448032
0.0693844	-0.350387
-0.897489	0.00371695
-0.691078	0.162903
-0.940944	-0.747369
-0.962671	-1.49343
-0.973535	-0.604419
-0.452075	-0.659312
0.699482	-0.157485
-0.452075	-0.0570853
-0.310847	-0.110845
-0.919216	0.193574
0.92762	0.292837
-0.777988	0.174637
-0.919216	-0.303264
-0.767124	-0.982622
-0.180482	0.726098
-0.799715	0.45971
-0.940944	0.115855
0.862438	0.254103
-0.376029	0.196446
-0.810579	0.0710291
-0.940944	-0.159387
0.308387	0.048234
0.134567	0.862393
0.0911119	0.429044
1.89449	0.522613
-0.202209	-0.103933
1.73154	0.27767
-0.58244	0.549948
-0.158754	0.650077
-0.777988	-0.181776
-0.864898	-0.0280897
-0.560713	0.595113
1.5034	0.908814
-0.995263	-0.412781
-0.49553	-0.740872
-0.376029	-0.00204953
-0.299983	-0.17236
-0.745396	-0.771295
1.5034	-0.140668
-0.734533	0.12635
1.51426	0.502831
-0.213073	0.328989
-0.354302	-0.586307
-0.430348	0.00144928
-0.712805	-0.302075
-0.245664	-0.136585
0.178022	-0.29991
-0.788851	-0.382096
-0.875761	0.24024
-0.376029	0.343995
-0.821443	0.734361
0.536525	0.339725
-0.864898	-0.351994
-0.376029	0.121421
-0.137027	-0.0315594
0.569117	0.285191
-0.332574	-0.860924
2.253	0.479683
-0.104436	-0.0492317
-0.75626	-0.0829939
-0.647623	0.299085
-0.636759	0.279674
-0.245664	0.296285
-0.951808	-0.393369
-0.115299	0.0102323
1.00367	0.0493259
-0.919216	0.152472
-0.126163	-0.257278
1.94881	0.229669
-0.734533	-0.0831266
0.775528	0.327689
-0.571577	0.389541
0.123703	0.289573
-0.777988	0.338926
1.99227	0.362472
-0.810579	0.549442
-0.419484	-0.439017
-0.376029	-0.227226
-0.571577	-0.505595
3.46974	0.707408
-0.940944	-0.962821
0.134567	0.000542897
0.264932	0.312245
0.612572	-0.192331
-0.2348	0.18872
-0.0609805	0.178374
0.373569	0.3049
-1.00613	-0.738942
2.06831	0.43593
0.145431	-0.0727782
-0.734533	0.0747782
-0.84317	0.0936473
-0.441212	0.314734
0.0585207	0.458176
2.20954	0.272181
-0.49553	0.133647
-0.289119	0.213689
-0.473803	-0.433649
-0.93008	-0.402595
0.0367932	-0.25253
-0.332574	0.226564
-0.0501168	0.416439
-0.593304	-0.202858
0.0476569	0.558099
0.721209	-1.00975
1.29699	0.265379
-0.0609805	0.586248
1.44908	-0.338504
1.2644	0.00893074
-0.419484	0.362037
0.558253	0.754372
-0.191345	0.700256
-0.940944	-0.548662
-0.310847	0.408122
-0.202209	-0.195131
-0.473803	0.0802015
-0.897489	0.457136
1.23181	-0.283313
-0.897489	-0.582972
-0.528122	0.320194
-0.908353	0.223838
0.916757	0.36258
0.0150657	-0.185801
0.916757	0.436474
-0.691078	0.532974
-0.908353	-1.0887
0.884165	0.727452
-0.158754	0.320777
0.145431	-0.188173
-0.549849	-0.0471443
0.156294	-0.137223
0.254068	0.363885
-0.40862	0.168366
4.59957	0.7656
0.960212	0.348008
1.34044	0.222096
-0.658487	-0.357488
-0.864898	0.133905
-0.419484	0.0405507
-0.897489	-0.731482
-0.984399	-0.0869645
-0.973535	-0.964404
0.340978	0.321884
0.895029	0.461072
0.178022	0.672758
0.0367932	0.218443
-0.158754	-0.119111
-0.158754	0.0663343
-0.419484	0.192365
-0.517258	-0.295019
1.99227	0.0756389
-0.984399	-0.843642
-0.734533	0.310652
0.590844	0.529533
-0.84317	0.208372
0.525662	0.601181
-0.886625	-1.02316
0.710345	0.540451
-0.886625	-0.254034
5.43607	0.368396
-0.973535	-0.376543
-0.897489	-0.389039
0.0259294	0.0824682
-0.951808	-0.703194
2.26386	0.601543
-0.636759	0.323189
-0.832306	-0.55703
1.37303	0.467106
0.851574	0.74573
0.156294	0.47695
-0.441212	-0.0820932
-0.84317	0.525753
-0.777988	-0.163189
-0.940944	-1.08996
-0.245664	0.142619
-0.788851	0.448117
0.786392	-0.325275
-0.962671	-0.425988
0.862438	-0.0696186
-0.864898	-0.0886966
0.732073	0.540638
-0.745396	0.46921
-0.126163	0.125609
-1.02785	-0.516796
0.547389	0.237824
-0.397757	0.207071
1.57945	0.214823
-0.180482	0.313576
3.29592	0.177296
-0.604168	-0.490853
-0.810579	-0.342008
-0.636759	0.0366141
0.286659	0.735084
-0.32171	0.133392
-0.767124	-0.774399
-0.821443	-1.09368
0.482207	0.147836
0.0367932	0.756266
-1.02785	-0.0102145
1.34044	0.268706
-1.00613	-0.463567
-0.278255	0.285671
0.340978	0.321884
0.00420194	-0.151207
2.29645	-0.0765606
-0.625895	0.208575
-0.854034	-1.77378
-0.343438	-0.110211
-0.973535	0.618265
-0.93008	-0.0925805
-0.0283893	0.271295
0.732073	0.538989
-0.897489	-0.873531
-0.973535	-0.593222
1.73154	0.629192
-0.712805	-0.00575871
0.786392	-0.0577656
-0.962671	-0.847801
-0.897489	-0.37063
-0.343438	-0.0315501
-0.75626	-0.187609
-0.137027	-0.235844
1.48167	0.765918
0.188886	0.349468
2.53545	0.287676
1.60117	0.489463
-0.973535	-0.699117
-0.767124	0.221665
0.254068	0.295351
2.80705	0.608676
2.43768	0.105935
-0.32171	-0.204521
-0.202209	0.0610314
2.74187	0.346417
-0.962671	-0.570823
1.1123	0.301427
-0.473803	0.314242
-0.788851	0.425144
-0.310847	0.196598
-0.386893	0.282794
-0.908353	-0.0387169
-0.58244	-0.571969
1.22094	0.190922
2.41595	0.254091
1.7424	0.534641
-0.430348	0.401454
1.21008	0.0331996
0.851574	0.531479
-0.84317	-0.292384
1.48167	0.676311
1.03626	0.418044
0.275796	0.255847
-0.951808	-0.307979
-1.00613	-1.00941
-0.126163	0.0331407
3.21987	0.501989
0.66689	-0.252471
-0.473803	-0.267759
1.13403	-0.0590581
0.406161	-0.0841685
-0.886625	-1.08462
-0.984399	-0.747194
-0.137027	0.0494976
1.29699	0.846032
-0.310847	0.280544
1.87277	0.00688234
-0.93008	-0.45678
-0.484667	-0.43237
-0.767124	0.397563
-0.506394	0.41501
-0.680214	0.292581
-0.419484	0.0580743
0.0802482	0.247229
-0.908353	-1.35666
-0.875761	-0.557457
1.54685	0.687965
0.514798	0.321281
-0.528122	0.296724
0.417024	0.579134
-0.484667	0.42825
0.905893	0.632841
0.427888	0.261568
-0.256528	0.365447
0.981939	0.205769
-0.0935718	0.225278
-0.615032	0.321729
0.0911119	-0.309229
-0.376029	-0.668117
-0.386893	0.468196
-0.984399	-0.606463
0.145431	0.223182
-0.115299	0.0221111
1.95968	0.324751
0.873302	0.166585
0.742937	-0.242204
-0.734533	-1.66582
-0.93008	-0.493414
-0.202209	0.0610314
-0.93008	0.106327
-0.430348	0.455888
-0.701941	-1.02786
0.340978	0.00648867
-0.777988	-0.186132
-0.571577	-0.289727
-0.962671	-0.442884
0.949348	0.481943
2.33991	0.381785
-0.452075	-0.433419
1.77499	0.502171
0.0693844	0.391736
0.188886	0.369876
-0.636759	0.236641
0.525662	-0.333037
-0.984399	-1.02806
-0.962671	0.0502707
0.167158	-0.0280797
0.243204	0.0297771
-0.376029	0.55478
-0.180482	0.0528321
-0.213073	-0.219801
-0.799715	0.397078
0.471343	-0.0378586
-0.473803	0.54295
-0.0283893	0.0708319
0.0585207	-0.294899
3.07864	0.528477
-0.875761	-0.232137
-0.213073	-0.664426
-0.691078	0.168705
-0.462939	0.00941108
-0.571577	0.0460313
0.818983	0.452393
-0.419484	0.450077
-0.919216	-0.137903
-0.897489	0.235313
0.449616	0.511577
-0.647623	0.0404362
-0.115299	-0.526181
-0.940944	-0.102398
-0.767124	0.498714
0.590844	0.0965524
-0.886625	-0.482851
-0.995263	-0.821296
0.612572	0.293875
-0.908353	-0.786206
-0.0283893	0.40015
-0.473803	-0.250006
0.232341	0.140461
-0.897489	-0.310442
1.91622	0.708441
1.64463	0.796961
-0.560713	0.0703186
1.02539	0.683473
-0.951808	-0.981924
3.68701	0.390748
1.21008	0.286376
0.0367932	-0.0972618
-0.571577	-0.151351
2.48114	-0.196557
0.178022	0.450794
-0.658487	-0.267848
-0.886625	0.0392639
-0.484667	-0.293775
0.0585207	0.192424
1.36217	0.533907
0.92762	0.499448
0.134567	0.622035
-0.864898	-0.205908
-0.615032	-0.625009
-0.256528	0.447295
-0.538985	-0.290682
0.427888	-0.309984
5.39262	0.608294
-0.864898	0.105328
0.362706	0.634152
0.0693844	0.444984
-0.691078	0.241376
0.688618	-0.0239303
-0.2348	0.406661
0.286659	0.415345
-0.908353	0.334972
-0.386893	0.375276
-0.886625	-1.731
-0.256528	-0.40739
0.417024	0.0430005
1.19921	0.429234
-0.310847	0.2228
1.41649	-0.473283
-1.03872	-0.239601
-0.984399	-1.1342
-0.332574	0.602669
-0.691078	-1.19385
-0.636759	-0.570255
-0.854034	-0.991592
-0.32171	-0.465505
-0.32171	-0.104165
-0.332574	0.550746
-0.777988	-0.285788
-0.191345	0.3766
-0.919216	-0.137903
-0.864898	-0.347209
-0.082708	0.463321
-0.267392	0.546184
-0.082708	0.126251
1.37303	-0.197486
0.340978	-0.0881465
-0.299983	-0.0266007
-0.365165	0.0567492
0.417024	0.521356
-0.951808	-0.715192
-0.278255	-0.0470179
1.6229	0.275061
-0.32171	0.342372
0.101976	0.508703
1.72067	0.2586
-0.973535	-0.381159
-0.2348	0.541559
2.28559	0.276198
-0.723669	-0.337309
-0.908353	-0.674944
-0.40862	0.257695
0.221477	0.217027
-0.864898	-0.221653
-0.430348	-0.665444
-0.745396	-0.61603
-0.452075	0.189734
0.427888	0.286226
-0.191345	0.33581
-0.256528	0.318125
0.981939	0.176376
-0.636759	-0.858228
2.94828	0.528665
-0.571577	-0.878231
0.264932	0.105558
1.06885	0.360821
-0.810579	-0.52766
1.39476	0.0582193
0.873302	0.107277
0.123703	-0.0145674
-0.908353	0.114542
2.07918	0.572893
-0.767124	-0.773907
-0.158754	0.300466
0.112839	0.711524
-0.180482	-0.622242
-0.0718443	-0.13396
-0.788851	-0.565358
0.264932	0.146449
0.156294	0.468507
-0.723669	-0.0566584
0.243204	0.250667
-0.223937	0.0635618
-0.0501168	-0.00952887
-0.299983	-0.459062
-0.745396	-0.745821
0.590844	-0.293712
-0.788851	-0.478185
-0.310847	-0.493556
-0.039253	-0.066205
1.34044	0.527945
-0.549849	-0.0804513
-0.658487	-0.604644
-0.984399	0.135693
-0.299983	0.28728
-0.126163	0.382336
0.178022	0.321254
-0.419484	-0.037702
-0.745396	-0.208138
-0.908353	-0.409257
-0.419484	-0.286132
-0.951808	-0.153269
0.601708	0.542733
0.243204	0.37042
1.37303	0.285415
1.6229	0.745139
-0.104436	0.137493
4.07811	0.47762
-0.723669	-1.47069
-0.821443	-0.626609
3.18728	0.60099
-0.647623	-0.691237
-0.32171	-1.02009
-0.799715	0.0594781
1.54685	0.248278
0.49307	0.404303
-0.0718443	-0.305534
-0.951808	-0.63952
-0.701941	-0.0749512
-0.169618	0.0953138
-0.962671	-0.192405
-0.0609805	-0.205195
-0.962671	-1.06518
-0.310847	0.2228
1.68808	0.556979
-0.951808	-0.153269
-0.886625	-0.284764
-0.354302	-0.0345495
0.797255	0.245363
-0.821443	-0.362034
-0.104436	0.325911
-0.343438	-0.0571272
-0.14789	0.306238
-0.701941	-0.235257
-0.0283893	0.30769
-0.875761	-0.994639
-0.897489	0.123145
-0.419484	0.187621
3.29592	0.73633
0.92762	0.292837
-0.506394	-0.169113
1.69895	-0.0199449
-0.908353	-0.512503
0.286659	-0.358281
0.384433	0.227654
-0.593304	0.234812
-0.278255	0.460259
-0.528122	-0.0749684
1.93795	0.422238
-0.93008	-0.115301
0.362706	0.284357
-0.528122	-0.216421
-0.332574	-0.212868
-0.66935	0.45291
-0.039253	-0.0374626
0.873302	0.196767
-0.940944	-0.244428
1.04712	0.415105
-0.419484	-0.318076
0.536525	0.372843
-0.549849	0.0353255
-0.571577	-0.820485
-0.213073	0.434663
0.0802482	-0.118822
0.286659	0.735084
-0.973535	-1.02343
1.39476	0.115231
0.221477	0.440236
-0.854034	0.195151
-0.180482	0.658766
-0.875761	-0.218338
-0.908353	-0.563747
-0.376029	-0.2988
-0.712805	0.191149
-0.571577	-0.377622
0.275796	0.480007
-0.58244	0.435626
3.31764	0.647386
0.308387	-0.131957
-0.560713	-0.624691
0.612572	0.0863153
0.0476569	0.478008
-0.854034	-1.66944
-0.310847	0.467895
-0.734533	0.0684225
0.264932	-0.0454541
-0.473803	-1.31601
-0.376029	0.305205
-0.821443	-0.727516
-0.658487	0.249635
-0.66935	-0.240687
0.264932	0.522792
-0.354302	0.0896155
-0.908353	0.0853117
-0.832306	0.353795
1.02539	0.371487
0.0911119	0.555266
-0.821443	-0.051703
-0.777988	-0.0333605
4.54525	0.639638
-0.875761	-0.60948
-0.93008	-0.54487
0.0802482	0.616425
-0.0718443	-0.212686
-0.777988	-1.07157
-0.940944	-0.329797
-0.897489	0.078039
0.232341	-0.079707
0.688618	0.610138
-0.332574	-0.438446
-0.810579	0.125993
-0.908353	0.276517
0.482207	0.491899
-0.343438	0.0135369
-0.137027	-0.479141
0.960212	0.244296
-0.777988	-0.482766
-0.93008	-1.16162
0.742937	0.599388
-0.430348	0.182764
1.1449	-0.0616817
2.99173	0.283784
-0.886625	-1.02183
-0.973535	-0.622787
-0.462939	-0.204542
0.569117	0.413735
0.764664	0.271689
-0.256528	-0.0888644
-0.615032	0.205013
-0.213073	0.27649
2.42682	0.756242
0.145431	0.482434
0.482207	0.657952
1.15576	0.495309
-0.40862	-0.271099
-0.723669	0.482232
-0.278255	0.234793
-0.104436	0.353874
2.93741	0.417292
1.42735	0.101912
-0.810579	-0.663108
-0.538985	0.375361
-0.604168	0.316832
-0.951808	-1.17049
-0.821443	-0.653068
1.5034	0.289479
-0.180482	0.486997
-0.875761	-0.781379
-0.267392	-0.0843791
-0.701941	0.291
-0.734533	-0.248923
-0.897489	0.287468
2.41595	0.376823
-0.115299	0.0707665
-0.549849	0.436251
0.514798	0.453634
-0.962671	-0.581862
0.00420194	-0.201208
-0.767124	-0.493915
-0.832306	0.427298
-0.49553	0.229543
-0.680214	-0.967548
-0.919216	0.334846
-0.875761	-1.20381
-0.386893	0.294203
-0.419484	0.395718
-0.908353	-0.181907
-0.75626	-0.0655128
-0.528122	-0.178546
-0.864898	-0.247374
2.60064	0.380702
-0.202209	0.488423
0.590844	0.300189
-0.299983	0.272144
-0.962671	-0.743351
-0.32171	0.203607
-0.777988	-0.256164
0.156294	-0.0526477
2.01399	0.460827
0.340978	0.00792994
0.373569	0.557504
-0.245664	0.537702
0.188886	0.381713
-0.777988	-0.571129
0.590844	0.20283
-0.615032	-0.105311
0.742937	-0.279417
-0.962671	-0.493248
-0.940944	-0.0986292
-0.984399	-0.143749
-0.039253	-0.584229
0.199749	0.16867
0.873302	0.166585
-0.788851	-0.367606
-0.940944	-0.470849
1.35131	0.290422
-0.625895	-0.424016
-0.191345	0.171836
-0.299983	0.473342
-0.397757	-0.12514
-0.299983	0.504146
0.0693844	-0.0855654
-0.593304	0.430583
-0.180482	-0.325574
0.851574	0.393211
-0.32171	0.351948
-0.919216	-0.681734
-0.137027	0.689686
1.53599	0.188782
-0.951808	-0.359384
-0.625895	0.109775
2.40509	0.0929501
-0.962671	-0.559861
-0.310847	0.0782522
-0.75626	-0.201798
-0.832306	-0.443536
-0.267392	-0.00637672
-0.365165	0.131327
-0.734533	0.0518035
1.15576	0.352348
-0.158754	0.607132
-0.0935718	0.309745
-0.93008	-1.44787
1.78586	0.800703
-0.615032	0.014198
-0.039253	0.0731935
-0.810579	-0.529098
-0.810579	-0.0288862
3.13296	0.464975
-0.625895	-0.495586
-0.875761	-0.549093
-0.973535	-0.322853
-0.636759	-0.485987
-0.777988	0.558872
-0.658487	-0.615585
-0.799715	-1.21171
-0.745396	0.56451
1.39476	0.330253
-0.723669	0.272886
-1.00613	-1.13218
0.112839	-0.0173355
-0.799715	-0.213675
1.17749	0.271636
-1.00613	-0.13799
0.254068	-0.226843
-0.854034	-0.398146
-0.473803	-0.324837
0.362706	0.169817
1.25353	0.81398
0.156294	0.0350922
-0.528122	-0.241742
3.13296	0.354962
-0.777988	-0.571345
-0.2348	0.0831263
-0.658487	-0.468796
0.362706	0.0117026
-1.00613	-0.901121
-0.158754	-0.451074
-0.430348	0.283625
-0.441212	0.425308
-0.875761	-0.757328
-1.00613	-0.578994
0.199749	0.178652
-0.940944	-0.435796
-0.66935	-0.186535
0.981939	-0.517891
-0.951808	-0.578612
-0.832306	-0.499661
-0.528122	-0.489006
2.44854	0.616692
0.57998	0.262787
-0.712805	-0.674925
-0.734533	0.0543581
-0.289119	0.193446
0.0259294	-0.0774451
-0.549849	0.21986
0.84071	0.357705
-0.332574	0.193939
-0.49553	-0.740872
1.2644	0.469555
1.67722	0.112678
-0.49553	0.374376
-0.723669	-0.354745
2.99173	0.254105
-0.0609805	0.123835
-0.854034	-1.64578
-0.213073	0.230456
-0.84317	-0.522823
0.873302	0.203219
-0.821443	-0.200328
-0.701941	0.27447
-0.701941	-0.0516612
-0.0609805	0.316337
-0.788851	-0.308717
1.41649	0.769438
-0.169618	0.265874
0.818983	0.441006
0.699482	0.637356
-0.625895	0.512492
2.62236	0.482287
1.45994	-0.152056
0.503934	0.0844826
0.0693844	-0.195469
-0.0609805	0.110525
-0.2348	-0.00881613
-0.365165	0.19612
-0.202209	-0.029255
-0.962671	-1.07732
0.829847	0.0140077
-0.973535	-0.493916
0.0585207	-0.407569
-0.223937	-0.0668254
-0.745396	0.615912
-0.919216	0.47036
-0.625895	0.330816
-0.680214	-0.10471
-0.256528	-0.0433205
-0.386893	-0.11883
-0.864898	-1.68101
-0.875761	-0.381786
0.84071	0.34073
-0.560713	-0.328707
1.48167	0.301137
-0.75626	0.569487
-0.647623	0.355731
-0.158754	0.297391
0.406161	-0.0846338
0.188886	0.117255
0.210613	0.276733
-0.777988	-0.581204
-0.658487	0.496909
-0.441212	0.00804218
-0.973535	-0.969641
1.04712	0.298163
0.808119	-0.148976
1.15576	0.0685768
-0.75626	-0.0162027
-0.777988	-1.44853
-0.126163	0.356834
0.123703	0.54251
0.297523	-0.397169
-0.2348	0.170516
-0.245664	-0.229575
-0.49553	0.424287
-0.821443	0.313195
1.79672	-0.385458
-0.897489	0.355377
-0.897489	-0.119772
-0.93008	-0.611972
0.275796	0.552287
-0.104436	0.249244
-0.734533	-0.320984
0.308387	0.464988
2.95914	0.328066
-0.49553	-0.533985
-0.951808	-0.274192
0.319251	0.680724
0.558253	-0.0983154
-0.777988	-0.396694
-0.180482	0.0730823
0.710345	0.540451
-1.01699	-0.941932
0.297523	0.340918
-0.908353	-1.0887
-0.777988	-0.206963
-0.517258	0.257543
-0.0283893	0.173295
0.351842	0.553061
-0.039253	0.114801
2.02486	0.597622
-0.386893	0.0782461
-0.397757	0.129616
0.569117	0.569478
0.623435	0.555026
-0.875761	-1.8208
-0.310847	0.336723
0.0911119	-0.471279
-0.593304	-0.395053
-0.386893	0.511705
1.24267	0.00677239
-0.082708	0.351861
2.02486	0.23656
0.873302	0.0548298
1.7424	0.244474
0.862438	0.409038
-0.386893	-0.264225
-1.02785	-0.885404
-0.039253	0.144099
-0.419484	-0.410774
-0.625895	-0.174322
2.29645	0.491082
0.406161	0.299307
-0.538985	0.635108
2.27472	0.269384
-0.169618	0.0457564
-0.625895	-0.109589
1.18835	-0.0828446
-0.169618	-0.126952
-0.93008	-0.34387
0.742937	0.392057
0.134567	0.154832
0.645163	-0.016233
-0.940944	-0.872676
-0.549849	0.596456
-0.810579	0.307995
-0.875761	-0.541058
0.797255	-0.135093
-0.897489	0.378388
-0.256528	-0.134836
-0.386893	-0.631889
0.7538	0.382628
1.68808	0.526911
-1.00613	-1.39611
1.47081	0.440822
-0.691078	-0.387542
1.8619	0.436795
-0.897489	-0.571259
-0.995263	-0.660238
-0.0283893	0.619102
-0.701941	-0.701907
0.645163	0.761294
-0.278255	0.32337
0.514798	0.243583
-0.810579	0.317447
-0.951808	-0.818597
0.601708	-0.407744
0.601708	0.0328151
-0.278255	0.431128
-0.940944	-0.404347
0.406161	0.358418
-0.951808	-0.742683
0.873302	0.367092
-0.462939	-0.16427
-0.506394	0.246828
-0.528122	-0.313709
0.0802482	0.413124
-0.799715	-0.268638
2.15522	0.250268
0.286659	0.447938
-0.734533	0.167839
-0.886625	0.27443
-0.126163	0.135533
-0.854034	0.26305
-0.93008	-0.583476
1.18835	0.565547
-0.213073	0.328989
-0.169618	0.0710939
-0.115299	0.128889
-0.712805	-0.303289
-0.951808	-0.402372
-0.680214	0.425851
-0.625895	0.418959
0.0259294	0.307731
0.0585207	0.0167621
0.558253	0.524871
-0.14789	-0.364924
-0.875761	-0.516963
-0.430348	0.182764
-1.00613	-0.386746
0.57998	0.133805
-0.75626	-0.0968143
-0.93008	-0.4392
1.15576	0.226137
-0.875761	0.156835
-0.593304	-0.293607
-0.397757	-0.0315394
-0.32171	0.131275
0.732073	-0.0244539
0.547389	-0.069393
-0.245664	-0.0300581
-0.799715	0.480423
-0.213073	0.324589
0.427888	-1.05837
2.86137	0.614676
1.31872	0.155609
-0.0283893	-0.554747
0.656027	-0.340593
-0.810579	-0.673872
1.31872	0.423095
-0.799715	0.374586
-0.40862	-0.0149354
3.94774	0.783992
-0.278255	-0.474752
-0.897489	-0.0367804
-0.734533	0.534007
0.960212	0.425899
-0.376029	0.0206737
-0.875761	-0.387143
-0.854034	0.3097
-0.310847	0.262634
-0.832306	0.0554292
0.340978	-0.299415
-0.571577	-0.507283
-0.636759	0.0287045
-0.777988	-0.0892486
-0.278255	0.220236
-0.875761	-0.467937
0.384433	0.064263
-0.223937	-0.570871
-0.854034	-0.841403
0.178022	-0.381451
0.145431	-0.188173
-0.158754	-0.634459
2.38336	0.278527
-0.886625	-0.972912
2.6115	0.168162
-0.886625	-0.693998
-0.886625	-0.278414
-0.625895	0.538045
1.01453	0.648496
-0.039253	-0.222165
1.8619	0.219489
-0.365165	0.353158
0.112839	-0.13031
-0.854034	-0.29084
-0.40862	0.652246
2.93741	-0.00908886
4.49093	0.751145
-0.115299	0.473485
-0.897489	-1.17056
0.938484	0.395466
-0.560713	0.3537
0.145431	0.341276
-0.354302	0.533113
-0.93008	-1.43357
0.417024	-0.150168
-0.625895	0.177782
-0.213073	-0.162335
-0.940944	0.387585
1.02539	0.284148
-0.202209	0.394335
-0.376029	0.840546
0.254068	0.171932
1.35131	0.343137
-0.2348	-0.111192
-0.93008	-0.300207
1.60117	0.757971
-0.788851	0.247178
-0.647623	-0.231292
-0.278255	0.387684
-0.571577	-0.289727
1.05799	0.456168
1.30785	-0.0182532
-0.549849	-0.723833
-0.625895	-1.01074
-0.995263	0.303239
-0.506394	0.557396
1.79672	0.0416864
-0.886625	-0.226085
-0.647623	-0.691237
-0.310847	0.44436
-0.560713	-0.138541
-0.84317	-1.35669
-0.0609805	0.580752
-0.191345	0.453555
-0.875761	-0.826473
3.89342	0.711539
-0.897489	-0.444826
-0.452075	-0.565244
0.0585207	0.392965
-0.854034	0.522621
-0.962671	-0.0737946
1.1449	0.656219
-0.299983	0.235467
-0.289119	0.399797
1.09058	-0.00301036
1.1449	0.421085
0.123703	-0.676526
-0.658487	-0.738127
-0.202209	-0.133388
-0.615032	0.320777
-0.506394	0.344094
-0.506394	0.328189
-0.082708	-0.0263792
-0.908353	-1.0489
-0.701941	0.476314
-0.278255	0.399553
-0.84317	0.253085
2.1009	0.282716
-0.886625	-0.803488
-0.897489	-0.408208
2.56805	0.352924
-0.875761	-0.422475
0.188886	0.154666
-0.854034	-0.403408
-0.549849	0.393223
-0.571577	0.0674091
1.07971	-0.255489
0.199749	0.282427
-0.84317	-0.620934
-0.712805	-1.11559
-0.58244	-0.690841
0.406161	-0.445237
-0.267392	-0.36694
-0.777988	0.374307
-0.680214	-0.463816
-0.810579	-0.767047
-0.560713	-0.563909
-0.875761	-0.343442
-0.310847	0.578604
0.134567	-0.0344073
-0.169618	-0.121344
-0.289119	0.473707
-0.832306	-0.884781
0.57998	0.101053
1.21008	0.138599
-0.875761	-0.670066
0.590844	0.651622
1.07971	0.33793
-0.93008	-0.577943
-1.00613	-0.431182
-0.799715	0.357293
-0.386893	0.298367
0.275796	-0.717233
0.612572	0.647805
-0.560713	0.451448
-0.973535	-1.15889
-0.723669	0.631216
3.23073	0.802065
1.76413	0.382455
0.634299	0.749752
1.57945	0.525968
1.84017	0.390027
-0.636759	-0.884203
-0.14789	-0.559885
-0.430348	0.307928
0.112839	0.432964
-0.897489	-1.0335
0.884165	0.103326
-0.441212	0.359375
-0.278255	0.386551
0.134567	0.393552
-0.430348	-0.536407
-0.973535	-0.57237
-1.02785	-0.183836
0.254068	0.194024
-0.854034	-0.221238
2.03572	0.35526
-0.701941	0.431588
3.14382	0.636136
0.862438	0.320683
-0.202209	0.700286
-0.680214	-0.0803623
0.764664	0.365522
-0.528122	0.225886
-0.517258	0.114375
-0.723669	-0.0894972
0.243204	0.0304482
3.25246	0.544872
-0.386893	0.0552952
1.1449	0.0162842
1.1123	0.81396
0.84071	0.581136
-0.940944	-0.0563734
-0.745396	-0.0473325
-0.245664	0.801127
-0.951808	-0.161366
0.862438	0.443339
-0.875761	-0.890471
-0.430348	0.0519547
1.44908	0.275823
-0.777988	0.10547
-0.723669	-0.538815
1.1449	0.358892
-0.625895	0.268244
0.742937	0.169718
0.460479	0.352883
-0.908353	-1.23658
0.308387	-0.245819
3.33937	0.576032
1.66636	0.26912
1.90536	0.255022
-0.777988	-0.451342
-0.658487	-0.249712
-0.365165	0.67043
0.514798	0.243583
-0.615032	0.361227
-0.897489	0.429283
0.101976	0.216695
-0.864898	-0.254428
-0.58244	0.227917
-0.604168	-0.587921
-0.647623	0.168046
-0.810579	-0.887325
-1.02785	-0.594253
0.112839	0.0356996
-0.810579	-0.0445203
-0.604168	-0.330097
1.44908	0.788361
1.25353	0.473441
-0.973535	-0.250161
-0.886625	0.164358
-0.039253	0.509281
-0.908353	-0.579216
-0.191345	0.378661
-0.810579	-0.395698
0.210613	-0.695323
0.319251	0.107475
-0.951808	0.127832
3.19814	0.497368
0.699482	0.413703
0.254068	0.194024
-0.473803	0.0335574
-0.799715	0.357293
-0.940944	-0.361525
-0.32171	0.323143
0.0259294	-0.0759949
1.21008	-0.131006
-0.354302	0.513117
0.634299	0.214314
-0.00666181	-0.5248
-0.452075	0.299823
0.971075	0.362496
0.547389	-0.298837
1.82931	-0.0670105
-0.864898	-0.878527
0.0585207	-0.540298
1.43822	0.426487
-0.93008	-1.09791
-0.854034	-0.310451
0.884165	0.588835
-0.897489	0.567547
0.66689	0.246599
-0.821443	0.00445816
-0.875761	-0.468255
-0.908353	-0.63568
-0.376029	0.0212232
2.20954	0.754269
0.49307	0.0236049
-0.191345	-0.209243
0.101976	0.508703
-0.549849	-0.193599
-0.799715	0.559557
-0.723669	-0.0894972
-0.788851	0.0650615
0.786392	0.464204
-0.376029	-0.0589365
-0.712805	0.650345
-0.40862	-0.635021
-0.506394	0.0412715
-0.951808	-0.46233
-0.962671	0.230823
0.884165	0.534458
-0.430348	-1.52582
-0.93008	-0.635035
-0.940944	-0.499392
-0.854034	-1.60417
-0.376029	-0.198227
-0.343438	-0.161841
2.55718	0.662205
-0.223937	-0.28396
-0.908353	-0.421361
0.66689	0.416985
0.84071	0.705678
-0.365165	0.239146
-0.691078	-0.000784127
-0.973535	0.45323
0.362706	-0.0730297
-0.821443	0.656811
-0.158754	-0.298239
1.77499	0.50243
0.634299	0.777244
-0.256528	-0.192428
-0.940944	-0.749232
0.569117	0.223919
2.02486	0.40073
-0.886625	-0.510638
1.21008	0.524884
-0.940944	-0.535073
-0.995263	-0.482362
-0.104436	0.506242
-0.973535	-0.386491
-0.691078	0.00107585
-0.191345	0.801116
-0.126163	-0.263064
0.0911119	0.438141
-0.908353	0.517502
-0.430348	0.376594
0.84071	0.391532
0.981939	-0.0684709
0.482207	0.106649
-0.810579	0.341558
-0.897489	-1.10593
-0.169618	-0.2286
1.36217	0.593651
-0.680214	-0.121855
-0.973535	-0.523329
0.0693844	0.206693
0.0150657	0.0855177
0.612572	-0.0394314
-0.886625	0.0529177
-0.940944	0.0461823
-0.93008	-0.0763129
1.99227	0.60798
-0.49553	-0.0917649
0.558253	0.4909
3.4806	0.167799
-0.84317	-0.95296
-0.604168	-0.325073
-0.213073	0.0280393
-0.169618	0.0540941
-1.03872	-0.382711
0.57998	0.252508
-0.940944	-1.23609
-0.712805	0.284583
-0.0935718	0.220127
1.34044	0.428428
1.27526	0.300389
-0.658487	-0.168197
-0.32171	0.21601
1.47081	0.384828
-0.799715	0.118396
-0.951808	-0.640699
0.362706	-0.0732784
-0.278255	-0.363662
4.9798	0.667048
-0.593304	0.447835
-0.973535	-0.817461
3.80651	0.477734
-0.886625	-1.02065
-0.636759	0.0663639
-0.202209	0.316335
-0.647623	-0.428321
0.0693844	-0.0246807
0.362706	0.0224224
0.101976	0.313741
0.351842	0.164172
0.482207	0.414412
0.829847	0.55662
0.254068	0.297039
0.275796	0.284447
-0.897489	-1.6598
-0.908353	0.00596669
0.188886	0.318731
-0.821443	-0.539017
-0.701941	-0.475437
-0.734533	-0.854582
0.264932	0.190214
-0.191345	0.256656
-0.734533	-0.266926
-0.0718443	0.397365
0.829847	0.0977418
-0.777988	-0.175274
2.57891	0.562054
-0.202209	0.567184
-0.354302	0.26384
-0.636759	0.401293
-1.02785	-0.594253
2.253	-0.0898741
-0.0175256	0.272506
-0.593304	0.0384235
-0.49553	-0.255112
-0.115299	-0.754391
-0.169618	0.304043
1.12317	0.32366
-0.984399	-0.476782
0.264932	0.21914
-0.137027	0.300258
1.77499	0.384585
-0.256528	0.395928
-0.082708	0.407898
1.39476	0.52143
0.688618	0.37276
0.656027	-0.0626516
-0.777988	-0.154393
-0.821443	0.0628397
-0.332574	-0.491572
-0.799715	-1.54671
0.232341	0.388112
-0.908353	-0.790957
-1.00613	-1.00941
-0.538985	-0.352714
0.960212	0.397907
0.677754	0.170179
-0.973535	-0.526027
0.406161	-0.274434
1.82931	-0.0763866
-0.777988	-0.50046
-1.02785	-0.570892
0.199749	-0.481161
4.09983	0.662596
-0.84317	-0.413564
0.0802482	0.434654
-0.0935718	0.257182
-0.615032	0.139361
0.395297	0.185478
-0.14789	-0.144851
1.5034	0.478651
-0.962671	-0.243893
-0.517258	0.245055
0.0367932	0.544948
4.39316	0.386811
-0.691078	0.538935
1.88363	0.438036
0.199749	0.48673
1.69895	0.391418
0.178022	0.505066
0.0150657	0.211884
-1.00613	0.538132
-0.680214	0.271617
0.395297	0.502816
-0.734533	0.187946
-0.658487	-0.624755
-0.473803	-0.32088
-0.66935	-0.232888
0.0911119	0.169794
-0.158754	-0.0874268
-0.962671	0.505126
-0.908353	-0.941989
-0.734533	-0.645773
-0.245664	0.243526
-0.636759	-0.68339
0.134567	0.651313
-0.897489	-0.943417
-0.66935	-0.12251
-0.821443	-0.338013
-0.343438	-0.102434
0.0476569	-0.104319
-0.745396	-0.000693667
0.145431	0.250835
-0.712805	-0.121241
-0.93008	-2.03521
-0.528122	-0.721458
-0.365165	-0.370152
-0.962671	-0.38187
0.808119	0.559986
-1.01699	-0.316223
-0.995263	-0.393548
-0.940944	0.178829
-0.506394	0.0194774
1.00367	0.388373
-0.278255	0.00246658
-0.919216	-1.3964
0.92762	0.577303
-0.473803	-0.281776
2.36163	0.351642
-0.647623	-0.953461
-0.919216	0.590388
0.275796	0.268334
-0.701941	0.341248
-0.40862	0.416313
-0.441212	-0.405356
-0.2348	0.292529
0.0476569	0.400742
-0.864898	0.22263
0.786392	0.564787
2.53545	0.641894
-0.278255	0.314243
0.384433	0.361022
3.69788	0.505826
0.384433	0.122425
-0.462939	0.00241359
-0.93008	-0.90812
-0.365165	0.161658
-0.734533	0.0173076
-0.962671	-0.801544
0.0150657	0.189326
-0.419484	-0.626663
0.721209	0.325126
-0.919216	-0.615529
-0.549849	-0.675296
0.808119	0.144583
-0.864898	-0.766116
0.808119	0.40337
-0.745396	-0.505615
-0.940944	0.524315
-0.473803	0.158944
-0.49553	0.522326
0.0367932	0.263057
1.04712	0.355683
-0.40862	0.349743
-0.886625	-0.396757
0.0259294	-0.0593729
-0.0283893	0.403227
0.373569	0.338299
-0.310847	0.196598
-0.310847	-0.694315
-0.58244	-0.355359
-0.788851	-0.0213917
-0.169618	0.281511
-0.082708	0.0985744
-0.49553	-0.0973583
-0.66935	0.405831
-0.538985	-0.458856
0.243204	0.0888776
-0.49553	0.162191
0.123703	-0.484499
0.319251	0.419091
-0.14789	0.317028
0.57998	0.310404
-0.84317	-1.1844
-0.604168	0.425817
-0.137027	0.49619
0.818983	0.341127
0.525662	0.256275
0.84071	0.0768217
-0.299983	0.122865
0.188886	0.294919
-0.864898	0.0696965
-1.01699	0.0892515
-0.799715	-0.871826
-0.604168	-0.675455
-0.462939	0.429032
-0.386893	0.213241
-0.299983	-0.430009
4.39316	0.444717
-0.14789	-0.498889
-1.00613	-1.21026
2.06831	0.390209
0.0259294	0.553737
0.427888	-0.372258
-0.940944	-0.496552
-0.658487	-0.338848
-0.571577	0.481229
-0.0718443	0.272414
-0.897489	-1.37308
-0.821443	-0.754244
-0.430348	0.42862
-0.039253	0.202597
-0.0283893	0.320816
2.60064	0.380702
-0.571577	0.0795809
2.6115	0.168162
-0.560713	0.489291
-0.84317	0.0936473
0.221477	0.465909
0.330114	0.375052
0.482207	0.524383
-1.02785	-0.369965
-0.658487	-0.735249
-0.32171	0.292823
-0.821443	0.251436
0.656027	0.185801
-0.549849	0.0124132
-0.32171	-0.0412494
-0.223937	0.312674
-0.430348	0.361798
-0.517258	-0.297365
-0.376029	0.439906
1.48167	0.534875
2.65496	0.482832
-0.386893	-0.0484732
1.02539	0.291018
-0.126163	-0.259419
-0.0609805	-0.00543676
-0.528122	0.0636873
-0.126163	0.616509
-0.854034	-0.333892
0.66689	0.389085
-0.58244	-0.434935
0.112839	-0.517272
-0.115299	0.221139
0.351842	0.465118
-0.365165	-0.0975889
-0.115299	0.337414
-0.310847	0.0941707
-0.821443	-0.119229
-1.01699	-0.600561
0.319251	0.026584
-0.995263	-0.658672
1.17749	0.15546
1.22094	0.33332
1.82931	0.620681
-0.604168	0.421706
-0.810579	-0.406205
-0.0935718	0.344834
-0.821443	-0.844472
-0.647623	0.390433
-0.962671	-0.503221
-0.864898	-0.352089
-0.854034	-0.605026
0.895029	0.146854
-0.701941	-0.760782
0.427888	0.380514
-0.658487	-0.120647
-0.973535	-0.666882
-0.919216	-0.99054
1.1123	0.440985
1.19921	0.51526
0.503934	-0.0744777
-0.289119	-0.274314
-0.571577	-0.0645786
3.6001	0.443653
1.09058	0.552568
0.319251	0.0501084
-0.723669	-0.373834
-0.821443	0.322372
0.590844	0.542887
-0.549849	0.212008
1.23181	0.516214
-0.875761	-0.919529
-0.908353	-0.896986
-0.66935	0.12083
1.09058	0.409618
-0.84317	-0.974006
-0.84317	0.162455
0.547389	0.491562
2.23127	0.701361
0.0802482	0.341449
-0.66935	-0.628594
-0.864898	-0.404239
-0.821443	0.370652
0.721209	-0.0247846
-0.202209	0.271528
-0.58244	0.46113
0.254068	-0.199282
-0.75626	0.327784
-0.213073	0.361926
-0.84317	-0.592565
-0.984399	-0.387787
0.243204	0.466898
-0.864898	-0.518988
-0.00666181	-0.371783
-0.462939	-0.112144
-0.137027	0.496275
2.41595	0.591029
-0.832306	0.44608
-0.84317	0.253085
-0.137027	0.314981
-0.278255	-0.170073
-0.777988	-0.0789588
-0.919216	-0.187644
-0.517258	0.411479
-0.897489	0.287468
0.764664	0.411844
-0.962671	-0.690056
0.112839	0.359985
1.78586	0.685729
-0.343438	-0.0504901
-0.984399	-0.373684
2.12263	0.720357
-0.104436	-0.725128
1.79672	0.392089
-0.452075	0.486005
-0.104436	-0.666295
-0.549849	0.551868
2.00313	0.651165
-0.397757	0.574251
-0.995263	-1.47886
-0.908353	0.0441848
-0.636759	0.164943
-0.310847	0.288773
0.221477	0.210171
0.905893	0.370269
0.254068	-0.348179
-0.810579	-0.357728
0.0476569	0.589357
-0.940944	0.122708
0.7538	-0.0784236
-0.75626	-0.0655128
-0.484667	-0.328623
-0.712805	-0.302075
-0.984399	-1.03368
1.60117	0.254593
-0.517258	-0.297944
-0.864898	-0.977326
-0.864898	-1.41031
-0.777988	0.453681
-0.538985	0.0204656
-0.777988	-0.18683
-0.32171	0.233031
0.92762	-0.337906
0.427888	0.116662
0.275796	0.503108
1.05799	0.339301
0.938484	0.372817
1.79672	0.643242
-0.14789	0.37751
0.427888	0.467148
-0.854034	-0.29084
-0.908353	-0.655423
-0.32171	0.493125
-0.799715	-0.35421
-0.137027	0.618196
-0.213073	0.188145
-0.58244	0.207816
-1.01699	-1.55861
0.221477	0.172462
0.634299	0.602371
-0.691078	-0.0235786
-0.2348	0.506904
-0.691078	-1.19385
0.460479	-0.260374
1.18835	0.174356
-0.517258	0.190835
0.297523	0.441144
-0.919216	-0.390044
0.449616	0.336324
2.40509	0.285858
-0.854034	-0.375733
0.503934	-0.330778
-0.810579	0.485623
-0.734533	-0.3651
2.03572	0.482218
-0.777988	-0.18683
-0.832306	-0.847201
2.00313	0.523599
0.732073	0.382581
-0.00666181	0.548429
0.221477	0.276256
0.764664	0.691115
1.64463	0.519391
-0.560713	-0.147782
-0.93008	-0.914741
-0.788851	-0.713467
-0.75626	-0.143403
-0.647623	-0.58519
0.0802482	0.453519
-0.0718443	0.450759
0.264932	0.606695
-0.00666181	0.519059
-0.864898	-0.307522
-0.506394	-0.507872
-0.636759	-0.141266
-0.940944	-0.824332
-0.734533	0.561647
-0.32171	0.0947663
0.558253	0.143989
0.0693844	-0.754248
0.862438	0.053566
0.0150657	-0.500534
0.688618	0.374365
0.449616	0.572212
-0.473803	-0.23817
-0.854034	0.0888294
1.63376	0.558864
-0.462939	0.371313
-0.213073	0.24619
0.558253	0.231201
0.123703	0.628624
-0.84317	-0.150441
-0.66935	-0.302929
0.536525	0.536206
-0.767124	-0.284826
0.569117	0.227589
-0.93008	-0.840878
-0.854034	0.386128
-0.940944	0.20643
0.938484	0.809476
0.851574	-0.802027
1.65549	0.1354
1.51426	0.354789
-0.571577	0.233911
-0.658487	0.10391
0.156294	0.649347
-0.289119	-0.323564
1.12317	0.192557
-0.256528	-0.18589
-0.908353	0.892004
-0.897489	-1.39635
-0.723669	-0.0251657
-0.897489	-0.639686
-0.940944	-1.19114
-0.299983	0.0603216
0.123703	0.448087
0.57998	0.27147
-0.223937	0.0992067
-0.2348	-0.0496235
-0.777988	-0.410717
1.15576	0.573668
0.645163	-0.0592281
0.710345	0.70362
-0.528122	0.130854
-0.658487	0.291586
-0.940944	0.454703
-0.84317	-1.57422
0.688618	0.0410174
-0.951808	-0.982927
-0.897489	-0.0622387
-0.40862	-0.143375
0.960212	0.331695
-0.84317	-0.189149
-0.452075	0.579237
-0.0283893	-0.554747
-0.528122	0.256801
-0.517258	0.260908
-0.213073	0.212272
2.3725	0.283744
-0.951808	-1.21514
-0.680214	-0.395472
0.145431	-0.252754
-0.854034	-0.0645252
-0.767124	0.0428327
1.44908	0.275823
0.742937	0.0514258
-0.919216	-0.108409
-0.538985	-0.260107
-0.604168	0.149847
0.57998	0.42219
-0.93008	-0.908787
-0.517258	-0.974056
-0.104436	0.0190422
-0.821443	-1.02144
1.00367	0.374367
-0.886625	0.118851
-0.14789	0.0765454
1.04712	0.22421
-0.506394	0.541674
0.949348	0.368693
-0.984399	-0.549181
1.7424	0.0262806
0.0585207	-0.646203
-0.973535	-1.18398
-0.365165	0.127111
-0.625895	-0.375944
-0.604168	-0.0864864
0.525662	-0.508683
0.254068	-0.839394
0.210613	0.144986
0.101976	0.30858
-0.886625	0.366531
1.13403	0.484283
0.340978	0.407431
-0.940944	-0.830176
-0.712805	0.414004
0.482207	0.455909
-0.528122	0.295473
-0.615032	-0.337351
-0.962671	-0.626637
1.68808	0.34429
0.49307	0.319186
2.30732	0.390946
-0.452075	0.0477609
-0.202209	-0.547236
-0.310847	0.557048
-0.386893	0.490601
-0.810579	0.25536
-0.897489	-0.418525
-0.213073	0.136123
-0.245664	0.0313391
-0.973535	-0.90403
0.547389	0.343322
0.829847	0.0652538
-0.191345	0.0156861
-0.549849	-0.756213
3.95861	0.56955
1.13403	-0.19134
0.0693844	-0.206394
-0.115299	0.291028
0.417024	0.102343
1.91622	0.409071
1.05799	0.334486
-0.213073	0.0350932
0.395297	0.43969
0.0585207	0.113855
-0.299983	-0.214696
1.8619	0.650207
0.699482	0.055488
-0.278255	-0.635577
-0.84317	-0.276322
0.395297	0.129994
-0.940944	-1.11529
-0.430348	0.344666
-0.310847	-0.109563
-0.701941	-0.78757
0.427888	0.43132
-0.376029	0.233043
-0.169618	0.317623
-0.951808	-0.951888
-0.973535	-0.817399
-1.00613	-0.712663
0.438752	0.418375
0.981939	0.357952
0.0585207	0.172733
-0.821443	-0.727553
1.15576	-0.280613
-0.213073	0.366744
-0.126163	0.208823
-0.126163	0.719896
-0.658487	0.0660731
-0.538985	-0.394804
2.16609	0.386737
-0.821443	-0.298712
-0.680214	-0.0210483
-0.864898	-0.524137
0.0476569	0.243317
-0.886625	-0.613391
-1.02785	-0.925826
-0.571577	-0.930961
0.829847	-0.0961605
1.17749	0.17116
-0.40862	-0.232814
0.101976	0.754622
1.45994	-0.196688
-0.604168	0.0733555
2.57891	0.934274
-0.864898	0.381401
-0.180482	0.541817
-0.397757	0.154188
-0.734533	-0.435434
-0.973535	-1.39904
-0.723669	0.0376695
1.18835	0.200776
-0.310847	-0.54426
-0.00666181	0.519059
-0.788851	-1.22562
-0.951808	-0.685492
-0.169618	-0.368048
1.01453	0.527824
-0.560713	0.379496
-0.864898	-0.237047
0.66689	0.271315
1.01453	0.528705
0.7538	-0.140791
-0.810579	0.273689
0.471343	-0.305155
0.884165	-0.574678
-0.245664	-0.382337
-0.49553	-0.247801
-0.419484	-0.191502
0.199749	-0.156314
-0.604168	-0.448912
-0.723669	-0.228406
-0.962671	-0.679469
1.18835	0.436897
-0.973535	-1.03001
-0.538985	0.233556
-0.821443	0.197029
1.28612	0.663997
-0.332574	-0.217161
0.362706	-0.140657
-0.538985	0.0172642
1.69895	0.13867
2.492	0.524474
-0.191345	0.418395
-0.126163	0.39331
-0.452075	0.323415
0.101976	0.495405
0.808119	-0.109975
-0.593304	-1.24346
-0.875761	0.128673
1.00367	-0.0411566
0.829847	0.197142
0.123703	0.204488
-0.0935718	0.382358
-0.897489	-0.63024
-0.973535	-0.951265
0.699482	0.637135
0.406161	0.230901
-0.995263	-0.715963
0.818983	0.370568
-0.0609805	0.360341
0.384433	-0.251587
0.536525	0.633369
-0.223937	0.498278
0.221477	0.346674
-0.940944	0.465527
0.384433	0.745786
-0.213073	-0.380739
-0.658487	0.243593
0.797255	0.183342
3.78479	0.780322
-0.897489	0.475284
-0.0283893	0.466092
-0.745396	-0.163956
-0.245664	-0.726256
-0.0283893	0.402288
5.27312	0.70166
0.449616	0.306795
-0.40862	0.425425
0.438752	0.26102
1.3839	0.0480683
-0.245664	0.534041
0.145431	0.378387
-0.386893	-0.219585
-0.310847	-0.372973
0.851574	0.0356923
-0.0718443	0.191172
0.351842	-0.0780548
0.482207	0.474617
0.0150657	-0.0192077
-0.919216	-1.00263
-0.897489	0.378388
-0.560713	0.286082
0.677754	0.398069
0.949348	0.613924
-0.430348	0.264433
-0.202209	0.385668
-0.549849	-0.56575
0.101976	-0.138788
1.19921	0.530858
-0.919216	-0.873972
0.123703	-0.13165
-0.821443	-0.351004
-0.951808	0.0998824
-0.278255	0.397308
-0.278255	0.321272
-0.32171	0.351948
-0.256528	-0.229956
-0.767124	0.376198
-0.886625	-1.01859
0.145431	0.544705
-0.788851	-0.908836
0.0693844	-0.223053
-0.984399	-1.04406
-0.864898	-0.650699
-0.919216	-0.161628
-0.745396	-0.560572
-0.886625	-0.131931
-0.245664	0.404119
-0.169618	0.401253
-0.571577	-0.111418
3.32851	0.56669
-0.2348	0.32408
-0.2348	0.106475
-0.66935	-0.00132829
0.319251	-0.0615868
0.92762	0.466409
0.558253	0.496555
0.699482	0.535113
-0.984399	0.0347473
0.471343	-0.372689
1.1449	0.0904739
3.6001	0.402466
-0.593304	0.387535
-0.701941	0.127199
0.178022	0.521786
0.569117	0.496305
-0.897489	-0.265062
-0.908353	-0.0058806
0.732073	0.682529
-0.625895	-0.288082
-0.223937	0.306083
-0.137027	0.124063
-0.93008	-0.22643
0.0259294	-0.168841
-0.0175256	0.467051
-0.75626	-0.0646777
-0.278255	-0.282129
-0.973535	-1.07506
-0.0935718	0.177235
0.536525	0.536206
-0.180482	-0.195603
-0.864898	0.600224
-0.299983	0.881754
-0.158754	0.149663
-0.365165	-0.0886077
-0.864898	-0.863057
-0.517258	-0.486701
1.77499	0.525916
-0.897489	-1.09998
0.873302	0.323735
0.797255	0.192663
-0.365165	0.131327
-0.0935718	0.0492539
-0.506394	-0.421649
2.56805	0.385578
-0.484667	0.0899933
-0.419484	0.381421
1.43822	-0.405683
-0.386893	0.228782
-0.940944	-0.4334
0.167158	0.442577
0.243204	0.0664283
-0.191345	0.178076
1.05799	0.552368
0.0150657	0.398461
-0.039253	0.317671
-0.538985	-0.275109
-0.49553	0.23041
-0.745396	0.487907
0.721209	0.185307
0.340978	0.163462
0.601708	0.414213
-0.484667	-0.138031
-0.00666181	-0.16237
-0.223937	-0.00396529
-0.593304	0.386536
-0.299983	0.574147
-0.462939	0.224872
-0.365165	0.172283
0.156294	0.126329
1.89449	0.382817
-0.875761	-0.185731
-0.58244	0.46113
-1.03872	-1.03117
0.384433	-0.179966
1.6229	0.413124
0.427888	0.163647
-0.202209	0.642974
0.981939	0.254396
-0.973535	-0.112983
0.905893	-0.599272
1.25353	0.434479
-0.951808	-0.574258
1.05799	0.605698
-0.886625	0.0468199
-0.864898	-0.263298
-0.115299	0.0573473
0.167158	0.422058
-0.897489	-0.437417
-0.299983	0.272144
-0.93008	-1.10483
-0.223937	0.0377366
-0.658487	0.521777
0.123703	0.521492
1.56858	0.0540694
-0.430348	0.41704
-0.940944	-0.64864
0.232341	0.267282
0.808119	0.300561
2.27472	0.0124087
0.601708	0.291573
-0.2348	0.374938
1.02539	0.533261
-0.58244	-0.375542
-0.962671	-0.70779
-0.951808	-1.06022
0.297523	0.22222
-0.973535	-0.218599
0.156294	0.141791
-0.984399	-0.901323
2.17695	0.652993
0.0259294	0.670233
-0.441212	-0.456255
0.808119	-0.0836961
0.808119	-0.0694319
-0.919216	0.261549
-0.647623	-0.165678
-0.00666181	0.357223
-0.701941	0.0234255
0.503934	0.353282
-0.723669	0.416764
-0.810579	-0.447183
0.254068	0.331565
-0.854034	-0.369508
1.76413	0.414322
-0.213073	0.479603
-0.995263	-0.753742
-0.951808	-0.904203
0.406161	0.254493
-0.799715	0.118396
-0.821443	-0.0703288
-0.039253	0.304778
0.84071	0.0152136
-0.951808	-0.578908
-0.473803	0.0128604
-0.0283893	0.417138
-0.93008	-0.274987
-0.821443	-0.00475605
-0.245664	0.498325
-0.538985	-0.0496529
0.514798	0.411517
-0.680214	-0.678226
-0.310847	0.0749667
-0.647623	-0.565865
-0.984399	-0.318839
-0.75626	0.202737
-0.40862	-0.177764
-0.278255	0.332923
-0.908353	-0.781318
-0.854034	-0.278983
-0.658487	-0.4155
-0.886625	-0.746515
0.308387	0.173122
-0.397757	0.27566
-0.571577	0.283622
0.264932	0.704508
-0.723669	0.173677
-0.0935718	0.246194
-0.919216	-0.488851
-0.310847	0.459357
1.7424	0.526492
1.05799	0.422098
0.992803	0.467973
-0.767124	0.32363
-0.93008	-0.479182
0.438752	0.705554
-1.01699	-0.653911
0.438752	0.217353
0.362706	0.400917
0.503934	0.452878
-0.386893	-0.0702084
-0.528122	-0.516945
0.178022	0.16984
0.482207	0.559483
-0.940944	-0.290571
0.57998	0.33197
-0.593304	0.0744216
0.243204	0.116916
-0.723669	-0.450532
-0.691078	-0.289275
0.319251	0.509159
-0.0718443	-0.508007
-0.854034	-0.0109702
0.112839	0.480584
-0.202209	0.211771
1.1449	0.0904739
-0.701941	0.440738
-0.984399	-0.476782
0.547389	0.27149
0.351842	0.254483
-0.386893	0.415707
-0.940944	-1.28596
-0.973535	-1.08552
0.0802482	0.377132
-0.940944	-0.289361
0.471343	0.273925
0.449616	0.645396
-0.419484	-0.684367
-0.593304	0.0644031
0.84071	0.16333
0.764664	0.471352
1.07971	0.0163137
-0.245664	0.641355
0.514798	0.41038
-0.517258	-0.0909284
-0.984399	-0.607958
-0.506394	0.242755
1.67722	0.637393
-0.365165	0.0567492
0.742937	0.414244
1.6229	0.665632
1.39476	0.85571
-0.604168	-0.196835
-0.49553	0.0862636
0.210613	-0.153982
1.19921	0.411122
-0.039253	0.309809
-0.354302	0.34189
-0.767124	0.533658
1.93795	0.095445
-0.875761	-0.226495
-0.0609805	0.462024
-0.734533	0.576412
2.66582	0.712857
-0.484667	0.0389808
-0.115299	-0.171875
-0.332574	0.0133378
-0.104436	0.112669
-0.560713	0.0758794
-0.854034	0.338558
-0.66935	0.37928
-0.430348	0.189972
-0.897489	-0.0848001
-0.723669	-1.2636
1.95968	0.27763
-0.93008	-0.574428
-0.0501168	0.360818
1.95968	0.477124
-1.00613	-1.2403
-0.126163	-0.0816865
-0.528122	0.242562
1.80758	0.400826
-0.430348	0.0480465
-0.213073	-0.726503
-0.810579	-0.762048
1.65549	0.265907
1.90536	0.445855
-0.777988	-0.242554
1.55772	0.0641721
-0.897489	-0.291853
3.67615	0.406685
1.68808	0.0909823
-0.484667	0.256934
0.210613	0.342774
1.34044	0.555646
-0.202209	0.0403634
-0.452075	0.189734
-0.386893	-0.817051
1.10144	0.331983
-0.202209	0.523471
0.178022	-0.859455
-0.951808	0.294086
-0.419484	-0.55138
-0.767124	-0.516158
-0.636759	0.23822
-0.430348	-0.8759
-0.940944	-0.399745
-0.636759	-0.0515966
-0.386893	-0.0212393
-0.984399	-0.675229
2.20954	0.456921
-0.310847	0.289798
-0.484667	0.649411
-0.897489	-0.60516
-0.712805	0.23134
-0.343438	0.818501
-0.223937	-0.14092
-0.473803	0.110454
2.64409	0.527483
-0.365165	0.27881
0.786392	0.561854
-0.256528	0.193008
-0.506394	0.178077
-0.549849	-0.107294
-0.386893	0.216685
-0.799715	0.429702
-0.973535	0.344809
-0.84317	0.0613674
0.721209	0.405193
-0.58244	0.271019
0.254068	-0.580212
-0.0283893	0.227189
0.156294	0.330398
-0.202209	0.371604
-0.995263	-0.738581
-0.93008	0.0179048
-0.560713	0.388406
-0.897489	-0.728396
-0.75626	-0.264549
-0.723669	-0.202577
-0.549849	-0.216399
-0.40862	0.292356
1.09058	-0.1242
-0.397757	0.236966
-0.951808	-0.120877
-0.636759	0.0666146
0.471343	0.659534
0.112839	0.660439
-0.528122	0.521364
-0.00666181	-0.0056845
1.25353	0.491204
-0.00666181	0.405025
1.55772	-0.195415
-0.908353	-0.110374
0.330114	0.283466
-0.864898	-0.704045
1.67722	0.261204
-0.289119	0.0400687
-0.517258	0.359581
-0.517258	0.0100639
4.41488	0.424994
-0.40862	-0.344563
-0.919216	-0.505012
-0.908353	-1.13285
-0.886625	0.454758
-0.919216	-0.676588
0.308387	0.0955947
0.634299	0.223183
0.688618	0.0410174
0.438752	0.00912576
-0.908353	0.155477
-0.821443	0.222658
-0.75626	-0.267746
-0.169618	0.24447
-0.951808	-0.345937
-0.2348	0.277184
-0.875761	-0.321929
4.33884	0.426922
0.438752	0.697272
-0.777988	-1.04233
-0.397757	0.0213008
-0.256528	0.50394
-0.615032	-0.0939313
-0.0718443	-0.096533
0.786392	-0.0235488
-0.723669	0.0954341
-0.767124	0.0560534
0.254068	0.396011
0.00420194	-0.345686
0.503934	0.452878
-0.723669	-0.0188704
-0.777988	-0.31998
-1.01699	0.0792928
0.210613	0.333572
0.340978	0.770436
2.43768	0.47249
0.677754	0.362529
-0.202209	-0.112949
-0.343438	0.328826
-0.484667	0.42654
-0.777988	-1.24682
-0.821443	0.154746
-0.430348	0.183016
-0.984399	0.496863
-0.66935	0.389143
-0.897489	-0.73238
0.482207	-0.0422375
-0.973535	-1.05096
-0.452075	-0.0288875
0.0911119	0.394964
2.52459	0.262108
-0.712805	-0.383102
0.808119	0.529412
0.514798	0.361882
0.308387	0.379335
1.56858	-0.384992
0.84071	0.0465455
-0.223937	0.228379
-0.376029	0.354472
-0.777988	-0.710355
-0.777988	-0.19114
-0.202209	-0.260001
-0.886625	-0.140678
2.62236	0.692013
0.818983	0.334416
3.08951	0.489898
0.884165	0.608005
-0.386893	-0.796533
0.0150657	0.111259
-0.701941	-0.364685
-0.213073	0.557362
0.0367932	0.279317
-0.875761	-0.762428
-0.180482	0.242472
-0.58244	0.447504
-0.93008	-0.466324
2.26386	-0.175564
-0.810579	-0.843319
-0.528122	-0.101408
-0.799715	-0.242327
2.82878	0.617771
-0.158754	0.552694
0.721209	0.425378
0.829847	0.294246
-0.49553	-0.63336
-0.376029	0.604812
-0.104436	0.572679
1.1123	0.442615
-0.973535	-0.713113
0.0802482	0.339935
0.286659	0.238169
-0.875761	0.0124886
-0.082708	0.192238
-0.908353	-0.363578
-0.484667	-0.00373474
0.406161	0.13803
0.590844	0.347011
-0.84317	0.231015
0.482207	-0.254884
-0.58244	0.339385
-0.484667	0.331533
-0.897489	-0.283266
0.569117	0.17736
1.07971	0.269169
-0.104436	0.277388
-0.75626	-0.445046
0.0693844	0.331409
-0.2348	-0.458545
-0.180482	0.164504
-0.788851	-0.232869
0.992803	-0.224087
0.134567	-0.0566012
0.590844	-0.251005
0.308387	0.339843
0.167158	0.31417
-0.538985	0.0996882
-0.082708	-0.453446
2.00313	-0.074319
2.35077	0.0751444
-0.137027	0.578489
0.460479	-0.143439
0.525662	0.35855
-0.84317	-0.150369
-0.864898	-0.0280897
-0.58244	0.521066
-0.528122	0.295473
-0.169618	-0.685099
0.427888	0.205703
-0.0283893	-0.271214
-0.256528	0.488957
-0.213073	0.320042
-0.886625	0.256677
-0.278255	0.220236
1.00367	0.283361
-0.973535	-0.877883
-0.452075	-0.297562
0.167158	0.21492
-0.897489	-0.298007
1.05799	0.391295
1.24267	0.293419
-0.712805	0.562673
1.21008	0.270695
0.362706	0.0625186
-0.376029	0.447739
-0.213073	0.353698
-0.00666181	0.509811
0.503934	0.394684
0.471343	0.381328
0.699482	0.261682
0.449616	0.352868
-0.245664	0.223678
1.35131	0.688261
1.16662	0.0489395
1.15576	0.481721
0.514798	0.365426
-0.951808	-0.924015
-0.647623	0.220848
0.0476569	-0.193068
-0.973535	0.0471016
-0.593304	-0.125867
-0.777988	-0.496079
-0.332574	-0.264256
-0.538985	-0.669023
-0.430348	-0.0559117
0.601708	0.556511
-0.788851	0.158972
-0.875761	-0.506779
1.06885	0.31021
-0.104436	0.148121
-0.788851	-0.589813
-0.604168	0.0733555
0.525662	0.110792
-0.571577	-0.257877
2.31818	0.46874
2.32904	-0.133674
0.57998	-0.286388
-0.604168	0.236774
0.829847	0.103575
1.16662	-0.030199
-0.354302	0.188229
-0.615032	-0.162557
0.818983	0.479944
0.710345	0.398155
0.112839	-0.599766
-0.984399	-0.382178
-0.886625	-0.0436064
-0.0175256	0.591078
1.36217	0.235755
-0.0501168	0.302119
0.547389	0.121928
0.0802482	0.487958
-0.84317	-0.433554
-0.788851	-0.873919
0.243204	0.326191
-0.58244	-0.302803
4.27365	0.538807
-0.278255	0.178438
1.22094	0.387481
1.61204	0.421005
-0.745396	-0.26207
-0.419484	-0.212561
0.0911119	0.142415
-0.93008	-0.706933
-0.14789	-0.118099
-0.245664	-0.646665
0.395297	0.482171
1.49254	0.41834
-0.712805	-0.306355
-0.908353	-0.305021
-0.0935718	0.257182
-0.864898	-0.503193
-0.386893	-0.172548
0.00420194	-0.0796217
-0.875761	-0.612723
-0.299983	0.559993
1.05799	0.427849
-0.397757	-0.740064
-0.832306	0.0951279
-0.647623	-0.415199
-0.799715	0.265004
-0.571577	-0.345135
0.384433	0.584629
-0.549849	0.274055
-0.886625	-0.434394
-0.777988	-0.347654
-0.908353	-0.417186
0.101976	0.383419
0.732073	0.466102
-0.2348	-0.46737
-0.289119	-0.0420242
-0.462939	-0.385336
-0.0283893	0.355248
-0.625895	-1.47308
2.69841	0.608329
-0.14789	-0.67232
-0.289119	0.525321
-0.908353	-0.501996
-0.875761	-0.479768
1.93795	0.282846
-0.832306	-1.24777
-0.832306	-0.714159
-0.473803	0.552366
-0.908353	-0.867462
-0.821443	0.33415
-0.202209	0.11297
-0.962671	0.00963824
-0.213073	-0.0839527
-0.115299	0.311684
-0.593304	0.127062
-0.58244	0.238029
-0.0718443	0.453352
0.395297	-0.401287
0.0693844	0.227467
-0.854034	-0.387116
2.72014	0.47164
-0.0283893	0.435335
2.05745	0.365001
0.84071	0.31311
1.34044	0.664929
-0.84317	0.245975
1.32958	0.420645
-0.995263	-1.03787
-0.213073	-0.206016
-0.951808	-0.425581
0.547389	0.136357
-0.636759	0.0329903
0.0911119	-0.246229
1.16662	0.585292
-0.137027	-0.333716
2.1335	0.335575
-0.951808	0.606244
-0.0501168	0.0247093
-0.821443	0.656811
-0.289119	0.286317
0.797255	0.605926
2.253	0.195288
-0.560713	-0.0136277
0.0585207	-0.132753
-0.310847	0.352425
0.0150657	0.143459
1.37303	0.663173
-0.517258	0.463405
-0.169618	-0.384952
0.84071	-0.0907607
-0.691078	-1.076
-0.75626	-0.427004
-0.995263	0.618178
0.0367932	-0.195922
1.84017	0.652694
-0.962671	-0.24744
-0.082708	-0.252556
0.112839	0.152952
-0.734533	0.109298
-0.951808	-0.285584
0.938484	0.382121
-0.593304	0.0340824
1.24267	0.461385
0.112839	0.254542
-0.647623	-0.0882626
-0.691078	-0.0535052
0.656027	0.631966
-0.310847	-0.052891
-0.767124	-0.540199
-0.473803	-0.033003
0.145431	-0.431
0.449616	0.326456
0.427888	-0.178645
-0.278255	0.3276
0.0911119	-0.578745
0.275796	0.44912
-0.365165	0.378721
-0.951808	0.0309264
-0.560713	-0.528534
1.59031	0.272153
-0.951808	0.294163
-0.647623	-0.0405153
0.00420194	0.647555
0.981939	-0.059561
-0.191345	0.82466
-0.549849	-0.61674
-0.875761	-0.796802
-0.0609805	0.617173
2.17695	0.56477
-0.343438	0.328826
-0.951808	0.238612
-0.082708	-0.461465
0.199749	-0.00430637
-0.919216	-1.09912
0.178022	0.019013
-0.821443	0.274022
0.243204	0.434388
-0.864898	0.100498
0.340978	-0.176782
-0.984399	-1.13909
1.27526	0.321653
0.112839	-0.810648
2.6115	0.152529
0.797255	0.760699
-0.984399	0.135364
-1.00613	0.183955
0.0802482	0.0733302
-1.03872	-0.369584
1.7424	0.43357
-0.299983	0.416139
0.351842	0.644039
-0.40862	0.432107
0.123703	0.0786366
-0.484667	-0.131583
1.22094	0.648101
-0.115299	-0.179386
0.00420194	0.265716
1.10144	-0.0920839
-0.940944	-0.14582
-0.962671	-0.464464
-0.615032	-0.120727
-0.951808	-0.183936
-0.245664	0.178494
-0.821443	-0.55944
-0.593304	0.412174
-0.777988	-1.26527
-0.701941	0.280303
-0.625895	-0.235265
-0.00666181	0.473006
0.66689	0.131455
0.0476569	-0.224904
-0.984399	-0.590907
-0.995263	-0.683961
-0.32171	0.0152257
-0.636759	0.336794
2.02486	0.471018
4.03465	0.476107
-0.84317	0.238094
0.992803	0.0696745
-0.278255	-1.2029
0.7538	0.0953256
0.514798	0.0561841
0.275796	0.209574
-0.886625	-1.76518
0.286659	0.0586017
0.742937	0.395397
0.286659	0.167951
-0.919216	0.06386
0.829847	0.259414
1.13403	0.739224
-0.604168	-0.0619458
-0.386893	0.20197
-0.223937	0.510728
-0.506394	-0.929726
0.275796	0.391558
-0.571577	0.481229
0.818983	0.490401
0.232341	0.140461
-0.213073	-0.0661926
-0.810579	-0.784237
-0.66935	-0.867975
-0.571577	0.205155
0.188886	0.436079
0.503934	-0.330336
-0.0283893	0.153252
0.547389	0.00882679
-0.940944	-0.305559
0.66689	0.0672941
1.3839	0.0256965
-0.995263	-0.586901
2.492	0.515103
1.37303	0.707471
-0.875761	-0.747128
0.123703	-0.359443
-0.560713	0.388406
1.12317	0.219334
-0.66935	-1.01672
1.07971	0.0642589
0.775528	-0.336197
1.17749	0.485173
0.482207	0.0888287
1.21008	-0.131006
-0.267392	-0.279304
2.3725	0.683253
-0.777988	-0.576462
-0.104436	0.0651352
0.57998	0.375172
-0.604168	-0.686125
-0.951808	-0.168908
1.04712	0.555555
0.699482	0.407487
-0.84317	-0.285766
-0.680214	0.157194
-0.473803	-0.0676645
-0.810579	-1.02162
-0.93008	-0.890277
-0.93008	-0.241966
0.547389	0.257424
-0.430348	0.107712
-0.517258	0.390089
-0.115299	0.0221111
0.112839	0.251104
-0.0283893	0.163442
-0.0175256	0.196355
1.01453	0.503371
1.53599	0.489163
0.232341	0.188001
-0.625895	0.276475
-0.278255	0.110565
0.590844	-0.21038
0.232341	-0.000351094
0.460479	0.209667
-0.202209	0.330983
-0.897489	-0.265062
1.43822	-0.148647
-0.832306	-0.269994
1.90536	0.400082
0.808119	-0.148976
-0.343438	-0.721407
-0.723669	0.0376695
-0.49553	-0.262089
0.384433	-0.293108
0.156294	-0.389824
-0.104436	0.0244468
-0.115299	0.132706
-0.712805	-0.511513
-0.462939	0.681216
-0.430348	0.112705
0.688618	0.102331
0.00420194	0.334321
0.156294	0.506537
0.417024	-0.293493
-0.691078	0.159173
-0.452075	0.486005
1.3839	0.561628
0.243204	-0.217999
-0.267392	0.408195
-0.658487	-0.395739
-0.256528	0.513499
-0.473803	0.405329
0.330114	0.84679
-0.365165	-0.48998
1.88363	0.219282
-0.940944	-0.884102
-0.419484	0.51943
-1.00613	-1.2699
0.427888	0.705988
0.362706	0.655413
-0.549849	0.515585
-0.386893	0.351326
0.818983	0.106157
1.7424	0.270031
-0.919216	-0.461531
-0.332574	-0.211663
2.45941	0.557482
0.84071	0.0607327
-0.832306	0.42142
-0.202209	0.00624476
-0.962671	-0.790401
0.742937	-0.134525
-0.213073	0.304353
-0.419484	0.205817
0.145431	0.395921
-1.03872	-1.34233
-0.93008	-0.397869
-0.951808	-0.422308
2.27472	0.384875
-0.940944	-0.199005
-0.58244	-0.250235
-0.886625	-0.865814
-0.680214	-0.0129492
1.6229	0.523474
0.297523	0.44251
-1.00613	-0.367658
0.721209	0.082757
0.895029	0.461072
-0.039253	0.283557
1.16662	0.469896
-0.799715	0.287756
0.656027	0.244406
0.156294	0.148991
-0.49553	0.0418272
-0.213073	0.100063
-0.430348	0.0480465
-0.723669	0.486161
0.558253	0.466395
-0.473803	0.331395
0.427888	0.590171
-0.354302	0.177261
-0.821443	-0.473133
-0.767124	-1.21087
2.06831	0.00427257
0.449616	0.36887
-0.14789	-0.097244
-0.354302	-0.462755
1.81845	0.736258
0.427888	0.256485
-0.636759	-0.218778
0.0150657	0.460524
-0.104436	-0.105373
-0.0175256	-0.158192
0.330114	0.283466
0.145431	0.0798953
-0.397757	0.0213008
-0.951808	-0.25589
0.0585207	0.168117
-0.984399	-0.524111
-1.07131	-1.80825
-0.854034	-0.239184
-0.84317	-0.912063
0.243204	-0.102732
-0.647623	-0.093848
-0.571577	-0.576744
-0.691078	0.350068
-0.169618	0.0955857
-0.615032	-0.560645
1.22094	0.372936
0.775528	0.333405
0.123703	0.169092
0.699482	0.0323353
-0.984399	0.342854
2.76359	0.575082
0.0585207	0.616959
-0.886625	-0.676893
-0.908353	-0.301842
1.56858	0.836512
-0.169618	0.199203
-0.137027	0.287412
-0.2348	-0.0611157
0.264932	0.128423
0.460479	0.287041
1.1123	0.641364
0.460479	0.352114
-0.517258	0.41615
-0.332574	-0.722635
-0.615032	-1.54822
0.786392	0.562137
0.199749	0.347065
-0.875761	-0.70659
-0.462939	-0.168675
1.16662	0.142708
0.199749	0.5192
-0.549849	0.342061
-0.75626	-0.0829939
0.134567	0.378546
-0.854034	-0.381049
1.15576	0.545635
1.64463	0.3709
-0.441212	-0.653199
1.2644	0.752214
1.05799	0.351657
1.41649	0.424203
-0.397757	0.141112
1.31872	0.310026
-0.93008	0.330021
-0.615032	0.0451985
-0.680214	-0.438023
0.514798	0.504569
0.905893	0.732007
0.0476569	0.478008
-0.777988	-0.314265
-0.951808	-0.448305
0.134567	0.0220201
-0.745396	-0.677113
-0.278255	0.402461
1.24267	-0.0419565
-0.951808	-0.56566
0.243204	0.109728
0.427888	0.799289
-0.40862	0.472247
-0.962671	-0.220947
0.308387	-0.185906
-0.332574	0.127792
-0.0718443	-0.319228
1.10144	0.140312
-0.810579	-0.49575
-0.832306	-0.146079
-0.528122	-0.594639
-0.908353	-0.85232
-0.897489	-0.844879
0.503934	0.0930021
0.49307	0.326504
-0.137027	0.68015
-0.58244	-0.690841
-0.919216	-1.41629
-0.0935718	0.076766
0.971075	0.0246568
-0.886625	0.0468199
-0.0175256	-0.128852
0.514798	0.138655
0.395297	-0.359387
-0.039253	-0.198973
-0.386893	0.0762198
-0.962671	-0.701863
-0.886625	-0.252152
-0.821443	0.334665
-0.419484	-0.117268
0.134567	0.414676
1.12317	0.0308693
-0.875761	-0.20961
-0.864898	0.419599
-0.40862	0.202141
0.286659	0.263678
0.0476569	-0.978654
0.427888	0.177639
0.221477	0.303888
0.688618	-0.0239303
0.92762	0.0458939
-0.701941	-0.157189
-0.462939	-0.0384904
-0.2348	0.383275
-0.0609805	0.394518
0.210613	-0.044785
0.710345	0.480108
3.14382	0.341124
0.395297	0.359282
0.406161	0.288708
0.7538	0.553636
-0.180482	0.123139
-0.32171	0.172039
-0.365165	-0.77675
-0.538985	0.180767
-0.452075	0.370466
-0.517258	-0.0230673
-0.680214	0.0252395
-0.32171	0.462054
-0.962671	-1.067
-0.777988	0.322967
-0.93008	-0.908787
1.04712	0.581895
-0.777988	-1.12551
-0.58244	0.429986
1.9814	0.410839
-0.636759	-0.363034
-0.517258	0.25258
-0.810579	-0.597069
-0.647623	-0.206906
1.99227	0.052663
-0.419484	-0.0176729
1.53599	0.572563
-0.137027	0.480675
-0.93008	-0.188459
2.62236	0.329581
0.0150657	-0.491583
-0.2348	0.170516
-0.538985	-0.574939
1.13403	0.586823
-0.940944	-0.965995
-0.799715	0.195041
0.623435	0.721382
-0.604168	0.0961695
-0.571577	-0.364019
-0.93008	-1.23752
-0.854034	0.3097
-0.430348	-0.448359
0.254068	0.230242
0.167158	0.607332
-0.680214	-0.481389
0.373569	0.717698
1.72067	0.430383
-0.49553	-0.255112
-0.647623	-1.34415
0.221477	0.157946
-0.723669	-0.211854
-0.223937	-0.00476029
1.18835	0.23168
-0.984399	-0.775772
-0.777988	0.307666
1.04712	0.26953
-0.32171	0.318615
2.17695	0.50374
-0.940944	-0.710728
0.0150657	0.38494
0.156294	0.467159
-0.658487	-0.193348
-0.734533	0.517296
-0.278255	-0.1167
0.84071	0.362698
-0.984399	-1.13723
-0.886625	0.538726
-0.864898	-1.54917
-0.473803	-0.505341
1.05799	0.110114
-1.00613	-0.561798
0.688618	0.0503273
0.569117	-0.100806
-0.58244	-0.535873
-0.32171	0.300079
-0.712805	-0.251108
-0.723669	0.0189671
-0.995263	0.240078
2.03572	0.374153
2.17695	0.652993
-0.441212	0.306337
0.656027	-0.509203
1.63376	0.644991
-0.299983	0.472335
-0.701941	-0.185843
-0.995263	-0.148789
-0.49553	-0.320198
-0.126163	0.0185493
-0.875761	0.0389256
-0.40862	0.407672
-0.821443	0.0193671
0.134567	-0.632613
1.00367	0.329748
-0.593304	0.28763
0.471343	0.414021
-0.137027	0.348251
-0.788851	0.365049
-0.267392	-1.07771
-0.506394	-0.612955
-0.897489	-0.0898033
-0.962671	-0.418187
-0.897489	-0.517307
-0.919216	0.486849
1.48167	0.260993
1.07971	0.516167
-0.93008	-1.16162
0.808119	0.0662523
-1.00613	0.131653
1.61204	-0.153589
0.417024	0.373872
-0.919216	-0.853448
-0.995263	-0.771436
0.0693844	0.282113
1.48167	-0.367232
1.31872	-0.0646993
1.27526	0.141417
0.101976	0.288413
-0.821443	0.0969051
-0.951808	-0.414635
1.7424	0.303879
-0.473803	-0.232361
-0.126163	0.648605
-0.777988	-0.113279
-0.484667	-0.0590311
0.199749	0.383599
0.895029	0.484177
-0.832306	-0.0841861
-0.951808	-0.708473
2.55718	0.736912
-0.397757	-0.461835
-0.962671	-0.652897
-1.00613	-1.36366
-0.332574	-0.438446
-0.538985	0.0241713
-0.658487	0.3691
-0.126163	-0.411973
-0.115299	0.71718
-0.951808	-0.361636
-0.84317	-0.624252
2.04659	0.565992
-0.93008	-0.633857
-0.919216	-0.551532
1.19921	0.765017
-0.788851	0.40866
2.38336	0.530459
1.23181	0.553683
-0.278255	0.539917
-0.115299	0.461662
-0.169618	0.00967689
0.829847	0.517076
-0.365165	0.478314
-0.039253	0.228911
-0.354302	0.188229
-0.810579	-0.15604
-0.245664	0.412632
-0.940944	-0.739402
-0.734533	-0.66555
-0.58244	-0.392957
-0.299983	0.192242
-0.875761	-0.380231
1.13403	-0.00327411
-1.02785	-0.255681
-0.158754	-0.7897
-0.40862	0.241041
-0.213073	-0.380739
-0.886625	0.322234
-0.202209	0.254915
-0.995263	-0.771436
0.851574	0.519072
-0.528122	-0.721458
-0.658487	-0.0626106
1.10144	0.00231532
0.0259294	-0.477585
1.63376	0.446353
-0.299983	0.429431
-0.962671	-0.0286438
-0.2348	-0.0297105
-0.788851	0.13535
-0.213073	0.683418
-0.832306	0.114486
0.0476569	-0.0491279
-0.14789	-0.165296
-0.365165	-0.072456
-0.593304	0.0685892
-0.397757	0.318323
2.68755	0.217777
1.63376	-0.419864
-0.571577	0.0417582
-0.158754	-0.722742
-0.864898	0.228277
1.16662	0.353905
0.406161	0.43834
1.78586	0.346816
-0.962671	0.408473
-0.691078	-0.427463
-0.137027	-0.110017
-0.0935718	-0.189199
-0.169618	0.445386
1.17749	0.267968
0.275796	0.233636
-0.984399	-1.49298
0.286659	-0.0206925
-0.604168	-0.288328
-0.734533	-0.0449
-0.984399	-0.939343
1.57945	0.525968
0.232341	0.457229
-0.14789	0.250663
-0.951808	-0.772029
-0.560713	-0.442678
0.101976	-0.0409377
-0.397757	-0.0526416
1.47081	0.450995
-0.158754	0.40254
-0.821443	0.22304
1.99227	-0.0394062
-0.919216	-0.0161984
-0.256528	-0.151035
-0.767124	-0.694972
-0.84317	-0.95296
0.221477	-0.486587
1.52513	0.598667
0.243204	0.33476
-0.940944	0.454703
-0.2348	-0.174346
-0.082708	0.326303
-0.115299	0.154463
-0.951808	-0.766297
-0.875761	-0.439214
-0.940944	-0.351065
-0.951808	-0.715192
-0.039253	0.0894357
-0.32171	0.199466
-0.32171	0.301534
3.68701	0.611251
-0.169618	0.476119
0.0693844	-0.293339
-0.0609805	0.151485
-0.951808	-0.513055
-0.821443	-0.576794
-0.832306	-0.474649
-0.126163	0.227548
-0.832306	-0.8922
0.949348	0.503207
0.808119	0.522747
-0.984399	-0.284873
0.101976	0.643916
0.199749	0.0219671
1.63376	-0.00629602
-0.66935	-0.0576101
-0.0501168	0.46854
-0.712805	-0.115132
-0.332574	-0.0379696
3.04605	0.440456
-0.169618	0.24447
-0.940944	-1.22277
-0.84317	0.434264
-0.441212	-0.303764
-0.821443	0.352369
0.384433	0.756106
0.00420194	-0.107586
1.81845	-0.107857
-0.636759	-0.363964
2.05745	0.587678
-0.49553	0.0801899
0.0911119	0.443069
-0.940944	-0.825551
-1.01699	-0.234563
0.829847	0.101517
0.514798	0.472631
-0.647623	0.0221717
0.297523	0.421096
-0.93008	0.294148
1.81845	0.46493
0.264932	0.345696
0.960212	0.374298
-0.691078	0.416886
0.112839	0.515272
-0.995263	-0.840629
-0.799715	-0.069532
0.112839	0.482809
0.254068	0.340632
0.0693844	0.0699847
1.3839	0.261739
-0.75626	0.0784476
-0.484667	-0.188425
-0.75626	-0.611074
0.112839	-0.00157273
-0.267392	0.34353
0.732073	0.181418
-0.919216	-0.327836
0.123703	0.336259
0.536525	0.444562
-0.0175256	-0.40171
0.188886	-0.80489
1.55772	0.447234
1.57945	0.30743
-0.701941	0.127199
-0.636759	0.412121
-0.984399	-0.033722
-0.169618	0.343829
1.93795	0.095445
-0.14789	0.362415
0.351842	-0.18268
0.0476569	0.487554
0.57998	0.260901
-0.712805	0.462481
-0.40862	-0.486617
1.8619	-0.188279
-0.66935	-0.373152
-0.832306	-1.2876
1.48167	0.260993
0.612572	-0.0605121
1.34044	0.657414
-0.973535	-0.547709
-0.832306	0.23035
-0.169618	-0.949975
0.395297	0.616707
-0.951808	-0.738181
0.297523	-0.397169
-0.875761	-0.332639
-0.039253	-0.28114
-1.02785	-0.255681
-1.01699	-0.796168
-0.66935	0.338112
-1.01699	-0.0665495
-0.299983	0.791671
-0.0935718	-0.342292
0.264932	0.108156
2.75273	0.200408
1.3839	0.672279
-0.680214	-0.278444
-0.14789	0.427904
1.60117	0.363857
-0.875761	-0.321929
-0.93008	-1.43832
-1.00613	-0.612859
0.351842	0.0579844
-0.864898	-0.622294
0.438752	0.369813
-0.712805	-0.543911
1.13403	0.112099
0.134567	0.37484
-0.951808	-0.711192
0.569117	0.397262
-0.886625	-0.231279
-0.788851	0.192287
0.981939	-0.0584109
-0.908353	-0.27164
-0.940944	-0.578321
-0.484667	0.397951
-0.506394	0.319294
-0.549849	-0.266556
-0.897489	-0.926654
0.0585207	0.286609
-0.604168	0.236774
-0.810579	-0.443217
-0.658487	0.400459
-0.332574	0.0840156
-0.701941	-0.420608
0.960212	0.30678
0.0911119	0.26219
0.503934	-0.0913793
-0.799715	0.523219
-0.875761	-0.117223
-0.886625	-0.558004
-0.799715	-0.213675
0.721209	-0.103798
1.12317	0.258155
-0.701941	0.252215
0.210613	-0.144102
2.253	0.391323
-0.723669	-0.648582
-0.919216	-0.187644
-1.00613	-0.629958
2.14436	0.676392
-0.940944	-0.71132
-0.951808	-1.13215
-0.897489	-0.293162
-0.549849	0.305461
-0.897489	-0.180759
-0.658487	-1.32817
-0.658487	0.546822
-0.278255	0.569643
-0.93008	-1.51118
2.93741	0.306603
-0.604168	0.222497
-0.560713	0.0758794
-0.875761	-1.24769
-0.354302	-0.333339
-0.864898	-0.291819
0.884165	0.588835
-0.604168	0.448491
3.21987	0.798276
-0.2348	-0.0125558
-0.647623	0.445961
2.75273	0.187728
0.243204	0.340323
-0.430348	0.263565
-0.158754	0.346771
-0.0501168	0.360818
-0.506394	0.509096
-0.908353	-0.223094
1.39476	0.470783
0.895029	0.309975
0.0693844	0.0834274
0.482207	-0.463636
-0.126163	0.17832
-0.810579	0.420592
-0.267392	-0.460661
2.19868	0.557736
1.89449	0.388949
-0.299983	0.0110436
0.351842	-0.110762
2.05745	0.528648
-0.875761	-1.50857
0.49307	0.251425
1.97054	-0.292023
-0.897489	0.218502
-0.32171	-0.285642
-0.397757	0.114168
-0.908353	-0.799047
-0.951808	-1.61189
-0.169618	-0.338818
0.275796	0.105264
0.92762	0.381222
1.24267	0.156174
0.297523	0.27817
0.243204	0.434388
-0.886625	-0.816235
0.949348	-0.103814
1.48167	0.581843
-0.734533	0.388068
-0.245664	0.183414
-0.647623	0.161458
-0.864898	-0.426326
0.254068	0.22057
-0.995263	-0.72524
-0.799715	-0.526515
-0.571577	0.501593
2.38336	0.53561
0.895029	0.0770049
-0.506394	0.089567
0.569117	-0.172252
-0.940944	0.418588
0.732073	0.471399
-0.278255	-0.635577
0.742937	0.291829
-0.137027	0.676209
-0.701941	-1.12812
-0.180482	0.0412694
-0.973535	-0.138233
1.93795	0.166159
-0.00666181	0.410709
0.536525	0.263533
-0.951808	-0.590881
-0.875761	0.0457394
0.145431	0.445168
2.79618	0.457028
0.145431	-0.0727782
-0.962671	-0.162737
0.721209	0.7513
-0.00666181	0.390595
-0.908353	-0.801761
-0.299983	-0.617221
-1.02785	0.264336
-0.973535	0.34943
-0.549849	0.249003
-0.365165	0.524465
-0.962671	0.126361
-0.397757	0.39007
-0.278255	-0.363662
-0.452075	0.151023
-0.821443	0.322261
-0.549849	-0.0965297
0.319251	-0.817997
-0.799715	-0.491082
-0.104436	0.233224
-0.343438	0.200589
0.427888	-0.109877
-0.810579	0.307995
-0.647623	-0.770146
0.406161	0.761744
-0.289119	0.110355
-0.962671	-1.39769
-0.93008	-1.21274
1.18835	0.8933
-1.02785	-0.691097
-0.278255	-0.272365
-0.821443	0.515194
-0.473803	-0.131264
-0.571577	-0.149076
0.373569	0.292573
-0.039253	0.0576677
0.612572	0.753783
-0.0718443	-0.0447282
-0.799715	-0.644644
-0.528122	0.512813
-0.799715	0.134702
-0.886625	-0.129087
0.254068	-0.0112114
-0.93008	-0.633401
-0.528122	-0.120628
-0.93008	-0.411448
-0.723669	0.197076
-0.00666181	0.473006
-0.289119	0.181035
4.81684	0.157836
-0.919216	-0.415338
-0.549849	-0.720466
-1.00613	0.0586908
-0.365165	-0.653784
-0.430348	-0.0321696
-0.0501168	0.119711
-0.84317	-0.476259
-0.462939	-0.383376
2.86137	0.712123
0.0693844	0.32067
-0.376029	-0.00745781
0.0476569	-0.0698806
-0.169618	0.401242
2.53545	0.558691
-0.506394	-0.181239
-0.538985	-0.384783
0.808119	0.451633
2.3725	0.490265
1.19921	0.229952
1.70981	-0.16981
-0.560713	0.408482
-0.397757	-0.091993
1.72067	0.2586
0.699482	0.285336
-0.832306	-0.489906
-0.897489	-0.63024
-0.202209	-0.0686133
0.156294	0.206697
0.406161	0.200474
-0.604168	0.212223
0.167158	-0.173763
-0.397757	0.631677
-0.343438	-0.128598
-0.908353	0.0907056
-0.441212	0.149114
0.254068	0.10989
0.829847	0.517975
0.319251	0.533063
-0.821443	-0.366338
0.254068	0.361878
-0.517258	-0.94413
-0.49553	0.165347
-0.180482	0.183436
0.199749	0.462387
-0.213073	-0.189932
-0.549849	0.0829554
-0.723669	0.646003
0.829847	-0.132253
0.645163	-0.557318
1.67722	-0.694881
-0.854034	-0.305198
0.0802482	0.352247
1.51426	0.596064
-0.940944	0.3437
-0.0609805	0.0666464
-0.908353	-0.457918
0.699482	-0.0241672
-0.0501168	0.553076
-0.962671	-0.401147
0.0802482	0.35005
-0.75626	-0.0501683
-0.473803	-0.0921488
0.210613	0.26182
0.0150657	-0.16862
-0.995263	-1.09384
-0.777988	0.404082
2.55718	0.791228
0.264932	0.211545
-0.854034	-0.841403
1.54685	0.358299
1.66636	0.367225
-0.821443	0.203559
-0.919216	-0.577058
1.03626	-0.235335
-0.691078	0.355544
1.81845	0.598125
1.04712	-0.310737
-0.84317	-0.901916
-0.691078	-0.0938918
1.23181	0.309381
0.514798	-0.386505
-0.126163	0.556715
-0.32171	-0.0551368
-0.49553	0.0233241
-0.082708	0.262277
-0.995263	-1.14852
-0.908353	-0.620768
-0.137027	0.475173
0.417024	0.284984
-0.571577	-0.131271
0.167158	0.160771
-0.832306	-0.768602
1.03626	0.617183
-0.256528	0.50394
-0.213073	0.493921
1.93795	0.324235
1.00367	-0.0271436
0.101976	0.488918
-0.528122	0.102023
0.645163	0.148514
0.514798	0.440356
0.677754	0.659762
-0.571577	0.014304
-0.886625	0.416774
0.0476569	-0.419604
-0.397757	0.298701
-0.191345	-0.120256
-0.202209	-0.197603
-0.984399	-0.394525
-0.93008	-0.386394
-0.528122	0.268428
-0.267392	0.250039
-0.821443	-0.051703
0.775528	0.496747
-0.593304	-0.106829
1.72067	0.616164
-0.875761	-0.337241
-0.604168	-0.433356
-0.691078	-0.240071
-0.886625	0.0363255
-0.039253	0.340232
-0.615032	0.293142
-0.810579	0.416515
-0.180482	0.348776
2.53545	0.50151
1.05799	0.209296
-0.538985	-0.5655
-0.984399	-0.386534
0.373569	-0.43223
-0.680214	-1.21249
0.601708	-0.176357
-0.854034	0.0813415
-0.636759	0.40786
-0.93008	0.31432
0.710345	0.554575
2.60064	0.689623
0.786392	0.567011
-0.875761	-0.204335
-0.00666181	0.0351665
1.93795	0.474476
-0.995263	0.102551
-0.484667	-0.482324
0.210613	-1.16305
-0.593304	-1.49339
0.0585207	-0.690107
-0.430348	0.361798
-0.777988	0.151126
-0.430348	0.212032
0.00420194	0.471414
-0.788851	-0.278462
-0.995263	0.402492
0.145431	-0.00712694
-0.115299	0.345896
1.43822	0.635305
-0.549849	0.0622356
-0.332574	-0.405757
-0.701941	0.520183
-0.332574	0.556981
-0.995263	-1.07814
2.39423	0.231644
0.0259294	0.160567
0.340978	0.267256
1.23181	0.00936794
0.66689	0.271315
0.417024	0.343885
-1.01699	-0.598369
-0.745396	-0.803605
-0.951808	-0.843734
1.25353	-0.0768147
-0.517258	0.37576
-0.625895	0.407854
-0.940944	-0.610748
0.0693844	0.264527
0.482207	0.293286
-0.0718443	0.282994
0.851574	0.291295
0.645163	-0.723489
0.134567	-0.0145501
0.101976	0.526469
-0.777988	-0.798384
1.79672	0.344308
-0.984399	-0.110304
1.69895	-0.0942988
-0.691078	0.0414625
0.949348	0.297707
-0.984399	-0.642122
0.0367932	-0.0101446
-0.723669	-0.645523
0.656027	0.330792
-0.158754	0.105647
-0.897489	-0.931271
0.384433	0.256042
-0.875761	-0.762428
-0.256528	-0.334664
-0.213073	0.272326
-0.799715	0.146052
1.30785	0.512738
-0.995263	-0.807803
-0.0283893	0.229487
0.384433	0.497495
-0.821443	0.00976641
1.28612	0.333643
1.39476	0.327226
-0.984399	-0.78229
-0.40862	0.407672
-0.810579	-1.10461
-0.810579	-0.538729
1.9814	0.240754
-0.0501168	0.0255296
-0.821443	0.158923
-0.2348	-0.0496235
-0.191345	0.538814
0.514798	-0.14429
-0.821443	-0.362034
-0.267392	-0.161498
-0.897489	-0.677424
-0.0935718	0.0682053
1.79672	-0.733265
-0.973535	0.467676
-0.365165	-0.355441
0.254068	0.481432
0.297523	-0.0506865
-0.832306	0.443779
0.0150657	0.000127025
0.895029	0.51206
-0.734533	-0.589821
0.0693844	0.240648
-0.821443	-0.166471
-0.0501168	0.300773
-0.615032	0.0473868
-0.213073	0.0560061
-0.0501168	0.428298
-0.908353	-0.327593
1.60117	-0.259517
0.829847	0.467832
-0.615032	-0.0939313
-0.93008	-0.435083
1.64463	0.286809
1.03626	-0.429163
-0.897489	-1.02183
2.14436	-0.750054
-0.84317	-1.32107
-0.919216	-1.63552
0.406161	0.039224
1.65549	0.664002
-0.256528	-0.00257324
-0.897489	0.208145
-0.919216	-0.305616
-0.365165	-0.126576
-0.571577	-0.364019
-0.821443	-0.533684
0.101976	0.0676545
-0.832306	-0.0577025
-0.973535	0.358241
1.94881	0.555741
2.23127	0.898758
-0.636759	-0.476277
-0.245664	0.430604
0.00420194	0.318908
-0.169618	0.315649
-0.484667	0.129766
0.721209	0.250753
-0.256528	0.301635
0.84071	0.34073
1.37303	0.388508
0.525662	0.229796
1.15576	0.278971
-0.864898	-0.154672
4.66475	0.672183
-0.951808	-0.129588
0.645163	0.395513
-0.604168	0.483627
0.699482	0.326551
0.308387	0.153681
0.905893	0.319322
-0.832306	-0.808587
-0.973535	-1.0452
-0.984399	-0.532514
-0.84317	-0.116613
-0.908353	-0.101872
-0.278255	-1.15098
-0.0501168	0.193854
-0.864898	-0.411243
0.0150657	0.403886
-0.810579	0.100316
3.14382	0.100464
3.33937	0.34766
-0.289119	0.348511
-0.75626	-1.21456
-0.658487	-0.311235
-1.01699	-0.322401
-0.137027	0.257385
0.949348	0.498348
0.514798	0.0332599
-0.973535	-0.386491
1.03626	-0.0362618
-0.832306	0.4276
1.1449	0.322451
2.32904	0.525357
-0.973535	-0.112983
0.123703	0.343206
0.297523	0.13474
-0.951808	-0.574258
-0.810579	-0.443217
-0.908353	-0.930177
-0.376029	0.128013
0.199749	0.235218
1.56858	0.266364
-0.908353	0.381125
-0.973535	0.618265
1.61204	0.103352
0.101976	-0.126327
-0.821443	-0.521557
0.417024	0.0480439
-0.647623	0.262068
-0.2348	0.310204
-0.137027	0.279145
0.536525	-0.197157
-0.832306	-0.0964292
-0.734533	0.214907
-0.289119	-0.0626724
-0.14789	0.258325
2.43768	0.0901858
4.59957	0.7656
-0.593304	0.273375
-0.951808	-0.351873
0.286659	0.276209
-0.213073	-0.146057
-0.40862	0.417169
-0.919216	-0.578004
-0.278255	0.51146
-0.419484	0.430534
0.00420194	0.0247788
-0.864898	0.340616
-0.310847	0.157857
-0.223937	0.260122
-0.245664	0.0041642
2.01399	0.460827
-0.647623	0.26183
-0.919216	-0.239131
-0.84317	-0.74892
0.981939	0.577755
-0.854034	0.20642
-0.126163	0.15289
0.895029	0.117114
-0.908353	0.276517
-0.886625	0.00968594
0.503934	0.417009
-0.58244	-0.867254
-0.951808	-0.607328
1.85104	0.402962
-0.875761	-0.267409
-0.310847	0.093023
1.23181	0.315607
1.00367	0.375814
-0.332574	-0.673232
0.297523	0.13474
1.35131	0.343396
0.0693844	0.440672
-0.365165	-0.101986
-0.897489	-0.209622
-0.0718443	0.146643
-0.462939	-0.279056
-0.538985	-0.136331
-0.604168	0.49701
0.0585207	-0.419848
0.851574	0.436872
1.29699	0.455066
0.612572	0.489587
-0.615032	-0.689912
-0.0175256	0.281041
0.123703	-0.1024
-0.473803	0.319436
-0.245664	0.481205
0.0476569	0.123125
-0.745396	-0.521818
0.0367932	-0.049304
-0.430348	0.655391
0.427888	0.493497
-0.441212	0.494332
1.91622	-0.33269
0.971075	0.292909
0.482207	0.594107
-0.636759	0.212311
-0.854034	-1.17935
0.330114	0.67498
-0.788851	0.413017
-0.593304	0.146311
-0.886625	-0.721653
2.00313	0.0961025
0.340978	-0.085086
0.764664	0.0733339
-0.104436	0.231232
-0.430348	0.0629341
0.992803	0.174622
0.0150657	0.194815
-0.082708	0.236773
-0.441212	-0.320497
0.101976	0.769509
-0.886625	-0.485598
-0.66935	-0.240687
0.634299	-0.068089
-0.647623	-0.0975417
-0.126163	0.263795
-0.517258	-0.182811
-0.799715	0.376679
1.41649	-0.245645
-0.202209	-0.102472
0.330114	0.253972
0.460479	0.716037
-0.745396	-0.320815
-0.701941	-0.494704
1.65549	0.265907
-0.289119	0.0709594
-0.701941	-0.871709
1.09058	0.465577
-0.810579	0.344296
-0.832306	0.139622
0.905893	0.214684
0.188886	0.25349
-0.919216	0.315029
1.00367	0.187105
0.84071	0.114856
1.77499	0.391903
-0.973535	-0.433343
1.1449	0.656219
1.16662	0.709056
0.721209	0.207129
-0.180482	0.447147
0.438752	0.519132
-0.538985	0.187286
-0.799715	-0.10267
1.21008	0.297872
2.33991	0.311114
0.677754	0.0520688
0.188886	-0.157302
-0.940944	-0.465176
-0.386893	0.277959
0.981939	0.384981
0.688618	0.386077
1.07971	0.114958
-0.58244	-0.349028
-0.2348	0.541559
-0.213073	0.095264
0.123703	0.204488
-0.940944	-0.808027
0.112839	-0.0213196
-0.897489	-0.770313
-0.473803	-1.2246
-0.137027	0.249524
1.72067	0.374641
-0.397757	-0.645964
-0.691078	-1.17105
0.210613	0.0127578
-0.984399	-0.723812
-0.832306	-0.900062
-0.767124	0.184071
2.77446	0.382039
-0.441212	0.370995
0.0259294	0.442663
-0.777988	0.391839
-0.777988	-0.504752
-0.995263	-1.31825
-0.376029	0.196446
0.134567	-0.00417312
0.0911119	-0.0740931
0.916757	0.456878
-0.0935718	0.444758
-0.940944	-0.798368
-0.66935	-0.225842
-0.343438	0.186803
-0.951808	-0.856575
0.395297	0.391556
0.460479	-0.260374
-0.0283893	-0.279282
-0.723669	0.277124
-0.799715	-0.0308801
0.590844	0.088858
0.156294	0.396558
-0.180482	-0.539182
1.61204	0.327628
-0.919216	-0.788547
0.851574	-0.335008
-0.32171	0.610271
-0.191345	0.345491
-0.908353	-0.358248
1.81845	0.46493
-0.0718443	0.0915437
0.634299	0.393703
-0.169618	0.724834
-0.886625	0.486819
1.35131	0.365085
-0.821443	0.250602
-0.441212	-0.147356
-0.995263	-1.25374
0.503934	0.0556139
0.57998	0.0467789
1.32958	-0.0215764
0.210613	0.427717
-0.701941	-0.422438
-0.158754	0.0891792
-0.658487	-0.661181
1.64463	0.796961
-0.691078	0.126608
1.21008	0.387447
1.95968	0.560958
0.981939	0.728266
-0.538985	0.0560502
2.17695	0.502995
-0.49553	-0.0917649
-0.984399	-1.16097
-0.0935718	0.0247296
2.18781	0.395279
1.55772	0.599555
-0.832306	0.33721
-0.213073	0.637055
0.0367932	0.124445
0.503934	0.231356
1.68808	0.250957
0.188886	-0.194472
2.41595	0.254091
-0.788851	-0.141788
0.547389	0.122574
0.482207	-0.017679
1.93795	0.492435
1.49254	-0.0217708
-0.701941	-0.542866
-0.441212	-0.12984
1.15576	0.761988
-0.66935	0.312518
0.0367932	0.428719
-0.810579	-1.21753
-0.821443	-1.10941
-0.310847	0.0584383
-0.723669	-0.683564
-0.995263	-0.302581
0.221477	0.572508
-0.93008	-0.576756
0.677754	0.452688
-0.886625	-0.278414
0.482207	-0.263774
-0.864898	-0.342572
0.49307	0.412069
-0.202209	-0.41694
-0.40862	-0.616323
0.101976	0.512225
-0.799715	0.384879
0.808119	0.636869
2.20954	0.456921
-0.354302	-0.111531
0.286659	0.384784
-0.984399	-0.394525
-0.202209	0.461762
0.123703	0.465915
-0.658487	0.356495
-0.32171	-0.0505076
0.851574	0.295864
-0.897489	-0.698028
0.938484	0.263694
-1.00613	-0.616696
0.351842	-0.203347
1.40563	0.103917
-0.832306	0.33721
-0.875761	-0.625333
-0.647623	-0.0690856
-0.441212	-0.240035
1.87277	0.0938813
-0.223937	-0.0898699
0.0259294	0.331273
1.68808	0.352247
2.57891	0.23197
-0.58244	0.0996044
-0.517258	-0.103841
-0.951808	-0.312365
0.373569	0.583904
-0.126163	-0.0579139
0.134567	0.204896
-0.473803	0.0306364
0.340978	-0.284877
-0.875761	-0.422246
4.27365	0.492711
-0.2348	0.353889
1.02539	0.522909
-0.832306	0.262956
-0.202209	0.417786
0.167158	0.374346
-0.365165	0.358721
0.112839	0.111802
-0.462939	-0.313411
-0.962671	-0.699243
-0.886625	-1.56473
-0.615032	-0.591013
1.66636	0.344771
0.188886	0.367234
1.93795	0.527807
-0.0283893	0.232469
-1.00613	-0.628391
-0.919216	-0.164763
-0.93008	-0.165957
-0.919216	-0.681734
0.123703	0.342052
-0.0283893	-0.713011
-0.0283893	0.340232
0.960212	0.0828969
0.0476569	0.432023
-0.245664	0.441361
-0.767124	-0.313791
-0.995263	-0.553394
-0.441212	0.243948
-0.376029	0.241015
2.8505	0.541598
-0.875761	-0.590676
1.63376	0.558864
-0.832306	0.114486
-0.788851	-0.394299
-1.00613	0.0587193
1.55772	0.204171
-0.984399	-1.17029
-0.528122	0.0509245
-0.0718443	0.063465
-0.289119	-0.59777
-0.245664	0.243526
-0.473803	-0.372026
-0.299983	0.0542078
-0.126163	-0.241714
-0.712805	0.379724
-0.962671	-0.278285
-0.126163	0.305994
-0.0501168	-0.0353571
-0.864898	-0.481159
-0.93008	-0.525012
-0.984399	-0.654493
-0.430348	-0.791514
-0.712805	-0.27763
-0.223937	0.200021
-0.940944	-0.464408
-0.473803	0.322777
-0.75626	-0.597736
-0.32171	0.762954
-0.0609805	0.0586007
3.90429	0.49628
-0.430348	0.377446
0.960212	-0.241671
-0.864898	-0.878527
-0.58244	-0.867254
0.699482	-0.191694
0.254068	0.035946
1.9814	0.530299
-0.734533	-0.695727
-0.213073	0.114541
-0.951808	0.0788167
-0.788851	0.309321
1.44908	0.689421
-0.897489	-1.57713
0.221477	0.488173
0.243204	0.288857
-0.571577	0.54188
-0.701941	0.28776
-0.202209	-0.41694
0.00420194	0.451141
-0.897489	-0.46275
-0.604168	0.408201
-0.202209	-0.402494
-0.647623	0.406877
-0.799715	0.240771
-0.49553	-0.327725
0.449616	0.012366
-0.93008	-0.345117
-0.452075	0.496821
-0.158754	0.221045
1.1123	0.839795
-0.864898	-0.518988
0.0367932	0.0490291
0.156294	0.219719
-0.354302	0.446213
2.90482	0.490375
-0.821443	0.172619
0.797255	0.366254
-0.615032	-0.00533533
-0.886625	-0.36201
0.264932	0.413016
-0.517258	-0.301576
-0.636759	0.60314
0.873302	0.00868083
-0.908353	0.509979
0.786392	0.630771
-0.332574	-0.27716
0.0150657	-0.600584
1.90536	-0.324401
-0.126163	0.250855
-0.723669	-0.310349
-0.289119	0.526835
-0.777988	-1.12386
-0.984399	-0.654493
-0.593304	-1.42369
-0.940944	0.281747
2.24213	0.460476
-0.310847	0.317829
-0.864898	-0.15164
-0.571577	-0.172693
-0.419484	0.229946
-0.278255	-0.105185
0.601708	0.14539
0.340978	0.00792994
-0.723669	-0.822271
-0.886625	-0.541176
0.677754	0.362529
0.406161	0.0270475
-0.75626	-0.659308
0.764664	0.411844
-0.14789	0.612798
-0.473803	-0.216462
0.0476569	0.536953
-0.0935718	0.216309
0.482207	0.387421
-0.462939	-0.27816
-0.430348	-0.0830621
-0.995263	-0.418859
-0.940944	-1.0425
-0.810579	-0.84492
-0.875761	-0.663005
0.134567	0.357291
-0.376029	-0.693789
0.101976	0.070416
0.373569	0.118133
1.35131	0.249071
0.905893	0.647988
1.15576	0.298432
-0.0283893	-0.0453181
-0.571577	0.0592881
0.992803	0.490329
-0.701941	0.336969
0.514798	0.365426
0.547389	0.439325
1.82931	0.688612
-0.680214	-0.33102
-0.462939	-0.0246305
2.30732	0.629518
0.590844	0.171793
-0.267392	0.435716
0.297523	0.348127
0.123703	0.289573
0.362706	-0.133682
-0.919216	-0.187159
-0.734533	0.588888
-0.951808	-0.322725
0.00420194	0.1021
0.427888	0.781778
-0.0175256	0.449177
-0.560713	0.356503
1.1123	0.104549
0.112839	0.141351
0.688618	0.815165
0.612572	0.569366
-0.158754	0.149663
0.427888	0.713917
-0.658487	0.537016
0.00420194	0.398737
-0.723669	-1.2413
0.895029	0.109834
1.99227	0.321234
-0.354302	0.0419768
-0.506394	0.0362416
-0.506394	0.480065
-0.115299	-0.274619
0.167158	0.0379933
-0.799715	-0.0588027
-1.03872	-0.417292
-0.897489	-0.351932
-0.386893	0.242019
3.17642	0.772265
-0.0935718	0.207591
1.41649	-0.0470779
-0.615032	-0.442109
0.188886	-0.0819135
-0.919216	-0.162463
0.00420194	-0.19514
-0.191345	-0.274691
-0.299983	-0.101266
-0.00666181	0.0424797
-0.397757	0.40039
-0.082708	-0.167811
3.02432	0.0414651
-0.951808	-0.715879
-0.58244	-0.310826
-0.430348	0.285063
-0.32171	0.375459
1.65549	0.194379
-0.84317	-0.525788
2.17695	0.506183
-0.310847	0.362382
0.297523	0.321395
0.351842	0.307789
2.16609	0.386744
-0.245664	0.163977
-0.777988	-0.298342
0.167158	0.60075
-0.636759	0.38455
0.199749	0.377068
-0.202209	0.338107
2.28559	0.276198
-0.962671	-0.376846
-0.984399	-0.279549
-0.84317	-0.436069
-0.66935	0.137936
1.25353	0.289273
-0.908353	0.362922
-0.332574	-0.642048
0.156294	-0.0590593
-0.636759	0.259535
-0.875761	0.380129
0.178022	0.274017
-0.799715	-0.153091
-0.082708	0.441736
-0.191345	-0.100113
0.438752	-0.0653974
-0.962671	-0.675519
-0.343438	0.345494
-0.115299	0.18553
-0.506394	0.449202
0.895029	0.429186
3.92601	0.763605
-0.658487	-1.15024
0.49307	0.40753
-0.897489	-0.257648
0.612572	0.0381053
3.53492	0.436096
-0.604168	0.13343
-0.386893	0.617933
0.0259294	0.160099
0.275796	0.713413
-0.462939	0.392059
-0.940944	-0.494303
-1.00613	-1.00941
-0.854034	-0.160864
0.254068	-0.0183372
-0.984399	-0.296199
-0.973535	-0.956472
-0.2348	-0.11088
-0.267392	-0.676065
-0.886625	-0.74909
1.7424	0.538485
-0.940944	0.281747
0.188886	-0.135804
-0.777988	-0.151367
-0.517258	0.00263916
-0.995263	-1.18705
0.775528	0.272873
-0.940944	-0.554412
-0.745396	0.397802
-0.299983	0.473342
0.210613	-0.153982
-0.886625	-0.362491
-1.02785	0.18466
-0.593304	-0.0778743
0.286659	0.114498
0.00420194	-0.164614
-0.310847	-0.125029
-0.897489	-0.75631
-0.310847	0.136821
-0.854034	-0.94614
-0.419484	0.513612
0.188886	0.429232
-0.104436	-0.666295
-0.169618	-0.702896
-0.821443	-0.584892
0.92762	0.312639
0.0693844	0.222442
-1.01699	-1.29237
-0.126163	0.456339
2.89396	0.300838
0.340978	0.454463
-0.245664	-0.0986783
0.0259294	-0.0634527
-0.767124	0.397563
-0.940944	0.0104301
-0.93008	-0.591397
-0.332574	-0.223816
-0.397757	-0.24464
-0.0935718	0.270678
-0.799715	-0.124427
-0.680214	-0.0599951
0.145431	0.28694
-0.897489	-0.358167
-0.0935718	0.282355
3.2416	0.488024
0.210613	0.317813
-0.484667	-0.261855
-0.647623	0.16904
-0.821443	0.220661
-0.680214	0.543051
0.123703	0.461055
-0.919216	-0.665617
-0.908353	0.198896
-0.452075	0.269744
-0.821443	-0.689909
0.406161	-0.0656438
1.82931	0.382063
-0.223937	-0.0483765
1.27526	0.37264
0.373569	0.519019
0.438752	-0.117415
-0.799715	0.0241951
-0.788851	-0.464913
-0.919216	-0.38497
1.3839	0.56002
1.10144	0.412713
-0.908353	-0.773733
-0.712805	-0.69874
-0.712805	-0.258281
-0.473803	0.0128604
1.7424	0.582489
-0.354302	0.438748
-0.430348	0.202962
0.123703	0.404941
0.84071	0.436842
-0.615032	-0.273341
0.221477	-0.391144
0.547389	0.475631
-0.940944	0.537358
-0.354302	-0.367706
-0.788851	-0.298333
0.199749	-0.664759
-0.919216	0.436873
0.384433	0.145668
-0.799715	-0.748671
0.145431	0.305139
-0.864898	-0.532493
-0.647623	-0.803606
-0.84317	0.336185
4.1107	0.627931
-0.886625	-0.822012
1.91622	0.00677426
-0.332574	-0.58116
-0.93008	-0.570346
-0.951808	-0.385006
-0.723669	-0.848538
-0.158754	0.221045
-0.821443	-0.355898
-0.810579	0.291318
3.30678	0.348583
0.590844	-0.272303
3.41542	0.56783
-0.158754	0.265464
0.264932	0.606203
-0.137027	0.578489
1.09058	-0.245197
-0.93008	-1.32251
-0.245664	-0.0188394
-0.832306	-1.05914
-0.734533	0.280643
-0.2348	0.232636
-0.984399	-0.241886
0.0367932	-0.173599
0.330114	0.358574
-0.940944	-0.21474
-0.962671	0.0502707
-0.2348	0.649429
-0.039253	-0.160835
-0.115299	0.400314
0.460479	0.418492
0.308387	0.24986
0.699482	0.370935
0.297523	0.58452
1.87277	0.174133
-0.49553	0.121015
-0.951808	-1.08274
-0.734533	-0.328611
-0.397757	-0.152712
0.829847	0.193426
0.895029	0.522088
1.13403	0.262831
2.29645	0.565479
-0.658487	-0.340391
-0.256528	-0.0579987
-0.376029	-0.2494
-0.680214	-0.834434
-0.289119	0.275715
-0.680214	-0.876544
-0.0175256	0.03602
2.52459	0.712051
-0.202209	0.271528
0.460479	0.650177
0.84071	0.450003
-0.647623	-0.241974
-0.0501168	-0.676692
0.101976	0.314315
-0.441212	0.306337
-0.701941	0.168563
-0.940944	-0.0563734
-0.701941	-0.0231921
-0.777988	-0.577908
0.351842	0.190541
-0.919216	0.471802
1.03626	0.26939
-0.430348	-0.0200021
1.10144	0.338975
0.362706	0.248175
0.427888	0.493497
-0.0175256	-0.470871
-0.0283893	0.211314
-0.951808	0.278347
-0.788851	-0.925411
-0.00666181	0.45776
-0.66935	-0.335975
1.93795	0.80745
-0.397757	0.0891882
-0.875761	0.416564
-0.039253	0.392461
1.61204	0.558945
-0.49553	0.38785
-1.03872	-0.382711
-1.00613	0.100941
0.167158	0.186718
-0.452075	0.053582
-0.289119	-0.0635465
-0.267392	-0.0408668
-0.75626	-0.0159909
0.851574	-0.0159941
0.373569	0.00233061
-0.0609805	0.386838
-0.691078	-0.25237
-0.788851	0.580283
-0.886625	-0.254357
-0.875761	-0.421447
0.0150657	0.573746
0.232341	-1.00955
-0.93008	-0.446607
-0.875761	-0.401772
0.156294	0.171445
0.0585207	-0.448512
-0.289119	0.346813
-0.365165	-0.515542
-0.180482	0.333389
-0.40862	-0.238336
-0.32171	-0.0167933
-0.267392	-0.485855
-0.864898	0.140992
-0.984399	-0.313713
-0.962671	-0.553659
0.623435	-0.187065
-0.701941	-0.105071
-0.49553	-0.298891
-0.376029	-0.266385
-0.777988	0.273851
-0.560713	-0.141219
-0.875761	-0.0993076
-0.0935718	0.32599
-0.0175256	-0.128852
-0.897489	-0.544663
0.905893	0.367161
-0.517258	0.115948
-0.712805	0.488227
-0.625895	0.260943
-0.864898	-0.226459
0.178022	0.165702
-0.886625	-1.16733
-0.604168	0.0961695
-0.604168	-0.716474
-0.278255	-0.133927
0.167158	-0.173763
-0.299983	0.145136
0.971075	0.738544
1.01453	0.0762681
-0.973535	0.275627
0.286659	0.00225214
-0.571577	-0.424673
0.981939	0.430284
-0.528122	-0.235624
2.74187	0.39762
-0.191345	-0.017755
-0.940944	-0.765782
1.28612	0.386279
0.0367932	0.189617
-0.365165	-0.177816
-0.908353	-0.343746
-0.919216	-0.376737
-0.75626	-0.264549
-0.593304	-0.485867
0.406161	0.266382
1.34044	0.420762
0.123703	0.359154
2.57891	0.34166
-0.897489	-0.812646
-0.299983	0.427671
-0.984399	-1.02806
0.112839	0.259565
-0.995263	-0.611648
-0.332574	0.474291
2.06831	0.632383
0.145431	0.551507
-0.473803	0.437999
-0.58244	0.165886
0.362706	0.73352
0.818983	0.695886
-0.58244	-0.250235
-0.343438	0.186803
-0.571577	-0.189849
1.89449	0.431395
0.612572	0.588663
-0.202209	0.346315
0.275796	-0.463568
0.319251	0.107224
-0.604168	-0.159478
-0.278255	-0.34549
-0.712805	0.498682
0.264932	0.345696
1.24267	0.544026
0.862438	-0.098411
-0.343438	0.421378
-0.93008	-1.25981
2.91569	0.243115
-0.864898	-1.01904
-0.962671	-0.436986
0.254068	0.295351
-0.267392	-0.473868
-0.560713	0.272028
1.6229	0.471633
1.05799	0.0400505
2.19868	-0.0961719
-0.810579	0.239851
-0.864898	-0.383216
-0.397757	-0.000662929
0.427888	0.19126
-0.441212	-0.153398
1.15576	0.297892
-0.462939	0.109926
-0.137027	-0.183435
-0.919216	-0.148051
1.32958	-0.0215764
2.86137	0.80421
-0.647623	-0.0581986
0.112839	0.408462
0.0585207	0.44261
-0.680214	-0.789237
-0.506394	-0.0755499
-0.191345	-0.0731208
1.05799	0.422098
2.41595	0.254091
0.525662	0.229574
0.308387	0.119512
-0.310847	-0.0819281
-0.75626	-0.443763
1.53599	0.495908
0.188886	0.50299
-0.386893	-0.335383
-0.734533	0.766989
3.51319	0.48757
1.65549	0.578241
-0.93008	-0.668307
-0.039253	-0.334713
-0.32171	0.0521899
-0.864898	0.239264
-0.951808	-0.672328
1.52513	0.124077
-0.104436	-0.562217
0.417024	0.237619
-1.02785	-0.570892
0.199749	0.444116
0.0476569	0.199569
0.0476569	0.442901
-0.158754	0.000459842
-0.343438	0.315
0.254068	0.434552
-0.919216	-0.203578
0.57998	-0.265283
0.188886	0.117255
-0.832306	0.717261
-0.886625	-0.267924
1.8619	0.394506
-0.777988	-0.194649
0.569117	0.438358
-0.473803	-0.433649
-0.897489	-0.444826
-0.962671	-0.730464
-0.951808	-0.513055
-0.984399	-0.2214
-0.289119	-0.0420242
-0.506394	0.449202
1.7424	0.470007
0.243204	-0.207992
0.558253	0.161254
-0.962671	0.151115
-0.788851	-0.183646
-0.767124	-0.121961
-0.821443	-0.379868
0.634299	0.40809
-0.810579	0.115301
-0.58244	0.0333488
1.43822	0.418479
0.0367932	0.412343
3.0026	0.114949
0.873302	-0.168005
-0.919216	-0.42986
-0.625895	0.0338112
-0.332574	0.384116
-0.636759	0.31683
-0.289119	0.368704
-1.00613	0.538132
-0.951808	0.0775266
0.699482	0.415539
-0.245664	0.0203659
-0.104436	-0.746276
-0.951808	-0.551491
1.41649	0.612396
0.00420194	0.222468
-0.973535	-0.573866
-0.039253	-0.584229
-0.93008	0.227935
3.37196	0.388055
0.101976	0.444424
-0.734533	-0.289668
-0.636759	-0.11743
-0.875761	-0.422475
-0.821443	0.411897
0.721209	-0.6599
-0.625895	-0.652689
-0.897489	-1.15616
2.11177	0.413993
0.438752	-0.476108
0.66689	0.0732607
-0.897489	-0.85622
-0.49553	-0.170757
0.319251	0.0250407
-0.691078	-0.601925
-0.0718443	0.0256011
1.32958	0.413998
0.0150657	-0.159881
-0.680214	-0.650062
-0.49553	-0.127493
-0.995263	0.387321
-0.864898	-0.698078
-0.84317	-0.162786
-0.832306	-0.997836
0.0150657	0.109986
0.406161	0.288708
-0.701941	-0.31956
0.699482	0.261682
-0.039253	0.299701
-0.658487	-1.28372
-0.908353	-0.857388
-1.00613	-0.284676
-0.908353	-0.197844
2.77446	0.349245
0.438752	-0.226714
-0.799715	0.153366
-0.245664	0.397322
-0.647623	-0.132303
-0.082708	0.597461
1.27526	0.164928
-0.0609805	-0.128478
-0.66935	0.314889
0.721209	-0.513896
-0.365165	-0.911632
-0.223937	0.465586
-1.02785	-1.18834
-0.223937	0.000261008
0.460479	0.634154
-0.245664	0.248838
0.0585207	-0.163039
-0.604168	0.344061
-0.0501168	0.5057
0.547389	0.558826
-0.191345	0.470066
-0.14789	0.599645
-0.962671	0.157395
-0.571577	0.484643
-0.973535	-0.359721
-0.452075	0.345399
-0.84317	-0.288474
-0.897489	-0.483587
-1.02785	0.298459
-0.158754	0.163576
-0.14789	0.0550207
-0.560713	0.0624915
1.3839	0.447953
-0.191345	-0.0584968
-0.0718443	-0.0725466
-0.571577	-0.286199
0.210613	0.367679
-0.2348	0.289367
1.10144	0.171445
-0.0283893	-0.0147167
0.308387	0.507029
0.569117	-0.35299
-0.528122	0.0853186
0.786392	0.227339
1.02539	0.418543
-0.886625	-0.106008
0.384433	-0.186737
-0.788851	0.0180066
0.123703	0.379591
-0.430348	0.378639
1.43822	0.507244
-0.593304	0.274652
-0.549849	0.532569
-0.386893	0.446305
-0.484667	-0.279613
-0.854034	-0.55444
-0.995263	-0.359204
0.0367932	-0.0289648
-0.386893	0.0775476
-0.082708	0.0985744
-0.777988	0.239799
0.0259294	0.0268102
4.29538	0.651075
-0.84317	-0.830741
0.688618	0.211508
0.916757	0.655276
0.330114	0.168344
-0.462939	-0.420359
-0.854034	0.229833
0.536525	0.443664
-0.593304	0.332896
0.449616	0.0500545
1.02539	0.466549
-0.343438	-0.563526
3.04605	0.444534
0.0911119	0.462283
-0.267392	0.374877
0.112839	0.141351
-0.365165	-0.177816
-0.854034	0.00245215
-0.973535	-0.334763
-0.506394	-1.0251
2.03572	0.722112
1.42735	0.161757
-0.354302	-0.0677176
-0.984399	-1.06233
1.51426	0.0453146
1.37303	0.513402
-0.615032	-0.910967
-0.962671	-0.0611562
-0.560713	-0.203235
1.36217	0.390387
0.710345	0.759465
0.971075	0.652951
-0.604168	-0.33749
0.308387	0.229763
-0.267392	0.498772
0.0259294	0.236002
0.7538	0.532193
0.721209	-0.103798
-0.93008	-0.792572
-0.810579	-0.564289
1.49254	0.143299
-0.32171	0.123098
0.981939	0.671393
2.62236	0.126276
0.232341	0.332369
0.0911119	0.172489
2.32904	0.432174
-0.299983	0.353874
-0.875761	-0.452742
-0.310847	0.459357
-0.647623	0.170564
-0.419484	0.355828
-0.419484	0.362929
-0.745396	-0.375035
-0.886625	0.23616
0.0585207	0.760359
-0.701941	0.212173
-0.723669	-0.72013
-0.951808	-0.425581
1.09058	0.46971
-0.180482	0.192375
1.48167	-0.10743
0.406161	-0.240498
0.949348	0.443629
0.49307	0.0349466
0.797255	0.192663
1.89449	0.217577
1.09058	0.571269
0.188886	0.699756
0.319251	0.49183
0.0367932	-0.417639
-0.680214	0.43675
-0.082708	-0.110888
0.818983	0.36846
-0.854034	0.114372
0.221477	0.125566
-0.473803	-0.211416
0.221477	0.326391
0.167158	0.0379933
2.492	0.499416
-0.767124	-0.872656
-0.202209	0.203169
-0.549849	-0.619092
0.308387	-0.264705
-0.973535	-0.594719
0.0259294	0.394062
-0.66935	0.220852
0.938484	0.403501
0.786392	-0.569098
1.79672	0.224234
0.00420194	0.107956
-0.745396	-0.139204
0.351842	0.373734
-0.886625	-0.268794
2.492	0.726944
-0.864898	-1.06505
1.34044	-0.188868
-0.66935	0.362454
-0.538985	-0.138363
-0.832306	-0.523498
1.39476	0.0582193
-0.777988	-1.2274
-0.517258	0.414644
-0.14789	-0.535633
-0.875761	-0.649507
1.89449	0.145269
0.319251	0.132062
-0.940944	-0.251216
1.12317	0.806322
-1.04958	-0.76974
-0.984399	-0.695974
-0.75626	0.191004
0.590844	-0.132741
1.88363	0.361948
2.67668	0.424693
-0.397757	-0.0984732
-0.821443	-0.571106
-0.821443	-0.230168
-0.854034	-0.822947
1.44908	0.42
-0.14789	0.362415
1.16662	0.726302
-0.745396	-0.233366
0.721209	0.446596
-0.343438	0.291076
1.3839	0.176455
-0.517258	0.372848
-0.995263	-1.57751
-0.430348	-0.138792
1.40563	0.230028
-0.343438	-0.32422
0.797255	0.779877
-0.951808	-0.178792
0.482207	-0.0422375
-0.777988	-0.223523
-0.452075	-0.146824
-0.788851	-1.10332
-0.256528	0.49637
-0.810579	-0.342008
0.112839	-0.0640816
-0.777988	-0.8349
0.862438	0.443339
-0.919216	-0.268633
-0.864898	-0.0997378
0.308387	0.464988
2.12263	0.591548
0.254068	-0.839394
-0.126163	0.191162
-0.995263	-0.738118
-0.93008	-0.707246
-0.462939	0.161201
-0.0175256	0.44105
1.30785	0.388355
0.471343	0.356344
-0.701941	-0.207667
0.742937	0.183659
0.884165	0.504987
0.536525	0.370465
4.2302	0.622262
-0.571577	-0.0291074
0.275796	0.268334
-0.386893	0.263351
-0.00666181	0.376924
-0.430348	-0.222709
-0.376029	0.328474
-0.625895	0.202517
-0.2348	0.64102
-0.104436	-0.00155011
0.916757	-0.146067
-0.376029	0.248169
-0.202209	-0.00947361
0.438752	0.360565
-0.365165	0.0127675
0.710345	-0.676313
-0.799715	-0.5483
0.601708	-0.130761
0.427888	0.659494
-0.625895	-0.100458
-0.2348	-0.335184
-0.213073	0.380389
-0.115299	-0.607721
-0.289119	-0.083108
2.731	0.319428
-0.919216	-0.279899
2.51373	-0.150936
-0.397757	0.277487
0.00420194	0.281817
-0.777988	-1.00613
2.52459	0.259554
-0.984399	-0.802609
1.3839	-0.830409
-0.0609805	0.123835
1.17749	0.281494
-0.886625	-0.216087
-0.267392	0.0916718
0.938484	0.0653042
-0.875761	0.521525
-0.973535	-1.05096
-0.386893	0.523239
0.340978	-0.244749
-1.02785	-0.659381
-0.169618	0.0953138
-0.680214	0.100628
0.134567	-0.0265533
-0.386893	-0.133576
-0.0283893	0.760721
-0.354302	-0.602023
-0.93008	-0.237599
-0.908353	-1.03867
0.873302	0.315295
1.49254	0.0199085
-0.886625	-0.531466
-1.00613	-0.463567
0.949348	0.385021
0.797255	0.0270972
1.40563	0.576106
0.319251	0.419091
-0.767124	-0.178851
1.07971	0.253155
1.03626	0.39856
-0.397757	-0.629781
-0.984399	-0.91269
-0.376029	-0.125056
-0.951808	-0.552295
-0.864898	-0.892129
-0.984399	-0.96744
-0.66935	0.122148
-0.517258	-0.350539
-0.951808	-0.459384
-0.919216	-0.639205
-0.452075	-0.588775
-0.571577	0.319774
1.05799	0.343235
0.167158	-0.037426
-0.289119	0.668593
0.264932	0.14141
-0.886625	-0.5565
-0.0935718	0.0818241
-0.169618	0.398546
2.6115	0.662475
-0.951808	-0.236064
0.851574	-0.489266
-0.723669	-0.325461
-0.14789	0.430073
-0.886625	-0.285189
-0.528122	0.256801
-0.799715	-0.0721817
-0.777988	0.521369
-0.126163	0.267126
0.938484	-0.0093101
-0.441212	0.247233
-0.734533	-0.259341
0.00420194	0.73212
-0.473803	0.294685
0.0693844	0.0256561
-0.158754	0.20066
-0.202209	0.181817
0.482207	0.0657057
2.57891	0.25241
-0.647623	-0.386861
-0.810579	0.0713277
-0.126163	-0.840782
2.27472	0.215921
-0.854034	0.29647
-0.528122	0.467803
-0.680214	0.378641
2.20954	0.315748
-0.615032	0.709281
-0.00666181	0.29211
0.254068	0.0642404
0.308387	-0.647042
-0.115299	0.392166
0.84071	-0.167532
-0.940944	0.266008
-0.767124	0.288076
0.547389	0.732841
0.49307	0.541585
2.78532	0.467476
-0.777988	-0.787376
-0.745396	0.465805
-0.386893	0.55974
2.253	0.697708
-0.593304	0.386536
0.960212	0.264638
-0.593304	-0.074135
0.0911119	0.174087
-0.777988	-0.205966
-0.538985	0.140759
-0.256528	0.368211
0.395297	-0.460888
-0.821443	-0.377666
0.764664	0.256905
0.406161	0.52779
-0.897489	-0.0848001
-0.93008	-0.284145
-0.647623	0.183064
-0.93008	-0.781588
1.37303	0.766609
-0.973535	-1.09421
-0.854034	-0.28661
-0.951808	0.468274
2.69841	0.0498181
-0.973535	-0.132109
-0.0935718	0.0512821
-0.940944	0.212105
-0.832306	-0.0987134
-0.169618	-0.314967
0.167158	0.334642
0.482207	0.259304
-0.940944	-1.08815
-0.680214	0.462251
2.731	0.396962
0.514798	-0.00857173
0.427888	0.0358128
0.167158	0.44948
-0.767124	0.442037
-0.126163	-0.0657935
0.0802482	-0.226246
-0.951808	-0.286347
-0.191345	0.0795803
-0.32171	0.415426
0.351842	0.661281
-0.354302	0.407889
-0.473803	-0.147221
-0.0501168	0.0247093
-0.528122	0.206633
1.9814	-0.170812
-0.745396	-0.0769775
-0.897489	-0.762842
-0.734533	-0.53974
1.34044	0.190508
1.51426	0.372394
2.1335	0.434683
0.0150657	0.843125
-0.777988	0.376994
-0.66935	-0.782273
-0.745396	-0.48103
-0.289119	0.0172664
0.590844	-0.272303
1.94881	0.398629
-0.908353	-0.622224
-0.452075	0.502284
-0.376029	0.241015
-0.386893	0.158342
1.09058	0.484019
0.808119	0.106406
-0.875761	-0.78474
-0.104436	0.166884
-0.777988	-0.170568
-0.289119	0.439859
-0.886625	-0.36836
0.558253	0.0900796
0.0693844	-0.401181
-0.940944	-0.610748
-0.376029	-0.190303
3.17642	0.0248702
0.449616	0.473876
0.330114	0.140801
-0.962671	0.396153
1.99227	0.0480002
-0.973535	-0.842502
-0.473803	-0.223736
-0.354302	0.646842
0.156294	0.352362
0.0150657	0.211476
-0.886625	-0.460208
-0.821443	-0.699988
0.960212	0.36085
-0.940944	-0.671303
1.61204	-0.0171188
-0.886625	0.300424
0.243204	0.328866
-0.734533	-0.260729
0.00420194	-0.454529
0.112839	0.375508
-0.647623	0.220848
-0.115299	0.262816
-0.039253	0.0278457
-0.919216	-0.261583
-0.984399	0.135693
0.340978	-0.16725
-0.213073	0.534163
1.04712	0.355683
-0.93008	0.219702
-0.75626	-0.339488
-0.386893	-0.833647
-0.343438	-0.511369
-0.419484	0.668351
1.57945	0.260689
-0.93008	-0.0228199
-0.180482	-0.305355
1.16662	0.334495
1.13403	0.676919
0.297523	-0.083879
-1.02785	-0.970543
-0.691078	-0.0637864
0.406161	-1.05633
-0.984399	-0.612479
1.19921	0.167658
1.29699	-0.0535859
-0.549849	0.0853292
-0.32171	0.0657529
1.12317	-0.127183
-0.213073	0.082112
0.742937	0.483662
0.710345	0.569093
-0.723669	0.164792
0.156294	0.618792
0.775528	-0.213894
-0.821443	-0.182341
-0.484667	0.32789
-0.919216	-0.187159
-0.712805	0.0268398
-0.767124	0.0939143
-0.897489	-0.635509
0.656027	0.266662
-0.354302	0.401985
0.145431	-0.020969
1.7424	0.514175
0.57998	0.0508305
-0.734533	-0.0694584
-0.701941	0.0734888
-0.940944	-0.665694
-0.169618	0.110849
0.221477	0.692327
0.503934	0.261491
1.09058	-0.0620828
-0.430348	0.0764659
-0.995263	0.256836
-0.278255	0.234793
-0.560713	-0.187326
2.38336	0.697688
-0.734533	0.135344
0.656027	-0.565539
-0.506394	-0.0474229
0.612572	0.429922
-0.84317	-0.357754
-0.549849	0.370849
2.70927	0.31026
0.340978	0.336699
-0.223937	0.263925
0.221477	0.125566
0.319251	0.17153
-0.267392	0.494478
-0.897489	-0.662956
0.873302	0.276557
-0.441212	0.254924
0.0911119	0.142415
0.406161	0.220745
0.981939	0.339507
1.72067	0.2586
3.06778	0.477105
-0.593304	0.234812
0.0911119	0.193678
-0.473803	-0.173569
0.992803	-0.240951
-0.0501168	0.523914
-0.832306	-0.482484
-0.940944	-0.317348
-0.962671	-0.679469
-0.517258	-0.297944
-1.00613	-0.5761
2.06831	0.476563
-0.310847	0.158832
-0.0609805	-0.00543676
0.00420194	0.571873
-0.169618	-0.226699
-0.528122	0.0476342
-0.854034	-0.455288
1.9814	0.389026
0.0693844	-0.175702
-0.386893	0.454232
-0.951808	0.360895
-0.951808	-0.806693
-0.821443	-0.773225
-0.908353	-0.33108
0.547389	0.0235271
0.7538	0.580474
1.92708	0.507114
2.00313	0.113543
1.64463	0.427171
3.2416	0.074999
-0.701941	0.414682
-0.919216	-0.442022
-0.615032	-0.187123
0.742937	0.268869
0.286659	0.306272
-0.40862	0.350424
-0.169618	-0.110502
4.03465	0.475028
0.145431	0.200329
-0.0175256	-0.392075
0.471343	0.166113
-0.897489	0.168505
-0.0718443	-0.212686
1.19921	0.350025
-0.84317	-0.762436
-0.886625	-0.189435
1.1449	0.517802
-0.430348	0.628178
-0.245664	-0.650737
-0.213073	0.209358
0.7538	0.322287
-0.701941	0.646187
-0.14789	0.0497958
-0.810579	-0.253386
-1.00613	-0.76667
-0.908353	-0.867462
0.254068	0.398615
-0.169618	0.249677
-0.962671	-0.85032
-0.777988	0.0777992
5.6968	0.581093
2.02486	-0.0396456
-0.0609805	0.183518
0.188886	0.141153
0.340978	0.304602
1.15576	0.761988
-0.658487	0.169353
-0.821443	-1.23377
1.56858	0.285142
0.308387	-0.921595
-0.484667	-0.302287
-0.604168	0.426306
0.0802482	-0.387181
-0.962671	0.389893
-0.462939	-0.18073
-0.549849	-0.63567
-0.777988	0.108135
-0.0175256	-0.0167099
0.210613	-0.0983564
-0.919216	0.460675
-0.66935	0.0763283
0.340978	0.415596
-0.506394	-0.277992
0.895029	0.246282
-0.864898	-0.665145
-0.647623	0.355731
-0.951808	-0.23651
-0.940944	-0.765166
-0.104436	0.284106
-0.897489	-0.513652
-0.2348	-0.10977
-0.40862	-0.480207
0.0476569	-0.102923
-0.75626	0.487043
-0.864898	-0.698754
-0.66935	-0.356528
-0.636759	-0.942379
-0.691078	0.504406
1.85104	0.413649
4.51266	0.144308
-0.191345	0.171836
-0.832306	-0.873452
-0.126163	-0.0663377
1.66636	0.306026
-0.777988	0.0529296
0.721209	0.324894
0.569117	0.189468
-0.810579	-0.257201
0.417024	-0.175625
-0.365165	-0.426359
0.721209	0.256585
-0.777988	0.371598
-0.712805	0.38787
-0.441212	0.479846
2.19868	0.406892
-0.376029	-0.357795
-0.66935	0.0613381
-0.473803	-0.054819
1.27526	0.429475
-0.680214	0.318149
0.525662	0.116029
-0.32171	-0.297401
-0.278255	0.118052
-0.549849	0.348515
0.558253	0.447002
-0.223937	-0.122242
-0.908353	-0.682449
-0.538985	0.00507642
-0.897489	-0.422898
-0.777988	0.0653333
-0.223937	0.157864
0.145431	0.252787
-0.115299	0.671714
-0.680214	-0.692786
-0.951808	-0.422308
-0.940944	-0.614108
-0.84317	0.427481
1.1449	0.421085
-0.886625	-1.67174
0.221477	0.0635152
0.351842	-0.094135
-0.93008	-0.639822
-0.376029	-0.437035
-0.452075	-1.10277
-0.473803	-0.136804
0.112839	0.329643
-0.386893	-0.267735
-0.430348	0.339652
2.01399	0.360349
1.99227	0.67209
2.47027	0.782692
-0.864898	-0.70934
-0.821443	-0.997805
-0.256528	0.250686
-0.691078	0.128468
4.2302	0.761336
-0.984399	-1.44195
0.873302	0.306166
0.351842	0.41692
-0.158754	0.624706
-0.799715	-1.19686
1.41649	0.338736
-0.832306	0.447023
-0.430348	0.457218
-0.767124	0.137713
-0.365165	-0.00105217
-0.299983	-0.220794
3.39369	0.676794
-0.940944	-0.260503
0.395297	0.403057
-0.039253	0.0576677
0.167158	0.370545
-0.00666181	-0.163875
-0.940944	-0.256886
-0.517258	-1.18947
-0.864898	-0.444248
-0.32171	0.415426
1.21008	-0.131006
0.340978	0.704452
1.63376	0.553648
-0.289119	-0.0332088
-0.995263	-1.14852
0.938484	-0.0093101
-0.864898	-0.41496
-0.821443	-0.489973
-1.02785	-1.18834
-0.169618	0.185958
-0.180482	-0.0342956
0.775528	0.594173
-0.93008	-1.05569
0.319251	0.149062
-0.462939	-0.508264
-0.354302	0.407889
0.938484	0.472314
-0.93008	0.258917
0.308387	-0.732025
0.275796	0.203947
0.558253	-0.129259
-0.625895	0.267983
0.460479	0.236343
-0.560713	-0.157619
1.16662	0.491596
0.0259294	0.44288
0.264932	0.459379
-0.365165	0.576683
-0.875761	-0.78474
-0.647623	0.438626
0.417024	0.301097
-0.919216	-0.0821181
-0.462939	0.0593372
-0.84317	-0.105228
-0.267392	0.422235
-0.40862	0.189061
0.199749	0.241696
0.384433	0.253775
0.786392	0.426693
-0.821443	-0.139821
-0.701941	-0.112509
0.92762	0.376354
1.19921	0.254742
1.66636	0.591566
-0.919216	-0.0666438
-0.289119	-0.0332088
-0.462939	-0.114339
-0.462939	-0.298293
-0.115299	0.672462
-0.951808	-0.883711
0.417024	0.373872
0.384433	0.756106
0.688618	0.178895
-0.984399	-1.12213
-0.441212	0.135391
1.79672	0.356739
0.167158	0.360582
-0.40862	0.431582
-0.278255	0.602517
-0.864898	-0.71985
-0.767124	-0.844019
-0.777988	-0.0540221
1.43822	0.40281
-0.332574	-0.0478767
-0.202209	0.651314
0.84071	0.24147
-0.962671	0.244704
-0.962671	-1.38522
-0.0501168	-0.0142011
-0.767124	-0.901405
-0.973535	-1.57244
-0.919216	-0.942508
0.0693844	0.429955
-0.191345	0.277293
0.0693844	0.260069
-0.40862	0.168366
-0.636759	-0.734429
-0.647623	-0.318767
-0.223937	-0.636131
1.2644	0.431117
-0.517258	0.325011
0.0150657	-0.159881
-0.441212	0.597748
-0.560713	-0.0683266
1.64463	0.464736
0.123703	0.371523
-0.908353	-0.582248
0.199749	-0.095462
0.873302	0.677022
-0.919216	-0.656447
0.0476569	0.35883
0.167158	0.0925731
0.732073	0.146474
4.06724	0.53701
-0.723669	-0.466046
-0.951808	-1.26799
3.55665	0.531696
-0.821443	0.315746
-0.658487	-0.99461
-0.126163	0.0185493
-0.984399	-0.78229
0.829847	0.699558
-0.701941	-0.338564
-0.386893	-0.155582
0.449616	0.668751
0.0911119	0.402741
1.09058	0.462313
0.340978	-0.00753812
0.536525	0.698282
-0.962671	0.25944
-0.995263	-0.598823
-0.897489	-0.585057
2.68755	0.342925
-0.962671	-0.429075
0.601708	0.159028
0.395297	0.299476
1.84017	0.299513
0.0150657	0.463401
-0.864898	0.00461432
-0.180482	0.0528321
0.438752	0.191401
-0.00666181	0.161211
3.16555	0.34707
-0.821443	-0.022164
-0.93008	-0.605527
-0.940944	-0.108829
0.84071	0.31311
1.1123	0.188172
-0.712805	0.650345
-0.419484	-0.200352
-0.712805	0.19138
-0.897489	0.210536
0.427888	0.30389
0.503934	0.27652
-0.984399	0.391102
-0.14789	-0.120928
1.06885	0.0929983
-0.430348	0.254528
-0.767124	0.0428327
-1.00613	-0.393342
-0.571577	-0.478233
-0.875761	-0.363444
-0.354302	0.513117
2.33991	0.544353
-0.875761	0.0589329
-0.940944	-0.676316
-0.104436	-0.0414771
-0.560713	-0.720871
-0.636759	0.278138
0.178022	-0.262956
0.0367932	0.277536
0.699482	0.0305528
0.275796	0.42265
-0.940944	-0.884149
-0.886625	-0.196863
0.340978	-0.146107
-0.821443	0.243126
0.992803	0.128464
-0.0501168	0.381816
0.188886	-0.111612
-0.854034	-0.260026
-0.625895	0.293565
-0.864898	-1.02114
2.14436	0.606974
-0.810579	-1.09371
0.514798	0.493371
-0.560713	0.6649
-0.723669	-0.546646
-0.788851	0.100277
3.89342	0.0574636
-0.647623	0.525986
0.482207	0.435736
-0.354302	-0.542467
0.0150657	0.0251679
-0.723669	0.379661
-0.886625	-0.492384
-0.951808	-0.753405
-0.712805	0.0538329
-0.223937	0.018435
-0.528122	-0.588986
-0.886625	-0.497492
0.221477	0.588181
-0.897489	-0.473925
-0.213073	0.28275
0.0259294	-0.167739
-0.712805	-0.724821
-0.104436	0.258548
-0.484667	0.174862
-0.517258	-0.417182
-0.897489	-0.693508
-0.397757	0.0995731
-0.40862	-0.0240476
0.0476569	0.487554
-0.430348	0.198604
1.6229	0.348336
-0.58244	-0.245741
0.254068	0.296943
-0.310847	0.0428868
1.03626	0.468845
6.21826	0.566617
-1.01699	-0.796168
0.0150657	0.398461
0.460479	-0.130669
0.514798	0.30059
-0.75626	0.381223
0.862438	0.413783
-0.951808	-1.33712
0.417024	-0.217012
-0.386893	0.454232
0.764664	0.177036
-0.897489	-0.624482
2.42682	0.447845
0.297523	-0.164823
-0.49553	0.353904
-0.723669	0.231767
0.471343	0.41846
-0.854034	-0.568518
-0.202209	-0.569457
-0.202209	0.360717
2.79618	0.489806
-0.788851	-0.464913
-0.082708	-0.00987017
-0.473803	0.416832
0.167158	0.419367
0.66689	0.470549
-0.973535	-0.523329
-0.256528	0.271712
-0.528122	0.140425
0.319251	-0.0306085
-1.03872	-0.117098
-0.84317	-0.430148
-0.365165	0.26234
-0.517258	-0.049836
-0.875761	-0.390817
1.1449	0.0113594
0.92762	0.404144
0.601708	0.39151
0.601708	0.788625
-0.864898	0.237196
0.145431	0.022966
-0.93008	0.159138
-0.691078	-0.147583
0.0911119	0.725761
0.699482	0.055399
-0.538985	-0.00744604
0.395297	0.228125
-0.32171	0.323143
-0.777988	0.318367
-0.571577	-0.481698
-0.104436	0.0862772
-0.32171	0.301534
-0.0935718	0.257182
1.56858	0.458885
0.710345	0.198795
-0.821443	-0.0587419
0.645163	0.30728
0.710345	0.498633
-0.951808	-0.26783
-0.310847	0.215768
-0.864898	0.223236
-0.908353	-0.948904
0.275796	-0.291603
1.64463	0.273989
-0.0501168	-0.349901
-0.973535	0.239654
-0.897489	-0.914289
-0.430348	0.466488
0.590844	0.574875
3.81738	0.575447
0.112839	0.403341
-0.538985	0.225406
0.319251	0.231076
0.0911119	0.174087
-0.615032	0.352964
-0.93008	-0.594215
-0.897489	0.551863
0.362706	-0.0142262
0.656027	0.119457
0.134567	0.418429
-0.365165	-0.0874342
-0.14789	0.539213
3.7196	0.545484
-0.0283893	-0.125314
0.319251	0.516944
-0.995263	-0.524075
1.05799	0.125867
-0.625895	0.0815887
0.710345	0.414066
-0.343438	0.417422
1.32958	0.319129
0.0259294	0.58606
-0.875761	-0.130924
-0.278255	0.0218899
-0.973535	-0.742834
-0.973535	0.308931
-0.126163	0.427029
-0.299983	0.495685
-0.745396	0.211757
-0.560713	0.347987
1.39476	-0.299755
0.438752	-0.00766269
-0.691078	-0.234801
0.645163	0.331633
-0.919216	-1.03267
-0.864898	-0.935339
-0.940944	0.0986447
-0.897489	-0.508354
-0.810579	-0.257201
-0.169618	0.343829
0.656027	-0.178937
-0.571577	-0.305136
3.25246	0.363406
-0.897489	-1.08399
-0.376029	0.255591
-1.02785	-0.853655
-0.962671	-0.703221
0.438752	0.206512
-0.973535	-0.241829
1.01453	0.0109577
-0.202209	-0.0686133
-0.821443	-0.754244
-0.0609805	-0.123401
0.340978	0.528679
0.0367932	0.348138
-0.962671	-1.10133
-0.995263	0.0168094
0.645163	0.200487
0.960212	-0.241671
-0.821443	-0.364663
-0.995263	-0.241487
-0.951808	-0.260442
-0.256528	-0.565152
1.3839	0.447953
-0.0283893	0.0127332
-0.93008	-0.451491
1.18835	0.23168
-0.734533	-0.854582
1.54685	0.0240803
-0.419484	-0.529103
-0.267392	-0.859689
-0.897489	-0.625625
-0.32171	0.424347
-0.680214	0.0439996
-0.604168	0.412309
0.145431	-0.0560308
0.221477	-0.538167
0.688618	0.107547
-0.506394	0.161521
0.558253	0.36217
0.112839	0.0305662
-0.93008	-0.1831
1.2644	0.347444
2.75273	0.596953
-0.0283893	0.324945
-0.75626	0.0999366
1.19921	0.51526
-0.810579	-0.158456
-0.115299	0.0142143
1.68808	0.591741
-0.14789	0.612798
-0.940944	-0.827497
-0.0718443	-0.0203038
-0.615032	-0.219135
-0.213073	0.586219
-0.919216	-1.07839
0.92762	0.18607
1.87277	0.403693
-0.701941	-0.146646
0.330114	-0.0480458
-0.506394	0.0862259
2.30732	0.611212
-0.593304	-0.398421
-0.213073	-0.158509
3.2416	0.507196
0.319251	-0.339849
-0.832306	-0.410721
0.145431	-0.56195
-0.126163	0.402465
-0.680214	-0.235082
-0.777988	-1.07401
-0.180482	-0.562646
-0.940944	-1.70782
-0.365165	0.285056
0.417024	0.275937
-0.593304	-0.320129
-0.180482	0.168154
-0.365165	0.172283
-0.821443	-0.219447
-0.538985	0.32579
0.992803	0.34892
-0.528122	0.481911
-0.973535	-1.04376
0.57998	-0.0101281
-0.734533	-0.372045
-0.462939	0.143038
-0.93008	-0.675675
2.86137	0.460903
-0.169618	0.497169
-0.886625	-0.997816
-0.365165	-0.072456
-0.93008	0.336373
-0.810579	-1.04998
-0.962671	-0.973822
-0.875761	-0.534186
3.26333	0.618764
0.427888	0.0580203
1.41649	-0.102877
-0.137027	-0.0286064
-0.32171	0.762954
-0.875761	-0.89899
-0.691078	-0.23649
-0.973535	0.340551
0.319251	0.229075
0.112839	-0.0529793
-0.767124	-0.0688027
-0.93008	-0.635035
0.178022	0.198792
-0.158754	0.3443
-0.158754	0.00239376
-0.658487	0.419616
-0.310847	-0.0653498
0.699482	-0.0692929
-0.821443	0.0356047
0.167158	0.699082
1.13403	0.516431
3.29592	0.501319
-0.625895	-0.916821
2.50286	0.557987
-0.126163	-0.0983148
-0.973535	0.360459
0.373569	0.338299
0.525662	0.165614
0.156294	-0.557133
0.449616	0.423712
-0.951808	-1.02832
0.178022	-0.0401614
-0.58244	-0.542752
-0.32171	0.0657529
-0.082708	0.24707
0.503934	0.0844826
-0.66935	0.135953
1.34044	0.649467
0.145431	0.0194903
1.32958	0.460691
-0.2348	-0.509392
6.0879	0.478619
-0.886625	0.386313
-0.615032	-0.497742
-0.66935	0.590843
3.18728	0.707525
2.66582	0.490846
-0.962671	-1.22026
-0.75626	-0.32016
-0.777988	-0.281528
0.656027	0.638215
0.981939	0.421789
-0.158754	0.3443
-0.962671	-0.743351
-0.636759	-0.200736
-0.799715	0.070045
-0.104436	-0.0682629
0.0150657	0.488211
0.0150657	-0.300764
1.1449	0.65176
1.42735	0.410578
1.31872	-0.0493248
0.786392	0.562137
-0.419484	0.24425
0.384433	-0.0249833
-0.777988	-1.09459
0.547389	0.0946223
-0.625895	-0.619842
-0.788851	-0.959638
-0.93008	-0.915396
-0.245664	-0.0796765
1.22094	0.662771
-0.940944	-0.740428
-0.039253	0.497062
-0.93008	-0.22643
-0.701941	-0.754629
-0.75626	0.130737
0.0585207	0.455101
1.87277	0.0938813
-0.886625	-0.815238
0.590844	0.300189
-0.658487	0.0331427
0.0259294	0.142171
-0.40862	0.125073
0.0367932	0.503729
1.03626	-0.235335
-0.84317	-1.04973
-0.137027	0.561367
-0.919216	-0.70887
-0.191345	0.3766
-0.75626	0.0217406
-0.875761	-1.00716
-0.158754	0.325761
1.39476	0.014595
-0.223937	0.273613
-0.940944	-0.778478
0.134567	0.398169
-0.452075	0.290163
-0.082708	0.475283
0.221477	-0.486587
0.645163	-0.256725
-0.354302	0.15781
-0.278255	0.652998
-0.191345	0.169398
-0.984399	-1.12213
-0.484667	-0.471573
-0.854034	-0.455288
-0.864898	0.515436
-0.32171	-0.470552
0.569117	-0.412129
1.22094	-1.09381
0.818983	-0.267354
0.938484	0.372817
3.10037	0.715392
2.11177	0.211705
-0.734533	0.33633
-0.571577	-0.205044
0.981939	0.195542
-0.962671	-1.20397
-0.799715	-0.626624
-0.082708	-0.0996798
-0.745396	-0.0183181
3.38283	-0.150783
-0.799715	-0.49645
-0.658487	0.412915
-0.973535	-0.658143
-1.02785	-1.31795
-0.365165	-0.0213599
-0.158754	-0.686793
-0.75626	-0.264549
0.101976	-0.232915
3.89342	0.0574636
-0.0283893	0.295453
-0.886625	0.309791
-0.973535	-1.22983
-0.734533	0.143708
0.145431	-0.104201
-0.886625	-0.531395
-0.886625	-0.306712
0.49307	-0.00106683
-0.256528	0.321185
-0.310847	0.418494
-0.104436	0.32744
-0.886625	-1.09289
-0.832306	-0.724031
-0.810579	-0.298756
-0.615032	0.349069
-0.245664	0.801127
-0.299983	0.742938
0.438752	0.49811
-0.245664	-0.182542
-0.484667	0.020016
0.536525	0.168461
0.0150657	-0.250205
-0.169618	-0.338818
0.145431	-0.0697815
1.29699	0.142965
-0.93008	-0.425385
-0.691078	-0.0634548
-0.886625	-0.80645
-0.854034	0.353736
-0.615032	0.503786
-0.310847	0.43091
-0.75626	0.0866824
-0.93008	-0.84957
-0.897489	-0.693508
-0.908353	0.359241
1.18835	0.52149
1.6229	0.456664
-0.528122	0.143801
-0.973535	-0.882812
-0.66935	-0.495678
-0.84317	0.28297
1.10144	0.483159
-0.343438	-0.610413
0.123703	-0.152913
0.525662	0.373594
0.797255	0.354329
-0.875761	-0.824118
0.503934	0.19697
-0.962671	-0.715578
-0.386893	-0.343385
0.818983	-0.000661673
0.188886	0.458264
4.62129	0.749509
0.775528	0.417558
-0.528122	0.0657436
-0.484667	0.363185
-0.0935718	0.3901
-0.506394	-1.55383
-0.734533	0.0570193
0.319251	0.162703
0.721209	0.504712
-0.549849	-0.158707
-0.984399	0.125426
-0.571577	0.395047
-0.0175256	-0.297508
0.112839	0.147039
-0.897489	-0.298007
-0.636759	-0.854287
0.373569	0.3049
-0.810579	-0.338576
3.07864	0.561013
-0.615032	0.0170316
0.275796	0.280472
-0.832306	0.336016
1.23181	0.168937
-0.767124	0.0559669
1.87277	0.417114
1.17749	0.180077
-0.376029	-0.266385
0.112839	0.3182
-0.886625	-1.04484
1.28612	0.609793
0.264932	-0.0833036
-0.0718443	-0.322218
-0.115299	0.327544
-0.84317	-1.11665
-0.875761	-0.501104
0.449616	0.515953
-0.723669	-0.122474
0.503934	0.407553
0.0802482	0.61901
0.199749	0.069113
3.14382	0.393186
-0.256528	-0.14725
-0.484667	0.0899933
0.634299	-0.235624
0.286659	0.380026
-0.691078	-0.785753
0.232341	-0.062365
2.06831	0.273978
-1.03872	-1.12604
-0.354302	0.427968
-0.32171	-0.170846
-0.223937	-0.0529288
0.84071	0.0717896
1.07971	0.334017
-0.680214	0.46966
1.06885	0.597146
-0.0935718	0.45285
-0.821443	-0.901705
-0.864898	-0.309323
-0.299983	-0.645819
-0.973535	0.455593
3.46974	0.429117
-0.875761	-0.494071
-0.984399	0.142164
-0.473803	0.752204
-0.180482	-0.325574
0.232341	-0.188871
-0.875761	-0.316756
-0.49553	0.309586
-0.875761	-0.0939107
-0.397757	-0.00243049
-0.452075	0.0451515
-0.528122	-0.0997784
0.775528	0.496747
-0.14789	0.646106
-0.799715	-0.470129
-0.636759	0.293468
2.19868	0.302888
-0.365165	0.220667
0.612572	0.142487
-0.484667	-0.641506
1.80758	-0.30047
-0.299983	0.0916979
0.0150657	0.124821
-0.864898	0.540746
-0.506394	0.185933
-0.332574	-0.0484344
0.134567	-0.165322
0.818983	0.313657
-0.40862	-0.496646
-0.0718443	-0.0794228
-0.115299	-0.421915
0.547389	0.439036
-0.93008	-0.306341
-0.767124	0.451187
-0.940944	-0.276717
-0.919216	-0.591923
-0.40862	0.223291
0.264932	0.0612345
-0.919216	-0.74446
-0.951808	-0.210619
-0.213073	0.367318
-0.462939	0.125466
-0.245664	-0.0370149
-0.84317	0.0706638
1.01453	0.721386
-0.484667	-0.564358
0.167158	0.580641
0.623435	0.391748
-0.84317	-0.449066
0.569117	0.496305
-0.84317	-1.02574
-0.58244	0.07997
-0.169618	-0.330265
2.01399	-0.178916
1.39476	0.470783
1.5034	0.0908863
-0.549849	-0.084258
-0.897489	-0.41223
-0.647623	0.243094
-0.506394	0.188246
-0.484667	0.733989
0.308387	-0.0744776
2.53545	0.0788813
-0.528122	0.0343898
-0.658487	-0.737359
1.60117	0.254593
0.949348	0.611303
-0.951808	-0.413124
-0.625895	0.205325
0.264932	-0.156644
0.84071	-0.249844
0.699482	0.156272
-0.647623	-0.202525
-0.93008	0.187953
-0.560713	0.335828
-0.734533	0.263613
-0.430348	-0.246308
0.677754	0.230125
0.243204	0.25387
-0.386893	0.263351
-0.984399	-0.78229
-0.93008	0.505948
-0.14789	-0.891286
0.449616	0.324106
-0.864898	-0.518988
-0.0935718	0.0239855
-0.0283893	-0.270838
-0.00666181	0.390373
-0.908353	-0.588108
0.221477	-0.513081
1.29699	-0.688123
0.0802482	0.59156
0.112839	0.547942
-0.14789	-0.0893021
-0.821443	-0.457699
-0.832306	-0.237381
-0.908353	-0.877235
-0.951808	-0.665233
0.49307	0.120771
-0.593304	-0.0166823
-0.951808	-0.995159
0.264932	0.317043
-0.810579	-0.166557
0.460479	0.129169
-0.310847	-0.761548
-0.14789	-0.345391
1.51426	0.0549588
-1.01699	-0.178311
-0.886625	-1.08462
1.23181	0.626403
-0.908353	-0.600297
0.145431	-0.0468757
-0.549849	-0.720466
-0.506394	-0.408345
0.49307	-0.275847
-0.299983	-0.0477939
-0.84317	-0.150369
-0.343438	-0.563526
-0.343438	0.0142034
0.178022	-0.0186194
1.10144	0.534961
-0.691078	-0.351054
-0.940944	-0.506187
-0.788851	-1.14434
-0.962671	-0.310551
-0.560713	0.42545
0.112839	0.711524
-0.571577	0.0944848
0.0911119	-0.819773
1.03626	0.146641
-0.441212	0.317755
-0.875761	0.268606
-0.810579	-1.21929
-0.58244	-0.555987
0.525662	0.77166
0.49307	0.145103
0.188886	-0.0660892
2.40509	0.535747
-0.0501168	-0.0142011
-0.93008	-0.37283
-0.267392	0.301115
-0.647623	0.37995
-0.462939	0.398647
-0.832306	-0.761143
-0.919216	-0.804969
-0.940944	-0.825767
-0.821443	-1.52877
1.66636	0.556999
0.178022	0.493893
-0.506394	-0.380776
-0.310847	-0.483275
0.308387	0.174679
-0.00666181	-0.192486
-0.940944	0.183392
-0.832306	0.114486
0.699482	0.493486
3.03519	0.520836
-0.940944	-0.676316
-0.593304	0.358241
0.351842	-0.227875
-0.908353	0.00596669
-0.0718443	-0.0111856
-0.441212	0.0262474
-0.191345	0.299805
0.0693844	-0.223053
-0.658487	0.0917596
0.742937	0.560424
-0.962671	-0.457463
-0.299983	-0.0266007
-0.777988	-0.154393
-0.191345	0.246012
0.395297	0.0877478
-0.473803	-0.0356136
-0.788851	-0.0411738
-0.886625	0.177124
-0.973535	-0.842502
1.79672	0.341386
-0.973535	-0.442871
1.2644	0.460618
1.54685	0.23742
-0.484667	0.319705
1.97054	0.411381
-0.376029	0.071338
-0.397757	-0.0425877
-0.701941	-0.194472
0.319251	0.271522
2.99173	0.543556
-0.745396	-0.679889
0.981939	0.728266
-0.32171	0.362233
-0.951808	-0.430891
-0.680214	0.0252395
-0.864898	-0.527325
1.15576	0.274746
-0.332574	0.361172
-0.397757	-0.27418
0.797255	-0.256634
0.938484	0.526444
0.710345	-0.00794569
-0.419484	0.358156
0.829847	0.605401
-1.01699	-0.236316
-0.082708	0.153423
-0.821443	-0.40825
4.31711	0.553752
-0.441212	0.108251
-0.0718443	0.406983
0.297523	-0.0755371
-0.310847	-0.738326
-0.66935	-1.58545
1.29699	0.271103
-0.973535	-0.403389
0.482207	0.242267
-1.01699	-0.194293
0.362706	0.325897
-0.615032	0.415729
-0.126163	0.369246
-0.528122	0.497833
-0.973535	-0.584947
-0.940944	-0.695289
-0.984399	-1.12213
-0.962671	-1.08426
0.254068	0.497824
0.427888	0.00804855
-0.191345	0.453555
-0.278255	-0.361751
-0.49553	0.239613
-0.897489	-0.337484
0.514798	0.741523
-0.832306	-0.981934
-0.32171	-0.667623
-0.691078	0.32857
-0.0609805	0.273485
-0.712805	-0.573306
-0.821443	0.33415
-0.701941	0.00144438
-0.821443	0.194965
-0.245664	-0.19106
0.308387	0.64617
0.297523	0.590385
-0.84317	-0.215116
1.8619	0.436795
-0.886625	-0.316477
-0.256528	-0.00257324
0.601708	0.0968615
-0.908353	-0.757308
0.232341	0.469102
-0.462939	0.567201
-0.93008	-0.193785
-0.788851	-0.143587
0.395297	0.0465588
-0.908353	0.0645325
-0.256528	0.209357
-0.082708	0.361971
-0.137027	-0.00196219
1.64463	0.509931
-0.40862	-0.180786
-0.397757	0.520973
-0.593304	-0.199104
-0.158754	0.244258
-0.821443	0.40021
0.0802482	0.086247
-0.636759	-0.16884
-0.940944	-0.329797
-0.625895	0.417754
1.1123	0.301427
0.558253	0.161254
-0.777988	-0.192096
0.949348	-0.097649
-0.886625	-0.233488
-0.517258	0.156596
-0.484667	-0.564358
-0.788851	-0.38012
-0.104436	-0.0624343
-0.343438	-0.0315501
-0.897489	-0.770315
0.514798	0.397782
-0.854034	0.196704
1.09058	-0.854018
-0.484667	-0.075291
-0.299983	0.454847
0.569117	0.212178
-0.886625	-0.774983
0.623435	-0.877005
0.645163	-0.0376375
1.78586	0.623563
1.24267	0.223041
1.32958	0.413163
0.829847	-0.10506
-0.604168	0.286766
0.742937	0.313507
-0.289119	-1.08029
1.76413	-0.0671072
0.0693844	-0.109588
0.232341	0.469102
1.81845	0.326163
-0.951808	-0.666048
2.26386	0.409297
-0.832306	0.638074
-0.32171	0.419051
-0.484667	-0.133972
-0.951808	-0.904203
-0.897489	-1.12714
-0.821443	0.38315
-0.832306	-0.973041
0.427888	0.80644
1.57945	0.461018
-0.810579	-1.08192
-0.886625	-1.08435
-0.397757	0.0816719
0.895029	0.663781
0.00420194	0.00465498
0.178022	0.210287
-0.082708	0.244085
-0.951808	-0.300121
-0.299983	-0.425686
-1.02785	-0.964303
-0.115299	0.315824
0.905893	0.621385
0.0911119	0.369854
-0.84317	0.0701331
-0.462939	-0.138951
1.41649	0.470838
-0.310847	-0.570809
-0.506394	0.14425
-0.788851	-0.0492143
0.732073	0.682529
1.10144	0.150184
-0.528122	0.483974
0.319251	0.298039
1.88363	0.114262
0.0259294	0.280768
-0.93008	-0.583476
-0.723669	0.44115
-0.723669	-0.61445
1.04712	0.507054
-0.180482	-0.0386045
0.0476569	0.102593
-1.00613	-0.739948
-0.854034	0.196704
0.764664	0.256905
-0.984399	-1.13909
-0.299983	0.155919
-0.0718443	0.0893712
-0.93008	-0.621469
0.0150657	0.123084
3.69788	0.817561
-0.854034	-0.0994031
0.775528	0.224383
-0.864898	-0.867525
2.54632	0.187767
0.688618	0.386077
-0.343438	0.44235
0.645163	-0.0260657
-0.854034	-0.371699
-0.571577	0.0715764
-0.701941	-0.567385
1.64463	0.863752
-0.93008	-0.120565
-0.973535	-0.625654
0.0476569	0.556921
-0.354302	0.0295531
0.286659	0.652381
1.17749	0.246251
1.61204	0.638601
0.0476569	0.536953
1.28612	0.124912
-0.875761	-0.0130965
1.25353	0.177592
-0.376029	0.408061
0.92762	0.360554
-0.386893	0.279587
-0.386893	0.106989
-0.75626	0.103505
-0.332574	-0.758331
0.199749	-0.481168
0.417024	0.68261
1.81845	0.402676
-0.799715	0.202884
0.0693844	0.829015
-0.14789	-0.149528
-0.832306	-1.00582
-0.93008	-0.451491
-0.397757	0.00207174
-0.604168	-0.0135795
0.167158	0.0841359
0.340978	0.321884
0.264932	0.266236
-0.799715	0.259483
0.7538	0.27828
1.25353	-0.129381
2.53545	0.232986
-0.832306	-0.783383
-0.777988	-0.838131
2.20954	0.56894
-0.332574	-0.223816
0.362706	0.653154
1.47081	0.686124
0.482207	0.365335
0.134567	0.436004
-0.299983	0.254126
0.145431	0.482434
-0.777988	-0.436668
-0.625895	0.182551
0.0150657	-0.569038
0.199749	0.383599
-0.625895	-0.129424
1.5034	0.0908863
-0.919216	0.306419
-0.40862	0.245733
1.7424	0.270031
-0.115299	0.463012
-0.615032	0.351046
-0.58244	0.0396059
-0.875761	-0.202206
-0.32171	0.0658555
-0.886625	0.319293
-0.517258	0.398517
-0.430348	0.190214
-0.788851	-0.0645773
-0.962671	0.0794688
1.22094	0.51555
0.482207	0.535741
0.232341	0.44195
-0.940944	-0.225868
-0.2348	-0.542946
1.63376	0.414857
-0.658487	0.299623
-0.712805	0.350571
-0.0609805	0.386838
-0.441212	0.514339
-0.462939	0.325749
1.04712	0.380734
-0.897489	-0.0622387
-0.951808	-0.955047
1.7424	-0.368523
-0.810579	-0.162659
2.23127	0.898758
-0.636759	-0.367966
0.0911119	-0.563486
2.56805	0.439071
-0.571577	-0.235088
-0.473803	-0.83587
-0.886625	-0.367796
-0.84317	-0.197926
0.275796	0.41522
0.112839	0.320949
-0.886625	0.334045
-1.00613	-0.460756
0.395297	0.584935
-0.441212	-0.665788
-0.973535	-0.499073
-0.137027	0.265773
-0.528122	0.00782716
-0.32171	-0.128188
-0.93008	-0.228751
0.0585207	-0.0996042
-0.245664	0.447089
-0.397757	-0.678501
-1.03872	-0.29558
-0.647623	0.0335876
-0.734533	-0.528564
-0.441212	0.351086
2.11177	0.298429
-0.886625	0.0721958
-0.289119	0.0507412
2.82878	0.797547
1.48167	0.285205
-0.538985	0.301719
-0.701941	0.120474
-0.386893	-0.574701
1.28612	0.363701
0.49307	0.234481
1.41649	0.425068
0.992803	-0.258896
-0.886625	-0.0687753
-0.66935	0.0669113
0.101976	-0.255988
-0.126163	-0.232578
-0.951808	-1.03851
-0.082708	-0.158467
-0.180482	-0.891829
-0.462939	0.510923
0.471343	0.219636
-0.49553	-0.597901
2.43768	0.277625
-0.723669	-0.946438
1.55772	0.478117
-0.908353	-1.33233
2.42682	0.183838
-0.245664	-0.125681
2.99173	0.283784
0.417024	0.267434
0.590844	0.596314
-0.854034	-0.52297
-0.897489	-0.752079
0.134567	0.343325
0.634299	-0.00802938
0.417024	0.26029
-0.593304	-0.484773
-0.213073	0.0380864
0.612572	0.468052
-0.940944	-0.649377
0.340978	0.213927
-0.58244	-0.577763
0.0476569	0.425539
2.32904	0.720863
-0.940944	-0.0102125
0.57998	0.531937
0.199749	0.163815
-1.00613	-0.841632
-1.00613	0.168664
-0.984399	-0.738085
4.1107	0.635858
-0.66935	0.352209
1.06885	0.377166
0.558253	0.537385
-0.854034	-0.515947
-0.343438	-0.387941
0.699482	0.35858
-0.310847	-0.127341
-0.854034	-0.341829
-0.962671	-1.06932
-0.354302	-0.164549
-0.962671	-0.647135
1.39476	0.330253
-0.0718443	-0.164108
-0.484667	-0.293694
-0.506394	0.434279
-0.267392	-0.594102
1.27526	0.292045
0.449616	-0.281949
-0.919216	-1.85531
-0.984399	0.22584
0.0802482	0.357746
-0.962671	-0.681002
-0.93008	-0.111014
1.15576	-0.0549539
-0.75626	-0.318325
0.438752	0.262428
-0.0175256	-0.267345
0.254068	0.668622
1.59031	0.407497
-0.984399	-2.00127
1.00367	-0.0147305
-0.462939	0.246238
1.31872	0.393554
-0.680214	0.308432
-0.734533	-0.412805
-0.93008	-0.145809
2.22041	0.288667
-0.821443	-0.426206
-0.701941	0.540447
-0.84317	-0.296343
1.32958	0.95686
-0.615032	-0.35294
-0.788851	-0.378772
2.92655	0.693739
-0.289119	0.0815724
0.0367932	0.249788
0.471343	0.28329
-0.973535	-0.296466
-0.593304	-0.146378
-0.560713	-0.991975
-0.810579	-0.238342
0.0150657	0.58468
-0.32171	0.0467373
-0.202209	-0.352766
0.362706	0.577886
0.0150657	0.352766
-0.104436	-0.114087
-0.299983	-0.33657
-0.734533	0.382612
0.916757	-0.000336432
0.601708	0.302545
-0.202209	0.176259
-0.560713	-0.687649
1.25353	0.445391
1.8619	0.239318
0.0802482	-0.604378
-0.995263	-0.284799
1.2644	0.565351
-0.517258	0.0631529
0.427888	-0.121529
0.384433	0.313005
-0.571577	-0.355144
0.0693844	0.147819
-0.473803	0.0306364
-0.419484	-0.137509
-0.245664	-0.0300581
-0.32171	-0.590933
0.612572	0.0830869
-0.745396	0.0871808
-0.0609805	0.334513
0.742937	-0.305173
2.48114	0.308837
0.536525	0.0314932
-0.202209	0.0369604
-0.680214	-0.558684
-0.636759	-0.218778
0.514798	0.178422
0.417024	-0.338477
0.427888	0.633321
-0.821443	-0.364663
-0.951808	-0.890387
-1.00613	-1.13218
0.742937	0.655366
0.199749	-0.222293
3.90429	0.567901
0.482207	-0.108051
0.167158	-0.171108
-0.788851	-0.170858
-0.734533	0.514205
-0.310847	-0.465288
-0.484667	-0.296088
-0.886625	0.0129598
-0.821443	-0.109416
-0.213073	-0.720148
0.0476569	-0.0799955
2.01399	0.397871
-0.897489	-0.00735984
1.8619	0.452355
-0.0283893	0.641678
0.101976	-0.047406
1.45994	0.324713
0.264932	0.331093
-0.332574	-1.22411
-0.84317	-0.131115
-0.810579	-0.482222
-0.625895	0.234735
0.0585207	0.353008
-0.484667	0.070996
-0.0609805	0.324705
1.1449	0.260579
0.862438	0.670137
-0.962671	-0.46805
-0.680214	0.240542
0.319251	0.0159296
-0.082708	0.166048
0.427888	0.80644
0.297523	0.341447
-0.560713	0.240038
2.32904	0.525357
0.612572	0.489587
0.275796	0.138316
-0.897489	0.0256616
-1.01699	-1.64115
-0.126163	0.466542
0.330114	0.249429
-0.723669	-0.63693
1.85104	0.410992
1.68808	0.556979
-0.0935718	0.170648
0.123703	0.559085
-0.549849	0.134374
0.895029	0.51206
-0.0609805	0.248336
-0.14789	0.348983
2.58977	0.28443
-0.940944	0.379223
-0.560713	0.10164
-0.962671	-0.282676
-0.984399	0.142164
0.254068	0.325451
0.0802482	0.13368
-0.832306	-1.19765
-0.875761	0.15808
-0.680214	0.266449
3.6001	0.443653
0.0367932	0.113371
-0.538985	0.373047
-1.01699	-1.81128
0.0476569	0.206123
-0.180482	0.655125
1.73154	0.446264
1.23181	0.364996
0.710345	0.0337654
-0.386893	0.365521
-0.506394	-0.266033
0.395297	0.74278
0.471343	0.460198
-0.647623	-0.35014
-0.441212	-0.416267
1.32958	0.33434
-0.995263	-0.685511
-0.940944	-0.128684
1.53599	0.606335
-0.897489	0.216242
-0.191345	0.791631
-0.864898	0.24649
-1.00613	-1.05397
-0.951808	-0.740132
0.558253	0.0326409
1.9814	0.0451369
-0.973535	0.471767
0.797255	0.374658
-0.126163	0.0101651
0.938484	0.530638
-0.484667	0.185581
1.9814	0.0130628
-0.0935718	-0.467457
2.20954	0.109189
-0.66935	0.12083
-0.658487	-0.657436
1.87277	0.369796
-0.886625	-0.811419
-0.593304	0.00911925
-0.734533	-0.371722
-0.788851	-0.5339
-0.202209	-0.115591
0.0585207	0.234407
-0.886625	-1.11768
0.232341	0.197736
-0.973535	-0.811691
0.264932	-0.0195495
-0.777988	0.724671
-0.951808	-0.491875
0.0150657	-0.0702408
0.286659	0.371493
-0.84317	-0.969812
-0.571577	0.0325823
0.286659	0.0455441
-0.788851	-0.847601
0.688618	-0.195178
0.167158	0.60075
-0.0609805	-0.202729
-0.604168	0.25963
-0.66935	-0.405819
-0.864898	-1.41085
1.82931	0.575068
-0.864898	-1.01904
0.482207	0.391444
-0.0175256	0.370999
0.0259294	0.46075
-0.940944	-0.126027
-0.332574	0.459342
2.76359	0.441397
-0.354302	-0.661266
-0.082708	0.0799514
-0.419484	-0.35068
-0.2348	0.176975
-0.58244	0.390832
0.156294	0.618792
0.0150657	0.342468
-0.66935	0.260548
-0.995263	-1.06314
0.92762	-0.282115
-0.810579	-0.594516
1.97054	0.259155
-0.75626	0.36074
-0.973535	-0.273552
-0.712805	-0.57249
0.482207	0.116156
-0.712805	0.48323
-0.0609805	0.478987
0.92762	0.5862
-0.767124	0.332901
-0.897489	-0.460438
0.0150657	-0.247891
-0.886625	-0.717837
2.28559	0.297018
-0.821443	-0.795996
-0.886625	0.387284
-0.462939	0.0639782
-0.788851	-0.291905
-0.897489	-0.337895
-0.886625	0.538726
0.471343	-0.044091
0.482207	0.421159
-0.767124	-1.16117
-0.604168	0.463239
-0.430348	-0.203077
1.10144	-0.525402
0.590844	0.475814
3.55665	0.287354
-0.191345	0.225415
0.482207	0.0268411
0.601708	0.604836
0.00420194	0.471414
2.54632	0.441845
1.00367	0.375814
2.20954	0.380806
0.764664	0.725239
0.275796	-1.13817
-0.84317	-0.421666
-0.039253	-0.0389479
-0.919216	0.460675
-0.625895	0.168166
-0.082708	0.597461
-0.365165	-0.436003
-0.919216	-0.873972
-0.484667	-0.608283
-0.376029	0.531559
0.0585207	-0.0386208
-0.864898	-0.568495
-0.354302	-0.144944
1.67722	0.270808
-0.517258	0.270803
-0.788851	0.212809
-0.973535	-0.0454601
-0.75626	0.104006
-0.908353	-0.751965
-0.973535	-0.323481
0.514798	0.399804
0.525662	0.666399
-0.506394	-0.557611
1.41649	0.575233
1.10144	-0.106763
0.123703	0.529499
-0.940944	-0.871251
-0.343438	0.14168
-0.854034	-0.105283
0.178022	0.176965
0.427888	0.709745
-0.799715	0.429702
0.427888	-0.000914544
-0.962671	0.112929
-0.441212	0.186798
-0.908353	-0.0414429
-0.625895	-0.10288
-0.810579	-0.506306
-0.723669	0.272861
0.351842	-0.375987
4.16502	0.447123
0.971075	0.238029
-0.310847	0.315964
-0.310847	0.578604
1.68808	-0.10204
0.0476569	0.390266
-0.973535	-0.694565
-0.777988	-0.0335297
-0.039253	0.554402
-0.951808	-0.253053
-0.419484	-0.103884
0.884165	0.401721
-0.528122	0.0509245
-1.02785	-0.156076
-0.908353	-0.137352
-0.289119	-0.59777
-0.962671	-1.08362
-0.2348	0.221454
-0.452075	0.361147
-0.984399	-0.96744
0.297523	0.529678
0.514798	0.227488
0.406161	0.327218
-0.082708	-0.52893
0.254068	0.253448
0.0476569	-0.0237754
-0.00666181	-0.222985
-0.517258	-0.164793
-0.137027	0.249524
-0.2348	0.170516
0.101976	-0.100097
1.48167	0.234992
-0.332574	0.381153
-0.75626	-0.0162027
-0.223937	0.61647
-0.951808	-0.986646
0.721209	0.343909
-0.430348	-0.444771
0.0585207	0.398883
0.612572	-0.121439
-0.93008	0.31518
-0.137027	0.199357
3.92601	0.763605
-0.908353	-0.174675
1.3839	0.113808
-0.973535	-0.589672
0.362706	0.486015
-0.995263	-0.632132
-0.647623	-0.693877
1.75326	0.230221
-0.908353	-0.174675
0.851574	0.49736
0.199749	0.329498
-0.528122	0.0509245
-0.973535	0.271722
1.39476	-0.380243
-0.32171	0.0467373
0.275796	0.342348
-0.267392	-0.178149
-0.32171	0.0731383
-0.799715	0.118121
0.905893	0.165207
-0.354302	-0.420039
0.66689	0.283855
0.981939	0.187109
-0.66935	-0.436283
-0.701941	0.440738
-0.636759	-0.762679
-0.908353	-0.0387169
-0.0175256	0.780053
-0.299983	0.505408
-0.734533	-0.288748
0.66689	0.346907
1.32958	0.652256
-0.137027	0.473842
1.82931	-0.0670105
-0.919216	-0.788547
-0.267392	0.459522
-0.289119	-0.424639
-0.615032	0.429262
-0.745396	0.105557
-0.14789	-0.133763
0.862438	-0.00403265
-0.886625	-1.41936
-0.788851	-0.518381
-0.538985	0.00507642
-0.169618	0.139855
0.0802482	0.544968
-0.973535	0.0239988
-0.376029	0.479265
1.04712	0.259166
-0.0609805	0.382806
3.1221	0.512412
-0.538985	-1.14962
0.829847	-0.10506
-0.115299	0.325767
-0.723669	-0.333642
1.75326	0.486548
-0.039253	0.325715
-0.940944	-0.560701
0.101976	0.0815988
0.677754	0.537661
-0.299983	0.700915
-0.245664	0.38703
-0.49553	0.329487
-0.386893	-0.669691
0.243204	0.351964
-0.528122	0.0508043
-0.32171	0.0949741
-0.278255	0.242731
-0.278255	0.0648852
-0.397757	-0.039166
0.525662	0.00961799
-0.93008	-0.0412716
-0.14789	0.379543
0.0585207	0.0250418
-0.354302	0.0679547
0.645163	-0.238899
-0.951808	-0.624237
-0.0501168	0.155748
-0.484667	-0.177254
0.775528	0.150555
-0.777988	-0.1841
-0.886625	-0.510638
-0.777988	-0.0842312
0.884165	0.608005
-0.560713	0.00213377
-0.897489	-0.336657
-0.636759	-0.776141
-0.919216	-0.76393
-0.886625	-0.277408
-0.452075	0.636371
0.156294	0.0258528
-0.658487	0.044479
-0.430348	0.0820391
-0.202209	-0.167885
4.19761	0.570241
-0.864898	-0.529802
0.601708	0.425674
0.57998	0.36353
-0.832306	-0.0632448
-0.864898	-0.806555
-0.604168	-0.882347
-0.788851	-0.630072
0.308387	0.509409
0.156294	-0.138407
-0.2348	-0.515802
0.340978	0.239889
0.178022	-1.0175
-0.267392	0.33383
1.36217	0.564479
0.775528	-0.502731
-0.0175256	-0.00706834
0.645163	0.439942
-0.93008	-0.322042
-0.625895	0.387457
-0.202209	0.38933
0.112839	0.375508
-0.430348	0.43016
0.134567	-0.0272494
-0.441212	0.243948
-0.039253	0.234816
1.02539	0.365608
2.15522	0.423154
-0.397757	0.169378
1.27526	0.300389
-0.691078	-0.431357
-0.40862	-0.337759
-0.2348	0.367175
1.00367	-0.414962
-0.658487	0.325784
-0.886625	0.0901615
-0.908353	-0.712169
-0.615032	-0.293678
0.525662	0.0599522
-0.115299	0.488054
-0.75626	-0.445046
0.0259294	-0.160029
-0.854034	-0.120371
0.645163	0.100655
0.362706	0.7335
-0.84317	0.265096
-0.397757	0.169378
4.9798	0.370332
0.395297	0.414875
0.645163	0.27881
0.427888	-0.325994
-0.560713	0.199389
-0.712805	-0.791375
0.362706	0.401843
-0.962671	-1.39769
0.427888	0.00207083
-0.951808	-0.202806
-0.115299	0.400314
-0.615032	-0.610545
-0.777988	0.307666
-0.962671	0.322522
-0.528122	0.154695
1.91622	0.333028
0.916757	0.564725
-0.984399	0.4808
-0.864898	0.470141
-0.854034	0.44176
-0.712805	0.310923
-0.777988	-0.0467405
0.0911119	0.105162
-0.0283893	0.0933232
-0.973535	-0.390585
-0.267392	0.356613
-1.00613	-0.47401
0.145431	0.551507
-0.734533	0.00126017
-0.267392	-0.251254
-0.734533	-0.000121781
-0.506394	0.376655
-0.58244	-0.527101
-0.419484	0.779012
0.373569	-0.494648
-0.647623	0.480098
-0.223937	0.15887
0.188886	0.0667886
2.19868	0.792331
-0.528122	-0.778466
-0.58244	-0.476299
-0.647623	0.315805
-1.01699	-0.771244
-0.788851	-0.627034
-0.897489	0.0413646
-0.701941	0.646187
-0.951808	-0.817294
-0.897489	-0.729148
1.75326	0.407561
0.49307	0.309677
-0.202209	-0.259149
-0.0175256	0.166256
-0.767124	0.292164
-0.658487	-0.932272
-0.0718443	0.130488
-0.66935	-0.20222
-0.180482	0.231896
0.427888	-0.000561957
1.47081	0.820087
-0.951808	-0.353309
0.395297	-0.0605379
1.34044	0.664929
0.721209	0.256585
-0.354302	0.539418
-0.788851	0.335294
2.47027	0.546956
0.0476569	0.478008
-0.441212	-0.133334
-0.289119	0.876013
-0.14789	-0.559885
-0.484667	0.399216
-0.441212	0.105559
-0.571577	-0.474447
-0.723669	0.0647799
-0.75626	-0.270309
-1.00613	-0.828075
-0.821443	-0.830279
-0.962671	-1.22364
0.0259294	0.562952
-0.919216	-0.841175
-1.01699	-0.280251
1.29699	0.103722
-0.104436	0.258548
4.30625	0.588817
-0.951808	0.414314
-0.777988	-0.214696
0.232341	0.347839
0.449616	0.511577
-0.908353	-0.301842
-0.864898	-0.254428
-0.0935718	0.51168
0.308387	0.174679
2.17695	0.391198
-0.984399	-0.97928
0.612572	-0.0677327
-0.462939	0.507599
-0.951808	-0.459767
-0.104436	0.32737
-0.604168	-0.0272608
-0.484667	0.703136
-0.875761	-0.994639
2.1335	0.573427
-0.158754	0.333884
0.199749	0.441288
-0.473803	0.387052
-0.365165	0.371162
-0.712805	-1.17908
-0.832306	-0.499661
-0.886625	-0.0602028
3.0026	0.598585
-0.549849	0.422461
-0.506394	-0.234895
0.645163	0.426401
-0.854034	-0.705967
-1.03872	-1.06181
-0.777988	-1.05324
0.308387	0.119512
0.167158	0.31417
-0.538985	-0.141908
-0.32171	0.41803
5.03412	0.604228
0.460479	0.0961514
-0.506394	0.244659
0.634299	-0.0940639
-0.897489	-0.599323
0.905893	-0.153039
-1.03872	-0.403953
-0.995263	-0.361541
-0.647623	-0.236754
-0.93008	-0.29134
-0.452075	0.0920873
-0.517258	0.535636
-0.723669	0.071568
-0.223937	0.349667
0.188886	-0.290225
-0.289119	0.344729
-0.365165	-0.263754
-0.430348	-0.722315
-0.386893	0.513506
3.21987	0.513917
0.49307	0.483737
0.123703	-0.289531
0.275796	0.00383408
1.5034	0.306027
0.916757	0.479573
-0.984399	-0.293754
-0.00666181	-0.611519
-0.788851	-0.498946
-0.864898	-1.40465
0.960212	-0.21239
0.145431	0.0184929
-0.549849	-0.0261719
1.59031	0.334474
-0.897489	-0.89827
-0.604168	0.601947
0.92762	0.535961
-0.267392	0.390097
2.17695	0.437287
0.699482	-0.0241672
0.66689	0.542589
-0.864898	0.426326
-0.0501168	-0.972243
1.88363	-0.0576003
-0.93008	-0.855731
-0.58244	0.0396059
-0.484667	-0.279613
-0.267392	-0.0501829
-0.712805	0.0722224
-0.973535	-0.865376
-0.58244	-0.0937679
-0.462939	0.0410421
-0.864898	-0.774258
0.395297	0.0589328
0.547389	0.10056
-0.951808	0.194767
0.449616	0.451671
-0.506394	0.122341
-0.723669	-0.648035
0.699482	-0.428956
-0.875761	-0.327591
3.02432	0.657211
1.7424	0.534641
-0.919216	-0.0821181
-0.875761	0.421692
1.16662	0.252804
0.0150657	0.445251
1.93795	0.65445
-0.658487	-0.668784
-0.734533	-0.726642
0.134567	-0.578822
-0.864898	0.556279
-0.0935718	0.0512821
-0.506394	-0.200885
-0.940944	-0.688187
0.905893	0.280042
-0.647623	-0.236754
0.49307	0.124779
1.05799	-0.0833868
1.40563	0.236288
-1.01699	0.103337
-0.777988	-1.02936
1.27526	-0.125522
0.0367932	-0.425911
-0.104436	0.656723
-0.701941	-0.746428
0.590844	0.102247
-0.289119	0.104798
-0.528122	0.387579
0.0693844	-0.126483
-0.951808	-1.04139
1.89449	0.145269
0.286659	0.168863
-0.864898	-0.495168
-0.962671	-0.683849
-0.93008	-0.0908261
-0.571577	-0.131918
-0.299983	0.0167812
1.60117	-0.0188165
-1.00613	-0.965637
0.00420194	-0.694485
-0.40862	-0.35714
-0.58244	-0.546505
-0.84317	-0.917768
1.93795	0.611497
-0.984399	-1.24614
-0.832306	-0.265142
0.0693844	0.800189
0.178022	-0.310414
-0.180482	0.182403
4.80598	0.521011
-0.962671	0.117298
0.188886	-0.0819135
-0.00666181	0.497866
-0.962671	-0.205319
0.145431	0.544197
-0.593304	-0.295587
-0.14789	-1.9028
-0.973535	-0.515935
-0.84317	-0.0891811
0.558253	0.0900796
-0.137027	0.0407988
-0.538985	-0.0692585
-0.777988	-0.539957
-0.2348	-0.131503
-0.49553	-0.50199
-0.919216	-0.45649
-0.191345	0.0033084
-0.376029	0.0866293
0.503934	0.301092
1.70981	0.254897
-0.593304	0.179837
-0.93008	0.0149162
-0.810579	-0.0379786
-0.962671	-0.660152
1.48167	0.445394
0.134567	-0.0566012
-0.332574	0.14037
2.11177	0.364229
-0.593304	-0.646337
-0.940944	-0.808027
-0.919216	-0.0161984
3.98033	0.451576
1.32958	-0.150802
-0.75626	0.157442
-0.213073	-0.316232
-0.169618	0.355935
-0.104436	0.461722
3.94774	0.0287724
0.145431	0.550678
0.677754	0.455481
0.873302	0.35948
-0.115299	0.488054
0.243204	0.427104
-0.962671	-0.536773
2.78532	-0.0604222
-0.777988	-0.568829
-0.58244	0.298689
-0.604168	0.337001
0.862438	0.280443
-0.940944	-1.223
0.960212	-0.308881
-0.973535	-0.044685
-0.0175256	0.328283
-0.517258	0.28323
0.178022	-0.51415
-0.365165	-0.748138
-0.343438	0.0359187
-0.821443	-0.219447
0.221477	0.0794896
-0.799715	-0.1177
-0.75626	0.136479
-0.951808	-1.69168
-0.908353	-0.458267
-0.951808	-0.878054
-0.832306	-0.372771
1.70981	0.28812
-0.00666181	0.141564
-0.0935718	0.441976
0.808119	0.10261
-0.462939	-0.0201894
0.0693844	0.517565
-0.332574	-0.0660615
0.384433	-0.111732
-0.636759	0.712887
-0.93008	-0.464315
-0.604168	-0.293388
0.0693844	0.343896
-1.01699	-0.385041
0.721209	0.623263
0.286659	0.61597
-0.864898	0.340616
-0.951808	-0.630266
0.742937	0.250343
-0.745396	-0.330982
-0.886625	-0.739173
0.243204	-0.121564
-0.940944	-0.778478
-0.84317	0.111814
-0.908353	-0.0568733
-0.897489	-0.579366
-0.104436	0.656723
0.677754	0.544957
-0.886625	-0.566759
0.112839	0.464975
0.134567	0.348206
-0.940944	-0.173535
-0.984399	-0.592463
-0.213073	-0.459904
-0.332574	-0.697363
1.16662	0.140718
0.286659	0.385364
4.19761	0.118123
-0.2348	0.18855
-0.886625	-0.565316
0.623435	0.411214
-0.734533	-1.66582
-0.441212	-0.187675
-0.636759	0.28399
-0.354302	-0.367706
0.775528	0.274292
-0.256528	0.575525
-0.126163	-0.337351
1.90536	-0.0737431
-0.897489	0.342482
-0.625895	0.447707
0.895029	0.375611
1.27526	0.233408
-0.973535	-0.621851
-0.66935	-0.26973
-0.0501168	0.212606
-0.93008	-0.847838
-0.919216	0.531864
0.721209	0.516344
3.05691	0.295954
-0.386893	-0.0367479
-0.169618	0.398546
0.0911119	-0.0410262
-0.940944	-0.671474
-0.506394	0.511296
0.427888	0.677046
-0.658487	-0.430333
0.677754	0.544957
-0.93008	-0.397869
1.16662	0.377777
0.873302	0.315295
-0.571577	0.349803
2.1335	0.257814
-0.821443	-0.756365
-0.191345	-0.120256
0.732073	-0.642426
1.57945	0.39728
-0.365165	0.454208
0.808119	-0.148976
-0.908353	-0.546588
-0.2348	0.296592
-0.647623	-0.78421
-0.84317	0.445491
-0.158754	-0.48024
-0.886625	-0.0687753
-0.995263	-0.297101
2.72014	0.47164
-0.995263	-0.500691
-0.571577	0.375361
-0.2348	-0.220161
-0.386893	0.553005
-0.213073	-0.0661926
0.601708	0.329246
-0.202209	-0.279935
-0.473803	0.110414
-0.538985	0.226918
-0.886625	-0.495823
-0.962671	0.0789669
0.319251	0.173118
-0.93008	0.0869892
-0.462939	0.451006
1.28612	0.468686
0.373569	-0.0162196
-0.919216	-0.668571
-0.180482	0.0362955
0.547389	0.481744
-0.919216	-1.09912
0.0476569	-0.104319
-0.310847	-0.72968
-0.180482	-0.480246
3.41542	0.474497
1.18835	0.315422
0.92762	0.0458939
-0.854034	-0.636094
-0.886625	-0.463165
-0.777988	0.239799
-0.0175256	0.302484
-0.397757	0.044887
-0.419484	0.0830266
-0.864898	-0.255344
-0.256528	0.213034
-0.799715	-0.954566
-0.701941	-0.217759
-0.115299	0.287557
2.11177	0.583897
-0.0609805	0.68447
-0.169618	0.420642
2.48114	-0.107697
-0.104436	0.708591
0.319251	0.298039
-0.365165	-0.198163
-0.310847	0.210629
1.97054	0.292698
0.351842	0.248019
2.90482	0.0326901
0.0367932	0.0107386
-0.484667	-0.641506
3.46974	0.587454
-0.615032	-0.0939313
-0.712805	0.155508
-0.452075	-0.0753007
1.28612	0.179734
-0.452075	0.260099
-0.886625	-0.465518
-0.506394	-0.186928
0.971075	0.000557096
0.612572	0.0708174
1.13403	0.191444
0.0693844	0.282113
-0.137027	0.513266
-1.01699	-0.350822
0.373569	0.142366
-0.919216	-0.354565
-1.01699	-0.236316
0.395297	0.530633
0.384433	0.610326
-0.354302	-0.134536
-0.734533	-0.317242
-0.832306	-0.220671
-0.93008	0.306864
-0.169618	0.553753
-0.919216	-0.640302
0.590844	0.356065
-0.343438	-0.0555601
1.21008	0.404031
-0.919216	-0.0494408
-0.940944	-0.56969
-0.647623	-0.355923
1.94881	0.357947
-0.506394	0.00849261
1.89449	0.245333
-0.386893	0.268115
1.18835	0.277718
0.460479	0.16334
-0.386893	0.499009
-0.821443	0.0518583
0.84071	0.366134
-0.734533	-0.241934
0.710345	0.60801
-0.75626	-0.370856
-0.625895	0.0815887
0.514798	-0.0646649
-0.452075	0.126898
-0.245664	0.297487
3.05691	0.558808
-0.625895	0.338795
-0.680214	0.523849
0.503934	0.0151155
-0.799715	0.517007
-0.701941	0.109162
-0.777988	-0.824225
0.167158	0.369326
0.199749	0.256093
-0.84317	-0.372816
-0.137027	0.506044
-0.549849	-0.45561
0.677754	0.311918
3.50233	0.776036
-0.734533	0.355698
0.0367932	0.290591
0.634299	-0.0105051
0.623435	0.455402
-0.202209	-0.288442
-0.84317	-0.336869
-0.973535	-0.627076
-0.940944	-1.29027
3.57837	0.454602
-0.376029	-0.266385
-0.864898	-0.221653
0.0367932	0.359168
-1.00613	-0.46681
-0.723669	-0.988564
-0.723669	-0.519653
-0.126163	-0.713011
-0.636759	-0.367966
0.514798	0.672705
2.33991	0.392519
-0.908353	-0.238275
0.514798	0.689302
-0.821443	0.494219
-0.604168	0.127573
-0.951808	-0.522602
-0.691078	-0.23649
-0.799715	-0.448931
-0.419484	-0.0774903
-0.777988	0.0563255
1.55772	0.630782
-1.00613	-1.21752
-0.66935	0.132789
-0.419484	-0.313976
1.78586	-0.149029
0.254068	-0.0855445
1.97054	0.02728
0.427888	0.312109
0.656027	-0.561866
-0.940944	-0.953329
0.84071	0.713745
-0.864898	-1.57374
-0.951808	-0.904203
-0.593304	0.179837
-0.115299	-0.499847
3.65442	-0.0352212
-0.875761	-0.59997
0.623435	-0.0370347
0.503934	0.343572
0.721209	0.42856
0.732073	0.352714
-0.549849	-0.470628
1.02539	0.493484
0.351842	0.687244
-0.647623	-0.304413
-0.289119	-0.182285
0.275796	0.233636
-1.01699	-0.31178
-0.419484	-0.360668
3.17642	0.355328
-0.256528	0.336699
-0.951808	0.247999
-0.0175256	0.0144055
-0.799715	0.412365
-0.908353	-0.414051
-0.430348	-0.0177057
0.0476569	0.117982
1.42735	0.212803
-0.310847	0.102342
1.91622	0.536703
-0.58244	-0.495279
-0.951808	-0.661186
0.123703	0.340277
-0.245664	0.253477
-0.223937	0.439711
1.64463	0.286809
1.17749	-0.327644
-0.00666181	0.42701
0.547389	0.507009
-0.430348	-0.196985
-0.951808	-0.837415
-0.897489	-0.127052
2.83964	0.0776745
-0.2348	0.300906
-0.00666181	-0.385408
-0.647623	0.376433
-0.386893	-0.950721
0.362706	-0.0896592
-0.951808	-0.733837
-0.984399	0.345598
-0.223937	0.305546
3.16555	0.352254
1.1123	-0.0241359
-0.951808	-0.59196
-0.223937	-0.455117
-0.506394	-0.338431
-0.788851	0.101744
-0.745396	-0.557056
-0.0175256	-0.267345
-0.32171	0.0538953
-0.223937	0.49361
-0.267392	0.0216898
0.710345	0.759465
-0.734533	-0.166775
-0.951808	-0.75321
-0.32171	0.297242
-0.810579	0.207732
-0.701941	0.348282
-0.376029	-0.2494
0.308387	-0.498629
-0.84317	-1.57422
0.971075	0.378143
-0.984399	-1.35064
-0.256528	-0.158599
-0.213073	-0.501217
0.308387	0.379335
0.438752	0.31928
1.73154	0.682663
-0.767124	-0.681454
-0.951808	0.327664
-0.940944	-1.10892
0.156294	0.132184
0.156294	-0.208572
-0.940944	-1.31338
0.960212	-0.164386
-0.00666181	-0.392296
0.84071	0.505393
-0.082708	0.236773
-0.647623	-0.124456
0.297523	-0.125873
0.373569	0.345773
-0.104436	-0.0451797
1.22094	0.33332
-0.354302	0.407889
-1.03872	-0.460208
-0.082708	0.566688
1.22094	-0.226691
-0.854034	0.437532
0.471343	0.29964
-0.810579	-0.52489
-0.169618	-0.0333758
-0.680214	-0.186308
-0.560713	-0.0448691
-0.995263	-0.633394
3.89342	0.69456
1.21008	0.569641
1.5034	0.491147
-0.995263	0.195684
-0.0935718	0.420591
-0.213073	0.498199
-0.560713	0.345288
0.417024	0.199136
-0.430348	-0.17004
-0.810579	-0.933405
-0.658487	-0.679439
-0.365165	0.464818
-0.180482	0.612886
-0.854034	0.194711
0.112839	0.353603
-0.875761	-0.89899
0.590844	0.20283
-0.191345	-0.491342
2.27472	0.582213
-0.58244	-0.392957
-0.691078	-0.0430815
-0.386893	0.43875
3.81738	0.575447
0.710345	-0.141818
0.167158	-0.0793577
-0.625895	0.407244
1.9814	0.360228
0.199749	0.517576
-0.723669	-0.179498
0.0911119	0.070891
-0.538985	0.140759
0.112839	0.322533
-0.810579	0.0525191
0.656027	-0.247494
-0.984399	0.170441
-0.636759	-0.0724175
-0.875761	-0.0607975
-0.473803	0.163698
-0.32171	-0.00859544
-0.082708	0.371416
-0.940944	-1.0852
-0.180482	-0.176313
-0.615032	-0.0224708
-1.00613	-0.251464
0.786392	0.563418
3.62183	0.402857
0.0693844	0.467892
-0.854034	0.387177
-0.854034	0.397818
0.905893	0.309676
-0.528122	0.0672369
1.54685	-0.082921
0.0802482	-0.127452
1.05799	0.37859
2.33991	0.494282
-0.799715	0.0194202
-0.58244	0.236836
1.40563	0.103917
0.764664	0.0853025
-0.278255	0.147413
2.28559	0.65624
1.72067	0.251212
-0.441212	-0.310212
5.08843	0.341136
-1.01699	0.103337
-0.180482	0.386577
0.57998	0.408441
-0.810579	-1.03248
0.188886	-0.290225
-0.93008	-0.855731
-0.267392	0.33169
-0.66935	-0.325898
-0.691078	-0.351054
-0.267392	-0.107572
-0.452075	-0.503534
-0.636759	-0.398569
1.5034	0.576093
-0.93008	-0.246833
-0.213073	0.175841
0.362706	0.73352
-0.777988	-0.515334
-0.549849	-0.372474
-0.995263	-0.715963
0.112839	-0.4502
-0.767124	-0.0772829
2.731	0.319428
-0.75626	-0.906856
0.00420194	0.281817
1.77499	0.502171
1.64463	0.670118
0.84071	0.505393
-0.93008	-0.34387
-0.560713	-0.720871
-0.223937	0.265806
0.243204	0.244901
-0.0283893	0.470367
-0.430348	-0.180858
-0.343438	-0.667984
0.167158	0.374346
-0.310847	0.199342
-0.40862	0.00502072
0.590844	0.21072
0.764664	0.0858724
0.112839	0.037076
-0.84317	0.104444
-0.886625	0.330419
0.547389	0.117639
0.0367932	0.181917
-0.777988	0.35147
0.00420194	-0.201208
1.55772	0.375854
1.76413	0.492473
0.0802482	0.0790423
-0.84317	0.553071
-0.00666181	-0.289169
0.00420194	0.075223
1.95968	0.640597
-0.886625	-0.613491
-0.995263	-0.514578
-0.376029	0.556466
-0.712805	0.594258
0.525662	0.719087
2.07918	0.500629
-0.430348	0.254951
-0.549849	-0.114288
0.503934	0.353282
-0.0283893	0.480545
-0.604168	-0.586779
1.90536	0.198393
-0.962671	-0.572888
-0.158754	0.00355836
1.59031	0.261453
-0.397757	-0.130497
-0.962671	-0.228484
3.2416	0.657147
1.28612	0.180592
-0.984399	-0.213237
-0.332574	0.491604
-0.386893	-0.653267
-0.310847	0.126954
0.362706	0.7335
-0.984399	-0.40075
-0.973535	-0.68189
-0.213073	0.272326
-0.951808	-0.243154
-0.940944	-0.102036
-0.506394	0.319294
-0.517258	-0.0520921
0.156294	0.468268
0.84071	0.57088
-0.245664	0.131531
-0.0501168	0.0872101
0.0259294	0.271424
-0.452075	0.323415
2.22041	0.288667
-0.897489	-0.297981
-0.908353	-0.921416
1.00367	0.418004
0.0585207	-0.0904989
-0.310847	0.136821
-0.289119	0.804955
-0.376029	0.135823
-0.897489	-0.536725
-0.604168	0.293078
3.64356	0.700969
-0.104436	0.25547
-0.723669	-0.209551
1.22094	0.25307
-0.75626	-0.0247576
-0.462939	0.116308
-0.951808	0.385696
2.30732	0.368413
-0.701941	0.185523
0.862438	0.436779
-0.506394	0.258046
-0.484667	0.232726
0.775528	0.527261
-0.549849	0.0441672
-0.940944	-0.494867
-0.538985	-0.928957
-0.180482	0.115575
-0.0609805	0.289305
-0.365165	-0.39202
-0.430348	-0.180858
0.232341	0.675218
-0.886625	0.0187601
-0.854034	-0.157177
-0.799715	0.00549302
1.35131	-0.374031
0.427888	0.759309
0.362706	0.232245
0.949348	0.477475
2.81791	0.232564
-0.484667	-0.0359955
-0.560713	-0.334718
-0.951808	-0.590165
1.27526	0.274332
0.0802482	-0.226246
-0.0283893	0.591175
0.188886	0.458264
-0.875761	-0.254332
-0.332574	0.293809
1.59031	0.746878
1.69895	0.449751
-0.875761	0.486114
-0.202209	0.385668
1.18835	0.617644
0.199749	0.180636
2.44854	0.435837
-0.126163	0.18166
-1.01699	-0.798257
-0.93008	-0.551008
1.24267	-0.0258148
-0.962671	-0.629254
-0.84317	-0.619535
-0.908353	0.276517
1.24267	0.408658
-0.647623	-0.254
-0.919216	0.112877
4.3497	0.703444
4.28452	0.71558
0.0802482	0.463259
-0.734533	-1.13867
2.86137	0.712123
0.525662	0.41262
-0.14789	-0.207741
-0.919216	-0.234723
-0.93008	-0.616192
-0.788851	-0.73628
-0.528122	0.287945
-0.799715	0.0928493
-0.940944	-0.471224
-0.777988	0.277287
0.417024	0.264544
-0.75626	-0.705023
-0.604168	0.425817
-0.788851	-0.0809362
-0.767124	0.0817139
-0.93008	-0.611454
-0.832306	-1.49317
-0.223937	-0.28396
-0.810579	-0.363784
-0.701941	0.200213
0.851574	0.263836
1.5034	0.452537
0.221477	0.465909
-0.810579	0.075514
0.601708	-0.410412
0.623435	0.155424
3.6001	0.355708
-0.267392	-0.405219
-0.93008	0.0837775
-0.962671	-1.61064
1.68808	0.340913
0.49307	0.0164008
-0.84317	-0.413564
-0.919216	-0.676588
1.1123	0.307072
-0.810579	-0.600612
-0.299983	0.24426
2.60064	0.351583
-0.636759	-0.011638
0.732073	0.400425
-0.919216	-0.0589765
2.22041	0.489131
-0.821443	-0.615449
0.0476569	0.271321
1.10144	0.41595
0.438752	0.487484
-0.528122	0.526104
-0.462939	-0.325251
-0.137027	0.246599
0.688618	0.601428
-0.137027	0.198191
0.721209	-0.0182326
-0.745396	-0.202804
-0.00666181	0.421034
1.36217	0.25543
-0.951808	-1.01073
0.503934	0.49323
-0.082708	-0.111628
-0.625895	-0.789771
-0.213073	-0.551885
1.55772	0.260849
-0.49553	-0.288183
0.286659	-0.535104
-0.973535	-0.215833
-0.93008	-1.18457
-0.506394	0.344094
0.514798	0.479313
-0.712805	0.138422
1.43822	0.333661
-0.538985	-1.41919
-0.625895	0.0338112
-0.777988	-0.755609
0.92762	-0.191709
-0.32171	-0.590933
-0.625895	-0.0290642
-0.93008	0.201364
1.88363	0.555891
-0.734533	0.476849
-0.854034	-0.913105
-0.2348	0.420236
-0.615032	-0.539318
0.275796	0.528764
0.775528	0.245347
-0.158754	-0.058876
0.699482	0.180485
2.11177	-0.393682
-0.441212	-0.723438
-0.386893	-0.168172
0.732073	0.331603
-0.40862	0.711808
0.384433	0.39388
-0.832306	-0.470956
2.07918	0.453648
-0.908353	-0.271757
-0.75626	-0.106082
-0.723669	-0.648582
2.00313	0.150154
-0.962671	-0.842726
-0.886625	-0.506795
-0.647623	0.403808
-0.658487	-0.150133
0.601708	0.387037
-0.886625	-0.780352
-0.93008	0.0389981
-0.995263	-0.501886
-0.115299	0.0330597
-0.278255	-0.282129
0.786392	-0.055648
-0.386893	-0.509939
-0.691078	0.41145
-0.137027	0.100054
-0.897489	-0.36412
0.656027	0.455311
1.64463	0.499968
0.623435	-0.187065
1.07971	0.427289
-0.821443	-0.355206
0.721209	-0.217559
-0.104436	-0.0876727
-0.864898	-0.119624
-0.680214	0.334736
-0.767124	-0.305479
-0.615032	0.544037
0.569117	0.437504
-0.245664	0.281752
0.134567	0.436199
-0.93008	-0.958624
-0.777988	-0.282244
-0.854034	-0.479929
-0.854034	0.418489
0.569117	-0.412129
-0.517258	0.0117417
-0.354302	-0.498745
0.145431	0.0162588
-0.0718443	-0.508007
-0.506394	0.074896
-0.908353	-0.649599
-0.886625	-0.803974
-0.984399	-0.0945277
-0.864898	0.174843
-0.788851	-0.453718
2.29645	0.0564249
-0.680214	-0.122362
-0.810579	-0.690612
-0.84317	-0.311299
0.340978	0.162606
-0.104436	-0.0373107
-0.484667	-0.641506
0.167158	0.0353538
0.384433	0.160384
2.47027	0.408218
1.93795	-0.14089
0.797255	0.452246
-0.636759	-0.0640949
0.0367932	-0.397405
-0.962671	-0.633688
-0.082708	0.566688
0.558253	0.351827
-0.376029	0.196335
-0.506394	-0.440069
-0.734533	-0.34489
-0.984399	-0.667544
-0.647623	-0.296665
0.971075	0.331883
-0.191345	-0.20615
-0.169618	0.00967689
-0.452075	0.157876
-0.777988	-0.528138
-0.0718443	0.0915437
-0.940944	-0.305559
-0.484667	0.0580076
-0.854034	0.26305
-0.126163	-0.222053
0.558253	0.186524
-0.202209	-0.402494
-0.2348	0.512872
0.395297	0.364815
0.0259294	-0.44088
-0.082708	0.472015
-0.58244	-0.0396719
-0.180482	0.351043
-0.962671	-1.06932
-0.158754	0.0873276
-0.126163	-0.155038
0.0911119	0.346007
-1.01699	0.132929
-0.104436	0.0590762
0.525662	0.567815
-0.745396	-0.701767
-0.191345	0.269341
0.971075	0.12977
-0.799715	0.646181
-0.58244	-0.382586
-0.821443	-0.578295
1.52513	0.266257
-0.745396	0.380888
-0.082708	0.322035
-0.908353	-0.305021
-0.452075	0.0120191
-0.745396	0.0650572
-0.571577	0.4373
0.286659	0.00575079
-0.93008	-0.559746
-0.810579	-0.0394783
-0.973535	0.42546
0.775528	0.403888
0.938484	-0.0995753
-0.636759	0.133784
-0.00666181	-0.10196
0.178022	-0.0458536
1.75326	0.32679
-0.875761	-1.40483
-0.701941	0.341248
-0.452075	-0.286401
-0.310847	0.447549
-0.962671	0.270463
-0.93008	-0.35374
-0.2348	-0.220161
-0.854034	-0.570382
-0.908353	-0.330439
-0.0501168	0.325089
0.264932	-0.0607175
-0.191345	-0.177605
-0.712805	-0.336442
-0.462939	0.312927
-0.84317	0.336185
-0.908353	-0.110374
-0.49553	0.117002
-0.0175256	-0.0415635
-0.137027	0.329679
0.0802482	0.341781
-0.104436	-0.101572
0.623435	-0.562054
1.36217	0.432557
-0.908353	-1.16521
-0.0935718	0.521143
0.0693844	-0.460058
0.00420194	0.238672
0.0911119	0.361471
0.330114	0.283466
0.981939	0.512384
-0.951808	0.327664
-0.940944	-0.720021
1.72067	0.669607
-0.973535	-0.883299
0.590844	0.56363
0.00420194	0.299518
-0.886625	-0.553268
-0.115299	0.719201
-0.886625	-0.139585
0.525662	0.0899566
-0.473803	0.328352
2.04659	0.519536
-0.821443	-0.251018
-0.245664	-0.0705369
-0.951808	-0.414635
1.12317	0.509156
0.275796	0.239309
-0.951808	-0.226865
-0.897489	-1.00837
-0.745396	-0.13562
-0.615032	-0.595225
0.721209	0.442645
1.04712	0.124475
-0.84317	-0.296343
0.732073	-0.0931964
-0.213073	0.404791
-0.604168	-0.147617
-0.49553	0.205945
-0.289119	0.0507412
-0.332574	0.597197
-0.299983	0.681892
0.449616	0.409347
-0.462939	0.320723
-0.799715	0.478267
-0.854034	-0.415047
2.05745	0.570229
-0.810579	-0.21771
-0.104436	0.659852
-0.506394	0.0139501
-0.84317	0.165461
0.362706	0.106341
-0.691078	0.113121
-0.615032	-0.463781
0.395297	0.503487
-0.701941	0.257696
0.395297	-0.460888
0.829847	0.22835
-0.126163	-0.713011
-0.821443	0.0193671
-0.777988	0.492305
0.645163	0.0282384
-1.01699	-0.338738
0.438752	0.0308939
-0.908353	-0.143444
-0.267392	0.147792
-0.0283893	0.400758
-0.604168	-0.38426
-0.701941	-0.670155
0.112839	0.461968
-0.680214	-0.306157
-0.767124	0.310386
1.23181	0.550792
0.797255	0.00864617
0.254068	0.715776
-0.995263	-0.158215
-0.658487	-0.328322
-0.58244	-0.363501
-0.810579	-0.684218
1.63376	0.131439
0.938484	0.417438
-0.832306	-0.995832
-0.864898	-0.371235
2.1009	0.120402
0.775528	0.0770681
-0.0501168	0.153434
-0.560713	-0.0663407
-0.256528	0.254103
-0.213073	-0.495216
-0.84317	-0.318671
0.427888	0.713917
-0.864898	0.22263
0.949348	0.48156
-0.897489	-0.469899
-0.84317	-0.953185
0.895029	0.176517
-0.864898	-0.475569
-0.126163	-0.0579139
-0.0718443	-0.0775376
-0.213073	0.396555
0.449616	0.288308
-0.256528	0.487416
0.460479	-0.00297746
-0.452075	0.139775
1.00367	0.50333
-0.864898	0.254508
-0.84317	-0.250026
-1.02785	-1.02246
2.03572	0.539665
-0.593304	0.178299
-0.951808	-0.677641
-0.473803	-0.225643
-0.93008	-0.0643014
-0.864898	0.156986
-0.777988	-0.193419
-0.386893	0.207093
0.449616	0.572212
0.699482	0.370935
0.0802482	0.512464
-0.310847	0.478619
-0.691078	-0.0897061
1.05799	0.310961
2.11177	0.211705
-0.701941	-0.321143
0.829847	0.156577
-0.00666181	0.129711
3.46974	0.101384
-0.767124	0.00320973
0.243204	0.261116
0.210613	0.348881
-0.354302	-0.390792
-0.810579	-0.0668548
-0.984399	-0.168252
-0.647623	-0.953461
-0.680214	0.318149
-0.49553	0.283056
-0.680214	-0.278444
-0.788851	-0.445391
-0.908353	-1.16075
1.21008	-0.408244
0.438752	-0.506861
-0.734533	-0.894722
-0.213073	-0.644261
2.92655	0.693739
-0.419484	0.498288
1.43822	0.635305
-0.940944	0.190943
1.04712	0.518719
2.90482	0.490375
-0.202209	0.3994
0.699482	0.35858
0.547389	0.0509486
1.61204	0.638601
0.938484	0.636563
-0.0935718	0.730314
1.43822	0.40281
0.178022	-1.0175
0.569117	0.0487783
2.99173	0.177607
-0.104436	-0.746276
-0.169618	-0.329107
-0.40862	-0.0413858
0.199749	-0.39486
-0.560713	-0.0643791
-0.104436	-0.423186
-0.365165	0.715491
-0.528122	0.381122
-0.962671	-0.169072
-0.908353	0.042153
-0.473803	0.102717
0.656027	-0.206641
0.112839	-0.0520914
0.645163	-0.0592281
-0.66935	-0.376588
-0.213073	-0.107167
0.0802482	0.0489464
-0.984399	-0.98378
0.57998	0.505469
1.90536	0.630547
1.48167	0.676311
-0.104436	0.277002
2.63323	0.487869
-0.777988	-0.212738
-0.810579	0.0713277
-0.777988	0.490718
-0.104436	0.387999
-0.223937	0.0377366
-0.191345	-0.0485511
-0.93008	-0.323782
-0.571577	-0.654287
1.54685	-0.0598443
-0.832306	-0.350034
1.12317	0.37862
-0.473803	-0.313488
-0.84317	0.335401
-0.549849	-0.0921225
-0.636759	-0.501331
0.00420194	0.571395
1.30785	0.140908
0.0693844	0.211029
-0.289119	0.217093
-0.332574	0.408496
0.895029	0.0451309
-0.93008	0.234364
4.72993	0.490032
1.81845	0.329362
0.362706	0.317704
-0.517258	0.269051
0.84071	0.145741
1.28612	0.510928
-0.571577	0.367948
-0.32171	0.270635
-0.821443	0.0969051
4.1107	0.125497
-0.625895	0.133586
0.297523	0.512542
-0.354302	0.383768
1.81845	0.730768
-0.919216	-0.568727
0.232341	-0.521874
-0.897489	-0.496968
2.42682	0.183838
0.297523	0.280575
-0.962671	-1.56203
1.7424	0.124061
-0.701941	0.396853
-0.615032	0.428014
-0.299983	-0.246886
-0.245664	0.455895
0.00420194	-0.564063
-0.886625	-0.742899
-0.332574	-0.536683
-0.951808	-1.19004
-0.723669	-0.075668
-0.745396	-0.803605
0.417024	0.231721
-0.299983	0.427671
2.65496	0.525535
-0.365165	-0.263754
-0.202209	0.501465
-0.104436	0.144958
1.1449	-1.00769
-0.397757	-0.0187429
-0.571577	0.32575
-0.560713	0.439851
4.14329	0.721078
0.764664	0.128036
0.547389	0.600064
-0.940944	-0.317754
-0.93008	-0.582274
0.590844	0.603684
0.330114	-0.102223
0.0476569	-0.153529
-0.854034	-0.190598
-1.00613	-1.16606
-0.538985	-0.458856
0.0476569	0.161105
-0.886625	-0.89308
-0.289119	-0.846059
-0.452075	0.299823
-0.854034	-1.39783
-0.299983	0.419658
0.286659	-0.328655
-0.441212	0.153412
-0.180482	0.102719
-0.115299	0.0558254
0.7538	0.487122
-0.973535	0.394293
1.30785	0.571786
-0.832306	-0.522323
-0.615032	-0.027374
0.0367932	-0.309944
0.254068	-0.112682
-0.680214	0.106505
-0.180482	0.239878
-0.484667	0.020016
-0.734533	0.227968
-0.332574	0.2626
-0.897489	-0.684094
0.971075	0.210648
-0.0609805	-0.282721
-0.875761	-0.821719
1.6229	0.585498
0.786392	0.556987
0.503934	-0.0730675
-0.940944	0.00135211
-0.712805	0.265593
0.0693844	-0.13239
-0.58244	0.195314
0.406161	0.0558169
-0.66935	-0.0784238
0.297523	0.58452
-0.202209	0.212935
0.101976	0.32065
-0.886625	-0.586027
-0.528122	-0.0948409
-0.767124	-0.540199
-0.484667	0.43662
-0.84317	-0.329238
-0.886625	-0.408579
1.10144	-0.125667
-0.0609805	0.183518
0.916757	0.360083
-0.951808	-0.79815
0.0585207	-0.0467527
0.992803	0.553947
-0.365165	-0.29031
-0.104436	0.0528617
0.362706	0.589931
2.70927	-0.171066
1.7424	0.392632
-0.951808	-0.517529
-0.397757	0.26984
-0.289119	-0.690285
0.84071	0.705853
1.17749	0.266732
-0.245664	-0.194883
0.0693844	-0.665846
5.30571	0.672993
-0.973535	-0.498921
-0.767124	0.29999
-0.49553	-0.0873934
1.93795	0.348285
-0.777988	0.307666
-0.484667	-0.211478
4.25193	0.539613
-0.604168	0.429381
3.6001	0.31363
0.427888	0.494768
2.58977	-0.0683955
-0.256528	0.193008
-0.58244	0.425153
-0.940944	-1.09288
4.66475	0.672183
-0.723669	-0.0251657
-1.00613	-0.285593
0.590844	0.674996
-0.832306	-0.299766
4.1107	0.553813
-0.864898	0.0696965
0.895029	0.012086
-0.777988	-0.425063
-1.00613	-0.586298
-0.832306	0.0314128
-0.66935	-0.135788
-0.919216	-0.801917
-0.0609805	-0.298241
-0.354302	0.188229
-0.984399	-0.723696
-0.0283893	0.402288
-0.962671	-0.418864
-0.788851	-0.521818
-0.864898	0.0760802
0.101976	0.508703
0.319251	0.0250407
4.12156	0.66127
-0.636759	0.0498737
-0.93008	-1.06126
-0.93008	-1.63484
-0.158754	0.265464
-0.984399	-0.95006
-0.647623	-0.557429
-0.354302	0.319431
-0.104436	0.166884
-0.604168	-0.196835
0.7538	-0.140791
-0.354302	-0.190569
-0.126163	0.417301
1.73154	0.422672
0.732073	-0.00833486
-0.376029	-0.317931
-0.647623	-0.0184598
-0.278255	0.303191
-0.875761	-0.578028
-0.397757	0.313734
-1.03872	-0.117098
0.275796	0.457152
2.83964	0.0776745
0.0802482	0.151395
1.77499	0.392339
-0.419484	-0.191502
0.297523	0.00495421
1.65549	0.201027
-0.66935	0.461692
1.37303	0.500754
-0.202209	0.200819
-0.517258	0.477083
-0.897489	-0.95358
-0.267392	0.301115
-0.919216	0.201356
1.91622	-0.198182
-0.0609805	0.0534344
-0.788851	0.40866
0.656027	0.174343
-0.973535	-0.425461
-0.832306	-0.345313
2.58977	0.333561
-0.854034	-0.705563
-0.995263	-1.31721
-0.2348	-0.383519
0.525662	0.692417
-0.723669	0.26059
-0.32171	0.516097
-0.647623	-0.122528
-0.191345	-0.559935
-0.832306	0.193885
-0.962671	-0.961724
0.645163	-0.346341
-0.267392	0.422235
-0.984399	-0.175631
-0.636759	-0.671867
0.156294	0.0706373
-0.701941	0.291
-0.223937	-0.158264
-0.810579	-0.246421
-0.0935718	0.771117
-0.984399	-0.890038
0.0259294	-0.0864964
-0.202209	0.181817
-0.528122	0.335523
-0.484667	0.203373
-0.202209	-0.695899
0.525662	0.095776
0.688618	0.537671
1.78586	0.208758
1.09058	0.331746
-0.723669	-0.929935
-0.310847	0.287086
-0.625895	-0.0380388
-0.84317	-0.357754
-0.75626	-0.283288
1.69895	0.449751
0.449616	0.437542
-1.03872	-0.031889
2.47027	0.121096
0.297523	0.142593
0.808119	0.431654
-0.75626	-0.768851
-0.517258	0.489063
-0.66935	-1.06025
-0.538985	0.416739
-0.723669	0.306158
-0.777988	0.243979
-0.213073	0.235034
-0.0718443	-0.216079
-0.897489	-0.50617
-0.0935718	0.0857644
-0.984399	-0.701315
-0.0935718	-0.761444
-0.332574	0.511854
-0.571577	0.3609
-0.647623	-0.708211
0.167158	0.39798
-0.799715	0.37502
-0.538985	0.295994
-0.419484	0.334567
0.330114	0.0120533
-0.517258	0.260908
-0.473803	0.450234
-0.701941	0.314342
0.0150657	0.211476
0.308387	0.254695
-0.93008	-0.855172
-0.538985	0.240537
0.0367932	-0.0631228
-0.767124	-0.346595
0.699482	0.347043
0.558253	0.0959087
-0.40862	0.142692
-0.462939	-0.591025
-0.75626	-0.994288
-0.354302	0.274327
-0.919216	-1.03756
0.340978	0.426738
-0.84317	0.0558899
-0.473803	0.469151
-0.571577	0.169101
-0.973535	-1.52406
1.18835	0.192319
0.0911119	0.725761
-0.658487	0.48439
-0.788851	-0.478185
-0.886625	-1.64035
0.0476569	-0.0570992
-0.908353	-0.143444
1.49254	0.632441
-0.940944	-1.24615
-0.84317	-0.0420819
-0.039253	0.501283
-0.680214	0.0221842
-0.0175256	0.367161
-0.625895	0.224582
-0.506394	-0.338431
-0.984399	-0.382178
0.0259294	0.789365
-0.886625	-0.285189
-0.658487	0.340755
1.57945	0.595822
-0.452075	0.290163
0.264932	0.136603
-0.452075	-0.0902628
-0.788851	-0.5339
-0.365165	0.609343
1.28612	0.468686
-0.832306	0.483414
-0.528122	0.311598
-0.354302	0.0896155
0.590844	0.273987
-0.658487	0.270848
-0.680214	-0.0677758
0.449616	0.307958
-0.180482	-0.228143
-0.441212	-0.338783
-0.223937	0.429575
0.395297	-0.45141
0.297523	0.272499
-0.473803	0.294685
0.243204	0.396011
-0.658487	-0.0806069
0.00420194	-0.63204
-0.549849	0.331006
-0.84317	-0.625696
-0.223937	0.27539
-0.571577	0.54188
-0.701941	0.252215
0.84071	0.293398
1.59031	0.0951408
1.19921	0.398873
-0.995263	-0.28144
-0.397757	-0.560087
-0.625895	-0.235265
1.32958	0.173204
0.612572	0.290442
-0.625895	0.0357964
0.992803	0.219432
-0.506394	0.129582
2.68755	0.342925
0.264932	0.22014
-0.940944	-0.797653
-0.528122	-0.682141
1.49254	-0.258702
-0.951808	-0.465019
-0.473803	-0.284977
-0.430348	0.254951
0.417024	0.147576
-0.66935	-0.332616
-0.951808	0.414314
-0.256528	-0.26977
0.178022	-0.556972
-0.799715	-0.611799
-1.02785	0.264336
-0.875761	-0.603438
0.319251	0.395315
1.92708	0.387973
-0.832306	-0.958962
0.710345	0.201391
4.13243	0.481869
-0.593304	0.454386
-0.821443	0.546999
-0.777988	0.106598
-0.386893	-0.133576
1.23181	-0.0900699
0.395297	0.404
-0.897489	0.0335195
-0.864898	0.0107654
-0.940944	0.183392
-0.2348	-0.631132
-0.93008	-1.55117
0.49307	-0.336511
-0.593304	0.0384235
1.61204	0.417425
-0.854034	-0.58082
-0.940944	-1.32006
-0.32171	-0.506317
-0.213073	0.100063
-0.082708	-0.252556
-0.473803	-1.28009
-0.0609805	0.255145
-0.810579	-0.857458
-0.343438	-0.0143198
-0.810579	0.359999
0.243204	0.0606415
0.330114	0.411578
1.31872	0.430555
1.45994	0.758159
-0.734533	-0.745059
2.19868	0.55813
-0.604168	0.155129
-0.93008	-0.584878
-0.039253	0.20037
-0.462939	-0.110474
-0.00666181	-0.116146
-0.962671	0.0857205
-0.940944	-0.749359
-0.32171	-0.45881
-0.984399	-0.323272
1.93795	0.911049
0.395297	0.403057
1.13403	0.463294
-0.940944	-0.167341
-0.854034	-0.686069
-0.517258	-0.0230673
-0.343438	0.137604
-0.473803	-1.11179
1.79672	0.447452
-1.01699	-0.618523
-0.951808	-0.27716
-0.973535	-0.949353
2.79618	0.218365
-0.0501168	-0.408195
-0.343438	-0.0248186
0.612572	0.251498
-0.332574	0.236522
-0.66935	0.1999
-0.951808	-0.377948
-0.788851	0.339195
4.38229	0.164319
-0.452075	0.189734
-0.256528	0.46807
-0.223937	0.336303
0.167158	-0.0476838
3.56751	0.155882
-0.984399	-0.592659
-0.180482	0.68718
-0.75626	0.250486
-0.897489	-0.483587
-0.951808	-0.26783
-0.082708	0.276511
0.732073	0.0132779
0.460479	-0.417674
-0.549849	0.0820145
-0.984399	-0.135137
0.199749	0.491763
-0.984399	0.375684
0.0802482	-0.00012772
1.30785	0.779255
1.02539	0.45593
-0.84317	-0.1375
-0.332574	0.3311
-0.560713	-0.492526
-0.767124	-0.57813
-0.810579	0.34994
-0.462939	-0.0471832
-0.777988	0.167942
-0.14789	-0.300208
-1.02785	-1.50264
0.981939	0.0816509
-0.40862	0.346967
-0.49553	0.0442417
1.79672	0.431234
-0.430348	-0.00852708
-0.517258	-0.937907
-0.919216	0.25004
-0.158754	0.493673
-0.832306	0.186071
-0.267392	-0.405219
-0.571577	-0.860175
3.13296	0.324463
2.40509	0.271394
-0.951808	0.197366
-0.75626	-0.125883
2.14436	0.285023
-0.810579	0.631487
0.862438	-0.276911
-0.995263	-0.491478
0.286659	-0.562491
1.34044	0.520425
0.742937	-0.493946
1.79672	0.336333
-0.180482	0.27763
-0.897489	-0.473925
0.851574	0.74573
-0.712805	-0.251108
-0.962671	-0.85032
0.601708	-0.458208
-0.310847	0.399745
-0.777988	0.513731
-0.886625	-0.494516
-0.0175256	-0.0479085
-0.441212	0.360038
-0.32171	0.300754
2.20954	0.32677
-0.0609805	-0.138983
-0.84317	-0.912063
0.145431	-0.104201
-0.419484	-0.165208
3.90429	0.468724
0.395297	0.354309
-1.00613	0.0103556
-0.593304	-0.952264
-0.908353	-0.417186
-0.788851	-0.493927
0.101976	-0.295676
1.9814	0.389026
-0.680214	-0.107381
-0.854034	0.389691
-0.40862	0.354088
-0.962671	-1.39769
0.623435	0.244255
-0.93008	-0.0775378
3.76306	0.318181
-0.49553	0.394998
-0.886625	-0.362007
0.123703	0.371202
0.645163	-0.0185956
-0.169618	0.262526
-0.854034	-0.0700137
-0.886625	-0.54615
-0.604168	0.293078
-0.777988	-1.05324
0.232341	-0.169739
1.10144	0.433666
-0.082708	0.400307
-0.571577	-0.827846
0.145431	0.345055
-0.278255	-0.0470179
-0.875761	-0.663519
-0.376029	0.638586
-0.473803	0.450234
-0.734533	-1.25716
-0.788851	-0.298333
-0.777988	-0.347654
-0.691078	0.0589649
-0.332574	-0.131405
-0.919216	0.366666
-0.571577	0.276617
0.123703	0.482199
0.590844	-0.123419
-0.560713	0.377124
0.101976	0.566379
-0.951808	-1.61189
-0.973535	-0.703923
2.44854	0.547619
-0.984399	-0.882735
-1.00613	-1.36366
-0.919216	0.201349
-0.00666181	0.425549
-0.875761	-0.399027
-0.386893	0.237969
0.330114	-0.00301678
-1.00613	-2.00679
-0.810579	-0.479052
0.895029	0.761912
-0.821443	-0.379868
-0.658487	-0.136354
-0.517258	0.459871
0.471343	0.059008
-0.821443	-0.659471
0.0585207	0.0691346
1.21008	0.815527
-0.32171	0.387446
-0.75626	-0.506243
-0.767124	-0.274361
0.156294	-0.132616
-0.93008	-0.770334
0.775528	-0.219403
-0.821443	-0.773225
-0.66935	0.346767
0.123703	0.79055
-0.647623	0.277393
0.0585207	0.382772
-0.571577	-0.39963
2.35077	0.406554
-0.376029	0.337238
-0.777988	-1.80432
-0.506394	-0.181239
-0.202209	0.0605655
-0.647623	0.119914
-0.897489	0.0155865
-0.832306	0.0314128
1.29699	-0.176323
-0.995263	-1.03787
-0.777988	0.168734
-0.223937	0.210275
-0.658487	-0.184056
-0.430348	0.382471
1.22094	0.190922
2.78532	0.679756
0.851574	0.173128
-0.810579	-0.051855
-1.00613	-0.40131
3.84997	0.57741
-0.93008	-0.366586
-0.723669	-0.766676
-0.886625	-0.0732004
-0.517258	-0.290115
-0.615032	0.136986
0.547389	0.121484
0.460479	0.319547
-0.734533	0.401903
-0.32171	0.0374466
1.93795	0.474476
0.482207	-0.399023
-0.604168	-0.680559
-0.940944	-0.525807
-0.49553	0.119878
-0.365165	-1.23991
1.90536	0.567971
-0.386893	0.501594
0.569117	0.421223
-0.788851	-0.493927
-0.082708	0.248775
0.471343	0.429228
-0.180482	0.234616
0.7538	0.611743
0.112839	-0.13031
-0.810579	-1.27725
-0.745396	0.141854
-0.799715	-0.879648
3.65442	0.472212
1.07971	0.116277
1.85104	0.363921
0.00420194	-0.12927
-0.908353	0.534747
-0.278255	-0.634877
0.862438	0.185239
-0.875761	-0.199497
0.319251	-0.331023
-0.984399	-0.352982
0.101976	-0.137985
2.38336	0.697688
0.938484	-0.229636
-0.462939	0.429832
0.916757	0.116283
1.16662	0.484126
1.15576	0.328773
-0.832306	0.237453
-0.560713	0.335828
-0.115299	-0.0537882
-0.886625	0.135919
3.46974	0.546473
-0.180482	0.126021
-0.386893	-0.0148533
-0.462939	0.031639
-0.680214	-1.45575
0.558253	0.351827
-0.49553	0.0856763
3.37196	0.388055
-0.832306	0.353838
-1.01699	-0.0665495
0.167158	-0.642684
-0.462939	0.66153
-0.75626	-0.478262
-0.430348	-0.357565
0.66689	0.019133
-0.441212	-0.409054
-0.973535	0.531453
0.656027	-0.333317
-0.951808	-0.708473
-0.0935718	-0.687716
-0.767124	-0.334255
-0.202209	0.2091
-0.0718443	0.320962
-0.658487	0.212303
-0.538985	-0.777364
0.438752	-0.155753
0.612572	0.335256
0.427888	0.395203
-0.821443	-1.23377
1.52513	0.344275
-0.40862	-0.151314
0.178022	0.341287
-0.777988	-0.591225
-0.278255	0.302203
-0.169618	0.317623
2.18781	0.454751
0.0476569	0.443384
-0.256528	-0.29515
1.66636	0.591566
0.688618	0.12016
-0.528122	-0.109485
1.05799	0.351657
-0.799715	-0.0229104
-0.951808	0.118252
1.73154	0.285833
1.63376	0.103627
-0.528122	-0.572788
2.92655	0.594094
-0.386893	0.160211
-0.75626	-0.509598
0.395297	-0.203018
-0.84317	-0.0891811
1.03626	-0.0890955
-0.549849	-0.931894
-0.256528	0.432515
-0.908353	0.2906
3.38283	-0.150783
-0.854034	0.0888294
-0.386893	-0.739303
2.11177	0.135644
-0.897489	-0.399922
0.634299	0.330644
-0.680214	0.303857
-0.0175256	-0.19423
1.75326	0.29933
-0.223937	0.446433
0.406161	0.484335
-0.0718443	-0.307246
-0.919216	-0.779869
0.210613	0.146794
-0.908353	-1.0489
-0.593304	0.0540043
-0.919216	-0.639205
0.0367932	-0.608378
0.0259294	0.539538
-0.919216	0.112877
0.786392	0.490331
-0.571577	-0.622072
-0.875761	-0.919529
-0.799715	0.289317
-0.40862	-0.271099
-0.126163	-0.470768
-0.0935718	0.607527
2.95914	0.559589
-0.245664	0.700157
-0.58244	0.357717
-0.593304	-0.663876
0.112839	0.489955
-0.734533	0.53723
-0.517258	0.245055
-0.354302	-1.00368
-0.897489	-0.667558
-0.278255	0.110565
0.482207	0.535749
-0.354302	-0.0478908
-0.604168	0.139852
-0.810579	-0.190703
-0.191345	-0.0651048
-0.32171	-0.354854
0.884165	0.577775
-0.386893	0.511822
0.482207	0.501417
-0.940944	-0.114986
-0.886625	0.27443
1.56858	0.458885
-0.332574	0.32703
-0.908353	-0.367673
-0.354302	0.0485439
0.503934	0.327048
0.330114	0.5693
-0.158754	-0.231621
-0.473803	-0.281776
0.264932	0.220522
0.0693844	0.736524
-0.32171	-0.00237868
-0.691078	-0.65598
-0.419484	0.378532
-0.636759	-0.648386
1.02539	0.529693
-0.832306	-0.626331
1.90536	-0.324401
0.0911119	0.500542
7.196	-0.393965
-0.799715	0.248489
-0.832306	-0.211452
-0.854034	-0.0889292
1.34044	0.527945
-0.919216	0.315029
2.06831	0.412705
-0.864898	-0.0387507
0.84071	-0.105497
-0.973535	-0.598789
0.362706	0.569729
-0.506394	-0.243331
0.167158	0.425177
-0.289119	0.574021
0.0802482	-0.68172
-0.332574	0.097084
-0.767124	-0.0688027
-1.01699	-0.316223
-0.528122	-0.330567
-0.615032	0.10601
0.232341	0.161659
-0.419484	-0.325594
0.482207	0.0268411
-0.419484	0.553249
1.29699	0.16155
-0.14789	-0.0463831
2.99173	0.528958
-0.864898	0.0923194
-0.919216	-1.63552
-0.864898	-0.764013
0.0259294	0.190481
0.460479	0.43043
-0.973535	-0.242032
-0.625895	0.11216
1.57945	-0.356581
-0.962671	-0.369053
-0.854034	-0.153819
-0.267392	0.222406
-0.864898	-0.158641
-0.484667	-0.023684
-0.0609805	-0.0238376
0.525662	0.179656
-0.75626	-0.0247576
0.775528	0.319556
-0.528122	-0.00584631
-0.897489	-0.560765
0.427888	0.285004
2.86137	0.47268
0.938484	-0.0148273
-0.886625	-1.13058
-0.49553	0.0442417
-0.191345	0.381579
0.710345	-0.184487
-0.897489	-0.326618
-0.506394	0.541674
0.7538	0.408079
0.275796	0.0445511
-0.528122	0.55049
0.101976	-0.17451
-0.66935	0.510382
3.9912	0.568142
0.0150657	0.254953
-0.973535	-0.705881
0.818983	0.224053
-0.734533	0.341806
-0.419484	0.0830266
0.210613	-0.271386
0.590844	0.740933
0.395297	0.359282
1.2644	0.431117
-0.897489	-0.288703
0.145431	0.445168
-0.441212	0.524001
-0.223937	0.15887
-0.712805	-0.4193
-0.940944	-0.935318
-0.897489	0.220447
0.340978	0.662398
-0.734533	-1.29153
5.22966	-0.730864
0.895029	-0.220578
-0.169618	0.353922
-0.223937	0.0401646
-0.365165	-0.13547
-0.549849	0.171795
0.884165	0.362104
0.340978	0.267256
0.49307	-0.438469
0.514798	0.100748
0.101976	0.229004
1.04712	0.369688
-0.0501168	0.309945
0.0150657	0.327306
1.15576	0.304612
-0.0501168	0.693015
-0.864898	-0.791306
0.395297	0.299476
-0.647623	-0.223819
-0.93008	-1.44787
-0.821443	-0.908764
1.12317	0.368749
-0.604168	0.429381
-0.658487	0.038609
3.80651	0.677141
1.66636	0.573234
1.79672	0.552274
-0.604168	-0.753547
2.28559	0.390946
0.558253	0.675689
-0.00666181	0.0161209
-0.658487	0.419616
-0.267392	0.473088
1.5034	0.58189
-0.506394	-0.0917898
1.59031	0.261453
-0.615032	0.0170316
0.710345	0.400877
0.884165	0.464644
-0.788851	-0.539484
-0.886625	-0.741103
-0.919216	-0.984847
-0.75626	-0.206823
1.53599	0.579364
0.732073	0.409194
0.818983	0.314103
-0.788851	-0.445391
0.57998	0.203551
-0.734533	-0.000121781
-0.571577	-0.323659
1.52513	0.403039
0.438752	0.360198
-0.604168	-0.417612
-0.158754	0.501408
0.0367932	0.279317
1.34044	0.448677
-0.473803	0.334436
1.93795	0.459233
-0.419484	-0.443155
0.330114	0.4287
-0.940944	-1.32006
-0.658487	-0.666257
0.547389	0.0235271
-0.951808	-0.476019
0.178022	0.0595845
0.167158	0.245403
0.601708	-0.0510748
0.949348	0.216523
1.57945	0.431046
-0.169618	0.403231
0.330114	0.436465
-0.441212	-0.423457
0.905893	0.183297
0.742937	0.449129
-0.397757	-0.461835
-0.40862	0.393235
-0.32171	0.0152257
-0.310847	-0.372973
2.18781	0.680681
-0.365165	-0.198163
-0.213073	-0.25371
0.971075	0.0899889
-0.604168	0.421706
-0.452075	0.0449046
-0.419484	-0.117268
1.17749	0.150976
-0.810579	-0.758708
-0.908353	-0.476704
0.427888	0.0470164
0.0367932	0.261041
-0.897489	-0.0795791
-0.951808	-0.151607
-0.745396	-0.346292
-0.810579	-1.58032
0.634299	0.419611
0.232341	0.0854281
-0.473803	0.10741
-0.810579	-0.255313
-0.0283893	0.107353
-0.560713	0.12484
1.23181	0.415298
0.862438	0.225747
0.319251	0.430489
0.916757	-0.318533
-0.0609805	0.681846
2.30732	0.543983
-0.213073	-0.329546
-0.636759	0.359691
-0.14789	0.535363
-0.832306	-0.196883
-0.430348	0.379848
-0.854034	-0.220935
0.254068	0.486712
-0.299983	-0.153344
-0.984399	0.254233
-0.93008	-0.531182
-0.441212	0.513908
-0.788851	-0.489299
-0.386893	0.155186
0.482207	0.690257
-0.213073	0.136123
-0.875761	-0.344856
-0.615032	-0.671944
-0.354302	-0.0668477
-0.40862	0.431582
0.167158	-0.171108
3.58924	0.731114
-1.00613	-0.965637
0.0802482	-0.330889
-0.875761	-0.438425
0.742937	-0.305173
-0.951808	-0.415284
-0.788851	-0.176071
0.123703	0.482199
-0.84317	-1.60691
-0.593304	0.33473
0.905893	0.450123
-1.00613	-1.12632
-0.289119	0.105387
-0.854034	-0.294345
0.210613	-0.268127
-0.484667	0.431234
-0.310847	0.260961
2.18781	0.630044
-0.473803	0.430337
-0.832306	-1.05914
0.0911119	0.0556341
-0.278255	-0.0750909
-0.680214	-0.222958
0.0259294	0.218852
-0.93008	-0.366262
0.406161	-0.0591655
0.0693844	-1.08442
-0.0935718	0.506725
-0.625895	0.208575
-0.223937	0.603375
-0.419484	-0.764162
-0.180482	-0.0650843
0.786392	0.227339
-0.712805	0.175915
2.54632	0.417944
-0.864898	-0.698078
-0.75626	0.114426
-0.810579	-0.871973
-0.788851	0.263975
0.254068	0.0450475
-0.767124	0.394464
5.47953	0.644733
0.167158	0.439456
3.55665	0.518573
-0.875761	-0.991473
-0.886625	0.164358
-0.615032	-0.187123
-0.821443	-0.778519
0.699482	0.0323353
-0.245664	-0.681205
-0.832306	0.614477
-0.615032	-0.507207
-0.299983	0.499093
0.971075	-0.0376985
2.50286	0.382383
-0.332574	0.219807
-0.538985	-0.928957
-0.93008	-0.298182
-0.864898	-0.0124281
1.01453	0.373981
1.47081	0.450995
-0.256528	0.49009
0.308387	0.229763
-0.658487	0.0437956
-0.354302	-0.0225208
-0.712805	0.350571
-0.886625	0.113738
-0.832306	0.378585
-0.560713	0.437724
-0.32171	0.429843
0.895029	0.162344
0.0476569	0.30737
0.818983	-0.22472
-0.995263	-0.343329
0.0476569	0.00920294
-0.0935718	0.319048
-0.908353	-0.34807
-0.213073	0.400659
-0.137027	-0.071538
2.88309	0.651178
-0.745396	0.406491
-0.701941	-0.652979
1.29699	0.405923
-0.940944	-0.227139
-0.810579	-0.373557
-0.158754	0.417132
-0.745396	-0.0195148
-0.810579	-0.758708
-0.245664	0.140182
0.156294	0.316565
-0.995263	-0.47437
-0.115299	0.521034
-0.897489	-0.429735
1.10144	0.403223
-0.821443	0.355971
0.297523	0.357776
0.145431	0.163103
0.156294	0.190232
0.264932	0.365591
-0.354302	-0.234631
0.764664	0.329962
-0.66935	-0.10133
-0.995263	-0.414539
-0.593304	0.387535
3.80651	0.389413
-0.104436	0.394041
-0.951808	-0.578894
2.38336	0.646552
-0.984399	-0.323609
-0.864898	0.31053
1.97054	0.515983
-0.93008	0.159098
2.42682	0.33869
-0.897489	-0.585057
-0.854034	0.539463
-0.691078	-0.149951
0.634299	0.0125423
-0.973535	-0.160074
-0.962671	-0.753322
-0.962671	-0.895507
-0.158754	0.491455
-0.397757	-0.340256
-0.886625	-1.06906
-0.745396	-0.776637
-0.93008	-0.428118
-0.701941	0.181882
0.57998	0.0815674
-0.680214	-1.38684
-0.58244	-0.616234
1.34044	0.45039
1.3839	0.093815
-0.777988	0.396728
1.05799	-0.157877
-0.560713	-0.155587
-0.517258	0.139119
-0.93008	-0.922166
-0.691078	-0.715027
2.99173	0.528958
1.18835	0.52149
-0.701941	-0.475437
-0.278255	-0.347046
-0.430348	-0.727523
-0.625895	-0.174322
-0.691078	-0.369138
1.59031	-0.191406
1.77499	0.749714
-0.039253	-0.527007
-0.832306	-0.0846566
-0.93008	-0.275836
-0.712805	-0.234552
-0.93008	-1.12995
-0.517258	-0.482317
-0.723669	-0.712387
-0.691078	0.504406
0.818983	0.529014
-1.02785	-0.990272
0.449616	-0.154443
1.6229	0.517007
-0.897489	-0.801395
-0.647623	0.322606
0.634299	0.393703
-0.767124	-0.302037
-0.332574	-0.0867903
-0.962671	-0.434736
-0.289119	0.437938
0.134567	-0.182045
-0.84317	0.438855
-0.202209	0.14091
0.590844	0.352584
-0.712805	0.0268398
-0.386893	0.0465862
-0.875761	-0.0498922
2.81791	0.631738
-0.875761	-0.357196
-0.528122	-0.688455
-0.767124	-0.590282
1.00367	0.39842
-0.571577	-0.302416
-0.712805	-0.383102
2.15522	-0.279989
-0.984399	-0.745538
-0.864898	-0.766116
1.19921	0.299946
0.319251	0.412333
-0.082708	-0.297743
-0.593304	0.454386
-0.788851	-0.285204
0.460479	0.486627
0.156294	-0.619452
-0.810579	0.145704
0.460479	0.679043
1.65549	0.48476
1.41649	-0.473283
-0.973535	-1.24363
-0.528122	0.599735
-0.0935718	-0.551377
-0.386893	0.242128
0.319251	0.680082
1.59031	0.252301
-0.93008	-0.498975
-0.115299	0.431369
0.7538	0.322287
-0.973535	0.45323
-0.908353	-0.497646
-0.278255	-0.593709
-0.625895	0.0426528
-0.343438	-0.28645
0.49307	0.448819
-0.701941	0.246748
0.145431	0.542702
-0.93008	-1.6523
-0.202209	0.305648
4.14329	0.566982
-0.14789	0.234852
-0.593304	-0.0637203
-0.962671	-0.767167
0.829847	0.45487
-0.0718443	0.0409668
0.0259294	0.368573
-0.180482	-0.766862
-0.310847	-0.568065
0.0802482	0.13368
0.340978	-0.302733
-0.2348	0.0709683
-0.441212	-0.120852
-0.126163	0.14502
-0.973535	-0.0199576
-0.886625	-0.423512
1.90536	0.487034
-0.680214	-0.2804
0.764664	-0.152876
-0.441212	0.246447
-0.452075	-0.468036
0.362706	0.248175
2.02486	0.106358
-0.940944	-1.78141
-0.875761	-0.622571
-0.538985	0.104968
-0.919216	-0.945613
-0.571577	-0.489897
-0.528122	-0.854687
-0.962671	-0.458111
-0.104436	-0.714463
-0.40862	-0.0413858
-0.104436	0.424769
-0.886625	-0.106008
0.862438	0.462234
-0.0718443	0.341602
-0.951808	-0.361636
-0.549849	-0.434127
-0.680214	-0.222958
-0.767124	-0.0411481
-0.75626	0.0664232
0.178022	-0.22909
0.57998	0.477634
0.417024	0.0806587
-0.180482	0.0172564
2.17695	0.391198
-0.832306	0.255293
4.3497	0.703444
0.66689	0.369978
-0.84317	-0.311299
1.69895	0.541423
-0.984399	-0.78229
-0.777988	0.256585
-0.202209	0.0168283
-0.875761	-0.83252
-0.430348	0.466488
-0.984399	0.383086
-0.202209	0.0495838
0.623435	-0.138268
-0.886625	-0.492384
0.460479	0.49027
-0.919216	-1.60197
-0.484667	-0.178957
-0.962671	-1.18084
-0.75626	-0.204031
-0.615032	0.348243
0.797255	0.114656
4.1107	0.125497
-0.462939	0.22448
0.634299	0.330644
-0.484667	0.343977
-0.712805	0.60466
1.42735	0.525688
0.134567	-0.573561
-0.430348	0.204119
0.645163	-0.765824
-0.593304	-1.22951
-0.039253	0.6945
0.178022	0.210287
-0.919216	-0.917675
-0.039253	0.144099
-1.01699	-0.551782
2.20954	0.0942664
-0.104436	0.148919
0.797255	-0.135093
-0.376029	-0.391757
0.558253	0.276673
0.373569	-0.492249
0.0693844	-0.395641
-0.115299	0.251305
-0.745396	-0.857041
-0.289119	0.114716
-0.267392	0.376869
0.699482	0.397916
-0.84317	-0.0694499
-0.875761	-0.506779
0.319251	0.471123
-0.93008	-1.49213
-0.278255	-0.376212
0.558253	0.136884
-0.919216	-0.671205
0.482207	0.535749
-0.528122	-0.0496322
-0.158754	0.454492
1.16662	0.209726
0.590844	0.399054
3.7196	0.545484
-0.0501168	-0.192717
-0.647623	-0.639538
-0.875761	-0.583123
2.09004	0.237609
1.22094	0.391467
-0.832306	0.493313
-0.821443	-0.449744
-0.473803	0.0749076
-0.84317	-0.580601
-0.462939	0.268811
-0.788851	-0.589397
-0.571577	0.427482
-0.767124	-0.305479
-0.354302	-0.431446
3.69788	0.708049
0.710345	-0.51749
0.547389	0.42566
0.992803	0.42992
-0.104436	0.480755
-0.821443	-0.4944
1.34044	0.268706
-0.658487	-0.40157
0.00420194	0.200752
-0.951808	-0.81
0.286659	0.502288
0.471343	0.35159
-0.441212	0.255621
-0.397757	0.153189
0.243204	0.553851
-0.799715	-1.13699
-0.571577	0.359068
-0.875761	-0.756809
-0.169618	-0.308409
-0.419484	0.503726
0.808119	0.134684
2.64409	0.450535
0.547389	0.257424
-0.538985	-0.333409
0.0585207	-0.0689673
0.0476569	0.0538995
-0.767124	-0.3327
1.8619	0.650207
1.23181	0.0502059
-0.832306	0.26859
0.145431	0.11646
-0.701941	-0.0750555
-0.832306	-1.14022
-0.777988	-0.205966
-0.767124	-0.770148
0.536525	0.341551
0.134567	0.44072
-0.984399	-0.51151
1.41649	0.285049
0.243204	-0.184069
3.81738	0.579893
-0.267392	0.00838368
-0.875761	-0.663005
-0.93008	-0.842936
0.427888	-0.352803
-0.66935	-0.427681
-0.854034	-0.167715
3.77392	0.6951
1.61204	0.219358
-0.680214	-0.83759
-0.538985	-1.57714
-0.940944	-1.0731
0.634299	0.167551
1.1123	0.243717
-0.832306	-0.90414
-0.593304	-0.487605
-0.875761	-0.66532
-0.0935718	0.277703
-1.02785	-0.0946967
1.68808	0.662923
-0.875761	-0.506724
-0.810579	0.497699
0.547389	0.00882679
-0.745396	0.0502187
-0.886625	0.282828
-0.441212	0.279601
1.87277	0.665405
-0.0175256	-0.418945
0.340978	0.187718
-0.419484	0.545776
-0.832306	-0.0648298
-0.0175256	0.0324053
1.93795	0.474476
1.12317	0.607057
-0.636759	0.283352
-0.473803	-0.054709
1.66636	0.428266
-0.213073	0.510364
-0.647623	-0.576358
1.80758	0.259939
-0.93008	0.57204
-1.02785	-1.17975
-0.202209	-0.159746
-0.680214	0.333978
-0.104436	0.0157208
0.460479	0.4219
0.00420194	0.403038
1.43822	0.797857
3.19814	0.462533
1.53599	0.145643
3.0026	0.114949
0.786392	0.164196
1.88363	0.275258
-0.419484	-0.281762
1.68808	0.531252
0.884165	0.211946
-0.343438	-0.652071
0.547389	0.215536
-0.864898	-0.528974
-0.919216	-0.522542
-0.919216	-0.43984
-0.908353	-0.812355
0.482207	0.158262
0.00420194	0.0388736
-0.821443	-0.770725
-0.0609805	0.141024
-0.962671	-1.49261
0.851574	-0.233829
2.63323	0.487869
0.677754	0.472803
2.24213	0.6394
3.16555	0.460996
0.00420194	-0.164614
-0.984399	-0.321752
-0.223937	-0.522893
-0.777988	0.0679985
-0.66935	0.273506
2.38336	0.451422
0.84071	0.0671965
0.732073	0.103745
-0.615032	0.544037
-0.191345	-0.0409627
1.77499	0.366245
-0.832306	-0.626841
0.319251	-0.484574
-0.821443	-0.498288
-0.354302	-0.00732085
-0.712805	0.529156
-0.84317	-1.00962
0.569117	0.17736
-0.745396	0.366322
0.688618	0.521403
-0.745396	-0.886083
0.0693844	-0.460058
-0.962671	-0.513101
-0.691078	-0.446323
2.05745	0.36143
-0.821443	-1.20024
-0.039253	-0.0632275
1.09058	0.768112
-0.104436	-0.345636
-0.169618	-0.154579
0.66689	-0.0003507
0.558253	-0.0313961
-0.897489	0.206872
-0.256528	-0.00257324
-0.93008	-0.0291211
1.43822	0.437129
-0.897489	-0.749674
0.612572	0.441958
-0.289119	0.434601
-0.788851	-0.68993
-0.2348	0.525261
-0.897489	-0.493467
-0.875761	0.471915
-0.995263	-0.987633
1.18835	0.549474
-0.919216	-1.22306
-0.810579	-0.403767
0.829847	0.0430702
-0.897489	-0.433759
0.101976	0.106627
-0.267392	-0.843266
-0.919216	-0.176452
1.34044	0.190508
-0.299983	-0.0791631
-0.14789	-0.255376
0.0259294	0.58606
-0.593304	0.584494
-0.712805	-0.724387
0.721209	0.5977
-0.973535	0.410487
-0.593304	0.514363
1.07971	0.271732
-0.441212	0.211992
-0.158754	-0.610828
-0.777988	-0.145923
-0.223937	0.520569
0.699482	0.0305528
-0.875761	0.116632
-0.082708	0.242007
-0.571577	-0.457901
-0.777988	-1.10037
-0.658487	-0.172324
-0.40862	0.25597
0.438752	0.482147
-0.560713	0.0326738
0.0693844	-0.764411
1.09058	-0.245197
-0.593304	0.573635
0.656027	0.174343
-0.517258	0.0291569
-0.995263	-1.18705
-0.919216	-0.402884
0.406161	-0.220561
-0.886625	-0.689788
0.406161	0.538155
-0.897489	-0.534025
-0.278255	0.509476
1.80758	0.410954
-0.854034	0.0266066
-0.397757	0.169378
0.949348	0.523863
-0.419484	-1.19633
-0.886625	0.159219
0.243204	-0.0612468
-0.93008	-1.05128
-0.441212	0.00152814
-0.0501168	-0.914082
1.54685	0.358299
0.742937	0.450188
-0.299983	-0.6035
1.55772	0.478117
-0.625895	0.330816
-0.897489	-0.639686
-0.897489	-1.06727
-0.767124	0.738678
-0.712805	0.0585159
2.66582	0.330916
0.340978	0.195796
0.373569	0.107947
-0.897489	0.0335195
-0.213073	0.345888
-0.14789	0.254274
-0.821443	-0.615449
0.645163	-0.0216228
0.66689	-0.171954
-0.32171	-1.0225
-0.115299	0.0431656
-0.593304	0.127062
2.1335	0.573427
2.04659	0.19987
1.51426	0.450182
-0.604168	0.165089
-0.0501168	0.249793
0.221477	0.323918
3.78479	0.780322
-0.278255	0.346779
-0.973535	-0.363083
0.699482	0.516262
0.264932	-0.0558396
0.123703	0.0139476
-0.299983	0.129459
-0.875761	-1.32659
4.49093	0.751145
-0.854034	0.355577
-0.636759	-0.0640949
3.3611	0.866385
2.26386	0.396965
-0.191345	0.431667
0.362706	-0.515406
-0.365165	0.033955
-0.897489	-0.24618
1.12317	0.0388622
0.471343	0.367351
-0.191345	-0.0827097
0.362706	0.160815
-0.962671	-0.613317
-0.908353	0.345153
2.20954	0.301978
-0.58244	-0.110487
1.02539	0.378957
0.351842	-0.387861
-0.32171	0.337722
-0.951808	-0.551976
-0.788851	0.309321
-0.354302	0.253623
-0.832306	0.0955645
0.0585207	0.302544
-0.66935	0.363768
1.04712	0.384799
1.34044	0.649467
-0.58244	-0.487169
1.13403	-0.0864518
-0.864898	0.0915908
0.167158	0.0379933
-0.593304	-0.638994
-0.647623	0.438626
-0.0935718	0.472742
0.243204	0.22791
1.79672	0.266941
1.99227	0.423192
0.525662	-0.658352
0.167158	0.441911
-0.137027	0.0716883
-0.419484	-0.512675
-0.538985	-0.311882
-0.821443	-1.15528
-0.137027	-0.0828837
-0.191345	-0.225314
-0.14789	-0.269352
1.29699	0.31477
1.47081	0.315286
-0.777988	0.142481
-0.213073	0.114541
1.24267	0.662129
-0.908353	0.207876
-0.376029	0.261992
2.76359	0.637496
-0.658487	0.170091
-0.908353	-0.561548
0.49307	0.322692
-0.84317	0.614865
-0.864898	-0.0967965
-0.940944	-0.09804
0.905893	0.632841
-0.0283893	-0.154516
-0.734533	-0.745059
-0.919216	-0.392736
0.981939	0.375462
2.15522	0.346522
-0.875761	-0.600798
-0.864898	-0.363202
-0.951808	-1.9365
-0.267392	-0.173807
0.188886	-0.169115
-0.0609805	0.37442
1.61204	0.390048
0.710345	0.47442
0.0802482	-0.0423783
-0.962671	-0.50554
-0.962671	-0.459108
-0.256528	-0.136626
0.0585207	-0.0386208
1.80758	0.556409
-0.58244	0.167944
-0.691078	-1.34817
-0.158754	0.0290581
0.92762	0.270448
-0.886625	0.0186649
-1.03872	-0.239601
0.297523	0.28202
-0.115299	0.12042
-0.777988	-0.428997
-0.2348	0.253839
-0.484667	-0.138782
-0.0501168	-0.303559
-0.908353	-0.56377
-0.473803	-0.89004
-0.267392	0.509948
-0.169618	0.518029
-0.549849	0.53825
0.0367932	0.218443
0.0259294	-0.00813064
-0.082708	0.516879
-0.452075	-0.254235
-0.767124	-0.466896
-0.0718443	-0.337638
-0.864898	-0.377895
-0.14789	-0.000986104
-0.897489	-0.362726
0.851574	-0.318195
-0.908353	0.350769
-0.310847	0.102342
-0.658487	-0.0406506
0.0585207	0.0180439
1.05799	0.266745
-0.832306	0.00364972
-0.397757	-0.25888
1.8619	0.219489
-0.723669	0.329515
0.340978	0.239889
-0.528122	0.242562
-0.75626	-0.120449
-0.137027	0.0722914
0.895029	0.364211
1.23181	0.232315
-0.604168	-0.17862
-0.908353	-1.81658
1.16662	-0.100924
0.340978	0.465764
0.0585207	0.251501
-0.908353	0.294266
-0.310847	0.261151
-0.864898	-0.913938
-0.897489	-1.57713
-0.647623	-0.474666
-0.104436	0.398648
-0.734533	-0.145964
-0.365165	-0.534516
-0.376029	0.510076
-0.267392	0.392461
0.417024	0.213138
0.623435	0.14034
-0.886625	-0.933451
1.24267	0.408658
-0.821443	-0.219447
0.0476569	0.359217
-0.571577	0.056608
-0.0609805	-0.00118161
1.53599	0.391227
-0.93008	-1.08139
0.873302	0.528442
-0.365165	0.505245
0.623435	0.251427
-0.875761	-0.556076
-0.191345	0.0156861
-0.777988	0.0869432
1.32958	0.593624
-0.137027	0.300258
0.775528	0.343675
-0.854034	-1.1537
-0.310847	-0.329829
1.64463	0.509931
-0.419484	-0.0126951
0.384433	0.520657
1.89449	0.563363
-0.593304	0.584494
-0.723669	-0.357778
0.243204	-0.64656
-0.452075	-0.535565
-0.571577	-0.616647
-0.75626	-0.185192
-0.810579	-0.00458571
0.395297	-0.178619
2.03572	0.565419
-0.343438	0.61498
-0.32171	-0.235286
0.427888	0.00207083
-0.767124	-0.500566
-0.58244	0.399775
2.30732	0.543983
2.63323	0.340394
0.656027	-0.552214
-0.365165	-0.222506
-0.484667	0.0780971
-0.278255	-0.923346
-0.354302	0.396302
0.0693844	0.211515
-0.0501168	0.282706
-0.223937	-0.321781
3.46974	0.63306
-0.0718443	-0.0113398
0.286659	0.380026
-0.636759	-0.57841
-0.104436	0.452246
-0.202209	0.311177
-0.93008	0.396269
-0.951808	-0.557869
-0.256528	-0.253396
-0.962671	-1.56203
-0.864898	-0.449556
0.167158	0.245403
-1.00613	-1.29448
-0.115299	0.461662
-0.593304	-0.817232
-0.799715	-0.484553
-0.039253	0.358331
-0.788851	0.30157
-0.365165	0.239146
-0.984399	0.342012
-0.40862	0.207039
-0.386893	-0.929689
-0.810579	-0.762048
-0.658487	-0.437111
-0.973535	-0.79674
-0.723669	0.646003
-0.973535	-0.542676
-0.777988	-0.824225
-0.386893	-0.112676
-0.832306	0.166514
-0.745396	0.567038
-0.354302	0.34189
1.21008	0.0550768
0.340978	0.105972
2.1009	0.0280992
-0.430348	0.311204
0.340978	0.454463
-0.473803	0.262632
3.30678	0.40109
-0.854034	0.418489
-0.299983	0.478122
-0.191345	-0.0377489
-0.919216	-1.21802
-0.484667	-0.17062
-0.745396	-0.506737
-0.832306	0.363386
1.8619	0.0913508
-0.137027	0.561367
-0.169618	0.449396
0.319251	0.275207
-1.00613	-0.828301
0.0585207	-0.445656
2.57891	0.482168
3.2416	0.074999
-0.897489	-0.374079
-0.126163	-0.399939
-0.082708	0.371416
-0.777988	0.273851
-0.376029	0.231229
1.37303	0.0453844
-0.93008	-0.377383
-0.115299	0.287557
-0.430348	-0.572054
-0.289119	0.0363965
-0.951808	-0.605774
-0.213073	-0.5554
-0.832306	0.17574
-0.854034	-0.454613
-0.615032	-0.742173
0.590844	-0.0303128
-0.788851	0.149806
-0.919216	-0.0810336
-0.126163	-0.149075
-0.0935718	0.0881193
-0.419484	0.379512
-0.973535	0.363538
-0.919216	0.14951
0.786392	0.387096
1.21008	0.404031
0.297523	0.348127
-0.354302	0.502351
-0.126163	0.115286
-0.788851	-1.64918
0.188886	0.170319
2.99173	0.62927
0.0367932	0.160388
-0.995263	-0.028459
-0.180482	0.265419
-0.625895	-1.41591
-0.2348	0.313711
-0.919216	-0.505214
-0.810579	0.326282
0.590844	0.21072
0.395297	0.222424
-0.691078	-0.164384
-0.441212	-0.691105
-0.767124	-0.992196
0.905893	0.537303
-0.940944	-1.05228
-0.636759	-0.393948
1.84017	0.429084
0.482207	0.0645902
-0.549849	-0.14866
-0.223937	0.101128
0.0259294	-0.0619544
-0.267392	0.241185
-0.951808	-1.62698
0.482207	0.304856
-0.658487	-0.498587
0.101976	0.155008
0.330114	0.606372
-0.951808	-0.465019
-0.658487	-0.0406506
0.286659	0.0456312
-0.919216	-0.187159
0.710345	0.148068
-0.973535	0.178112
-0.788851	-0.376114
-0.213073	0.335623
-0.397757	-0.180994
-0.897489	-0.599314
-0.767124	-0.640752
-0.886625	-0.011248
3.33937	0.450983
-0.593304	-0.31091
-0.832306	-0.14962
-0.191345	0.470058
1.67722	0.530711
-0.734533	0.449666
-0.658487	-0.249712
2.12263	0.810083
0.0367932	0.172808
0.471343	0.397919
-0.875761	0.446845
-0.397757	-0.298879
-0.919216	-0.381562
-0.636759	-0.303324
-0.115299	0.62239
4.79511	0.129775
-0.517258	0.216428
-0.549849	-0.61674
-0.430348	0.151019
-0.995263	-0.915708
-0.636759	-0.623733
-0.886625	-1.86687
-0.571577	0.276045
0.92762	0.405263
-0.973535	-0.843305
-0.506394	-0.472008
-0.75626	0.523468
-0.647623	-0.0823511
-0.919216	-0.151358
-0.267392	-0.317223
1.34044	-0.140102
1.16662	0.0489395
0.167158	0.126494
0.808119	0.292751
0.949348	0.153464
-0.93008	0.234364
1.99227	0.218671
0.232341	0.344216
-0.354302	0.417496
-0.376029	-0.240613
-0.213073	-0.158509
1.05799	0.125867
-0.745396	-0.100472
-0.169618	-0.207108
2.11177	0.657281
-0.854034	-0.294345
-0.484667	-0.063408
-0.386893	0.174919
-0.430348	-0.0538829
-0.940944	-0.382665
-0.788851	-0.57077
0.0802482	0.00611442
-0.528122	0.575028
0.156294	-0.321971
0.7538	0.413317
-0.538985	0.180767
-0.897489	0.312169
0.123703	0.371523
-0.473803	0.357434
-0.332574	-0.58116
-0.256528	0.778656
-0.701941	0.0330698
-0.180482	0.348776
-0.549849	-0.945415
-0.202209	0.0168283
1.47081	0.304559
-0.604168	-0.0272608
-0.93008	-0.075278
-0.875761	-0.304154
0.0693844	-0.206394
-0.908353	0.0127826
-0.452075	-0.227948
0.710345	0.0702417
-1.01699	0.157965
-0.723669	-0.310349
-0.691078	0.470361
-1.00613	-0.062866
0.438752	0.173206
-0.560713	0.34032
-0.777988	-0.934803
0.351842	0.0100841
2.28559	0.0907122
-0.680214	-0.586564
-0.940944	-1.25878
-0.256528	0.209357
-0.951808	-0.57024
-0.799715	0.0928089
-0.180482	0.314016
-0.734533	0.449666
3.81738	0.0380098
-0.995263	-0.804286
-0.397757	0.448847
-0.93008	-0.91304
1.63376	-0.0468236
0.656027	0.653168
-0.636759	0.57897
-0.897489	-0.547292
0.797255	0.419451
0.677754	-0.166263
-0.799715	-0.260466
-0.169618	0.252317
-0.951808	-0.541846
-0.267392	0.266428
-0.615032	-0.00564548
-0.278255	0.569643
-0.93008	-0.7872
-0.289119	0.101889
-0.625895	0.0412923
-0.636759	0.239993
-0.267392	-0.136808
-0.039253	-0.321126
0.167158	-0.575021
0.732073	0.256825
-0.299983	-0.0477939
2.45941	0.322881
2.20954	0.0705832
0.503934	0.565987
-0.973535	-0.873213
-0.473803	-0.0962831
-0.310847	0.194621
-0.039253	0.325778
-0.223937	-0.134092
-0.940944	-0.48322
0.340978	0.300134
1.59031	0.547021
-0.571577	-0.0291074
2.82878	0.284059
-0.886625	-0.379674
-0.039253	0.0709152
-0.223937	0.362635
0.569117	0.619666
-0.137027	0.480675
0.797255	0.258117
0.275796	0.370531
-0.75626	-0.15506
0.0585207	-0.294899
-0.430348	-0.247055
-0.0935718	-0.322888
-0.951808	0.539407
-0.701941	0.186667
0.829847	0.329185
0.00420194	0.0142577
-0.158754	0.415234
3.62183	0.187736
-0.658487	-0.328322
-0.169618	0.365545
0.590844	0.684416
-0.647623	-0.489901
0.384433	-0.119974
-0.419484	0.498288
-0.919216	-0.854603
0.199749	-0.978555
-0.973535	-0.81457
3.35024	0.439052
-0.93008	-1.3168
0.362706	0.213649
0.308387	0.406275
-0.832306	0.447023
-0.886625	-0.0296437
0.134567	0.261572
-0.484667	0.614842
-0.2348	0.183087
-0.625895	0.0970355
0.243204	0.33476
-0.897489	-0.215208
-0.484667	-0.0282898
1.43822	0.635305
1.36217	0.447538
-0.191345	0.0888452
-0.14789	0.519954
-0.897489	-0.346053
1.39476	0.85571
2.02486	0.40073
-0.00666181	0.180676
0.818983	0.556609
-0.940944	-0.444544
-0.0501168	0.312528
-0.245664	-0.316722
1.44908	0.345163
0.188886	0.535782
0.818983	0.322613
-0.832306	0.129967
1.00367	0.661215
-0.278255	0.0723118
-0.462939	-0.285318
2.54632	0.163797
-0.158754	0.417132
-0.962671	-0.760506
0.156294	0.483278
-0.810579	-0.617236
-0.397757	-0.234749
-0.93008	-0.414713
-0.299983	-0.425686
-0.310847	0.0534281
4.50179	0.293257
-0.473803	-0.634049
-0.571577	0.456873
-0.452075	0.219149
-0.506394	-0.652479
-0.734533	-0.53974
0.210613	0.438959
2.44854	0.361285
1.85104	0.38702
0.895029	0.429186
-0.332574	0.519861
-0.897489	-0.914392
-0.604168	-0.587921
0.417024	0.231721
-0.0935718	0.501583
-0.886625	-0.0485225
-0.908353	-1.23142
0.590844	0.333418
-0.365165	-0.992467
-0.647623	-0.202525
-0.658487	-0.809144
-0.039253	0.632999
1.7424	0.470007
0.243204	0.205239
0.406161	0.383448
-0.854034	-1.1537
-0.267392	-0.11072
-0.039253	0.580731
-0.376029	0.337683
-0.821443	-0.473133
-0.267392	0.165954
-0.365165	-0.460275
0.243204	0.341986
0.112839	0.819901
-1.02785	-0.491629
-0.919216	-1.17403
2.79618	0.558734
-0.962671	-0.585787
-0.538985	-0.617007
-0.84317	-0.285327
-0.365165	0.414328
-0.962671	-0.597812
-0.951808	-0.219777
-0.517258	-0.94413
0.232341	-0.160973
1.75326	0.234099
0.406161	0.386484
-0.832306	0.582853
2.36163	0.162977
0.525662	0.288728
-0.441212	-0.349105
-0.0609805	-0.310355
-0.484667	-0.38296
-0.245664	0.0533796
-0.256528	0.318125
-0.897489	0.0562753
1.21008	-0.0852529
2.253	0.479683
-0.940944	-0.342035
-0.691078	-0.425761
-0.343438	0.0843546
0.167158	0.160401
0.319251	-0.140577
-0.419484	-0.355366
0.916757	0.216493
-0.245664	-0.30952
0.895029	0.241893
2.51373	0.346773
1.49254	0.530737
0.449616	0.484373
-0.473803	-0.325315
-0.734533	0.43164
-0.299983	0.574147
-0.864898	0.559372
2.40509	0.539399
-0.701941	-0.120713
-0.299983	-0.386797
-0.223937	-0.00212207
-0.875761	-0.218517
-0.93008	-1.3168
1.87277	0.0825869
1.04712	0.212654
-0.799715	-0.585565
-0.560713	-0.389655
0.742937	0.187372
-0.745396	-0.393834
-0.604168	-0.33749
-0.951808	-0.70412
0.199749	0.274589
-0.951808	-0.640192
-0.875761	0.37531
-0.75626	-0.370856
-0.180482	-0.0253777
-0.310847	0.039849
-0.528122	0.059672
0.254068	0.589937
3.92601	0.486639
-0.745396	-0.677113
1.9814	0.392538
0.569117	0.419401
-0.0718443	-0.0970592
0.536525	0.356951
-0.2348	0.283148
0.0693844	0.517565
-0.158754	-0.0166226
1.1123	0.158778
-0.647623	-1.00387
-0.343438	-0.704679
0.145431	-0.218079
-0.039253	0.126522
-0.864898	-0.722371
4.1107	0.635858
-0.951808	-0.322725
-0.788851	0.451233
0.178022	0.648248
-0.788851	-0.26453
-0.549849	0.464778
-0.528122	0.0506321
-0.452075	0.382658
1.13403	-0.0864518
1.97054	-0.292023
-1.00613	0.24742
0.264932	0.258848
-0.365165	-0.355441
2.17695	0.302208
3.04605	0.444534
-0.441212	0.597748
-0.2348	0.00893487
0.188886	0.31265
-1.03872	-1.27516
-0.940944	-0.662756
-0.430348	-0.033239
-0.84317	0.520669
-0.462939	0.139936
0.0802482	0.59156
-0.14789	-0.097244
-0.593304	0.213835
-0.604168	0.435941
-0.84317	-0.969014
-0.14789	-0.216054
-0.886625	0.434346
0.0476569	0.473078
1.99227	0.218671
-0.875761	-0.708804
-0.14789	-0.12934
0.547389	0.237281
0.449616	0.188986
0.0693844	-0.401181
0.340978	0.403409
0.188886	-0.0989019
-0.810579	-0.841811
-0.810579	-1.03902
0.742937	0.372742
-0.875761	-0.439214
0.862438	0.245096
-0.810579	-0.100568
-0.691078	-0.139782
-0.712805	0.303611
-0.93008	-0.591622
1.56858	0.491059
-0.93008	-0.418567
-0.658487	0.0105489
-0.854034	0.126376
0.645163	-0.477039
-0.32171	-0.590933
-0.93008	0.272326
-0.137027	-0.196642
-0.452075	0.271739
-0.473803	-0.23817
-0.951808	-0.310474
-0.202209	-0.402494
0.623435	0.506704
-0.864898	-0.529802
0.134567	-0.843468
1.45994	-0.0134169
-0.821443	-0.20086
0.514798	0.267281
-0.636759	0.381137
1.70981	0.44876
-0.528122	0.200198
-0.462939	0.223498
0.0802482	-0.240144
-0.0609805	0.154598
-1.02785	-0.691097
-0.310847	0.247641
0.884165	-0.422649
-0.919216	0.0504198
-0.951808	-0.728076
0.449616	0.419691
0.0476569	0.113278
0.449616	-0.181125
0.0911119	-0.112399
0.92762	0.404144
0.210613	-0.220283
-0.180482	-0.657048
-0.723669	0.239096
1.37303	0.272629
-0.615032	0.189125
-0.962671	-0.900741
1.28612	0.490428
0.57998	0.748921
0.449616	0.0505636
-0.14789	0.0677064
0.742937	0.493511
-0.419484	0.161023
-0.40862	0.527444
1.16662	0.157373
-0.995263	-1.14479
-0.213073	-0.122878
-0.00666181	0.198397
0.710345	-0.175413
0.732073	0.580597
-0.2348	-0.888146
0.0585207	-0.472412
-0.691078	0.121058
0.57998	-0.278032
0.786392	0.315818
0.264932	-0.0332144
-0.832306	0.614671
-0.962671	-0.282676
-0.973535	-1.16651
0.0476569	0.0401928
-0.93008	-0.531182
-0.517258	0.0291569
-0.940944	-0.884102
-0.549849	-0.0610992
-0.115299	0.691308
1.64463	0.670118
-0.93008	-0.507102
-0.625895	0.208575
-0.821443	-0.723957
-0.832306	0.390059
-0.864898	-0.351994
1.02539	0.335653
-0.723669	-0.999005
1.48167	-0.494055
-0.278255	0.272014
-0.462939	-1.25876
-0.538985	-0.483232
-0.93008	-0.707678
0.286659	0.341997
1.70981	0.590716
-0.767124	-0.872656
-0.788851	-1.14434
3.92601	0.590929
0.297523	-0.0746046
-0.115299	0.355742
-0.84317	-0.0772419
-0.14789	0.268571
1.31872	0.310026
-0.0609805	0.141024
-0.419484	-0.0934768
-0.213073	0.428611
-0.082708	0.376348
-0.962671	-0.840086
0.84071	-0.167532
-0.625895	0.581689
-0.810579	-0.886458
-0.202209	0.425631
-0.517258	0.257543
-0.039253	0.488707
-0.506394	0.541674
-0.528122	0.250887
-0.636759	-0.126378
-0.104436	-0.345636
1.12317	0.0569346
-0.538985	0.233973
-1.00613	-0.0354852
-0.452075	-0.161247
-0.680214	0.166617
-0.082708	0.0504934
-0.864898	-0.248759
-0.0935718	0.0812738
1.21008	0.181785
-0.691078	0.518063
-0.484667	0.0580076
-0.332574	0.220993
0.199749	0.392563
-0.506394	-0.55492
0.818983	0.315721
-0.256528	0.264364
0.938484	0.0907854
-0.625895	-1.41591
0.503934	0.0493266
-0.680214	-0.491062
-0.940944	-0.65702
0.351842	0.342507
1.21008	0.043306
-0.484667	0.103858
-0.517258	0.41615
-0.560713	0.434714
-0.462939	-0.291492
-0.223937	0.353192
-0.604168	-0.220972
-0.886625	0.145461
1.28612	0.601262
1.1123	0.314347
-0.984399	-1.17029
-0.517258	0.459871
-0.32171	0.120035
-0.202209	0.297241
-1.00613	-0.391048
-0.082708	0.348899
-0.039253	0.112673
0.373569	-0.43223
-0.32171	-1.01907
-0.104436	0.036299
4.38229	0.563952
-0.767124	-0.769661
0.0585207	0.347156
1.29699	0.455066
1.94881	0.621197
0.536525	0.698598
-0.169618	0.497169
1.79672	0.328767
-0.2348	0.283348
1.06885	0.360821
2.03572	0.651465
-0.560713	0.159364
-0.289119	-0.043477
0.634299	0.124225
-0.397757	0.538352
-0.310847	0.199542
-0.680214	0.425851
-0.082708	0.0945031
-0.908353	-0.73881
0.340978	0.537966
-0.49553	0.34142
-0.625895	-0.737449
1.59031	0.229403
-0.701941	0.108041
-0.864898	0.314642
2.52459	0.189273
-0.680214	0.135482
0.0693844	0.343896
-1.02785	-0.976759
0.199749	-0.0705905
-0.441212	-0.54464
0.188886	-0.190738
-0.267392	0.23293
-0.32171	0.305136
-0.680214	-0.515845
0.112839	0.590814
1.72067	0.386138
-0.810579	-0.620862
0.199749	-0.0416181
0.808119	0.291235
3.29592	0.489008
-0.919216	-0.00210268
0.482207	0.475728
-0.908353	-0.921416
-0.462939	0.0639782
0.243204	0.276865
4.12156	0.553772
-0.84317	-0.616646
0.84071	0.0607327
0.536525	0.344688
0.427888	-0.352803
0.0911119	-0.430407
0.0367932	0.0870061
-0.712805	0.321884
-0.897489	-0.767424
-0.75626	0.0636296
-0.636759	-0.230343
-0.777988	-0.452012
-0.538985	-0.928957
-0.473803	0.162884
2.53545	0.641894
-0.886625	-0.541176
-0.897489	-0.907078
0.167158	0.258971
2.04659	0.519536
-0.897489	0.0952454
-0.082708	-0.595971
-0.93008	-0.50475
-0.473803	-0.0198315
-0.658487	-0.244068
-0.0718443	0.429563
-0.919216	-0.70887
-0.538985	-0.00032614
1.67722	0.525927
-0.441212	-0.817056
0.134567	0.0112963
-0.788851	0.30157
-0.940944	-1.48197
0.188886	0.505502
-0.386893	0.718095
-0.40862	0.588066
1.6229	0.172967
2.95914	0.636639
-0.169618	-0.2286
0.797255	0.329055
-0.647623	-0.131343
-0.777988	0.125386
-0.951808	-0.591926
-0.745396	-0.252201
1.67722	0.472424
0.971075	0.280097
-0.701941	-0.462611
1.91622	0.333028
-0.256528	-0.0408953
0.710345	0.341418
0.0476569	0.291658
-0.528122	0.0657436
1.22094	0.545766
0.167158	0.454744
-0.419484	0.547995
-0.875761	-0.345608
3.02432	0.34664
1.34044	0.884384
-0.973535	0.0359382
-0.289119	0.18747
1.39476	0.359931
-0.354302	0.217205
-0.58244	0.153874
-0.58244	-0.500773
-0.897489	0.0962683
0.134567	0.333371
-0.810579	-0.468528
-0.821443	0.155072
-0.549849	-0.301553
3.20901	0.429552
-0.560713	-0.137528
-0.49553	0.176649
-0.419484	0.379512
0.178022	0.467585
2.14436	0.231849
-0.256528	0.575525
0.123703	0.212136
0.981939	0.181147
-0.289119	0.399797
-0.897489	-0.47305
1.06885	0.238702
0.156294	-0.722486
2.05745	0.657031
-0.897489	0.412686
-0.256528	0.227427
-0.691078	0.191003
2.492	0.341254
1.37303	0.477715
-0.506394	-0.604489
-0.821443	-1.44583
-0.386893	0.160211
-0.864898	-0.236972
1.04712	0.331575
0.699482	-0.189096
0.373569	0.00366831
-0.93008	-0.0405237
-0.940944	0.0101362
1.60117	0.606828
-0.397757	0.0213008
-0.462939	-0.168675
-0.745396	-0.320815
0.0476569	0.286584
-0.886625	-0.181226
-0.0718443	-0.600178
-0.376029	-0.0848641
-0.0175256	0.411843
0.895029	0.348285
0.786392	-0.559723
-0.821443	-0.0217269
-0.84317	-1.57422
-0.386893	-0.535941
0.167158	-0.26637
0.210613	0.590167
-0.799715	0.0315721
0.340978	-0.302733
-0.223937	0.242571
-0.854034	0.20642
-0.267392	0.412
2.04659	0.489723
0.0585207	0.251501
0.634299	0.0125423
0.601708	0.0328151
-0.767124	-0.156324
1.2644	0.437376
1.90536	0.269538
-0.897489	-0.790005
-0.158754	0.501408
-0.919216	-0.0933283
0.243204	0.261116
0.84071	0.121095
-0.0718443	-0.538423
-0.854034	0.152953
-0.158754	0.0950411
-0.137027	0.717019
-0.897489	-0.178563
2.48114	0.271797
-0.267392	-0.840914
-0.788851	0.320785
-0.082708	0.373856
1.3839	0.459408
0.156294	0.122892
-0.549849	-0.544278
1.07971	0.647697
-0.962671	-0.217129
-0.462939	0.109052
-0.701941	-0.803204
-0.767124	-0.417433
2.38336	0.554555
-1.01699	0.355412
-0.75626	0.263826
-0.278255	0.36076
0.319251	0.27819
-0.93008	0.57204
0.0802482	0.267653
1.10144	0.315426
-0.560713	0.376522
1.66636	0.205004
-0.897489	-0.775513
1.18835	-0.231825
-0.908353	-0.543371
-0.919216	-0.942508
-0.58244	0.155403
-0.615032	-0.0452183
-0.2348	0.28391
-0.973535	-0.0414912
1.64463	0.395656
-0.854034	0.458231
-0.538985	-0.561521
-0.0283893	0.149573
-0.75626	-0.479565
0.0911119	0.472785
0.340978	0.317783
-0.126163	0.36938
-0.386893	0.505485
-0.897489	-0.534025
1.55772	0.0379306
-0.213073	-0.248562
1.5034	0.155755
-0.897489	-0.337779
-0.821443	0.0454953
0.0585207	-0.069648
0.178022	0.390747
0.590844	0.275231
0.916757	-0.270567
-0.767124	0.42966
0.199749	-0.0603515
-0.919216	-0.74446
-0.799715	-0.065778
-0.940944	-1.70782
-0.658487	0.598368
-0.256528	0.336699
-0.897489	0.312169
-0.712805	0.150729
-0.962671	-0.845771
0.134567	0.343325
-1.00613	-0.625741
0.0585207	0.0221874
0.612572	0.812467
-0.919216	-0.991362
0.482207	0.451113
-0.777988	-0.832276
-0.039253	-0.108437
0.460479	0.4219
-0.777988	0.161478
-0.93008	-1.43832
-0.875761	-0.599794
-0.571577	-0.284074
0.362706	0.0816408
-0.310847	-0.0359531
-0.223937	0.187158
2.05745	0.217418
-1.02785	-1.26627
0.134567	0.4561
0.482207	0.445375
1.42735	0.222526
-0.93008	-1.13496
2.51373	0.631874
-0.788851	0.280279
2.18781	0.450675
2.45941	0.699594
0.981939	0.310489
2.50286	0.683233
-0.712805	0.323671
-0.810579	0.120662
0.145431	-0.0727782
-0.940944	-0.494946
-0.528122	0.340431
-0.299983	0.089572
-0.723669	0.398295
0.960212	-0.58703
1.68808	0.372725
-0.962671	-0.418864
0.460479	-0.364534
1.89449	0.463009
0.482207	0.137518
-0.897489	-0.180759
-0.256528	-0.222453
-1.02785	-0.215608
2.03572	-0.245278
-0.549849	-0.150679
-0.32171	-0.0412494
-0.169618	0.314809
1.53599	0.577704
-0.832306	0.166514
-0.365165	-0.00105217
0.145431	0.465309
-0.66935	0.461692
-0.973535	0.161247
-0.788851	0.350986
-0.0283893	-0.939059
-0.691078	0.142028
0.221477	-0.0976925
1.44908	0.434517
0.84071	0.243856
1.97054	0.319962
-0.908353	-0.322483
-0.593304	-0.860236
1.49254	0.270741
-0.723669	-1.40191
-0.995263	-0.514406
-0.734533	0.167327
0.829847	0.18227
-0.115299	0.199458
-0.462939	0.304227
0.427888	0.0685868
0.232341	0.145178
-0.745396	0.457316
-0.951808	-0.338101
1.84017	0.641144
-0.538985	-0.278653
3.90429	0.49628
2.02486	0.117119
-0.919216	-0.640302
-0.58244	-0.402404
-0.082708	0.249459
-0.0283893	-0.458893
-0.14789	0.325318
-0.788851	-0.0492143
-0.615032	-0.466972
1.21008	0.14103
-0.788851	-0.154581
0.764664	0.429098
-0.973535	0.124217
-0.647623	0.239304
-0.84317	-0.573344
-0.810579	-0.561102
0.427888	0.0358128
-0.680214	-0.392042
-0.40862	0.337727
-1.00613	-0.655041
-0.615032	-0.604445
-0.625895	-0.227299
-0.886625	0.270747
0.732073	0.376645
3.26333	0.326501
-0.538985	0.159122
1.44908	0.592338
2.54632	0.335144
2.32904	0.245226
0.00420194	0.22276
0.156294	0.30737
0.66689	0.206688
-0.897489	0.577764
0.525662	0.338529
-0.332574	0.175743
-0.0283893	-0.380658
1.27526	0.19739
-0.452075	0.266519
0.949348	0.216523
2.77446	0.425894
-1.03872	-1.34448
2.78532	0.536827
0.645163	0.34942
-0.680214	0.254499
-0.571577	-0.286199
-0.32171	-0.179872
-0.0283893	-0.526754
-0.560713	-0.270888
2.65496	0.265823
-0.908353	-0.446571
0.134567	0.864894
-0.126163	0.319431
-0.104436	0.484672
-0.810579	-0.762033
0.178022	0.0443538
-0.310847	0.0194704
-0.799715	0.419745
-0.430348	0.285063
-0.864898	-0.205908
1.12317	0.380515
-1.01699	-0.771244
0.0911119	0.169794
-0.14789	0.186182
-0.908353	-1.58887
0.547389	-0.982765
0.362706	0.656174
-0.115299	0.208525
-0.484667	-0.241293
-1.00613	-0.699534
0.286659	0.263634
-0.571577	0.473618
-0.66935	-0.240687
-0.810579	-0.762048
0.721209	0.289308
-0.137027	0.259151
-0.940944	-0.225868
-0.658487	0.283131
0.699482	0.375651
-0.810579	-0.190703
-1.00613	-0.433319
-0.517258	0.170452
4.67561	0.518539
0.884165	0.866936
-0.245664	0.296285
-0.734533	-0.440473
0.0476569	0.556921
-0.0935718	0.481898
-0.984399	-0.747194
0.623435	0.409702
-0.332574	0.513611
1.09058	0.396132
-0.115299	-0.500179
-0.66935	0.492367
-0.788851	-0.959393
1.91622	0.397664
-0.919216	0.0657542
0.721209	-0.170719
-0.897489	0.486014
-0.875761	0.0389256
-0.962671	0.0315363
-0.180482	0.126021
-0.571577	0.221601
-0.691078	-0.0430815
-0.973535	-0.390885
-0.397757	-0.14338
0.829847	0.465414
-0.832306	-0.678484
2.48114	0.471056
-0.886625	-0.567834
0.0367932	0.172808
-0.082708	-0.69489
-0.560713	-0.241761
0.340978	0.200204
-0.712805	-0.949636
-0.701941	-1.12812
-0.647623	-0.836885
-0.202209	-0.0282563
-0.995263	-0.0454561
0.199749	-0.00694686
-0.767124	-0.0743578
1.82931	0.348385
-0.32171	-0.0324132
-0.0175256	0.140634
-0.0283893	0.126813
-0.386893	0.204145
-0.202209	-0.159457
0.547389	0.00882679
-0.169618	0.459801
-0.821443	0.00976641
-0.517258	-0.0230673
0.210613	-0.145357
-0.940944	-0.253344
0.916757	0.699988
-0.00666181	-0.697125
-0.767124	0.0889972
-0.289119	0.390446
-0.864898	-0.449556
-0.962671	-0.169546
0.417024	0.417339
1.9814	0.240754
-0.104436	0.186691
-0.517258	0.443238
-1.04958	0.183756
3.14382	0.393186
-0.332574	-0.223816
-0.734533	0.187946
0.00420194	-0.107586
-0.58244	-0.53873
-0.691078	-0.369592
-0.115299	0.292264
0.775528	0.366917
-0.897489	-0.984719
-0.571577	-0.14063
-0.506394	0.317471
0.645163	0.27881
0.818983	0.181624
-0.897489	-0.924622
-0.908353	0.041824
0.590844	0.21072
1.56858	0.544417
-0.973535	-0.015965
-0.962671	0.248965
-0.354302	0.253623
0.199749	0.905295
-0.951808	-1.34342
-0.93008	-0.228825
-0.452075	0.108112
0.275796	0.349607
2.64409	0.439999
-0.202209	0.567184
0.351842	0.483748
-0.571577	0.502919
-0.897489	-0.787602
0.471343	0.433578
0.645163	0.037607
-0.419484	-0.512675
-0.0283893	0.497931
0.427888	0.108095
0.460479	0.0893698
0.57998	0.61431
-0.213073	-0.593382
-0.84317	0.134025
-0.701941	0.431588
0.417024	0.0439267
0.938484	0.697096
0.656027	0.266662
-0.777988	-0.396694
-0.180482	-0.304116
-0.973535	-1.07506
-0.169618	0.428805
-0.940944	0.205631
-0.332574	-0.029012
-0.810579	-1.03925
-0.397757	-0.142222
-0.984399	-0.125972
-0.951808	-0.406146
-1.01699	-0.692011
-0.625895	0.098141
-0.832306	-0.396553
0.460479	0.289586
-0.289119	0.267388
-0.832306	-0.286435
-0.799715	-0.744055
0.123703	-0.359443
-0.0501168	0.261267
-0.799715	-1.17902
-0.962671	0.25944
-0.908353	-0.584844
0.482207	0.617886
0.449616	0.154909
-0.213073	0.105348
-0.32171	-0.343952
1.87277	0.417114
-0.256528	0.558509
-0.66935	0.226764
0.938484	0.384382
-0.962671	-1.63203
4.39316	0.388108
0.232341	0.411202
-0.940944	-0.740428
-0.278255	-0.338787
-0.984399	-0.34123
-1.00613	0.131653
-0.745396	-0.178514
0.916757	0.156124
1.68808	0.543446
0.254068	-0.0855445
-0.0283893	-0.0667139
0.699482	0.375651
0.862438	0.566938
2.80705	0.646608
-0.039253	0.608096
-0.875761	-1.39172
2.54632	0.680406
-0.354302	-0.397076
0.319251	-0.285651
-0.115299	0.32623
-0.897489	-0.373537
0.362706	-0.429693
0.395297	-0.0787308
-0.854034	0.355577
0.514798	0.284911
-0.973535	0.363538
-0.951808	-0.021605
-0.332574	0.420899
1.10144	0.108182
-0.832306	-0.55703
0.0367932	0.290591
-0.625895	0.0347422
1.19921	0.0204278
-0.821443	-0.770725
0.471343	0.184855
1.07971	0.516167
-0.984399	0.209276
-0.854034	-0.211464
-0.723669	0.230535
-0.962671	-1.06932
-0.104436	0.382516
-0.58244	0.563087
-0.962671	-1.38522
-0.397757	0.0191813
-0.397757	0.277487
0.449616	0.0471853
-0.777988	0.24662
-0.278255	0.413244
-0.962671	-0.82982
-0.202209	-0.259149
-0.745396	-0.245253
-0.93008	-0.221279
-0.897489	-0.0876831
-0.00666181	0.405025
0.145431	-0.0518239
-0.386893	0.01957
-0.658487	-0.686448
-0.799715	-0.0933818
0.319251	0.549007
-0.169618	0.486323
0.742937	0.144311
-0.376029	0.33665
-0.951808	-1.07478
0.210613	0.341046
-0.0609805	0.317545
-0.875761	-0.149401
0.438752	0.14962
-0.0501168	0.316401
-0.919216	0.0419074
-0.864898	-0.511941
0.57998	0.446101
-0.625895	0.694538
-0.169618	0.0223648
-0.571577	0.3609
-0.267392	-0.0968281
-0.799715	0.0481145
0.101976	0.489485
-0.84317	-0.848242
-0.299983	-0.33657
4.63216	0.207021
-0.995263	-0.27347
-0.039253	-0.564346
-0.104436	-0.562217
0.112839	-0.610024
0.818983	0.104093
-0.940944	-0.111967
-0.484667	-0.178085
-0.93008	-0.0939965
-0.332574	-0.697363
3.11123	0.662256
0.895029	0.162344
0.916757	0.233355
-0.538985	0.313815
1.00367	0.434481
-0.104436	-0.181391
-0.0609805	0.308923
-0.299983	0.240739
-0.680214	-0.0631042
-0.0501168	0.0428976
-0.49553	0.0824427
3.69788	0.851005
-0.376029	0.0398528
0.503934	0.0984911
1.18835	0.22093
0.0693844	0.338944
0.590844	0.300189
-0.919216	-0.203578
-0.75626	-0.237045
-0.549849	0.0811483
-0.560713	0.159444
1.49254	0.173211
-0.604168	0.49701
-0.452075	-0.701044
-0.962671	-0.401147
0.895029	0.253442
-0.332574	-0.00949176
0.916757	0.489819
1.16662	0.517047
0.656027	0.537611
0.460479	0.219602
0.232341	-0.0617228
0.57998	0.606687
-0.419484	0.357281
-0.886625	-1.3395
-0.528122	-0.278478
0.449616	0.012366
-0.940944	-0.102398
1.09058	0.338136
2.20954	0.456921
-0.082708	0.349237
0.49307	0.654235
1.72067	0.153989
-0.647623	0.231041
0.101976	0.634779
-0.658487	0.308174
0.536525	0.153438
-0.58244	-0.216688
-0.897489	-0.16367
0.0476569	0.201737
-0.864898	-1.41085
-0.973535	-0.808158
-0.256528	-0.0961821
-0.560713	-0.234995
0.84071	0.422933
-0.604168	-0.986805
0.210613	0.536105
-0.615032	-0.876253
-0.712805	0.570269
-0.777988	-0.359117
0.688618	0.0235851
0.503934	0.452878
0.330114	0.204654
0.199749	0.0261873
-0.365165	0.157638
-0.777988	0.279465
-0.777988	-1.09453
-0.386893	0.0614911
-0.767124	0.569577
0.221477	0.48101
-0.58244	0.0153257
5.2188	0.664857
-1.00613	-1.18114
-0.2348	0.363949
-0.0718443	0.330542
-0.940944	-0.228364
-0.995263	0.439552
-0.32171	0.243185
0.427888	0.116662
1.68808	0.557966
0.656027	0.17159
-0.734533	0.0290944
-0.832306	0.00348453
0.362706	0.0538741
-0.854034	-0.0925421
-0.213073	-0.664426
0.406161	-0.100038
4.49093	0.0795474
-0.799715	0.478267
0.971075	-0.392984
-0.951808	-0.385065
-0.452075	0.451681
-0.615032	-0.442109
-0.962671	-0.768851
0.232341	0.344336
-0.571577	0.790559
-0.919216	-1.03939
-0.419484	0.0395696
1.2644	0.216043
-0.636759	-0.191891
-0.799715	0.480423
0.438752	0.24628
-0.332574	0.238363
0.123703	0.482199
-0.951808	-0.606414
0.264932	0.396792
0.645163	-0.171506
-0.75626	0.263826
0.471343	-0.488809
-0.538985	0.0128282
-1.00613	-0.460756
-0.625895	-0.20611
-0.0283893	0.340559
-0.0283893	0.353258
-0.40862	0.196356
-0.191345	-0.559935
0.623435	0.668672
0.503934	-0.00610174
-0.528122	-0.586453
-0.49553	-1.08241
0.00420194	-0.229128
-0.93008	-0.0360366
0.286659	-0.20334
1.47081	0.332594
-0.821443	-1.02144
0.112839	0.220311
0.297523	0.530863
-0.462939	-0.279056
-0.984399	-0.905316
-0.951808	-0.274685
-0.875761	-0.400248
-0.984399	-0.675229
-0.788851	0.140891
-0.452075	-0.114545
-0.691078	0.441728
0.449616	0.341793
-0.995263	-0.501886
0.275796	0.407046
-0.202209	0.371604
-0.158754	0.399075
3.65442	0.16976
-0.940944	-0.317348
-0.625895	-0.590848
-0.919216	0.0858983
0.178022	0.233978
1.45994	0.325194
-0.908353	-0.235555
0.178022	-0.117907
-0.951808	-0.817092
-0.962671	-0.525807
-0.995263	0.262352
-0.115299	-0.0903054
0.808119	0.501488
-0.984399	-0.523107
0.721209	-0.253744
-0.886625	-0.211701
-0.115299	0.332887
-0.604168	0.431206
0.525662	0.347366
0.721209	0.610952
-0.897489	0.0155865
-0.278255	0.137451
1.60117	-0.559903
-0.886625	-0.521925
-0.951808	-0.551491
1.7424	0.675335
-0.886625	-0.384217
3.79565	0.811269
-0.278255	0.397308
0.112839	-0.438364
-0.908353	-0.236264
-0.864898	-0.325774
-0.712805	-0.535042
-0.984399	-0.614106
0.188886	0.429232
0.232341	-0.519332
-0.66935	-0.225842
-0.169618	-0.207108
-1.01699	-0.692011
-0.864898	-0.085288
0.0476569	-0.709213
1.67722	0.637393
-0.712805	-1.0186
3.9912	0.63897
-0.75626	0.339369
-0.973535	0.256032
-0.0283893	0.259065
-0.767124	0.271042
-0.484667	0.192912
-0.310847	-0.556506
1.43822	0.40281
-0.49553	-0.0321998
0.340978	-0.361601
-0.528122	0.55049
0.210613	0.388152
-0.984399	-0.0615065
-0.223937	0.0305331
1.22094	-0.0858649
-0.886625	-0.289753
-0.832306	-0.958962
-0.973535	-1.28661
0.0259294	0.379371
0.123703	0.374679
-0.256528	0.471855
1.07971	-0.114211
-0.538985	0.0755709
2.09004	0.603197
-0.299983	0.272366
-0.723669	-0.722759
-0.40862	0.711808
0.0150657	0.41209
1.45994	0.572319
0.297523	0.1745
0.156294	0.274248
1.24267	0.472293
2.02486	0.397547
-0.897489	-0.599145
-0.0718443	0.341602
1.22094	0.322402
-0.886625	-1.12182
1.17749	0.455937
-0.538985	-0.723498
2.67668	0.623475
-0.473803	-0.32088
-0.84317	-0.336383
-0.267392	-0.523203
-0.571577	0.0316194
-0.538985	-0.0805281
-0.712805	-0.640117
-0.332574	-0.211663
1.39476	0.52143
-0.886625	0.225662
-0.430348	-0.0779431
0.57998	0.639531
-0.745396	-0.374698
-0.908353	-0.802891
-0.875761	-1.03357
-0.897489	-1.4604
0.362706	-0.196135
-0.441212	-0.118239
-1.01699	-0.884975
-0.636759	-0.388501
0.254068	-0.0889435
0.905893	-0.358995
5.15362	0.635978
-0.604168	-0.586779
-1.02785	-0.17133
-0.799715	-1.19686
-0.636759	-0.665747
-0.615032	-0.520486
0.406161	0.22032
2.00313	0.44629
0.0693844	-0.13239
-0.951808	-0.100577
-0.854034	0.115294
-1.00613	-0.662095
2.42682	0.501125
1.30785	0.475598
-0.908353	-0.679885
-0.799715	0.348958
0.178022	0.165702
-0.365165	0.20189
-0.40862	-0.27746
-0.419484	0.229946
0.00420194	-0.0153017
-0.169618	-0.112065
-0.528122	0.487157
-0.66935	-0.196489
0.123703	0.185047
1.15576	0.0874365
0.482207	0.293286
-1.00613	-0.456971
-0.625895	-0.0631458
-0.93008	-1.03624
0.449616	-0.14652
-0.354302	0.33641
-0.473803	0.166319
-0.354302	-0.187954
-0.538985	0.140759
1.61204	0.732742
-0.430348	-0.357565
0.243204	0.128618
-0.397757	0.0475199
-0.213073	-0.292509
0.0259294	0.0870182
-0.647623	0.445871
-1.00613	-1.6776
0.590844	0.542307
-0.788851	0.192287
-0.593304	0.0803101
-0.32171	0.131275
-0.386893	0.730756
-0.593304	-0.584154
-0.647623	-0.296665
-0.528122	0.450896
0.156294	0.228178
-0.908353	-0.822476
-0.115299	0.252979
-0.810579	-1.03569
1.52513	-0.395523
2.01399	0.397871
-0.940944	-1.33365
-0.973535	-1.13316
0.167158	0.21492
-0.40862	0.700663
-0.386893	0.491256
-0.32171	0.344093
-0.93008	-0.774353
0.818983	0.55763
-0.299983	0.117482
-0.886625	0.300424
-0.951808	-1.31225
2.06831	0.536574
0.873302	0.315295
-0.658487	-0.0294822
0.373569	-0.196853
0.547389	0.136357
-0.832306	0.255293
-0.430348	-1.17249
-0.452075	0.218073
-0.886625	0.0699195
-0.419484	0.388686
-0.441212	0.437185
-0.549849	-0.167009
2.58977	0.28443
-0.821443	-0.134525
-0.49553	0.176649
0.417024	0.110698
-0.854034	-1.20575
0.438752	-0.0192378
2.94828	0.225307
-0.745396	-0.258563
-0.625895	0.252952
2.89396	0.541997
4.63216	0.822484
0.0476569	0.392957
1.61204	0.428396
-0.441212	0.176281
-1.01699	-0.0484985
-0.897489	-0.883485
-0.940944	0.394641
1.09058	0.293231
-0.14789	0.29638
-0.484667	-0.338785
0.101976	0.224005
-0.169618	0.41517
-0.039253	0.104933
-0.810579	-0.20691
-0.310847	0.337708
-0.039253	-0.0229484
-0.0283893	0.211314
0.0367932	0.0260701
-0.343438	-0.704679
0.395297	0.486747
0.938484	0.200758
2.83964	0.103991
1.22094	0.338941
0.406161	0.420763
-0.93008	-0.480503
0.0259294	-0.091671
-0.810579	0.50378
3.04605	0.42325
-0.995263	-0.353524
-0.571577	0.100816
-0.75626	-0.120449
0.145431	0.219191
0.7538	-0.193402
-0.115299	0.420588
0.0911119	0.311332
-0.517258	-0.111232
-0.299983	0.504146
-0.767124	-0.29431
-0.299983	0.110763
-0.647623	-0.570934
0.232341	0.483349
-0.908353	-0.292912
-0.647623	-0.813924
-0.278255	0.139712
-0.734533	-0.626288
-0.441212	0.540604
-0.332574	-0.101101
-0.854034	-0.398146
1.00367	0.293037
-0.777988	0.441157
-0.93008	0.022019
-0.278255	0.582565
-0.115299	0.134757
2.38336	0.163162
0.460479	0.216951
-0.973535	-0.264148
-0.973535	-0.334763
0.243204	0.387501
-0.223937	0.349667
0.503934	0.327048
-0.66935	0.122148
0.0693844	-0.167115
0.145431	0.181474
0.960212	-0.454622
1.48167	0.161494
1.42735	-0.190931
0.449616	0.175615
-0.832306	0.114224
0.188886	-0.0351531
1.67722	0.270808
0.732073	0.592347
-0.343438	0.504186
0.00420194	0.193047
-0.528122	-0.854687
-0.115299	0.461643
-0.604168	-0.25911
0.264932	0.450644
-0.864898	-0.144538
-0.886625	-0.373928
-0.919216	-0.108409
2.6115	0.469949
-0.58244	0.278797
-0.810579	-0.692425
3.18728	0.802763
-0.14789	0.427904
-0.680214	-0.393732
3.05691	0.452053
-0.158754	0.487902
-0.745396	-0.45092
-0.636759	0.381137
-0.691078	0.168279
-0.506394	0.21625
-0.886625	-1.03373
-0.908353	0.282978
1.95968	0.640597
-0.951808	-0.540977
-0.32171	0.506688
1.85104	0.477516
-0.343438	-0.850183
0.319251	-0.0148418
-0.604168	-0.586779
0.0150657	0.197078
0.66689	0.485021
-0.202209	-0.125678
1.21008	-0.0632387
-0.962671	-0.0871176
-0.647623	0.177061
1.80758	0.468166
1.48167	0.313982
-0.854034	0.353736
0.0693844	-0.201688
-0.973535	-0.330858
-0.799715	-0.542924
-0.908353	-1.0767
-0.289119	0.545154
-0.180482	0.183436
0.0585207	-0.294899
-0.799715	-0.72618
-0.984399	0.258455
1.41649	0.191352
-0.593304	-1.49339
-0.962671	-0.00019565
-0.462939	0.288941
-0.14789	0.325318
1.18835	0.426427
0.0367932	0.290309
0.732073	0.343508
-0.658487	0.302049
1.39476	-0.691321
-0.940944	-0.783788
0.243204	0.39365
0.503934	0.283427
-0.104436	-0.666388
-0.256528	-0.259025
0.482207	-0.0941381
0.7538	0.23964
3.3611	0.725897
1.68808	0.312208
0.569117	0.0487783
-0.701941	-0.467072
3.8391	0.151181
-0.452075	0.276956
0.558253	0.496555
-0.528122	-0.0977037
-0.137027	0.0328077
-0.84317	0.228836
-0.93008	-0.0562359
-0.875761	-0.421447
-0.40862	-0.730243
-0.951808	0.481408
-0.40862	-0.635021
-0.75626	0.408547
0.112839	-0.971559
-0.462939	0.311468
-0.49553	0.352643
-0.14789	0.392732
-0.799715	0.619936
-0.940944	-0.160418
-0.832306	0.076879
1.41649	0.769438
0.623435	0.169187
1.1449	0.279358
-0.0283893	0.249491
-0.430348	0.250729
-0.723669	-0.0931211
-0.951808	-0.542031
-0.799715	-0.542924
2.02486	0.0872441
-0.223937	-0.799807
-0.951808	-0.332253
-0.082708	-0.158339
-0.625895	0.254787
-0.995263	-0.48629
-0.908353	-1.03083
-0.919216	-0.646112
-0.995263	-1.14852
0.308387	0.163365
-0.180482	0.671843
-0.647623	-0.231577
-0.0935718	-0.43905
3.3611	0.388307
0.645163	-0.723489
0.101976	0.623393
0.188886	-0.598188
-0.897489	-0.599323
-0.680214	-0.395472
-0.625895	-1.09808
0.851574	0.624912
0.308387	0.407533
-0.462939	0.320723
-0.767124	-0.178851
0.101976	-0.609779
0.232341	-0.0674496
-0.517258	0.489063
-0.799715	-0.236349
-0.560713	-0.137528
-0.528122	-0.161287
0.286659	0.61693
-0.951808	0.330909
-0.58244	-0.837175
-0.647623	-0.335139
0.525662	0.465058
0.232341	0.332793
-0.701941	-0.370699
-0.2348	-0.524383
-0.940944	-0.282751
1.01453	-0.425417
4.63216	0.207021
-0.484667	0.037722
0.569117	0.0908736
0.340978	0.62447
-0.810579	-0.887325
-0.658487	-0.503589
-0.93008	-1.03848
-0.538985	-0.64642
-0.213073	0.534163
-0.0609805	0.114119
0.514798	0.277967
0.199749	0.517576
1.43822	-0.0268864
-0.593304	0.310727
-0.734533	0.143708
-0.875761	0.153203
0.134567	0.150426
-0.734533	-0.0694584
0.938484	0.200758
1.90536	0.0596488
0.0802482	0.521171
-0.973535	-1.80479
0.221477	0.421646
-0.0609805	0.302305
0.710345	-0.184487
-0.615032	0.220654
-0.875761	-0.327591
3.08951	0.602599
-0.973535	-0.908931
0.330114	0.284873
-0.636759	-0.815025
-0.832306	-1.70753
0.449616	0.473876
-0.864898	-1.01904
-0.560713	-0.652862
-0.0609805	-0.503888
-0.332574	-0.0525747
-0.538985	0.324677
-0.93008	0.103749
0.721209	0.234669
0.286659	-0.0102816
0.612572	0.142487
1.10144	0.366637
-0.223937	-0.0671893
-0.875761	-1.1889
1.54685	0.40743
1.19921	0.350025
-0.951808	-0.61276
-0.886625	-0.42334
-1.00613	-0.267435
-0.745396	-0.465808
0.254068	0.500967
-0.701941	-0.147546
-0.604168	0.165089
0.264932	0.312245
-0.951808	-1.53746
-0.647623	-1.14407
0.482207	0.0778715
2.81791	0.276555
0.569117	0.619666
-0.984399	-0.321752
0.601708	0.394519
-0.973535	-0.806112
-0.560713	0.355318
-0.158754	0.272159
-0.484667	-0.283258
-0.310847	0.627903
1.82931	0.396014
-0.082708	0.0799804
-0.864898	0.4443
0.308387	0.407296
-0.84317	0.567626
-0.973535	0.484025
0.862438	0.396396
-0.680214	-0.29963
0.101976	0.32065
0.243204	0.166379
-0.908353	0.397036
-0.93008	-0.204135
5.6968	0.581093
1.24267	0.661148
-0.452075	-0.0288376
-0.625895	-0.923444
-0.40862	-1.12246
-0.245664	0.253477
-0.951808	-0.410325
0.634299	0.318253
-0.680214	-0.78768
0.264932	0.422291
-0.0718443	-0.250345
-0.854034	-1.05989
-0.49553	0.121015
-0.93008	-0.560994
0.362706	0.174784
-0.441212	-0.208201
3.68701	0.611251
-0.821443	-0.0587419
1.66636	0.556999
2.14436	0.492978
-0.984399	-0.860832
-0.962671	-0.214451
-0.2348	0.383275
0.569117	-0.100806
-0.734533	0.165005
-0.58244	0.107178
-0.299983	-0.619134
0.66689	0.168332
-0.940944	-0.917728
-0.571577	0.394809
-0.962671	0.235667
-0.082708	0.404892
1.57945	0.525968
0.145431	0.544197
-0.962671	-1.12758
-0.886625	0.310077
0.710345	-0.170118
-0.397757	0.0891882
-0.289119	-0.134134
-0.158754	0.645496
-0.875761	0.261031
-0.680214	-0.329152
0.112839	-0.0527399
2.99173	0.843406
0.00420194	-0.023501
-0.93008	-0.528982
0.471343	-0.210341
-0.908353	-0.931327
-0.75626	0.235543
0.710345	0.545209
-0.691078	0.191003
-0.821443	-0.154658
2.68755	0.395023
-0.767124	0.271042
0.0911119	0.11118
0.438752	0.123176
-0.864898	0.105328
1.64463	-0.178091
-0.951808	-0.220311
-0.191345	0.0795803
-0.484667	0.554852
-0.962671	-0.734231
0.232341	-0.062365
-0.278255	0.360893
0.775528	-0.849961
1.06885	0.505031
-0.462939	-0.0433169
-0.777988	-0.486748
-0.289119	-0.577647
-0.452075	-0.49177
1.22094	-0.186594
-0.832306	-0.714504
-0.832306	-0.752143
-0.245664	-0.681205
-0.571577	-0.0949894
-0.951808	-1.2436
-1.00613	-1.17707
1.70981	0.642711
0.264932	0.530801
-0.289119	0.580921
0.829847	0.599998
0.0585207	0.206383
0.395297	0.141572
0.395297	0.403057
-0.723669	0.0376695
0.00420194	0.387681
0.406161	0.288708
0.286659	0.575992
-0.58244	-0.690841
-0.767124	0.221665
1.19921	0.328252
-0.919216	-0.945613
-0.343438	-0.0414515
-0.332574	-0.139573
1.59031	0.67086
1.1123	0.396308
0.308387	-0.496007
-0.973535	-0.147843
0.286659	0.438075
0.0476569	0.488825
-0.984399	-0.690065
-0.919216	0.313538
-0.180482	0.385834
-0.365165	0.314041
-0.886625	0.227304
0.992803	0.438937
1.56858	0.544417
0.0259294	-0.422367
-0.940944	-0.735104
0.971075	0.531919
0.590844	0.102247
-0.0283893	-0.0395119
-0.799715	0.154006
-0.93008	-0.479182
-0.658487	0.314662
-0.115299	-0.130623
1.04712	0.306354
-0.84317	-0.420661
1.00367	-0.100846
1.1123	0.428296
-0.701941	-1.33319
-0.32171	0.243267
-1.00613	-1.29457
-0.354302	-0.0887702
0.0476569	0.215095
0.569117	0.167617
-0.104436	-0.65958
-0.984399	-0.801747
-0.549849	0.477956
-0.0175256	0.440408
-0.202209	-0.359662
-0.940944	-0.548444
-0.940944	-0.272147
-0.908353	-0.740112
-0.441212	0.309672
-0.951808	0.128108
0.482207	0.207452
2.81791	0.276555
-0.039253	-0.564346
-0.310847	0.199542
-0.897489	-0.185823
-0.517258	0.617142
-0.832306	-0.443536
-0.299983	0.546483
-0.799715	0.407297
1.68808	0.250957
3.18728	0.478317
-0.115299	-0.561682
0.00420194	0.470568
1.59031	0.634497
-0.951808	-0.0646664
-0.0283893	0.163442
0.57998	-0.0252261
-0.723669	0.306158
0.7538	0.590958
1.2644	0.512176
-0.712805	-0.474274
-0.397757	0.0193929
1.1123	0.192862
-0.745396	-0.114341
-0.701941	0.186667
-0.452075	0.246079
4.5887	0.548824
-0.104436	0.279502
0.406161	0.479384
0.384433	0.476517
0.308387	0.467904
2.45941	0.636554
2.78532	0.131353
-0.864898	-1.41085
-0.647623	-0.182312
2.11177	0.396297
-0.484667	0.435079
-0.0935718	0.505663
-1.02785	-1.46687
-0.962671	0.0289772
3.03519	0.821573
0.0150657	0.573213
-0.267392	0.160082
0.797255	0.577181
0.66689	0.265789
-0.549849	0.516573
0.123703	-0.359443
0.732073	0.319981
-0.604168	-0.249766
-0.636759	0.0664345
0.645163	-0.458132
-0.191345	-0.163941
2.52459	0.262108
0.0367932	0.36206
-0.854034	0.474308
0.873302	-0.0074631
-0.615032	-0.690905
0.188886	-0.111612
0.0911119	0.552911
-0.691078	-0.942208
1.01453	0.0264543
0.167158	0.0409006
0.210613	0.429357
0.7538	0.611743
-0.560713	0.47109
-0.691078	0.202299
-0.995263	-0.545515
0.134567	0.401994
0.612572	-0.0394314
0.742937	0.493511
0.558253	0.108404
-0.951808	0.469341
-0.517258	-0.435528
0.156294	0.125635
-0.549849	0.199601
0.210613	-0.0362848
-0.484667	-1.23761
-1.00613	-0.986299
-0.517258	0.474975
0.57998	-0.357126
-0.473803	0.212576
-0.506394	-0.0917898
0.0367932	0.496288
-0.137027	-0.407431
-0.908353	-0.0444316
-0.202209	0.461762
-0.777988	0.151126
-0.0718443	0.410557
0.199749	0.180636
0.0585207	0.448846
-0.397757	0.153189
1.54685	-0.082921
0.243204	0.0319528
-0.604168	-0.588665
-0.875761	0.0457394
-0.832306	-0.51338
-0.680214	-0.2734
-0.973535	-0.497856
-0.462939	0.247425
-0.354302	0.146307
0.547389	0.207637
-0.528122	-0.685662
0.221477	0.0794896
-0.441212	0.390972
1.00367	0.293037
1.85104	0.402962
-0.58244	0.37753
-0.256528	0.126171
0.0693844	-0.249067
-1.04958	-0.766347
0.286659	0.63937
0.612572	0.468052
-0.169618	0.339886
0.49307	-0.254335
-0.951808	-0.151607
-0.625895	-0.072604
-0.245664	0.436181
-0.58244	0.419645
-0.723669	0.297366
-0.14789	0.464818
-0.875761	-0.680467
-0.343438	-0.244383
7.196	-0.393965
2.14436	-0.164584
-0.40862	-0.611528
0.623435	0.668672
0.0693844	-0.572996
0.0802482	-0.342285
-0.908353	-0.275406
0.818983	0.314103
-0.66935	-0.20222
0.199749	-0.095462
-0.919216	0.313538
-0.995263	-0.482208
0.981939	0.299087
-0.658487	-0.136972
-1.00613	-0.560372
-0.810579	-0.49575
-0.137027	-1.2927
3.21987	0.513806
-0.93008	0.0129963
-0.310847	0.248035
-0.039253	0.229356
0.264932	0.530801
-0.00666181	0.406832
2.38336	0.163162
-0.593304	-0.0141911
-0.821443	0.315746
0.525662	0.719087
0.0150657	0.139132
0.710345	-0.175413
-0.082708	0.516879
-0.462939	0.440108
1.05799	0.125867
-0.223937	-0.25145
-0.625895	0.11216
0.699482	-0.0388957
-0.962671	-0.25483
0.808119	0.300561
-0.897489	-0.433759
0.449616	0.672374
0.417024	0.442119
-0.158754	0.504067
-0.636759	-0.412881
0.460479	-0.860189
-0.897489	-0.249852
-0.256528	-0.206853
1.09058	0.64036
-0.832306	-0.0737921
0.221477	-0.538167
-0.886625	0.199247
-0.245664	-0.00580331
-0.864898	-0.473487
-0.604168	-0.412858
0.916757	0.69454
0.178022	0.0674544
0.797255	0.390872
-0.202209	0.0744373
-0.376029	0.47383
-0.419484	0.368099
0.384433	0.388685
-0.441212	0.345753
1.06885	0.597146
0.330114	0.56616
-0.0175256	0.0989177
3.30678	0.544083
-0.919216	-0.706746
-0.940944	-1.08272
-0.821443	-0.999711
-0.462939	0.382687
-1.03872	-1.12604
0.340978	-0.361601
-0.647623	-0.198571
-0.75626	-0.784156
-0.919216	-0.651339
-0.419484	-0.572912
-0.951808	-0.752161
-0.560713	-0.214958
1.42735	0.34285
-0.452075	-0.503534
-0.462939	-0.142527
0.569117	0.331484
-0.267392	0.399421
-0.93008	-0.325348
-0.995263	-0.405223
-0.343438	-0.281885
-1.00613	-0.704697
-0.386893	0.433118
-0.14789	0.240241
-0.810579	-1.02162
-0.256528	0.322287
1.15576	0.62432
-0.93008	-0.274829
-0.788851	-0.572848
0.471343	-0.38954
-0.126163	-0.272609
2.68755	0.62443
0.275796	0.239309
-0.538985	-0.400433
-0.571577	0.301215
0.156294	0.50796
-0.93008	-0.0925805
-0.039253	-0.0536768
2.15522	0.250268
0.145431	0.504583
1.53599	0.265706
-0.647623	-0.255474
-0.940944	-0.598534
0.340978	0.398575


test data
expected	elaborated
===========================
0.699482	0.255745
0.590844	-0.123419
-0.875761	-1.19872
-0.647623	0.148481
2.03572	0.3694
0.275796	0.31904
0.634299	-0.19076
-0.593304	0.58343
-0.636759	-0.66705
-0.538985	0.0128282
-0.908353	-0.619396
0.797255	0.614264
-0.430348	0.0386026
-0.549849	0.579382
-0.734533	-0.580411
-0.376029	0.234439
-1.03872	-1.27516
1.15576	0.272627
-0.517258	-0.211473
0.0585207	-0.132753
-0.0501168	0.147824
1.84017	0.425275
-0.777988	-0.852911
0.57998	0.363636
-0.897489	-0.599407
-0.452075	-0.535565
0.406161	-0.117431
0.210613	-0.119421
-0.821443	-0.65986
1.91622	0.622377
0.0476569	-0.978654
0.49307	0.557644
-0.940944	-0.56969
-0.984399	-0.22625
0.525662	-0.497118
0.167158	0.146671
0.134567	0.537604
-0.723669	-1.0764
-1.00613	-0.585274
1.5034	0.155754
0.992803	0.517613
-0.821443	-0.62765
-0.875761	0.183886
0.286659	0.313051
0.818983	0.529014
0.884165	-0.00888976
1.64463	0.308262
-0.821443	-0.698256
0.123703	-0.306628
0.0802482	0.247229
-0.973535	0.00536289
-0.506394	0.509096
-0.93008	-1.2306
-0.213073	0.557362
-0.604168	-0.412858
-0.180482	0.231896
-0.777988	-0.0558727
-0.832306	0.169314
0.0693844	0.147819
-0.202209	-0.0282563
-0.560713	-0.161419
-0.691078	-0.152495
-0.473803	0.482039
-0.875761	-0.424143
0.0150657	-0.120713
-0.14789	0.11987
-0.734533	-0.837016
-0.517258	0.41615
-0.213073	-0.501217
-0.821443	-1.15528
-0.767124	0.361021
-0.908353	-0.627744
-0.658487	0.0360997
-0.0935718	0.511302
-0.604168	-0.878884
2.47027	0.212211
-0.691078	0.283848
-0.984399	-0.95221
-1.02785	-0.148812
2.53545	0.287676
-0.0283893	0.591175
0.66689	0.308833
-0.452075	0.0251483
-0.549849	-0.266556
-0.58244	0.0372367
-0.484667	-0.332128
0.112839	0.432964
-0.462939	-0.138951
-0.973535	-0.611216
-0.082708	-0.285844
0.123703	-0.559658
-0.462939	-0.0960194
-0.886625	-0.284764
-0.538985	-0.770168
-0.32171	0.506688
-0.897489	-0.535739
-0.973535	-1.40371
-0.875761	0.375735
0.167158	-0.173763
-1.00613	-0.628391
-0.832306	0.378585
0.395297	0.26466
-0.767124	0.476576
-0.788851	0.600979
0.00420194	0.246735
2.30732	0.305921
-0.473803	0.345438
-0.712805	0.343248
0.123703	0.219708
-0.397757	0.507568
2.53545	0.323081
-0.897489	0.385616
0.308387	0.120944
-0.0501168	0.114282
-0.419484	-0.706017
-0.701942	-0.029703
-0.919216	-0.676655
-0.213073	0.166062
-0.636759	0.292992
4.13243	0.481869
-0.973535	-0.555981
-0.158754	0.177697
-0.973535	-1.25289
-0.984399	-1.28253
0.167158	0.369326
-0.712805	-0.48795
0.112839	0.245864
0.949348	0.443628
-0.940944	-0.373521
-0.484667	0.227691
-0.962671	0.307843
0.503934	0.0493267
-0.0609805	0.0534344
1.77499	-0.0259019
-0.919216	-0.726045
-0.560713	-0.412426
0.514798	0.37529
1.48167	0.53656
0.0911119	0.153987
-0.84317	-0.68194
0.438752	0.00912576
0.0259294	0.44288
-0.973535	-0.0306931
0.167158	0.143568
-0.93008	-0.452742
-0.658487	0.26952
0.92762	0.303619
-0.647623	-1.00387
-0.788851	-0.938671
-0.864898	-0.309323
-0.734533	-0.183589
1.75326	0.506319
1.24267	0.577952
0.721209	0.082757
-0.75626	-0.355755
-0.734533	-0.440473
0.775528	0.0274286
-0.32171	0.649175
-0.473803	0.552366
-0.745396	-0.465246
-0.462939	-0.383376
-0.734533	0.388068
0.243204	0.466898
-0.897489	-0.418525
-0.0718443	0.380244
-0.908353	-0.409257
-0.180482	-0.0650843
-0.93008	-0.0550989
1.09058	0.46971
-0.213073	0.154864
0.123703	0.440158
0.710345	0.185896
0.612572	0.253971
-0.897489	-0.452704
-0.940944	-0.598534
-0.49553	0.368569
-0.082708	0.0799514
-0.75626	0.680698
-0.93008	-0.539188
0.558253	0.510157
-0.299983	-0.33657
0.112839	0.147039
4.30625	0.53414
-0.962671	-0.394474
-0.984399	-1.53504
-0.984399	-0.623485
0.764664	0.58374
-0.213073	0.175841
1.7424	0.444703
-0.625895	-0.0546925
0.167158	0.699082
2.253	0.195288
-0.951808	-0.195288
0.471343	0.381328
0.123703	0.493763
0.656027	0.237649
-0.180482	-0.180318
-0.213073	0.374958
-0.658487	-0.214642
-0.84317	-1.18818
-0.951808	0.105199
2.94828	0.455609
-0.32171	0.327563
-0.919216	-0.721693
-0.604168	0.442989
-0.571577	-0.72367
-0.593304	-0.485867
-0.821443	0.176914
2.04659	0.565992
-0.354302	0.177261
2.07918	0.45635
0.57998	0.398872
0.156294	0.0908071
-0.49553	-0.0544598
-0.137027	-0.168907
-0.897489	-0.744149
-0.886625	0.00193984
-0.0501168	0.219408
-0.897489	-0.816793
0.0259294	0.539538
-0.082708	0.324035
-0.647623	-0.193391
1.28612	0.179734
0.0367932	0.344589
0.0911119	-0.0787711
-0.712805	-0.493028
2.01399	0.538216
-0.799715	-0.385967
-0.767124	-0.220752
0.460479	-0.260374
-0.854034	-0.221238
-0.256528	-0.18589
-0.517258	-0.521329
-0.0501168	0.522788
-0.223937	0.200021
-0.854034	-0.333892
-0.115299	0.154463
0.938484	0.356569
-0.462939	0.047912
0.178022	0.351553
-0.202209	0.345995
-0.854034	-0.650657
-0.777988	-0.223523
-0.745396	0.425858
-0.636759	-0.729544
-0.32171	0.533422
0.427888	0.803486
-0.723669	-0.946707
-0.32171	0.0731383
1.67722	0.374187
-0.777988	-0.485473
-0.647623	0.170564
0.558253	0.108404
0.645163	0.0767819
-0.158754	-0.0244187
-0.158754	-0.7897
-0.995263	-0.470032
-0.897489	-0.702565
2.81791	0.652855
-0.636759	0.165656
-0.0935718	0.552878
-0.376029	0.00523159
0.0693844	0.559842
0.0259294	0.276038
-0.799715	0.472797
-0.343438	0.465778
-0.289119	0.0507412
-0.821443	0.429578
1.42735	0.525688
0.742937	-0.493946
-0.452075	-0.468036
-0.810579	-0.373557
0.0585207	-0.920639
0.384433	0.261404
-0.832306	-0.89963
-0.723669	-0.346648
-0.0935718	0.362772
0.57998	0.42219
-0.66935	-0.376588
-0.745396	0.275724
-0.93008	-1.18058
0.514798	0.284911
3.92601	0.263833
0.395297	0.174078
-0.528122	0.250887
-0.75626	0.193739
-0.2348	0.0846839
0.938484	0.472313
-0.821443	-0.297084
-0.560713	0.106757
-1.01699	-0.600561
-0.919216	0.0822095
-0.549849	0.171795
-0.777988	0.217186
3.37196	0.146697
-0.14789	0.280698
-0.919216	0.486849
-0.788851	0.580283
1.34044	0.442706
-0.517258	0.37576
2.78532	-0.0604222
-0.691078	-0.427463
0.482207	0.715808
-0.767124	0.397563
0.677754	0.517549
0.949348	0.318786
0.829847	0.572858
-0.40862	-0.133292
-0.962671	0.514518
-0.940944	-0.592858
-0.571577	0.790559
0.92762	0.367462
-0.680214	-0.866636
-1.00613	-0.612859
0.558253	-0.282667
0.688618	0.12016
-0.256528	-0.0143753
-0.984399	-0.632781
0.351842	-0.402224
-0.734533	-0.362587
-0.636759	0.099701
0.514798	0.472631
0.264932	0.776754
-0.430348	0.151019
0.254068	0.668622
-0.886625	-0.277408
-0.245664	0.132093
-0.267392	0.23293
0.536525	0.171448
-0.854034	-0.383558
-0.984399	-0.241886
0.406161	0.266382
-0.571577	-0.105921
1.84017	0.390027
-0.647623	-0.924602
0.101976	0.339372
-0.354302	0.227359
0.558253	0.426104
2.1009	0.285081
0.0585207	-0.549275
-0.386893	0.227596
-0.788851	0.0676505
-0.712805	-0.667058
0.981939	-0.517891
0.0259294	-0.0759949
-0.854034	0.44176
-0.419484	-0.163219
-0.202209	-0.352766
0.156294	-0.323075
-0.430348	-0.329811
-0.951808	-0.166582
-0.951808	-0.870001
-0.897489	0.0249894
-0.908353	-0.259751
0.482207	0.294815
0.406161	-0.283785
-0.115299	0.457929
4.00206	0.229619
-0.93008	0.31518
-0.75626	-0.11385
-0.919216	-0.634276
2.03572	0.565419
0.775528	0.598917
1.00367	0.309277
-0.854034	-0.593936
-0.919216	-0.415338
-0.549849	-0.61674
0.721209	0.405193
0.656027	0.343611
-0.58244	0.427634
-0.951808	-0.527853
-1.00613	-0.580931
-0.473803	0.0128604
1.55772	0.478117
2.20954	0.0705832
-0.441212	0.39436
-0.908353	-0.343746
0.112839	0.480584
-0.354302	0.22905
1.23181	0.415298
0.547389	0.0691599
-0.332574	0.441397
1.24267	0.656971
-0.299983	-0.000126756
0.340978	0.645805
-0.0935718	-0.296283
0.449616	0.393176
-0.875761	-0.553998
0.167158	0.534321
-0.310847	0.158832
0.84071	0.0717896
-0.00666181	-0.159236
-0.397757	0.582472
1.37303	-0.197486
1.73154	0.384366
-0.734533	-0.333499
-0.32171	0.0228965
-0.951808	-0.46233
-0.32171	0.289425
-0.962671	-0.187764
-0.973535	-0.789751
2.44854	0.356194
4.49093	0.371104
1.37303	0.378221
-0.658487	-0.66439
-0.788851	-0.531364
-0.560713	-0.174903
1.8619	-0.168616
-0.473803	0.0193078
-0.799715	0.725081
-0.723669	-0.354745
-0.691078	0.146761
-0.202209	0.495296
-0.734533	0.766989
-0.691078	0.518063
-0.549849	0.0820145
-0.039253	0.0383084
0.536525	0.339725
0.395297	-0.357964
-0.538985	-0.000326144
1.05799	0.362612
-0.137027	0.311108
-0.734533	0.537231
0.829847	0.346178
0.0367932	0.159927
-0.386893	0.279587
0.677754	-0.259819
-0.799715	-0.268638
0.677754	-0.217276
0.178022	0.323241
-0.0501168	-0.37918
-0.864898	0.239264
-0.365165	-0.784461
-0.00666181	0.400689
-0.788851	-0.882669
-0.734533	0.135344
-0.506394	-0.956765
-0.897489	-1.19953
-0.908353	-0.154822
0.156294	-0.256318
1.22094	0.25307
-0.213073	-0.0524379
-0.810579	0.100316
0.0259294	0.462333
-0.864898	0.16183
0.0476569	0.487554
-0.223937	0.603375
-0.267392	0.118202
-0.560713	-0.419316
-0.549849	-0.723833
0.373569	-0.421636
0.297523	-0.344951
0.210613	0.00598193
0.786392	0.630771
2.01399	0.405588
-0.701942	-0.217759
-0.821443	0.0491419
-0.886625	0.0562901
-0.973535	0.363538
0.264932	0.111719
0.254068	-0.357992
-0.169618	0.0837691
0.699482	0.332589
-0.126163	0.566269
1.85104	0.272458
-0.951808	0.0499082
-0.75626	-0.0501683
-0.777988	-1.07444
-0.40862	0.329167
1.36217	0.297474
-0.245664	0.537702
-0.777988	0.108135
-0.84317	-1.31095
-0.289119	0.432579
-0.734533	-0.854582
1.34044	0.528937
-0.386893	-0.377586
-0.864898	0.00298194
-0.832306	-0.286435
2.80705	0.519955
-0.223937	-0.0671893
0.0150657	0.0855177
0.547389	-0.293026
-0.538985	-0.0548473
0.0259294	0.442663
-0.734533	-0.636235
-0.376029	-0.0552729
2.43768	0.387821
-0.571577	0.359016
0.330114	0.414502
2.1335	0.687055
-0.49553	-0.658441
-0.126163	0.427029
0.0367932	0.163229
0.895029	0.0770049
-0.962671	-0.162737
-0.951808	0.0024793
-0.854034	-0.568518
0.764664	0.725239
-0.169618	0.218114
-0.625895	0.0841342
0.167158	-0.324315
-0.875761	-0.232137
2.19868	0.792331
1.29699	0.16155
-0.0935718	0.0561507
-0.158754	0.178402
1.99227	0.674021
2.40509	0.539399
0.547389	0.431083
-0.940944	-0.78767
-0.126163	-0.292165
-0.473803	0.0948069
-0.202209	0.176259
0.829847	0.454985
-0.604168	-0.876278
-0.854034	-0.569404
1.1123	0.565385
-0.0175256	0.00142927
-0.289119	0.190249
-0.462939	-0.55152
-0.658487	-0.164708
-0.951808	-1.38102
1.02539	0.529693
0.710345	-0.297884
0.362706	0.502856
-0.386893	0.490601
-0.995263	-0.772179
-0.875761	-1.07628
-0.767124	-0.482904
0.145431	0.00890779
-0.767124	-0.0404579
-0.0609805	0.123835
-0.397757	0.520973
-0.593304	-0.860759
-0.951808	-1.04139
0.438752	-0.152286
0.471343	-0.142365
-0.864898	-0.502323
-0.0609805	-0.173104
-0.528122	0.561889
-0.940944	-0.798368
1.16662	0.433634
-0.940944	-0.316689
-0.723669	-0.12693
0.797255	0.514829
0.264932	0.179284
2.16609	0.714654
-0.973535	-0.178958
3.13296	0.210257
-0.832306	0.337608
-0.452075	-0.448667
2.00313	0.0783228
-0.278255	0.351653
-0.84317	0.519088
-0.821443	-0.582256
-0.213073	-0.6896
0.362706	0.0941168
0.775528	0.496747
0.895029	0.562579
1.56858	0.303315
1.66635	0.0593774
-0.58244	-0.289245
0.427888	-0.293443
-0.332574	0.627442
-0.560713	-0.597653
0.569117	0.183087
-0.419484	0.351446
0.0802482	0.539152
-0.354302	-0.111531
0.732073	-0.0372807
0.482207	0.202674
-0.0609805	-0.0530377
-0.940944	-0.585604
0.0150657	0.446073
-0.75626	0.165073
-0.788851	-1.02979
0.264932	0.344492
1.48167	0.0583349
-0.256528	-0.122095
-0.267392	0.401162
0.916757	-0.561604
-0.821443	-0.992033
0.0802482	0.391229
0.406161	0.488337
-0.951808	0.174637
-0.191345	-0.135674
0.84071	0.505393
0.0476569	0.442901
-0.636759	-0.608012
-0.701942	0.35593
-0.560713	-0.0108616
0.92762	0.577303
-0.919216	0.242262
-0.299983	-0.448465
0.57998	-0.255103
1.64463	0.273989
1.10144	-0.525402
-0.126163	0.39331
-0.256528	-0.637218
-0.886625	-0.531395
-0.734533	-0.91329
-0.897489	0.078039
1.68808	0.250957
1.97054	0.0851761
0.873302	0.739819
1.3839	0.093815
0.0911119	-0.284521
0.0259294	0.107957
0.101976	0.724132
-0.919216	-0.646112
-0.854034	-0.693991
-0.908353	-0.65933
-0.919216	-1.29157
-0.973535	-0.411063
0.797255	-0.0209739
-0.082708	0.433253
1.22094	0.484262
-0.615032	-0.560645
-0.995263	-0.661336
0.00420194	0.255161
0.340978	0.512145
-0.256528	0.0585037
0.395297	0.391556
-0.0501168	-0.31246
1.67722	0.292531
-0.0718443	-0.221995
-0.691078	0.350068
-0.473803	0.332048
1.53599	0.199294
0.514798	-0.0233203
-0.658487	-0.944007
-0.940944	0.274992
-0.538985	0.0204656
-0.158754	-0.372346
-0.973535	-0.218599
1.39476	0.120845
0.340978	-0.116524
0.514798	0.0161827
0.319251	-0.602876
1.24267	-0.117145
-0.712805	-0.643455
-0.278255	0.318215
-0.799715	0.559557
-0.419484	-0.360668
-0.267392	0.509948
0.145431	-0.649497
-0.75626	0.528341
-0.886625	0.394643
1.87277	0.417114
2.66582	0.490846
0.373569	0.336375
-0.691078	-0.240071
-0.441212	0.360483
-0.549849	0.2686
-0.289119	0.344729
0.884165	0.28734
-0.647623	0.20388
-0.712805	-0.564194
-0.571577	0.15102
-0.832306	-1.24777
0.178022	0.0247414
0.0585207	0.441878
-0.299983	0.24426
-0.680214	0.43675
-0.376029	0.338878
1.45994	-0.0134169
-0.962671	0.288211
-0.84317	-0.285766
-0.376029	-0.490591
0.66689	0.378891
-0.115299	-0.117581
-0.995263	-0.409371
-0.202209	0.297241
0.514798	0.492402
-0.0718443	-0.00782535
-0.723669	-0.314027
-0.788851	-0.376114
-0.701942	0.325234
-0.788851	-0.180008
-0.897489	-0.565255
-0.962671	-0.667465
-0.875761	0.139542
-0.571577	0.271436
0.243204	-0.102732
-0.0718443	-0.0775376
-0.777988	-1.02936
-0.647623	0.243094
-0.973535	-0.364713
-0.701942	-0.152314
-0.419484	-0.259545
-0.777988	-0.237029
-0.908353	-0.143003
-0.897489	-0.670191
-0.908353	-1.16075
-0.810579	0.0315809
-0.810579	-0.583266
1.07971	0.523095
-0.625895	-0.462293
-0.223937	-0.0529288
-0.951808	-1.08274
-0.908353	-0.147459
-1.03872	-0.820756
-0.49553	0.423948
-0.604168	0.428376
-0.75626	0.313877
0.199749	-0.0127953
-0.58244	0.352932
-0.799715	-0.493598
0.384433	0.472787
-0.58244	-0.53873
-0.137027	-0.582618
0.536525	0.0460564
0.178022	-0.859455
0.243204	0.166379
-0.919216	-0.148051
-0.343438	0.189223
-0.115299	0.206719
-0.832306	-0.311895
0.373569	-0.0371876
0.688618	0.360957
1.73154	0.531709
-0.734533	0.359093
-0.777988	-0.133859
-0.832306	0.390059
0.895029	-0.331737
-0.897489	-0.463087
-0.951808	-0.178792
-0.919216	-0.698772
-0.58244	-0.535873
-0.354302	0.331396
0.569117	-0.0747131
0.340978	0.297457
-0.299983	-0.00532412
-0.973535	-0.182641
-0.864898	-0.416714
-0.506394	-0.252711
0.482207	0.468367
-0.310847	0.180562
-0.691078	-0.251714
-0.625895	-0.495586
-0.962671	0.00963825
0.634299	-0.0940638
-0.549849	-0.359179
0.0476569	0.507305
-0.908353	-0.312224
0.134567	0.333371
0.884165	0.607029
-1.03872	-1.12604
-0.0935718	0.0857643
-0.832306	-0.248569
1.35131	0.688261
0.49307	-0.0530594
-0.701942	-1.33319
-0.886625	-0.981578
-0.777988	-0.539957
-0.799715	-0.440179
-0.886625	0.286003
-0.126163	-0.0983148
-0.75626	-0.155616
-0.245664	0.149733
3.23073	0.342469
2.70927	0.585435
0.188886	0.0494541
1.72067	0.128439
-0.354302	-0.054015
0.612572	0.509483
-0.278255	-0.535377
-0.940944	-0.107421
-0.452075	0.370466
-0.864898	-0.816173
-0.397757	-0.00589293
-0.593304	-0.128711
2.01399	0.289994
-0.908353	-0.814355
-0.430348	-0.212073
-0.0935718	-0.40939
0.818983	0.55414
-0.137027	0.393871
2.06831	0.43593
-0.354302	0.313955
-0.951808	-0.590881
-0.376029	-0.693789
-0.701942	0.476314
0.199749	-0.00694686
-0.788851	-0.177911
1.3839	0.301764
-0.169618	0.00967688
1.17749	-0.327644
-0.137027	0.578689
2.67668	0.623475
-0.734533	0.0604421
-0.202209	0.0495838
-0.734533	-0.324395
-1.00613	0.410628
0.254068	0.546558
1.29699	0.455066
-0.441212	-0.387553
-0.680214	-0.714282
-0.082708	0.251114
0.417024	-0.0694086
0.134567	0.631028
-0.919216	-0.33464
1.09058	0.25377
-0.560713	0.045023
0.623435	-0.0299804
-0.745396	-0.0183181
-0.49553	0.0862636
-1.03872	-1.06181
3.80651	0.389413
0.243204	0.244901
-0.169618	0.231142
0.764664	0.695158
-0.158754	0.0411786
1.12317	0.278769
0.49307	0.654235
0.0259294	0.46075
0.460479	-0.863891
-0.137027	0.439784
-0.734533	-0.528564
-0.365165	-1.23991
0.0150657	0.728197
-0.723669	0.0507439
0.84071	0.480634
0.351842	0.511175
-1.00613	-1.08491
-0.039253	-0.100331
-0.951808	0.521432
-0.984399	-1.03804
-0.202209	0.424215
-0.625895	-0.251254
-0.854034	-0.434903
-0.484667	0.394625
-0.191345	-0.133213
-0.14789	0.0713894
0.0802482	0.284203
-0.039253	0.0814835
0.384433	-0.377442
-0.93008	-0.535439
-0.777988	0.0204104
0.732073	0.466102
0.199749	-0.282026
-0.039253	0.288654
-0.919216	-0.88164
-0.745396	-0.369882
-0.202209	0.581908
-0.691078	-0.234144
0.101976	0.344845
0.275796	0.269404
-0.734533	0.0541595
-0.962671	-0.446814
0.0693844	-0.133936
1.10144	0.00231531
-0.680214	-0.10471
0.0585207	0.382772
1.57945	0.431046
-0.973535	-0.882367
1.64463	0.524954
0.471343	0.271595
-0.00666181	-0.117741
-0.799715	-0.0303508
-0.571577	0.030445
-0.571577	-1.88765
1.09058	0.409618
-0.951808	-1.13215
0.677754	0.319822
-0.528122	0.00346635
-0.777988	-0.274694
0.905893	-0.28852
1.39476	0.0582193
-0.430348	-0.264474
-0.039253	0.309809
-0.267392	0.725446
-0.658487	-0.634297
-0.158754	0.333277
-0.995263	-1.47005
-0.886625	-0.811419
-0.658487	0.28313
-0.625895	0.275983
-0.506394	0.55425
-0.32171	0.375459
0.612572	0.142487
-0.278255	-0.347046
3.64356	0.700969
-0.126163	-0.304979
2.33991	0.244149
-0.940944	-0.456742
0.0367932	0.414492
0.742937	0.335193
-0.245664	-0.270117
-0.777988	0.209337
-0.973535	-1.37462
-0.376029	-0.0265146
0.199749	0.52781
-0.169618	-0.194101
-0.864898	-0.206316
-0.49553	0.842941
-0.854034	-0.400953
-0.376029	-0.0766939
-0.799715	-0.993353
-0.386893	0.617933
0.0911119	0.0556341
-0.604168	0.302482
-0.299983	0.791671
-0.951808	-0.724315
0.797255	0.50541
0.92762	0.424544
0.949348	0.326294
-0.810579	0.420592
0.221477	0.488173
-0.32171	0.247481
1.93795	0.166159
-0.549849	0.138266
-0.538985	0.168622
-0.223937	-0.0486022
0.0259294	-0.0569898
0.0693844	0.131855
-0.973535	-2.38631
0.00420194	-0.5064
-1.01699	-0.00485634
-0.940944	-1.15719
-0.84317	-0.978761
-0.788851	-0.689039
-0.962671	-0.767167
-0.365165	0.287574
3.20901	0.181442
0.438752	0.292314
-0.484667	-0.0844432
0.862438	0.566938
-0.549849	0.33526
0.0911119	-0.434298
0.460479	-0.229851
-0.777988	0.278584
-0.864898	-0.67976
-0.267392	-0.0239969
1.1449	0.680304
-0.701942	-0.284746
-0.66935	-0.240687
-0.0501168	0.460874
-0.213073	-0.168499
-0.202209	-0.0114607
-0.745396	-0.453599
-0.430348	0.329134
-0.940944	0.537358
-0.484667	-0.178957
0.232341	0.140461
-0.158754	0.417132
0.0259294	0.587506
0.634299	0.43305
0.286659	0.263678
0.210613	0.518813
0.384433	0.756106
-0.538985	-0.579443
-0.712805	0.38787
-0.191345	-0.309963
-0.343438	0.189086
-0.788851	-0.0645772
0.297523	-0.397169
-0.940944	-0.0102125
1.7424	0.69805
1.55772	0.455892
-0.810579	-0.306746
0.112839	-0.452191
-0.0283893	-0.329699
-0.376029	-0.193594
0.482207	0.779837
0.721209	0.399121
-0.875761	0.261134
-0.267392	-0.107426
-0.039253	0.552635
-0.897489	-0.517307
-0.0935718	0.633019
-0.647623	-0.565865
0.308387	-0.166136
-0.0501168	0.261267
-0.864898	-0.463694
-0.962671	-0.418547
-0.832306	-1.48528
-0.625895	0.142064
0.112839	0.440527
-0.680214	-0.0314041
0.797255	0.513789
-0.951808	-0.827508
-0.799715	-0.47526
-0.886625	-1.08924
-0.680214	0.557363
2.55718	0.791228
-0.93008	-0.151508
1.5034	-0.140668
-0.962671	-0.668576
-0.0609805	0.438666
-0.788851	0.101744
-0.875761	-0.674789
2.56805	0.439071
0.482207	0.133604
0.525662	0.219955
-0.951808	-0.97618
0.406161	0.758882
-0.289119	-0.983279
1.34044	0.268706
-0.973535	-1.18398
-0.528122	0.440353
-0.701942	-0.27458
-0.343438	0.206157
-0.0718443	0.197113
-0.256528	0.408447
-0.680214	-0.517463
0.0476569	0.432023
-0.615032	0.565211
-0.256528	-0.13273
-0.734533	0.0518035
-0.984399	-0.376677
1.32958	0.253561
0.112839	-0.599766
-0.0175256	0.248709
-0.897489	-0.95358
0.49307	0.356834
-0.0935718	0.0857879
0.210613	-0.471485
-0.430348	0.304889
-0.66935	-0.404954
-0.897489	-0.372072
0.308387	0.0157569
0.156294	0.0661841
0.688618	0.468773
0.319251	0.17153
-0.864898	-0.605369
-0.712805	-0.0926913
-0.343438	-0.502261
-0.137027	0.342201
-0.441212	0.479846
-0.962671	-0.107721
-0.365165	-1.19601
2.27472	0.236668
-0.299983	-0.214696
0.536525	0.633369
0.0802482	0.487958
-0.365165	0.229423
2.27472	0.215921
1.56858	0.544417
-0.712805	-0.251108
-0.00666181	0.465527
-0.973535	0.240882
-0.875761	-0.780611
-0.951808	0.18224
1.10144	0.729536
-0.66935	0.37928
0.199749	0.21261
-0.484667	-0.564358
-0.560713	-0.277092
-0.593304	-0.103776
3.61097	0.516507
0.340978	0.162606
-0.310847	0.288773
-0.636759	0.40786
0.362706	0.1521
-0.517258	-0.0588379
-0.0501168	0.113746
1.94881	0.555741
-0.40862	-0.177764
-0.549849	-0.516598
0.482207	0.155195
-0.115299	0.296609
-0.962671	-0.750696
-0.517258	-0.165445
2.68755	0.334737
0.243204	0.449513
0.167158	0.270228
1.36217	0.752487
-0.310847	0.260961
-0.560713	-0.659159
0.0693844	0.188138
-0.289119	-0.660865
0.351842	0.617306
-0.441212	0.361531
-0.462939	0.408077
0.340978	0.251059
1.40563	0.863529
-0.93008	-0.290078
0.829847	0.176576
-0.593304	-1.22951
-0.0718443	0.219115
0.134567	0.864894
-0.788851	-0.478185
-0.973535	-0.699117
-0.615032	-0.690905
-0.32171	0.245254
0.525662	0.373594
-0.886625	-1.41936
0.569117	0.419268
-0.506394	-0.277992
0.427888	0.361262
1.29699	0.549416
1.9814	0.347828
-0.745396	-0.776637
0.362706	0.40699
-0.593304	-0.0141912
-0.864898	-0.194031
-1.00613	-0.431182
0.308387	0.276711
-0.604168	0.425817
1.47081	0.30209
-0.256528	0.318125
1.90536	0.786259
-0.810579	0.326282
0.764664	0.272875
0.558253	-0.0719582
-0.571577	0.502919
-0.58244	0.0153257
-0.777988	-0.175274
0.134567	0.303834
-0.49553	0.293919
0.123703	0.197078
1.69895	0.540583
-0.875761	0.441566
0.57998	-0.265283
3.06778	-0.256291
-0.84317	-0.137742
0.264932	-0.0332144
-0.897489	-0.770313
0.188886	-0.290225
-0.158754	-0.446832
-0.854034	-1.60417
-0.691078	-0.361232
0.601708	0.428814
-0.538985	0.429045
0.406161	0.039224
-0.082708	-0.31713
1.13403	0.447442
-1.00613	-1.11442
0.188886	0.348857
-0.84317	0.104444
-0.973535	-0.833598
2.52459	0.598459
-0.213073	0.202603
-0.84317	0.145211
-0.864898	0.4443
0.286659	0.311511
-0.517258	-0.887753
0.536525	0.714449
-0.875761	-0.0364523
-0.528122	-0.914215
-0.191345	0.0156861
0.0693844	0.520968
-0.962671	-1.12584
-0.962671	-0.815414
1.01453	0.493662
1.59031	0.59059
-0.202209	-0.115591
0.373569	0.338299
0.49307	0.35144
-0.2348	0.367175
-0.473803	0.69761
0.971075	0.215794
-0.777988	-0.979552
4.16502	0.447123
-0.549849	0.516573
-0.0501168	0.523914
-0.658487	-0.414354
-0.0283893	-0.290919
-0.658487	0.574821
0.0150657	-0.0078655
-0.962671	-1.15527
1.27526	0.446549
0.00420194	0.318908
-0.00666181	0.497866
2.8505	0.240439
0.656027	0.638215
1.23181	0.445482
-0.0609805	-0.0826613
0.308387	-0.41279
-0.0609805	0.416931
-0.93008	0.396268
0.460479	0.460101
-0.289119	-0.503849
1.34044	0.517392
-0.821443	-0.189821
-0.886625	0.140238
-0.343438	0.26182
-0.191345	0.374038
3.81738	0.658998
1.5034	0.253973
0.536525	-0.58443
1.5034	0.491147
-0.832306	0.00364971
-0.376029	0.343995
2.44854	0.435837
0.66689	-0.257756
0.656027	-0.565539
0.0911119	0.348759
-0.560713	-0.568767
0.895029	0.241893
0.286659	0.0700865
0.0367932	0.0260701
-0.940944	0.0812481
-0.278255	0.293269
-0.799715	-0.0529607
-0.854034	0.379505
0.243204	0.348662
-0.897489	-0.504405
0.514798	0.630538
1.39476	0.860926
-0.734533	-0.230853
-0.126163	0.375381
0.677754	0.437782
-0.919216	-1.09912
1.02539	0.552217
-0.691078	0.121351
0.00420194	-0.197324
-0.0283893	-0.0796507
3.32851	0.440502
0.558253	0.143989
1.12317	0.730487
1.47081	-0.128229
0.178022	0.553542
-0.0175256	-0.167484
-0.158754	-0.128407
-0.973535	-0.0554385
-1.01699	-1.40398
-0.951808	0.114832
2.75273	0.0671484
-0.951808	-1.06485
-0.560713	-0.0176639
-0.528122	0.544732
3.15469	0.705377
2.60064	0.236617
-0.875761	0.0755257
-0.864898	-0.254428
-0.821443	-0.95116
1.32958	0.413163
-0.430348	0.0293914
1.43822	0.426487
0.49307	0.446243
-0.951808	-0.903868
-0.84317	-0.311467
-0.951808	-0.666048
0.0367932	0.290591
2.56805	0.422258
1.61204	0.575322
-0.441212	-0.521991
-0.245664	0.445469
0.460479	0.411919
0.862438	0.753698
0.938484	0.379151
-0.854034	0.29647
-0.560713	-0.0844918
3.51319	0.475184
3.35024	0.439052
-0.32171	-0.328504
-0.213073	0.194366
-0.864898	-0.412272
0.308387	-0.0599724
-0.788851	-0.112499
1.57945	0.32869
-0.680214	-0.668423
0.123703	-0.705775
1.90536	0.342299
0.0259294	0.291909
1.88363	0.43712
-0.821443	-0.7446
1.2644	0.244699
0.775528	-0.502731
0.373569	0.479646
2.15522	0.348323
0.0476569	-0.0438228
-0.951808	-0.429227
-0.484667	0.526363
1.28612	0.113631
-0.354302	-0.0166739
0.0150657	0.303479
2.30732	0.30023
0.156294	0.170014
-0.137027	0.655442
-0.75626	0.221891
-0.191345	-0.219558
0.254068	0.337646
0.188886	0.508131
0.742937	-0.525884
3.39369	0.496074
2.31818	0.563489
-0.745396	0.222829
0.101976	-0.0435417
-0.473803	-0.410882
-0.202209	0.23034
0.699482	0.370935
-0.745396	0.406491
-0.962671	-0.0580177
2.38336	0.422218
-0.223937	-0.313723
-0.886625	-0.565316
2.80705	0.789952
-0.484667	-0.787133
0.232341	-0.0775752
-0.691078	-0.058083
-0.354302	-0.442356
-0.104436	0.33276
-0.854034	-0.243906
0.330114	0.358574
-0.213073	0.644039
0.49307	0.41194
-0.919216	-0.170442
-0.0935718	-0.356514
-0.984399	-1.05595
-0.691078	-0.936773
2.17695	0.617136
-0.832306	0.411642
-0.995263	0.615574
-0.854034	-0.825305
2.27472	0.250758
-0.180482	0.346603
-0.691078	0.044307
0.210613	0.607602
0.101976	0.212488
-0.734533	-0.214341
-0.332574	0.236479
-0.00666181	0.425549
-0.832306	-0.779274
-0.00666181	0.182662
0.449616	0.451671
-0.788851	-0.111116
-0.658487	0.42464
-0.180482	0.287907
-0.799715	-0.748671
-0.93008	0.0754856
-0.691078	0.598899
-0.560713	0.0496522
-0.365165	0.151762
0.971075	-0.421049
1.91622	0.262536
0.547389	0.117639
2.91569	0.466853
-0.386893	0.0839818
3.49146	0.343054
-0.126163	0.167489
-0.245664	-0.138913
-0.484667	-0.302287
-0.528122	0.00407787
0.634299	0.112287
0.210613	0.323029
0.460479	0.289586
1.18835	0.277718
0.0585207	-0.0400979
-0.528122	-0.20594
-0.897489	-0.422898
-0.462939	0.327809
3.41542	0.474497
-0.49553	-0.247801
-0.767124	-0.284826
0.0802482	0.107255
-0.897489	-0.462745
-0.875761	-1.39172
-0.310847	0.362382
-0.712805	-1.46493
0.330114	-0.239138
-0.082708	0.120155
0.101976	0.20288
-0.0609805	0.586248
-0.701942	-0.320195
-1.00613	-1.29448
2.32904	0.349826
2.731	0.319428
-0.213073	0.335623
-0.310847	0.310211
-0.310847	-0.483275
-0.202209	0.104561
-0.32171	0.395451
-0.908353	-0.275406
-0.84317	-0.0303499
-0.571577	-0.377622
-0.354302	-0.00732086
0.797255	0.779877
-0.473803	-0.289086
0.0476569	0.443384
-0.49553	-0.807433
0.123703	0.448087
1.45994	0.295526
-1.00613	-0.284676
0.471343	0.458943
-0.864898	-0.346921
-0.202209	0.0162623
-0.289119	-0.497754
1.04712	0.467428
-0.604168	-0.412682
-0.908353	0.223838
2.09004	0.575658
-0.202209	0.38933
-0.701942	0.348043
1.3839	0.41207
0.319251	-0.828121
-0.354302	-0.234631
-0.647623	-0.509967
2.64409	0.342039
0.460479	0.634154
-0.799715	-0.213583
-0.908353	-0.760604
-0.191345	0.613074
-0.571577	0.241962
-0.549849	-0.20439
-0.58244	-0.000613077
-0.897489	-0.907078
-0.973535	-0.882812
-0.430348	-0.355552
-0.962671	0.344071
0.57998	0.314206
-0.886625	-0.359829
-0.615032	-0.287077
-0.0283893	-0.0395119
-0.354302	-0.245636
-0.40862	0.0497416
-0.310847	0.399745
0.66689	0.671276
0.308387	0.234235
-0.701942	-0.0702464
-0.625895	-0.652689
-0.854034	-0.856492
-0.354302	0.226075
0.297523	0.561551
-0.223937	0.346617
-0.973535	-0.499073
-0.691078	0.683126
0.829847	-0.419625
-0.397757	-0.681569
3.58924	0.449977
-0.126163	0.587022
-0.734533	0.124688
1.02539	0.522909
-0.864898	0.308653
-0.962671	-0.196644
-0.604168	-0.38426
0.406161	-0.255976
-0.528122	-0.115212
-0.962671	-0.531294
-0.908353	-0.870287
-0.549849	0.394171
-0.919216	-0.505214
-0.973535	-1.47095
-0.745396	0.177001
0.101976	-0.06127
3.46974	0.63306
1.77499	0.459259
-0.441212	0.15153
-0.658487	-0.0626106
-0.104436	-0.477867
-0.039253	0.202597
0.254068	0.486712
-0.875761	0.533134
1.45994	-0.0163751
0.558253	0.298427
-0.452075	0.219149
0.742937	-0.134525
-0.875761	-0.517496
-0.58244	0.505318
-0.995263	-0.699864
0.971075	0.257254
-0.571577	0.394302
0.916757	-0.318533
-0.615032	0.534329
-0.473803	0.588107
-0.734533	-0.248923
0.503934	0.353282
-0.864898	-0.748783
-0.962671	0.0315363
2.04659	0.33292
0.319251	0.458095
0.0150657	-0.396921
-0.777988	-0.530879
-0.951808	-1.02093
-0.897489	-0.315782
-0.365165	0.369308
-0.647623	0.315805
0.417024	0.197263
-0.919216	-0.373568
-0.223937	0.000261006
2.80705	0.646608
-0.376029	-0.0372235
-0.712805	0.155508
-0.864898	0.426326
-0.289119	0.213689
-0.66935	-0.0588368
-0.278255	0.328776
1.03626	0.468845
-0.560713	-0.528534
0.558253	0.466395
0.351842	-0.149249
-0.039253	-0.200301
-0.658487	-0.423388
0.167158	0.258971
0.199749	-0.224123
0.406161	0.0270476
-0.680214	0.321007
-0.701942	-0.0489626
-0.691078	0.124318
4.19761	0.118123
0.0150657	0.124821
1.97054	0.366607
1.51426	0.282843
1.02539	0.526106
-0.58244	0.0646792
-0.158754	-0.058876
-0.386893	0.20197
-0.506394	-0.751831
-0.386893	-0.164848
0.732073	0.317788
1.1449	0.161116
-0.821443	-0.4944
1.04712	0.205157
-0.104436	0.395074
1.19921	0.449014
-0.278255	0.50608
-0.636759	-0.891706
3.19814	0.497368
-0.777988	-0.00251453
-0.767124	-0.255595
-0.93008	-0.582274
0.417024	0.264972
0.188886	0.107223
2.35077	0.60756
1.02539	0.565813
0.0585207	0.355287
-0.940944	-0.282751
-0.897489	-1.19456
-0.767124	-0.960754
-0.571577	0.3609
-0.962671	0.126361
-0.962671	-1.10133
-0.897489	-1.12041
-0.310847	-0.694315
0.449616	0.327604
0.905893	0.502823
0.634299	-0.235624
0.612572	0.370318
1.90536	0.317568
-0.213073	-0.432943
-0.484667	-0.268434
-0.267392	-0.184323
-0.0609805	0.194158
-0.821443	-0.355898
-0.484667	-0.491576
-0.962671	-0.730464
-0.462939	-0.167953
0.721209	0.623263
0.101976	0.339876
0.460479	0.239563
0.145431	-0.431
0.590844	0.141037
-0.528122	0.0666694
0.742937	-0.167427
2.66582	0.431836
-0.897489	-0.787602
-0.191345	0.256031
-0.278255	-0.643446
1.12317	0.288299
-0.289119	0.417815
-0.126163	-0.0929273
-0.691078	-0.578365
0.471343	0.180086
3.96947	0.362379
0.732073	0.592347
-0.126163	-0.0884553
-0.538985	-0.278653
-0.745396	0.0436081
0.66689	0.251766
-0.538985	-0.5655
-0.84317	0.427481
-0.256528	0.575525
1.48167	0.505659
-0.0283893	0.0207844
1.22094	0.662771
-0.158754	-0.00260708
-0.376029	0.353464
-0.538985	-0.356692
-0.919216	-0.347677
-0.745396	-0.590183
-0.169618	0.570658
-0.84317	-1.61744
-0.864898	-1.1589
-0.821443	-0.377666
-0.441212	0.414851
0.916757	0.385709
-0.158754	-0.0544218
0.84071	0.0429667
-0.919216	-0.247216
-0.919216	-0.234723
0.101976	0.638237
-0.571577	-0.302416
-0.0718443	0.385581
-0.278255	0.0894488
-0.723669	-0.0894971
-0.821443	-0.397273
-0.940944	0.115855
1.07971	0.114958
-0.712805	-0.929995
-0.462939	0.031639
1.24267	0.661148
1.49254	0.41834
-0.538985	-0.738427
-0.777988	-0.0333604
-0.84317	-0.334435
0.905893	0.441462
0.123703	0.503994
0.92762	0.209046
-0.712805	0.0909528
2.01399	0.410821
-0.00666181	0.208873
-0.984399	0.209276
-0.93008	0.260572
0.362706	-0.456905
0.569117	0.449078
-0.0283893	0.200862
-0.202209	-0.600407
-0.875761	-0.116751
-0.169618	-0.213293
-1.00613	-1.39611
-0.908353	-0.537254
1.25353	0.567103
-0.973535	-0.328912
0.438752	0.335623
-0.93008	-1.71377
2.38336	0.596172
0.49307	-0.697907
-0.886625	-1.06906
-0.169618	0.218369
-0.452075	-0.543262
2.07918	0.832999
-0.821443	-0.200328
-0.691078	-0.785753
-0.137027	0.216556
-0.723669	-0.0681159
-0.223937	-0.0483765
0.49307	0.576354
-0.734533	-0.0752151
-0.419484	-0.547506
0.123703	0.169092
0.938484	-0.212977
-0.658487	-0.396837
-0.58244	0.521066
-0.484667	0.208983
0.112839	0.0305662
3.66528	0.619584
0.167158	-0.0280797
-0.462939	-0.228399
0.536525	0.415512
0.0693844	0.162203
1.6229	0.471633
-0.767124	-0.0245791
-0.951808	0.360895
-0.962671	0.235667
0.00420194	-0.261694
-0.864898	-0.32676
0.101976	0.264175
-0.137027	0.176219
-0.908353	-0.781318
1.69895	-0.0199449
-0.951808	-1.02832
-0.604168	-0.344474
-0.897489	-1.57343
0.134567	-0.632613
0.503934	-0.454842
-0.66935	0.273506
-0.767124	-0.3327
0.406161	0.465948
-0.636759	0.350525
0.134567	-0.274946
-0.202209	0.642974
0.438752	-0.567724
-0.625895	0.337946
-0.799715	-0.482671
0.971075	0.0246568
-0.0283893	0.173676
-0.310847	-0.761548
-0.767124	0.00537186
-0.0283893	-0.126254
2.01399	0.116047
0.0585207	0.762212
-0.962671	-0.170881
-1.04958	-0.766347
0.395297	0.744404
-0.473803	0.0335574
-0.191345	0.246682
0.699482	0.362355
-0.767124	0.360107
-0.788851	-0.00974916
-0.734533	-0.422924
0.960212	0.332804
1.80758	-0.30047
-0.919216	-1.14181
2.69841	0.382363
-0.940944	-0.886149
-0.886625	0.538726
-0.202209	-0.720708
-0.951808	0.330909
-0.332574	0.375876
-0.93008	0.272326
0.949348	0.249996
-0.658487	-0.549581
-0.832306	-0.282755
-0.734533	-1.46091
-0.299983	0.253256
-0.973535	-0.39604
-0.14789	-0.495638
-0.886625	0.230801
-0.506394	0.368165
0.0367932	-0.0972617
-0.777988	-0.58403
-0.40862	0.31313
0.373569	0.427352
0.677754	0.573796
-0.723669	-0.132027
-0.354302	-0.461981
-0.462939	0.276885
-0.984399	-0.024981
0.938484	0.403501
-0.691078	0.0771058
-0.854034	-0.675833
-0.49553	-0.2496
-0.680214	-0.825191
-0.821443	0.727264
1.68808	-0.0826152
-0.517258	-0.341565
0.308387	0.189793
-0.115299	0.0558254
-0.962671	-0.198789
-0.0283893	-0.074142
-0.810579	-0.943933
-0.919216	-1.11522
-0.821443	-0.150572
-0.810579	-0.0342357
-0.365165	-0.244184
-0.647623	-0.35014
-0.995263	-0.738581
-0.940944	-0.804301
-0.886625	-1.5572
-0.712805	0.364034
-0.571577	-0.235088
0.417024	0.0584318
-0.951808	-1.9365
-0.365165	0.00811788
-0.691078	0.153609
-0.245664	-0.29204
-0.897489	-0.0795791
-0.962671	-0.522371
1.1123	0.272664
-0.0718443	-0.0718015
-0.49553	0.394998
-0.278255	0.449383
0.851574	0.493027
-0.940944	-0.443678
0.00420194	0.333862
-0.0935718	0.212166
0.981939	0.410065
-0.745396	0.547967
0.547389	0.513937
-0.712805	-0.119898
0.0476569	-0.00868329
-0.40862	-0.128804
-0.202209	0.254915
-0.940944	0.618889
0.0476569	-0.0819867
-0.625895	0.44828
4.29538	0.717899
-0.701942	-0.180605
0.460479	0.314544
2.27472	0.0124087
-0.864898	-0.354931
0.286659	-0.671095
-0.517258	-0.295019
-0.137027	-0.0722426
-0.84317	-1.03655
1.43822	0.888621
-0.245664	0.312981
-0.93008	-0.90812
2.44854	0.616692
-0.517258	-0.389844
0.808119	0.134684
0.156294	-0.309317
-0.788851	-0.367606
3.3611	0.44098
0.427888	0.380514
-0.908353	-0.750282
-0.169618	0.518029
0.00420194	-0.219638
-0.310847	-0.205136
0.373569	0.106711
0.156294	0.171445
-0.386893	-0.739303
-0.0283893	0.529272
-0.528122	-0.354391
-0.213073	0.277357
-0.0175256	0.440602
1.03626	0.497827
-0.462939	0.66153
1.1123	0.285792
-0.995263	-0.756261
-0.560713	-0.241761
0.0476569	0.424269
-0.940944	-0.653085
-0.864898	-0.517203
-0.962671	-0.514257
0.308387	0.43702
0.417024	0.0342633
-0.788851	-0.673525
0.710345	0.194202
-0.58244	-0.302803
1.85104	0.45686
-0.962671	-0.282676
-0.191345	0.356511
0.677754	0.14508
-1.01699	-0.798257
-0.821443	0.355971
-0.0718443	-0.096533
-0.473803	0.380532
-0.571577	-0.442226
0.547389	0.516391
-0.49553	-0.298891
-0.799715	-0.611799
-0.115299	0.37711
-0.223937	0.484114
-0.832306	-0.575457
-0.919216	0.355334
-0.169618	-0.231991
1.61204	-0.0838082
2.253	0.510086
-0.441212	0.29085
0.0367932	0.422798
0.677754	0.0732032
-0.897489	-0.699967
-0.908353	-0.822476
0.210613	0.120343
-0.799715	0.118396
-0.0718443	0.0358215
-0.604168	-0.0673907
-0.75626	-0.151363
-0.278255	-0.105185
-0.886625	-0.361617
-0.788851	-0.0042227
-0.00666181	0.0166866
-0.115299	0.384266
0.232341	0.226454
-0.712805	0.344747
-0.267392	-1.07771
-0.245664	0.365432
0.699482	0.732483
-0.58244	0.425153
2.51373	0.679315
0.514798	0.444717
-0.723669	-0.802446
2.07918	0.572893
1.25353	0.715366
-0.995263	0.528792
2.81791	0.747507
-0.854034	-0.105283
-0.115299	0.355742
-0.615032	0.414066
-0.973535	-0.756897
-0.712805	-0.139322
1.72067	0.153989
-0.560713	0.545684
-0.517258	-0.545818
-0.549849	-0.177015
0.351842	0.3582
0.612572	-0.169005
5.12103	0.715724
0.134567	0.261572
-0.734533	-0.478008
-0.864898	-1.09029
3.25246	0.429934
0.167158	-0.037426
0.0911119	-1.13514
-0.940944	-0.830176
1.25353	0.289273
0.210613	0.0522038
-0.788851	-0.847601
-0.104436	0.231232
-0.299983	0.329785
0.775528	-0.0959602
-0.0609805	0.302235
-0.984399	-0.580931
-0.32171	-0.184291
-0.137027	-0.503271
-0.299983	-0.459062
0.623435	-0.877005
-0.452075	0.0449046
0.0150657	0.324545
0.0259294	0.670233
-0.832306	0.231488
-0.962671	-0.525807
-0.0609805	-0.0181688
-0.691078	-0.563838
-0.680214	0.523849
1.05799	0.334179
-1.00613	-0.738942
-0.430348	-0.00852715
-0.691078	0.132534
0.645163	0.535138
-0.538985	-0.389101
-0.180482	0.512891
1.27526	0.522667
-0.213073	-0.209243
0.319251	0.271522
-0.84317	-1.11039
0.0259294	0.362828
-0.191345	-0.152681
-0.538985	0.372754
-0.267392	-0.405219
-0.821443	-0.561723
-0.864898	-1.41085
-0.962671	-0.71166
0.808119	0.498858
-0.854034	0.286062
-0.810579	0.0991089
-0.310847	0.315964
0.232341	0.346128
0.558253	0.366763
-0.84317	0.634526
-0.332574	0.394078
-0.082708	-0.158467
1.43822	0.469641
-0.528122	-0.0707154
0.362706	0.435329
-0.32171	0.0606257
0.471343	0.133769
-0.897489	-0.145581
-0.169618	0.359247
-0.712805	-1.12462
1.6229	0.585498
-0.2348	0.347212
0.123703	0.49758
-0.777988	-0.854041
1.70981	-0.0866257
0.514798	-0.119275
3.04605	0.440456
3.65442	0.472212
0.732073	0.256825
0.319251	0.0653721
3.49146	0.511173
0.330114	-0.0293012
-0.680214	-1.05605
-0.332574	0.153484
0.384433	0.483019
-0.082708	0.429154
-0.528122	0.253259
-0.082708	0.326303
1.43822	-0.0749954
-0.484667	-0.0359956
-0.365165	-0.126576
1.09058	0.339524
0.362706	0.384491
0.482207	-0.448208
-0.995263	-0.840629
2.19868	0.455691
0.536525	0.677785
0.0259294	-0.0634527
-0.0935718	0.266994
-0.995263	-0.122314
0.49307	0.156591
-0.908353	-0.857388
-1.00613	-0.762543
-0.462939	-0.385336
0.221477	0.169421
-0.93008	-0.284145
0.427888	-0.309984
-0.886625	-0.693998
-0.278255	0.445586
-0.788851	-0.630896
2.12263	0.649563
-0.940944	-1.33365
0.905893	0.261342
1.03626	0.312596
-0.223937	0.396629
-0.680214	-0.676091
0.677754	0.228923
0.0150657	0.576089
-0.919216	-0.0818245
1.69895	0.547632
-0.571577	-0.39963
-0.137027	0.402208
-0.647623	0.390433
2.14436	0.548437
-0.419484	-0.0176729
0.373569	-0.0327764
3.79565	0.416871
-0.299983	0.478122
-1.00613	-1.05715
4.37143	0.784752
1.32958	0.234234
0.362706	-0.136711
1.09058	0.200565
0.57998	-0.357126
-0.549849	0.134191
1.9814	0.0451369
1.72067	0.763073
0.851574	-0.103059
-0.0609805	-0.0238376
-0.126163	0.154607
-0.213073	0.215327
-0.75626	-0.799003
0.188886	0.154666
-0.886625	-1.42575
-0.886625	-0.349713
-0.571577	-0.1145
-0.658487	0.221051
-0.93008	-0.707678
-1.02785	-0.976759
-0.984399	0.0129071
-0.93008	-0.717406
-0.93008	-1.48472
1.79672	0.716435
-0.0501168	-0.914082
-0.875761	-0.76859
-0.940944	-0.404207
-0.680214	0.271755
-0.267392	0.439673
-0.386893	0.271676
-0.93008	-1.47845
0.503934	0.338351
-0.115299	0.134757
0.362706	-0.196135
-0.299983	0.495412
-0.734533	-1.25716
-0.441212	-0.0999008
-0.962671	-0.463016
-0.93008	-0.491045
-0.647623	0.035803
-0.810579	0.00850083
0.601708	0.421066
0.123703	0.343206
0.275796	-0.717233
-0.832306	-0.444451
-0.777988	0.583203
0.623435	0.462292
0.938484	-0.229636
-0.40862	-0.226705
-0.680214	0.200142
2.80705	0.666361
-0.897489	0.61668
-0.278255	0.272014
-0.0718443	0.484531
3.62183	0.187736
-0.973535	-0.276396
-0.701942	-0.416137
-0.788851	0.45286
0.645163	0.0282384
-0.821443	-0.282469
-0.245664	0.0929483
0.254068	0.39516
-0.137027	0.300258
0.297523	0.0300442
0.362706	0.276365
-0.832306	-0.221834
0.178022	-0.288294
-0.973535	-0.762193
-0.604168	0.286766
-1.03872	-0.382711
-0.995263	0.314277
-0.897489	-0.571259
-0.886625	0.0468199
-0.593304	0.000636126
0.547389	0.455631
1.12317	-0.218263
-0.58244	-0.0990686
-0.289119	0.228894
2.17695	0.652993
0.221477	0.0709644
1.30785	0.514409
-0.462939	-0.500852
-0.712805	0.241533
0.558253	0.0904327
0.677754	0.455481
-0.397757	-0.0728441
0.156294	0.0967442
2.1009	-0.0849634
1.87277	0.595804
0.145431	0.681401
-0.875761	-0.22332
0.221477	0.0607308
-0.940944	-0.926533
1.72067	0.403237
-0.93008	-0.428118
-0.66935	0.0669235
0.699482	0.35858
-0.126163	0.260953
0.992803	0.307699
0.873302	0.196767
-0.767124	0.366786
1.49254	0.530737
-0.376029	-0.257551
-0.245664	0.53646
0.167158	-0.186697
-0.039253	0.0717552
0.992803	0.307397
-0.897489	-0.570757
-0.886625	-0.254357
0.232341	-0.059153
-0.506394	-1.27534
0.243204	0.374262
-0.191345	-0.519603
-0.386893	-0.470627
-0.278255	0.0538606
-0.2348	0.489521
-0.886625	-0.105984
-0.962671	-0.609124
-0.951808	-1.61189
-0.0501168	-0.871702
0.699482	-0.0692929
-0.452075	-0.397774
-0.473803	-0.0676645
0.417024	0.26029
-0.40862	0.536611
-0.886625	-0.419569
-0.625895	0.179355
-0.441212	0.151003
1.6229	0.413124
-0.886625	-0.183537
-0.767124	0.00320975
0.862438	0.371143
0.7538	0.316785
0.221477	0.407572
0.688618	0.559911
-0.940944	-0.0048533
-0.104436	0.452246
-0.625895	-0.110204
4.56698	0.518792
0.623435	0.23348
-0.919216	0.00740305
-0.886625	-0.437847
0.449616	0.0173063
-0.604168	-0.445797
0.00420194	0.513406
-0.680214	-0.558684
0.971075	-0.0376985
3.30678	0.40109
0.156294	-0.0526477
0.688618	0.0186773
-0.777988	0.0329409
-0.538985	0.451011
-0.84317	-0.777543
1.03626	-0.011924
-0.680214	-0.121856
-0.169618	0.0540941
0.590844	0.211625
0.590844	-0.5104
-0.278255	-0.584781
3.73047	0.894335
-0.484667	-0.241293
2.44854	0.547619
0.123703	0.520734
-0.940944	-0.0359934
0.916757	0.433927
-0.940944	-0.577877
1.02539	0.137128
0.264932	0.444765
1.68808	0.582461
-1.03872	-0.933597
2.48114	0.358651
-0.49553	0.150391
0.0911119	0.207761
-0.267392	0.285916
0.0693844	0.405466
-0.897489	-0.0848001
-0.430348	0.309377
-0.40862	0.472247
0.330114	0.348506
1.17749	0.180077
-0.875761	-0.971221
0.406161	-0.707691
0.818983	0.341127
-0.647623	-0.340805
-0.777988	-0.0873166
0.0367932	-0.0323717
1.49254	-0.258702
0.645163	0.550986
-0.712805	0.431969
0.438752	0.49811
1.45994	0.451501
1.1449	-0.130476
-0.875761	0.15808
-0.267392	0.0872335
-0.299983	0.00188515
-0.864898	-1.17502
-0.256528	0.204866
-0.430348	-0.466381
0.340978	0.505729
-0.875761	-0.501104
-0.832306	0.262956
-0.158754	0.0432618
-0.32171	-0.17568
-0.723669	-0.327992
1.68808	0.393135
0.92762	0.499448
-0.658487	-0.724574
0.84071	-0.0907607
-0.299983	0.155919
-0.32171	0.301534
1.29699	-0.0535859
-1.04958	0.253679
-0.886625	-0.139953
-0.734533	-0.606721
0.873302	0.677022
-0.0935718	-0.0870235
1.64463	0.327394
-0.571577	-0.383012
-0.886625	-0.80645
-0.788851	-1.21234
-0.58244	-0.318934
0.721209	0.312411
-0.256528	0.49637
-0.962671	-0.683849
0.960212	0.641698
-0.202209	0.32491
0.0259294	0.105023
0.167158	0.21492
-0.919216	-0.162463
-1.00613	-0.798821
-1.00613	0.370733
-0.256528	0.455335
-0.984399	-0.154859
0.634299	0.221276
0.92762	0.425792
1.36217	0.133383
0.732073	0.567926
0.264932	0.160777
2.89396	0.287184
-0.864898	0.228277
-0.517258	0.423167
-0.538985	0.321266
0.992803	0.354959
0.0585207	0.651138
0.536525	-0.205948
0.123703	0.359154
0.710345	0.0337654
-0.615032	-0.542122
-0.332574	-1.22411
-0.691078	0.169388
-0.213073	0.353698
2.1009	0.20051
0.525662	0.110792
-0.810579	-0.00691499
1.06885	0.845805
-0.777988	0.442822
-0.213073	0.209358
-0.343438	0.38647
-0.647623	-0.268092
-0.376029	-0.437668
-0.332574	-0.217161
-0.604168	0.222497
0.0367932	0.110701
-0.84317	-0.602043
0.49307	0.315214
-0.701942	0.180307
1.94881	0.881234
0.232341	0.16116
-1.01699	-0.295969
-0.777988	0.383889
-0.777988	0.263047
-0.919216	0.306419
-0.636759	-0.259486
0.808119	0.768504
-0.625895	0.268641
3.66528	0.591348
-0.636759	0.335243
0.981939	0.330072
0.210613	0.0589153
3.19814	0.11256
-0.213073	-0.544987
-0.00666181	0.401327
-0.647623	0.268544
-0.158754	0.540253
-0.441212	0.582422
2.91569	0.243115
0.601708	0.470058
-0.93008	-0.621071
0.732073	0.250427
-0.213073	-0.268046
0.0150657	-0.0263688
-0.332574	0.655094
2.11177	0.647975
0.503934	-0.277621
-0.549849	0.108293
0.123703	0.512444
-1.03872	-0.117098
0.134567	0.622035
-0.940944	-0.59809
0.612572	-0.261635
-0.593304	-0.116348
0.308387	0.013529
-0.332574	-0.0640737
-0.0718443	0.0893711
-0.538985	-0.766916
-0.354302	-0.144944
0.340978	0.180125
1.90536	0.746228
-0.973535	0.516135
1.07971	0.225231
-0.658487	0.0431904
0.199749	0.204533
0.0150657	-0.070286
0.981939	0.205769
0.873302	0.214896
-0.202209	0.0403634
0.395297	-0.401287
-0.40862	0.257695
-0.452075	0.323415
-0.343438	0.399409
-0.886625	-0.541176
-0.082708	0.417252
-0.430348	-0.596751
-0.430348	0.221934
-0.223937	-0.455641
-0.202209	0.145887
-0.484667	-0.664532
-0.039253	-0.15192
-0.734533	-0.427324
-0.278255	0.346602
0.243204	0.209813
-0.84317	0.253085
-0.995263	-0.297101
9.57516	0.461717
-0.560713	-0.0728074
-0.745396	-0.359457
0.938484	0.263694
-1.02785	-1.02246
-0.951808	-0.17377
1.59031	0.322729
-0.658487	0.603716
-0.864898	-0.913938
-0.376029	-0.31061
2.03572	-0.949053
0.460479	0.370223
-0.0609805	0.478987
0.319251	0.430489
0.503934	0.514409
-0.49553	0.489249
-0.647623	-0.64426
-0.473803	0.430337
-0.0283893	0.18798
1.9814	0.108014
-0.517258	0.572424
-0.712805	-0.520498
0.992803	0.541856
3.14382	0.564551
-0.940944	-0.591535
-0.397757	0.313734
-0.723669	0.326466
0.427888	0.172277
0.0150657	0.528004
0.254068	0.53201
0.0585207	0.172733
-0.66935	0.173674
-0.75626	0.157442
-0.962671	-0.651936
2.28559	0.257839
-0.647623	-0.602651
1.00367	0.487263
1.56858	0.0540694
-0.169618	-0.292729
0.210613	-0.241481
0.818983	-0.119993
-0.788851	0.100277
0.395297	0.276908
-0.039253	0.608096
-0.832306	0.0228827
-0.810579	-0.857458
-0.832306	0.206095
-0.506394	-0.682619
0.775528	0.543997
0.7538	0.0797429
-0.49553	0.155482
0.49307	0.164235
-1.02785	-0.491629
-0.864898	-0.71985
-0.995263	0.181632
-0.625895	-0.174322
-0.66935	0.299872
0.971075	0.12977
0.503934	0.505296
1.42735	0.248221
-0.517258	-0.482317
2.06831	0.365659
-0.32171	0.239295
0.123703	0.366816
-0.560713	0.183023
-0.897489	-1.28721
-0.365165	-0.0313635
0.623435	-0.0764324
-0.854034	-0.719699
1.04712	0.483006
-0.32171	-0.128188
-0.984399	-1.12798
-0.66935	-0.407357
0.0259294	-0.305276
-0.767124	0.459248
0.101976	0.486927
-0.223937	-0.384355
1.72067	0.769288
1.80758	0.0271031
-0.951808	-0.605545
0.873302	-0.0335298
0.0585207	0.278934
1.16662	0.435526
-0.886625	-0.502376
1.44908	0.466869
1.3839	0.61809
-0.625895	0.524639
0.351842	0.307789
-0.2348	-0.0499368
-0.984399	-0.892414
-0.962671	0.25944
0.0259294	0.454778
-0.767124	0.381497
0.590844	0.740933
2.36163	0.409878
-0.0283893	0.221307
1.73154	0.682663
0.264932	0.146449
0.569117	0.0908736
-0.625895	0.277132
0.101976	0.224084
0.0585207	-1.00148
2.76359	0.575082
0.7538	0.526193
-0.267392	0.355513
-0.039253	0.207046
-0.115299	0.252761
-0.951808	-0.330104
-0.864898	-0.0574351
0.00420194	0.338522
-0.701942	-0.464984
0.460479	0.236343
-0.386893	0.360604
-0.984399	-0.442403
1.70981	0.205888
1.25353	-0.311589
-0.832306	0.232707
-0.082708	-0.0511495
0.873302	0.175213
-0.625895	-0.288203
-0.973535	-0.811691
-0.245664	0.249956
-0.973535	-0.739728
0.49307	0.193547
-0.93008	0.0149161
-0.397757	-0.174121
-0.962671	-0.529582
0.623435	0.409702
-0.517258	-0.435528
-0.58244	0.0396059
0.0802482	0.328718
1.15576	0.477399
-0.180482	0.16635
0.297523	0.366603
-0.962671	-0.479471
-0.0175256	0.433297
0.677754	-0.0950115
-0.973535	0.182138
-0.0175256	0.232251
-0.636759	-0.317138
1.39476	0.48927
-0.854034	0.414985
-0.2348	0.308995
-0.0175256	-0.0406176
-0.886625	-1.3395
-0.777988	0.420472
-0.430348	-0.033239
-0.875761	-0.357196
-0.84317	0.56647
1.32958	0.489996
0.178022	-0.162506
-0.191345	0.180175
-0.701942	0.108041
0.221477	0.236303
-0.745396	-0.261168
-0.810579	0.390818
-0.354302	-0.134536
-0.256528	0.235829
-0.723669	-0.905687
-0.658487	0.481593
-0.354302	0.329174
-0.984399	0.120573
-0.984399	-0.532514
0.221477	0.421646
-0.908353	-0.627723
2.69841	0.0498181
-1.00613	-1.2403
0.417024	0.650396
-0.832306	0.120138
-0.310847	0.247641
2.26386	0.34461
-0.376029	-0.285431
-0.137027	0.0642155
0.134567	0.452371
0.210613	0.314418
-0.625895	-0.126114
0.264932	0.228143
0.57998	0.0508305
-0.571577	-0.131918
-0.484667	-0.188415
-0.886625	0.387284
0.742937	0.0112257
0.742937	0.183659
-0.745396	-0.25685
0.275796	-0.0584979
1.43822	0.372523
-0.202209	0.21625
1.12317	0.29652
0.178022	0.37653
-0.310847	0.0484473
-0.940944	-0.884102
-0.897489	-0.590328
-0.430348	-0.101639
0.254068	0.227147
0.786392	0.387096
1.06885	0.238702
-0.58244	0.153874
0.438752	0.480498
0.384433	0.34461
-0.864898	0.366816
-0.712805	-0.535447
-0.66935	-0.356528
0.460479	0.109718
-0.354302	0.423925
-0.180482	0.385834
0.156294	0.330398
-0.647623	0.0404361
1.36217	-0.245168
-0.908353	-0.691271
-0.864898	-0.935339
-0.615032	-0.742173
0.449616	0.0984222
0.634299	-0.0105051
-0.93008	-0.564059
-0.93008	-1.32251
1.15576	0.761988
-1.00613	-0.433319
0.471343	0.44041
1.54685	0.411373
1.16662	0.115454
-0.213073	-0.495216
-0.854034	-0.454613
-0.473803	-0.541021
-0.00666181	0.476879
-0.245664	0.353942
-0.821443	-0.539017
-0.278255	-0.317504
-0.810579	0.0660849
-0.191345	0.171836
-0.951808	-0.630266
0.0585207	0.109073
-0.691078	0.128468
2.18781	0.214814
3.55665	0.147171
-1.00613	-0.41287
1.05799	0.456168
-0.354302	0.029553
-0.821443	-0.961714
-0.430348	0.340899
-0.973535	-1.13434
-0.66935	0.135059
0.134567	-0.573561
-0.788851	-1.64918
3.20901	0.720236
-0.919216	0.0928052
1.22094	0.240294
-0.919216	-1.04143
1.16662	0.252804
-0.940944	0.313721
-0.788851	-0.565358
-0.115299	0.325767
1.13403	0.293718
-0.886625	-0.189435
-0.66935	-0.504623
-0.897489	-1.11601
3.30678	0.348583
0.330114	0.249429
2.65496	0.117261
-0.875761	-0.421447
1.99227	0.386098
-0.897489	-0.429735
0.829847	0.0361751
-0.908353	-0.271757
-0.951808	-0.575485
3.16555	0.353487
1.59031	0.669773
-0.452075	0.0417215
-0.93008	-0.465916
-0.886625	0.397343
-0.75626	-0.0486001
0.7538	0.434404
0.92762	0.62892
2.51373	0.492753
-0.386893	0.346421
-0.115299	0.23258
-0.2348	0.574592
-0.473803	0.0866519
-0.84317	0.145614
0.471343	0.281964
-0.158754	-0.119455
0.66689	0.137871
-0.0718443	0.312407
1.59031	-0.191406
3.26333	0.30386
-0.788851	0.13535
-0.0283893	-0.0104221
-0.615032	-0.521781
1.5034	0.305684
-0.49553	-0.124617
1.39476	0.0669113
0.134567	0.44072
3.66528	0.696506
-0.680214	0.462251
-0.712805	0.550647
0.0476569	0.262585
0.0693844	0.127822
-0.908353	-0.543371
0.732073	0.001357
-0.886625	-0.362007
4.05638	0.459349
-0.734533	-0.16213
-0.202209	0.419831
-0.0501168	0.370067
-0.973535	-0.61787
-0.593304	0.435091
1.54685	0.139516
-0.0935718	0.220127
-0.93008	-0.560497
1.91622	0.536703
-0.14789	0.486553
-0.821443	-0.825033
-0.658487	0.0391702
-1.00613	-0.630411
-0.886625	0.427544
0.330114	0.528046
0.7538	0.329507
-0.723669	-0.688331
1.2644	0.752214
-0.289119	-0.421318
1.10144	0.129768
-0.310847	0.447549
-0.962671	-0.721623
0.286659	0.490569
-0.0175256	0.370999
0.688618	0.601428
0.264932	0.268234
-0.962671	-0.603083
0.49307	0.750749
-0.680214	0.431909
-0.58244	-0.674302
0.221477	0.115153
1.09058	0.36955
0.677754	0.311434
-0.245664	0.436181
0.351842	-0.152751
1.53599	0.454503
0.264932	-0.16635
-0.962671	0.0703163
-0.940944	-0.352736
-0.908353	-0.0635882
0.460479	0.219602
-0.832306	-0.359768
-0.473803	0.37698
1.97054	0.0690691
0.677754	0.230125
-0.908353	-1.23142
-0.864898	-0.191313
6.35949	0.768807
-0.560713	0.406001
2.07918	0.244461
-0.691078	-0.100739
-0.0283893	0.366201
-0.604168	0.238897
1.78586	0.337091
-0.517258	0.216428
-0.354302	-0.565258
-0.430348	-0.954679
0.49307	-0.158619
1.79672	0.447452
0.373569	0.204896
2.28559	0.63015
-0.441212	0.618638
0.210613	-0.350838
-0.908353	0.276517
-0.14789	0.240241
-0.897489	-0.924049
-0.799715	0.0594782
-0.58244	0.495432
-1.00613	-0.625741
-0.701942	0.221907
0.0476569	-0.0799955
-0.886625	-0.518677
-0.886625	-0.226396
-0.723669	-0.300047
-0.549849	0.315095
-0.115299	-0.0820089
0.112839	0.399487
-0.191345	0.431809
-0.734533	0.234085
-0.517258	-0.864651
-0.571577	-0.305136
0.590844	0.475814
-0.810579	-0.0500351
0.145431	-0.158744
-0.821443	0.33415
0.460479	0.469028
-0.973535	0.394293
-0.0935718	-0.221295
-0.712805	0.265593
-0.376029	-0.437035
0.0476569	0.294073
-0.995263	0.0239458
4.39316	0.588326
-0.0283893	0.367315
-0.788851	-0.463918
-0.75626	0.47626
0.601708	0.589606
-0.473803	-0.0356135
-0.419484	-0.137509
-0.180482	0.348776
-0.082708	0.609268
-0.93008	-0.621469
-0.137027	0.327087
0.49307	0.282587
-0.484667	0.396417
-0.267392	-0.367239
-0.397757	0.044887
0.232341	0.469102
-0.940944	-0.827497
-0.00666181	0.519059
-0.962671	-0.652897
-0.462939	-0.266281
-0.897489	-0.225169
1.3839	0.691621
0.797255	0.355091
-0.310847	0.0534281
-0.745396	0.331616
0.340978	0.240136
-0.571577	0.072112
-0.875761	-0.309853
-0.973535	-0.541096
1.64463	0.670118
-0.0501168	0.292467
-0.886625	0.176619
0.00420194	0.215195
1.27526	0.321653
-0.93008	-0.0643014
-0.473803	0.257911
0.112839	-0.200771
0.00420194	0.598027
1.27526	0.37637
0.57998	-0.0143769
-0.180482	-0.0253777
0.905893	-0.0794603
-0.951808	-0.764118
0.427888	0.494768
0.362706	0.0264549
0.221477	0.588181
2.52459	0.400334
1.53599	0.489163
-0.593304	0.328384
1.23181	-0.281389
-0.810579	0.375742
1.3839	0.561046
1.06885	0.39079
1.1123	0.509565
-0.712805	0.591122
0.764664	0.387049
-1.01699	0.327781
0.438752	-0.226714
0.275796	0.191369
-0.940944	-0.689049
-0.2348	0.649429
0.92762	0.648986
0.0259294	0.307731
-0.821443	-0.109416
-0.75626	-0.173102
-0.919216	0.47036
-0.082708	0.165948
-0.462939	0.268811
-0.0718443	-0.0794228
0.00420194	0.470568
-0.810579	-0.533677
-0.636759	0.234183
0.384433	0.0827131
0.221477	0.263123
1.21008	0.349092
-0.723669	-0.229175
-0.560713	0.0758793
-0.2348	0.791651
2.80705	0.204483
0.438752	0.164017
0.92762	0.351165
-0.723669	0.208774
-0.940944	-1.07761
-1.02785	0.371171
-0.940944	-0.351065
-0.0609805	0.344769
-0.854034	-0.671015
-0.886625	-0.653583
-0.00666181	-0.538901
3.01346	0.182512
-0.376029	0.496105
-0.777988	0.36756
-0.452075	-0.212219
-0.821443	0.271733
-0.691078	-0.648543
-0.810579	0.631487
-0.995263	-0.306207
-0.810579	-0.303559
-0.299983	0.320976
0.134567	-0.0145501
0.0259294	-0.47782
-0.875761	0.0967427
0.340978	-0.642287
-0.0935718	0.103678
-0.191345	0.292357
-0.647623	-0.376906
-0.625895	0.447707
-0.799715	-0.545164
-0.615032	-0.131073
1.01453	0.671654
0.438752	0.369813
0.49307	0.254512
-0.538985	-0.390543
-0.419484	-0.286132
-0.560713	0.3537
-0.267392	0.665208
-0.832306	0.4276
0.395297	-0.460888
-0.528122	0.443246
-0.919216	-1.38593
-0.984399	-0.943439
1.04712	0.355683
0.0259294	-0.949274
1.15576	0.197093
1.18835	-0.263254
-0.875761	0.405339
-0.973535	-0.749043
0.971075	-0.0872637
-0.310847	0.287086
-0.821443	-0.584892
-0.506394	-0.480806
0.112839	0.141351
0.406161	0.441712
0.167158	-0.0476838
-0.40862	-0.238336
-0.93008	-0.0939965
0.178022	0.523398
-0.897489	-0.36412
-0.940944	-1.10892
0.525662	0.347285
-0.484667	-0.0217384
1.07971	0.0199423
-0.984399	-0.674453
-0.2348	0.436083
-0.897489	-0.421296
-0.104436	-0.666295
2.38336	0.538151
-0.745396	-0.768337
-0.615032	-0.469075
-0.734533	-1.13867
-0.267392	-0.0223614
-0.310847	0.0474416
-0.864898	-0.529803
-0.40862	-0.730243
-0.00666181	-0.152094
-0.397757	0.129616
-0.32171	0.386424
-0.897489	-0.11975
0.84071	0.362698
-0.962671	-0.633851
-0.908353	-0.679885
-0.973535	-0.969641
-0.158754	0.547884
0.884165	0.311142
2.02486	0.206731
-0.343438	0.353983
1.91622	0.275729
-0.908353	-0.563523
0.601708	0.338085
-0.0175256	-0.411522
-0.278255	0.206193
0.330114	-0.533602
-0.256528	0.135753
-0.354302	0.535882
-0.310847	0.352425
0.134567	0.328073
1.07971	0.427289
0.0693844	-0.249067
0.0693844	0.354778
0.145431	-0.218079
0.417024	0.102343
1.16662	0.435501
0.297523	0.512542
-0.864898	-0.363346
-0.571577	0.610029
-0.995263	-0.322063
0.0585207	0.206383
0.797255	0.161083
-0.289119	-0.0169911
-0.973535	-0.0803137
-0.115299	0.0330597
-0.897489	-0.767424
0.0259294	0.58606
1.05799	0.343235
-0.604168	-0.448539
0.656027	0.00362949
1.21008	0.14103
-0.419484	-0.529103
-0.386893	-0.796095
1.41649	0.393157
-0.332574	-0.37285
0.732073	0.429069
0.145431	-0.38726
-0.919216	-0.0857139
-0.691078	0.194567
2.06831	0.346626
-0.995263	0.383787
-0.973535	-0.980865
0.123703	0.383467
-0.723669	0.118728
-0.40862	0.404923
-0.940944	0.387585
0.721209	0.109406
-0.854034	-0.201371
-0.180482	0.11966
-0.75626	0.399285
0.308387	-0.496007
0.0802482	0.592686
-0.75626	0.354182
0.558253	0.136884
-0.799715	0.0315721
0.362706	0.400917
-0.517258	-0.0402578
-0.213073	-0.248562
-0.40862	0.327046
4.38229	0.164319
2.17695	0.762158
0.0693844	-0.665846
-0.126163	0.382336
0.514798	0.183638
1.34044	-0.0131025
-0.625895	0.531233
0.101976	-0.257802
0.264932	0.376231
-0.310847	0.435298
-0.734533	-0.330294
-0.137027	0.235326
-0.658487	0.175667
0.656027	0.15525
-0.875761	-0.824118
-0.452075	-0.244769
-0.832306	-0.0997793
1.02539	0.489956
-0.2348	0.227099
-0.940944	-0.368855
-0.560713	0.411911
-0.962671	-0.270257
-0.473803	-0.472556
-0.777988	0.558872
-0.0283893	-0.372893
1.04712	0.212654
-0.0175256	-0.654249
0.145431	0.0572736
0.612572	0.256556
0.66689	0.32513
0.243204	0.253391
2.55718	0.647729
-0.734533	0.495636
-0.49553	0.561535
0.112839	0.3182
1.07971	0.269169
0.156294	0.219719
-0.897489	-1.09452
-0.517258	0.411479
3.05691	0.452053
1.81845	0.662812
-0.560713	0.355158
-0.701942	-0.76019
-0.777988	0.27278
-0.593304	-0.13072
-0.897489	-0.711796
-0.723669	-0.114241
1.36217	0.224606
1.3839	0.179503
0.275796	0.315255
0.938484	0.399322
0.656027	0.295427
-0.875761	-0.860513
-0.864898	-1.08563
-0.984399	-0.323609
1.2644	0.484301
1.42735	0.212803
-0.93008	0.425775
-0.636759	-0.437882
-0.615032	-0.487881
-0.897489	-0.567937
1.72067	0.352866
0.645163	0.490165
3.7196	0.705611
0.0802482	-0.68172
-0.832306	-0.628421
0.57998	0.468987
1.02539	0.533261
-0.223937	0.265806
-0.354302	0.513117
1.85104	0.0927278
1.39476	0.85571
0.634299	-0.227463
0.167158	0.371872
-0.278255	0.439212
-0.549849	-0.354245
-0.397757	-0.14338
-0.658487	0.365896
-0.40862	0.306633
-0.777988	-0.186132
-0.66935	0.135953
-0.680214	0.171566
-0.691078	-0.0801108
-0.126163	0.17832
-0.32171	-0.297401
-1.00613	-0.290231
-0.973535	-0.697844
-0.723669	-0.384406
-0.647623	-0.431945
-0.332574	-0.530833
0.145431	0.148792
0.992803	0.23119
-0.951808	0.146839
-0.560713	-0.652862
1.12317	-0.266643
0.536525	0.336408
-0.767124	-0.62768
-0.549849	-0.931895
-0.886625	-0.136892
-0.419484	0.0863059
2.97	0.539271
-0.560713	-0.652837
-0.84317	0.397587
-0.593304	0.446459
-0.799715	0.240771
-0.58244	0.308187
0.851574	0.440713
0.417024	-0.150168
-0.462939	0.0124506
0.634299	0.365943
2.98087	0.769441
-0.951808	-1.69168
0.884165	0.766212
-0.310847	0.218197
0.319251	0.395315
1.61204	0.00142298
-0.0175256	0.276208
2.78532	0.263042
-1.04958	-0.82795
-0.213073	0.360791
-0.213073	-0.146057
0.264932	0.209524
-0.343438	-0.192516
-0.908353	-0.957888
-0.75626	-0.0342715
-0.777988	0.517662
-0.0501168	0.393012
-0.528122	0.502237
-0.647623	0.487901
-0.40862	0.346967
-0.897489	0.162965
-0.84317	-0.549085
1.9814	0.481405
-0.93008	-0.730484
-0.202209	0.567184
1.42735	0.0962662
-0.734533	-0.467606
0.395297	-0.288768
0.0150657	-0.353361
-0.962671	-0.36044
-0.897489	-0.171879
1.15576	0.646722
-0.712805	0.165786
-0.571577	0.128774
-0.213073	0.428611
2.65496	-0.0809824
-0.875761	-0.0130964
0.688618	0.449645
0.0693844	0.106293
-0.32171	-0.214327
-0.84317	-0.895355
-0.604168	-0.805031
2.07918	0.5914
0.449616	0.403186
-0.419484	0.58235
0.49307	0.154808
-1.00613	-0.316988
-0.538985	0.382519
-0.886625	-0.720636
-0.126163	0.603471
-0.821443	0.155072
0.7538	0.27828
-0.376029	0.479265
-0.973535	-0.843484
0.340978	-0.175315
-0.821443	-0.571106
-0.126163	-0.259419
0.525662	0.00961797
-0.137027	0.0239277
-0.810579	0.0451814
-0.039253	0.208602
1.57945	0.528399
-0.799715	-0.256729
-0.104436	0.153999
-0.658487	-0.529689
-0.832306	0.638074
0.536525	0.402478
-0.777988	-0.582384
-0.593304	0.363627
-0.636759	0.381137
-0.777988	0.263338
-0.723669	-0.870371
-0.810579	-0.985012
2.20954	0.109189
-0.528122	0.366763
0.601708	0.447219
-0.799715	-0.069532
-0.962671	-0.243893
1.70981	0.522608
-0.799715	-0.718176
-0.082708	-0.0575972
-0.636759	-1.08028
-0.864898	-0.935804
-1.00613	0.358771
0.406161	0.379019
-0.452075	0.345399
1.41649	0.523494
1.78586	-0.0905341
0.775528	0.366543
1.36217	0.171646
-0.213073	-0.191589
-0.2348	0.278643
-0.864898	-0.149826
0.373569	0.315784
0.134567	0.429382
1.00367	0.39842
0.0259294	0.473221
-0.0175256	-0.47087
-0.462939	-1.26783
-0.2348	-0.40083
0.851574	0.393211
-0.278255	0.412304
0.688618	0.114528
-0.908353	-1.11611
-0.49553	-0.0739484
1.22094	0.657507
-0.332574	0.399421
-0.126163	-0.159624
-0.66935	0.185035
0.264932	-0.533705
-0.864898	-0.257759
-0.202209	0.0739868
-0.680214	-1.27928
-0.00666181	-0.105313
-0.636759	-1.23022
-0.810579	-0.524407
-0.908353	-0.325648
-0.462939	0.118036
-0.962671	-0.633688
1.61204	0.341762
1.53599	0.579364
1.2644	0.924054
-0.571577	0.774506
1.40563	0.291812
-0.332574	-0.284778
-0.430348	-1.98794
0.601708	0.310269
-0.310847	0.348542
-0.864898	-0.0470749
-0.137027	0.473841
1.65549	0.406685
4.37143	0.48612
1.63376	-0.00629601
-0.973535	0.045755
-0.951808	-0.146554
2.07918	0.617173
0.243204	0.297643
1.36217	0.235755
0.308387	0.490281
-0.875761	0.125149
0.884165	0.146279
0.981939	0.219879
-0.191345	0.255004
0.829847	0.886677
-0.0935718	0.730314
-0.365165	0.538623
-0.875761	-0.117223
-0.680214	-1.2345
-0.0501168	0.00934136
0.101976	0.0467156
0.742937	-0.196904
0.0911119	0.429044
-0.908353	-1.25916
-0.245664	-0.182542
-0.745396	-0.184247
-0.625895	-0.375229
-0.647623	-0.146055
0.199749	0.065745
-0.66935	-0.196489
1.2644	0.257252
-0.593304	-0.817232
-0.691078	-0.116999
-0.777988	-0.51002
0.145431	0.448352
-0.310847	0.293632
-0.951808	-1.09019
1.97054	0.02728
-0.49553	0.267929
0.449616	0.012366
-0.821443	0.102634
1.88363	0.555891
-0.723669	-0.78055
-0.908353	-0.873492
0.210613	-0.021344
0.92762	0.266395
-0.462939	0.0193648
-0.93008	0.220387
-0.560713	0.0322223
3.1221	0.512412
-0.886625	0.423947
0.525662	0.0663378
-0.0175256	0.678274
-0.854034	-0.618547
0.297523	-0.083879
-0.604168	-0.105531
-0.84317	-0.296343
-0.14789	-1.9028
-0.397757	0.205932
-0.625895	-0.393676
-0.875761	-0.757328
-0.951808	-0.0626074
-0.00666181	0.202316
-1.01699	-1.43838
0.156294	0.372292
1.01453	0.495039
0.721209	-0.612181
0.417024	0.298971
-0.419484	0.030152
-0.462939	-0.0384903
0.243204	0.409902
-0.332574	0.175743
-0.93008	-0.89222
-0.951808	-1.09136
-0.256528	-0.346697
1.3839	0.653037
0.7538	0.189591
-0.169618	-0.345257
-1.01699	-0.618523
2.39423	0.405631
-0.854034	-0.229708
-0.082708	0.418848
-0.832306	-0.714504
-0.202209	-0.143268
-0.343438	0.0590338
1.13403	0.486321
-0.658487	0.0302572
0.319251	0.231076
-0.832306	-0.48012
0.0476569	-0.103287
-0.951808	-0.764471
-0.777988	-0.0031421
-0.908353	-0.763489
0.916757	0.40251
0.645163	-0.723489
0.884165	0.145046
-0.180482	0.421332
-0.919216	-0.804969
-0.191345	0.277293
0.00420194	0.190922
-0.658487	-0.500011
-0.777988	0.0264856
-0.93008	-0.553757
1.02539	0.162139
-0.40862	0.860041
0.732073	0.607732
-0.376029	-0.134519
0.145431	-0.216008
2.26386	0.248317
-0.158754	0.0663343
-0.886625	-0.385874
0.851574	0.0959332
-0.940944	-0.0428314
-0.854034	-0.146158
0.721209	0.00570232
-0.365165	-0.468496
-0.213073	0.400659
1.04712	0.331575
-0.32171	0.117336
0.503934	0.409197
-0.430348	-0.294901
1.1449	0.435542
8.10856	0.571303
-0.973535	-0.0159649
0.210613	-0.044785
-1.02785	0.264336
-0.691078	0.328197
-0.908353	-0.464875
1.93795	0.367575
-0.462939	0.246238
1.30785	0.512738
1.51426	0.270558
-0.49553	0.0615659
-0.854034	-0.359336
-0.984399	-0.125972
-0.875761	0.0954381
-0.799715	-0.0229105
-0.940944	-0.894174
-0.32171	0.492894
-0.919216	0.166579
0.57998	0.477634
-0.082708	-0.446975
-0.441212	0.153412
-0.886625	-0.97332
0.243204	-0.0784469
-1.01699	-0.178311
-0.984399	0.434052
-0.549849	-0.0804513
-0.701942	0.185523
-0.604168	-0.773856
-0.66935	-0.237692
-0.517258	0.125438
0.0802482	-0.0423783
-0.84317	0.416148
-0.886625	-0.592182
-0.538985	0.40053
-0.593304	-0.663876
-0.49553	-0.308851
3.67615	0.593533
-0.799715	-0.00989587
3.52406	0.124761
-0.538985	0.317275
-0.202209	0.338107
0.0802482	0.357928
-0.354302	-1.12402
3.16555	0.352254
-0.93008	-0.272995
0.0911119	0.0157491
-0.137027	0.449824
-0.962671	0.128999
-0.332574	0.324443
-0.560713	-0.179117
0.0367932	0.548789
0.590844	0.603684
-0.799715	-0.0933818
0.145431	0.344825
-0.299983	-0.432974
0.101976	-0.727422
-0.788851	0.0937459
-0.799715	-0.236275
0.57998	0.159122
-0.158754	-0.768128
-0.680214	-0.291408
-0.538985	-0.139757
-0.788851	-0.000478333
2.29645	0.400938
-0.973535	-0.263882
-0.0175256	0.0989177
-0.745396	-0.977984
0.525662	0.173927
0.319251	0.49183
-0.84317	0.207708
-0.821443	0.175831
-0.919216	-0.892419
-0.593304	-0.39304
-0.658487	-0.617542
0.862438	0.132167
-0.625895	0.538253
0.384433	0.0730181
-0.962671	-0.740734
0.340978	-0.0323596
0.0476569	-0.151693
-0.973535	-0.246535
-0.538985	-0.090793
-0.723669	-0.87562
-0.66935	0.0613381
-0.897489	-0.385094
-0.332574	-0.131405
-0.14789	-0.269352
-0.962671	-1.19276
1.47081	0.304558
2.45941	0.245806
0.427888	0.290106
0.243204	0.352228
2.57891	0.308933
-0.267392	0.356002
-0.213073	0.266806
-0.691078	-0.11762
-0.799715	0.118121
-0.180482	0.39219
-0.745396	0.211757
-0.0935718	0.0351329
1.04712	0.529931
1.48167	0.301137
0.710345	0.547707
-0.441212	-0.996254
-0.0175256	0.411843
0.178022	-0.230566
-0.658487	-0.592628
-0.625895	0.292956
-0.854034	0.338558
-0.473803	-0.313199
0.417024	0.213138
0.308387	-0.0581943
1.7424	0.43357
-0.615032	-0.0056455
-0.810579	-0.0445203
0.732073	-0.178291
0.547389	0.54479
2.51373	0.631874
-0.723669	-0.0949362
-0.897489	0.230638
0.00420194	-0.00473299
-0.115299	-0.260706
0.243204	0.683909
2.79618	0.223585
0.612572	0.0708174
-0.897489	0.226633
-0.799715	-0.0909254
-0.452075	-0.891057
-0.864898	-1.68101
-0.593304	0.0123386
-0.777988	-0.247748
0.710345	0.24375
3.08951	0.256091
-0.788851	-0.925411
-0.93008	0.399879
1.70981	0.373896
2.93741	-0.00908889
-0.973535	-0.296466
-0.32171	-0.0244078
0.167158	0.115234
2.02486	0.106358
-0.310847	-0.299042
0.590844	-0.669047
1.23181	0.905547
-0.777988	-0.289021
-0.84317	-0.246758
-0.886625	-0.385808
-0.289119	0.610924
0.873302	0.454295
0.254068	-0.0972073
4.29538	0.651075
1.02539	0.735607
0.981939	0.431188
0.797255	0.114656
0.101976	0.634779
-0.137027	0.251789
-0.93008	-0.737099
-0.854034	-0.623068
1.18835	0.310646
0.829847	0.0173023
1.10144	0.431209
-0.191345	0.109417
-0.115299	0.180166
-0.49553	-0.127493
-0.484667	0.112985
-0.32171	0.25032
-0.919216	-0.629334
0.319251	0.422271
0.590844	0.596314
-0.788851	-0.269218
-0.49553	0.307996
1.59031	0.377162
-0.473803	0.10741
-0.560713	0.388406
3.04605	0.364482
0.406161	0.498621
-0.484667	-0.38296
0.438752	0.14962
2.01399	-0.00409828
-0.940944	-0.253344
-0.875761	-0.82709
0.862438	0.396396
0.145431	0.0229659
1.05799	0.310961
-0.854034	-0.239271
1.56858	0.10258
-0.908353	-1.23686
1.54685	0.248278
-0.919216	-0.551532
-0.973535	-0.984839
0.438752	0.263115
-0.386893	0.452702
-0.919216	-0.336064
-0.549849	0.188003
-0.332574	-0.211663
-0.549849	-0.213913
-0.832306	-0.742697
0.0802482	0.156022
-0.376029	0.189916
2.77446	0.478534
1.09058	-0.245197
-0.462939	-0.38751
-0.180482	0.295117
-0.0935718	0.266091
-0.473803	0.752204
-0.0935718	0.0303483
1.70981	0.536332
-0.940944	-0.784543
0.612572	-0.0677327
-0.615032	0.57882
-0.604168	-0.233927
-0.908353	-0.471519
-0.430348	0.523505
-0.115299	0.719201
1.40563	0.169569
-0.940944	0.0986447
-0.58244	-0.0147765
-0.430348	-0.626923
-0.32171	0.424347
0.482207	0.27289
2.54632	0.261421
0.112839	-0.438364
-0.452075	0.167544
-0.908353	-0.858818
2.03572	0.377519
0.123703	0.370594
-0.137027	0.261806
-0.875761	-1.29829
-0.66935	-1.52773
0.818983	0.26103
0.514798	0.247307
-0.430348	0.60197
-0.484667	-0.261856
-0.549849	-0.618186
-0.821443	-1.03029
0.677754	0.0797255
-0.897489	0.0952454
-0.886625	-0.188724
-0.256528	0.126433
0.503934	0.0606383
-0.767124	-0.715751
0.178022	-0.0336008
0.199749	-0.156314
3.29592	0.443994
0.471343	0.397919
0.742937	0.0464427
0.0259294	-0.026399
0.0585207	-0.419848
1.2644	0.512176
-0.995263	0.0168093
-0.767124	0.392778
-0.767124	-0.305479
0.286659	0.303466
-0.40862	-0.605948
-0.549849	0.516377
-0.680214	-0.780132
-0.864898	-0.43366
0.558253	0.36217
-0.49553	-0.63336
-0.647623	-0.465794
0.645163	0.459773
1.22094	0.549468
2.01399	-0.0107821
-0.473803	-0.32859
-0.299983	-0.28076
0.178022	-0.334857
2.15522	0.303423
-0.517258	-0.0680782
1.28612	-0.112004
-0.973535	-0.660381
-0.593304	0.107043
-0.973535	-0.573866
-0.2348	-0.5055
0.634299	0.214314
-0.84317	-0.712552
-0.039253	0.0345323
1.19921	0.209463
-0.593304	0.0744216
-0.571577	-0.284074
0.199749	0.392563
-0.951808	-0.574258
3.25246	0.544872
2.53545	0.255206
-0.962671	0.354712
-0.625895	0.370368
-0.745396	-0.282139
-0.745396	-0.449389
-0.66935	0.389053
0.634299	0.27729
-0.908353	-0.896986
-0.343438	-0.893317
1.6229	0.604579
-0.680214	-0.00653312
-0.908353	-0.328942
-0.777988	-0.571345
-0.701942	-0.345326
0.7538	-0.0262479
-0.799715	-0.0526416
-0.875761	-0.541058
0.254068	0.361878
0.0476569	-0.292533
-0.897489	-0.625303
-0.788851	-0.0315358
-0.397757	0.18439
-0.75626	-0.509598
-0.213073	0.345888
-0.875761	-0.231731
-0.940944	-0.898805
4.20847	0.736391
-0.32171	0.547275
0.949348	0.469883
-0.256528	-0.134836
-0.973535	0.0832832
1.7424	0.398892
0.0693844	0.336391
-0.473803	0.131037
-0.75626	-0.443763
-0.951808	-1.06318
0.351842	0.173462
-0.875761	-1.32659
1.9814	0.236791
-0.777988	0.15271
-0.832306	-0.783756
0.319251	0.402252
0.145431	0.528191
0.00420194	-0.108774
-0.0175256	0.273483
0.0367932	0.290309
1.10144	0.108182
-0.951808	-0.503583
0.742937	0.395397
1.7424	0.649326
1.13403	0.407875
1.05799	0.261659
-0.430348	0.059513
0.243204	0.140594
-0.299983	0.0247513
-0.2348	0.0983581
2.72014	0.47164
0.895029	0.367828
-0.810579	-0.263925
-0.940944	-0.21474
0.232341	0.408625
-0.202209	0.153446
1.18835	0.168935
-0.701942	0.291
-0.897489	-0.0709184
-0.875761	-1.54278
0.634299	0.0125423
-0.538985	-0.0917532
-0.84317	0.520669
0.319251	0.137267
3.06778	0.536361
-0.788851	0.2473
-0.278255	-0.171615
0.286659	0.271041
0.0476569	0.256144
-0.875761	-0.290959
-0.191345	-0.319259
-0.538985	0.297663
-0.365165	-0.266104
0.547389	-0.069393
2.38336	0.697688
-0.908353	-0.839983
-0.973535	-0.427216
-0.0609805	-0.503888
0.308387	0.509409
-0.0935718	0.45285
2.35077	0.432752
-0.115299	0.363628
0.0367932	0.448303
0.0367932	0.177963
-0.701942	-0.31956
0.677754	0.398069
0.406161	-0.749811
0.0476569	0.123125
4.52352	0.674876
2.02486	0.588533
-0.951808	-1.53746
-0.854034	-0.189682
3.21987	0.383941
0.0585207	-0.236856
-0.441212	-0.0292325
2.80705	0.787348
-0.712805	0.48323
0.699482	0.637356
-0.875761	-0.89899
-0.0935718	0.225278
-0.940944	-1.06527
-0.854034	0.00223617
2.64409	0.220724
0.66689	0.759588
-0.354302	-0.0171954
-0.386893	-0.583256
-0.419484	-0.0457942
0.0585207	0.226901
-0.821443	-0.366338
-0.680214	-0.29963
-0.93008	-1.18457
0.916757	0.116283
-0.93008	-0.760446
-0.84317	0.111814
-0.0175256	0.184373
-0.788851	-0.245637
-0.973535	-0.0454601
-1.00613	-0.969968
-0.32171	-0.108506
1.94881	0.238814
3.77392	0.610632
-0.430348	-0.317097
-0.169618	0.255296
1.24267	0.290815
-0.940944	-1.26452
-0.995263	-0.345163
0.710345	0.540451
-0.723669	-0.0616722
-0.810579	-0.253386
0.0150657	-0.839299
-0.691078	-0.0257095
-0.66935	-0.789054
-0.40862	-0.108538
-0.810579	0.401943
-0.636759	0.280611
0.395297	0.482171
0.482207	0.0778715
-0.58244	0.472205
-0.180482	-0.228143
-0.365165	0.437107
-0.267392	0.347514
-0.788851	-1.14434
-0.84317	0.0904582
1.16662	0.726302
0.514798	0.100748
-0.995263	-0.556313
-0.452075	0.770828
1.88363	0.361948
-0.223937	-0.799807
-0.777988	-1.36288
-0.897489	0.248506
0.145431	-0.189151
-0.951808	-0.580044
0.884165	0.0190154
3.51319	0.657072
-0.256528	0.323855
-0.593304	0.283271
0.66689	-0.0121959
1.12317	0.0822329
1.19921	0.765017
-0.299983	0.175468
-0.864898	0.189685
-0.310847	0.249336
0.612572	0.376912
-0.799715	-0.189871
-0.75626	-0.275645
2.86137	0.80421
-0.636759	-0.501332
0.384433	0.473093
-0.886625	-0.345448
-0.680214	0.363257
0.0693844	-0.0246807
1.79672	-0.0184741
0.00420194	-0.888326
1.15576	0.0874365
-0.995263	0.280857
-0.886625	-0.725901
1.5034	0.531841
-0.951808	-0.552295
-0.245664	-0.548971
-0.84317	-0.0772419
-0.93008	-0.203637
-0.723669	0.250391
-0.332574	-0.860924
0.916757	0.69454
-0.571577	0.501593
-0.777988	-1.26527
-0.799715	-1.72458
-0.615032	0.189125
0.275796	-0.639412
-0.973535	-0.114671
2.55718	0.215626
0.808119	-0.133049
-0.191345	0.265553
0.797255	0.828487
-0.995263	-0.738758
2.69841	0.12524
-0.951808	-0.326369
-0.191345	0.136059
-0.821443	0.242691
-0.636759	-0.321093
-0.897489	0.290966
0.884165	0.103326
-0.137027	0.566294
1.09058	0.304446
-0.908353	-0.279919
2.06831	0.452521
0.656027	-0.459609
-0.191345	0.269341
0.0911119	0.555266
1.32958	0.413998
-0.832306	-0.498125
0.210613	-0.433214
-0.777988	0.221937
2.77446	0.546365
-0.571577	0.512817
-0.875761	-1.62898
-0.365165	-0.779114
0.808119	-0.148976
-0.908353	-1.03083
-0.354302	0.500338
0.460479	0.55292
0.264932	-0.338922
-0.647623	-0.651402
-0.126163	0.712811
-0.625895	0.35275
1.07971	0.518518
3.0026	0.356176
2.01399	0.264711
-0.169618	0.200059
-0.517258	0.588862
-0.0501168	0.300773
-0.58244	0.126639
-0.995263	-0.339626
-0.310847	0.331897
2.48114	0.378295
-0.799715	0.415417
1.10144	0.529931
0.49307	0.183032
-0.0935718	0.303698
0.7538	-0.0178418
2.00313	0.666205
-0.951808	-0.755929
-0.376029	0.556466
-0.082708	0.351861
-0.962671	-0.123295
3.08951	0.344591
2.56805	0.380097
-0.0175256	-0.122787
-0.93008	-1.05128
-0.908353	-0.865755
-0.126163	0.0462415
0.514798	0.512156
-0.560713	0.807053
-0.984399	-1.36638
-0.66935	0.461692
-0.908353	-0.213829
1.12317	0.00441977
0.949348	0.216523
-0.66935	-0.694408
0.101976	-0.137051
0.949348	0.48156
1.36217	0.57722
1.17749	0.451878
-0.245664	0.397322
0.286659	-0.0317863
-0.962671	0.394902
1.69895	0.338185
-0.32171	0.12025
-0.908353	-0.653715
-0.593304	-0.265948
0.384433	0.131963
-0.191345	0.512937
-0.267392	-0.00844691
1.47081	0.0770752
-0.951808	0.257552
-0.430348	0.208298
0.351842	0.184114
0.319251	0.311523
-0.0609805	-0.282721
-0.84317	-0.600591
-0.788851	-0.416084
0.00420194	0.333906
-0.32171	-0.10402
-0.625895	0.192131
-0.473803	-0.634049
-0.213073	0.360438
2.00313	0.352452
-0.734533	0.555809
0.188886	0.286648
-0.213073	0.00414716
0.00420194	-0.0796217
-0.0609805	-0.608811
0.427888	-0.178645
-0.484667	0.554852
-0.430348	0.529217
0.0911119	-0.198118
-0.886625	-0.983913
0.0911119	0.47451
-1.00613	-0.190608
-0.788851	-0.16344
0.0259294	0.508635
-0.2348	0.302639
1.23181	0.553683
-0.604168	-0.165212
-0.376029	-0.331956
-0.169618	-0.283226
-0.940944	-0.625788
-0.137027	0.287522
0.536525	0.444562
0.558253	0.414186
0.460479	0.479219
-0.32171	-0.271489
0.808119	0.451633
-0.712805	-0.285758
0.254068	0.602231
0.00420194	0.344531
0.971075	0.407214
0.884165	0.429132
-0.854034	-0.34015
0.503934	0.60342
3.6001	0.402466
-0.00666181	0.390373
-0.886625	-0.203074
-0.386893	-0.476635
0.210613	0.383196
0.710345	-0.200211
1.07971	0.0539564
-1.00613	-0.40131
0.112839	-0.0970743
-0.213073	0.0450689
-0.886625	0.371239
0.340978	-0.143829
0.134567	-0.156112
-0.962671	-0.829713
-0.137027	0.839136
-0.365165	0.461596
-0.821443	0.24981
-0.58244	0.563087
-0.799715	-0.899215
-0.115299	-0.814816
-0.354302	-0.074502
0.895029	0.333152
0.0476569	0.558099
1.32958	0.240545
-0.951808	-1.03851
-0.940944	-0.878446
-0.680214	-0.0105767
-0.875761	-0.425097
-0.962671	-0.856746
-0.267392	0.0676393
3.02432	0.657211
1.16662	-0.167448
-0.864898	0.0923193
0.145431	0.0923193
0.319251	0.537228
2.01399	0.573114
-0.93008	0.207429
-0.158754	0.493738
-0.821443	0.203559
-0.549849	-0.107294
-0.897489	0.0413646
0.7538	0.611743
1.55772	-0.106152
-0.58244	-0.310826
0.264932	-0.188712
0.612572	0.569366
0.427888	0.319747
-0.897489	-0.389573
-0.647623	0.0221718
0.688618	0.178895
-0.137027	-0.385697
-0.854034	-0.369508
-0.897489	-0.242291
-0.810579	-0.126625
0.112839	0.197354
-0.299983	-0.6035
-0.256528	-0.182913
0.167158	0.338947
1.82931	0.514746
-0.419484	-0.0216921
-0.484667	0.432682
-0.506394	-0.0341568
-0.832306	-0.350034
-0.137027	0.259151
-0.799715	0.162047
1.85104	0.462712
4.50179	0.293258
3.06778	0.256715
-0.202209	-0.0292551
-0.701942	-0.390689
-0.647623	-0.152843
0.949348	0.4656
-0.788851	-0.589813
-0.886625	-0.723028
-0.984399	-0.782345
0.862438	0.371119
0.351842	0.287951
-0.995263	0.410001
-0.691078	0.420709
-0.973535	-1.39941
0.395297	-0.203018
0.264932	0.287531
-0.777988	-0.0391263
-0.821443	-0.266314
-0.919216	-0.707518
-0.745396	-1.10692
-0.897489	-1.0529
1.78586	0.166119
1.93795	0.095445
-0.213073	0.586219
1.1123	-0.232565
0.167158	0.439456
-0.701942	0.0630006
-0.75626	0.0784477
0.373569	0.36496
1.48167	0.56768
-0.940944	-0.237925
-0.658487	-0.340391
-0.919216	0.133358
-0.506394	-1.13101
0.188886	0.369876
-0.691078	-0.20845
-0.14789	0.0550208
-0.962671	-0.827408
-0.680214	0.139432
-0.267392	0.412
0.00420194	0.527661
-1.00613	-0.0346647
-0.256528	-0.0705255
-0.854034	-0.270836
-0.897489	-0.544469
1.16662	0.233358
-0.0175256	0.0324053
0.742937	0.169718
-0.832306	0.216171
0.721209	0.463985
-0.126163	0.0505746
-0.289119	-0.0083851
0.49307	0.0748711
-0.332574	-0.273122
-0.691078	-0.117585
0.188886	0.402816
1.06885	0.180463
-0.604168	-0.085735
-0.267392	0.103479
-0.549849	-0.682785
0.601708	-0.259702
-0.49553	0.133647
0.0150657	-0.206997
-0.104436	-0.162808
-0.484667	0.298679
-0.299983	0.115488
-0.940944	-0.425311
4.07811	0.47762
-0.430348	-0.255394
-0.40862	0.468639
-0.593304	0.223366
-1.00613	-0.775889
0.384433	0.32125
-0.0718443	-0.0645828
-0.40862	-0.123369
-0.191345	-0.0154294
1.82931	0.382063
-0.854034	-1.01952
-0.484667	-0.226043
-0.821443	0.599171
-0.647623	0.0172925
0.134567	0.279258
3.66528	0.533796
-1.00613	-0.816385
0.57998	0.101053
0.0693844	-0.223053
-0.658487	0.512907
-0.571577	-0.248472
1.29699	0.103722
-0.202209	-0.502718
-0.658487	-0.374699
0.449616	0.220271
-0.777988	-0.196525
-0.875761	-0.0748509
-0.777988	0.118494
-0.93008	-0.815504
-0.430348	0.655391
3.05691	0.558808
-0.886625	-0.883735
0.297523	0.205135
-0.767124	0.55682
-0.854034	0.173327
0.525662	0.645043
-0.951808	-0.605774
-0.506394	-0.671673
-0.701942	0.067972
-0.788851	-0.82493
-0.40862	-0.352023
1.91622	0.371399
-0.549849	0.212008
-0.267392	0.34353
-0.365165	-0.426359
0.884165	0.321926
1.53599	0.145643
-0.799715	-0.356011
0.732073	0.38715
-0.919216	0.534425
0.199749	-0.143299
-0.767124	-0.374064
1.76413	0.461997
-0.788851	-0.791432
-0.962671	-0.655871
-0.701942	0.32223
-0.777988	0.376994
-0.886625	-0.616855
0.00420194	0.334321
-0.821443	-0.629242
0.818983	0.334416
0.786392	0.563418
-0.419484	0.374195
-0.14789	0.0746567
-0.213073	0.421321
-0.886625	-0.987138
-0.267392	0.0391833
-0.701942	-0.16325
-0.604168	-0.348172
0.601708	0.0328151
-0.137027	0.272466
-0.908353	-0.21163
0.123703	0.590152
-0.343438	0.0142033
-0.951808	-0.744688
0.373569	0.214338
-1.00613	0.216002
-0.2348	0.310204
-0.93008	-1.20913
1.68808	0.662923
0.732073	-0.642426
-0.962671	-0.56505
-0.430348	0.0518679
1.70981	0.306978
5.15362	0.635978
-1.00613	-0.597678
-0.625895	0.478799
-0.734533	-0.989735
-0.799715	-0.521737
-1.00613	-0.485824
-0.886625	-0.372346
0.243204	0.0782848
-0.0935718	0.610992
0.590844	0.0809149
-0.680214	0.272944
0.92762	0.221337
0.710345	0.162166
3.20901	0.553818
0.49307	0.326504
-0.14789	0.0712679
-0.832306	-1.2876
0.49307	0.145805
-0.082708	0.388901
-0.571577	0.0344358
-0.549849	0.173484
-0.919216	-0.802166
0.406161	-0.0765164
-0.343438	-0.397017
0.373569	0.298654
-0.84317	-0.197763
-0.919216	-0.99054
0.525662	0.347366
-0.354302	0.646842
1.34044	0.222096
-0.962671	-0.220947
-0.506394	-0.604489
-0.267392	0.192471
0.732073	0.537254
0.742937	0.314282
-0.875761	-0.480364
-0.93008	-0.361941
2.83964	0.461095
-0.875761	0.37531
-0.636759	-0.200736
-0.0718443	0.0517954
-0.875761	-0.626747
-0.940944	-0.712568
2.35077	0.639756
-0.354302	-0.188479
0.406161	0.792295
0.471343	0.186785
0.873302	0.368685
-0.115299	0.0221112
0.188886	-0.872102
1.66635	0.332746
1.09058	0.535811
1.03626	0.38123
-0.397757	0.311993
2.14436	0.450177
0.319251	0.362226
-0.919216	0.471802
-0.180482	0.252293
-0.799715	0.583017
-0.158754	0.0290581
1.48167	0.534875
2.14436	0.317742
1.64463	0.339059
1.1123	0.174387
-0.767124	-0.770148
-0.93008	0.267471
-0.897489	-0.399781
-0.528122	0.450239
-0.799715	-0.153091
0.699482	-0.0599845
-0.082708	-0.0170392
0.178022	0.0443538
-0.962671	-0.533401
-0.571577	-0.601968
-0.202209	0.257262
0.417024	-0.449711
-0.919216	-0.558536
0.721209	-0.253744
1.01453	0.379995
-0.875761	-0.600798
-0.832306	-0.484038
0.275796	0.370807
1.02539	-0.0388265
-0.615032	-0.174168
-0.940944	-0.517337
-0.115299	-0.754391
1.85104	0.227768
-0.267392	-0.0907581
0.482207	0.580969
-0.864898	-1.57374
0.514798	0.0666631
-0.691078	0.523468
-0.973535	-0.850935
-0.940944	0.0989295
-0.441212	0.487793
-0.973535	-0.863432
0.319251	0.408378
-0.517258	-0.163727
-0.484667	0.43662
-0.712805	0.312966
1.1123	-0.0767529
0.623435	-0.138268
-0.571577	-0.185174
1.06885	0.632371
-0.995263	-0.807836
-0.919216	-0.246915
-0.962671	-0.734231
-0.593304	0.238474
-0.788851	0.309321
-0.615032	0.148724
-0.973535	-1.05096
0.84071	-0.184754
1.01453	0.441368
0.503934	0.19697
1.73154	0.774261
3.05691	0.666837
-0.973535	-0.936126
0.00420194	0.334349
-0.58244	-0.101937
-0.854034	-0.199234
-0.549849	-0.0965297
0.406161	0.350245
0.188886	0.480775
1.59031	-0.0330014
-0.864898	-0.379716
0.677754	0.112001
1.28612	0.08628
-0.58244	-1.33862
-0.636759	-0.942379
1.97054	0.415639
-0.777988	-0.0381721
-0.191345	0.178076
-0.658487	-0.00512403
-0.940944	-0.0986292
-0.528122	0.0853187
0.112839	0.590814
0.84071	0.347324
0.308387	-0.441619
-0.93008	-0.366262
0.101976	0.130286
2.60064	0.441778
-0.158754	0.635453
-0.701942	-1.05178
-0.908353	0.310359
-0.32171	0.41031
1.7424	0.0311113
-0.897489	-0.531071
0.101976	0.489485
0.829847	0.467832
1.48167	0.294678
0.775528	0.236031
-0.082708	0.244085
-0.332574	0.0860628
1.99227	0.360018
-0.940944	-0.807494
-0.940944	-0.192987
0.742937	0.0474367
1.48167	0.278586
-0.854034	-0.166248
-0.549849	-0.300235
-0.289119	0.382468
1.48167	0.575272
-0.951808	-0.650527
-0.875761	-0.343124
-0.84317	-0.183848
-0.14789	0.0765454
-0.386893	0.263351
0.525662	0.214802
-0.039253	-0.478061
0.0150657	0.567517
-0.854034	-0.403408
5.39262	0.608294
-0.799715	0.155049
-0.93008	-0.88758
-0.691078	-0.110618
0.0911119	0.49463
0.895029	0.214328
0.373569	0.328261
-0.40862	0.297629
-0.908353	0.117149
2.77446	0.349245
-0.777988	-0.425063
2.65496	0.566248
-0.082708	-0.311028
2.22041	-0.0982161
4.28452	0.71558
-0.886625	-0.490939
-0.875761	0.157058
-0.430348	0.486
0.254068	0.0404756
1.16662	0.414089
1.77499	0.392339
-0.886625	-0.575999
-0.734533	-0.412805
-0.93008	-0.745858
-0.767124	0.310386
-0.158754	0.000269497
-0.137027	0.561259
-0.636759	0.257881
1.22094	0.322402
-0.897489	-0.916639
0.101976	0.28512
-0.66935	-0.0868552
0.862438	0.670137
-0.93008	-0.416686
-0.2348	0.175628
-0.386893	0.446305
-0.2348	0.019085
-0.332574	0.394423
1.81845	0.18582
2.51373	0.346773
-0.745396	-0.302388
3.14382	0.100464
-0.636759	-0.437218
-0.832306	0.332265
-0.517258	-0.0167269
0.829847	-0.463897
1.02539	-0.0269484
-0.310847	0.362984
-0.343438	0.411666
0.362706	0.110579
-0.517258	-0.486701
-0.180482	-0.234245
0.0259294	0.364383
1.77499	0.192583
-0.875761	-1.0538
-1.01699	0.0288048
-0.506394	0.078964
-0.625895	-0.129424
-0.571577	0.0316194
-0.32171	0.239363
-0.2348	-0.123997
0.536525	0.263533
-0.506394	-0.715398
-0.973535	-0.678792
0.0367932	0.277536
-1.03872	-0.429224
-0.788851	-0.881404
-0.202209	0.00407718
-0.245664	-0.0730009
1.09058	0.340791
0.330114	0.505241
-0.430348	0.596636
-0.40862	0.178222
0.49307	0.655393
-0.940944	-1.18841
-0.538985	-0.0496529
0.0150657	0.126538
-0.919216	-0.453482
-0.517258	-0.116295
1.89449	0.269633
0.00420194	0.172369
-0.875761	-0.768038
-0.58244	0.485274
-0.908353	-0.322483
1.10144	0.590152
-0.658487	-0.42065
-0.777988	0.000550565
0.0367932	0.544948
1.87277	0.40835
-0.289119	0.286317
-0.137027	0.257385
-0.528122	0.360294
-0.191345	0.295974
-0.604168	0.108408
0.547389	0.000760866
-0.788851	0.345466
0.0693844	0.627808
0.243204	0.417145
-0.430348	0.391017
0.351842	0.483748
1.49254	0.014642
-0.973535	-0.687031
-0.397757	0.40039
-0.538985	0.338535
-0.973535	-1.01102
-0.58244	0.111512
0.156294	-0.592775
-0.506394	0.449202
0.971075	0.355284
-0.615032	0.0473867
1.07971	0.510652
-0.940944	-0.279351
-0.951808	-0.153269
-0.430348	0.203258
1.47081	0.275538
-0.875761	-1.50857
-0.84317	-0.736417
-0.940944	-0.245361
-0.864898	-0.529009
-0.897489	-0.889348
-0.66935	0.0233853
2.51373	0.442629
-0.386893	-0.542798
-0.810579	-0.384336
-0.202209	0.345934
0.221477	0.428893
-0.202209	-0.463705
0.0476569	0.242862
-0.310847	0.284259
0.981939	0.375462
1.42735	0.222526
-0.267392	-0.473868
-0.854034	-0.449358
0.156294	0.403075
-0.680214	-0.670076
-0.332574	0.221054
-0.560713	-0.0848807
-0.940944	-0.757037
-0.310847	-0.493556
-0.625895	-0.0631458
0.471343	-0.372689
0.297523	0.337298
-0.267392	-0.107641
-0.137027	0.293401
-0.528122	-0.454727
0.623435	0.244255
-0.571577	-0.167393
-0.528122	-0.0948409
-0.615032	-0.498711
-0.506394	0.0340237
0.514798	0.397782
-0.767124	0.621128
-0.354302	0.396302
-0.767124	-0.262172
-0.875761	-0.823105
-0.332574	0.381153
-0.940944	-0.245247
0.558253	-0.173575
-0.951808	-1.33712
-0.973535	-1.11539
-0.267392	0.379451
-0.58244	-0.402404
0.254068	-0.112682
-0.680214	0.483409
-0.788851	-0.957558
-0.854034	-0.199367
-0.560713	-0.679423
1.37303	0.477715
0.0585207	-0.690107
0.275796	0.391558
-0.734533	0.365885
0.167158	-0.318215
-0.734533	0.0290943
-0.386893	0.420818
-0.223937	0.460807
-0.560713	-0.4909
0.938484	0.496988
-0.528122	-0.308551
-1.00613	-1.12012
-0.32171	-0.403765
-0.2348	-0.305034
0.319251	-0.0584805
-0.2348	0.0667358
2.95914	0.636639
-0.310847	-0.699492
-0.995263	-0.890882
-0.082708	0.383338
-0.767124	-0.312456
-0.430348	0.370196
-0.658487	-0.184056
-0.680214	-0.480666
-0.289119	0.715333
0.525662	-0.136629
-0.14789	0.09099
-0.278255	-0.0281741
-0.93008	-0.591622
-0.430348	0.460535
0.460479	-0.380014
-0.593304	0.123441
-0.854034	-0.293129
1.85104	0.477516
-0.854034	0.199296
0.112839	0.321959
0.384433	0.00326124
-0.821443	-0.225522
-0.039253	0.488707
-0.202209	0.319811
-0.267392	0.435716
-0.951808	-0.422308
1.81845	-0.107857
0.656027	0.383915
-0.821443	0.313195
1.55772	0.630782
-0.984399	-0.0945277
0.938484	0.288776
-0.2348	-0.349197
-0.995263	-0.141129
-0.908353	-0.400728
-0.158754	0.275724
0.232341	0.195576
0.862438	0.546464
1.7424	0.618024
-0.14789	0.344769
0.536525	0.395657
0.264932	0.35958
-0.58244	-0.555987
2.41595	0.96665
-0.104436	0.148729
-1.00613	-0.0354852
1.49254	0.632441
-0.951808	-0.496061
-0.995263	-0.892699
-0.854034	-1.19887
-0.821443	-1.02342
-0.278255	0.00246657
0.221477	0.539732
0.112839	0.0738123
-0.278255	0.321272
-0.191345	-0.607865
-0.940944	-0.963013
0.612572	0.527123
0.0911119	0.522645
0.525662	0.317624
-0.832306	0.614671
-0.84317	-0.640772
-0.821443	-0.0703288
-0.658487	-0.168197
-0.636759	0.0664345
-0.680214	-0.987635
0.156294	0.467159
-0.897489	-1.09509
-0.832306	0.187178
-0.854034	-0.133061
1.30785	0.539973
0.254068	0.105492
0.0802482	-0.114751
-0.995263	-0.40597
-0.506394	0.032773
3.33937	0.440305
-0.919216	-0.300307
-0.615032	0.136986
-0.886625	0.52793
-0.93008	0.0638845
-0.854034	0.195151
-0.58244	-0.542752
-0.32171	-0.177407
0.123703	0.0753564
-0.701942	-0.695182
-0.701942	-0.652979
0.0150657	0.46929
-0.202209	0.212935
0.438752	0.31928
0.960212	0.254181
-0.66935	0.137936
0.384433	-0.220678
-0.777988	0.522808
-0.267392	-0.0466631
-0.810579	-0.406205
-0.897489	-0.873531
0.699482	0.457461
-0.473803	-0.238046
2.42682	0.394677
0.123703	0.465915
0.123703	0.239327
-0.625895	0.252952
1.53599	0.346615
-0.647623	-0.161824
0.330114	0.415224
-0.00666181	-0.222043
0.66689	0.246599
-0.256528	-0.73651
-0.854034	-0.0994031
-0.158754	0.265947
-0.452075	0.368268
-0.919216	-0.75636
-0.2348	0.353889
0.971075	0.292909
-0.430348	-1.52582
0.656027	0.685307
0.178022	0.165702
-0.430348	-0.183914
-0.137027	0.403493
1.52513	0.111114
-0.84317	-0.775965
0.275796	-0.538468
-0.919216	-0.110375
-0.430348	-0.480896
-0.897489	-1.23715
-0.49553	0.316814
-0.365165	0.0510585
0.49307	0.322692
-0.223937	-0.24429
-0.875761	0.143465
-0.039253	-0.351809
-0.560713	-0.722301
-0.701942	0.177335
-0.278255	-0.044801
-0.0283893	0.466092
-0.517258	-0.103841
0.112839	0.557227
-0.864898	-0.766116
-0.995263	-0.491478
1.52513	0.500941
-0.0501168	-0.797591
-0.365165	0.124931
-1.01699	-0.653911
-0.810579	0.560915
-0.951808	0.222991
-0.962671	-0.234117
-0.419484	0.553249
-0.593304	0.039486
1.05799	0.37859
-0.571577	0.0944848
-0.745396	0.471045
1.00367	-0.0411566
0.0585207	0.392965
0.449616	0.204256
0.210613	-0.0792528
1.23181	0.168937
1.2644	0.35197
-0.441212	0.314734
-0.528122	-0.778466
1.1123	0.618701
-0.289119	0.256675
-0.0283893	0.0708319
0.558253	0.407608
0.145431	0.579822
0.536525	0.520935
-0.93008	0.0966553
-0.973535	-0.0630677
3.17642	0.463923
0.406161	0.521765
0.0476569	0.19789
-0.962671	-1.28769
-0.506394	0.418785
-0.528122	-0.275787
-0.821443	0.0628398
-0.593304	-0.178705
-0.886625	-0.448032
0.438752	0.322444
0.0585207	0.331895
-0.49553	0.0317933
1.5034	0.478651
3.08951	0.523838
-0.940944	0.026108
-0.484667	0.32572
-0.213073	0.229932
-0.962671	-0.547305
-0.940944	0.068339
0.264932	0.450644
0.764664	0.471352
1.68808	0.352247
-0.115299	0.0707665
-0.66935	0.1999
0.569117	0.0487784
-1.01699	0.641623
-0.625895	-0.0195896
0.873302	0.528442
-0.984399	-0.27241
-0.365165	-0.0754723
-0.821443	-0.338997
-0.560713	0.0152125
-0.908353	-0.709513
-0.00666181	0.355153
-0.354302	0.186553
-0.082708	-0.299106
-0.821443	0.220661
-0.549849	0.173382
-0.821443	-0.950134
0.57998	0.547805
-0.104436	0.353874
1.9814	0.346929
-0.365165	0.130719
-0.376029	-0.642479
1.84017	0.652694
-0.919216	0.238773
-0.886625	-0.780094
2.02486	0.40073
1.72067	0.568189
-0.625895	0.291155
-0.712805	0.167367
-0.799715	-0.545334
0.699482	0.241648
-0.332574	-0.383924
-0.995263	-0.312753
-0.289119	0.0400687
0.558253	0.187941
-0.354302	-0.542467
1.54685	0.517524
0.275796	0.0160427
-0.84317	-0.577053
0.862438	0.341301
1.04712	0.00646992
0.884165	0.0580491
0.0911119	-0.220432
0.981939	0.176376
-0.158754	-0.158745
-0.647623	-1.14407
-0.75626	0.0664232
0.460479	0.0620965
0.7538	0.42615
0.340978	0.195796
1.18835	0.401022
-0.039253	0.415749
-0.84317	-0.377543
-0.897489	-0.683121
-0.821443	0.0127639
-0.658487	0.343902
0.308387	0.265967
0.384433	-0.0217958
-0.354302	-0.147624
-0.919216	-0.849363
-0.984399	-0.362529
3.64356	0.574496
-0.886625	-0.676668
3.21987	0.598688
-0.278255	0.362756
0.308387	-0.405424
0.960212	0.331583
1.61204	0.103352
-0.854034	-0.604038
-0.354302	-0.424656
-0.84317	-0.17162
0.895029	0.429186
-0.604168	0.448491
-0.84317	0.0558899
1.93795	0.610714
0.264932	0.250042
-0.104436	0.129082
-0.919216	0.315029
0.123703	0.45141
0.384433	0.350188
0.66689	0.123469
-0.452075	-0.113061
0.764664	0.273207
-0.082708	0.273427
-0.571577	0.395047
2.06831	0.666972
0.449616	-0.19972
5.03412	0.253228
1.16662	0.354828
-0.75626	-0.659308
1.70981	0.565025
-0.604168	0.130396
-0.376029	0.0997956
-0.267392	0.109477
0.167158	0.0772422
0.156294	-0.109535
0.178022	0.233978
0.449616	0.336324
-0.625895	-0.072604
-0.951808	-0.283416
-0.343438	-0.622889
-0.376029	0.473397
-0.158754	0.456453
-0.473803	0.391743
0.612572	0.441958
1.61204	-0.151141
-0.115299	0.0936141
-0.191345	0.431667
0.221477	0.692327
0.0802482	0.341449
-0.951808	-0.657629
0.569117	0.510524
-0.701942	-0.235257
-0.365165	0.279279
-0.919216	-1.03304
-0.734533	0.355698
-0.158754	0.281704
0.0585207	0.347156
-0.777988	-0.597008
-0.32171	0.268229
-0.636759	-0.21177
-0.126163	-0.0250256
-0.0718443	0.475566
1.32958	0.593624
-0.940944	-0.21814
-0.636759	-0.367966
0.449616	0.529468
-0.202209	0.196782
1.27526	0.246553
0.330114	0.411898
-0.560713	0.438157
0.895029	-0.0439295
1.88363	-0.0403662
0.0911119	0.370703
-0.93008	-0.145915
-0.984399	-0.673381
-0.962671	-0.462458
-0.951808	-0.0245071
-0.832306	-0.626841
0.427888	0.705988
-0.973535	-0.00322049
-0.93008	0.120215
2.48114	-0.196557
1.61204	0.495789
2.06831	0.404288
-0.538985	-0.928957
-0.14789	-0.249913
-0.332574	0.0672453
-0.854034	-0.380258
-0.897489	-0.744762
-0.397757	0.3192
-0.886625	-0.362491
-0.777988	0.441157
1.44908	0.507423
-0.256528	0.0195765
0.156294	-0.35942
-0.658487	-0.338848
0.362706	0.560617
-0.473803	-0.131264
-0.0718443	-0.307246
-0.777988	0.0679984
0.949348	0.153464
-0.615032	-0.352939
-0.636759	0.236641
-0.310847	0.578604
-0.571577	-0.345135
0.49307	-0.411378
-0.32171	0.233031
-0.191345	0.279477
-0.723669	-0.923184
-0.14789	0.0584933
3.30678	0.402918
-0.854034	0.195375
0.656027	0.315984
0.536525	0.561036
0.905893	0.489327
0.612572	0.578318
-0.0718443	-0.508007
-0.310847	0.115205
0.612572	0.505068
-0.0283893	-0.461474
1.30785	0.49726
-0.310847	-0.570809
0.00420194	0.200752
1.22094	0.391467
-0.49553	-0.452326
-0.538985	-0.384783
-0.897489	-0.319043
-0.593304	-0.141605
2.62236	0.126276
-0.951808	-0.0646664
-0.104436	0.420386
1.44908	0.47007
-0.386893	0.557835
-0.658487	-0.327506
0.514798	-0.0680678
-0.0718443	0.0803379
-0.430348	-0.762069
2.44854	0.0889356
1.1123	-0.0241359
-0.528122	0.371733
0.0367932	0.248616
1.88363	0.313512
0.112839	0.403341
-0.799715	-0.226398
0.92762	0.522575
-0.712805	0.0268398
-0.810579	-0.150768
-0.0283893	0.0323345
-0.777988	0.0653333
0.286659	0.735084
-0.821443	-1.04049
0.188886	0.0373945
-0.0935718	-0.289718
-0.528122	-0.442793
-0.615032	0.219511
-0.908353	-0.0655471
-0.386893	-0.372721
-0.310847	0.0135662
-0.560713	0.0376056
-0.908353	-1.08932
-0.864898	0.568996
0.590844	0.361408
-0.484667	0.0248635
-0.343438	-0.260554
-0.0501168	0.755578
1.23181	0.325949
-0.940944	-0.440178
-0.723669	0.272861
2.65496	0.0404934
0.0911119	0.217426
2.42682	0.74304
-0.962671	0.0999386
-0.615032	0.342944
-0.202209	0.739758
0.340978	0.367764
-0.919216	-0.607317
1.91622	-0.198182
-0.864898	-0.41496
0.612572	0.153904
-0.484667	0.343977
-0.104436	-0.423186
-0.365165	0.0385482
0.0367932	-0.222115
-0.777988	-0.170568
-0.75626	0.111739
-0.951808	-0.663106
1.3839	0.469139
0.330114	0.363257
-0.365165	-0.0800664
1.22094	-0.220363
-0.84317	-0.476259
-0.430348	-0.349235
-0.278255	0.569036
-0.84317	-0.178336
-0.528122	0.357396
0.57998	0.211835
-0.0935718	-0.209475
0.0693844	0.0667839
-0.93008	-0.106212
-0.962671	-0.812717
-0.0283893	0.444609
-1.00613	-1.10749
0.971075	0.298892
3.3611	0.388307
1.91622	0.231414
-0.973535	-0.337247
-0.58244	-0.399423
-0.93008	-0.804783
-0.701942	0.438607
0.0911119	-0.851083
-0.647623	-0.131343
-0.40862	-0.466401
-0.940944	0.298262
0.884165	0.588835
1.18835	0.256588
-0.223937	0.431285
-0.832306	-0.841029
-0.723669	-0.706002
1.93795	0.233709
-0.864898	-0.424264
-0.310847	-0.465288
-1.01699	-0.602268
-0.58244	-0.169677
-1.00613	-0.986299
-0.940944	-0.765166
-0.180482	0.234616
0.0476569	0.000332836
0.677754	0.0637084
-1.00613	0.500276
-0.213073	0.267688
-0.821443	-0.416851
1.79672	0.266941
-0.267392	-0.0826422
-0.832306	-0.313216
0.199749	0.462386
0.00420194	0.420955
0.254068	0.326467
-0.549849	0.168214
0.84071	0.437196
-0.32171	-0.148749
-0.897489	-0.0431275
0.264932	-0.0727954
-0.289119	0.0363965
0.732073	0.477023
-0.767124	-0.0319656
0.112839	0.5436
-0.267392	0.494478
-0.75626	-0.0845698
-0.517258	0.156596
-0.799715	-0.156781
0.00420194	0.395095
2.56805	0.215705
-0.962671	-0.557874
-0.647623	-0.158644
0.340978	0.366283
-0.14789	0.0226039
-0.832306	0.129967
-0.256528	-0.158599
-0.919216	-1.08052
-0.202209	-0.41694
-0.538985	0.418283
-0.32171	0.0286545
0.330114	0.666744
-0.180482	-0.554184
-0.484667	0.070996
2.32904	0.0456728
1.43822	0.287945
0.286659	-0.318181
-0.115299	-0.0702388
-0.908353	0.2906
0.0367932	-0.0628122
-0.734533	-0.745059
1.64463	-0.320353
0.0911119	-0.0796864
1.87277	0.178132
-0.267392	0.472188
0.677754	0.300394
-0.832306	-0.796052
-0.625895	0.109775
-0.299983	0.112783
-0.278255	-0.566451
-0.908353	-0.550207
-0.343438	0.421378
2.83964	0.457757
-0.549849	0.0337986
0.0693844	0.282113
-0.625895	-0.10288
-1.04958	0.434821
0.178022	0.516462
-0.299983	0.254126
-0.734533	0.401499
0.199749	0.0521885
-0.615032	-0.591013
0.786392	0.426693
1.8619	0.436795
-0.940944	-0.516503
-0.658487	-0.0664606
-0.462939	0.681216
-0.701942	0.0544674
-0.625895	-0.0185589
-0.647623	0.542332
-0.940944	-0.444544
1.22094	0.318028
-0.962671	0.248965
-0.93008	-0.185981
0.427888	-0.0618959
-0.473803	-0.0198315
-0.821443	-0.349487
0.221477	0.307894
-0.919216	-0.905639
0.351842	0.211469
0.406161	0.44794
3.26333	0.728076
0.797255	0.0270971
-0.126163	-0.225921
0.210613	0.289666
-0.0283893	0.379926
-0.571577	-0.184857
1.6229	0.23743
0.0259294	-0.317097
-0.84317	-0.276322
2.20954	0.56894
0.569117	0.0964872
0.0802482	-0.183262
0.732073	0.226722
-0.604168	-0.159478
-0.158754	-0.634459
1.53599	0.596685
-0.767124	-0.0592163
-0.745396	-0.701767
2.253	-0.0711842
-0.93008	-0.763051
-0.32171	0.351948
0.373569	0.56649
-0.593304	0.390927
-0.191345	0.246074
-0.66935	-0.0121804
-0.908353	-0.454393
1.23181	0.516214
-0.191345	0.268096
-0.745396	-0.412906
-0.376029	0.00847392
0.0150657	-0.912817
-0.886625	-0.112574
0.210613	-0.0362848
0.340978	0.407431
0.601708	0.205724
0.167158	0.44948
-0.940944	-0.71132
-0.734533	-1.54125
-0.799715	-0.0721817
0.210613	0.287542
-0.84317	-1.10635
-0.517258	0.242044
-0.973535	-0.986253
-0.940944	-0.775784
-0.875761	-0.994639
-0.40862	0.428958
-0.343438	0.335034
-0.995263	-0.807704
-0.984399	-0.549029
-0.00666181	0.406832
1.64463	0.622026
-0.2348	-0.209969
-0.93008	-0.299332
-0.962671	-0.835672
0.0585207	0.328843
-0.49553	-0.0464364
-0.680214	-0.186882
0.101976	0.20661
-0.0175256	-0.175432
-0.32171	0.419051
0.406161	-0.31768
0.0476569	0.0778814
-0.310847	0.0771905
-0.202209	0.11281
1.18835	0.344636
-0.973535	0.104402
-0.777988	-0.0834121
1.39476	0.346898
-0.419484	0.450077
-0.310847	-1.06483
0.210613	0.508324
0.84071	-0.167532
-0.365165	-0.388976
-0.560713	0.527352
-0.962671	-0.80604
-0.245664	-0.503777
-0.615032	0.503786
-0.658487	-0.498587
-0.484667	0.0861828
-0.788851	-0.149865
1.66635	0.144235
1.17749	0.435613
-1.00613	-0.662095
0.319251	0.73724
-0.680214	0.254499
-0.810579	-0.263284
-0.571577	0.0274576
1.13403	0.191444
-0.49553	0.238533
-0.854034	-0.387187
-0.158754	0.0145849
-0.636759	-0.266769
-0.745396	-0.113103
-0.49553	0.313497
-0.951808	-0.453727
-0.84317	-0.135026
-0.821443	0.656811
-0.278255	0.241647
-0.691078	-0.731493
0.362706	0.227401
-0.908353	-0.101872
0.178022	0.325762
-0.223937	-0.0890456
-0.712805	-0.466151
3.39369	0.533667
3.01346	0.349145
-0.984399	-0.274703
-0.549849	0.348515
-0.517258	0.213615
-0.680214	0.493636
-0.745396	-0.656826
-0.908353	-0.0971704
0.851574	-0.335008
-0.995263	-0.703725
-0.875761	-1.27811
-0.462939	-0.066919
-0.908353	0.0757455
0.275796	0.148248
-0.984399	-0.458709
-0.897489	-1.0723
-0.908353	-0.487867
-0.788851	-0.493927
-0.452075	0.26638
-0.973535	0.0471016
0.319251	0.0375872
0.0585207	0.466173
1.37303	0.310499
1.18835	0.52149
-0.886625	-0.816235
0.0693844	0.248471
-0.571577	-0.496174
0.0150657	-0.692429
-0.680214	0.106505
-0.615032	-1.02235
-0.799715	0.392045
1.91622	0.273887
0.00420194	0.534859
-0.245664	0.229625
-0.462939	-0.00846665
1.81845	-0.10188
-0.799715	0.368953
-0.701942	-0.207667
0.536525	0.168461
-0.973535	-1.20363
-0.908353	-0.993675
-0.528122	0.242562
-0.897489	-0.677424
0.721209	0.292421
0.862438	0.254103
-0.875761	0.10116
0.286659	0.238169
0.460479	0.630559
-0.875761	-0.422475
-0.962671	-0.513101
-0.908353	-1.27771
-0.2348	-0.446136
-0.810579	-0.158456
-0.169618	0.398546
-0.223937	0.0660201
-0.777988	-0.407609
-0.995263	0.262352
-0.810579	-0.600612
0.66689	-0.141398
-0.875761	-0.130924
-0.58244	-0.508112
-0.267392	-0.36694
-0.897489	-0.558971
-0.962671	-0.0871176
4.44747	0.838854
-0.0609805	0.0925509
0.351842	-0.401033
-0.832306	-0.51338
1.10144	0.475207
-0.0175256	0.419844
-0.386893	-0.233476
0.373569	0.335168
3.06778	0.134347
-0.940944	0.0875654
2.14436	0.431223
-0.126163	-0.335132
1.07971	0.253155
-0.332574	0.00428781
-0.951808	-0.542031
-0.777988	-0.496079
-1.04958	-1.25025
-0.039253	0.0709151
0.221477	0.106781
-0.940944	-0.523745
0.188886	0.294919
2.52459	0.262108
1.31872	-0.0646994
-0.615032	0.00486717
1.27526	0.514313
0.134567	0.339957
-0.788851	-0.627763
-0.636759	-0.0702683
-0.75626	-0.0646777
-0.864898	-0.444248
-0.560713	-0.137528
-0.995263	-0.361082
-0.723669	0.00298702
-0.810579	-0.446462
-0.40862	-0.187084
1.99227	0.321234
-0.810579	-0.948394
-0.897489	-0.145146
2.09004	0.523204
-0.473803	0.0739497
-0.0175256	0.231021
-0.343438	-0.318045
-0.832306	-0.997836
-0.549849	0.334526
0.992803	0.191962
-0.864898	-0.119624
2.731	0.395715
-0.973535	-0.412909
-0.658487	-0.215812
0.710345	-0.157044
0.57998	0.827976
-0.647623	0.535588
-0.75626	-0.278016
-0.386893	0.135437
0.57998	0.119119
-0.039253	0.370199
-0.919216	-0.344955
-0.560713	-0.214958
-0.256528	0.349018
-0.636759	0.103782
-0.484667	0.185581
-0.875761	-0.569914
-1.00613	-0.27783
-0.0935718	0.218865
-0.832306	-0.711524
-0.821443	-0.532331
0.286659	0.342539
-0.777988	0.467935
0.406161	0.22032
-0.832306	0.058852
-0.365165	-0.77675
1.22094	0.190922
-0.93008	-0.729566
-0.441212	0.524001
-0.549849	0.361758
-0.799715	0.259483
-0.256528	0.470852
0.0585207	-0.0829634
0.895029	0.663781
-0.213073	0.273191
-0.354302	-0.121002
0.417024	0.212581
0.699482	0.407487
0.677754	0.392507
-0.191345	-0.30757
0.818983	0.224053
-0.908353	-0.240191
0.340978	0.453048
0.503934	-0.154908
0.471343	0.149348
2.76359	0.652977
-0.115299	0.407096
-0.897489	-0.566331
0.330114	0.390122
-0.810579	-1.34375
-0.0175256	0.166256
-0.0175256	0.373367
-0.995263	-0.206785
2.17695	0.365
0.340978	0.0620076
0.688618	0.0503273
-0.734533	0.0500605
-0.691078	-0.518
-0.712805	-0.24012
1.53599	0.444691
-1.00613	-0.231387
0.482207	0.116156
-0.137027	0.281955
0.732073	0.313492
-0.202209	-0.837222
0.92762	-0.136314
-0.745396	0.171318
-0.267392	0.260557
-0.995263	-0.144573
0.243204	0.312368
-0.777988	-0.0830918
-0.278255	-0.113644
-1.04958	0.327512
-0.0718443	-0.0447282
0.145431	-0.336147
1.02539	-0.0469646
-0.897489	-1.04053
-0.995263	-1.07814
1.54685	0.317572
1.1449	0.315862
-0.658487	0.0442911
0.547389	0.732841
-0.506394	0.322977
0.0585207	-0.509416
-0.0175256	0.315903
-0.538985	0.0241713
-0.723669	0.486161
0.254068	0.331565
-0.886625	-0.966004
1.30785	-0.133395
0.775528	0.0466672
1.45994	0.0821893
-0.701942	0.120474
0.482207	0.0657056
0.167158	0.508072
2.51373	0.441438
-0.767124	0.594863
-0.886625	0.167571
0.514798	0.227488
0.569117	0.309165
-0.32171	0.105715
2.23127	0.46589
0.178022	0.46902
-0.625895	-0.930737
-0.84317	0.28297
3.41542	0.650025
-0.854034	-0.341096
0.938484	-0.23902
-0.636759	0.0366141
-0.854034	-0.53613
-0.082708	-0.461465
-0.625895	-0.20746
-0.158754	0.329272
-0.723669	-0.307991
0.210613	0.567364
0.0259294	0.0718362
-0.864898	-0.472557
-0.897489	-0.534025
0.297523	0.467844
-0.75626	-0.120449
-0.245664	-0.416178
0.0693844	0.0232349
-0.93008	-0.345117
0.992803	-0.224087
-0.289119	0.0712501
-0.549849	-1.01896
1.30785	0.252036
-0.854034	-0.0956346
0.981939	0.206805
0.101976	0.494486
-0.604168	-0.738806
0.188886	0.139987
-0.0718443	0.290683
-0.908353	-1.06886
0.971075	0.341934
0.362706	0.342132
-0.854034	-0.33329
0.188886	0.243575
0.00420194	0.425937
-0.864898	-0.863057
-0.397757	0.00733498
-0.039253	0.543355
-1.01699	-0.624166
0.721209	0.7513
1.32958	-0.0215764
0.340978	0.933671
-0.93008	-0.652401
0.916757	0.201385
-0.278255	0.386551
-0.289119	0.100594
1.99227	0.780881
2.81791	0.0274738
-0.00666181	0.212402
-0.115299	0.360725
0.406161	0.260737
0.297523	0.469466
-0.278255	0.0624236
-0.93008	-0.275754
0.406161	0.288708
0.210613	0.399458
-0.723669	-0.63693
2.17695	0.50374
-0.897489	0.206872
-0.984399	-1.26983
0.395297	0.662975
1.44908	0.0919737
0.656027	0.600216
0.688618	0.16191
-0.93008	-0.142203
-1.02785	-0.733648
0.188886	0.464677
-0.897489	-0.998928
-0.93008	-0.243822
-0.115299	0.262816
-0.799715	0.184312
3.29592	0.279214
3.15469	0.42326
-0.93008	-0.175538
0.101976	-0.255988
-0.940944	-1.07831
-0.908353	0.309496
-0.528122	-0.592095
0.503934	0.0930021
-0.647623	-0.052534
1.31872	0.310026
-0.593304	-0.31091
-0.680214	-0.0677758
-0.397757	0.282597
-0.84317	0.230097
-0.680214	0.292581
0.264932	0.396792
0.319251	0.431138
2.60064	0.380702
-0.897489	-0.46275
-0.473803	-0.520287
0.00420194	0.299518
0.612572	0.551115
-0.32171	0.0933096
1.90536	0.379174
0.92762	0.0198833
-0.951808	0.162156
0.395297	0.155147
-0.452075	0.138229
-0.332574	0.557106
-0.571577	0.358284
0.7538	0.139594
-0.973535	-0.792218
-0.462939	-0.665135
-0.886625	-1.37627
-0.875761	-0.789272
0.0150657	0.561477
-0.799715	-0.601584
-0.767124	-0.152419
1.6229	0.523474
-0.137027	0.387207
-0.908353	-0.0918824
-0.473803	-0.506768
-0.951808	-0.417879
0.0693844	-0.293339
-0.58244	0.37753
2.492	0.726944
-0.701942	-0.153168
-0.0935718	0.481898
1.24267	0.774085
-0.278255	0.729979
0.601708	-0.200799
1.06885	0.180792
-0.615032	-0.67199
-0.93008	-0.706933
-0.506394	-0.557611
0.210613	0.338153
-0.777988	-0.758689
0.525662	0.287192
0.210613	-0.0964558
-0.625895	-0.561342
0.123703	0.763377
0.384433	0.356392
0.178022	0.370202
-0.84317	0.145006
-0.897489	-1.37846
0.503934	-0.278058
0.503934	0.301092
0.57998	0.639531
1.36217	0.321105
-0.571577	0.366973
-0.810579	-1.32217
-0.0501168	-0.144407
-0.810579	-0.663108
-0.854034	-0.479929
-0.267392	0.0521911
-0.256528	0.0409728
-0.799715	-0.334214
-0.0501168	0.323515
-0.0283893	0.482312
-0.115299	0.537718
0.449616	0.154909
-0.484667	-0.371452
0.112839	-0.669146
-0.00666181	-0.377983
-0.386893	0.511822
0.0911119	0.34244
1.39476	0.394602
-0.680214	0.384092
-0.973535	0.820795
-0.680214	-0.0774976
-0.940944	-0.720021
-0.343438	-0.182056
-0.951808	-0.711192
1.10144	0.534961
0.797255	0.366254
-0.734533	-0.300228
-0.864898	0.280274
-0.604168	0.0733555
-0.332574	-0.188151
-0.484667	0.703136
-0.777988	-1.00558
-0.647623	-0.194359
0.297523	-0.333572
-0.180482	0.0112755
-0.58244	-0.0242678
0.482207	0.77059
-0.538985	0.0996882
-0.973535	-0.320434
-0.75626	0.190367
-0.984399	0.295974
-0.397757	0.541371
0.178022	0.390825
0.862438	0.280443
-0.376029	0.336487
-0.973535	-0.0699815
-0.951808	-0.462814
0.0802482	0.352808
3.28505	0.366841
-0.919216	-0.100783
0.362706	0.317646
-0.441212	0.00804216
-0.636759	-0.136321
-0.821443	-0.00475605
-0.647623	0.220848
-0.995263	-0.213583
0.0259294	0.164414
-0.767124	0.451187
0.210613	0.585603
0.449616	0.352868
0.677754	0.235326
0.254068	0.295351
-1.01699	-1.6423
-0.0501168	0.42839
0.330114	0.486943
0.297523	0.494308
-0.984399	-0.67005
-0.549849	-0.154593
-0.691078	-0.289275
2.1009	0.694017
-0.343438	0.457559
1.36217	0.350368
0.00420194	0.240132
0.156294	0.6683
-0.484667	-0.254965
0.449616	-0.143067
-0.0501168	0.693015
-0.32171	0.528148
0.330114	-0.104522
-0.376029	0.61727
-0.93008	-0.553092
-0.636759	-0.517414
-0.864898	-0.844379
-0.310847	-0.703728
-0.104436	-0.0839968
-0.84317	-0.762436
-0.636759	0.25962
-0.299983	0.0761367
0.916757	0.655276
-0.984399	-0.638092
-0.84317	0.100797
0.101976	0.383419
1.85104	0.570597
-0.93008	-0.447619
0.471343	0.273925
-0.962671	-0.850568
-0.343438	0.131515
-0.278255	-0.458264
-0.940944	-1.40253
0.873302	-0.15233
-0.832306	-0.501512
-0.506394	0.0889593
-0.886625	0.486869
-0.625895	-0.208249
0.438752	0.683971
0.786392	0.330119
0.0367932	-0.0631229
-0.647623	-0.0882626
-0.40862	0.328973
3.21987	0.58124
-0.397757	-0.234748
-0.658487	-0.0448001
0.808119	-0.337895
-0.919216	-0.950009
0.0693844	-0.764411
0.286659	-0.0222826
-0.441212	0.675646
0.362706	-0.0544787
1.2644	0.515106
2.15522	0.601091
0.243204	-0.172268
-0.864898	0.00461437
0.57998	0.262787
0.406161	0.0193354
0.0693844	0.20202
3.7196	0.545484
-0.484667	-0.86532
-0.897489	-0.902487
-0.604168	-1.08939
0.536525	0.695907
-0.636759	-0.450092
-0.299983	-0.386797
-0.0609805	0.343097
1.41649	-0.047078
-0.202209	0.0168283
-0.691078	0.00107584
-0.397757	-0.163021
2.36163	0.154183
-0.191345	0.400462
-0.538985	0.311363
2.69841	0.350148
-0.528122	0.318545
0.188886	-0.179406
-0.332574	-0.293625
1.05799	-0.129416
0.569117	0.413735
-0.213073	0.660023
-0.767124	0.250299
-0.528122	0.427651
0.851574	-0.318195
0.677754	0.281392
-0.441212	0.437185
-0.343438	-0.0263951
-1.01699	-0.0406431
0.254068	-0.772637
-0.430348	0.0237523
0.66689	0.108678
-0.604168	-0.587921
1.89449	0.382817
1.82931	0.880958
0.178022	0.390747
1.55772	0.260849
-0.299983	0.278797
-0.680214	0.0410186
-1.02785	0.361891
-0.984399	-0.617841
-0.039253	0.485092
1.82931	0.620681
-0.886625	-0.534108
0.818983	0.63282
-0.0609805	-0.0389721
-0.191345	0.560602
-0.767124	0.323606
0.0693844	-0.0528104
-0.66935	-0.135788
-0.310847	0.337708
2.51373	0.387255
1.37303	0.285415
-0.40862	0.431582
-0.0609805	0.00669874
0.590844	0.107766
-0.180482	-0.325574
-0.75626	-0.143403
1.7424	0.392632
-0.604168	-0.448912
0.188886	0.0160359
-0.549849	-0.154721
-0.593304	0.310727
-0.799715	0.370953
-0.647623	-0.139197
1.5034	0.556414
-0.84317	-0.830741
-0.767124	0.0718916
2.731	0.541963
-0.854034	-0.455288
-0.647623	-0.523371
-0.0718443	-0.136703
-0.712805	-0.573306
1.49254	0.281249
1.47081	-0.00235383
-0.137027	0.689686
-0.0283893	0.372794
-0.299983	0.107525
-0.962671	-1.22605
-0.528122	-0.210092
0.49307	-0.254335
-0.517258	0.219323
-0.897489	-0.358167
0.00420194	0.583084
-0.354302	0.0758484
1.12317	0.417364
-0.484667	-0.178085
0.384433	0.177493
-0.712805	-0.474274
-0.104436	-0.225792
-0.180482	0.168441
-0.908353	-0.948904
-0.430348	-0.0538829
1.22094	0.525976
0.199749	0.0834103
0.199749	0.345645
-0.832306	-0.492195
0.0585207	0.104017
-0.571577	0.233911
0.449616	-0.25765
-0.40862	0.415032
1.00367	0.50333
-0.832306	0.104204
-0.441212	-0.0651248
-0.973535	-0.112983
-0.571577	-0.55168
4.15415	0.697435
-0.832306	0.196979
0.167158	0.245403
0.406161	0.346933
0.319251	-0.156845
0.134567	0.38263
1.05799	0.201957
1.39476	-0.691321
0.264932	0.0935537
-0.256528	0.207119
-0.538985	0.481199
-0.452075	-0.608413
0.732073	-0.156305
-0.995263	-0.457853
0.873302	0.489305
-0.821443	-0.0601098
0.199749	0.25666
-0.49553	-0.20507
-0.745396	0.341835
0.710345	0.427957
-0.517258	0.00263913
-0.082708	0.126251
1.15576	0.297892
-0.0718443	0.206951
-0.115299	0.363437
0.134567	0.345417
1.30785	-0.00856357
2.09004	-0.0041384
0.960212	0.391324
-0.213073	0.218042
0.786392	0.0333388
-0.647623	-0.304413
-0.549849	0.293237
2.80705	0.400291
-0.0609805	-0.786731
-0.995263	-0.965514
0.330114	0.468622
-0.386893	-1.25269
1.65549	0.0548808
2.68755	0.342925
-0.310847	0.552767
-0.951808	-0.648082
-1.00613	-0.102015
-0.821443	0.0969051
0.167158	0.595025
3.92601	0.590929
-0.462939	0.484894
-0.615032	-0.436803
2.20954	0.380806
-0.126163	-0.147088
-0.0501168	0.416439
-0.658487	-0.583894
-0.691078	-0.551972
1.7424	0.19202
0.569117	-0.361478
-0.658487	-0.679439
-0.75626	-0.32016
-0.995263	-0.188751
-0.734533	-0.302547
-0.0935718	-0.43905
-0.245664	-0.296239
-0.908353	-0.582248
-0.919216	-0.676588
-0.137027	0.41999
-0.082708	0.542618
-0.14789	-0.459827
-0.908353	-0.0568733
-0.995263	-0.804286
0.66689	0.526181
-0.0935718	0.112437
0.178022	0.216939
-0.213073	-0.5554
-0.701942	-1.11613
0.101976	0.244623
0.232341	0.000771689
-0.788851	-0.0851647
0.167158	0.545114
-0.723669	-0.0473033
-0.680214	-0.463816
-0.58244	-0.517891
-0.908353	-1.04091
-0.75626	-0.206823
0.949348	-0.097649
-0.40862	-0.340857
0.254068	0.481432
0.449616	-0.224114
-0.951808	-0.413124
-0.875761	0.464023
-0.0283893	-0.125314
-0.962671	-0.217129
-0.0935718	-0.425048
1.47081	0.496754
1.25353	0.14175
-0.723669	-1.40191
-0.734533	0.175528
-0.58244	0.413812
0.710345	0.399383
0.471343	-0.112265
0.656027	0.45671
-0.289119	0.390446
-0.864898	0.538616
0.123703	0.223734
-0.908353	0.0104268
-0.897489	0.457136
-0.995263	0.0423112
-0.0501168	-0.170922
2.55718	0.173535
0.362706	0.174784
-0.723669	0.55282
2.57891	0.299905
0.351842	-0.032593
-0.908353	0.334972
-0.897489	0.282458
-0.354302	0.0360194
-0.658487	-0.336453
-0.506394	-0.286714
-0.376029	-0.00204954
-0.93008	-0.0612062
1.51426	0.502831
-0.940944	-0.585025
1.41649	0.151475
1.87277	0.340027
-0.49553	-0.0952989
-0.104436	0.387999
-0.647623	0.506518
-0.734533	-0.317242
-0.821443	0.0218909
0.742937	0.268869
-0.984399	-1.1342
-0.919216	-0.338235
0.297523	-0.49828
-0.202209	-0.153354
1.79672	0.341386
-0.745396	0.281321
-0.0935718	0.585034
-0.810579	0.0525191
1.15576	0.394135
-0.810579	0.294485
3.69788	0.505826
-0.452075	0.335856
-0.441212	0.23345
1.89449	0.738679
-0.256528	0.256473
0.232341	0.277102
0.710345	0.268485
-0.951808	-0.0324222
-0.32171	-0.717789
-0.615032	0.199819
0.0367932	0.138354
-0.940944	0.143409
2.1335	-0.0603537
-0.343438	-0.0492524
0.178022	0.603319
-0.365165	-0.244446
1.3839	0.0435821
-0.538985	-0.340164
-0.712805	-0.0629092
-0.126163	0.379744
-0.625895	-0.662566
-0.289119	0.27952
1.01453	0.468815
0.286659	0.299822
-0.767124	-0.520332
-0.886625	-0.525458
0.275796	0.44013
-0.289119	-0.564979
0.525662	0.451431
0.66689	0.271315
-0.973535	-0.515935
-0.886625	0.186037
1.09058	-0.0888482
-0.951808	0.0402637
1.37303	0.0528276
0.0476569	0.151906
-0.75626	-0.844705
-0.84317	-0.0368746
-0.723669	0.0172186
-0.745396	-0.178514
0.417024	0.426612
-0.897489	-0.0747645
-0.419484	0.369978
-0.343438	0.119182
3.27419	0.584815
-0.0718443	0.403154
0.471343	0.653985
-0.158754	0.320777
0.0802482	-0.387181
0.362706	0.165103
-0.528122	-0.588986
0.101976	0.398554
-0.767124	-0.556454
0.0150657	0.42109
1.05799	-0.425677
-0.549849	0.163799
0.645163	0.196126
-0.365165	0.703568
0.895029	0.117114
0.645163	0.642497
3.35024	0.350796
0.362706	-0.429693
-0.376029	0.350808
-0.832306	-0.177244
-0.223937	0.344081
0.373569	-0.0176115
-0.908353	-0.542466
-0.93008	-0.84957
-0.32171	-0.0518994
2.731	0.541148
3.23073	0.511383
-0.0175256	-0.104827
0.362706	0.375404
-0.223937	0.400679
2.20954	0.456921
0.427888	0.232997
-0.864898	-0.0898211
-0.115299	0.17903
0.710345	-0.112312
0.275796	0.521811
-0.897489	-0.16367
0.0693844	0.313977
2.50286	0.534765
0.829847	-0.364601
-0.397757	0.444064
-0.767124	-0.481263
-0.14789	0.152726
0.0259294	0.430104
-0.854034	0.196704
-0.897489	0.342482
-0.299983	0.767987
1.12317	0.0148156
-0.560713	-0.389655
1.07971	0.555379
2.58977	0.594439
0.677754	0.519778
-0.115299	-0.421915
0.406161	0.323864
-0.2348	-0.111192
-0.821443	-0.339382
0.0259294	0.373853
3.46974	0.512978
-0.528122	-0.332245
-0.191345	0.363042
-0.864898	-0.929385
0.0259294	0.397432
1.84017	0.202221
-0.919216	-0.39947
0.49307	0.411034
-0.180482	0.541817
-0.169618	0.347256
2.26386	0.207198
2.35077	0.439508
-0.777988	-0.75325
0.297523	-0.125873
-0.354302	0.317488
1.19921	-0.257374
-0.289119	0.292643
2.60064	0.351583
-0.256528	-0.991891
-0.0175256	0.348049
-0.560713	0.0907752
-0.310847	0.0186971
-0.430348	0.21518
0.558253	0.675267
3.4806	0.512456
-0.723669	0.272886
-0.0501168	0.442412
-0.0609805	0.0590538
-0.00666181	-0.232672
0.417024	0.846846
0.873302	0.554051
0.308387	-0.101918
0.297523	0.0617117
-0.962671	-0.768851
0.786392	0.745798
0.384433	0.145668
-0.169618	0.0593019
0.243204	0.350544
-0.354302	-0.661266
-0.919216	-0.777574
-0.951808	-0.332031
-0.875761	0.297385
0.188886	-0.419585
-0.571577	-0.489656
-0.940944	-1.00854
3.49146	0.417318
0.949348	0.402997
2.19868	0.392498
-1.03872	-0.460208
-0.213073	-0.0940857
-0.973535	-0.322853
-0.0935718	0.359465
-0.32171	-0.323399
-0.0935718	-0.174634
0.00420194	-0.0822129
-0.810579	-0.15604
-0.962671	-0.675519
-0.875761	-1.24779
-0.0501168	0.141495
0.286659	0.0586017
-0.14789	0.325522
2.20954	0.315026
-0.32171	-1.01907
0.417024	-0.172435
-0.777988	0.243979
-0.984399	-1.49298
3.26333	0.618764
-0.506394	-0.243331
1.93795	0.80745
-0.49553	0.504781
0.254068	0.140827
-0.854034	-0.804554
-0.875761	-0.441869
-0.712805	-0.713123
1.29699	0.314959
0.482207	0.165949
0.112839	0.258843
-0.2348	0.298942
1.02539	-0.0156755
-0.376029	-0.106521
-0.734533	-0.342863
0.656027	0.435471
-0.58244	-0.867254
-0.919216	0.299704
-0.202209	0.396319
0.275796	-0.371281
-0.854034	0.101862
-0.701942	-0.0719616
0.297523	0.00855748
-0.84317	0.426044
-0.2348	-0.545205
-0.995263	-0.699496
3.40455	0.49324
-0.0718443	0.366952
1.16662	0.384478
-0.14789	0.0497958
-0.310847	-0.125029
-0.701942	-0.893941
-0.908353	-0.0640251
-0.799715	0.517007
-0.039253	0.356699
-0.940944	-0.724597
-0.788851	-0.418036
-0.419484	0.779012
-0.832306	-0.164648
0.210613	-0.145357
-0.00666181	-0.611519
-0.832306	-0.946949
2.50286	0.557987
-0.462939	0.298586
0.612572	0.753783
-0.734533	-0.221329
1.82931	0.688612
0.677754	0.502587
-0.691078	-0.206195
1.22094	0.643194
-0.571577	0.364815
-0.223937	0.614816
0.156294	0.21267
-0.995263	-0.721625
-1.00613	-0.741668
-0.93008	-0.126503
2.99173	0.843406
-0.462939	-0.765944
-0.604168	0.709762
-0.767124	0.401987
3.44801	0.443275
-0.0718443	-0.212686
-0.940944	-0.884149
0.699482	0.161529
-0.984399	-0.723812
-0.376029	0.520953
-0.180482	0.0309498
-0.169618	-0.297958
0.699482	0.0916187
2.20954	0.754269
-0.0609805	0.0102953
1.24267	0.397459
-0.886625	-0.135368
-0.821443	-0.642201
0.384433	0.0898684
-0.332574	0.73152
0.732073	0.146474
1.85104	0.281061
-0.484667	0.572417
-0.615032	0.107688
0.362706	-0.226558
-0.658487	-0.5862
0.178022	0.515654
-0.788851	-0.681854
-0.919216	-0.108409
0.297523	0.556749
-0.58244	0.0763199
1.57945	0.522874
-0.93008	0.288715
2.6115	0.297394
-0.039253	-0.014809
-0.854034	-0.822947
0.699482	-0.545851
-0.560713	0.358143
-0.0609805	0.379699
-0.767124	0.350402
0.525662	0.0632455
2.14436	0.492978
-0.658487	-0.7933
0.243204	-0.0482194
-0.365165	0.0898923
1.64463	0.286809
-0.104436	-0.104062
-0.625895	0.272445
1.8619	0.414371
-0.973535	-0.503124
-1.02785	-0.685452
-0.886625	-1.11768
-0.962671	0.43808
-0.864898	0.470141
0.569117	0.331484
-0.58244	-0.495279
0.525662	0.123745
0.0259294	0.186238
-0.897489	-0.783565
-0.14789	0.185572
-0.158754	-0.174689
-0.875761	-0.556076
-0.745396	0.516382
-0.658487	0.460979
-1.00613	-0.131151
0.775528	0.168947
-0.538985	-0.765035
-0.115299	0.429897
0.308387	0.24986
-0.441212	0.116934
-0.245664	0.356663
0.199749	0.0385549
-0.462939	0.234035
-0.0935718	0.3901
-0.886625	-0.408579
0.536525	0.235791
1.68808	0.352219
0.308387	0.415038
-0.397757	0.231246
0.123703	0.370456
-0.104436	0.29369
0.525662	0.130874
-0.473803	0.614733
2.29645	0.491082
1.29699	0.529917
-0.517258	-0.0230673
-0.419484	-0.355366
-0.126163	-0.0314049
-0.66935	0.447849
-0.777988	0.137145
-0.854034	-0.294345
-0.571577	-0.268956
-0.93008	-0.547294
-0.169618	-0.308409
-0.919216	-0.728386
0.656027	-0.340593
0.7538	-0.193402
2.492	0.341254
1.64463	0.395656
-0.397757	-0.340256
0.319251	0.448838
0.254068	0.845037
-0.299983	0.0866417
-0.973535	-1.03001
-0.919216	-0.425444
-0.245664	-0.125681
-0.973535	-0.31571
1.16662	0.0118387
2.40509	0.451094
-0.66935	-0.491629
0.84071	0.36544
-0.441212	0.0950138
-0.484667	0.319705
-0.549849	0.328855
-0.299983	-0.426334
-0.973535	-0.275647
-0.701942	-0.0723178
0.916757	0.476389
-0.310847	-0.962887
-0.354302	0.135468
-0.93008	-0.762625
-0.940944	-0.5912
0.612572	0.674283
0.00420194	0.275354
-0.365165	0.253649
-0.712805	-0.306355
-0.854034	-0.282865
1.44908	0.434517
-0.310847	-0.0948321
0.297523	-0.152729
-0.897489	-1.11578
-0.723669	-0.156412
-0.962671	-1.24874
0.916757	0.328022
1.76413	0.45876
1.52513	0.0330073
0.438752	0.597937
-0.691078	-0.0669213
0.0693844	-0.460058
-0.864898	-0.45754
0.721209	0.610952
-0.625895	0.379948
1.7424	0.514175
-0.658487	-1.15024
-0.919216	-0.43984
-0.832306	-0.304096
-0.810579	-0.767047
0.395297	0.35383
0.0911119	0.419289
-0.419484	-0.0268841
-0.788851	0.285346
-0.223937	-0.234376
-0.441212	0.0198598
0.264932	0.365591
0.0367932	0.0974715
-0.940944	-0.861014
-0.462939	0.125466
-0.951808	-0.557869
-0.832306	-0.714159
-0.278255	-0.590414
0.145431	0.120397
-0.777988	0.174637
-0.615032	0.171923
-0.908353	0.114542
-0.995263	0.534193
-0.517258	-0.803525
-0.93008	-0.744432
-0.75626	0.333394
1.03626	0.357572
-0.484667	0.405012
1.34044	-0.054133
-0.810579	-0.468528
-0.484667	0.0841758
0.362706	0.661692
-0.691078	0.50648
-0.723669	-0.554263
-0.32171	0.626429
2.20954	0.634478
1.04712	0.415105
-0.343438	0.542224
1.5034	0.0908863
-0.213073	-0.0661926
-0.973535	-0.176443
1.67722	0.720798
-0.810579	0.207732
-0.799715	0.0387846
-0.365165	0.576683
-0.0935718	-0.551377
0.449616	0.550061
-0.908353	-0.825692
4.39316	0.514517
0.00420194	0.033533
-0.343438	-0.591917
-0.84317	-0.620934
0.286659	0.385364
1.94881	0.441387
-0.0718443	-0.250345
-0.213073	-0.209023
-0.995263	-0.12511
2.51373	-0.150936
-0.2348	0.264055
-0.593304	-0.452353
2.253	0.573053
0.178022	0.285254
-0.788851	0.141728
2.45941	0.325671
0.0259294	0.213164
-0.810579	-0.0668548
2.03572	0.2193
-0.973535	-0.547709
1.73154	0.520711
-0.397757	0.426135
-0.452075	-0.142691
0.569117	0.572772
-0.854034	0.065569
-0.169618	-0.0794261
0.525662	0.465058
-0.082708	0.426171
5.9684	0.476015
-0.84317	-1.04973
-0.745396	-0.306449
0.101976	0.80156
-0.875761	-0.131766
0.286659	0.632961
-0.864898	-0.25521
2.22041	0.269946
-0.158754	0.646319
-0.93008	-0.445077
-0.940944	-0.962821
1.41649	0.276794
-0.376029	0.157984
-0.256528	0.0317244
-0.289119	0.539683
0.438752	-0.552456
-0.32171	-0.0512895
0.623435	0.437998
0.786392	0.269489
0.243204	0.109728
0.0259294	0.0804032
-0.897489	-0.563087
-0.039253	0.347245
1.60117	0.345854
2.07918	0.152786
-0.940944	-0.35676
-0.691078	0.532974
-1.00613	-0.578994
0.601708	-0.0510748
-0.821443	-0.619225
0.264932	-0.169504
-0.75626	-0.0247576
-0.691078	-0.440542
-0.962671	-1.22364
0.721209	0.243402
-0.832306	-0.12664
-0.951808	-0.796765
1.78586	0.406327
0.243204	-0.0967542
1.8619	0.0913508
-1.00613	-0.062866
-0.191345	0.135999
-0.875761	0.042402
-0.430348	-0.583903
-0.256528	0.213034
0.0259294	-0.0444624
-0.245664	0.170934
-0.875761	0.146796
-0.908353	-1.0684
2.1009	0.340305
-0.767124	-0.467906
0.221477	0.803496
-0.419484	-0.207315
-1.00613	0.437364
-0.473803	0.0510185
-0.158754	-0.535547
2.62236	0.406591
-0.484667	0.037722
0.178022	-0.302016
0.732073	-0.515138
-0.310847	-0.235084
-0.84317	-0.151298
-0.593304	-0.519302
-0.40862	0.156814
-0.745396	-0.337957
-0.158754	0.221045
0.873302	0.384872
-0.593304	0.0384235
-0.691078	0.0148322
0.199749	-0.229879
-0.875761	-0.526741
-0.115299	0.273193
-0.875761	-0.986284
0.373569	0.717698
-0.625895	-0.540275
3.31764	0.427007
-0.0501168	0.249793
0.417024	0.267434
0.178022	0.0497841
-0.940944	0.222388
0.417024	0.237619
0.0150657	-0.300763
1.72067	0.251212
-0.245664	0.223955
-0.549849	-0.945415
-0.777988	-0.192096
1.15576	-0.900159
-0.93008	-0.690048
-0.897489	-0.351932
-0.289119	0.11263
-0.039253	-0.108437
0.699482	0.180485
-0.40862	-0.443113
-0.951808	0.140121
0.7538	-0.0784236
-0.919216	-0.589844
-0.484667	-0.284013
1.03626	0.0859482
-0.984399	0.222627
0.362706	0.22303
-0.180482	0.455274
-0.973535	-0.232901
1.04712	0.412679
-0.799715	0.419745
-0.278255	0.386769
-0.560713	0.405291
-0.788851	0.31053
-0.397757	-0.629781
3.17642	0.355328
-0.528122	-0.284224
1.23181	0.238331
-0.919216	-0.346931
1.53599	0.327282
-0.93008	-0.611972
-0.376029	0.220992
-0.767124	0.540911
-0.984399	0.22584
-0.93008	-0.721455
-0.875761	-0.686646
-0.658487	0.199475
-0.441212	0.0423182
-0.886625	-0.697336
-0.712805	-0.0522136
2.16609	0.376424
0.569117	0.414918
-0.473803	0.35365
-0.984399	-0.448012
-0.604168	0.281878
-0.951808	-0.236064
-0.462939	-0.483165
-0.658487	0.121833
4.33884	0.648744
0.558253	0.373234
-0.0283893	-0.289414
-0.245664	0.174441
-0.517258	0.0912404
-0.767124	-0.812094
2.66582	0.647854
-0.647623	0.177061
1.18835	-0.27596
1.41649	0.518538
0.536525	0.341551
-0.832306	0.368661
-0.386893	0.363969
-0.386893	-0.817051
0.482207	0.511718
-0.473803	0.198827
-0.658487	-0.4155
0.286659	0.218478
-0.636759	-0.363034
2.56805	0.565999
-0.039253	0.0804983
0.829847	0.329185
-0.962671	-0.610797
-0.723669	-0.218364
-0.549849	-0.581956
-0.658487	-0.615585
3.46974	0.546473
-0.712805	-0.302075
-0.886625	-0.0927533
0.721209	-0.285748
-0.039253	0.144099
0.232341	0.344296
0.178022	-0.00398012
-0.082708	0.179305
1.19921	0.394188
0.00420194	0.605662
-0.310847	0.183102
2.15522	0.589564
-0.354302	-0.333339
-0.419484	-0.226197
-0.310847	0.533773
0.656027	0.274932
-0.604168	0.0341661
-0.180482	0.181428
0.938484	0.809476
-0.701942	0.252215
-0.745396	0.199861
2.38336	0.646552
-0.788851	-0.445391
2.69841	0.221704
2.31818	0.410028
-1.00613	-0.367658
1.54685	0.179299
0.286659	-0.0619494
1.1449	-0.0614301
0.536525	0.817378
-0.528122	-0.28652
0.0911119	-0.309229
-1.03872	-0.899246
0.167158	0.231352
0.101976	0.48824
1.00367	0.450001
-0.082708	0.558929
0.112839	0.199788
-0.452075	0.234313
-0.691078	0.30929
0.992803	0.481426
-0.473803	0.2464
-0.560713	-0.155688
-0.310847	0.00881294
0.851574	0.624912
-0.886625	-0.399816
1.53599	0.757655
-0.84317	-0.960563
2.63323	0.488464
0.101976	0.0316207
-0.897489	-0.789159
-0.75626	0.408547
-0.723669	-0.56068
-0.875761	-0.472711
-0.58244	0.195314
0.0693844	-0.612708
-0.289119	0.18747
-0.984399	-0.690065
-0.875761	-0.914672
-0.962671	-0.729853
-0.940944	-0.751452
-0.528122	0.485165
-0.58244	-0.231601
-0.223937	0.417651
9.48825	0.270685
-0.84317	0.209258
1.66635	0.428266
-0.940944	-0.251216
-0.723669	-0.336326
-0.039253	-0.0784214
-0.962671	-0.869558
-0.908353	-0.22503
0.101976	0.412682
-1.00613	-1.17707
1.99227	0.769543
1.16662	0.585292
-0.821443	0.274022
0.873302	0.68968
-0.788851	0.702322
-0.875761	0.0589329
0.0911119	-0.0308649
0.677754	0.40746
-0.799715	-0.1957
-0.854034	0.114372
0.221477	0.567782
-0.875761	-0.663005
-0.767124	0.235661
1.34044	-0.485623
0.286659	0.575992
0.471343	-0.551641
-0.397757	0.43948
0.101976	-0.860665
-0.66935	-1.08499
-0.593304	0.314816
-0.680214	0.364184
-0.680214	-0.650062
-0.299983	-0.335579
-0.560713	0.484903
0.0367932	0.485506
-0.832306	0.0568711
-0.701942	-0.220654
0.0150657	0.331605
0.0693844	0.230223
0.569117	0.189468
-0.75626	-0.237045
0.981939	0.42775
0.981939	0.470954
-0.810579	-1.03248
-0.647623	-0.567263
-0.462939	-0.448856
-0.549849	-0.0804769
1.36217	0.0335566
-0.484667	0.374841
-0.799715	-0.433384
-0.115299	-0.274619
-0.604168	0.127573
-0.984399	-0.558231
-0.701942	0.559759
-0.538985	-0.311882
-0.615032	0.174942
0.0150657	0.280821
-0.864898	-0.0278594
-0.951808	0.151796
-0.104436	0.41138
0.482207	0.391444
0.916757	0.74101
-0.854034	-0.253153
-0.897489	-0.751804
0.417024	0.284983
0.384433	0.30725
-0.951808	-0.259748
-0.310847	0.44436
-0.462939	-0.591025
0.0259294	0.450133
0.134567	0.21221
0.0802482	0.138164
0.590844	0.0965524
0.264932	-0.10537
-0.104436	0.212585
0.503934	0.674756
-0.517258	-0.051253
0.00420194	-0.612385
0.384433	-0.105346
0.395297	0.200423
3.62183	0.389133
0.330114	0.09795
-0.984399	0.292685
0.612572	0.392351
0.286659	0.265346
-0.604168	-0.198041
-0.419484	0.258963
-0.691078	0.426132
-0.517258	-0.12715
-0.49553	-0.307905
0.264932	0.357695
-0.289119	0.344307
-0.0718443	0.439393
-0.115299	0.327544
-0.169618	0.120882
-0.571577	0.456478
0.199749	0.5192
-0.84317	-0.502902
-0.538985	0.0252049
0.232341	0.224522
-0.397757	-1.25042
0.319251	0.462944
-0.473803	0.450234
-0.821443	0.364144
1.43822	0.0897585
1.16662	0.140718
-0.615032	-0.173926
-0.919216	0.337816
1.1123	-0.118662
-0.821443	-0.754244
0.569117	0.619666
-0.864898	-0.0559584
-0.84317	0.500791
-0.832306	-0.626331
-0.32171	-0.285642
-0.973535	-0.0946112
0.188886	0.359447
-0.940944	0.171032
0.797255	0.610169
3.75219	0.796142
-0.886625	-0.762359
-0.897489	0.222404
-0.245664	0.441361
-0.908353	-0.760989
-0.854034	-0.439634
-0.376029	0.377512
-0.158754	0.0931303
-0.430348	0.285063
-0.886625	-0.0712355
-0.854034	-0.196338
0.178022	0.0291852
0.438752	0.194456
0.351842	0.41692
-0.951808	-0.623476
0.775528	0.333405
1.49254	0.402449
-0.897489	-0.807284
-0.332574	0.134932
-0.680214	0.225478
0.460479	0.0830795
-0.995263	-0.444098
-0.701942	-0.871709
0.732073	0.228658
0.49307	0.414507
-0.788851	0.207943
1.18835	-0.0828446
1.3839	0.0784409
1.27526	-0.122742
1.41649	0.752113
-0.875761	-0.413736
0.210613	0.476123
-0.908353	-0.351813
-0.0935718	-0.0140363
-0.658487	0.257684
-0.625895	-0.0290642
0.732073	-0.265112
-0.962671	0.350165
-0.299983	-0.145376
0.460479	0.352883
-0.289119	0.216324
-0.0718443	0.493118
-0.951808	-1.07813
0.0367932	0.0397166
-0.137027	-0.224325
-0.962671	-0.835411
0.66689	0.120864
-0.799715	-0.467456
-0.299983	0.504146
0.417024	0.158028
-0.75626	0.300682
-0.777988	-1.65556
2.64409	0.560169
-0.658487	-1.53918
-0.940944	-0.772774
-0.343438	-0.0762218
-0.0935718	-0.409557
-1.02785	-0.767104
-0.32171	0.056623
0.645163	0.275628
3.54578	0.148659
-0.00666181	0.29211
-0.560713	-0.360154
-0.0609805	-0.287177
-0.691078	-0.171052
-0.00666181	-0.351918
0.308387	0.365225
-0.886625	-0.330625
0.971075	0.576096
-0.137027	0.414278
1.54685	-0.0892353
0.254068	0.377832
-0.973535	-0.721187
0.688618	0.50566
0.851574	0.630995
-0.126163	0.369246
0.721209	0.451892
-0.299983	-0.365621
1.05799	0.155038
0.0585207	0.0180439
0.656027	-0.402918
-0.49553	-0.479568
1.02539	0.290036
0.330114	0.4287
-0.593304	0.227967
-0.680214	-0.0210483
-0.777988	-0.528138
-0.908353	-1.16521
-0.832306	-0.489906
-0.854034	-0.387116
2.04659	0.489723
-0.310847	0.585383
0.384433	0.090239
-0.593304	0.0470587
0.775528	0.245347
-0.951808	-0.432338
-0.745396	0.0946691
-0.571577	0.427102
0.156294	0.0157199
-0.386893	-0.0655309
-0.788851	-0.59857
-0.289119	-0.493063
-0.908353	0.309573
-0.767124	0.24241
-0.777988	-1.24639
0.971075	0.641707
0.482207	-0.696094
-0.49553	0.0856763
-0.701942	-0.147546
1.55772	0.348216
0.308387	0.0117586
2.16609	-0.266935
0.178022	-0.148411
1.05799	0.427849
-0.658487	-0.604644
-0.940944	0.179372
0.188886	0.149275
-0.658487	-0.822688
-0.180482	0.560303
-0.278255	-0.65655
-0.625895	0.574324
-0.104436	0.468902
1.05799	0.423094
-0.169618	0.263249
-0.951808	-0.63952
-0.810579	0.0710291
-0.376029	-0.605994
-0.00666181	0.493764
-0.158754	0.371084
2.27472	0.540221
-0.984399	0.135364
0.297523	0.329322
-0.897489	-0.408208
-0.951808	-1.2436
-0.158754	0.516243
-0.886625	-0.743737
-0.158754	0.148059
0.438752	-0.295489
0.732073	0.551329
-0.593304	-0.297799
1.55772	0.512917
0.362706	0.585238
-0.66935	-0.532286
-0.84317	0.404081
-0.75626	0.090487
-0.75626	0.327784
-0.430348	0.14957
-0.473803	-0.11978
-0.191345	0.702207
0.264932	0.128423
0.210613	0.377909
-0.908353	-1.57165
1.56858	0.491059
2.11177	0.438702
-0.039253	0.493879
3.35024	0.527673
-1.06045	-1.72027
-0.419484	-0.117268
-0.549849	0.122706
-0.549849	-0.639155
3.15469	0.694662
-0.0935718	0.0249248
-0.734533	-0.259341
0.199749	-0.574436
0.960212	-0.454622
0.362706	0.7335
-0.00666181	0.509811
-0.951808	-1.39524
1.59031	0.251945
-0.886625	-0.937265
-0.310847	0.269929
-0.908353	-1.07622
-0.767124	-0.694972
-0.245664	-0.271181
-0.875761	0.00468419
-0.386893	-0.669691
-1.01699	-1.22008
-0.376029	0.227345
-0.2348	-0.0759262
0.656027	0.418669
0.471343	0.659534
0.210613	0.270711
-0.864898	0.387077
1.75326	0.282857
1.75326	0.527557
2.60064	0.251286
0.112839	0.302384
-0.484667	-0.17062
-0.158754	0.190095
-0.560713	0.0739423
2.04659	0.501364
0.221477	0.135381
2.79618	0.379523
-0.332574	0.500686
0.0911119	-0.190746
-0.2348	-0.180854
0.482207	0.559483
0.884165	0.534458
-0.897489	-0.293162
-0.082708	-0.69489
-0.267392	0.357568
-0.256528	0.303672
-0.658487	-0.208719
0.254068	0.244083
0.362706	0.144219
0.981939	0.34887
2.03572	0.361392
-0.864898	-0.534347
1.17749	0.289394
1.47081	0.686124
-0.386893	0.242019
-0.832306	-0.310047
-0.0935718	0.0288216
3.76306	0.772523
0.677754	0.103522
0.210613	0.429357
-0.940944	0.153953
-0.75626	-0.0191397
1.73154	0.374017
-1.00613	-0.735502
-0.397757	0.624831
0.319251	-0.484574
-0.158754	-0.22056
-0.0501168	-0.67919
0.156294	0.46928
0.0693844	0.254662
-0.821443	-0.699988
0.373569	0.312983
-0.962671	-0.457463
1.13403	0.152828
0.0693844	0.281612
-0.810579	0.0242063
0.786392	0.538275
0.0802482	0.0982447
-0.0501168	0.0758932
-0.897489	-0.578235
-1.03872	0.201565
0.308387	0.0998612
0.66689	0.443807
-0.919216	-1.15635
-0.430348	-0.482276
-0.984399	0.391102
-0.875761	-1.32644
1.77499	0.391903
-0.962671	-0.656138
-0.191345	0.345491
-0.430348	-0.727523
-0.191345	0.189345
-0.701942	0.127199
-0.810579	-0.133955
0.112839	0.489955
0.569117	0.758296
1.21008	0.181785
0.49307	0.676144
-0.441212	-0.123064
-0.908353	-0.873055
-0.854034	-0.480972
-0.082708	-0.0996798
1.01453	0.528705
-0.647623	0.29351
-0.0283893	0.148609
2.69841	0.139815
0.742937	0.470689
1.19921	-0.0564285
0.112839	0.290742
0.330114	-0.367699
-0.940944	-0.525807
0.547389	0.4974
-0.615032	0.302574
1.25353	0.878885
-0.75626	-0.143247
0.503934	0.0984911
-0.213073	0.370901
0.134567	0.401994
-0.995263	-0.601101
-0.289119	-0.60123
-0.58244	-0.898225
0.971075	-0.399625
-0.832306	0.353795
-0.289119	0.314226
-0.940944	-1.1087
-0.897489	-0.156454
-0.897489	-0.85622
0.221477	-0.708343
-1.00613	-0.721422
-0.2348	-0.20408
3.43715	0.737784
-0.0175256	0.40791
-0.799715	-0.661246
-0.973535	-1.04071
0.569117	0.397262
-0.528122	-0.720939
-0.734533	0.467431
0.210613	0.118509
-0.310847	-0.265066
-0.908353	-0.803086
0.7538	0.580474
-0.66935	0.576223
-0.32171	-0.104165
0.156294	0.156922
-0.452075	0.186594
-0.832306	0.255293
-0.593304	-0.417375
-0.701942	-0.0707195
-0.854034	-0.632901
-0.343438	-0.257721
-0.452075	0.4111
-0.723669	0.0451512
-0.93008	-1.49213
-0.962671	-0.376846
1.36217	0.533907
-0.2348	-0.252523
-0.506394	0.248348
-0.0501168	0.517409
-0.777988	-0.492803
-0.821443	0.00445815
0.57998	0.0467789
0.829847	0.269032
1.00367	0.418004
-0.93008	0.0389975
2.48114	0.471056
-0.256528	-0.189119
-0.32171	0.323143
-0.365165	-0.789317
-0.821443	0.425762
-0.158754	0.330053
-0.93008	-0.459416
0.286659	0.23202
0.797255	0.298203
0.460479	0.00373085
-0.734533	-0.726642
1.13403	0.0825975
1.23181	0.111373
0.503934	0.394684
0.721209	0.0828795
0.330114	0.330111
1.2644	-0.368649
-0.951808	-0.406146
0.634299	0.476976
-0.745396	0.729319
-0.680214	0.232646
-0.528122	0.166137
-0.180482	0.41646
-0.745396	-0.947605
1.44908	0.473145
-0.93008	-1.20834
-0.788851	0.413018
0.145431	-0.199258
-0.712805	-0.326288
-0.441212	0.520432
-0.49553	-0.320198
-0.908353	-1.4131
-0.767124	0.533658
-0.919216	0.178508
-0.984399	0.170441
-0.0283893	-0.588719
-0.995263	-0.486633
1.61204	0.46901
-0.473803	-0.281776
-0.0935718	0.623636
-0.854034	-0.502963
-0.343438	0.190877
0.818983	0.576228
2.78532	0.419412
1.39476	0.795393
0.210613	0.516874
-0.701942	0.234189
-0.919216	-0.964723
-0.745396	-0.557056
-0.082708	0.467069
0.0802482	0.435843
-0.397757	-1.09692
-0.897489	-0.267915
-0.310847	-0.535059
0.112839	-0.593858
-0.365165	0.00144535
1.2644	0.23593
-0.310847	0.225054
-0.93008	0.311727
0.818983	0.342326
-0.593304	-0.638994
-0.84317	-0.402622
0.623435	0.807512
-0.484667	0.0627327
0.590844	0.760226
-0.180482	-0.648018
-0.745396	-0.982005
-0.452075	0.509521
0.145431	0.399894
-0.93008	-0.244719
0.275796	0.112239
-0.213073	0.381211
-0.549849	0.516402
-0.473803	0.38661
-0.691078	0.546881
-0.0283893	0.259065
-0.386893	-0.391027
0.656027	-0.333317
0.66689	0.378694
-0.66935	0.590843
-0.832306	-0.455044
-0.984399	-0.709441
-0.799715	-1.1163
-0.962671	-0.648907
-0.723669	0.503211
-0.180482	0.323934
-0.137027	0.0893508
-0.00666181	-0.626344
0.0476569	-0.119678
-1.00613	-0.650637
-0.723669	-0.640586
0.123703	-0.173571
-0.93008	-0.39334
0.438752	0.0581434
-0.473803	-0.033003
-0.528122	0.320714
1.57945	0.595822
-0.441212	-0.051525
-0.897489	-0.514099
-0.462939	0.143038
-0.517258	-0.164793
-0.93008	-1.30695
0.0476569	0.201737
-0.810579	0.317447
0.0585207	0.217523
-0.625895	-0.923444
-0.940944	-0.598866
0.0585207	0.286609
1.64463	0.435438
0.449616	-0.0554047
-0.777988	-0.623145
-0.984399	-0.308002
-0.886625	-0.0849003
2.15522	0.500726
-0.962671	-0.501121
0.156294	0.228178
0.243204	0.643051
-0.365165	-0.465843
-0.245664	0.291474
-0.984399	0.253318
-0.462939	0.109926
-0.864898	-0.433281
0.449616	0.285366
0.808119	0.519468
-0.593304	0.234812
-0.506394	0.363451
-0.940944	0.363559
0.406161	0.115408
2.1009	0.282716
0.167158	0.126494
4.65388	0.627574
-0.419484	0.513612
-0.549849	-0.198554
-0.202209	0.0698175
0.243204	0.167042
0.514798	-0.529856
-0.082708	-0.96694
-0.984399	-1.06233
0.0367932	0.547638
1.12317	0.442931
-0.84317	-0.251993
0.178022	0.280306
0.960212	0.27879
-0.854034	0.187634
0.623435	0.151889
-0.962671	-0.585787
1.1123	-0.0400679
-0.875761	0.521525
-0.810579	0.25536
-0.115299	0.672462
-0.0175256	0.449177
-0.832306	-0.761143
-0.49553	0.110233
0.145431	0.424976
-0.951808	-0.415058
1.87277	0.403693
-0.615032	-0.770659
-0.14789	0.234852
-0.430348	0.311204
-0.984399	-0.568205
-0.223937	0.487899
-0.0175256	0.244431
-0.137027	-0.719831
0.384433	0.497495
-0.604168	-0.424187
-0.962671	-0.271327
-0.940944	-0.90051
-0.441212	-0.416267
-0.560713	0.345288
0.167158	0.263173
-0.2348	0.306151
0.460479	-0.117285
-0.0283893	-0.0394743
0.145431	0.432114
-0.0175256	-0.464026
0.0150657	0.33391
-0.571577	-1.69822
-1.00613	0.435724
0.156294	0.190232
0.569117	0.181281
-0.452075	-0.565244
0.438752	0.262428
-0.93008	-0.493414
4.27365	0.538807
0.373569	-0.0214379
-0.386893	-0.114776
-0.767124	-0.930558
0.275796	-0.0146202
-0.332574	0.565709
-0.343438	-0.00594883
-0.854034	0.0899208
-0.745396	-0.505615
-0.940944	-0.614108
-0.734533	0.485306
0.275796	0.231087
-0.84317	-0.329238
0.188886	0.437361
0.362706	0.194188
-0.191345	0.700256
-0.810579	-1.17413
-0.462939	-0.0491631
4.7082	0.461685
-0.082708	-0.128693
0.178022	0.250764
2.82878	0.797547
3.4806	0.494925
-0.386893	0.174919
0.895029	0.309975
-0.995263	0.432275
-0.897489	-1.63973
-0.180482	0.0722586
-0.788851	-1.19582
-0.310847	-0.0120802
-0.723669	-0.519653
-0.93008	-0.577943
-0.723669	-0.546646
0.427888	0.0783591
0.134567	0.431441
-0.864898	-0.754773
0.732073	0.633142
-0.788851	-0.291905
-0.973535	-0.488439
-0.593304	-0.255407
1.43822	0.520862
-0.441212	-0.817056
0.786392	0.26015
-0.386893	-0.285211
-0.647623	0.00954756
-0.821443	0.400945
1.1123	0.32276
0.243204	0.276865
-0.875761	-0.218338
-0.777988	0.547936
-0.951808	-0.553183
-0.430348	-0.287364
-0.951808	-0.671388
-0.734533	-0.127274
-0.00666181	0.0351665
0.134567	-0.515703
3.33937	0.576032
-0.777988	0.2291
-0.647623	0.344729
1.15576	0.573668
-0.549849	-0.122054
-0.973535	-0.878752
0.0802482	0.0133642
1.23181	0.388533
-0.951808	-0.814299
0.188886	-0.697887
2.19868	0.608726
0.427888	0.494215
0.373569	0.318213
-0.832306	-0.330805
-0.951808	0.176113
-0.647623	-0.415199
-0.00666181	-0.0361738
-0.625895	-0.438299
0.123703	0.350053
-0.419484	-0.444384
0.167158	0.140087
-0.723669	-0.098726
-1.04958	-0.786986
-0.745396	-0.195394
-0.799715	-0.49282
-0.897489	-0.515282
-0.75626	0.25688
-0.984399	-0.490443
-0.886625	-1.02065
-0.940944	0.43806
-0.49553	-0.379406
-0.593304	-0.162372
2.32904	0.564658
-0.973535	-0.281066
-0.452075	-0.443143
-0.604168	0.49701
2.91569	0.117512
0.656027	-0.561866
-0.723669	-0.213763
-0.549849	0.481933
-0.506394	-0.349199
-0.615032	0.260534
-0.245664	0.53048
-0.137027	0.59621
-0.615032	-0.745943
0.0259294	-0.0169798
4.07811	0.260138
-0.267392	0.241158
0.0693844	-0.0982286
0.710345	0.30955
-0.854034	-1.00942
-0.517258	0.261808
-0.799715	-0.874735
-0.158754	0.491455
2.3725	0.490265
-0.223937	0.125465
0.818983	0.470908
-0.386893	0.565374
-0.354302	-0.0961318
-0.864898	-0.0922156
-0.0609805	0.0586007
-0.777988	-0.0970654
-0.0935718	-0.555316
-0.299983	0.0170823
-0.897489	0.143396
-0.604168	-0.575759
0.57998	-0.246449
0.438752	-0.124853
-0.452075	-0.253886
-0.49553	0.117002
0.547389	0.627393
-0.93008	-0.742236
-0.832306	-0.444207
1.93795	-0.218501
2.89396	0.539419
-0.864898	-0.383216
-1.00613	-1.54094
-0.84317	-0.596207
-0.0718443	0.422194
0.829847	0.156577
0.362706	0.589931
-0.49553	-0.733748
4.2302	0.761336
-0.115299	-0.311471
0.101976	0.311441
0.156294	-0.395405
-0.0283893	0.428831
-0.897489	-0.693941
-0.473803	-0.367814
1.45994	0.325194
-0.767124	-0.0887158
1.59031	0.746878
-0.223937	-0.00212209
-0.93008	-0.459554
-0.213073	0.056006
-0.734533	0.16454
-0.832306	-0.968146
-0.376029	0.49286
-0.441212	0.255621
-0.14789	0.315999
0.275796	0.407046
-0.734533	0.345351
-0.864898	-0.897701
-0.66935	0.11024
0.264932	0.337444
-0.310847	-0.158281
0.395297	-0.238768
-0.365165	0.371162
0.612572	0.204412
-0.962671	-0.464464
-0.213073	-0.0221305
-0.788851	-0.625592
-0.104436	-0.101584
-0.745396	-0.208138
-1.02785	-0.315888
-0.191345	-0.265716
0.808119	0.761363
-0.310847	0.153531
-0.180482	0.504061
-0.636759	0.303888
-0.854034	-0.636094
0.340978	0.403409
0.0911119	-0.112531
2.18781	0.680681
-0.484667	0.51534
1.21008	0.190569
-0.799715	0.275514
-0.419484	0.253063
-0.984399	-0.916067
0.254068	0.423644
0.232341	0.214026
-0.365165	-0.133622
-0.745396	0.28931
0.981939	-0.0662083
-0.354302	0.378188
-0.299983	-0.344393
-0.039253	0.304778
-0.191345	0.209123
0.351842	-0.387861
-0.115299	-0.753367
0.221477	-0.0826827
-0.40862	-0.385015
3.04605	0.494205
-0.75626	-1.27633
3.21987	0.513917
-0.115299	0.221139
-0.0718443	0.105413
0.688618	0.56804
-0.278255	0.200584
0.438752	0.29229
-0.32171	0.493125
-0.49553	0.572355
-0.419484	0.677439
-0.821443	0.180584
-0.984399	-0.34251
-0.951808	-0.733129
0.623435	-0.290119
-0.908353	-0.693437
0.536525	0.153438
-0.940944	0.133324
0.688618	0.386077
0.427888	-0.286545
2.00313	0.319087
0.569117	-0.0714675
2.253	0.523558
2.66582	0.35814
0.992803	0.354091
-0.93008	-0.516081
-0.615032	0.544037
-0.310847	0.468374
-0.419484	-0.428631
0.84071	0.0612951
-0.14789	-0.132562
-0.245664	-0.386035
-0.75626	0.184981
-0.93008	-0.237599
-0.506394	0.246828
1.10144	0.403223
-0.354302	0.21882
-0.777988	0.00512944
-0.886625	-0.822012
1.97054	0.411381
-0.973535	-1.05274
-0.864898	-0.0384154
0.49307	0.327365
-0.897489	0.0645014
0.427888	0.36489
-0.039253	0.126522
-0.854034	-0.0751267
0.688618	0.199365
0.503934	0.445746
-0.082708	0.300433
0.156294	-0.0890024
2.83964	0.103991
-0.919216	-1.10496
1.05799	0.462973
2.17695	0.230671
-0.680214	-0.83759
-0.528122	0.265205
1.24267	-0.220738
-0.213073	0.357419
-0.636759	-0.546753
-0.202209	-0.0738491
-0.777988	0.0740915
-0.832306	-0.134102
-0.777988	0.0346347
0.406161	-0.446048
-0.419484	-0.195404
1.51426	0.0453146
-0.647623	-0.234975
0.960212	0.455624
-0.636759	0.38455
0.634299	0.533101
-0.864898	-0.334458
0.0476569	0.497103
2.19868	0.406892
-0.864898	-0.154672
0.558253	0.311293
0.916757	0.402796
1.23181	-0.283313
0.264932	-0.098011
-0.940944	-0.654419
-1.01699	-0.31178
0.884165	0.504987
0.101976	0.290742
-0.549849	-0.162434
-0.376029	0.439906
-0.549849	0.115843
0.232341	0.316098
-0.712805	-0.602566
-0.864898	-0.436177
0.0476569	0.544502
-0.528122	0.575028
0.373569	0.393937
1.73154	0.27767
1.02539	-0.144289
0.460479	0.4219
-0.604168	0.339292
-0.0175256	0.0549076
1.6229	0.199205
4.66475	0.524925
-0.49553	0.290929
-0.158754	0.426258
-0.2348	0.292529
-0.908353	-0.68528
-0.886625	-0.675841
-0.919216	-0.0161985
-0.278255	0.146116
0.0259294	0.299517
-0.0935718	0.393117
-0.723669	-0.946438
-0.799715	0.31791
-0.604168	-0.417612
-0.886625	-0.863987
0.971075	0.548803
0.688618	0.211508
-0.777988	0.521369
0.134567	0.518408
-0.886625	-0.267374
2.15522	0.627976
0.677754	0.135205
1.51426	0.491295
0.0911119	0.537471
0.210613	0.443005
1.2644	0.197214
0.49307	0.667037
-0.593304	0.514989
-0.886625	-0.185167
-0.66935	-0.628594
-0.223937	-0.25145
4.29538	0.0031537
-0.701942	-0.0250597
-0.951808	-0.837415
-0.897489	-0.726817
1.1123	-0.151003
1.64463	0.268132
-0.419484	0.296003
-0.082708	0.262277
-0.875761	-0.551056
0.916757	0.417274
-0.745396	0.701742
0.156294	-0.145225
2.01399	0.335039
0.938484	0.803855
-0.354302	-0.37534
1.48167	0.537982
1.5034	0.289479
2.00313	0.384985
0.145431	0.378526
-0.66935	-0.0576101
-0.289119	-0.083108
-0.658487	-0.0764938
-0.984399	-0.593326
0.264932	0.220513
1.95968	0.437988
-0.962671	-1.39769
1.2644	0.118636
-0.810579	-0.639777
0.536525	0.49574
-0.767124	-0.501347
-0.0283893	-0.0558348
3.9912	0.744619
1.2644	0.870228
-0.082708	0.329235
-0.365165	0.478314
-0.593304	0.179837
-0.908353	-0.941989
0.971075	0.210648
-0.299983	0.477618
-0.897489	-1.1706
2.30732	0.390946
-0.984399	0.139521
-0.386893	0.213241
-0.886625	-0.803974
-0.039253	-0.645915
-0.0501168	0.522405
0.178022	0.302777
-0.104436	0.269652
-0.810579	-0.690612
1.79672	0.392089
0.547389	0.475631
-0.32171	0.00283762
-0.636759	-0.125193
-0.886625	-0.361275
-0.832306	-0.00891208
-0.66935	-0.111079
4.39316	0.386811
-0.897489	-1.0214
-0.386893	0.0656385
-0.289119	0.580921
-0.777988	-0.0540221
0.57998	0.191395
1.39476	-0.380243
-0.245664	-0.129179
-0.126163	0.14907
-0.821443	-0.565423
-0.082708	-0.0321335
-0.615032	0.429775
0.112839	0.256291
-0.821443	-0.561314
-0.202209	0.00446692
1.87277	-0.183146
-0.810579	0.406297
0.938484	0.200758
-0.93008	-0.451491
-0.734533	0.379553
-0.158754	0.56492
-0.908353	0.0853117
-0.549849	0.714863
-0.886625	0.564125
-0.299983	-0.312128
0.688618	0.499608
-0.604168	0.336905
-0.93008	-0.341726
-1.00613	0.35375
-0.821443	-0.658181
-0.658487	-0.150133
-1.01699	-0.518014
-0.615032	-0.497742
-0.528122	-0.640958
-0.517258	0.433561
-0.767124	0.0254905
0.482207	-0.498449
0.0150657	-0.0946714
-0.919216	-0.0494408
-0.84317	-0.478351
-0.767124	0.242348
1.42735	0.250642
-0.723669	-1.19687
-0.126163	0.208823
-0.832306	-0.399024
3.89342	0.289461
-0.289119	0.054586
-0.93008	-0.831665
1.15576	0.381286
1.55772	0.250811
-0.84317	-0.782958
-0.940944	-0.524747
1.34044	0.360085
-0.376029	0.138132
-0.908353	-1.0073
-1.00613	-0.569277
-0.137027	0.100054
-0.908353	-0.574152
-0.625895	-0.222461
0.221477	-0.0752507
-0.84317	0.014876
-0.462939	-0.230172
1.78586	0.571378
0.503934	0.452878
-0.58244	0.368659
1.32958	0.12016
-0.58244	0.785343
-0.376029	-0.138832
0.286659	-0.481024
0.536525	0.368234
0.0911119	0.224296
0.895029	0.143659
0.319251	0.378506
-0.32171	0.265123
2.38336	0.163162
-0.691078	-0.0637864
0.449616	0.36887
1.52513	0.455565
0.438752	0.428527
0.590844	0.347011
-0.745396	-0.482729
0.884165	0.866936
0.645163	0.27881
-0.538985	-0.275109
-0.93008	-0.42698
0.134567	0.357291
-0.658487	0.291586
1.25353	0.18555
-0.691078	-0.211102
0.84071	-0.0190041
0.101976	0.76863
0.0585207	0.206842
1.16662	0.525155
-0.549849	-0.360682
3.14382	0.853439
0.873302	0.284448
-0.2348	-0.335184
-0.93008	-1.01468
0.210613	0.204623
0.0367932	0.189617
-0.604168	0.0224612
1.88363	0.151777
-0.712805	-0.536562
0.417024	0.0711126
0.406161	0.253658
-0.213073	0.355499
1.00367	0.63987
-0.788851	-0.937042
-0.213073	0.0350931
-0.864898	0.11005
-0.191345	0.174372
2.19868	0.536589
0.188886	0.349468
-0.549849	-0.665115
-0.223937	-0.522893
-0.49553	0.0167184
-0.951808	-0.982522
-0.223937	-0.0850178
-0.701942	0.399739
-0.919216	-0.37364
0.178022	0.21339
-0.0935718	-0.0446366
-0.875761	0.511722
-0.854034	-0.336736
-0.875761	-1.13352
3.79565	0.555075
-0.0609805	0.320945
0.319251	0.142811
-0.951808	0.365517
0.188886	-0.450595
-0.528122	0.356124
0.00420194	0.503839
-0.75626	-0.423288
0.656027	0.17159
-0.897489	-0.977329
-0.267392	-0.00637673
0.699482	0.285336
-0.104436	-1.13311
-0.082708	0.395825
-0.00666181	0.0913084
-0.289119	0.217093
-0.832306	-0.714738
-0.886625	-1.08462
2.731	0.0854165
-0.419484	-0.117288
-0.615032	0.014198
-0.66935	0.467038
-0.2348	-0.540312
-0.93008	0.286172
-0.919216	-0.191948
-0.158754	0.508405
-0.419484	-0.58161
0.0367932	0.499193
-0.213073	0.312472
-0.745396	0.16063
-0.864898	-1.62783
0.297523	0.22222
0.297523	0.13474
-0.908353	0.387518
1.79672	-0.0951127
-0.267392	-0.243371
-0.734533	-0.589821
0.101976	0.308286
-0.951808	-0.752161
-0.647623	-0.472877
-0.354302	0.0576111
-0.691078	0.301263
-0.289119	0.415907
-0.538985	0.104968
-0.767124	0.489002
-0.788851	-0.439146
0.308387	0.243341
1.29699	0.104987
1.09058	0.571269
-0.202209	0.0736091
-0.299983	-0.317822
-0.962671	-0.566265
-0.745396	-0.338652
-0.75626	-1.23604
-0.039253	-0.527007
-0.864898	-0.538768
-0.115299	0.463697
-0.49553	-0.551742
-0.93008	-0.325348
-0.191345	0.31603
-0.310847	0.272562
-0.864898	0.24649
-0.506394	-0.34899
-0.2348	0.55656
1.21008	0.524884
-0.571577	-0.819486
0.438752	-0.410459
-0.2348	0.255704
-0.799715	0.262394
-0.441212	0.33299
-1.00613	0.283671
0.384433	0.324529
-0.680214	0.400615
3.3611	0.684128
1.01453	0.615991
0.0259294	0.350743
-0.473803	-0.131464
1.85104	-0.248051
-0.397757	0.153189
-0.278255	0.419573
0.916757	0.0456573
1.47081	0.450995
0.0693844	0.436823
-0.517258	-0.664754
-0.951808	-0.361636
-0.593304	0.234789
0.417024	0.515958
-0.647623	0.287193
2.15522	0.871545
-0.701942	0.200213
0.438752	0.0836885
0.0259294	0.483529
-0.864898	-0.44896
0.732073	0.389986
-0.386893	-0.76949
-0.538985	0.493381
0.308387	0.64617
0.482207	0.229759
1.1449	-0.422763
0.645163	0.439942
0.112839	0.353603
0.178022	0.198792
0.558253	-0.0240882
0.710345	-0.249801
2.3725	0.683253
-0.745396	-0.91731
-0.0935718	0.0247296
-0.886625	-0.254007
-0.84317	-0.784217
0.721209	0.272504
-0.289119	0.348511
0.471343	0.00361955
-0.908353	-0.359473
1.22094	0.209459
2.47027	0.366527
-0.245664	0.412403
-0.604168	-0.526301
0.417024	0.343885
0.297523	0.507833
-0.191345	-0.265317
-0.58244	0.170451
-0.886625	0.419816
1.24267	0.223041
-0.886625	-0.511647
1.12317	0.283329
-0.962671	-0.448157
-1.00613	-0.25922
-0.864898	-0.0593152
2.02486	0.54703
-0.799715	-0.813032
-0.962671	-0.166581
0.101976	0.0799005
0.134567	0.509129
0.199749	0.168798
-0.93008	-0.355599
0.57998	-0.641299
-0.940944	-0.411517
-0.484667	-0.125869
0.66689	0.372236
0.0476569	-0.546681
0.612572	-0.0301123
-0.58244	0.435626
0.101976	0.15264
-0.66935	0.033483
-0.951808	0.282938
0.0693844	0.529177
-0.734533	0.0173076
0.330114	0.535223
-0.897489	0.218502
-0.343438	-0.0143198
0.427888	0.467148
-0.810579	-0.677239
-0.680214	0.458376
-0.2348	0.385942
0.275796	0.41522
-0.593304	0.2282
-0.625895	-0.062752
-0.354302	-0.421996
-0.875761	-0.39677
-0.538985	-0.483232
-0.66935	-1.18049
-0.875761	-0.783645
0.101976	0.240903
0.677754	0.549461
-0.386893	0.268115
1.1449	0.464687
-0.897489	-0.444826
3.08951	0.499357
0.482207	0.304856
-0.278255	0.314243
2.30732	0.436321
0.112839	-0.0476435
-0.180482	0.412453
-0.734533	-0.179892
0.123703	0.336259
-0.854034	-0.574657
1.01453	0.564658
-0.940944	0.530459
-0.00666181	-0.0441641
0.634299	0.167132
-0.256528	0.523878
-0.104436	-0.0624343
-0.0283893	0.0788308
0.417024	0.110698
-0.245664	0.201942
-0.386893	0.0229578
0.286659	0.101747
-0.951808	-0.608766
-0.256528	0.254103
-0.039253	0.417078
-0.365165	0.497057
-1.01699	-0.498017
-0.49553	0.529292
-0.951808	-0.393369
-0.93008	-0.142179
3.14382	0.636136
-0.245664	0.399762
0.449616	0.672374
0.84071	0.0465455
-0.875761	0.240239
-0.832306	-0.299766
-0.680214	0.317215
-0.854034	-0.58082
-0.397757	0.26984
-0.777988	-0.685763
-0.919216	0.205752
-0.115299	0.488054
1.91622	0.708441
-0.14789	0.477419
-0.84317	-0.675435
-0.615032	0.0826049
-0.777988	0.228964
-0.75626	-0.00291313
-0.082708	-0.29592
-0.191345	0.657068
0.471343	0.529244
-0.897489	-0.732729
-0.810579	-0.142186
-0.680214	-1.13879
0.688618	0.496016
-0.962671	-0.549009
0.514798	0.365426
-0.528122	-0.00584632
0.66689	-0.142513
-0.919216	-0.197893
2.63323	0.340394
-0.712805	0.310923
-0.40862	0.700663
-0.93008	-0.86273
1.56858	0.40492
1.35131	0.0663878
1.49254	0.349462
1.01453	0.311231
-0.973535	-0.167818
-0.245664	-0.0646898
-0.126163	0.0171342
-0.788851	-0.0215583
-0.517258	0.459871
1.06885	0.272567
1.6229	0.157339
-0.32171	0.409181
-0.712805	0.191149
-0.919216	-0.880997
2.16609	-0.0631971
-0.517258	0.185404
0.66689	0.182258
-0.386893	0.186495
-0.973535	-0.273552
-0.0718443	0.691937
0.188886	-0.190738
2.43768	0.534142
-0.832306	-0.499661
0.66689	0.206688
-0.636759	0.40841
-0.854034	-0.157177
0.330114	0.644617
2.35077	0.544332
-0.712805	0.0585158
-0.636759	0.0518118
-0.0501168	0.444116
-0.691078	-1.19385
-0.0935718	-0.31309
-0.962671	-0.918331
2.31818	0.482609
0.471343	-0.0778053
-0.593304	-0.0166823
-0.00666181	0.0374245
1.93795	0.422238
1.12317	0.201257
-0.810579	0.34994
1.73154	0.305907
1.39476	0.136081
-0.691078	0.163798
4.24106	0.473601
-0.767124	-0.231788
-0.462939	-0.00667687
-0.419484	0.0580743
-0.636759	-0.163666
-0.821443	-0.430298
-0.799715	-0.706405
0.308387	-0.732025
1.01453	0.416387
2.38336	0.102798
-0.32171	0.0439821
0.0693844	-0.195469
-0.875761	-0.226495
0.503934	-0.0730675
-0.191345	0.38943
-0.202209	0.724749
2.253	0.479683
0.286659	0.619434
-0.832306	0.0554292
-0.886625	-0.813123
0.482207	0.690257
0.373569	-0.393962
-0.00666181	0.529332
-0.223937	0.599183
1.6229	0.317476
0.514798	0.689302
1.2644	0.351994
-0.430348	-0.140475
0.167158	0.212822
0.786392	0.164196
-0.734533	-0.383412
0.134567	0.154832
-0.506394	0.499885
2.43768	0.105935
-0.854034	-0.353791
2.11177	-0.652544
3.65442	0.16976
-0.560713	-1.1481
0.254068	0.579865
-0.680214	0.451996
0.558253	0.0716802
0.84071	0.233428
-0.973535	0.161247
-0.571577	0.234742
0.00420194	-0.343285
-0.984399	-0.843642
1.8619	-0.188279
-0.256528	0.278025
0.395297	-0.244411
-0.66935	-0.19398
-0.202209	0.408085
0.49307	-0.561744
-0.0283893	0.0367792
-0.223937	-0.334762
-0.549849	0.510551
-0.213073	-0.50277
-0.158754	0.416497
0.49307	0.39051
-0.14789	0.331817
0.873302	0.00868084
-0.832306	0.247943
0.873302	0.362083
0.210613	-0.226391
-0.886625	0.322234
-0.289119	-0.323564
-0.517258	0.323232
-0.267392	0.0916718
-1.00613	-0.511062
0.254068	-0.248147
0.199749	-0.338967
1.54685	-0.186259
1.09058	-0.0263041
1.55772	0.064172
-0.93008	-0.25068
-0.49553	-0.516501
1.59031	0.472856
-0.49553	-0.0873933
-0.973535	-0.188968
0.569117	-0.0541767
-0.538985	-1.14962
0.0367932	0.318243
-0.821443	-0.706958
-0.245664	0.498325
-0.549849	-0.324756
1.3839	0.368231
-0.712805	-0.47548
0.0367932	0.402026
-0.202209	0.385668
-0.104436	0.341945
-0.343438	-0.0270085
-0.0609805	0.324705
1.09058	0.462313
-0.908353	-0.785826
-0.180482	0.0431768
0.590844	0.0724795
-0.397757	0.194814
0.873302	0.574066
1.01453	0.428792
2.253	0.749211
0.145431	0.295846
-0.788851	0.582569
0.254068	0.25499
0.558253	0.4909
-0.354302	0.309649
-0.278255	-0.0470179
-0.767124	0.376198
-0.919216	-0.984847
0.0802482	0.0728332
-0.0175256	0.553075
1.34044	0.335617
-0.832306	-0.0979283
0.384433	0.236152
-0.66935	-0.405819
-0.897489	-1.53115
-0.245664	0.281752
-0.549849	-0.235328
-0.386893	-0.0212393
-0.832306	0.241335
-0.376029	0.135822
-0.658487	-0.373651
-0.082708	-0.0245363
-0.376029	0.47383
-0.430348	-0.196985
-0.788851	-0.278462
-0.940944	-0.539303
-0.886625	0.197594
0.884165	0.864303
-0.636759	-0.3235
0.623435	-0.562054
0.808119	-0.501302
0.710345	-0.00794568
0.710345	0.0256585
-0.376029	0.231229
-0.376029	0.438154
-0.137027	-0.462919
-0.66935	-0.715029
-0.745396	-0.100472
-0.984399	-1.12213
-0.40862	-0.56858
2.01399	0.702235
-0.571577	-0.345058
-0.897489	-0.55757
0.232341	0.675218
-0.625895	-0.232431
0.406161	-0.306621
1.02539	0.0707599
-0.940944	-0.21158
-0.75626	0.160529
-0.984399	-0.585614
0.851574	0.531479
-0.593304	0.310426
-0.886625	-0.394091
-0.658487	-0.607222
-0.799715	-0.0308801
1.01453	0.0568299
-0.0609805	-0.0611348
0.0693844	-0.186108
-0.84317	0.134025
0.721209	0.535707
-0.799715	-0.526515
-0.75626	-0.204031
-0.647623	0.173849
-0.213073	0.188145
0.210613	0.144986
-0.538985	0.262139
-0.875761	-0.612723
-0.691078	-0.369592
0.0367932	0.542405
0.254068	0.0195116
0.297523	0.385902
-0.93008	-0.96201
-0.332574	0.419152
-0.919216	-0.414124
0.623435	0.186307
-0.604168	0.185342
-0.723669	-0.203334
0.0259294	-0.16884
-0.625895	-1.65706
-0.995263	-0.882169
0.0585207	0.360976
-0.0175256	0.0883257
-0.104436	0.303406
1.2644	0.016138
0.7538	0.0136918
-0.962671	-0.751844
-0.75626	-0.529296
1.92708	0.684586
0.362706	-0.281735
-0.767124	0.137713
-0.462939	-0.803671
-0.93008	0.100325
0.330114	0.0828121
-0.810579	-0.466697
-0.734533	0.187946
1.24267	0.0972455
0.818983	0.631906
-0.528122	0.155386
-0.973535	0.484025
-0.462939	-0.308806
-0.886625	-0.218739
2.32904	-0.0802873
0.199749	0.0480901
1.31872	0.502587
-0.593304	-0.492654
-0.191345	0.367494
-0.951808	-0.415284
-0.430348	-0.665444
1.05799	0.073601
-0.864898	-0.666759
-0.799715	-0.447976
-0.799715	0.333653
1.34044	0.546624
-1.00613	-0.699533
1.1449	0.208699
-0.832306	-0.106164
-0.452075	0.502284
-0.940944	-0.428416
-0.517258	-0.482471
-0.799715	0.326469
0.66689	-0.182442
1.39476	0.8291
-0.615032	-0.287767
-0.386893	-0.172548
-0.571577	0.367948
0.981939	0.270188
1.37303	0.39728
-0.951808	-0.126719
0.243204	-0.05264
1.91622	0.424519
-0.245664	-0.0894123
0.503934	0.342495
1.13403	0.429262
0.449616	0.46756
-0.180482	-0.0820011
-0.701942	0.353576
0.514798	-0.299102
-0.832306	0.417182
-0.256528	-0.0700393
-0.462939	0.116308
0.92762	0.314641
-0.386893	-0.796533
-0.647623	0.525986
2.17695	0.596189
-0.723669	0.333752
0.590844	0.2895
-0.430348	0.378639
-0.832306	-0.82067
-0.49553	-0.539163
-0.0501168	0.5057
-0.951808	0.128108
1.85104	0.430464
-0.93008	0.0679644
0.427888	0.256485
0.742937	0.0944258
-0.854034	-0.28661
1.8619	0.62713
-0.886625	-0.0704433
2.09004	0.378631
1.19921	0.544823
1.00367	0.420907
-0.256528	0.628122
1.76413	0.57957
-0.93008	-0.714207
-0.777988	0.256211
1.72067	0.564981
0.0802482	0.231804
0.677754	0.0992274
0.319251	0.268967
0.406161	0.603804
-0.299983	0.574147
-0.180482	0.367878
-0.267392	0.408843
-0.821443	0.135886
-0.951808	-0.147655
-0.723669	-0.870966
-0.49553	-0.379906
1.17749	0.430943
0.92762	0.00778747
-0.75626	-0.0654521
0.601708	0.070745
-0.0935718	0.235601
-0.625895	-0.405097
-0.897489	-0.417256
-0.376029	0.638586
0.417024	0.32508
-0.973535	-0.766908
-0.940944	-0.506187
-0.93008	-0.0360366
-0.332574	0.213588
-0.821443	-0.844472
-0.104436	0.0651352
-0.940944	-0.102398
0.0802482	0.385936
-0.962671	-0.327935
-0.767124	-0.0221326
-0.984399	0.167158
-0.93008	-0.697279
0.7538	0.155906
-0.636759	0.0599059
-1.01699	-0.644626
0.851574	0.652702
0.482207	0.0268411
-0.538985	-0.634542
-0.49553	0.229543
-0.767124	-0.253982
0.634299	-0.646663
0.590844	-0.0606884
0.960212	-0.177048
-0.593304	0.398621
0.0150657	0.111259
-0.473803	0.411032
-0.821443	-0.119229
-0.897489	-0.361431
0.112839	-0.13249
-0.441212	0.218079
-0.49553	0.0628935
-0.84317	0.791753
0.818983	0.657754
-0.777988	-1.09453
-0.647623	0.363942
0.156294	0.133985
-0.256528	-0.00257325
-0.245664	0.4278
3.26333	0.47239
-0.962671	-0.190473
-0.799715	-0.193737
0.808119	0.769519
-0.473803	0.120052
-0.354302	0.142921
-0.658487	-0.104241
-0.995263	-0.334486
0.395297	0.23457
2.50286	0.432433
0.710345	-0.191462
-0.875761	-0.14233
-0.386893	0.499009
1.91622	0.486235
-0.2348	0.300906
-0.636759	-0.145286
-0.984399	-0.963594
0.0259294	0.00704095
0.340978	0.528679
-0.615032	-0.162557
-0.647623	-0.122527
0.710345	-0.184487
-0.430348	-0.0219333
-0.604168	-0.401366
-0.082708	-0.453446
-0.951808	-0.0127975
-0.810579	0.0385968
0.145431	0.291118
1.41649	0.861198
1.16662	-0.216109
-0.332574	-0.0290121
-0.93008	-1.19841
-0.49553	0.0510427
-0.951808	-0.240297
0.688618	0.516245
-0.745396	-0.641129
-0.919216	-0.494626
0.862438	0.232753
-0.245664	0.38703
-0.93008	0.0903319
-0.625895	-0.590848
0.0693844	0.379644
0.438752	0.36149
-0.267392	-0.238935
-0.701942	-0.50907
-0.745396	-1.11472
1.47081	0.364824
-0.430348	-0.148302
0.406161	-0.240498
2.36163	0.330699
-0.0718443	0.336577
-0.32171	0.0152256
0.558253	0.450822
-1.02785	-1.4489
-0.419484	0.259596
-0.40862	-0.611528
-0.256528	-0.377555
0.851574	0.291295
1.06885	0.505031
-0.745396	-0.771295
1.73154	-0.180869
2.03572	0.350092
-0.310847	0.196831
1.75326	0.480841
0.536525	0.00866912
1.25353	0.411328
0.829847	0.521111
0.0367932	0.239773
-0.191345	0.82466
-0.0718443	0.559129
-0.386893	-0.0126284
-0.571577	0.056608
-0.767124	-1.21087
-0.854034	-0.403309
-0.126163	-0.645335
0.949348	0.0222035
0.221477	0.0635152
-0.245664	0.147269
0.92762	-0.325036
-0.299983	0.343931
0.145431	-0.322923
-0.115299	-0.400704
0.775528	0.272873
-0.473803	-0.467975
-0.473803	-0.133097
-0.886625	-0.428503
-0.788851	-0.217353
-0.115299	0.0819942
-0.299983	0.312283
-0.984399	0.142164
-0.940944	-1.1787
2.27472	0.71927
2.53545	0.676532
-0.0283893	-0.380658
-0.897489	0.0108922
-0.897489	0.311788
1.51426	0.364006
0.417024	0.513811
-0.462939	-0.628299
-0.137027	-0.0286064
1.42735	0.484174
1.00367	0.611881
1.31872	0.423095
0.0150657	0.0435573
