EXPERIMENT
==========
2025-04-23 11:36:59

Tagaki-Sugeno-Kang neuro-fuzzy system with gaussian fuzzy sets in premises and product t-norm and fuzzy c-means (FCM) clustering algorithm
TSK
number of rules:     10
number of clustering iterations: 100
number of tuning interations:    100
learning coefficient: 0.001
partitioner: fcm
normalisation:   false
RMSE for train data: 0.886431
RMSE for test data:  0.886622
MAE  for train data: 0.643219
MAE  for test data:  0.638129
fuzzy rule base creation time: 2950 [s]


fuzzy rule base
RULE 1

rule
t-norm: product t-norm
premise: 
premise
desciptors
1: 
descriptor: gaussian
   c == -5.24682e+06
   s == 5.66553e+06

2: 
descriptor: gaussian
   c == 297678
   s == 83909

3: 
descriptor: gaussian
   c == -369613
   s == 60121.9

4: 
descriptor: gaussian
   c == 717104
   s == 339901

5: 
descriptor: gaussian
   c == 283569
   s == 40774.2


consequence: 
1  1  1  1  1  1  
quality: -1

RULE 2

rule
t-norm: product t-norm
premise: 
premise
desciptors
1: 
descriptor: gaussian
   c == -1.61946e+08
   s == 0.429026

2: 
descriptor: gaussian
   c == 1.03387e+07
   s == 0.789918

3: 
descriptor: gaussian
   c == -3.13811e+07
   s == 0.363327

4: 
descriptor: gaussian
   c == 5.85741e+06
   s == 2.38286

5: 
descriptor: gaussian
   c == 1.3128e+08
   s == 0.341573


consequence: 
1  1  1  1  1  1  
quality: -1

RULE 3

rule
t-norm: product t-norm
premise: 
premise
desciptors
1: 
descriptor: gaussian
   c == -3.73044
   s == 1.49658

2: 
descriptor: gaussian
   c == 0.964611
   s == 9.61134

3: 
descriptor: gaussian
   c == 31.5798
   s == 0.85237

4: 
descriptor: gaussian
   c == -32.7174
   s == 0.80736

5: 
descriptor: gaussian
   c == -8.21404
   s == 0.506015


consequence: 
1  1  1  1  1  1  
quality: -1

RULE 4

rule
t-norm: product t-norm
premise: 
premise
desciptors
1: 
descriptor: gaussian
   c == 13.3909
   s == 1.22078

2: 
descriptor: gaussian
   c == 12.8568
   s == 0.917227

3: 
descriptor: gaussian
   c == 2.37455
   s == 1.33523

4: 
descriptor: gaussian
   c == 6.42812
   s == 0.881497

5: 
descriptor: gaussian
   c == -3.05726
   s == 0.510616


consequence: 
1  1  1  1  1  1  
quality: -1

RULE 5

rule
t-norm: product t-norm
premise: 
premise
desciptors
1: 
descriptor: gaussian
   c == 5534.35
   s == 175.927

2: 
descriptor: gaussian
   c == 725907
   s == 260142

3: 
descriptor: gaussian
   c == -1.48066e+06
   s == 288844

4: 
descriptor: gaussian
   c == 1.86749e+06
   s == 536524

5: 
descriptor: gaussian
   c == 3.08067e+06
   s == 893487


consequence: 
1  1  1  1  1  1  
quality: -1

RULE 6

rule
t-norm: product t-norm
premise: 
premise
desciptors
1: 
descriptor: gaussian
   c == -1.48097e+06
   s == 2.65597e+06

2: 
descriptor: gaussian
   c == 214101
   s == 256170

3: 
descriptor: gaussian
   c == 779870
   s == 1.41689e+06

4: 
descriptor: gaussian
   c == -53538
   s == 33716.4

5: 
descriptor: gaussian
   c == -82935.4
   s == 55599.5


consequence: 
-1.27216  -2.50764  -2.6006  2.85157  -0.570619  -0.000842483  
quality: -1

RULE 7

rule
t-norm: product t-norm
premise: 
premise
desciptors
1: 
descriptor: gaussian
   c == -363633
   s == 132032

2: 
descriptor: gaussian
   c == 8.86932e+06
   s == 1.22523e+07

3: 
descriptor: gaussian
   c == 2.56285e+06
   s == 1.16362e+06

4: 
descriptor: gaussian
   c == 598429
   s == 172820

5: 
descriptor: gaussian
   c == -1.53298e+06
   s == 1.07518e+06


consequence: 
2150.11  10468.1  8195.51  -10875.3  2993.73  0.614969  
quality: -1

RULE 8

rule
t-norm: product t-norm
premise: 
premise
desciptors
1: 
descriptor: gaussian
   c == -2.8335
   s == 0.434951

2: 
descriptor: gaussian
   c == 1.38197
   s == 3.97443

3: 
descriptor: gaussian
   c == -5.20921
   s == 0.597781

4: 
descriptor: gaussian
   c == -4.87253
   s == 0.446022

5: 
descriptor: gaussian
   c == -5.53459
   s == 0.417286


consequence: 
1  1  1  1  1  1  
quality: -1

RULE 9

rule
t-norm: product t-norm
premise: 
premise
desciptors
1: 
descriptor: gaussian
   c == -962585
   s == 708092

2: 
descriptor: gaussian
   c == 462476
   s == 262974

3: 
descriptor: gaussian
   c == -396826
   s == 110908

4: 
descriptor: gaussian
   c == 604516
   s == 435638

5: 
descriptor: gaussian
   c == -805185
   s == 358917


consequence: 
12965.9  31736.7  18249.4  -29943.7  3769.88  -0.0429741  
quality: -1

RULE 10

rule
t-norm: product t-norm
premise: 
premise
desciptors
1: 
descriptor: gaussian
   c == 4.26652e+06
   s == 5.00003e+06

2: 
descriptor: gaussian
   c == -24020.9
   s == 1686.46

3: 
descriptor: gaussian
   c == -137867
   s == 11673.1

4: 
descriptor: gaussian
   c == 732201
   s == 407653

5: 
descriptor: gaussian
   c == 2.5121e+06
   s == 1.37191e+06


consequence: 
1  1  1  1  1  1  
quality: -1



linguistic description of fuzzy rule base
RULE 1

IF input 1 is loosely micro AND input 2 is loosely giant AND input 3 is loosely micro AND input 4 is loosely giant AND input 5 is loosely giant THEN  input 1 has low positive importance AND input 2 has low positive importance AND input 3 has low positive importance AND input 4 has low positive importance AND input 5 has low positive importance AND constant term is medium.

RULE 2

IF input 1 is strictly micro AND input 2 is distinctly giant AND input 3 is strictly micro AND input 4 is mildly giant AND input 5 is strictly giant THEN  input 1 has low positive importance AND input 2 has low positive importance AND input 3 has low positive importance AND input 4 has low positive importance AND input 5 has low positive importance AND constant term is medium.

RULE 3

IF input 1 is moderately micro AND input 2 is loosely large AND input 3 is distinctly giant AND input 4 is distinctly micro AND input 5 is distinctly micro THEN  input 1 has low positive importance AND input 2 has low positive importance AND input 3 has low positive importance AND input 4 has low positive importance AND input 5 has low positive importance AND constant term is medium.

RULE 4

IF input 1 is moderately giant AND input 2 is distinctly giant AND input 3 is moderately giant AND input 4 is distinctly giant AND input 5 is distinctly micro THEN  input 1 has low positive importance AND input 2 has low positive importance AND input 3 has low positive importance AND input 4 has low positive importance AND input 5 has low positive importance AND constant term is medium.

RULE 5

IF input 1 is loosely giant AND input 2 is loosely giant AND input 3 is loosely micro AND input 4 is loosely giant AND input 5 is loosely giant THEN  input 1 has low positive importance AND input 2 has low positive importance AND input 3 has low positive importance AND input 4 has low positive importance AND input 5 has low positive importance AND constant term is medium.

RULE 6

IF input 1 is loosely micro AND input 2 is loosely giant AND input 3 is loosely giant AND input 4 is loosely micro AND input 5 is loosely micro THEN  input 1 has low negative importance AND input 2 has low negative importance AND input 3 has low negative importance AND input 4 has high positive importance AND input 5 has low negative importance AND constant term is medium.

RULE 7

IF input 1 is loosely micro AND input 2 is loosely giant AND input 3 is loosely giant AND input 4 is loosely giant AND input 5 is loosely micro THEN  input 1 has high positive importance AND input 2 has high positive importance AND input 3 has high positive importance AND input 4 has low negative importance AND input 5 has high positive importance AND constant term is medium.

RULE 8

IF input 1 is strictly micro AND input 2 is mildly huge AND input 3 is distinctly micro AND input 4 is strictly micro AND input 5 is strictly micro THEN  input 1 has low positive importance AND input 2 has low positive importance AND input 3 has low positive importance AND input 4 has low positive importance AND input 5 has low positive importance AND constant term is medium.

RULE 9

IF input 1 is loosely micro AND input 2 is loosely giant AND input 3 is loosely micro AND input 4 is loosely giant AND input 5 is loosely micro THEN  input 1 has high positive importance AND input 2 has high positive importance AND input 3 has high positive importance AND input 4 has low negative importance AND input 5 has high positive importance AND constant term is small.

RULE 10

IF input 1 is loosely giant AND input 2 is loosely micro AND input 3 is loosely micro AND input 4 is loosely giant AND input 5 is loosely giant THEN  input 1 has low positive importance AND input 2 has low positive importance AND input 3 has low positive importance AND input 4 has low positive importance AND input 5 has low positive importance AND constant term is medium.







train data
expected	elaborated
===========================
1.02539	0.353149
-0.104436	0.0628038
1.78586	0.595503
-0.864898	-0.514896
-1.01699	-0.585019
-0.897489	-0.36948
-0.821443	-0.57644
0.254068	0.308103
0.764664	0.353692
1.76413	-0.0520971
-0.104436	-0.185482
0.818983	0.408833
0.264932	0.348935
0.7538	0.738948
-0.995263	-0.488235
2.35077	0.494373
1.19921	0.731445
-0.886625	-0.267515
-0.354302	0.285253
0.340978	0.365941
-0.310847	-0.915543
-0.32171	0.417617
3.49146	0.407399
0.460479	0.231975
-0.951808	-0.552896
-0.082708	0.316676
-0.908353	-0.711899
-0.973535	-1.12944
0.167158	0.50216
0.92762	0.259837
-0.908353	0.363471
1.00367	-0.546074
-0.93008	-0.19227
-0.365165	-0.405333
-0.00666181	-0.348945
-0.386893	0.273469
1.56858	0.0629396
-0.84317	-0.607214
0.221477	0.561802
-0.58244	-0.517348
0.0693844	-0.710118
-0.647623	-0.244334
-0.528122	-0.423583
-0.615032	-0.0703114
1.40563	0.221623
0.330114	0.531302
-0.430348	0.145046
-0.832306	-0.175978
-1.00613	-1.66365
-0.278255	-0.163492
0.92762	0.504602
-0.00666181	0.35819
-0.984399	-0.927119
0.623435	0.345178
-0.278255	-0.11504
0.156294	-0.343325
-0.821443	-1.14378
0.0150657	-0.0452999
-0.821443	-0.108017
0.406161	-1.01171
0.569117	0.326934
-0.897489	-0.70125
-0.84317	-0.549865
0.797255	0.429983
0.775528	0.744025
1.03626	0.298738
-0.864898	0.0984201
-0.40862	0.0757096
-0.082708	0.383412
-0.115299	-0.248459
1.61204	0.457138
0.362706	0.699858
2.15522	0.487787
0.232341	0.289254
-0.973535	0.779088
-0.0283893	0.177825
1.09058	0.425051
0.00420194	0.116843
0.156294	0.127279
-0.93008	-0.36445
0.438752	0.367644
1.60117	0.308313
-1.01699	-0.880601
-0.951808	-0.857919
0.221477	0.159787
-0.701941	-0.138535
0.482207	0.490653
0.590844	-0.106033
0.243204	0.236777
-0.777988	-1.09918
-0.864898	-0.158173
2.253	0.188001
1.64463	0.766466
0.167158	0.41831
-0.767124	-0.72068
-0.767124	0.226358
0.677754	0.0896193
0.0367932	0.251315
-0.886625	-0.523311
-0.897489	-0.56912
1.48167	0.520233
1.99227	0.7334
-0.560713	-0.018763
-0.864898	-1.44876
0.156294	0.630487
0.57998	0.50604
-0.767124	-0.798138
-0.951808	-0.0471174
-0.962671	0.10382
1.19921	0.321541
-0.310847	0.287595
-0.0718443	-0.273495
-0.441212	-0.170998
-0.115299	0.896899
0.112839	0.302063
-1.01699	-0.66224
1.56858	0.521068
-0.636759	-0.868627
-0.202209	-0.424173
-0.14789	0.143433
-0.767124	-0.281872
-0.615032	-0.978569
-0.940944	0.00451959
3.21987	0.499837
-0.734533	-0.361604
-0.658487	-0.403729
-0.223937	0.225204
0.221477	-0.451989
0.971075	0.614163
-0.701941	-0.260597
0.612572	0.540477
-0.332574	-0.2634
4.07811	0.25337
-0.082708	0.132651
0.84071	0.066248
2.65496	0.265404
-1.03872	-0.68807
-0.245664	-0.240782
-0.343438	-0.173113
0.221477	0.154361
1.18835	0.123178
-0.832306	-0.70146
0.525662	-0.125341
0.395297	-0.222332
0.351842	0.498851
0.547389	0.47451
0.362706	0.0622107
1.6229	0.506588
0.818983	0.431024
0.0367932	0.283578
-0.419484	0.0255345
-0.0935718	0.582815
0.992803	0.345947
-0.0283893	0.170318
-0.343438	0.281226
-0.14789	0.113366
2.77446	0.463689
0.254068	0.443273
-1.03872	-0.779742
-0.213073	0.353401
0.547389	0.194201
1.15576	0.381126
-0.213073	0.615469
-0.951808	-0.257393
-0.571577	0.025177
-0.517258	-0.116611
0.243204	0.37909
-0.0175256	0.256174
-0.289119	-0.0743137
-0.962671	0.34596
0.145431	-0.111649
0.373569	0.294729
0.254068	-0.234952
0.960212	0.508274
-0.680214	-0.887327
-0.908353	-0.659928
-0.419484	0.424983
-0.278255	0.321178
0.634299	0.25142
-0.723669	-0.0766894
-0.810579	-0.513094
1.21008	0.0955159
0.449616	0.131317
-0.625895	-0.479087
-0.897489	-1.17565
0.601708	0.256978
0.232341	0.316333
-0.93008	0.284739
-0.365165	0.155244
-0.593304	-1.18771
-0.832306	-0.139296
-0.75626	0.389872
-0.680214	0.265414
-0.58244	-0.375467
-0.180482	0.274505
4.50179	0.280869
2.1009	0.269948
1.10144	0.440834
0.482207	0.656029
1.66636	0.530103
-0.549849	-0.0816842
2.18781	0.440233
-0.940944	0.38744
-1.01699	-0.843612
-0.625895	0.0450068
-0.984399	-1.53557
5.11016	0.510319
1.63376	0.529243
1.93795	0.0906736
0.221477	-0.551148
-0.571577	0.26491
-0.615032	0.00759312
-0.039253	-0.191421
-0.14789	0.303656
0.145431	0.288159
-0.799715	0.408546
-0.213073	0.0603726
0.254068	0.188097
-0.32171	-0.440914
-0.376029	0.496848
-0.386893	-0.0704569
-0.430348	-0.700947
-0.560713	0.268699
-0.267392	0.137619
-0.158754	-0.0231904
0.884165	0.510605
-0.810579	0.448716
1.15576	0.238709
0.0367932	0.523613
-0.940944	-0.438428
-0.875761	-1.66735
-0.354302	-0.388675
-0.919216	-0.954437
0.427888	-1.01106
-0.14789	0.0651152
-0.593304	-0.604002
-0.2348	0.164965
-0.245664	0.145946
0.00420194	0.235413
-0.658487	-0.117942
-0.0501168	0.120172
-1.03872	-1.03613
-0.137027	0.299645
1.79672	0.534962
-0.332574	0.120375
2.01399	0.674295
-0.854034	-1.64041
-0.452075	0.219241
2.51373	0.649904
-0.973535	-0.706162
1.23181	0.14824
-0.202209	0.178954
0.0693844	-0.19179
0.0911119	0.0615922
0.449616	-0.212465
-0.658487	-0.234369
-0.299983	0.302818
-0.14789	-1.91824
-0.202209	-0.282736
-0.376029	-0.0529206
3.11123	0.444103
0.0585207	0.164636
-0.908353	-0.181041
0.319251	0.272137
-0.84317	0.352039
0.112839	0.294836
-0.908353	-0.620841
-0.962671	-0.423627
-0.538985	0.304921
-0.441212	0.406613
1.15576	-0.857807
-0.462939	-0.777439
-0.984399	-0.10033
1.57945	0.247381
-0.180482	0.342864
-0.864898	-0.139868
-0.810579	0.0528828
-0.84317	0.111011
-0.376029	-0.292503
-0.886625	-0.334409
-0.93008	-0.27564
-0.734533	-0.305186
0.0367932	0.723096
-0.93008	-1.04476
1.85104	0.231553
-0.940944	-0.403178
1.15576	0.0681509
0.286659	0.698025
-0.810579	0.120298
2.91569	0.440384
-0.832306	-0.000353694
1.69895	-0.0692707
-0.691078	-1.17235
1.59031	0.598538
-0.680214	-0.899577
2.60064	0.374178
0.786392	-0.28695
0.0802482	0.07194
0.916757	0.0628372
-0.299983	1.14326
-0.452075	0.143977
0.482207	0.133163
-0.191345	0.31156
-0.278255	-0.116636
3.64356	0.669306
-0.0283893	0.567928
0.188886	0.420061
-0.549849	-0.230549
-0.701941	-0.64454
0.7538	0.430312
1.23181	0.362659
0.373569	0.325648
-0.712805	-0.495938
-0.441212	0.108452
-0.940944	0.0958893
0.949348	0.215791
-0.919216	-0.265307
-0.951808	-0.527249
-0.169618	0.52563
-0.886625	0.0892147
-0.723669	-1.19711
-0.0609805	0.0769527
2.44854	0.526609
-0.560713	0.0688838
1.90536	0.748895
-0.58244	-0.413413
-0.397757	-0.207694
0.938484	0.368344
-1.02785	-0.150758
-0.93008	-0.857976
-0.93008	-0.176876
-0.799715	-1.68988
-0.799715	0.0352387
0.438752	0.263464
-0.908353	-0.866938
-0.897489	-0.935798
-0.213073	0.562653
0.851574	0.333024
-0.897489	-0.253825
1.69895	0.525116
0.395297	0.306732
-0.549849	0.427833
0.264932	-0.0864715
-0.593304	-0.119841
-1.00613	-0.714919
-0.310847	0.450296
1.05799	0.312714
-0.549849	0.170192
0.384433	0.486631
0.873302	0.369576
-0.202209	0.254996
-0.397757	0.571853
-0.940944	-0.209722
-0.799715	0.691711
-0.734533	-0.569899
-1.01699	-0.800012
-0.256528	0.207764
-0.267392	0.926539
-0.951808	-0.527249
-0.777988	-1.02045
0.178022	-0.342636
-0.386893	-0.00772902
1.55772	0.484166
0.297523	0.222819
2.11177	-0.634003
-0.897489	0.597507
-0.473803	-0.338098
-0.723669	-0.575244
0.297523	0.56215
-0.66935	0.13397
-0.93008	-0.227985
1.1449	0.165625
-1.03872	-1.20101
2.01399	0.357721
-0.0609805	0.404883
-0.897489	-0.869766
-0.2348	-0.507444
0.525662	0.7469
0.395297	0.202258
0.471343	-0.0689197
-0.604168	0.283206
-0.538985	0.374455
0.764664	1.2971
-0.039253	0.0754492
-0.245664	0.434022
0.264932	0.207482
-0.973535	-0.11578
-0.712805	0.364175
-0.571577	0.025177
1.65549	0.336866
-0.940944	0.105209
-0.864898	-0.302507
0.49307	0.404121
-0.604168	-0.553522
0.406161	0.344768
-0.191345	0.409237
-0.180482	-0.0673453
1.12317	-0.949708
-0.66935	-0.0986107
-0.191345	-0.216352
-0.517258	-0.219508
-0.951808	-0.786911
-0.625895	-0.236033
-0.767124	-0.331571
-0.332574	0.453888
-0.506394	-0.364853
-0.115299	-0.0651823
-0.538985	0.418896
0.0259294	0.0985915
-0.897489	0.194392
0.601708	0.0645525
0.0911119	0.682006
0.0150657	0.318488
0.167158	0.322596
-0.962671	-0.265275
-0.93008	-0.203371
-0.40862	0.275811
2.03572	0.349794
0.677754	0.102693
-0.897489	-0.534827
-0.875761	0.366992
-0.310847	0.554155
0.221477	-0.489999
2.76359	0.627496
0.851574	0.474471
-0.180482	0.35191
-0.0283893	-0.361894
0.319251	0.202346
-0.441212	-0.64143
0.0693844	0.144957
-0.951808	0.174874
-0.93008	0.0942211
-0.864898	-1.04673
-0.886625	-0.222635
-0.14789	0.341041
-0.908353	-0.829927
-0.919216	0.329301
0.00420194	0.266375
-0.104436	0.0742421
4.20847	0.701399
-1.00613	-1.01017
-0.875761	-0.491292
-0.951808	-0.686708
0.818983	0.319275
-0.875761	-1.07858
0.178022	-0.815991
-0.169618	0.354407
-0.701941	-0.133207
-0.158754	0.467044
-0.223937	-0.0710578
-0.32171	-0.561716
0.112839	0.103794
-0.799715	-0.259428
-0.267392	0.280735
-0.430348	0.370387
-0.2348	-0.353911
-0.593304	0.258793
-0.712805	-0.249287
-0.734533	0.0155616
-0.854034	0.892314
-0.0501168	0.414497
-0.973535	-0.719511
-0.854034	-0.151842
-0.897489	-0.64115
-0.615032	-0.150591
-0.40862	0.42224
2.07918	0.495714
1.2644	0.429847
-0.0718443	-0.487464
-0.549849	-0.435153
0.145431	0.528423
-0.245664	0.165919
0.167158	0.108091
-0.777988	0.220536
-0.223937	0.337699
1.05799	0.325088
0.286659	0.358314
-0.49553	0.550845
-0.593304	0.0585421
-0.864898	-1.54582
-0.256528	-0.167738
1.29699	0.302699
-0.430348	-0.432271
0.0259294	-0.228128
-0.376029	0.221254
-0.082708	-0.291202
-0.137027	-0.384637
0.57998	-0.62622
-0.680214	-0.323114
3.69788	0.673624
-0.886625	-0.332226
0.601708	0.367748
1.66636	0.304075
1.15576	0.328234
-0.0718443	-0.223859
-0.202209	-0.0447818
0.49307	0.373242
-0.777988	0.305879
-0.951808	-0.699079
0.145431	0.41958
-0.376029	-0.642907
-0.278255	0.110593
-0.886625	-0.534411
-0.115299	0.521194
-0.951808	-0.368462
-0.854034	-0.425337
-0.93008	-1.28251
1.82931	0.346739
-0.593304	0.314845
-0.538985	-0.280506
0.319251	0.0570539
-0.940944	-0.862739
2.41595	0.256575
2.55718	0.618882
-0.647623	0.22072
-0.647623	-0.607296
-0.506394	0.443233
-0.691078	-0.125191
2.02486	0.561146
0.308387	0.25046
-0.625895	0.283256
0.482207	0.43776
-0.58244	-0.504977
-0.93008	-0.830937
-0.919216	0.180779
-0.202209	-0.0212883
-0.940944	0.256109
0.232341	0.0105324
-0.397757	0.0346728
-0.104436	-0.0783207
-0.962671	-0.462218
0.938484	0.02801
-0.0609805	0.0652077
-0.897489	-0.437872
-0.397757	0.356574
-0.2348	-0.451874
2.11177	0.547449
0.286659	-0.0409957
-0.886625	-0.203756
0.558253	0.338101
-0.75626	0.118112
-0.788851	-0.664603
-0.875761	-0.445645
1.61204	0.311903
-0.0283893	0.709899
1.16662	0.502117
-0.191345	0.297328
-0.0609805	-0.432815
0.514798	0.43109
0.417024	0.199017
-0.169618	-0.288554
0.590844	0.205475
0.178022	0.213877
1.09058	0.271744
-0.919216	-0.0912942
-0.995263	-1.61237
-0.875761	-0.600411
-0.104436	0.0437245
-0.767124	-0.469507
0.0476569	0.274351
-1.00613	0.479969
-0.919216	-0.0234779
0.503934	0.182257
0.319251	0.402732
1.3839	0.538879
-0.886625	-0.655455
0.688618	0.457462
0.514798	0.239813
-0.365165	0.475008
-0.365165	-0.358788
2.50286	-0.0238888
-0.376029	-0.0260167
-0.549849	-0.307585
-0.745396	-0.387614
-0.473803	0.265509
-0.430348	-0.784972
-0.386893	0.521537
0.0693844	0.486054
0.275796	0.23435
-0.615032	-0.559954
-0.691078	-0.491884
-0.810579	-1.59829
-0.767124	0.218596
-0.734533	-0.510168
0.406161	-0.175954
-0.354302	-0.421288
-0.940944	-1.25385
-0.180482	-0.631423
0.0585207	0.345791
-0.908353	-0.465433
-0.875761	-0.384371
1.05799	0.341612
-0.767124	-1.09506
0.0802482	-0.114942
1.41649	-0.229516
0.319251	0.271153
0.514798	0.491356
-0.875761	-0.137247
-0.821443	-0.743002
-0.767124	0.0330412
-0.854034	-0.105392
-0.84317	-0.326561
-0.625895	-0.0284577
0.514798	0.189196
-0.0501168	0.0240692
-0.560713	0.384189
-0.202209	0.312726
-0.202209	-0.218658
-0.93008	-0.0683009
-1.00613	0.165308
3.19814	0.41056
1.28612	0.472336
-0.940944	-0.748953
0.808119	0.109038
-0.777988	-0.17255
-0.0609805	0.176592
-0.658487	-0.37171
-0.636759	0.106675
-0.615032	-0.492559
1.03626	0.533744
-0.821443	-0.657689
2.48114	-0.0944405
-0.180482	-0.0483953
0.178022	0.399411
-0.538985	-0.426994
-0.832306	-0.467067
1.61204	0.701558
-0.636759	-0.919177
-0.712805	0.114213
0.0476569	0.145631
1.05799	-0.0572404
0.786392	0.593477
0.960212	0.316128
-0.962671	-0.543164
-0.66935	-0.549555
1.23181	0.380705
0.0693844	-0.439887
-0.40862	-0.111201
-0.799715	-0.0413994
-0.984399	0.2858
-0.571577	-0.320391
0.677754	-0.237264
-0.66935	0.371186
0.634299	0.44674
-0.832306	0.426092
-0.908353	-0.755962
-0.93008	0.245809
-0.593304	0.564876
0.275796	0.0338681
1.87277	0.63409
0.438752	0.467196
-0.84317	-0.403452
-0.940944	-0.806543
0.123703	0.386194
-0.354302	0.312772
1.2644	1.16013
-0.441212	0.305206
0.123703	0.352525
0.112839	0.349509
0.981939	0.551644
-0.75626	0.228545
1.18835	0.201595
-0.658487	-0.000263447
0.101976	0.463706
0.49307	0.145425
2.39423	0.396363
1.49254	-0.0150758
-0.506394	0.532771
2.14436	0.479844
-0.397757	-0.306539
0.123703	-0.327083
0.884165	0.136979
-0.419484	0.488965
0.134567	-0.0441616
-0.560713	-0.127449
1.1123	0.416037
0.0802482	0.00757512
2.05745	0.0489676
-1.00613	-0.629801
0.547389	0.23932
0.00420194	-0.081635
0.699482	0.181317
-0.32171	0.175539
-0.310847	0.333112
0.656027	0.0163975
-0.517258	-0.565154
-0.897489	-0.38331
-1.01699	-1.52047
1.04712	0.742981
-0.66935	-0.751384
2.05745	0.0489676
-0.289119	0.00361306
0.406161	0.757646
-0.864898	-0.473047
0.308387	-0.49692
-0.441212	-0.953883
-0.593304	-0.23945
-0.951808	0.255135
0.84071	0.0709819
-0.636759	-0.106704
-0.58244	-0.251607
1.69895	0.439271
-0.777988	-0.188135
-0.647623	0.399405
-0.58244	0.411055
-0.777988	-0.856008
-0.0935718	0.116985
-0.799715	0.0298995
0.905893	0.215585
3.02432	0.629101
0.721209	0.441995
1.66636	0.337198
-0.560713	0.0519676
-0.962671	-0.645601
-0.039253	0.563045
-0.886625	0.30908
-0.452075	-0.571601
-0.528122	-0.530867
-0.767124	-0.726526
-0.0501168	-0.125407
-0.49553	-0.287793
-0.082708	-0.302182
-0.962671	-0.520355
0.427888	0.164949
-0.875761	-0.315585
1.90536	0.340247
-0.289119	0.0350447
0.0367932	0.834875
-0.354302	0.19781
4.14329	0.690724
-0.723669	-0.66224
-0.245664	-0.22616
1.36217	0.351272
-0.137027	0.299645
2.1009	0.115847
0.797255	0.0114055
-0.767124	0.46501
-0.49553	0.280857
-0.951808	-0.444314
-0.723669	-0.217508
0.340978	-0.564602
0.66689	0.119695
-0.767124	-0.0498142
-0.908353	-0.932849
0.0476569	0.185382
-0.158754	0.396539
-1.00613	-0.408324
-0.267392	0.365579
-0.799715	-0.274833
0.384433	0.421539
-0.908353	-0.344141
-0.854034	-0.0145031
-0.517258	0.451118
0.721209	0.0205503
0.514798	0.234701
0.112839	0.135512
-0.517258	-0.683516
-0.169618	-0.671026
-0.299983	0.668137
-0.995263	0.0105309
-0.310847	0.282942
-0.832306	-0.457075
-0.658487	-0.642442
1.53599	0.199993
3.3611	0.826616
-0.0175256	0.428017
-0.376029	-0.0599631
0.960212	0.409634
-0.712805	-0.11028
-0.864898	-0.455849
-0.202209	0.370186
1.45994	0.512014
-0.354302	0.0765957
-0.777988	0.137485
-0.593304	0.0359323
-0.864898	0.266123
0.895029	-0.311594
-0.701941	0.382581
-0.278255	-0.336205
-0.115299	0.401308
-0.00666181	-0.358916
-0.571577	-0.36798
-0.962671	-0.0166191
-0.832306	0.0619759
-0.2348	0.292691
-0.875761	-1.50965
-0.158754	0.330763
-0.473803	0.0935779
0.645163	0.842785
0.308387	0.409767
-0.310847	0.0822979
1.3839	0.592656
1.48167	0.520233
-0.202209	0.461004
0.427888	0.123223
-0.126163	0.1837
0.905893	0.260738
0.264932	-0.0871013
-0.506394	0.238062
-0.886625	-0.375963
-0.528122	-1.43417
-0.115299	0.328669
0.601708	-0.111286
-0.810579	-0.833116
0.449616	0.324444
-0.984399	0.114781
-0.397757	-0.642289
1.1123	0.378468
-0.158754	0.448987
0.123703	-0.0403492
1.32958	0.400659
0.569117	0.597406
-0.864898	-0.695159
-0.951808	0.210897
-0.886625	-0.44341
-0.289119	0.336501
-0.278255	0.357978
-0.386893	-0.485216
2.75273	0.257173
-0.528122	-0.303697
-0.93008	-0.638677
-0.202209	-0.102916
-0.365165	0.0564577
4.1107	0.607395
-0.0283893	0.349589
0.92762	-0.166004
-0.908353	-0.205783
-0.886625	-0.334409
0.7538	0.322569
-0.00666181	0.224657
-0.484667	-0.205566
-0.484667	-0.384268
-0.299983	-0.442839
-0.256528	-0.941952
-0.940944	0.0919438
0.710345	0.000556582
-0.397757	-0.27937
-0.473803	0.186592
0.601708	0.57622
-0.897489	-0.774281
1.36217	0.552728
0.286659	0.251101
-0.810579	-0.989394
0.0150657	0.513034
0.0259294	-0.004874
-0.854034	-0.339421
1.43822	0.473943
-0.647623	-0.427155
-0.897489	0.264797
-0.40862	0.120198
-0.49553	0.155798
-0.734533	-0.448701
-0.973535	-0.587348
-0.278255	0.39931
1.99227	0.306878
-0.115299	-0.512105
-0.00666181	-0.105884
2.15522	0.338131
0.971075	0.273454
-0.777988	0.36807
1.7424	0.281033
0.199749	0.240642
-0.84317	0.352039
0.00420194	0.275703
0.569117	0.433353
0.232341	-0.552008
0.482207	0.142588
1.02539	0.357459
0.384433	-0.751305
-0.462939	0.232499
-0.430348	0.119009
0.330114	0.347588
-0.14789	0.143433
-0.115299	0.0937307
-0.202209	-0.701778
-0.430348	0.300212
1.02539	0.533497
-0.962671	-0.658657
-0.14789	-0.645884
-0.158754	0.418633
-0.126163	0.182789
0.808119	0.136075
0.0367932	0.243968
-0.604168	0.512336
0.427888	0.357132
-0.84317	-0.109377
-0.473803	-0.534875
0.514798	0.466666
0.254068	-0.000594561
1.91622	-0.27554
0.0150657	0.213359
-0.462939	-0.0587671
-0.169618	0.357396
-0.0935718	-0.416459
0.471343	-0.361541
-0.940944	-0.594218
-0.636759	0.011379
0.427888	0.297869
-0.767124	0.338549
1.23181	0.0581176
-0.082708	0.312342
-0.604168	0.399465
-0.723669	0.0716213
3.05691	0.385021
-0.886625	0.139299
-0.115299	0.206699
-0.93008	0.219743
-0.593304	-0.165528
0.710345	0.238104
-0.430348	-0.333483
1.70981	0.367006
-0.940944	-0.503197
1.10144	-0.499102
1.24267	0.714313
-0.864898	0.0743377
3.10037	-0.65965
0.449616	0.495134
-0.441212	0.380988
-0.919216	-0.728215
-0.169618	0.445312
-0.549849	0.131825
-0.919216	-0.51733
-0.854034	0.512122
-0.810579	-0.685687
-0.213073	-0.318347
-0.256528	0.388444
0.482207	0.074235
0.775528	-0.475121
-0.354302	-0.00715676
0.818983	0.462749
0.634299	0.504696
-0.940944	-0.779992
-0.625895	-0.132156
1.55772	0.490791
0.373569	-0.0180938
1.1123	0.599473
-0.875761	-0.799097
-0.104436	0.177422
4.54525	0.611849
0.406161	0.125289
-0.14789	0.0700667
-0.58244	0.4157
-0.788851	-0.913507
0.188886	0.304737
-0.082708	0.351549
0.0911119	-0.20609
0.732073	-0.0357996
-0.58244	-0.371099
-0.571577	0.293191
1.30785	0.457401
-0.223937	-0.266369
-1.00613	-0.25787
0.134567	0.188749
1.85104	-0.226441
0.0476569	0.305543
1.1123	0.643373
-0.593304	-0.230549
1.42735	-0.00437505
-0.75626	0.17136
-0.723669	-0.20226
-0.897489	-0.648612
-0.0501168	0.511611
0.308387	1.00775
-0.191345	0.23886
2.57891	-0.0128897
0.221477	0.0499715
-0.864898	-0.818532
-0.386893	0.000332791
-0.299983	0.0253792
0.395297	0.467002
-0.84317	0.416084
1.8619	-0.174241
3.4806	0.156166
0.851574	0.176852
-0.484667	0.0827482
0.0476569	0.411268
-0.2348	0.274199
-0.897489	-0.0414818
2.01399	0.331104
-0.126163	-0.314403
-0.701941	0.348914
-0.84317	0.193841
-0.908353	-0.0461897
-0.49553	0.296699
-0.984399	-0.151563
-0.680214	0.12697
-0.973535	-0.215618
-0.343438	0.520538
-0.745396	-0.946423
-0.58244	0.371383
-0.821443	-0.546099
-0.875761	-1.3195
-0.365165	-0.0572275
-0.386893	-0.180626
-0.2348	-0.00821442
-0.58244	0.19751
0.362706	0.0331531
-0.245664	0.195798
-0.897489	-0.410056
-0.32171	-0.681264
1.2644	0.490157
-0.93008	-0.155883
-0.973535	0.359333
-0.973535	0.171035
-0.528122	0.0556725
-0.0718443	0.199806
0.145431	0.373938
0.960212	-0.43624
0.873302	0.429604
-0.625895	0.094822
-0.897489	-0.5592
-0.40862	0.391658
1.40563	0.318329
-0.430348	-0.918402
1.64463	0.141309
-0.799715	0.177687
-0.517258	0.279461
-0.169618	0.104985
-0.354302	-0.0997599
0.0802482	-0.960142
1.9814	0.0186193
-0.897489	0.0815039
0.0259294	-0.414787
-0.419484	0.0914301
-0.745396	-0.558855
-0.158754	0.875372
-0.484667	0.279642
0.112839	0.238059
0.232341	-0.996023
0.66689	0.645371
-0.799715	0.259855
-0.767124	-0.215003
0.57998	0.34141
-0.560713	0.101974
-0.962671	-0.448383
-0.354302	-0.449598
-0.940944	-0.653734
-0.951808	-0.985444
0.340978	-0.132075
2.03572	0.348473
-0.517258	0.461238
-0.658487	0.51115
2.92655	0.648767
-0.386893	0.184351
-1.01699	0.136215
-0.310847	0.142914
-0.549849	-0.191063
2.90482	0.477177
6.23999	0.738895
-0.202209	0.0964304
-0.788851	-0.00801637
-0.223937	0.0533098
-0.919216	-1.60343
1.99227	0.306878
-0.571577	0.448271
-0.821443	-0.340967
0.0259294	-0.171025
-0.854034	0.373497
-0.897489	-0.345702
-0.00666181	-0.326604
-0.49553	0.137445
-0.940944	-0.737376
0.178022	0.0196866
1.63376	-0.401589
0.873302	0.115142
-0.864898	-0.0260756
-0.951808	-0.470894
1.41649	0.458135
-0.615032	0.401312
1.15576	0.470452
1.00367	0.293426
-0.93008	-0.711677
1.02539	0.0627522
0.0367932	0.149293
-0.549849	0.0889668
3.2416	0.4604
-0.158754	-0.662655
1.45994	0.32328
-0.886625	-1.79727
0.319251	-0.805352
0.818983	0.446136
-0.951808	-0.189234
-0.430348	-0.576179
0.590844	0.158582
0.275796	0.510764
-0.365165	-0.709857
-0.310847	0.160877
-0.647623	0.514324
-0.940944	-0.999148
-0.93008	-0.579555
1.23181	0.437159
-0.2348	-0.0419872
0.210613	1.21218
0.395297	0.477727
-0.745396	-0.432342
0.264932	-0.0864715
-0.832306	0.00655173
-0.897489	-0.336906
-1.00613	-0.782894
0.134567	-0.0444483
-0.0718443	0.359511
-0.701941	0.302442
0.00420194	0.379568
0.547389	0.496128
-0.962671	-0.793292
2.93741	0.406133
-0.93008	-0.0414754
-0.310847	-0.247683
-0.973535	-0.552458
-0.854034	0.196231
-0.104436	0.504974
0.156294	-0.13429
-0.799715	0.40487
-0.75626	-0.771384
0.971075	0.338151
1.23181	0.499649
-0.908353	-0.224889
-0.919216	-1.25625
-0.973535	-2.37699
-0.397757	-0.618881
1.88363	0.416062
-0.93008	-1.31852
0.384433	0.721617
0.112839	0.458198
-0.897489	-0.94507
0.188886	-0.667655
-0.289119	-0.316093
0.449616	0.449829
-0.886625	-0.694766
0.167158	0.11423
-0.886625	-0.655455
2.00313	0.640569
-0.919216	-0.284762
-0.93008	-1.09774
-0.625895	-0.342399
-1.03872	-0.381699
-0.126163	0.176941
-0.549849	0.325814
-0.158754	0.414434
-1.00613	-0.451429
-0.462939	-0.0587671
-0.082708	0.375349
-0.951808	-0.325855
-0.560713	-0.168104
0.873302	0.0211947
-0.441212	0.0010341
0.286659	0.230866
-0.875761	-1.39922
0.178022	-0.286314
0.319251	-0.805352
-0.202209	0.0797648
-0.886625	-0.555293
-0.647623	-1.1814
-0.213073	0.138457
-0.430348	-0.170715
0.0150657	-0.0693527
2.09004	0.503355
-0.962671	0.401836
-0.397757	0.566743
-0.723669	-0.0394899
-0.93008	-0.670942
1.22094	0.370443
0.57998	0.790231
-0.365165	0.559894
-0.897489	-0.365965
0.286659	-0.0112769
-0.832306	0.266599
0.254068	0.502952
-0.419484	-0.298133
-0.397757	-0.0269506
0.438752	-0.276012
-0.549849	0.0464808
-0.962671	-0.839607
0.167158	0.426379
-0.571577	0.11138
-0.441212	0.148945
-0.821443	0.0542462
-0.0501168	-0.125407
1.03626	-0.129434
0.449616	0.337483
-0.919216	-0.747232
1.7424	0.434868
-0.473803	0.410072
0.732073	0.667485
-0.734533	0.879316
-0.799715	-0.113731
0.101976	0.615388
1.05799	0.405855
0.57998	0.366073
-1.03872	-1.09827
0.297523	0.518927
-0.0718443	0.0339022
0.514798	-0.669187
3.3611	0.3811
-0.908353	-0.555076
1.57945	0.38828
-0.604168	-0.646825
0.84071	0.343514
3.21987	0.499837
1.42735	0.512424
-0.940944	-0.310252
-0.039253	0.208411
0.862438	0.389294
-0.0283893	0.15664
-0.615032	0.47929
0.0585207	0.104051
-0.484667	0.418576
-0.419484	-0.679267
-0.84317	-0.0646366
-0.0175256	0.346789
-0.821443	-1.32543
0.210613	-0.0741703
-0.919216	-0.82179
-0.604168	0.0978546
-0.223937	0.0417651
-0.799715	0.0326128
-0.14789	-0.645884
-0.299983	-0.301277
1.9814	0.463903
-0.93008	-0.233075
-0.810579	-0.98507
-0.473803	-0.0297064
-0.343438	-0.389424
-0.832306	0.425229
-0.897489	0.193708
-0.310847	0.0587918
2.55718	0.62671
-0.213073	0.190269
-0.202209	0.0686051
0.699482	0.155004
0.49307	0.320306
-0.962671	-0.274241
0.221477	0.540702
0.0150657	-0.15303
0.362706	-0.440528
-0.75626	0.17136
0.145431	-0.203742
0.178022	-0.272429
-0.332574	-0.268782
-1.01699	-0.556646
-0.376029	0.284372
0.66689	0.0786085
-0.517258	0.226895
-0.625895	-0.621485
0.710345	0.516515
1.03626	-0.039834
-0.49553	-0.506607
0.264932	-0.323184
0.156294	0.44097
-0.604168	-0.0872054
2.76359	0.425019
-0.625895	0.141891
-0.354302	-0.0702999
0.210613	0.0988963
1.24267	0.579215
1.18835	-0.316818
-0.799715	0.408546
-0.430348	-0.738701
-0.528122	0.489286
0.0476569	0.425746
-0.973535	0.171035
0.221477	-0.715573
-0.810579	-0.733781
-0.158754	0.489464
-0.919216	-0.326687
1.1449	0.25051
-0.245664	-0.174643
0.775528	0.632431
-0.854034	-0.35701
-0.213073	0.387024
-0.712805	-0.264798
-0.951808	-0.335559
-0.104436	-0.0838853
-0.571577	0.153362
-0.658487	-0.318475
-0.0609805	-0.0202098
-0.734533	0.111436
-0.658487	0.0395112
-0.995263	-0.222637
-0.734533	-0.684596
0.0476569	-0.930806
0.362706	-0.602021
-0.919216	-0.618002
-0.604168	-0.310929
0.362706	-0.480029
-0.984399	-0.623058
-0.821443	-0.0795708
0.0585207	0.468189
-0.984399	-0.79885
0.243204	0.20878
-0.169618	0.299061
-0.84317	-0.167939
-0.0935718	-0.17087
1.84017	0.642426
2.65496	0.0516208
1.90536	0.309188
0.732073	-0.300793
-0.832306	0.226604
-0.908353	-0.71674
-0.875761	-0.452911
-0.256528	0.439555
-0.517258	-0.45598
-0.58244	0.20074
-0.14789	0.0516596
-0.647623	-0.149223
-0.397757	-0.591139
-0.0609805	0.0551585
1.63376	0.44438
-0.745396	-0.070134
-0.810579	-0.245842
-0.517258	-0.128844
0.0802482	0.196026
0.134567	0.379019
3.08951	0.576952
-0.14789	-0.114512
0.460479	0.222205
1.17749	0.176841
-0.354302	0.410742
-0.886625	-0.389573
-0.951808	-0.66179
0.514798	0.273871
-0.615032	-0.482083
-0.430348	-0.107025
-0.951808	-0.618966
2.31818	0.461581
0.199749	0.121897
-0.615032	-0.593813
-0.343438	0.0166975
0.797255	0.622969
0.101976	0.485493
2.01399	0.254676
0.525662	-0.132303
0.92762	-0.269641
-0.278255	-0.38057
-0.256528	0.255139
0.243204	0.252959
0.199749	0.429299
-0.528122	-0.204081
-0.365165	-1.1393
-0.886625	-1.07181
0.427888	-0.0919304
-0.636759	-0.563993
0.210613	0.506084
-0.854034	-0.475109
0.449616	0.317775
2.38336	0.514393
-0.615032	0.400314
-0.365165	-0.481279
-0.0175256	-0.350354
-0.278255	-0.26586
-0.115299	0.140031
-0.397757	0.137321
-0.680214	0.247407
-0.875761	-1.556
0.232341	0.255644
0.427888	-0.0919304
0.340978	0.637289
-0.93008	-0.0926195
0.7538	0.411132
0.449616	-0.134798
-0.951808	-0.535711
2.39423	0.527346
-0.951808	0.269876
0.0150657	0.36721
-0.604168	-0.801642
0.732073	0.488853
1.21008	0.243596
-0.712805	-0.0550806
-0.14789	0.262664
-0.473803	-0.14513
-0.864898	0.143129
-0.14789	0.523398
-0.940944	-0.704563
-0.84317	0.503263
0.0802482	0.388027
0.438752	-0.50114
1.23181	0.499649
-0.723669	-0.506092
1.84017	0.611868
1.67722	0.274928
-0.93008	-0.89709
-0.723669	0.263431
2.41595	0.559388
0.417024	0.199017
-0.821443	0.510636
-0.897489	-0.259866
-0.712805	0.309719
-0.973535	-0.740262
1.9814	0.546304
2.57891	0.892061
-0.658487	0.133289
-0.897489	-0.565398
1.02539	-0.235915
-0.799715	0.345223
0.786392	0.540807
1.19921	-0.0429867
0.57998	0.711639
0.818983	0.347228
-0.973535	-1.4792
0.623435	0.691137
-0.832306	-0.518695
-0.788851	-0.0404319
-0.560713	-0.0713489
-0.0283893	0.433867
-0.299983	0.140524
-0.777988	0.282763
0.634299	0.74691
-0.66935	-0.511478
0.0259294	-0.171025
-0.0609805	-0.476979
2.51373	0.387263
0.308387	0.00852573
-0.897489	-0.293024
-0.788851	-0.287638
-0.180482	0.695975
1.24267	0.159881
-0.137027	-0.0231789
0.199749	0.43452
-0.636759	0.0362718
-0.832306	-1.43888
-0.745396	-0.107277
-0.832306	-0.937539
-0.354302	0.0606033
-0.84317	-0.924035
-0.452075	-0.0604994
0.742937	-0.115958
-0.223937	-0.0899641
-0.701941	-0.491516
-0.777988	-0.966033
-0.984399	-0.530643
-0.712805	-0.661074
1.54685	0.474063
0.275796	0.415747
-0.191345	-0.247993
-0.984399	-0.185667
2.09004	0.503921
-0.299983	0.192676
-0.180482	0.293641
-0.191345	0.153008
-0.832306	-0.328709
0.677754	-0.21406
-0.2348	0.371701
-0.593304	-0.0661113
0.558253	-0.507936
-0.365165	0.365839
-0.723669	0.266425
-0.66935	0.499765
0.275796	0.153053
0.851574	-0.762355
0.884165	0.308797
-0.538985	-0.304269
-0.538985	-1.51669
0.134567	0.340052
-0.897489	-0.955922
-0.528122	0.499239
-1.01699	-0.642157
-0.517258	0.317126
-0.940944	-0.0898536
-0.821443	-0.977922
1.87277	0.086861
-0.430348	0.330691
-0.647623	-0.190846
0.895029	0.238484
2.1009	-0.0755878
0.264932	0.392268
-0.995263	-0.28944
3.52406	0.121326
-0.397757	-0.00903846
1.17749	0.269526
1.75326	0.541086
0.895029	0.686647
-0.310847	-0.233259
2.02486	-0.0319441
-0.832306	0.0783242
-0.658487	-0.0355633
-0.538985	0.613433
-0.951808	-0.420506
-0.202209	-0.518412
0.351842	-0.360091
-0.66935	0.0443387
-0.919216	0.415312
0.960212	-0.43624
-0.343438	0.204378
-0.0935718	-0.146688
1.1123	0.14611
0.221477	0.3434
-0.984399	-1.14586
-0.158754	0.413656
-0.799715	-0.174682
-0.940944	-0.485557
-0.452075	0.354955
-0.701941	0.407179
-0.854034	-0.509898
0.199749	0.168421
-0.278255	0.492349
-0.799715	0.409833
-0.75626	-0.0657769
-0.484667	-0.133816
-0.658487	0.202544
-0.397757	-0.136864
-0.473803	0.348969
-0.571577	-0.197786
-0.734533	0.0945032
-0.84317	0.420844
0.503934	0.0444245
-0.712805	-1.40115
1.06885	0.808329
-0.810579	0.491302
-0.680214	-0.408111
-0.691078	-0.40488
-0.691078	-0.145927
0.0802482	0.113305
-0.376029	0.367709
0.732073	-0.246956
-0.082708	0.0782681
1.93795	0.0906736
1.12317	0.252255
-0.289119	-0.53124
-0.191345	0.268457
1.04712	0.206126
-0.126163	0.143993
-0.951808	-1.55528
1.41649	0.407524
0.167158	0.213421
-0.625895	0.0900346
0.895029	0.0167512
-0.310847	0.427167
0.286659	0.602536
4.07811	0.45879
-0.158754	0.0933903
-0.658487	-0.70345
-0.40862	0.499592
-0.441212	0.034964
1.56858	0.273007
0.818983	0.370619
0.699482	0.389519
-0.126163	-0.0206916
-0.528122	-0.327548
-0.343438	-0.307212
-0.919216	-1.14946
-0.908353	-0.905125
-0.430348	0.370387
2.93741	0.00269478
-0.940944	0.209029
-0.538985	-0.0489951
0.00420194	0.573215
-0.821443	-0.122568
-0.691078	-0.0639145
-0.58244	0.336297
-0.354302	-0.523268
-0.93008	-0.702984
-0.864898	-0.173292
-0.962671	-0.445002
1.56858	0.794518
1.40563	0.286084
-0.538985	-0.260049
-0.267392	0.577776
-0.951808	-1.41749
-0.441212	-0.361476
0.134567	0.267287
-0.973535	-0.78101
2.77446	0.463689
-0.821443	-0.549835
-0.441212	-0.44121
-0.940944	-0.136442
-0.995263	-1.44742
1.29699	0.44887
-0.039253	0.384162
0.645163	0.449107
-0.115299	0.0659382
-0.0283893	-0.109092
0.351842	0.18443
0.308387	-0.391931
-0.745396	-0.992414
-0.0935718	0.0835923
-0.962671	-0.183561
-1.00613	-0.820801
1.48167	0.486845
-0.604168	0.401473
-0.245664	-0.0392552
-0.528122	0.198252
-0.419484	-0.139962
-0.169618	0.0822009
-0.528122	-0.660916
1.03626	0.309565
0.0150657	0.298729
0.873302	0.190562
-0.365165	-0.942434
-0.962671	-0.0966139
-0.951808	-0.907339
0.438752	-0.404774
0.00420194	-0.595156
0.688618	0.0313837
-0.75626	-0.416517
1.05799	-0.175981
0.0585207	-0.116745
-0.0283893	0.458744
-0.919216	0.25885
-0.940944	-0.754988
1.24267	0.390145
-0.430348	0.579915
0.569117	0.18072
0.264932	0.207482
-0.604168	-0.399082
-0.777988	-0.860052
-0.126163	0.15606
-0.115299	-0.407399
-0.973535	-0.531058
-0.647623	0.554514
-0.58244	-1.24489
0.514798	0.363688
1.57945	0.376659
0.145431	0.420549
-0.908353	-0.222245
0.0802482	0.417283
-0.202209	0.115918
-0.289119	0.27063
-0.343438	0.187766
0.536525	0.154732
0.851574	0.571448
-0.897489	0.0250154
0.123703	0.361885
-0.289119	-0.562839
-0.93008	-0.0678541
0.330114	0.10765
0.0476569	0.288376
0.590844	0.205475
-0.908353	-1.27985
-0.680214	-0.491
-0.810579	-0.0575378
-0.84317	-0.447086
-0.58244	-0.218412
-0.571577	0.281424
-0.951808	-0.726744
-0.745396	-0.946423
-0.854034	-0.515835
-0.973535	-0.64239
-0.734533	-0.838723
0.0150657	-0.309807
-0.115299	-0.0543535
-0.0718443	0.252812
-0.940944	-0.0853296
0.84071	0.158914
-0.560713	0.333107
0.308387	-0.701822
-0.528122	0.223379
-0.951808	-0.518825
-0.84317	0.132095
-0.723669	-0.196315
2.54632	0.420509
0.0693844	0.186723
-0.571577	-0.120084
-0.951808	-0.238313
-0.908353	-0.431898
-0.875761	-0.299996
-1.00613	0.403973
-1.03872	-0.853657
2.26386	0.382001
0.275796	0.678307
-0.462939	-0.271354
-0.701941	0.165073
-0.940944	-0.427088
-0.14789	0.438618
-0.0935718	0.062766
-0.940944	-0.828521
-0.723669	0.297158
-0.625895	-0.596186
-0.973535	0.505316
0.721209	-0.313556
-0.441212	0.512256
-0.430348	0.320565
0.569117	-0.335856
0.503934	0.371171
0.536525	0.154732
-0.647623	-0.217194
-0.75626	0.389872
0.145431	-0.184065
2.06831	0.395706
1.51426	0.479124
3.27419	0.55969
-0.636759	-0.139402
-0.821443	-0.768027
-0.647623	-0.953615
-0.386893	0.535919
-0.701941	0.201318
-0.365165	0.271162
0.319251	0.450107
0.134567	0.256965
-0.995263	-0.676314
-0.137027	0.278827
0.178022	0.390665
-0.32171	-0.971134
1.24267	0.163612
0.569117	-0.244426
-0.75626	0.329449
1.99227	0.407322
-0.126163	0.361743
1.16662	0.372523
0.536525	0.338918
0.243204	0.0740345
-0.66935	-0.131533
-0.788851	0.3112
-0.278255	-0.163765
0.797255	0.3394
1.32958	0.405216
-0.745396	-0.275016
3.08951	0.479791
0.851574	0.133486
-0.278255	0.323883
-0.0501168	0.299202
-0.962671	-0.533335
-0.821443	-0.385295
-0.66935	0.109815
-0.126163	-0.292924
-0.864898	0.180414
-0.636759	-1.03428
-0.517258	-0.00145397
-0.875761	-0.0750134
-0.647623	-0.363817
-0.66935	-0.245016
1.04712	0.536092
-0.84317	0.0432113
-0.854034	-0.262194
-0.0609805	-0.112018
-0.615032	-0.0121852
0.905893	0.304977
-0.571577	-0.577917
-0.213073	-0.647304
0.199749	-0.212862
0.112839	-0.566642
1.97054	0.0378655
0.438752	-0.208036
-0.571577	-0.638572
-0.593304	0.422652
0.0259294	0.321362
1.70981	0.304708
-0.484667	0.526414
0.145431	0.295153
-0.75626	-0.0657769
0.688618	0.373084
-0.14789	0.218766
-0.864898	0.298655
0.167158	0.114967
-0.854034	-0.198379
-0.245664	0.330452
1.16662	0.424379
-0.58244	0.121478
-0.832306	-0.00320385
-0.680214	0.112199
-0.647623	0.392665
-0.397757	0.029701
-0.104436	-0.0355169
0.134567	-0.143287
-0.897489	-0.68253
0.275796	0.1332
-0.169618	0.354407
1.21008	0.573057
-0.169618	0.445312
-0.2348	0.459113
-0.593304	0.0020292
-0.0175256	0.00662989
-0.680214	0.12697
-0.386893	0.28882
0.373569	0.308441
-0.75626	0.163469
-0.680214	-0.10968
2.33991	0.374333
2.32904	0.395749
-0.897489	-0.0854652
-0.810579	-0.0156757
0.297523	0.0193081
0.775528	0.55672
0.00420194	-0.087507
-0.810579	-0.751703
-1.03872	-1.00746
-0.40862	-0.582739
-0.386893	-0.652048
-0.875761	-0.219348
-0.647623	-0.149223
1.64463	0.478936
1.01453	0.82013
0.134567	0.373958
-0.886625	-0.454453
1.57945	0.422741
1.85104	0.344057
0.905893	-0.328576
-0.647623	0.521957
-0.2348	0.612988
-0.799715	-0.464208
-0.256528	0.597487
0.503934	0.254734
-0.32171	0.028212
-0.908353	-1.04276
-0.973535	-1.04773
0.0693844	-0.334217
-0.267392	-0.137017
-0.473803	0.00663514
-0.397757	0.187554
-0.310847	0.410404
0.243204	-0.471183
-0.777988	0.272446
-0.84317	-0.938412
1.03626	0.366681
-0.864898	0.131664
2.53545	0.61739
1.15576	0.545647
-0.365165	-0.772223
-0.66935	-0.117921
-0.604168	0.440802
-0.40862	0.202865
-0.875761	-0.188327
-0.647623	0.15643
-0.267392	0.679316
0.319251	0.105248
-0.452075	0.256232
0.0367932	0.278489
-0.0935718	0.561338
-0.951808	-1.28257
-0.0175256	0.383189
-0.506394	-0.157039
0.66689	0.135508
0.167158	0.0288355
1.47081	0.431503
-0.93008	-0.877247
0.797255	0.487183
0.905893	0.360674
-0.343438	-0.245681
0.460479	-0.305892
-0.528122	0.434123
0.808119	0.103641
-0.951808	0.22689
-0.365165	0.0564577
-0.810579	0.324836
-0.832306	0.614228
-0.267392	-0.798791
0.569117	0.469086
-0.723669	-0.264984
0.460479	0.446647
0.156294	0.102156
-0.332574	0.481597
-0.680214	0.181791
-0.343438	0.373692
-0.897489	-0.158149
1.68808	0.0617949
0.00420194	0.404066
-0.951808	-0.43116
-0.908353	-0.781869
0.101976	-0.214814
0.438752	0.46678
0.503934	0.0949484
0.732073	0.256423
0.254068	-0.0986915
-0.691078	0.505443
0.112839	0.0134785
-0.538985	0.240573
1.12317	0.3921
-0.962671	-0.79278
-0.951808	0.161887
-0.00666181	0.454767
-0.940944	0.16516
-0.2348	0.245616
1.53599	0.555015
-1.00613	-0.266516
0.992803	0.100497
-0.0283893	0.376952
-0.875761	-0.778886
-0.84317	0.192957
-0.66935	-0.60234
-0.777988	-1.02045
-0.691078	-0.53923
-0.908353	0.249526
-0.691078	0.119108
-0.680214	-0.980297
0.0693844	-0.0817703
-0.734533	-1.45701
-0.528122	0.0931747
-0.908353	0.498754
-0.864898	-0.619702
-0.386893	0.00229609
-0.332574	-0.697416
1.57945	0.607605
-0.0609805	0.38932
-0.484667	0.414751
0.471343	-0.0689197
-0.723669	-1.38954
0.254068	0.551238
-0.386893	0.281567
-0.84317	-0.287769
-0.289119	0.422481
-0.951808	-0.949774
-0.984399	-0.729632
-0.289119	0.144182
-0.0718443	-0.0615069
0.156294	-0.0770371
-0.299983	0.494089
2.20954	0.358243
0.656027	-0.0947779
-0.680214	0.523319
0.0259294	0.419188
-0.93008	-0.160648
-0.680214	-0.928957
-0.473803	0.261578
0.84071	-0.327965
-1.02785	-0.824067
0.786392	0.246508
-0.126163	0.27592
-0.0609805	0.415099
-0.419484	-0.0485035
1.28612	0.535836
-0.647623	0.307802
0.210613	0.415299
-0.821443	-0.0858999
-0.14789	0.0627453
-0.799715	-0.803026
0.57998	-0.295451
-0.951808	-0.256166
-0.245664	-0.0927647
0.873302	0.178425
1.87277	0.334703
2.32904	-0.0779761
-0.082708	-0.922527
1.49254	-0.237801
0.851574	0.0497247
-0.528122	0.077076
0.634299	0.223917
-0.310847	0.254325
-0.376029	0.336573
3.29592	0.17694
0.243204	-0.18894
-0.528122	-0.464002
-0.66935	-0.26524
1.02539	0.428539
0.330114	0.509044
1.75326	0.352819
-0.919216	-0.327238
-0.799715	-0.206041
-0.940944	-0.211597
-0.49553	0.287289
1.24267	0.634932
0.427888	-0.050726
0.971075	0.0122719
-0.84317	-0.312037
1.91622	0.679223
-0.0283893	0.609408
-0.223937	0.286702
0.319251	0.303912
-0.984399	-1.12776
-0.799715	-0.194766
-0.58244	0.375832
-0.517258	0.326155
-0.897489	-0.582555
-0.723669	-0.763502
-0.66935	0.181377
0.00420194	0.453933
-0.223937	0.0102632
-0.832306	0.614228
-0.940944	0.410495
-0.810579	0.279788
-0.484667	0.481159
0.112839	-0.442991
-0.854034	-0.247779
-0.962671	-1.6152
0.351842	0.243545
2.26386	0.235551
-0.788851	-0.488279
-0.940944	-1.13733
-1.00613	-0.408324
1.37303	0.364374
-0.810579	-0.510216
-0.680214	0.104277
-0.832306	-0.4265
-0.082708	0.40547
-0.0501168	0.329156
-0.0718443	0.318624
2.38336	0.493667
-0.213073	0.414581
-0.854034	0.0886546
-0.810579	-0.37495
-0.940944	0.308644
-1.00613	-0.896615
-0.647623	0.17776
-0.940944	-0.544149
-0.32171	0.240597
0.536525	0.426592
1.5034	0.566711
-0.799715	-0.580127
0.0259294	0.562641
-0.267392	0.192712
-0.973535	-0.766572
0.57998	0.331027
0.308387	-0.460262
-0.940944	-0.438971
-0.777988	-0.175192
-0.712805	-0.705783
-0.788851	-0.990355
-0.832306	-0.484217
-0.213073	-0.659651
-0.58244	0.144479
-0.299983	0.0287591
0.503934	0.442101
-0.223937	-0.902957
-0.767124	-0.623587
0.0693844	-0.726311
-0.625895	0.254797
1.8619	0.213955
-0.169618	0.473017
-0.245664	0.340559
-0.625895	-0.332079
-0.940944	-0.862739
0.818983	0.351083
1.1123	0.414285
-0.158754	0.46146
-0.245664	0.494482
1.12317	0.284303
0.0693844	0.213691
-0.647623	-0.187767
-0.549849	0.332306
-0.615032	-0.433156
-0.745396	0.213038
-0.691078	0.115387
-0.962671	-1.17716
-0.897489	-0.36318
-0.299983	-0.592308
-0.126163	-0.236715
0.243204	0.212114
-0.886625	0.129184
-0.66935	-0.430705
0.395297	0.0715929
-0.821443	0.300427
0.981939	0.20363
0.221477	0.164462
1.00367	0.0405216
-0.636759	0.401774
-0.973535	-0.718025
0.297523	0.430229
-0.897489	-0.294176
-1.00613	-1.10677
-0.473803	0.108325
1.79672	0.388408
-0.462939	0.0297536
-0.84317	-0.606837
0.590844	0.0769163
0.905893	0.619887
-0.332574	0.600205
0.254068	-0.185659
-0.777988	-0.0756709
0.156294	0.484949
1.64463	0.281541
0.851574	0.465158
-0.365165	0.432057
-1.01699	-0.804624
-0.919216	-0.409042
0.362706	0.0996014
-0.984399	-0.212714
-0.832306	-0.261207
-0.223937	-0.440793
-0.32171	0.362956
-0.984399	-0.58913
-0.93008	-0.307089
-0.354302	-0.432465
-0.66935	0.137305
1.36217	0.227875
-0.777988	0.111254
-0.93008	-0.336895
-0.256528	0.358161
-0.082708	-0.139786
-0.962671	-0.671575
0.536525	-0.0900743
-0.299983	0.485877
-0.549849	0.32606
2.05745	0.206625
0.710345	0.200126
0.232341	0.728015
-0.723669	0.2952
0.895029	0.449345
-0.256528	0.322361
-0.767124	-0.928103
1.3839	0.0896991
-0.506394	0.189323
-0.32171	0.0398368
-0.528122	0.0931747
2.19868	0.398372
0.503934	0.396607
-0.788851	0.347818
-0.701941	0.247955
1.40563	0.276368
0.438752	0.131035
-0.0609805	0.00926638
1.53599	0.570636
-0.951808	-0.644122
0.460479	0.16202
0.0911119	0.605295
0.547389	-0.274453
-0.712805	0.12987
1.30785	0.159148
4.88202	0.567092
0.384433	0.284437
-0.864898	-0.191098
0.742937	-0.475738
0.417024	0.216179
-1.01699	-0.730263
1.70981	0.196304
0.677754	0.139421
0.536525	-0.554263
-0.940944	-0.54888
-0.213073	0.106106
-0.213073	0.333871
0.558253	-0.0228867
-0.788851	0.282074
-0.962671	-0.777089
1.12317	0.697133
-0.538985	-0.428389
-0.864898	-0.632215
0.558253	0.419533
-0.93008	-1.06181
-1.00613	0.343427
3.54578	0.145209
-0.115299	0.480745
0.482207	0.368519
-1.01699	-0.0482016
-0.821443	-0.51227
-0.875761	0.274839
0.167158	0.430416
-0.821443	-0.456886
0.449616	0.563137
-0.897489	-0.459064
2.58977	0.567402
0.775528	0.506195
1.64463	0.638766
-0.549849	-0.4361
-0.919216	-0.266684
-0.310847	0.333112
0.471343	0.174479
-1.00613	-0.820801
2.65496	0.505527
0.0476569	-0.0751782
-0.506394	-0.400357
-0.886625	-1.35521
-0.267392	0.146139
0.623435	-0.264602
0.547389	0.422013
0.971075	0.557305
-0.615032	-0.437936
-0.593304	-1.44074
-0.419484	0.438271
-0.332574	-0.195543
0.319251	0.373918
0.949348	0.215791
-0.310847	-0.0651781
-0.962671	-0.448985
-0.984399	-0.653171
-0.549849	0.0565382
7.64142	0.490573
-0.441212	0.101761
-0.691078	-0.82479
-0.452075	0.401143
-0.0609805	0.357906
1.00367	0.428858
-0.875761	-0.774497
0.0367932	0.183068
-0.039253	0.282256
-0.93008	-0.596379
0.66689	0.00243742
-0.560713	0.268699
3.11123	0.484902
0.0259294	0.514413
-0.658487	-0.624718
-0.701941	-0.0877182
-0.984399	-0.378272
-0.14789	0.190895
-0.984399	-0.230909
-0.473803	0.254619
1.78586	-0.0352518
-0.354302	0.150347
0.0259294	0.643245
-0.397757	-1.05401
-0.788851	-0.513885
0.101976	0.483079
-0.14789	0.315382
1.51426	0.483757
-0.940944	-1.06697
-0.821443	-0.203682
-0.908353	0.0844488
-0.897489	0.224997
-0.864898	0.435181
0.786392	0.541213
-0.473803	-0.418969
-0.908353	-0.727862
-0.984399	-0.248529
-0.332574	-0.126845
-0.680214	-0.368848
-0.202209	-0.449151
-0.767124	-0.52778
-0.777988	0.381277
0.188886	0.203217
-0.2348	-0.178997
-0.93008	-1.14724
0.243204	0.456245
-0.788851	-0.373028
1.21008	0.195958
-0.886625	0.218893
-0.66935	0.766843
-0.039253	-0.0575398
0.362706	0.523505
-0.940944	-0.104425
2.14436	0.624107
3.55665	0.270095
-0.00666181	-0.687673
-0.973535	-0.266637
-0.528122	0.530353
2.64409	0.534531
-0.0935718	0.384926
-0.223937	0.335021
-0.00666181	0.0159662
1.18835	0.198474
-0.430348	0.621961
-0.984399	-0.675194
-0.832306	-0.688513
-0.84317	-0.125748
-0.191345	0.252066
-0.897489	0.449756
-0.962671	-0.489579
1.47081	0.00480665
-0.734533	-0.948845
1.1123	0.302311
1.21008	0.658745
-0.158754	0.473191
-0.973535	-0.668901
-0.897489	-0.487481
-0.636759	0.237022
0.851574	0.429589
1.5034	0.445123
-0.84317	0.242628
-0.593304	-0.618055
0.199749	-0.947465
0.167158	-0.15856
-0.658487	0.0846346
1.69895	0.540161
-0.908353	-0.257024
0.797255	0.57954
-0.571577	0.270218
-0.712805	0.556946
0.558253	0.0670474
-0.0501168	-0.931184
-0.191345	-0.145783
0.427888	0.13545
-0.821443	-0.595545
-0.788851	-0.511812
-0.951808	-0.193194
-0.49553	0.33072
-0.810579	-0.138329
-0.082708	0.396344
-0.723669	-0.905242
-0.0718443	-0.0804959
0.851574	0.290854
-0.158754	0.505584
2.80705	0.39118
-0.940944	-0.26898
0.384433	0.262689
0.634299	0.171381
2.38336	0.0970276
1.73154	0.278
-0.777988	-0.580114
-0.14789	-0.0771889
-0.343438	-0.81947
0.232341	-0.28609
2.62236	0.666417
-0.289119	0.106076
1.53599	0.477777
-0.962671	-0.203834
-0.701941	0.0607392
-0.354302	-0.2225
0.297523	0.0593958
-0.984399	-1.08397
-0.701941	-0.319154
0.981939	0.447783
2.97	0.430722
1.3839	0.169818
-0.712805	-0.283457
1.27526	0.134175
1.3839	-0.806323
-0.517258	-0.00145397
-0.169618	-0.206662
1.56858	0.298874
-0.777988	0.12318
-0.549849	0.388526
0.818983	0.446136
-0.875761	-0.296002
3.6001	0.351146
0.297523	0.704151
0.960212	0.250826
-0.84317	-0.932622
-0.462939	0.487436
-0.919216	-0.805753
-0.354302	0.212869
-0.082708	0.089248
-0.267392	-1.02964
-0.788851	0.584334
0.188886	0.48188
-0.854034	-0.787752
-0.191345	-0.365187
-0.517258	-0.152514
3.92601	0.731292
-0.951808	-1.08389
0.829847	0.102575
-0.984399	-0.10033
0.775528	0.167171
-0.973535	0.043795
0.145431	0.27918
-0.2348	0.39039
0.438752	-0.208036
-0.810579	-0.460841
-0.223937	-0.541456
-0.647623	-0.323866
-0.278255	-0.163492
-0.734533	0.126687
-0.75626	-0.00768008
0.254068	0.0427009
-0.919216	-0.253338
-0.310847	-0.662868
-0.864898	-0.218975
-1.04958	-0.765987
-0.940944	-0.777632
-0.473803	0.473187
-0.549849	0.0671373
0.0911119	0.0188435
0.503934	-0.318917
1.15576	0.558931
0.590844	-0.0212416
-0.658487	-0.785821
-0.191345	0.114215
-0.245664	0.434022
-0.984399	-0.741008
-0.191345	0.265694
2.69841	0.129611
-0.202209	0.0162908
1.17749	0.543633
-0.919216	-1.11327
-0.343438	0.171192
-0.712805	-0.222164
0.101976	0.388645
0.0150657	-0.0356936
1.02539	0.219387
0.373569	-0.176262
-0.462939	0.386126
-0.256528	-0.117677
2.69841	0.333424
-0.875761	-0.215219
-0.137027	0.107458
-0.528122	0.146487
-0.549849	0.558629
0.00420194	0.246081
-0.365165	0.509855
0.156294	0.460592
0.829847	0.262678
0.00420194	0.318804
1.13403	-0.0738663
0.384433	0.347045
0.178022	-0.0193596
0.351842	0.538987
-0.886625	-0.174276
-0.517258	0.0874236
1.31872	-0.257968
-0.788851	0.137177
-0.137027	0.572049
-0.137027	0.27159
1.85104	0.545318
1.78586	0.167607
1.17749	0.429725
-0.647623	-0.329871
-0.875761	0.0827831
0.57998	0.0472224
-0.202209	0.302566
-0.082708	0.142833
0.775528	0.152403
0.634299	0.328206
-0.962671	-0.906547
-0.875761	-1.07858
-0.886625	-0.663493
0.0693844	0.882513
0.319251	-0.013993
-0.506394	0.45824
1.42735	0.23462
0.818983	0.33004
0.57998	0.662934
-0.745396	-0.125639
-0.940944	-1.05912
0.460479	0.416774
-0.115299	0.64351
-0.93008	0.402606
-0.973535	-0.706162
0.330114	-0.115651
-0.875761	-0.704378
-0.712805	0.30605
0.721209	0.525389
-0.58244	0.2563
1.89449	0.756065
-0.984399	-0.497985
-0.0935718	0.486897
-0.549849	0.573525
-0.691078	0.304371
-0.984399	-0.0675234
-0.777988	0.247308
-0.691078	-0.0483634
-0.864898	-0.656482
-0.332574	-0.85521
-0.32171	0.0489358
-0.886625	-0.557502
0.742937	-0.279667
0.254068	-0.491294
-0.473803	0.373923
0.308387	0.0201525
-0.278255	-1.15243
-0.158754	0.342684
-0.615032	-0.551078
-0.441212	-0.234791
-0.267392	-0.03709
-0.137027	-0.112723
-0.984399	-0.608041
0.0585207	0.177252
2.51373	0.470374
0.797255	-0.0127607
0.156294	0.0822174
-0.604168	-0.778781
1.8619	0.441936
-0.0718443	0.202304
0.199749	0.256745
1.8619	0.420779
0.0476569	0.566769
0.340978	-0.097039
-0.473803	0.396024
0.221477	-0.075541
0.438752	0.467196
-0.636759	0.0366754
2.11177	0.212983
1.1123	0.196321
-0.897489	-0.809447
0.688618	0.346104
-0.854034	-0.32615
0.916757	0.460343
1.10144	0.0836403
-0.386893	0.260257
2.16609	0.682153
0.395297	0.298851
0.981939	0.307088
-0.940944	0.114153
-0.897489	0.0331941
-0.419484	-0.646508
-0.734533	-0.838723
-0.560713	-1.00923
-0.658487	0.258308
-0.0718443	-0.310506
-0.430348	-0.0435604
0.775528	0.275097
-0.191345	-0.0699138
0.862438	0.164668
-0.93008	-0.438823
-0.126163	0.571269
-0.636759	0.30214
-0.625895	-0.360547
1.12317	1.01088
-0.767124	0.579825
0.634299	-0.0928753
1.66636	0.417322
-0.0175256	-0.488811
0.0802482	-0.17611
-0.452075	-0.0219285
-0.984399	-0.635127
1.02539	-0.0623392
-0.984399	-0.713808
-0.886625	-0.391076
-0.462939	0.132332
-0.973535	0.341079
-0.571577	0.760019
-0.354302	0.491766
-0.701941	-0.0718156
0.319251	-0.228681
-0.115299	-0.0968221
2.54632	0.650939
-0.00666181	0.415771
-0.267392	0.416551
-0.951808	-0.420637
1.80758	0.609501
-0.984399	-0.67646
0.264932	0.316272
0.0476569	0.245526
0.514798	0.613332
-0.93008	-0.386346
0.264932	-0.140464
-0.951808	-1.13324
-0.810579	-0.504701
-0.767124	0.0483113
-0.93008	0.251672
-0.788851	0.418342
3.19814	0.392761
0.264932	-0.155624
-0.49553	0.289438
1.09058	-0.0300842
-0.343438	0.538779
1.15576	0.726793
1.66636	0.363755
-1.00613	-0.328861
-0.615032	0.0160581
-0.897489	-0.465483
4.49093	0.72079
-0.604168	0.180847
0.0693844	0.144957
0.319251	0.114772
0.417024	0.265465
-0.951808	-0.797825
-0.104436	-0.0337942
-0.0935718	0.258997
1.02539	0.505389
-0.832306	-0.491343
4.07811	0.25337
-0.84317	0.70234
2.15522	0.399945
-0.940944	-0.730307
-0.49553	-0.276535
1.39476	0.0708807
0.101976	-0.238147
0.254068	0.296563
1.97054	0.397024
0.612572	0.618987
-0.560713	-0.135867
-0.777988	-0.500904
-0.560713	-0.0113658
1.5034	0.280233
-0.560713	0.478891
1.79672	0.0486627
-0.40862	0.452904
-0.180482	-0.349894
0.536525	0.0421436
-0.0718443	0.195038
-0.636759	-0.736251
-0.647623	-0.4133
-0.484667	0.440585
-0.191345	-0.243375
-0.386893	-0.371887
-0.701941	0.706388
1.77499	0.489533
-0.864898	-0.332582
0.308387	0.49846
0.0911119	-0.0698446
0.406161	0.465237
-0.658487	-0.177278
0.286659	-0.446741
1.88363	0.359966
-0.908353	0.266265
0.57998	-0.25887
-0.712805	0.281147
0.57998	0.580734
2.53545	0.61739
0.0802482	0.118435
-0.137027	0.471629
1.27526	0.336866
-0.984399	-0.582001
-0.897489	0.131157
3.49146	0.23586
0.460479	0.333415
-0.799715	-0.703214
-0.256528	0.489444
1.16662	0.235735
-0.886625	-0.776617
0.145431	-0.19974
2.65496	0.344167
2.48114	0.455753
-0.864898	-0.611352
0.764664	0.354061
-0.854034	0.0902097
0.286659	0.0734057
2.253	0.669106
-1.01699	-0.800012
-0.202209	0.230852
3.54578	0.145209
-0.854034	-0.555453
-0.517258	0.451118
0.677754	0.444766
0.134567	0.461015
-0.919216	-1.10467
-0.93008	-0.531849
-0.767124	-0.159216
-0.571577	-0.493718
2.22041	0.653923
0.101976	0.338597
-0.788851	0.337282
-0.354302	0.00749505
-0.223937	0.015941
-0.84317	-0.761346
-0.484667	-0.197252
0.590844	0.347561
-0.864898	-0.613992
-0.777988	-1.23546
-0.788851	0.10724
-0.386893	0.0829189
-0.767124	-0.797694
0.460479	0.432637
-0.886625	0.373842
-0.571577	0.386152
0.232341	0.525032
-0.636759	0.686329
-0.538985	0.46852
0.156294	-0.748651
1.91622	0.457646
0.49307	0.320306
1.69895	0.525116
0.145431	-0.0310316
1.41649	0.71832
0.547389	-0.286501
-0.919216	0.427585
0.417024	0.614708
-0.039253	0.30164
-0.962671	-0.044472
1.90536	0.309188
-0.40862	0.0117501
0.0259294	0.388291
-0.908353	-1.32399
0.156294	0.330137
4.19761	0.538363
-0.256528	0.0287814
-0.995263	-0.534683
3.35024	0.357018
-0.376029	0.326125
-0.940944	0.42733
-0.799715	-0.838367
-0.897489	-0.338551
-0.571577	-1.66923
-0.940944	-0.0140926
-0.875761	0.188521
-0.832306	-0.231099
-0.886625	-0.776617
-0.0609805	0.368531
-0.854034	-0.0872679
-0.343438	-0.0249843
-0.40862	-0.0820402
-0.104436	-0.636911
-0.191345	0.164039
-0.973535	-0.158711
-0.082708	-0.7382
-0.647623	-0.217194
-0.365165	0.355612
-0.854034	-0.636157
0.873302	0.203004
0.101976	-0.0750057
-0.84317	0.0698812
-0.886625	-1.44137
-0.104436	0.274656
-0.647623	-1.07056
-0.00666181	0.284587
-0.908353	-0.99227
-0.571577	0.323678
-0.799715	0.302403
0.112839	0.0313487
-0.93008	-1.02368
-0.386893	0.0374357
0.275796	0.456941
-0.310847	-0.231919
-0.039253	-0.0136091
-0.712805	-0.613381
-0.419484	-0.25745
-0.473803	-0.470803
0.569117	-0.132866
-0.908353	-1.22499
0.7538	0.0690589
-1.00613	-0.666382
-0.93008	-0.426171
-0.951808	-0.786911
-0.93008	-0.645112
0.895029	0.434008
-0.832306	0.245212
1.85104	0.421454
-0.821443	-0.729496
0.297523	0.394791
-0.397757	-0.0552043
-0.430348	-0.417617
2.32904	0.0549396
0.0693844	0.186723
0.319251	-0.0460586
0.623435	0.35068
-0.973535	-0.946493
-0.126163	0.237383
3.18728	0.575925
-0.875761	0.145312
-0.571577	-0.238565
0.221477	-0.016957
-1.00613	-0.449472
-0.484667	-0.475688
-0.897489	-0.897285
-0.245664	0.382516
-0.658487	0.388822
-0.84317	-0.754298
-1.00613	-0.535278
-0.886625	0.386652
-0.962671	0.0401302
1.61204	0.266008
0.406161	-0.0623636
-0.386893	-0.0169866
-0.810579	0.238001
-0.0718443	0.412348
-0.213073	-0.123588
-0.615032	0.318416
0.286659	0.558018
3.14382	0.609346
-0.767124	0.536112
0.536525	0.409071
0.862438	0.0445225
0.0259294	0.359348
0.547389	-0.0507439
0.960212	0.455371
1.55772	0.438897
-0.560713	-0.488205
-0.788851	-0.00801637
-0.0935718	0.396672
-0.267392	-0.19929
0.57998	-0.226108
-0.278255	0.698137
3.01346	0.182279
-0.777988	0.269678
0.0367932	0.215517
-0.549849	-0.150979
1.04712	0.299997
2.38336	0.530598
2.69841	0.377052
0.0259294	0.389266
1.29699	0.103896
-0.788851	0.188043
-0.180482	0.054495
-0.462939	-1.21248
0.569117	0.0989574
-0.615032	0.442137
-0.832306	-0.278832
-0.180482	-0.275529
-0.984399	-0.937573
-1.01699	-0.0704687
-0.962671	-0.665414
0.449616	0.0323527
0.710345	-0.183387
0.221477	0.139162
-0.137027	0.557535
-0.973535	-0.504553
0.330114	0.645953
-0.908353	-0.640543
-0.528122	0.3384
-0.332574	0.025591
-0.647623	-0.294366
-0.528122	-0.0610899
-0.278255	0.420659
2.27472	0.517179
-0.886625	-0.361093
-0.310847	0.24959
1.07971	-0.057071
-0.832306	-1.24662
-0.419484	-0.0934723
0.862438	0.544534
-0.962671	-0.720375
-0.940944	-0.968307
-1.03872	-0.401585
-0.538985	-0.037109
-0.919216	0.473954
-0.745396	-0.266417
-0.908353	-0.466788
-0.560713	0.24407
-0.484667	-0.26975
0.0693844	0.319102
0.438752	-0.0430937
-0.832306	-0.479869
-0.93008	-0.408167
-0.886625	-1.04173
-0.75626	0.317793
-0.777988	-0.3614
-0.75626	0.0461922
0.645163	0.42204
0.721209	0.453662
0.0911119	0.3362
-0.734533	-0.384695
-0.864898	-0.0117266
0.123703	0.338871
-0.919216	-0.290779
2.07918	0.58195
-0.777988	-0.243947
-0.788851	-0.417174
-0.289119	0.410114
-0.462939	-0.48939
-0.788851	0.126126
0.0802482	0.353576
-0.278255	0.154123
-0.528122	0.583053
2.3725	0.373925
-0.84317	-0.287769
0.319251	0.405355
-0.951808	-0.859624
-0.462939	-0.272483
-0.615032	-0.0801106
-0.2348	0.49304
0.232341	-0.0622565
0.851574	0.416591
-0.680214	0.443871
1.76413	0.397844
0.373569	0.409218
-0.40862	-0.328008
0.612572	0.0850195
-0.354302	-0.073269
-0.919216	-0.582135
-0.289119	0.248922
0.916757	0.354097
-0.962671	0.248214
-0.039253	0.0662743
-0.940944	-1.2151
-0.995263	-0.686811
-0.528122	-0.758946
0.275796	-0.0194719
-0.84317	-0.336711
1.41649	0.333903
-0.636759	0.260373
-0.810579	0.381116
-0.951808	-0.222624
-0.191345	0.25993
-0.223937	0.0186751
-0.832306	-0.38929
2.07918	0.1592
0.656027	-0.488945
-0.484667	-0.401346
0.612572	0.136539
-0.854034	-0.356761
0.503934	0.336571
-0.854034	0.377718
-0.169618	-0.195143
0.210613	0.32096
-0.0501168	0.312562
0.482207	0.261645
-0.680214	-0.840173
-0.354302	0.305265
-0.223937	-0.0572135
-0.538985	-0.332127
-0.245664	0.233574
-0.549849	-0.284545
0.00420194	0.0840856
0.721209	-0.583049
-0.897489	-0.435261
2.38336	0.669086
-0.734533	-0.435909
-0.799715	-0.323822
-0.691078	-0.03849
0.732073	0.244501
-0.00666181	-0.504414
-0.126163	-0.314403
0.330114	-0.556952
-0.767124	-0.31024
-0.93008	-0.0609869
-0.919216	-0.945655
-0.538985	0.096463
-0.951808	-0.331838
-0.528122	0.303634
-0.0283893	0.169724
-0.604168	0.0453496
-0.875761	-0.566093
-0.299983	-0.376749
-0.691078	0.155167
-0.452075	-0.196868
-0.908353	-0.497044
-0.864898	-0.936711
0.254068	0.362909
-0.962671	-0.264513
0.916757	0.0548085
4.09983	0.704139
-0.777988	-0.266355
-0.126163	0.214912
1.36217	0.351272
0.156294	-0.0536404
0.536525	0.442534
-0.919216	-0.844679
0.264932	0.0421129
0.764664	0.275306
-0.462939	0.144732
0.49307	0.327999
-0.289119	-0.563531
-0.202209	0.391481
-0.593304	0.391138
-0.104436	0.0437245
-0.788851	-0.911091
-0.962671	-0.585586
0.308387	0.131153
0.0150657	0.00374058
-0.875761	-0.421509
-0.213073	-0.0719049
2.02486	0.234519
-0.810579	-0.592043
-0.452075	-0.0767189
-0.712805	-0.354746
0.449616	0.332054
-0.897489	-0.419039
0.0476569	0.537914
0.699482	0.352805
-0.0501168	0.439642
-0.723669	-0.878302
-0.560713	0.398456
-0.658487	-0.785821
-0.386893	1.13324
-0.343438	0.325176
-0.897489	0.217747
0.0150657	0.475083
-0.93008	0.372159
-0.75626	0.112601
-0.821443	-0.466696
-0.864898	-0.0746334
-0.940944	0.508082
-0.2348	0.277165
-0.799715	0.416626
-0.734533	0.137452
-0.897489	0.351877
3.66528	0.594203
1.43822	0.415655
-0.734533	-1.63736
-0.658487	-0.603805
-0.940944	-0.174531
-0.32171	-0.480468
-0.919216	-0.403146
-0.908353	-0.272993
0.569117	-0.648956
-0.354302	0.298013
-0.0175256	0.296656
-0.919216	-1.02098
-0.115299	0.245408
-0.40862	0.819304
1.91622	0.650469
-0.126163	0.551001
-0.788851	0.31714
-0.810579	-0.046579
-0.484667	0.358706
-0.604168	-0.235722
-0.951808	-0.690935
-0.93008	-0.610767
-0.658487	0.511289
-0.701941	-0.103465
-0.777988	-0.0565226
0.0367932	-0.0335268
-0.14789	-0.073964
1.41649	0.264375
-0.593304	0.0803588
0.590844	0.564914
-0.625895	-0.349676
-0.962671	-0.435757
-0.777988	-0.0681038
-0.984399	-1.31024
0.395297	0.771229
-0.354302	-0.0825787
-0.908353	-0.781869
-0.245664	0.669108
0.308387	-0.251973
-0.571577	0.103098
-0.75626	-1.42177
-0.788851	-0.160931
-0.49553	0.00466258
-0.299983	0.335748
0.123703	0.44151
-0.506394	0.019697
0.134567	-0.568317
1.30785	0.392602
-0.473803	-0.138024
-0.897489	-0.778907
-0.430348	-0.33665
-0.169618	0.401353
-0.897489	0.0949707
-0.940944	-0.55045
0.0911119	0.199272
1.6229	0.264208
0.623435	0.472981
0.427888	-0.332048
0.112839	-0.106533
-0.897489	-0.296791
-0.973535	-0.310318
0.525662	0.307236
-0.397757	-0.101868
-0.082708	-0.0102289
-0.256528	0.486811
1.23181	0.402745
-1.03872	0.204671
0.123703	0.488245
-0.940944	-0.531832
-0.32171	0.0108544
0.264932	0.0154066
0.471343	0.180708
-0.58244	-0.321451
-0.897489	0.228591
-0.625895	-0.247814
-0.66935	-0.398855
-0.636759	0.373972
-0.973535	-0.895059
-0.082708	0.38016
-0.908353	-1.04276
-0.332574	0.390468
-0.0501168	0.458458
1.39476	0.345564
0.395297	0.231068
-0.452075	0.364805
-0.115299	0.277861
-0.777988	-1.05392
-0.723669	-0.617227
-0.691078	0.516785
0.0150657	0.539303
1.13403	0.443623
-0.886625	0.0253583
-0.897489	-0.147267
-0.821443	-0.0257626
2.02486	0.381269
0.417024	0.500454
-0.777988	-0.0355485
1.45994	0.450608
-0.647623	-0.294366
-0.245664	-0.113525
0.775528	0.330725
-0.549849	0.502401
1.3839	0.592656
0.384433	0.231619
-0.039253	-0.30571
2.41595	0.256575
-0.0283893	-0.133676
-0.528122	0.24782
0.0585207	-0.0812392
0.895029	0.335258
0.362706	-0.204786
0.101976	-0.13438
2.60064	0.346832
1.99227	0.577628
-0.864898	-0.431626
-0.49553	0.0278934
-0.2348	0.156474
1.97054	0.290936
-0.636759	-0.191538
-0.462939	-0.0847445
-0.636759	0.25705
0.721209	-0.270536
0.351842	0.344423
-0.832306	-0.463509
-0.00666181	0.494362
-0.506394	0.33995
0.677754	-0.0394451
-0.919216	-0.712175
1.44908	0.27167
-1.03872	-1.00746
0.601708	0.101409
-0.821443	-0.247684
1.22094	-1.04346
-0.832306	0.404512
0.0802482	0.388027
-0.777988	-0.367575
-0.299983	-0.0348339
-0.897489	-0.634015
0.188886	0.35481
-0.908353	-0.306734
3.32851	0.424557
0.0259294	-0.0605329
-0.549849	-0.58387
-0.039253	0.0595895
0.547389	-0.0844055
0.221477	0.452157
0.319251	0.270139
-0.854034	0.0799988
-0.995263	-0.529601
-0.441212	0.034964
-0.082708	0.0782681
0.775528	0.55672
-0.549849	0.37724
-0.75626	-0.616589
0.938484	0.412509
-0.223937	0.576454
-0.419484	0.648015
-0.734533	0.233522
1.21008	0.544267
0.514798	0.30811
-0.962671	-0.218865
0.569117	0.211213
1.37303	0.0453472
1.24267	0.104805
-0.082708	0.0769736
-0.875761	-0.331294
-0.593304	-0.393079
0.438752	0.507124
-0.691078	0.123213
0.264932	0.298862
0.699482	0.352805
-0.940944	0.256109
-0.951808	-0.694313
1.05799	0.347564
-0.908353	-0.471493
-0.832306	0.174274
0.351842	-0.0698011
0.362706	0.658794
1.01453	0.625424
-0.365165	-0.173713
-0.213073	0.187778
1.87277	0.359031
-0.441212	0.149238
-0.691078	-0.903568
-0.506394	-0.119653
0.308387	0.489787
-0.897489	0.263866
-0.919216	-0.285009
-0.691078	0.473511
0.112839	0.309874
-0.854034	-0.884994
-0.995263	0.389461
-0.93008	-0.571831
-0.615032	-0.866057
-0.995263	0.424315
-0.397757	-0.341093
0.275796	0.188389
0.547389	0.126054
-0.223937	0.271921
0.699482	0.331445
-0.593304	0.308271
1.25353	0.287472
-0.0175256	0.437308
-0.962671	-0.212423
0.612572	-0.0546443
0.362706	0.429252
-0.940944	0.171756
-0.701941	0.163959
0.514798	-0.0495661
0.0476569	0.425746
-0.40862	-0.230575
-0.84317	-0.71908
0.634299	0.223917
4.19761	0.538363
-0.213073	0.617815
-0.973535	-0.374891
2.94828	0.437312
-0.386893	0.694176
-0.2348	-0.439303
0.0911119	-0.0690196
-0.886625	-0.837384
-0.93008	0.0246563
-0.734533	-1.45701
0.438752	-0.546467
-0.00666181	0.274581
3.13296	0.705472
-0.615032	-0.492559
-0.625895	-0.157089
-0.386893	0.694176
0.417024	0.211572
0.340978	0.387022
0.0150657	0.135333
-0.625895	-0.203163
-0.799715	-0.518999
-0.082708	-0.0646439
-0.484667	0.0365296
-0.84317	0.436505
0.417024	0.0358138
0.688618	0.442297
1.73154	0.651081
-0.278255	0.360526
-0.082708	-0.302182
-0.701941	0.116547
-0.973535	-0.489128
-0.604168	-0.180971
-0.854034	-0.63579
-0.723669	-0.905242
-0.604168	-0.5108
-0.875761	-0.593316
-0.788851	-0.456274
0.471343	0.246018
-0.0718443	0.0895199
3.46974	0.677139
-0.886625	-0.608978
-0.810579	-0.571866
-0.571577	0.0739939
-0.799715	0.614831
-0.560713	-0.203505
-0.821443	-0.674931
0.710345	0.532849
1.93795	0.0906736
0.362706	0.159607
1.21008	0.574287
-0.310847	0.00782203
-0.615032	0.346527
-0.40862	0.475001
-0.940944	-0.495837
1.67722	0.610629
-0.452075	-0.0767189
0.656027	0.514202
0.00420194	0.39013
0.199749	0.049796
-0.191345	0.252066
-0.343438	0.325176
-0.0283893	0.10258
0.0585207	0.459303
-0.245664	-0.524329
-0.897489	-0.130585
-0.680214	0.104751
-0.039253	0.200237
-0.712805	0.338613
-0.854034	-0.0479038
-0.49553	-0.708883
0.373569	0.139324
-0.40862	-0.170405
-0.0609805	-0.0565532
-0.354302	-0.538361
1.42735	0.447819
-0.191345	0.215723
0.112839	-0.125247
0.569117	0.236951
0.188886	-0.391598
-0.0935718	0.456418
1.19921	0.499992
-0.897489	-0.436292
-0.343438	0.520538
-0.680214	0.078064
0.210613	-0.335233
1.76413	-0.377545
-0.691078	0.0335495
0.232341	0.0439994
0.992803	0.425336
-0.734533	-0.223263
-0.951808	-0.0597564
0.569117	0.301498
1.59031	-0.0190191
-0.202209	0.0334399
-0.93008	-0.325099
-0.647623	-1.56253
-0.538985	-0.568139
2.253	0.550159
2.12263	0.615505
0.308387	-0.539273
-0.213073	0.32402
-0.810579	-0.389156
-0.864898	-1.56838
2.42682	0.57179
-0.0175256	0.423328
1.55772	0.569866
-0.680214	0.164953
-0.788851	0.386867
-0.538985	0.208775
0.199749	0.340233
0.601708	0.0340063
-0.908353	0.0098639
-0.84317	0.200936
-0.951808	-1.0365
-0.0175256	-0.124418
-1.00613	-0.787132
0.92762	0.293987
-0.886625	-0.203756
-0.919216	-0.699537
-0.973535	-0.0353269
-0.864898	-0.0676297
-0.973535	0.344941
0.732073	0.399913
0.742937	0.350182
-0.40862	0.408569
-0.0501168	-0.106395
0.0476569	0.468412
0.0693844	0.634029
2.27472	0.371982
-0.202209	-0.463371
0.786392	0.270249
-0.691078	0.127127
-0.473803	0.296879
0.536525	0.671511
-0.712805	0.0310552
-0.343438	0.441607
-0.962671	-0.945036
-0.940944	-0.478525
1.07971	0.132316
2.02486	-0.0319441
-0.897489	-0.505262
-0.0935718	0.266988
-0.115299	-0.725607
-0.691078	-0.0295348
0.503934	0.504096
0.57998	0.790231
-0.332574	0.025591
-0.419484	0.293193
0.406161	0.567797
-0.767124	-0.167272
-0.973535	-0.836827
0.0911119	-0.815858
0.210613	-0.285169
-0.832306	-0.520707
-0.93008	0.309672
-0.462939	0.649863
-0.93008	0.0737302
-0.213073	0.276961
-0.58244	0.353804
0.992803	-0.236656
-0.84317	-0.578801
-0.940944	-1.00931
-0.625895	0.0450068
-0.32171	0.283234
0.0693844	-0.439887
-0.126163	-0.242011
0.0802482	0.312204
-0.799715	-0.422246
-0.951808	-0.536856
-0.462939	-0.283757
-0.376029	0.259919
0.101976	-0.0443042
-0.973535	-0.43474
-0.310847	-0.534345
-0.571577	0.037269
1.17749	0.465111
-0.84317	-0.24067
1.47081	0.0865846
-0.397757	0.430775
-0.441212	-0.249129
-0.0283893	0.728443
0.503934	0.0753846
-0.169618	0.38147
0.178022	0.336195
-0.354302	-0.141678
-0.115299	0.0451737
-0.213073	-0.148284
-0.332574	-0.202845
-0.636759	-0.191538
-0.126163	-0.81218
1.2644	0.427355
1.75326	0.293175
0.873302	0.0855715
0.319251	0.406494
-0.734533	-0.249179
0.0693844	-0.439887
-0.897489	-0.746002
-0.636759	-1.23
2.06831	0.601502
-0.864898	-0.532528
1.17749	0.403821
-1.00613	-0.279573
1.97054	0.0618546
-0.0718443	0.369412
-1.02785	-1.20765
-0.908353	-0.569881
-0.0935718	-0.340008
0.0585207	0.417122
-0.365165	-0.380601
-0.93008	0.489809
-0.604168	0.425407
-0.701941	-0.398725
-0.115299	0.686071
-0.169618	0.0209252
1.1449	0.353747
-0.919216	-0.754291
1.40563	0.10279
-0.484667	0.629008
-0.984399	0.122203
-0.886625	-0.580634
0.797255	-0.254453
-0.386893	0.375552
1.49254	0.657689
-0.593304	-0.346742
0.569117	0.178186
-0.875761	0.0951438
0.264932	0.139277
-0.441212	-0.329946
0.362706	0.197117
-0.538985	-0.29396
-0.962671	0.021208
0.123703	0.336658
-0.864898	-1.64969
0.112839	0.181682
-0.745396	-0.780974
-0.919216	0.168223
0.775528	0.564083
0.0693844	-0.0806435
-0.647623	0.539106
-0.082708	0.162901
-0.636759	-1.26048
-0.104436	0.153413
-0.897489	-1.19102
1.44908	0.464299
0.145431	-0.0553319
2.17695	0.494432
-0.00666181	-0.103094
-0.441212	-0.10372
-0.452075	0.333852
-0.484667	0.32941
0.818983	0.335239
-0.962671	-0.538719
-0.528122	0.581931
-0.84317	-0.605627
-0.908353	-1.21854
-0.517258	0.124036
-0.32171	0.300944
-0.875761	0.430976
0.243204	-0.0626811
1.91622	0.223447
1.19921	0.408477
-0.039253	0.219009
-0.734533	-0.0631963
1.79672	0.338289
-0.636759	0.0589268
-0.40862	-0.0266131
-0.299983	-0.225598
-0.376029	-0.179992
1.1123	-0.00117754
0.797255	0.108401
0.427888	0.608332
-0.864898	-0.786381
-0.571577	-0.260437
-0.202209	0.549898
-0.452075	0.0675578
-0.158754	0.347223
0.243204	0.422007
-1.01699	0.0829137
-0.691078	0.305898
0.188886	0.365902
2.27472	0.252219
-0.832306	-0.917137
1.23181	-0.271588
-0.441212	0.432983
-0.875761	0.50844
0.884165	0.000208218
1.37303	0.312877
0.0693844	-0.0817703
-0.919216	-0.404697
2.731	0.350608
-0.104436	-0.026551
-0.723669	0.384264
0.384433	-0.106475
-0.115299	-0.0543535
-0.973535	-0.64239
-0.40862	0.42224
-0.84317	-0.627177
-0.886625	0.13914
-0.940944	0.0344856
0.297523	0.569771
-0.908353	-0.704052
-0.289119	0.382669
0.0802482	-0.616485
-0.854034	0.738098
-0.75626	-0.872058
1.21008	0.14064
-0.864898	-0.455849
0.0911119	0.273899
-0.158754	-0.627072
-0.799715	-1.16005
0.438752	0.452769
-0.365165	0.00838898
-0.115299	-0.0728727
-0.419484	-0.447667
0.101976	0.718058
-0.104436	0.258833
-0.767124	0.440174
-0.810579	-0.199246
-0.908353	-0.781869
-0.919216	-0.0987729
-0.691078	-0.357135
2.18781	0.256908
-0.832306	-0.939624
1.34044	0.227442
2.66582	0.445211
0.145431	-0.404708
-0.984399	-0.119826
0.395297	0.669601
1.85104	0.380206
-0.723669	0.321954
-0.604168	0.14677
-0.777988	0.0388261
2.63323	0.475496
0.471343	0.00368392
1.8619	0.621294
-0.506394	-0.654321
0.438752	0.952631
-0.0935718	0.222818
1.23181	-0.858684
0.710345	-0.0966483
-0.875761	-0.0497832
0.243204	0.3193
0.286659	0.754102
0.308387	-0.114909
1.81845	0.396414
0.134567	0.420144
0.221477	0.396979
-0.75626	-0.648312
0.0802482	0.26364
1.66636	0.605157
1.36217	0.719715
0.742937	0.350745
1.69895	-0.00970536
-0.528122	-0.586601
-0.0283893	0.0640554
-0.864898	-0.852292
1.61204	0.613296
0.330114	0.415261
-0.419484	-0.557913
-0.919216	-0.0686238
0.167158	-0.298647
3.08951	0.25679
0.0259294	-0.0342403
-0.647623	0.0501012
0.0476569	-0.143276
0.156294	0.370776
-0.647623	-0.0901435
-0.854034	-1.36188
1.15576	1.29268
0.558253	0.459521
3.31764	0.502159
0.0476569	-0.0828917
-0.0283893	0.201486
-0.701941	-0.411414
-0.615032	-0.733728
-0.854034	0.0905681
-0.875761	-0.232539
2.32904	0.413134
-0.745396	-0.648517
-0.647623	-0.169541
-0.376029	0.336746
-0.66935	-1.03753
-0.2348	-0.499414
-0.777988	0.0268868
-0.951808	-0.228905
-0.908353	-0.3053
0.417024	0.102078
-0.854034	-0.677489
-0.973535	-0.703384
0.101976	0.200021
-0.289119	0.118429
0.0585207	-0.406718
0.199749	0.07779
-0.691078	0.417933
-0.75626	-0.252154
0.677754	-0.151977
0.645163	-0.729053
0.264932	0.260387
1.21008	0.573057
-0.267392	0.386455
-0.908353	-0.239688
-0.908353	-0.560602
-0.2348	-0.284776
-0.701941	0.0665808
1.30785	0.434825
-0.571577	-0.785897
-0.115299	0.63386
-0.875761	-0.442909
0.66689	0.291415
-0.93008	-0.815969
1.82931	0.599425
0.373569	0.537297
0.862438	0.282843
-0.376029	-0.66765
-0.0718443	0.42641
-0.126163	0.250985
-0.973535	-0.835251
0.677754	0.316822
-0.517258	0.442708
1.59031	0.354322
0.525662	-0.48615
-0.115299	0.277095
0.0693844	0.0342373
-0.93008	-0.408167
-0.473803	0.571724
-0.897489	-0.750553
1.82931	0.658563
-1.01699	0.159455
-0.49553	0.415922
4.28452	0.685288
-0.593304	-1.20576
2.253	-0.0837358
-0.973535	-0.732467
1.85104	-0.226441
-0.00666181	0.0839416
-0.777988	-1.69806
0.460479	-0.240651
-0.0935718	0.549693
-0.745396	-0.535645
1.19921	0.283427
-0.571577	0.346189
-0.256528	-0.574864
-0.213073	0.617815
1.1123	0.417775
0.960212	0.254874
0.427888	0.47268
-0.940944	-0.728539
-0.126163	-0.318274
-0.299983	0.182713
-0.875761	-0.689581
1.04712	0.288153
-0.734533	0.365426
-0.310847	-0.534345
-0.886625	-0.0656021
0.558253	0.359533
1.59031	0.220965
-0.767124	-0.556893
-0.84317	0.488126
0.721209	-0.0961829
-0.810579	-0.419876
-0.93008	-0.360304
-0.115299	0.416572
-0.767124	-0.0598584
1.88363	-0.039708
-0.256528	-0.115123
-0.647623	-0.614813
-0.082708	0.331075
1.01453	0.686598
-0.940944	-0.984016
-0.506394	-0.796778
1.79672	0.388408
-0.93008	0.0541876
1.41649	0.737039
-0.875761	-0.831129
0.199749	-0.546204
-0.66935	-0.0694435
-0.419484	-0.507381
-0.278255	-0.558654
-0.40862	0.0127266
-0.75626	-0.00400862
0.123703	0.588209
0.503934	-0.258502
0.112839	-0.0381766
-0.58244	-0.813179
-0.58244	-0.0141842
1.32958	0.295441
1.02539	0.317779
-0.875761	-0.601548
-0.58244	-0.689016
-0.332574	0.19597
-0.430348	0.0126021
-0.267392	0.23871
1.01453	0.54668
-0.528122	-0.51092
-1.00613	-1.10513
0.0367932	0.523613
0.808119	-0.0820284
-0.723669	0.722813
-0.256528	-0.192099
-0.180482	0.40173
-0.473803	-0.343014
0.101976	0.479038
-0.0609805	0.066544
0.0150657	0.319201
0.699482	0.313675
1.06885	0.157797
1.9814	0.346126
1.64463	0.251824
-0.821443	-0.381917
-0.897489	-0.777562
-0.0935718	0.100971
1.31872	-0.346579
-0.104436	-0.64776
0.00420194	-0.194309
-0.821443	0.307977
1.39476	0.261507
-0.137027	0.412597
-0.940944	-0.418847
0.960212	0.22047
-0.40862	-0.230456
0.471343	0.0487546
-0.854034	0.0629925
-0.636759	0.614723
2.58977	0.567402
0.49307	0.165111
-0.886625	-1.12401
-0.289119	0.261706
-0.452075	0.142476
-0.430348	0.330691
-0.289119	0.638117
0.482207	0.129632
-0.940944	0.0208415
-0.0283893	0.682076
-0.984399	-0.508451
-0.386893	0.43348
-0.40862	0.258842
0.319251	0.405355
-0.777988	-0.173256
0.417024	0.216179
-0.864898	0.106689
0.645163	-0.00485424
-0.343438	0.583071
2.11177	0.55495
-0.0283893	-0.357416
0.101976	0.735056
-0.897489	-0.849778
-0.191345	-0.056578
0.688618	0.040713
-0.506394	0.484757
1.41649	0.549938
-0.680214	0.15913
-0.864898	-0.201761
-0.343438	-0.182099
-1.01699	-0.719708
1.10144	0.267938
-0.908353	-1.66715
-0.169618	0.397793
1.99227	0.341475
-0.723669	0.122914
-1.00613	-0.733308
3.66528	0.512034
-0.897489	-0.383361
-0.799715	0.0163873
-0.615032	0.221834
0.264932	0.429028
-0.00666181	-0.326604
2.43768	0.511277
0.0259294	-0.452077
2.27472	0.686009
-0.473803	0.373476
-0.897489	-0.980143
-0.40862	-0.234447
-0.93008	0.146121
-0.202209	-0.379265
0.00420194	0.491156
-0.0283893	0.0243741
-0.560713	0.0688838
-0.430348	0.3723
-0.886625	-1.83194
1.02539	0.702966
-0.821443	0.227515
0.286659	0.171994
-0.908353	-0.647669
0.00420194	0.0296418
2.09004	0.503355
-0.40862	0.51747
-0.799715	0.468508
0.00420194	0.404066
0.319251	0.212041
-0.506394	-0.589999
0.57998	0.347759
-0.919216	0.100696
0.395297	0.169133
-0.832306	-0.958911
-0.452075	-0.158116
-0.886625	-0.542089
-0.723669	-0.207087
1.00367	0.373656
-0.593304	0.428384
0.960212	0.204596
-0.267392	-0.437212
-1.03872	-1.03613
-0.0283893	0.170318
-0.962671	-0.1787
-0.0175256	0.363675
-0.213073	0.350555
-0.66935	-0.467931
4.79511	0.126676
-0.191345	0.176031
0.84071	0.2873
0.297523	-0.038465
-0.810579	-0.146124
0.232341	0.151771
-0.082708	0.563064
0.264932	0.115117
-0.875761	-0.132186
-0.75626	0.0210633
0.612572	-0.0738916
-0.256528	0.305383
0.677754	0.476246
-0.908353	-0.757642
-0.0718443	0.660137
1.1123	0.307413
0.775528	0.233128
-0.549849	0.2752
-0.104436	0.031021
0.275796	0.346815
-0.864898	0.143129
-0.864898	-1.05046
-0.158754	0.464362
1.65549	0.00472016
-0.886625	-0.757703
0.710345	0.39075
2.11177	0.554226
-0.691078	0.292441
0.178022	0.179093
-0.0935718	0.0795609
-0.745396	-0.386915
0.818983	0.726181
-0.137027	0.262459
-0.245664	0.435488
0.145431	-0.000967683
-0.332574	0.204232
-0.115299	0.372933
-0.788851	0.191406
-0.897489	0.340711
-0.647623	0.502137
-0.919216	-0.159467
-0.452075	-0.265077
0.188886	0.130239
1.76413	0.431407
-0.734533	-1.35235
0.0259294	-0.413762
-0.560713	0.0112958
-0.973535	-0.562043
-0.995263	-0.138038
-0.40862	-0.460222
-0.549849	0.162763
0.460479	0.613352
1.19921	-0.0429867
0.0585207	-0.0812392
-0.777988	0.123465
-0.788851	-0.644775
-0.452075	0.237135
-0.777988	0.272446
0.319251	-0.461811
0.384433	-0.231306
-0.647623	-0.448721
2.20954	0.298972
-0.528122	0.303917
0.362706	0.269362
-0.0718443	-0.0957296
2.81791	0.0302409
-0.343438	-0.5327
-0.777988	0.0531273
-0.832306	0.092142
1.91622	0.330979
0.156294	0.444774
-0.180482	-0.165039
1.24267	0.630666
0.0802482	0.0831604
-0.777988	-0.672905
-0.267392	0.172759
-0.886625	-0.715129
-0.864898	-0.468027
-0.951808	-0.609184
-0.821443	0.152521
0.634299	0.171381
1.13403	0.68218
-0.332574	-0.195543
-0.810579	-0.395901
0.49307	0.232331
0.57998	0.475418
-0.799715	-0.565421
-0.180482	-0.634325
-0.0609805	-1.04529
-0.223937	-0.0104532
-0.658487	-0.234369
-0.299983	0.0468671
-0.039253	-0.543101
0.134567	0.335436
-0.745396	-0.538978
-0.245664	0.354353
0.656027	0.180797
-0.810579	-0.358295
-0.462939	-0.139338
-0.821443	0.360502
2.20954	0.100341
1.61204	0.104283
-0.278255	0.821041
-0.919216	-0.950559
-0.995263	-0.134314
1.93795	0.504522
-0.0501168	0.457502
-0.886625	-0.450047
0.569117	0.301498
1.28612	0.1873
0.525662	0.0958148
0.601708	0.166521
-0.854034	-0.16312
0.699482	-0.174229
-0.788851	0.270118
-0.223937	0.503441
0.829847	-0.407622
0.818983	0.464518
3.32851	0.534768
-0.169618	0.0601156
2.66582	0.407936
2.69841	0.0522534
-0.864898	-0.45596
-0.962671	0.126419
-0.430348	-0.314129
-0.84317	-0.536288
-0.680214	0.80104
2.70927	0.701373
0.0585207	0.236358
1.1123	-0.0964974
0.0476569	-0.0925346
0.286659	0.698025
1.1123	-0.797184
0.742937	0.046125
-0.191345	0.533592
-0.854034	-0.157317
-0.484667	0.291365
-0.310847	0.267718
-0.169618	0.340567
-0.2348	-0.523745
-0.799715	-0.181213
-0.940944	-0.219229
1.21008	0.135083
-0.788851	-0.927758
-0.202209	0.132585
-0.397757	0.137338
-0.886625	-0.389614
-0.897489	-0.153673
-0.40862	0.0830567
-0.723669	-0.120909
-0.788851	-0.195467
2.41595	0.370503
-0.180482	0.0416722
0.351842	-0.358083
2.52459	0.0615575
-0.951808	-0.75457
0.92762	0.656377
-0.452075	0.55406
1.99227	0.306878
-0.875761	0.398111
-0.32171	0.0576759
1.39476	-0.423645
-0.93008	-0.342152
-0.593304	0.0154462
-0.506394	0.50112
0.232341	0.728015
-0.158754	-0.0231904
-0.538985	0.334977
-0.984399	0.397603
-0.701941	0.33658
-0.832306	0.00655173
-0.93008	-0.587478
-0.245664	-0.283043
2.35077	0.423145
-0.549849	0.561005
0.123703	-0.452207
-0.799715	-0.574371
-0.0609805	0.357906
-0.615032	0.52067
-0.799715	0.081411
1.42735	0.292218
0.0150657	-0.0651307
0.134567	-0.144566
0.243204	0.609378
-0.84317	-0.562109
-0.310847	-0.539907
-0.767124	0.181376
-0.32171	0.525816
-0.984399	-0.522159
0.829847	0.412928
1.68808	-0.136191
1.40563	-0.217599
2.05745	0.621448
-0.832306	-0.0815734
0.188886	0.535754
-0.984399	-0.818482
-0.734533	-0.335254
1.61204	-0.13203
0.732073	0.31553
-0.940944	-0.975191
2.54632	0.137594
1.5034	0.542987
2.30732	0.585409
-0.940944	-0.327598
-0.854034	-1.64041
-0.66935	-0.229037
-0.951808	0.0935713
-0.777988	-0.443333
-0.984399	-0.772007
-0.897489	-0.109452
-0.864898	-0.742656
1.21008	0.149535
0.243204	0.0347773
0.482207	-0.3372
-0.908353	-0.864052
0.275796	-0.344639
0.199749	-0.032716
0.199749	0.148099
-0.854034	0.23003
-0.723669	0.0280821
-0.723669	-0.189412
-0.995263	-0.33533
-0.245664	0.435488
-0.332574	-0.472118
0.221477	0.121973
1.80758	-0.133571
-0.973535	-1.0261
-0.14789	0.0345813
0.395297	0.502215
-0.158754	-0.00910265
-0.441212	0.531796
-0.940944	-1.05722
-0.832306	0.427186
-0.571577	-0.207617
-0.919216	-0.000471906
0.406161	0.375876
-0.908353	-0.524531
0.525662	0.130232
0.0367932	-0.0549083
-0.821443	-0.247684
-0.636759	0.493384
1.04712	0.169994
0.449616	0.549338
0.634299	0.160239
-0.2348	0.280995
-0.082708	-1.23423
-0.604168	0.237657
-0.245664	0.116574
3.23073	0.7153
-0.951808	-0.634201
0.547389	0.415211
0.340978	0.888054
-0.875761	0.129712
-0.701941	-0.0515385
0.786392	0.207343
-0.310847	0.347053
3.6001	0.373777
0.210613	0.49604
-0.452075	0.00926571
-0.245664	-0.0728492
-0.84317	-0.277361
-0.365165	-0.408841
-0.93008	-0.410004
0.471343	0.410284
0.938484	0.503108
-0.701941	0.432722
-0.886625	-0.398056
2.42682	0.178294
-0.864898	-0.476563
0.84071	0.425915
0.601708	0.365391
1.60117	-0.0502286
3.90429	0.456504
-0.137027	0.0733949
-0.647623	-0.293117
-0.299983	-0.588311
2.97	0.508116
-0.875761	-0.442909
-0.604168	-0.782489
0.0150657	0.549207
-0.441212	0.478026
-0.854034	0.11841
-0.777988	-0.895623
-0.832306	0.232729
-0.745396	-0.141232
-0.832306	-1.15557
0.134567	-0.0157962
-0.886625	-0.268336
-0.441212	-0.953527
-0.376029	-0.00204981
-0.14789	0.259684
1.27526	0.432394
-0.777988	0.0690278
-0.158754	-0.617149
-0.962671	-1.02257
-0.734533	-0.858689
-0.93008	-1.42597
-0.93008	0.0982281
-0.158754	0.468562
-0.58244	-0.504977
0.101976	0.386644
-0.256528	-0.0380881
1.03626	0.350326
-0.897489	-1.14213
-0.647623	-0.549362
0.916757	0.0439121
2.48114	-0.179608
-0.864898	-0.747166
-0.75626	-1.11607
2.36163	0.387725
-0.0175256	0.145373
2.86137	0.769926
-0.604168	0.226285
-0.919216	-0.713173
-0.919216	-1.11587
-0.115299	0.352058
-0.082708	0.0688217
-0.973535	-0.266637
-0.310847	0.0587918
0.569117	-0.471125
-0.245664	0.00899044
2.93741	0.147357
0.0911119	-0.171656
0.297523	0.368631
-0.430348	0.038393
2.68755	0.160346
1.61204	0.553046
0.351842	0.221638
-0.180482	-0.725294
-0.2348	0.0233352
-0.940944	-1.09485
-0.32171	0.284462
-0.452075	0.00593823
-0.528122	0.478425
-0.32171	-1.0019
-0.289119	-0.200471
-0.962671	0.112254
-1.00613	-0.753233
2.18781	0.501022
-0.658487	0.144265
0.101976	-0.0417205
-0.343438	-0.302425
-0.734533	-0.30749
0.0476569	0.464742
-0.984399	-0.329795
0.764664	0.0778351
-0.908353	0.356693
0.0802482	0.107667
1.5034	0.468088
-0.821443	0.377415
0.167158	0.0804
-0.560713	-0.568814
-0.908353	0.0417931
-0.473803	-0.16828
1.67722	0.364604
-0.299983	0.121851
2.48114	0.261177
-0.875761	-0.672153
-0.593304	0.170754
-0.213073	0.658794
0.167158	-0.0327734
-0.267392	-0.00612865
-0.767124	0.295847
-0.658487	0.249531
0.145431	0.415077
-0.0175256	0.40505
1.31872	0.482858
1.28612	0.0874374
0.264932	0.322273
0.0693844	-0.627628
0.308387	0.292033
0.308387	0.15933
0.732073	0.226843
-0.93008	-0.720875
2.50286	0.408225
1.43822	0.604679
0.503934	0.514723
2.80705	0.754139
-0.32171	0.00453111
1.32958	0.324666
-0.767124	0.488462
-0.886625	0.0165768
-0.777988	-0.15662
0.938484	-0.218939
-0.571577	0.14698
-0.58244	1.00644
1.37303	-0.187928
0.319251	0.243859
-0.332574	-0.247755
-0.213073	-0.690968
-0.832306	-0.556108
-0.039253	-0.191421
-0.386893	0.230372
-0.995263	-0.682755
-0.180482	0.378104
3.46974	0.419477
0.112839	0.136272
-0.158754	0.486698
-0.788851	-0.453178
-0.821443	-0.864631
-0.299983	0.0649096
0.503934	0.299804
-0.799715	-0.685072
0.786392	0.540807
0.829847	0.248464
1.30785	0.203887
0.188886	0.338272
-0.452075	0.49814
-0.951808	0.211699
-0.289119	-1.03172
-0.473803	-0.4505
0.0476569	-0.169792
0.460479	0.0305515
-0.84317	-0.313991
1.87277	0.508387
0.384433	0.465996
0.797255	0.338961
-0.854034	-0.289058
0.699482	0.624383
-0.908353	-0.695124
2.69841	0.133758
-0.767124	0.329902
0.66689	0.260085
-0.332574	0.370699
-0.202209	-0.846293
-0.615032	-0.468781
-0.767124	0.181376
2.32904	0.237587
0.0476569	-0.207169
-0.701941	0.187072
3.91515	0.275
-0.875761	-1.35288
-0.00666181	0.00484652
0.0476569	0.206638
-0.2348	0.622102
3.4806	0.477594
1.32958	0.435225
0.134567	0.505279
-0.93008	-0.837527
-0.75626	-0.131922
3.14382	0.372426
-0.723669	-0.184761
-0.0175256	0.387984
-0.615032	-0.570696
0.525662	0.0215328
0.0150657	0.339897
-0.299983	-0.594635
1.13403	-0.105092
0.373569	-0.0357065
1.91622	-0.183375
-0.821443	-0.327481
0.514798	-0.285734
-0.886625	-0.713454
-0.66935	0.499819
-0.0283893	0.375886
0.971075	0.557305
1.45994	0.290534
-0.810579	0.392031
-0.734533	0.538303
-0.484667	-0.62927
-0.875761	-0.387711
-0.289119	0.471882
-0.84317	0.416084
0.308387	-0.377145
-0.821443	-1.04249
-0.376029	-0.409612
-0.973535	-0.153121
0.286659	0.577484
-0.223937	-0.457264
0.590844	-0.0503635
-0.354302	0.150347
-0.419484	-0.0242438
0.677754	0.791944
0.101976	0.476624
0.145431	0.0847895
0.7538	0.143172
0.514798	0.501829
-0.864898	0.490728
-0.940944	-0.114497
1.16662	-0.157812
0.569117	0.326934
-0.267392	0.369564
1.72067	0.310958
-0.832306	-0.414612
0.145431	0.654219
-0.0935718	0.366442
3.13296	0.342469
-0.854034	0.0903869
-0.864898	-0.199228
-0.528122	-0.127716
-0.180482	-0.859925
0.178022	0.0551957
-0.571577	0.281424
-0.886625	-0.199135
0.134567	-0.00671295
0.373569	0.46333
-0.777988	-0.500904
-0.691078	-1.06349
2.16609	0.24156
-0.919216	-1.43946
0.460479	0.46921
-0.40862	0.293542
-0.0283893	0.426351
0.482207	0.0796824
-0.734533	-1.26796
-0.962671	-0.449012
-0.875761	-0.653193
0.471343	0.0487546
-0.082708	0.570925
-0.995263	-0.755869
-0.984399	-0.409348
1.1449	-0.0757112
-0.951808	-0.587448
-0.517258	0.0515871
-0.919216	-0.904461
-0.864898	-0.0165787
-0.343438	0.129361
0.406161	0.287404
-0.66935	-0.10275
0.384433	0.539312
2.40509	0.0368474
0.84071	0.682301
0.449616	0.0471582
-0.788851	0.302984
-0.278255	-0.45767
-0.538985	-0.325266
-0.647623	0.285093
-0.223937	-0.491765
-0.082708	-0.153861
1.91622	0.365495
1.05799	0.0617095
-0.951808	-0.72031
1.48167	0.481546
-0.66935	0.297902
0.721209	0.270294
-0.571577	0.346189
-0.115299	0.357331
0.525662	0.0635684
-0.864898	-0.455163
0.427888	0.742089
-0.984399	-0.433995
-0.919216	-0.00580139
-0.723669	0.122914
-0.919216	-0.812657
0.0476569	0.405552
-0.886625	-1.35521
0.525662	0.216177
-0.0501168	-0.00242359
-0.625895	-0.0298766
2.57891	0.302025
-0.864898	-0.891797
-0.691078	0.534452
0.482207	-0.086964
-0.886625	-0.0592892
-0.169618	0.219798
-0.571577	-0.120084
-0.66935	-0.209692
-0.984399	0.334233
-0.875761	-0.391061
-0.560713	0.350241
-1.00613	-1.04419
0.101976	-0.0107636
-0.0501168	0.387724
-0.267392	0.106114
1.6229	0.575319
0.992803	0.350797
-0.278255	0.204833
0.612572	0.094779
1.2644	0.71698
-0.137027	0.543998
-0.897489	-0.765063
-0.462939	-1.22257
-0.49553	0.289475
-0.593304	0.317615
-0.886625	-0.493137
-0.93008	-1.69509
-0.745396	-0.473679
-0.223937	0.284399
-0.386893	-0.144154
0.503934	0.285482
0.145431	-0.0553319
-0.32171	0.121392
-0.84317	-0.406187
-0.940944	-0.0714567
-0.723669	-0.279505
-0.940944	0.509995
-0.278255	0.454281
-0.93008	0.0648828
-0.191345	0.178226
-0.419484	-0.279073
-0.462939	0.346898
-0.126163	-0.0875763
0.884165	0.510605
-0.343438	0.0969249
0.699482	-0.569052
0.134567	0.379019
0.916757	0.456527
1.9814	0.44964
-0.191345	0.291919
-0.289119	0.510025
1.37303	-0.187928
-0.810579	0.472699
2.35077	0.7188
0.373569	0.684867
-0.571577	-0.181028
-0.93008	-1.02907
-0.723669	-0.305626
2.42682	0.473815
0.829847	0.411669
1.48167	0.0519901
-0.289119	0.33585
0.916757	0.22086
-0.854034	-0.527347
0.0259294	-0.0503287
-0.919216	-0.954437
0.0911119	0.387731
-0.897489	-0.71802
4.38229	0.162887
-0.538985	-0.602326
-0.397757	-0.12542
-0.995263	-0.729052
-0.691078	0.320606
0.427888	0.0901
-0.115299	0.206404
-0.615032	0.230264
-0.886625	-0.991204
-0.560713	0.0426089
0.00420194	0.413143
0.49307	-0.31583
-0.191345	0.249482
-0.419484	0.183175
-0.897489	-0.599868
0.547389	0.282554
2.86137	0.769926
-0.625895	0.53619
-0.0283893	-0.31282
-0.84317	-1.05368
-0.940944	-0.492954
-0.549849	-0.771496
-0.386893	0.192151
0.156294	0.391403
0.862438	0.0689346
-0.245664	0.373729
0.57998	0.610896
-0.484667	0.370037
-0.0935718	-0.0094735
-0.419484	0.490877
-0.951808	-0.455824
0.0802482	0.579004
1.01453	0.506189
0.66689	0.320325
-0.875761	-0.445645
-0.082708	0.213868
-0.93008	-0.019925
-0.886625	-0.1315
-0.462939	-0.601391
-0.560713	0.327874
0.590844	0.1106
-0.58244	-0.0805675
0.178022	0.310695
1.34044	0.846418
-0.886625	-0.192275
0.0693844	0.25721
1.75326	0.422662
-0.788851	-0.471063
-0.213073	-0.142639
-0.32171	0.300944
1.93795	0.271966
0.0693844	0.284254
-0.0283893	-0.0986653
0.00420194	0.0220376
0.123703	0.838291
-0.897489	-1.13763
0.960212	-0.315838
-0.734533	-1.23586
-0.549849	0.492193
-0.832306	0.0239094
-0.767124	-0.798138
-0.940944	-0.368018
-0.397757	-0.212332
0.112839	-0.631896
-0.864898	-0.323918
2.43768	0.377063
0.808119	0.347569
0.742937	-0.157793
-0.278255	0.41813
-0.0609805	-0.426494
-0.0283893	-0.560382
-0.517258	-0.0420834
-0.115299	-1.99567
-0.821443	0.415655
0.992803	0.219796
-0.788851	-0.391652
-0.854034	-0.559975
-0.213073	0.39169
0.503934	0.348595
-0.517258	-0.0382363
-0.995263	-0.483921
-0.213073	0.522104
-0.75626	-0.255943
2.253	0.461389
-0.49553	-0.4002
1.05799	-0.142502
0.851574	0.103808
1.17749	0.429249
-0.647623	0.153862
-0.0609805	0.177921
0.340978	0.443641
-0.84317	-0.308545
-0.777988	-0.223262
0.547389	-0.111476
-0.712805	0.326679
-0.93008	0.524609
0.156294	0.39252
-0.691078	-0.0829142
0.742937	-0.196449
0.134567	0.417865
3.19814	0.478011
-0.169618	0.330343
-0.2348	0.352339
-0.658487	-0.467626
-1.01699	0.159455
-0.180482	-0.0302278
-0.951808	-0.349373
-0.962671	-0.705817
-0.484667	-0.36092
-0.973535	-0.722459
-0.137027	0.44274
-0.354302	-0.553056
-0.734533	0.314322
-0.354302	-0.0386664
-0.473803	0.0823027
0.254068	0.0431265
-0.0501168	0.0185384
-0.310847	0.299725
3.21987	0.556677
0.916757	-0.523127
0.286659	0.466129
0.525662	0.122379
-1.00613	0.366137
0.0476569	-0.0597936
0.308387	0.256003
1.23181	0.380705
2.63323	0.318235
0.0693844	0.686285
-0.14789	0.242328
0.590844	0.334976
-0.745396	-0.733885
-0.343438	0.0691952
0.0693844	-0.232773
-0.712805	0.151108
0.134567	-0.0825111
-0.484667	0.315965
0.243204	-0.200066
-0.810579	-0.586491
1.02539	0.324578
2.17695	0.569495
1.12317	0.252255
-0.973535	-0.288986
-0.636759	-1.23
-0.75626	0.310341
0.373569	0.19256
1.77499	0.179616
1.55772	0.468354
-0.734533	-0.633386
0.0693844	0.398605
-0.908353	-1.11535
-0.430348	0.277917
-0.343438	0.200191
1.69895	0.32183
-0.636759	-0.431701
-0.919216	-0.805753
-1.00613	-0.133626
-0.430348	-0.406317
-0.745396	0.27303
-0.908353	-0.811906
-0.137027	0.369259
0.112839	0.584682
-0.517258	0.390792
-0.615032	-0.16975
-0.14789	0.156542
-0.32171	0.457762
-0.365165	-0.87263
-0.93008	-1.38783
1.12317	0.00907308
-0.40862	-0.17142
-0.310847	0.293959
-0.962671	-0.796989
0.0150657	0.0372926
0.264932	0.268106
-0.202209	0.274745
0.384433	0.170286
-0.039253	0.289375
-0.58244	0.336297
-0.75626	-0.198214
0.0585207	-0.0267572
-0.289119	-0.200561
2.22041	0.492506
-0.897489	-1.39429
0.460479	-0.217867
2.64409	0.223192
-0.832306	0.411213
-0.615032	0.0262852
-0.593304	0.0471937
-0.854034	-0.321838
-0.919216	-0.897787
-0.745396	-0.733885
-0.875761	-0.585624
-0.810579	-0.451533
0.406161	0.172819
2.32904	0.505404
-1.00613	-0.638774
0.112839	0.325136
0.851574	0.7171
0.221477	0.54247
-0.951808	-0.646093
-0.75626	-0.416517
-0.267392	0.386455
-0.886625	-0.478464
3.08951	0.25679
-0.462939	0.649863
-0.0935718	0.292036
0.112839	-0.467262
-0.441212	0.355375
-0.484667	-0.182107
0.525662	0.625586
-0.506394	0.0806628
-0.126163	-0.314403
-0.528122	0.445912
-0.32171	0.209575
1.03626	0.488641
-0.40862	0.284385
-0.310847	-0.0910616
-0.810579	-0.0774779
-0.245664	0.487204
0.916757	0.232514
-0.810579	0.191062
1.03626	-0.011311
-0.875761	-0.227194
-0.973535	-0.865908
0.297523	-0.120586
0.384433	0.462439
2.70927	-0.1898
-0.908353	-0.896485
-0.2348	0.278238
-0.430348	-0.0512752
0.688618	-0.233978
0.482207	0.00187576
1.27526	0.288619
-1.02785	-0.73082
0.49307	-0.153402
-0.940944	-0.613376
-0.430348	-0.306557
-0.995263	-1.47707
-0.289119	0.454823
0.406161	0.0934048
-0.93008	-0.775302
1.44908	0.447947
2.02486	0.199846
-0.289119	0.422481
-0.32171	0.348789
1.03626	0.183333
-0.376029	-0.0565612
4.39316	0.372947
0.66689	0.123497
0.656027	-0.085786
1.8619	0.230979
0.0476569	-0.838503
-0.430348	-0.38652
-0.821443	0.69994
-0.593304	-0.0121298
-0.908353	-0.306734
-0.14789	-0.248169
0.0911119	0.506717
-0.691078	-0.0673978
-0.462939	0.297071
0.0911119	-0.632455
-0.158754	-0.287926
0.0367932	0.167215
-0.289119	0.0407568
-0.886625	0.0509558
-0.973535	-0.571593
-0.0718443	0.106093
-0.897489	-0.249333
-0.256528	0.23086
-0.864898	0.171286
-0.0283893	0.567928
-0.484667	0.136613
0.84071	0.352729
-0.875761	-1.34111
0.438752	0.0431766
0.688618	0.040713
-0.299983	0.458099
1.93795	0.62353
-0.115299	0.283899
1.43822	0.266476
0.808119	0.145849
0.677754	0.444766
2.77446	0.375838
0.145431	0.520032
-0.0175256	-0.280286
0.156294	-0.0501465
1.65549	0.637847
0.449616	0.0542167
-0.919216	-0.182593
-0.886625	-0.331765
0.569117	-0.400168
-0.854034	0.325659
-0.462939	0.649863
0.514798	0.241419
-0.84317	0.234239
0.00420194	0.404066
-0.75626	-0.190206
1.10144	0.332368
-0.49553	0.966327
0.525662	0.0830353
-0.75626	0.334287
-0.93008	-0.742079
-0.039253	-0.00312995
0.264932	0.105009
-0.875761	-0.984919
-0.799715	0.464628
-0.58244	-1.00368
-0.0501168	0.449801
-0.549849	-0.139613
-0.115299	0.179536
0.536525	1.00014
-0.777988	-0.173248
0.0259294	-0.0840218
-0.549849	-0.17129
-0.223937	0.478455
-0.506394	-1.53571
-0.854034	-1.04842
-0.897489	-0.296791
-0.84317	-0.751683
-0.777988	-0.459987
-0.973535	0.240218
-0.864898	-0.454547
-0.462939	0.110216
0.971075	0.242126
-0.66935	0.129265
-0.973535	-0.81281
-0.223937	0.184851
-0.278255	-0.51689
-0.039253	0.286977
-0.723669	-0.965946
-0.191345	-0.151149
-0.701941	0.245591
2.32904	0.342888
3.4806	0.492783
0.623435	0.418722
0.0259294	-0.0598554
-0.191345	-0.0670151
0.395297	0.202177
-0.93008	-1.38783
0.57998	-0.295451
0.66689	0.207532
0.960212	0.088809
0.319251	0.51127
0.656027	0.440082
-0.951808	-0.75829
-0.549849	-0.0816842
-0.995263	-0.464562
-0.462939	0.0788678
2.40509	0.515802
-0.962671	-0.0438215
0.547389	0.131658
-0.310847	0.24959
-0.158754	0.220806
-0.473803	-0.244375
2.22041	0.472578
0.525662	0.0958148
-0.734533	-0.584494
-0.734533	0.525525
0.319251	0.341088
0.123703	0.405613
-0.310847	-0.128379
0.308387	0.490171
0.645163	-0.0193804
0.340978	0.398822
0.438752	-0.0052057
-0.93008	-0.46469
0.721209	0.187593
-0.137027	-0.0301689
-0.940944	-0.34437
0.873302	-0.144312
-0.115299	0.205174
1.13403	0.276906
0.00420194	0.186082
2.44854	0.0800551
0.417024	0.36288
0.482207	0.0351
-0.788851	-0.572147
0.797255	0.494481
-0.919216	-0.665036
-0.365165	-0.328224
0.297523	0.143391
-0.908353	-0.668137
-0.202209	-0.155856
0.101976	0.438638
-0.810579	-0.813458
-0.126163	0.670146
-0.788851	-0.409585
-0.158754	0.0361218
1.95968	-0.496057
-0.995263	0.26363
1.41649	0.350365
-0.0609805	0.653514
-0.984399	-0.354203
-0.658487	-0.000263447
0.167158	0.0922613
-0.0935718	0.503039
1.67722	0.633802
0.916757	0.403128
-0.430348	0.26126
-0.636759	0.169424
1.57945	0.452204
-0.919216	-0.124545
0.797255	0.274871
0.340978	-0.0556499
-0.49553	-0.3086
-0.897489	-0.77475
-0.560713	-0.349607
-0.734533	-0.282156
-0.886625	-0.864325
2.00313	0.640569
4.59957	0.734275
-0.647623	0.203475
-0.245664	0.168537
-0.538985	0.361155
-0.832306	0.346375
3.21987	0.774775
-0.419484	0.218758
-0.864898	-0.695424
1.61204	0.457138
-0.49553	-0.60823
1.44908	0.220818
-0.299983	0.0606055
0.395297	-0.377499
-0.191345	0.407036
-0.538985	0.28995
-0.919216	-1.17548
-0.973535	-0.397042
-0.615032	0.500011
-0.0718443	0.422954
-0.376029	-0.11812
-1.00613	0.24365
-0.528122	0.544309
-0.245664	-0.0927647
1.60117	0.572224
-0.289119	0.0451777
-0.919216	-0.651515
0.178022	0.161809
1.57945	0.510556
0.156294	0.279528
1.99227	0.347352
0.895029	0.034698
-0.169618	-0.137508
0.112839	0.254911
-0.549849	0.039063
3.14382	0.815801
-0.973535	-0.00155003
-0.799715	0.547732
0.384433	-0.054009
-0.180482	0.257773
2.53545	0.535665
-0.506394	-0.044203
-0.32171	-1.0019
1.87277	0.178625
-0.419484	0.526296
2.16609	0.379929
-0.832306	-0.28976
0.862438	0.0912234
-0.84317	0.439975
-0.788851	-0.367183
-0.625895	-0.0638673
-0.767124	0.544119
1.18835	0.575003
-0.180482	-0.0302278
0.677754	0.212758
0.112839	0.522902
-0.821443	0.636412
1.3839	0.441735
-0.549849	0.337044
-0.386893	0.052427
0.960212	0.316128
-0.126163	0.289722
-0.951808	-0.604272
-0.908353	-0.258778
0.351842	0.305652
-0.506394	-0.044203
0.938484	0.612604
2.06831	0.432624
-0.604168	0.295061
-0.517258	-0.754677
-0.647623	0.474749
-0.810579	0.059887
-0.66935	-1.12921
-0.940944	-0.438971
0.536525	0.319206
-0.864898	0.0560896
-0.571577	-0.0383228
-0.680214	0.363999
-0.137027	-0.553166
1.52513	0.330195
-0.951808	-0.490105
-0.767124	-1.2142
-0.734533	0.161163
-0.767124	-0.560438
-0.2348	0.515418
0.0259294	-0.12457
-0.180482	-0.508836
0.916757	0.651136
0.188886	0.335617
0.112839	-0.279876
-0.973535	-0.668229
1.69895	0.10353
-0.245664	-0.662607
0.0259294	0.422964
-0.419484	0.339563
-0.419484	0.170087
0.569117	0.191179
-0.84317	-0.37967
-0.84317	-0.158358
-0.810579	0.307776
1.25353	0.480975
-0.32171	0.279135
1.5034	0.101452
-0.788851	-0.902403
-0.104436	-0.0473697
-0.365165	-0.101463
1.39476	0.331148
0.66689	0.196697
-0.854034	-0.071563
0.0585207	-0.4159
-0.973535	-0.27349
1.41649	0.29893
0.829847	0.556458
-0.506394	0.25628
-1.02785	-0.484253
0.427888	0.300134
-0.538985	-0.554515
-0.875761	-0.0609797
-0.973535	-0.896634
-0.256528	0.305383
-0.14789	0.189167
1.22094	0.247829
-0.137027	0.0616774
-0.701941	-0.830997
-0.658487	0.282374
-0.908353	0.368408
1.53599	0.72416
-0.908353	-0.660691
0.123703	-0.138548
-0.528122	-0.195965
-0.0935718	-0.416459
-0.169618	-0.329153
-0.40862	-0.219558
-0.310847	-0.502264
-1.00613	0.523211
-0.0175256	-0.444443
-0.213073	-0.326301
0.514798	0.413628
-0.951808	-0.604272
-0.441212	-0.00872839
-0.984399	0.268467
1.16662	0.502117
-0.571577	0.261646
-0.940944	-0.706146
-0.908353	-0.696108
0.308387	0.150779
-0.571577	0.52928
-0.49553	-0.117111
-0.962671	-0.0760892
-0.799715	0.632418
-0.658487	-0.869015
-0.310847	0.163245
3.98033	0.438853
0.221477	0.406291
-0.191345	0.759278
-0.886625	0.51137
-0.40862	-0.219558
-0.984399	-0.645264
-0.615032	-0.127387
0.297523	0.228019
-0.528122	0.0905967
-0.528122	0.0725124
-0.376029	0.267856
1.48167	0.516069
1.34044	-0.00411197
0.0802482	-0.65135
-0.93008	-0.570656
-0.93008	-0.238244
1.65549	0.362533
0.330114	0.522382
-0.58244	-0.0760521
0.0367932	0.0706548
4.39316	0.564344
4.19761	0.122062
-0.0718443	0.0676981
-0.777988	0.437287
1.29699	-0.16036
-0.701941	0.186749
-0.854034	-0.169186
0.482207	0.0940109
-0.0283893	0.192763
-0.517258	-0.333067
-0.419484	0.0255345
1.51426	0.332531
0.112839	0.0229227
0.286659	-0.296637
-0.777988	-0.501994
0.981939	0.640744
-0.0175256	-0.0479295
0.340978	0.448936
-0.864898	-0.34423
-0.897489	0.201101
-0.712805	0.377085
-0.658487	-0.222688
-0.593304	-0.255671
-0.517258	-0.151133
-0.864898	-0.510914
-0.647623	-0.0368336
0.0150657	0.255746
-0.528122	-0.219237
-0.767124	-0.939006
-0.158754	0.0102431
-0.973535	-0.78101
-0.767124	-0.319323
-0.691078	-1.17235
1.03626	0.515553
-0.712805	-0.528512
0.199749	0.454395
-0.604168	0.404133
0.340978	0.366196
-0.984399	0.229556
0.514798	0.388435
0.895029	0.168454
-1.02785	-0.540678
2.06831	0.340883
1.40563	0.440575
0.123703	0.502249
-0.886625	-0.216558
1.09058	0.254476
-0.723669	0.171983
-0.832306	-0.107295
-0.788851	-0.433003
-0.93008	-0.676759
0.362706	0.499827
-0.14789	0.375571
5.15362	0.60738
0.384433	0.455838
-0.734533	0.33815
-0.245664	-0.0133609
-0.984399	-0.153631
0.427888	0.170649
-0.680214	-0.368848
0.112839	0.470711
-0.658487	0.395675
0.7538	-0.176135
2.05745	0.543149
0.601708	0.382659
-0.788851	-0.0863055
1.27526	0.383385
-0.14789	0.079278
-0.821443	-0.0700307
-0.886625	-1.12822
-0.897489	0.245118
2.39423	0.330773
-0.951808	-0.589484
0.384433	0.160073
-0.897489	-0.412873
-0.180482	0.13795
-0.984399	-1.19217
-0.886625	-0.0656021
-0.897489	-0.396681
1.40563	0.827159
0.536525	0.127339
-0.126163	0.123445
-0.517258	-0.285703
0.0693844	0.322167
-0.191345	0.253845
-0.940944	-0.832407
2.04659	0.470104
-0.734533	0.337365
0.536525	0.541145
0.742937	0.313923
-0.734533	-0.344916
4.13243	0.464225
1.31872	0.416425
0.330114	0.406923
0.786392	0.532828
0.0911119	0.469259
1.15576	0.28525
0.0802482	0.276698
-0.767124	-0.702327
-0.767124	0.345496
-0.267392	0.0329892
-0.430348	-0.185637
-0.169618	-0.67679
-0.777988	-0.565825
-0.984399	-0.536029
0.0476569	0.0401951
1.93795	0.504522
0.123703	0.439845
1.97054	0.725318
-0.137027	0.390419
-0.799715	-0.464208
-0.473803	0.238793
-0.58244	-0.341284
-0.767124	-0.653914
-0.875761	-0.334534
-0.49553	0.285165
-0.213073	0.381587
0.732073	-0.166573
-0.299983	-0.327983
-0.039253	-0.537862
-0.93008	-0.703314
-0.75626	0.146239
0.101976	0.307207
0.938484	0.517302
0.732073	0.368188
-0.0935718	-0.674789
-0.365165	-0.407093
0.0476569	0.345391
1.45994	-0.011581
-0.625895	0.449149
-0.951808	-0.806099
-0.854034	-1.10595
-0.158754	0.331166
0.0693844	0.0720374
-0.115299	0.358371
0.558253	0.134862
-0.647623	-0.0517264
-0.84317	-0.0646366
-0.441212	0.218863
-0.647623	0.214438
-0.962671	-0.88692
-0.680214	0.0547968
1.28612	-0.418305
-0.386893	-0.00549481
-0.202209	-0.56947
-0.354302	-0.417567
-0.75626	-0.0107898
0.101976	0.595424
-0.962671	-0.700956
-0.777988	0.481087
-0.680214	-0.458899
-0.940944	-0.657796
-0.245664	-0.662607
-0.343438	-0.648265
-0.58244	-0.36652
-0.419484	-0.0701719
0.808119	0.992619
0.460479	0.130432
0.330114	0.243293
-0.897489	-0.184582
0.384433	-0.105459
-0.962671	-1.37417
-0.897489	-1.06441
-0.484667	0.288908
-0.84317	-0.78129
-0.897489	-0.138948
0.862438	0.164668
-0.506394	-0.427507
0.732073	0.490947
0.829847	0.502246
-0.625895	0.173078
0.0150657	0.25124
-0.332574	0.166663
-0.799715	-0.928725
-0.810579	0.181454
-0.419484	-0.098189
-0.940944	-0.796182
1.23181	0.310465
-0.886625	0.0767018
-0.49553	0.548647
-0.810579	-0.156699
-0.14789	0.498353
1.09058	0.335689
2.63323	0.474481
-0.386893	-0.208772
-0.158754	0.473191
-0.962671	-0.819426
-0.734533	0.186593
1.21008	0.39194
1.10144	0.561926
0.992803	0.64568
-1.02785	-1.12746
0.112839	0.13155
1.97054	0.185604
-0.973535	-0.504553
-0.343438	0.456994
2.03572	0.348473
1.2644	0.412096
0.297523	0.41835
-0.734533	-0.150534
-0.832306	-0.860114
0.123703	0.369427
-0.039253	-0.169534
-0.593304	0.266293
1.29699	0.228687
-0.886625	-0.971662
0.916757	0.312765
0.721209	0.128629
-0.973535	-0.825033
-0.973535	-1.05549
3.46974	0.677139
-0.484667	0.492841
-0.32171	0.265897
-0.995263	0.322385
0.764664	0.0640643
-0.223937	-0.0572135
-0.484667	0.489882
0.0802482	0.377339
3.62183	0.182834
-0.126163	0.387558
-0.723669	-0.162472
0.0367932	0.473683
1.9814	-0.150852
0.0585207	-0.27143
-0.397757	0.509037
-0.962671	-0.635184
0.764664	0.40555
-0.864898	-0.981896
-0.951808	-0.0187816
0.00420194	0.331225
3.80651	0.380847
-0.0718443	0.0654384
-0.973535	-1.13087
-0.343438	-0.389424
0.362706	-0.130749
-0.49553	0.480545
-0.104436	0.529025
-0.799715	-0.150876
1.09058	0.464958
-0.593304	0.0719686
-0.864898	-0.391838
-0.908353	-0.205083
-0.712805	0.168482
0.0802482	0.135494
-0.386893	-0.832882
-0.886625	-0.665819
-0.680214	1.02468
-0.973535	-0.874152
1.01453	0.24784
0.145431	-0.0606693
-0.538985	0.00413667
-0.984399	-0.318568
0.775528	0.355748
0.786392	-0.0544027
-0.441212	0.103397
-0.897489	-1.62991
-0.571577	-0.59017
0.7538	0.515373
-0.658487	-0.239379
1.18835	0.424359
-0.973535	-0.668901
2.53545	0.232836
0.699482	0.606682
-0.658487	0.295451
-0.908353	-0.0942941
2.93741	0.00269478
-0.58244	0.397904
-0.082708	0.449948
2.26386	0.387924
-0.354302	-0.474893
0.916757	0.621262
-0.560713	-0.507311
-0.365165	0.360298
-0.821443	-0.448928
-0.701941	-0.0585545
-0.919216	-0.406761
-0.223937	0.448801
0.156294	0.391403
-0.2348	0.316226
-0.310847	0.0971978
-0.799715	0.318173
0.297523	0.399671
-0.93008	-0.802451
-0.777988	-0.470638
-0.951808	-0.39801
-0.517258	0.214435
0.57998	0.213853
1.18835	-0.223469
-0.75626	-0.958182
-0.604168	0.219249
1.61204	0.534665
-0.962671	-0.482711
0.49307	0.194652
-0.0501168	0.495906
-0.723669	0.47688
0.178022	-0.245081
-0.169618	0.489233
-0.115299	0.48303
1.48167	0.502428
-0.886625	-0.776617
-0.386893	0.260257
0.612572	-0.0738916
-0.821443	0.113645
1.25353	0.16684
4.39316	0.371618
-0.289119	-0.316093
-0.397757	0.187554
2.62236	0.663986
-0.777988	-0.395326
1.34044	0.499448
-0.560713	0.335413
-0.821443	-0.62149
-0.84317	0.0801356
0.156294	0.501895
-0.919216	-0.369886
0.732073	0.39241
0.569117	0.252782
-0.538985	-0.123126
-0.223937	0.436141
1.15576	-0.385935
0.57998	0.049671
-0.658487	0.47491
0.612572	0.743861
-0.40862	0.157212
-0.430348	0.110824
-0.962671	0.42735
1.56858	0.266874
-0.289119	0.0735325
-0.973535	0.146792
-0.517258	-0.28538
-0.636759	0.310629
-0.115299	0.453056
2.492	0.535564
-0.658487	0.471908
0.0476569	-0.60001
-0.365165	0.397262
0.905893	0.348783
-0.962671	-0.600472
0.960212	0.377675
-0.908353	0.200283
-0.886625	-0.443705
0.482207	0.124692
0.895029	0.545458
0.764664	0.665004
-0.767124	-1.17891
3.30678	0.334823
2.56805	0.0329671
2.80705	0.39118
-0.180482	-0.178618
-0.66935	-0.54134
0.243204	-0.0418791
0.905893	0.146567
-0.560713	-0.220631
0.286659	0.0501323
2.28559	0.627187
-0.951808	-0.560774
0.101976	0.308088
0.232341	0.332618
0.156294	0.366088
-0.647623	-0.186986
-0.115299	0.63386
-0.723669	-0.0499724
-0.126163	-0.0923851
-0.484667	-0.33196
-0.962671	-0.277044
-0.940944	-0.310252
-0.0501168	-0.837989
-0.940944	-0.580156
-0.104436	0.274656
-0.799715	-0.228364
-0.951808	-0.981201
0.221477	0.304867
-0.126163	-0.164122
0.297523	0.52657
-0.32171	0.417617
0.395297	0.561239
1.09058	0.22445
-0.636759	0.385757
0.297523	0.323113
-0.788851	-0.0443145
-0.484667	0.16914
-0.278255	0.0626886
-0.615032	0.407038
-0.14789	0.461196
1.19921	0.208058
0.49307	0.346046
-0.951808	-0.149432
0.0693844	0.108219
0.992803	0.511686
-0.886625	-0.446701
0.57998	0.249386
1.10144	0.400919
-0.93008	-0.407176
-0.984399	-0.761388
0.732073	0.0191025
-0.560713	0.353413
-0.332574	0.0883145
-0.039253	-0.617105
-0.549849	0.0713902
1.39476	0.345564
1.21008	0.02346
0.547389	0.486155
1.57945	0.214906
0.362706	-0.0618589
1.56858	0.110839
-0.14789	0.228275
0.167158	0.525317
-0.386893	-0.348412
-0.538985	-0.0744573
-0.452075	-0.031369
-0.202209	-0.379265
-0.593304	-0.0623421
-0.995263	-0.529414
-0.66935	-0.229037
-0.0175256	0.222827
-0.376029	0.316379
-0.549849	-0.431817
0.721209	0.533609
-0.0609805	0.250892
0.0911119	0.190537
0.00420194	-0.214807
-0.832306	-0.591754
-0.115299	0.32703
-0.2348	-0.361127
-0.940944	-0.762223
1.15576	0.562509
-0.0718443	0.0720441
-0.788851	-0.488279
1.54685	0.486193
-0.310847	0.198412
-0.397757	0.217374
-0.93008	-0.699648
2.26386	0.0335307
1.13403	0.173932
-0.962671	-0.72552
-0.777988	-0.213538
0.92762	0.653946
-0.2348	0.491363
-0.973535	-0.509832
-0.93008	-0.0628527
-0.0609805	0.302243
2.15522	0.567837
0.656027	-0.240708
-0.49553	0.390604
-0.962671	-0.819426
3.62183	0.182834
-0.864898	-0.319649
-0.202209	0.162698
-0.799715	-0.518999
0.449616	0.465107
1.6229	0.580869
-0.647623	-0.249664
0.221477	-0.669863
0.656027	0.179964
0.210613	0.0199401
-0.039253	0.118709
-0.84317	0.0698812
-0.571577	-0.372217
-0.082708	0.445255
-0.658487	0.271466
-0.636759	-0.0775393
-0.310847	0.332388
-0.0283893	0.218105
3.15469	-0.00879639
0.938484	0.37051
0.112839	0.349509
-0.810579	-0.138329
-0.821443	-0.18367
-0.115299	0.0659382
-0.223937	0.415876
-0.886625	-1.40001
-0.66935	-0.26524
-0.984399	-0.378272
-0.484667	-0.00678282
1.05799	0.322615
-0.84317	-0.125748
0.482207	0.175167
-0.777988	-0.255213
-0.0609805	-0.272828
0.0911119	0.288169
-0.571577	0.0858246
0.275796	-0.0513181
0.742937	0.625314
1.31872	-0.0502888
0.134567	0.416932
-0.452075	0.457343
-0.115299	0.365071
-0.40862	0.41529
-0.441212	0.231472
0.156294	0.0709445
4.20847	0.528421
0.112839	0.0996274
0.732073	0.519943
-0.593304	0.30303
1.70981	0.565198
2.03572	-0.284373
-0.419484	-0.125038
1.8619	0.0902614
-0.00666181	0.39415
-0.625895	-0.232345
0.264932	0.582951
-0.49553	-0.60823
-0.14789	0.308962
-0.158754	0.26054
1.16662	0.123181
1.03626	-0.170207
-0.93008	-0.299498
-0.864898	-0.36836
0.210613	-0.144508
-0.0501168	0.247721
-0.734533	-1.49197
-0.908353	-0.71674
-0.973535	0.400645
-0.0609805	0.376155
-0.332574	0.183154
0.0367932	0.0757444
0.156294	-0.140411
-0.593304	-0.23044
-0.538985	-0.699614
-0.995263	0.46051
-0.082708	-0.109708
1.28612	0.28595
-0.680214	-0.0184911
-0.799715	-0.0274219
-0.528122	-0.276969
2.253	0.461389
1.05799	0.264107
-0.984399	-0.369984
0.243204	0.21693
-0.126163	-0.204399
-0.908353	-1.27985
-0.908353	-0.830271
-0.886625	-0.187909
-0.593304	0.421805
2.38336	0.158242
-0.940944	-1.04113
1.52513	0.265601
3.29592	0.481976
0.558253	0.350145
-0.202209	-0.235761
-0.256528	0.737453
-0.701941	-0.162447
-0.832306	-0.860231
2.18781	0.510627
-0.137027	0.645031
-0.0718443	0.265334
-0.734533	-0.28786
2.98087	0.350492
-0.180482	0.520063
-0.419484	0.29216
-0.940944	-0.646177
-0.995263	0.514989
-0.376029	-0.557542
-0.0935718	0.0174254
0.0693844	0.708205
0.786392	0.160105
0.916757	0.66776
-0.821443	0.351841
-0.962671	-0.926642
-0.419484	-0.0485035
0.340978	0.479529
-0.908353	0.0340113
-0.0283893	0.117536
1.76413	0.455493
-0.256528	0.231995
-0.604168	-0.0735908
-0.202209	-0.167289
-1.02785	-0.276042
0.254068	0.339634
1.18835	-0.246724
-0.593304	-0.604002
-0.647623	-0.953615
0.0259294	-0.303988
-0.712805	0.401856
-0.115299	0.418646
0.0476569	-0.0283226
-0.799715	0.363012
-0.180482	0.277626
-0.951808	-0.575851
0.145431	-0.298156
1.41649	-0.245121
1.64463	0.500064
0.384433	0.135715
1.16662	-0.201698
1.39476	0.824491
-0.864898	-0.343459
-0.897489	-0.148641
-0.712805	-0.148923
-0.75626	0.469552
0.569117	0.621302
0.797255	0.286758
-0.604168	-0.328148
1.47081	0.326928
-0.897489	-0.402529
-0.84317	-0.463788
0.134567	0.356068
-0.962671	0.192652
-0.951808	-0.669588
2.66582	0.325276
0.699482	0.389519
-0.615032	0.449391
-0.680214	-0.0793796
0.275796	0.318683
-0.691078	0.155167
1.07971	0.269081
2.17695	0.484576
-0.962671	-0.147719
-0.310847	-0.097016
-0.49553	0.208473
-0.919216	-0.256967
0.0802482	0.268149
-0.875761	-0.783076
-0.484667	-0.232858
-0.473803	0.435379
0.884165	0.731628
0.308387	0.115411
-0.506394	-0.359992
-0.712805	-0.521549
-0.886625	-0.490464
0.330114	0.0541167
-0.604168	0.131964
1.24267	0.390145
0.57998	0.0518002
1.32958	0.12318
0.112839	0.0463067
-0.854034	0.204113
-0.082708	0.465616
-0.875761	-0.526885
-0.788851	-0.097462
-0.104436	0.252566
-0.571577	-0.820168
0.0367932	0.120698
-0.267392	0.371642
2.35077	0.170684
-0.962671	-0.58358
-0.343438	0.479706
-0.93008	-0.576175
-0.832306	0.492668
-0.84317	-0.241405
0.0367932	0.099139
3.75219	0.761409
1.39476	0.185762
-0.93008	-0.792777
1.94881	0.392772
0.699482	0.520236
-0.647623	-0.548946
2.3725	-0.115558
-0.00666181	0.662932
0.84071	0.479629
-0.0283893	-0.443366
-0.886625	-1.52846
-0.940944	-0.837596
3.68701	0.58224
-0.202209	0.743346
0.384433	0.721617
1.05799	0.121973
-0.49553	0.233975
-0.66935	-0.462051
0.710345	-0.0269974
-0.886625	-0.542089
-0.376029	-0.296726
1.00367	-0.0948716
2.03572	0.368703
0.167158	0.14365
-0.723669	-0.597098
1.69895	-0.0834712
-0.810579	-0.462182
2.253	0.718762
1.15576	0.365834
-0.745396	-0.242591
0.656027	-0.383308
0.199749	0.324504
2.18781	0.652883
-0.0718443	0.331745
-0.973535	-1.19864
-0.354302	-0.257369
2.54632	0.170529
-0.864898	-0.443251
-0.919216	-0.171705
0.0259294	-0.905023
-0.973535	-0.793572
-0.995263	-0.468308
-0.039253	0.365247
-0.951808	0.177027
0.905893	-0.0829138
-0.0935718	0.135252
2.55718	0.359594
0.732073	0.367216
-0.32171	0.683305
0.123703	-0.117874
-0.66935	0.379764
1.6229	0.634921
1.79672	-0.450063
3.02432	0.32622
-0.2348	0.0154359
1.48167	0.502428
1.29699	0.529238
-0.571577	0.361723
0.0259294	0.353596
-0.680214	0.437994
-0.962671	-0.696774
-0.473803	0.380546
-0.213073	0.104306
-0.158754	0.490344
0.884165	0.0461615
-0.84317	-0.326561
-1.02785	-0.982397
-0.701941	-0.162447
0.384433	0.141052
-0.75626	0.145814
-0.528122	-0.0610899
0.00420194	-0.159549
-0.191345	0.288318
-0.712805	-0.384831
2.16609	-0.0508667
-0.940944	-0.384499
0.601708	-0.051785
0.786392	-0.28695
-0.875761	-0.397721
-0.560713	0.35272
-0.810579	-0.467874
0.547389	0.131658
-0.419484	0.0838616
-0.528122	0.379124
-0.66935	-0.467931
1.79672	-0.0116532
-0.995263	-0.592202
1.23181	-0.271588
-0.799715	0.365795
-0.473803	-0.394957
-0.940944	-0.830772
0.188886	0.453791
-0.462939	0.123381
0.569117	0.151929
0.188886	-0.0225388
4.7082	0.44495
-0.951808	-0.244001
1.2644	0.341194
1.09058	-0.0875386
-0.93008	-0.996396
0.395297	0.589445
0.232341	0.316333
-0.886625	-0.513986
1.7424	0.503241
-0.777988	-0.52284
-0.636759	-0.557454
-0.473803	-0.762935
-0.517258	0.551238
-0.821443	0.0042417
-0.799715	-0.604268
-0.441212	0.484339
-0.788851	-0.736334
-0.365165	0.344977
0.862438	0.435816
-0.58244	-0.310216
2.69841	0.163985
-0.788851	0.350411
-0.75626	-0.686483
0.232341	0.0814204
-0.310847	0.144546
-0.49553	0.0498636
-0.864898	-0.444931
0.297523	-0.478449
-0.875761	-0.560867
0.123703	0.35726
-0.397757	0.0919512
-0.734533	-0.436897
1.54685	-0.0774392
-0.919216	-0.0329073
0.84071	-0.41398
-0.039253	0.299578
-0.126163	0.412562
-0.169618	0.0131637
-0.767124	-0.121426
0.460479	-0.02449
4.38229	0.67203
-0.940944	0.359278
-0.202209	-0.00192039
-0.745396	0.00547606
1.29699	-0.0518523
1.19921	0.334957
-0.973535	-0.774832
-0.821443	-0.351808
0.101976	0.54224
-0.984399	0.224224
-1.00613	-0.566385
0.818983	0.305784
-0.0718443	-0.630926
-0.158754	0.0179921
0.601708	0.116637
-0.854034	-0.317763
-0.66935	0.179231
-0.343438	0.538779
0.112839	0.368696
0.00420194	0.425012
1.30785	0.48434
-0.745396	-1.07862
-0.854034	-0.824035
-0.560713	0.0519676
-0.973535	-0.428453
-0.864898	0.22529
-0.560713	-0.127449
-0.310847	-0.0796833
-0.712805	-0.622936
-0.777988	-0.182315
0.417024	0.218045
0.742937	-0.475738
-0.213073	0.0247135
-0.864898	0.31822
0.427888	-0.33774
-0.832306	-0.815013
-0.223937	0.130241
0.916757	0.621262
-0.506394	0.0427293
-0.75626	0.912914
-0.799715	-0.490078
-0.821443	-1.46127
-0.734533	0.538303
-0.908353	0.423896
-0.93008	-0.557035
-0.75626	-0.17226
1.48167	0.555082
-0.854034	-0.222221
1.12317	0.0257515
-0.897489	-0.76466
-0.0609805	0.514934
1.30785	-0.130822
0.536525	0.374144
-0.00666181	-0.358203
0.49307	0.325527
-0.940944	0.172956
-0.962671	-1.14776
-0.517258	0.405441
-0.32171	-0.274878
-0.712805	-0.310844
0.525662	0.54388
2.80705	0.585335
-0.908353	-0.735524
0.264932	0.142352
1.6229	0.558672
-0.712805	-0.532671
-0.810579	-1.00351
-0.810579	0.334133
-0.58244	-0.389647
-0.897489	-0.00315333
-0.864898	-0.398925
0.134567	-0.331733
-0.419484	0.370376
1.27526	0.492073
0.101976	-0.155758
-0.332574	0.54338
-0.745396	-0.297182
0.7538	0.578571
2.52459	0.60635
-0.32171	0.604615
-0.984399	-0.701347
0.264932	0.105009
1.06885	0.151619
-0.886625	-0.836122
-0.66935	-0.360219
0.395297	0.477727
0.232341	0.227106
1.93795	-0.122284
-0.658487	-0.754125
-0.875761	-1.7656
0.134567	0.076771
1.97054	0.292361
-0.115299	-0.159362
-0.897489	-0.605942
-0.691078	0.308406
0.66689	0.384991
-0.908353	-0.896485
-0.940944	0.162078
2.09004	0.162605
0.167158	0.499141
-0.289119	-0.143085
0.373569	0.0468872
-0.75626	-0.147848
1.6229	0.22806
1.22094	0.410777
-1.01699	-0.2186
-0.560713	-0.388364
-0.299983	-0.0803286
-0.289119	0.186429
0.612572	0.136539
-0.810579	-0.128519
-0.158754	0.391385
1.76413	0.555981
0.623435	0.771251
-0.821443	-0.662541
-0.875761	0.157756
0.438752	-0.581284
-0.14789	0.580819
-0.0175256	0.424774
0.427888	0.213552
-0.517258	0.0696298
2.48114	-0.0944405
1.54685	0.220277
-0.528122	-0.565636
0.362706	0.443221
-0.93008	0.158087
-0.691078	-0.357135
-0.973535	0.454161
-0.897489	0.135667
-0.93008	-0.694408
-0.810579	-0.046579
-0.528122	-0.549806
-0.137027	0.660733
-0.832306	0.0655017
-0.441212	-0.781809
-0.397757	0.306781
-0.897489	-0.668827
-0.517258	-0.38119
1.28612	0.127559
-0.484667	0.246461
-0.354302	-0.0752497
-0.14789	0.128025
-0.701941	0.224727
-0.897489	0.406075
0.145431	0.27918
-0.115299	-0.794109
-0.082708	0.298463
-0.951808	-0.156192
0.482207	0.16568
0.384433	-0.377187
-0.897489	-0.338331
0.417024	0.0730078
-0.484667	0.119903
-0.0935718	0.265798
-0.919216	-0.186526
2.54632	0.170529
-0.940944	-0.926114
1.1449	1.14315
-0.864898	-0.42102
1.35131	-0.110014
-0.799715	0.151459
0.178022	0.367917
-0.767124	-0.804942
-0.549849	-0.155278
-0.940944	0.16516
1.97054	0.400558
0.460479	-0.821987
0.308387	0.226633
0.0802482	-0.616485
0.178022	0.199725
1.31872	0.58516
-0.615032	-0.710939
-0.158754	0.286502
-0.397757	0.417366
-0.908353	-0.112477
-0.593304	-0.0922639
0.101976	0.365842
1.31872	0.482858
-0.908353	-0.0942941
-0.875761	-0.431157
-0.984399	-0.652613
-0.158754	0.608221
0.156294	0.448512
-0.973535	-1.34802
-0.0935718	0.302643
-0.00666181	0.222316
-0.962671	-0.164713
0.482207	-0.0866725
-0.571577	0.369204
-0.951808	-0.570723
-0.593304	-0.502205
-0.2348	0.384749
-0.886625	-0.391076
0.340978	0.923234
0.210613	0.553932
0.699482	0.358121
0.558253	0.256113
-0.723669	-1.33226
1.25353	-0.0840183
-0.777988	-0.592523
-0.571577	-0.231361
-0.701941	-0.293952
-0.995263	-0.458997
0.199749	0.0170824
-0.908353	-0.581182
0.460479	0.606493
2.02486	0.392983
-0.680214	-0.67701
-0.810579	0.392274
-1.01699	-0.557296
-0.897489	-0.71802
-0.213073	-0.23596
-0.528122	0.053501
-0.951808	-0.786016
-0.310847	0.271693
0.829847	0.328782
-0.875761	-0.7158
0.134567	0.281229
-0.919216	-0.580042
-0.473803	-0.516842
0.254068	-0.0672636
0.199749	0.475349
-0.441212	0.495579
0.742937	0.174947
-0.951808	-0.835002
1.1449	-0.96798
1.16662	0.242544
2.62236	0.13163
-0.419484	0.526296
-0.973535	-0.940106
-0.506394	-0.171958
-0.864898	-1.28202
-0.951808	0.0207955
0.427888	0.596096
-0.289119	-0.00216113
-0.365165	0.282462
-0.419484	0.325051
1.72067	0.351139
-0.441212	0.192286
0.829847	0.177555
1.02539	0.413259
-0.430348	-0.98268
-0.832306	-0.760038
-0.919216	-0.754291
-0.940944	-0.600643
1.09058	0.0622191
1.09058	0.457324
-0.397757	0.38201
1.05799	0.467484
-0.332574	0.450183
-0.49553	-0.354965
0.884165	0.494065
-0.0718443	0.0946305
-0.908353	-0.533265
-0.213073	0.264293
-0.636759	-0.148483
0.460479	-0.193504
-0.615032	-0.0121852
-0.354302	0.208581
-0.126163	-0.273092
-0.984399	-0.24342
0.884165	0.583101
-0.528122	-0.00552093
-0.126163	-0.445834
-0.701941	-0.151923
-0.191345	0.78527
3.15469	0.672253
-0.854034	-0.399031
-0.376029	-0.0119809
-0.191345	-0.300822
-0.799715	-0.146947
1.16662	0.501924
-0.419484	1.20103
0.721209	-0.583049
-0.40862	0.39738
-0.93008	0.524609
-0.919216	0.176986
0.797255	0.581032
-0.137027	0.289945
0.0693844	0.353888
1.69895	0.387349
-0.549849	0.194235
-0.14789	0.079908
3.17642	0.454109
-0.940944	-0.0853296
-0.875761	-0.480928
0.503934	0.234857
-0.75626	-0.119572
2.38336	0.513793
-0.571577	0.318611
-0.864898	0.141197
-0.680214	0.0339066
-0.940944	-0.739133
-0.691078	-0.103444
-0.126163	-0.281494
0.688618	0.405
1.70981	0.319181
1.09058	0.350705
-0.58244	-0.107846
-0.875761	-0.112945
-0.604168	0.291694
1.16662	0.287946
0.503934	0.576582
-0.897489	-0.736117
-1.01699	0.0797432
-0.973535	-0.1237
-0.940944	0.198634
-0.126163	-0.673722
3.29592	0.17694
1.32958	0.400659
-0.75626	0.257394
0.721209	0.0651239
0.232341	-0.0269934
-0.973535	-0.0242154
-0.430348	-0.170715
-0.473803	-0.31176
0.384433	-0.0102283
-0.191345	-0.533597
-0.039253	-0.220198
0.960212	0.237321
-0.951808	-0.973648
-0.213073	0.421471
-0.528122	0.237378
-0.84317	-0.179377
0.167158	0.25494
-0.973535	-0.213712
-0.549849	-0.17129
-0.864898	0.131664
0.525662	0.32229
0.340978	-0.282595
-0.039253	0.414575
-0.58244	0.152461
0.471343	0.185412
-0.658487	-0.141795
-0.397757	-0.358769
-0.691078	0.118525
-0.767124	0.131169
-0.58244	0.148266
-0.767124	-0.321462
-0.691078	-0.0748816
-0.951808	-1.02897
-0.0175256	-0.366217
0.895029	0.14973
-0.875761	-0.315585
-0.854034	-0.424718
-0.821443	0.267785
-0.354302	-0.222213
0.406161	0.253127
-0.962671	-0.659219
0.351842	0.200428
-0.332574	0.142169
-0.0501168	0.0574839
-0.625895	-0.0555017
1.10144	0.379543
-0.951808	-1.49815
0.742937	0.124106
-1.00613	0.175967
-0.245664	0.0325809
0.92762	0.478545
0.634299	0.251935
0.243204	-0.524827
-0.93008	0.14523
-0.821443	-0.439243
0.0150657	0.384032
0.210613	0.49604
1.15576	0.36188
5.08843	0.327313
-0.940944	-0.394003
-0.223937	0.0381685
0.275796	0.703939
1.70981	0.342422
-0.462939	-0.629286
-0.908353	-0.224173
0.884165	0.216547
-0.799715	0.368378
0.558253	0.104545
-0.973535	-0.1237
-0.506394	0.347853
1.9814	0.389313
-0.571577	-0.428817
0.590844	1.02068
-0.158754	0.39374
-0.625895	0.246368
-0.452075	0.26404
-0.951808	-0.203044
-0.00666181	0.46564
0.0802482	0.26364
-0.137027	-0.697788
1.2644	0.42515
-0.636759	0.118454
-0.593304	-0.184489
0.384433	0.0816427
0.123703	-0.330788
-0.734533	0.0620432
-0.875761	-0.654172
-0.245664	0.452078
0.971075	0.375916
-0.191345	0.406903
-0.799715	-0.139573
0.0259294	-0.287778
-0.571577	-0.0302222
0.569117	-0.211847
0.818983	0.50502
-0.984399	-0.674382
-0.452075	-0.506206
1.99227	0.52562
2.14436	0.2483
-0.940944	-1.13733
2.1335	0.447576
-0.267392	-0.340346
0.101976	0.737531
0.66689	0.367369
-0.962671	-0.477689
0.460479	0.401896
5.97926	0.649339
0.732073	-0.298952
-0.767124	-0.308536
0.732073	0.145221
-0.84317	-0.434533
-0.875761	-0.717694
1.1123	-0.146998
-0.93008	-0.209709
0.732073	0.531218
0.612572	1.00843
0.0367932	0.407374
-0.0609805	0.283259
0.601708	-0.156241
-0.506394	-0.657481
-0.951808	-1.4278
-0.84317	-0.283513
1.02539	0.367316
-0.452075	0.333852
0.362706	0.22668
-0.93008	0.146121
0.264932	-0.507125
-0.734533	-0.255331
-0.0718443	0.377424
0.330114	0.409846
0.286659	0.014706
-0.310847	0.0971978
1.59031	0.452275
-0.995263	0.245549
-0.332574	0.0240242
2.52459	0.25201
0.471343	-0.146982
-0.528122	-0.0971727
-0.821443	-0.710373
-0.995263	-0.664494
-0.734533	0.0731461
-0.343438	0.187856
-0.126163	-0.0588475
-0.940944	-0.0555069
0.264932	0.511869
1.51426	0.353104
0.558253	0.409037
0.254068	-0.152507
-0.00666181	0.879413
-0.299983	0.254595
-0.821443	-0.59186
-0.897489	-0.893733
0.0476569	-0.115942
-0.734533	-0.510168
-1.01699	-0.699947
-0.777988	-0.542356
-0.0935718	0.31692
1.47081	0.264452
-0.799715	0.0495927
0.101976	-0.69521
0.297523	-0.138518
-0.701941	0.0108452
0.210613	-0.144508
-0.593304	0.562342
0.286659	-0.00400432
-0.354302	-0.410164
-0.973535	-0.134933
0.92762	0.364152
-0.723669	-0.423328
-0.93008	-0.0669969
-0.701941	-0.0989639
0.949348	0.449499
1.48167	0.69355
-0.658487	-0.304861
0.569117	0.177891
-0.202209	0.202161
-0.32171	0.0580814
0.188886	-0.184409
0.525662	0.737457
-0.354302	-0.324922
1.39476	0.445455
-0.75626	0.453084
-0.538985	-0.929272
-0.267392	0.22937
0.0585207	0.279111
1.81845	0.448234
-0.940944	-0.284971
-0.75626	-0.130379
-0.625895	-0.218753
-0.973535	-0.6065
-0.832306	-0.520281
-0.039253	0.405776
0.92762	0.480873
-0.365165	0.634315
1.53599	0.198551
-0.745396	0.264364
-0.897489	-0.642915
-0.908353	-1.04479
0.340978	0.688279
-0.647623	-0.0764234
-0.723669	-0.217508
-0.0283893	0.0944978
0.167158	0.580039
-0.84317	0.834768
0.188886	0.488266
1.56858	0.794518
0.57998	-0.322506
1.40563	0.291285
-0.278255	-0.238929
-0.354302	0.181286
0.275796	0.259009
0.482207	0.441726
-0.115299	-0.119087
1.43822	0.461969
-0.0935718	0.00591218
0.514798	0.388435
3.2416	0.0763303
-0.365165	0.282462
0.656027	0.599209
0.254068	-0.191748
0.732073	0.516451
-0.973535	-0.341251
0.340978	0.352264
-0.137027	0.38705
-0.0718443	-0.200446
-0.32171	-0.0403516
2.76359	0.609697
-0.202209	0.304013
0.449616	-0.163608
0.525662	0.39844
-0.126163	0.543883
-0.93008	-1.09774
0.134567	0.420144
-0.897489	-0.952336
-0.658487	-0.624718
0.362706	0.241196
0.362706	0.108031
0.710345	-0.332852
-0.821443	0.351841
-0.039253	0.279067
-1.03872	-0.393981
-0.984399	-0.972922
-0.84317	-0.60451
-0.441212	0.901592
0.156294	0.212129
0.514798	0.273871
0.645163	0.0404398
-0.897489	-0.336311
-0.213073	0.355629
2.28559	0.102614
0.0476569	-0.0828917
-0.484667	-0.309017
-0.484667	-0.242436
0.145431	-0.188292
-0.593304	-0.646913
-0.158754	0.574356
-0.658487	0.0428488
1.97054	0.309208
-0.919216	0.116343
0.167158	0.146045
-0.777988	-0.0804415
-0.723669	-0.214522
-0.919216	-0.728215
-0.897489	-0.0976883
-0.712805	-1.08727
-0.951808	-0.60833
-0.430348	-0.608888
-0.191345	-0.0843622
-0.40862	0.346139
0.775528	0.381784
-0.0501168	-0.580291
0.319251	0.508506
0.384433	0.486631
0.286659	0.0630322
1.6229	0.450901
-0.897489	0.458712
-0.908353	-0.217657
-0.767124	-0.0552164
3.95861	0.546717
0.384433	0.304201
-0.908353	-0.35256
1.23181	0.291172
1.02539	0.163764
0.254068	0.449547
-0.875761	-0.785121
-0.919216	-0.673318
-0.604168	-0.393573
0.0802482	0.398575
0.210613	0.42266
-0.604168	-0.803238
-0.940944	-0.367411
-0.299983	0.263284
-0.506394	0.0351928
0.0476569	0.434577
0.0585207	0.0201934
0.351842	0.367346
0.319251	0.416324
-0.75626	-0.438065
-0.58244	-0.0648728
2.30732	0.370617
3.89342	0.679378
-0.897489	-0.648612
0.00420194	-0.247851
-0.191345	0.460136
-0.343438	-0.28716
-0.886625	-0.665819
-0.691078	0.237515
-0.962671	-0.29367
2.07918	0.795074
-0.202209	-0.0143037
-0.462939	-0.652255
0.395297	0.467002
-0.951808	-0.686834
-0.658487	-0.0778236
-0.940944	-0.676235
0.971075	0.503071
-0.571577	0.130094
1.36217	0.424282
-0.951808	0.336699
-0.082708	-0.0102289
-0.93008	-1.1168
-0.126163	0.533397
0.688618	0.198174
0.829847	0.203256
0.851574	0.498664
0.938484	-0.0184888
-0.560713	0.336428
-0.745396	-0.418876
-0.951808	-0.40539
1.60117	0.0996808
-0.0283893	0.0482426
-0.66935	-0.360219
0.449616	0.525272
-0.538985	0.434694
-0.49553	-0.239447
-0.299983	0.109027
0.49307	-0.0602878
0.417024	0.475401
0.656027	0.338633
-0.886625	-1.00598
1.15576	0.486229
0.264932	0.194146
0.330114	0.407182
-0.256528	-0.368743
1.48167	0.273578
-0.897489	-0.295118
-0.875761	-0.776811
0.623435	0.642702
0.732073	-0.0857792
-0.962671	-1.37417
0.0259294	0.32853
-0.701941	-0.158695
-0.636759	-0.852706
-0.875761	-0.480841
-0.788851	-0.513885
0.178022	-0.153396
-1.00613	-0.390413
1.1123	-0.0344124
2.72014	0.459387
-0.940944	-0.497012
-0.462939	0.436046
-0.58244	0.132843
-0.40862	-0.129035
0.00420194	0.551697
-0.0609805	0.378713
-0.310847	0.237343
-0.875761	-1.06342
-0.2348	0.262396
-0.32171	-0.425177
-0.560713	0.28496
0.264932	0.35907
-0.919216	-1.06347
1.32958	0.27271
0.623435	0.143602
-0.854034	-1.04032
0.362706	0.237793
-0.625895	-0.0284577
-1.00613	-0.0606683
0.112839	0.20459
0.0585207	0.114633
-0.84317	-1.60982
-0.962671	-0.0326623
-0.658487	-0.642442
-0.289119	0.201378
1.37303	0.0526049
0.873302	0.277929
-0.919216	0.303434
-0.104436	0.416593
-0.484667	0.426599
-0.0501168	-0.41074
-0.625895	0.463938
0.645163	-0.451371
0.503934	0.182257
-0.0283893	0.230856
-0.462939	-0.175211
-0.951808	-1.701
-0.517258	-0.171328
-0.777988	-0.778629
-0.0935718	0.608043
0.710345	0.355978
-0.223937	-0.0523144
-1.02785	0.241739
-0.897489	-0.80897
-0.158754	0.481429
0.319251	-0.132832
-0.32171	-0.154695
-0.908353	-0.420857
-0.821443	0.228085
0.351842	0.24913
0.449616	0.332054
-0.712805	0.294558
-0.973535	-0.64239
1.3839	0.487376
-0.419484	-0.557913
-0.995263	-0.781767
-0.223937	0.574792
-0.864898	-0.891797
0.221477	-0.495805
-0.854034	0.148913
-0.213073	0.20292
-0.788851	0.163843
-0.0175256	-0.633772
1.52513	0.442687
1.85104	0.409747
-0.484667	0.0827482
-0.484667	-0.246544
2.24213	0.140916
0.156294	-0.246351
-0.886625	-0.515545
1.7424	0.434868
3.79565	0.396821
2.35077	0.509579
-0.658487	-0.0646652
-0.452075	0.285893
0.992803	0.298861
-0.343438	-0.675735
1.10144	0.471682
-0.897489	-0.0854652
0.49307	0.447863
-0.278255	0.583129
-1.00613	-1.09432
-0.636759	0.373972
3.56751	0.145853
0.547389	0.34024
-0.528122	-0.204081
0.123703	0.0904428
-0.430348	0.29778
1.55772	0.206691
0.471343	0.187049
-0.441212	-0.278764
-0.701941	-0.0265374
-0.126163	0.687941
-0.75626	-0.560413
-1.03872	-0.375373
-0.506394	0.357744
-0.875761	-0.2286
-0.0935718	0.221959
0.438752	0.0940677
-0.137027	0.038506
2.19868	0.389274
-0.397757	-0.0312916
1.31872	-0.4635
0.145431	0.0180969
-0.0283893	0.193216
1.72067	0.144714
0.732073	0.239198
-0.84317	-0.109377
-0.788851	0.341168
-0.560713	0.42308
-0.691078	0.237515
-0.419484	-0.0983395
-0.104436	0.0499016
0.243204	-0.524827
-0.115299	0.471492
-0.886625	-1.1184
0.873302	0.470689
-0.821443	0.183445
-0.386893	0.364945
-0.777988	0.156535
-0.14789	-0.531046
-0.875761	-1.20596
-0.169618	-0.486563
0.742937	0.171023
-0.93008	-1.14441
-0.940944	-0.985112
-0.951808	-0.345458
-0.625895	-0.327347
0.601708	0.146223
-0.897489	-0.76956
-0.940944	-0.356379
1.02539	0.28673
0.199749	-0.228394
1.73154	-0.169875
-0.908353	-0.844748
-0.897489	-0.219729
-0.886625	-0.117459
-0.343438	-0.00356535
0.362706	0.63095
0.645163	0.276531
-0.376029	-0.122595
-0.419484	0.585249
-0.0175256	-0.171711
0.395297	0.299781
3.92601	0.567014
-0.734533	-0.470106
-0.919216	-0.0731855
0.732073	0.414943
-0.93008	-0.458529
-0.397757	-0.320804
-0.84317	-0.277361
-0.169618	0.38147
-0.84317	-1.3537
-0.821443	-0.341697
0.895029	0.548867
-0.593304	0.3858
0.818983	0.609071
0.797255	0.732967
-0.658487	-0.37171
-0.625895	-0.0298766
-0.158754	0.529641
1.2644	0.26643
-0.473803	-0.0840965
-0.821443	0.201891
0.00420194	0.392263
0.0259294	0.367314
-0.962671	0.124196
0.742937	0.372088
-0.919216	-0.825227
-0.126163	0.435639
-0.658487	0.039816
-0.658487	-0.630069
-0.973535	-0.633353
0.178022	-0.224937
0.308387	-0.701822
0.156294	0.447471
-0.701941	0.080172
1.17749	0.176841
0.101976	0.493392
0.558253	0.359533
-0.538985	-0.438447
-0.332574	-0.264757
-0.32171	-0.0885478
1.67722	0.374358
-0.49553	0.0971116
-0.549849	0.194235
0.167158	-0.074663
-0.397757	0.233354
-0.701941	0.465471
-0.84317	0.249793
0.395297	0.169133
-0.777988	0.0942354
0.884165	0.602341
0.395297	-0.265762
-0.66935	-0.0107126
0.00420194	0.491156
-0.777988	-0.223262
0.460479	-0.274871
-0.615032	-0.556143
0.330114	0.274328
0.677754	0.299462
-0.528122	0.237378
-0.984399	-0.355928
-0.897489	-0.396681
-0.962671	0.396726
-0.984399	-0.770689
0.330114	0.0923713
0.710345	0.417046
-0.278255	-0.33937
-0.75626	-0.241156
0.221477	0.0803156
0.0150657	0.106897
-0.745396	-0.0404546
-0.343438	-0.495709
-0.40862	-0.443589
-0.886625	-0.555087
-0.788851	0.408182
0.536525	-1.10194
0.460479	0.469362
0.818983	0.220387
0.406161	0.0316488
1.13403	0.50158
-0.0718443	0.402277
-0.788851	-0.668112
-0.0609805	-0.0791046
-0.202209	0.290532
0.960212	-0.0123956
1.32958	0.173728
0.0259294	0.643245
-1.00613	-0.782894
-0.0935718	0.148872
-0.799715	-0.638556
-0.940944	-0.448525
-0.571577	0.269304
-0.788851	-0.776644
1.36217	0.522075
1.64463	0.281541
-0.625895	0.522143
0.471343	0.624236
-0.777988	-1.05282
-0.40862	0.228847
0.123703	0.186893
1.49254	0.499442
-0.191345	-0.473071
-0.506394	-0.0180107
-0.289119	-0.781066
-0.484667	-0.329463
0.688618	0.040713
0.49307	0.0358648
-0.919216	-0.927456
1.3839	0.283185
-0.777988	-0.287642
-0.788851	0.233229
-0.223937	0.324648
2.76359	0.548908
0.112839	0.135512
-0.984399	-0.163467
-0.995263	-0.184967
-0.473803	-0.00836481
-0.191345	-0.11502
1.31872	0.503354
1.39476	0.819145
-0.473803	-0.150341
0.373569	0.498132
-0.310847	-0.319575
-0.908353	0.249526
2.99173	0.247799
-0.430348	-0.55695
-0.462939	-0.457348
-0.354302	0.180147
-0.93008	0.0454041
-0.854034	-0.469105
-0.734533	-0.394018
0.145431	0.0348339
-0.984399	0.0301558
-0.66935	-0.0152326
1.12317	0.224686
-0.191345	0.669713
-0.00666181	0.0277073
-0.701941	-0.408498
-0.58244	-0.730869
0.134567	0.282766
1.00367	-0.0189671
1.93795	0.167646
0.275796	0.194546
-0.0501168	-0.16698
-0.397757	0.139474
-0.549849	0.0999406
-1.02785	-0.982397
-0.723669	0.0437839
-0.886625	0.263644
-0.180482	0.520063
-0.441212	-0.64143
0.710345	-0.232796
2.00313	0.0805045
-0.93008	-0.0369253
2.62236	0.391336
-1.02785	-0.482307
-0.75626	0.0439665
-0.180482	0.346679
-0.940944	-0.953961
2.52459	0.679484
-0.104436	-0.227772
1.12317	-0.321308
-0.777988	-0.231769
-0.40862	0.135486
-0.343438	-0.0152187
-0.940944	-0.593072
-0.528122	-0.0914491
-0.875761	-0.355447
-0.289119	-0.316093
-0.854034	-0.788788
-0.473803	-0.272396
1.94881	0.531293
0.134567	0.207392
-0.647623	-0.242059
-0.962671	0.37076
-0.799715	-0.0543617
-0.799715	0.177687
0.862438	-0.0543388
0.319251	0.311955
-0.441212	0.290983
-0.854034	-0.551573
-0.14789	-0.683916
0.514798	0.452999
1.57945	0.306904
0.254068	0.296563
-0.864898	-0.841757
-0.875761	-0.368606
1.99227	0.407322
-0.897489	-0.34476
-0.14789	-0.741339
-0.875761	-0.613521
-0.919216	-1.23621
-0.158754	0.531765
-0.93008	0.208231
0.7538	0.419027
0.699482	0.343371
0.0802482	-0.237102
-0.354302	0.173434
-0.517258	0.0140972
1.25353	0.180207
-0.202209	-0.758271
0.417024	-0.0523181
0.0693844	-0.3685
-0.973535	-0.467803
-0.821443	0.152521
-0.647623	0.130505
-0.658487	-1.2582
4.20847	0.701399
0.254068	-0.180203
-0.973535	-1.04315
-0.75626	-0.337731
-0.897489	0.135667
0.264932	0.227545
-0.875761	-0.512822
-0.680214	-0.58825
-0.962671	0.0264496
-0.908353	-0.649099
-0.799715	-0.703214
1.53599	0.221901
-0.984399	-0.741008
-0.647623	-0.150035
0.992803	-0.2251
-1.00613	0.0162606
-0.256528	-0.703731
-0.940944	0.817754
-0.332574	0.0794188
-0.58244	-0.0301143
-0.245664	-0.229798
-0.691078	0.0261582
0.818983	0.542794
0.57998	-0.25887
-0.0609805	0.465523
-0.93008	-1.1994
-0.93008	0.131083
-0.854034	-0.0894705
0.101976	0.338597
-0.658487	0.290557
-0.462939	-0.481908
0.319251	0.387012
1.34044	0.257655
2.00313	0.157812
0.254068	0.31407
2.253	0.571012
-0.886625	0.419919
-0.376029	0.0108996
0.623435	-0.527482
0.569117	0.656703
1.55772	0.252941
-0.886625	-0.632626
-0.528122	-0.316046
-0.2348	-0.0419872
-0.430348	0.241319
2.19868	0.430402
-0.767124	-0.834928
-0.462939	-0.0238283
-0.767124	-0.153373
-0.528122	0.232663
0.134567	0.345414
1.05799	0.443106
-0.299983	0.729367
-0.256528	0.0252138
-0.299983	0.310939
0.351842	0.275334
-0.00666181	-0.345588
-0.745396	0.584699
-0.386893	-0.196387
0.699482	0.287644
-0.767124	-0.334558
0.123703	0.436353
-0.365165	-0.942434
-0.908353	-1.31742
0.981939	-0.170064
-0.734533	0.353521
-0.528122	-0.266103
0.438752	0.467541
-0.169618	0.357208
-0.354302	0.39479
3.23073	0.374678
-0.299983	-0.017368
1.16662	0.534991
-0.908353	-0.738973
1.57945	0.329368
-0.386893	-0.2186
-0.777988	-0.778629
-0.821443	0.303737
-0.93008	-0.699562
-0.549849	-0.30583
-0.832306	-0.355619
-0.701941	0.3672
-0.538985	0.015613
-0.365165	0.287046
-0.202209	-0.683419
1.88363	0.155891
-0.995263	0.368582
-0.2348	-0.518963
-0.473803	-0.311441
-0.137027	0.273767
-0.245664	0.0497747
-0.875761	0.14582
0.645163	-0.244191
-0.191345	-0.429183
-0.636759	1.05857
-0.995263	-0.350939
0.156294	0.14912
-0.299983	0.30467
0.460479	0.361712
-0.962671	-0.776501
-0.821443	-0.500309
-0.701941	-0.0711079
0.178022	0.216432
0.156294	0.139863
0.634299	0.278212
0.536525	0.663379
0.49307	0.435699
-0.973535	-0.524997
-0.734533	-0.324852
-0.625895	0.555552
-0.2348	-0.198628
-0.712805	0.21226
-0.310847	0.44944
0.862438	0.411195
1.53599	0.316321
-0.0718443	-0.0957296
1.65549	0.289745
1.3839	0.444128
-0.560713	0.441721
-0.93008	-1.04807
-0.973535	-0.284862
-0.58244	0.19751
-0.821443	-0.0795708
-0.680214	0.303037
2.78532	0.126079
-0.810579	-0.047428
1.39476	0.117949
0.286659	0.483354
-0.962671	-0.416856
-0.658487	-0.387246
0.797255	0.549271
-0.799715	0.321635
-1.03872	-0.401585
1.07971	0.29983
0.373569	-0.016571
0.818983	0.335239
0.558253	0.418884
-0.897489	-0.717357
-0.734533	-0.343095
-0.940944	0.0580697
0.438752	0.178811
3.3611	0.3811
-0.386893	-0.901994
9.48825	0.249208
-0.897489	-0.428112
-0.810579	-0.411334
-0.680214	0.55564
2.04659	0.486027
1.05799	0.178788
1.88363	0.530093
2.40509	0.327591
0.938484	0.128535
-0.886625	-0.267215
-0.93008	-1.30638
-0.66935	-0.242592
0.178022	0.199725
-0.571577	-0.14756
0.710345	0.392545
-0.821443	0.201891
-0.647623	-0.123526
2.11177	0.404729
-0.256528	-0.312503
-0.376029	0.044735
1.1123	-0.0723356
-0.767124	-0.10397
-0.560713	0.327874
2.97	0.496136
-0.430348	0.300212
2.02486	0.444319
-0.462939	0.226308
0.623435	-0.0385776
-0.767124	0.387915
-0.875761	-0.994545
0.243204	-0.163466
-0.49553	-0.0377451
-0.777988	-0.0941999
0.829847	0.320708
0.0693844	0.00956246
-0.691078	-0.793184
-0.995263	-0.76245
-0.984399	-0.61827
0.0476569	0.676324
0.460479	0.363889
0.297523	-0.0830138
1.53599	0.110019
-0.995263	-0.659209
-0.310847	0.210953
-0.473803	0.517409
1.00367	0.604886
-0.354302	-0.173057
0.297523	0.498875
-0.75626	0.242637
-0.777988	0.144948
2.86137	0.512829
-0.788851	-0.549135
-0.278255	0.181494
0.742937	0.458197
0.210613	0.55767
-0.137027	0.0241115
-0.745396	-0.532296
-0.712805	0.155271
1.05799	-0.121048
-0.484667	-0.358699
0.210613	-0.0474497
-0.75626	-0.968755
2.88309	-0.0167403
-0.799715	0.268662
-0.93008	0.00994412
-1.02785	-1.41136
0.188886	0.370486
-0.940944	-0.580156
0.178022	0.382462
-0.082708	0.21265
-0.223937	-0.0513804
-0.441212	0.143958
-0.115299	0.474318
-0.886625	-0.502748
2.70927	0.623959
1.18835	-0.0804535
1.94881	0.563752
-0.419484	-0.161621
-0.940944	-0.661517
-0.571577	-0.0821223
-0.484667	-0.100745
-1.01699	-0.58106
-1.03872	-0.0322537
0.384433	0.233313
-0.875761	-0.914408
2.00313	0.376325
0.264932	0.344319
-0.452075	0.792749
-0.680214	0.0742994
0.101976	0.238629
0.449616	0.365658
-0.84317	-1.19672
-0.701941	0.321851
-0.593304	0.4504
-0.625895	0.556454
-0.984399	-1.01128
-0.082708	0.466601
-0.0283893	-0.31282
-0.538985	-0.538295
0.330114	-0.0964815
-0.256528	-0.258547
-0.66935	-0.0748898
-0.66935	0.208166
-0.506394	-0.320481
-0.0175256	0.271197
-0.854034	-0.583158
-0.908353	-0.158694
-0.973535	-0.0834618
-0.908353	-0.941637
0.895029	0.459616
0.438752	0.439031
-0.376029	0.27032
-0.951808	0.521123
-0.832306	0.425229
-0.864898	-1.11446
-0.777988	-0.873663
-0.158754	0.418633
-0.419484	-1.32877
-0.875761	-0.0497832
-0.940944	-0.481853
0.569117	0.423837
-0.538985	0.206901
-0.799715	-0.741378
-0.191345	-0.27475
0.362706	0.308606
0.297523	0.222819
0.199749	0.267101
2.19868	0.755999
-0.625895	-0.0646098
0.232341	0.460222
-0.973535	-0.642454
-0.658487	-0.371769
-0.560713	0.457762
0.264932	0.35383
-0.40862	-0.176877
1.16662	0.487885
-0.777988	0.334681
-0.854034	-1.72136
-0.658487	-0.581438
0.786392	0.415227
-0.854034	-0.526833
0.873302	0.599027
-0.245664	-0.0728492
-0.810579	-0.26235
3.65442	-0.036015
2.14436	0.21745
-0.386893	-0.233467
2.20954	0.0725551
0.0585207	-0.519967
-0.897489	-0.774281
1.36217	0.351272
0.797255	0.156318
-0.604168	0.209213
-0.691078	-0.0893813
-0.962671	-0.0742972
0.471343	0.272511
-0.897489	0.374809
2.35077	0.519659
3.66528	0.44148
-0.299983	0.136696
-0.897489	0.0370164
-0.256528	-0.368743
2.87223	0.413471
-0.908353	-1.07184
-0.376029	0.109154
-0.386893	0.441587
-0.615032	-0.150591
0.482207	0.290349
0.57998	0.517633
-0.84317	-0.964815
-0.278255	0.213151
1.55772	0.605284
-0.75626	-0.311384
-1.03872	-0.380337
-0.00666181	0.638185
2.56805	0.365053
-0.58244	-0.874848
0.742937	0.151513
-0.66935	0.499819
-0.799715	0.530668
-0.0175256	0.267982
-0.658487	-0.165323
-0.832306	-0.508054
0.308387	0.162423
0.167158	0.213421
-0.84317	0.127
-0.14789	0.248964
0.0259294	-0.119227
-0.0175256	0.021066
-0.202209	0.212184
1.1449	0.0261922
-0.919216	-0.580042
1.24267	0.215266
-0.528122	0.367769
-0.864898	-0.436265
-0.58244	-0.310216
-0.158754	0.467044
-0.625895	0.124007
2.17695	0.341233
-0.104436	0.258833
-0.082708	-0.243917
-0.549849	-0.601479
0.123703	-0.0403492
1.01453	0.50336
0.384433	0.584304
0.351842	-0.101979
-0.441212	0.352872
-0.115299	0.250364
0.0259294	-0.0598554
-0.0283893	-0.109092
0.178022	0.300962
-0.854034	-0.455063
-0.788851	-0.451728
1.36217	0.424282
-0.723669	-0.318107
-0.745396	0.698798
-0.864898	-0.0130811
2.86137	0.437969
-0.701941	0.109752
-0.462939	0.110216
-0.0609805	0.318017
-0.832306	-0.228762
-0.973535	0.043795
-0.397757	-0.579201
-0.777988	-0.173256
0.275796	0.500212
-0.75626	-1.11607
0.0911119	0.288169
-0.202209	-0.596787
0.0259294	0.350149
-0.0718443	-0.277864
-0.875761	-0.549591
1.61204	0.718203
0.514798	0.491356
0.417024	0.103081
0.264932	0.320059
0.297523	-0.352063
1.81845	0.69813
0.308387	0.428095
-0.158754	0.444539
0.547389	0.520462
-0.604168	-0.57391
-0.549849	-0.491429
1.67722	0.119753
-0.734533	-0.293823
1.02539	0.505389
-0.777988	0.321845
-0.767124	-0.252296
0.66689	-0.614091
-0.984399	-0.649152
-0.528122	-0.569275
0.406161	0.0316488
-0.158754	-0.617149
-0.962671	-0.538719
-0.734533	0.392382
-0.832306	0.0844152
0.971075	0.527241
3.3611	0.652256
0.971075	0.212484
1.36217	0.339548
-0.104436	-0.712673
1.49254	0.50711
-0.625895	0.388607
-0.267392	0.331226
-0.00666181	-0.0307373
-0.289119	-0.130679
-0.734533	-0.948329
-0.452075	0.040131
0.286659	-0.0112769
1.78586	0.20891
-0.875761	-0.549591
-1.02785	-1.50435
1.51426	-0.10752
1.19921	0.568329
-0.082708	0.544754
1.32958	0.914804
-0.734533	-0.447874
-0.973535	-0.719547
-0.734533	-0.448701
0.884165	0.448024
0.417024	0.157893
-0.49553	-0.0767842
1.34044	0.421936
-0.864898	-0.507967
-1.00613	-0.559038
-0.462939	0.311831
-0.354302	0.0375788
-0.397757	0.508439
-0.2348	-0.60799
-0.0609805	0.655387
-0.93008	0.00308122
-0.777988	-0.352322
-0.169618	0.352563
1.90536	0.711262
-0.560713	-0.551483
-0.701941	-0.724919
0.92762	0.656377
1.73154	0.502674
-0.658487	-0.724587
1.05799	0.431248
0.362706	0.607841
0.92762	0.23643
0.286659	0.59598
-0.528122	0.0117153
2.81791	0.268592
-0.636759	0.235945
2.77446	0.520745
-0.84317	-0.811404
-0.571577	-0.459968
0.0911119	-0.409282
-0.636759	-0.317236
-0.625895	0.327411
0.851574	0.465158
-0.951808	-0.600077
-0.289119	0.205144
-0.75626	-0.63097
-0.158754	0.505584
-0.104436	-0.426231
-0.0175256	0.70688
0.764664	0.372207
-0.256528	0.125477
-0.984399	-0.636022
2.20954	0.436297
-0.202209	-0.014909
0.417024	0.102078
-0.93008	0.38676
0.167158	0.142277
-0.245664	0.207944
0.645163	0.0308358
2.30732	0.286962
-0.299983	0.560837
0.862438	0.24959
-0.951808	0.0335029
1.7424	0.58492
-0.810579	-0.950021
-0.615032	0.542844
-0.984399	-1.024
0.0259294	0.564226
-0.940944	0.233258
-0.0935718	-0.390716
0.49307	0.405203
1.68808	0.564406
1.64463	0.327055
-0.0935718	0.351365
1.41649	0.467967
0.547389	0.422013
-0.2348	-0.489058
0.0911119	0.367683
-0.484667	-0.0493991
-0.202209	0.352823
-0.951808	0.324968
-0.202209	0.293335
-0.93008	-0.222678
-0.788851	-0.243233
-0.115299	-0.1852
-0.788851	-1.1039
-0.962671	-0.523123
-0.951808	-0.564234
1.70981	0.501062
-0.832306	-0.112566
0.775528	0.231538
-0.49553	-0.114115
-0.75626	0.159027
-0.940944	-1.25385
0.471343	-0.146982
0.417024	0.159562
1.90536	0.0691514
-0.202209	-0.10841
-0.919216	-0.310678
-0.66935	0.456538
1.04712	0.521913
2.06831	0.361589
-0.0935718	0.247954
0.0693844	0.681673
-0.897489	0.32233
-0.137027	0.358216
0.0259294	0.389266
-0.875761	0.27726
1.59031	0.523735
-0.104436	-0.0383256
3.23073	0.126783
0.254068	0.1021
-0.691078	0.255385
1.54685	0.136716
-0.2348	-0.0452321
1.55772	-0.0947619
1.91622	0.518859
-0.082708	-0.277877
-0.723669	-0.969894
1.31872	-0.333049
-0.571577	0.298073
-0.473803	0.123465
-0.571577	-0.181028
-0.158754	0.185404
-0.419484	0.36825
-0.354302	0.025274
0.0693844	0.109164
-0.973535	-0.518735
1.01453	-0.926327
-0.701941	0.296746
-0.680214	-0.0553193
0.254068	-0.089767
0.829847	0.438578
2.58977	0.282882
-0.864898	-0.0763367
3.25246	0.734
-0.0935718	0.0379668
0.0259294	0.499247
-0.571577	0.0377406
-0.473803	0.119493
1.12317	0.0895683
1.51426	0.142214
-0.397757	-0.0382933
-0.995263	-0.505428
0.0911119	-0.545889
0.49307	0.400641
-0.180482	0.130307
-0.908353	0.274914
0.775528	0.389879
2.47027	0.214692
-0.289119	0.515359
-0.169618	0.440505
-0.354302	0.0621598
0.460479	0.351407
0.862438	0.164668
0.503934	-0.0771794
0.905893	0.0818689
-0.84317	-1.14184
-0.777988	-0.395326
-0.354302	0.289224
3.10037	0.531755
-0.0501168	0.277074
-0.376029	0.791215
4.40402	0.426527
-0.712805	0.157462
0.732073	0.418573
0.49307	-0.609545
-0.58244	0.439443
1.73154	0.41372
-0.810579	-0.439169
0.612572	0.618987
-0.864898	-1.35437
-0.0175256	-0.142882
-0.767124	-0.435597
0.362706	-0.173827
-0.528122	0.24202
0.0259294	-0.131363
-0.593304	0.22475
3.46974	0.557149
-0.777988	-0.297398
-0.528122	0.332982
-1.02785	-0.290913
2.17695	0.305478
0.0367932	-0.058619
1.13403	-0.0243133
-0.386893	-0.939016
-0.604168	0.0778361
0.84071	0.425915
0.297523	0.56215
0.0802482	0.457081
-0.082708	0.35223
-0.310847	0.267718
-0.712805	-0.299377
-0.40862	0.389547
0.406161	0.111621
-0.267392	-0.0823744
-0.256528	-0.437202
-0.984399	-0.916344
-0.082708	0.0805686
-0.712805	0.440887
-0.886625	0.219009
-0.864898	0.439307
-0.32171	-0.0557506
-0.864898	-0.191098
-0.506394	-1.53571
0.319251	0.159836
-0.984399	-0.607703
-0.897489	-0.763397
-1.02785	0.241739
0.449616	0.50515
0.677754	0.147804
-0.256528	0.486811
0.547389	0.175588
-0.267392	0.248411
-0.0935718	0.389631
3.08951	0.327852
-0.832306	-0.373259
-0.854034	-0.334041
0.156294	0.220818
-0.810579	-0.927888
-0.973535	-0.288986
0.210613	-0.0367312
0.178022	-0.286314
0.297523	0.382021
-0.777988	-0.277727
-0.0718443	0.421391
-0.549849	-0.142278
-0.984399	-0.65637
-1.00613	-0.975714
-0.397757	0.277379
-0.84317	0.441584
-0.58244	0.403741
-0.951808	-0.817601
0.145431	-0.051871
-0.126163	0.154034
0.351842	0.0237875
-0.256528	0.31075
-0.126163	0.437568
-0.66935	-0.532898
-0.593304	-1.20576
3.38283	-0.14525
-0.462939	0.252515
0.634299	0.328206
-0.137027	0.165693
-0.180482	-0.533695
1.10144	0.466624
0.0476569	0.259905
1.75326	0.298063
-0.0718443	0.533354
2.51373	0.649904
-0.00666181	0.493754
1.31872	0.707865
-0.908353	0.3094
-0.397757	-0.270646
1.30785	0.546213
0.49307	0.396427
-0.908353	-0.438509
1.55772	0.439828
1.06885	0.0901613
-0.267392	0.396259
1.67722	0.461978
-0.723669	-0.197564
-0.962671	-0.543164
-0.962671	-1.21914
-0.462939	-0.380157
-0.908353	-0.0987632
-0.984399	-0.409348
1.43822	0.396859
-0.875761	-0.48336
-0.604168	0.477563
-0.560713	0.540126
2.17695	0.725626
0.221477	0.520665
1.80758	0.0372521
-0.560713	-0.691999
1.85104	0.278413
0.992803	-0.236656
-0.137027	-0.0700501
0.0367932	-0.0295646
1.73154	0.37749
-0.875761	-0.279454
-0.365165	0.287046
-0.430348	-0.582436
-0.0935718	0.42683
2.27472	0.241763
0.460479	0.361712
-1.01699	-1.77454
1.8619	0.141023
-0.604168	0.556779
1.75326	0.484856
-0.158754	0.283174
-0.75626	-0.119572
0.362706	0.607841
-0.2348	-0.181038
1.35131	0.300745
2.27472	0.517179
1.25353	0.477008
0.221477	-0.673245
-0.180482	0.441116
-0.875761	-0.545584
-0.473803	0.441423
0.373569	0.0100981
-0.223937	-0.762278
-0.777988	0.544849
-0.278255	-0.325846
-0.593304	-0.502205
-1.03872	0.380329
-0.202209	0.303799
-1.00613	-0.662925
1.67722	-0.00586841
-0.691078	-0.0899277
1.04712	0.348852
-0.430348	-0.700947
-0.886625	0.0922358
-0.886625	-0.431019
-0.788851	-0.535146
-0.441212	0.1945
-0.604168	0.147338
-0.973535	-0.1237
-0.984399	-0.341608
1.99227	0.489037
-0.473803	0.316707
-0.864898	0.0754148
-0.256528	0.0609684
0.254068	0.377754
0.0150657	0.499023
-0.082708	0.0597692
-0.962671	-0.00658704
-0.615032	0.0091811
-0.658487	0.258308
-0.962671	-1.13863
-0.115299	0.184425
0.319251	-0.77702
0.406161	0.205453
-0.93008	0.202679
-0.0609805	-0.0557958
0.634299	0.428631
0.145431	0.398924
-0.864898	-0.513851
-0.951808	0.269876
0.0367932	0.0961827
-0.951808	-0.417336
-0.289119	0.0159473
-0.58244	0.414375
-0.886625	-0.00348483
0.0911119	-0.171656
0.286659	0.0540448
-0.940944	-0.669551
-0.2348	0.0285054
-0.604168	-0.418129
3.33937	0.421256
3.61097	0.501402
-0.310847	0.20221
-0.115299	0.435524
0.742937	0.334109
2.19868	0.755999
2.02486	0.527338
-0.462939	0.268506
0.0802482	-0.102755
0.0259294	-0.414787
2.60064	0.245344
-0.506394	-0.674452
-0.777988	-0.650838
1.34044	0.624186
-0.93008	-0.235895
-0.14789	0.0339591
-0.223937	0.045707
-0.788851	-0.287638
-0.58244	-0.0736673
1.37303	0.0453472
-0.962671	0.218809
-0.289119	-0.94094
-0.908353	-0.979621
-0.0283893	-0.0428004
-0.810579	-0.734554
-0.93008	0.0307081
-0.854034	-0.213394
1.48167	0.469787
0.210613	0.0622631
-0.278255	-0.109715
0.536525	0.352381
-0.777988	-0.723122
-0.691078	0.147251
-0.897489	-0.685783
0.558253	0.71739
-0.875761	-0.382869
-0.462939	-1.22257
0.254068	-0.31524
-0.767124	0.464808
-0.00666181	-0.687673
3.70874	0.397109
-0.897489	0.288454
-0.984399	-0.844169
-0.560713	-0.537026
-0.962671	-0.74385
0.656027	-0.18957
-0.777988	0.220451
0.0585207	0.482975
4.64302	0.739615
1.21008	0.0523594
-0.875761	-1.26693
3.40455	0.661074
-0.191345	0.31495
1.10144	0.414752
-0.767124	-0.334558
0.210613	0.122185
0.395297	0.159333
0.742937	0.288283
-0.701941	-0.0265374
-0.32171	-0.176166
-0.93008	-0.0683009
-0.441212	0.218633
-0.995263	-0.857657
-0.354302	-0.357736
-0.691078	-0.00275482
-0.419484	0.351148
-0.430348	-0.144905
0.862438	0.123664
0.688618	0.147838
-0.886625	-0.73088
0.297523	0.131
0.221477	-0.0815131
-0.191345	-0.0615346
-0.441212	0.0496074
-0.202209	0.386609
1.45994	0.319783
1.81845	0.397894
2.07918	0.55019
1.02539	0.482663
-0.984399	0.250907
0.330114	-0.0164455
-0.908353	-0.992489
-0.777988	-0.0846013
-0.995263	-0.761158
-0.984399	-1.32771
-0.875761	-0.511137
-0.745396	-0.382096
-0.0283893	-0.506438
-0.788851	-0.566401
-0.897489	-0.581718
2.50286	0.377071
-0.962671	-0.481649
0.145431	-0.0189571
-0.919216	-0.590048
-0.864898	-0.253444
-0.897489	-1.06441
-0.223937	0.095973
0.92762	0.270055
0.243204	0.122305
-0.864898	-0.135559
-0.506394	-0.119653
1.1123	0.196321
0.742937	0.458197
0.210613	0.358979
0.210613	0.40209
-0.886625	-0.455118
-0.419484	-0.101777
-0.712805	-0.441917
-0.473803	0.155355
-0.767124	-0.471835
-0.00666181	0.287463
0.340978	0.435488
-0.528122	0.583053
-0.289119	0.0254035
-0.636759	-0.638289
0.699482	0.0455079
-0.788851	-0.476686
-0.66935	0.123466
2.62236	0.501603
-0.202209	0.0898294
-0.419484	0.339241
0.818983	0.182836
-0.386893	-0.713112
-0.701941	0.508072
0.884165	0.0305662
-0.278255	0.154123
-0.93008	-1.17412
0.449616	0.50515
1.67722	0.364604
0.710345	-0.169846
-0.376029	0.0108996
-0.875761	-0.227194
-0.419484	0.167469
0.732073	0.335461
1.1123	0.589097
-0.397757	-0.160418
-0.821443	0.307977
-0.462939	-0.532165
0.286659	-0.303582
1.42735	0.210706
0.482207	0.591391
-0.441212	0.24405
-1.01699	-0.485623
-0.49553	-0.239447
0.699482	0.398435
0.84071	0.0709819
-0.864898	-0.0177797
-0.441212	-0.297014
0.612572	0.117576
-0.191345	0.191689
-0.908353	-0.169655
1.2644	0.333029
-0.538985	0.0291568
2.03572	-0.226301
0.134567	0.596253
-0.864898	0.177345
2.39423	0.396363
3.15469	-0.00879639
0.916757	0.342773
-0.430348	-0.511772
-0.137027	0.197935
0.590844	-0.640932
-0.082708	0.21265
-0.658487	0.34415
-0.875761	-0.387539
-0.462939	-0.295723
-0.864898	-0.284034
-0.517258	0.451118
-0.897489	-0.570039
-0.875761	-0.990532
-0.386893	0.052427
1.94881	0.353022
-0.875761	-0.798011
-0.32171	-0.0281399
0.645163	-0.0193804
1.1449	0.619019
1.32958	0.663128
1.5034	0.101452
3.31764	0.502159
-0.104436	0.118907
2.19868	0.519853
-0.332574	0.699635
-0.995263	0.23317
-0.647623	-0.751167
0.384433	0.307097
0.134567	0.426097
-0.310847	-0.291127
-0.58244	0.540315
-0.897489	-1.28729
-0.278255	-0.305125
0.330114	0.34496
3.06778	0.518971
-0.745396	-0.179658
-0.810579	-0.235696
2.70927	-0.0559927
-0.289119	0.329427
0.710345	0.218634
-0.104436	-0.0127798
-0.484667	0.387835
0.558253	0.409037
-0.332574	0.166663
0.818983	0.394263
-0.180482	-0.531724
0.84071	0.0570968
0.547389	0.198877
-0.777988	-0.0539315
-0.897489	-0.379145
-0.995263	-0.657134
-0.615032	-0.286771
-0.365165	-0.438953
1.13403	0.0332708
-0.0501168	0.282331
-0.886625	-0.748103
0.895029	0.548867
-0.832306	-0.723768
-0.723669	0.103437
-0.0175256	0.437308
1.2644	0.548838
-0.951808	-0.15586
-0.245664	0.244609
1.59031	0.255469
-0.75626	-0.629267
-0.158754	-1.01543
-0.832306	-0.704759
1.07971	-0.106608
1.85104	0.441736
-0.951808	-0.461444
-1.04958	-0.237368
0.829847	0.689
-0.082708	0.237837
3.6001	0.433056
0.384433	0.58318
0.427888	-0.170018
-0.777988	0.0594222
-1.01699	-0.314628
-0.854034	-0.788788
2.27472	0.248112
-0.886625	0.399345
-0.0283893	-0.561562
-0.712805	-0.458351
-0.625895	0.397965
0.188886	0.0948828
1.12317	0.286891
-0.940944	-0.683146
-0.908353	-0.36772
0.829847	-0.407622
2.02486	0.576534
0.818983	0.364301
-0.810579	0.778062
6.77232	0.738954
0.7538	0.397155
-0.441212	0.2905
-0.593304	-0.483821
-0.517258	-0.0162075
-0.484667	-0.135628
-0.137027	-0.431086
-0.821443	-0.902446
-0.636759	0.0467718
-0.810579	-1.31373
-0.995263	-0.710648
-0.962671	-1.57785
-0.397757	0.342599
-0.886625	-0.973945
0.623435	-0.0786281
-0.354302	0.061301
0.134567	-0.313291
0.112839	0.14994
0.786392	0.167548
0.297523	0.36108
-0.897489	-0.117649
-0.191345	-0.243375
-0.995263	-0.58393
0.243204	0.170474
-0.289119	0.557652
-0.951808	-0.694878
-0.615032	0.210647
-0.137027	-0.697788
-0.332574	0.120382
-0.886625	-0.128932
0.232341	-0.0722028
0.199749	-0.122994
-0.799715	-0.712315
0.351842	0.194415
-0.40862	0.207956
0.895029	1.02998
0.634299	0.611836
1.36217	0.225951
-0.549849	-0.693431
-0.854034	0.231303
0.145431	-0.0989763
0.221477	0.307616
0.0476569	0.274351
-0.0935718	-0.532117
0.438752	0.580681
-0.473803	0.196165
-0.75626	-0.740442
0.167158	0.516822
-0.267392	0.374558
-0.973535	-0.130703
-0.864898	-0.452594
-0.908353	-0.747625
-0.354302	0.224289
-0.354302	0.271023
-0.0935718	0.211206
-0.788851	-0.549135
0.916757	-0.298798
-0.680214	-0.10968
-0.506394	0.209335
-0.473803	-0.317549
-0.93008	0.299817
0.0585207	0.382273
0.254068	-0.0907967
-0.484667	-0.161772
-0.897489	0.102737
0.417024	0.0504047
-0.0283893	0.392523
-0.289119	0.228541
2.78532	0.513928
0.742937	0.148737
0.873302	0.642797
-0.571577	-0.465637
0.243204	0.170474
-0.919216	-0.24702
-0.723669	-0.543972
0.0911119	0.396621
0.373569	0.360214
-0.93008	-0.713535
-0.951808	-0.15408
0.232341	0.146662
-0.169618	0.123902
-0.75626	-0.256346
-0.886625	-0.971662
-0.647623	-0.52967
-0.484667	-0.216193
-0.039253	-0.106252
-0.984399	-0.276299
-0.386893	0.367419
-0.821443	0.189377
1.22094	0.387399
0.460479	0.00708715
1.47081	0.286593
-0.701941	-0.00167099
0.895029	0.444914
-0.376029	-0.0455381
1.61204	0.545696
0.145431	0.00630166
-0.636759	0.196902
0.57998	-0.209841
-1.04958	0.32417
0.645163	-0.0726037
0.243204	0.16546
-0.506394	0.341582
0.340978	0.104106
-0.604168	-0.553647
-0.039253	0.367159
-0.886625	-0.708356
-0.832306	0.226604
-0.0718443	0.737943
0.960212	-0.556109
-0.680214	0.439431
-0.864898	-0.937276
-0.571577	0.0215854
-0.0609805	-0.167864
-0.984399	-0.398178
0.558253	0.297484
-0.58244	0.0862868
-0.854034	0.411478
-0.897489	-0.618764
-0.039253	0.431029
-0.180482	-0.725294
-0.712805	0.194022
-0.256528	-0.217599
-0.549849	0.307644
0.558253	0.650837
-0.919216	-0.601671
-0.908353	-0.498205
0.818983	0.603484
-0.962671	0.330418
-0.788851	-1.17134
-0.854034	-0.21743
-0.104436	0.220173
-0.864898	-0.540207
0.406161	0.433367
-0.897489	-1.56346
-1.00613	-0.943244
-0.158754	0.222936
-0.951808	0.291294
-0.897489	-0.897285
-0.84317	-0.933006
-0.658487	-0.540473
-0.701941	0.116547
-0.354302	0.0948267
-0.745396	-0.518421
1.45994	0.722516
0.699482	0.260308
0.417024	0.0635907
0.362706	0.0336765
-0.712805	0.586595
-0.213073	0.535641
1.32958	0.0930149
0.49307	0.404121
-0.452075	-0.231923
-0.506394	0.260322
-0.169618	-0.364704
0.612572	0.494144
0.601708	0.239591
0.0476569	0.492051
-0.897489	0.238202
-0.343438	-0.225437
-0.397757	-0.0168396
-0.973535	-1.4792
-0.441212	0.0251351
0.123703	0.44151
-0.397757	0.0958855
-0.213073	0.432175
1.17749	0.148982
0.57998	-0.61639
0.645163	0.391178
-0.549849	0.0908669
-0.854034	-0.411518
1.67722	0.289833
-0.538985	0.483233
-0.278255	0.383248
-0.875761	-0.485745
1.32958	0.679331
-0.14789	0.873724
0.57998	0.190645
1.63376	-0.000673927
-0.973535	0.42253
-0.919216	-0.237506
0.699482	0.405513
0.0150657	-0.15303
-0.799715	-0.46084
-0.886625	-0.376166
-0.658487	-0.105718
-0.734533	0.698696
-0.897489	0.201101
-0.864898	-1.44876
-0.202209	-0.249798
0.721209	0.285488
0.569117	-0.392831
-0.951808	-0.928928
-0.767124	-0.592511
0.66689	0.0972249
-0.430348	0.0583009
-0.615032	-0.0510337
-1.00613	-0.0882291
-0.310847	0.142914
1.87277	0.38819
-0.788851	-0.394414
0.156294	0.198256
-0.897489	0.066176
-0.386893	0.267316
-0.875761	-0.496245
-0.66935	-0.387022
-0.0283893	0.43518
-1.00613	-0.638774
1.90536	0.603881
0.221477	0.304867
1.13403	0.40815
-0.082708	-0.0301082
0.449616	-0.13139
-0.32171	-0.162116
0.178022	-0.140289
0.145431	0.128669
1.21008	0.14064
-0.734533	0.370024
0.199749	0.0745719
-0.864898	-0.285272
-0.223937	0.337699
-0.213073	-0.095719
1.1449	0.318734
-0.0609805	0.382821
-0.441212	0.358217
0.525662	0.0958148
-0.158754	0.26054
1.02539	0.519985
0.721209	-0.219277
-0.430348	0.278854
-0.799715	-0.344082
-0.658487	-0.319221
0.569117	0.403131
1.66636	0.189432
-0.180482	0.349139
-0.365165	-0.193258
-0.973535	-1.14976
2.86137	0.682646
0.232341	0.0148561
-0.104436	0.0445711
-0.039253	0.563045
1.84017	0.642426
2.1335	0.653277
1.2644	0.12826
-0.886625	0.51137
1.1123	0.270437
2.27472	0.0234704
-0.875761	-0.482712
0.417024	0.255939
-0.995263	-0.413833
0.460479	0.416774
3.1221	0.490903
-0.799715	-0.526958
-0.538985	0.0593809
-0.886625	-1.50746
-0.289119	0.337036
-0.137027	0.410371
-0.940944	-0.582307
-0.397757	0.00419107
0.0693844	0.20647
-0.962671	0.12096
0.0367932	-0.586633
-0.441212	-0.235261
-0.995263	-1.1715
-0.430348	0.204324
-0.245664	0.761354
-0.365165	0.0286678
-0.473803	-0.225101
0.145431	0.34119
-0.897489	-0.117649
-0.245664	0.0322415
0.84071	0.140893
0.732073	0.382497
-0.799715	-0.832284
0.710345	-0.71267
-0.701941	0.341043
0.938484	0.191182
0.188886	-0.138693
-0.593304	0.306614
-0.289119	0.335121
-0.940944	-0.250628
1.12317	0.103002
1.1449	0.38199
-0.701941	-1.00583
-0.332574	-0.363257
0.634299	0.328206
-0.940944	0.275369
-0.604168	-0.366311
1.28612	0.360224
-1.01699	-0.336317
2.00313	0.376325
-0.441212	0.2905
-0.158754	0.46146
-0.680214	0.510069
-0.625895	0.397558
0.134567	0.56526
3.66528	0.566677
-0.908353	-0.667129
-0.115299	0.391146
-0.593304	0.178001
0.482207	0.409757
-0.799715	-0.146947
1.34044	-0.174234
-0.788851	-0.0998192
-0.0609805	0.469331
0.92762	0.280105
1.45994	0.450608
-0.462939	-0.815518
3.18728	0.454048
2.63323	0.491803
-0.604168	-1.72685
-0.549849	0.332209
-0.625895	-0.398654
0.482207	0.530459
-0.767124	-0.248984
0.406161	0.73064
0.0911119	-0.924583
-0.462939	0.207741
-0.723669	-0.781548
-0.158754	0.101171
0.732073	0.256423
0.0693844	0.128765
0.525662	0.352031
0.254068	-0.715575
2.253	0.281019
1.13403	0.476074
-0.712805	-0.0933223
0.395297	-0.0426022
-0.039253	0.58524
-0.082708	0.298463
-0.462939	0.499465
-0.538985	-0.0770466
1.53599	0.555015
1.03626	0.149266
-0.484667	0.211065
0.449616	0.365658
0.243204	0.354931
-0.137027	0.408899
-0.169618	0.157962
-0.854034	-0.155633
1.29699	0.272381
-0.386893	0.196308
-0.0935718	-0.169952
-0.93008	0.223395
-0.126163	0.000369831
-0.191345	0.010235
-0.0283893	0.231492
1.27526	0.275316
0.66689	0.449841
-0.919216	-0.849017
-0.462939	-0.431823
0.319251	-0.2354
2.60064	0.227976
-0.919216	-0.835182
-0.962671	-0.267832
-0.332574	-0.108184
-0.940944	0.0955918
-0.886625	-0.519394
1.04712	0.322421
-0.712805	-0.894069
-0.430348	-0.88808
0.558253	0.134984
0.221477	0.212
0.167158	-0.959915
-0.473803	0.679134
-0.517258	0.386549
0.0476569	-0.517641
2.01399	-0.161087
-0.897489	-0.485303
-0.386893	-0.736593
0.362706	0.1352
-0.376029	-0.246646
0.319251	0.0570539
-0.202209	0.300714
2.14436	0.518936
-0.538985	-0.622139
0.960212	0.3925
-0.430348	0.0444731
-0.821443	-0.140099
0.210613	0.508027
-0.93008	-0.452346
-0.691078	0.163423
-0.332574	-0.825428
0.590844	0.476195
-0.93008	-0.703314
-0.386893	-0.0766576
-0.788851	0.0844229
-0.680214	-0.099349
-0.810579	0.238001
-0.908353	-0.676493
-0.745396	0.397583
0.0693844	0.109164
-0.158754	-0.113226
0.373569	-0.762383
0.188886	0.193466
-0.039253	-0.549568
1.65549	0.0995908
0.634299	0.411551
-0.66935	0.156825
0.188886	0.814217
-0.0718443	-0.265847
1.31872	-0.0614923
-0.191345	-0.0149819
-0.115299	0.357331
-0.082708	0.326298
-0.691078	-0.0741069
-0.832306	-0.518695
-0.58244	-0.517348
-0.299983	-0.41589
-0.604168	-0.418129
2.90482	0.0355879
-0.908353	-0.755962
-0.549849	0.2915
-0.734533	0.143885
-0.951808	-0.116047
0.243204	-0.067532
1.05799	-0.419793
-0.962671	-0.726277
-0.66935	-0.316675
0.188886	0.420061
0.0693844	-0.540152
-0.864898	0.0520406
-0.832306	0.209031
-0.647623	0.587017
0.721209	0.600328
-0.397757	-0.715958
-0.951808	-1.03536
-0.549849	0.134785
1.1449	0.325856
-0.202209	0.0559561
0.275796	0.0263951
0.373569	0.325648
-0.169618	0.666125
-0.734533	0.060707
-0.604168	-0.415679
-0.397757	-0.124054
-0.973535	-0.704249
2.6115	0.540705
0.112839	-0.180537
-0.919216	-0.865693
-0.767124	0.133435
1.48167	0.282706
0.362706	0.564496
-0.875761	-0.483642
-0.962671	-0.666646
1.12317	0.31324
-0.158754	-0.520682
0.57998	-0.226108
-0.864898	-0.0793878
-0.452075	-0.20329
-0.940944	-0.208876
-0.832306	0.0452259
-0.517258	0.187049
-0.821443	-0.19427
-0.940944	-0.54954
2.99173	0.804701
-0.278255	0.114613
0.601708	0.404156
-0.299983	0.140524
-0.538985	-0.463535
-0.332574	-0.472118
0.101976	0.174671
0.536525	0.267294
-0.636759	-0.748323
-0.278255	0.345096
0.178022	-0.361966
-0.680214	-0.140445
-0.473803	-0.110102
-0.462939	0.0218248
1.45994	0.44413
0.112839	0.242873
0.57998	0.117591
-0.919216	-0.237506
1.88363	0.359966
0.66689	0.235152
-0.951808	-0.664616
-0.84317	-0.156339
-0.973535	-0.351214
1.15576	0.0858013
-0.517258	0.407728
-0.332574	0.234521
-0.256528	0.368062
-0.908353	-0.661996
-0.658487	-0.489873
-0.126163	0.247479
-0.245664	0.517135
-0.940944	-0.284225
0.92762	0.506648
-0.647623	-0.122782
-0.32171	-0.425177
-0.810579	-0.248423
-0.299983	0.108892
-0.908353	-0.33619
0.742937	0.53652
-0.799715	-0.403546
-0.810579	-0.302438
-0.430348	0.144822
-0.169618	-0.266599
-0.897489	-0.207407
0.362706	0.00585309
1.5034	0.605464
-0.58244	-0.270226
-0.93008	-0.341382
-0.343438	0.292913
0.210613	0.335573
-0.734533	0.728162
-0.951808	0.368802
-0.180482	0.28969
0.7538	0.57096
-0.897489	-0.41063
-0.810579	-0.406335
-1.00613	0.403973
-0.549849	-0.395996
-0.962671	0.300804
2.31818	-0.0210227
-0.745396	-0.207251
-0.636759	0.171031
2.17695	0.476032
1.10144	-0.0760664
-0.332574	0.571155
-0.180482	0.228242
-0.517258	0.323503
-0.875761	-0.719409
-0.701941	0.165073
4.16502	0.15127
-0.430348	-0.00942801
0.0802482	-0.0427779
-0.66935	-1.03753
0.319251	0.0281248
-0.875761	-0.761119
-0.137027	0.273767
0.558253	0.285121
0.438752	-0.112995
-0.984399	-0.321401
-0.115299	-0.185102
-0.84317	-0.68
-0.615032	-0.015861
1.59031	0.640274
-0.75626	0.0250303
-0.919216	0.0771641
-0.462939	-0.370762
-0.973535	-0.940265
0.0476569	0.259009
-0.506394	0.5434
0.938484	0.390746
1.45994	0.32328
-0.517258	-0.196107
-0.104436	-0.522975
-0.973535	-1.13087
0.0259294	0.304604
0.221477	0.109727
-0.799715	-0.436472
-0.615032	0.00759312
-0.441212	-0.590356
0.319251	0.278217
-0.58244	-0.239976
-0.799715	0.26429
0.319251	-0.013993
-0.745396	-0.134496
0.829847	0.097363
-0.919216	-0.277584
0.134567	0.365439
0.199749	-0.0167203
2.90482	0.165167
-0.940944	-1.28778
1.04712	0.490781
-0.571577	-0.291575
0.677754	0.448937
0.395297	0.395103
-0.680214	0.420351
-0.908353	-0.33619
-0.32171	0.683305
-0.93008	0.107621
-0.0935718	0.582338
-0.039253	-0.0779545
0.949348	0.381932
0.623435	-0.83118
0.623435	0.76755
0.275796	0.19714
0.243204	0.6842
-0.897489	-1.36597
0.482207	0.513966
-0.604168	0.342732
1.78586	-0.0760703
-0.14789	0.313298
1.12317	0.585009
0.373569	0.332937
2.09004	0.549562
1.97054	0.11633
-0.332574	0.349434
1.67722	0.633802
0.264932	0.460511
1.09058	-0.273078
-0.126163	0.402579
0.92762	0.366938
-0.332574	-0.201263
-0.223937	-0.266369
0.0259294	0.424656
-0.0609805	0.36925
-0.2348	0.169612
0.0150657	0.382628
0.178022	-0.224937
1.41649	-0.447263
-0.32171	0.324546
0.634299	0.578154
-1.00613	-1.11922
-0.821443	-0.122568
1.72067	0.144714
-0.430348	0.0616712
-0.767124	0.216313
-0.864898	-1.18078
0.178022	0.576483
-0.625895	-0.0902658
-0.386893	0.39077
0.818983	0.220387
-0.832306	-0.238389
-0.864898	-0.476563
-0.40862	-0.370313
-0.84317	0.242628
-0.462939	-0.168303
0.949348	0.151545
2.53545	0.480003
-0.180482	0.13795
-0.386893	0.415489
1.77499	0.406636
0.264932	-0.167668
0.395297	0.347837
-0.376029	0.122738
-0.810579	0.0528828
-0.962671	-0.461863
-0.310847	0.0851254
-0.310847	0.217936
0.232341	0.210138
0.210613	0.0622631
-0.701941	-0.457002
-0.267392	0.241993
-0.180482	0.323303
0.0259294	0.465209
0.536525	0.338242
-0.604168	0.341445
-0.886625	0.0321669
-0.158754	-0.423703
-0.58244	0.026622
0.123703	0.47698
-0.452075	0.453178
-0.66935	0.111151
-0.223937	0.239753
0.590844	0.0925384
-0.864898	-0.201761
-0.821443	0.478
-0.777988	0.504817
-0.430348	0.187668
0.438752	0.367644
-0.2348	0.0887136
-0.506394	0.320763
-0.299983	-0.201226
0.49307	0.238079
-0.691078	0.39169
0.960212	0.288087
-0.93008	-0.558664
-0.625895	-0.355508
-0.484667	-0.197252
-0.680214	0.243908
0.471343	0.331855
-0.419484	-0.101777
-0.832306	-0.780434
-0.777988	0.184829
0.503934	-0.0717407
0.884165	0.0577543
-0.560713	-0.349607
1.84017	0.782637
-0.386893	0.0866383
1.57945	0.499186
-0.0175256	0.423328
0.710345	0.280421
-0.0175256	-0.395048
2.04659	0.329608
1.75326	0.397393
1.1449	0.0214269
-0.462939	-0.165426
-0.962671	-0.628192
1.32958	0.233661
-0.039253	0.474735
-0.354302	-0.0131615
-0.691078	0.422776
2.26386	-0.162428
-0.14789	0.449329
0.101976	0.0722049
-0.821443	-0.0530191
-0.158754	0.387225
2.00313	0.300705
-0.701941	0.347153
-0.84317	-0.814708
-0.386893	0.292169
0.482207	0.532498
0.134567	0.410961
-0.908353	-1.21657
-0.32171	-0.155595
-0.365165	0.210449
-0.951808	0.467298
-0.14789	0.319698
-0.039253	0.0125287
-0.115299	-0.413654
1.64463	1.15156
3.21987	0.501157
-0.213073	-0.562498
0.514798	0.447287
0.66689	0.173771
-0.875761	-0.990532
-0.886625	0.3223
-0.213073	0.371721
-0.940944	-0.427088
-0.940944	-0.580156
0.710345	0.233147
2.74187	0.100024
-0.00666181	-0.0267254
0.916757	-0.514686
0.949348	0.381932
-0.995263	-0.117221
0.264932	0.0707641
-0.462939	-0.182771
-0.691078	-0.817972
-0.658487	-0.635902
0.449616	-0.243263
-0.571577	0.280643
-0.2348	-0.118964
-0.386893	0.451282
0.482207	0.43776
-0.962671	-0.523796
2.06831	0.262885
-0.810579	-0.127513
-0.039253	0.301878
1.25353	0.782617
0.0367932	-0.0348136
-0.0283893	0.100795
-0.799715	0.0610451
-0.66935	0.33577
-0.40862	0.323072
0.362706	0.593367
-0.951808	-0.323156
-0.886625	0.119172
-0.137027	0.260985
1.41649	-0.447263
-0.897489	-0.086804
-0.886625	0.0253583
1.36217	0.292674
0.308387	0.46821
-0.202209	0.202859
-0.832306	0.205915
-0.995263	0.29613
-0.636759	0.235945
-0.039253	0.286977
0.112839	0.475362
0.362706	-0.271867
0.145431	0.278366
-0.213073	0.190761
-0.973535	-0.124956
-0.256528	0.271684
1.09058	0.312359
-0.723669	0.233189
-0.984399	-0.696496
-0.430348	-0.687277
-0.354302	-0.146691
-0.799715	0.464319
-0.58244	-0.324199
-0.354302	0.416637
2.99173	0.51425
-0.039253	-0.284955
0.0476569	0.179395
-0.571577	-0.0136111
1.9814	0.415687
1.00367	-0.039648
0.395297	0.133985
0.0259294	-0.042282
-0.951808	-0.666425
0.0693844	0.374274
-0.245664	0.558199
-0.908353	-1.57097
-0.658487	-0.467626
-0.278255	0.555705
-0.517258	0.405441
-1.01699	-0.763753
-0.886625	0.152746
0.612572	0.172424
-0.897489	-0.336311
-0.93008	0.325771
0.732073	-0.0773445
-0.658487	-0.0936143
-0.0609805	0.100486
-0.604168	-0.726567
-0.973535	-1.35297
-0.723669	-0.342655
-0.658487	0.418983
1.09058	0.139994
-0.810579	-0.541463
-0.962671	-0.523796
-0.137027	-0.201861
-1.00613	-0.435376
0.449616	0.325545
-0.886625	0.398028
0.0150657	0.303364
-0.0501168	-0.0284546
1.05799	-0.255777
1.51426	0.441202
-0.908353	-0.497306
1.27526	0.336866
-0.940944	0.0670598
1.36217	0.135298
-0.647623	0.000107599
-0.973535	-0.803698
0.221477	0.540702
-0.940944	-1.25896
0.427888	-0.310808
-0.517258	0.239361
-0.951808	-0.949774
3.7196	0.523072
-0.2348	0.255157
-0.886625	0.0711759
-0.919216	-0.50407
1.7424	0.365981
-0.473803	-0.460001
-0.2348	0.310202
-0.93008	-0.109781
-0.473803	0.046295
1.67722	0.609602
-0.908353	0.0494928
-0.973535	-0.301286
0.254068	-0.00221694
0.92762	-0.316085
-0.734533	0.13585
-0.875761	-1.13557
-0.93008	-0.104489
-0.767124	-0.808361
-0.897489	-0.433063
-0.441212	-0.0507612
-0.66935	-0.313239
-0.962671	0.283069
0.0693844	0.418885
2.38336	0.669086
-0.962671	-0.803432
-0.897489	-0.505157
-0.984399	-0.329795
-0.658487	-0.35934
-0.886625	0.267402
-0.213073	-0.0520537
0.601708	0.101409
-0.691078	0.330035
-0.854034	-0.224311
-0.299983	0.757036
0.00420194	0.230573
-0.32171	0.126473
0.57998	0.112548
-0.995263	-1.1715
-0.745396	-0.815647
0.884165	0.563518
-0.908353	0.498754
0.612572	0.716568
-0.441212	-0.375025
-0.886625	-0.390507
0.112839	0.185234
0.178022	-0.292987
3.67615	-0.0472311
-0.951808	-0.466322
-0.082708	0.268857
-0.962671	-0.708197
-0.75626	0.262271
-0.223937	0.278912
-0.691078	-0.0649482
0.145431	0.556805
0.949348	0.449499
-0.821443	-1.07055
-0.734533	0.272569
-0.767124	0.0945945
0.829847	-0.299886
-0.951808	-0.786016
0.0693844	-0.266999
-0.256528	0.300173
-0.2348	0.0480831
-0.919216	-0.946127
-0.647623	0.276973
-0.864898	-0.472241
5.2188	0.635732
-0.951808	0.124449
-1.03872	-0.779742
0.0802482	0.135494
-1.00613	0.262054
0.308387	0.271141
-0.332574	0.498419
-0.93008	-1.00791
-0.745396	0.534464
-0.354302	-0.0701585
-0.940944	0.509995
-0.875761	-1.03159
2.53545	0.556871
-0.788851	-0.354454
-0.723669	-0.43762
1.51426	0.0437864
-0.84317	0.192957
-0.875761	-0.850146
0.808119	0.475389
-0.289119	-0.654269
-0.723669	-0.652416
-0.473803	0.0209498
-0.995263	-0.300971
-0.897489	0.308043
1.59031	0.559414
-0.832306	-0.375313
-0.549849	-0.136754
0.134567	0.107984
-0.484667	0.246461
-0.767124	0.593359
1.17749	0.429725
1.05799	-0.0572404
-0.864898	0.524451
-0.169618	0.256824
0.471343	0.142278
1.24267	0.311329
0.199749	-0.315432
-0.712805	-0.580571
-0.940944	-0.28474
-0.691078	0.505443
0.0150657	0.31648
-0.593304	0.309916
-0.897489	-0.849778
0.0693844	-0.172426
0.188886	0.35481
-0.169618	-0.342833
1.2644	0.23302
-0.810579	0.0210135
0.362706	0.37014
0.319251	0.330207
0.0367932	0.516408
1.54685	-0.0805831
-0.137027	0.0914453
-0.560713	0.0238414
2.44854	0.408987
-0.517258	0.110412
-0.58244	0.18767
-0.658487	-0.20019
1.07971	0.271704
-0.0501168	0.154903
0.536525	0.366474
1.89449	0.0666429
2.28559	0.633004
2.26386	0.337547
-0.919216	-0.669174
-0.49553	-0.60823
1.53599	0.138002
0.482207	0.385
-0.799715	-0.159154
-0.2348	0.116885
-0.886625	0.153158
-0.528122	-0.545652
-0.788851	0.475856
0.243204	0.336356
-0.332574	0.000790014
-0.93008	0.363
0.569117	0.787884
-0.973535	-0.365115
-0.625895	-0.0902658
-0.951808	-0.940504
-0.886625	-0.222857
0.992803	-0.224438
-0.995263	0.368582
-0.897489	0.119352
-0.278255	-0.0384204
0.0367932	0.477064
-0.00666181	-0.505918
0.971075	0.375916
-0.701941	0.187809
-1.00613	-0.279452
2.02486	0.234519
-0.137027	0.179155
-0.636759	-0.797948
-0.658487	-0.181083
-0.973535	-0.520387
0.590844	0.377491
-0.571577	-0.478583
-0.984399	-0.129515
-0.908353	-0.634593
0.417024	0.191165
0.732073	-0.176034
-0.962671	-0.60651
-0.897489	-0.541421
-0.886625	-0.408918
0.319251	-0.0166345
1.00367	0.492535
-0.908353	-1.40671
-0.462939	-0.393351
-0.191345	-0.0250714
-0.940944	-0.82045
-0.886625	-0.127185
1.99227	0.743004
-1.03872	-0.438764
2.06831	0.522934
-0.962671	-0.349231
-0.245664	-0.279266
-0.343438	-0.0176129
0.688618	0.115914
-0.799715	0.434181
-0.256528	-0.14842
0.916757	0.0808939
-0.0609805	0.375038
-0.919216	-0.6445
1.1449	0.429311
-0.365165	0.0147405
-0.158754	0.331166
-0.821443	-0.355438
0.775528	0.502801
-0.517258	0.17002
-0.082708	0.408263
-0.158754	0.318007
-0.864898	0.260098
0.123703	0.220246
0.884165	0.583101
-0.191345	0.0730407
-0.560713	-0.415095
0.406161	0.456809
0.482207	0.290349
-0.0718443	-0.143184
-0.777988	-0.491507
1.69895	0.525116
-0.473803	-0.129344
0.254068	0.330991
-0.66935	-0.234031
1.24267	0.0212945
2.04659	0.497421
0.167158	0.673391
-0.66935	-0.0668009
0.84071	0.457363
0.688618	0.528586
-0.299983	0.253352
0.340978	0.381881
0.525662	0.171143
0.623435	0.263152
-0.919216	-0.950559
-0.701941	0.125955
-0.854034	-0.804824
-0.854034	-0.475109
-0.517258	-0.922768
-0.712805	-0.0903074
0.656027	0.290067
1.09058	0.139994
-0.365165	-0.278644
0.438752	-0.276012
0.0476569	-0.552214
1.32958	0.173728
1.04712	0.269644
-0.84317	-0.0450623
1.48167	0.33641
-0.310847	0.237343
-0.973535	-0.0709737
-0.49553	-0.195012
-0.962671	-0.0326623
-0.658487	0.0943015
-0.343438	-0.179867
-0.745396	-0.00568931
-0.430348	0.645012
-0.723669	-0.207087
-0.462939	0.427912
2.06831	0.638101
-0.104436	0.664139
3.30678	0.334823
-0.365165	0.253399
0.199749	0.182783
0.417024	-0.313851
-0.93008	-0.477116
-0.832306	-0.516636
-0.115299	0.17524
-0.984399	-0.879977
-0.832306	-0.903941
-1.01699	0.026223
-0.310847	0.334815
0.482207	0.227533
-0.517258	-0.519674
0.710345	0.366799
-0.886625	-0.698991
-0.32171	0.519175
-0.691078	-0.528948
0.623435	0.24296
1.85104	0.45463
1.18835	0.178139
-0.0935718	0.608043
-0.538985	-0.378589
0.482207	0.491647
-0.213073	-0.123588
3.40455	0.397455
-0.777988	-0.266355
-0.712805	-0.354746
-0.202209	-0.399411
-0.84317	-0.324966
-1.00613	-1.10969
1.37303	0.301279
-0.93008	-0.857624
-0.886625	-0.334409
-0.169618	0.42784
0.417024	0.656112
-0.49553	-0.518008
-0.278255	0.181438
-0.908353	-0.41384
1.12317	0.353349
-0.75626	-0.185498
-0.886625	-0.0195018
-0.897489	-0.154806
0.210613	0.331953
-0.571577	0.576876
-0.886625	-0.757703
-0.473803	0.154858
-0.115299	0.167952
0.0476569	0.11595
-0.223937	0.171278
0.0693844	-0.45401
-0.864898	-0.377684
-0.32171	0.108218
0.873302	0.54955
-0.549849	-0.139613
0.0476569	0.439364
1.97054	0.320401
1.69895	0.51944
-0.75626	-0.0749975
-0.039253	0.345209
-0.615032	0.319718
-0.832306	0.284323
0.417024	0.232413
-0.864898	-0.14425
-0.528122	-0.265919
-0.777988	-1.23546
0.101976	0.320498
0.167158	-0.47387
0.49307	0.159723
2.12263	0.615505
0.275796	0.219684
-0.528122	-0.791158
0.884165	0.138594
0.449616	0.325545
-0.14789	-0.102473
-0.799715	-0.485207
-0.202209	0.306758
-0.701941	0.681031
0.123703	0.471757
-0.745396	0.205144
-0.332574	-0.211168
-0.299983	-0.376749
-0.940944	0.384216
1.91622	0.0146433
0.57998	0.702386
-0.647623	0.297721
0.851574	0.631022
-0.115299	0.201302
-0.0718443	0.421391
-0.821443	0.169644
0.57998	-0.656439
-0.397757	-0.585678
-0.256528	0.358161
0.699482	0.272934
1.6229	0.190237
-0.712805	0.624165
0.101976	-0.365577
1.93795	0.344706
0.264932	0.456354
0.514798	-0.0491145
-0.712805	-0.380083
0.634299	-0.0257314
0.851574	-0.379213
-0.256528	0.303038
0.721209	-0.965442
-0.397757	0.38201
-0.854034	-0.63579
-0.202209	0.106307
-0.0935718	0.0321686
-0.2348	0.247666
-0.973535	-1.42216
-0.84317	-0.324966
2.79618	0.224896
-0.908353	-0.35256
0.340978	0.243952
-0.962671	0.0708345
0.145431	-0.575057
-0.169618	-0.103217
-0.767124	-0.511495
-0.256528	0.703218
-0.332574	0.26185
-0.799715	-0.0153511
0.742937	-0.98509
-1.06045	-1.6834
0.7538	0.359246
0.569117	-0.0865031
-0.191345	0.380798
2.81791	0.0302409
-0.810579	0.300916
0.971075	0.561388
-0.604168	-0.418486
-0.886625	0.263644
0.895029	-0.611758
-0.66935	-0.441249
0.829847	-0.465262
1.05799	0.570611
-0.452075	-0.229876
3.26333	0.592493
3.27419	0.385546
-0.973535	-0.718578
0.710345	0.674014
-0.886625	0.386652
0.0259294	-0.303988
-0.223937	-0.141125
-0.0935718	-0.0828453
0.710345	-0.0389651
-0.951808	-0.333469
0.471343	0.27683
-0.289119	-0.0743137
2.52459	0.574685
1.70981	0.192292
-0.723669	-0.0725575
0.514798	0.661392
-0.854034	-1.36188
-0.951808	-1.10952
-0.376029	0.0793385
-0.202209	-0.18158
0.905893	0.434214
-0.58244	-0.0270369
1.44908	0.450252
0.232341	0.199776
-0.940944	-0.135212
3.05691	0.533249
-0.104436	0.464245
1.30785	0.518253
0.0911119	0.459285
3.6001	0.373777
-0.484667	-0.247688
-0.940944	0.109639
-0.528122	-0.712798
1.66636	0.20033
-0.289119	0.581433
-0.462939	-0.457348
1.28612	0.0810395
3.41542	0.461943
3.39369	0.286422
-0.951808	0.221651
-0.66935	-0.0926387
-0.832306	-0.51824
-0.571577	-0.620771
0.57998	0.26451
-0.951808	-0.567152
0.981939	0.0863843
0.362706	0.458722
0.0693844	0.215489
0.66689	0.375833
-0.49553	0.803005
-0.332574	-0.556042
-0.310847	-0.0688246
-0.267392	0.403897
-0.386893	0.481
-0.58244	-0.43866
-0.517258	0.390792
0.221477	0.152451
1.22094	0.323714
1.07971	0.305814
0.0802482	0.158298
-0.93008	-0.158539
-0.202209	-0.35216
-0.897489	-0.83821
-0.919216	-1.02789
1.60117	0.529801
-0.864898	-0.52893
-0.289119	-0.472249
-0.386893	0.550585
-0.84317	0.278033
-0.962671	0.0846174
0.0802482	-0.218886
-0.919216	-0.175872
-0.310847	-0.0647243
-0.604168	0.234959
-0.723669	-0.941679
-0.767124	0.348527
0.873302	0.161494
-0.962671	-0.994099
-0.126163	0.34609
-0.973535	-0.598037
-0.93008	-1.43067
3.15469	0.414084
-0.180482	-0.631423
-0.278255	0.431308
-0.984399	-0.852828
0.00420194	0.549085
-0.158754	0.550643
-0.462939	0.123381
-0.745396	-0.468648
-0.799715	-0.604268
-0.158754	-0.0339699
0.112839	0.413673
2.45941	0.231246
0.373569	0.743632
-0.191345	0.258702
-0.951808	-0.578094
-0.386893	-0.00816402
-0.430348	0.245709
-0.538985	0.149171
-0.604168	-0.596668
-0.039253	0.0798465
-0.995263	-0.481404
-0.767124	0.307287
0.818983	-0.220371
-0.517258	0.407894
-0.995263	-0.595921
-0.528122	0.350174
0.0367932	0.0715597
0.145431	0.461154
2.44854	0.42026
1.06885	0.18899
-0.821443	0.478
-0.104436	0.341562
-0.386893	-0.519825
-0.701941	-0.339935
1.64463	0.485054
2.44854	0.358128
1.61204	0.613296
-0.788851	0.383058
0.101976	0.34121
-0.799715	-0.136169
0.00420194	-0.0124854
-0.995263	-0.344194
0.558253	-0.0767391
-0.549849	-0.399968
0.417024	0.290865
-1.00613	-0.265907
0.373569	0.145754
0.49307	0.47355
-0.202209	-0.151987
-0.897489	-0.547
0.373569	-0.0243243
0.308387	0.570059
-0.886625	-1.07144
-0.973535	0.751703
-0.908353	0.523383
-0.419484	-0.423157
1.48167	0.285192
-0.126163	0.155597
0.895029	-0.316758
-0.039253	0.414575
0.395297	0.0411325
-0.115299	-0.781653
-0.897489	-0.584706
-0.767124	0.266246
-0.919216	-0.709952
-0.278255	0.0941793
1.1123	0.782598
-1.01699	-0.297911
0.960212	-0.284289
0.884165	0.448024
-0.93008	-0.55283
0.134567	0.630411
-0.821443	0.130301
-0.615032	0.52067
1.42735	0.334383
0.275796	0.266386
0.0150657	0.385319
-0.810579	0.360482
-0.712805	-0.889106
-0.0935718	0.160962
1.68808	-0.0890705
-0.984399	0.126786
-0.441212	0.344997
-0.962671	-0.288683
-0.734533	-0.447874
-0.734533	0.364992
1.48167	0.154572
1.05799	0.369521
0.123703	0.74964
-0.908353	-0.483772
0.992803	0.457284
1.30785	0.137657
0.254068	0.271747
0.775528	0.217376
0.167158	0.570042
-0.310847	-0.662868
-0.93008	-0.0388126
1.06885	0.232202
-0.386893	0.168816
0.786392	0.537072
2.03572	0.513204
-0.223937	0.462484
-0.625895	-0.543092
-0.376029	-0.316475
-0.115299	0.147636
-0.593304	-0.134909
0.710345	0.328785
-0.995263	0.181864
-0.919216	-0.69925
-0.2348	-0.425103
-0.14789	-0.50454
2.56805	0.540699
-0.267392	0.158827
-0.191345	0.248464
-0.84317	-0.277361
-0.441212	0.247451
-0.0501168	0.50769
-0.908353	-0.901522
0.960212	-0.168679
2.03572	0.206859
-1.00613	-1.35982
-0.115299	-0.120942
-0.66935	0.111151
-0.951808	-0.980525
0.710345	0.233147
-0.886625	-0.536323
-0.973535	-1.02878
-0.571577	0.0877782
-0.897489	0.199145
-0.691078	0.158678
1.24267	0.392557
-0.875761	-0.590521
-0.658487	0.365074
-0.701941	0.162644
-0.397757	0.248921
1.09058	0.196112
0.308387	0.449865
0.156294	0.159918
1.84017	0.246488
-0.32171	-0.188146
-0.854034	-0.59905
0.514798	0.392795
0.514798	-0.111229
-0.213073	0.535641
1.9814	0.102364
-0.267392	0.312993
3.40455	0.551539
0.188886	0.48475
0.0585207	0.382273
-0.625895	-0.480578
0.308387	0.46821
-0.951808	-1.15128
-0.441212	0.377454
0.210613	0.374856
-0.821443	0.447699
-0.66935	0.109815
0.00420194	0.230573
-0.93008	-0.36562
-0.299983	-0.309227
-0.723669	0.722813
2.38336	0.617414
-0.473803	-0.418969
0.775528	0.589132
2.55718	0.705744
-0.875761	-0.523662
-0.908353	0.105747
-0.223937	0.0495674
-0.528122	0.485385
-0.940944	-0.250628
-0.821443	-0.921743
0.460479	0.0701287
-0.299983	0.0780279
0.427888	0.281975
-0.191345	0.25993
1.12317	0.436202
0.0367932	0.187237
-0.962671	-1.0883
-0.897489	-0.433825
0.188886	0.00842723
-0.864898	0.362445
-0.940944	-0.762223
-0.299983	-0.138652
-0.223937	0.474179
-0.376029	0.225208
-0.864898	0.0935219
-0.810579	-0.778692
-0.082708	0.156817
-0.919216	-0.410714
-0.777988	0.103568
-0.875761	0.131439
1.29699	0.153771
-0.984399	-0.198635
-0.278255	-0.0708135
1.30785	0.137657
-0.354302	-0.958998
0.656027	-0.180034
-0.919216	-1.11327
-0.213073	0.0800009
-0.886625	-0.957697
0.243204	0.378423
0.590844	-0.106033
0.449616	0.984418
0.0367932	0.269424
-0.821443	-0.743002
-0.777988	-0.336258
3.55665	0.502933
1.82931	0.599425
-0.940944	-0.844379
-0.777988	-0.15662
-0.647623	-1.32954
0.710345	0.514484
-0.701941	0.247955
1.56858	0.0073438
-0.419484	-0.484551
0.145431	-0.618089
-0.386893	-0.370344
-0.528122	0.0778544
0.460479	0.404101
-0.908353	-0.219507
-0.386893	-0.333331
-0.419484	-0.0357473
-0.984399	0.0748882
0.851574	0.294707
-0.680214	-0.4083
-0.397757	0.139474
-0.875761	-0.772317
-0.213073	0.326642
-0.528122	0.0556725
-0.745396	-0.535645
-0.691078	-0.243678
0.319251	0.234586
-0.93008	-0.645103
0.656027	-0.554223
0.417024	-0.142824
-0.875761	-1.50965
0.873302	0.234093
-0.886625	-0.632626
-0.00666181	0.0409291
0.406161	0.436438
1.34044	0.324138
1.65549	0.330472
-0.473803	-0.0762765
-0.951808	-0.383218
0.188886	0.0952026
-0.995263	-0.620448
1.41649	0.384431
-0.158754	0.0361218
0.188886	-0.771781
-0.940944	-0.273495
-0.962671	-0.368695
0.0476569	0.435683
-0.506394	-0.322803
-0.962671	0.124196
-0.658487	0.0175243
0.0693844	-0.215365
-0.940944	-0.844226
-0.299983	-0.311591
-0.191345	0.668575
0.406161	0.509817
0.558253	0.459521
0.0150657	-0.0158995
-0.940944	-0.270354
1.29699	0.153771
-0.799715	-0.123794
1.51426	0.0492308
-0.571577	-0.108634
-0.517258	0.444262
-0.191345	-0.247993
-0.104436	-0.133932
-0.332574	0.152046
-0.528122	-0.293293
-0.191345	0.208797
-0.919216	0.12251
-0.701941	0.0405445
0.167158	-0.0223554
-0.712805	-0.589142
-0.745396	-0.567209
-0.082708	0.462455
2.91569	0.214962
0.0150657	0.348686
0.558253	0.444612
0.0476569	0.341788
-0.158754	0.264303
2.86137	0.495838
0.264932	0.116717
-0.538985	-0.714479
-0.886625	-0.52909
-0.169618	-0.302423
-0.625895	-0.0284577
-0.604168	0.0122362
-1.00613	0.334702
-0.832306	0.412654
0.0476569	0.411098
0.232341	0.325883
1.76413	0.0796579
-0.810579	-0.0391205
-0.734533	0.0072256
-0.897489	-0.160902
-0.951808	-0.666425
0.536525	0.164716
-0.745396	0.0423181
1.22094	0.323714
-0.875761	0.496034
-0.484667	0.353735
0.0367932	-0.504325
-0.777988	0.0531273
-0.538985	0.186674
-0.712805	0.490343
0.297523	0.335423
-0.615032	-0.43327
-0.701941	0.105141
-0.386893	0.0685742
-0.864898	-0.514896
-1.00613	-1.11922
-0.2348	0.156474
-0.875761	-0.633603
0.0585207	0.231623
0.319251	0.391646
-0.984399	-1.04265
-0.386893	-0.44551
-0.0175256	0.59358
-0.137027	0.263127
-0.289119	0.466958
-0.864898	-0.158173
0.243204	0.220831
-0.571577	-1.05181
-0.66935	0.0229575
-0.462939	-0.200603
0.101976	0.737531
-0.897489	-0.00328818
0.0693844	-0.118551
-0.691078	0.319215
3.6001	0.433056
-0.441212	-0.395712
-0.289119	-0.0276459
1.23181	0.0159944
-0.517258	-0.0162075
-0.32171	0.0443927
0.275796	0.00474949
0.188886	0.0578901
-0.810579	-0.485303
1.56858	0.396609
-0.386893	0.184784
-0.832306	-0.383025
-0.962671	-1.09165
-0.951808	-0.534274
-0.962671	-2.35442
0.384433	0.454671
-0.039253	0.324427
0.688618	0.0160469
2.00313	0.621784
0.0693844	-0.308377
1.05799	0.409342
-0.299983	0.262282
-0.854034	0.196697
-0.202209	0.520251
1.34044	-0.130065
0.112839	0.412387
1.87277	0.334703
2.40509	0.433961
-0.810579	-0.411116
-0.777988	0.275926
0.0367932	0.316801
-0.93008	-0.989149
0.427888	0.468096
-0.386893	-0.330139
-0.00666181	0.0490839
0.710345	0.195201
0.0367932	0.355386
0.188886	0.286144
-0.625895	0.0620426
-0.723669	0.615691
1.05799	0.582569
-0.940944	0.25645
-0.267392	-0.0663283
-0.354302	0.164899
-0.625895	-0.266395
-0.430348	0.370387
-0.712805	-0.859487
-0.213073	0.258234
0.0693844	0.341592
1.76413	0.363966
2.63323	0.245803
-0.940944	-0.397557
2.11177	0.124895
-0.452075	-0.276202
0.710345	0.403265
-0.691078	-0.548348
2.30732	0.351655
-0.832306	-0.365626
-0.962671	-0.595434
-0.538985	-0.357182
-0.213073	0.387024
-0.919216	-1.08864
-0.864898	0.143129
1.75326	0.369303
-0.919216	-0.112878
1.27526	0.423083
3.74133	0.451472
-0.75626	-0.291208
2.01399	0.00322888
0.949348	0.315767
0.851574	-0.0857076
4.81684	0.156242
-0.310847	0.237586
-0.58244	-0.44453
1.2644	0.548838
0.340978	-0.0227378
-0.75626	-0.821567
-0.821443	-0.246098
-0.723669	0.0714115
-0.951808	-0.644249
-0.104436	-0.522975
-0.886625	-0.557502
-0.310847	0.308022
2.14436	0.420694
-0.886625	-0.390507
1.12317	0.595351
0.66689	-0.209044
-0.788851	0.00702576
-0.430348	0.145046
1.99227	0.550348
-0.191345	-0.535456
-0.419484	-0.344998
-0.386893	-0.713112
-0.625895	0.388607
-0.995263	0.507045
-0.701941	-0.216552
-0.647623	-0.441597
-0.962671	-0.705817
2.253	0.547621
2.11177	0.547449
-0.908353	-0.143414
0.721209	0.379784
-0.712805	-0.243063
0.123703	-0.151057
0.254068	0.233141
0.275796	0.678307
0.558253	-0.266487
-0.93008	-0.443917
-0.528122	0.434459
1.78586	0.322688
-0.0283893	0.0570709
-0.832306	0.307878
-0.897489	-0.649603
0.601708	0.326575
-0.810579	-0.855485
-0.799715	-0.550752
-0.832306	0.0315559
0.264932	0.19168
-0.984399	-0.924412
0.0476569	0.290114
-0.821443	0.0042417
-0.104436	-0.0710657
0.623435	-0.83118
-1.00613	0.175657
-0.995263	-0.74405
-0.875761	0.246358
0.92762	0.0202858
-0.897489	-0.119181
3.15469	0.494852
-0.93008	-0.386346
-0.897489	-1.05999
-0.419484	-0.35242
0.873302	0.652835
2.45941	0.604382
-0.615032	0.336333
0.471343	0.272511
-0.712805	0.38769
0.775528	0.487084
-0.430348	0.517594
-0.777988	-0.723928
0.243204	0.552724
0.0911119	0.159587
-0.897489	-0.634015
-0.680214	-0.174656
-0.832306	0.433972
-0.0501168	0.277074
-0.767124	-0.281872
-0.40862	-0.134821
1.1123	-0.0214074
-0.951808	0.18094
-0.940944	-0.889784
-0.940944	-0.28765
0.84071	0.31039
-0.039253	0.114964
-0.517258	-0.519079
0.547389	0.696399
0.0585207	0.194876
-0.799715	-1.19978
-0.49553	0.228236
-0.213073	0.0129669
-0.691078	0.189926
0.536525	0.321687
-0.137027	1.1486
-0.039253	0.031446
1.28612	0.3866
-0.2348	-0.521981
-0.158754	0.320034
-0.0501168	0.263418
-0.528122	-0.758946
-0.549849	-0.342485
-0.560713	-0.242642
-0.278255	0.136476
-0.202209	0.38521
-0.462939	-0.48939
0.0911119	0.162324
-0.886625	-1.12822
1.10144	-0.103547
-0.506394	0.303979
-0.875761	0.0496323
-0.897489	-0.465838
-0.126163	-0.151444
-1.00613	-0.973972
-0.267392	0.418514
0.286659	0.698025
0.873302	0.46623
-0.365165	-0.328224
-0.528122	-0.366447
1.7424	0.303244
0.590844	-0.262709
0.460479	-0.825188
-0.821443	-0.980515
1.09058	0.391238
-0.691078	-0.159128
1.1449	-0.0580388
-0.538985	0.125284
-0.66935	-0.313239
1.01453	0.0744687
-0.995263	-0.469486
-0.2348	-0.859458
0.00420194	0.499044
0.438752	0.355448
0.547389	-0.943241
2.00313	0.362042
-0.299983	0.11757
3.3611	0.51663
1.25353	0.228177
3.40455	0.470004
-0.962671	-0.488906
-0.397757	-0.644758
-0.951808	-0.171917
-0.984399	-0.640828
-0.191345	0.136336
-0.951808	-0.914033
-0.66935	0.524643
-0.32171	0.118174
-0.951808	-0.845112
-1.02785	-0.696536
1.60117	0.256241
-0.560713	-0.562293
1.64463	0.324845
-0.647623	-0.240243
0.427888	0.634513
-0.940944	-0.223557
0.167158	0.143465
-0.832306	-0.63683
1.23181	0.863885
-0.528122	-0.444441
0.0693844	0.338392
0.178022	0.213877
0.0911119	0.0423581
-0.875761	0.22959
0.0911119	-0.286824
-0.940944	-0.649546
-0.245664	-0.0386302
-0.66935	0.393891
1.06885	0.232202
-0.625895	0.454612
-0.506394	-0.710293
-0.984399	-0.525708
0.340978	0.0510557
1.87277	0.0977554
0.362706	-0.364494
0.460479	0.600359
-0.452075	0.325176
0.362706	0.699858
-0.419484	0.241221
0.0367932	-0.287705
-0.799715	-0.517508
0.775528	0.222465
-0.0609805	-0.0202098
0.101976	0.14937
-0.625895	0.099647
-0.777988	-0.0636809
0.699482	0.274874
-0.767124	0.313235
-0.93008	-1.14724
-0.58244	0.00197145
-0.549849	-0.284545
-0.701941	-0.444749
-0.995263	-0.729052
0.699482	0.603453
-0.919216	-0.182378
-1.03872	-0.931775
-0.897489	-0.76956
-0.58244	0.188432
0.243204	0.0664667
0.916757	0.218459
-0.354302	0.173434
-0.908353	-0.12734
-0.767124	-0.1634
-0.886625	-0.27954
1.37303	-0.153953
-0.788851	-0.125933
1.15576	0.302747
-0.615032	-0.426678
-0.777988	-0.430441
0.373569	0.326409
0.351842	0.390023
-0.14789	-0.247225
-0.962671	-0.730069
0.0693844	-0.388469
-0.854034	-0.645906
-0.810579	-0.613283
-0.104436	0.137775
-1.00613	-0.734464
-0.376029	-0.0194593
-0.940944	-0.698766
3.17642	0.739762
-0.625895	0.315064
-0.593304	0.224441
-0.962671	-1.15747
-0.636759	-0.120424
-0.864898	0.0984201
-0.267392	0.0117249
0.601708	-0.250603
-0.799715	0.0163873
-0.810579	-0.855485
1.5034	0.296981
0.00420194	0.507747
-0.973535	-0.750281
-0.810579	0.239804
0.0150657	-0.15303
-0.310847	-0.146261
-0.430348	0.155192
1.12317	0.0711601
-0.93008	0.0865372
1.1449	-0.96798
-0.223937	-0.361167
1.01453	0.586018
1.10144	0.510257
1.07971	0.481303
-0.299983	-0.588311
0.178022	0.50994
-0.821443	-0.797345
-0.604168	-0.418486
0.57998	0.156372
-0.137027	-0.0302873
-0.386893	-0.25026
-0.854034	-0.406711
-0.919216	-0.849017
0.438752	0.294193
-0.680214	-0.560748
0.101976	0.284379
-0.658487	0.240347
-0.452075	0.23104
-0.810579	-1.22863
-0.615032	-0.323308
1.66636	0.417322
-0.528122	-0.302309
0.178022	-0.52232
1.70981	0.196304
-0.40862	-0.254069
0.818983	0.00480353
-0.202209	0.202859
-0.604168	0.67037
-0.343438	0.678582
-0.593304	0.0471937
-0.854034	0.0972136
-0.0609805	0.302174
-0.32171	0.203781
-0.832306	0.258067
-0.452075	0.0292969
-0.32171	0.350313
-0.66935	0.393748
0.0802482	0.533797
1.06885	0.484361
1.90536	0.425881
-0.49553	-0.483808
1.82931	-0.0602927
1.12317	0.499756
-0.777988	0.160226
-1.01699	-0.29829
0.536525	0.337363
0.210613	0.315079
-0.430348	-0.0660043
0.362706	-0.33287
-0.745396	0.324959
-0.158754	0.381206
0.210613	0.432551
0.112839	0.471547
0.503934	0.472625
1.56858	0.521068
-1.00613	-0.775153
-0.484667	0.0228541
-0.560713	0.35272
0.449616	0.501773
-0.919216	-0.483939
2.27472	0.371982
0.0150657	0.478307
-0.995263	-0.143361
-0.604168	-0.553522
-0.571577	0.00609985
-0.962671	-0.629432
-0.788851	-0.272251
-0.647623	-0.131744
0.264932	0.582951
0.319251	0.379165
-0.777988	-0.336258
-0.419484	-0.546233
1.64463	0.500064
3.58924	0.448805
0.829847	0.500383
2.51373	0.604301
1.03626	0.59884
-0.854034	-1.60689
0.514798	-0.0146601
-1.00613	-0.390413
-1.03872	-0.438764
0.905893	0.602542
0.319251	0.654245
-0.528122	0.345053
-0.93008	-0.864105
-0.376029	0.466414
0.0150657	-0.110391
-0.32171	-0.111232
-0.636759	-0.250078
-0.940944	-0.280905
-0.908353	-1.19528
-0.126163	0.275447
0.92762	0.509903
-0.615032	-0.180483
1.84017	0.377664
-0.962671	-0.501132
-0.386893	-0.821804
1.12317	0.263336
0.134567	-0.48693
0.884165	0.388915
-0.658487	-0.322605
-0.419484	-0.098189
1.63376	0.190665
-0.886625	-0.384671
4.14329	0.690724
-0.854034	-0.00854898
-0.506394	0.478812
-0.615032	0.672055
-0.854034	-0.284967
-0.14789	0.567979
-0.951808	-0.484318
3.15469	0.664637
1.88363	0.530093
1.22094	0.393205
1.22094	0.476054
-0.49553	0.282695
-0.604168	-0.0583087
1.30785	0.399289
0.210613	0.319057
-0.854034	-0.628387
-0.886625	-0.737531
-0.169618	0.310959
-0.897489	-0.0803518
0.123703	0.37134
-0.593304	0.202741
-0.734533	-0.20052
1.80758	-0.294477
0.362706	-0.173827
3.51319	0.626581
-0.571577	0.760019
-0.875761	-0.211879
1.48167	0.285192
-0.593304	0.319317
-0.854034	0.300462
-0.441212	-0.00921201
0.178022	0.233216
0.156294	-0.137778
-0.604168	-0.178113
-0.886625	0.218893
2.07918	0.1592
-0.886625	-0.0457651
-0.66935	-0.657423
1.41649	0.819057
0.362706	0.0598913
0.525662	0.213698
0.0259294	0.263303
0.0693844	0.336167
0.308387	0.404434
2.38336	0.669086
-0.310847	0.429674
-0.734533	-0.447874
0.00420194	0.453933
3.62183	0.615172
-0.777988	0.26234
1.59031	0.319133
-0.506394	-0.642798
-0.104436	0.630808
0.0693844	-0.627628
-0.832306	0.614228
0.210613	-0.403213
-0.267392	0.374558
-0.93008	0.0572388
-0.691078	-0.903568
-0.0501168	0.297789
-0.58244	0.478105
-0.528122	0.334727
1.22094	0.493422
-1.00613	-0.479818
0.721209	0.086422
-0.538985	0.391957
-0.32171	-0.154695
-0.962671	-0.548633
-0.0718443	0.377424
-0.723669	-0.941679
-0.940944	-0.592717
-0.245664	0.223682
0.286659	-0.564423
-0.864898	-0.154212
-0.386893	0.53952
-0.636759	-0.406424
0.0476569	0.147784
-0.32171	0.0580814
-0.462939	-0.514328
-0.0283893	0.278458
-0.365165	0.565268
0.49307	0.00713702
0.7538	0.274476
0.0802482	-0.573993
-0.712805	-0.0408765
0.362706	0.135479
1.59031	-0.179366
1.09058	0.196112
-0.245664	0.284234
0.0911119	0.176011
-0.365165	0.0867867
-0.180482	0.0268746
0.797255	-0.279119
0.710345	0.337343
-0.908353	-0.552405
-0.854034	-0.324981
-0.14789	0.3095
-0.919216	0.300916
-0.14789	0.399375
-0.875761	-0.338442
0.992803	0.471504
-0.777988	0.366824
-0.832306	-0.613848
-0.452075	-0.530318
-0.593304	0.272525
-0.93008	0.289189
-0.832306	-0.327666
3.2416	0.627199
3.46974	0.488129
-0.745396	0.107764
-0.441212	0.306474
0.308387	0.578666
-0.832306	-0.538331
-0.821443	-0.546099
-0.951808	0.130515
0.0150657	0.384032
-0.343438	-0.00452915
0.340978	0.443641
-0.180482	0.062985
-0.854034	0.0902097
-0.701941	-0.503145
0.286659	0.260337
1.19921	0.381101
0.297523	-0.0927339
-0.810579	-0.521488
-0.908353	-0.438222
-0.0718443	-0.203817
-0.951808	-0.0266416
-0.452075	0.364805
-0.777988	-0.554848
-0.940944	-0.785981
1.64463	0.485054
0.254068	0.564719
0.0693844	-0.0181552
1.55772	0.490791
-0.517258	-0.04303
-0.549849	-0.435153
2.42682	0.37895
0.199749	0.262094
0.514798	0.643436
1.22094	0.522608
0.178022	0.489983
-0.984399	-0.689455
2.05745	0.357806
-0.680214	0.481822
1.04712	0.348852
-0.962671	-1.07618
0.0693844	0.460728
-0.647623	-0.00778242
1.7424	0.533803
-0.854034	-0.568189
-0.854034	-0.344318
-0.538985	0.0285014
-0.32171	0.320637
1.02539	-0.0201329
-0.864898	-0.0825945
-0.875761	-0.166872
-0.821443	-0.492927
0.0150657	0.262373
-0.0935718	0.289586
-1.01699	-0.635041
-1.00613	-0.815423
-0.278255	-0.325846
0.558253	0.191568
-0.647623	0.260783
-0.723669	-0.00677969
-0.940944	-0.889307
-0.386893	-0.448668
-0.267392	0.309972
0.460479	0.457373
-0.821443	-0.556187
-0.32171	-0.0604927
0.656027	0.356796
-0.680214	-1.2195
1.34044	0.34266
0.101976	0.475721
0.601708	0.289881
0.188886	0.312732
-0.75626	-0.616589
-0.560713	0.398407
-0.213073	0.355865
0.319251	0.234586
-0.788851	0.558925
0.862438	0.435816
-0.115299	-0.0684259
1.35131	0.336826
0.0693844	-0.215365
0.0693844	0.237531
1.32958	0.405216
0.243204	-0.0988391
0.699482	0.345934
-0.777988	0.275277
-0.886625	-1.12822
-0.517258	0.037585
0.471343	0.152722
0.601708	0.40894
-0.93008	0.489809
-0.951808	-1.62719
0.199749	-0.122994
-0.332574	0.695273
-0.658487	0.127535
-0.506394	-0.368641
0.547389	0.447537
0.623435	0.447146
-0.66935	-0.309096
-0.745396	-0.880874
-0.658487	-0.592452
-0.00666181	0.32999
-0.506394	0.165231
0.221477	-0.505423
-0.897489	-0.337836
-0.908353	-0.438509
-0.767124	-0.00279894
-0.940944	-0.198882
-0.701941	0.0872704
-0.256528	0.125994
0.688618	0.496217
-0.158754	0.138001
-0.126163	0.616713
-0.365165	-0.123454
0.297523	0.249365
-0.821443	0.0123648
1.30785	0.546213
0.340978	0.739883
-0.821443	-0.598242
-0.32171	0.0715828
-0.93008	-0.35061
-0.625895	0.268802
1.28612	0.579767
0.373569	-0.488906
-0.854034	0.258928
1.13403	0.376054
-0.452075	0.276748
0.623435	0.15653
-0.343438	0.482601
1.48167	-0.468438
1.97054	0.381166
-0.549849	-0.191063
2.78532	0.456534
-0.299983	0.0649096
-0.560713	0.349019
-0.951808	-1.22163
-0.039253	0.175257
-0.40862	0.174908
0.101976	-0.438207
-1.01699	-0.556646
-0.137027	0.445272
-0.386893	-0.443876
-0.951808	-1.86624
-0.473803	-0.273043
0.384433	0.215812
-0.75626	-0.469215
-0.832306	-0.14753
3.62183	0.382738
-0.40862	0.39738
-0.267392	-0.0898682
-0.734533	0.0785126
0.569117	0.41408
0.210613	0.303302
-0.169618	-0.00383721
0.612572	0.250942
0.590844	0.442211
1.12317	-0.321308
-0.32171	0.381032
-0.810579	-0.941832
0.569117	0.38288
-0.886625	0.119172
-0.658487	-0.0152599
-0.854034	0.19438
-0.93008	-0.600283
-0.897489	0.308043
0.688618	0.206471
1.59031	0.602647
1.89449	0.172909
-0.278255	-0.246604
-0.701941	-0.458259
-0.821443	0.330138
0.134567	0.256965
-0.202209	0.398371
-0.538985	0.0291568
-0.973535	-0.800322
-0.223937	-0.153154
0.449616	0.350595
-0.832306	0.364706
-0.310847	0.282985
0.710345	-0.365247
-0.386893	0.348214
-0.039253	0.0118562
-0.777988	-0.477931
-0.984399	0.206171
0.0367932	0.176616
-0.723669	-0.115678
-0.2348	0.265491
-0.680214	-0.249251
-0.40862	0.680641
1.19921	0.413159
0.199749	-0.147274
-0.75626	0.118112
-0.560713	-0.0363612
-0.897489	-1.14417
0.808119	0.403258
-0.995263	0.0676599
-0.0175256	0.438112
-0.397757	-0.0749289
-0.604168	-0.308789
1.29699	0.130499
-0.137027	0.486619
1.1449	0.275287
-0.549849	-1.01375
-0.397757	0.209282
-0.310847	0.240825
1.22094	0.30011
1.80758	0.0372521
1.19921	0.377994
0.275796	0.238775
-0.137027	0.270754
-0.00666181	0.0273269
-0.973535	0.0692733
0.243204	0.642798
-0.202209	0.322101
1.8619	0.505968
-0.00666181	0.224657
1.02539	0.411726
0.721209	0.0528889
-0.082708	-0.430241
-0.169618	0.0834237
-0.93008	0.0222627
-0.973535	0.264792
2.36163	0.329014
-0.75626	0.516065
0.92762	0.493565
-0.32171	-0.0885478
-0.777988	0.00115586
-0.625895	-0.596186
-0.528122	-0.083865
-0.528122	0.254184
-0.821443	-0.349015
-0.712805	0.0310552
-0.821443	-0.246098
-0.897489	-0.0304384
0.677754	0.277799
-0.864898	-0.243585
0.884165	-0.546296
-0.560713	-0.144983
0.732073	0.597362
1.76413	0.454575
0.981939	0.394608
-0.777988	-0.468127
0.84071	-0.146057
0.92762	0.497395
1.05799	0.178788
1.15576	0.523467
-0.343438	0.341197
-0.799715	-0.0807254
-0.343438	0.0288733
-0.506394	0.252917
-0.745396	0.388494
0.232341	-0.581819
-0.658487	-0.580735
-0.213073	-0.121522
-0.951808	-0.575465
-0.995263	-0.324112
-0.267392	0.433336
-0.864898	-0.949077
0.732073	0.575806
-1.00613	0.175967
-0.365165	0.427036
-0.40862	-0.837071
1.48167	0.646468
-0.84317	-0.559607
-0.430348	0.0295092
-0.310847	0.237586
-0.299983	-0.442839
-0.973535	-0.429214
-0.75626	0.409801
0.645163	-0.0256141
0.0585207	0.309876
0.145431	0.20443
-0.0283893	0.07341
-0.397757	-0.27937
1.16662	0.320472
-0.615032	0.177568
0.0585207	-0.216846
-0.604168	-0.552973
0.275796	0.439643
-0.32171	0.403907
1.00367	0.370716
1.9814	0.507081
-0.767124	-0.406515
-0.126163	-0.236715
1.1123	0.423302
-0.723669	-0.0394899
-0.84317	-0.563836
-0.40862	0.271996
0.0693844	-0.209504
-0.962671	0.491495
0.362706	0.534178
0.167158	-0.514862
0.525662	0.0671909
0.775528	0.233608
-0.430348	0.25699
-0.256528	0.0539903
0.0911119	0.101748
-0.593304	0.0722699
-0.886625	-0.992384
-0.864898	0.0972047
-0.940944	-0.649546
0.254068	0.0884774
0.971075	0.433989
-0.75626	0.669758
2.52459	0.25201
-0.560713	0.355115
-0.126163	0.397513
-0.701941	-0.491516
-0.951808	-0.940993
-0.40862	0.323072
-0.0283893	0.341037
-0.854034	-0.00556499
0.49307	0.62298
0.297523	0.534961
0.340978	-0.0851098
0.905893	0.619887
-0.75626	0.101266
0.829847	-0.407622
-0.908353	-0.657464
-0.115299	0.211246
-0.995263	-0.64779
1.68808	0.338416
0.960212	0.614153
-0.701941	-0.787292
1.56858	-0.0845983
1.9814	-0.150852
-0.832306	-0.29358
-0.0935718	0.593314
-0.66935	0.0196792
0.66689	-0.12341
0.797255	0.035276
0.960212	0.793439
2.02486	0.506574
1.47081	0.431503
-0.332574	0.349434
-0.723669	0.434445
-0.951808	-0.402548
-0.299983	0.00530509
-0.658487	-1.51091
-0.343438	-0.225437
2.65496	-0.0921543
2.69841	0.38159
0.0802482	0.0989262
0.851574	0.543773
-0.691078	-0.423659
0.0259294	0.21738
0.49307	0.640852
-0.245664	-0.0728492
-0.104436	-0.0473697
-0.897489	0.254421
-0.897489	-0.689245
-0.723669	-0.52959
-0.0609805	0.563065
-0.832306	-0.415473
1.19921	0.286956
0.732073	0.51368
-0.821443	-0.571835
-0.995263	0.0906447
-0.680214	-1.17634
-0.386893	0.2714
0.0585207	0.459303
0.612572	0.28073
-0.897489	-0.399153
-0.919216	-1.08864
-0.973535	-0.818451
-0.799715	-0.838367
-0.93008	-1.02784
-0.0501168	0.467576
-0.919216	0.0647263
-0.84317	-0.120509
0.243204	0.297927
-0.897489	0.0739147
0.49307	0.180463
0.873302	0.350926
-0.84317	-0.60451
1.3839	0.0459989
-0.712805	-0.968542
-0.680214	-0.454986
2.01399	0.440729
-0.886625	-1.57565
-0.854034	-0.324981
-0.734533	-0.307571
-0.00666181	0.174652
-0.984399	-0.464323
-0.115299	-0.248459
-0.799715	-0.979589
1.39476	0.958835
-0.723669	-0.352629
-0.767124	0.497001
-0.940944	-0.0673133
-0.93008	0.106981
-0.517258	-0.599645
-0.549849	-0.637025
-0.49553	-0.183217
-0.0935718	0.37322
-0.886625	0.275763
-0.397757	-0.149405
0.829847	0.405558
2.30732	0.585409
-0.560713	0.350222
0.84071	-0.146057
-0.908353	-0.972613
-0.886625	0.452705
-0.419484	-0.524115
-0.14789	0.190728
1.01453	0.0810747
-0.788851	0.318911
-0.126163	0.348127
-0.951808	-0.299184
-0.40862	0.238497
-0.299983	0.324329
-0.951808	-0.694211
0.0150657	-0.569858
-0.799715	-0.113469
-0.397757	0.119945
-0.278255	0.287746
-0.299983	0.337894
-0.777988	0.392332
-0.158754	0.0757112
-0.777988	-1.31454
1.2644	0.0232
-0.75626	0.653414
1.09058	0.0508916
0.438752	0.00267842
-0.625895	-0.0831814
-0.734533	0.501357
-0.332574	-0.00408039
-0.854034	-0.472598
-0.886625	0.181753
1.99227	0.38831
0.916757	0.46921
1.09058	0.292013
-0.84317	-0.179377
-0.245664	-0.021394
-0.919216	-0.136732
1.52513	0.570879
0.275796	-0.606982
-0.995263	-0.538102
-0.66935	-0.430705
-0.940944	-1.07946
-0.452075	-1.14503
1.05799	0.0669207
-0.647623	0.315779
0.895029	0.000538721
-0.158754	0.26774
0.373569	-0.395881
-0.039253	-0.100763
0.0802482	0.0991238
-1.00613	-1.0715
-0.430348	0.475409
-0.169618	-0.105397
-0.951808	-1.10225
-0.32171	-0.561716
0.167158	-0.150216
-0.680214	0.420351
-0.951808	0.171048
0.558253	0.481995
-0.93008	-0.533339
-0.832306	-0.283254
-0.864898	-0.36258
-0.376029	0.464136
0.0693844	0.034802
3.42628	0.493164
0.0585207	-0.0440931
-0.984399	-0.370596
-0.854034	-0.648863
0.243204	0.393878
-0.832306	0.10022
-0.767124	-0.322933
0.00420194	0.551697
-0.256528	0.00516394
-0.0935718	0.302473
-0.854034	-1.60689
-0.223937	0.474581
0.0585207	0.310232
0.199749	0.000397491
-0.864898	-0.206838
0.123703	-0.274201
0.384433	0.0744443
-0.799715	0.113497
1.02539	0.283691
0.384433	0.233313
-0.962671	-0.108793
-0.386893	0.437402
-0.93008	-1.14724
0.981939	-0.0538419
-0.506394	0.073669
-0.538985	0.301592
-0.365165	0.129001
-0.995263	-0.608222
1.03626	0.183333
-0.680214	0.329568
-0.93008	-0.588459
-0.560713	0.775027
0.178022	0.345099
0.330114	0.244444
-0.00666181	0.454767
-0.93008	-0.826948
-0.299983	0.254595
-0.875761	0.193584
-0.875761	-0.0305532
-0.75626	0.582496
0.0693844	0.471933
0.656027	0.256854
-0.962671	-0.46141
0.00420194	0.396561
-0.821443	0.201221
0.308387	0.620189
-0.528122	0.367484
1.25353	0.131384
0.232341	0.309906
-0.528122	-0.889373
-0.506394	-0.0807606
-0.625895	0.252282
-0.604168	-0.149896
-0.691078	0.330035
2.54632	0.183622
-0.517258	-0.0129499
-0.343438	0.583071
0.406161	0.224667
1.18835	-0.014512
0.221477	0.171799
-0.93008	0.0626857
-0.245664	-0.229914
-0.517258	-0.0162075
-0.202209	0.322152
1.13403	0.604314
-0.00666181	0.281495
1.69895	0.415966
1.17749	0.269526
0.775528	0.389879
-1.01699	-0.339938
0.710345	0.0364845
-0.647623	0.366332
-0.419484	-0.298668
-0.354302	-0.46846
-0.223937	0.263353
-0.2348	-0.68517
2.11177	0.124895
-0.58244	0.0103771
1.6229	0.580869
-0.0718443	0.291365
-0.202209	0.0610588
0.66689	0.318242
1.6229	0.314133
5.27312	0.672064
-0.14789	0.0800132
0.0259294	-0.004874
-0.506394	-0.465837
0.417024	0.179206
-0.223937	0.0321406
-0.462939	0.34381
0.0476569	0.519906
-0.951808	0.379848
-0.332574	0.390468
-0.462939	-0.380157
-0.995263	0.463195
0.721209	0.600328
-0.528122	-0.609664
-0.636759	-0.0484998
-0.213073	0.423916
2.45941	0.669471
-0.267392	-0.447905
0.0476569	-0.0386202
2.17695	0.290351
-0.897489	0.210989
0.449616	0.142021
0.286659	0.301528
1.91622	0.408681
-0.919216	-1.01794
-0.973535	0.501299
-0.386893	0.290659
-0.712805	-2.03281
0.210613	-0.0834515
-0.897489	-0.416683
-0.973535	-0.276226
-0.191345	0.0943829
1.73154	0.278
0.264932	-0.147663
0.0259294	0.177928
-0.441212	-0.0507612
-0.810579	-0.513321
0.471343	0.187049
-0.0175256	-0.0945325
-0.767124	-0.319323
-0.810579	-0.187438
0.112839	-0.574147
0.199749	0.50653
-0.137027	-0.2143
-0.625895	0.512103
-0.886625	-0.367979
-0.289119	-0.801016
0.482207	0.14578
-0.897489	-0.503922
0.471343	0.317337
-0.0718443	0.737943
-0.995263	0.0550603
0.49307	0.640852
0.438752	-0.1393
0.254068	0.417262
0.0259294	-0.0825221
2.38336	-0.352168
-0.245664	0.284234
-0.0609805	0.316827
-0.593304	0.102273
-0.636759	0.226412
0.938484	0.326342
-0.864898	-0.98765
0.0585207	0.193282
0.178022	0.381686
0.0585207	0.289147
-0.289119	0.207104
0.656027	-0.323423
-0.919216	0.106967
-0.777988	-0.423117
-0.636759	0.259393
-0.951808	-0.625265
1.05799	0.45466
-0.777988	-0.173248
0.536525	0.783767
-0.0935718	0.371603
-0.734533	0.372542
3.81738	0.555882
-0.799715	0.241529
-0.973535	-0.376015
-0.213073	-0.197671
-0.897489	-0.298813
0.297523	-0.49429
-0.810579	0.393883
1.03626	-0.0795579
2.17695	0.341233
-0.506394	-0.781384
-0.32171	0.360966
-0.951808	-0.265598
-0.560713	0.309283
0.156294	-0.343325
-0.517258	-0.45598
1.18835	-0.014512
-0.821443	-0.815818
0.558253	0.166114
-0.484667	0.0681209
-0.940944	0.0670598
0.178022	0.573615
-0.00666181	0.390957
1.89449	0.215755
0.384433	0.0872858
-0.810579	-1.35045
0.645163	0.612051
2.50286	0.531631
-0.821443	-0.223548
-0.332574	-0.638352
-0.462939	-0.558029
-0.995263	-0.626467
0.449616	1.03766
0.688618	0.206471
0.514798	0.419936
-0.419484	-0.0378965
-0.615032	-0.595834
-0.278255	0.323883
-0.919216	-0.326687
0.286659	0.167828
-0.908353	0.209007
-0.604168	-0.786261
0.286659	0.378064
-0.886625	0.0509558
-0.75626	-0.0251978
-0.680214	-0.455829
-0.365165	-0.0644427
-0.256528	0.327271
-0.386893	-0.544749
-0.40862	0.571501
-0.386893	-0.767791
-0.267392	0.322658
0.0150657	0.227392
1.41649	0.819057
-0.951808	-0.425134
-0.365165	0.363638
-0.799715	-0.173706
0.905893	0.416341
-1.00613	-0.72366
-0.538985	0.230211
1.60117	0.724034
-0.854034	0.42584
1.91622	0.707134
4.16502	0.431148
1.3839	0.0896991
0.764664	0.245199
3.04605	0.433586
-0.886625	-0.419575
1.06885	0.375194
0.656027	0.313618
2.731	0.317118
-0.973535	-0.663214
-0.126163	-0.596452
3.65442	0.58601
-0.397757	-0.427575
0.0259294	-0.0447331
-0.919216	-1.02751
-0.58244	0.399375
-0.452075	0.137781
1.10144	-0.10889
0.199749	0.454395
-0.202209	0.453154
1.64463	0.398677
0.742937	0.365077
-0.886625	0.318629
-0.538985	-0.172324
-0.897489	-0.651747
-0.126163	-0.236715
-0.549849	0.0889668
-0.940944	-0.298896
-0.104436	0.107885
-0.082708	0.322013
-0.897489	-0.0872778
-0.299983	0.871922
0.449616	0.198335
1.31872	0.378718
0.156294	0.486749
4.27365	0.474164
-0.940944	-0.570135
0.49307	0.443045
1.17749	0.34264
-0.854034	0.274605
-0.886625	-0.353051
-0.278255	0.287746
0.0259294	-0.0255089
-0.0501168	-0.279022
-0.452075	-1.07195
1.09058	0.265426
0.558253	0.20554
-0.039253	-0.106252
-0.875761	-0.717694
-0.767124	0.353229
0.00420194	0.506083
-0.93008	-0.929347
-0.799715	-0.78814
-0.777988	0.097023
-0.723669	0.436986
-0.0283893	0.318411
-0.647623	0.0449559
-0.289119	0.285757
-0.864898	-0.656275
-0.75626	0.281484
-0.332574	0.453758
0.503934	0.110035
0.243204	0.297927
2.75273	0.308115
-0.419484	0.497934
-0.973535	-0.849063
0.123703	-0.408141
-0.452075	0.4191
0.188886	-0.276092
0.254068	0.242576
1.39476	0.824491
-0.93008	-0.357394
-0.951808	-0.603521
0.612572	0.094779
-0.2348	-0.473791
-0.701941	-0.830997
1.65549	0.277932
-0.0283893	-0.0693213
-0.66935	0.0622435
1.42735	-0.038827
-0.549849	-0.142278
0.319251	0.150135
0.677754	0.521064
1.15576	0.182059
-1.00613	-0.978137
-0.462939	-0.157159
-0.821443	-0.0170521
0.851574	0.389059
-0.549849	0.222737
0.373569	0.0992562
-0.452075	-0.132844
-0.777988	-0.232714
-0.854034	0.107575
-0.908353	0.421377
-0.767124	0.349207
1.65549	0.265612
-0.886625	-0.512223
1.02539	0.684066
-1.03872	-1.09827
0.503934	0.348595
-0.365165	0.397482
-0.995263	-0.481404
-0.973535	-0.916943
-0.886625	-1.08636
-0.039253	0.0372292
0.0802482	0.113305
-0.115299	0.229661
-0.549849	0.431751
-0.701941	0.0108452
-0.84317	-0.134999
-0.593304	-0.062078
0.981939	0.695059
-0.245664	0.221533
-0.832306	-0.654031
-0.66935	0.171753
-0.712805	-1.15123
-0.995263	-1.03618
-0.213073	-0.142639
0.721209	0.086422
-0.951808	0.551976
0.00420194	0.275703
-0.66935	-0.300117
0.57998	-0.339183
1.05799	0.416625
-0.538985	0.172055
0.221477	0.658755
-0.256528	-0.400968
0.362706	0.403715
0.254068	0.635065
-0.93008	-0.393649
-0.788851	-0.0696563
-0.940944	-1.80944
1.13403	0.40815
-0.745396	-0.769761
-0.962671	-0.499333
0.514798	0.437963
0.395297	0.104661
-0.191345	0.323358
-0.66935	-0.306191
-0.32171	0.410832
-0.821443	-0.227288
-0.58244	0.287348
0.340978	0.398987
-0.75626	-1.18073
0.514798	0.447287
1.23181	-0.263477
1.1123	0.316266
-0.93008	-0.565628
-0.506394	0.441218
-0.908353	-0.205783
-0.864898	0.258437
-0.908353	0.355149
-0.886625	-0.857487
-0.832306	-0.637347
-0.995263	-0.682755
-0.658487	-0.00650744
-0.332574	-0.116648
-0.951808	-0.702319
-0.897489	-0.759197
-0.137027	-1.27018
-0.777988	0.0594222
-0.799715	0.00612603
0.243204	0.16546
-0.0283893	0.433867
-0.832306	-0.38043
-0.278255	0.181494
-0.560713	0.307059
-0.245664	-0.0527238
-0.452075	0.127166
-0.951808	-0.379361
-0.777988	0.000609464
-0.75626	-0.0395407
-0.832306	-0.895973
0.732073	0.335461
-0.104436	0.443801
-0.245664	0.205587
1.90536	0.322669
0.482207	0.435993
0.460479	0.351643
0.00420194	0.276732
1.5034	-0.136908
0.0259294	0.21738
-0.0609805	0.384861
1.39476	0.115932
0.0585207	0.286944
1.64463	0.294684
0.00420194	0.292341
1.1449	-0.117693
-0.549849	-0.0917047
-0.788851	-0.225937
-0.0718443	0.438874
-0.332574	-0.169517
-0.419484	-0.339338
-0.84317	-0.615667
-0.625895	-0.342399
-0.745396	-0.518421
-0.875761	-0.426547
-0.49553	0.279922
-0.267392	0.572193
-0.604168	-0.374468
0.178022	0.310695
-0.0935718	0.174049
-0.528122	0.135566
0.178022	0.323865
0.57998	-0.00742041
-0.875761	-0.535602
0.243204	-0.167144
-0.213073	0.423916
-0.126163	-0.00885249
-0.58244	0.427267
-0.0935718	0.315997
-0.93008	0.0998818
1.16662	0.425925
-0.267392	-0.60618
-0.223937	0.28967
0.254068	0.242346
0.156294	0.18705
-0.777988	-0.1923
-0.354302	-0.104227
0.101976	0.463706
0.558253	0.324505
-0.223937	0.396086
1.70981	0.616136
0.221477	0.169702
-0.984399	-0.398178
-0.767124	0.0349334
-0.104436	0.252566
1.21008	0.781195
-0.343438	0.115441
1.3839	0.53206
2.40509	0.580458
-0.995263	0.191445
1.59031	0.241682
0.00420194	0.332016
-0.919216	-0.695752
0.601708	0.427478
-0.777988	-1.31454
-0.082708	0.237348
0.188886	0.365902
-0.951808	0.0453674
0.905893	0.434214
1.05799	0.347564
-0.973535	-0.261988
0.699482	0.603453
-0.267392	0.635395
-0.691078	0.28489
-0.832306	-0.278832
-0.343438	1.07692
0.254068	0.111538
2.24213	0.140916
-0.441212	0.347662
-0.908353	-0.470605
0.732073	0.722513
0.981939	0.31228
-0.213073	-0.397061
-0.625895	-0.0650719
1.18835	0.276864
0.188886	-0.404639
-0.213073	0.270681
-0.299983	0.563878
0.134567	0.337302
-0.75626	-0.274939
-0.777988	-0.551863
-1.00613	0.343427
-0.940944	0.359353
0.57998	0.161951
-0.58244	-0.296517
0.0802482	0.468442
0.330114	0.509248
-0.376029	-0.336598
0.188886	0.149146
0.721209	0.289501
0.0693844	-0.572883
0.00420194	0.246081
1.37303	-0.19933
-0.701941	-0.714731
-0.299983	-0.181214
-0.615032	0.211879
5.15362	0.60738
-0.332574	-0.256456
-0.832306	0.0844152
-0.506394	0.0198689
-0.00666181	0.222316
1.09058	0.485482
0.308387	0.493862
-0.777988	0.178993
-0.082708	0.0167919
-0.0175256	0.363675
-1.00613	-1.5016
-0.940944	0.248671
-0.430348	0.178131
-0.441212	0.495579
-0.082708	0.402394
-0.419484	0.490877
-0.0609805	-0.196915
-0.517258	0.374813
-0.49553	0.0837996
1.04712	-0.255952
0.645163	0.502323
-0.864898	-0.454547
0.536525	0.318163
-0.0283893	-0.135053
-0.538985	0.0320476
-0.452075	-0.0604994
0.710345	-0.00107462
0.460479	0.0667847
0.57998	0.458485
-0.919216	-0.650748
-0.886625	-1.70731
-0.854034	-0.219745
-0.517258	-0.63839
-0.962671	-0.732451
0.547389	0.573904
-0.593304	0.22475
-0.615032	-0.466495
0.362706	0.0835409
-0.777988	0.0630564
-0.441212	0.0251351
0.569117	0.439866
-0.289119	0.298879
0.547389	0.36111
-0.854034	0.0972136
0.395297	-0.402281
-0.84317	0.116593
-0.0935718	0.280603
-0.919216	-0.0329073
-0.908353	0.274914
-0.745396	0.420923
-0.84317	0.249793
-0.615032	-0.591433
0.0259294	0.221324
-0.84317	0.359819
0.66689	0.132591
-0.734533	0.0387888
-0.93008	-0.47241
-0.0609805	-0.0854215
-0.658487	0.0501995
-0.625895	0.254797
2.75273	0.308115
-0.84317	-0.693753
-0.256528	0.549342
0.199749	-0.466865
-0.777988	-0.27114
-0.712805	-0.116673
-0.310847	-0.146261
-0.256528	0.255139
-0.908353	-0.830271
0.449616	0.131317
-0.777988	-1.48791
-0.995263	-0.344829
-0.919216	-0.69925
-0.875761	-1.2022
-0.289119	-0.265841
-0.886625	0.399345
0.482207	-0.286199
-0.245664	0.296236
3.05691	0.635923
2.17695	0.476032
0.569117	0.182725
2.30732	0.526453
0.254068	-0.237207
0.514798	0.230525
-0.615032	0.335946
-0.213073	-0.21884
4.07811	0.45879
1.18835	0.502034
0.49307	0.1429
-0.538985	-0.479919
3.19814	0.451835
-0.647623	0.262381
-0.0718443	0.325965
0.417024	0.241621
0.0367932	0.244349
-0.299983	0.160534
-0.430348	-1.99827
-0.767124	0.434408
-0.202209	-0.125404
-0.386893	-0.10203
-0.115299	0.259437
-0.430348	-0.280174
1.56858	0.468729
-0.908353	0.00294154
-0.452075	0.291265
0.482207	0.385
1.37303	-0.272444
-0.701941	-0.48349
1.44908	0.410506
-0.278255	0.303626
0.438752	0.0174575
0.569117	0.62137
-0.799715	0.530668
0.210613	-1.12348
0.536525	0.00649107
0.112839	-0.00420746
-0.419484	-0.728361
-0.245664	0.809781
-0.723669	-0.969894
-0.951808	0.142756
-0.897489	-0.556601
0.949348	0.585182
-0.701941	0.622682
-0.854034	-0.536997
0.0911119	-0.204063
1.45994	-0.000978925
-0.0609805	0.469331
1.95968	0.224917
2.11177	0.620993
-0.691078	0.115387
1.12317	-0.156719
-0.354302	0.387583
-0.039253	0.298428
-0.897489	0.178714
-0.897489	-0.842153
-0.995263	0.126911
-0.962671	-0.54832
0.57998	0.274629
-0.332574	-0.608051
0.873302	0.354748
1.97054	0.394886
-0.886625	-0.772408
-0.919216	-0.946127
0.0150657	0.323385
-0.875761	0.129724
-0.984399	-1.10098
-0.158754	0.10961
0.0911119	0.0638106
-0.712805	-0.310844
-0.821443	-0.499226
1.5034	0.529823
-0.00666181	0.36543
-0.517258	-0.0394383
-0.158754	0.0333607
0.764664	0.0961213
1.81845	0.448234
-0.864898	-0.513851
-0.875761	-1.23046
1.36217	0.20856
0.178022	0.161809
0.808119	0.489502
-0.32171	-0.203178
-0.832306	0.346375
-0.376029	-0.268806
-0.93008	-0.298749
-0.940944	0.196667
-0.354302	0.146243
0.254068	0.308103
-0.908353	0.274914
-0.701941	-0.854786
-0.832306	-0.557707
0.297523	0.202253
-0.593304	0.558332
-0.984399	-0.860426
-0.625895	-0.371769
-0.267392	0.34002
0.188886	0.285033
0.0911119	0.424017
-0.213073	0.348629
2.27472	0.686009
-0.93008	-1.19239
1.07971	0.29983
0.688618	-0.0455657
-0.191345	0.233886
0.0476569	-0.660636
-0.734533	-0.253538
-0.625895	0.376812
-0.745396	-0.237215
-0.973535	-1.33551
0.123703	-0.00847726
0.406161	0.0248332
1.31872	0.0349076
-0.267392	-0.171181
-0.0501168	0.282331
0.417024	0.702998
-0.462939	0.00989052
-0.560713	-0.694181
-0.625895	0.34376
-0.104436	0.63131
-0.104436	0.24992
1.81845	0.564432
0.0150657	0.0550607
-0.908353	-0.143414
1.23181	0.324397
0.732073	-0.271278
3.78479	0.741484
-0.158754	0.322804
-0.571577	-0.136231
-0.593304	0.220045
0.905893	0.523931
-0.75626	-0.147848
4.66475	0.643969
0.308387	-0.0429585
0.623435	0.691137
1.04712	0.462514
0.623435	-0.179156
-0.919216	-1.60343
-0.777988	-0.565825
-0.0609805	0.0858881
-0.310847	-0.0779988
-0.58244	0.132843
-0.32171	0.126567
0.981939	-0.0547415
-0.571577	-0.820168
0.590844	0.522251
-0.777988	-0.696329
-0.636759	-0.360965
-0.919216	-0.265307
-0.213073	-0.033189
-0.897489	-0.784604
-0.647623	0.526207
-0.886625	-0.939507
3.90429	0.544822
-0.560713	0.087618
1.22094	0.620424
1.79672	0.324672
-0.897489	-0.556601
-0.473803	-0.470457
0.221477	0.235402
0.188886	-0.0225388
-0.658487	-0.640134
-0.973535	-0.178802
-0.137027	0.462888
-0.0609805	0.378713
0.00420194	0.573215
-0.49553	0.366733
-0.832306	-0.125111
3.28505	0.670026
-0.864898	-0.160042
-0.0609805	0.066544
-0.854034	-0.897594
0.167158	0.364145
-0.680214	0.796877
-0.137027	-0.150463
-0.158754	0.138872
-0.908353	-0.932849
-0.951808	-0.433594
-0.788851	-0.210917
1.93795	0.957663
0.330114	0.0946355
-0.832306	-0.757442
-0.66935	0.242678
-0.593304	0.0506184
0.57998	0.138275
-0.886625	-0.611659
0.167158	0.366016
1.48167	0.273578
2.00313	0.106789
-0.0283893	0.398643
0.590844	-0.229389
0.0367932	0.306246
-0.84317	0.498447
-0.84317	0.604386
0.862438	0.244629
6.0879	0.458518
1.95968	0.483078
-0.886625	0.440286
-0.267392	-0.414343
1.04712	0.403938
2.04659	0.537805
0.862438	0.377167
-0.854034	-0.142997
-0.452075	0.29516
-0.973535	-0.376015
0.590844	0.388568
-0.908353	-0.0543326
-0.332574	0.120484
-0.886625	0.288886
-0.734533	-0.577242
-0.875761	0.462781
-0.278255	0.406638
-0.734533	-0.242093
0.00420194	0.331104
-0.897489	-0.701235
0.210613	0.422463
-0.647623	-0.142302
2.18781	0.501022
0.243204	0.528306
-0.625895	0.422855
-0.310847	-0.0124547
-0.647623	0.360304
-0.299983	-0.00630491
-0.788851	-0.270927
0.264932	0.200668
-0.560713	0.384189
-0.615032	-0.503996
3.26333	0.2988
-0.821443	0.37125
-0.397757	0.510358
-0.58244	0.0744389
-0.14789	1.04234
-0.560713	-0.415095
-0.832306	-0.775035
-0.299983	-0.017368
-0.191345	0.488116
-0.082708	0.494164
2.70927	0.422513
1.95968	0.429913
0.710345	0.476494
-0.32171	-0.118002
-0.908353	-1.66715
-0.549849	0.504242
0.0911119	0.479944
-0.14789	-0.300956
-0.0283893	0.387814
-0.854034	-1.64041
0.254068	-0.748283
-0.0283893	0.375886
0.417024	0.145332
-0.0935718	0.213419
-0.0175256	0.30689
2.82878	0.761346
0.145431	0.100583
1.43822	-0.0611702
-0.821443	-0.226245
-0.636759	-0.689841
0.66689	0.473788
-0.810579	-1.09096
-0.484667	-0.0606447
-0.658487	0.275689
0.101976	0.393625
0.742937	-0.495562
-0.49553	-0.304988
-0.560713	-0.601782
1.72067	0.637093
-0.897489	-1.00937
1.05799	0.306619
-0.832306	-0.958911
-0.723669	-1.38954
-0.691078	0.49472
0.286659	0.264714
-0.0501168	0.4346
0.264932	0.329502
1.07971	0.178682
-0.886625	0.0150221
0.634299	0.108181
-0.777988	-1.21986
-0.473803	0.0729262
-1.02785	-0.948782
0.373569	0.139324
-0.462939	0.265546
1.37303	0.459374
0.417024	-0.274767
-0.593304	0.0628817
-0.473803	0.366356
1.36217	0.494537
-0.875761	-0.313104
0.916757	0.708453
-0.647623	0.184001
-0.082708	0.462283
-0.549849	0.0697667
0.569117	0.0513303
3.13296	0.44272
0.601708	0.420038
0.732073	0.418573
-0.376029	-0.0673095
-0.549849	0.216535
0.199749	0.0329752
-0.788851	-0.141308
-0.984399	-0.624814
0.0693844	0.174363
-0.680214	-0.249384
-0.951808	0.0453576
-0.104436	0.20469
0.264932	-0.0437659
-0.615032	-0.0655747
-0.767124	-0.555839
0.178022	0.576483
-0.343438	0.0128721
-0.940944	-1.00901
-0.386893	0.410708
-0.615032	-0.566356
-0.810579	0.0907415
-0.875761	0.157756
3.05691	0.635923
-0.419484	0.358438
0.123703	-0.431895
-0.647623	-0.90954
-0.625895	0.223845
-0.940944	-0.532473
0.818983	0.542794
-0.223937	-0.22437
-0.647623	-0.227669
-0.745396	-0.108757
0.406161	0.224353
1.25353	-0.291079
-0.66935	-0.300117
0.482207	0.167045
-0.691078	0.184617
-0.712805	-0.572314
-0.788851	0.215562
0.710345	-0.173289
-0.104436	0.230297
0.742937	0.381259
-0.788851	-0.633692
0.308387	-0.0429585
-0.962671	-0.389092
-0.571577	0.5386
-0.343438	0.439535
-0.66935	0.0838847
-0.213073	0.170531
-0.886625	-0.216847
0.742937	0.381259
-0.397757	-0.601228
0.829847	0.68106
0.742937	0.381259
0.732073	0.217855
-0.93008	-0.497799
-0.256528	-0.104612
-0.365165	-0.470335
0.188886	0.481869
-0.84317	0.32641
-0.799715	0.464628
0.916757	0.465287
-0.0283893	0.39881
-0.93008	-0.419236
-0.919216	-0.505923
-0.810579	-0.665797
-0.995263	-1.25313
0.971075	-0.704894
-0.886625	0.198548
-0.84317	0.127
0.0259294	0.182979
0.688618	0.114594
-0.93008	-0.350829
-0.180482	0.181737
-0.538985	0.141255
1.37303	0.174907
-0.169618	0.219798
-0.832306	-0.419692
-0.940944	-0.155848
-0.84317	0.117214
-0.169618	0.192675
-0.940944	-0.0898536
0.319251	0.315059
0.0259294	0.277564
-0.875761	-0.59166
0.178022	-0.272429
-0.723669	0.384264
-0.0718443	0.460854
-0.625895	0.273887
2.70927	0.149242
-0.245664	0.266309
1.47081	-0.128221
0.156294	0.298808
-0.354302	0.164899
-0.039253	-0.0575398
-0.875761	-0.573568
0.308387	-0.409818
-0.897489	-0.0872778
-0.0609805	0.455183
1.37303	0.36966
-0.104436	0.679196
0.0911119	0.325998
1.32958	0.569021
-0.0718443	0.0676981
-0.506394	-1.07958
-0.886625	0.126154
-0.810579	0.300916
3.53492	0.755794
1.1449	-0.047359
-0.278255	0.300661
0.340978	0.280614
-0.875761	-0.74918
0.775528	0.310066
-0.680214	0.222788
-0.908353	0.123163
0.373569	0.0382647
-0.191345	0.28288
1.1123	-0.0562259
0.319251	0.281198
0.0911119	-0.226091
-0.615032	-0.440176
-0.386893	-0.00802505
-0.180482	-0.584254
0.590844	-0.120176
0.210613	0.271212
-0.799715	0.270256
1.10144	0.512951
-0.995263	-0.786164
0.0476569	-0.727046
1.73154	0.604487
-0.137027	0.263127
-0.180482	0.183796
-0.517258	0.2161
1.06885	0.157797
0.112839	-0.17453
-0.223937	0.1981
-0.940944	-0.28765
-0.245664	-0.0714135
-0.386893	-0.519825
-0.223937	-0.298595
1.18835	0.541476
0.178022	-0.449638
0.569117	0.398231
1.73154	0.507281
-0.528122	0.285879
-0.84317	-0.158358
-0.908353	-1.18323
0.297523	-0.038465
0.308387	-0.0435529
0.254068	-0.4277
2.52459	0.19364
-0.169618	-0.331935
0.243204	0.398246
1.1449	0.429311
-0.832306	-0.218876
0.895029	0.497994
-0.310847	0.312554
-0.66935	0.126766
0.210613	0.330574
-0.191345	0.502619
-0.082708	0.213159
-0.723669	-0.131792
0.243204	0.393878
0.286659	0.339392
0.221477	-0.123621
-0.908353	-0.499763
0.808119	-0.313468
1.09058	0.45222
-0.419484	0.0838616
-0.767124	-0.0498142
-0.962671	-0.776501
-0.223937	0.015941
-0.00666181	0.386905
0.916757	0.398013
-0.984399	-0.235983
0.340978	0.496813
0.0476569	0.252803
-0.615032	-0.490532
-0.777988	-0.860674
-0.875761	-0.540544
0.0693844	-0.0995028
-0.604168	0.0429094
-0.951808	0.00286891
0.460479	0.28015
-0.213073	-0.40972
-0.93008	-0.610305
-0.191345	0.291919
-0.636759	-0.659131
1.51426	0.281231
-0.875761	-0.0280095
-0.49553	0.0498636
-0.712805	0.063182
0.232341	-0.593283
-0.452075	-0.0604994
-0.636759	-0.844209
-0.75626	0.351749
0.112839	0.309874
-0.810579	-0.823306
-0.919216	-0.403146
-0.615032	0.0486172
-0.875761	-0.196793
-0.897489	-0.774281
-0.0935718	0.221959
1.31872	-0.257968
0.145431	0.461154
0.0476569	-0.144119
-1.00613	-1.98467
-0.365165	0.133821
-0.84317	0.0669825
0.362706	0.381181
0.732073	0.321611
-0.310847	0.20221
-0.886625	-0.768133
-0.0935718	-0.0927594
0.188886	-0.137746
0.938484	0.474185
0.0150657	-0.104435
-0.962671	-0.679533
-0.864898	-0.546595
0.221477	0.54247
-0.951808	-0.550047
0.49307	0.312967
-0.951808	-1.03404
0.547389	0.115427
-0.973535	-0.0459249
-0.919216	-0.171705
-0.310847	0.0580561
-0.636759	-0.480073
0.134567	0.440879
-0.636759	0.328072
-0.995263	-0.740852
0.264932	-0.147663
-0.886625	-0.543914
-0.93008	-0.924927
-0.0718443	0.370445
-0.549849	0.0783827
-0.289119	0.043778
1.03626	-0.00672993
-0.832306	-0.4265
0.0476569	0.0612882
-0.528122	0.0590769
-0.973535	-1.5652
-0.962671	-0.586609
-0.658487	0.306107
0.0802482	0.173768
-0.0718443	0.145586
-0.93008	-0.87956
0.677754	0.536706
-0.93008	-0.573551
-0.75626	-0.0943845
0.721209	0.254033
-0.0718443	0.339559
0.525662	0.352031
-0.169618	0.374611
-0.256528	0.0090311
-0.875761	-0.713107
-0.14789	-0.104472
-0.886625	-0.478612
0.895029	0.346115
-0.712805	0.190127
-0.908353	-0.217657
0.438752	0.0681471
-0.810579	-0.16341
0.57998	0.2646
0.243204	0.382353
-0.984399	-0.259032
-0.908353	-1.40671
-0.886625	-0.499691
0.960212	0.448262
-0.202209	0.207353
-0.58244	-0.542776
0.57998	0.456532
0.938484	0.128535
-0.864898	0.54869
0.373569	0.142193
0.145431	0.11018
-0.886625	-0.595858
0.645163	0.069044
-0.245664	-0.0937401
-0.93008	-0.987339
-0.58244	-0.0103007
-0.58244	0.0103771
-0.615032	-0.40738
-0.777988	-1.08485
0.00420194	0.188379
-0.680214	-0.458899
-0.658487	-0.371996
0.0476569	-0.0141956
-0.832306	-0.0951663
-0.549849	0.0464808
-0.376029	-0.232224
-0.647623	-0.376186
-1.00613	-0.580822
-0.919216	-0.825227
-0.701941	-0.519611
-0.289119	0.193724
-0.386893	0.496157
-0.0501168	0.297789
-0.93008	-0.529448
0.905893	0.141331
-0.799715	0.137151
-0.973535	-0.750308
-0.799715	-0.194766
-0.951808	-1.04198
-0.0283893	0.414413
0.112839	-0.431558
-0.734533	0.260511
-0.213073	-0.0962567
-0.810579	-0.513094
-0.799715	-0.832284
-0.691078	0.411596
-0.245664	0.406297
0.0911119	0.180899
2.253	0.669106
-0.897489	0.0250154
-0.908353	-0.39196
0.851574	0.389059
0.0476569	0.186892
-0.462939	0.312572
-0.40862	-0.625584
-0.441212	0.268139
-0.951808	-1.08225
-0.854034	-0.467374
0.210613	0.151053
-0.734533	0.171167
0.438752	0.379264
-0.810579	0.0293703
0.808119	-0.139596
1.7424	0.433867
-0.940944	-0.467905
0.514798	0.643436
-0.984399	-0.341608
-0.419484	-0.162092
-0.462939	-0.244582
0.210613	-0.247372
2.75273	0.686153
1.01453	0.0201667
-0.875761	-0.565225
-0.919216	-0.43034
-0.810579	-0.485585
-0.658487	-0.214088
0.460479	0.159836
-0.615032	-0.919612
-0.32171	0.476479
0.49307	-0.452321
-0.875761	0.261197
-0.202209	0.38521
-0.734533	0.0072256
-0.908353	-0.169655
-0.0175256	-0.15222
0.243204	0.0740345
-0.875761	-0.114615
0.460479	0.0667847
0.330114	0.117685
0.0802482	0.344141
-0.93008	-0.423304
-0.126163	0.212505
-0.0501168	-0.758364
-0.517258	0.011202
0.721209	-0.159538
1.06885	0.423253
-0.940944	-1.06981
-0.0175256	-0.444443
0.601708	-0.111286
-0.354302	0.391959
-0.962671	-0.344195
0.340978	0.396393
-0.723669	-0.285116
-0.723669	-0.965946
-0.376029	0.257729
-0.701941	-1.06311
-0.397757	0.0346728
0.210613	0.286319
2.02486	0.530277
1.45994	0.126054
-0.419484	-0.294531
-0.506394	-0.264762
-0.256528	-0.0719487
2.83964	0.0793626
-0.571577	0.472181
0.764664	0.271292
-0.202209	0.184835
-0.734533	-0.985401
1.5034	0.473923
0.808119	0.277569
-0.082708	0.152568
0.547389	0.5785
0.0802482	0.528345
-0.441212	0.101761
-0.745396	-0.548486
0.981939	0.723302
-0.984399	1.71439e-05
-0.419484	0.206855
-0.691078	0.580373
-0.506394	-0.240079
-0.549849	0.398184
-0.767124	-0.367543
-0.854034	-0.157317
-0.75626	-0.0964574
2.40509	0.310514
-0.701941	-0.35215
-0.854034	0.0903869
-0.799715	-0.963974
-0.745396	0.213038
-0.897489	-0.482916
0.243204	-0.0626811
-0.169618	-0.329153
-0.0283893	0.413893
-0.462939	-0.110904
0.699482	0.345934
0.199749	-0.200195
-0.84317	0.0117005
-0.386893	0.228661
-0.734533	-0.328133
-0.604168	-0.851521
-0.799715	-0.094815
0.156294	-0.0843688
-0.462939	0.338692
1.29699	0.620684
-0.115299	-0.159762
0.101976	-0.129275
0.645163	0.450488
-0.213073	0.0334946
0.264932	0.105009
-0.973535	0.359333
-0.484667	-0.581004
1.64463	-0.295954
-0.0283893	-0.692808
1.00367	0.0405216
1.18835	0.458307
-0.0175256	0.201065
2.62236	0.464057
0.797255	0.324076
0.395297	0.3622
-0.701941	0.261429
-0.104436	0.35803
-0.386893	0.495439
-0.734533	0.0620432
1.88363	0.325563
-0.832306	-0.957427
0.601708	0.0411554
-0.93008	-0.0669969
-0.951808	-0.395303
1.09058	0.38611
-0.647623	-0.550817
2.01399	0.289613
-0.886625	-0.583304
-0.788851	-0.911091
-0.919216	-0.372698
-0.962671	-0.533335
-0.202209	0.202859
0.656027	-0.0947779
1.12317	0.0895683
-0.658487	-0.581438
2.47027	0.355699
-0.951808	-0.149432
-0.158754	-0.429504
0.0367932	0.404488
1.43822	0.848146
0.590844	0.139838
-0.452075	0.0374329
-0.875761	-0.205883
-0.604168	-0.246647
2.66582	0.370078
-0.951808	0.404593
-0.723669	-0.0766894
0.178022	0.644592
0.243204	0.336356
-0.777988	0.305879
0.710345	-0.00107462
0.797255	0.324076
-0.75626	-0.930001
-1.03872	-0.363918
0.112839	0.412387
2.91569	0.453715
-0.962671	0.0818172
-0.528122	0.0931747
-0.593304	0.283277
-0.332574	-0.825428
0.84071	0.454271
-0.593304	0.339415
-0.810579	0.00188892
-0.821443	-0.409619
-0.58244	-0.147521
-0.973535	-0.219735
1.39476	0.328068
3.68701	0.376399
-0.180482	0.0297192
-0.528122	-0.231826
-0.897489	0.245118
0.0802482	0.573885
0.417024	0.36288
-0.386893	-0.0845203
1.27526	0.280157
1.54685	0.40142
-0.723669	0.47794
-0.213073	0.0890985
3.81738	0.550551
2.88309	-0.0167403
0.938484	0.39088
-0.951808	-0.727345
-0.430348	0.529859
0.0911119	-0.104703
-0.0175256	0.169773
-0.40862	-0.688864
-0.528122	-0.219237
-0.745396	-0.60206
-0.973535	-0.772905
2.95914	0.607578
-0.864898	0.361371
-0.365165	0.0216196
1.09058	0.265426
0.101976	0.301662
0.286659	0.425794
-0.191345	-0.27475
0.742937	0.312441
0.188886	0.605139
0.873302	0.484603
-0.00666181	0.0259123
-0.419484	-0.182923
1.54685	0.225808
-0.0718443	-0.124322
-0.158754	0.0360401
-0.777988	-0.762746
0.895029	0.40591
0.188886	-0.0928181
2.20954	0.436297
-0.66935	0.137305
-0.810579	-0.0546217
-0.810579	-0.823306
1.63376	0.534586
0.275796	1.12152
-0.604168	0.440413
-0.299983	0.00530509
5.03412	0.248026
-1.03872	-0.393981
-0.430348	0.222612
0.862438	0.123664
0.992803	0.425336
0.362706	0.0892599
-1.00613	-0.714919
-0.854034	-0.230158
0.351842	-0.388407
1.01453	0.413341
-0.0935718	-0.524843
0.884165	0.829181
-0.126163	0.250985
-0.32171	0.00453111
0.417024	0.475401
-0.962671	-0.264513
1.27526	0.184525
-0.180482	0.631718
0.0911119	0.173715
-0.538985	0.40305
-0.376029	0.217385
-0.93008	-0.473326
-0.75626	0.187576
-0.973535	-0.530063
-0.32171	0.0724132
-0.158754	0.264303
0.0802482	-0.65135
0.656027	0.366908
0.49307	-0.390722
-0.919216	-1.07993
-0.58244	0.364657
-0.897489	0.0340619
-0.799715	-0.252334
0.482207	0.15204
-0.223937	0.301394
-0.897489	-0.461059
-0.864898	-0.398925
-0.984399	-1.27325
1.79672	0.256513
-0.864898	-0.34371
-0.93008	-0.706469
-0.84317	0.74882
-0.213073	-0.0484054
0.427888	0.678558
-0.58244	-0.364768
-0.897489	-0.286564
-0.75626	0.515343
-0.723669	-0.914454
0.286659	-0.449852
-0.701941	0.385581
0.688618	0.488468
1.87277	0.400142
2.77446	0.147875
0.351842	0.344423
0.601708	0.56252
0.0585207	0.0128027
0.188886	-0.152637
-0.821443	-0.314632
1.31872	0.416425
-0.919216	-0.771234
0.938484	0.280836
-0.332574	-0.394679
-0.75626	0.260321
-0.310847	0.229802
0.84071	0.583279
-0.082708	0.270409
-0.962671	-0.943969
-0.191345	-0.300678
-0.734533	-0.434622
-0.854034	-0.924375
-0.962671	-0.281875
-0.832306	-1.24662
1.1449	0.322322
0.645163	0.339171
-0.517258	0.438735
-0.549849	-0.150979
-0.256528	-0.207177
-0.2348	-0.169699
-0.897489	-0.821583
-0.343438	-0.116645
-0.647623	0.158955
-0.538985	-0.729392
0.775528	-0.194916
-0.278255	0.404211
-0.658487	-0.609751
4.29538	0.00357858
-0.452075	-0.435062
0.0911119	0.427902
-0.712805	-0.73459
0.340978	0.269132
-0.919216	0.225212
-0.343438	-0.549459
-0.517258	0.254162
-0.767124	-0.00845806
0.178022	0.2491
0.0585207	0.104051
-0.691078	-0.229987
-0.680214	-0.627217
-0.647623	-0.147947
-0.14789	0.0941344
-0.658487	-0.311581
0.188886	-0.404639
-0.462939	0.285917
0.264932	0.320059
-0.854034	0.341532
-0.104436	-0.0955737
-0.940944	-0.932419
-0.2348	-0.0197588
0.57998	0.465158
0.199749	-0.207846
-0.647623	0.297572
2.42682	0.37895
2.17695	0.587662
-0.767124	-0.281872
0.808119	-0.469405
1.65549	0.127566
-0.397757	0.435473
0.449616	0.213372
-0.104436	-0.636911
-1.02785	-0.867021
0.00420194	0.0559874
-0.940944	-0.861505
-0.951808	-0.428565
-1.00613	-0.265949
-0.973535	-0.299145
1.18835	0.307099
-0.93008	-0.670942
-0.93008	-1.622
0.275796	0.399316
1.79672	0.429438
-0.0609805	0.34154
-1.03872	-0.618832
0.275796	0.519601
-0.278255	0.478934
-0.082708	0.413282
0.449616	-0.000901475
0.710345	0.290974
-0.506394	0.123667
0.406161	0.509817
-0.854034	-0.213394
-0.93008	-0.235122
0.0585207	0.00597657
-0.310847	0.316125
-0.593304	-0.374753
1.89449	0.425826
1.09058	0.521348
0.601708	0.523874
0.0802482	0.228588
-0.723669	-0.342655
0.112839	0.273903
-0.636759	0.396385
-0.767124	0.25629
0.84071	0.416466
0.199749	0.33502
-0.0175256	0.458906
-0.886625	0.312727
-0.940944	0.0352496
1.61204	0.104283
0.330114	0.145
-0.973535	-0.79086
0.243204	-0.313059
-0.40862	0.242006
-0.701941	0.508072
-0.973535	-1.16662
-0.115299	0.254724
-0.984399	-0.608041
1.81845	0.707694
-0.40862	0.481047
-0.386893	-0.149172
-0.691078	-0.491884
-0.951808	-1.13324
0.797255	0.375621
-0.58244	0.148266
-0.310847	-0.18946
0.210613	-0.722848
-0.897489	-0.225563
-0.864898	0.239524
-0.75626	0.0601618
0.558253	0.300499
1.97054	0.394886
-0.940944	-0.698766
-0.441212	-0.0507612
0.00420194	0.292341
0.199749	0.386165
-0.680214	0.172627
0.764664	0.685779
0.547389	0.123059
-0.810579	-0.410546
3.79565	0.774924
-0.2348	-0.487099
-0.299983	-0.579611
0.0802482	0.409807
-0.58244	0.0111064
-1.00613	-0.276978
-0.701941	0.125955
-0.951808	-0.687443
-0.951808	-1.01801
-0.919216	0.16849
1.39476	0.382669
1.70981	0.258877
1.30785	0.487226
-0.528122	-0.58589
-0.32171	0.476232
-0.875761	-0.402914
0.764664	0.275306
-0.462939	-0.0260608
1.43822	0.103036
0.340978	0.888054
0.232341	0.436174
0.449616	0.335267
-0.00666181	0.499555
0.949348	-0.083392
3.05691	0.385021
2.81791	0.603438
-0.810579	-0.567558
0.84071	-0.239065
-0.875761	-0.137247
0.764664	0.665004
0.351842	0.250188
-0.213073	0.396066
0.330114	0.126029
-0.430348	0.0739142
-0.810579	-0.165212
-0.104436	0.389246
-1.01699	-0.23582
-0.919216	-0.459463
1.10144	0.311333
3.04605	0.343842
-0.0718443	0.388002
-0.332574	-0.737961
-0.528122	0.0245226
-0.680214	-1.30438
-0.0283893	0.352433
-0.549849	0.2752
-0.376029	0.23525
-0.973535	-1.25277
0.623435	-0.527482
2.1335	0.427144
0.178022	0.0294866
0.92762	0.391706
-0.821443	-0.159904
0.243204	0.647605
-0.560713	0.775027
-0.691078	-0.0159324
-0.549849	0.192885
0.992803	0.308102
0.0585207	0.350208
-0.397757	0.153566
0.0476569	0.377017
0.395297	-0.174364
-0.908353	-0.353445
-0.202209	0.479044
0.232341	0.151771
-0.365165	-1.18711
0.362706	0.381181
-0.40862	0.196166
-0.788851	-0.844739
2.19868	0.383938
-0.310847	0.44944
2.8505	0.316243
1.39476	0.443235
-0.58244	-0.0823691
0.362706	0.0996014
2.22041	0.275265
1.04712	0.206126
-0.376029	-0.462199
-0.332574	0.21642
0.590844	0.0925384
-0.462939	0.505572
-0.767124	-0.32058
-0.452075	-0.1593
-0.788851	0.408182
-0.538985	0.145813
-0.223937	-0.0710578
0.221477	0.121973
-0.75626	-0.399673
-0.517258	0.011202
0.656027	0.652338
1.54685	-0.0774392
-0.864898	-0.158173
1.04712	0.568581
-0.158754	0.0361218
-0.202209	-0.10841
0.308387	0.150779
1.03626	-0.0886903
-0.615032	0.0839608
-0.549849	0.154446
-0.397757	0.0916646
0.710345	0.674014
0.960212	0.371758
1.7424	0.624048
1.29699	0.550058
-0.223937	0.162479
0.92762	0.247482
0.471343	0.287163
0.167158	-0.543745
1.36217	0.135298
0.514798	-0.410171
-0.115299	0.0289353
0.949348	0.0354187
-0.940944	-0.585231
1.2644	0.71698
-0.897489	-0.221079
-0.712805	-0.131473
0.101976	0.226604
-0.0935718	-0.278837
-0.864898	-0.0282926
1.68808	0.531219
-0.343438	-0.0714428
0.134567	0.156244
-0.571577	0.0612081
0.264932	-0.033752
0.547389	0.00822702
-0.462939	-0.000494169
-0.658487	-0.99508
1.29699	0.493046
-0.506394	0.199992
0.221477	-0.162204
-0.0609805	-0.272828
-0.962671	-0.539619
0.254068	0.338016
-0.897489	0.275795
0.49307	-0.241572
-0.897489	-0.960979
0.221477	0.300729
-0.951808	-0.560008
1.17749	0.163063
-0.723669	-0.499069
-0.984399	-1.024
1.06885	0.396999
1.32958	0.226986
-0.951808	-0.776043
0.438752	0.304496
-0.419484	0.566901
-0.886625	0.306506
-0.973535	0.210586
0.308387	0.223678
3.29592	0.476888
0.0150657	0.319201
0.178022	-0.000850033
-0.00666181	-0.164936
1.44908	0.418337
0.7538	0.609179
-0.299983	-0.181214
0.482207	0.749569
-1.00613	-1.98467
-0.0501168	0.322217
1.77499	0.434386
-0.788851	0.12187
-0.419484	0.0351832
-0.571577	0.0215854
1.02539	-0.0241115
-0.158754	-0.0674498
-0.278255	-0.51689
0.362706	-0.173827
0.84071	-0.0947656
-0.854034	-1.20109
-0.723669	-0.3448
-0.2348	0.612988
0.677754	0.226772
-0.908353	-0.555076
-0.864898	-0.429401
-0.973535	-0.295107
0.569117	0.429462
0.808119	0.29719
-0.213073	0.259682
-0.256528	0.185265
1.92708	-0.434328
0.319251	0.108121
2.28559	0.596862
-0.919216	0.518553
-0.799715	0.368932
-0.875761	0.476234
-0.376029	0.356576
0.525662	0.128687
1.6229	0.158759
0.449616	-0.282626
0.275796	0.237571
1.41649	0.506241
-0.973535	-0.365115
-0.919216	-0.392327
0.188886	-0.0653352
-0.604168	-0.342523
-0.104436	-0.0692697
-0.75626	-0.462484
-0.995263	-1.21695
0.384433	0.558867
0.677754	-0.0196064
0.677754	0.444879
0.123703	-0.452207
0.112839	-0.0363668
-0.32171	-0.275512
-0.0501168	0.253762
-0.365165	-0.280142
-0.452075	0.4191
1.60117	0.255238
1.9814	0.102364
-0.462939	0.325963
-0.115299	0.257338
-0.115299	0.068966
-0.691078	0.26539
1.52513	0.132943
-0.777988	0.194369
-0.289119	0.415723
0.916757	0.456527
1.94881	0.594513
-0.919216	-0.136732
0.645163	-0.068183
2.33991	0.47264
-0.940944	-1.09485
0.395297	0.414242
0.254068	0.551238
-0.875761	-0.409597
1.19921	0.594718
-0.658487	-0.132513
0.829847	0.155976
-0.908353	-0.264679
-0.528122	0.842417
-0.593304	0.309916
-0.137027	-0.313734
-0.245664	0.306138
0.66689	0.645371
-0.484667	0.426599
-0.332574	0.453758
-0.0718443	0.0914651
-0.886625	0.228301
2.12263	0.16937
0.601708	0.256978
-0.256528	0.292649
-0.680214	-0.328412
-0.332574	-0.39583
0.503934	0.644642
-0.202209	0.205584
-0.712805	0.309719
0.264932	-0.471492
-0.973535	-1.02524
-0.549849	-0.0785771
-0.821443	-0.532124
0.232341	0.106152
1.75326	0.510094
-0.995263	-0.353522
-0.701941	0.39478
-0.734533	0.161163
-0.940944	-0.74171
0.297523	0.588486
-0.745396	-0.197509
-0.137027	0.338378
-0.082708	0.379158
-0.104436	0.453115
-0.680214	-0.272875
0.0150657	0.292125
-0.680214	-0.58825
-1.01699	-0.823994
0.167158	0.160582
0.449616	0.335267
-0.289119	-0.469289
1.18835	-0.246724
-0.549849	-1.0193
-0.940944	-0.427088
-0.897489	-0.177608
-0.604168	0.0890679
-0.473803	0.134201
0.895029	0.143287
-0.126163	0.0185151
-0.32171	0.457762
0.449616	0.281347
-0.84317	-1.00928
-0.549849	-0.548082
-0.386893	0.186459
-0.039253	0.349466
-0.821443	-0.817112
-0.864898	-0.122778
-0.647623	-0.522221
-0.213073	0.2921
1.44908	0.220818
0.167158	0.212927
-0.886625	-0.123346
1.45994	-0.0115086
2.07918	0.1592
-0.897489	-1.01276
-0.767124	-0.352024
2.86137	0.437969
-0.473803	-0.0297064
-0.538985	0.48282
-0.680214	0.556609
-0.40862	-1.08258
0.916757	0.488086
0.536525	0.337363
0.308387	0.238944
4.61043	0.368586
-0.538985	-0.895652
0.156294	-0.0501465
-0.039253	0.478918
2.63323	0.475496
-0.940944	-1.10009
1.06885	0.603795
-0.691078	-0.549968
0.297523	-0.318182
-0.625895	0.141891
0.286659	0.301528
-0.267392	-0.135853
0.199749	0.34427
-0.832306	0.33428
-0.908353	-0.559806
-0.441212	0.215813
-0.864898	-0.370325
-0.832306	0.337755
-0.93008	-0.523536
-0.517258	-0.478665
0.569117	0.621302
0.221477	0.43181
-0.691078	-0.401666
0.688618	0.508676
2.01399	0.54768
-0.995263	-0.569153
3.14382	0.517723
1.1123	-0.0301344
-0.32171	-0.0811878
-0.832306	-0.611674
1.21008	0.501068
-0.354302	0.300813
0.199749	0.168421
-0.701941	-0.666573
1.55772	-0.0947619
-0.278255	0.552481
0.156294	0.298808
-0.299983	-0.0508588
-0.625895	-0.642264
-0.788851	0.532726
-0.615032	-0.532701
0.895029	0.346906
-1.01699	0.341138
0.503934	0.202431
-0.777988	-0.647977
0.210613	-0.0474497
-0.973535	-0.1237
-0.354302	-0.184264
-0.93008	-0.809831
-0.636759	-0.413194
-0.984399	-0.578871
2.83964	0.127309
-0.940944	-0.582307
-0.549849	0.0671373
3.66528	0.0349874
-0.441212	-0.067563
0.460479	0.0701287
-0.658487	-0.0100357
1.15576	0.188616
-0.278255	-0.027582
-0.484667	0.0023099
-0.126163	0.274842
0.732073	-0.00776014
-0.473803	0.441423
0.254068	0.497994
0.373569	0.290638
0.84071	0.364515
-0.745396	0.213038
-0.419484	0.0547347
0.243204	0.236777
-0.647623	0.466684
-0.886625	-0.193432
-0.00666181	0.184522
-0.908353	-0.130548
-0.940944	0.162078
1.59031	0.71811
0.395297	0.395692
-0.213073	-0.197671
-0.973535	-0.38521
0.101976	-0.575053
-0.191345	0.0149199
-0.712805	0.4529
-0.951808	-0.572573
-0.528122	-0.020656
-0.267392	-0.0147018
1.5034	0.468088
-0.962671	-0.886285
1.09058	-0.0875386
-0.788851	-0.166868
-0.832306	-0.172341
0.221477	0.26171
0.688618	0.200433
-1.00613	-0.559038
-0.854034	-0.0530828
0.232341	0.449487
-0.397757	0.552777
-0.560713	-0.497224
0.123703	-0.330788
-0.462939	-0.278096
-0.680214	0.266455
0.688618	0.113737
-0.767124	0.228147
0.264932	-0.147663
-0.875761	-0.020413
0.254068	0.232697
3.93688	0.753279
1.72067	0.404267
-0.223937	0.448945
0.330114	0.613055
-0.0935718	0.308432
0.275796	-0.606982
3.21987	0.501157
-0.832306	-0.693099
-0.767124	-0.511439
-0.484667	0.0681209
-0.517258	-0.0285271
0.558253	0.368819
-0.647623	-0.131744
-0.14789	0.442565
-0.386893	0.000332791
0.308387	0.193411
0.406161	0.224667
0.677754	0.108745
-0.886625	0.420066
-0.886625	-1.05348
-0.386893	-0.00270828
1.41649	0.264375
1.99227	0.0380715
-0.810579	-0.0964381
-0.691078	-0.0751402
2.57891	0.291319
-0.995263	-0.610285
3.44801	0.69337
-0.267392	-0.569073
-0.767124	-0.726526
-0.93008	-0.575754
-0.039253	0.608023
-0.84317	0.0698812
-1.00613	-0.25787
-0.528122	0.0167101
0.156294	0.176212
-0.734533	-0.145329
-0.984399	-1.53557
0.612572	0.548907
-0.58244	0.890832
0.656027	0.161228
-0.93008	-0.181829
0.482207	0.124692
0.362706	0.493801
1.01453	-0.191014
-0.32171	-0.322629
0.112839	0.136272
0.981939	-0.106521
-0.213073	-0.146708
1.67722	0.119753
-0.951808	-0.615985
-0.777988	-1.25386
-0.962671	-1.02249
-0.886625	0.218893
-0.908353	-0.794901
1.8619	-0.155968
1.55772	0.468354
-0.40862	-0.100339
-0.0283893	0.213424
0.862438	-0.262211
-0.767124	0.201463
0.960212	0.0756897
-0.886625	-0.723925
-0.864898	-0.25414
-0.940944	-0.560102
1.02539	0.327637
-0.84317	-0.627177
0.938484	0.474677
-0.701941	-0.572637
-0.886625	0.198548
-0.875761	-0.103337
-0.506394	0.369979
-0.0935718	0.384926
0.460479	0.251926
-0.854034	-0.179131
-0.245664	0.511056
-0.647623	0.0979935
0.503934	0.148098
-0.93008	-0.450788
-0.14789	0.329064
-0.940944	0.183095
-0.245664	0.404269
-0.549849	-0.196728
-0.082708	0.142833
0.721209	0.0835478
2.66582	0.47133
2.35077	0.053859
0.0693844	0.284254
-0.354302	-0.196491
-0.625895	-0.107269
-0.962671	-0.994099
-0.832306	-0.181724
-0.984399	-0.376958
-0.40862	-0.322428
-0.788851	-0.0994678
-0.788851	-0.239516
-0.517258	-0.285703
-0.571577	0.0404843
-0.658487	-0.0167677
-0.84317	0.327274
0.742937	0.373711
-0.93008	0.325771
1.43822	0.848146
-0.864898	-0.490865
-0.538985	-0.128041
1.36217	0.415129
2.65496	0.454899
2.86137	0.829654
0.210613	0.289822
-0.549849	-0.142278
-0.49553	0.31268
-0.75626	-0.0880795
1.1449	0.407391
0.134567	-0.181716
-0.365165	0.383652
-0.528122	-0.327548
1.1449	0.0925776
-0.2348	0.30637
-0.365165	0.0515448
0.514798	0.183859
1.90536	0.543934
-0.973535	-1.03621
0.199749	-0.200195
-0.636759	-0.826646
-0.995263	-0.740375
-0.821443	0.377415
0.275796	0.112647
0.178022	0.371068
-0.310847	0.429298
-0.897489	0.000929651
-0.310847	0.0580561
0.981939	0.353402
-1.00613	0.449599
0.482207	0.997862
-0.158754	-0.00910265
-0.940944	-1.07878
-0.604168	-0.272967
-0.2348	-0.0702703
-0.104436	0.488884
1.52513	0.442687
0.460479	0.472361
0.851574	-0.0923296
-0.712805	-0.511141
-0.082708	-0.270083
2.36163	0.708768
-0.962671	-0.425112
0.101976	0.280045
1.40563	0.266391
-0.278255	0.345096
0.612572	0.28203
3.20901	0.420727
0.742937	-0.15939
-0.32171	0.264538
-0.940944	-1.69402
-0.299983	0.464129
0.84071	0.67558
-0.93008	-0.0551143
1.21008	0.273255
-0.951808	-0.575801
-0.788851	-0.383615
0.66689	0.123497
-0.625895	-0.348248
-0.701941	-0.136882
-0.104436	0.0376079
0.960212	0.639071
0.57998	0.307618
0.884165	0.731628
-0.962671	-0.183561
-0.799715	0.0159433
-0.777988	0.0273743
-0.615032	0.0262796
-0.75626	-0.0512808
-0.571577	0.347305
0.829847	-0.435466
1.1449	-0.96798
-0.93008	-0.23464
1.55772	0.370036
-0.973535	-0.100347
-0.0501168	0.0524902
-0.962671	0.0818172
0.503934	0.348595
-0.810579	-0.0964381
-0.680214	0.453369
-0.484667	0.320882
0.395297	-0.33571
-0.962671	-0.894671
0.558253	0.312857
-0.658487	-0.0488758
-0.267392	0.0128306
1.43822	0.763924
0.0802482	-0.215654
1.04712	0.481174
0.438752	0.227193
3.05691	0.228322
-0.278255	-0.33937
-0.332574	0.1232
0.471343	-0.105436
0.210613	0.509969
0.536525	0.154732
-0.430348	-0.0159552
1.37303	0.282692
-0.984399	0.122709
-0.788851	-0.476686
0.612572	0.497501
-0.767124	-0.0901861
-0.0609805	0.100486
-0.84317	0.232733
-0.104436	0.413522
0.362706	0.317774
-0.0175256	0.129575
-0.777988	0.437287
-0.343438	-0.0421445
0.134567	-0.433951
0.427888	0.678863
-0.191345	0.0939362
-0.441212	0.303494
-0.126163	-0.445834
-0.93008	-0.368687
-0.180482	-0.0673453
-0.40862	0.452904
0.221477	0.476257
0.243204	0.0782304
1.05799	0.341612
0.427888	0.424872
-0.419484	0.502737
0.503934	0.532401
-0.897489	-0.688987
-1.01699	-0.758088
0.960212	0.319289
-0.00666181	-0.087049
-0.202209	-0.00192039
2.09004	0.729419
0.514798	-0.358576
-0.886625	0.233985
2.03572	0.618908
-0.0718443	0.199986
-0.875761	0.264498
0.275796	-0.332842
0.232341	0.0960912
0.732073	0.539316
-0.354302	0.247105
-0.919216	-0.291681
0.0911119	-0.20609
-0.40862	0.28852
-0.082708	0.524129
-0.213073	-0.40972
1.56858	0.336064
1.59031	0.241682
0.0693844	0.316666
-0.723669	0.321029
-0.354302	0.47839
-0.799715	0.218531
-0.984399	-0.809666
-0.0283893	-0.246737
0.395297	0.271028
-0.137027	0.412597
1.15576	0.36188
-0.951808	-0.513749
-0.777988	0.35034
-0.864898	-0.135568
1.63376	0.624699
-0.039253	-0.42764
-0.430348	-0.432922
0.569117	0.332363
0.438752	-0.0430937
-0.940944	-0.560102
0.590844	-0.278402
-0.158754	0.0333607
2.07918	0.58195
0.134567	0.206141
-0.310847	-0.751513
2.51373	0.381174
-0.93008	0.473377
0.482207	0.111265
-0.397757	0.184971
-0.962671	-0.462218
0.0911119	-0.25668
-0.886625	-0.390507
2.07918	0.795074
-0.32171	0.269081
0.0259294	0.193483
-0.506394	-0.178557
-0.93008	-0.68796
-0.332574	0.441979
-0.278255	0.297049
-0.604168	-0.628141
-0.191345	-0.00232443
-0.32171	0.317432
-0.810579	0.207047
-0.940944	-0.950441
2.23127	0.603432
-0.777988	0.461669
-0.832306	-0.680545
2.57891	0.247776
0.384433	0.272107
-0.223937	0.0508783
-0.604168	0.110478
0.0150657	-0.071244
4.65388	0.602222
3.26333	0.694412
-0.082708	0.44859
0.427888	0.411544
-0.767124	0.359213
-0.647623	0.439451
-0.788851	-0.173847
-0.84317	-0.447086
-0.875761	-0.688744
-0.75626	-0.943759
-0.940944	-0.761571
1.05799	0.205025
2.80705	0.636829
0.123703	0.0597972
-0.864898	0.0603083
0.981939	0.178677
0.243204	0.354931
0.66689	0.135508
-0.0501168	0.495906
-0.745396	-0.362898
-0.462939	0.38999
-0.419484	-0.304821
-0.940944	-0.497652
-0.995263	-0.41279
-0.0935718	0.241432
-0.832306	-0.778688
0.384433	-0.166334
-0.49553	-0.514609
-0.973535	-1.07575
-0.875761	-0.387711
-0.473803	-0.850511
-0.75626	0.0957779
0.938484	0.363658
-0.549849	-0.592121
1.72067	0.240619
-0.571577	-0.0821223
-0.158754	-0.0398521
-0.223937	-0.233152
-0.777988	-0.0692839
-0.951808	-0.303723
-0.538985	0.145813
0.406161	0.30082
0.384433	0.314857
-0.897489	-0.6381
-0.973535	-0.603754
0.264932	0.128826
-0.430348	0.2029
0.84071	-0.110719
-0.919216	0.333625
1.8619	0.4732
2.75273	0.0699281
2.81791	0.713531
0.210613	-0.13113
0.243204	-0.109138
0.525662	-0.624755
0.0367932	0.283578
-0.908353	0.00247881
1.52513	0.268793
-0.984399	-0.238293
1.30785	-0.130822
-0.191345	0.288318
-0.691078	0.343835
1.21008	0.501068
2.09004	0.576596
1.72067	0.487444
1.2644	0.342037
1.89449	0.269719
-0.604168	0.416021
0.340978	0.280876
-0.267392	0.386455
0.319251	0.159075
0.905893	0.376278
0.351842	-0.352629
4.63216	0.204008
0.775528	-0.00349725
-0.2348	0.516251
1.01453	0.427414
-0.104436	-0.112909
-0.84317	0.539743
-0.66935	0.39648
-0.940944	-0.324152
3.35024	0.428348
1.37303	0.457885
-0.66935	0.41964
0.427888	-0.905054
-0.832306	-0.415677
-0.213073	-0.500622
-0.962671	-0.794102
-0.897489	-0.822693
-0.995263	-0.515714
0.167158	0.0235799
0.156294	0.271982
-0.821443	-0.0257626
-0.462939	0.310629
0.981939	0.48891
-0.082708	0.375349
4.15415	0.668152
0.482207	0.074235
1.68808	0.331326
0.0693844	0.078088
1.01453	0.50336
-0.897489	-0.701933
0.623435	0.39689
2.12263	0.148259
2.38336	0.407087
1.29699	-0.0551682
1.53599	0.257908
1.9814	0.415687
0.0585207	0.379952
-0.452075	-0.229876
0.514798	-0.140936
-0.278255	0.431308
-0.821443	-0.202185
1.5034	0.241373
-0.213073	0.396066
2.1009	0.190857
0.732073	0.597362
-0.658487	-0.40796
0.699482	0.045737
-0.462939	0.297071
-0.452075	0.295041
0.0802482	0.349015
-0.734533	-0.829072
0.178022	0.456683
-0.538985	0.17087
0.156294	0.315524
-0.462939	0.230689
1.51426	-0.62201
-0.951808	-0.3898
-0.723669	-0.697998
-0.788851	0.551029
0.210613	0.284537
-0.0718443	0.0730023
-0.299983	-0.198905
3.23073	0.766518
-0.2348	0.116885
-0.66935	0.285061
0.547389	0.453777
-0.854034	0.274605
-0.506394	-0.101754
0.297523	0.517709
0.721209	0.398646
-0.75626	-0.525817
0.873302	0.354748
0.286659	0.355176
0.818983	0.325621
-0.973535	0.0226746
1.04712	0.115005
-0.940944	0.50376
0.384433	-0.00529692
2.44854	0.0800551
-0.875761	0.347873
0.00420194	0.254938
2.77446	0.330193
-0.137027	0.0733949
-0.397757	-1.11255
-0.799715	-0.445986
3.1221	0.341538
-0.810579	-0.0277833
-0.973535	-0.704249
-0.701941	-0.307031
-0.604168	-0.699495
-0.908353	-1.24472
-0.213073	0.415984
-0.137027	-1.27018
-0.919216	-0.459627
-0.864898	-1.34359
-0.452075	0.485619
1.72067	0.369629
-0.517258	0.284129
-0.484667	0.590314
0.275796	0.0329839
-0.310847	0.160877
2.89396	0.770564
1.60117	-0.246657
-0.560713	0.407406
-0.267392	-0.825792
1.1123	0.416037
-0.506394	-0.320481
-0.886625	-0.665819
-0.821443	0.377415
-0.104436	-0.450599
0.503934	0.0296574
0.764664	0.497886
-0.940944	-0.310252
0.351842	-0.0226141
0.00420194	-0.214807
0.319251	0.143248
-0.517258	0.333902
-0.745396	-0.538978
-0.115299	0.119557
0.340978	0.380176
-0.213073	-0.356958
-0.951808	-0.163808
-0.75626	-0.220251
-0.32171	0.472731
0.971075	0.257821
-0.854034	-0.983228
-0.636759	0.360538
-0.386893	0.228661
-0.658487	-0.165471
-0.940944	-0.886654
1.99227	0.0575095
2.33991	0.234978
-0.636759	0.552309
-0.137027	-0.157967
-0.115299	0.810476
-0.223937	-0.521012
1.49254	0.265589
-0.0718443	0.0494574
0.167158	0.124717
-0.777988	0.210424
-0.864898	-0.747284
-0.680214	-0.458899
-0.973535	0.442881
1.91622	0.42392
0.721209	0.086422
1.2644	0.0160138
-0.126163	0.739619
-0.995263	-0.395265
-0.343438	0.532232
-0.137027	0.192095
-0.49553	0.0341579
-0.32171	-0.118002
-0.40862	0.42224
-0.0935718	0.472136
-0.0718443	0.411136
0.145431	0.266831
1.00367	0.428858
0.0259294	0.122222
-0.919216	-0.580648
0.178022	0.18885
-0.93008	-0.497799
-0.0501168	0.388616
-0.973535	-0.449939
0.362706	-0.121471
-0.310847	0.00918116
-0.854034	0.20944
-0.299983	0.582874
-0.832306	0.408888
-0.354302	0.247105
-0.538985	-0.336413
-0.082708	0.298463
1.66636	0.337198
2.20954	0.0876492
-0.745396	-0.462806
-0.571577	-0.210909
-0.680214	0.0502942
-0.538985	0.320473
-0.854034	-0.397213
0.634299	0.74691
-0.810579	-0.591773
0.0693844	-0.186618
-0.299983	0.407732
-0.636759	-0.493136
-0.0609805	0.00830239
-0.419484	-0.0934723
1.15576	0.726793
-0.571577	-0.136604
0.536525	0.376137
0.482207	0.206631
-0.332574	0.494449
-0.158754	0.222936
-0.875761	-0.207538
-0.647623	-0.0334132
0.319251	-0.436458
-0.2348	-0.353911
1.31872	0.310789
-0.75626	-0.201278
-0.213073	0.333441
-1.00613	0.216608
-0.538985	0.368441
-0.93008	-0.796654
1.37303	-0.263116
-0.995263	-0.658514
2.29645	0.47452
-0.528122	-0.266103
0.297523	0.131
0.330114	0.0838435
-0.441212	-0.2935
0.0802482	-0.136603
1.16662	0.228929
-0.995263	-0.713199
-0.962671	0.434847
-0.777988	-0.492863
0.0585207	-0.773647
-0.636759	-0.201765
-0.115299	-0.290617
0.0367932	-0.400001
0.297523	0.457084
-0.104436	0.22793
-0.777988	-0.24563
-0.0609805	0.412457
-0.202209	0.0291945
-1.02785	0.225
5.22966	-0.695054
4.21934	0.586594
-0.691078	-0.174077
0.514798	0.840927
-0.625895	0.115161
3.44801	0.706506
1.3839	0.539826
0.601708	0.236173
-0.376029	0.192954
-0.973535	-0.489128
-0.940944	-0.779992
1.95968	-0.190779
-0.951808	0.15082
-0.0935718	0.700823
0.0259294	0.166881
-0.951808	-0.437833
-0.191345	0.164039
-0.995263	0.0327745
0.427888	-0.0397927
0.514798	0.419936
-0.886625	-0.566684
-0.788851	0.31714
-0.039253	-0.507062
0.156294	-0.382823
-0.962671	0.283069
0.0802482	-0.0408909
-0.962671	-0.037577
0.775528	-0.101564
0.656027	0.575119
-0.278255	-0.408923
0.558253	0.360402
-0.430348	0.300212
0.0367932	0.145178
0.286659	0.0734057
-0.799715	-0.50755
0.960212	-0.168679
-0.2348	-0.876468
-0.473803	-0.308931
-0.745396	0.397583
-0.777988	-0.048209
0.308387	-0.623533
-0.528122	0.282792
-0.593304	1.03242
0.0585207	-0.654886
-0.940944	-0.704842
0.0585207	0.59041
-0.0718443	0.491995
1.94881	0.238293
-0.897489	-1.11176
0.232341	0.146662
-0.777988	0.524706
0.373569	0.33934
0.297523	0.322345
0.340978	0.227116
-0.734533	-0.158823
3.21987	0.556677
0.384433	-0.108719
-0.126163	0.616713
-0.93008	0.247568
1.1123	0.613155
1.44908	0.504449
0.49307	0.47355
-0.289119	0.403306
-0.278255	0.357793
-0.723669	-0.844919
2.58977	0.282882
-0.354302	0.618293
0.417024	-0.142824
-0.93008	-0.967745
0.0802482	0.080752
-0.745396	0.335848
0.623435	-0.0656683
-0.604168	0.131964
0.0585207	0.434407
-0.734533	0.220358
-0.636759	0.0467718
-0.517258	0.354317
-0.419484	-0.728361
-0.767124	0.228147
0.275796	0.153053
-0.854034	-0.3895
0.373569	-0.414852
0.427888	-0.170018
0.460479	0.0859114
-0.376029	-0.133522
0.275796	0.357449
-0.267392	0.452617
-0.137027	0.0433135
-0.289119	0.288328
-0.0283893	-0.12278
-0.810579	0.000436844
0.656027	0.61847
0.764664	0.545895
-0.854034	0.169079
-0.299983	0.570896
1.97054	-0.28406
0.243204	0.36663
-0.93008	-1.15551
-0.625895	0.362535
-0.49553	0.112813
0.319251	-0.466875
-0.376029	0.368611
-0.984399	-0.797994
-0.821443	-0.413122
-0.039253	0.209002
0.123703	-0.530024
0.0585207	-0.39497
-0.430348	0.601377
-0.49553	0.493949
-0.962671	-0.0844645
-0.0283893	0.154913
0.308387	0.472179
-0.40862	-0.129035
-0.821443	-0.719149
1.04712	0.203924
-0.506394	0.0372304
0.710345	-0.157866
-0.452075	0.277273
-0.897489	0.280842
-0.462939	-0.390918
0.178022	0.473952
1.47081	0.705741
1.22094	0.24415
-0.441212	-0.287445
2.6115	0.284806
-0.788851	0.661096
0.297523	-0.236251
3.7196	0.523072
-0.821443	-0.534399
0.373569	-0.0180938
0.0802482	0.04781
0.710345	0.35801
0.851574	0.294707
-0.039253	0.0914582
-0.93008	-0.92432
0.232341	0.34643
-0.886625	-0.0127371
-0.951808	-0.775959
-0.310847	0.254325
-0.0175256	0.169735
-0.115299	-0.371006
-0.158754	0.0288216
-0.864898	-0.131809
0.612572	0.38317
-0.299983	0.450916
0.319251	0.304298
-0.289119	0.386562
-0.951808	-0.86867
0.112839	-0.125247
0.895029	0.236709
-0.66935	-1.47749
-0.299983	-0.419976
1.23181	0.324397
-0.680214	-0.63607
0.0911119	0.34515
1.01453	0.310356
-0.0718443	0.0795123
1.41649	0.27882
-0.995263	-0.0539097
-0.267392	0.389908
-0.452075	0.325176
-0.875761	-0.737174
-0.571577	0.526522
-0.75626	0.0486271
2.35077	0.551859
-0.0175256	0.742512
-0.14789	-0.137002
-0.430348	0.415765
0.123703	0.496913
0.0693844	0.319102
-0.821443	-0.198848
-0.908353	-0.932849
3.13296	0.342469
-0.538985	-0.895652
-0.875761	-0.480928
-0.919216	0.341941
-0.593304	-0.094641
-0.962671	-0.0166191
-0.788851	0.130683
-0.973535	-0.895059
-0.864898	-0.24984
0.406161	0.380634
-0.658487	-0.209204
0.243204	0.441071
-1.00613	-1.19131
-0.104436	0.273075
0.710345	-0.0649799
-0.93008	-0.274759
-0.886625	-0.757703
-0.615032	0.350728
-0.441212	-0.0734433
-0.386893	-0.119946
-0.940944	-0.754932
2.68755	0.452368
-0.919216	-0.454112
-0.864898	-0.356745
-0.538985	-0.0887149
-0.126163	-0.0682795
-0.169618	0.182862
0.210613	0.0988963
-0.58244	0.281278
-0.32171	0.00453111
-0.84317	-0.514827
0.590844	0.466313
0.395297	0.550277
-0.299983	0.160534
0.895029	0.686647
-0.734533	-0.133264
0.688618	-0.178422
-0.984399	-0.0675234
-0.962671	-0.197488
-0.593304	-1.44074
-0.32171	-0.0389745
-0.84317	0.136068
-0.223937	-0.521012
-0.984399	0.371112
2.40509	0.267729
-0.310847	0.197484
-0.039253	0.342136
-0.810579	-0.043894
-0.875761	-0.961648
0.406161	-0.0960802
0.395297	-0.43702
1.47081	0.34366
4.14329	0.544745
-0.821443	-0.774276
1.07971	0.0245566
0.232341	-0.652696
0.57998	0.222704
1.39476	0.788272
-1.00613	-0.535278
-0.84317	-0.734049
-0.256528	-0.258547
-0.636759	0.21407
0.612572	0.716568
-0.723669	-1.4077
2.02486	0.111681
-0.984399	-0.947748
-0.940944	-0.452794
0.818983	0.294064
2.69841	0.0522534
-0.267392	-0.0415831
-0.615032	0.492568
-0.310847	0.2458
0.123703	0.361885
0.286659	0.290811
0.0259294	-0.4736
-0.821443	-2.38893
0.275796	0.266386
-0.419484	0.647901
-0.376029	-0.479472
-0.0501168	-0.335647
-0.908353	-0.661847
1.06885	0.337888
-0.810579	-0.322796
1.73154	0.738812
0.406161	0.111621
-0.940944	-0.284225
-0.832306	-0.143521
-0.452075	0.616436
-0.202209	0.412351
-0.376029	-0.182536
-0.32171	0.391787
-0.289119	0.0310347
0.210613	0.358979
-0.908353	-0.885177
0.417024	0.159562
-0.658487	0.452699
-0.538985	-0.0402413
-0.278255	0.348861
0.873302	0.658205
1.37303	0.475961
0.0911119	0.347877
0.210613	0.0385874
1.32958	0.166491
3.29592	0.481976
0.558253	0.609715
-0.897489	-0.596563
0.525662	0.39853
-0.832306	-0.251937
-0.821443	-0.921743
-0.951808	-1.1237
0.0585207	-0.459832
1.12317	0.0257515
-0.919216	-0.327238
-0.593304	0.209233
-0.93008	0.141098
-0.213073	0.326642
0.232341	-0.404569
1.63376	0.51563
0.971075	0.317158
-0.538985	-1.10084
-0.625895	-0.25785
-0.104436	-0.369657
-0.93008	-0.610932
-0.484667	0.0365296
-0.723669	0.525729
-0.560713	0.164963
-0.180482	-0.20009
-0.506394	-0.270104
-0.082708	-0.152495
-0.84317	-0.383832
-0.810579	-0.720747
0.00420194	-0.100429
1.16662	-0.0202492
-0.734533	-0.633386
-0.973535	-0.0353269
-0.126163	0.360711
-0.528122	-0.50166
0.340978	0.17088
-0.723669	-0.499069
1.05799	0.13593
0.101976	-0.575053
-0.354302	0.198898
-0.310847	0.282942
-0.343438	-0.0329683
1.12317	0.00907308
0.243204	-0.328384
0.210613	0.128273
-0.484667	0.358706
-0.169618	0.0163698
-0.886625	0.540013
-0.49553	-0.514609
-0.647623	-0.133722
-0.310847	0.544682
1.09058	0.0263664
-0.40862	-0.327991
1.81845	0.239497
-0.995263	-0.286994
0.0259294	0.021495
0.0693844	-0.749812
-0.0175256	-0.396834
0.49307	0.31063
-0.213073	0.52243
-0.875761	-0.339334
-0.701941	-0.111026
-0.104436	-0.227772
-0.104436	-0.0374261
-0.039253	-0.464033
0.319251	0.483021
-0.082708	-2.01292
-0.0501168	0.0894389
-0.951808	-0.260151
-0.875761	0.114717
-0.919216	-0.809779
-0.821443	-0.950322
-0.00666181	0.105838
0.0802482	0.424358
0.00420194	0.276732
-0.658487	-0.202138
-0.256528	0.207764
-0.310847	0.260501
-0.66935	1.11567
0.797255	0.315188
-0.854034	-0.324981
0.634299	0.715153
-0.864898	-0.0529628
0.699482	0.355042
3.27419	-0.0328845
0.210613	0.38638
-0.995263	-0.357921
-0.854034	-0.499407
-0.832306	-0.484217
0.471343	0.140923
-0.647623	0.385086
-0.821443	-0.314632
-0.310847	-0.439797
-0.854034	-0.296278
1.43822	-0.136211
-0.93008	-0.0535
-0.875761	-0.309163
-0.625895	0.118225
-0.821443	-0.0580067
-0.549849	-0.613676
1.12317	0.772429
-1.01699	-0.0704687
0.818983	0.396506
-0.462939	0.0484167
0.0150657	0.353275
-0.821443	0.360502
-0.32171	-0.154695
-0.984399	0.202176
1.65549	0.576059
-0.788851	-0.596235
0.742937	-0.157793
-0.897489	-1.32411
-0.517258	-0.0285271
3.65442	0.325766
-0.180482	0.283579
-0.84317	-0.222426
0.167158	-0.268757
1.16662	-0.0361614
0.319251	0.121516
-0.462939	0.241537
-0.625895	-0.511296
-0.854034	-0.147113
0.0911119	-0.455645
0.981939	0.95495
-0.137027	-0.166123
-0.821443	-0.0580067
-0.691078	-0.400303
-0.082708	0.251738
-0.658487	-1.18572
-0.995263	-0.277669
0.297523	-0.355881
-0.180482	-0.0324748
2.67668	0.415334
-0.137027	-0.0761203
2.14436	0.304814
0.981939	-0.297057
-0.647623	-0.82258
-0.777988	-0.352257
-1.00613	-1.16169
-0.777988	-0.815004
0.677754	0.301701
-0.788851	-0.844739
-0.886625	-1.33232
-0.75626	0.18892
-0.604168	0.137182
0.0585207	-0.48083
-0.256528	0.519447
-0.821443	-0.413122
-0.517258	0.354571
0.873302	0.699939
-0.386893	-0.100346
0.178022	-0.499438
2.01399	0.505674
-0.2348	-0.513001
-0.40862	0.0364412
-0.40862	0.141914
-0.821443	-0.046922
0.395297	-0.422937
-0.723669	-0.442364
0.0259294	-0.171025
0.145431	-0.0372169
-0.202209	0.669099
0.0693844	0.255061
-0.245664	0.566624
4.52352	0.646727
2.11177	0.626651
-0.310847	-0.532565
-0.473803	-0.317549
0.384433	0.716243
0.373569	-0.349135
1.00367	-0.191593
-0.886625	-0.973862
-0.788851	-0.173847
-0.473803	-0.07983
1.35131	0.654407
-0.821443	-0.612361
-0.984399	-1.24445
-0.604168	-0.803238
0.0693844	0.631012
0.547389	0.484722
1.6229	0.712935
0.66689	0.260085
2.09004	0.376279
-0.593304	-0.314436
0.558253	0.418884
-0.2348	-0.197503
-0.908353	-0.233201
0.275796	0.181134
-0.723669	-0.109464
0.656027	0.489636
0.340978	0.443641
0.590844	0.0886698
1.02539	0.519985
-0.712805	-0.243063
-0.712805	0.256989
0.243204	0.275532
0.243204	0.358459
-0.104436	0.337234
-0.213073	-0.528447
1.72067	0.550965
1.44908	0.343344
0.319251	0.202346
-0.658487	0.362382
0.286659	0.319864
1.1123	0.0518671
0.145431	0.181416
-0.58244	-0.324191
2.253	-0.0837358
-1.01699	-0.598915
-0.00666181	0.0456903
-0.919216	-0.719811
-0.767124	-0.322933
-0.767124	0.349207
-0.441212	-0.408354
-0.962671	-0.523739
-0.376029	-0.171325
-0.973535	0.00384483
0.123703	0.369427
0.373569	0.19256
0.742937	0.575121
0.00420194	0.38669
-0.332574	-0.48031
-0.386893	-0.0522201
0.808119	0.546213
2.68755	0.444129
-0.58244	0.908614
-0.723669	-0.0959402
0.569117	0.387536
0.0911119	0.165401
-0.462939	0.361083
0.547389	0.496128
-0.126163	0.543883
-0.625895	-0.107269
0.199749	0.370192
0.427888	0.286753
0.0476569	0.370544
-0.039253	0.51808
2.03572	0.0849253
1.04712	0.376063
0.00420194	0.444986
2.39423	0.22415
-0.908353	0.368408
-0.701941	0.165073
0.0367932	-0.182564
-0.864898	-0.926447
0.514798	0.137739
-0.897489	-0.544153
-0.691078	-0.497014
-0.940944	0.383857
-0.864898	-0.25414
-0.897489	0.149309
1.42735	-0.173249
-0.636759	0.176266
-0.908353	-0.819637
0.0259294	0.104851
-0.810579	-0.423614
0.308387	-0.14328
-0.777988	0.343799
-0.256528	0.209273
-0.267392	0.34002
-0.788851	0.661096
-0.49553	-0.201421
-1.00613	-0.734464
-0.723669	-0.305331
-0.962671	-0.344195
3.0026	0.109427
-0.0283893	-0.145032
1.2644	0.883741
-0.723669	0.225337
-0.734533	0.457688
-0.93008	-0.410004
-0.376029	0.466414
-0.745396	-0.331715
-0.00666181	0.212189
-0.854034	-0.381986
-0.680214	0.466707
-0.636759	-0.659131
-0.821443	0.264557
1.00367	0.537534
-0.0609805	0.25031
0.145431	-0.709156
0.134567	0.0299389
-0.799715	-0.485925
1.06885	0.475785
0.0585207	0.352365
1.80758	0.258457
-0.213073	0.138457
-0.691078	-0.0751402
-0.701941	0.247955
-0.365165	0.28358
-0.854034	-0.334041
3.05691	0.635923
-0.343438	-0.81947
1.51426	0.568212
-0.908353	-0.0548372
-0.680214	-0.762922
-0.039253	0.031446
-0.452075	-0.14404
-0.712805	0.326679
-0.712805	-0.511545
0.210613	-0.213516
-0.484667	-0.0746862
0.243204	0.34759
-0.310847	-0.0442245
-0.202209	-0.0584675
-0.452075	0.0506733
1.3839	0.287868
-0.810579	-0.495655
0.308387	0.258594
-0.615032	0.1948
-0.854034	-1.04842
1.3839	0.205176
-0.104436	0.365907
-0.908353	-0.657464
-0.299983	0.265027
-0.452075	0.354955
-0.897489	-0.0564938
0.7538	0.503867
0.275796	0.395558
-0.962671	-0.953366
-0.32171	-0.176166
2.3725	0.655523
-0.962671	0.418658
0.427888	0.105013
0.84071	0.069791
-0.745396	0.00547606
0.101976	-0.218191
-0.647623	-0.315933
0.0802482	0.0831604
-0.940944	-0.833741
0.275796	0.314511
0.569117	0.400878
-0.473803	-0.308397
-0.940944	0.178044
0.308387	0.490171
0.417024	0.25157
-0.441212	-0.791889
-0.821443	0.109604
0.145431	0.295153
-0.832306	-0.843176
2.1009	0.115847
1.02539	0.213937
-0.256528	-0.217599
-0.75626	-0.432102
-0.940944	0.468613
0.340978	0.298801
-0.452075	-0.0140294
-0.995263	-1.0348
-0.93008	-1.33198
-0.995263	-0.530243
0.101976	0.381516
1.66636	0.318693
2.36163	0.374446
-0.571577	-0.934078
0.00420194	0.262202
-0.40862	-0.194367
-0.810579	-0.891717
-0.788851	0.715271
-0.549849	-0.683157
-0.636759	-0.638289
0.7538	-0.127151
-0.299983	0.00473031
-0.571577	0.442034
0.786392	0.310874
-0.93008	-1.02368
0.677754	0.233599
-0.919216	0.137793
0.340978	-0.264537
2.29645	0.592663
-0.908353	-0.829927
-0.984399	-1.12489
-0.93008	-0.179226
-0.625895	-0.19467
-0.864898	-0.0825945
-0.441212	0.24794
2.1009	0.578283
-0.137027	-0.00336647
0.167158	0.673391
-0.788851	0.249528
1.03626	0.449367
-0.158754	0.526826
-0.886625	-0.141784
3.39369	0.647525
3.41542	0.61813
0.786392	0.532828
1.13403	0.0873286
2.68755	0.31523
-0.256528	0.275634
-0.506394	-0.152678
-0.397757	0.497103
1.07971	0.269081
-0.0718443	0.398997
0.449616	-0.13139
-0.886625	-0.380851
-0.376029	0.085543
0.710345	0.0317951
-0.452075	-0.510911
1.34044	0.508528
-0.517258	-0.841268
0.362706	0.698899
-0.995263	-0.821186
1.44908	0.110249
1.63376	0.40897
-0.365165	-0.270562
-0.908353	-0.35256
0.92762	0.168682
2.35077	0.60878
-0.940944	-0.720613
-0.788851	0.00702576
1.93795	0.238915
0.601708	-0.00290667
-0.0501168	0.27838
-0.854034	-0.602842
-0.84317	-0.746018
-0.777988	0.236412
-0.962671	-0.360154
1.25353	-0.0597694
0.92762	0.37932
-0.636759	0.143713
-0.430348	-0.123339
-0.701941	0.27578
0.438752	0.152825
-0.875761	0.128489
0.623435	0.524896
-0.745396	0.0311932
-0.528122	-0.433755
-0.832306	-0.896569
-0.386893	0.511241
0.275796	0.14156
2.87223	0.533857
1.2644	0.12826
-0.441212	-0.408354
-0.84317	-0.924813
-0.854034	0.381201
-0.919216	-0.836211
-0.93008	0.372159
-1.00613	-1.79018
-1.01699	-0.297911
-0.419484	0.364989
1.13403	0.0873286
0.569117	0.22017
-0.701941	0.515
-0.310847	0.40038
-0.832306	0.253599
-0.973535	-0.445949
-0.0718443	-1.26246
2.6115	0.151465
0.775528	0.355748
0.862438	0.384113
-0.701941	-0.617884
0.862438	0.0535289
-0.039253	0.208411
-0.940944	-0.0714567
0.612572	-0.152484
0.862438	0.384113
0.0150657	0.143616
-0.484667	0.526414
-0.245664	0.153826
-0.430348	0.202261
-0.984399	-0.814991
-0.908353	-1.08944
0.406161	0.415397
-0.473803	-1.05795
-0.995263	-0.277669
-0.0718443	-0.533597
0.319251	0.0968879
-0.788851	-0.27064
-0.940944	-0.378277
3.13296	0.204972
0.471343	0.153106
1.02539	0.497167
-0.680214	-0.531004
0.536525	0.0446964
0.0150657	0.176141
-0.777988	0.433392
-0.658487	0.313337
-0.58244	-0.36644
-0.0283893	-0.0115921
0.101976	0.320164
0.612572	-0.766085
0.829847	0.344013
-0.549849	-0.028653
-0.940944	0.259152
-0.951808	-0.72031
-0.223937	0.323677
0.210613	0.40209
-0.691078	0.534452
-0.593304	-0.00864384
0.319251	0.270827
-0.93008	-0.764825
0.427888	0.297237
-0.951808	-0.335559
-0.919216	-0.357075
-0.854034	-0.669497
0.417024	0.28731
-0.452075	0.0506733
-0.0283893	-0.508193
-0.58244	-0.244424
-0.799715	-0.435607
-0.93008	-0.607076
-1.02785	-0.351687
-0.202209	0.250953
-0.886625	0.309449
1.39476	0.0565166
0.373569	0.684867
-0.951808	-0.340717
-0.560713	0.35968
-0.908353	-0.351588
-0.701941	0.315749
-0.940944	-0.326741
-0.886625	-0.814974
-0.810579	-0.222623
0.514798	0.26951
-0.93008	-0.290103
-0.039253	-0.00312995
1.76413	0.727119
-0.767124	-0.726526
3.45887	0.256486
0.862438	-0.0655708
-0.951808	0.00244846
-0.158754	0.0179921
-0.202209	0.338012
-0.875761	-0.316993
-0.951808	-0.256166
1.99227	0.0758852
0.00420194	0.135057
-1.02785	-0.482307
0.699482	0.371575
-0.680214	0.14721
-0.039253	0.474735
-0.202209	0.352823
-0.625895	-0.196194
-0.0175256	0.264244
-0.777988	0.392332
-0.137027	0.79886
1.27526	0.238223
-0.202209	-0.249798
-0.897489	-0.935798
-0.0935718	-0.0687
0.406161	-0.285465
0.373569	-0.473519
-0.908353	-0.326197
0.971075	0.527241
0.427888	0.634513
-0.00666181	0.515746
0.286659	0.251101
-0.973535	-0.542811
-0.973535	-0.185357
-0.66935	0.159916
-0.777988	-0.0539315
8.10856	0.545375
-0.691078	-0.111536
-0.940944	-0.485128
0.92762	-0.133573
0.0476569	0.11595
1.07971	0.25091
-0.93008	0.0697227
-0.137027	-0.0712364
-0.0175256	0.546752
0.558253	0.20554
-0.354302	-0.222213
0.123703	0.426633
-0.538985	0.105981
-0.169618	0.332644
-0.180482	0.134018
1.93795	0.258948
-0.299983	0.166119
-0.734533	0.1486
0.210613	0.331953
1.19921	0.522341
-0.745396	0.388494
-0.864898	-0.599657
1.21008	0.0523594
-0.538985	0.317048
-0.299983	0.0253792
-0.723669	-0.632507
0.0585207	0.345791
0.264932	0.160615
0.514798	0.420848
1.00367	-0.0290421
0.818983	0.264728
-0.267392	0.000267751
0.167158	0.41831
-0.886625	-0.535494
0.178022	-0.814009
0.384433	0.863338
0.123703	-0.675415
0.406161	0.375347
-0.430348	-0.0127039
2.47027	0.614747
1.77499	0.34759
-0.593304	-0.0871067
-0.734533	-0.296974
2.40509	0.433961
3.37196	0.37322
1.45994	-0.0115086
0.829847	0.248464
-0.32171	0.282608
2.43768	0.377063
0.0585207	-0.471964
-0.343438	-0.606308
-0.93008	0.551335
-0.452075	-0.554833
-0.66935	0.215039
-0.0175256	-0.396834
-0.854034	-0.559212
0.547389	0.0211736
-0.940944	-1.21625
-0.332574	0.355123
0.612572	0.335885
-0.940944	-0.367534
3.35024	0.337359
0.721209	0.0835478
-0.32171	0.732313
2.44854	0.425712
-0.0501168	0.490546
2.01399	-0.00651563
-0.538985	-0.723905
-0.984399	-0.640501
-0.636759	-0.216137
1.37303	0.174907
1.89449	0.215755
-0.354302	-0.382506
0.645163	0.276788
-0.615032	0.111007
-0.256528	-0.326792
-0.082708	0.23681
-0.886625	-0.0336919
0.123703	0.471757
-0.680214	-0.277553
-0.734533	-0.110018
-0.854034	-0.222337
-0.0935718	0.427982
1.3839	0.538879
-0.517258	0.435877
-0.832306	0.241793
0.471343	0.415282
-0.75626	-0.258863
-0.289119	0.198543
3.08951	0.501101
-0.538985	0.0141816
-0.560713	-0.551483
-0.875761	0.508123
3.18728	0.67632
-0.343438	-0.508945
1.29699	0.550058
-0.84317	-1.30194
1.88363	0.22733
-0.84317	0.245326
-0.430348	-0.474658
-0.0609805	0.291111
-0.538985	-0.0603003
0.612572	0.521177
-0.267392	0.0833118
-0.256528	-0.00535469
2.00313	0.634915
0.199749	0.50653
-0.951808	-1.30798
0.297523	0.310341
-0.593304	-0.443694
-0.441212	-0.186913
2.1335	0.365855
-0.419484	0.0437271
0.981939	0.185846
1.47081	0.367119
1.93795	0.580103
1.57945	0.491983
-0.799715	-0.337429
-0.723669	-0.175657
-0.0718443	0.469779
2.99173	0.283757
-0.180482	0.172149
-0.951808	-0.644122
-0.897489	-0.814524
-0.397757	0.127545
-0.256528	-0.128119
-0.767124	-0.685778
1.92708	0.649816
0.786392	1.17125
-0.452075	0.109708
4.2302	0.729002
-0.658487	-0.645499
-0.734533	-0.582784
0.427888	0.484261
-0.984399	0.122203
-0.191345	0.178029
-0.84317	-0.585566
-0.2348	0.757016
-0.115299	0.474318
-0.647623	-0.122782
-0.647623	-0.0836285
1.15576	0.476557
-0.213073	0.437331
-0.40862	0.387456
-0.386893	0.45899
-0.886625	-0.26044
-0.593304	-0.16187
-0.202209	-0.542382
1.97054	0.725318
-0.93008	-0.226306
-0.691078	-0.263816
0.319251	-0.222092
0.438752	0.653752
0.373569	0.109631
1.42735	0.237194
-0.223937	0.263353
-0.49553	-0.117111
-0.745396	-0.0239054
-0.962671	0.0539578
-0.40862	0.41529
-0.625895	-0.349676
0.862438	0.513868
-0.58244	-0.245836
-0.571577	0.428656
1.42735	0.237194
-0.473803	0.373476
-0.625895	-0.119314
-0.647623	-0.0334132
-0.93008	-0.765737
-0.115299	0.294531
-0.962671	-1.41051
-0.93008	-0.274431
-0.528122	-0.108836
-0.158754	-0.0339816
-0.430348	-0.568058
-0.810579	-0.314597
-0.940944	-0.316702
-0.810579	0.353998
1.61204	-0.0810524
-0.832306	0.0619759
-0.919216	-0.204004
-0.908353	0.220694
-0.40862	-0.176877
1.39476	0.641441
1.3839	0.659474
-0.58244	0.485896
0.732073	0.239198
-1.00613	-0.449195
-0.951808	0.336699
1.7424	0.639759
-0.299983	0.458099
-0.343438	-0.451823
-0.462939	-0.00244691
0.514798	0.360496
-0.571577	0.352405
0.612572	0.043508
0.373569	0.298694
-0.484667	0.0926122
0.971075	0.353167
-0.734533	0.559108
-0.93008	-0.23464
-0.571577	0.352748
0.362706	0.63095
0.395297	0.477767
-0.658487	-0.322605
-0.984399	0.287826
3.43715	0.487184
0.384433	0.170286
-0.517258	-0.272024
-0.93008	-0.0285258
0.438752	0.266154
1.06885	0.342888
2.79618	0.529503
-0.962671	-0.516751
1.2644	0.827889
1.39476	0.824491
-0.104436	0.135556
-0.767124	-0.27478
-0.919216	-0.454112
0.92762	0.621338
-0.169618	0.156963
2.17695	0.33691
-0.549849	-0.58387
1.63376	0.297982
0.210613	-0.437468
-0.647623	-0.691403
0.156294	0.51357
0.7538	0.0257052
-0.2348	-0.425103
0.0585207	-0.0493209
0.167158	0.0353735
-0.75626	-0.0337893
-0.886625	0.41343
1.84017	0.191713
0.590844	0.564914
2.79618	0.36369
0.84071	-0.146057
0.406161	0.205453
-0.745396	0.449197
-0.962671	-1.17382
-0.484667	0.0683959
0.590844	-0.640932
1.16662	0.462189
-0.256528	-0.0719487
-0.75626	-0.130379
-0.0935718	0.0210568
-0.897489	-0.754385
-0.267392	0.479406
-0.962671	-0.844119
-0.082708	-0.108093
-0.832306	-0.455814
-0.213073	-0.356958
-0.213073	0.15971
-0.821443	-0.534399
2.02486	0.392983
-0.84317	-0.374275
-0.940944	-0.285076
2.15522	0.297492
0.0367932	0.292151
-0.0609805	0.300948
0.199749	-0.058065
0.612572	0.644703
-0.810579	-0.974823
-0.332574	0.498495
-0.430348	-0.0961247
-0.886625	-0.557502
1.6229	0.506588
-0.484667	0.0228541
1.34044	0.492391
0.243204	0.456245
-0.636759	0.215663
-0.93008	-0.426171
2.30732	0.14106
-0.506394	-0.211042
0.167158	0.516822
2.253	0.547621
-0.919216	-1.21601
-0.365165	-0.507371
0.232341	0.146662
1.00367	0.608435
-0.473803	0.378735
3.42628	0.841745
-0.940944	-0.0413132
0.0911119	-0.0814462
-0.517258	0.562147
0.677754	0.102693
1.48167	0.433705
-0.49553	0.0527686
-0.66935	-0.325329
-0.788851	0.421713
0.232341	0.417365
0.49307	0.254765
-0.299983	-0.480943
-0.473803	0.154858
-0.40862	0.254051
-0.995263	-0.467267
-0.169618	0.147853
-0.821443	-0.612361
1.5034	0.566711
0.167158	0.316535
-0.832306	0.18927
0.0367932	0.269424
-0.712805	-0.310844
-0.604168	-0.835608
-0.973535	-0.263855
0.808119	0.403258
-0.93008	-2.03647
0.569117	0.597406
-0.0175256	-0.0464389
-0.897489	-1.00227
-0.995263	-0.143361
0.123703	0.0906825
0.340978	-0.239111
-0.484667	0.0897318
-0.506394	-0.270104
-0.202209	-0.435607
2.07918	0.1592
-0.245664	0.14166
-0.473803	0.380546
0.221477	-0.494784
-0.93008	-0.610932
-0.365165	0.459495
-1.03872	-0.118417
-0.712805	0.206723
-0.267392	-0.0287186
-0.973535	-0.426746
-0.158754	0.309539
-0.919216	0.387188
2.83964	0.104829
-0.908353	-0.155165
0.66689	0.368553
1.91622	0.518859
3.06778	0.518971
-0.462939	0.123913
0.0259294	0.346765
-0.256528	-0.0561383
-0.701941	0.27578
-0.66935	-0.343386
-0.864898	-0.436265
0.590844	0.255684
-0.615032	-0.0126163
-0.875761	-0.608673
0.438752	0.304496
-0.473803	0.366356
1.9814	0.42488
-0.962671	-1.17691
-0.452075	0.0696726
-0.897489	-0.752058
1.63376	0.099693
-0.484667	0.29418
1.2644	0.387652
-0.0935718	0.253343
-0.951808	-0.51291
-0.039253	0.156698
-0.680214	-0.282779
-1.03872	-0.306006
-0.973535	-0.0834618
-0.75626	0.328723
-0.93008	-1.26049
1.04712	0.348852
-0.202209	0.370186
-0.365165	0.489919
0.536525	0.392878
-0.75626	-0.482792
-0.908353	-0.399023
-0.082708	-0.0422321
3.92601	0.731292
2.38336	0.132306
-0.658487	-0.599884
-0.940944	-1.04294
-0.919216	0.0800844
-0.332574	0.41449
-0.365165	0.489919
0.623435	0.177567
-0.897489	-0.777562
-0.875761	-0.14592
0.243204	0.286354
-0.2348	0.213659
-0.908353	-0.524531
0.112839	0.534364
-0.734533	-0.149655
0.92762	-0.133573
-0.223937	-0.440793
-0.191345	0.091356
0.123703	0.603066
-0.788851	-1.10616
0.00420194	-0.445968
-0.93008	-0.325099
-0.039253	-0.184321
-0.821443	0.407797
0.275796	0.112647
0.286659	0.264714
-0.940944	-0.877496
-0.897489	-0.14136
0.92762	0.17733
-0.2348	0.0747599
4.39316	0.494063
2.94828	0.503454
-0.365165	-1.18711
-0.821443	0.303737
0.656027	0.180797
0.547389	0.258842
-0.343438	0.668497
0.134567	-0.158365
0.427888	0.767941
-0.343438	1.05131
-0.506394	0.0810913
-0.93008	-0.243377
-0.58244	-0.491355
-0.984399	0.365809
-0.213073	0.205905
-0.58244	-0.389647
0.0476569	0.282696
-0.560713	-0.390611
-0.832306	-0.251937
1.00367	0.445982
-0.647623	0.201654
-0.854034	-0.451209
0.0802482	0.523632
0.210613	0.371096
0.0693844	0.42785
1.85104	0.394349
-0.615032	-0.034733
0.340978	0.289745
-0.0501168	0.293402
1.36217	-0.225174
0.851574	0.294707
2.69841	0.415511
0.482207	0.633388
-0.528122	-0.558454
2.26386	0.192026
-0.919216	-0.863239
-0.180482	0.36213
0.775528	0.60601
0.275796	0.254708
-0.810579	0.471496
-0.484667	0.451453
0.297523	-0.370615
-0.973535	-0.975937
0.569117	-0.0396842
1.68808	0.348564
-0.452075	0.454111
-0.441212	0.420394
-0.0175256	-0.364934
-0.908353	-0.559608
0.254068	-0.089767
-0.84317	-0.2464
1.92708	0.624068
0.938484	-0.0423361
0.895029	0.637631
-0.571577	-0.797172
-0.93008	-0.591579
0.319251	0.258818
0.775528	0.564759
0.221477	0.30341
2.18781	0.393056
1.7424	0.246537
0.0476569	0.113421
0.00420194	0.329182
-0.332574	-0.350646
-0.343438	-0.118745
0.710345	0.0330161
0.0367932	0.518091
-0.2348	-0.317694
-0.549849	0.15788
-0.0609805	-0.167864
-0.973535	-0.993284
0.221477	0.561802
-0.962671	-0.520236
-0.32171	0.118174
0.862438	0.721035
-0.538985	0.145179
-0.169618	0.406008
3.16555	0.345296
-0.137027	0.214646
-0.0175256	0.380895
0.601708	0.524645
-0.951808	-1.08389
0.938484	0.191182
-0.082708	-0.109708
0.384433	0.184891
0.721209	0.500755
0.57998	0.61627
-0.223937	-0.637355
-0.528122	0.188307
0.449616	0.616223
-0.452075	0.626894
-1.00613	-0.748385
1.05799	0.137855
0.721209	0.419126
2.04659	0.3972
0.0150657	0.475067
-0.419484	-0.248322
0.0367932	0.00614675
-0.343438	-0.622573
0.960212	-0.193698
-0.734533	0.439522
-0.886625	-0.824485
-0.593304	-0.00864384
1.37303	0.36966
-0.462939	-0.0847445
1.68808	0.348564
-0.962671	-1.04229
-0.864898	-0.864477
0.460479	0.305404
-0.908353	0.241167
1.10144	0.770346
-0.810579	-0.248146
2.36163	0.343833
-0.734533	0.290611
-0.897489	-0.582361
-0.484667	-0.0493991
0.808119	0.185864
0.264932	0.225145
-0.462939	0.0439662
0.916757	-0.142079
-0.278255	0.111928
1.77499	0.480336
-0.701941	-0.0877182
-0.419484	-0.294531
0.406161	-0.285465
-0.723669	-1.03117
1.01453	0.368402
-0.2348	0.653902
-0.734533	0.0391981
-0.745396	0.147885
0.449616	-0.440179
0.264932	-0.0718142
-0.40862	0.414865
-0.299983	0.0253792
-0.386893	-0.604015
1.67722	-0.668789
0.308387	0.304387
0.449616	0.549338
-0.658487	-0.512755
0.84071	0.729053
-0.864898	-0.569588
-0.93008	-1.43293
-1.00613	-0.425796
-0.528122	-0.309114
-0.875761	0.274839
-0.777988	0.0273743
-0.0175256	0.248254
-0.278255	0.391849
-0.528122	0.2891
2.492	0.338291
-0.191345	0.358529
-0.32171	-0.37905
0.938484	0.0937681
0.460479	-0.115032
-0.0501168	-0.352216
0.960212	0.265874
-0.462939	0.461736
-0.419484	-0.524115
-0.734533	-0.140044
-0.658487	-0.181083
0.547389	0.25233
-0.75626	-0.771492
-0.940944	-0.580156
0.938484	0.516351
0.590844	0.135155
0.786392	-0.539253
2.731	0.503983
-0.680214	0.55564
0.829847	0.203256
0.634299	0.278913
2.51373	0.425058
-0.278255	-0.305125
-0.528122	-0.103735
-0.854034	-0.157317
-0.636759	0.273579
-0.376029	0.198883
-0.419484	0.745584
1.00367	0.344502
-0.951808	-0.232375
-0.571577	-0.403493
1.23181	0.429347
0.677754	0.226772
0.66689	-0.0264178
2.20954	0.725358
-0.962671	-1.0777
-0.897489	-0.270982
1.2644	0.458649
-0.213073	-0.146979
0.808119	0.136075
-0.430348	-0.190221
-0.462939	0.425736
-0.93008	0.185514
0.0585207	-0.279565
1.35131	0.300745
-0.376029	-0.112069
-0.354302	0.332706
0.145431	-0.219742
-0.832306	0.404512
0.417024	0.798895
-0.712805	-0.458351
-0.854034	0.42584
-0.875761	-0.282724
-0.625895	0.0666208
-0.854034	0.174001
-0.32171	0.0108544
-0.832306	-0.366361
0.916757	0.492966
-0.691078	-0.623838
0.112839	-0.772154
0.851574	-0.213862
-0.940944	-0.590628
-0.386893	-1.19565
-0.452075	0.340136
-0.886625	-0.205688
0.427888	0.767941
0.449616	0.517373
-0.777988	-0.35268
-0.897489	-0.533478
1.05799	0.405855
-0.93008	-0.148577
-0.84317	-0.263419
0.00420194	0.221317
0.0585207	-0.144477
0.634299	0.413932
-0.419484	-0.336175
-0.919216	-0.441184
-0.332574	0.330325
0.395297	0.193526
-0.278255	0.357137
-0.549849	-0.290479
0.0367932	0.251315
0.167158	0.40122
-0.2348	0.328564
-0.919216	0.194531
0.873302	0.599027
0.851574	0.601442
0.775528	-0.475121
-0.734533	0.343916
9.72725	0.258553
-0.104436	0.443801
-0.821443	0.329972
0.286659	0.0921837
1.13403	0.181156
0.57998	-0.0898393
3.32851	0.424557
-0.691078	-0.896652
0.438752	0.315116
-0.658487	-0.0355633
3.46974	0.525056
-0.701941	-0.726036
-0.93008	-1.05117
0.101976	-0.257533
-0.84317	-0.0797368
0.286659	0.29361
-0.864898	-0.973779
-1.00613	-0.0859142
0.395297	0.38964
-0.571577	-0.105036
0.558253	0.218962
0.938484	0.280836
0.427888	0.762634
0.558253	0.485591
0.884165	-0.544616
-0.191345	0.160035
0.775528	0.399033
-0.484667	-0.166636
-0.180482	-0.274084
-0.84317	-0.887998
0.264932	0.506339
0.895029	0.0751275
0.0585207	-0.386083
0.178022	0.456683
1.97054	0.0378655
-0.680214	0.142556
-0.0609805	-0.709315
-0.745396	0.0311932
-0.832306	0.482899
-0.919216	-0.954437
-0.84317	-0.464791
-0.84317	-0.605627
-0.995263	-0.741509
1.36217	0.306146
-0.202209	0.077172
-0.93008	-0.138445
0.471343	-0.255696
-0.419484	-0.26832
3.21987	0.48022
-0.506394	0.504802
-0.625895	0.381056
4.24106	0.170756
-0.0501168	0.251202
-0.202209	0.461004
-0.223937	-0.0203185
-0.484667	-0.167947
-0.549849	0.162763
-0.549849	0.519964
-0.897489	-0.512859
0.384433	-0.200319
-0.0935718	0.253343
-0.897489	-0.728357
-0.158754	0.33881
-0.58244	-0.165831
0.449616	0.0963971
0.938484	0.266349
0.558253	0.419533
-0.940944	-0.0137646
-0.386893	0.168816
-0.875761	0.0496323
-0.712805	-0.572314
-0.365165	0.265244
0.178022	0.489983
-0.32171	0.362956
0.264932	-0.00366167
-0.549849	-0.651162
-0.962671	-0.501132
1.44908	0.457606
-0.0935718	0.504362
-0.66935	0.0716855
-0.875761	-0.020413
-0.278255	-0.618959
0.438752	-0.1393
-0.810579	-0.756212
-0.723669	-0.776414
-0.58244	0.399375
1.28612	0.3866
-0.354302	0.385292
-0.604168	-0.393046
-0.115299	-0.413654
0.569117	0.053858
-0.115299	-0.371006
-0.973535	-0.725972
2.55718	0.165568
0.101976	0.707595
0.634299	0.349641
-0.962671	-0.0111681
-0.14789	-0.149716
-0.082708	-0.243917
-0.995263	-0.296522
-0.571577	-0.278936
-0.40862	0.395045
2.95914	0.316314
-0.821443	0.510636
0.427888	-0.0975892
-0.875761	-0.316109
-0.810579	-0.258749
-0.0283893	-0.276559
-0.571577	0.491849
-0.864898	0.457983
-0.712805	0.0310552
-0.0935718	0.456418
-0.973535	-0.627362
0.134567	0.49103
-0.2348	0.22279
1.10144	0.559077
-0.538985	0.14711
0.406161	-0.297866
-0.821443	0.101355
-0.365165	0.127705
1.94881	0.219297
0.808119	0.728727
-0.0175256	0.458906
0.351842	-0.0924322
-0.2348	0.294187
0.449616	0.0591146
-0.256528	0.0165004
-0.788851	-0.549135
3.90429	0.473769
-0.310847	0.373633
0.786392	0.417002
-0.560713	-0.691999
-0.658487	0.0223966
0.503934	-0.266038
1.40563	0.340207
-0.58244	0.235709
2.32904	0.0549396
-1.02785	-0.947447
1.21008	0.23272
0.656027	0.61847
-0.973535	0.516776
0.286659	-0.18361
2.20954	0.608385
-0.58244	-0.318456
0.536525	-0.19039
2.45941	0.317733
0.460479	0.432637
-0.430348	-0.232765
-0.832306	-0.746373
-0.332574	-0.339455
0.167158	0.240047
-0.940944	-0.264389
2.51373	0.381174
-0.376029	-0.133522
-0.777988	-0.277727
1.64463	0.377718
3.76306	0.739248
-1.00613	-0.31342
-0.810579	-0.679141
3.68701	0.717644
2.253	-0.0602551
-0.821443	-1.51982
-0.636759	-0.00723678
-0.647623	-0.456296
2.35077	0.412372
0.319251	0.131059
1.93795	0.328726
0.188886	0.451757
-0.745396	-0.366635
-0.299983	0.757036
1.1123	0.235526
-0.430348	0.351565
-0.940944	-0.232439
0.873302	0.652835
0.145431	0.392388
-0.93008	-0.467499
-0.962671	0.390499
-0.875761	-0.781683
-0.0501168	0.439642
-0.854034	0.341532
0.764664	0.634424
-0.908353	-1.40671
1.15576	-0.385935
-0.126163	0.154034
-0.973535	-0.722855
-0.995263	-0.857657
0.145431	-0.0248728
2.06831	0.381041
-0.951808	0.463638
-0.940944	-0.696026
-0.962671	-0.679766
0.0802482	0.457081
-0.66935	0.435458
-0.191345	0.488116
-0.528122	0.475666
1.31872	0.141536
-0.745396	-0.745322
-0.0283893	-0.682914
1.2644	0.42515
0.851574	-0.773682
-0.267392	-0.112125
-0.691078	-0.198248
0.525662	0.285556
1.06885	0.342888
-0.40862	0.119269
-0.995263	0.368582
-0.625895	0.0899895
-0.462939	0.107651
6.21826	0.543443
1.79672	0.47524
-0.213073	0.213406
-0.473803	-0.394957
0.677754	0.379054
-0.560713	0.418468
-0.821443	-1.11
-0.593304	-0.274094
-0.137027	0.572277
0.699482	0.313675
1.66636	0.344004
0.721209	0.383749
-0.289119	0.195763
0.601708	0.293712
-0.647623	0.385086
-0.995263	-0.58393
-0.897489	-0.58543
-0.0175256	0.21581
0.449616	0.641222
-0.940944	-0.445889
-0.647623	0.297721
-0.452075	-0.268141
-0.256528	-0.352601
-0.897489	-1.57998
0.286659	-0.642699
3.37196	0.141095
-0.386893	0.221953
-0.995263	-1.01462
-0.897489	-0.750491
-0.93008	-0.275917
-0.169618	-0.19396
-0.538985	0.0141816
-1.02785	0.364383
0.340978	0.512069
0.808119	0.510362
1.12317	0.403991
-0.897489	-0.349833
-0.691078	-0.03849
1.84017	0.620366
-0.658487	0.32041
-0.864898	-0.391838
-0.58244	0.0111064
0.905893	0.348783
1.15576	0.203206
-0.560713	0.458229
-0.625895	0.257123
-0.951808	-0.552991
0.503934	0.376352
0.916757	0.622769
-0.636759	0.218657
4.39316	0.371618
-0.767124	-0.355499
-0.767124	-0.158901
2.07918	0.245958
4.30625	0.567729
-0.864898	-0.786381
0.449616	-0.000901475
0.710345	0.280421
-0.169618	-0.227724
0.514798	0.0761511
-0.625895	0.021162
-1.02785	-0.972303
-0.538985	-0.382786
0.210613	0.356904
-0.832306	-0.31549
-0.14789	-0.276399
0.0259294	0.106488
-0.788851	-0.538649
-0.777988	-0.543618
-0.441212	0.362036
-0.560713	0.406801
0.699482	-0.0504737
-0.386893	0.0561508
-0.875761	-0.654172
-0.745396	0.674793
6.35949	0.736255
-0.365165	-0.0206595
-0.506394	-0.442006
0.0911119	-0.784185
-0.636759	0.313347
-1.02785	-0.251208
1.09058	-0.115708
-0.951808	-1.62719
-0.919216	0.216684
-0.777988	-0.993727
0.101976	0.333474
-0.169618	0.28538
-0.49553	-0.386423
-0.767124	-0.165927
4.06724	0.514638
-0.278255	-0.287078
0.188886	-0.276092
-0.58244	-0.465459
-0.984399	-0.924128
-0.419484	0.36825
-0.66935	-0.00406934
-0.84317	-0.0258055
0.178022	0.249873
-0.951808	-0.578094
-0.571577	-0.116098
0.808119	0.606612
0.221477	0.0803156
-0.376029	-0.0624416
0.0150657	0.338048
-0.701941	-1.32177
-0.58244	-0.290827
-0.647623	0.338858
-0.430348	-0.28699
3.06778	-0.25578
3.75219	0.332866
-0.951808	-0.189234
1.01453	0.41108
0.254068	-0.0986915
-0.712805	0.385873
-0.0609805	0.198875
-0.897489	-0.345702
1.06885	0.0901613
-0.897489	-0.0854652
2.99173	0.17475
1.22094	0.235576
-0.223937	-0.0184761
-0.788851	0.00800253
-0.126163	-0.200274
1.02539	0.327637
0.101976	-0.822809
0.373569	0.386193
-0.723669	-0.312178
-0.767124	-0.115275
-0.636759	0.109176
-0.680214	-0.285821
0.482207	0.35171
-0.886625	-0.205035
0.525662	0.7469
-0.886625	-0.47856
0.199749	0.192362
-0.832306	0.341278
-0.14789	0.190895
5.9684	0.455848
0.971075	0.124658
-0.202209	0.0334399
0.732073	-0.589659
-0.984399	-0.553129
0.188886	-0.565865
-0.875761	-0.624895
-0.430348	0.145264
-0.213073	-0.464307
-0.810579	0.546458
1.7424	0.258513
0.732073	-0.621581
-0.430348	0.380955
-0.343438	-0.307212
-0.517258	0.386832
-0.810579	-0.37495
-0.951808	-0.35053
4.01292	0.774358
0.699482	-0.0650156
-0.940944	-0.137801
0.178022	0.797842
-0.973535	-1.08591
-0.84317	-0.285099
-0.712805	-0.473834
-0.93008	-1.11275
0.460479	0.154664
1.24267	0.634932
-0.126163	0.0261143
1.68808	0.571331
-0.169618	0.52563
-0.137027	-0.482443
1.73154	0.367124
-0.93008	0.170732
0.742937	0.312441
-0.0283893	-1.24724
-0.734533	-0.266801
-0.701941	-1.07827
-0.169618	0.340567
-0.712805	-0.441917
0.84071	0.354905
-0.202209	-0.0932213
-0.875761	-0.752398
1.48167	0.246818
0.710345	-0.484172
-0.32171	-0.768925
-0.854034	-0.568189
0.167158	0.187096
-0.538985	0.373588
-0.940944	-0.652091
3.44801	0.425741
-0.484667	0.00370386
1.89449	0.541614
-0.430348	0.593093
-0.0718443	0.398465
-0.180482	0.236971
-0.40862	0.150523
-0.973535	-0.850216
-0.951808	-0.586962
1.49254	0.39736
-0.278255	0.391972
0.851574	0.133486
-0.310847	0.427167
-0.32171	0.59267
-0.169618	-0.494422
-0.886625	-0.743732
0.601708	0.57622
-0.940944	-0.28127
1.66636	0.328745
2.23127	0.857849
0.427888	0.349396
-0.951808	-0.455023
-0.647623	-0.447987
0.503934	0.339706
-0.0501168	0.0533633
-1.00613	-0.279573
-0.995263	-0.94484
0.916757	-0.298798
-0.593304	-0.614227
0.199749	0.0530605
-0.0501168	0.173727
-0.14789	-0.119566
-0.126163	-0.0588475
-0.701941	-0.666921
-0.126163	-0.240795
-0.897489	-0.933763
-0.908353	0.846211
4.7408	0.556805
-0.973535	0.132134
-0.875761	0.142688
0.710345	-0.149988
-0.745396	-0.207251
-0.517258	0.0140972
-0.158754	0.387225
-0.256528	0.155094
-0.745396	-0.548424
-0.137027	0.465452
-0.528122	-0.151013
0.297523	0.491199
-0.571577	-0.660531
-0.332574	-0.159942
-0.441212	0.691665
-0.897489	0.20181
-0.462939	-0.815518
0.84071	0.0570968
-0.386893	0.257624
-0.039253	0.0845085
-0.604168	-0.734542
-0.0718443	0.0774776
-0.908353	-1.83108
0.721209	-0.619868
0.384433	0.462439
0.482207	-0.0866725
-0.799715	-1.09807
0.623435	-0.0220861
-0.908353	-0.0692874
-0.115299	-0.485
0.340978	-0.239111
-0.169618	0.0163698
1.12317	0.0385219
-0.984399	-0.912084
0.221477	0.43181
-0.517258	0.120559
0.460479	-0.0840769
-0.245664	-0.119322
-0.202209	0.684934
-0.886625	-1.52846
-0.951808	-0.296453
-0.875761	-1.56356
-0.528122	0.26163
-0.332574	0.21642
-0.593304	0.124899
-0.636759	-1.26048
-0.810579	0.010703
1.18835	0.849975
-0.365165	0.416837
0.916757	-0.0287074
-0.625895	-0.224759
-0.723669	-0.914454
-0.604168	0.330434
-0.658487	-0.0354733
-0.354302	0.321913
-0.897489	0.401532
2.76359	0.225921
-0.875761	-0.401369
-0.256528	0.417397
-0.821443	-0.339679
-0.647623	0.317672
-1.00613	-0.552609
-0.875761	-0.575568
-0.376029	0.509017
1.85104	0.424046
-0.908353	-0.180434
2.28559	0.244219
-0.951808	-0.156192
1.9814	0.372469
0.406161	-0.0775757
0.134567	0.206141
-0.245664	-0.583234
1.2644	0.197097
-0.560713	0.349302
-0.864898	-0.521818
-0.658487	-0.0674141
-0.777988	-1.03181
0.178022	0.280627
-0.137027	-0.482443
-0.137027	0.192095
-1.03872	-1.33049
-0.995263	0.273811
1.94881	0.836886
-0.343438	0.391654
-0.0501168	0.426363
-0.213073	-0.341254
-0.962671	0.155587
-0.723669	-0.52959
-0.821443	-0.920726
-0.0501168	0.224628
-0.441212	-0.147341
-0.32171	0.0901276
-0.832306	0.076542
-0.962671	0.15876
-0.376029	-0.526374
-0.517258	0.114827
-1.02785	-0.1501
0.677754	0.00444096
-0.289119	0.329427
0.254068	0.33577
0.199749	0.377624
-0.386893	-0.821804
0.286659	0.28818
-0.528122	-0.541652
-0.376029	0.0747418
0.449616	0.460719
-0.560713	0.540126
-0.973535	0.33401
-0.908353	-0.781869
-0.951808	-0.178603
1.41649	0.365702
0.0367932	0.0225626
0.634299	-0.00844473
1.79672	0.331757
1.09058	0.38611
1.34044	1.08764
-0.560713	0.0519676
0.178022	0.321165
-0.115299	0.415969
2.28559	0.272019
-0.213073	0.367254
0.895029	0.545458
0.558253	-0.0568496
1.07971	0.333828
-0.875761	-0.180325
-0.886625	-0.334783
-1.01699	-0.584029
2.75273	0.308115
1.84017	0.642426
-1.00613	-0.445028
-0.821443	-0.140099
-0.517258	0.289477
-0.940944	-0.289057
-0.0935718	0.0622951
0.384433	-0.0222932
-0.0283893	0.377087
1.76413	0.402934
-0.0718443	0.208842
-0.571577	-0.278875
-0.962671	0.228802
-0.701941	-1.23766
-0.213073	0.387988
-0.169618	0.515651
0.188886	0.0815602
0.210613	0.0691254
0.514798	-0.140936
-0.701941	0.192955
1.23181	-0.263477
-0.777988	0.346901
-0.745396	-0.246822
-0.777988	0.484739
1.35131	-0.110014
0.112839	0.481521
-0.951808	-0.144341
-0.473803	0.112582
-0.419484	0.315377
-0.647623	0.349533
0.330114	0.488543
-0.951808	-0.705306
0.905893	-0.0796222
-0.93008	-1.12642
1.47081	0.276779
0.243204	0.448239
2.15522	0.577383
-0.84317	-0.349507
-0.593304	-0.00864384
-0.636759	0.260038
-0.00666181	0.256448
0.308387	0.73634
-0.875761	-0.523662
0.460479	0.234368
-0.2348	0.199166
-0.875761	-0.983139
-0.604168	-0.618188
-0.984399	-0.625037
0.742937	0.0125042
0.482207	0.204186
-0.658487	-0.564915
-0.267392	-0.216546
0.938484	0.23738
-0.00666181	-0.142996
0.884165	0.155154
1.21008	0.170156
-0.202209	-0.0907173
-0.93008	-0.787105
0.7538	0.265788
-0.810579	0.107198
-0.0609805	0.315845
0.297523	0.471123
-0.169618	0.216046
-0.897489	-0.30491
-0.484667	0.0365296
-0.40862	0.431226
-0.940944	-0.409054
-1.00613	0.392701
-0.0283893	-0.272199
4.66475	0.643969
-0.691078	0.37122
-0.484667	0.418656
-0.528122	-0.816732
-0.777988	-0.18598
-0.962671	-0.052832
-0.267392	-0.181182
1.95968	0.483078
-0.908353	0.012463
-0.32171	0.348789
-0.267392	0.466216
0.199749	-0.0643881
-0.658487	0.0271814
-0.799715	0.365795
-0.397757	0.0288671
0.156294	0.176212
0.656027	0.356796
0.0585207	-0.4159
0.243204	-0.200066
0.297523	-0.0443843
-0.897489	-0.700099
-0.517258	0.104265
-0.636759	-0.226133
-0.365165	0.455304
0.742937	0.252121
0.275796	0.432376
-0.647623	0.479679
-0.995263	-0.498716
-0.593304	0.0435122
-0.962671	-0.803432
-0.386893	0.0370947
0.156294	-0.302729
1.10144	0.145437
-0.104436	0.339005
0.167158	0.131623
-0.615032	0.420187
-0.75626	0.12398
1.7424	0.373887
0.971075	0.28779
0.569117	0.211156
0.319251	-0.0166345
-0.332574	-0.0399433
-0.984399	-0.596012
0.0259294	0.427617
0.818983	-0.111579
-0.745396	-1.09891
-0.484667	0.0683959
-0.310847	-0.214724
-0.615032	0.0572233
-0.973535	-0.561525
-0.441212	0.361601
-0.777988	-0.873663
-0.995263	-0.123763
-0.49553	-0.36258
-0.223937	0.34517
0.677754	0.0783173
-0.821443	-0.171958
-0.49553	-0.0899348
-0.615032	0.288451
0.884165	0.692085
-0.289119	0.272943
-0.84317	-0.578801
4.28452	0.685288
-0.951808	-0.436172
-0.0283893	0.360085
2.17695	0.429809
-0.777988	0.247308
-0.658487	0.0480986
-0.647623	-0.122191
-0.506394	0.03145
-0.560713	-0.405911
0.884165	0.583493
-0.712805	0.0210247
-0.615032	-0.437936
-0.354302	0.264481
0.264932	0.350935
-0.864898	0.0651788
-0.256528	0.461997
2.45941	0.531647
0.101976	-0.231911
0.00420194	-0.0133763
4.05638	0.447744
1.9814	0.452699
0.514798	0.450359
-0.245664	0.297562
-0.864898	-0.306894
-0.973535	0.299532
-0.658487	-0.0748278
-0.832306	-0.713569
0.656027	0.217382
0.340978	0.319586
0.156294	-0.140411
-0.126163	0.448626
-0.441212	-0.186913
2.79618	0.47464
1.05799	-0.419793
-0.376029	0.163265
0.199749	-0.122994
-0.473803	-0.343014
0.427888	0.188391
-0.658487	-0.0748278
-0.310847	0.144546
-0.452075	-0.302102
2.38336	0.493015
0.308387	0.00852573
0.210613	-0.152871
-0.571577	0.402219
0.406161	-0.0960802
-0.58244	-0.270226
0.699482	0.0860764
-0.886625	0.30908
-0.788851	-0.655051
0.0693844	-0.166846
-0.962671	0.0264496
-0.712805	-0.354746
-0.810579	-1.16724
-0.984399	-0.129515
-0.951808	-0.323135
-0.854034	0.300462
0.49307	0.609484
-0.0718443	0.737943
-0.245664	-0.357715
2.67668	0.577091
1.27526	0.353254
-0.636759	-0.184097
-0.137027	0.458891
0.156294	-0.199519
1.60117	0.594335
-0.386893	0.524346
-0.84317	-0.896207
-0.430348	0.306194
1.22094	0.30011
0.00420194	-0.0406113
-0.538985	-0.00379525
2.53545	0.647674
-0.93008	-0.190004
-0.636759	0.259696
-0.0609805	-0.0658723
-0.897489	0.747553
0.92762	-0.307748
1.01453	0.41108
-0.332574	-0.0443238
0.938484	0.280836
-0.484667	0.57772
0.199749	0.000397491
-0.723669	0.63436
-0.571577	0.460867
0.558253	-0.0331997
-0.886625	0.359437
2.15522	0.0695085
1.15576	0.259791
-0.0283893	0.317281
0.601708	0.227721
-0.169618	0.28538
-0.658487	0.133289
-0.365165	0.231932
-0.462939	0.0467542
-0.625895	-0.376544
0.395297	0.159333
-0.0718443	0.00277992
1.84017	0.377664
-0.723669	-1.05175
0.862438	0.389294
-0.49553	-0.701613
-0.919216	-0.782682
1.15576	0.374473
1.93795	0.464104
-0.647623	-0.24933
-0.951808	-0.433594
-0.625895	0.0839685
0.960212	0.369036
-0.604168	-0.253368
-0.180482	0.125565
2.16609	0.380664
-0.973535	0.382988
-0.919216	0.449143
2.22041	-0.0820773
-0.810579	0.0546508
-0.940944	-1.10971
0.92762	0.391706
-0.310847	0.429674
0.525662	0.0693433
0.0693844	0.420332
-0.549849	-0.155278
-0.93008	0.245321
0.188886	0.111574
-0.886625	0.275763
-0.984399	-0.713265
-0.691078	0.301915
0.123703	0.040844
-0.93008	-0.571663
-0.919216	-0.444585
-0.441212	0.328921
0.308387	0.658648
0.340978	-0.144993
0.286659	-0.533866
0.438752	0.65644
-0.854034	-0.359454
-0.223937	-0.141023
-0.799715	-0.431711
-0.984399	-0.323561
2.80705	0.619427
0.210613	-0.220775
2.55718	0.755342
0.286659	0.267393
-0.169618	0.579953
-0.962671	-0.112689
-0.430348	-0.762646
-0.0935718	0.0379668
-0.951808	0.109805
-0.484667	-0.536659
0.243204	0.326852
-0.886625	-0.772408
-0.245664	0.372862
-0.821443	-0.19427
-0.951808	-0.666425
-0.886625	0.263644
-0.332574	0.41318
-0.940944	-0.209722
1.49254	0.138377
-0.0718443	0.354345
0.112839	0.471547
-0.908353	-0.953938
-0.691078	-0.660277
-0.397757	0.315018
0.0476569	0.434577
-0.951808	0.400023
-0.658487	0.327536
-1.01699	-0.930086
1.23181	0.402745
-0.549849	-0.150955
1.1123	-0.221804
-0.799715	0.090358
-0.484667	-0.0240137
-0.267392	0.699173
0.297523	0.41349
1.49254	0.264298
0.612572	-0.172015
0.362706	0.134342
-0.256528	0.2997
-0.180482	0.40173
0.808119	0.260446
-0.473803	0.0818786
-0.441212	-0.131974
-0.745396	-0.489763
-0.278255	0.0733902
4.65388	0.602222
1.90536	0.787682
-0.875761	-0.761119
0.905893	0.820079
-0.973535	-0.332897
-0.712805	-0.301811
-0.984399	-0.737403
-0.126163	0.288707
-0.039253	0.524511
-0.810579	0.0702709
2.38336	0.158242
-0.0718443	-0.122072
-0.0718443	-0.124322
-0.908353	0.355438
-0.40862	-0.170405
-0.593304	0.16824
-0.137027	0.111469
-0.84317	-0.780936
-0.538985	-0.0857439
0.525662	0.345192
-0.636759	-0.480073
0.406161	0.0398674
-0.267392	-0.0147018
1.94881	0.422696
-0.343438	-0.426807
-0.213073	-0.691925
-0.854034	-0.157561
0.351842	-0.132714
3.68701	0.58224
-0.082708	0.240693
0.525662	0.23167
-0.604168	0.245344
-0.49553	0.433386
-0.180482	0.375782
-0.951808	-1.61219
-0.951808	-0.972459
-0.810579	0.323625
0.612572	-0.0546443
-0.289119	0.340511
-0.256528	-0.382089
-0.191345	-0.728896
-0.767124	-0.522797
-0.223937	0.503441
0.471343	0.422928
0.340978	0.315486
-0.310847	-0.676844
-0.908353	-0.146754
-0.267392	0.108169
-0.799715	-0.499672
3.42628	0.435435
-0.593304	-0.830394
0.188886	-0.627171
-0.397757	-0.276945
-0.462939	-0.139338
-0.701941	0.465471
-0.104436	-0.541175
-0.58244	0.258943
0.818983	0.364301
-0.278255	-0.325846
-0.310847	0.160877
0.471343	0.189083
-0.137027	0.290052
-0.875761	-0.983139
1.12317	0.0196887
-0.886625	-0.623593
-0.310847	-0.464317
0.101976	0.553129
-0.875761	-0.877952
0.145431	-0.319911
-0.745396	-0.341095
-0.854034	0.169079
-0.549849	-0.425897
-0.886625	-1.35521
-0.104436	0.041153
-0.875761	-0.0280095
-0.0175256	0.296656
0.178022	0.202877
0.7538	0.303371
-0.158754	-0.0652223
0.862438	0.377981
-0.202209	0.117403
-0.810579	0.0546508
0.112839	0.39486
0.699482	0.398435
-0.430348	-0.272546
-0.560713	-0.0537881
-0.93008	0.208231
0.395297	0.142462
-0.473803	0.347373
-0.810579	-0.415266
-0.441212	0.0321027
1.30785	-0.00841174
0.319251	0.0687553
0.123703	0.217094
0.156294	0.0698527
-0.191345	0.406903
-0.658487	-0.141642
-0.625895	-0.371769
0.981939	0.249594
2.492	0.535564
-0.528122	0.313124
0.112839	-0.431558
-0.441212	0.331628
0.297523	0.323113
-0.767124	0.348527
-0.430348	-0.0758839
0.0150657	0.115802
0.0911119	-0.0157971
-0.452075	-0.422805
-0.0609805	0.113418
0.373569	0.52952
1.63376	0.126334
-0.919216	-0.0240747
-0.940944	-0.154558
0.0476569	-0.0597936
0.949348	0.37006
-0.528122	-0.346566
0.677754	0.310761
-0.854034	-0.507273
-0.919216	-0.369644
-0.137027	0.386761
-0.538985	0.159374
1.31872	0.439186
0.0585207	0.283565
-0.343438	0.451992
-0.951808	-0.86867
-0.615032	0.133417
-0.299983	0.209453
-0.0175256	-0.171711
-0.484667	0.396314
-0.267392	-0.187595
-0.940944	0.50376
-0.875761	0.0660254
-0.0501168	0.0574839
1.67722	0.103464
0.862438	0.160944
-0.310847	0.459558
-0.202209	0.369171
-0.2348	0.344741
-0.289119	0.359414
0.699482	0.371575
0.384433	0.145168
1.64463	0.251824
0.634299	-0.612781
0.0476569	0.435683
-0.104436	0.0612174
-0.625895	0.0541612
-0.180482	0.404176
-0.58244	0.0956391
-1.02785	-0.923035
9.57516	0.438909
-0.919216	-0.734394
-0.636759	0.33829
-0.897489	-0.345702
-0.365165	0.409176
1.88363	0.530093
-0.0501168	0.30384
2.23127	0.38527
-0.462939	-0.289451
1.22094	-0.0821672
-0.908353	-1.43672
2.40509	0.515802
-0.441212	0.284267
-0.473803	-1.25921
1.18835	0.198474
-0.940944	-1.06697
-0.0283893	0.0760376
-0.40862	0.294674
0.438752	0.227723
1.7424	0.515005
-0.908353	-0.535657
-0.397757	-0.0168396
-0.473803	0.325413
0.482207	-0.139295
0.49307	0.277889
0.677754	0.398607
-0.528122	-0.816732
0.00420194	-0.104346
-0.951808	-1.61219
-0.680214	-1.32437
-0.343438	-0.158698
-0.0283893	-0.0693213
0.210613	0.457404
-0.299983	-0.312355
-0.082708	-0.00984755
-0.821443	-0.537464
2.74187	0.782765
-0.973535	-0.663156
1.10144	0.388898
-0.777988	0.233576
-0.691078	-1.12184
-0.386893	0.447046
0.656027	0.535972
-0.223937	0.494147
-0.701941	0.0955884
-0.593304	-0.165528
-0.473803	0.83823
-0.0935718	-0.400909
0.112839	-0.0844356
1.09058	-0.171147
-0.723669	-0.407529
0.308387	0.15933
4.66475	0.494565
1.04712	0.299997
1.12317	0.697133
-0.571577	0.385257
0.449616	0.535828
-0.962671	-0.213072
2.35077	0.578415
-0.821443	-1.10535
-0.788851	0.0735496
-0.506394	0.393591
-0.625895	-0.882364
-0.115299	0.268922
-0.864898	-0.524534
-0.712805	0.194022
-0.517258	0.442708
-0.973535	-0.564042
0.0693844	0.538471
-0.832306	0.159008
3.01346	0.566951
-0.549849	-0.897499
-0.897489	-0.319774
0.525662	0.996315
1.19921	0.499992
-0.593304	-0.28564
-0.940944	-0.754988
1.43822	0.668469
-0.49553	0.247478
-0.745396	-0.00568931
1.6229	0.344069
-0.039253	0.0714139
0.362706	-0.414065
-0.832306	0.493566
-0.473803	-0.225101
2.02486	0.109585
0.688618	0.373084
-0.202209	0.684934
-0.441212	0.290983
-0.245664	-0.268155
1.54685	0.659477
0.66689	-0.582839
-0.484667	-0.358699
-0.615032	-0.978569
-0.799715	-0.252334
-0.278255	0.204833
-0.854034	-0.113949
3.64356	0.669306
-0.734533	-0.684765
-0.0935718	0.202142
0.406161	-0.45633
-0.854034	-0.568189
-0.0718443	-0.087899
-0.940944	-0.497652
1.6229	0.488795
-0.115299	0.327088
0.66689	0.276356
-0.354302	-0.355448
-0.00666181	-0.0349309
-0.93008	-0.34832
0.569117	0.403131
-0.734533	0.159895
-1.01699	0.0917117
1.2644	0.71698
-0.691078	0.0105725
0.612572	0.0687195
2.60064	0.346832
-0.354302	-0.152071
-0.32171	-0.397758
-0.777988	-0.00475616
-0.908353	-0.555501
-0.810579	-0.510648
0.112839	0.349509
-0.810579	-0.813458
-0.951808	-0.891486
0.808119	0.728727
0.112839	0.631784
1.44908	0.232851
1.10144	0.42232
0.0150657	-0.071244
-0.799715	-1.09807
0.449616	-0.210232
-0.973535	-0.936219
-0.897489	0.209752
0.460479	0.606493
-0.636759	0.301815
0.417024	0.265465
0.0259294	0.293656
1.9814	0.0689736
-0.864898	-0.462743
-0.821443	-0.51227
0.971075	0.576954
-0.799715	-0.436472
-0.777988	0.360533
-0.0175256	-0.107824
-0.40862	-0.109124
-0.832306	0.328792
-0.908353	-1.06643
-0.680214	-1.0929
-0.213073	-0.18737
-0.897489	-0.577062
-0.126163	0.623765
-0.58244	0.447056
-0.886625	-0.27954
-0.995263	0.308284
-0.680214	0.029205
-0.810579	-0.495377
1.12317	-0.143782
0.362706	0.135479
-0.278255	0.22345
0.612572	0.150031
-0.723669	-0.0110409
0.156294	0.680286
0.710345	0.783639
1.15576	0.3645
-0.940944	-0.125269
-0.14789	0.242328
-0.0718443	-0.195712
-0.995263	-0.595921
0.590844	-0.229389
2.14436	0.426584
-0.854034	-0.834358
0.677754	0.299462
-0.506394	-0.234245
0.471343	0.352101
-0.908353	0.343885
-0.897489	-0.210853
-0.973535	-0.223613
-0.995263	-0.556572
-0.962671	-0.226946
-0.278255	-0.333847
-0.245664	-0.119322
0.84071	0.352729
2.18781	0.431097
3.69788	0.482983
0.960212	-0.145583
-0.169618	0.032004
0.449616	-0.435546
-0.593304	0.308777
-0.799715	0.488853
0.0693844	0.44043
-0.897489	-0.431649
-0.430348	0.0849226
0.112839	0.259188
-0.962671	-0.35433
0.373569	0.0622397
0.449616	-0.210232
0.482207	0.677598
-0.169618	-0.685516
-0.14789	0.421815
-0.745396	-0.655882
0.417024	-0.493999
-0.49553	0.373706
-0.039253	0.152689
-0.473803	0.716596
-0.376029	0.19481
0.417024	-0.493999
-0.49553	0.0340824
-0.832306	-0.479757
-0.549849	-0.172151
0.66689	-0.232947
0.286659	-0.0483346
1.21008	-0.127075
3.31764	0.410356
0.286659	0.592028
-0.647623	0.276973
0.254068	0.0817989
-1.00613	-0.428929
2.03572	0.0987948
-0.93008	-0.236565
-0.0718443	-0.0727733
-0.84317	0.420844
1.27526	0.259259
1.82931	0.363056
1.63376	-0.000673927
-0.473803	0.00350925
-0.940944	-0.324152
-0.984399	-0.553129
0.981939	0.20363
-1.01699	0.316845
-0.821443	-0.817112
0.0259294	-0.01914
1.30785	0.383365
0.373569	-0.488906
0.417024	0.492794
-0.00666181	0.40779
-0.462939	0.252515
-0.875761	0.0112328
-0.441212	0.502998
-0.647623	-0.412076
-0.93008	-0.281299
-0.213073	0.254318
-0.604168	0.0978546
-0.984399	-1.34944
-0.940944	-0.640756
-0.473803	0.0209498
-0.984399	-1.11593
-0.886625	0.152746
-0.908353	-0.342953
1.15576	0.374473
1.07971	0.269081
0.406161	-0.756992
1.23181	0.234502
-0.734533	0.126687
4.29538	0.530915
-0.0609805	0.221067
-0.615032	-0.128463
-0.32171	0.408168
-0.723669	0.100195
-0.951808	-0.296453
-0.93008	0.266264
-0.213073	-0.247724
0.0259294	0.643245
1.24267	0.634932
-0.32171	0.476479
-0.462939	-0.390918
-0.75626	0.181131
-0.484667	0.324456
-0.864898	-0.632215
-0.473803	0.396928
2.15522	-0.255269
0.677754	-0.223864
0.243204	0.34659
-0.332574	0.431911
-0.376029	0.193689
-0.777988	-0.551768
-0.647623	-0.123526
0.471343	0.257045
-0.223937	-0.153154
0.721209	-0.490832
-0.66935	0.171753
-0.0283893	0.265068
-0.593304	0.0803588
-0.397757	0.552777
4.29538	0.687142
0.417024	0.103081
-0.810579	0.471496
2.70927	0.701373
-0.691078	-0.222115
-1.01699	-0.599943
-0.93008	-0.684423
1.27526	-0.104844
2.03572	-0.903361
-0.701941	0.233676
1.82931	0.841591
0.00420194	0.158045
-0.538985	0.40305
-0.191345	0.359814
1.52513	0.577442
-0.854034	-0.337313
-0.995263	-0.98972
-0.701941	-1.07827
1.27526	0.0180261
-0.886625	0.0442919
-0.93008	-0.471491
-0.473803	0.00350925
-0.00666181	-0.594191
-0.571577	0.171834
0.438752	0.227723
1.09058	0.521348
-0.886625	-1.18118
-0.506394	0.483738
0.884165	0.218014
-0.886625	-0.376166
1.19921	0.542926
-0.0609805	-0.747131
0.188886	0.293707
-0.647623	0.338398
-0.854034	0.378924
-0.821443	-0.69373
-0.701941	-0.0374014
-0.126163	0.182789
-0.213073	-0.562498
-0.984399	-0.323561
0.764664	0.353692
-0.082708	-0.128878
-1.00613	-0.56476
1.1123	0.292028
2.88309	0.623439
-0.506394	0.441218
0.232341	0.295389
-0.647623	-0.298194
-0.897489	-0.53866
0.623435	0.447146
2.80705	0.751472
-0.473803	-0.193636
-0.962671	0.31361
0.167158	0.397157
-0.745396	0.53462
-0.625895	-1.41145
-0.897489	-0.563281
-0.267392	0.354254
1.2644	0.341194
-0.430348	-0.0127039
0.00420194	-0.664605
-0.223937	-0.637355
-0.777988	-1.69806
0.384433	0.39013
1.69895	0.512226
0.482207	0.227533
0.188886	-0.276092
1.63376	0.184345
-0.49553	-0.247434
-0.169618	0.608686
0.0911119	-1.08433
-0.84317	0.604386
-0.506394	0.359521
0.0585207	0.0637073
0.808119	-0.469405
-0.832306	-0.738832
0.101976	0.473028
-0.452075	0.315532
-0.58244	0.0463134
0.101976	0.475721
0.0476569	0.283537
-0.799715	-0.886426
-0.039253	0.273359
0.123703	-0.312784
-0.745396	0.452633
-0.039253	0.528905
-0.810579	-0.850726
-0.430348	0.438789
0.688618	0.451965
-0.039253	-0.0848917
-0.213073	0.311995
-0.126163	-0.435132
-0.84317	-0.906633
-0.310847	0.0597891
-0.962671	-0.795569
-0.951808	-1.16145
-0.278255	0.391972
-0.452075	-0.0633023
-0.332574	0.240326
-0.984399	-0.672737
-0.951808	-0.561111
-0.810579	-0.888797
0.438752	0.309577
0.167158	0.146045
-0.973535	-0.100347
-0.962671	-1.47137
-0.549849	-0.221937
0.308387	0.398666
0.417024	0.556037
-0.386893	0.0559258
-0.14789	0.0506305
1.57945	0.499186
0.764664	0.0778351
3.65442	0.172947
-0.951808	0.237607
-0.745396	-0.324877
0.7538	0.0854577
1.41649	0.196813
0.92762	0.37932
0.732073	0.145221
-0.864898	-0.702061
-0.767124	-0.522797
0.0150657	0.190381
-1.00613	-0.975714
-0.875761	-0.299996
-0.14789	-0.247225
-0.213073	0.333441
-0.734533	-0.223263
1.99227	0.743004
-0.788851	-0.261252
-0.940944	0.508082
-0.951808	0.1088
-0.00666181	-0.023182
-0.604168	0.418091
0.732073	0.579901
0.330114	0.551525
-0.14789	0.262989
-0.875761	0.0186473
3.64356	0.669306
-0.93008	-0.46469
1.68808	0.243332
0.384433	0.248802
-0.082708	0.50255
1.22094	0.630002
3.38283	0.373282
-0.647623	-0.946015
-1.01699	-0.585019
-0.615032	0.462588
-0.245664	-0.160151
1.19921	-0.0792279
2.82878	0.275593
7.196	-0.380095
-0.245664	0.266309
-0.528122	0.361804
-0.984399	-0.446369
0.308387	0.271141
-0.810579	-0.248423
-0.299983	0.489757
1.81845	0.329125
0.395297	0.0779599
-0.723669	0.0282985
-0.701941	-0.143516
-0.886625	-0.493137
0.514798	0.108569
-0.984399	-0.261776
-0.919216	0.0800844
-0.832306	0.284809
-0.919216	0.303434
2.27472	0.294559
1.94881	0.700899
1.1449	0.0511538
-0.767124	0.372256
-0.32171	-0.446856
-0.538985	-0.119668
-0.995263	-0.560059
1.22094	-0.228305
-0.169618	-0.17387
4.2302	0.592766
0.210613	0.38638
-0.658487	-0.126947
-0.984399	-0.409043
0.101976	0.485493
-0.462939	-0.283757
0.960212	0.639071
-0.299983	0.341143
-0.734533	0.233522
-0.908353	0.0750676
0.0150657	0.384032
0.362706	0.0979269
1.07971	0.311119
-0.473803	-0.0840965
1.64463	0.508578
-0.908353	-0.755962
1.32958	0.233661
0.482207	-0.0398447
-0.680214	0.28498
-0.647623	-0.293117
0.384433	0.347216
0.406161	-0.0593232
-0.223937	0.462484
2.00313	0.419167
0.0802482	-0.369973
0.188886	0.430786
-0.864898	0.0626413
2.06831	0.411915
0.558253	-0.0113267
-0.788851	0.0707535
0.7538	0.578571
-0.00666181	0.087492
-0.636759	-0.317236
-0.995263	0.0327745
1.89449	0.363997
-0.636759	0.370537
-0.788851	-0.711143
-0.604168	0.477563
-0.864898	-0.34423
1.22094	0.371529
-0.777988	-0.571155
-0.951808	-1.0365
0.547389	0.544603
-0.84317	-0.808317
-0.604168	-1.72685
-0.919216	-0.910486
-0.897489	-0.191946
-0.864898	-0.377684
0.0150657	0.0933498
0.721209	0.295734
-0.278255	0.00475473
-0.854034	-1.35568
-0.908353	-1.17989
-0.734533	0.0152982
0.286659	0.232736
0.558253	0.244706
-0.213073	0.52243
0.601708	0.748692
0.254068	0.250384
-0.538985	-0.298921
0.362706	0.103971
-0.919216	-0.646062
-0.962671	-0.266577
-0.864898	-0.845824
-0.137027	0.462888
-0.267392	0.444481
-0.973535	-0.422944
-0.821443	-0.674931
-0.365165	0.0218809
-0.310847	0.254325
0.264932	0.457841
3.75219	0.332866
-0.343438	0.132435
-0.84317	-0.269022
-0.452075	0.359449
0.188886	0.319027
-0.604168	0.137182
-0.636759	-0.252392
-0.919216	-0.425176
-1.07131	-1.76506
-0.734533	-0.284989
1.88363	-0.039708
3.26333	0.592493
3.04605	0.287681
1.93795	0.582336
-0.973535	-0.312509
0.0802482	-0.317123
1.31872	0.417359
-0.571577	0.439404
0.210613	0.371096
2.95914	0.316314
-0.158754	0.607899
-0.462939	-0.22565
0.829847	-0.106229
0.92762	0.209831
0.232341	0.455401
-0.886625	-0.70651
-0.940944	0.00432654
-0.49553	-0.701613
-0.560713	-0.348662
-0.712805	-0.789221
0.275796	0.364864
1.68808	0.427148
-0.973535	-0.868305
-0.506394	0.446099
1.31872	0.310789
-0.712805	0.532226
-0.278255	0.0752436
1.7424	0.516441
-0.734533	-1.09913
-0.506394	0.329616
-0.560713	-0.614562
0.134567	0.395488
-0.886625	-1.04173
-0.32171	0.275852
-0.919216	-0.348935
0.167158	-0.543745
-0.223937	-0.206928
1.93795	0.238915
-0.691078	-0.0395539
-0.832306	0.155103
-0.84317	-0.121649
0.710345	0.411526
0.297523	0.262313
0.340978	-0.276755
-0.636759	0.235945
0.525662	0.404259
-0.517258	0.366553
0.818983	0.527563
0.123703	0.522648
-0.560713	-0.0863023
-0.397757	0.19328
0.123703	0.207501
-0.886625	-0.56152
-0.745396	-0.206518
0.732073	0.459787
-0.223937	0.259672
-0.137027	0.394779
-0.343438	0.590325
-0.267392	0.354254
-0.886625	-0.433491
-0.517258	-0.44899
2.16609	0.329048
-0.32171	0.183849
-0.799715	-1.65814
0.427888	0.00836223
-0.712805	-0.290985
0.66689	0.207532
-0.0935718	0.209534
-0.995263	-1.17354
-0.680214	-0.0246883
0.525662	0.213315
-0.886625	0.373842
1.34044	0.519779
-0.343438	-0.5327
-0.647623	-0.21411
-0.777988	0.237558
-0.202209	0.595431
-0.593304	-0.6407
-0.886625	0.402519
-0.777988	0.224739
-0.528122	0.55313
-0.604168	-0.310929
-0.864898	-0.253444
-0.821443	-0.842191
-0.951808	-0.638031
0.210613	0.38638
-0.245664	-0.0647197
-0.32171	0.336484
2.47027	0.614747
1.29699	-0.16036
-0.745396	-0.582995
3.41542	0.517979
0.960212	-0.194869
-0.365165	-0.0159515
1.81845	0.402109
0.286659	0.684451
1.04712	0.317618
-0.419484	-0.275328
-0.245664	0.42068
-0.767124	0.218596
-0.875761	-0.511137
0.547389	0.264711
-0.84317	-0.433132
-0.376029	-0.265584
0.134567	-0.600795
1.81845	0.0604177
2.51373	0.421868
-0.191345	-0.57948
-1.00613	-1.06083
-0.0501168	0.297789
-0.538985	0.0151917
0.232341	-0.666979
-0.951808	-1.06326
-0.473803	0.393962
0.0693844	0.284254
-0.2348	0.28276
-0.864898	-0.695159
-0.169618	0.272512
0.351842	0.194196
0.905893	0.0505704
-0.886625	-0.238941
-0.191345	0.348097
0.634299	0.146149
-0.538985	0.374455
-0.886625	-0.494066
2.68755	0.32848
0.406161	-0.702786
0.949348	0.235743
-0.278255	0.293327
-0.875761	-0.217152
2.17695	0.375247
0.851574	0.312191
-0.919216	-0.985181
0.297523	-0.318182
-0.625895	0.502724
1.06885	0.317844
-0.430348	0.29778
-0.745396	-0.35996
0.351842	0.439544
0.438752	0.258284
1.43822	0.729846
-0.082708	-0.0204299
-0.14789	0.352146
-0.169618	-0.217808
-0.864898	0.335718
-1.00613	0.421594
-0.973535	0.265796
1.82931	-0.0602927
-0.788851	-0.387184
0.558253	0.307537
-0.767124	-0.3396
0.0150657	0.369775
-1.02785	-0.23639
-0.886625	-0.0607879
-0.973535	-0.405893
1.85104	0.302116
-0.0935718	0.166305
0.536525	0.0291811
-0.919216	-1.03263
-0.886625	-0.448758
0.862438	-0.104709
-0.0609805	0.315845
0.92762	0.211
-0.767124	-0.319323
-0.202209	0.147438
-0.908353	-0.231953
-0.799715	0.00612603
-0.0283893	0.00416759
0.971075	0.401669
1.34044	0.412371
-0.940944	-0.52062
-0.897489	-0.518233
0.297523	0.277349
2.47027	0.476687
-0.245664	0.137151
1.77499	0.36981
-0.462939	0.266684
3.08951	0.327852
0.0150657	-0.470412
1.34044	0.502363
-0.712805	-0.37568
-0.951808	-0.257393
0.862438	0.0805015
-0.278255	-0.150682
-0.908353	-0.767968
-0.213073	0.562653
-0.082708	0.101691
-0.180482	0.121938
0.0693844	0.380119
-0.126163	0.375523
0.514798	0.375705
0.590844	0.65305
-0.462939	0.498901
-0.082708	-0.00518082
-0.940944	-0.809055
0.862438	0.244629
-0.886625	0.0265438
0.721209	-0.583049
0.438752	0.266154
-0.767124	-0.0430797
-0.810579	0.377342
-0.767124	-0.623587
1.47081	-0.0128127
0.634299	0.154386
0.688618	0.507654
-0.973535	-1.0261
0.808119	-0.102221
-0.777988	-0.808287
-0.636759	0.270372
-0.788851	-0.0919153
-0.49553	-0.236081
-0.84317	-0.374275
-0.940944	-0.55732
-0.473803	-0.310131
-0.701941	-1.00583
1.19921	0.251524
2.253	0.718762
0.623435	0.35068
-0.767124	-0.49379
-0.245664	0.0305591
-1.02785	-0.604409
-0.919216	0.292258
-0.636759	0.581301
-0.940944	-0.0879804
-0.40862	0.327904
-0.517258	0.26815
-0.506394	0.478812
-0.593304	-0.10556
1.22094	-0.0926974
-0.821443	-0.639235
1.13403	-0.0434668
0.427888	-0.100458
1.48167	-0.0932954
2.94828	0.503454
-0.864898	0.416499
0.101976	0.0997764
-0.0609805	-0.0234864
-0.158754	0.33881
2.76359	0.548908
-0.951808	-0.981201
0.0476569	0.463896
-0.256528	0.171195
-0.951808	0.0335029
0.916757	0.539192
-0.14789	-0.144816
-0.951808	-0.737159
-0.32171	0.0108544
1.09058	-0.0545386
-0.680214	0.288977
1.7424	0.258513
0.406161	-0.241928
2.99173	0.17475
1.23181	0.446502
-0.310847	0.334815
2.43768	0.103477
-0.973535	-0.467803
-0.484667	0.15949
1.90536	0.262162
-0.951808	-0.437833
-0.397757	0.169408
0.178022	-0.983834
-0.473803	0.419164
0.0476569	0.213955
-0.549849	0.50422
-0.636759	-0.470646
-0.647623	-0.047822
-0.419484	0.20694
0.971075	0.134753
-0.919216	-0.890581
-0.93008	-0.357394
1.31872	0.417359
0.634299	0.060633
-0.93008	-0.573551
1.65549	0.194934
-0.484667	0.211065
0.319251	-0.564104
-0.0175256	0.446032
-0.886625	0.181753
-0.886625	-0.578748
-0.799715	0.0371678
-0.66935	0.335885
-0.538985	-0.295122
-0.278255	0.225854
-0.213073	0.0247135
0.0911119	0.107122
0.199749	-0.203583
-0.267392	0.02975
0.101976	0.617619
-0.788851	0.441548
-0.875761	-0.316109
-0.799715	-0.158919
1.95968	0.614406
-0.278255	-0.0384204
0.112839	-0.574147
-0.701941	0.105141
0.656027	0.42911
-0.245664	0.667994
0.732073	0.164329
-0.0935718	0.222818
1.18835	-0.223469
-0.919216	-0.665137
-0.462939	-0.404421
-0.484667	0.29418
-0.365165	0.0127615
1.91622	0.274696
-0.299983	-1.13431
-0.0718443	-0.348867
-0.137027	0.309554
-0.517258	-0.08636
0.818983	-0.0525022
-0.386893	-0.0704569
-0.289119	-0.416739
1.09058	0.337837
-0.777988	-0.797274
-0.538985	0.0667096
-0.0175256	0.513562
-0.84317	0.33038
0.558253	0.627216
-0.14789	0.0941344
-0.962671	-0.368695
-0.267392	-0.0956792
-0.962671	-0.829786
-0.897489	-0.814524
0.406161	-0.416889
-0.745396	0.0734519
-0.180482	0.356506
-0.897489	-1.16342
-0.864898	0.21809
0.330114	0.147788
0.0802482	-0.369973
1.25353	-0.0597694
-0.908353	-0.0433933
-0.386893	-0.568963
0.460479	-0.350178
-0.832306	-0.742462
-0.821443	0.0790578
0.167158	0.573762
0.460479	0.222205
1.03626	0.0879519
1.1123	0.420482
-0.701941	0.025295
-0.897489	-1.09943
0.00420194	0.331104
-0.506394	0.236269
-0.691078	0.0546362
-0.734533	0.563361
-0.343438	0.253734
-0.908353	-1.63237
-0.821443	0.0347084
0.145431	0.397083
0.319251	0.391646
-0.0501168	0.0379468
0.210613	-0.111938
-0.810579	-0.378351
-0.940944	-0.12735
-0.40862	0.234048
1.12317	0.329259
-0.039253	0.152689
1.79672	0.617841
-0.549849	-0.0785199
-0.039253	0.203331
0.297523	0.265082
0.00420194	0.254938
-0.84317	-0.353252
-0.332574	-0.42788
-0.397757	0.236022
-0.951808	0.0832093
0.264932	0.330093
-0.538985	-0.0511299
0.0367932	0.167215
-0.473803	-0.2104
-0.973535	-0.607298
0.829847	0.100882
-0.832306	-0.688513
0.590844	0.216035
-0.2348	0.622102
0.395297	-0.377499
-0.767124	-0.953468
-0.58244	0.234833
-0.430348	0.225678
-0.908353	-1.17989
-0.538985	0.391957
0.199749	0.208693
-0.951808	-0.730421
4.62129	0.715673
-0.115299	0.265717
-0.701941	0.393782
-0.0609805	0.316827
0.286659	0.288605
0.808119	-0.102221
-0.0501168	-0.64187
-0.832306	0.592384
-0.538985	-0.357182
-0.636759	0.290426
-0.767124	-0.953468
-0.593304	0.2526
-0.169618	0.29866
-0.0283893	-0.0618503
0.0476569	0.305543
1.28612	0.0861731
-0.158754	-0.209608
-0.84317	0.503263
0.123703	0.173707
-0.636759	0.241334
-0.821443	-0.281171
-0.462939	0.12972
-0.647623	0.262381
-0.32171	0.195028
-0.615032	0.542844
0.862438	0.234847
0.0802482	0.349177
-0.593304	-0.503316
-0.40862	1.02574
-0.854034	0.0629925
1.39476	0.50499
0.254068	0.446341
1.57945	0.572689
0.558253	0.527992
-0.256528	0.549342
-0.940944	-0.558007
-0.66935	-0.488453
0.308387	-0.409818
-0.430348	0.321532
-0.84317	0.261073
-0.604168	-0.191323
0.351842	0.0416732
-0.821443	0.169934
0.66689	-0.679234
-0.864898	0.435181
0.742937	0.15331
0.916757	0.144659
-0.799715	-0.675609
-0.984399	0.475476
0.221477	0.30341
-0.962671	-0.052832
-0.908353	-0.850875
-0.0935718	0.0195246
-0.984399	-0.446369
1.06885	0.305993
-0.158754	0.529641
1.54685	0.175796
-0.886625	-0.128932
2.17695	0.322883
1.8619	0.386655
0.156294	-0.533594
-0.506394	0.0295568
0.308387	0.255605
-0.940944	-0.3456
0.351842	-0.18543
-0.452075	-0.702149
0.677754	0.308339
-0.984399	-0.448534
-0.419484	-0.396341
0.275796	0.0904368
-0.365165	-0.238752
0.558253	0.134984
-0.126163	0.00732448
-0.93008	-0.21581
-0.951808	-1.55528
-0.919216	-0.702938
-0.636759	-0.156041
-0.799715	-0.858123
0.525662	0.443591
-0.0501168	0.527351
-0.0609805	0.265794
0.156294	-0.358696
0.938484	0.266349
0.156294	0.0397835
1.55772	0.0363615
2.00313	0.300705
-0.908353	-0.0482214
-0.332574	0.383898
-0.647623	-0.047822
0.558253	0.639111
-0.549849	0.421766
-0.940944	-0.777632
-0.0501168	-0.41074
0.362706	0.482616
-0.40862	-0.571667
-0.984399	-1.20862
0.873302	0.46623
-0.854034	-0.924375
0.525662	0.0991895
-0.58244	0.353695
-0.897489	-0.175271
2.14436	0.75238
-1.00613	-0.866983
-0.854034	-0.574404
2.17695	0.375247
-0.560713	0.155725
0.569117	0.207058
1.23181	0.380705
0.221477	-0.669863
-0.767124	0.372256
0.232341	0.311197
-0.386893	0.0827537
-0.517258	0.37613
0.645163	-0.685693
-0.875761	-0.999318
-0.365165	0.160423
0.0693844	0.311205
-0.0609805	0.197729
0.645163	0.15375
-0.615032	0.92867
-0.875761	-0.223422
-0.691078	0.496752
-0.0283893	0.0945453
-0.940944	-0.192896
0.0476569	-0.092071
-0.32171	0.19153
-0.560713	-0.0175361
-0.897489	0.287544
0.308387	0.489279
-0.995263	-0.413833
-0.58244	-0.507767
-0.0175256	0.429688
0.482207	-0.249681
1.72067	0.38587
-0.680214	0.293272
1.52513	0.0688902
-0.506394	0.0248948
0.775528	-0.101564
1.05799	-0.377439
-0.691078	0.32218
0.49307	0.396427
-0.571577	0.386654
-0.93008	-0.186157
-0.777988	-0.413409
-0.538985	-0.428389
0.340978	0.555615
-0.528122	-0.449588
-0.854034	-0.392676
-0.951808	-0.714569
-0.441212	0.422788
-0.538985	-0.895652
0.0367932	0.0543177
0.612572	0.0862232
-0.517258	-0.308307
0.199749	-0.147274
-0.962671	0.113065
-0.267392	-0.03709
-0.386893	0.477973
0.0585207	0.113429
-0.951808	0.182612
2.492	0.692307
-0.919216	-0.650748
-0.951808	-0.639705
0.656027	0.339982
-0.680214	0.228926
-0.267392	0.317035
-0.919216	0.460539
-0.84317	-1.13811
1.21008	0.149535
-0.571577	-0.213093
-0.615032	-0.0703114
-0.517258	0.125784
-0.832306	0.328792
-0.777988	0.111254
0.188886	-0.155109
-0.506394	-0.465837
0.536525	0.418951
0.656027	0.611398
-0.647623	0.297572
0.112839	0.412268
-0.75626	0.0973723
-0.75626	0.0601618
-0.951808	-0.56635
2.47027	0.42028
1.27526	0.318259
-0.940944	-0.34223
-0.473803	-0.0388308
0.981939	0.198572
0.0259294	-0.445454
0.308387	-0.0993238
0.00420194	0.318804
-0.951808	-0.699079
-0.223937	-0.440793
-0.647623	-0.655443
0.710345	0.335753
-0.604168	0.342732
-0.658487	-0.959706
-0.951808	0.377156
-0.658487	0.188879
-0.75626	-0.17226
-0.962671	-1.09236
-0.0283893	-0.561562
0.00420194	0.197736
2.17695	0.586795
1.55772	0.370036
-0.376029	0.342869
-0.658487	-0.40796
-0.919216	-1.21601
-0.962671	0.192652
2.23127	0.742292
-0.636759	0.237022
-0.430348	-0.474658
-0.886625	-0.544093
-0.191345	0.276232
-0.799715	-0.450265
1.72067	0.543657
0.123703	0.340507
-0.0283893	0.320565
0.645163	-0.0256141
-0.528122	-0.100427
-0.517258	0.313961
-0.973535	-0.520618
0.829847	0.228463
-0.886625	-0.12426
-0.2348	0.324183
0.710345	-0.283918
-0.32171	-0.473815
-0.962671	-1.0883
1.64463	0.594274
-0.723669	0.0282985
-0.245664	0.331877
0.808119	-0.139596
-0.158754	0.306847
-0.14789	0.266819
-0.528122	0.0661666
-0.691078	-0.106929
1.52513	-0.366753
-0.984399	-0.329795
-0.832306	-0.213122
-0.354302	0.336116
-0.745396	-0.60206
0.66689	0.260985
1.25353	0.4608
0.873302	-0.0242194
-0.940944	-0.862739
-0.799715	-0.1443
-0.897489	-1.52349
-0.940944	-0.436421
-0.962671	-0.742836
0.199749	-0.513766
-0.984399	-1.2962
0.340978	0.243743
-0.571577	0.493205
0.0367932	0.00242266
1.00367	0.293426
2.38336	0.513793
0.232341	0.266169
1.09058	-0.222533
-0.723669	-1.13256
-0.0501168	0.490495
0.688618	0.115914
1.7424	0.338808
0.0259294	0.427617
0.884165	0.448275
-0.84317	0.249793
-0.115299	-0.781653
-0.854034	-0.983228
-0.93008	-0.0414754
-1.00613	-0.566385
1.19921	0.346173
0.797255	0.351392
0.92762	0.259837
-0.039253	-0.444288
-0.332574	-0.175603
0.0150657	0.180293
-0.082708	-0.28784
-0.32171	0.336484
0.112839	0.426893
-0.93008	-0.592894
-0.962671	-0.659219
-0.517258	-0.0496186
-0.484667	0.315965
-0.767124	-1.17891
-0.32171	0.478935
-0.658487	-0.676089
-0.951808	-0.0432305
-0.473803	-0.955809
-0.310847	0.467855
-0.984399	0.106851
0.156294	0.155406
-0.115299	0.360052
-0.854034	-0.0914204
-0.452075	-0.608909
-0.984399	-0.153925
-0.940944	0.217866
0.351842	0.181235
-0.734533	0.0284413
-0.691078	0.196203
-0.832306	-0.0972246
0.57998	0.26451
0.971075	0.0330511
1.1123	-0.151237
-0.875761	-0.776811
1.91622	0.223447
0.254068	0.497994
-0.397757	0.216164
-0.995263	-0.76245
-0.636759	-0.134194
-0.202209	0.577143
-0.701941	-1.02423
-0.93008	-0.179226
-0.864898	-1.07912
-0.223937	0.0321406
1.24267	-0.111569
3.64356	0.556269
0.66689	0.240734
1.32958	0.522648
3.90429	0.473769
-0.397757	0.508439
0.862438	0.59871
-0.723669	-0.763502
-0.517258	-0.0801605
-0.66935	-0.245016
-0.32171	0.0618826
-0.2348	0.542831
0.145431	-0.298156
-0.973535	-0.524997
-0.0175256	-0.103965
-0.973535	-0.371639
1.23181	0.310465
-0.104436	0.35803
-0.897489	-0.518233
0.960212	0.21128
2.70927	0.419326
-0.104436	0.271799
-0.310847	-0.231919
0.710345	0.0330161
1.17749	0.163063
0.558253	0.127034
-0.940944	-0.547942
0.232341	-0.21877
-0.267392	0.389908
-0.419484	0.25664
4.54525	0.611849
0.438752	-0.0402277
2.44854	0.676327
1.2644	0.883741
0.905893	0.377286
-0.137027	0.334568
-0.473803	0.0935779
0.308387	-0.0435529
0.243204	-0.229701
-0.854034	0.381201
2.16609	-0.0508667
-0.973535	-0.515667
-0.832306	-0.828439
0.84071	0.583279
-0.604168	-0.389492
-0.549849	-0.220976
-0.788851	-0.701011
-0.962671	-0.238822
-0.267392	0.0448593
-0.419484	0.192183
1.97054	0.397024
-0.734533	-0.88078
-0.984399	0.425611
-0.473803	0.107085
-0.897489	0.406075
0.0150657	0.278897
-0.615032	0.289069
-0.810579	-1.31373
-0.712805	-0.521549
0.0150657	-0.0217587
0.373569	0.0551469
0.677754	0.0790666
-0.213073	0.254266
-0.538985	-0.322211
-0.962671	-0.926642
-0.767124	-0.27478
-0.647623	0.262381
-0.14789	0.266294
-0.560713	-0.143521
-0.875761	-0.543208
1.57945	0.572689
-0.462939	-0.0720962
-0.365165	-0.649264
-0.441212	-0.186913
0.134567	-0.0564996
-0.712805	-0.545221
0.362706	0.183692
1.64463	0.638766
0.449616	0.640655
-0.897489	-1.72357
-0.202209	-0.810471
-0.441212	0.143958
-0.84317	-0.619787
-0.0609805	-0.0455661
-0.84317	-0.134999
1.1449	0.436401
0.656027	-0.527982
-0.354302	0.230212
-0.908353	-0.552405
-0.886625	-0.458194
-0.995263	-0.33533
0.710345	0.543457
0.101976	0.239057
2.03572	0.334214
0.417024	0.406463
0.427888	0.0796377
-0.452075	0.47682
-0.2348	-0.310037
-0.169618	0.228233
-0.202209	0.500697
-0.995263	-0.342003
-0.506394	-0.0638259
-0.864898	-0.436828
-1.00613	0.284129
-0.278255	0.409069
-0.115299	0.463794
-0.517258	-0.109596
-0.245664	0.246056
-0.93008	-0.942734
-0.0935718	0.593314
1.30785	0.484512
3.73047	0.85089
0.395297	0.338716
-0.506394	-0.151678
-0.712805	-0.0298499
-0.245664	-0.124202
-0.723669	-0.262139
-0.604168	-0.493187
-0.14789	-0.342974
-0.734533	-0.228464
-0.701941	-0.758935
-0.386893	0.481
1.03626	-0.210216
-0.962671	-0.271922
2.11177	-0.00265905
0.688618	0.458542
0.57998	0.310111
0.0150657	0.31648
0.84071	0.0866108
-0.875761	-0.57083
0.482207	0.464758
-0.886625	0.10284
0.981939	0.356065
0.0150657	0.176141
1.82931	0.375357
1.67722	0.254184
-0.267392	-0.444584
-0.278255	0.422241
-0.158754	0.0993661
-0.332574	-0.201263
0.960212	0.34259
0.286659	0.754102
2.1335	0.427144
-0.745396	-0.365778
-0.484667	-0.287634
0.275796	0.374127
1.2644	-0.344467
-0.777988	-0.0417435
0.590844	0.388568
-0.419484	0.315377
-0.32171	0.504566
-0.84317	0.0432113
0.57998	0.167108
-0.58244	-0.833948
-0.00666181	-0.345588
0.286659	0.463141
1.18835	0.291331
-0.680214	-0.0343947
0.0911119	0.0188435
-0.723669	-1.21927
-0.49553	-0.376193
3.65442	0.325766
0.525662	0.572943
-0.169618	-0.0341568
-0.897489	-1.07475
-0.419484	0.0356432
2.57891	0.540196
-0.723669	-0.38084
-0.223937	0.259672
0.264932	0.22767
-0.734533	-0.617483
2.04659	0.497421
-0.995263	-0.450232
-0.962671	-0.108793
-0.039253	0.0139354
-0.528122	0.0725124
1.43822	0.510024
0.0150657	0.254373
0.460479	0.451183
0.188886	-0.0937838
-0.995263	-0.421168
2.56805	0.211591
-0.376029	-0.703913
3.46974	0.490499
-0.169618	0.202043
-0.202209	0.0686051
2.40509	0.284721
0.330114	0.125152
-0.2348	0.0788539
-0.951808	-0.618027
0.0150657	0.36721
-0.615032	0.175836
-0.115299	0.454834
-0.0935718	-0.123668
0.449616	0.358706
-0.767124	-1.09506
0.395297	0.23929
-0.517258	0.332769
3.04605	0.42227
-0.75626	-0.0472146
-0.528122	0.375363
-0.32171	0.121392
-0.810579	0.323282
-0.864898	-0.365545
-0.788851	-0.20005
-0.810579	-0.923061
-0.202209	0.0461127
-0.799715	0.203372
-0.995263	-1.01425
-0.213073	-0.198795
-0.604168	-0.151952
-0.484667	-0.244364
1.15576	0.296409
2.253	0.375062
1.39476	0.412727
1.43822	0.848146
0.862438	0.272239
0.210613	0.266043
-0.267392	0.129619
-0.788851	-0.239516
0.960212	0.448262
0.297523	-0.370615
0.634299	0.702181
-0.647623	0.263968
-0.908353	0.0672942
-0.973535	-0.238047
-0.767124	-0.0753941
-0.788851	-0.122804
0.384433	0.642472
0.818983	-0.430401
-0.430348	0.403921
0.243204	0.431259
-0.864898	-1.11551
1.7424	0.561399
0.92762	0.604905
0.895029	0.68666
2.09004	-0.00655487
-0.680214	-0.00419779
-0.723669	-0.104688
0.406161	0.433367
-0.995263	-1.1715
2.81791	0.622198
0.112839	-0.568596
-0.213073	0.355865
-0.897489	0.141137
-0.680214	-0.474146
1.90536	-0.311049
0.677754	-0.0243899
0.123703	0.330218
-0.473803	-0.0575238
0.558253	0.402185
-0.0609805	-0.260319
-0.810579	-0.222623
-0.75626	-0.266091
-0.430348	0.304763
-0.32171	0.0576759
-0.299983	0.404334
-0.84317	-0.669842
0.243204	0.34759
-0.180482	0.233068
-0.680214	-0.63607
-0.191345	0.25993
0.460479	0.479618
-0.951808	0.459043
-0.636759	-0.360965
2.62236	0.434677
1.7424	0.129354
-0.84317	-0.457831
-0.506394	0.0351928
4.13243	0.464225
-0.462939	0.262789
-0.213073	-0.528447
-0.875761	-0.98279
-0.919216	-1.05019
-0.777988	-0.477931
-0.484667	-0.149076
0.199749	0.0754717
0.732073	0.308639
-0.777988	0.525941
0.340978	-0.0765036
0.427888	-0.290882
1.49254	-0.193599
0.123703	0.231016
2.6115	0.288729
-0.441212	-0.50842
-0.202209	-0.671985
1.8619	0.208813
-0.767124	-0.0068394
0.742937	0.494094
0.123703	-0.13495
-0.267392	0.401425
0.829847	0.0220931
-0.310847	0.238034
-0.636759	-0.0775393
2.51373	0.248484
0.721209	0.584932
-0.723669	0.231378
2.19868	0.580849
-0.462939	0.422515
-0.864898	-0.0431519
-0.854034	-0.515835
-0.299983	0.419469
0.460479	0.63953
-0.484667	-0.0163955
-0.951808	0.124449
-0.908353	-0.31829
-0.14789	-0.209929
-0.40862	0.518505
2.20954	0.223873
-0.278255	0.202272
0.101976	0.475721
-0.767124	0.0493045
-0.897489	-0.000138951
-0.821443	-0.612361
-0.66935	-1.03753
0.547389	0.484722
-0.93008	-0.890742
-0.2348	-0.219246
-0.473803	-0.221348
0.0911119	0.506717
-0.082708	0.127575
-0.908353	-1.02904
-0.484667	0.353489
1.47081	0.529322
3.20901	0.176922
0.406161	0.245837
-0.115299	0.0840751
-0.528122	-0.483127
-0.452075	0.217032
-0.908353	-0.124177
-0.332574	0.0776029
-0.615032	0.190325
4.03465	0.463973
-0.93008	-0.0926195
0.699482	0.0455079
0.688618	0.1084
-0.886625	-0.834214
-0.354302	-1.24425
-0.180482	-0.28131
-0.799715	-1.10158
0.00420194	-0.118609
-0.940944	0.301314
-0.115299	0.32703
-0.082708	0.0769736
0.167158	0.313941
0.590844	0.334976
0.199749	0.228628
-0.158754	0.080025
-0.951808	-0.316593
-0.169618	-0.43841
0.188886	-0.573027
1.03626	0.388832
-0.712805	-0.897998
-0.84317	0.261054
1.43822	0.393648
3.18728	0.575925
0.634299	0.239796
4.3497	0.673561
-1.00613	-1.06284
-0.712805	-0.104709
-0.452075	-0.510911
0.319251	-0.312652
-0.93008	-0.360304
4.15415	0.668152
-0.908353	-0.308848
1.16662	0.563986
-0.40862	0.680641
-0.419484	-0.179859
1.10144	0.400919
-0.517258	-0.325705
1.9814	0.345465
-0.734533	-0.343095
-0.723669	-0.0150065
1.02539	-0.00778764
2.42682	0.57179
3.54578	0.837249
-0.854034	-0.202114
-0.58244	0.309402
-0.701941	0.0470005
0.156294	0.592314
-0.191345	0.178401
0.112839	-0.408647
-0.104436	0.434518
-0.386893	0.0186793
0.547389	0.47451
-0.528122	0.141499
-0.419484	0.353742
0.49307	0.510808
-0.799715	0.0127099
0.84071	0.0566666
4.1107	0.600874
-0.32171	0.476232
-0.821443	-0.975428
0.92762	-0.0362556
-0.951808	0.0799587
0.829847	-0.233271
-0.32171	-0.0389745
0.677754	0.372476
-0.354302	0.505749
-0.039253	0.662768
-0.40862	-0.412153
-0.419484	-0.35242
-0.310847	-0.0742107
-0.93008	-0.155883
0.742937	0.463998
0.590844	0.105266
-0.691078	0.500488
1.05799	0.512592
-0.158754	-0.00333007
-0.376029	0.492545
-0.919216	0.292258
-0.256528	0.263743
2.26386	0.576511
-0.126163	0.35104
-0.832306	0.198326
-0.0935718	-0.364891
-0.00666181	0.555668
-0.039253	0.441573
-0.245664	0.443667
0.721209	0.712516
-0.40862	-0.170405
3.15469	0.664637
-0.58244	-0.313544
-0.528122	-0.276665
-0.864898	-0.0767564
0.916757	0.0628372
1.9814	0.226248
2.30732	0.567353
-0.658487	0.291161
-0.701941	0.39478
1.45994	0.783701
-0.560713	0.333107
0.514798	0.613332
-0.647623	0.173327
-0.245664	-0.0770806
-0.984399	-1.01128
-0.604168	-0.436241
0.373569	-0.438852
0.558253	0.481995
-0.919216	-0.108279
-0.343438	-0.0866545
1.93795	0.768838
-0.951808	-0.398347
-0.745396	0.244749
-0.962671	0.126419
-0.93008	-0.713535
3.66528	0.594203
-0.32171	-0.141268
0.330114	0.196101
-0.93008	-1.64556
-0.897489	-0.914683
-0.137027	0.0276916
-0.75626	0.224619
-0.658487	0.0395112
0.243204	0.3193
-0.386893	-0.324815
0.0585207	0.283764
0.0585207	0.186254
-0.473803	0.0404574
0.406161	-0.063911
2.1009	0.578283
-0.854034	-0.356761
-0.875761	-0.083055
0.677754	0.398607
-0.452075	0.4295
1.15576	-0.0289298
-0.908353	-0.74964
2.86137	0.441722
-0.66935	-0.174993
-0.32171	-0.0403516
-0.528122	-0.00323497
-0.962671	-0.943969
1.49254	0.0120863
-0.962671	-0.619189
-0.223937	0.337504
1.89449	0.363997
-0.299983	0.0106332
-0.734533	-0.628974
-0.593304	0.493181
-0.528122	0.478425
-0.615032	-0.866057
0.905893	0.198016
-0.701941	-0.724919
-0.723669	0.615691
1.32958	0.47937
-0.169618	-0.236796
-0.951808	-0.26323
1.51426	0.358941
0.340978	0.677558
0.0693844	-0.584339
-0.104436	-0.321603
1.51426	0.600969
-0.66935	0.435458
-0.14789	0.375969
-0.462939	-1.54027
-0.00666181	0.0322902
0.0802482	0.398575
-0.473803	-0.505796
-0.93008	0.312328
-0.615032	0.0489298
0.677754	0.301701
-0.745396	-0.147069
1.30785	0.484512
0.732073	-0.166573
1.22094	0.525766
-0.864898	0.0935219
1.93795	-0.198095
-0.473803	-0.110102
-0.473803	0.0637627
-0.701941	-0.187301
0.0911119	0.319281
1.36217	0.306146
2.01399	0.395709
-0.538985	0.350354
-0.180482	0.0382055
1.47081	0.432017
-0.213073	0.213106
-0.386893	0.252546
0.981939	0.447783
0.134567	0.360983
0.721209	-0.236366
-0.299983	-0.0860567
-0.75626	0.163469
-0.908353	-0.520248
-0.267392	-0.582229
-0.00666181	0.524635
-0.777988	-0.649214
-0.75626	0.76672
0.362706	-0.376946
-0.995263	-0.467355
1.75326	0.470627
0.656027	-0.191933
0.384433	-0.132102
-0.180482	0.249563
-0.386893	0.561961
-0.49553	-0.298062
0.123703	0.488245
-0.854034	-1.15981
0.417024	-0.189941
3.2416	0.467633
-0.864898	-0.845824
-0.397757	0.0919512
3.20901	0.690568
0.340978	0.592081
-0.419484	0.184595
0.514798	0.184319
0.395297	-0.114651
0.123703	0.395836
0.862438	0.434239
0.199749	0.0365154
-0.397757	0.211123
-0.940944	-1.30153
-0.245664	0.0103828
0.0367932	0.270684
-0.126163	-0.273092
-0.365165	0.218751
-1.00613	-0.72366
-0.658487	-0.147889
0.330114	0.418469
0.0911119	0.0819775
0.373569	0.0622397
-0.158754	-0.144849
-0.875761	-0.549398
0.134567	-0.143287
0.0476569	-0.092071
-1.00613	-1.1535
-0.767124	-0.475422
-0.886625	-0.791334
-0.386893	0.226662
0.210613	0.580113
0.57998	0.526933
-0.864898	-0.160042
-0.897489	-0.933763
-0.799715	-1.02848
-0.799715	-0.094815
0.569117	0.553543
0.406161	0.0398674
0.547389	0.424102
-0.951808	-0.513749
0.449616	-0.179396
-0.0718443	0.347968
-1.00613	-0.435443
1.07971	0.613793
-0.571577	0.447136
0.308387	0.351156
0.536525	0.671511
-0.40862	0.391658
0.112839	-0.568596
-0.962671	-1.06591
0.699482	0.69305
-0.310847	0.429298
-0.734533	0.0152982
-0.082708	0.163588
4.01292	0.497953
-0.082708	0.298463
0.275796	0.19714
1.2644	0.23351
-0.0718443	0.436218
-0.473803	0.119232
0.0476569	0.0488496
-0.00666181	0.452961
-0.864898	-0.364446
-0.462939	-0.480885
0.0150657	-0.0158666
0.699482	0.274874
0.916757	0.164245
0.406161	0.375347
0.710345	-0.28813
-0.484667	-0.149076
0.156294	0.159918
-0.951808	-0.351072
0.851574	0.67099
-0.549849	-0.241447
0.0150657	-0.569858
-0.452075	-0.474619
1.73154	0.741445
-0.452075	0.20739
-0.886625	0.51137
-0.560713	-0.429815
2.20954	0.0876492
0.503934	-0.0567127
2.98087	0.735731
0.417024	0.27375
0.00420194	-0.32759
-0.799715	-0.499573
-0.984399	-0.65637
-0.897489	-0.636474
1.05799	0.351637
2.14436	0.420694
0.297523	0.538552
-0.886625	-0.595178
0.0693844	0.507098
0.558253	0.444612
-0.723669	-0.0566538
1.68808	0.519265
0.699482	0.327893
-0.962671	-0.551005
0.84071	0.354905
-0.940944	-0.891359
-0.854034	0.279094
0.112839	0.432829
-0.082708	0.388577
-0.701941	-0.630305
-0.832306	-0.00308261
-0.734533	-0.394018
2.17695	0.62703
-0.897489	0.217471
-0.0935718	-0.236487
-0.191345	0.124668
0.503934	0.0902154
-0.712805	0.497735
-0.647623	0.239489
0.406161	0.340164
-0.332574	-0.273802
1.65549	0.289745
0.851574	0.7171
-0.615032	0.111007
1.9814	0.452699
-0.908353	-0.750073
0.449616	0.615379
-0.973535	0.359333
-0.723669	-0.305331
-0.777988	0.43334
-0.712805	0.365392
-0.810579	-0.778692
-0.854034	-0.636893
-0.49553	0.375686
-0.973535	-0.769361
1.22094	0.0906786
0.188886	0.237491
0.49307	0.128646
1.75326	0.621359
-0.636759	-0.191538
3.62183	0.382758
0.275796	0.490702
-0.213073	-0.0205437
-0.2348	0.35399
0.254068	0.803469
-0.951808	-0.806099
0.57998	0.176734
-0.452075	0.155625
-0.995263	-1.51416
-0.886625	-1.0062
-0.940944	-0.486613
-0.691078	-0.402309
-0.115299	0.0664189
-0.571577	-0.559567
-0.0283893	0.231492
-0.636759	-0.822413
-0.984399	-0.29732
-0.0718443	0.0217593
0.340978	0.00815597
-0.560713	0.110165
-0.0609805	-0.113131
1.7424	0.125777
-0.75626	-0.220251
-0.984399	-0.636022
-0.365165	-0.633
0.916757	0.22086
1.61204	0.399943
0.362706	0.373745
0.395297	0.100241
1.15576	0.621379
-0.919216	-0.558024
0.525662	-0.334304
-0.430348	0.405564
-0.962671	-0.953366
1.22094	0.316214
-0.115299	0.0289353
1.00367	0.173101
3.14382	0.336208
1.13403	0.276864
-0.788851	-0.762656
0.0150657	-0.533795
-0.864898	-0.62688
0.547389	0.37674
-0.593304	-0.779419
0.471343	0.28132
1.1123	-0.0214074
-0.701941	-0.0711079
-0.082708	0.413282
2.6115	0.161638
-0.767124	0.0203773
-0.973535	-0.250681
-0.832306	-1.04142
0.482207	0.149259
2.00313	-0.0726254
-0.299983	0.494089
-0.386893	0.196308
-0.984399	-0.93368
-0.897489	-0.719555
-0.75626	-0.152213
-0.84317	0.537904
0.340978	0.400194
0.829847	0.00103737
3.39369	0.482375
3.30678	0.386035
-0.191345	-0.00375455
0.634299	0.0148677
-0.386893	-0.301105
3.0026	0.355178
-0.84317	0.10041
-0.810579	-0.685687
0.786392	0.654801
-0.386893	-0.00234186
-0.636759	0.0634036
1.42735	0.0994178
0.330114	-0.513429
0.134567	0.169829
3.69788	0.482983
-0.886625	-0.1315
-0.604168	-0.393046
0.427888	0.123223
0.134567	-0.313221
0.677754	0.694081
-0.354302	0.100833
-0.180482	-0.167577
1.85104	0.45463
-0.430348	0.621961
0.634299	0.504696
0.438752	0.367644
-0.832306	-0.505789
1.37303	-0.272444
1.02539	0.51004
-0.788851	-1.63675
-0.897489	-0.460148
0.0693844	-0.207449
-0.256528	0.549342
0.786392	0.593477
1.24267	0.215266
-0.810579	-0.297457
-0.245664	0.270867
0.0259294	0.0809902
0.427888	0.0473539
-0.191345	0.409237
-0.604168	0.129483
-0.137027	0.386761
-0.506394	0.236269
-0.00666181	0.373709
-0.180482	0.385304
-0.604168	-0.700398
-0.691078	-0.03849
-0.452075	-0.426095
0.101976	0.61744
-0.202209	0.115918
0.569117	0.203967
-0.940944	-1.10009
-1.02785	0.295836
-0.32171	-0.29555
-0.995263	-0.198307
-0.0501168	0.157001
0.406161	0.0570887
-0.49553	0.0179599
0.210613	0.524329
-0.0935718	0.700823
-0.289119	0.422481
-0.2348	0.392832
-0.517258	0.420102
-0.821443	0.00795759
-0.137027	0.168306
-0.473803	0.115967
2.32904	0.542864
-0.169618	0.0870675
0.308387	0.449865
0.49307	0.405203
0.438752	0.289953
-0.593304	0.398604
-0.452075	0.181326
0.775528	0.0543175
-0.419484	0.495213
-0.821443	0.40291
-0.875761	-0.598753
-0.701941	0.622682
-0.854034	-0.983635
2.44854	0.0800551
-0.93008	-0.275917
-0.864898	-0.303193
-0.767124	0.388964
-0.984399	-0.448534
-0.549849	-0.196728
-0.452075	0.323106
-0.00666181	-0.345588
-0.397757	-0.47941
-0.636759	-0.299168
-0.712805	0.0620964
-0.908353	-0.660691
0.590844	-0.425163
-0.549849	-1.42656
0.916757	0.218459
0.243204	0.350244
-1.00613	-0.559038
-0.919216	-0.358747
-0.93008	-0.570656
-0.854034	0.404246
-0.462939	0.310629
-0.158754	-0.00458385
-0.517258	0.0035127
-0.0935718	0.431572
-0.712805	-0.428219
-0.897489	-0.290655
-0.636759	-0.189846
-0.365165	-0.248233
0.199749	-0.00675148
-0.723669	-0.0725575
-0.278255	0.155012
-0.75626	-0.275087
0.786392	0.270249
-0.712805	-0.283457
0.330114	0.656311
0.395297	0.104661
-0.560713	-0.349607
-0.039253	-0.0945903
-0.571577	0.214028
-0.897489	-0.724884
-0.636759	-0.360965
-0.919216	-1.02162
1.15576	0.337343
0.232341	0.277089
0.351842	0.622642
0.210613	0.0629965
-0.897489	-0.452102
-0.777988	-0.0355485
-0.745396	-0.880874
-0.082708	0.280715
-0.58244	-0.833948
0.656027	0.611398
2.05745	0.357806
-0.854034	-0.102044
-0.701941	-0.64454
-0.484667	-0.146109
-0.810579	-0.813458
0.0150657	0.552167
-0.908353	-0.14752
-0.354302	0.0375788
0.123703	-0.656669
-0.180482	-0.59749
1.70981	0.500845
-0.951808	-0.949271
-0.082708	-0.163484
-0.0718443	0.369412
3.23073	0.497241
0.482207	0.0351
0.101976	-0.0817119
1.73154	0.291644
0.645163	0.193741
-0.223937	0.194658
-0.723669	-0.844919
4.08897	0.602583
-0.919216	-1.16557
1.21008	-0.127075
-0.886625	-0.519394
-0.951808	-0.568678
0.319251	0.379165
0.851574	0.590832
-0.788851	0.191406
-0.213073	-0.647304
-0.701941	-0.726036
-0.767124	0.488501
2.56805	0.511599
0.851574	-0.0857076
-0.462939	-0.405277
-0.897489	-1.14417
1.16662	0.0482618
1.43822	1.08237
2.80705	0.204854
-0.538985	-1.10084
-0.66935	-0.191241
0.221477	0.4513
-0.137027	-0.0917966
-0.919216	-0.697314
0.66689	0.281352
-0.473803	-0.215745
0.66689	-0.232947
-0.712805	0.570896
-0.213073	-0.471404
-1.00613	-0.585351
1.68808	0.631902
1.29699	0.44887
1.45994	0.549379
-0.278255	-0.623968
-0.788851	-0.100342
0.7538	-0.0782177
1.67722	-0.668789
0.308387	-0.170741
0.547389	0.0316599
2.94828	0.217377
-0.701941	-0.185653
0.438752	0.478026
-0.14789	0.0416937
0.775528	-0.807189
0.460479	0.0701287
-0.93008	-1.52735
-0.0935718	0.180169
0.395297	0.202177
0.134567	0.153487
-0.701941	0.250934
-0.560713	0.403526
-0.84317	-0.771858
-0.452075	0.491129
-0.995263	0.322385
1.3839	0.459227
-0.701941	0.245591
-0.745396	0.429189
1.29699	0.298845
0.949348	0.307367
2.07918	0.44445
2.731	0.317118
-0.126163	-0.0923851
-0.647623	0.239489
-0.864898	-0.690695
-0.940944	0.410495
-0.397757	-0.0552043
0.829847	0.0383126
-0.538985	-1.00461
-0.864898	-0.31599
-1.00613	0.366137
-0.636759	-0.459808
0.92762	0.471235
-0.951808	-0.0106384
-0.75626	-0.472481
-0.897489	-0.511468
0.134567	0.0231802
-0.32171	-0.473815
-0.864898	0.58281
-1.00613	-0.627675
-0.821443	0.583893
-0.788851	-0.821653
-0.951808	-0.163369
-0.126163	-0.314403
-0.0718443	-0.310506
1.99227	0.360875
-0.376029	-0.232224
1.1123	-0.0964974
0.0693844	-0.232773
-0.919216	0.224052
-0.615032	-0.263446
0.732073	0.254903
-0.256528	0.0252138
-0.973535	-0.249963
1.02539	0.451505
1.19921	0.275282
-0.908353	0.212729
0.264932	0.588566
0.471343	0.223472
-0.995263	-1.18143
-0.962671	-0.204192
-0.897489	-0.336906
0.286659	0.407042
-0.777988	-0.924063
0.319251	0.439545
-0.745396	0.051312
-0.397757	-0.00553386
1.5034	0.296981
-0.995263	0.51627
1.9814	0.346126
-0.875761	0.00657498
-0.538985	-0.0486347
-0.452075	-0.53764
0.601708	0.461534
-0.940944	-0.630172
-0.908353	-0.866938
1.1123	0.16037
-0.951808	-1.21806
-0.875761	0.103196
-0.951808	-0.420506
-0.810579	-0.101894
-0.419484	-0.161621
0.0367932	0.311251
0.92762	-0.316085
1.00367	-0.00415877
-0.256528	0.737453
-0.213073	-0.108425
-0.571577	0.0218267
-0.66935	-0.209692
-0.777988	0.489308
-0.560713	-0.230244
-0.734533	0.563361
-0.191345	0.453646
-0.951808	0.360799
-0.93008	-1.22939
0.460479	0.214111
-0.104436	-0.170169
0.00420194	0.392263
-0.289119	0.638117
-0.462939	0.0439662
-0.951808	-1.05593
1.10144	0.517045
-0.0501168	0.146733
0.721209	0.712516
-0.940944	-0.0593566
2.22041	0.275265
0.732073	-0.621581
-0.940944	-0.0101268
-0.267392	0.00919356
-0.104436	0.273377
-0.940944	-0.515594
-0.0935718	0.163157
-0.419484	-0.144467
-0.267392	0.452617
-0.191345	0.257299
2.60064	0.374178
-1.01699	-0.339938
-0.2348	0.169612
-0.897489	-0.225271
-0.854034	-0.105392
-0.517258	-0.342572
0.57998	0.41176
0.66689	-0.6414
1.17749	0.176841
1.57945	0.491983
-0.560713	0.0112958
0.0476569	-0.0406711
-0.821443	0.699308
0.721209	-0.00848743
-0.962671	0.229831
0.938484	0.337098
0.742937	0.043434
0.319251	0.571819
-0.908353	-0.88867
-0.723669	-0.0506346
0.0367932	0.398984
-0.984399	-0.310894
-0.854034	0.174001
-0.962671	-1.08954
0.482207	0.196961
0.84071	0.454271
-0.571577	-1.90733
1.06885	0.500826
-0.897489	-0.36948
-0.267392	-0.48924
1.87277	-0.163233
1.29699	0.332384
0.134567	0.389632
-0.137027	-0.380783
-0.908353	-0.22142
0.786392	0.3681
-0.864898	-0.122778
-0.691078	0.412619
-0.419484	-0.524115
-0.625895	-0.627525
3.30678	0.392315
-0.506394	0.406969
1.24267	0.293858
0.623435	-0.153323
-0.484667	0.387835
-0.810579	0.338961
-0.908353	-0.600907
-0.289119	-0.0421332
-0.658487	-0.0674141
0.264932	-0.0977636
-0.973535	0.472516
-0.419484	0.339022
-0.625895	0.664151
-0.180482	-0.584254
-0.832306	0.00655173
-0.191345	-0.0301506
0.254068	0.480911
-0.40862	-0.333483
2.29645	0.0508918
-0.615032	0.52067
-1.02785	-1.24101
1.05799	0.369521
0.949348	0.0354187
0.167158	-0.615302
0.264932	0.253357
0.645163	-0.685693
0.460479	0.0281654
-0.00666181	-0.221726
0.243204	0.0232554
-0.615032	-0.169737
-0.962671	-1.09841
-0.082708	0.345231
2.86137	0.586154
1.89449	0.383514
-0.180482	0.283085
0.862438	0.721035
0.330114	0.0356523
-0.604168	-0.644714
-0.49553	0.0683626
-0.897489	-0.567053
-0.962671	-0.366659
0.232341	-0.473307
-0.191345	0.0149199
1.56858	0.142318
0.558253	0.481401
-0.528122	0.559677
-0.32171	-0.116883
0.406161	-0.720354
-0.473803	0.373923
-0.788851	0.406519
0.178022	0.431546
-0.821443	-0.0487498
-0.604168	-0.493187
-0.625895	-0.48493
-0.908353	-0.477302
-0.0718443	-0.00537195
-0.832306	-0.610242
-0.039253	-0.507062
-0.506394	0.526742
-0.191345	-0.160567
-0.604168	0.466108
-0.908353	-0.279061
-0.289119	-0.404517
-0.604168	0.253616
-0.919216	-0.0984342
-0.256528	-0.0433973
1.21008	0.111946
-0.593304	0.630067
-0.788851	-0.815274
-0.082708	0.318634
-0.506394	-0.136799
-0.158754	0.526826
-0.376029	-0.0361064
-0.767124	0.541466
0.0585207	0.11153
-0.832306	-0.3601
-0.875761	-0.783079
0.406161	-0.241928
1.19921	0.731445
0.167158	0.377205
2.47027	0.118796
-0.886625	-0.102503
4.37143	0.462409
0.656027	0.39523
-0.310847	0.204407
-0.854034	-0.392092
-0.538985	-0.0486347
0.0476569	-0.0418711
-0.397757	0.267163
1.54685	0.304274
1.25353	0.177155
-0.49553	0.375686
-0.0283893	0.47322
-0.908353	0.0550342
1.27526	0.504302
-0.49553	0.448948
0.971075	-0.399035
-0.354302	-0.0215715
-0.430348	-0.0305659
-0.886625	-1.08636
0.406161	-0.0691861
2.44854	0.236132
-0.84317	-0.459235
0.601708	-0.00429601
-1.00613	-0.156219
-0.386893	0.516611
-0.299983	-0.00898543
-0.40862	-1.08258
-0.940944	-1.3986
-0.940944	-0.31988
-0.289119	-0.00216113
-0.788851	0.10724
1.89449	0.134949
-0.419484	-0.300951
-0.951808	0.174874
-0.951808	-0.451029
-0.397757	-0.181118
-0.93008	-0.523536
-0.962671	0.237552
-0.951808	-0.420637
-0.777988	0.10489
-0.734533	-0.412872
0.0259294	0.465209
-0.832306	0.404512
0.862438	0.711571
-0.126163	-0.249096
0.134567	0.441328
-0.571577	0.726684
1.89449	0.406496
-0.289119	0.186429
1.16662	0.429272
-0.332574	0.401674
-0.723669	-0.894418
-0.810579	0.0816984
-1.01699	-0.162445
2.6115	0.288729
-0.636759	-0.348288
1.39476	-0.798401
0.178022	0.202877
-0.908353	-0.67502
-0.517258	-0.410388
0.145431	0.441165
-0.940944	-0.495213
0.677754	0.067058
1.04712	0.397725
0.340978	0.391748
0.0802482	0.068009
-0.973535	-0.517771
-0.430348	-0.216154
-0.365165	-0.762164
1.29699	0.44887
-0.115299	0.637059
0.134567	0.822723
-1.02785	-0.877905
0.0150657	0.214854
-0.40862	-0.176877
-0.40862	-0.230575
-0.875761	-0.452445
-1.02785	0.26398
-0.723669	-0.360811
0.145431	0.254585
1.61204	0.101059
-0.549849	-0.108989
-0.93008	-0.886901
0.0367932	0.33862
-0.386893	-0.158416
0.362706	-0.0153604
1.5034	0.158736
-0.680214	0.443871
-0.571577	-0.259039
-0.14789	0.462856
-1.01699	-0.162445
0.818983	0.758205
0.818983	0.490761
-0.875761	-0.186858
-0.560713	0.355115
1.52513	-0.222671
1.91622	0.270314
-0.0175256	-0.433491
-0.549849	-0.108989
-0.723669	-1.15239
-0.452075	0.258627
-0.0718443	0.249624
-0.625895	0.284048
-0.864898	0.21809
-0.984399	-0.380431
-0.734533	-0.165057
0.112839	-0.0845634
-0.940944	-0.176014
0.427888	-0.125845
-0.58244	0.540315
-0.745396	-0.870977
0.373569	0.109631
0.0802482	0.336728
-0.14789	0.237769
-0.430348	0.448646
-0.2348	0.466001
0.210613	0.374856
-0.854034	-0.606091
-0.213073	-0.264602
-0.93008	0.0307081
-0.951808	-0.461444
1.21008	0.781195
0.00420194	-0.136631
-0.93008	-0.0809827
-0.593304	0.356127
1.60117	-0.0153663
-0.93008	0.23758
0.57998	0.0518002
0.818983	0.144695
-0.180482	0.404152
0.57998	-0.327501
-0.951808	-0.362305
0.536525	0.9704
1.49254	0.408131
-0.137027	0.075992
0.221477	0.763524
-0.310847	-0.218638
-0.680214	-0.490075
-0.0935718	0.209534
0.362706	0.698899
0.232341	-0.456075
-0.354302	-0.12257
-0.832306	-0.613848
0.308387	0.301172
0.710345	0.424501
-0.75626	0.335058
0.340978	0.61036
-0.734533	-0.0677364
1.9814	0.230899
-0.386893	-0.632877
0.427888	0.514605
-0.310847	0.353719
0.0693844	0.138531
-0.615032	0.0779289
-0.386893	-0.118295
-0.886625	0.0552331
-0.223937	0.590905
-0.386893	-0.548748
0.547389	0.0316599
-0.2348	-0.11084
-0.267392	-1.03633
-0.832306	0.0239094
-0.940944	-0.72474
-0.658487	0.337672
-0.397757	-0.644758
-0.615032	0.438037
0.634299	-0.59572
0.199749	0.07779
0.264932	-0.155624
1.32958	0.324666
0.612572	-0.040765
2.83964	0.0793626
-0.745396	-0.778504
0.688618	0.144148
-0.810579	0.389896
-0.625895	0.257123
0.818983	0.490761
-0.158754	0.27798
1.12317	0.0711601
-0.267392	-0.0345927
-0.788851	-0.725704
-0.0935718	0.563641
-0.832306	0.359747
1.23181	0.170116
-0.473803	0.665507
-0.560713	0.222463
-0.875761	-0.793347
0.373569	0.294729
0.112839	-0.179572
-0.517258	-0.57168
0.0693844	-1.03632
-0.767124	-0.406515
-0.75626	-0.306622
-0.777988	0.0599949
-0.386893	0.491746
-0.267392	0.451599
0.0367932	0.291307
-0.767124	0.442487
-0.49553	0.161748
0.49307	0.553178
-0.951808	0.0935713
3.05691	0.228322
-0.691078	0.32218
-0.310847	-0.0688246
-0.299983	0.309974
0.232341	0.155839
0.427888	0.725205
0.92762	0.356385
2.99173	0.60363
0.330114	-0.0518099
-0.788851	-0.0321507
-0.647623	-0.493135
0.558253	-0.164019
-0.886625	-0.295621
-0.897489	-0.478428
-0.604168	-0.698356
1.34044	0.410651
-0.658487	0.290557
3.39369	0.647525
-0.680214	-0.454986
-1.00613	-0.156219
-1.01699	-0.336317
-0.430348	-0.0888064
-0.940944	-1.67173
-0.137027	0.2389
-0.58244	-0.246704
-0.908353	-0.31829
0.167158	0.242614
-0.897489	-0.186976
1.36217	0.522075
1.28612	0.581711
-0.386893	0.0708001
0.101976	0.486869
2.52459	0.282985
-0.788851	0.215562
-0.158754	0.16551
-0.897489	-0.305629
0.569117	0.495347
-0.0501168	0.0278686
0.417024	0.241621
0.286659	0.592028
2.04659	0.486027
-0.995263	0.0392716
0.0259294	0.159282
1.16662	0.694211
-0.810579	-0.595432
-0.93008	0.551335
0.0259294	0.26868
1.79672	0.429438
0.0585207	0.417122
1.36217	0.0428503
0.362706	0.549616
-0.615032	-0.466495
-0.788851	-0.55423
-0.245664	0.323235
-0.538985	0.218758
0.167158	-0.150216
0.0367932	0.244349
-0.832306	-0.135271
-0.40862	-0.625584
0.297523	0.249962
-0.984399	0.0475173
0.188886	0.420123
-0.93008	0.245321
1.94881	0.392772
-0.680214	0.340773
-0.723669	-0.179919
0.590844	0.110405
-0.66935	0.371186
-0.104436	0.108576
-0.636759	-0.252392
0.373569	0.294729
0.286659	0.0680695
-0.0718443	-0.0481477
3.19814	0.604283
-1.04958	-0.746475
-0.517258	0.131634
-0.452075	-0.374897
1.91622	0.472791
3.06778	0.461263
0.0150657	-0.104435
0.818983	-0.244106
1.07971	0.0624881
-0.821443	0.208182
-0.788851	-0.238259
-0.75626	0.556727
-0.278255	-0.45767
-0.897489	-0.340712
1.36217	0.227875
-0.14789	-0.462397
-0.289119	-0.174312
-0.289119	0.264714
-0.0609805	-0.0605974
-0.223937	0.257771
-0.84317	0.242628
-0.0283893	0.459153
-0.75626	-0.342076
0.66689	0.419825
-0.810579	0.229444
1.88363	0.209848
1.39476	0.285491
-0.441212	0.484339
-0.441212	0.362036
1.05799	-0.173755
-0.908353	-0.412287
2.03572	0.352845
0.938484	0.489336
0.0259294	0.302334
-0.636759	-0.381648
-0.93008	-0.183256
-0.854034	-0.660614
-0.538985	-0.0899713
-0.452075	0.23104
-0.484667	0.389171
0.0367932	-0.382355
0.0693844	0.333901
3.21987	0.570955
0.49307	-0.434885
-0.517258	0.438735
0.319251	0.545626
-1.03872	-0.853657
1.10144	0.699731
-0.452075	0.123961
-0.93008	-0.781986
-0.810579	0.207047
0.0693844	0.231147
-0.560713	0.186441
-0.49553	-0.247434
-0.951808	0.1088
-0.343438	-0.0412523
-0.995263	-0.658582
0.0367932	0.187237
2.38336	0.559972
-0.473803	0.517409
0.634299	-0.175278
-0.680214	-0.00518545
-0.734533	-0.328133
0.0259294	0.562641
-0.191345	0.546439
-0.571577	-0.120084
-0.560713	-0.601782
-0.995263	-0.74405
-0.256528	-0.262791
-0.223937	0.360966
-0.832306	0.520008
0.775528	0.273956
0.308387	-0.11794
-0.875761	-0.0750134
-0.897489	-0.951944
-0.647623	-0.217194
-0.191345	0.327312
-0.973535	-0.694867
-0.462939	-0.0587671
-0.169618	0.397793
-0.462939	-0.717111
-0.864898	-0.720252
-0.647623	0.24551
-0.0718443	-0.273495
1.61204	0.783544
0.0911119	0.469259
0.123703	0.323248
-0.745396	0.968426
-0.84317	-0.119974
-0.864898	-0.262446
-0.2348	-0.109777
-0.680214	0.229445
-0.636759	0.14383
-0.821443	0.490809
-0.951808	-0.595586
-0.0935718	-0.532117
-0.810579	0.0806592
4.03465	0.463973
-0.528122	0.141217
-0.615032	-0.277856
-0.973535	-0.38521
-0.0935718	0.0620876
-0.66935	-0.245016
0.134567	-0.144566
0.319251	0.304298
-0.875761	-0.335433
-0.897489	-0.835622
-0.0935718	0.302643
2.02486	0.111681
-0.66935	0.443261
0.188886	0.27527
-0.604168	0.33133
0.786392	0.254653
1.48167	0.246818
-0.984399	0.242883
-0.40862	0.151027
0.0476569	0.082863
0.710345	0.402551
0.558253	0.481401
-0.58244	0.0463134
-0.908353	-0.544644
0.460479	0.28015
0.0476569	0.398122
0.905893	-0.142467
2.17695	0.15497
-0.180482	0.062985
0.0693844	0.604149
3.01346	0.566951
-0.777988	-0.463758
-0.386893	-0.16995
-0.191345	-0.132375
-0.84317	-1.60982
-0.365165	0.0867867
0.319251	0.232353
-0.93008	-1.43067
0.862438	0.169752
-0.93008	-0.160648
-0.93008	0.266264
-0.93008	-0.428434
0.134567	-0.600795
0.221477	0.515874
-1.00613	-0.708412
-0.712805	-0.6168
1.80758	-0.294477
1.57945	0.510556
-0.560713	0.110165
-0.354302	-0.621418
-0.278255	0.335782
0.340978	0.00815597
2.64409	0.339061
-0.951808	-0.240543
-0.973535	-0.53191
1.05799	0.428712
-0.386893	-0.270278
0.0585207	-0.423048
-0.66935	-0.300373
-0.875761	-0.159015
-0.995263	-0.80872
0.0693844	0.341592
3.03519	0.78564
-0.419484	-1.17625
1.64463	0.766466
-0.158754	-0.594709
-0.137027	-0.379741
-0.777988	0.348923
2.27472	0.377389
0.134567	0.811162
-0.58244	0.027855
-0.430348	-0.272546
-0.767124	-1.09255
0.330114	0.409846
-0.897489	-1.00352
-0.810579	-0.733781
-0.940944	-1.10971
0.645163	-0.0725649
-0.191345	0.136336
-0.777988	-1.03195
0.558253	0.0813604
-0.886625	-0.193432
2.17695	0.587662
0.590844	0.355062
-0.962671	-0.499333
0.677754	0.389921
-0.919216	-1.19184
-0.560713	0.355115
-0.0718443	-0.203817
0.134567	0.295198
-0.84317	0.327274
-0.973535	-0.687412
-0.528122	0.232663
-0.832306	-0.425578
0.699482	-0.403768
-0.376029	0.348166
-0.973535	0.0306974
-0.289119	0.767411
0.00420194	0.171473
2.68755	0.599484
0.449616	0.166718
0.7538	0.190638
-0.940944	-0.809055
-0.538985	0.277859
-0.365165	-0.0572275
2.99173	0.520154
-0.810579	-0.138329
-0.538985	0.016017
0.829847	0.478598
0.710345	0.403265
-0.788851	-0.596386
-0.680214	-0.753586
-0.419484	-0.679267
-0.473803	0.288569
-0.799715	-0.166848
-0.973535	-0.732467
-0.962671	-0.342703
-0.886625	-1.03935
-0.875761	-1.06342
-0.777988	-0.163671
0.981939	0.345897
1.23181	0.170116
-0.0935718	0.42683
0.612572	0.376506
-0.441212	-0.52662
-0.886625	-0.0951462
0.688618	0.103381
0.7538	-0.293648
-0.310847	0.224129
3.33937	0.340505
-0.908353	-0.491638
0.656027	0.0299265
-0.973535	-1.0261
1.85104	0.441736
-0.984399	0.206171
-0.115299	0.0385644
2.42682	0.705124
0.254068	0.635065
0.460479	0.159836
-0.897489	-0.249333
-0.506394	0.0688116
-0.951808	0.321632
0.297523	0.202253
-0.897489	-1.14913
-0.810579	0.389896
-0.278255	0.321224
0.221477	-0.111173
-0.517258	-0.410388
-0.93008	-0.418231
-0.289119	-0.0299231
-0.723669	-0.0766894
-0.962671	-0.71152
-0.897489	-0.547
0.210613	0.122185
0.851574	0.312191
-0.940944	-0.0140926
-0.2348	-0.60799
-0.289119	0.33585
-0.788851	-0.680704
-0.636759	-0.4954
-0.202209	0.386609
-0.93008	0.372878
-0.0283893	0.242912
-0.343438	0.538779
-0.984399	-0.504513
-0.462939	0.569565
3.13296	0.515272
-0.984399	0.475476
3.51319	0.626581
-0.810579	-0.155325
1.49254	0.170808
1.73154	0.741445
0.0693844	0.420332
-0.908353	-0.628226
-0.995263	-0.319912
-0.506394	-0.211042
-1.01699	-0.485623
-0.49553	0.0708216
-0.951808	-0.336155
1.32958	-0.00577276
-0.864898	0.462932
-0.180482	-0.730743
0.0693844	-0.1921
2.77446	0.422071
-0.908353	-0.466788
-1.00613	-0.708412
-0.984399	-0.620102
0.0693844	0.322167
-0.886625	-0.600101
-0.32171	0.320637
1.69895	0.51944
-0.0175256	0.51927
-0.897489	0.219738
0.0367932	0.182732
0.0259294	0.424656
-0.984399	-0.652613
-0.441212	-0.107575
-0.115299	0.270293
-0.462939	0.100568
-0.832306	0.132395
1.12317	-0.25265
3.81738	0.550551
-0.745396	0.0102092
0.264932	0.301648
0.264932	0.0707641
2.05745	0.624879
-0.984399	-0.312847
2.41595	0.288255
-0.104436	0.160964
0.536525	0.220619
-0.538985	0.40388
0.406161	0.440498
0.612572	0.136539
-0.691078	-0.368138
-0.951808	-1.01858
-0.788851	-0.482521
3.50233	0.741236
-0.549849	0.674382
-0.289119	-0.679758
-0.919216	-0.153605
-0.854034	0.377718
-0.636759	-0.431701
1.25353	0.217125
-0.0283893	-0.546186
-0.49553	0.0971116
-1.03872	-0.22969
-1.01699	-1.38622
-0.951808	-0.784256
0.0911119	0.434751
-0.549849	0.419337
1.21008	0.0792111
0.123703	0.491838
-0.767124	-0.487692
-0.0501168	-0.182325
-0.039253	-0.0945903
0.00420194	0.556819
0.699482	0.162857
-0.0175256	0.283112
0.145431	0.0348339
-0.832306	-0.29327
0.145431	0.0752533
-0.75626	-0.207839
0.482207	-0.0916195
-0.962671	-0.742836
-0.84317	-0.563836
-0.767124	-0.32058
-0.625895	0.244484
0.590844	0.633858
0.123703	0.220246
-0.256528	0.460904
-0.528122	-0.100427
0.00420194	0.217465
-0.723669	-1.22901
-0.00666181	0.341543
-0.267392	-0.00108662
0.167158	0.26176
-0.0175256	0.188476
-0.951808	-0.417639
0.623435	0.398262
-0.962671	-0.530139
-0.593304	-0.620011
-0.615032	0.108451
0.199749	0.267101
-0.875761	0.00772539
-0.593304	0.304169
2.1335	0.253553
0.742937	0.350745
-0.93008	-0.390275
-0.832306	-0.133466
-0.604168	0.133965
-0.452075	0.170788
-0.14789	0.37034
-0.886625	-0.430613
0.199749	0.0617738
1.47081	0.299522
-0.962671	0.283069
-0.701941	-0.302118
-0.973535	-0.736957
-0.332574	0.450771
-0.788851	0.475856
0.319251	-0.229377
0.395297	0.379238
0.0911119	-0.240748
0.156294	0.388085
-0.615032	-0.015861
-0.799715	0.31448
2.1335	0.653277
-0.93008	0.240066
-0.441212	-0.395712
0.916757	0.440767
-0.864898	-0.532528
0.547389	-0.0507439
-0.647623	-0.211397
1.27526	0.247186
1.5034	0.0918012
-0.593304	0.422652
-0.169618	0.451586
-0.082708	0.358501
-0.799715	-0.0675912
-0.571577	-0.0677276
-0.549849	-0.897499
-0.49553	-0.0862857
0.221477	0.0874207
0.623435	0.21469
-0.962671	0.228802
-0.14789	0.262989
-0.191345	0.09793
-0.2348	0.255157
-0.723669	-0.697056
-0.538985	-0.304269
-0.799715	0.222078
-0.332574	-0.0249854
0.547389	0.184227
1.13403	0.375218
-0.832306	-0.39131
0.57998	0.41176
-0.799715	0.108407
-0.593304	0.444087
-0.680214	0.362515
-0.658487	0.337672
-0.528122	0.0905967
-0.75626	0.334287
-0.441212	0.137025
-0.767124	-0.628638
-0.647623	-0.493135
-0.897489	-0.478428
0.49307	0.246759
0.0802482	0.196026
-0.126163	0.0207117
0.514798	0.354551
2.33991	0.229881
1.97054	0.0928283
-0.701941	-0.187301
-0.593304	0.0154462
-0.213073	0.415984
-0.897489	-0.990654
-0.332574	0.0858196
-0.213073	-0.264602
-0.93008	0.0737302
-0.126163	0.360711
0.0585207	0.358267
-0.0935718	0.0367439
1.90536	0.254496
-0.223937	0.590905
3.40455	0.551539
-0.462939	-0.514328
-0.973535	-0.886799
-0.191345	0.262455
-0.767124	0.56982
-0.517258	0.20357
1.6229	0.327387
3.51319	-0.0606757
0.992803	0.454439
-0.00666181	-0.103094
-0.0175256	0.0307564
1.55772	0.553562
0.764664	0.561798
-0.278255	0.583129
-0.180482	0.447403
1.7424	0.515005
1.10144	0.130417
0.112839	0.396164
-0.908353	-0.8557
1.27526	0.162109
-0.104436	-0.369657
-0.864898	-0.30411
-0.49553	-0.218655
2.02486	0.525749
0.156294	0.391503
-0.940944	-0.304409
-0.267392	-0.185017
1.48167	-0.345705
-0.506394	0.282674
-0.180482	0.220281
-0.082708	0.519593
1.57945	0.306904
-0.430348	-0.0339857
-0.864898	-0.340426
-0.593304	-0.446693
-0.49553	-0.36258
-0.310847	-0.72548
-0.810579	-0.720747
-0.886625	-0.52909
-0.245664	-0.124202
-0.32171	0.23095
-0.66935	-0.483492
0.460479	0.351735
-0.875761	-0.550277
-0.202209	-0.399411
-0.625895	0.437228
3.6001	0.373777
-0.538985	-0.738692
0.286659	0.300928
0.677754	-0.151977
0.905893	0.477847
-0.636759	0.360538
-0.854034	-0.894161
2.64409	0.339061
2.78532	-0.046671
-0.14789	-0.50454
1.7424	0.373529
0.786392	0.0329947
0.0585207	-0.159776
1.30785	0.74666
0.351842	0.173193
1.43822	-0.136211
-0.299983	-0.273928
0.188886	0.148548
1.70981	0.596028
-0.777988	-0.25351
-0.897489	0.392802
0.0259294	-0.154387
-0.571577	0.171834
-0.473803	0.375988
-0.973535	-0.766919
0.264932	0.230174
-0.039253	0.298858
-0.734533	-0.729125
-0.940944	-0.327598
-0.854034	-0.284967
-0.58244	-0.467445
1.23181	-0.085327
-0.75626	0.0861899
2.19868	0.510881
-0.886625	-0.199135
0.308387	-0.49692
1.04712	0.17928
-0.0175256	-0.291849
-0.940944	-1.15523
0.384433	0.304201
0.264932	0.208938
-0.0718443	0.269161
-0.256528	0.00516394
0.0150657	0.533249
1.97054	0.725318
0.199749	-0.631619
0.417024	-0.39884
-0.940944	-0.58885
0.0802482	0.248923
-0.940944	-0.611875
1.48167	0.640254
-0.223937	0.333762
0.362706	-0.204786
-0.115299	0.454834
-0.723669	-0.0789987
-0.788851	-0.0709443
-0.875761	-0.402914
-0.40862	-0.111394
-0.354302	-0.208372
0.938484	0.363658
-0.962671	0.0195268
-0.799715	-0.451039
4.33884	0.621176
-0.506394	-0.172608
-0.397757	0.275569
2.09004	0.223828
-0.680214	-1.0458
-0.137027	0.660733
-0.299983	-0.410492
1.8619	0.230979
-0.767124	-0.556893
-0.636759	-0.530774
1.13403	0.405131
0.569117	0.410091
-0.984399	-1.65881
-0.202209	0.713128
-0.908353	-0.767892
-0.560713	-0.302513
0.0259294	0.454134
-0.245664	0.184783
0.297523	0.301026
-0.886625	-0.950729
-0.484667	-0.144001
-0.832306	-0.06922
0.525662	0.0397091
-0.810579	0.165224
-0.658487	-0.592452
1.18835	0.198028
1.00367	0.293498
0.243204	-0.20003
-0.310847	0.0918201
-0.310847	-0.0648534
1.05799	-0.317462
-0.310847	-0.72548
0.0911119	-0.206593
0.0911119	0.515729
1.54685	0.0256437
0.590844	0.522251
0.525662	0.691048
-0.897489	-0.295763
-0.984399	-0.867769
3.14382	0.0958175
-0.745396	-0.438231
-0.549849	0.493168
-0.169618	-0.568297
-0.875761	0.298128
-0.691078	-0.601087
-0.821443	-0.532124
0.590844	0.578588
-0.0718443	0.249624
-0.039253	0.139173
-0.951808	-0.315241
0.960212	0.259237
-0.202209	0.619604
-0.875761	-0.750512
-0.14789	0.320123
0.710345	0.543457
2.65496	-0.0921543
-0.571577	-0.0488259
-0.636759	0.0577918
-0.919216	-0.527044
-0.082708	0.371183
-0.115299	0.277791
-0.951808	-0.402687
0.00420194	-0.00334391
-0.919216	-0.391317
0.0911119	0.347277
0.123703	0.204309
1.25353	0.538718
-0.256528	-0.120076
0.156294	-0.885849
0.49307	0.131796
-0.832306	-0.21437
1.5034	0.158736
-0.767124	-0.281862
-0.32171	0.217935
2.07918	0.510399
-0.777988	-0.423117
0.232341	0.388131
0.145431	0.447957
-0.984399	0.153568
-0.0609805	0.348306
-0.777988	0.126118
0.112839	0.426893
0.112839	0.682538
0.818983	-0.244106
0.210613	0.324395
-0.484667	0.0715916
1.19921	0.522341
-0.40862	0.344233
-0.854034	-0.35701
-0.93008	-0.377166
-0.777988	-1.01558
-0.777988	0.246794
-0.919216	-0.191384
-0.180482	-0.401606
-0.940944	-0.708983
-0.104436	0.215669
-0.636759	-0.852706
1.13403	0.501418
0.884165	0.354768
-0.647623	0.163182
-0.267392	0.199079
0.167158	-0.0825745
-0.962671	-1.16417
0.503934	0.278895
0.199749	0.468799
2.06831	0.340883
1.16662	0.429272
-0.973535	-0.807935
-0.039253	-0.303044
-0.919216	-0.174541
-0.75626	-0.472481
-0.810579	-0.232435
-0.58244	-0.542776
-0.430348	0.278854
0.558253	0.368819
-0.767124	-0.18324
-0.821443	-0.519417
-0.691078	0.155167
-0.875761	-0.0337216
-0.821443	0.330138
0.254068	0.244182
-0.919216	0.464543
-0.593304	-0.23945
-0.788851	-0.773852
0.243204	0.382713
1.59031	0.568562
-0.908353	0.380878
0.254068	-0.803881
0.764664	-0.180448
-0.386893	0.228661
-0.810579	-0.485303
-0.376029	0.333158
0.123703	0.366751
0.101976	0.207722
0.0693844	0.495801
-0.430348	0.448646
1.21008	0.0396525
0.590844	0.300351
-0.397757	0.118681
0.427888	0.472985
1.40563	0.10279
-0.267392	0.241958
-0.658487	-0.0729953
-0.615032	-0.661714
-0.473803	-1.18263
-0.973535	-0.869318
-0.538985	0.14711
-0.919216	-0.0959702
0.634299	0.21316
-0.40862	0.327165
0.536525	0.169735
-0.310847	0.332388
-0.0175256	0.0238864
-0.93008	-0.256732
0.264932	0.187798
-0.636759	-0.325007
-0.919216	0.344999
-0.213073	0.3618
-0.245664	-0.336262
-0.701941	-0.182393
-0.615032	-0.710939
-0.777988	-0.856968
-0.93008	-0.533339
-0.0283893	0.254595
2.03572	0.206859
-0.452075	-0.555613
-0.908353	-0.59537
-0.788851	0.263327
-0.951808	-1.12205
-1.00613	-1.09432
-0.897489	-0.422456
-0.289119	0.376799
-0.973535	-0.828863
-1.00613	-0.908512
-0.75626	-0.883481
0.308387	0.392412
-0.647623	-0.0764234
-0.082708	-0.430241
-0.376029	-0.609026
-0.376029	0.486402
-0.973535	-0.443245
-0.452075	0.268963
0.710345	-0.230292
-0.571577	0.35134
-0.245664	0.428933
-0.723669	-0.263076
-0.832306	-0.786157
0.188886	0.193771
1.75326	0.367925
-0.995263	0.0105309
-0.430348	-0.753925
-0.680214	-0.820384
1.35131	0.530336
0.340978	0.151973
0.00420194	0.214458
-0.397757	-0.159964
-0.745396	0.32396
0.938484	0.777352
-0.75626	0.107618
-0.245664	0.297562
-0.430348	-0.834875
-0.84317	-0.126461
2.47027	0.447868
-0.604168	-0.248912
1.06885	0.484361
-0.2348	0.283563
3.30678	0.523166
-0.897489	-0.492327
-0.832306	-0.848024
1.16662	0.408144
-0.897489	-0.338331
-0.75626	0.0301026
4.49093	0.360173
1.99227	0.206147
-0.93008	-0.837055
-0.864898	-0.431626
-0.832306	-0.365819
4.20847	0.528421
-0.75626	-0.461998
-0.767124	-0.653914
0.547389	0.5785
0.590844	0.578588
-0.886625	-0.31672
1.49254	0.50711
0.829847	0.00103737
1.64463	0.262895
-0.593304	0.0169786
0.732073	0.457304
0.156294	0.100307
0.297523	0.412511
0.112839	0.0134785
2.23127	0.446699
-0.875761	-0.877952
-0.810579	0.293657
-0.93008	0.245321
-0.169618	-0.0581612
-0.636759	0.403018
-0.223937	0.34595
-0.267392	-0.820901
0.438752	0.344645
2.50286	0.655503
-0.137027	-0.0911036
-0.734533	-0.149655
-0.299983	0.560837
-0.441212	0.012257
-0.604168	-0.0735908
-0.039253	0.51808
-0.419484	-0.186643
0.558253	0.339943
0.536525	0.512059
-0.647623	0.410656
-0.973535	-0.750308
-0.213073	0.190761
-0.549849	-0.359693
-0.973535	0.111904
-0.278255	0.0752436
0.0150657	-0.8755
-0.386893	-0.00816402
-0.0501168	0.308445
0.254068	0.405618
-0.354302	-0.0122146
0.275796	0.144639
-0.897489	-0.750491
-0.00666181	-0.087049
-0.984399	0.126786
-0.473803	0.185832
-0.680214	0.250595
0.558253	0.134862
-0.115299	-0.725607
-0.940944	-1.30823
-0.191345	-0.00937717
0.406161	0.287404
-0.354302	0.490889
-0.832306	-0.479961
-0.354302	-0.410164
0.786392	0.167548
-0.039253	0.215378
-0.767124	-0.331571
1.25353	0.4608
-0.115299	0.0886757
1.67722	0.609602
0.221477	0.212793
-0.854034	0.522597
-0.66935	0.0578534
1.22094	-0.177811
-0.571577	0.346189
-0.0283893	0.140316
-0.951808	-0.737159
-0.40862	0.149461
-0.93008	-0.458529
-0.267392	0.513817
-0.549849	-0.114092
2.74187	0.100024
0.0693844	0.435685
-0.430348	0.0418628
-0.14789	-0.317794
0.00420194	0.462496
-0.354302	0.519005
-0.332574	0.542724
-0.875761	-0.753066
1.81845	0.402109
-0.213073	0.461511
-0.799715	0.263266
0.471343	0.249746
0.0259294	0.0806647
-0.40862	-0.134821
-0.66935	-0.255008
-0.767124	0.343808
0.818983	0.554753
-0.810579	0.373687
-1.00613	-0.435376
1.44908	0.3454
3.89342	0.662954
-0.00666181	0.428102
-0.213073	-0.518751
-0.354302	0.0505923
-0.864898	-0.720252
-0.951808	-0.491028
1.09058	0.271967
-0.278255	-0.599579
-0.386893	0.496157
0.601708	-0.183547
0.677754	0.557583
-0.267392	-0.222488
-0.158754	0.10721
0.634299	0.217303
-0.625895	0.206025
-0.647623	0.343618
-0.082708	0.132651
1.07971	0.0534694
-0.962671	-0.462218
-0.484667	-0.454513
0.395297	0.338716
0.938484	0.198453
-0.549849	-0.332844
-0.0935718	0.380584
-0.58244	0.227634
2.19868	0.580849
1.2644	0.482622
-1.00613	-0.31342
1.73154	-0.169875
0.406161	0.0496418
0.732073	0.296057
-0.376029	0.301975
0.0911119	-0.455645
-0.354302	0.410742
-0.310847	0.312554
0.395297	-0.265762
1.52513	0.523933
-0.115299	0.0664189
-0.940944	-0.892268
-0.0609805	0.364495
-0.810579	-0.6828
-0.549849	-0.140566
-0.84317	-0.222721
-0.973535	0.472516
2.44854	0.349238
0.254068	-0.000594561
-0.919216	-0.419822
0.275796	0.410878
-0.810579	0.324836
-0.745396	-0.741995
0.0693844	0.329456
-0.615032	0.12963
0.49307	0.338699
-0.58244	-0.495509
-0.854034	-0.375665
-0.397757	0.311421
-0.549849	0.501768
-0.452075	-1.04678
1.90536	0.393289
-0.32171	0.0272422
-0.343438	-0.54666
-0.712805	-0.0565706
-0.897489	-0.35532
-0.680214	-0.627217
2.15522	0.399945
-0.441212	0.468787
-0.462939	0.0297536
0.101976	0.024128
-0.810579	0.486213
1.15576	0.265568
-0.864898	-0.308873
-0.799715	0.507094
-0.245664	-0.253007
-0.919216	-0.954961
-0.93008	0.14523
-0.625895	-0.0971707
-0.528122	-0.309114
-0.202209	-0.0139778
0.818983	0.370619
1.12317	0.275051
0.503934	0.424221
-0.441212	0.00326326
-0.039253	-0.549568
-1.02785	-0.265903
-0.0283893	0.0199034
-0.484667	-1.21314
-0.897489	-0.730797
-0.571577	-0.528598
-1.02785	-1.51901
-0.75626	-0.014987
-0.951808	0.000192097
-0.419484	0.438271
-0.32171	0.630507
-0.984399	0.106851
-0.897489	-0.293024
0.221477	0.34537
-0.777988	0.22995
0.971075	0.21486
-0.723669	0.19462
0.0585207	0.373518
-0.441212	-0.0996611
0.0150657	-0.00488031
-0.082708	-0.28784
1.16662	0.445671
1.1449	0.323763
1.89449	0.383514
-0.2348	0.428396
-0.419484	0.203322
-0.528122	-0.272198
-0.299983	0.40935
-0.919216	-0.391225
0.362706	0.174422
3.19814	0.451835
-0.462939	-0.10145
4.37143	0.751192
-0.528122	0.0418702
0.101976	0.153026
0.254068	0.205447
-0.658487	-0.959706
-0.886625	-0.77746
0.243204	0.310015
-0.908353	-0.543914
-0.299983	-0.609313
0.112839	0.0316643
-0.84317	-0.119974
1.91622	0.593863
-0.897489	0.351877
-0.0935718	0.0622951
0.677754	0.341929
0.688618	0.369957
1.15576	0.316983
0.992803	0.359243
-1.04958	0.250857
-0.104436	0.031021
-0.84317	-0.366957
-0.462939	0.0718357
0.49307	0.373038
-0.169618	0.18862
-0.799715	0.0298995
-0.452075	-0.515649
0.710345	-0.169846
-0.940944	0.202802
-0.256528	-0.0561383
0.547389	0.112414
-0.278255	0.298544
-0.767124	0.0532475
0.688618	0.090357
-0.310847	-0.667631
-0.854034	-0.113949
-0.810579	-0.0277833
-0.528122	-0.201536
-0.213073	0.210955
-0.32171	0.127811
-0.777988	0.113315
0.938484	0.412509
-0.473803	-0.460001
-0.191345	0.408767
0.699482	0.606682
0.797255	0.035276
0.232341	0.336528
-0.75626	0.396561
-0.864898	-1.3648
0.145431	0.520032
1.32958	0.621563
-0.919216	-0.230759
2.90482	0.528143
-0.2348	0.283837
1.15576	0.296409
-0.66935	-0.191241
-0.343438	-0.675735
-0.962671	-0.679537
0.808119	0.728055
-0.158754	-0.00358881
0.319251	0.416324
1.39476	0.141577
-0.821443	-0.724945
-0.310847	-0.195901
1.6229	0.173563
-0.919216	0.224587
2.45941	0.317733
0.829847	0.254554
0.905893	0.357892
-0.93008	-0.873816
0.330114	0.406923
-0.0283893	0.609408
-0.267392	0.391501
0.742937	0.129397
1.04712	0.199564
-0.940944	-0.592576
-0.58244	-0.470844
-0.93008	-1.14135
-0.84317	-0.159968
-0.0935718	-0.146261
1.2644	0.0160138
-0.528122	0.126066
-0.58244	0.026622
1.72067	0.144714
-0.267392	-0.00612865
-0.962671	-0.635184
-0.430348	0.454253
0.7538	0.47665
-0.376029	0.336746
-0.962671	-0.463735
-0.723669	-0.342655
0.308387	0.449865
-0.745396	-0.778504
-0.0283893	-0.242936
-0.691078	0.479346
1.75326	-0.161896
-0.267392	0.351081
0.92762	-0.188206
-0.354302	-1.07574
2.06831	0.361589
0.818983	0.543523
-0.267392	0.400737
0.406161	0.484469
-0.213073	0.367254
-0.0718443	0.0946305
-0.386893	-0.233467
-0.126163	-0.400468
0.00420194	0.0296418
-0.647623	0.0180936
0.612572	0.346298
-0.701941	-0.374055
-0.278255	0.0720375
-0.441212	0.468787
-0.919216	-0.410714
0.0367932	0.346916
-0.14789	-1.91824
0.873302	0.178425
-0.169618	0.579953
0.373569	0.29097
-0.386893	0.201664
0.862438	-0.0357818
0.221477	-0.024786
0.829847	0.0692191
1.39476	0.302977
1.44908	0.090167
-0.126163	0.163471
1.12317	-0.109272
-0.962671	-0.225223
0.156294	-0.0482981
-0.278255	0.0626894
0.514798	-0.669187
-0.104436	0.328205
-0.864898	-1.17264
0.199749	0.0170824
-0.593304	-0.0635726
0.156294	0.494633
-0.0283893	-0.31282
-0.0501168	0.296821
-0.615032	-0.235518
-0.386893	-0.00549481
-1.00613	-0.451429
-0.202209	0.274745
0.84071	0.322125
-0.734533	-0.872197
1.12317	0.393951
-0.289119	0.281815
-0.919216	0.451829
-0.2348	0.30379
0.558253	0.650837
-0.680214	-0.00530339
-0.538985	0.105981
-0.137027	0.491971
-0.0935718	0.376945
-0.973535	-0.496256
-0.462939	0.402979
-1.01699	-1.2199
-0.810579	0.442286
-0.66935	-0.0504636
-0.734533	-0.948333
-0.462939	0.21276
-0.897489	-0.60222
-0.299983	0.277445
-0.973535	0.0925294
-0.984399	-0.640501
-0.701941	-0.200908
-0.039253	0.367159
-0.278255	0.288799
0.178022	0.0421146
-0.256528	0.138628
0.49307	0.510808
-0.549849	0.525224
0.482207	-0.434496
0.547389	0.462325
-0.875761	-1.04189
-0.0718443	-0.279657
0.145431	0.266831
-0.528122	-0.216701
0.319251	0.446787
-0.777988	-0.0227726
-0.137027	0.408899
-0.886625	0.540013
-0.940944	0.598131
-0.821443	-0.046922
-0.984399	-0.936574
-0.734533	0.0387888
2.58977	0.282882
-0.365165	-0.273019
-0.549849	0.251977
0.145431	0.285605
-0.810579	-0.656672
-0.734533	0.0391981
-0.0935718	0.236513
-1.00613	-0.735639
-0.419484	0.438271
-0.940944	0.0958893
-0.93008	-0.986311
-0.267392	0.0503942
-0.376029	-0.590846
-0.973535	-0.82016
0.601708	0.0601711
-1.00613	-0.610947
0.395297	0.714237
-0.14789	0.387619
-0.191345	0.211471
0.112839	0.563202
-0.549849	0.163599
0.992803	0.0142324
-0.636759	-0.6936
-0.951808	-0.163062
-0.473803	-0.303411
-0.430348	0.213437
-0.615032	0.221834
0.243204	0.285032
3.7196	0.252727
-0.691078	-0.793184
-0.0283893	0.20224
-0.940944	-0.784238
-0.93008	-0.713535
0.699482	0.505964
-0.984399	0.151295
4.31711	0.367873
-0.962671	-0.580901
0.971075	0.527241
-0.886625	-0.592958
-0.951808	-1.04821
-0.919216	-0.530961
0.0585207	-0.0726036
-0.0501168	0.439743
0.601708	0.15415
-0.919216	-0.561224
-0.191345	0.0730407
-0.93008	-0.42632
0.873302	0.528241
1.87277	0.0885431
0.123703	0.35726
1.37303	0.389338
-0.484667	-0.548517
-0.66935	0.129265
-0.908353	0.170741
-0.788851	0.0765741
-0.973535	0.0339906
-0.691078	0.30894
-0.875761	-0.785678
4.44747	0.80255
3.33937	0.55134
-0.32171	0.242117
-0.658487	-0.396769
-0.245664	-0.0649433
-0.137027	0.242956
-0.919216	-0.226969
-0.441212	0.422211
0.742937	0.252121
-0.191345	0.620322
-0.745396	-0.249009
-0.886625	0.409429
0.460479	0.351735
-0.126163	0.281037
0.710345	0.375499
1.00367	0.588635
-0.593304	0.562342
-0.908353	-1.11819
1.1123	0.064761
-0.158754	0.138872
0.406161	0.757646
0.0150657	0.106897
0.156294	-0.097413
1.42735	0.103468
1.66636	0.22516
-0.126163	0.396909
-0.788851	-0.908736
0.808119	0.494074
-0.484667	0.177281
-0.365165	0.422872
-0.647623	-0.196981
2.66582	0.47133
-0.93008	-0.0830026
0.558253	0.297484
-0.0718443	-0.087899
0.406161	-0.0712909
-0.571577	0.226887
1.93795	0.464104
-0.462939	0.402979
2.26386	0.235551
-0.973535	-1.01292
-0.799715	0.632418
0.775528	0.349207
0.884165	0.493005
-0.332574	-1.19164
-0.84317	-0.799498
1.65549	0.184971
-0.365165	0.416837
-0.658487	0.198015
-0.734533	-0.320915
-0.734533	0.473185
-0.940944	-1.17264
-0.854034	-0.824035
-0.126163	-0.221471
-0.191345	-0.429183
-0.289119	-0.485912
-0.299983	0.18401
-0.777988	0.373389
-0.32171	-0.332762
0.243204	-0.0981834
0.558253	0.0423373
-0.832306	-0.70146
2.24213	0.557913
-0.962671	-0.600475
-0.180482	-0.363302
-0.430348	-1.49199
-0.571577	-0.290484
1.69895	-0.00970536
-0.636759	0.0684227
-0.908353	-0.314816
3.29592	0.704329
-0.58244	0.0339683
0.395297	0.430327
-0.832306	-0.306723
0.92762	0.415193
-0.615032	-0.591433
0.905893	0.604727
-0.886625	-1.02292
-0.854034	-0.340373
-0.473803	0.259852
-0.0283893	0.47322
-1.03872	-0.693361
-0.365165	-0.173713
0.319251	0.252826
-0.49553	0.180106
-0.0935718	0.359429
-0.691078	-0.101146
-0.267392	0.531603
-0.701941	-0.408498
-0.517258	-0.516798
-0.75626	-1.0332
1.02539	-0.00691882
0.00420194	0.462496
0.319251	0.495521
0.884165	0.216974
-0.256528	0.458783
0.156294	0.354464
-0.625895	0.335161
0.677754	0.547987
0.395297	-0.43702
0.0585207	0.21834
-0.517258	0.220079
-0.604168	-0.253368
-0.658487	0.239971
-0.332574	0.317741
-0.549849	0.0175401
-0.560713	-0.177224
2.32904	-0.0779761
0.362706	0.556163
-0.528122	-0.558454
-0.58244	0.368154
0.547389	-0.279065
0.351842	0.173193
2.731	0.518411
-0.32171	0.284462
3.11123	0.704042
-0.745396	0.399502
0.384433	0.71157
-0.593304	0.206209
-0.919216	-0.483154
0.0911119	0.69713
-0.397757	0.306781
0.243204	0.236777
0.0476569	0.413815
-0.615032	-0.180483
-0.32171	0.417617
-0.49553	0.383612
0.514798	0.471247
0.0476569	0.188286
-0.995263	-0.69971
0.427888	0.41896
0.0367932	0.103863
-1.00613	-0.593028
0.275796	0.429272
-0.962671	-0.228027
-0.473803	-0.129928
0.00420194	0.379645
-0.158754	0.280002
1.93795	0.406169
-0.973535	0.129903
-0.973535	-0.339263
1.07971	0.120294
-0.528122	0.133846
2.11177	0.626651
-0.84317	0.436505
0.590844	0.551928
0.862438	0.392758
-0.951808	-0.351072
-0.191345	0.323358
0.916757	0.252669
-0.951808	-0.470894
0.123703	0.566586
0.286659	0.273312
-0.636759	-0.362533
0.297523	0.031569
0.449616	-0.225137
1.13403	0.171276
0.00420194	0.620036
0.569117	0.469086
-1.00613	0.334754
-0.658487	-0.489873
0.623435	0.401739
0.938484	0.3996
0.254068	0.316716
-0.0283893	0.352433
-0.549849	0.512967
-0.897489	-0.394659
-0.973535	-0.78101
1.1123	0.484911
-0.886625	-1.07181
1.09058	0.0401102
-0.908353	-0.269603
0.264932	0.511869
-0.58244	-0.285368
-0.777988	-0.25351
-0.701941	-0.361003
0.938484	-0.0184888
-1.01699	0.143581
-0.636759	-0.133458
-0.213073	0.215271
0.460479	0.232646
-0.854034	-0.233352
-0.571577	-0.278875
-0.908353	-0.646254
-0.223937	0.511911
-0.973535	-0.301286
1.1123	0.384259
-0.701941	-0.0581092
-0.93008	-0.338164
-0.365165	-0.21211
-0.49553	0.0683104
-0.908353	-0.747625
1.89449	0.706908
0.178022	0.50435
-0.332574	0.183154
-0.712805	-0.458863
-0.299983	0.253352
-0.886625	-0.0635299
-0.832306	0.366153
-0.940944	-1.67173
-0.658487	-0.0488758
-0.40862	-0.020256
-0.039253	0.114964
0.319251	0.269545
-0.832306	-0.538331
-0.647623	-0.427155
-0.571577	-0.785559
-0.84317	-0.263419
0.395297	0.23929
0.949348	0.465325
0.938484	0.363658
-0.940944	-0.834502
0.677754	0.134512
-0.386893	0.0554689
-0.571577	-0.365897
-0.517258	0.0239427
5.27312	0.672064
-0.723669	0.391021
-0.419484	-0.0983395
-0.517258	0.283937
-0.0501168	0.656948
0.0693844	-0.365466
0.818983	0.220387
0.406161	-0.369022
-0.788851	0.242445
-0.517258	-0.175658
-0.940944	-0.73803
-0.897489	-0.613634
0.84071	-0.0859407
0.797255	0.732967
1.22094	0.317124
-0.940944	-0.706584
-0.66935	0.268131
0.319251	0.0362623
-0.528122	0.382498
-0.115299	-0.748273
-0.908353	-0.838128
-0.723669	-0.115678
-0.832306	0.232729
-0.397757	-0.320804
2.01399	0.331104
0.949348	0.585182
0.66689	-0.0264178
0.199749	0.457694
-0.821443	-0.116103
-0.647623	-0.607126
0.775528	0.399033
-0.821443	-0.710287
-0.636759	0.168062
4.20847	0.701399
0.254068	0.330845
-0.332574	-0.169517
-0.32171	-0.25119
1.48167	0.486845
-0.593304	-0.0922639
-0.832306	0.389609
-0.223937	0.257357
0.851574	0.333024
-0.84317	0.417907
2.492	0.122402
-0.00666181	0.202299
-0.267392	0.0773769
0.0911119	-0.784185
1.00367	0.191347
-0.386893	-0.375574
-0.365165	0.691655
0.384433	0.584542
-0.886625	-0.611659
-0.32171	0.0900485
-0.441212	-0.0232355
-0.549849	-0.353801
-0.767124	0.585267
-0.701941	0.417272
0.612572	-0.0203461
-0.419484	-0.398508
-0.549849	-1.11531
-0.788851	0.0980475
-0.647623	0.360304
-0.799715	-0.0270347
-0.821443	-0.116103
0.49307	0.121341
0.417024	0.0537405
-0.571577	0.189099
-0.886625	0.419708
-0.256528	0.0902664
-0.104436	-0.0316867
0.0259294	0.643245
-0.636759	-0.431701
0.145431	0.269175
0.145431	-0.19974
0.656027	-0.532692
0.92762	0.259837
0.677754	-0.164104
0.764664	0.685779
-0.93008	-1.02907
2.33991	0.519678
-0.951808	-1.08225
-0.169618	0.41816
0.775528	0.424631
-0.940944	-0.07745
-0.376029	0.222103
0.0259294	0.439904
-0.354302	0.122101
-0.919216	-0.558024
0.0150657	0.695888
-0.343438	-0.0590677
0.438752	0.462115
0.677754	-0.494553
-0.202209	0.115918
-0.940944	-0.497652
0.558253	0.459229
0.319251	1.25844
1.5034	0.241373
0.330114	0.458784
0.460479	0.468108
-0.680214	-0.281108
-0.995263	-0.659209
-0.0175256	0.40505
2.03572	0.0849253
-0.897489	-0.419039
0.319251	0.0281248
0.0693844	0.629067
-0.66935	0.171753
-0.93008	0.245809
-0.49553	0.408392
1.05799	0.431248
1.48167	0.233458
3.33937	0.262545
-0.0609805	0.11917
1.81845	-0.0881547
0.503934	0.0795423
-0.984399	-1.12311
-0.647623	-0.157996
-0.538985	-0.370574
-0.75626	0.0861643
-0.0935718	-0.188081
1.09058	0.00499837
0.112839	0.321916
-1.01699	0.61476
0.00420194	-0.185883
-0.517258	0.313961
-0.799715	-0.43834
-0.604168	-0.194754
0.49307	0.310817
0.00420194	0.752599
1.16662	0.694211
-0.886625	0.416293
2.17695	0.569495
-0.549849	0.186365
-0.908353	0.142643
-0.951808	-1.30798
-0.658487	-0.153791
1.07971	0.333776
-0.289119	0.0407568
-1.00613	-0.0859142
1.1449	0.0925776
-0.441212	-0.634473
0.471343	0.420868
-0.734533	-0.394018
0.308387	0.179343
-0.908353	-0.477302
-0.919216	-1.25648
-0.723669	-0.545047
0.981939	0.251455
0.417024	0.406463
-0.864898	-0.852292
-0.169618	-0.195143
1.27526	0.383385
1.57945	0.390262
-0.452075	-0.627933
-0.962671	-0.435336
2.1009	0.662845
-0.919216	-0.825227
-0.278255	-0.619184
0.49307	0.379954
-0.00666181	0.787925
0.297523	0.511218
1.72067	0.251518
2.03572	-0.903361
0.0693844	-0.112107
0.275796	0.548591
0.199749	0.49265
-0.0609805	-0.476979
-0.66935	0.0834082
0.645163	0.436431
-0.832306	-1.02036
-0.332574	-0.412029
-0.213073	0.266356
-0.32171	-0.274878
-0.14789	0.498353
-0.821443	-0.787288
-0.832306	-1.24955
-0.473803	0.373476
-0.951808	0.113541
0.971075	0.557305
-0.365165	-0.0314457
-0.864898	0.163751
-0.376029	0.136443
3.20901	0.493309
-0.854034	0.388426
0.395297	0.21193
-0.365165	0.435388
0.710345	0.433347
-0.397757	-0.101868
-0.973535	-0.560599
-0.821443	-0.484704
-0.158754	0.202081
-0.40862	0.300662
-0.919216	-0.057629
0.330114	0.274328
-0.701941	-0.216552
1.72067	0.590775
-0.875761	-0.882789
-0.615032	-0.0127949
0.297523	-0.0893189
2.01399	-0.53704
1.6229	0.50462
-0.854034	-0.773638
0.210613	0.209135
1.89449	0.287974
1.10144	0.13481
-0.680214	-0.368848
4.24106	0.445289
-0.984399	-0.530643
3.29592	0.17694
0.0802482	0.0849755
-0.560713	-0.247289
-0.93008	-0.615307
0.829847	0.666661
-0.93008	-0.438823
-0.0283893	-0.361894
-0.158754	-0.756155
-0.636759	0.0922583
-0.593304	0.178001
-0.691078	-0.225994
-0.821443	0.0790578
-0.84317	-1.15813
-0.58244	-0.298771
-0.897489	0.20181
-0.777988	-0.211514
0.482207	0.294514
-0.452075	0.10219
0.710345	-0.164555
-0.93008	-0.134737
0.406161	0.287404
-0.039253	-0.0708275
-0.821443	0.052009
-0.919216	0.460447
-0.191345	-0.118842
-0.0501168	-0.0284546
-0.940944	0.178044
0.699482	-0.521761
-0.854034	-0.35279
0.221477	0.4513
-0.832306	-1.09432
4.64302	-0.0606624
-0.223937	0.463198
-0.691078	0.155868
0.134567	0.332284
1.75326	0.468169
-0.180482	-0.0259114
-0.767124	-0.460601
2.20954	0.606969
-1.00613	0.0162606
0.297523	0.349017
1.15576	0.726793
-0.940944	0.144007
-0.419484	-0.19194
-0.310847	0.369189
0.417024	0.25157
-0.919216	-0.11393
-0.506394	0.189323
-0.32171	0.298564
0.275796	0.52372
-0.039253	-0.105408
0.319251	0.0386553
-0.636759	-0.413194
2.03572	0.541157
-0.202209	-0.0143037
1.53599	0.0410902
-0.571577	-0.324604
0.0693844	0.231147
-0.615032	-0.323308
-0.528122	-0.651591
0.395297	-0.188371
-0.0935718	0.0835923
1.48167	0.478822
1.21008	0.341957
0.362706	0.162605
-0.289119	0.114447
-0.137027	0.166457
-0.310847	0.198412
1.19921	0.399422
0.254068	-0.336369
0.57998	0.790231
0.438752	-0.62617
1.57945	-0.0957065
-0.0501168	-0.580291
-0.419484	1.09466
0.145431	0.163189
-0.49553	0.229963
-0.386893	0.69432
0.623435	0.198841
-0.701941	-1.06299
-0.104436	0.394811
1.72067	0.720899
-0.799715	-0.628458
-0.951808	-0.615985
-0.886625	-0.77746
0.0150657	0.568481
2.56805	0.622097
0.786392	0.545162
-0.58244	-0.119603
-0.691078	-0.683481
-0.93008	-0.299087
0.178022	-0.815991
-0.995263	-0.319912
0.199749	0.49265
-0.441212	0.156188
2.91569	0.239509
-0.354302	0.00749505
1.52513	0.106613
-0.886625	-0.536294
-0.821443	-0.395832
0.808119	0.179159
-0.832306	0.0844152
-0.734533	-0.708734
-0.897489	0.0901327
-0.397757	-1.25197
-0.919216	-1.07276
-0.278255	-0.545595
1.02539	0.291414
0.438752	-0.404774
2.18781	0.217356
-0.299983	0.546298
0.0911119	0.405774
-0.864898	-0.547377
-0.973535	-0.920716
0.503934	0.404418
-0.821443	0.169934
-0.962671	-0.4996
3.55665	0.142075
0.373569	-0.0243243
0.254068	0.223936
-0.84317	0.389703
-0.984399	-0.261776
-0.940944	-0.82045
0.938484	-0.235011
1.63376	0.40897
-0.691078	-0.751235
-0.832306	-0.591754
0.264932	0.227545
-0.788851	-0.644775
1.00367	0.633242
-0.940944	-0.11477
-0.289119	0.689437
-0.126163	-0.218161
-0.723669	-0.32522
-0.289119	0.261716
-0.202209	0.071814
-0.343438	0.115441
-0.745396	-0.00568931
1.84017	0.496784
-0.962671	-0.82702
1.5034	0.288084
-0.940944	-0.57958
0.330114	0.10765
-0.365165	0.154201
-0.951808	-1.27513
-0.854034	-0.467711
1.59031	0.254359
-0.32171	-0.0924753
0.112839	0.153431
-0.854034	0.31188
-1.01699	-0.494794
-0.549849	-0.803329
-0.2348	0.366573
-0.397757	-0.392427
-0.897489	-0.562656
2.03572	0.541157
0.677754	0.341929
-0.767124	-0.03077
0.406161	0.468769
0.547389	0.126054
-0.473803	-0.214471
-0.919216	-0.505923
-0.84317	0.236789
-0.734533	-0.328133
-0.984399	-0.460495
-0.821443	-0.27076
1.5034	0.468088
-0.691078	-0.153039
-0.951808	0.210897
0.7538	-0.0782177
-0.767124	0.125605
-0.484667	-0.614525
-0.0718443	0.106093
0.275796	-0.503486
1.63376	-0.401589
-0.864898	-0.139868
-0.343438	0.0288733
0.167158	0.0288355
0.00420194	0.326931
-0.549849	-0.284545
-0.799715	0.368378
1.45994	0.271651
0.460479	0.109484
0.971075	-0.399035
-0.462939	-0.103301
1.24267	0.4366
-0.940944	-0.674866
-0.538985	0.0320476
-0.832306	0.253599
2.27472	0.549353
0.84071	0.399953
-0.32171	-0.626547
-0.419484	-0.275328
-0.973535	-0.825033
0.742937	-0.115958
-0.310847	0.353719
-0.864898	-1.61929
-0.93008	-0.350829
-0.897489	-0.481731
-0.767124	-0.147747
0.742937	0.336522
3.16555	0.348064
-0.213073	0.2548
-0.32171	-0.971134
-0.365165	0.154369
-0.549849	-0.887572
-0.560713	0.0383723
1.43822	-0.00991915
-0.636759	0.370537
0.460479	0.351407
-0.908353	-0.57042
-0.940944	-0.661517
-0.734533	-1.27114
-0.680214	0.362515
-0.75626	-0.256346
-0.984399	-0.533912
-0.745396	-0.237215
-0.0175256	0.169526
-0.919216	-0.459627
0.503934	0.0576664
-0.897489	0.747553
0.992803	0.196276
-0.897489	-0.437872
-0.0283893	-0.0425786
-0.854034	0.404246
-0.810579	-0.579114
-0.332574	-0.139903
0.145431	0.397083
-0.267392	0.420737
-0.549849	0.461273
-0.832306	-0.51824
1.1449	0.179195
3.69788	0.482983
3.19814	0.113005
-0.256528	-0.602094
-0.462939	0.272294
0.569117	0.178186
-0.940944	-0.307152
0.0911119	0.172486
-0.864898	-0.547377
-0.0283893	0.181634
-0.332574	0.000790014
-0.571577	-0.29653
0.101976	0.210559
-0.126163	0.579478
-0.343438	0.164629
-0.40862	0.819304
-0.680214	0.222788
0.590844	0.711005
-0.973535	-0.230033
0.786392	0.270249
-0.32171	0.0108544
-0.701941	0.182659
-0.104436	-0.706417
-0.680214	0.159121
-0.397757	-0.501874
-0.875761	-1.26244
0.351842	-0.0698011
0.254068	0.390126
3.38283	0.603207
2.48114	0.673064
1.48167	0.273578
-0.658487	-0.41643
-0.452075	0.185143
1.44908	0.090167
-0.723669	-0.763502
-0.788851	-0.373028
-0.104436	0.62816
0.721209	0.114222
-0.734533	-0.668547
1.90536	0.262162
4.38229	0.540927
0.482207	0.522876
-0.864898	-0.540207
1.13403	0.258038
0.0367932	-0.203907
2.06831	0.455367
-0.615032	-0.503996
-0.93008	-0.484521
0.308387	0.340353
0.145431	0.507531
1.95968	0.405638
-0.560713	-0.203505
-0.701941	0.109752
-0.538985	0.157366
0.905893	0.146567
-0.777988	0.378423
-0.691078	-0.357135
-0.973535	-1.07575
-0.00666181	0.105838
-0.875761	-0.549591
-0.289119	0.0935716
-0.484667	-0.172693
0.243204	0.427294
-0.278255	0.129656
2.05745	0.452504
0.721209	0.089467
-0.126163	0.42036
-0.560713	-0.507311
0.449616	-0.210232
-0.528122	-0.420989
-0.875761	-0.723559
-0.908353	-0.00469582
0.0693844	0.166609
0.808119	0.136075
-0.799715	-0.499672
-0.376029	0.0888094
0.188886	0.332166
1.65549	0.433343
-0.93008	-0.118455
-0.245664	-0.118071
0.264932	0.747083
-0.2348	0.627799
-0.799715	0.246522
-0.484667	-0.0214026
-0.886625	-0.430613
-0.973535	-1.01451
1.39476	0.0708807
2.82878	0.761346
-0.962671	-0.571687
0.0367932	0.182732
-0.767124	0.0853926
-0.299983	-0.410256
-0.571577	0.428656
0.384433	0.0673221
-0.93008	-0.914585
0.0585207	0.121004
-0.723669	-1.38954
1.39476	0.0793072
1.24267	0.615749
-0.0175256	0.858082
-0.864898	-0.569803
0.254068	-0.224103
1.51426	0.434479
-0.886625	-0.408918
-0.723669	-0.0684422
0.449616	-0.100562
-0.484667	0.425254
-0.897489	-0.270903
0.0585207	0.592786
-0.58244	-0.661296
-0.115299	-0.159362
-0.462939	-0.0536343
-0.647623	-0.215329
-0.419484	0.28089
-0.115299	0.0166684
-0.951808	-1.21806
0.275796	0.510784
1.77499	0.505923
-0.593304	-1.20576
0.112839	0.475362
-0.984399	-0.323561
-0.777988	-0.929646
0.949348	0.222416
-0.734533	0.0731461
-0.0718443	-0.0498845
-0.75626	0.0601618
-0.332574	0.498419
-0.180482	0.501163
-0.734533	-0.291972
0.308387	-0.0960803
-0.593304	0.0020292
-0.202209	0.259668
-0.788851	0.269693
-0.115299	0.187659
0.732073	0.575806
0.547389	0.420505
-0.951808	-1.61219
-0.223937	0.360966
-0.854034	-0.16312
0.0802482	0.340197
-0.940944	-0.275033
1.3839	0.365444
1.72067	0.369263
0.829847	0.234177
-0.777988	0.127131
-0.951808	-0.724335
-0.680214	-0.627217
-0.875761	-0.0246045
-0.0175256	0.568512
-0.593304	-0.443504
1.1449	0.33849
-0.169618	0.231586
-0.767124	0.0483113
0.547389	-0.308604
0.601708	0.385067
-0.995263	-0.915493
-0.951808	-0.829954
-0.691078	-0.350506
1.87277	-0.163233
1.56858	0.478175
-0.897489	-0.534827
-0.625895	-0.427598
0.308387	-0.443837
-0.66935	-0.131533
-0.538985	-0.264566
1.95968	0.266618
-0.636759	-0.493136
-0.452075	-0.883155
1.39476	0.448631
0.188886	0.415086
-0.875761	-1.24703
-0.137027	0.62384
-0.984399	-0.0307869
-0.712805	-0.519203
-0.299983	-0.519877
-0.169618	0.310959
1.28612	0.0874374
0.373569	-0.0357065
0.232341	-0.996023
-0.571577	0.245424
-0.962671	0.248214
1.18835	0.222724
-0.560713	0.0510367
1.16662	0.0482618
-0.462939	-0.129154
-0.126163	0.289968
-0.0175256	0.407225
-0.571577	-0.050628
-0.658487	-0.21841
-0.310847	0.552371
-0.647623	-0.666978
1.32958	0.306292
-0.104436	0.145547
-0.278255	-0.599579
-0.777988	-0.863861
-0.875761	0.508123
-0.951808	-0.0610174
0.243204	0.466463
-0.691078	-0.36927
-0.0935718	0.433735
-0.310847	0.439765
-0.75626	-0.0817614
1.02539	0.182177
-0.93008	-0.878505
-1.01699	0.159455
0.362706	-0.0378164
-0.940944	-0.844226
-0.376029	-0.177005
-0.213073	-0.0770114
1.55772	0.248746
1.28612	-0.136301
-0.940944	0.131979
-0.919216	-0.391225
3.14382	0.538793
0.645163	0.409859
-0.799715	0.547732
-0.940944	-0.0104808
0.112839	0.452848
4.27365	0.518035
0.319251	0.138965
-0.14789	-0.247225
-0.452075	0.180756
-0.245664	-0.254023
-0.886625	0.206426
1.19921	0.0915043
-0.777988	0.362771
-0.538985	0.240573
-0.484667	-0.493675
-0.984399	-1.03863
0.0585207	-0.654886
0.514798	0.269443
0.123703	-0.0888127
-0.202209	0.370186
2.43768	0.453216
0.49307	0.00713702
1.22094	0.212609
-0.908353	-0.282943
-1.02785	0.176036
-0.593304	0.308777
-0.604168	0.150101
-0.984399	-0.311796
-0.886625	0.500078
1.36217	0.415129
3.14382	0.609346
-0.973535	0.213562
-0.745396	-0.914344
-0.517258	0.28334
-0.213073	-0.703825
-0.658487	0.487046
1.34044	-0.00411197
-0.604168	-0.328148
0.0150657	-0.1775
-0.538985	0.435363
-0.2348	-0.111091
-0.767124	-0.471068
3.64356	0.669306
-0.310847	-0.133753
0.992803	0.306208
1.67722	0.119753
0.112839	0.368696
0.460479	0.462214
-0.0283893	-0.227893
0.677754	0.629218
-0.984399	-0.434235
-0.799715	-0.0675912
0.264932	0.288768
-0.940944	-0.298896
0.156294	0.107007
-0.821443	0.186348
-0.832306	-0.557707
-0.680214	-0.355183
0.145431	-0.404708
-0.919216	-0.0792628
-0.484667	-0.0566749
0.254068	0.0230358
-0.202209	0.178954
1.48167	0.554265
-0.452075	-0.231923
0.808119	0.734896
-0.832306	-0.670702
0.895029	0.497994
1.88363	0.30714
1.37303	-0.187928
0.308387	0.179267
0.362706	-0.0378164
-0.354302	-0.152071
-0.104436	-0.64049
4.63216	0.204008
-0.376029	-0.273244
0.0367932	-0.182564
-0.0935718	0.396672
-0.0609805	0.315332
-0.66935	0.48094
-0.951808	-0.0597564
0.612572	0.468674
-0.430348	-0.613088
0.286659	0.37605
1.51426	0.483757
0.66689	-0.124928
-0.864898	-0.919826
-0.788851	-0.370715
-0.66935	0.156825
0.340978	-0.286338
0.688618	0.198174
0.960212	0.369036
-0.104436	0.118907
-1.02785	-1.42225
-0.137027	0.455658
-0.593304	0.220045
-0.213073	0.484413
1.01453	0.473559
0.482207	0.406806
-0.908353	-0.524531
-0.734533	0.372542
-0.854034	0.0406665
1.8619	0.213955
0.112839	0.14994
-0.680214	-1.40218
0.232341	0.486496
-0.962671	-0.742836
0.406161	0.0398674
-0.256528	0.292649
-0.604168	-0.310929
-0.984399	-0.248529
-0.104436	0.769517
-0.538985	0.00504963
0.775528	0.487084
-0.984399	-0.533834
-0.082708	0.00585068
-0.788851	0.109438
-0.354302	0.0455631
2.28559	0.755883
-0.767124	-0.133828
0.167158	0.270521
3.51319	0.4678
-0.832306	-0.794144
0.732073	0.457304
0.981939	0.413072
-0.343438	-0.119126
1.06885	0.375194
-0.864898	-0.429401
-0.104436	-0.0783207
2.04659	0.490138
-0.777988	-0.173013
-0.571577	0.409229
-0.712805	0.288563
-0.984399	-0.972922
1.18835	0.308384
-0.940944	-0.708983
0.797255	0.447675
-0.430348	0.498572
-0.734533	0.159895
0.319251	0.341088
-0.104436	0.079928
2.8505	0.229556
2.04659	0.470104
-0.875761	0.552838
-0.995263	-0.225684
-0.604168	0.0112915
-0.58244	0.41662
-0.560713	0.458229
1.2644	0.452245
1.1449	-0.148724
-0.691078	0.159389
-0.604168	0.234959
0.829847	0.100882
-0.919216	-0.131985
1.32958	0.48178
-0.191345	0.167619
0.514798	0.299104
-0.864898	1.1463
2.53545	0.310175
3.25246	0.519199
0.395297	0.463232
2.1009	0.271306
-0.636759	0.278172
0.895029	0.034698
-0.680214	0.231901
3.58924	0.509967
0.286659	-0.0182986
1.61204	0.416287
-0.995263	0.025422
-0.278255	-0.618959
1.01453	-0.057619
-0.66935	0.480248
-0.66935	-0.650747
0.178022	-0.983834
-0.777988	0.245449
0.0259294	-0.0447331
1.12317	0.585009
0.254068	-0.54891
-0.723669	-0.905242
0.449616	0.0470699
1.72067	0.336806
-1.00613	-0.21968
-0.821443	-0.653938
-0.039253	0.51808
-0.680214	-0.384047
1.93795	0.324337
-0.14789	0.421815
-0.897489	-0.441182
-0.528122	0.529876
2.06831	0.381041
-0.299983	-0.668101
0.145431	0.538748
-0.528122	0.0535464
0.145431	0.510638
-0.180482	-0.349894
-0.462939	0.0211218
-0.886625	-0.398056
-0.169618	-0.302423
0.264932	0.506339
-0.701941	0.265946
-0.701941	0.187072
0.0693844	0.530118
0.297523	-0.171701
-0.886625	-0.0894672
-0.00666181	0.397778
0.210613	-0.0684136
0.308387	-0.764561
1.15576	0.458524
0.590844	0.135155
-0.462939	0.901033
-0.376029	0.46767
-0.256528	0.703218
-0.169618	-0.20627
-0.376029	-0.423034
0.7538	0.419945
-0.213073	0.415984
0.156294	-0.558933
-0.571577	-0.290484
2.18781	-0.0337728
0.699482	-0.0650156
-0.452075	-0.0495547
0.884165	0.218014
-0.962671	-0.747617
-0.615032	0.190325
-0.799715	-0.0120692
-0.973535	-1.07575
-0.202209	-0.506867
0.134567	0.596253
0.0259294	-0.139064
-0.354302	-0.0425593
0.00420194	0.402211
1.21008	0.547219
1.69895	0.439271
0.634299	0.217303
0.101976	0.483079
-0.832306	-1.4707
1.5034	0.529823
-0.213073	-0.487144
-0.832306	-0.704759
-0.310847	0.124404
-0.93008	-0.538733
-0.169618	0.257608
-0.299983	0.00530509
-0.712805	0.0775634
-0.864898	0.0903517
-0.854034	-0.0884618
-0.701941	-0.200908
-0.2348	0.622102
1.03626	0.433868
-0.962671	-0.698414
-0.897489	-0.431203
-0.821443	-0.729496
-0.886625	-0.94952
-0.691078	-0.610657
-0.951808	-0.783818
-0.180482	0.357646
2.20954	0.542116
0.634299	0.21316
0.0476569	0.0721074
0.764664	0.353692
0.373569	0.369669
3.18728	0.386663
-0.821443	-0.295897
0.721209	0.240069
-0.886625	-0.743732
2.20954	0.272707
1.22094	0.630002
-0.278255	0.344461
-0.310847	0.317792
-0.810579	-0.666585
0.57998	0.456532
-0.560713	-0.0618427
-0.854034	-0.420145
-0.951808	0.255135
-0.984399	-1.33576
-0.452075	0.323106
0.0693844	0.486054
0.0150657	-0.327593
-0.984399	0.868909
-0.767124	0.387177
0.0259294	0.465209
1.52513	0.207846
-0.864898	-0.352613
-0.940944	-0.273495
0.0693844	0.473153
0.905893	0.146567
1.10144	0.122848
-0.897489	-0.485303
1.15576	0.259791
1.89449	0.23449
3.30678	0.392315
-0.343438	0.331692
-0.962671	-1.2963
0.0585207	-0.216846
-0.962671	-0.107686
-0.593304	-0.388108
0.340978	0.315486
-0.875761	-0.387539
0.384433	0.310991
0.916757	0.228276
-0.202209	0.544934
-0.897489	-0.564027
-0.0283893	0.242711
0.960212	-0.231138
-0.745396	-0.249009
-0.691078	-0.0159324
-0.767124	-0.74438
-0.180482	-0.0751126
3.25246	0.357628
-0.658487	-0.357876
0.0693844	0.128765
-0.560713	-0.335844
-0.441212	0.573164
0.742937	0.0988772
1.19921	0.251524
1.05799	0.341612
1.31872	-0.0502888
3.92601	0.567014
0.178022	0.310695
-0.647623	0.343618
0.340978	0.496286
-0.593304	0.513973
-0.169618	0.114614
0.406161	0.322736
3.21987	0.376064
-1.01699	-0.874871
0.482207	0.2801
0.134567	-0.551056
-0.962671	0.0221238
-0.473803	0.149307
-0.538985	-0.479787
0.0802482	0.248923
-0.2348	0.530364
-0.506394	0.03145
-0.430348	-0.44291
1.18835	0.222724
-0.462939	0.461582
-0.039253	-0.549568
-0.0283893	0.361687
0.862438	-0.104709
0.49307	0.312967
-0.571577	0.354127
-0.799715	0.186726
0.84071	0.359483
-0.854034	-0.330516
-0.788851	-0.610414
-0.245664	-0.254023
0.351842	0.512372
-0.864898	0.180414
-0.343438	0.0435403
-0.636759	0.231614
-0.365165	0.666338
-0.908353	0.200283
-0.919216	-1.47295
-0.897489	-0.512859
-0.84317	-0.193726
-0.84317	-0.593046
1.37303	0.282692
-0.365165	0.341487
1.40563	0.827159
0.0802482	-0.101316
-0.430348	-0.693358
1.36217	0.17532
-0.864898	-0.690904
2.15522	0.829881
-0.984399	1.71439e-05
-0.0501168	0.344815
-0.039253	0.453451
-0.647623	0.133174
-0.376029	0.41251
-0.777988	0.0594222
0.460479	-0.217867
-0.126163	0.403804
0.471343	0.263767
-0.397757	-0.212332
-0.0609805	-0.0455661
1.27526	0.288619
-0.919216	-0.826427
-0.256528	0.597487
0.895029	0.176281
-0.745396	0.0102092
2.1335	0.531121
-0.571577	-0.181928
-0.0283893	-0.0428004
-0.734533	0.480905
1.70981	0.304708
-0.082708	-0.00984755
-0.213073	0.461511
-0.962671	-0.87759
-0.875761	-0.547197
-0.2348	-0.0216431
-0.104436	0.230297
3.02432	0.629101
0.569117	0.597406
0.232341	-0.235689
-0.788851	0.397621
0.536525	0.510112
-0.897489	-0.814524
0.710345	0.576429
-0.745396	0.179032
-0.832306	-0.0533869
-0.940944	0.444249
0.0150657	0.552865
-0.506394	0.165928
-0.386893	0.450252
-1.01699	-1.0067
0.656027	-0.619007
-0.908353	-0.280885
-0.919216	-0.333713
-0.32171	-0.155595
-0.951808	-1.16145
-0.93008	-0.926479
-0.0175256	0.276239
0.362706	0.288275
-0.854034	-0.269097
-0.40862	-0.323998
-0.245664	0.510763
0.101976	-0.231911
3.17642	0.349187
-0.951808	-0.535711
-0.940944	-0.647817
-0.919216	-0.0234779
-0.75626	-0.306622
-1.00613	-0.978137
0.0476569	0.082863
0.362706	0.280099
-0.864898	0.239524
1.73154	0.285866
-0.636759	-0.277003
0.0367932	-0.553301
3.51319	0.4678
-0.571577	0.00887316
-0.473803	0.430644
-1.02785	-1.50435
-0.701941	-0.15575
-0.615032	0.0316716
-0.2348	-0.284776
-1.00613	-0.610947
-0.93008	-0.280494
-0.343438	0.464325
1.1123	0.782598
0.569117	0.211156
0.319251	0.138965
-0.962671	-0.386014
-0.40862	0.331576
-0.940944	-0.000197794
-0.854034	-0.762874
-0.712805	-0.770039
0.167158	0.0324218
0.84071	0.585677
0.362706	0.143508
-0.571577	-0.630636
-0.962671	-0.833988
-0.832306	0.210704
0.319251	0.281198
0.482207	0.128399
1.18835	0.560063
-0.137027	0.286521
-0.864898	-0.392003
-0.93008	-0.855054
-0.897489	-0.379965
-0.0935718	0.366442
0.123703	0.0363601
-0.788851	-0.446986
-0.973535	-0.607298
-0.723669	-0.352629
-0.343438	0.181305
-0.897489	-1.08078
1.85104	0.47836
-0.908353	-0.96952
0.0476569	0.304128
-0.104436	0.470174
0.818983	0.319259
-0.995263	-0.774375
0.66689	0.156614
-0.082708	0.196183
0.764664	0.659448
-0.332574	0.600205
0.0911119	-0.0451501
-0.680214	-0.692524
-0.223937	-0.0572135
-0.604168	-0.399082
-0.832306	-0.610242
2.43768	0.577343
2.12263	0.470952
-0.84317	0.0853982
-0.615032	0.492568
0.243204	0.162996
1.81845	0.155839
2.72014	0.459387
-0.137027	-0.435357
0.656027	0.232812
-0.213073	-0.242365
-0.777988	-0.936032
-0.832306	-0.239528
-0.376029	0.46767
0.49307	0.427938
-0.745396	-0.815647
-0.528122	-0.574995
-0.604168	-0.778781
0.0693844	-0.155778
0.471343	0.273451
0.645163	-0.0548758
0.514798	0.219263
0.243204	-0.0572116
1.77499	0.711453
3.94774	0.695502
1.29699	0.808544
0.417024	0.28731
-0.864898	-0.521802
1.40563	0.10279
-0.886625	-0.544093
-0.886625	-0.513026
-0.332574	0.494449
-0.473803	0.336665
-0.93008	-0.932197
-0.278255	-0.623968
1.1449	-0.811611
0.503934	-0.318917
0.829847	0.00103737
0.0802482	0.467304
-0.452075	0.380205
-0.213073	0.106106
-0.767124	0.388964
0.0259294	0.348749
-0.647623	-0.686265
2.88309	0.709835
3.14382	0.437859
6.23999	0.738895
-0.788851	-0.34594
0.167158	-0.0326157
-0.75626	-0.0535429
0.49307	-0.608636
-0.821443	0.208182
-0.452075	-0.176319
-0.777988	-1.03195
0.0693844	0.237531
1.1449	0.449481
-0.0718443	0.652888
-0.310847	0.176658
0.167158	-0.0327734
-0.788851	-0.225937
0.514798	0.269443
-0.75626	-0.399673
1.39476	0.552236
-0.897489	-0.454074
-0.908353	0.108065
-0.452075	0.0506733
-0.40862	0.158629
-0.289119	0.0407568
2.78532	0.526866
-0.506394	-0.710293
0.145431	0.445175
0.101976	0.227965
-0.93008	-0.35061
0.742937	0.575453
0.884165	0.583493
0.221477	0.406291
-0.0283893	-0.133676
0.0259294	0.0210663
-0.0718443	-0.0957296
0.134567	0.604458
-0.973535	-0.704249
1.32958	-1.0567
-0.180482	-0.107142
-0.180482	0.306623
0.938484	0.368344
-0.973535	-0.73262
0.00420194	-0.087507
0.634299	0.329735
1.06885	-0.064406
0.297523	-0.138518
0.0911119	-0.193224
-0.908353	-0.870181
-0.528122	0.464135
0.243204	0.0134083
0.199749	0.468799
0.145431	0.293075
0.373569	-0.438852
-0.832306	0.561677
-0.452075	-0.276202
-0.875761	0.0186473
-0.995263	-0.82087
0.00420194	0.23295
0.178022	0.280627
2.32904	0.505404
0.971075	0.472228
0.167158	-0.15856
1.3839	0.441735
0.514798	-0.450666
-0.571577	-0.16697
0.818983	0.145606
-0.0501168	0.19293
-0.897489	0.355832
0.0150657	0.404448
-0.984399	-1.11826
0.0585207	-0.0267572
-0.658487	0.584728
1.12317	0.366979
-0.777988	-0.52284
-0.386893	0.34997
-0.908353	0.121025
2.03572	0.376736
0.884165	0.281706
-0.082708	-0.0871135
-0.560713	0.371219
0.851574	0.42106
-0.376029	0.221254
1.59031	0.523735
-1.00613	-0.975714
1.30785	0.48434
-0.788851	-0.476686
-0.919216	0.25885
-0.32171	0.391787
-0.886625	-0.159705
-0.560713	-0.164188
-0.647623	-0.147947
0.688618	0.0685016
-0.126163	0.387558
-0.0935718	0.341914
-0.93008	-1.622
-0.777988	-0.860455
3.19814	0.604283
1.05799	0.0355632
2.30732	0.370212
-0.897489	-0.338493
0.0585207	0.668526
-0.452075	-0.419825
3.96947	0.351651
-0.962671	-0.419923
0.178022	0.381686
0.677754	0.41576
-0.615032	0.344989
-0.66935	-0.434671
-0.919216	-0.15553
2.09004	0.376279
-0.777988	-0.133525
-0.788851	-0.59095
0.471343	-0.52477
-0.777988	-0.465954
0.00420194	0.507747
-0.267392	-0.113312
-0.441212	0.218863
-0.951808	0.1088
2.32904	-0.114224
-0.549849	0.332306
-0.191345	-0.670993
1.79672	-0.428987
-1.01699	-1.78097
0.384433	-0.175455
-0.701941	0.0405445
-0.441212	0.573164
-0.995263	-0.467355
-0.441212	-0.107768
0.384433	0.460725
-0.571577	0.273298
-0.908353	-0.219507
-1.02785	-0.693347
-0.886625	0.84529
-0.93008	0.207679
-0.0175256	0.0307564
-0.745396	-0.235765
-0.973535	-0.0242154
-0.462939	0.140394
-0.0718443	-0.487464
1.15576	0.282143
-0.126163	-0.0927279
2.35077	0.131825
-0.821443	0.321778
-0.658487	0.486292
-0.973535	0.0759567
-0.962671	-0.0326623
-0.365165	0.231219
-0.137027	-0.118074
-0.278255	-0.101683
1.91622	0.225683
-0.940944	-0.0171542
0.145431	-0.226377
-0.788851	0.340155
-0.962671	-0.72552
-0.886625	-0.623593
-0.995263	-0.538102
-0.864898	-0.74689
0.0911119	0.523805
0.123703	0.323248
2.39423	0.531601
-0.810579	-0.571866
0.0802482	0.13689
-0.604168	-0.553647
-0.691078	-0.0542547
-0.951808	-0.559353
-0.332574	0.143848
1.75326	0.233367
-0.376029	0.222103
1.28612	0.31439
-0.571577	-0.126429
-0.712805	0.396432
-0.897489	0.325608
0.275796	0.147617
2.41595	0.92202
1.2644	0.490157
-0.810579	0.391529
-0.289119	0.201378
-0.875761	-0.091623
0.275796	1.05747
2.26386	0.353267
-0.777988	-0.13748
1.84017	0.191713
-0.615032	-0.286771
-0.777988	-0.550659
0.710345	0.69094
0.525662	0.405524
0.275796	-0.680307
-0.191345	0.265694
1.1123	0.288291
-0.647623	0.153851
-0.484667	-0.309017
-0.799715	-0.196169
-0.908353	-1.08944
2.62236	0.391336
-0.0609805	-0.0286577
-0.864898	-0.818068
-0.213073	0.0362953
0.460479	0.351735
-0.517258	0.525453
-0.256528	0.454565
-0.951808	-0.638963
-0.821443	-0.355898
1.52513	0.268793
-0.973535	0.0788638
-0.767124	-0.233755
0.264932	-0.424418
-0.223937	-0.604191
0.0476569	1.0215
-0.647623	-0.0130367
0.471343	0.624236
-0.430348	0.320565
-0.604168	-0.847639
-0.636759	-1.02299
-0.951808	-0.540728
-0.908353	0.123163
0.7538	0.0257052
4.43661	0.278242
-0.777988	0.505506
-0.723669	-0.0791728
-0.734533	-0.265894
-0.919216	-1.21601
-0.680214	0.195779
1.69895	0.239791
2.03572	0.0849253
0.112839	0.563202
-0.712805	0.414502
-0.386893	0.106662
0.0367932	0.26121
-0.0283893	0.515726
-0.75626	0.0955697
0.167158	-0.0223554
-0.0501168	0.215689
-0.799715	-0.166848
1.54685	0.33775
-0.962671	-1.13863
-0.169618	0.330513
1.10144	0.116492
-0.40862	0.346992
0.590844	0.500462
0.0150657	0.306462
-0.712805	-0.859487
1.93795	0.768838
-0.875761	-0.114598
1.44908	0.418337
-0.973535	0.459223
-0.875761	-0.733427
-0.832306	-0.923458
3.37196	0.516768
-0.484667	0.32941
-0.202209	0.285898
-0.875761	-0.713107
1.99227	0.7334
-0.00666181	-0.216739
-0.376029	0.533501
0.764664	0.324901
-0.680214	0.104751
-0.799715	0.0968256
-0.832306	0.284809
1.30785	-0.760082
0.330114	0.578677
-0.864898	0.0972047
-0.919216	0.0385165
1.21008	0.312959
-0.223937	-0.0706861
1.21008	0.372829
4.27365	0.518035
-0.66935	0.39648
0.677754	0.491664
-0.66935	0.28807
-0.832306	-0.324433
-0.75626	-0.374699
-0.310847	0.332314
3.23073	0.349487
-0.897489	0.449756
1.10144	0.221933
-0.897489	-0.567053
-0.332574	0.249743
0.775528	0.074065
-0.886625	-0.0898724
-0.897489	-0.481731
1.16662	0.487885
0.742937	-0.115958
-0.506394	-0.863288
-0.58244	-0.566712
-0.365165	-0.0778536
0.884165	0.494065
-0.0935718	-0.563553
-0.256528	0.100262
2.11177	0.294778
-0.00666181	0.173851
-0.528122	-0.687202
-0.419484	-0.102864
0.460479	0.457373
-0.365165	-0.80264
-0.484667	-0.829742
0.395297	0.428941
1.35131	0.0130719
-0.799715	-0.490078
-0.691078	-0.713074
-0.951808	0.270997
-0.256528	0.401625
0.0585207	0.434407
-0.908353	0.0417931
-0.40862	0.435387
-0.202209	0.415301
0.362706	0.107736
0.275796	0.316646
-0.213073	-0.243553
0.232341	0.0814204
-0.615032	0.250036
-0.886625	-0.0631942
-0.560713	0.333107
-0.484667	-0.247688
-0.84317	0.05403
0.981939	0.345897
-0.430348	0.280975
-0.0175256	0.346789
1.48167	-0.153116
-0.951808	-1.01801
-0.441212	-0.395712
-0.962671	-0.417175
-0.365165	0.0510268
-0.788851	0.443717
-0.647623	0.385086
-0.799715	-0.139573
1.00367	0.588635
-0.538985	0.208775
-0.343438	-0.538551
-0.821443	-1.02915
-0.289119	0.382669
0.112839	-0.440583
0.167158	0.352441
-0.430348	-0.474658
0.167158	0.326969
-0.995263	0.126911
-0.973535	-1.04903
-0.745396	0.458799
0.406161	0.440498
-0.886625	-0.372898
-0.082708	-0.108093
0.101976	0.34121
3.53492	0.755794
-0.2348	-0.330062
0.569117	0.285964
-0.897489	-0.0026709
-0.560713	0.479069
-0.701941	-0.724919
-0.58244	-0.495036
-0.310847	0.0131301
0.503934	-0.254171
-0.821443	-0.18367
1.06885	0.272401
-0.919216	0.194611
-0.441212	0.321858
-0.137027	0.165693
-0.484667	-0.0366507
-0.0935718	0.302643
-0.777988	0.39122
-0.2348	-0.11084
2.253	0.188001
-0.75626	0.510811
0.101976	0.159035
-0.799715	-0.266623
0.275796	0.399316
-0.191345	-0.118842
1.21008	-0.181629
-0.962671	-0.0844645
-0.58244	-0.517348
-0.777988	0.0630564
-0.441212	-0.329946
2.66582	0.47133
5.56644	0.548332
1.85104	0.261543
-0.560713	-1.09649
-0.299983	0.45433
0.319251	-0.147288
-0.93008	-0.548022
-0.984399	-1.01163
0.427888	-0.267828
1.6229	0.402791
0.264932	-0.0544567
-0.00666181	0.202299
-0.951808	0.147112
-0.58244	0.0463134
0.427888	-0.346787
-0.441212	0.218633
-0.126163	0.0422127
-0.549849	-0.595044
0.49307	0.396427
0.981939	0.222374
2.65496	0.48134
-0.680214	-1.32437
-1.01699	-0.933708
-0.93008	-0.256732
-0.951808	-0.857919
-0.962671	-0.794102
-0.886625	0.476927
-0.256528	0.23997
-0.821443	0.186348
-0.984399	0.38215
-0.734533	-0.244571
-0.484667	0.255101
-0.571577	0.228194
-0.951808	-1.25869
1.8619	0.0902614
1.16662	0.414248
-0.082708	-0.0898365
-0.788851	-0.501166
3.3611	0.430321
1.24267	0.637798
-0.278255	-0.564639
-0.680214	-0.213149
-0.962671	-0.680224
-0.419484	-0.186643
-0.799715	-0.422246
-0.777988	-0.66129
-0.549849	-0.136754
-0.658487	-1.18572
1.09058	-0.0875386
0.590844	0.272085
0.656027	0.659959
-0.647623	0.410656
-0.647623	-0.622205
1.17749	0.429853
-0.082708	0.240693
-0.712805	0.318874
-0.082708	-0.922527
1.5034	0.101452
-0.832306	0.165781
2.53545	0.274813
-0.886625	-0.47856
-0.897489	0.0949707
-0.864898	0.0449554
-0.854034	-0.423904
0.221477	0.131944
-0.32171	0.283234
-0.462939	0.425736
0.319251	0.402732
-0.84317	0.0853982
-0.430348	0.182076
-0.202209	0.500697
-0.528122	0.545351
0.308387	0.115411
0.264932	0.131298
0.362706	0.22668
1.02539	0.434676
-0.908353	-0.255443
0.0476569	0.659625
0.221477	0.4513
-0.604168	-0.726881
0.384433	0.0146442
1.34044	-0.130065
-0.854034	0.0905681
0.406161	0.253496
-0.571577	-0.403493
0.981939	-0.491056
0.742937	-0.265241
1.29699	0.313992
-0.897489	-0.270903
0.340978	0.00603717
0.319251	0.449898
0.503934	-0.146878
0.482207	0.490653
0.949348	0.449499
0.384433	-0.175455
1.78586	0.541626
-1.00613	-0.629801
-0.158754	0.387225
0.818983	0.609071
0.514798	0.501829
0.471343	0.409909
-0.908353	-0.0175608
1.67722	0.503605
-0.854034	0.447308
3.8391	0.149173
-1.00613	-0.479818
1.59031	0.217796
-0.93008	-1.04007
-0.940944	0.378742
1.24267	0.630666
-0.886625	0.409429
0.742937	0.185988
0.57998	0.526933
0.134567	0.256965
-0.940944	-0.605264
0.92762	0.497395
0.0585207	0.668526
2.05745	0.294287
1.2644	0.250003
-0.40862	0.572983
3.46974	0.525056
0.764664	0.782738
-0.886625	-0.860885
-0.473803	0.441423
-0.908353	-0.749914
-0.962671	-0.158
-0.799715	-0.979589
-0.473803	-0.0762765
-0.908353	-0.838756
-0.919216	-0.69438
-0.810579	-0.595432
0.558253	0.481401
1.93795	0.470893
-0.40862	0.155766
0.134567	0.034332
0.732073	-0.142977
-0.137027	0.659237
0.884165	0.136979
0.384433	-0.217475
1.1449	0.619019
1.41649	0.384431
-0.158754	-0.738693
0.384433	-0.154767
-0.32171	0.442918
1.61204	0.215058
0.221477	0.235402
-0.854034	-0.636157
-0.767124	-0.316185
0.286659	0.00247137
-0.354302	-0.202177
-0.256528	0.302128
0.971075	0.442358
-0.701941	-0.266192
0.0585207	0.50221
-0.571577	0.0869084
0.0585207	-0.954169
-0.712805	0.546066
1.90536	0.370327
0.112839	0.136301
0.514798	0.661392
-0.625895	-0.0971707
1.09058	-0.0655101
0.340978	-0.276755
0.916757	0.304196
-0.2348	0.0868919
-0.701941	-0.185653
0.145431	0.236005
-0.538985	0.319151
1.63376	0.412782
-0.604168	0.147338
0.949348	-0.0958715
-0.223937	0.202315
-0.93008	-0.138445
0.286659	0.163798
-0.462939	-0.123672
0.395297	0.630036
-0.821443	-0.454733
0.178022	0.110663
-0.897489	-0.724977
0.449616	-0.158311
-0.886625	-0.402825
-0.419484	-0.082668
-0.191345	0.756996
-0.245664	-0.183829
0.732073	0.230628
0.0693844	0.42785
-0.723669	-0.112887
-0.777988	-0.54739
-0.875761	-0.250347
0.558253	0.0875363
-0.604168	0.234959
3.77392	0.663959
-0.854034	-0.21743
-0.430348	0.260134
-0.256528	0.460904
-0.2348	-0.521636
0.862438	0.226557
0.0476569	0.537197
1.90536	0.309188
-0.734533	0.343916
-0.549849	0.136287
3.25246	0.417204
0.210613	1.05003
-0.625895	-0.0289682
0.449616	0.350595
-0.636759	0.360538
-0.158754	0.505364
-0.0609805	0.0652077
0.916757	0.456527
-0.0283893	-0.0516047
1.01453	0.481887
1.12317	0.208065
-0.919216	-0.0517943
-0.821443	-0.580882
-0.908353	-0.801427
-0.343438	-0.217081
-0.571577	-0.556468
-0.625895	-0.195503
0.0259294	0.462601
-0.506394	-0.264762
0.645163	0.276531
-0.549849	0.135929
0.254068	-0.180203
0.829847	-0.106229
0.503934	-0.147035
0.742937	0.18855
-0.538985	-0.479787
-0.2348	-0.198628
-0.256528	-0.115123
-0.625895	0.406564
0.84071	0.55605
0.264932	0.271376
-0.908353	0.318235
-0.256528	0.510718
-0.745396	-0.745322
-0.0935718	-0.273961
-0.940944	-1.30823
-0.397757	0.120922
-0.202209	0.252024
-0.875761	-0.397721
-0.973535	-0.0834618
0.0476569	0.676324
1.5034	-0.136908
0.688618	0.458542
0.732073	0.656033
1.65549	0.0675753
-0.832306	-0.502072
-0.571577	0.0215854
-0.462939	0.427912
1.1449	0.290622
-0.734533	-0.708862
0.514798	0.111046
-0.484667	0.330792
-0.93008	0.402649
-0.538985	0.181061
-0.299983	-0.142623
-0.897489	-0.750553
-0.343438	0.520538
2.31818	0.53021
0.623435	0.116226
2.58977	0.765303
1.52513	0.409253
-0.310847	-0.240018
-0.951808	-0.428565
-0.875761	-1.2755
-0.615032	0.12963
2.60064	0.346832
-0.126163	0.565196
-0.897489	0.416038
-0.310847	0.0971978
-0.832306	0.366153
-0.962671	-0.728178
-0.821443	0.262263
-0.0283893	0.0640554
-0.571577	-0.0562565
0.57998	-0.349528
-0.777988	-0.182315
-0.593304	0.41333
0.330114	0.0850151
-0.691078	-0.401666
0.699482	-0.0418944
0.916757	-0.111128
0.297523	0.168893
-1.02785	-0.649036
-0.0609805	0.340976
-0.58244	-0.525951
-0.951808	-0.561111
-0.908353	-0.961393
-0.58244	-1.28289
3.16555	0.112096
-0.419484	0.0437271
0.123703	0.116713
-0.604168	0.410134
-0.289119	0.199048
0.221477	0.162145
1.07971	0.495743
-0.299983	-0.292723
0.514798	-0.799103
0.210613	0.181728
-0.951808	-0.273937
-0.680214	-0.490075
0.677754	0.134512
1.88363	0.422254
-0.84317	-0.0063082
0.340978	0.0678659
-0.528122	-0.889373
-0.864898	-0.441986
-0.32171	0.0305642
-0.854034	-0.0517002
-0.278255	0.0819343
0.0802482	-0.189519
-0.506394	-0.32614
0.938484	0.358457
-0.213073	0.31152
-0.691078	-0.208577
-1.02785	-0.256968
-0.701941	0.0665808
-0.864898	-0.639561
-0.245664	0.487204
0.427888	-0.332048
-0.680214	-0.820384
-0.897489	-0.581472
-0.310847	0.332314
-0.267392	-0.155579
-0.832306	-0.0951663
1.93795	0.406169
1.51426	0.0492308
0.0911119	-0.166145
-0.0501168	0.310661
0.514798	0.353999
-0.951808	-1.21806
-0.908353	-0.0993892
-0.832306	-0.484217
-0.604168	-0.552256
0.601708	0.413619
-0.0283893	0.439495
-0.137027	0.486619
-0.202209	-0.533246
-0.854034	0.300783
0.156294	-0.689172
-0.745396	0.0406192
0.971075	0.109008
-0.256528	0.192112
0.590844	-0.640932
-0.310847	-0.0381188
-0.93008	0.251672
-0.810579	-0.0560859
0.178022	0.260318
-0.680214	0.510069
0.851574	0.514959
-0.84317	-0.403452
-0.810579	0.111799
-0.723669	-0.699136
-0.832306	-0.426581
-0.919216	-1.15342
-0.875761	-0.0327748
1.9814	0.0492675
-0.213073	-0.0359215
1.88363	0.195012
-0.32171	0.215757
1.41649	0.309228
-0.528122	0.393596
-0.908353	-0.820495
-0.615032	0.210647
-0.256528	-0.941952
-0.625895	-0.327347
0.0367932	0.0225626
0.0802482	0.417283
0.0802482	0.491808
-0.940944	-0.889784
0.340978	0.115333
-0.615032	-0.637782
0.514798	-0.0495661
0.123703	0.322349
0.862438	0.36486
-0.549849	-0.44454
0.167158	-0.0232168
-0.93008	-1.69509
-0.864898	-0.0767564
-0.452075	-0.204828
-0.40862	0.447269
-0.158754	0.0028742
-0.365165	-0.0572275
-0.973535	0.33401
1.29699	0.422367
-0.636759	0.0366754
-0.875761	-0.793347
-0.49553	-0.580099
0.384433	0.721617
0.362706	0.250782
-0.169618	0.435218
-0.430348	-0.55695
0.0367932	0.524327
-0.810579	-0.439169
0.634299	-0.0257314
-0.462939	0.299369
-0.310847	0.556057
0.797255	0.749608
-0.506394	-1.22433
-0.484667	0.502144
-0.441212	0.406693
0.254068	-0.234952
-0.528122	-0.0781625
-0.897489	-0.268394
4.12156	0.532226
-0.875761	0.22959
-0.897489	-0.487502
-0.332574	0.229054
-0.984399	-0.893868
-0.354302	-0.239274
-0.517258	0.2161
-0.0718443	0.237166
-0.14789	0.143433
-0.658487	0.395675
-1.00613	-1.01017
-0.430348	0.358827
0.710345	0.182539
0.417024	-0.103942
-0.919216	-0.917502
-0.441212	0.132774
-0.615032	0.177568
-0.66935	-0.0965105
-0.734533	-1.63736
-0.517258	0.346842
-0.897489	-0.258885
-0.332574	-0.339455
2.00313	0.328508
0.7538	0.378249
-0.745396	0.147885
-0.723669	-0.208671
-0.93008	-0.164729
-0.49553	-0.708883
-0.332574	0.401674
0.167158	0.403767
-0.473803	-0.0659559
1.02539	0.533497
-0.647623	-0.0334132
-0.995263	-0.437424
0.264932	0.186234
-0.788851	-0.507317
2.69841	0.584696
0.167158	-0.604085
0.49307	0.557367
1.19921	0.390155
-0.528122	0.421012
0.873302	0.656028
0.960212	0.21128
-0.93008	-0.598621
-0.777988	-0.27114
2.80705	0.49831
0.373569	0.325648
0.188886	-0.667655
2.16609	0.36833
-0.245664	0.306185
3.28505	0.35952
-0.777988	0.0368559
0.351842	0.586971
1.18835	0.22202
-0.560713	0.0324032
-0.962671	-0.543706
-0.821443	0.169644
-0.517258	0.386549
-0.571577	0.760019
0.167158	-0.268757
0.0585207	0.726236
-0.484667	-0.216193
-0.615032	-0.593813
0.66689	0.176962
-0.777988	0.160226
1.31872	-0.147571
-0.908353	-0.155165
-0.93008	-0.524067
-0.126163	-0.163303
0.438752	0.316923
2.63323	0.31937
-0.908353	-0.789798
0.471343	0.141041
-0.137027	0.440516
0.764664	0.634424
0.884165	0.826485
-0.919216	-0.159467
1.16662	0.318666
0.319251	0.623236
-0.93008	-0.574501
-0.799715	-0.545915
-0.951808	-0.374268
1.60117	-0.544246
-0.473803	0.263107
-0.995263	-0.165866
-0.951808	-0.394588
4.78425	0.294459
1.29699	0.272381
1.64463	0.479464
0.49307	0.154423
0.57998	0.526933
0.0259294	-0.29913
-0.897489	0.458712
-0.0501168	-0.837989
-0.875761	-0.21825
-0.636759	0.0679403
-1.01699	-0.556646
-0.897489	-0.345702
-0.832306	0.473976
-0.984399	-0.0307869
-0.810579	-0.434961
-0.940944	-0.679676
2.33991	-0.0968961
0.384433	0.15164
-0.365165	0.43537
-0.734533	0.0391981
-0.897489	-0.257783
0.775528	0.399215
-0.701941	0.465471
0.00420194	0.326633
0.188886	0.209089
-0.919216	-1.28397
1.39476	-0.187318
-0.647623	-0.122191
0.297523	-0.182308
0.623435	0.480739
-0.908353	-0.554906
-0.897489	-0.750491
1.16662	0.325807
-0.137027	-0.058895
0.00420194	0.0894438
-0.66935	0.349176
-0.386893	-0.548748
-0.777988	-0.0519634
-0.864898	-1.03957
0.92762	0.453227
-0.0718443	0.325965
-0.734533	-0.506566
0.340978	-0.613652
-0.310847	-1.00328
0.471343	0.0504883
-0.919216	-0.686981
0.351842	0.657709
-0.84317	-1.06567
-0.0283893	-0.108456
2.44854	0.3718
-0.538985	0.0819954
1.45994	0.0917515
-0.376029	-0.609026
-0.66935	-0.825201
-0.202209	0.549286
-0.951808	-0.249043
-0.354302	0.185867
0.438752	0.152825
-0.875761	-0.00246025
-0.767124	-0.140255
-0.734533	-0.255331
-0.658487	-0.311581
1.18835	-0.0336713
0.634299	-0.0928753
1.3839	0.287868
-0.777988	0.504985
0.623435	0.263152
-0.93008	-0.524643
-0.441212	0.0216008
-0.528122	0.285879
-0.984399	-0.345378
-0.951808	-0.646093
-0.245664	0.342901
-0.104436	-0.208725
2.02486	0.679535
0.808119	-0.301068
-0.723669	-0.374508
1.97054	-0.28406
-0.897489	-0.454074
0.656027	0.167644
-0.289119	0.511718
0.797255	0.375621
-1.00613	-0.256394
0.0367932	0.215517
-0.940944	-0.633994
-0.712805	0.33601
-0.625895	0.474918
3.94774	0.0323191
-0.354302	0.173434
1.91622	0.609796
0.710345	0.160141
-0.517258	0.187049
-0.354302	0.0496727
-0.854034	-1.17264
-0.951808	-0.981778
-0.191345	0.164116
-0.962671	0.340553
-0.93008	-0.350928
-0.528122	0.0409752
-0.951808	-0.633703
0.134567	0.521114
-0.93008	-0.283803
0.373569	0.508898
-0.745396	0.21457
-0.571577	-0.36798
-0.386893	-0.297864
-0.908353	-0.713244
-0.376029	-0.227521
-0.452075	-0.339559
-0.712805	-0.268736
1.7424	0.607677
1.18835	0.303476
-0.615032	-0.537645
2.15522	0.829881
1.70981	0.391487
-0.082708	-0.718503
-0.0501168	0.154903
-0.897489	-0.27129
0.384433	0.339426
0.178022	0.233216
-0.75626	-0.432102
-0.995263	-0.84063
-0.995263	-0.562643
-0.962671	-1.07638
0.112839	0.260454
0.438752	-0.0402277
-0.365165	-0.19002
-0.93008	-0.355997
-0.104436	-0.328266
-0.180482	0.693393
-0.365165	-0.0220016
-0.14789	0.428265
-1.00613	0.130614
0.286659	0.327491
-0.984399	-0.282809
-0.00666181	0.638185
-0.832306	-0.134731
-0.58244	0.132843
0.00420194	0.567053
2.20954	0.300476
-0.734533	0.728162
0.373569	0.633605
1.02539	0.163764
-0.919216	-0.175872
-0.897489	-0.889371
0.808119	-0.313468
-0.58244	-0.324199
0.862438	0.435816
-0.973535	-0.195629
-0.962671	-0.653982
-0.854034	-0.763164
-0.962671	-0.523739
0.851574	-0.0114698
-0.126163	0.378565
1.19921	0.166262
0.514798	0.70784
-0.593304	-0.472111
1.00367	0.407489
-0.354302	0.137412
-0.365165	0.0147405
-0.951808	0.459043
-0.517258	-0.765507
0.101976	0.244804
0.829847	0.508875
-0.886625	-0.785848
2.69841	0.133758
-0.962671	-0.65442
-0.854034	0.0629925
-0.625895	0.0450068
0.319251	0.0319833
-0.484667	0.0328532
-0.376029	0.198883
0.916757	0.428425
-0.528122	-0.464002
-0.767124	0.158459
-0.528122	0.525125
3.37196	0.41274
1.61204	0.42852
1.40563	0.169393
-0.832306	0.592384
-0.962671	-0.606534
-0.832306	0.245989
1.8619	-0.155968
-0.984399	-0.0118073
0.503934	-0.00331144
0.101976	0.0791775
0.156294	0.554454
-0.039253	-0.0348682
-0.299983	0.511407
-0.32171	0.0272422
1.32958	0.663128
-0.854034	-0.555453
-0.897489	0.563678
0.623435	-0.109487
-0.897489	-0.777562
0.503934	0.13468
-0.615032	-0.177418
3.17642	0.530076
1.09058	0.73568
-0.462939	-0.730802
0.569117	0.72428
0.482207	-0.139295
-0.267392	0.0917295
0.992803	0.471504
-0.875761	-0.97392
-0.528122	0.206813
-0.538985	0.279755
-0.245664	-0.481516
-0.919216	-0.54482
-0.343438	-0.0182072
-0.951808	-0.684289
4.24106	0.195873
1.51426	0.483757
-0.14789	-0.110982
0.188886	0.237491
-0.625895	-0.267228
-0.397757	0.566743
0.156294	0.444774
1.67722	0.298323
-0.126163	-0.0710458
-0.115299	-0.24704
-0.777988	0.0388261
-0.213073	0.396066
-0.832306	-0.365819
-0.256528	0.155544
0.742937	0.171023
0.275796	0.379971
1.72067	0.251518
0.0476569	0.435683
-0.615032	0.549153
-0.593304	-0.10556
0.0367932	0.240191
-0.593304	-0.534176
-0.58244	-0.36544
-0.180482	0.062985
-0.571577	-0.424089
1.53599	-0.706434
-0.289119	0.109248
-0.0501168	0.419802
1.37303	0.113389
0.558253	0.527992
-0.93008	0.594844
0.243204	0.257213
0.232341	0.096963
-0.723669	0.242682
1.95968	0.412193
2.68755	0.32848
1.91622	0.270314
-0.604168	0.234959
-0.213073	0.634247
-0.723669	0.233336
-0.528122	-0.757449
-0.66935	0.0637948
-0.256528	0.0539903
-0.799715	-1.15381
0.547389	-0.318457
-0.615032	0.255996
-0.897489	-0.893733
-0.854034	0.373497
-0.919216	-0.570533
-0.299983	0.840145
-0.571577	-0.254777
0.156294	0.447471
-0.615032	0.0936712
-0.289119	0.564811
-0.93008	-0.251043
-0.082708	0.101368
-0.658487	-0.211879
1.12317	0.389625
-0.354302	-0.523268
-0.973535	-0.843267
-0.745396	-0.268053
-0.84317	-0.811404
2.19868	0.519853
0.221477	0.399993
0.503934	0.475551
-0.310847	0.238034
-0.93008	0.0537697
-0.256528	0.305383
0.66689	-0.177051
-0.289119	-0.211078
0.482207	0.512197
1.60117	0.535021
-0.767124	-0.730527
0.254068	-0.336024
0.188886	0.35481
0.319251	0.159075
0.514798	0.195501
-0.723669	-0.697056
0.232341	0.0960912
-0.712805	-0.0631111
-0.560713	-0.207482
0.384433	0.231619
-0.777988	-1.38926
-0.767124	-0.1634
-0.951808	-0.979853
0.101976	0.0757485
0.525662	0.122379
1.30785	0.487075
0.232341	0.00573946
-0.49553	0.103291
-0.082708	0.152568
0.101976	0.769564
-0.571577	-0.613754
-0.365165	0.273284
2.78532	0.415439
0.101976	0.320498
0.590844	-0.146112
-0.864898	-0.084139
-0.75626	-0.605195
1.24267	0.0141489
1.42735	0.3531
-0.951808	0.521123
0.49307	-0.537423
-0.821443	-0.6997
0.427888	0.158463
0.0150657	0.441344
-0.0175256	-0.0901514
-0.680214	0.242115
-0.0935718	0.366815
1.61204	-0.145338
-0.93008	-0.119536
-0.58244	-0.313544
0.178022	0.333361
0.482207	0.409757
0.156294	0.467679
-0.256528	0.484122
-0.799715	0.38834
-0.137027	0.214646
-0.962671	0.503414
-0.40862	0.41529
-0.962671	-0.279907
-0.604168	-0.573178
1.48167	0.555647
-0.397757	0.589444
1.18835	0.227666
1.13403	0.470414
-0.919216	-0.0159682
3.04605	0.343842
-0.701941	0.247672
-0.723669	-0.208671
-0.104436	0.13505
1.23181	0.525577
-0.58244	-0.33583
-0.723669	-0.842401
-0.32171	-0.173749
-0.691078	0.45294
-0.84317	-0.159221
0.330114	0.567409
-0.854034	-0.243768
-0.962671	-0.419923
-0.821443	0.535137
-0.625895	-0.882364
-0.615032	-0.729647
-0.854034	-0.281391
2.731	0.229536
2.1009	0.37919
-0.777988	-0.414915
-0.854034	-0.602842
-0.84317	0.0669825
-0.289119	0.35509
1.76413	0.476645
-0.0718443	0.202304
1.79672	-0.700377
-0.832306	-0.0362033
-1.04958	0.182951
-0.832306	0.15124
1.52513	0.577442
0.101976	0.210559
-0.734533	-1.09913
0.960212	-0.168679
2.43768	0.0914317
-0.343438	-0.182099
-0.625895	0.181011
-0.104436	0.277115
-0.126163	-0.606539
-0.354302	-0.073269
-0.625895	-0.0399205
-0.625895	0.265035
-0.908353	-0.727862
-0.908353	-0.40441
-0.549849	-0.180469
-0.202209	0.35842
0.145431	0.269175
-0.256528	0.550071
0.0150657	0.252276
-1.02785	0.26398
-0.299983	0.230256
-0.0718443	0.145586
-0.452075	0.741722
0.417024	0.179206
0.199749	0.256745
0.362706	-0.257669
3.08951	0.576952
0.612572	0.441978
0.0259294	0.0210663
-0.039253	0.0801259
-0.593304	-0.10556
-0.962671	-0.228027
-0.593304	-0.824047
-0.93008	-1.48087
0.362706	-0.128817
-0.58244	-0.283956
1.07971	-0.04815
-0.821443	0.160206
0.677754	0.291638
-0.593304	0.11108
-0.701941	-0.634298
1.18835	0.173892
-0.386893	0.437402
-0.995263	-0.706619
1.25353	0.427079
-0.908353	-0.829927
-0.658487	0.0318418
-0.897489	-0.11396
-0.256528	0.388444
0.254068	0.296563
-0.549849	-0.333587
0.0367932	0.103863
0.0150657	0.436842
0.243204	0.495387
-0.528122	0.077076
0.656027	0.636818
-0.213073	-0.148284
-0.310847	-0.46427
-0.875761	-1.06342
0.569117	0.41408
-0.810579	-0.29075
-0.767124	0.241873
-0.940944	-0.828521
-0.745396	0.486586
1.7424	0.410267
0.84071	0.425915
0.808119	-0.139596
-0.517258	-0.50977
-0.940944	0.556276
-0.832306	-0.742462
-0.625895	0.397965
3.66528	0.666497
-0.75626	-0.403607
0.199749	0.380146
-0.332574	0.377326
1.02539	0.0627522
5.47953	0.614346
-0.973535	0.359333
0.569117	0.118344
-0.299983	0.696929
1.10144	0.461989
3.51319	0.458635
-0.995263	-0.76245
-0.571577	-0.465637
-0.940944	-0.661947
-0.984399	0.219348
-0.549849	-0.358983
0.992803	0.133589
0.482207	0.385
0.851574	0.366945
-0.84317	-0.585827
-0.245664	0.354353
0.873302	0.332133
-0.104436	0.332366
-0.082708	-0.277888
-0.658487	-0.325239
-0.137027	0.289945
-0.49553	0.285165
1.78586	-0.131542
-0.940944	-0.304409
0.873302	0.516954
0.66689	0.00243742
-0.658487	-0.692731
-0.962671	-0.270529
-0.75626	-0.014987
0.0802482	0.00439592
0.57998	-0.266906
-0.560713	-1.09649
-0.767124	0.060074
-0.897489	-0.0142227
-0.430348	0.351565
-0.788851	-1.12216
-0.549849	-0.144496
-0.647623	-0.38449
1.68808	0.243332
0.232341	0.324908
-0.0609805	-0.0557958
-0.419484	0.392361
-0.32171	0.604615
-0.821443	-0.540285
-0.58244	-0.184422
-0.897489	-0.431649
-0.430348	0.275959
-1.03872	-1.25134
1.02539	0.127443
-0.908353	-0.695124
0.0693844	0.522682
-0.40862	-0.0266131
1.23181	0.324397
-0.712805	0.163789
-0.984399	-1.17012
-0.528122	0.367769
-0.908353	-0.258778
-0.419484	-0.679267
0.178022	0.627912
0.308387	0.620189
-0.256528	-0.519662
-0.32171	-0.441125
0.112839	0.242873
1.48167	0.246818
0.862438	0.31829
-0.430348	0.0817109
-0.799715	-0.631698
-0.593304	0.0435122
-0.940944	-0.326741
-0.962671	0.463854
-0.875761	-0.774497
-0.299983	0.193301
-0.104436	-0.541175
0.471343	0.433227
-0.104436	0.630808
0.395297	-0.274554
1.54685	-0.0557152
0.438752	0.65644
0.656027	0.445998
-0.169618	-0.206662
-0.137027	0.410799
-0.886625	-0.186516
-0.571577	0.359116
-0.137027	-0.0700501
0.590844	-0.0856851
1.61204	0.404604
-0.962671	-0.580901
-0.299983	0.265027
0.167158	0.11423
-0.962671	-1.10551
0.362706	0.107515
-0.223937	0.298276
0.0259294	0.454134
-0.506394	0.310417
1.21008	0.170156
-0.897489	-1.06441
0.960212	0.276633
-0.245664	-0.283043
0.264932	0.438498
2.02486	0.109585
-0.332574	0.542568
-0.0609805	-0.00246835
-0.158754	0.448987
-0.00666181	0.296812
-0.419484	-1.02415
0.938484	-0.206077
-0.864898	-0.895949
1.00367	0.0389675
-0.93008	0.240495
-0.886625	-0.634977
-0.462939	-0.456356
-0.864898	-0.532528
0.981939	0.31228
-0.745396	0.244919
-0.93008	-0.610305
-0.864898	0.263437
1.2644	0.678102
-0.213073	-0.243553
0.514798	-0.00701913
-0.517258	0.461238
-0.777988	0.102598
1.34044	0.227442
-0.14789	0.124467
-0.452075	-0.268141
1.2644	0.293285
0.938484	-0.219405
0.319251	0.166677
-0.995263	-0.84063
1.77499	0.326319
2.14436	0.452563
-0.615032	0.0091811
0.254068	0.0610796
-0.625895	-0.564905
-0.680214	0.466707
0.503934	0.471914
1.67722	0.690565
0.0150657	0.54598
-0.84317	0.312307
0.656027	-0.323423
0.330114	0.140083
-0.951808	-0.286714
-0.00666181	-0.358916
-0.484667	0.173786
3.75219	0.761409
2.80705	0.619427
0.406161	0.0312806
-0.821443	-0.68862
0.677754	0.0783173
-0.691078	0.179314
-1.02785	0.356223
-0.473803	-0.0388308
0.362706	0.103971
-0.767124	0.193819
0.460479	-0.327127
-0.788851	-0.596235
-0.0283893	0.313354
2.65496	0.542398
0.916757	-0.328508
0.938484	0.3996
-0.821443	0.262263
-0.560713	0.336428
-0.202209	0.336301
-0.864898	0.0503413
-1.00613	-0.223393
-0.473803	-0.272396
-0.115299	0.0385644
-0.528122	0.513642
0.00420194	0.246081
-0.636759	0.0577918
2.253	0.188001
2.93741	0.406133
-0.2348	-0.12935
-0.984399	-0.602917
2.31818	0.434781
-0.082708	-0.435231
0.275796	0.0904368
-0.647623	-0.608103
1.49254	0.590213
-0.14789	0.412356
-0.66935	0.438188
-0.745396	-0.792034
-0.691078	-0.841995
0.362706	0.565625
0.340978	0.215603
-0.419484	0.0437271
-0.343438	0.200191
-0.962671	-0.307816
1.10144	-0.00096712
-0.615032	0.304733
1.69895	0.321946
-0.560713	-0.876729
1.04712	0.69555
-0.00666181	0.441079
-0.897489	-0.655819
0.808119	0.395089
1.18835	0.328583
2.05745	0.426545
0.145431	-0.0344256
-0.137027	-0.0256928
-0.951808	-0.587448
-0.365165	-0.366551
-0.962671	0.0593316
0.710345	0.375499
0.732073	0.656033
-0.919216	-0.310678
-0.951808	-1.08225
-0.973535	-0.246563
-0.0718443	0.0440053
-0.278255	-0.944671
0.395297	-0.141657
-0.745396	-0.145853
0.786392	-0.299905
-0.615032	-0.127387
0.971075	0.212484
1.97054	0.320401
-0.864898	0.0434052
-0.267392	-0.135853
0.123703	0.214435
-0.278255	0.178187
3.51319	0.428935
-0.691078	-0.0134551
1.07971	0.25091
-0.593304	0.222988
-0.658487	-0.564915
-0.191345	0.249482
-0.821443	0.40291
-0.712805	0.0432048
-1.03872	-1.31167
-0.538985	-0.739405
-0.0718443	0.193967
-0.962671	-0.0953296
-0.788851	-0.160931
-0.202209	0.322152
-0.810579	-0.344485
2.16609	-0.255394
-0.625895	0.36825
0.0259294	0.023421
-0.940944	0.598131
-0.571577	-0.56801
1.47081	0.652164
0.482207	0.294514
0.775528	0.0542928
-0.897489	0.0534926
-0.538985	0.28995
-0.973535	0.0386045
0.0802482	-0.237102
-0.995263	-0.200117
1.47081	0.286593
-0.310847	0.126128
1.04712	-0.612357
-0.680214	0.315124
-0.137027	0.360732
0.873302	-0.141394
-0.767124	-0.0862289
1.28612	0.455724
1.04712	0.203924
-0.0935718	-0.390716
1.04712	0.536092
-0.625895	-0.539366
-0.00666181	0.436581
-0.571577	0.0447693
-0.897489	-0.257783
-0.908353	-0.563649
-0.538985	-0.336413
0.0585207	0.0381269
-0.430348	-0.84226
-0.864898	0.239524
-0.343438	0.25175
-0.886625	-0.465831
-0.962671	0.0401302
-0.169618	0.310959
-0.658487	-0.701549
-0.777988	0.153104
1.18835	0.424359
1.51426	0.259527
-0.289119	0.240126
-0.658487	0.0395112
1.52513	0.545226
0.49307	-0.667675
0.634299	0.225111
-1.00613	-1.79018
-0.886625	-0.11488
-0.343438	0.181305
-0.604168	0.277245
-0.40862	-0.414722
-0.397757	-0.0474899
-0.299983	-0.606104
-0.854034	-0.804824
-0.0718443	-0.0615069
-0.538985	0.444133
-0.908353	-0.252677
0.981939	0.4223
-0.962671	-0.853697
-0.658487	-0.371769
1.2644	0.827889
-0.897489	-1.00227
-0.940944	0.240494
0.0150657	0.405189
0.167158	0.158693
-0.864898	-1.68456
1.54685	-0.174093
3.67615	0.77541
-0.777988	-0.0834062
-0.473803	0.328677
-0.0283893	0.172076
0.482207	0.410137
-0.14789	-0.0453764
-0.267392	-0.582229
-0.549849	-0.101334
0.417024	0.32197
0.905893	0.140022
-0.267392	0.49941
-0.93008	-0.203371
-0.777988	0.348923
-0.810579	-0.476603
-0.299983	0.508835
-0.897489	-0.332876
-0.354302	0.23202
0.775528	0.0810616
0.199749	0.380146
-0.788851	0.254635
-0.299983	0.263284
-0.897489	-0.673053
0.0150657	0.30256
1.04712	0.376063
1.32958	0.12318
-0.473803	0.196165
3.29592	0.752961
-0.332574	-0.24495
2.14436	0.21745
3.21987	0.570955
0.101976	-0.315711
-0.647623	-0.946015
-0.680214	-0.0311572
-0.919216	0.0285588
-0.462939	0.226308
-0.332574	0.186682
0.243204	0.302539
-0.810579	-0.203964
1.56858	0.0601525
-0.821443	-1.10535
1.87277	0.575525
-0.951808	-0.673919
-0.0175256	0.136674
2.99173	0.804701
-0.647623	-0.441597
-0.75626	-0.170423
0.92762	0.0330715
-0.723669	-0.318682
-0.886625	-1.02451
0.57998	0.390711
-0.0935718	0.378143
-1.01699	0.0829137
-0.126163	0.172024
-0.973535	-0.874152
0.199749	0.0434894
-0.0609805	-0.0791046
0.471343	0.257045
-0.343438	-0.602711
0.503934	0.56312
-0.528122	0.544309
-0.430348	-0.0127039
-0.484667	0.049565
1.61204	-0.13203
-0.538985	-0.0662309
0.460479	0.267969
-0.75626	-1.24357
-0.897489	-1.01259
-0.799715	-0.708326
-0.810579	0.0980766
-0.658487	-0.35934
-0.680214	0.291821
-0.2348	0.169811
-0.32171	-0.0678979
-1.03872	-0.381699
2.74187	0.338077
-0.223937	0.415762
-0.245664	0.42068
-0.517258	-0.901343
-0.473803	0.165504
-0.691078	0.703285
2.43768	0.181994
0.92762	0.342747
0.590844	0.648618
-0.897489	-0.133251
-0.984399	-1.46286
-0.571577	-0.785635
0.49307	0.131796
-0.376029	0.0290618
0.569117	0.55851
-0.919216	-0.236402
-0.973535	-0.502497
0.0802482	-0.333849
2.55718	0.165568
-0.810579	-0.0617082
-0.908353	0.327599
-0.180482	0.583317
-0.940944	-1.21479
-0.951808	-1.1237
-0.452075	-0.53764
-0.506394	0.0719549
-0.354302	-0.526319
-0.93008	-0.473054
-0.625895	-0.707166
0.275796	0.376422
-0.213073	-0.0855497
-0.821443	0.218579
-0.647623	0.0402493
0.362706	0.117627
1.97054	0.280611
-0.365165	-0.0778536
-0.799715	-1.10831
0.0585207	0.236358
0.275796	0.064441
-0.886625	-0.236734
-0.908353	-1.38245
-0.14789	-0.531046
-0.40862	0.300662
-0.310847	0.421048
-0.354302	0.150734
0.232341	0.640915
-0.517258	-0.196107
-1.00613	-0.12316
-0.951808	-0.114064
0.960212	0.409634
1.2644	0.422408
-0.680214	-0.679868
-0.691078	0.0335495
-0.767124	-0.121426
0.167158	0.213421
-0.940944	-0.210182
0.992803	0.180492
-0.93008	-0.753817
2.41595	0.92202
3.03519	0.398258
1.2644	0.333029
-0.310847	0.373898
0.818983	0.33004
-0.940944	-0.544149
1.7424	0.433867
-1.03872	0.112061
-0.528122	-0.433755
0.623435	-0.153323
-0.191345	0.0680307
-0.799715	-0.150876
-0.58244	0.160488
1.56858	0.336696
-0.973535	0.146792
-0.962671	0.360987
-0.2348	0.14491
-0.777988	-0.184078
-0.343438	0.114355
2.6115	0.633397
-0.799715	-0.142734
-0.32171	0.539916
-0.289119	-0.566773
-0.0501168	0.318427
-0.571577	0.0215854
1.07971	0.408895
-0.386893	0.104427
-0.897489	-0.134416
-0.995263	-0.601015
0.57998	0.118626
2.12263	0.56346
-0.93008	-0.342152
-0.365165	-0.453789
3.10037	0.388216
-0.636759	-0.133217
0.710345	0.194664
-0.49553	-0.0606599
-0.66935	-0.0910392
-0.951808	-0.559353
0.178022	-0.469888
-0.365165	0.559894
-0.951808	-0.79897
-0.897489	0.123694
-0.441212	0.639664
-0.832306	-0.0597546
2.26386	0.767744
1.70981	-0.151766
-0.58244	0.75468
-0.854034	0.368391
1.91622	0.707134
-0.0175256	0.214369
-0.658487	0.21674
1.79672	0.683953
-0.0609805	0.299817
-0.897489	0.102737
1.32958	0.332885
-0.0175256	-0.30548
-0.386893	-0.375574
-0.604168	0.138318
-0.93008	0.0697227
-0.984399	-0.318568
1.55772	0.291154
0.645163	0.863429
-0.658487	0.044916
-0.549849	-0.172151
0.0150657	0.0393343
-0.0283893	0.181634
1.56858	0.111953
0.0259294	0.425919
1.57945	0.248623
0.623435	0.398262
1.70981	-0.0725503
-0.93008	-0.558713
-0.777988	0.26234
-0.354302	0.522913
-0.973535	-0.383565
-0.962671	0.0593316
-0.875761	-0.446597
-0.332574	-1.19164
0.558253	0.349632
-0.701941	0.546093
-0.777988	0.075158
-0.604168	0.409551
-0.864898	0.0946107
-1.00613	-0.521846
-0.625895	-0.745839
0.427888	0.772932
-0.104436	-0.426231
0.178022	0.179093
-0.701941	0.163959
0.949348	0.515616
-0.680214	-0.531004
0.167158	0.580039
-0.278255	0.293327
-0.571577	-0.835435
0.0911119	0.479944
-0.810579	-1.23976
-0.897489	-0.333903
0.362706	-0.414065
-0.039253	0.349466
-0.908353	0.333201
-0.0283893	0.125174
0.699482	-0.178067
-0.984399	-1.97703
-0.40862	0.395266
-0.137027	0.660733
0.254068	0.339634
-0.593304	-0.144424
-0.484667	-0.232858
-0.951808	-0.914033
0.264932	0.241158
0.503934	0.0902154
-0.278255	0.268266
-0.734533	-0.684765
1.10144	0.42232
2.38336	0.617414
0.92762	0.557699
0.101976	0.381516
-0.734533	-0.602822
-0.788851	-0.387184
-0.951808	-0.124344
1.66636	0.148
0.319251	0.483021
-0.919216	-1.02751
-0.84317	0.0356358
-0.245664	-0.0678212
-0.767124	-0.281716
-0.376029	0.0312931
-0.951808	-0.231375
0.243204	0.258734
-0.832306	-0.95645
0.623435	-0.1243
-0.84317	-0.752432
4.39316	0.494063
-1.01699	-0.525509
-0.213073	0.0603726
2.44854	0.42026
-0.430348	-0.246924
1.42735	0.464468
0.319251	0.530774
-0.2348	0.108583
-0.647623	-0.882414
-0.951808	-0.561111
0.178022	0.0560416
-0.528122	-0.99417
1.64463	0.500064
-0.777988	0.243075
-0.723669	0.225337
-0.14789	0.116357
0.84071	0.312648
-0.0935718	0.388466
-0.213073	-0.108425
-0.039253	0.343948
-0.354302	0.170956
0.427888	0.28302
-0.712805	0.063182
-0.680214	-0.263753
-0.0501168	0.198318
-0.973535	-0.213712
-0.886625	-0.295621
-0.593304	0.422939
-0.517258	-0.135764
-0.332574	0.0422862
0.981939	0.470447
0.373569	0.575757
-0.875761	-0.651101
0.297523	0.268652
1.59031	0.319133
-0.104436	0.82206
-0.223937	-0.224899
-0.788851	0.280409
-0.158754	0.62271
-1.00613	0.0536005
1.34044	0.636606
-0.615032	-0.0801106
-0.810579	0.392031
-0.712805	0.357645
4.49093	0.72079
0.0911119	0.342457
4.33884	0.621176
-0.919216	-0.505224
1.09058	-0.0166821
0.264932	0.161484
0.417024	0.21979
0.905893	0.260738
-0.734533	-0.838723
-0.897489	-0.466603
0.742937	-0.157793
-0.549849	0.315756
-0.908353	0.384929
-0.647623	-0.466179
0.351842	-0.241969
0.395297	0.0968341
-0.137027	0.238242
1.00367	0.459125
-0.169618	0.507342
-0.919216	-0.549183
0.254068	0.48277
-0.973535	-1.7741
-0.940944	-0.785981
-0.386893	0.497209
-0.593304	-0.272822
0.362706	0.236455
-0.104436	0.349551
-0.604168	0.295061
-0.734533	-0.0116533
-0.267392	0.0448593
0.00420194	-0.431686
-0.886625	-1.03185
-0.93008	-0.557747
-0.169618	0.285507
-0.2348	0.210062
-0.376029	0.316835
0.188886	0.0301464
0.0693844	0.367761
0.362706	0.380684
-0.58244	-0.661296
-0.0175256	0.050864
0.351842	-0.38236
-0.32171	0.227301
-0.126163	0.0220073
1.17749	0.403821
-0.734533	0.271583
-0.875761	-0.462324
0.134567	-0.0203322
-0.788851	-0.55423
-0.289119	-0.646424
-0.821443	0.360729
-0.908353	-0.953131
-0.32171	0.499058
-0.788851	-0.154532
-0.158754	-0.507855
-0.137027	0.253884
2.1335	-0.0528269
-0.875761	-0.654788
-0.962671	-0.281875
-0.962671	-0.74385
1.09058	0.465131
1.3839	0.0705998
-0.767124	0.494275
-0.267392	0.290148
-0.723669	-0.721601
-0.213073	-0.364053
0.0911119	0.459469
-0.951808	-0.134344
1.28612	0.371972
1.00367	0.320199
-0.593304	0.37797
-0.864898	-0.745457
0.645163	-0.163868
-0.897489	-0.781576
-0.419484	-0.186643
-0.082708	0.356696
-0.452075	0.741722
-0.354302	-0.180845
-0.701941	0.216866
-0.897489	-0.175271
-0.278255	0.402436
-0.386893	-0.243057
-0.636759	-0.736251
-0.549849	-0.445083
-0.680214	0.029205
0.536525	0.418951
-0.604168	-0.0222347
0.156294	0.630487
0.710345	-0.152676
-0.180482	0.0813023
-0.734533	0.362581
-0.854034	0.196697
0.916757	0.342773
0.699482	0.0849262
1.03626	0.515553
0.178022	-0.365397
-1.00613	-0.28605
-0.854034	-0.366715
1.36217	0.552728
2.78532	-0.046671
2.31818	0.53543
0.84071	0.140893
-0.788851	-0.913507
1.18835	0.527644
0.503934	0.334436
0.232341	0.516721
-0.919216	-0.646062
-0.788851	-0.425283
0.471343	0.174479
-0.49553	0.180106
0.319251	0.150415
-0.951808	-0.540728
-0.0935718	0.0967251
2.18781	0.431097
-0.897489	-0.531908
0.656027	0.183457
0.992803	0.343948
0.395297	0.221862
3.04605	0.0156447
0.884165	0.490312
-0.886625	0.0639173
1.85104	0.448744
1.22094	0.476054
-0.14789	-0.845767
0.558253	0.438194
-0.919216	-0.372698
-0.636759	-0.919177
-0.973535	-0.882965
0.134567	0.273678
0.699482	0.15781
-0.919216	-1.06369
-0.93008	-0.658158
-0.039253	-0.444288
-0.875761	-1.3195
3.76306	0.681182
-0.864898	-0.926447
3.18728	0.125264
1.43822	0.323053
-0.593304	0.0169786
-0.951808	-0.760149
-0.973535	-1.46895
-1.01699	-0.336317
-0.897489	-0.640604
-0.0935718	0.608043
2.26386	0.43635
1.75326	0.272561
-0.995263	-0.878124
-0.93008	0.27585
0.0911119	0.201235
1.09058	0.342606
-0.821443	-0.0580067
0.340978	-0.144993
0.0911119	0.229907
1.61204	0.475286
-0.528122	-0.574995
-1.01699	0.296623
-0.745396	-0.462806
0.0911119	0.324614
1.55772	0.439828
-0.419484	-0.339338
-0.897489	0.210989
-0.723669	0.304326
-0.886625	-1.16389
-0.0718443	0.421756
-0.712805	-0.301811
2.23127	0.407067
-0.919216	0.23623
0.395297	0.211291
-0.256528	-0.120076
-0.528122	-0.69405
-0.940944	-0.649283
0.167158	0.324727
-0.962671	-0.586609
0.482207	0.307582
-0.777988	0.224739
-0.864898	-0.98765
-0.875761	-0.580841
-0.84317	-1.33677
0.406161	0.321791
-0.962671	-0.423627
-0.745396	-0.436524
-0.506394	-0.0180107
0.340978	0.00603717
1.01453	0.413341
0.178022	-0.0346789
-0.126163	0.288707
0.525662	0.0991895
0.0150657	0.0933498
-0.0283893	0.169724
-0.854034	-0.268205
-0.940944	0.779409
3.95861	0.537757
-0.528122	0.235369
-0.256528	0.0347216
0.275796	0.237571
-0.267392	-0.0287186
0.167158	-0.195051
1.41649	0.27882
1.02539	0.51004
-0.93008	-1.31852
-0.908353	-0.535657
-0.180482	0.047757
0.949348	0.459827
-0.810579	-0.454772
0.123703	0.366751
1.68808	0.347434
0.0693844	0.796952
-0.267392	-0.386138
2.8505	0.517384
-0.886625	-0.477303
0.471343	0.27683
1.47081	-0.147333
2.57891	0.466189
0.829847	0.446574
0.243204	-0.0888406
3.50233	0.741236
2.80705	0.767297
4.29538	0.623683
0.49307	0.163785
-0.745396	-0.0613486
1.43822	0.420805
-0.886625	0.600147
-1.02785	-1.43105
-0.58244	-0.147521
1.49254	0.60012
0.460479	0.417426
0.688618	0.576272
-0.560713	-0.242642
-0.832306	0.0452259
0.417024	0.0324575
0.742937	0.53652
0.351842	-0.0226141
-0.604168	0.444462
0.395297	0.500204
-0.625895	-0.584499
-0.137027	0.682599
1.84017	0.287738
0.0367932	0.283578
-0.560713	-0.270704
-0.430348	0.207913
0.330114	0.399061
-0.995263	-0.592202
-0.625895	-1.63032
0.66689	0.247422
-0.864898	-0.18726
-0.810579	-0.641629
-0.951808	-0.981778
1.05799	0.325088
0.00420194	-0.104346
-0.75626	0.653414
0.92762	0.366938
-0.604168	-0.96667
-0.49553	-0.111081
-0.0718443	0.352813
-0.810579	-0.0957033
2.89396	0.404831
0.558253	0.402185
-0.973535	-0.221892
-0.832306	-0.314144
-0.58244	0.508166
0.482207	-0.202218
-0.93008	-0.613702
-0.875761	-0.549844
-0.126163	0.227905
0.0693844	0.139826
-0.93008	-0.186157
-0.864898	-0.936231
-0.777988	-0.289936
-0.604168	0.401473
-0.84317	0.494665
-0.777988	-0.562253
2.11177	0.431832
-0.810579	-0.734554
1.02539	-0.049859
-0.984399	-0.640828
-0.973535	-0.598512
2.24213	0.61029
-0.832306	-0.365628
0.590844	0.216035
-0.897489	-0.347061
-0.473803	0.119493
-0.908353	0.353496
0.427888	0.234853
-0.2348	0.281783
0.156294	0.459481
-0.821443	-0.30057
0.732073	0.506086
-0.886625	0.147524
1.3839	0.40435
2.89396	0.591117
-0.919216	0.879774
0.916757	0.382718
0.286659	0.0814162
-0.245664	-0.481516
-0.082708	0.356696
-0.734533	0.0509622
-0.821443	-0.121675
0.275796	0.7091
-0.0718443	-0.0080272
-0.636759	0.25705
-0.93008	-1.48087
-0.484667	0.0392869
-0.962671	-0.600294
-0.571577	0.215393
0.797255	0.156318
0.829847	0.097363
-1.01699	-1.60212
-0.137027	0.0332349
2.24213	0.61029
0.145431	0.0506379
-0.452075	-0.242769
-0.712805	-0.532671
-0.484667	-0.292837
0.384433	0.372916
-0.951808	-0.627043
0.254068	0.326966
-0.517258	-0.461102
0.525662	0.686782
-0.984399	-0.536029
-0.93008	-0.33547
-0.376029	-0.227521
-0.908353	-0.770978
-0.343438	0.140416
-0.549849	0.295975
0.0367932	0.149293
-0.267392	0.400144
0.645163	0.322841
4.37143	0.462409
-0.886625	-0.835008
-0.951808	-0.417639
-0.452075	0.393353
-0.864898	0.524199
1.5034	0.356989
-0.593304	0.202738
-0.658487	0.292987
0.167158	0.358806
-0.137027	0.557535
-0.897489	0.00969128
-0.951808	-0.305988
-0.93008	0.14523
-0.940944	-1.04511
2.11177	0.465532
1.27526	0.432394
0.243204	0.139656
-0.549849	-0.150955
2.48114	0.357682
-0.365165	0.287046
-0.962671	0.382627
-0.832306	-0.125111
3.51319	0.758404
-0.223937	-0.118146
0.210613	0.324395
-0.180482	0.0186194
0.0476569	0.466589
-0.832306	-0.680545
-0.647623	0.22072
-0.908353	-0.469692
1.97054	0.0378655
1.05799	0.13593
1.10144	0.379543
0.525662	0.176181
-0.886625	-0.465831
3.80651	0.81752
-0.854034	-0.122471
0.590844	0.729162
-0.854034	0.416512
-0.93008	-0.182819
-0.0609805	0.115385
-0.32171	0.183849
0.264932	0.675136
-0.354302	0.613319
-0.875761	-0.630783
2.11177	0.37401
1.05799	-0.121048
1.70981	0.35877
-0.462939	0.175936
-0.886625	0.226909
-0.66935	0.181517
0.460479	0.0910709
-0.712805	-0.482669
-0.93008	0.285228
0.384433	0.716243
-0.701941	-0.650675
-0.191345	0.446762
-0.386893	-0.543803
-0.810579	-0.567558
0.742937	0.00681287
0.938484	-0.218939
-0.691078	0.301915
1.23181	0.587926
-0.484667	-0.165201
-0.984399	-0.153631
-0.919216	-0.945655
2.30732	0.479698
-0.310847	0.0568221
-0.604168	-0.334091
-0.289119	-0.549741
-0.973535	-0.124956
-0.58244	0.0801
1.7424	0.503241
-0.886625	-1.55626
-0.0718443	0.386192
3.26333	0.319831
-0.919216	-0.358583
-0.506394	-0.222776
0.254068	-0.152017
0.243204	0.478816
-0.712805	-0.655665
0.569117	0.363514
-0.962671	-1.57785
-0.039253	0.473711
1.17749	0.268199
-0.0175256	0.015698
-0.897489	0.476136
-0.821443	-0.50442
0.00420194	-0.142808
-0.202209	0.326917
-0.919216	-1.46044
-0.40862	0.119269
-0.908353	0.274914
0.971075	-0.0233884
-0.32171	0.343129
-0.788851	-0.744181
0.710345	-0.130495
0.123703	-0.287976
0.49307	0.623216
0.981939	0.4223
-0.75626	0.0305578
0.503934	0.427922
0.710345	0.464676
-0.908353	-0.603083
-0.267392	0.418514
-0.473803	0.10931
-0.528122	-0.69405
-0.962671	-0.586881
-0.962671	-0.270427
-0.93008	0.104154
-0.767124	-0.435723
-0.256528	-0.171326
-0.854034	0.151492
-0.995263	0.413983
1.05799	0.040569
1.01453	-0.191014
0.384433	-0.174287
-0.680214	0.228926
-0.854034	-0.480088
-0.49553	-0.371182
-0.082708	0.135807
-0.169618	0.330343
-0.571577	0.0745423
0.775528	0.206159
-0.386893	0.221947
-0.734533	-0.242093
0.373569	0.374822
1.34044	0.257655
0.0259294	0.439904
6.00099	0.497011
-0.528122	0.141217
-0.528122	0.0962086
-0.473803	0.166152
1.34044	-0.464391
2.1009	0.271306
-0.93008	-0.68796
1.18835	0.412408
-0.386893	0.222027
0.49307	-0.241572
0.645163	0.436431
3.86083	0.670415
1.3839	0.251532
0.612572	-0.0579622
-0.962671	-0.447189
-0.810579	-0.406335
-0.560713	-0.485457
1.05799	0.372777
-0.647623	-0.045272
0.178022	-0.217451
0.210613	0.337777
0.156294	0.18705
0.49307	0.242611
0.547389	0.112414
-0.919216	-0.0524485
-0.191345	0.431265
-0.767124	0.343808
-0.886625	-1.0062
-0.919216	-0.153605
0.623435	-0.0656683
-0.984399	-1.08397
-0.75626	-0.119572
0.471343	-0.52477
-0.40862	0.164893
-0.0175256	-0.259714
-0.278255	-0.04979
-0.213073	-0.264602
-0.832306	-1.75455
-0.734533	0.353521
-0.441212	0.475151
-0.0501168	-0.354209
2.60064	0.227976
0.732073	0.230628
-0.2348	0.302837
0.884165	0.494065
0.710345	0.472367
-0.897489	-0.546845
-0.615032	-0.458785
-0.734533	0.343916
-0.517258	0.378814
-0.202209	0.621291
-0.593304	0.557041
-0.745396	-0.582995
-0.473803	-0.22761
-0.940944	-0.136442
-0.549849	-0.528681
-0.245664	0.251424
0.0150657	0.398988
0.210613	-0.44605
0.742937	0.0780079
-0.549849	0.244304
-0.777988	-0.251669
1.8619	0.594248
0.558253	0.216446
-0.299983	0.117271
-0.940944	-1.12063
-0.00666181	-0.577594
-0.940944	-0.730307
-0.126163	0.0422127
-0.886625	-0.312644
-0.962671	-0.626043
0.188886	0.0948828
-0.636759	-0.203144
0.362706	0.399658
-0.625895	-0.236033
-0.00666181	0.208866
0.0476569	-0.398163
-0.897489	0.345808
-0.864898	0.239524
1.03626	0.137289
0.199749	0.370192
0.210613	0.0385874
-0.213073	-0.18428
-0.49553	-0.118467
-0.615032	0.0489298
0.482207	0.226043
1.1123	0.499587
-0.940944	-0.683146
0.406161	-0.109851
1.00367	0.459125
-0.441212	0.245093
-0.137027	0.400115
-0.919216	-0.30897
-0.180482	0.182976
-0.984399	-0.652613
-0.289119	-1.05994
-0.245664	-0.710303
0.199749	0.377624
0.949348	0.43651
-0.658487	0.181636
-0.832306	0.200568
0.525662	0.158577
0.156294	-0.592989
0.232341	0.323568
-0.767124	-0.49379
-0.0501168	0.198318
-0.940944	-0.270354
0.134567	-0.537776
-0.430348	-0.216154
0.0911119	0.173715
0.829847	-0.465262
-0.701941	0.431841
-0.0935718	-0.11057
5.12103	0.677033
0.949348	0.385052
1.17749	0.424659
-0.962671	-0.79536
1.45994	-1.09271
-0.658487	-0.124778
-0.278255	0.698137
-0.940944	-0.728005
-0.832306	0.412654
1.25353	0.634896
-0.299983	-0.201226
0.275796	-0.124918
0.449616	0.501773
-0.75626	-0.69754
-0.376029	0.163352
0.156294	0.657302
-0.919216	-0.966612
-0.691078	-1.17235
-0.712805	-0.501378
0.460479	-0.02449
0.308387	0.0943314
0.243204	0.311189
-0.343438	-0.0590677
-0.549849	0.143525
-0.821443	-0.556969
-0.2348	0.281783
-0.854034	-0.510578
-0.560713	-0.226446
0.264932	0.109889
-0.919216	-0.663526
-0.658487	-0.599884
-0.919216	-0.220915
-0.75626	-0.640355
-0.75626	-0.469215
0.330114	0.458784
1.44908	0.567702
-0.788851	-0.868697
-0.734533	0.480905
-0.951808	-0.159907
0.623435	0.177567
-0.00666181	0.0322902
2.55718	0.632432
-0.777988	-0.822215
0.156294	0.309518
-0.821443	0.252222
-0.625895	-0.132156
-0.973535	0.225782
1.34044	-0.235323
-0.310847	-0.16525
-0.995263	-0.761158
-0.419484	0.175457
0.656027	0.120696
-0.788851	-0.616968
-0.75626	-0.325854
0.905893	-0.328709
-0.14789	-0.456547
0.471343	0.56337
0.112839	0.0826354
-0.734533	-0.45174
2.32904	0.542864
-0.940944	-0.481853
-0.864898	-0.0190228
-0.854034	-0.763164
-0.267392	0.331332
-0.343438	0.371274
0.547389	0.41401
-0.723669	0.258421
-0.137027	0.515427
-0.951808	-0.767979
-0.973535	0.289908
-0.180482	0.0811804
-0.799715	0.1424
0.0476569	0.10772
-0.462939	0.289466
-0.723669	-0.32081
-0.58244	0.235709
0.373569	-0.395881
-0.593304	0.443752
-0.832306	-0.281765
0.264932	0.350935
-0.973535	-0.762325
-0.604168	-0.0367275
-0.810579	0.266417
-0.473803	0.21263
-0.973535	0.0746405
-0.039253	-0.0248438
-0.951808	-0.0864368
-0.712805	0.212543
-0.75626	0.353257
0.0802482	-0.440112
1.48167	0.282706
-0.75626	0.39027
-0.886625	-0.492641
-0.973535	-1.19864
-0.973535	0.0841556
-0.777988	-0.255213
-0.777988	-0.211514
0.340978	-0.24268
-0.169618	0.0964916
-0.734533	-0.567858
-0.430348	0.00787978
-0.93008	-0.298749
-0.593304	0.124899
-0.66935	-0.192191
2.74187	0.390762
-0.897489	0.123694
1.3839	0.53206
-0.538985	-0.358594
-0.332574	0.00327089
0.319251	0.649236
1.06885	0.572796
0.569117	0.277506
-0.995263	-1.51416
0.406161	0.4203
0.145431	0.244222
-0.278255	0.0626886
1.79672	0.256513
-0.278255	0.22345
0.167158	0.142277
-0.864898	-0.490129
-0.940944	-0.7004
-0.462939	-0.272483
-0.180482	0.130307
-0.832306	-0.0871224
-0.386893	-0.156824
1.6229	0.558672
-0.462939	-0.124108
-0.973535	-0.299145
0.0150657	-0.15889
-0.615032	-0.323308
0.808119	0.403258
0.395297	-0.0426022
1.89449	0.227838
0.547389	0.198877
2.83964	0.104829
0.199749	-0.451425
-0.712805	0.440887
-0.84317	-1.53829
-0.658487	-0.65789
-0.658487	0.0459213
0.134567	0.338288
0.101976	0.264297
-0.169618	-0.615458
-0.940944	0.252871
0.84071	-0.0200504
0.482207	0.0678736
0.710345	-0.230292
-0.00666181	-0.209041
-0.191345	0.348097
-0.517258	0.531765
-0.908353	-0.41384
2.43768	0.512352
-0.625895	0.196355
-0.289119	0.454823
3.89342	0.271447
1.12317	0.495079
-0.538985	-0.739405
-0.32171	-0.698266
-0.310847	0.327021
-0.788851	-1.16238
-0.864898	-0.569588
0.710345	-0.00908952
-0.821443	-0.19658
5.43607	0.349096
3.37196	0.37322
-0.897489	0.141137
-0.549849	-0.445083
-0.658487	-0.374727
-0.658487	0.517945
-0.419484	-0.525984
-0.245664	0.42396
0.0150657	0.212278
-0.310847	0.187053
-0.2348	-0.114217
0.0585207	-0.875399
-0.636759	-1.26048
-0.984399	-0.454386
-0.854034	0.464657
-0.376029	0.464136
0.7538	0.37527
-0.604168	0.388455
2.64409	0.223192
-0.58244	-0.341284
-0.604168	-0.734542
0.569117	0.211156
-0.245664	0.405729
-0.484667	0.425254
-0.93008	0.0113376
-0.734533	-0.708734
0.330114	0.0334413
-0.180482	-0.317643
-0.419484	-0.250384
0.156294	-0.199519
2.51373	-0.134832
-0.245664	0.407104
2.52459	0.0615575
-0.93008	0.362953
-0.658487	0.240347
-0.951808	-0.699876
-0.647623	0.502137
3.30678	0.334823
-0.832306	-0.233095
0.351842	0.176111
0.656027	0.438013
0.178022	0.465738
-0.886625	-1.70373
-0.886625	-0.353051
1.5034	0.0605672
-0.462939	0.453233
-0.267392	0.00826046
-0.386893	-0.117997
-0.886625	0.271212
0.0693844	0.416931
-0.897489	-0.0726934
-0.267392	0.34002
-0.908353	0.592401
1.18835	0.849975
-0.571577	-0.290484
1.10144	-0.103547
0.699482	0.260308
2.27472	0.206735
-0.397757	0.0201146
2.35077	0.39026
-0.951808	-0.0255598
1.3839	0.443214
-0.777988	-0.498016
-0.40862	0.368488
-0.256528	0.401625
-0.897489	-0.648612
-0.680214	-0.679868
-0.66935	1.08184
-0.571577	0.374138
1.66636	0.570868
-0.875761	-0.816218
-0.223937	0.34595
-0.278255	0.106182
-0.951808	-0.653228
-0.875761	-0.232539
0.199749	-0.0880577
2.86137	0.263254
-0.919216	0.331781
-0.0718443	0.268963
0.330114	0.578677
-0.278255	-0.336205
0.732073	0.24337
-0.723669	-0.293325
-0.973535	-0.731291
-0.299983	0.0599614
0.732073	0.552614
0.0259294	-0.218915
-0.615032	-0.848081
-0.00666181	-0.140987
-0.0718443	0.301724
-0.528122	-0.51092
-0.658487	0.0444852
-0.821443	-0.380739
-0.984399	-1.17012
-0.267392	0.0917295
5.52298	0.564563
0.340978	0.468482
0.0367932	0.296539
-0.908353	-0.342953
0.199749	0.386165
-0.832306	-0.916973
-0.908353	-0.205083
-0.625895	0.422855
-0.84317	-0.0232848
-0.951808	0.400023
-0.104436	0.277115
-0.376029	0.604715
-0.397757	0.409873
-0.560713	-0.334175
2.66582	0.684998
-0.940944	-0.633994
0.221477	-0.104602
-0.169618	0.299061
0.503934	0.549835
-0.386893	-0.217003
0.0150657	0.369775
1.84017	0.377664
1.88363	0.27041
0.297523	0.379671
0.601708	-0.00429601
-0.365165	-0.0778536
-0.723669	-0.759111
0.7538	0.515373
-0.158754	-0.125055
-0.180482	0.185643
-0.32171	0.371544
-0.332574	-0.671131
0.808119	0.427362
0.319251	-0.564104
-1.00613	-0.613111
-0.962671	-0.159177
0.145431	0.0310817
0.0585207	0.358267
3.05691	0.434212
0.601708	0.677414
-0.995263	0.0216779
-0.973535	-0.649043
-0.767124	0.497001
1.64463	0.281541
-0.691078	-0.40488
-1.00613	-0.0489082
-0.767124	0.182057
-0.636759	0.29001
0.210613	-1.11906
-0.799715	-0.138176
-0.821443	-0.519417
-0.484667	-0.311746
-0.84317	-1.07887
-0.701941	-0.0585545
0.0585207	-0.0954961
-0.680214	0.0339066
-0.278255	0.353815
0.384433	0.454671
0.764664	0.0778351
0.210613	0.150723
7.196	-0.380095
-0.821443	-0.33649
-0.777988	-0.0635055
0.0911119	0.255743
-0.962671	-0.681889
0.514798	0.111046
-0.571577	0.581362
-0.691078	-0.243678
-0.191345	-0.57948
1.05799	0.232071
-0.484667	-0.536659
0.547389	0.134063
0.210613	-0.578069
1.00367	0.430617
-0.864898	-0.880889
-0.473803	0.0907408
3.08951	0.327852
2.17695	0.341233
-0.984399	-0.930709
-0.799715	0.0447249
-0.680214	0.340773
-0.0935718	0.0620876
2.40509	0.49551
-0.256528	-0.448283
3.30678	0.383369
0.0585207	0.420243
-0.2348	-0.226912
-0.886625	-0.340229
-0.886625	-0.103345
-0.854034	-0.69209
-0.180482	0.534674
-0.223937	0.425956
0.590844	0.216035
0.101976	0.498879
-0.658487	-0.568032
-0.202209	0.323687
0.417024	-0.310016
0.427888	0.410303
-0.93008	-0.866784
-0.66935	-0.37955
-0.365165	-0.442841
4.17588	0.447848
0.873302	0.203004
-0.832306	-0.505789
0.0476569	0.441567
1.02539	0.473388
-0.723669	-0.0618567
-0.919216	-0.410714
-0.821443	-0.18367
0.525662	0.171143
-0.940944	-0.918701
-0.126163	0.543883
0.0802482	0.254807
-0.278255	0.140562
1.03626	0.433868
-0.832306	-1.00107
1.2644	0.665017
-0.32171	0.251887
0.275796	0.257159
-0.734533	0.166025
-0.951808	-0.232375
-0.158754	0.315352
0.123703	0.519649
-0.75626	0.0210633
-0.734533	-0.110018
-0.940944	-0.610942
0.558253	0.500151
-0.484667	-1.04249
-0.897489	-0.249136
0.471343	0.0778215
-0.191345	0.546439
-0.571577	0.537276
-0.854034	-1.60577
-0.126163	0.0375993
-0.104436	0.160964
-0.962671	0.23069
-0.517258	0.557011
-0.58244	0.309402
0.134567	0.0231802
-0.039253	0.453451
-0.289119	-0.272885
0.395297	0.475617
1.22094	-1.04346
-0.278255	-0.0581999
3.45887	0.256486
-0.854034	-0.296278
0.536525	0.376137
-0.430348	0.298482
-0.0501168	0.310381
-0.886625	-0.247973
-0.973535	-0.545474
-0.940944	-0.566342
-0.875761	-0.480841
1.59031	0.39962
0.764664	0.0716914
1.41649	0.407524
0.340978	-0.00368902
1.30785	0.179333
-0.767124	0.472658
0.460479	-0.305892
-0.940944	-0.497948
-0.854034	-0.173053
-0.93008	-0.355585
2.24213	0.353402
1.61204	0.3416
0.525662	0.345192
0.569117	0.0964722
-0.343438	-0.187194
-0.951808	-0.518487
-0.995263	-0.934894
-0.137027	-0.214857
1.28612	0.108866
2.91569	0.112056
-0.14789	-0.1189
-0.777988	-0.0540468
-0.66935	0.314406
-0.615032	0.420187
0.742937	-0.196449
-0.549849	-0.114394
-0.213073	-0.300876
1.15576	-0.0426721
-0.93008	-0.557035
-0.875761	-0.389294
-0.126163	-0.397877
-0.962671	-1.64637
-0.49553	0.155798
0.818983	0.527563
0.612572	-0.106976
1.09058	0.462038
-0.951808	-0.41624
0.49307	0.154423
0.0476569	0.221234
-0.397757	-0.267158
-0.58244	0.717503
0.57998	0.107893
-0.93008	-0.793789
-0.462939	-0.370762
-0.66935	0.300594
2.17695	0.62703
-0.75626	-0.740442
0.319251	0.51127
0.145431	0.538748
0.873302	0.34733
-0.604168	0.217447
-0.647623	0.0833519
-0.864898	-0.0529628
0.742937	0.185988
-0.658487	0.306367
-0.289119	-0.130679
-0.93008	0.240495
-0.897489	-0.935798
-0.278255	0.268266
0.775528	0.399215
-0.169618	-0.195143
0.101976	0.159971
-0.615032	-0.661714
2.731	0.0897379
-0.560713	0.0801783
-0.126163	0.258025
0.645163	0.0308358
-0.517258	-0.0698621
0.656027	0.569502
-0.810579	-0.817627
-0.397757	0.209282
-0.137027	-0.166123
-0.940944	-0.492965
1.56858	0.431365
0.243204	0.477727
-0.593304	0.238557
-0.213073	0.168614
0.84071	0.0566666
-0.701941	-1.04228
0.319251	0.139344
-0.777988	-1.04079
-0.310847	0.0597891
0.851574	-0.466986
-0.00666181	0.364264
-0.517258	-0.267013
-0.777988	-0.281645
0.167158	0.184879
-0.49553	0.0105986
-0.0718443	-0.0615069
0.330114	-0.350598
0.0911119	0.267219
-0.886625	-0.353182
-0.712805	-0.221109
-0.864898	-0.903119
0.145431	-0.189294
1.02539	0.127443
1.7424	0.45981
-0.973535	0.210586
0.417024	-0.43282
-1.00613	0.185352
-0.560713	0.398407
-0.00666181	0.338
-0.452075	0.181398
0.145431	0.266831
0.297523	-0.370615
-0.14789	0.0416937
-0.908353	0.105747
-0.864898	-0.0472886
0.503934	0.442101
0.482207	0.0351
2.89396	0.510162
-0.864898	-0.835234
-0.832306	0.210704
-0.473803	-0.873858
-0.560713	-0.152457
-0.777988	-0.929646
-0.984399	0.153568
-0.202209	0.317596
0.514798	0.623905
-0.75626	0.322366
-0.886625	-0.0897277
-0.506394	0.361493
-0.441212	-0.322393
-0.788851	-0.156821
-0.115299	0.53878
-0.897489	-0.953344
-0.560713	-0.638329
-0.365165	0.00838898
-0.84317	-0.500271
0.178022	-0.277879
-0.680214	0.419425
-0.799715	0.0495927
-0.32171	0.476232
1.87277	0.360011
1.23181	0.244673
-0.723669	-0.051192
0.101976	0.0572402
-0.647623	0.258372
-0.854034	-0.0622558
-0.777988	-1.05815
-0.473803	0.0611289
1.1449	0.0925776
-0.538985	0.273853
-0.680214	0.28498
0.710345	0.260191
-0.484667	-0.226633
-1.00613	-0.630868
1.24267	0.242039
0.482207	0.416509
0.949348	0.43651
-0.832306	-1.04142
-0.332574	-0.0704749
-0.245664	0.284234
-0.658487	0.576338
-0.93008	-0.631809
-0.115299	0.376076
-0.745396	-0.532296
1.07971	0.169383
-0.680214	0.347935
-0.332574	0.319375
0.623435	0.410857
0.0693844	0.763708
0.547389	-0.143103
-0.158754	0.0757112
0.710345	-0.28813
-0.919216	-0.182593
-0.202209	0.079453
0.0259294	0.023421
-0.223937	0.0417651
-0.712805	0.451632
-0.549849	0.332306
-0.14789	0.415926
1.87277	0.397084
-0.625895	-0.157089
-0.973535	0.231117
0.0150657	-0.653848
-0.897489	-0.522654
-0.93008	0.0865372
-0.962671	-1.0605
-0.397757	-0.0771966
0.330114	0.406923
2.01399	0.389891
-0.712805	-0.0631111
-0.875761	-0.224761
0.167158	0.573762
0.362706	0.33718
0.275796	0.410878
1.84017	0.283792
0.688618	0.442297
0.971075	0.273454
-0.995263	-0.728755
1.10144	0.320662
0.905893	0.523931
0.916757	0.488847
0.981939	-0.170064
-0.940944	-0.819639
-0.158754	-0.0353264
0.460479	0.451183
-0.886625	-0.8595
-0.951808	0.122541
-0.734533	-0.360188
0.862438	0.644738
1.99227	0.337204
-1.00613	-0.701467
-0.951808	-1.28897
1.32958	-0.142551
-0.84317	-0.37967
1.24267	0.626171
-0.169618	-0.0352495
-0.0175256	0.0968527
9.57516	0.438909
-0.604168	-1.0436
2.52459	0.574685
-0.680214	-0.0553193
-0.126163	0.176941
2.17695	0.484576
-0.49553	-0.0256167
0.742937	-0.238347
0.330114	0.636696
1.16662	0.342957
0.232341	0.266169
-0.386893	-0.760906
-0.93008	-0.830937
-0.506394	0.406482
-0.84317	0.36291
-0.32171	0.683305
-0.864898	-0.154148
-0.213073	-0.243553
-0.973535	-0.0157712
-0.245664	0.270867
0.427888	0.28844
0.101976	0.173571
-0.886625	-0.437807
-0.734533	0.300945
-0.864898	-0.880889
0.210613	-0.139561
-0.32171	0.10239
1.07971	0.0534694
-0.864898	-0.276949
0.49307	-0.266318
5.2188	0.635732
0.340978	-0.165009
3.77392	0.51908
-0.962671	-0.826588
-0.0718443	0.0521034
1.00367	0.293426
-0.278255	0.203849
-0.897489	-0.715194
-0.995263	-0.782229
-0.93008	-0.600283
0.145431	0.356302
-0.680214	-0.369608
0.971075	0.0330511
0.134567	0.0107743
0.0911119	-0.545889
0.134567	-0.24933
-0.962671	-0.679533
-0.701941	-0.503145
-0.0501168	0.263418
-0.908353	-0.838756
0.00420194	0.482893
-0.310847	0.459558
4.9798	0.360093
-0.126163	0.58599
1.36217	0.263849
0.0150657	0.336099
-0.180482	0.417962
-0.908353	-0.258778
-0.723669	-0.285116
0.449616	0.0776686
2.19868	0.530588
-0.84317	-0.0626486
-0.473803	0.238793
-0.00666181	0.493754
0.514798	0.563905
0.873302	0.479629
0.0367932	0.173879
-0.777988	0.696653
0.351842	-0.214067
-0.973535	-0.0385327
-0.625895	-0.268098
-0.886625	-0.352806
-0.799715	-1.16005
-0.430348	0.193921
-0.875761	-0.492345
2.38336	0.669086
3.67615	0.569683
0.721209	0.483137
-0.951808	-0.898114
-0.49553	-0.364867
-0.832306	-0.0957727
0.210613	0.400763
0.275796	0.379971
0.275796	0.518969
-0.723669	-0.35008
0.558253	1.10692
-0.854034	-0.3895
-0.799715	0.179708
0.221477	-0.451989
-0.202209	-0.252304
-0.875761	-0.799097
-0.180482	-0.397896
-0.343438	-0.514139
0.0911119	-0.409282
-0.104436	0.34365
-0.310847	0.21578
-0.745396	-0.221236
-0.832306	0.366153
-0.875761	-0.43455
0.395297	-0.15577
0.884165	0.563518
0.221477	0.121973
-0.604168	0.419356
-0.32171	0.486157
-0.039253	0.288812
-0.908353	-0.830933
0.84071	0.322125
-0.419484	-0.525984
-0.256528	0.240251
0.66689	0.265466
-0.799715	0.464319
-0.0935718	-0.0094735
1.02539	0.0673237
0.286659	-0.516378
0.406161	0.224667
-0.376029	0.573762
-0.571577	-0.464625
1.18835	0.328583
-0.517258	0.386549
0.503934	0.0576664
-0.528122	-0.266103
-0.115299	0.316814
3.42628	0.493164
-0.213073	0.522104
0.188886	0.0012055
-0.854034	-1.10993
-0.940944	-0.223414
-0.310847	0.0320085
0.732073	0.337954
-0.625895	0.273887
-0.788851	-1.63675
4.1107	0.124236
4.33884	0.51726
-0.821443	-0.197417
-0.615032	0.549153
-0.777988	-1.29353
-0.528122	0.284092
1.04712	0.508295
-0.549849	0.477039
0.0585207	0.194876
2.1335	0.423624
0.134567	-0.24933
-0.419484	0.358838
-0.864898	-0.60378
-1.00613	-0.613111
4.1107	0.532482
-0.962671	-0.770325
0.145431	0.253644
-0.278255	-0.444562
-0.528122	0.434459
-0.245664	0.0454732
-0.973535	-0.0436315
-0.886625	-0.137383
1.42735	0.334383
0.0802482	0.508934
-0.549849	-0.939103
-0.528122	0.254184
-0.93008	-0.672691
-1.00613	-0.930401
-0.386893	0.477973
1.66636	0.292845
-0.680214	-0.218829
-0.462939	-0.364195
0.264932	0.142352
0.134567	0.302479
-0.604168	-0.345388
-0.93008	-0.207698
-0.538985	-0.381576
0.340978	-0.406313
-0.560713	-0.427428
1.91622	-0.189576
-0.376029	-0.203365
-0.169618	0.343129
-0.886625	0.181753
-0.473803	0.365222
-0.788851	-0.482521
0.308387	-0.377145
-0.908353	-0.652595
-0.93008	-0.861958
-0.886625	-0.592958
0.286659	0.300928
0.167158	0.0922613
-0.560713	0.0426089
-0.082708	0.322013
-0.973535	0.0746405
2.99173	0.60363
-0.0935718	0.110668
0.254068	0.384036
-0.875761	-0.335737
0.851574	0.312191
-0.701941	-0.0877182
-0.66935	-0.348363
-0.310847	-0.0961945
-0.701941	-0.666573
-0.984399	-0.328965
1.48167	0.081256
0.145431	0.199594
-0.213073	-0.196755
-0.625895	-0.963011
-0.625895	0.0379001
-0.864898	-1.64969
1.41649	0.149832
0.569117	-0.15738
0.264932	0.429028
0.427888	-0.0451219
1.81845	0.345768
0.721209	-0.619868
-0.386893	-0.0994594
-0.0609805	0.583852
2.492	0.069146
-1.04958	0.428057
-0.0935718	0.366815
-0.615032	0.991074
-0.810579	-0.618547
-0.278255	-0.0913837
0.286659	-0.139639
-0.267392	0.416551
-0.473803	0.178964
1.97054	0.0618546
-0.647623	0.0316837
-0.376029	-0.00477302
-0.93008	0.0654648
0.482207	0.226043
1.02539	0.653734
-0.984399	-0.340124
-0.58244	0.4532
-0.984399	-1.03863
0.0259294	-0.3436
-0.462939	0.276274
-0.973535	-0.250681
-0.593304	0.0359323
-0.169618	0.41816
-0.75626	0.322366
-0.701941	0.27991
-1.00613	0.581879
2.22041	0.261603
0.0367932	-0.0237605
2.48114	0.344834
-0.430348	-1.99827
0.145431	0.34119
-0.191345	-0.170614
-0.604168	0.059036
-1.04958	-0.750018
-0.973535	-0.700963
-0.604168	-0.673992
-0.984399	0.38215
-0.49553	0.023463
-0.169618	-0.302423
-0.289119	0.511718
0.319251	0.706069
-0.365165	0.270382
0.243204	0.165106
-0.919216	0.12251
-0.452075	-0.204828
0.460479	-0.343071
0.264932	0.443519
0.286659	0.61184
0.134567	0.409046
0.134567	0.418918
-0.289119	0.285757
0.0693844	-0.0514364
-0.310847	-0.439797
-0.854034	-0.595996
-0.462939	-0.165426
0.0476569	-0.00988364
0.0367932	0.612972
0.721209	0.0960443
-0.647623	0.255882
-0.365165	0.0532286
-0.886625	-0.11488
-0.376029	0.599423
1.29699	0.391226
-0.84317	-0.896207
-0.517258	-0.0114051
1.10144	-0.120586
-0.386893	0.104427
-0.0718443	0.429844
-0.691078	-0.330682
-0.734533	-0.145329
0.340978	0.0510557
-0.767124	0.193819
-0.506394	0.52928
0.884165	0.136399
0.732073	-0.237205
1.21008	0.796262
-0.821443	0.241772
-0.886625	0.219009
-0.169618	0.260874
2.19868	0.533897
-0.549849	-0.557636
-0.788851	0.10421
0.612572	0.540477
2.253	0.493958
-0.191345	0.352783
-0.0718443	-0.0080272
-0.180482	0.293641
0.384433	0.035707
-0.854034	0.425193
0.0585207	0.21834
-0.810579	0.0559819
-0.506394	-0.236614
0.188886	-0.315039
-0.104436	-0.0783207
0.960212	0.3925
-0.908353	-0.280885
-0.14789	0.0745259
-0.299983	0.108892
1.06885	0.572796
0.188886	0.517555
-0.039253	0.495704
-0.082708	0.371178
-0.0718443	0.491995
-0.712805	-0.103398
0.286659	0.0489077
1.16662	0.681401
-0.908353	-0.167183
-0.462939	0.0338847
0.66689	0.412392
-0.940944	-0.368565
-0.777988	-1.05602
-0.0283893	-0.242936
-0.452075	0.0374329
-0.897489	0.243494
-0.84317	-0.670274
0.0367932	0.106898
0.92762	0.562672
-0.560713	-0.72906
-0.680214	-0.820384
-0.223937	-0.0452608
0.101976	0.0793315
0.0259294	0.617367
-0.973535	-0.309801
-0.343438	0.436005
-0.908353	-0.248014
-0.0175256	0.142308
-0.864898	-0.0529628
-0.278255	0.547436
-0.875761	-0.401234
-0.897489	-0.699105
-0.897489	-0.80897
-0.58244	-0.298771
-0.452075	0.291265
-0.897489	-0.116185
0.134567	0.426097
0.0911119	0.46097
-0.169618	0.0822009
1.91622	-0.189576
-0.528122	0.107943
-0.951808	-0.20597
0.786392	-0.539253
0.112839	-0.566642
2.70927	0.560496
-0.93008	-0.796654
-0.832306	-0.906553
0.167158	0.558769
-1.00613	-0.701467
-0.115299	-0.58127
-0.647623	-0.136634
-0.430348	0.234668
1.28612	0.15819
2.53545	0.556871
4.16502	0.431148
-0.821443	0.234665
1.37303	-0.108828
-0.0283893	-0.357416
0.0911119	0.459469
0.851574	0.514959
-0.897489	-1.08078
0.449616	0.0963971
-0.854034	0.337417
0.319251	0.202346
-0.256528	0.481696
-0.832306	-0.0705008
-0.973535	0.442881
-0.951808	-0.77855
1.43822	0.396859
-0.821443	-0.955595
-0.93008	0.0113376
4.41488	0.416133
1.19921	0.390155
-0.940944	-0.31988
-0.788851	-0.59095
1.44908	0.27167
-0.462939	0.0992931
-0.734533	0.203635
-0.940944	-1.10384
-0.615032	0.549153
-0.549849	0.0671373
-0.962671	-0.330966
-0.951808	-0.300271
-0.2348	0.340139
1.77499	0.383989
2.35077	0.39026
0.221477	0.26171
-0.484667	-0.262186
-0.788851	-0.00386647
-0.777988	-0.313064
-0.854034	-0.381986
0.57998	-0.103754
-0.560713	-0.152457
-0.538985	0.366005
-0.104436	0.429828
1.06885	0.36714
-0.419484	0.431572
-0.126163	0.416623
0.971075	0.329815
-0.256528	0.0902664
-1.02785	-1.30319
-0.571577	0.377287
-0.571577	0.317843
-0.528122	-0.083865
0.775528	-0.312338
-0.777988	0.565589
0.286659	-0.203246
0.764664	0.372207
-0.93008	0.372878
-0.615032	-0.324018
0.884165	0.30591
0.645163	-0.685693
1.23181	0.528856
-0.473803	0.716596
-0.799715	-0.0462686
-0.560713	0.640385
-0.908353	-0.549162
-0.441212	-0.791889
-0.821443	0.535793
1.21008	-0.424854
-0.115299	0.453056
-0.604168	0.618301
3.06778	0.257402
-0.940944	-0.257785
0.775528	0.17294
1.18835	0.59198
-0.658487	-0.378807
-0.506394	0.0934331
0.634299	0.411391
0.862438	0.334126
-0.376029	0.0469022
0.0367932	-0.0584617
0.243204	-0.133143
-0.66935	0.271376
-0.680214	-0.840173
-0.365165	-0.328224
2.18781	0.406198
-0.213073	0.0417589
-0.864898	-0.107392
0.330114	0.551525
-0.962671	-0.732451
0.330114	0.363812
0.188886	0.0362425
-0.32171	-0.17666
0.895029	0.12076
-0.973535	-0.699636
0.503934	0.162482
1.82931	0.841591
1.53599	0.434858
3.11123	0.484902
-0.940944	-0.484657
-0.75626	-0.482792
-0.082708	0.582361
-0.32171	0.525816
1.07971	0.269081
-0.864898	-0.270977
0.0367932	0.237549
-0.49553	-0.0398212
-0.310847	0.124404
-0.864898	0.106689
-0.267392	0.401425
-0.0718443	-0.203817
-0.680214	0.0405153
-0.636759	0.353393
1.51426	0.332531
-0.864898	-0.206838
-0.0935718	-0.446321
-0.897489	0.264797
0.188886	-0.0928181
-0.082708	-0.563234
-0.951808	-0.42862
-0.528122	0.498859
-0.984399	-0.496219
1.37303	0.312877
-0.0283893	0.0760376
-0.528122	-0.164054
-0.419484	0.525339
-0.951808	-0.48162
-0.701941	0.332999
0.645163	0.374435
1.18835	0.502034
-0.245664	0.678352
1.34044	0.187517
-0.517258	0.447526
0.340978	-0.540885
0.330114	0.347588
-0.538985	0.418896
0.340978	0.233352
-0.082708	-0.655714
-0.549849	-0.290728
1.93795	0.580103
-0.223937	0.4339
-0.691078	0.156831
-0.821443	-0.556187
0.297523	0.34517
-0.604168	0.0778361
-0.593304	-0.810908
0.00420194	-0.202151
-0.517258	0.110412
-0.680214	0.456413
-0.951808	-0.161517
-0.40862	0.164893
-0.962671	-0.248998
-0.213073	0.10017
0.210613	-0.028028
-0.821443	-0.62149
0.221477	0.300729
-0.897489	-1.16342
0.0802482	0.335983
-0.723669	-0.120909
-0.40862	0.294674
-0.604168	-0.436241
-0.84317	0.14789
-0.376029	0.251104
0.884165	0.260788
-0.745396	-0.293078
-0.169618	0.542452
0.0802482	0.268425
0.264932	0.42525
-0.995263	-0.76245
0.558253	0.276463
1.53599	0.344472
-0.66935	0.546164
0.7538	-0.282607
1.09058	0.45222
0.112839	0.254911
0.536525	0.337244
-0.951808	-0.518825
-0.213073	-0.464307
0.0259294	0.346765
0.634299	0.417375
0.601708	0.200256
-0.875761	-0.027114
-0.788851	-0.55423
-0.66935	0.224891
-0.864898	-0.0793878
1.31872	0.378718
-0.560713	0.775027
-0.712805	-0.0565706
-0.571577	-0.320391
1.04712	0.505306
-0.940944	-0.832407
-0.951808	0.297587
0.0585207	0.379952
0.851574	-0.316585
-0.984399	-0.937573
-0.951808	0.570703
-0.40862	-0.692382
-0.0718443	-0.298257
-0.691078	0.166798
-0.40862	0.389547
0.0367932	0.176616
-0.940944	0.289431
-0.571577	0.497166
3.9912	0.711945
-0.854034	0.195905
-0.00666181	-0.668437
0.569117	-0.333178
0.427888	0.0416996
1.70981	0.542354
-0.49553	-0.400618
-0.75626	0.239946
0.786392	0.3101
0.797255	0.1853
-0.962671	-0.264513
-0.962671	-0.639644
-0.0283893	0.459793
-0.452075	-0.0767189
-0.897489	-0.449884
-0.897489	-0.750491
-0.93008	-0.572009
-0.604168	0.0978546
0.112839	0.20459
-0.93008	-0.596379
-0.506394	-0.589999
-0.951808	-0.517145
0.895029	0.236709
-0.58244	0.212135
0.558253	0.219806
-0.299983	0.0333206
-0.365165	-0.0810503
0.0802482	-0.369973
0.0911119	-0.544376
2.05745	0.353504
-0.75626	-0.115903
-0.973535	-0.132656
-0.213073	0.00172116
0.156294	0.309518
-0.712805	-0.221109
-0.571577	-0.266942
0.0476569	0.206638
0.427888	0.11305
1.70981	0.258877
1.40563	0.827159
0.764664	-0.100755
0.438752	-0.404774
-0.506394	-0.255666
-0.875761	-1.08279
0.384433	-0.0580242
1.49254	-0.237801
-0.973535	0.288585
0.66689	0.24886
-1.00613	-0.0489082
-0.32171	0.478935
-0.0935718	1.15079
-0.625895	0.315064
-0.908353	-1.04321
-0.875761	-0.983139
-0.984399	-0.409043
1.82931	0.363056
-0.680214	0.751579
-0.310847	-1.01203
1.7424	0.644116
0.84071	0.233639
1.44908	0.659651
-0.908353	-0.769923
-0.93008	0.0850886
-0.636759	0.0317718
0.0585207	0.432981
-0.777988	0.493577
-0.93008	-0.808614
-0.299983	-0.349753
-0.919216	-0.722073
-0.430348	-0.144061
0.482207	0.43076
0.340978	0.193612
4.05638	-0.0195796
-0.104436	0.0445711
-0.886625	-0.971662
2.731	0.518411
-0.962671	-0.754552
-0.386893	-0.210269
0.384433	0.314857
-0.962671	0.090093
-0.0935718	0.334525
-0.462939	-0.10145
0.134567	0.0578266
-0.0283893	0.370571
-0.854034	-0.544536
0.57998	0.661298
-0.75626	-0.0749975
2.38336	0.508553
-0.549849	0.362003
0.330114	0.47001
-0.864898	0.223507
0.503934	0.376352
-0.691078	0.117454
-0.799715	0.318173
-0.886625	-0.301446
-0.441212	0.151611
0.829847	0.542803
1.81845	0.631434
-0.473803	0.0545584
-0.75626	0.0973723
-0.49553	-0.195012
0.0150657	0.0589826
-0.854034	-0.794125
0.57998	0.437265
-0.256528	0.358161
-0.571577	-0.785635
-0.310847	-0.133753
-0.832306	-0.3601
-0.506394	0.237396
-0.647623	-1.1814
-0.680214	0.227426
-0.93008	-0.280494
-0.365165	-0.109931
0.895029	0.30744
0.471343	0.174479
-0.962671	-0.00658704
-0.897489	-0.584706
-0.832306	-0.283254
-0.430348	0.286678
-0.908353	-0.319178
-0.908353	0.286931
-0.951808	-1.86624
0.558253	0.352401
1.15576	0.296409
-0.256528	-0.187256
0.0476569	0.245526
-0.40862	0.327904
-0.973535	-0.34447
-0.506394	0.0675551
-0.821443	-1.14114
0.0585207	-0.606746
-0.397757	0.00889161
0.00420194	-0.845133
-0.777988	-0.822215
-0.158754	-0.0011045
-0.484667	-0.109618
-0.245664	0.647587
-0.886625	-0.632843
-0.767124	0.23451
1.52513	0.397649
0.92762	0.293987
-0.723669	-0.298491
0.797255	0.504562
-0.658487	0.181636
-0.875761	-0.368606
-0.0501168	0.204914
-0.886625	0.201725
0.0150657	-0.38109
-0.919216	-0.40172
-0.604168	-0.851521
-0.202209	0.0334399
-0.462939	0.396142
0.514798	0.01479
-0.777988	0.320786
-0.517258	-0.928639
0.49307	0.655133
-0.462939	-0.244582
-0.256528	-0.111991
0.66689	-0.233369
0.482207	0.282868
-0.441212	0.518261
-0.386893	0.335394
-0.658487	0.560422
-0.875761	-0.0286742
-0.799715	-0.517508
-0.549849	0.505552
0.0476569	0.168279
0.417024	0.183476
-0.528122	0.508143
-0.278255	-0.570553
0.569117	0.0549318
1.47081	0.431503
-0.745396	-0.323872
-0.00666181	-0.369937
2.01399	0.289613
-0.289119	-0.199821
-0.940944	-1.0295
1.56858	0.104246
-0.745396	0.147885
-0.517258	0.468769
0.601708	0.326087
0.406161	0.506761
1.93795	0.504522
1.13403	-0.0738663
-0.549849	-0.0391959
-0.636759	0.373972
0.373569	-0.395881
0.221477	-0.111173
2.17695	0.62703
-0.897489	-0.454409
-0.267392	0.10958
-0.0283893	0.0560503
-0.528122	0.053501
-0.49553	0.08179
-0.712805	-0.110422
0.178022	0.0560416
-0.506394	0.0719549
-0.940944	-0.629878
-0.604168	-0.5108
2.51373	0.468285
0.221477	-0.464714
-0.799715	-0.0676043
0.351842	0.566911
-0.788851	-0.95061
0.417024	0.28242
-0.864898	0.380946
-0.158754	0.306847
-0.256528	-0.0246089
2.65496	0.641604
0.0585207	-0.48083
0.188886	0.371382
-0.278255	0.303626
-0.810579	0.323625
-0.734533	-0.470106
-0.734533	-0.282156
-0.897489	0.280842
0.221477	-0.0596584
0.384433	-0.0264016
-0.0935718	0.283416
0.775528	0.356709
0.688618	0.346104
1.39476	0.759223
-0.897489	-0.0872778
-0.658487	0.336716
-0.549849	0.5359
0.699482	0.21704
-0.625895	0.196977
-0.49553	0.26589
-0.75626	-0.675264
-0.810579	0.381116
-0.560713	-0.143521
-0.854034	-0.590651
0.612572	-0.0203461
-0.354302	0.100833
0.623435	0.642702
-0.593304	0.0471937
0.514798	0.168106
-0.886625	-0.394163
0.775528	-0.115058
0.0802482	0.674616
0.221477	0.469152
-0.973535	-0.397109
-0.256528	-0.181026
0.0476569	0.260788
-0.875761	-0.7158
0.101976	0.0904276
0.0259294	0.650626
-0.864898	-0.490129
-0.560713	-0.375342
-0.832306	-0.464876
0.482207	-0.291832
-0.528122	-0.7157
-0.951808	-0.652772
-0.832306	0.683698
-0.701941	-0.613601
1.19921	-0.82771
1.03626	-0.401916
1.43822	0.604679
-0.604168	-0.463356
-0.625895	-0.218753
-0.517258	-0.0985693
-0.517258	0.0819871
-0.854034	-0.122471
-0.647623	-0.447987
-0.864898	-0.22996
-0.864898	0.0651788
-0.419484	0.363566
-0.66935	-0.2719
0.254068	0.364232
-0.875761	-0.579335
-0.973535	-0.544811
-0.430348	0.0583382
1.17749	0.429249
-0.0501168	0.425166
0.460479	0.0119511
2.31818	0.24156
1.48167	0.646468
-0.908353	-0.520248
-0.484667	0.353489
-0.549849	1.05475
-0.538985	0.313745
-0.962671	-0.810571
-0.452075	0.0438891
-0.180482	-0.037453
-0.158754	-0.617149
1.68808	0.531219
-0.951808	-0.618966
-0.864898	0.0290151
-0.712805	-0.643008
-0.386893	-0.793974
2.36163	0.159437
2.24213	0.712272
-0.365165	0.0429289
-0.886625	0.267936
0.57998	0.702386
-0.636759	0.0684227
-0.962671	-0.665414
-0.58244	0.4157
0.710345	0.271517
-0.376029	0.235014
-0.506394	-0.654321
1.37303	0.495457
1.43822	0.668707
-0.984399	-0.557709
-0.75626	0.0698478
-0.245664	0.761354
0.829847	0.0324989
-0.832306	-0.592558
-0.93008	-0.538733
0.569117	0.053858
-0.995263	0.301193
1.03626	0.449367
0.471343	0.329271
-0.560713	-0.627417
-0.615032	0.407089
0.243204	0.223305
0.0911119	-0.0355642
-0.777988	-0.266355
-0.658487	-0.22558
-0.354302	0.47839
-0.625895	-0.0646098
0.417024	-0.15354
-0.58244	0.540315
-0.701941	-0.34207
-0.875761	-0.524024
-0.788851	-0.624303
0.112839	-0.537384
-0.799715	-0.0478689
-0.604168	-0.461605
-0.2348	0.294624
7.44587	-0.211009
-0.310847	0.356738
-0.452075	-0.435062
-0.799715	-0.0299851
0.00420194	0.549085
-0.104436	0.145547
0.57998	0.462174
-0.506394	0.227437
-0.223937	0.162833
-0.560713	0.402528
-0.506394	0.41432
-0.0283893	-0.839158
-0.821443	-0.738036
-0.93008	-1.05448
-0.376029	0.46767
-0.560713	-0.150572
-0.940944	-1.2993
0.112839	-0.0436003
1.64463	0.638766
1.5034	0.177945
1.97054	0.502863
0.395297	0.122296
0.460479	0.531034
0.818983	0.458538
1.02539	-0.139514
-0.538985	0.105981
-0.886625	0.10284
-0.223937	0.286702
-0.832306	-0.757442
-0.32171	-0.037612
2.42682	0.178294
0.536525	0.667721
-0.799715	-0.522924
0.384433	0.135715
0.471343	0.378226
-0.310847	0.554155
1.53599	0.138002
-0.962671	-0.0953296
0.243204	-0.0988391
-0.386893	0.307304
-0.777988	0.0476695
-0.137027	-0.464753
-0.962671	-0.037577
-0.267392	0.0724612
-0.202209	0.170948
-0.180482	0.643065
0.721209	0.222116
-0.886625	-0.512223
-0.430348	-0.576038
-0.854034	-0.645906
-0.973535	-0.993284
-0.864898	0.0651788
-0.14789	0.246745
-0.332574	-0.103183
1.19921	-0.0429867
-0.821443	0.144546
1.5034	0.472622
-0.354302	-0.0122146
-0.625895	0.182189
1.64463	0.826503
-0.593304	0.131657
-0.517258	-0.410388
-0.886625	-0.413575
-0.832306	-0.889182
0.123703	0.103637
0.123703	0.502249
-0.821443	-0.125033
4.12156	0.532226
0.764664	0.453604
-0.376029	0.025942
0.0802482	0.320937
2.17695	0.322883
-0.560713	0.520929
-0.66935	-0.0504636
-0.973535	-1.12673
-0.940944	-0.531832
1.42735	0.512424
0.0476569	-0.100912
-0.908353	-0.158694
1.15576	0.349872
0.829847	0.155976
-0.908353	-0.294464
-0.278255	0.269627
-0.289119	0.511718
-0.213073	0.270681
-0.593304	0.0419724
0.373569	-0.618113
3.2416	0.499186
-0.0935718	-0.287296
0.221477	0.126926
0.971075	0.343
0.275796	0.25622
-0.0501168	0.37057
-0.854034	-0.0267097
-0.14789	0.291134
1.9814	0.226248
0.178022	-0.940685
-0.376029	-0.451351
-1.01699	-0.284491
-0.376029	0.323495
-0.49553	-0.36258
-0.506394	0.19749
-0.32171	-1.0019
2.15522	0.487787
0.340978	0.400194
-0.875761	0.247661
0.167158	0.334885
2.48114	0.15459
0.0367932	-0.0377005
-0.104436	0.22793
-0.777988	-1.17772
2.31818	0.457083
1.1449	-0.403427
-0.039253	0.350837
-0.647623	-0.614813
-0.191345	0.0149199
0.232341	0.388131
-0.984399	-1.24445
0.188886	0.0342929
-0.723669	0.518616
-0.289119	0.0350447
-0.864898	0.457983
0.178022	0.161809
2.06831	0.638101
0.981939	0.695059
-0.864898	-0.864477
-0.376029	0.234017
-0.115299	0.139102
-0.75626	0.281484
-0.723669	-0.660553
1.85104	0.406601
0.525662	0.0215328
1.05799	0.582569
-0.84317	-0.126461
-0.506394	0.52928
-0.571577	-0.0915143
-0.940944	-0.551511
-1.00613	-0.078857
0.308387	0.404434
1.04712	0.20932
1.36217	0.339548
1.70981	0.542354
-0.919216	-1.83343
1.02539	0.530002
-0.571577	0.0869084
1.44908	0.00597259
-0.962671	-0.513255
1.41649	0.191937
-0.104436	0.20991
-0.430348	0.153863
-0.84317	-0.567101
-0.919216	-1.08952
-0.723669	0.335844
-0.886625	-0.386984
-0.223937	-0.242331
0.167158	0.232
-0.484667	-0.614525
-0.202209	0.376965
0.84071	0.240373
-0.75626	0.39027
-0.821443	-0.967753
-0.310847	-0.707573
-0.397757	0.263173
-0.973535	-1.4792
-0.365165	-0.55756
-0.799715	-0.185508
-0.191345	0.453646
0.547389	0.280202
0.688618	0.363979
-0.0609805	0.176592
-0.58244	-0.536969
-0.354302	0.37496
-0.886625	-0.391721
-1.00613	-0.159755
-0.386893	0.146569
0.0150657	0.190294
-0.0609805	0.115385
-0.528122	-0.734037
0.634299	-0.342537
-0.571577	-0.111895
-0.625895	-0.376544
-0.0609805	0.457319
-0.397757	0.26816
-0.962671	-0.225223
-0.984399	-1.97703
-0.962671	-1.07618
-0.799715	-0.113731
3.26333	0.454146
-0.452075	0.49814
-0.332574	-0.0147139
-0.821443	-0.33649
-0.962671	-0.484692
-0.712805	0.359149
-0.430348	0.351565
0.503934	0.392791
-0.962671	-1.02257
0.0476569	0.52481
0.0367932	-0.058619
0.156294	-0.416099
-0.66935	-0.173288
-0.951808	-1.61219
-0.854034	-0.59905
0.514798	-0.280106
-0.245664	0.179466
-0.962671	0.300804
-0.897489	-0.87252
-0.897489	-1.17203
-1.00613	-1.05812
-0.799715	-0.220982
-0.745396	0.277398
-0.49553	-0.510368
-0.658487	-0.489873
-0.940944	-0.104425
-0.962671	-1.00063
0.0911119	0.211484
-0.506394	0.519963
-0.419484	-0.0485035
0.916757	0.379372
0.145431	-0.0553319
-1.00613	-0.634997
0.188886	-0.429022
0.873302	0.190586
-0.473803	-0.363355
0.221477	0.658755
-0.039253	-0.30571
1.67722	0.461978
0.373569	0.561798
0.232341	-0.0520086
1.07971	0.0624881
1.31872	-0.426462
-0.821443	-0.185373
-0.0935718	0.0355001
0.406161	0.0316488
-0.647623	0.0987794
-0.419484	-0.26832
0.0693844	0.180046
-0.973535	-0.364175
-0.419484	-0.179859
-0.571577	0.0787174
0.362706	0.698899
1.24267	0.522333
-0.810579	-0.641629
-0.354302	0.196534
-0.484667	0.368271
-0.354302	0.301225
0.471343	-0.107468
-0.137027	0.110753
1.48167	0.108964
-0.93008	-1.01729
0.101976	-0.0577877
-0.734533	-0.922407
-0.00666181	0.412823
-0.0501168	0.406087
-0.299983	0.324329
-0.571577	0.346811
-1.00613	-0.390413
2.11177	0.132084
-0.777988	0.544849
2.17695	0.587662
1.19921	0.0592137
4.1107	0.532482
3.65442	0.172947
1.8619	0.219035
1.51426	0.281231
-0.810579	-1.1673
-0.897489	-0.473282
1.61204	0.469247
-0.213073	0.240514
-0.636759	0.310629
-0.734533	-1.49197
0.167158	0.366016
-0.256528	-0.187256
1.66636	0.570868
-0.93008	-0.509495
-0.0718443	-0.00537195
-0.897489	-0.715587
-0.93008	-0.718266
0.351842	0.305652
-0.799715	-0.83803
-0.278255	-0.256105
0.00420194	0.186082
0.536525	0.6784
1.73154	0.502674
0.188886	0.0342929
-0.962671	-0.659219
-0.386893	-0.270278
0.590844	-0.106033
1.59031	0.271232
-0.995263	0.417022
1.36217	0.225951
-0.897489	-0.867202
3.43715	0.706601
-1.00613	-0.771594
-0.864898	-0.334766
-0.854034	-0.508523
-0.788851	-1.1642
-0.376029	-0.316475
-0.506394	-0.569012
-0.919216	-1.18553
0.254068	0.517416
-0.560713	0.262628
0.0693844	-0.273518
-0.0283893	0.177424
-0.66935	0.0673855
1.5034	0.473923
2.01399	0.440729
-0.777988	-1.17772
-0.473803	0.0392134
-0.66935	0.0637948
-0.875761	0.314398
3.46974	0.488129
-0.0175256	0.232192
0.634299	-0.224841
-0.745396	0.150848
4.61043	0.851834
0.351842	-0.166758
-0.919216	-0.581732
1.68808	0.519265
0.471343	0.451294
-0.115299	-0.242149
0.112839	-0.93003
-0.267392	0.369564
1.49254	0.147884
-0.104436	-0.162226
-0.832306	0.200568
-0.886625	0.246141
-0.832306	-0.383025
1.05799	0.581305
-0.919216	-0.505224
1.17749	-0.305655
-0.49553	0.0717414
-0.517258	0.320496
0.558253	0.360402
0.569117	0.72428
0.569117	0.462494
1.5034	0.515902
-1.04958	-1.42885
1.16662	0.123181
1.01453	0.0104319
0.0802482	0.143278
-0.973535	-0.502497
0.427888	0.107302
2.14436	0.273996
-0.506394	0.532771
0.764664	-0.493185
-0.256528	-0.0561216
-0.799715	0.241529
-0.0501168	0.354375
-0.158754	0.418847
1.42735	-0.12828
-1.00613	-0.388825
1.09058	-0.273078
-0.256528	0.397973
-0.832306	-0.229719
-0.462939	-0.103301
0.210613	0.358979
-0.93008	0.0923305
-0.940944	-1.08743
-0.854034	0.388426
0.330114	0.565755
-0.93008	-0.426171
-0.625895	-0.0095746
-0.538985	0.264108
1.87277	0.178625
0.417024	0.202571
-0.75626	0.328723
-0.245664	0.487204
0.232341	0.40982
-0.821443	-0.395832
-0.723669	-0.716298
-0.821443	-0.349015
0.243204	-0.395031
-0.973535	-0.163048
1.21008	0.170156
-0.940944	-0.561811
-0.00666181	-0.577594
-0.593304	0.501492
-0.886625	-0.366223
-0.777988	-0.188135
0.66689	0.260985
-0.223937	-0.0461709
3.29592	0.168913
-0.734533	0.159895
-0.788851	-0.908736
-0.788851	0.0886004
1.32958	0.166491
-0.0501168	-0.758364
-0.223937	0.387516
-0.615032	0.282926
-0.745396	-0.914344
2.731	0.102429
-0.528122	0.254061
-0.473803	0.0545584
2.64409	0.433456
-0.951808	-0.361022
-0.680214	-0.0184911
-0.93008	-0.359358
-0.962671	-0.520236
-0.75626	-0.50601
-0.245664	-0.247264
-0.723669	0.156537
-0.223937	0.102188
0.829847	0.448791
-0.462939	0.140394
-0.984399	-0.509755
-0.126163	0.15606
0.264932	0.194146
0.503934	-0.437696
0.829847	0.580434
-0.788851	-0.994135
0.221477	0.53977
-0.386893	0.237115
-0.962671	0.383163
-0.40862	0.296493
-0.571577	-0.0695702
-0.625895	0.512947
-0.973535	-0.920716
0.0476569	-0.0622994
-0.0935718	0.211203
3.15469	0.414084
-0.32171	-0.441465
-0.886625	-0.741517
-0.484667	-0.281865
-0.039253	0.0420347
-0.821443	-0.456886
-0.452075	-0.864351
-0.452075	0.404337
-0.245664	-0.172186
-0.169618	-0.331935
0.123703	-0.242644
-0.0935718	-0.210863
-0.886625	0.185036
-0.0283893	0.0560503
-0.875761	-0.30598
-0.430348	0.251264
0.123703	-0.13495
0.395297	0.430567
-0.962671	-0.640244
-0.854034	-0.440933
0.319251	-0.564104
0.0367932	0.131172
0.851574	0.590832
-0.267392	0.369564
0.417024	0.267269
-0.430348	-0.698345
0.340978	0.174652
-0.864898	-1.04334
-0.104436	0.368938
-0.854034	-0.593699
0.905893	0.467158
4.38229	0.67203
-0.397757	-0.642289
0.275796	0.230063
0.134567	-0.555995
-0.158754	-0.458019
-0.995263	-0.810428
0.66689	0.329468
-0.191345	-0.533597
-0.0609805	0.0107877
-0.267392	0.482822
-0.14789	-0.00169821
-0.517258	0.254162
-0.908353	-0.252146
-0.571577	-0.203558
1.40563	0.229787
0.297523	0.208501
0.623435	-0.179156
3.33937	0.55134
-0.289119	-0.0520817
5.39262	0.583871
0.254068	0.458578
-0.734533	0.0387888
-0.93008	-1.04007
0.373569	-0.367355
-0.593304	0.178373
1.34044	0.257655
0.308387	0.46821
1.35131	0.346887
0.949348	0.478572
-0.560713	-0.421369
-0.115299	-0.00675733
-0.799715	-0.266623
0.243204	0.40878
1.68808	0.347434
-0.506394	-0.252731
0.645163	0.272224
-0.2348	-0.518903
1.70981	0.192292
0.677754	0.0724305
1.81845	1.08548
-0.115299	0.360052
-0.875761	-0.5619
-0.84317	-0.413607
-0.223937	0.115519
1.17749	0.127411
-0.137027	0.39108
0.0693844	-0.334217
0.764664	0.453604
3.3611	0.693632
2.86137	0.461904
-0.940944	-0.568873
-0.777988	-0.842487
-0.625895	-0.517121
-0.723669	0.47688
0.460479	0.0868566
-0.886625	0.355633
-0.84317	0.441584
-0.886625	-1.5712
0.362706	0.624886
-0.984399	-0.436294
-0.84317	0.211364
0.764664	0.233587
0.112839	0.190123
-0.875761	-0.288498
-0.810579	-0.430434
0.406161	0.469447
-0.832306	-0.957427
-0.625895	0.524095
-0.897489	-1.04679
-0.712805	0.156286
-0.75626	-0.258863
0.873302	0.442079
0.764664	0.118835
-0.560713	0.42915
-0.560713	-1.00923
-0.658487	0.523746
-0.919216	-0.669174
-1.00613	-0.859042
-0.832306	0.155103
-0.810579	-1.09096
-0.104436	0.274656
-0.430348	0.454253
0.916757	-0.178269
-0.32171	0.206258
-1.00613	-1.16169
2.1335	0.423624
-0.2348	0.366573
-1.00613	-0.859042
-0.66935	-0.376985
-0.354302	-0.621418
-0.734533	-0.249179
-1.01699	0.61476
-0.0935718	0.0358141
-0.245664	0.517135
-0.2348	0.281803
1.32958	0.332885
-0.180482	0.189236
-0.886625	-0.698991
0.623435	-0.295962
-0.897489	-0.749206
-0.528122	-0.712798
-0.962671	-0.240938
2.67668	0.592189
-0.615032	-0.0995673
1.56858	0.521068
-0.245664	0.194405
-0.0935718	-0.0289696
1.25353	0.441685
0.0150657	0.335651
0.373569	0.326645
-0.973535	-1.05757
-0.886625	-0.737531
0.243204	0.114658
0.0367932	0.404369
-0.767124	0.216313
1.43822	0.420021
1.1449	0.190261
-0.680214	0.324361
-0.777988	-0.693437
-0.267392	0.224625
-0.32171	0.275852
0.66689	0.0972249
-0.593304	-0.859579
-0.517258	-0.505804
-0.484667	0.389601
0.417024	0.491179
-0.452075	0.155625
0.330114	0.126029
0.895029	0.176281
1.09058	0.239839
-0.506394	-1.07892
-0.886625	-0.758841
-0.0609805	0.302174
0.0585207	0.300373
-0.14789	0.0278222
-0.2348	-0.0764389
-0.799715	-1.00194
-0.940944	-0.904671
0.340978	-0.159417
-0.397757	-0.00704219
0.0476569	0.537197
-1.00613	-0.629801
2.22041	0.376767
-0.647623	0.439451
-0.560713	0.0383723
1.21008	0.266445
-0.658487	-0.449459
0.536525	0.663379
0.254068	0.83794
-0.343438	0.678582
-0.549849	0.32975
0.981939	-0.491056
-0.441212	0.119911
-0.245664	0.342808
-0.821443	0.201221
0.178022	0.266007
-0.332574	-0.140907
0.101976	0.589482
-0.419484	0.20694
-0.082708	0.442443
-0.58244	0.353695
0.775528	-0.194916
-0.875761	0.145312
0.0802482	0.0402356
-0.104436	0.350858
-0.267392	0.0468585
-0.40862	-0.176877
-0.84317	0.116593
-0.723669	-0.295368
-0.0501168	0.0524902
0.0911119	0.199272
-0.625895	-0.0163778
-0.864898	-0.219307
-0.908353	-0.626764
-0.604168	-0.0598323
-0.571577	0.0633512
0.634299	0.689451
-0.75626	0.516065
-0.560713	-0.638329
1.05799	0.180304
0.960212	0.351489
-0.245664	-0.021394
-0.799715	0.231727
-0.788851	-1.09041
-0.886625	0.489006
-0.723669	0.222268
2.492	0.692307
0.656027	-0.435669
-0.58244	0.408373
-0.799715	-0.232838
0.351842	0.620337
-0.517258	0.364046
-0.788851	0.0140992
-0.517258	0.120559
-0.940944	0.324607
1.22094	0.24415
2.41595	0.256575
-0.886625	0.297288
0.319251	0.14847
-0.223937	-0.541456
-0.810579	-0.321542
1.10144	0.411187
0.210613	0.56845
-0.538985	-0.671717
2.94828	0.217377
-0.832306	-0.414612
0.471343	-0.21075
-0.75626	0.24578
-0.039253	0.121327
-0.00666181	0.450537
-0.376029	0.316379
-0.951808	0.0799587
0.210613	-0.0958185
1.41649	0.506241
-0.549849	-0.44454
0.0911119	-0.132215
-0.2348	0.412439
-0.2348	0.148612
-0.137027	0.515427
-0.886625	-1.09322
0.482207	-0.372035
-0.75626	-0.333481
0.362706	0.269362
-1.00613	-0.735939
1.66636	0.375329
-0.940944	-0.224726
-0.897489	0.20305
-0.267392	-0.216546
0.243204	0.356155
3.58924	0.69898
-0.680214	0.0102138
-1.00613	-0.559496
0.797255	0.504562
-0.973535	-0.0316007
-0.723669	-0.423328
0.0150657	0.29278
-0.951808	-0.95076
-0.506394	-0.530834
-0.832306	-0.328709
-0.137027	0.564965
1.3839	0.0459989
-0.473803	0.394257
-0.951808	-0.0266416
-0.104436	0.54386
-0.354302	0.865753
-0.984399	-0.433995
2.00313	0.339029
-0.875761	-0.260857
-0.777988	-0.521824
-0.973535	-0.628151
-0.430348	0.377723
-0.082708	0.251738
-0.462939	0.21276
-0.919216	-0.972047
2.54632	0.251028
0.417024	0.191165
-0.919216	-0.602485
-0.75626	-0.130379
4.33884	0.621176
-0.973535	-0.846766
1.85104	0.47836
0.797255	0.237999
-0.962671	-0.715323
0.938484	0.767238
-0.2348	-0.396864
0.0367932	0.404369
0.0476569	0.189435
-0.875761	-1.26323
-0.180482	-0.187677
0.775528	0.233608
-0.886625	-0.455118
0.101976	-0.378839
1.87277	0.0977554
-0.973535	-0.185357
-0.115299	-0.105121
-0.0935718	0.0210568
0.0693844	0.316666
0.482207	0.0796824
-0.962671	0.237552
-0.940944	-0.768292
0.460479	0.47384
-0.376029	-0.423105
-0.343438	-0.0658161
-0.701941	0.505593
0.92762	0.280105
3.39369	0.804996
0.254068	0.458578
-0.213073	-0.619739
-0.191345	0.369137
0.0585207	0.630323
-0.799715	-0.522924
-0.419484	0.312336
-0.897489	-0.599868
-0.137027	0.242956
0.590844	-0.0216423
-0.376029	0.338995
1.21008	0.498526
-0.278255	0.555705
-0.289119	0.0350447
-0.745396	-0.662828
0.384433	0.347216
-0.701941	-0.158619
1.04712	0.742981
-0.593304	-0.623314
-0.875761	-0.946299
-0.821443	0.000818208
-0.84317	-0.070433
-0.213073	0.0260143
-0.462939	0.241537
-0.0501168	0.474812
2.56805	0.339777
-0.84317	-0.134999
-0.723669	-0.617227
-0.0935718	0.0624274
-0.126163	-0.204399
-0.571577	0.397295
-0.137027	0.463178
0.264932	0.362699
-1.01699	-1.78097
-0.0175256	0.283112
-0.343438	-0.00356535
-0.636759	-0.151849
-0.126163	0.319497
0.0585207	-0.606746
0.340978	0.193612
2.1335	0.544296
0.0367932	-0.0377005
-0.58244	-0.373676
-0.169618	0.399328
1.19921	0.403023
1.34044	0.636606
-0.940944	-0.683146
-0.701941	-1.32177
-0.517258	0.378814
-0.995263	-0.471282
-0.267392	0.49941
-0.58244	0.235709
0.178022	0.320027
-0.082708	0.407561
0.340978	0.17088
-0.473803	0.147894
-0.202209	0.146598
2.12263	0.301641
3.23073	0.497241
-0.701941	0.111692
-0.908353	-0.298958
-0.821443	0.171098
-0.386893	0.592276
1.00367	0.35798
1.25353	0.68131
-0.875761	-0.590521
0.84071	0.122044
-0.49553	0.300017
0.916757	0.54418
0.634299	0.65485
0.916757	0.379372
-0.517258	-0.154298
-0.538985	0.368441
-0.75626	-0.220251
-0.180482	0.172004
-0.66935	-0.00718415
-0.777988	0.44123
0.167158	0.240047
0.0802482	0.118435
-0.115299	0.509096
0.786392	0.532828
-0.538985	0.334977
-0.734533	-0.30873
0.188886	0.149623
0.0911119	0.407983
-0.245664	0.146869
-0.430348	-0.598739
-0.473803	-0.277266
0.101976	-0.822809
-0.376029	0.0108996
-0.397757	-0.00409546
-0.137027	0.107458
-0.604168	-0.393573
-0.452075	-0.129676
3.58924	0.509967
-0.701941	0.311126
-0.14789	0.374337
-0.93008	-1.43293
-0.593304	-0.481664
-0.864898	-0.477567
0.123703	0.285434
-0.973535	-0.594391
0.656027	-0.0107721
3.33937	0.340505
-0.528122	-0.317718
0.340978	0.185254
-0.202209	-0.076496
-0.908353	0.0334349
-0.680214	0.398906
0.688618	0.576272
-0.180482	0.441423
0.732073	0.519943
0.818983	0.464518
1.1123	-0.0562259
0.482207	0.15204
-0.625895	1.01787
-0.560713	-0.942766
-0.886625	-0.743732
0.340978	0.193674
-0.995263	0.585678
-0.452075	0.231708
1.56858	0.468729
0.818983	0.543523
1.43822	-0.0611702
0.471343	-0.105436
1.03626	0.714392
-0.897489	-0.582361
-0.745396	-0.61752
-0.84317	-0.992799
1.19921	0.347595
-0.854034	-0.69209
-0.691078	0.159389
0.0150657	0.385319
0.145431	0.484563
-0.821443	-0.743357
-0.66935	-0.754326
1.21008	0.39194
0.297523	0.301083
-0.940944	-0.480538
-0.875761	-0.00144866
-0.549849	0.0697667
1.87277	0.643644
1.54685	0.481881
-0.962671	-0.170119
-0.278255	0.0261996
-0.310847	0.556057
-0.560713	-0.691999
0.188886	0.128932
-0.864898	0.0168298
-0.93008	-0.558071
1.55772	0.344636
-0.310847	0.271693
-0.908353	-0.757509
-0.245664	0.138724
0.873302	0.274043
-0.571577	0.369204
0.167158	0.430416
0.210613	0.37216
0.0259294	0.304604
2.02486	0.527338
-0.191345	0.373186
0.49307	0.31063
1.01453	0.480987
-0.821443	-0.354355
0.145431	-0.0344256
-0.0609805	0.250892
-0.0935718	0.00591218
-0.397757	0.240317
-0.213073	0.244331
-0.593304	0.178001
-0.49553	0.390604
0.178022	-0.112419
0.862438	0.527492
-0.473803	0.348969
-0.397757	0.156838
0.547389	0.295468
-0.84317	-0.334412
-0.310847	0.402379
-0.104436	0.457272
0.0259294	-0.1571
-0.962671	-0.536149
3.10037	0.683418
-0.821443	-0.380739
1.1449	0.407391
-0.745396	-0.648517
-0.973535	-0.0709737
-0.386893	0.252546
-0.723669	-0.914454
0.221477	0.306268
0.710345	0.0330161
-0.0718443	-0.61561
-0.647623	-0.52967
1.05799	0.113593
-0.810579	-0.548834
1.97054	0.0928283
0.895029	0.324114
-0.919216	-0.230759
-0.32171	-0.196825
0.547389	0.0211736
-0.647623	0.167841
-0.343438	0.494129
-0.223937	-0.0104532
-0.430348	-0.625641
-0.191345	0.252113
-0.940944	0.0427762
0.558253	-0.0568496
-0.734533	-0.617483
-0.799715	0.113497
0.971075	0.784378
-0.58244	-0.430153
0.427888	0.260097
0.590844	-0.262709
-0.788851	0.128039
1.36217	0.552728
-0.549849	-0.4361
1.81845	0.249681
2.62236	0.434677
0.0259294	1.14479
-0.223937	0.420117
-0.376029	0.571035
0.895029	0.236709
-0.84317	-0.366957
-0.799715	-0.094815
-0.0609805	0.0107877
-0.462939	0.402979
-0.473803	-0.409271
-0.962671	0.127962
0.688618	0.674135
2.44854	0.605329
3.44801	0.482888
0.351842	-0.352629
0.471343	0.140923
-0.49553	0.510613
0.0476569	0.33353
-0.636759	-0.858095
0.210613	-0.16818
-0.788851	-0.433003
-1.01699	-0.140037
0.482207	0.569233
-0.0175256	0.484481
0.547389	0.23633
-0.723669	0.242682
-0.419484	-0.220543
-0.875761	0.433215
2.36163	0.374446
3.16555	0.112096
-0.973535	-0.56122
0.199749	0.505824
-0.788851	-0.815274
-0.897489	-0.581718
-0.538985	-0.895652
-1.03872	-1.25134
0.460479	0.613352
-0.734533	0.871103
-0.875761	-0.643262
-0.995263	-0.123763
-0.788851	0.298387
0.7538	0.265788
-0.691078	0.304371
-0.343438	0.280487
0.786392	0.43828
1.32958	0.226986
-0.66935	-0.376985
0.688618	0.0484689
-0.973535	-0.0615708
0.612572	0.254471
-0.0283893	0.507897
-0.864898	0.216679
-1.01699	0.00198173
-0.0935718	0.500245
-0.940944	-0.275033
-0.484667	-0.829742
-0.940944	-1.13745
0.960212	0.680688
0.156294	0.378212
-1.01699	-0.730263
0.721209	0.401556
-0.0718443	0.381086
1.17749	0.173341
-0.354302	-0.538361
-0.549849	-0.657882
0.884165	0.448573
-0.441212	-0.50842
-0.821443	-0.620397
1.34044	0.435685
1.6229	0.450901
-0.419484	0.413766
-0.506394	0.141614
-0.343438	0.0166975
-0.832306	-0.965505
-0.169618	-0.105397
-0.75626	-0.416517
-0.821443	-0.949959
-0.854034	-0.946135
-0.115299	0.277861
0.514798	0.116524
0.601708	0.0411554
-0.767124	0.0853969
0.634299	0.0148677
3.58924	0.438353
-0.0609805	0.119288
-0.202209	-0.24639
-0.593304	-0.281392
-0.484667	-0.161772
2.62236	0.280179
2.3725	0.475221
1.84017	0.504472
0.503934	0.299804
-0.84317	-0.306268
-0.245664	-0.304479
-0.995263	0.596293
-0.473803	0.24164
-0.376029	-0.66765
-0.376029	0.264363
1.78586	0.651918
-0.810579	0.0528828
-0.213073	0.606836
-0.299983	-0.0803286
2.19868	0.78744
-0.777988	-0.466156
-0.984399	-1.10098
-0.202209	-0.0584675
-0.712805	-0.643008
0.101976	0.43425
-0.082708	0.159378
1.05799	0.374923
-0.973535	-0.603012
-0.169618	0.395788
-0.32171	-0.373663
-0.354302	-0.104227
-0.723669	-0.480124
1.13403	0.708478
-0.734533	-0.506566
-0.84317	0.475748
-0.712805	-0.0890169
-0.821443	-0.112512
-0.40862	0.366921
0.742937	0.473836
1.79672	0.132551
1.81845	0.345768
0.49307	-0.15942
0.145431	-0.203742
1.30785	0.6365
1.75326	0.397393
-0.951808	-0.517145
-0.202209	0.0496663
0.0693844	-0.209504
0.123703	0.214435
-0.680214	-0.0643522
-0.549849	0.109914
-0.615032	-0.805157
-0.256528	-0.326792
-0.886625	-0.38878
-0.712805	0.344148
0.243204	0.390672
-0.84317	-0.271233
0.0802482	0.312204
-0.180482	0.188333
-0.299983	0.0255733
-0.462939	-0.253061
0.297523	-0.120586
-0.538985	-0.203938
-0.191345	0.25993
0.0367932	0.183068
-0.93008	-0.694408
0.340978	0.468482
1.73154	0.651081
-0.854034	-0.35701
0.308387	-0.272684
-0.919216	-0.191384
2.05745	0.353504
2.20954	0.100341
-0.49553	-0.167885
-0.875761	-0.196793
-0.799715	-0.297913
-0.875761	-0.14592
-0.2348	-0.117681
0.960212	-0.145583
0.297523	-0.120586
-0.278255	0.479291
0.449616	-0.100562
-0.0609805	-0.586117
-0.821443	-1.51982
-0.886625	-0.0470631
-0.115299	0.206404
0.460479	0.404101
-0.32171	0.236108
0.167158	0.370696
0.254068	0.405618
-1.00613	-1.20076
-0.951808	-0.0249555
-0.310847	0.332314
1.03626	-0.0886903
0.536525	0.177248
-0.734533	0.290611
0.188886	0.144947
-0.886625	-0.732061
-0.039253	0.0819666
0.188886	0.0988927
-0.875761	-0.535602
0.351842	0.288788
-0.940944	-0.585785
0.895029	-0.198188
0.167158	-1.03396
-1.03872	-1.25134
3.23073	0.766518
-0.158754	0.177485
-0.875761	-0.313104
0.199749	-0.0814106
2.14436	0.304814
2.40509	0.0901617
-0.691078	-0.111536
-0.528122	-0.230532
-0.919216	-0.747232
0.427888	0.676527
-0.593304	0.501492
-0.0609805	0.17514
1.7424	0.0442226
-0.75626	-0.0696016
-0.223937	-0.237487
-0.636759	0.33829
1.45994	0.271651
-0.854034	-1.63893
1.82931	0.491603
-0.788851	-0.373028
0.232341	0.436174
0.449616	0.724691
-0.680214	-0.099349
-0.115299	0.0516711
1.6229	0.450509
-0.462939	0.272294
-0.386893	0.283319
-0.940944	-1.69402
-0.506394	0.306343
-0.213073	0.0335201
1.34044	0.164595
0.406161	0.344768
-0.84317	-1.06516
-0.897489	-0.2387
-0.376029	0.342869
-0.332574	0.41318
-0.538985	-0.622139
2.253	0.718762
-0.886625	-0.0188607
0.0693844	-0.0181552
0.797255	0.191209
1.25353	-0.155904
-0.886625	-0.559617
0.384433	0.421539
1.12317	0.359944
0.471343	0.383666
-0.821443	-0.445636
-0.886625	0.22732
-0.137027	-0.316981
-0.995263	0.406553
-0.517258	0.0539535
-0.126163	0.399045
-0.680214	0.286222
-0.636759	-0.600614
0.188886	-0.0629634
-0.625895	0.206025
1.57945	0.410679
1.81845	0.173015
1.91622	0.380167
-0.354302	-0.410083
-0.854034	0.378924
-0.213073	0.258234
-0.973535	-0.273343
1.35131	0.654407
-0.49553	0.0837996
1.00367	0.320199
0.297523	0.278197
-0.919216	-0.279811
-0.0501168	0.251202
0.0150657	0.213359
-0.701941	0.622682
1.1449	0.0261922
0.66689	0.521594
-0.00666181	0.201114
-0.940944	-0.205297
1.01453	0.82013
-0.864898	-0.918775
3.01346	0.182279
-0.962671	0.330418
1.89449	0.134949
-0.452075	0.476574
-0.223937	0.0037409
-0.701941	0.422147
-0.712805	0.0841122
0.677754	0.226772
-0.864898	0.0807549
3.39369	0.511642
-0.571577	-0.236961
0.0476569	0.10772
-0.202209	0.544934
-0.0718443	0.100754
-0.777988	-0.266355
0.101976	0.30914
-0.0175256	-0.0464389
0.319251	0.706069
-0.962671	-0.281875
1.10144	0.411187
-0.962671	-0.788509
-0.680214	0.131727
-0.908353	-0.528767
0.0476569	0.48529
-0.625895	-0.707166
0.677754	-0.0985325
-0.919216	0.116343
-0.647623	0.0501012
-0.691078	-0.101146
-0.691078	0.301413
0.286659	-0.0112769
-0.84317	-0.0968126
-0.0283893	0.213424
0.449616	0.0233798
2.40509	0.494392
1.63376	0.210618
-0.832306	-1.16343
-0.0283893	0.417084
-0.441212	0.252083
-0.115299	0.63386
-0.397757	0.301474
-0.66935	-1.02233
-0.745396	0.369032
0.264932	0.341462
-0.799715	0.151421
-0.995263	-0.0213931
-0.962671	-0.984906
-0.0283893	-0.756065
-0.723669	-0.84155
-0.00666181	0.487743
-0.962671	-0.114185
-0.0283893	-0.0115921
-0.691078	0.179314
-0.310847	0.103957
-0.832306	-0.0594718
0.601708	0.354318
0.536525	0.0183487
-0.951808	-0.949011
1.72067	0.731272
2.78532	-0.046671
-0.940944	-0.253125
-0.712805	-0.458351
0.0802482	0.340197
0.873302	0.996642
-1.01699	-1.52047
-0.0501168	0.152633
0.254068	-0.105385
-0.039253	0.288812
0.0476569	0.217813
-0.951808	-0.72356
-0.734533	0.392353
-0.832306	-0.794144
-0.864898	0.0151854
-0.202209	-0.683419
-0.506394	0.0810913
-0.962671	-0.379844
0.0802482	0.356611
1.9814	0.389313
0.0150657	0.43571
1.91622	0.263115
-0.299983	0.0854965
1.85104	0.0812889
-0.386893	-0.158416
1.40563	0.286084
-0.940944	-0.47528
-0.788851	-1.05422
-0.854034	-0.229587
-0.821443	-1.24188
0.101976	0.024128
0.427888	-0.0370986
0.254068	0.50782
-0.365165	-0.745152
-0.299983	-0.717204
-0.973535	-0.562043
0.264932	0.271508
-0.84317	0.219661
-0.32171	0.76392
-0.886625	0.38636
-0.897489	-0.755701
-0.658487	0.178243
0.0693844	-0.284941
-0.908353	0.0550342
1.30785	0.179333
1.8619	-0.174241
-0.875761	-0.961648
-0.462939	-0.0245236
-0.723669	-0.298491
-0.864898	-0.818532
-0.441212	0.306474
-0.84317	0.398215
-0.245664	0.0898808
-0.332574	-0.638352
0.167158	0.081426
-0.973535	-0.633586
-0.951808	0.0780965
-0.886625	-0.760533
-0.180482	-0.0768481
-0.137027	0.412597
1.18835	0.307099
-0.082708	0.459292
-0.810579	-0.476914
1.97054	0.397024
-0.723669	-0.319045
0.971075	0.240064
-0.517258	-0.154298
-0.636759	-0.649283
-0.560713	0.398456
-0.864898	-1.74871
1.30785	0.137657
-0.49553	0.230156
-0.571577	0.377287
-0.104436	-0.0853615
-0.691078	-0.193142
-1.00613	-0.581761
-0.723669	-0.158884
-0.343438	-0.469266
-0.908353	-0.961393
-0.452075	-0.0961368
0.264932	-0.0578978
-0.213073	-0.298846
0.264932	0.265371
-0.462939	-0.223226
1.53599	0.44359
0.851574	-0.308488
2.53545	0.241521
0.525662	0.44914
-0.082708	0.317456
-0.788851	-0.181013
-0.223937	0.297156
-0.452075	0.0438891
-0.245664	0.503049
-0.66935	0.40214
-0.919216	0.0647263
-0.397757	-0.00704219
0.123703	0.519649
-0.745396	-0.469414
4.03465	0.45394
-0.484667	0.425254
-0.919216	-0.985181
1.00367	0.226194
0.645163	0.107062
0.797255	0.101526
-0.299983	-0.419976
-0.202209	0.568151
-0.984399	0.211286
-0.549849	0.2915
-0.278255	0.626881
-0.289119	0.217103
1.60117	0.342308
-0.484667	-0.0698242
0.764664	0.114391
-0.354302	0.20985
-0.951808	-0.70632
-0.962671	-0.552251
3.53492	0.416123
-0.777988	0.163712
-0.604168	0.283206
-0.940944	0.444249
-0.126163	-0.318274
0.569117	0.0964722
0.340978	0.595839
-1.01699	-0.842203
0.721209	0.712516
0.938484	0.253792
1.34044	0.410651
0.732073	0.455722
-0.886625	-0.398056
-0.462939	0.42009
-0.962671	-0.388538
0.0911119	-0.317953
-0.365165	-0.238752
1.82931	0.239634
1.16662	0.149988
0.188886	0.364488
1.16662	0.445671
1.09058	0.371724
-0.571577	0.055478
0.275796	0.21119
3.41542	0.539038
-0.66935	0.367674
-0.636759	0.215663
-0.875761	-0.565225
-0.940944	-0.155848
-0.864898	0.48105
-0.93008	0.208231
-0.875761	-1.39304
0.873302	-0.151476
1.39476	0.0565166
-0.75626	0.25719
-0.169618	-0.307707
-0.886625	0.542376
0.0367932	0.807378
-0.680214	-0.674476
1.60117	0.578355
1.07971	0.538463
-0.962671	-0.499468
0.0476569	-0.318805
-0.973535	-0.134933
-0.984399	-0.10033
0.134567	0.305942
-0.940944	0.240494
0.254068	-0.0672636
-0.723669	0.368658
-1.04958	-0.786419
-0.191345	0.178226
-0.962671	0.143498
0.829847	0.391177
-0.452075	0.158648
-0.832306	-0.478081
-0.680214	-0.116493
-0.658487	-1.08039
0.134567	-1.12223
1.41649	-0.447263
0.275796	-0.442122
1.36217	0.424194
-0.788851	0.394341
-0.919216	-0.982553
-0.245664	0.38667
-0.191345	0.244543
-0.0175256	0.403187
-0.745396	-0.0613486
-0.821443	-0.355438
-1.00613	-0.562053
-0.984399	0.151295
-0.354302	-0.0935718
-0.919216	-0.597259
-0.691078	0.349092
-0.441212	-0.0829371
0.895029	0.727874
0.49307	0.395622
-0.767124	-0.271113
0.0911119	0.0423581
-0.256528	0.301934
0.188886	0.307198
-0.93008	-0.571831
-0.365165	-1.18711
-0.549849	0.402576
-0.875761	-1.41688
-0.854034	0.141683
0.536525	0.484276
0.590844	0.532919
0.178022	0.0875547
-0.473803	0.115967
-0.039253	0.100007
-0.832306	-0.306723
-0.506394	0.441218
0.797255	0.584803
-0.517258	0.0581704
2.78532	0.437754
1.87277	0.397084
-0.93008	-1.64556
-0.528122	-0.171087
0.221477	0.518268
0.84071	0.422755
-0.821443	1.05793
1.32958	0.324666
-0.180482	-0.621003
0.362706	0.205633
-0.973535	0.236411
-0.84317	-0.715272
-0.886625	-0.33752
-0.213073	-0.0205437
-0.484667	-0.753932
-0.66935	-0.541294
-0.93008	-0.887952
1.03626	0.15434
-0.691078	-0.855265
0.0911119	0.424017
0.0911119	0.130164
-0.919216	-0.0159682
-0.962671	-1.49674
2.33991	0.47264
-0.32171	0.630507
1.55772	0.468354
0.503934	-0.312177
-0.615032	-0.14827
0.438752	0.653752
-0.245664	-0.253007
0.384433	-0.454781
-0.995263	-0.344194
1.00367	0.401613
-0.93008	-0.713961
3.65442	0.172947
-0.14789	0.375969
-0.984399	-0.0333856
1.07971	0.669972
-0.278255	-0.316616
-0.484667	0.449203
-0.951808	-0.550047
-0.00666181	0.397621
0.797255	0.281989
-0.430348	0.204324
-0.386893	0.419568
-0.908353	-0.48987
-0.908353	-0.982764
-0.962671	-0.0664696
-0.919216	-0.52886
-0.430348	-0.449174
-0.430348	-0.314129
1.39476	-0.667093
0.178022	0.500826
3.14382	0.609346
-0.854034	-0.98005
-0.84317	-0.0797368
0.623435	-0.213507
0.330114	-0.218804
-0.299983	-0.606104
-0.854034	-0.189274
-0.973535	-1.19864
-0.202209	0.0291945
0.188886	-0.184409
-0.767124	0.253675
1.90536	0.179051
0.232341	0.145838
-0.734533	-1.09745
-0.14789	0.46444
0.905893	0.698635
1.95968	0.536637
-0.082708	0.101368
-0.940944	-0.735112
-0.625895	0.437228
-0.278255	0.0233975
0.732073	0.589602
-0.723669	0.258421
0.590844	-0.533421
-0.886625	0.420066
4.50179	0.280869
-0.788851	-0.165244
-0.137027	0.309951
1.1123	0.643373
-0.691078	-0.626779
2.15522	0.25318
-0.0718443	0.866855
-0.137027	0.256471
3.26333	0.893408
-0.810579	-0.31331
3.01346	0.575798
0.178022	-0.029509
0.340978	-0.282595
-0.712805	-0.283457
0.145431	0.341614
2.19868	0.389274
-0.908353	-0.0669682
-0.397757	-0.61025
-0.158754	0.481429
-0.995263	0.0392716
-0.777988	0.0690278
-0.0935718	0.213419
0.167158	-0.0326157
-0.788851	-0.208243
0.0259294	0.142318
1.82931	-0.0620509
0.721209	0.326547
-0.0609805	0.057294
0.0585207	0.0128027
0.199749	0.256745
0.156294	-0.246351
-0.886625	0.419919
-0.0718443	-0.348867
0.427888	0.130197
-0.995263	-0.722508
-0.191345	-0.00965407
-0.875761	0.064922
-0.082708	0.24161
-0.734533	0.525525
0.547389	-0.0507439
-0.00666181	0.493754
-0.984399	-0.469205
0.981939	0.323665
-0.517258	0.5988
3.67615	0.389814
0.188886	0.27527
-0.202209	0.303563
-0.636759	-0.619129
0.601708	0.266406
-0.0501168	0.425166
0.384433	-0.0264016
-0.788851	0.302984
-0.712805	-0.127839
-0.908353	-0.660691
-0.658487	-0.512755
-0.376029	-0.31817
0.688618	0.483546
0.66689	0.449624
0.286659	0.109504
-0.864898	-0.0318906
-0.93008	-0.0678541
-0.430348	0.508863
-0.886625	-0.166505
-0.66935	0.123466
-0.202209	0.0234346
1.64463	0.252781
0.373569	0.341194
0.569117	-0.0636736
0.286659	0.367795
-0.691078	0.47158
-0.00666181	-0.4654
-0.484667	-0.260808
-0.310847	0.126128
-0.962671	-0.0166191
1.23181	0.428438
-0.951808	-0.704793
-0.93008	-1.29418
-0.441212	-0.316505
-0.441212	0.0828556
1.61204	-0.0106468
-0.223937	-0.762278
-0.919216	-0.820788
-0.397757	-1.09971
0.656027	0.232812
-0.875761	-0.187803
-0.767124	-0.435348
-0.137027	0.445272
-0.897489	-0.243045
-0.58244	-0.739233
-0.484667	-0.614525
-0.310847	0.446107
0.0150657	0.0297993
-0.897489	0.214346
-0.49553	-0.282479
-0.691078	-0.193142
0.101976	0.435163
-0.452075	0.291265
-0.832306	0.363325
-0.66935	-0.686354
-0.897489	-0.242464
-0.0283893	0.439495
-0.115299	0.450592
1.68808	-0.0748262
0.395297	0.159333
-0.984399	-0.67646
0.764664	0.256945
0.00420194	0.326633
-0.397757	-0.715958
0.308387	-0.162572
-0.864898	0.543271
0.340978	0.435621
0.417024	0.340384
-0.299983	0.409366
-0.984399	-0.496219
0.340978	-0.127249
-0.680214	-0.0777116
-0.0935718	-0.388006
0.471343	-0.157181
0.199749	0.182783
1.15576	0.351669
-0.560713	0.153808
0.438752	0.474555
0.243204	-0.552508
0.188886	-0.840384
-0.875761	-0.311927
-0.973535	-0.740262
-0.691078	-0.0639145
1.64463	0.362533
-0.940944	-1.04067
-0.864898	-0.675797
2.82878	0.0467041
-0.267392	0.00826046
-0.528122	-0.609664
-0.517258	-0.08636
-0.908353	-0.559806
0.210613	0.174943
-0.213073	-0.204994
-0.93008	-1.52735
-0.202209	0.293335
-1.01699	-0.763753
-0.788851	0.340155
0.7538	0.379431
0.797255	0.745458
-0.32171	1.0091
-0.452075	-0.279902
-0.897489	-1.05438
1.22094	0.381138
0.112839	0.533225
-0.788851	-0.270927
-0.984399	0.129356
-1.00613	-0.334587
0.0693844	0.320517
-0.267392	0.16986
1.39476	0.484989
0.84071	0.331213
-0.962671	-0.69971
0.601708	0.0411554
0.438752	0.364965
-0.571577	-0.084321
-0.473803	0.0699215
-0.864898	0.162917
-0.691078	-0.388243
-0.691078	0.301915
-0.332574	-0.201263
-0.66935	0.456538
0.0259294	-0.445454
3.29592	0.277546
-0.310847	0.467855
-0.962671	-0.819426
0.0367932	0.099139
1.47081	0.0767452
-0.84317	-0.307569
1.43822	0.368206
-0.897489	-0.951944
-0.213073	0.480947
1.82931	-0.0620509
-0.723669	0.368658
1.59031	0.22684
2.20954	0.309319
-0.745396	-0.731361
0.66689	0.260985
-0.223937	0.0381685
0.601708	0.15415
-0.821443	0.360729
1.61204	0.311903
1.35131	-0.351461
-0.854034	-0.55228
0.645163	-0.685693
-0.734533	-0.0597322
-0.636759	0.780457
-0.973535	-1.25165
1.09058	0.297305
0.764664	0.545895
0.645163	0.265612
1.80758	0.451581
-0.767124	0.314751
-0.376029	0.314829
-0.951808	-1.22163
-0.93008	-0.179226
-0.84317	0.0932191
-0.506394	0.181418
-0.419484	-0.504836
-0.919216	-0.920216
1.63376	0.349739
0.101976	0.226604
-0.712805	-1.51994
-0.604168	-0.194754
-0.962671	-0.513255
-0.84317	-1.05368
-0.0501168	0.344815
0.243204	-0.552508
-0.66935	0.27934
-0.973535	0.0799833
-0.93008	-0.531849
-0.245664	-0.0017521
0.232341	0.353729
-0.886625	-0.909939
-1.00613	-0.592847
-0.84317	-0.200418
-0.419484	0.250236
-0.691078	-0.00275482
-0.419484	-0.127695
0.101976	0.290204
-0.66935	0.2507
-0.549849	-0.625166
-0.75626	0.328723
-0.2348	0.498039
-1.01699	-1.41817
1.54685	-0.0805831
-0.864898	-0.25414
-0.962671	-0.696774
-0.441212	-0.285245
-0.995263	-0.424703
-0.452075	-0.474619
-0.777988	-0.723928
0.601708	0.507295
-0.940944	-1.19357
-0.615032	0.133417
1.22094	-0.20136
-0.58244	-0.0205439
-0.386893	0.13667
0.0150657	0.420762
0.0802482	0.573885
0.0693844	-0.0806435
3.04605	0.433586
-0.951808	-1.25869
-0.919216	-0.38326
2.42682	0.427213
-0.962671	-0.701831
-0.354302	0.133194
0.482207	-0.251251
0.873302	-0.3567
0.221477	0.139736
-0.647623	0.36372
0.156294	0.18705
-0.0501168	0.112389
1.43822	0.848146
-0.549849	-0.530562
-0.376029	-0.22542
-0.430348	0.230191
0.742937	0.473836
0.112839	0.0375574
-0.799715	-0.46694
0.699482	0.181317
-0.886625	0.473973
-0.386893	0.208857
-0.875761	-0.337797
2.01399	0.504562
1.77499	0.280021
3.38283	-0.14525
-0.213073	0.218332
-0.158754	0.387225
-0.75626	0.978878
4.2302	0.729002
-0.462939	-0.124108
0.732073	0.102265
-0.767124	-0.0170201
-0.625895	-0.252626
-0.625895	0.524095
-0.995263	-0.58393
1.17749	0.206396
-0.039253	0.58524
0.525662	0.357885
0.7538	0.269524
0.145431	-0.361887
0.7538	0.322569
0.775528	0.330725
-0.58244	0.478105
-0.940944	-0.115003
-0.0283893	0.397443
-0.908353	0.123163
-0.441212	0.524995
-0.365165	0.456095
0.134567	0.356068
-0.202209	-0.329623
-0.169618	0.253153
-0.93008	0.0654648
-0.223937	0.574792
-0.723669	-0.0932749
-0.0283893	0.834625
-0.84317	-0.913699
-0.919216	-0.631464
2.52459	0.390064
0.308387	-0.623533
1.87277	0.0885431
2.03572	0.223651
-0.712805	0.885716
1.09058	0.170155
-0.75626	0.025164
0.0693844	-0.209504
0.123703	0.323248
0.797255	0.572399
-0.549849	-0.307585
-0.799715	0.468508
-0.886625	-1.60208
-0.223937	0.335021
0.981939	0.445207
-0.365165	0.380724
-0.039253	0.835571
1.15576	0.274982
0.818983	0.532491
0.0150657	0.306462
0.536525	0.677797
-0.940944	-0.224726
-0.386893	-0.187529
0.221477	0.139162
-0.169618	0.0506462
-0.908353	-0.592955
-0.310847	0.254325
0.210613	-0.218272
1.76413	0.476645
0.536525	0.267294
-0.886625	-0.270399
-0.615032	0.30512
-0.126163	0.258025
-0.473803	0.296879
1.77499	0.480336
0.710345	-0.157866
-0.365165	0.0127615
0.0802482	0.213456
-0.0501168	0.49445
-0.191345	0.284245
-0.854034	-0.621307
1.01453	0.312695
3.21987	0.48022
2.01399	0.119555
0.199749	-0.0445732
-0.0283893	-0.53076
-0.723669	-0.534864
0.710345	0.729028
0.514798	0.219263
0.232341	0.461365
-0.951808	-1.1217
-0.571577	0.0377406
-0.430348	-0.476682
-0.14789	0.578504
-0.299983	0.563878
-0.223937	0.424995
-0.245664	-0.0386302
-0.875761	-0.384357
-1.00613	-1.24964
1.2644	0.476008
1.27526	0.492073
-0.832306	-0.499848
-0.93008	-1.21872
-0.973535	-0.598512
0.873302	-0.151476
0.406161	-0.416889
-0.223937	-0.206928
0.471343	-0.0479239
0.308387	0.444778
-0.897489	-0.649618
-0.875761	-0.665166
0.188886	-0.155109
-0.49553	-0.0767842
0.384433	-0.105126
-0.0175256	0.21581
-0.84317	-1.09424
-0.691078	-0.726716
-0.082708	0.38016
-0.158754	-0.481815
-0.419484	-0.248322
-0.0609805	0.147102
-0.571577	-0.424089
-0.126163	-0.0206916
2.16609	0.471633
0.601708	0.324855
0.895029	0.168454
-0.897489	-0.566879
0.0367932	0.410922
-0.973535	-0.375776
0.112839	0.0826461
-0.528122	0.489286
0.112839	-0.772154
-0.962671	-0.442756
-0.940944	-0.953961
-0.2348	0.348995
0.612572	0.0687195
-0.734533	-0.816286
-0.723669	-0.94747
-0.441212	0.120116
-0.821443	0.0611118
-0.419484	0.371609
-0.940944	-0.437535
0.417024	0.202628
-0.289119	0.0128563
-0.832306	-0.29327
0.645163	0.553078
2.3725	0.335586
0.0150657	0.5528
-0.441212	0.238646
-0.864898	-0.419604
3.23073	0.338882
-0.593304	-0.314436
0.417024	0.28731
-0.799715	-0.472746
-0.332574	-0.608051
0.123703	-0.330788
-0.723669	-0.031266
0.178022	0.214393
-0.984399	-0.370596
-0.984399	-1.10098
-0.245664	0.21583
-0.647623	0.479529
-0.419484	-0.014499
-0.538985	-0.336413
1.30785	0.227674
-0.365165	0.210449
-0.49553	0.371399
0.590844	0.199968
0.232341	0.455401
-0.32171	-0.105838
-0.886625	-0.458194
-0.0175256	0.48499
-0.571577	0.418015
1.97054	0.106274
-0.886625	0.0442919
-0.745396	0.264364
0.960212	0.467525
0.395297	-0.229916
0.503934	-0.0771794
-0.484667	-0.0196398
1.00367	0.517574
-0.951808	-0.644527
0.938484	0.34546
1.53599	0.182819
0.384433	0.0880402
-0.0935718	0.0905118
2.50286	0.563653
-0.691078	0.421021
-0.984399	-0.829465
0.0802482	-0.16706
3.25246	0.519199
-0.951808	-0.733704
0.786392	-0.522347
2.53545	0.408376
-0.0609805	-0.297846
-0.962671	-1.37417
-0.32171	0.108218
-0.973535	-0.363799
2.35077	0.131825
-0.191345	0.488116
0.677754	0.394235
2.44854	0.590343
0.123703	-0.880072
-0.386893	0.087288
-0.810579	0.0375213
-0.908353	-0.711899
-0.962671	0.0675925
0.884165	0.051162
-0.93008	0.299817
0.971075	-0.369913
-0.647623	0.349533
0.66689	0.207532
-0.93008	-0.713961
0.818983	0.123993
2.253	0.310122
-0.821443	-0.354355
3.20901	0.389565
-0.940944	-0.870988
1.16662	0.350346
0.764664	0.38411
-0.593304	-0.565747
1.39476	-0.667093
-0.49553	0.229963
0.156294	0.18705
-0.256528	-0.181026
5.39262	0.583871
-0.788851	0.337282
2.07918	0.63063
-0.973535	-0.597473
0.688618	-0.0455657
-0.604168	-0.427375
0.0259294	0.347667
-0.473803	0.0229689
-0.484667	-0.292837
0.188886	0.377582
0.297523	0.451265
0.471343	0.389335
-0.832306	-0.218876
0.721209	-0.0961829
3.16555	0.555003
-0.701941	0.27578
-0.528122	0.439158
1.44908	0.486554
2.81791	0.230988
0.873302	0.29905
-0.864898	-1.11551
-0.723669	-0.214522
1.90536	0.547528
0.188886	0.338272
-0.115299	0.352058
-0.0609805	-0.00246835
-0.104436	-0.0441414
-0.962671	-1.32151
0.84071	0.312648
0.482207	0.530459
-0.886625	-0.681962
1.43822	-0.00997484
0.0150657	0.463591
0.0367932	-0.0584617
-0.223937	0.0037409
0.362706	0.316092
0.905893	0.17816
-0.821443	-0.674931
-0.00666181	0.394773
1.37303	0.630562
0.264932	0.131298
-0.973535	-0.428829
0.645163	0.276531
-0.343438	1.30013
0.0476569	0.113421
2.95914	0.538499
-0.712805	0.312376
-0.343438	-0.058615
0.395297	0.271028
-0.49553	0.47853
-0.202209	0.619073
0.427888	0.47268
-0.484667	0.324456
-0.734533	0.0740784
-0.919216	-0.131178
0.797255	-0.127847
-0.571577	0.740151
0.340978	0.0636903
-0.267392	0.0930357
-0.919216	0.467991
-0.799715	-0.0120692
-0.419484	0.409316
-0.343438	-0.179867
-0.267392	0.0117249
2.27472	0.686009
0.699482	0.0522635
-0.039253	0.104149
0.873302	0.652835
-1.00613	-1.27922
0.0585207	0.120547
-0.213073	0.14655
-0.473803	-0.470803
-0.93008	0.413317
0.949348	0.233389
-0.354302	0.39479
-0.951808	-0.6241
1.77499	-0.00856371
-0.517258	0.0979775
-0.799715	0.26516
-0.289119	0.0949789
0.0259294	0.402885
-0.767124	-0.241208
-0.430348	0.278854
3.51319	0.626581
-0.484667	-0.329463
0.373569	0.315585
-0.625895	-0.105971
2.50286	0.517527
2.17695	0.494432
3.2416	0.644759
0.00420194	0.339427
0.66689	0.320325
-0.962671	0.218723
-0.919216	-0.85911
2.56805	0.608517
-0.386893	-0.117997
-0.549849	0.430178
-0.93008	-0.82601
-0.267392	-0.0964362
-0.462939	0.241537
1.13403	0.171276
-0.84317	-0.0600734
1.32958	0.406598
-0.517258	0.286042
0.623435	0.986536
0.384433	0.481516
-0.680214	-0.0196218
-0.701941	-0.0581092
2.69841	0.133758
2.30732	0.351655
-0.767124	0.284633
-0.549849	0.429601
-0.549849	0.0845669
-0.40862	-0.460222
0.688618	-0.247533
-0.0935718	-0.722365
0.286659	-0.217504
-0.886625	-0.847338
-0.854034	-0.240577
-0.84317	-0.251949
-0.995263	-0.722508
-0.864898	-0.2618
-0.777988	0.236412
-0.397757	-0.0303137
-0.962671	-0.204192
0.84071	0.479629
0.112839	0.457774
-0.0935718	0.100971
-0.995263	-0.700404
0.112839	0.232877
1.29699	-0.655484
-0.386893	0.419263
-0.908353	-0.675485
-0.919216	-0.323808
-0.0718443	-0.760711
-0.647623	-0.53885
-0.0175256	0.185252
1.34044	0.627756
-0.082708	0.241776
0.818983	0.50502
0.134567	0.194377
-0.886625	-0.580634
-0.75626	-0.806193
0.0693844	0.420332
-0.267392	-1.59046
-0.745396	0.4232
-0.788851	-0.471063
-0.66935	-0.60234
1.42735	0.103468
1.1449	0.415764
0.145431	0.601356
-0.864898	-0.98765
2.45941	0.531647
-0.962671	-0.551234
-0.484667	0.173786
-0.810579	-0.156699
0.243204	0.311189
-0.93008	-0.50964
0.449616	0.208047
-0.951808	-1.0365
-0.864898	-0.366716
-0.875761	-0.891228
0.438752	0.0174575
-0.691078	0.282244
-0.745396	0.27303
-0.430348	-0.246924
0.547389	0.0565192
0.199749	0.475349
-0.267392	0.127058
1.66636	0.544889
0.57998	-0.339183
0.57998	0.34141
-0.810579	-0.592043
1.8619	0.420779
0.438752	0.0883674
-0.571577	-0.335912
3.86083	0.670415
1.27526	0.250176
-0.462939	0.232499
0.134567	0.228854
1.61204	0.511003
0.558253	0.639111
-0.528122	-0.423583
0.406161	0.472415
-0.658487	-0.580735
-0.104436	0.230297
1.37303	0.0196198
2.30732	0.370212
0.123703	-0.880072
-0.332574	0.489514
0.49307	0.73088
0.482207	0.124692
1.04712	0.381392
0.417024	0.271676
-0.604168	0.14513
-0.940944	-1.11896
0.210613	0.0188154
2.15522	0.338131
-0.0175256	-0.0150423
-0.984399	0.208715
-0.376029	0.163265
-0.745396	-0.36647
-0.973535	-0.0183761
-0.919216	-0.620729
0.156294	0.0822174
0.884165	0.0373123
-0.484667	-0.27964
-0.039253	0.288812
0.438752	0.0977086
0.710345	0.516515
2.492	0.757944
-0.647623	-0.564059
-0.984399	-0.785145
-0.66935	0.0743224
0.742937	0.0524743
-0.886625	0.0079621
-0.32171	0.389104
-0.821443	0.0295098
-0.854034	-0.0609546
-0.940944	-1.24022
-0.202209	-0.234778
-0.647623	-0.38449
1.67722	0.610629
-0.137027	0.316827
-0.712805	0.4529
1.05799	-0.143385
0.221477	0.145779
3.16555	0.555003
-0.0718443	0.416512
0.210613	-0.320437
-0.267392	-0.644288
-0.571577	-0.33044
-0.571577	0.0612081
-0.810579	-0.0957033
-0.680214	-0.75039
0.286659	0.319864
1.25353	0.538718
-0.213073	-0.105337
-0.799715	0.431117
-0.973535	-0.82016
-0.951808	-0.575801
2.30732	0.286962
0.634299	0.49798
-0.864898	-0.285272
0.503934	0.0949484
-0.245664	-0.608418
-0.202209	0.400803
1.72067	0.240619
-0.984399	-0.912084
0.406161	0.456809
-0.506394	0.33995
0.742937	0.422564
0.862438	0.502707
-0.0501168	-0.0115752
-0.75626	0.141986
-0.213073	0.0756279
-0.908353	-0.0548372
-0.376029	-0.504066
-0.430348	-0.232765
1.25353	0.192277
-0.0283893	0.134537
1.28612	0.0874374
3.20901	0.389565
-0.213073	-0.0719049
0.710345	-0.0966483
3.75219	0.332866
-0.278255	0.205467
0.0693844	0.708205
0.156294	-0.343325
1.04712	0.403938
-0.84317	-0.799498
-0.788851	-0.361669
-0.788851	-0.845797
-0.897489	0.156153
-0.951808	-0.915875
1.1123	0.270437
-0.126163	0.139356
-0.549849	-0.939103
-0.767124	-0.567901
-0.886625	0.152746
-0.886625	0.00236345
-0.636759	-0.919177
-0.289119	0.337036
-0.84317	0.554833
-0.115299	0.44417
0.449616	0.523425
-0.897489	0.0142855
0.112839	0.396164
-0.571577	0.526522
0.601708	-0.051785
0.156294	0.278193
-0.973535	-1.06588
-0.940944	-0.833741
-0.875761	-0.407496
1.12317	-0.25265
-0.75626	0.317793
0.558253	0.5256
-0.223937	0.463198
-0.962671	-1.32464
-0.973535	-0.961765
-0.919216	-0.972047
-0.419484	-0.0129476
-0.799715	0.186726
0.286659	0.0680695
-0.973535	0.444041
-1.00613	-0.360611
0.156294	0.0682718
0.395297	0.147532
0.0476569	0.537914
2.11177	0.17054
-0.310847	0.268998
-0.854034	0.511428
1.47081	0.782144
-0.984399	-0.761388
0.569117	-0.0678706
-0.625895	-0.0706887
0.84071	0.230942
-0.864898	-0.436828
-0.647623	0.363236
0.92762	-0.428306
-0.810579	-0.951036
-1.00613	-0.399023
-0.995263	-0.467267
0.232341	0.501124
0.449616	0.397018
0.427888	-0.050726
1.7424	0.664207
-0.039253	0.298428
0.710345	0.257851
0.721209	0.584932
-0.940944	-0.750342
1.21008	-0.0548054
0.938484	0.389882
0.254068	0.136252
-0.180482	0.349139
0.384433	0.460725
0.232341	0.121555
-0.115299	0.399116
1.10144	0.356192
0.395297	-0.174364
-0.658487	-0.564915
-0.126163	0.123445
-0.158754	0.177485
-0.919216	-1.37362
-0.864898	-0.308546
0.210613	-0.661965
-0.549849	-0.199072
-0.940944	-0.22064
-0.14789	-0.079784
-0.40862	-0.414722
-0.908353	-0.169655
-0.354302	0.39479
0.395297	0.478498
-0.517258	0.451118
1.2644	0.333029
-0.560713	0.336428
0.286659	0.463141
3.19814	0.478011
-0.343438	-0.101339
0.656027	0.366908
-0.777988	0.489308
-0.14789	-0.531046
0.199749	0.466624
-0.908353	-0.750239
0.895029	0.40591
0.558253	-0.123264
-0.767124	0.526586
2.3725	0.655523
0.677754	0.538695
-0.2348	0.248218
-0.560713	0.164963
0.438752	-0.0514723
0.340978	0.496813
-0.462939	-0.264362
1.63376	-0.000673927
-0.58244	0.0649055
-0.875761	0.362052
0.981939	0.0811407
-0.419484	0.522635
1.16662	0.380319
-0.430348	-0.625641
1.16662	0.109887
0.590844	0.0886698
-0.549849	0.492193
-0.734533	0.186593
-0.810579	-0.31331
0.514798	0.55553
1.61204	0.108456
-0.919216	0.00644832
0.949348	0.596047
-0.93008	-0.613702
0.797255	0.749608
-0.810579	0.61187
-0.191345	0.284198
0.525662	0.213315
0.351842	0.277478
-0.0175256	-0.0273817
1.73154	0.422141
-0.0175256	0.296259
-0.169618	0.0163698
-0.810579	-1.03866
-0.788851	0.39585
0.710345	0.472367
0.112839	0.481521
0.66689	0.261814
-0.310847	0.373898
-0.919216	-0.654057
-0.886625	-0.175338
-0.517258	-0.104747
0.797255	0.349868
-0.973535	-0.602296
-0.799715	0.367341
0.275796	-0.494544
-0.810579	0.000436844
0.384433	0.333946
1.22094	0.522608
0.0911119	-0.51965
-0.202209	0.322101
-0.137027	0.543998
-0.278255	0.382717
-0.386893	0.020594
-0.625895	0.292535
2.05745	0.543149
-0.897489	-0.954955
0.623435	0.522264
-0.376029	-0.381352
-0.647623	0.520679
1.25353	0.400113
-0.571577	0.0663018
-0.0175256	0.387984
-0.658487	-0.318689
1.1123	0.420482
-0.886625	-0.758841
-0.767124	0.290917
0.395297	0.306732
-0.777988	0.275926
1.05799	0.243885
-0.267392	0.348789
0.612572	0.521177
-0.126163	0.35104
-0.506394	-0.657481
-0.93008	-0.443823
0.7538	0.225728
2.14436	0.75238
0.590844	0.519544
-0.039253	0.219009
-0.810579	0.534561
-0.213073	-0.140352
1.61204	0.511003
-0.104436	0.371775
-0.158754	0.347223
-0.962671	-0.771179
-0.788851	-0.0199249
-0.854034	0.440413
-0.267392	-0.814706
-0.191345	0.227408
-0.49553	0.228236
-0.58244	-0.0329778
0.167158	0.422433
-0.767124	0.210363
-0.538985	-0.316771
1.1123	0.314643
1.39476	0.819145
3.81738	0.629704
0.156294	0.220818
-0.104436	-0.326281
0.297523	-0.319398
-0.0718443	0.195038
-0.864898	-0.780988
-0.484667	-0.149076
-0.984399	-0.620102
0.0150657	-0.834382
0.0585207	0.236358
-1.02785	-0.00939288
0.178022	-0.313072
-0.723669	0.122221
-0.332574	-0.0541437
-0.419484	0.371609
-0.58244	0.353804
0.558253	0.0875363
0.905893	-0.328576
0.221477	-0.0807264
-0.484667	0.673238
-0.397757	-0.486981
1.24267	0.163612
-0.962671	-0.438492
-0.40862	0.126114
0.558253	0.127034
-0.517258	-0.04303
0.514798	0.375705
-0.908353	-0.809759
0.960212	0.455761
3.35024	0.357018
-0.289119	0.00361306
-0.202209	0.262532
0.210613	-0.44605
-0.0283893	0.248422
1.57945	0.499186
0.00420194	0.692387
-0.104436	0.368938
0.0911119	0.716143
-0.723669	-0.279907
-0.777988	0.0287978
-0.14789	0.0745259
-0.897489	-0.215489
-0.84317	0.398215
-0.647623	-0.0662328
0.49307	0.0469263
-0.604168	0.424433
-0.951808	-0.715441
-0.984399	-0.879977
0.167158	0.208631
0.645163	0.30107
0.330114	0.415261
-0.365165	0.210449
2.02486	0.561146
-0.777988	-0.413409
-0.462939	-0.244582
-0.419484	-0.139962
-0.082708	0.413282
-0.691078	-0.41846
-0.940944	-1.03454
-0.180482	0.289567
-0.310847	0.459558
1.25353	0.458327
-0.84317	-0.336711
-0.821443	-0.624336
-0.245664	-0.336262
-0.506394	-0.442006
1.68808	0.530083
0.308387	0.0771523
1.24267	0.547603
-0.799715	-0.252334
-0.973535	-0.0444516
1.89449	0.541614
-0.2348	0.294187
1.16662	0.341454
1.7424	0.457666
-0.625895	0.0809684
0.460479	-0.115032
-0.734533	0.381071
-0.245664	0.524044
-0.082708	-0.163484
0.417024	0.406799
-0.397757	0.528266
1.55772	0.056616
-0.734533	-0.838723
-0.84317	-0.799498
0.123703	0.426915
-1.00613	-0.540024
1.1449	0.395398
-0.821443	0.160206
-0.777988	-0.133525
-0.767124	0.378144
-0.245664	0.524669
0.525662	-0.313993
-0.452075	0.4295
-0.462939	0.132332
-0.93008	-0.447913
-0.137027	-0.452644
-1.02785	-0.1501
1.85104	0.302116
-0.647623	0.24551
-0.951808	-1.31934
0.134567	0.469249
-0.256528	0.0252138
-0.897489	-0.451305
-0.0175256	0.513562
-0.973535	-0.556935
-0.951808	-0.544964
-0.419484	-0.0799337
-0.886625	-1.44137
0.00420194	-0.480034
0.634299	0.578154
-0.58244	0.167852
0.438752	-0.506686
0.449616	0.0471582
0.199749	0.214257
-0.832306	-0.906553
1.75326	0.541086
3.2416	0.619494
-0.810579	0.059887
-0.84317	-0.459235
-0.84317	-0.120509
-0.951808	-0.290844
0.156294	-0.189424
1.13403	-0.0434668
-0.854034	-0.381986
-0.571577	-0.381653
-0.93008	-0.769227
0.699482	0.651945
-0.734533	-0.753462
-0.376029	0.0375781
0.264932	0.271508
0.340978	0.280614
-0.560713	0.25171
2.17695	0.236101
-0.299983	0.110289
-0.299983	0.450916
0.66689	0.722742
0.145431	0.420549
-0.962671	-0.499333
-0.886625	-0.45408
0.00420194	0.552604
-0.995263	-0.271065
-0.299983	0.0467179
2.29645	-0.0591682
3.95861	0.695866
-0.343438	-0.0412523
-0.180482	0.695975
-0.58244	-0.63582
0.438752	0.482415
-0.84317	-0.362983
-0.701941	-0.491516
0.590844	0.257561
-0.49553	0.46498
0.156294	0.221643
-0.777988	-0.0540468
-0.647623	0.22072
-0.00666181	0.373709
-0.84317	0.0432113
-0.951808	-0.578351
0.0259294	0.197704
-0.951808	-0.451029
0.482207	0.45518
0.92762	0.0418038
-0.386893	-0.202901
0.0259294	-0.452988
-0.984399	0.303262
1.00367	0.0389675
0.330114	0.363812
0.427888	0.372564
0.558253	0.0071415
-0.940944	-0.324152
-0.473803	0.0816255
-0.973535	-0.52672
0.656027	-0.137997
0.00420194	0.0936161
-0.962671	-0.271922
-0.84317	-0.475265
-0.14789	0.00977548
-0.14789	0.128025
0.862438	-0.0543388
-0.636759	-0.571351
-0.821443	-0.906756
-0.919216	-0.237506
-0.517258	-0.267013
-0.625895	-0.882495
0.938484	0.474677
0.699482	0.0233615
-0.854034	-0.425337
-0.462939	0.473733
-0.354302	0.396968
-0.289119	0.410114
-0.66935	0.271376
-0.680214	0.576999
-0.560713	0.0434214
-0.604168	0.401617
-0.864898	0.255276
-0.940944	-0.822527
0.862438	0.366965
0.66689	0.645371
-0.864898	0.54869
1.95968	-0.304181
0.612572	0.362496
-0.0175256	0.202291
3.35024	0.500841
0.0150657	0.00695794
-0.864898	-0.254498
0.558253	0.338101
1.00367	0.36629
-0.180482	0.0813023
-0.886625	-0.608978
0.210613	0.266043
0.243204	-0.0291653
-0.93008	0.27585
0.319251	0.270139
-0.386893	0.69432
0.384433	0.310991
-0.0501168	0.0379468
-0.810579	-0.974823
2.38336	0.0970276
-1.00613	-0.435443
2.32904	0.237587
-0.14789	0.428265
-0.441212	0.303079
-0.2348	0.25658
0.232341	0.516721
-0.386893	0.492549
-0.680214	0.249361
-0.2348	-0.429753
-0.376029	0.225208
-0.75626	0.0362363
-0.2348	-0.268742
-0.32171	-0.275512
0.101976	0.687352
-0.299983	0.0217411
0.0367932	0.292151
0.656027	-0.322339
0.286659	0.290811
0.373569	0.0551469
-0.213073	0.161201
0.221477	-0.075541
0.797255	0.390271
-0.658487	0.286253
2.731	0.3898
-0.549849	0.465545
-0.636759	-0.0484998
-0.213073	0.328739
0.264932	-0.831026
0.525662	0.44914
-0.658487	-0.40796
-0.158754	0.480709
-0.919216	-1.15212
0.123703	0.444812
-0.549849	0.351525
0.797255	0.191209
0.188886	0.3481
-0.0283893	-0.515836
-0.397757	0.608795
0.0585207	-0.0726036
-0.528122	-0.43357
-0.299983	0.46778
-0.734533	-0.606269
-0.484667	0.57772
-0.158754	-0.232945
-0.0501168	-0.00242359
-0.810579	-1.34295
-0.137027	-0.452644
-0.354302	-0.355448
2.01399	0.504562
-0.267392	0.0567888
1.10144	-0.0670834
-0.908353	-0.412287
-0.723669	-0.623237
0.167158	0.135321
3.4806	0.492783
-0.66935	-0.302805
-1.01699	-1.77454
-0.832306	-1.4707
-0.58244	0.440445
0.373569	0.210752
0.112839	0.782681
-0.365165	-0.430269
1.16662	0.355686
-0.973535	-0.036485
-0.430348	0.360318
-0.940944	-1.10384
-0.604168	-0.698356
-0.875761	-0.0327748
-0.343438	0.148641
0.0693844	0.378801
2.19868	0.398372
-0.788851	0.551029
-0.854034	-0.794125
1.91622	0.408681
-0.560713	0.323029
0.167158	0.240047
-0.919216	-0.404733
-0.875761	-0.585164
-0.40862	-0.35228
-0.995263	0.26363
-0.462939	-0.520854
0.275796	0.297004
1.97054	0.358186
4.24106	0.445289
0.00420194	0.544843
-0.593304	0.220045
0.362706	0.562745
-0.039253	0.0882565
-0.0501168	0.403904
0.656027	0.167644
0.66689	-0.177051
-0.278255	-0.401443
-0.734533	-0.149655
0.873302	0.516954
-0.897489	-0.161071
1.06885	0.0901613
0.0150657	0.199666
-0.832306	-0.85823
0.688618	0.417845
-0.962671	-0.731288
0.905893	0.377286
1.78586	0.387936
0.916757	0.446712
0.254068	0.363489
2.36163	0.334192
-0.0175256	0.0929852
5.27312	0.550867
1.55772	-0.192929
-0.962671	-0.453013
-1.00613	-1.37603
-0.473803	0.181046
0.449616	0.0518329
0.00420194	0.00628332
-0.908353	-1.11781
-0.897489	-0.492327
-0.299983	0.237788
-0.962671	-0.658098
-0.897489	-1.43045
-0.93008	-0.109781
-0.354302	0.157553
0.0259294	-0.171025
-0.658487	-0.65789
-0.799715	0.0352387
0.427888	-0.290882
-0.854034	0.204113
-0.897489	-0.881144
-0.365165	-0.613336
-0.430348	-0.206934
1.25353	0.131384
-0.560713	-0.142524
-0.636759	-0.279729
-0.712805	0.351764
2.11177	-0.375021
0.0367932	0.283578
-0.517258	0.5988
-0.452075	0.573534
-0.039253	0.0885089
0.0476569	-0.147348
-0.58244	0.521064
-0.951808	-0.297575
-0.84317	-0.0968126
-0.615032	-0.514466
0.884165	0.692085
0.677754	0.0582056
0.786392	0.3681
-0.875761	-0.406887
2.07918	0.480059
-0.658487	0.356326
-0.777988	0.254862
0.612572	0.243821
-0.278255	0.205467
-0.908353	-0.819774
-0.245664	0.048037
2.48114	0.344834
0.884165	-0.0230785
1.1449	0.323763
2.38336	0.272843
-0.0175256	0.338371
-0.897489	-0.0656779
-0.734533	0.439522
-0.343438	-0.856603
-0.66935	0.0743224
-0.897489	-1.17038
-0.886625	-0.673451
-0.886625	0.270642
-0.799715	-0.1877
-0.93008	-0.87265
-0.897489	-1.08826
-0.984399	0.153255
0.449616	0.523425
0.297523	0.511218
-0.462939	-0.200603
-0.973535	-0.683866
-0.202209	0.383187
-0.169618	-0.772771
2.16609	0.36833
-0.354302	-0.33827
-0.854034	-0.177254
-0.58244	0.4532
0.427888	0.278495
-0.897489	0.000929651
3.05691	0.285043
-0.832306	-0.518695
-0.712805	-0.0933223
-0.2348	-0.543689
0.275796	0.194546
-0.419484	-0.0945017
-0.821443	0.00844614
-0.115299	0.410172
0.92762	0.00750824
-0.039253	-0.507062
-0.452075	0.439848
0.297523	0.187986
-0.647623	-0.0901435
-0.365165	-0.171078
-0.875761	-0.351936
0.677754	0.500163
-0.376029	0.122738
0.0259294	0.316973
-0.680214	0.3773
-0.788851	-0.425283
-0.104436	0.332366
-0.875761	-0.479618
-0.810579	-0.302438
0.319251	0.41199
-0.777988	0.0287978
-0.625895	-0.362805
-0.962671	-1.44232
-0.202209	0.338012
-0.40862	0.0100974
1.70981	-0.231415
3.40455	0.661074
-0.615032	-0.0703114
0.884165	0.829181
-0.777988	-0.912051
-1.02785	-0.482307
-0.723669	-0.686267
0.612572	0.50292
-0.615032	0.175913
-0.104436	0.166895
-0.854034	-0.32615
-0.940944	-0.434216
1.91622	0.593863
1.35131	0.393666
-0.538985	-1.01469
-0.0609805	0.303452
-0.864898	0.25195
1.48167	0.555647
0.797255	0.388064
-0.202209	0.713128
-0.376029	-0.234305
1.21008	0.135083
-0.875761	-0.445831
-0.919216	-0.835182
-0.289119	0.205144
-0.658487	0.387154
-0.452075	-0.126449
0.264932	0.41201
0.373569	0.469099
-0.810579	-0.283315
-0.854034	-1.60689
1.3839	0.177641
-0.625895	0.218674
-0.908353	-0.377433
-0.962671	-0.331076
-0.75626	-0.449196
-0.647623	0.153851
-0.734533	-0.305186
-1.00613	-1.37603
-0.810579	-0.777399
-0.397757	-0.306539
0.590844	0.729162
-0.821443	0.0542462
1.3839	0.639897
0.710345	0.238104
-0.191345	-0.57948
0.254068	0.296289
-1.01699	-0.23582
0.101976	0.615388
-0.821443	-0.121675
-1.00613	-0.908512
2.53545	0.647674
-0.951808	-0.433594
-0.604168	0.466108
-0.549849	0.505552
-0.32171	0.387473
-0.767124	-0.471835
-1.02785	-0.604409
-0.560713	-0.614562
-0.810579	-0.177637
-0.745396	-0.43759
-1.02785	-0.650934
-0.473803	0.328677
0.710345	0.323468
0.525662	0.447012
-0.137027	0.463178
-0.745396	-1.07154
-0.376029	-0.462633
-0.538985	-0.528069
-0.289119	0.175832
0.612572	0.560994
-0.484667	-0.311746
0.427888	0.406902
0.0693844	0.213691
-0.93008	-0.487496
-0.951808	-1.28773
-0.2348	0.373851
3.17642	0.0275725
2.731	0.317118
-0.951808	-1.28218
0.199749	-0.270751
-0.169618	-0.278619
-0.0935718	0.433735
-0.854034	-0.367003
-0.397757	-0.212332
-0.397757	0.538956
-0.647623	-0.591495
-0.2348	0.0974478
-0.560713	0.357142
0.764664	0.611852
-0.680214	-0.265298
-0.647623	0.277264
1.41649	-0.0370089
1.89449	0.269719
4.29538	0.623683
-0.419484	0.475549
0.134567	0.340052
2.52459	0.574685
-0.126163	0.396909
0.862438	0.392758
-0.343438	-0.182099
-0.039253	-0.890733
-0.506394	-0.448076
-0.973535	-0.43474
-0.115299	0.119557
-0.191345	0.584928
0.0150657	-0.274847
2.1335	0.542298
-0.0718443	0.359511
-0.376029	0.044735
0.688618	0.059942
0.112839	-0.425611
-0.517258	-0.193343
-0.0283893	0.567928
-0.940944	-0.211597
-0.854034	0.174001
-0.0283893	0.235794
-0.332574	0.527281
2.253	0.461389
-0.75626	-0.00508438
-0.864898	-0.685509
0.992803	0.0736715
-0.32171	-0.00868596
0.123703	0.328809
0.319251	-0.222092
0.590844	0.506791
-0.951808	-0.417336
-0.484667	-0.161772
-0.636759	-0.164912
0.221477	0.476257
-0.397757	0.509037
0.0802482	0.07194
1.29699	0.506125
1.43822	0.401445
1.53599	0.467138
-0.538985	-0.258699
-0.973535	-0.158711
0.536525	0.666681
-0.615032	0.335946
-0.799715	0.375391
1.68808	0.243332
-0.908353	-0.338053
-0.58244	0.371383
0.188886	0.351841
-0.658487	0.0175243
1.77499	0.568559
0.438752	0.236442
0.330114	-0.155375
1.3839	0.6257
0.275796	0.515406
-0.984399	-1.45824
-0.473803	-0.0853933
1.18835	0.276864
-0.386893	0.163327
-0.788851	0.10421
-0.908353	0.318235
1.59031	0.266074
-0.875761	-0.608673
-0.191345	0.178401
-0.93008	-0.890053
-0.919216	-0.620729
0.699482	-0.424632
1.24267	-0.222253
-0.180482	-0.508836
-0.0935718	0.0715194
2.38336	0.433527
-0.571577	0.111799
-0.680214	-0.67701
-0.886625	-0.238941
-0.680214	-0.0584707
0.590844	0.707082
0.808119	-0.0308804
-0.897489	-1.16295
-0.419484	-0.46038
-0.365165	0.427178
0.938484	0.777352
0.0693844	0.374274
-0.354302	0.55791
-0.376029	-0.0790803
-0.00666181	0.398791
0.7538	0.156464
-0.223937	0.139166
-0.223937	0.415762
-0.919216	-0.549183
2.60064	0.660004
4.31711	0.532206
-0.2348	0.49141
-0.995263	0.47456
1.7424	0.246537
-0.14789	0.46444
2.53545	0.356373
-0.908353	0.498754
3.79565	0.533466
-0.0718443	0.339559
-0.777988	-0.477931
1.64463	0.638766
0.645163	0.485995
1.42735	0.170854
-0.549849	0.157316
-0.832306	0.473976
-0.082708	-0.655714
-0.538985	-1.39386
-0.973535	-0.511742
-0.919216	0.295059
-0.158754	0.386019
0.514798	-0.496075
-0.0283893	-0.0516047
-0.984399	-0.34748
-0.701941	0.125955
0.340978	0.468482
-0.701941	0.338275
-0.66935	-1.51649
1.44908	0.418337
1.27526	0.492073
-0.636759	-0.406424
-0.767124	0.387177
-0.14789	0.079278
0.319251	0.159836
2.11177	0.17054
-0.919216	0.249197
-0.875761	0.454867
0.981939	0.332503
-0.691078	-0.219108
0.0150657	0.00352723
-0.908353	-0.563649
-0.897489	0.216851
-0.962671	-0.656144
2.253	0.500183
1.19921	0.731445
-0.951808	-1.01326
1.43822	0.461969
0.884165	0.551664
-0.365165	-0.0388664
0.00420194	0.198571
-0.571577	-0.231361
-0.864898	-0.234896
2.81791	0.268592
-0.126163	-0.136087
-0.864898	-1.07027
1.82931	0.559896
-0.875761	0.462781
0.427888	0.563915
-0.169618	-0.37048
-0.560713	-0.161091
-0.560713	0.0717813
-1.00613	0.175967
0.612572	0.377448
0.482207	0.733437
0.210613	-0.0311449
-0.886625	-0.459391
-0.430348	0.189114
0.156294	0.351543
-0.984399	0.10133
0.373569	0.564187
-0.919216	0.523066
0.00420194	-0.194759
-0.701941	-1.16855
-0.40862	-0.443589
-0.951808	0.350341
0.569117	-0.0308653
-0.310847	-0.359611
4.1107	0.124236
0.732073	0.457304
2.60064	0.430581
0.221477	-0.505423
2.15522	0.328824
-0.213073	-0.15825
0.612572	-0.251867
-0.625895	-0.312875
1.76413	0.570395
-0.93008	-0.281299
-0.821443	-0.481585
-0.49553	-0.421059
0.623435	0.121252
-0.75626	0.149437
0.123703	0.519649
0.221477	0.304867
0.232341	0.145838
-0.658487	-0.908966
0.427888	0.357132
-0.691078	0.343835
-0.223937	-0.762278
-0.767124	-0.0423635
2.31818	0.40164
-0.691078	-0.660998
0.0693844	-0.269104
-0.517258	-0.154298
-0.680214	0.388548
-0.289119	0.335121
-0.484667	0.330143
0.373569	0.315228
5.04498	0.583851
0.101976	0.381118
-0.984399	-0.533912
-0.615032	-0.0715207
2.65496	0.112364
0.395297	0.221862
0.971075	0.708458
-0.2348	0.305254
-0.864898	0.416499
-0.104436	0.311304
-0.245664	-0.0649433
0.49307	0.1429
-0.593304	-0.23945
1.70981	0.607823
0.710345	-0.106778
0.92762	0.23655
0.775528	0.0398382
0.373569	-0.414852
0.623435	0.156896
-0.712805	0.157462
-0.940944	-0.235339
-0.115299	-0.58127
0.57998	0.156292
-0.0609805	-0.0605974
0.590844	-0.161578
-0.289119	-0.149207
1.04712	0.0124357
-0.104436	-1.07868
-0.658487	-0.396305
-0.810579	0.238001
-0.723669	-0.638215
-0.299983	-0.579611
0.0476569	-0.0283226
-0.289119	-0.673459
-0.897489	-0.375824
-0.767124	-0.490426
-0.93008	-0.739638
0.742937	0.0125042
-0.58244	0.699912
1.63376	0.355803
0.0585207	-0.406718
0.210613	0.422463
-0.951808	-0.694211
-0.734533	-0.346344
0.373569	0.332957
-0.506394	0.248029
-0.691078	0.507051
0.112839	-0.130681
1.55772	0.056616
0.938484	-0.218939
-0.788851	0.337282
1.07971	-0.106608
-0.430348	0.382021
-1.00613	-0.567288
-0.897489	-0.267578
1.09058	0.614849
-0.864898	-0.786283
0.873302	0.285174
-0.875761	-0.0205518
-0.919216	-0.174541
0.232341	0.460222
-0.419484	-0.279073
-0.93008	-0.688051
1.51426	0.426266
-0.00666181	0.255367
-0.115299	0.418646
1.56858	0.0629396
1.65549	0.390846
-0.723669	-0.887132
-0.376029	0.356576
-0.734533	0.340202
0.49307	0.335855
1.24267	0.291194
1.04712	0.568581
-0.919216	0.247797
-0.864898	-0.467381
0.623435	0.4522
0.188886	0.448977
4.56698	0.499602
-0.419484	0.25635
-0.0175256	0.142308
-0.745396	-0.323872
-0.940944	0.105209
-0.354302	0.122101
-0.571577	-0.372217
-0.299983	0.160534
-0.897489	-0.516809
0.0693844	-0.388469
-0.169618	0.249897
-0.49553	0.0898109
-0.082708	0.268857
-0.256528	0.458783
0.66689	-0.257917
-0.984399	-0.116757
-0.908353	-1.18231
-0.604168	-0.308789
-1.00613	-1.06284
0.460479	-0.118365
-0.58244	-1.28289
-0.299983	0.110461
-0.40862	0.395045
-0.875761	0.109916
-0.625895	-0.0646098
-0.549849	-1.04284
2.72014	0.459387
-0.473803	-0.14513
-0.962671	0.382627
-0.560713	-0.0212125
-0.528122	0.513642
1.65549	0.474296
-0.376029	0.0217711
0.57998	0.287127
-0.473803	0.274342
-0.908353	-0.185923
-0.115299	0.352058
2.79618	0.434099
-0.452075	0.29516
-0.636759	-0.0218261
-0.745396	-1.18424
-0.158754	0.62271
-0.767124	0.932035
0.178022	0.255449
2.19868	-0.0805779
-0.343438	-0.241925
2.55718	0.662403
-0.919216	-0.839468
0.351842	0.173193
0.156294	-0.3005
0.406161	-0.418692
-0.223937	0.213947
-0.245664	-0.147072
-0.158754	0.39244
0.438752	0.422246
-0.75626	-0.675264
-0.875761	0.508123
-0.951808	0.368802
0.156294	0.00976426
-0.854034	-0.187969
-0.886625	-0.535202
0.514798	-0.367902
1.25353	0.480975
-0.082708	-0.0106277
0.362706	0.175311
-0.940944	-0.307152
1.32958	0.41776
-0.777988	-0.153105
-0.734533	0.499706
0.232341	-0.729975
0.0802482	0.0849755
-0.995263	-0.327078
-0.84317	-1.00857
2.66582	0.615131
-0.734533	0.392353
2.00313	0.157812
-0.615032	0.0262796
-0.951808	-0.21492
2.58977	0.0484976
-0.854034	-0.382162
-0.430348	-0.235049
2.33991	0.369382
-0.571577	-0.35576
0.645163	-0.234084
-0.984399	-0.975725
-0.397757	0.315527
-0.386893	-0.609625
0.503934	-0.318917
-0.202209	-0.598733
-0.49553	-0.360451
-0.908353	-0.127528
-0.854034	-0.406711
-0.397757	-0.166866
-0.658487	0.240347
-0.951808	-0.478727
-0.158754	0.264303
1.24267	0.34701
0.351842	0.0508462
-0.886625	-0.302116
-0.723669	-0.0506346
-0.0935718	0.464817
-0.875761	-0.877952
-0.940944	-0.0879804
-0.430348	-0.021885
-0.593304	0.402048
2.57891	0.341009
-0.973535	-0.251621
0.482207	0.23426
1.73154	0.396589
-0.854034	-0.102044
0.134567	0.255238
-0.832306	0.593505
-0.549849	-0.491429
0.764664	0.245199
-0.962671	-0.659219
-0.376029	-0.803769
-0.919216	0.300916
-0.984399	-0.741008
2.30732	0.286083
-0.473803	-0.0429146
-0.734533	-0.872197
-0.104436	0.271143
0.699482	0.0860764
-0.973535	-1.06744
-0.919216	-0.296333
-0.0283893	0.0669748
-0.191345	-0.533597
-0.723669	-0.439423
8.1846	0.815247
-0.886625	-0.515823
-0.832306	-0.723768
-0.343438	-0.016599
1.32958	0.239574
-0.137027	0.357599
-0.506394	-0.17698
-0.897489	-0.451305
0.612572	0.488723
1.90536	-0.0585995
-0.897489	-0.444354
0.232341	0.0148561
-0.354302	0.522913
2.05745	0.56975
-0.897489	0.149309
0.699482	-0.403768
-0.875761	-0.260857
-0.082708	-0.0425035
-0.0283893	-0.368796
0.0911119	0.429516
-0.213073	0.16751
-0.441212	0.306474
-0.560713	-0.270499
0.0150657	-0.8755
-0.169618	0.299061
0.308387	0.376576
-0.58244	0.408847
1.3839	0.380633
0.514798	-0.496075
0.66689	0.0731057
-0.84317	-0.269022
-0.84317	-0.284985
-0.864898	-0.138845
1.34044	0.187517
2.22041	0.582461
-0.75626	0.190792
-1.00613	0.262054
1.01453	-0.401479
1.45994	0.637587
-0.452075	-0.608909
-0.864898	-0.284034
-0.397757	0.266597
1.16662	0.559849
-0.875761	-0.462937
1.61204	0.134969
0.0150657	0.447402
0.351842	1.13535
1.42735	0.407018
-0.995263	0.152404
-0.49553	-0.628328
-0.115299	0.156006
-0.995263	-0.11076
1.36217	0.253638
-0.973535	-0.207132
-0.647623	-0.235215
1.47081	0.652164
-0.864898	-0.835234
-0.66935	-0.50222
-0.082708	0.38016
-0.951808	0.284032
-0.202209	-0.379265
-0.940944	-1.2151
-0.984399	-1.46286
-0.310847	-0.46427
-0.0609805	0.00926638
-0.604168	0.0398448
-0.658487	-0.701549
-0.528122	0.232663
-0.462939	0.618108
-0.701941	0.157298
0.84071	0.396725
-0.745396	-0.495319
1.03626	0.401653
-0.332574	-0.0541437
-0.636759	0.401774
-0.126163	0.416623
1.12317	0.210673
-0.365165	0.194647
-1.00613	-0.425796
0.732073	0.36876
0.449616	-0.123275
0.427888	-0.148331
-0.854034	-0.0894705
-0.354302	0.129512
0.330114	0.358929
-0.202209	-0.146368
-0.00666181	0.0506399
-0.777988	-1.04174
-0.213073	0.259682
4.63216	0.784569
-0.886625	-0.355993
0.949348	-0.083392
0.525662	-0.0303367
1.1449	0.651445
-0.897489	-0.821583
0.0911119	-0.538735
-0.745396	-0.124731
-0.777988	-0.30423
-0.386893	-0.02098
-0.473803	-0.61615
1.01453	0.41108
-0.202209	-0.338841
-0.886625	-0.48887
0.601708	-0.183547
1.07971	0.00633709
0.699482	0.368199
-0.32171	-0.442563
-0.919216	-0.795999
-0.452075	-0.374897
1.56858	0.518209
-0.484667	0.243774
0.178022	0.0770343
-0.365165	0.0532286
0.210613	-0.234344
1.64463	0.371337
-0.473803	0.200234
0.732073	0.467341
2.492	0.692307
0.232341	0.384086
-0.984399	-0.703428
-0.213073	-0.529281
2.05745	0.514128
-0.104436	0.287206
-0.897489	-0.567053
3.4806	0.477594
-0.484667	0.0228541
-0.14789	0.352146
0.384433	0.258532
0.340978	0.212646
-0.506394	-0.9146
0.395297	0.0968341
0.971075	-0.0233884
0.503934	0.285482
-0.680214	0.293272
0.84071	0.268496
-0.734533	-0.198037
0.221477	0.458705
0.286659	0.558018
-0.832306	-0.786157
-0.473803	0.10931
0.188886	0.0988927
-0.538985	-0.316584
-1.00613	-0.299907
-0.452075	0.109708
-0.734533	-1.37775
2.89396	0.286079
-0.571577	0.5386
1.61204	0.576156
-0.0175256	-0.158764
-0.767124	-0.288494
1.28612	0.108866
-0.919216	0.295447
-0.397757	0.0660595
-0.984399	0.208715
-0.777988	-0.437207
-0.419484	0.0925465
0.156294	0.145232
-0.604168	0.226285
0.0150657	-0.1775
-1.00613	-0.12316
-0.897489	-1.56346
-0.202209	0.196909
-0.473803	-0.0285744
0.112839	-0.179572
-0.734533	-0.520312
3.18728	0.766693
0.0476569	0.170338
-0.995263	-0.291575
-0.289119	0.223534
-0.995263	-0.634807
-0.93008	-0.283803
0.232341	-0.4914
-0.386893	-0.0223412
-0.995263	-0.868889
-0.32171	0.41248
-0.49553	0.0340824
1.09058	-0.820802
0.384433	0.495957
0.0585207	0.186254
-0.202209	-0.144644
0.351842	0.0237875
-0.810579	0.0806592
-0.777988	-0.466434
-0.00666181	0.287463
0.101976	-0.122473
2.09004	0.223828
-0.419484	-0.777366
-0.908353	-0.431667
-0.376029	0.368611
-0.962671	0.337638
1.93795	0.324337
-0.636759	0.21407
-0.49553	-0.121641
-0.875761	-0.524024
-0.962671	-0.640244
-0.538985	-0.119668
-0.213073	0.350555
-0.701941	-0.307031
1.23181	0.0922561
2.76359	0.548908
-0.158754	0.180211
-0.875761	-0.0205518
-0.93008	-1.30638
-0.158754	0.404054
-0.875761	-0.625716
-0.777988	-1.22306
-0.701941	-0.339935
-0.821443	0.13129
-0.137027	0.465593
0.710345	0.366799
-0.745396	-0.641004
1.00367	0.407489
-0.745396	-0.913284
-0.2348	-0.200089
-0.875761	-0.440325
-0.984399	-0.370596
-0.951808	0.587031
-0.354302	0.369651
1.49254	0.330286
-0.560713	0.429448
0.199749	0.464625
0.134567	0.417865
-0.506394	0.369979
-0.734533	0.211969
1.39476	0.819145
0.514798	0.477286
-0.354302	0.0719091
0.373569	0.575757
-0.777988	0.565589
0.92762	0.379318
-0.180482	-0.204
0.438752	-0.0402277
-1.01699	-0.29829
0.210613	-0.0251397
-0.126163	0.348127
-0.973535	0.411536
-0.93008	-0.347199
0.829847	0.446574
-0.680214	-0.477375
0.308387	-0.251533
-0.93008	-0.0297157
0.395297	0.222422
-0.647623	-0.169541
0.49307	0.198324
-0.940944	-0.652091
0.145431	0.0143231
-0.430348	0.0616712
2.40509	0.327591
-0.875761	-0.201933
-0.245664	-0.113525
-0.593304	0.238557
-0.691078	0.473511
0.0911119	0.0638106
0.178022	0.169999
-1.01699	-0.23582
0.634299	0.318143
0.221477	0.324497
-0.593304	-1.44074
-0.484667	0.0328532
1.07971	0.122646
1.42735	-0.00437505
1.59031	0.638768
2.1335	0.542298
-0.278255	0.382137
-0.84317	-0.508514
-0.984399	-0.61827
-0.223937	-0.123747
0.460479	-0.825188
-0.278255	0.0645272
-0.658487	-0.324877
0.0911119	0.101748
-0.213073	0.365199
0.49307	0.338699
-0.875761	0.50844
-0.462939	-0.129154
-0.658487	0.236348
0.0150657	0.301106
-0.810579	-0.312602
0.0693844	-0.269104
-0.734533	0.289062
-0.126163	0.201989
-0.506394	-0.695005
1.8619	0.456275
-0.202209	0.252024
0.895029	0.715697
-0.365165	0.470098
-0.082708	0.115672
-0.343438	-0.708728
-0.462939	-0.768943
-0.58244	0.471984
1.28612	0.581711
-0.66935	0.497327
0.243204	0.0940601
-0.832306	-0.499848
-0.886625	-0.457054
0.92762	0.308798
-0.126163	0.536577
4.07811	0.25337
-0.0501168	0.385462
0.0693844	0.265402
-0.897489	-0.642915
-0.2348	0.543042
0.645163	0.107062
-0.777988	0.130554
-0.202209	0.293335
-0.691078	-0.242022
-0.506394	0.313336
-0.875761	-0.586987
-0.137027	0.62384
2.29645	0.542996
-0.93008	-0.347282
1.42735	0.203501
0.645163	0.612051
-0.169618	0.470079
1.02539	0.353149
-0.0609805	0.302354
2.03572	0.463988
1.80758	0.394699
-0.962671	0.31361
-0.376029	0.479148
-0.995263	-0.642076
-0.647623	-0.329871
0.949348	-0.083392
0.330114	0.0668463
-0.854034	-0.612742
0.0476569	0.312337
2.51373	0.338642
1.12317	0.284303
2.89396	0.308915
-0.0283893	-0.065025
1.90536	-0.311049
0.721209	-0.521533
-0.58244	-0.296517
-0.908353	-0.771152
-0.039253	0.0801259
-0.940944	-0.144602
0.656027	0.308964
0.449616	0.116253
-0.517258	0.140466
-0.940944	-0.697939
1.12317	0.697133
-0.365165	0.0014565
2.68755	0.389673
0.406161	0.287404
1.05799	0.2378
0.732073	-0.237205
-0.864898	0.0626413
-0.734533	-0.584494
-0.777988	0.371788
-0.636759	0.259696
0.0150657	-0.472387
-0.701941	-0.106808
2.8505	0.316243
-0.430348	-0.0368517
2.56805	0.367602
-0.84317	0.165779
-0.58244	-0.239976
0.264932	0.392268
-0.310847	0.217936
-0.299983	0.445218
1.27526	0.134175
0.49307	0.424337
-0.40862	-0.367562
-0.0718443	0.533354
3.70874	0.397109
-0.202209	0.492256
-0.376029	-0.133522
-0.191345	0.31495
-0.256528	0.315262
0.981939	0.377735
0.0911119	0.255743
2.78532	0.526866
-0.484667	0.450626
-0.625895	0.306361
-0.854034	0.0902097
0.503934	0.0576664
1.15576	0.328234
-0.441212	-0.361476
-0.84317	0.0677029
0.199749	-0.058065
-0.821443	0.00252837
1.01453	0.0201667
-0.593304	0.209233
-0.158754	0.0028742
-0.343438	0.0146552
0.688618	0.0160469
-0.701941	-0.374055
-0.897489	0.32233
-0.549849	-0.736671
0.786392	0.713926
-0.734533	0.0660483
-0.647623	-0.682344
0.92762	0.371221
-0.256528	-0.507076
-0.886625	-0.847375
-0.191345	0.669713
-0.908353	0.00247881
-0.32171	0.286557
-0.310847	0.286713
-0.115299	0.0168257
-0.973535	-0.132656
-0.821443	-0.585478
0.7538	0.156464
0.101976	-0.417418
2.24213	0.441782
0.134567	0.48273
-0.0283893	0.346154
1.65549	0.127566
0.243204	-0.18894
-0.267392	0.132543
-0.908353	-0.181041
-0.169618	-0.0745971
1.79672	0.215252
-0.332574	-0.495304
-0.854034	-1.34814
-0.908353	-0.520248
0.101976	-0.265127
-0.777988	0.427227
-0.886625	-0.348294
0.178022	0.381686
-0.560713	0.114656
-0.58244	0.0801
1.29699	0.103896
-0.158754	0.404054
-0.137027	-0.618551
-0.462939	-0.123672
-0.940944	0.0639305
0.525662	0.119617
-0.473803	-0.392307
-0.082708	-0.277888
-0.919216	-0.686591
3.9912	0.534703
-0.658487	0.178306
0.406161	-0.218857
1.89449	0.389228
0.210613	0.0665455
-0.441212	0.600551
0.873302	0.00874883
-0.636759	0.273579
-0.376029	0.0474434
1.22094	0.188589
-0.93008	0.240495
-0.799715	-0.445986
-0.14789	0.0579016
3.2416	0.485556
0.395297	0.350148
-0.886625	-0.957697
0.264932	-0.0948082
-0.560713	-0.687106
1.32958	0.569021
-0.908353	-0.499763
-0.299983	-0.292723
-0.66935	0.0673855
1.68808	0.376006
0.514798	0.187893
-0.973535	-0.515667
-0.984399	-0.645592
0.786392	0.328339
1.65549	0.399187
-0.104436	-0.042282
-0.32171	0.269081
-0.00666181	0.070579
-0.462939	-0.601391
0.275796	0.519601
-0.745396	0.400607
-0.767124	0.336519
-0.658487	-0.396769
0.0150657	-0.499425
-0.082708	0.082658
0.688618	0.467293
1.00367	-0.0290421
-0.604168	0.14513
-1.00613	-0.161963
1.94881	0.392772
-0.376029	0.344813
-0.517258	0.120559
0.0259294	-0.0825221
-0.680214	-1.10584
-0.289119	0.195763
1.27526	0.238223
-0.571577	0.137218
-0.452075	0.0161178
-0.875761	0.347873
0.818983	0.554753
-0.962671	-0.388538
-0.962671	-0.60651
-0.365165	0.495748
-0.919216	-0.826427
0.0476569	0.356383
-0.158754	0.464431
0.406161	0.468769
-0.560713	-0.621205
-0.951808	-0.949011
-0.49553	-0.628328
0.427888	-0.278111
0.373569	-0.176262
0.634299	-0.342537
-0.788851	-0.391652
0.112839	0.0229227
-0.723669	0.0467273
0.460479	0.396847
-0.365165	-0.078097
-0.289119	0.27063
-1.01699	-0.730263
-0.082708	0.240693
0.210613	0.330574
-0.397757	-0.234945
-0.40862	0.400447
-0.973535	0.231117
-0.919216	-1.02751
2.53545	0.0890121
-0.940944	-0.749636
-0.777988	-0.816825
0.0476569	-0.930806
-0.506394	-0.888152
2.492	0.482991
-0.169618	0.396289
-0.832306	0.284323
3.05691	0.533249
-0.223937	-0.307752
0.427888	0.452391
-0.973535	-0.321828
0.297523	0.315236
-0.343438	0.175468
-0.810579	-0.156699
-0.864898	0.0935219
0.0150657	0.806581
0.243204	0.165106
3.49146	0.498463
0.525662	0.225708
-1.00613	-1.06284
-0.104436	0.153413
1.1123	0.499587
-0.908353	-0.99227
-0.484667	-0.0196398
-0.647623	-0.501473
-0.832306	-0.548693
-0.810579	-0.37495
-0.343438	-0.28716
1.09058	-0.222533
-0.636759	0.0351665
-0.93008	-0.155883
-0.0718443	0.0521034
-0.908353	-0.838756
1.42735	-0.17519
-0.908353	-0.770979
0.427888	0.472985
-0.712805	0.4529
-0.940944	-0.219386
-0.452075	0.0869875
-0.691078	-0.222115
-0.701941	-0.0711079
-0.897489	-0.488297
0.406161	0.378836
-0.180482	0.0813023
-0.49553	-0.280753
5.12103	0.677033
1.59031	-0.179366
-0.940944	-0.628925
-0.940944	-0.452794
0.221477	0.34537
-0.58244	-0.547169
-0.32171	0.264538
0.786392	0.0233189
0.786392	-0.708904
-0.854034	0.258928
-0.354302	0.489644
-0.604168	0.401617
0.0585207	-0.435208
-0.984399	-0.230872
-0.940944	-0.720613
-0.777988	-1.81816
-0.767124	-0.243231
0.525662	-0.412291
-0.940944	0.077271
0.558253	0.352347
1.90536	0.309188
-0.115299	0.410172
0.0259294	-0.00897294
0.0802482	-0.440112
-1.04958	-1.24113
1.3839	-0.304789
-0.538985	0.015613
-0.777988	-0.470638
-0.191345	0.369137
0.145431	0.155634
-0.538985	-0.556679
1.95968	0.224917
0.417024	0.412214
-0.256528	0.154486
0.0150657	0.552167
-0.723669	-0.217508
-0.560713	0.518637
0.199749	0.214257
0.895029	0.243681
-0.745396	0.344129
-0.0283893	0.0945453
-0.821443	-0.121675
-0.0935718	-0.0687
-0.484667	0.0203957
0.156294	0.295332
-0.93008	0.119978
-0.310847	0.522919
1.44908	0.755994
0.406161	0.723979
0.417024	0.384761
1.64463	0.451684
-1.00613	-0.619202
1.39476	0.54778
-0.875761	-0.292738
-0.419484	-0.0129476
0.710345	0.417046
1.01453	0.641459
0.0259294	-0.0447331
-0.604168	-0.167962
-0.299983	-0.419976
-0.180482	0.643065
-0.571577	0.0543553
-0.289119	0.543121
-0.126163	-0.134325
0.49307	0.346046
-0.701941	0.417272
-0.810579	0.0907415
-0.213073	0.213106
1.37303	0.457885
0.134567	0.261633
-0.854034	-0.475109
0.373569	0.311669
-0.701941	-0.463399
-0.158754	-0.152712
0.156294	0.130633
0.656027	0.514202
0.92762	0.0451519
-0.995263	-0.458221
0.243204	-0.109138
0.340978	0.386664
-0.886625	-0.203756
-0.137027	0.572049
-0.452075	0.108226
-0.984399	-0.241751
-1.03872	-0.118417
-0.571577	0.0439118
0.547389	-0.111825
3.29592	0.277546
-0.14789	0.321417
1.16662	0.559849
-0.788851	0.243537
0.742937	0.395145
0.84071	0.354905
-0.484667	-0.113083
0.254068	0.0681792
-0.84317	0.249793
1.61204	0.00929203
1.04712	0.383392
3.94774	0.750778
-0.58244	-0.192721
-0.137027	0.228665
-1.00613	-1.26675
-0.66935	-0.362828
-0.658487	0.0480986
-0.343438	-0.0975329
-0.810579	0.106993
-0.66935	0.348054
-0.951808	-0.572573
0.623435	0.315465
0.536525	0.601457
-0.528122	-0.109779
1.45994	0.0917515
-0.0283893	0.154913
-0.897489	0.275795
-0.332574	-0.126845
0.981939	0.229286
-0.984399	0.219348
-0.886625	0.161377
0.49307	-0.667675
-0.0501168	-0.151058
-0.995263	-0.697474
0.232341	0.640915
1.16662	-0.0361614
-0.886625	-1.35521
0.503934	-0.254171
-0.745396	-0.108757
-0.278255	0.318173
0.188886	-0.152637
-0.332574	0.850736
0.221477	-0.870422
-0.691078	0.119108
1.05799	0.13593
-0.126163	0.302361
-0.2348	0.367068
-0.940944	-0.255641
0.558253	1.12774
-0.875761	-0.397721
-0.680214	0.103751
-0.549849	-0.028653
-0.734533	0.259223
2.01399	0.402395
1.48167	0.0519901
-1.00613	-0.677681
2.48114	0.15459
-0.973535	0.472516
-0.75626	0.556727
-0.691078	0.580373
-0.723669	0.225337
-0.777988	-0.184331
-0.680214	0.406334
-0.0283893	0.0883623
-0.832306	0.0711057
0.395297	0.0779599
0.0476569	0.11595
0.0693844	0.564981
0.406161	0.341505
0.525662	0.130232
0.340978	0.63857
-0.0718443	0.386192
-0.484667	0.414751
0.482207	0.317523
0.590844	0.532919
1.9814	0.673319
0.471343	-0.361541
-0.984399	-0.474023
-0.734533	0.381071
0.775528	0.275097
0.199749	0.155315
-0.0283893	-0.065025
0.623435	0.277537
-0.84317	-0.734049
2.1009	0.480401
0.0911119	-0.0858411
1.43822	0.510024
0.101976	0.210559
-0.821443	-0.413122
-0.66935	-0.618676
-0.734533	0.13585
-0.647623	-0.769016
0.710345	0.667009
-0.951808	0.113541
-0.354302	-0.0215715
2.90482	0.0732211
-0.517258	-0.819601
-0.528122	0.0590769
-0.289119	0.426387
0.84071	0.069982
-0.202209	0.412351
0.297523	-0.0757696
2.492	0.338291
-0.376029	0.53613
2.70927	-0.0559927
3.29592	0.427855
0.938484	-0.206077
-0.799715	-0.336741
-0.299983	0.182713
1.35131	0.0660109
1.16662	0.478948
-0.473803	0.0729262
1.25353	0.131384
0.243204	0.40878
-0.745396	-0.436524
-0.734533	-0.289239
0.0476569	-0.101236
0.677754	0.160542
-1.01699	-1.41817
-0.354302	0.0765957
-0.940944	-0.819639
2.56805	0.433686
-0.299983	-0.312355
0.417024	0.211949
-0.289119	0.197689
-0.940944	-0.211597
-0.267392	1.14184
-0.810579	-0.451533
-0.962671	-0.742836
-0.386893	-0.370344
-0.93008	-0.683441
-0.658487	0.221607
-0.039253	0.478918
-0.278255	0.496337
-0.777988	-0.048209
-0.810579	-0.0879727
-0.191345	-1.15042
-0.169618	0.234972
2.36163	0.16021
0.101976	0.386644
-0.126163	-0.0775672
-0.84317	-0.75718
-0.897489	-1.32411
-0.604168	0.450753
-0.66935	0.46906
-0.788851	-0.210917
-0.202209	-0.0906158
0.623435	0.225971
1.21008	0.29639
0.406161	0.204515
-0.528122	-0.317718
1.54685	0.220277
-0.962671	-0.9905
-0.788851	0.12187
-0.343438	-0.43366
2.29645	-0.019659
1.84017	0.357423
-0.441212	0.0321027
-0.376029	0.483262
-0.647623	-0.545792
-0.549849	0.128565
-0.854034	-1.15981
-0.0609805	0.300643
0.960212	0.4475
-0.701941	0.892567
0.210613	0.420331
-0.625895	-0.0650719
0.112839	-0.0323273
-0.104436	0.464498
-0.951808	-1.62307
1.04712	0.297182
0.569117	0.403605
2.89396	0.516586
-0.940944	-0.150767
0.797255	0.504562
-0.821443	-0.0487498
2.75273	0.191255
-0.951808	-1.27513
-0.691078	0.0261582
-0.58244	-0.495509
-0.0501168	0.152633
-0.2348	-0.473791
-0.289119	-1.20305
-0.940944	-1.0164
0.101976	0.0757485
-0.365165	-0.745152
-0.897489	-0.57921
0.438752	-0.244225
2.28559	0.387915
-0.560713	-0.230244
-0.365165	-0.438953
0.471343	-0.0405184
-0.517258	0.168883
-0.386893	0.146569
1.27526	0.73342
1.07971	0.353559
-1.01699	-0.181287
0.57998	0.213853
-0.821443	-0.466696
0.438752	-0.472831
0.308387	-0.105602
-0.93008	-1.53685
1.15576	0.245054
-0.93008	-0.235122
-0.256528	0.0353872
-0.549849	0.131825
-0.734533	0.154998
-0.376029	0.533501
0.0585207	-0.0819178
1.04712	0.575178
-0.875761	-0.59225
0.308387	0.10458
-0.430348	0.309611
0.525662	0.5831
-0.332574	0.145909
-0.951808	0.324968
2.731	0.3898
1.53599	0.543333
-0.995263	-0.215752
1.1123	0.599473
-0.897489	-0.943861
0.916757	0.664335
-0.0175256	0.0307564
-0.256528	0.539235
-0.484667	0.112026
-0.615032	0.672055
-0.452075	0.123768
-0.973535	-1.16662
-0.517258	-0.28538
-0.821443	-0.388911
-0.430348	-0.172279
-0.875761	-0.625716
-0.864898	-0.980753
-0.962671	-0.567757
-1.01699	0.143581
-0.560713	-0.0523158
-0.951808	-0.786797
-0.397757	0.139474
2.11177	0.620993
-0.995263	-0.344609
2.83964	0.434157
0.92762	0.337734
-0.691078	0.398195
-0.75626	-0.0395407
0.145431	-0.536706
-0.897489	-0.744732
0.406161	-0.212987
-0.310847	-0.464317
-0.745396	-0.38721
-0.691078	0.0484375
-0.962671	-0.777089
-0.593304	0.375228
0.916757	0.111859
-0.908353	-1.18323
0.818983	0.00979263
3.55665	0.511604
0.57998	-0.545944
0.449616	-0.000901475
0.254068	0.067161
-0.940944	-0.708029
-0.430348	-0.279911
-0.973535	-0.0436315
-0.788851	-0.762656
-0.58244	0.540315
-0.484667	0.537802
1.22094	-0.0821672
0.656027	-0.527982
-0.58244	0.186174
-0.625895	0.200828
0.232341	0.339528
1.87277	0.400142
-0.864898	-1.04334
-0.365165	0.0172114
-0.886625	0.0266751
1.07971	0.385712
-0.636759	-0.641518
-0.462939	-0.255282
-0.245664	-0.0649433
-0.962671	-0.952731
-0.560713	-0.876729
-0.256528	0.315164
-0.376029	-0.0133469
-0.788851	-0.387184
-0.343438	-0.036477
-0.919216	-0.0234779
1.18835	0.39794
0.308387	0.401568
-0.886625	-1.1176
-0.919216	-0.739585
1.06885	0.407868
-0.940944	-0.22064
-0.973535	-0.803698
-1.00613	-0.735939
1.44908	0.712067
-0.299983	0.683307
-0.397757	0.516027
0.971075	0.0401599
1.18835	-0.0804535
-0.267392	0.280735
-0.528122	0.377981
-0.14789	0.617101
0.656027	0.652338
-0.973535	-1.4843
-0.832306	0.132395
-0.0935718	-0.170794
0.808119	-0.121951
1.10144	0.466624
2.42682	0.335665
-0.538985	-0.037109
1.81845	-0.0881547
-0.0501168	0.656948
-0.810579	-0.047428
-0.951808	-0.394588
-0.517258	0.240006
-0.712805	0.155271
-0.636759	-0.00599959
-0.213073	-0.619739
-0.549849	-0.651162
-0.32171	0.740412
-0.897489	-0.402529
-0.723669	-0.862689
-0.788851	-0.821172
1.36217	0.522075
-0.886625	-0.218092
1.84017	0.412874
-0.951808	-0.778903
-0.40862	0.164893
-0.0283893	0.0405581
3.7196	0.675834
-0.039253	-0.272076
-0.93008	-0.251043
1.76413	0.402934
1.79672	0.343301
-0.528122	0.414378
1.21008	0.0153685
-0.897489	-0.885169
-0.84317	-0.0364547
-0.202209	0.0509846
0.677754	0.502621
0.656027	0.409874
0.645163	0.184155
-0.691078	-0.0395539
-1.00613	-0.279573
-0.419484	0.488965
-0.799715	-0.733633
-0.799715	0.108407
0.905893	0.765717
0.243204	0.256121
-0.223937	0.194658
-0.788851	0.0707535
-0.940944	-1.25896
-0.995263	-0.784894
-0.32171	0.215757
-0.039253	0.0123099
0.406161	-0.279624
0.623435	0.243478
-0.962671	0.0674081
-0.158754	0.309435
-0.854034	-0.071563
-0.49553	-0.196611
2.03572	0.223651
0.732073	0.531218
0.395297	0.711561
1.06885	0.272401
-0.365165	0.231932
0.732073	-0.0197657
0.0259294	0.542709
-0.701941	-0.830997
1.13403	0.558854
2.33991	0.229881
-0.462939	-0.0245236
-0.571577	-0.35576
-0.354302	-0.382506
0.57998	0.610896
0.254068	0.0317726
0.0693844	-0.284941
-0.84317	-0.554429
-0.84317	-0.459235
0.916757	0.872944
-0.962671	-0.366659
-0.00666181	0.40779
-0.788851	-0.474126
-0.864898	0.32196
0.351842	0.18443
-0.0175256	0.21581
-0.788851	-0.0994678
0.167158	0.0804
-0.180482	0.283579
-0.788851	-0.425283
0.188886	0.319027
-0.995263	-0.755869
-0.84317	-0.145726
-0.864898	0.416499
1.7424	0.205371
0.427888	0.772932
2.69841	0.0522534
0.0585207	0.0381269
-0.93008	-0.435051
0.362706	0.0331531
-0.973535	-0.961765
-0.864898	-0.946045
-0.84317	-0.463788
-0.810579	0.132722
0.0693844	-0.388469
-0.430348	0.0548289
-0.528122	0.58522
0.449616	0.0280656
-0.625895	-0.283868
-1.00613	-0.464602
-0.126163	0.331109
-0.32171	0.000546839
-0.332574	0.0864816
-0.984399	-0.184503
1.75326	0.226761
-1.00613	-1.04419
-0.245664	-0.265684
0.297523	0.451265
0.0476569	0.468412
-0.32171	0.300944
0.775528	0.218967
-0.0283893	-0.0366596
0.66689	-0.000464302
1.97054	0.502863
-0.821443	-0.537259
-0.484667	-0.536659
2.83964	0.442072
-0.875761	-0.732649
-0.473803	0.0637627
-0.712805	-0.680272
-0.799715	0.148568
-0.973535	0.5838
-0.854034	-0.697604
-0.723669	0.518616
-0.680214	0.510069
2.27472	0.0234704
0.264932	-0.07036
1.07971	0.217053
-0.951808	-0.436172
-0.625895	0.0282113
-0.549849	-0.693431
-0.571577	0.369204
-0.821443	-0.774276
-0.886625	-0.141784
-0.0718443	0.0914651
0.0476569	0.252803
-0.691078	-0.751235
0.525662	-0.471499
-0.32171	0.028212
-0.180482	0.277626
0.656027	-0.532692
-0.0175256	0.368443
-0.854034	-0.173053
-0.517258	0.082244
-1.00613	-1.09606
0.92762	0.480873
0.297523	0.0162183
-0.810579	-0.043894
-0.430348	0.342014
-0.962671	-0.782427
-0.299983	-0.269909
-0.821443	0.415655
1.81845	0.366952
-0.973535	-0.808997
0.362706	0.250782
-0.49553	-0.0372372
-0.484667	-0.242436
0.156294	0.247832
-0.538985	-0.358594
-0.2348	0.466001
-0.0283893	0.488375
-0.93008	0.2032
1.25353	0.836417
-0.039253	0.0801259
6.00099	0.730907
-0.354302	0.325684
-0.647623	0.707269
-0.0718443	0.343105
3.27419	0.463993
0.0911119	-0.317953
-0.658487	-0.304861
-0.560713	1.06362
-0.354302	0.108359
1.24267	0.737253
0.732073	-0.481381
-0.908353	0.209007
-0.864898	-0.818068
-1.00613	-0.433724
-0.995263	-0.732102
-0.452075	-0.031369
0.156294	-0.382823
-0.875761	-0.608698
2.29645	0.380092
0.417024	0.0887671
-0.995263	-0.340679
3.43715	0.487184
-0.0609805	-0.193762
0.427888	0.678558
1.48167	0.730471
-0.799715	0.259855
-0.66935	-0.288195
0.482207	-0.127635
-0.810579	0.132722
0.971075	0.124658
0.558253	-0.0806211
1.3839	0.53206
-0.951808	-0.721074
-0.810579	-0.382178
-0.137027	0.0397988
-0.864898	0.191886
-0.66935	-0.470795
-0.528122	0.456354
-0.343438	0.174849
0.482207	0.503438
0.895029	-0.0313226
-0.962671	-0.447189
-0.636759	-0.202806
-0.691078	-0.0829142
0.417024	0.255939
-0.734533	0.3551
0.188886	0.535754
0.232341	-0.0606164
-0.908353	-0.452492
-0.973535	-0.732467
0.612572	0.28073
-0.538985	0.375524
-0.636759	-0.360965
-0.897489	-0.724977
-0.680214	-0.456405
0.232341	0.436174
-0.734533	0.174757
0.482207	0.513966
-0.365165	-0.0667404
-0.821443	-0.327481
1.67722	0.265721
2.51373	0.425058
1.01453	0.460027
-0.897489	-1.08942
0.123703	-0.13495
0.460479	0.234368
-0.191345	-0.13156
-0.58244	0.368154
-0.940944	-0.578422
1.15576	0.349872
-0.788851	0.844859
-0.0718443	-0.155048
-0.821443	-0.979041
2.23127	0.566793
-0.397757	0.0399768
-0.343438	-0.309772
-0.897489	-0.322394
-0.908353	-0.31829
-0.875761	-0.816294
-0.343438	-0.130532
1.07971	-0.0346312
-0.343438	0.508425
0.101976	-0.122473
-0.419484	0.312336
-0.701941	-0.131056
-0.462939	-0.283757
-0.908353	-0.584602
1.55772	0.0541117
-0.289119	0.581433
0.916757	0.205542
-0.419484	0.491742
-0.647623	-0.374676
2.20954	0.358243
-0.137027	-0.435357
-0.517258	0.211497
-0.289119	0.386562
-0.310847	0.511621
0.427888	0.0169245
-0.897489	-0.934516
-0.473803	-1.26398
0.210613	-0.0741703
-1.02785	-0.966004
0.471343	0.634552
-0.821443	-0.972019
0.710345	0.670891
-0.49553	0.213408
1.39476	0.117949
-0.625895	0.0863384
-0.0283893	0.0473576
-0.93008	-0.557035
-0.332574	0.494449
-0.723669	-0.209059
0.482207	0.460011
-0.386893	0.075885
-0.93008	-0.286619
0.101976	0.456798
-0.658487	0.306367
0.775528	0.501913
-0.528122	0.157654
0.210613	0.463424
-0.289119	0.0735325
-1.00613	-1.0365
0.547389	0.332893
-0.919216	-0.281521
2.52459	0.25201
-0.223937	0.301394
-0.745396	-0.636184
-0.93008	-0.450788
-0.571577	-0.660531
0.112839	-0.442991
0.406161	0.279447
-0.647623	0.0501012
0.221477	-0.016957
1.34044	0.508528
-0.549849	0.163599
-0.419484	0.218758
-0.180482	0.40939
0.145431	-0.178447
-0.919216	-0.483154
-0.58244	-0.689016
-0.864898	0.524451
-0.191345	0.369546
0.427888	0.238072
-0.919216	-0.15553
2.50286	0.655503
1.42735	0.203501
0.308387	0.658648
-0.767124	0.503509
-0.0609805	-0.101663
0.949348	0.469673
-0.14789	0.46444
1.99227	0.324617
-0.202209	0.0162908
3.55665	0.502933
-0.538985	-0.298921
0.699482	-0.174229
0.471343	0.517984
-0.973535	-1.38633
-0.940944	-0.844226
0.829847	0.0220931
-0.452075	-0.0219285
-0.908353	-1.08944
2.45941	0.231246
-0.202209	-0.146368
1.34044	0.495501
-0.310847	0.69147
-1.00613	-0.930401
0.851574	0.42106
-0.75626	0.0305578
-0.419484	0.448628
-0.821443	-0.220823
0.949348	0.222416
1.84017	0.496784
-0.995263	-0.400691
-0.799715	-0.228364
-0.93008	-0.932197
1.04712	0.217833
-0.897489	-1.06778
-0.625895	-0.157089
-0.984399	-0.59712
-0.886625	0.126154
2.253	0.550159
-0.832306	-0.70116
-0.897489	-0.467352
-0.951808	-1.0081
-0.962671	-0.594629
6.53331	0.723757
1.56858	-0.368274
-0.14789	0.0371906
0.7538	0.138964
0.992803	0.502503
-0.32171	0.279135
-0.223937	0.411445
-0.984399	-1.03313
0.264932	0.260387
0.471343	-0.367854
-0.137027	0.645031
1.80758	0.402808
-0.810579	-0.665797
2.45941	0.637992
2.64409	0.317739
-0.223937	0.449426
-0.984399	-0.261776
-0.549849	0.178417
0.0367932	-0.166244
-0.821443	-0.763516
-0.223937	-0.521012
0.916757	0.672571
-0.571577	-0.324604
-0.49553	0.023463
-0.538985	-0.471918
-0.995263	-1.12752
1.22094	0.188589
0.406161	0.206882
-0.66935	-0.574876
1.28612	0.472336
-0.799715	-0.0864028
-0.712805	0.0841122
-0.821443	0.244539
0.0476569	-0.838503
0.7538	-0.0176033
2.58977	0.322463
-0.897489	-0.77475
-0.49553	0.167046
0.123703	0.444812
2.01399	0.389891
-0.00666181	0.0823866
3.07864	0.395096
-0.897489	0.107569
-0.538985	0.016017
-0.875761	-0.349781
-0.0718443	0.0494574
-0.191345	-0.0792025
-0.419484	0.0437271
-0.213073	0.316422
-0.854034	-0.392676
0.460479	0.508878
0.710345	0.266366
0.482207	0.512197
0.178022	0.0347021
0.525662	0.0398556
-0.940944	-0.19541
-0.039253	0.478918
-0.886625	0.412008
-0.538985	0.111834
0.710345	0.667009
1.91622	-0.379523
-0.0609805	0.890039
0.699482	0.345934
-0.419484	-1.41717
-0.647623	-0.787488
-0.419484	-0.014499
0.503934	0.208443
-0.0283893	0.242912
-0.712805	-0.428219
-0.419484	0.582798
-0.908353	0.277146
1.47081	0.367119
-0.93008	0.489809
0.319251	0.47773
0.0367932	0.403533
-0.310847	0.474916
-0.256528	-0.0890897
0.992803	0.356011
0.590844	-0.0480858
0.634299	0.225111
0.221477	0.126926
-0.962671	0.491155
1.24267	0.535159
-0.473803	-0.202401
1.09058	0.46896
4.1107	0.607395
-0.908353	0.266265
-0.615032	-0.482083
0.112839	0.470711
-0.647623	0.384893
-0.93008	-0.598621
-0.354302	-0.143331
-0.75626	-0.17923
0.981939	0.412269
5.6968	0.557053
-0.289119	0.195763
0.340978	-0.264537
0.895029	0.353875
-0.66935	0.117259
-0.723669	0.492035
-0.549849	-0.317402
-0.528122	-0.163992
-0.0609805	0.300948
-0.354302	-0.380916
0.395297	0.416341
-0.886625	-0.569273
-0.897489	-0.409837
-0.691078	0.127127
-0.962671	-1.50062
0.406161	0.30082
-0.14789	0.0800132
0.112839	0.412268
-0.984399	-0.634674
0.286659	-0.00400432
-0.984399	-1.06346
-0.397757	-0.0303137
-0.299983	-0.101305
-0.343438	-0.564431
-0.560713	-0.0504706
1.41649	0.403782
-0.365165	0.127705
-0.40862	-0.207005
-0.777988	-0.173248
1.88363	0.416062
-0.821443	0.329972
-0.799715	-0.687777
-0.962671	-0.54832
-0.995263	-0.849149
2.72014	0.544031
-0.49553	0.12881
-0.886625	-0.189759
-0.506394	-0.178964
0.732073	0.229662
-0.886625	-1.13964
-0.571577	-0.15099
-0.430348	0.357481
-0.897489	-0.933011
-0.267392	-0.347969
-0.821443	0.597507
0.49307	0.62298
-0.734533	-1.23586
-0.40862	-0.415043
-0.84317	-0.120784
-0.137027	0.20504
1.2644	0.827889
-0.32171	-0.441125
-0.93008	-0.924927
1.1449	0.296677
-0.951808	-0.719468
-0.32171	-0.111232
0.308387	0.301172
-0.734533	0.332015
0.460479	0.684329
-0.0501168	0.120172
-0.386893	-0.36517
0.688618	0.539118
-0.58244	-0.478964
-0.289119	-0.00310198
-0.332574	0.620904
0.210613	0.0640303
0.547389	0.602613
-0.897489	-1.08942
-0.082708	-0.509935
1.07971	0.408895
0.199749	0.316915
-0.973535	-1.00617
-0.995263	0.598958
0.57998	0.0886008
0.167158	-0.108198
-0.158754	0.602071
0.340978	0.702518
1.34044	0.533478
-0.245664	0.131324
-0.962671	-0.175506
0.818983	0.625721
0.536525	0.601457
-0.734533	-0.158823
0.66689	0.748313
-0.93008	-1.22939
0.232341	-0.0654948
-0.299983	0.655388
-0.84317	0.414001
-0.126163	0.182789
-0.202209	0.212184
-0.734533	0.412561
0.971075	0.212484
-0.886625	-0.837384
0.732073	-0.00776014
0.895029	0.357133
-0.2348	-0.521636
-0.332574	0.22911
0.862438	0.408415
-1.00613	-0.253233
0.449616	0.141118
-0.202209	0.0253969
0.134567	0.261633
0.460479	0.46921
-0.93008	-0.262705
-0.00666181	0.499555
0.84071	0.31039
0.319251	-0.0446514
0.156294	0.39252
-0.799715	0.507094
-0.14789	0.279587
2.02486	0.0933202
-0.14789	0.462856
-0.777988	-0.899327
1.8619	0.390498
0.0911119	0.344143
0.112839	-0.0381766
-0.365165	-0.0439098
0.384433	0.359704
0.254068	0.00124648
-0.615032	0.0936712
-0.397757	0.0963218
-0.082708	0.494164
0.57998	0.307618
0.992803	0.0736715
0.362706	-0.328608
3.06778	0.116033
-0.245664	0.407104
0.0476569	0.0212942
-0.962671	-0.142019
0.938484	0.0891799
-0.93008	-0.332445
-0.767124	-0.158901
-0.202209	0.317596
-0.788851	0.479354
0.188886	0.672175
0.66689	0.116349
-0.2348	-0.473791
0.797255	0.429983
-0.40862	-0.471989
1.04712	0.628191
-0.973535	0.332997
-0.32171	0.362956
-0.615032	0.0517787
-0.473803	-0.762935
-0.973535	-0.203772
-0.636759	0.213871
-0.082708	0.343489
-0.0935718	-0.364891
-0.289119	0.138196
-0.343438	-0.244884
-0.810579	-0.749096
-0.0718443	0.459117
-0.864898	-1.44876
-0.984399	-1.16437
1.1123	0.80535
0.503934	0.442101
0.590844	-0.0503635
0.221477	0.561802
-0.386893	-0.105317
1.1123	0.0518671
1.05799	0.412506
-0.0935718	0.433735
-0.397757	-0.341093
0.199749	-0.251028
-0.691078	0.292441
-0.528122	0.108712
-0.202209	0.0559561
0.340978	0.381881
0.92762	0.400461
0.221477	0.456698
0.319251	0.105248
1.5034	0.280233
-0.604168	-0.5108
-0.506394	0.137134
1.55772	0.464285
-0.66935	-0.313239
-0.473803	-0.346668
-0.93008	-1.08988
-1.02785	-1.03686
-0.84317	0.0932191
-0.0175256	-0.118697
-0.0718443	-0.0481477
-0.0283893	-0.152171
0.612572	0.468674
0.0476569	0.304128
-0.137027	0.454819
0.449616	-0.00279306
-0.115299	0.225663
-0.473803	0.210304
-0.745396	-0.0806233
-0.419484	-0.348315
0.981939	0.406778
-0.940944	-1.0684
-0.875761	-1.2271
1.31872	0.0349076
-0.365165	0.123838
0.340978	0.0678659
-0.14789	0.0800132
-0.082708	0.000745137
-0.680214	0.318224
0.677754	0.212758
-0.897489	-0.352359
-0.908353	0.142643
-0.58244	-0.373676
-0.191345	0.446762
0.210613	-0.213516
3.20901	0.532176
0.112839	0.200312
-0.538985	0.366005
0.00420194	-0.234744
0.286659	0.277529
0.525662	0.127613
-0.376029	0.0281723
-0.84317	-0.78129
-0.636759	0.39033
-0.951808	-0.74468
-0.680214	0.451807
-0.14789	-0.462397
-0.202209	0.000725603
0.645163	0.290576
-0.919216	-0.146277
-0.332574	-0.057873
0.829847	-0.106229
3.26333	0.0780205
-0.864898	0.180414
1.51426	0.495549
-0.441212	0.231472
4.49093	0.360173
-0.593304	-0.0635726
-0.256528	0.480174
1.12317	0.279032
-0.58244	0.584356
0.178022	0.348596
-0.278255	-0.51689
-0.951808	-0.66179
-0.039253	-0.3095
-1.01699	0.107372
2.23127	0.665763
0.503934	0.411588
0.373569	-0.367355
0.0476569	0.435683
-0.00666181	0.434332
-0.104436	0.287206
-0.082708	0.312622
-0.126163	-0.901595
-0.58244	-0.0307329
2.1009	0.271306
-0.49553	0.556942
-0.799715	0.0758196
-0.528122	0.00277945
-0.14789	-0.151858
-0.940944	-0.289057
-0.940944	-0.253125
-0.962671	0.00944109
-0.2348	1.13249
-0.658487	-0.103514
-0.343438	0.481527
4.30625	0.513346
-0.854034	-0.0993595
-0.0935718	0.700823
-0.49553	-0.29386
-0.517258	-1.16072
-0.973535	-1.02878
-0.538985	0.145179
2.74187	0.338077
0.818983	0.108994
3.46974	0.604496
-0.14789	0.00977548
-0.484667	-0.0214026
-0.58244	-0.794308
-0.951808	-0.441242
1.1449	-0.117693
-0.625895	-0.689824
0.449616	0.248133
-0.75626	-0.342076
0.612572	0.416474
1.36217	0.538372
0.00420194	0.462496
0.851574	0.307269
2.27472	0.206735
2.58977	-0.0670223
-0.593304	-0.374753
0.612572	0.618987
0.438752	0.201637
-0.549849	0.0914871
-0.039253	0.201501
0.417024	0.234997
0.0911119	-0.483072
-0.604168	0.403576
-0.821443	0.000818208
-0.571577	0.0869084
-0.788851	-0.514615
-0.691078	0.422776
1.24267	-0.111569
1.05799	0.45466
0.308387	1.20902
-0.180482	0.323303
0.297523	0.131
2.12263	0.689546
0.112839	-0.17453
4.62129	0.715673
-1.00613	0.47693
-0.0175256	-0.139017
1.99227	0.637602
0.123703	0.44151
0.960212	0.329431
0.49307	0.545809
-0.973535	0.00384483
-0.908353	-1.06228
0.112839	-0.726034
-0.419484	0.19987
-0.191345	0.78527
0.710345	-0.173289
-0.560713	0.572005
-0.788851	0.10421
1.02539	0.366819
1.49254	0.60012
-0.343438	0.785395
-0.278255	-0.568169
-0.32171	-0.221156
-0.940944	-0.34437
0.808119	0.728055
0.0802482	0.0127467
1.19921	0.43833
1.84017	0.416385
-0.680214	-0.384047
0.232341	0.208289
0.482207	0.0458497
0.438752	-0.0430937
1.67722	0.256563
-0.593304	-0.531465
-0.75626	-0.63097
-0.615032	0.233039
0.210613	0.432551
-0.397757	0.0487617
-0.49553	0.0539744
-0.875761	-1.17366
-0.0501168	-0.876037
1.76413	0.396021
2.72014	0.300198
4.20847	0.504883
-0.951808	-0.357131
0.916757	0.54418
-0.376029	0.126698
-0.180482	0.477888
-0.0718443	0.308649
1.51426	0.510064
2.43768	0.512352
0.514798	0.239813
-0.615032	-0.186789
-0.126163	-0.0805293
0.134567	0.378262
-0.93008	-0.0809827
-0.115299	0.0289353
-0.658487	-0.105718
-0.419484	-0.348315
-0.984399	-0.908031
-0.126163	-0.0800443
-0.84317	-0.307569
-0.940944	-0.922815
-0.365165	-0.247776
0.0585207	0.449978
0.558253	0.606859
-0.32171	-0.0557506
0.0693844	0.139826
0.351842	0.164943
0.243204	0.390672
-0.289119	-0.562839
-0.701941	0.162644
0.92762	0.391706
-0.332574	0.626
2.44854	0.42026
1.00367	0.175946
-0.984399	-0.809666
-0.962671	-0.00415189
2.38336	0.158242
2.51373	0.604301
-0.137027	-0.298896
-0.767124	-0.677822
-0.126163	0.127687
-0.593304	0.0761465
0.981939	0.188836
-0.897489	-0.242183
-0.723669	-0.52359
0.123703	0.378856
-0.864898	-0.297707
-0.799715	-0.0839967
0.547389	0.0668573
-0.995263	-0.518483
3.82824	0.431026
1.9814	0.372469
-0.886625	-0.599874
1.29699	-0.655484
-0.419484	-0.250384
0.156294	0.44097
-0.202209	0.828766
-0.984399	0.122203
-0.0175256	-0.385932
0.417024	0.0467399
-0.864898	0.298846
-0.93008	-0.524067
-0.777988	-0.132179
0.7538	0.554281
1.90536	0.343547
-0.832306	0.493566
0.732073	0.308639
3.02432	0.0448888
-0.973535	-0.312509
-0.821443	-0.470962
1.15576	0.36188
1.17749	0.224377
-0.332574	-0.825428
-0.745396	-0.268053
-0.0283893	0.458744
-0.734533	-0.384695
-0.32171	0.410682
1.39476	0.519644
-0.897489	-0.584599
0.254068	-0.748283
-0.158754	0.244354
-0.49553	0.103291
-0.245664	0.428933
0.308387	0.226633
-0.0609805	-0.0557958
-0.75626	0.336186
-0.93008	-0.473054
-0.506394	-0.781384
-0.799715	-0.716632
-0.864898	-0.0674362
-0.126163	0.218724
-0.2348	0.448454
-0.745396	0.103602
-0.973535	-0.489886
-0.223937	-0.103657
1.97054	-0.758512
0.101976	0.557456
0.938484	0.154023
0.742937	0.433395
-0.223937	0.0645974
-0.082708	-0.134526
-0.158754	-0.342177
-0.940944	0.194467
0.0259294	0.0825877
-0.332574	0.371692
1.04712	0.343616
-0.875761	-0.310469
0.00420194	-0.319313
0.525662	-0.125341
-0.821443	0.19875
-0.821443	-0.484704
0.0802482	0.224776
-0.386893	0.35401
-0.799715	-0.0299851
-0.940944	0.359278
-0.104436	0.208358
1.41649	0.499439
-0.875761	-0.6128
0.916757	0.342773
0.123703	-0.191071
-0.158754	0.622319
1.97054	0.302614
-0.213073	0.16751
0.949348	0.580498
1.64463	0.405354
-0.278255	0.0172479
-0.32171	-0.437641
1.01453	0.352337
-0.126163	0.448658
-0.962671	-0.159177
-0.864898	-0.690904
-0.767124	-0.0068394
-0.75626	-0.014987
-0.940944	0.172956
0.406161	0.477012
0.547389	0.244711
0.0476569	-0.172514
-0.940944	0.25645
-0.886625	-1.20782
-0.332574	-0.350646
0.123703	0.362972
-0.745396	-0.778504
-0.832306	-0.738832
-0.84317	-0.362983
1.04712	0.458624
-0.202209	0.00888996
-0.908353	-1.07413
0.0476569	0.154654
0.0911119	-0.483072
-0.854034	-0.237778
0.254068	0.180081
0.764664	0.0974449
-0.777988	0.219696
0.178022	0.280627
-0.897489	-0.980143
-0.951808	-0.998413
2.51373	0.470374
0.732073	-0.0133417
0.7538	0.311949
-0.810579	-0.803531
-0.734533	0.340202
0.0476569	0.0887162
-0.962671	-1.14776
-0.940944	-1.21112
1.07971	0.505769
0.0367932	-0.392774
0.49307	0.294266
-0.473803	0.329044
-1.00613	-0.796167
0.330114	0.373563
0.764664	0.927246
0.134567	0.156244
-0.473803	0.01171
-0.386893	-1.36452
-0.0501168	-0.463542
0.612572	0.648287
-0.647623	0.17776
-0.32171	0.284462
-0.66935	0.0852206
1.7424	0.410267
0.786392	0.207343
1.28612	0.643225
-0.191345	0.1904
-1.02785	-0.208169
0.938484	0.464702
-0.441212	-0.522706
4.3497	0.673561
0.873302	0.29905
-0.137027	0.228665
2.47027	0.520909
1.85104	0.344057
-0.506394	-0.225345
0.57998	0.0491394
0.57998	0.41176
1.66636	0.570868
-0.115299	0.303795
-0.940944	0.209029
-0.962671	-0.832875
0.167158	0.403767
-0.278255	-0.101683
-0.299983	0.230256
-0.517258	0.2161
0.134567	0.332284
0.438752	0.316923
0.547389	0.309728
0.340978	0.19219
-0.354302	-0.450309
-0.973535	-0.683866
-0.864898	-1.54582
-0.430348	0.0716373
-0.0501168	-0.135293
-0.0718443	0.291365
-0.528122	-0.687202
-0.886625	-0.443705
-0.441212	0.339039
-0.712805	-0.710987
0.330114	0.522382
-0.66935	-0.184557
-0.93008	-0.447913
2.33991	-0.169518
-0.951808	-0.640722
0.188886	0.356848
-0.0283893	0.150347
-0.430348	0.0279364
-0.919216	-0.839468
-0.680214	0.229445
-0.810579	0.0806592
-0.821443	-0.481585
-0.821443	-0.193524
-0.462939	-0.558029
2.55718	0.755342
-0.169618	0.198849
-0.658487	0.0223966
-0.712805	0.33601
0.0802482	0.213456
-0.625895	0.0391769
-0.223937	-0.370233
0.7538	-0.127151
-0.386893	0.489411
-0.680214	0.360542
1.09058	0.0714647
-0.995263	-1.30828
-0.343438	0.494129
-0.441212	-0.067563
-0.528122	0.235369
4.12156	0.634306
-0.734533	0.514457
-0.691078	-0.266156
-0.864898	-0.240533
-0.75626	0.0698478
-0.365165	-0.189434
2.92655	0.665623
0.340978	0.319586
-0.245664	-0.391803
-0.0501168	0.49445
-0.593304	-0.917292
-0.973535	0.346039
-1.00613	0.0451252
-0.777988	-0.213538
-0.712805	-1.15123
-0.593304	-0.461354
-0.256528	-0.077464
0.319251	0.130467
-0.169618	0.148872
0.264932	0.184543
0.134567	0.825157
0.764664	0.295101
-0.832306	-0.457075
-0.767124	-0.412186
-0.864898	-0.852292
0.167158	0.647261
-0.202209	0.401493
-0.886625	0.168189
-0.571577	-0.16697
-0.821443	-0.223548
0.851574	-0.308488
3.01346	0.330094
0.612572	0.0687195
-0.191345	-0.738066
1.22094	0.138013
-0.58244	0.166445
-0.875761	0.362052
-0.897489	-0.482756
-0.593304	0.0359323
-0.267392	-0.23331
0.732073	-0.0681713
-0.538985	0.172055
-0.799715	0.435931
-0.549849	-0.171639
0.178022	-0.245081
-0.886625	0.246141
-0.104436	-0.326281
-0.897489	-0.0743514
-0.430348	-0.0435604
0.0150657	0.405189
-0.636759	-0.407958
0.232341	0.121555
0.992803	0.475344
-0.452075	0.617743
-0.32171	-0.130008
-0.701941	-0.260597
-0.908353	-0.727445
0.308387	0.376576
-0.115299	0.0935083
-0.832306	-1.06308
2.6115	0.456068
-0.84317	-0.968668
-0.810579	-0.165212
0.57998	0.190645
0.981939	0.353402
0.0367932	0.518091
-0.821443	0.321778
0.123703	0.500911
-0.886625	-0.389919
-0.875761	0.129724
0.308387	-0.226984
2.30732	0.36742
-0.93008	-0.565628
1.44908	0.486554
-1.01699	-0.0436903
0.243204	0.112713
0.645163	0.479976
-0.452075	-0.481514
0.243204	0.114658
-0.430348	-0.566017
-0.66935	0.572905
-0.571577	0.475851
0.243204	0.162996
1.39476	0.131469
-0.951808	-0.133831
-0.14789	0.25646
1.99227	0.0575095
-0.343438	-0.016599
-0.213073	0.356033
-0.723669	-0.0428329
-0.658487	-0.773134
0.199749	0.182783
-0.0501168	0.725219
0.275796	0.684181
0.732073	0.332865
0.297523	0.518927
-0.788851	-0.0709443
0.775528	0.572497
0.145431	0.278366
-0.289119	0.833482
-0.452075	0.491129
1.16662	-0.0202492
-0.571577	-0.691047
-0.680214	-0.0628219
0.308387	0.585052
2.64409	0.429177
-0.799715	0.327006
-0.951808	-0.730535
1.7424	0.45981
-0.821443	-0.350348
-0.940944	-0.151306
-1.01699	-0.631761
-0.919216	-0.112878
1.10144	0.594496
0.710345	0.729028
-0.919216	-1.06227
0.384433	0.145168
-0.886625	-0.706018
0.514798	0.356784
-0.636759	-0.252392
-0.767124	-0.666508
-0.549849	-0.812173
-0.810579	-0.489233
1.29699	0.0460562
-0.712805	0.0456408
1.03626	-0.210216
2.6115	0.678244
-0.995263	-0.697474
1.25353	0.121202
-0.832306	-0.713569
1.22094	-0.954111
-0.886625	-0.308795
1.04712	-0.244435
-0.517258	0.238259
-0.289119	0.339734
-0.00666181	0.390454
1.43822	0.763924
-0.951808	-0.564234
-0.875761	0.154946
2.30732	0.36742
-0.821443	-0.602044
2.54632	0.420509
0.167158	0.184879
-0.93008	-0.87265
0.0802482	0.00439592
-0.593304	-1.25962
0.427888	0.357132
-0.919216	-0.894626
1.56858	0.521068
-0.484667	-0.226633
-0.256528	-0.164897
-0.376029	0.429248
-0.365165	-0.224283
-0.267392	0.0833118
-0.506394	-0.855073
-0.376029	-0.423034
-0.701941	-0.0989639
-0.267392	-0.386138
-0.126163	0.247479
-0.908353	-0.68804
0.0150657	0.190294
-0.517258	0.143623
-0.658487	-0.99508
2.80705	0.754139
0.417024	0.546638
-0.49553	0.103291
-0.386893	0.163327
1.54685	0.639155
0.254068	0.417262
-0.104436	0.153142
-0.517258	-0.460965
1.37303	0.374735
-0.354302	0.151199
1.04712	-0.713982
-0.864898	-0.240533
-0.995263	-0.458221
-0.832306	-0.527501
-0.484667	-0.316326
-0.571577	0.33156
1.31872	-0.0614923
1.92708	0.631542
0.0476569	0.0268375
-0.039253	-0.38286
0.786392	0.516245
-0.701941	-0.188391
-0.919216	-1.06369
0.634299	0.160239
-0.886625	0.00236345
-0.419484	0.287718
-0.158754	-0.210025
-0.919216	-0.357075
0.362706	0.330972
0.0150657	0.128189
1.00367	0.205026
0.134567	-0.48693
-0.908353	0.308516
-0.810579	-0.155325
0.547389	-0.279065
-0.0501168	0.157001
-0.723669	0.327207
-0.604168	-0.418486
-0.951808	-0.41624
0.590844	0.300351
-0.462939	0.340478
-0.951808	0.278741
3.16555	0.345863
-0.0935718	0.211206
0.210613	0.264713
-0.951808	-0.68424
-0.908353	0.45618
1.43822	0.192884
3.62183	0.382738
-0.777988	-0.0428963
0.688618	0.0313837
-0.658487	-0.253243
1.55772	0.445409
0.601708	0.146223
-0.984399	0.285543
1.44908	0.659651
2.32904	0.342888
-0.788851	0.0845662
-0.93008	-0.861674
0.449616	0.401467
-0.419484	0.0351832
-0.082708	0.331075
-0.593304	-0.6407
-0.245664	-0.662607
-1.02785	-0.540678
0.286659	0.339392
-0.821443	0.252222
-0.962671	-0.275062
0.0693844	0.072436
0.00420194	0.197736
2.48114	0.455753
3.61097	0.500277
-0.506394	0.0377657
-0.701941	-0.0253834
0.764664	-0.147677
-0.0501168	0.411879
-0.973535	-0.936966
-0.386893	-0.0538816
-0.940944	-0.74171
-0.864898	0.0118705
-0.039253	-0.543101
0.351842	0.0466666
-0.213073	0.423902
-0.647623	-0.0284811
0.536525	0.223698
0.199749	-0.270751
0.199749	0.324504
0.156294	0.139863
0.547389	0.0700909
-0.908353	-0.294464
-0.202209	-0.234778
-0.506394	0.526742
0.188886	-0.565865
-0.799715	-0.659682
-0.14789	0.0115464
2.60064	0.660004
1.03626	-0.011311
-0.886625	-0.0290062
-0.397757	0.139474
-0.799715	-1.49465
0.188886	0.293707
-0.799715	-0.8668
-0.84317	-0.585827
-0.66935	0.278841
-0.441212	0.377454
0.351842	0.472945
-0.93008	-0.423304
-0.267392	0.224685
-0.854034	-0.359454
-0.213073	0.365251
-0.962671	-0.686035
0.178022	-0.815991
-0.940944	-1.02519
-0.864898	0.163751
-0.158754	0.0944353
2.3725	0.655523
-0.886625	-0.706837
0.0802482	-0.65135
-0.604168	0.322985
-0.169618	-0.215876
-0.647623	0.514324
-0.604168	-0.546417
2.64409	0.421731
-0.680214	0.352515
-0.962671	-0.656144
-0.289119	0.317982
0.688618	0.175894
1.16662	0.368911
0.210613	0.463424
-0.984399	-1.00758
-0.84317	-0.15733
0.0259294	-0.0464314
2.1009	0.0311931
-0.245664	0.131269
-0.973535	-0.446931
0.721209	0.435323
-0.701941	-0.21191
0.514798	0.438817
-0.701941	-0.743227
-0.984399	-0.304751
-0.245664	0.297562
-0.984399	-0.700035
-0.799715	-0.0679549
3.33937	0.55134
2.30732	0.425586
-0.332574	-0.0461112
-0.462939	-0.558029
-0.2348	0.219767
-0.115299	0.474318
1.22094	0.235576
-0.49553	-0.776613
-0.951808	-0.804237
-0.875761	-0.625716
1.00367	0.556192
2.69841	0.216297
-0.886625	-0.499691
2.731	0.380996
0.264932	0.139277
-0.625895	-0.621485
-0.202209	0.326917
-0.93008	-0.343002
1.47081	0.369621
-0.484667	0.495462
0.634299	-0.0598881
-0.169618	0.157962
1.81845	0.64638
-0.376029	0.439575
-0.397757	-0.115305
-0.636759	-0.348288
-1.00613	-0.433724
-0.560713	-0.470417
-0.310847	0.0750167
-0.832306	0.232024
-0.875761	0.383314
-0.712805	-0.283457
4.07811	0.25337
-0.419484	-0.904768
0.938484	0.777352
0.362706	0.0979269
0.00420194	-0.279893
1.43822	0.359883
0.775528	0.152403
0.417024	-0.644327
0.319251	0.0943031
3.49146	0.498463
0.0585207	0.84364
1.16662	0.139652
2.79618	0.579251
1.64463	0.262895
-0.484667	0.0715916
-0.213073	0.390568
-0.615032	0.331579
-0.528122	-0.594109
-0.919216	-1.02098
-0.115299	0.068966
0.0150657	0.457766
2.58977	0.142046
-0.84317	-0.273845
-0.256528	0.410797
0.645163	0.391178
-0.897489	-0.0743514
-0.2348	0.0719252
-0.832306	-0.129178
-0.2348	-0.187563
2.20954	0.436297
-0.58244	-0.689016
0.438752	0.289953
0.688618	1.01689
-0.680214	-0.474146
-0.115299	0.0154828
1.09058	0.548577
0.243204	0.275532
0.742937	-0.671033
1.10144	-0.00096712
-0.984399	-0.701347
-0.940944	-1.15308
-0.886625	-0.215735
-0.0935718	0.168254
-0.419484	0.43836
2.8505	0.229556
-0.2348	0.281803
-0.854034	0.269388
-0.604168	-0.389492
-0.745396	-0.43759
3.20901	0.532176
5.15362	0.60738
0.57998	0.366869
2.66582	0.345125
-0.75626	0.310341
-0.473803	0.00350925
-0.376029	0.536285
-0.104436	-0.64776
-0.940944	-0.822743
1.30785	0.227674
-0.560713	0.401484
-0.951808	-0.417639
3.79565	0.410247
-0.84317	-0.544128
0.57998	0.0886008
1.8619	0.0588226
0.49307	0.34138
0.123703	-0.668532
-0.919216	-0.0791632
-0.32171	-0.0422279
0.00420194	0.198571
-0.452075	0.413502
1.03626	0.359575
-0.473803	0.115967
-0.636759	0.0623938
0.178022	0.272495
1.87277	0.240589
1.01453	0.506189
-0.745396	0.53061
-0.40862	-0.692382
-0.66935	-0.0994065
-0.615032	0.0256024
1.10144	0.517045
-0.897489	-1.19751
-0.962671	-0.896942
-0.864898	-0.747284
-0.636759	-0.247485
0.590844	0.304207
1.18835	0.258143
1.53599	0.377068
0.0150657	0.362362
0.123703	0.0203717
-0.854034	0.31188
0.482207	0.426075
-0.0283893	0.11805
-0.104436	0.281953
-0.777988	-0.0692839
-0.191345	0.268457
0.688618	0.059942
0.297523	0.335423
1.47081	-0.128221
-0.332574	-0.2634
0.590844	0.618087
-0.973535	-0.663214
-0.126163	0.248232
-0.223937	0.474581
-0.419484	0.352329
0.862438	0.384113
0.0693844	0.329081
-0.691078	0.308406
1.49254	-0.0150758
-0.365165	-0.279141
0.569117	0.191179
-0.973535	-0.138128
-0.951808	-0.926908
-0.49553	0.0527686
-0.278255	0.27623
1.05799	0.306619
-0.517258	0.354317
-0.0283893	0.392523
-0.528122	0.355022
-0.658487	0.359734
-0.40862	0.631411
-0.0718443	-0.271706
-0.137027	0.639138
1.01453	0.0662187
-0.517258	0.447526
-0.962671	-0.417175
-0.995263	-0.800837
-0.506394	0.282674
0.981939	0.178677
0.0585207	-0.182781
-0.886625	0.285681
0.0693844	0.508121
-0.0283893	-0.0994028
0.406161	0.111621
0.0476569	0.437931
-0.256528	0.00516394
-0.506394	-0.530834
1.23181	0.234435
-0.919216	-0.351027
-0.897489	0.0340619
-0.32171	0.242438
0.112839	-0.125247
-0.343438	0.524194
-0.973535	-1.34802
-0.517258	0.437524
0.895029	-0.0313226
-0.886625	-0.349115
-0.810579	-0.297457
-0.560713	0.349019
1.87277	0.38819
0.210613	0.209135
-0.832306	-0.31549
-0.484667	0.391563
-0.40862	0.366446
0.7538	-0.0782177
-0.104436	0.320628
0.503934	0.442101
-0.223937	-0.143934
-0.712805	0.0554843
-0.93008	-0.854995
-0.528122	-0.195965
-0.376029	-0.12704
-0.995263	0.164763
0.645163	-0.541632
0.656027	0.104895
0.949348	0.395044
-0.223937	-0.0452608
-0.93008	-0.672691
2.52459	0.256088
-0.0283893	-0.893366
1.61204	0.383432
-0.658487	0.523746
1.79672	0.152777
-0.734533	0.392382
0.373569	0.386193
-0.636759	0.176266
-0.799715	0.00612603
-0.386893	-0.443876
-0.821443	0.193847
-0.897489	-1.08845
-0.940944	-1.09565
0.797255	0.353505
-0.984399	-0.369984
-0.213073	0.31152
-0.897489	-0.296308
1.61204	-0.0810524
0.330114	0.646711
0.873302	0.115142
-0.66935	-0.16756
-0.734533	0.169761
-0.984399	-0.294873
1.99227	0.637602
-0.680214	-0.621473
0.210613	-0.152871
-0.93008	-0.384992
-1.01699	0.150309
-0.680214	0.638731
-0.75626	-0.198214
-0.951808	-0.325855
-0.538985	0.0151917
-0.615032	-0.566356
-0.538985	0.289438
-0.897489	0.551374
0.286659	0.478149
0.406161	0.375347
-0.940944	-0.0845394
-0.908353	-0.456788
-0.039253	0.118709
-0.126163	0.0521568
1.18835	-0.246724
0.0911119	0.477247
-0.441212	0.107462
-0.593304	-1.16148
-0.14789	0.193897
-0.984399	-1.12164
-0.528122	-0.109779
0.558253	0.189673
-0.58244	-0.0608962
-0.940944	-0.828521
-0.430348	-1.14997
-0.332574	-0.266011
-0.777988	-0.837529
-0.14789	-0.491953
-0.452075	0.180756
-0.908353	0.00247881
1.57945	0.422741
0.0150657	0.452425
0.905893	-0.0663471
0.0476569	0.355931
-0.897489	-0.39698
-0.832306	0.184287
-0.973535	-0.491621
0.134567	0.373958
2.67668	0.415334
-1.03872	-0.931775
-0.49553	0.158542
-0.604168	-0.693296
-0.517258	-0.0493202
0.351842	-0.183498
-1.02785	-1.20765
0.656027	0.409874
-0.799715	-0.0807254
-0.84317	0.420844
-0.875761	-1.34111
-0.821443	0.583893
-0.202209	0.550392
-0.973535	-0.158636
-0.984399	-0.530643
-0.604168	0.295061
-0.777988	-0.905007
-0.571577	-0.291575
0.264932	-0.985999
-0.549849	-0.330593
0.395297	0.472382
-0.973535	0.0788638
-0.84317	0.278033
-0.506394	0.0205504
-0.278255	-0.305125
-0.332574	-0.164646
-0.615032	-0.43327
0.232341	0.0209885
-0.962671	-0.390255
-0.365165	-0.772223
-0.104436	-0.402698
-0.951808	-0.21492
-0.832306	-0.957427
-0.0501168	-0.16698
0.601708	-0.398775
-0.169618	0.060094
-0.919216	0.510035
2.57891	0.229694
-0.604168	-0.427375
-0.788851	-0.0541269
0.590844	0.1106
0.134567	0.345414
-0.951808	-0.178603
-0.32171	0.126473
0.438752	-0.10949
-0.93008	-1.13381
2.69841	0.333424
1.29699	0.628926
0.438752	-0.532793
0.992803	-0.224438
0.297523	0.111535
3.61097	0.501402
-0.58244	-0.43866
-0.875761	-0.36504
-0.615032	0.114695
1.94881	0.836886
-0.788851	0.187335
-0.528122	0.303634
-0.788851	-0.59095
3.04605	0.480965
-0.908353	0.308516
-0.691078	0.534452
-0.788851	-0.0283713
0.308387	0.309333
0.514798	-0.0146601
0.188886	0.634758
-0.289119	0.557652
-0.267392	0.25788
-0.278255	0.440297
-1.00613	0.19654
1.27526	-0.108844
-0.897489	-0.774281
1.36217	0.00791839
-0.32171	0.305671
-0.484667	0.414751
-0.2348	-0.00821442
-0.376029	0.259919
-0.14789	0.237769
-0.973535	-2.37699
-1.01699	-0.584029
-0.810579	-0.245584
-0.2348	0.428396
0.178022	-0.272429
0.612572	0.423923
0.0476569	-0.0272694
0.482207	0.502852
-0.419484	0.00168951
2.30732	0.286083
-0.310847	0.556057
0.612572	0.766489
-0.560713	0.0470293
-0.560713	-0.0836673
-0.832306	-0.0577801
-0.473803	-0.0925487
0.384433	-0.133936
-0.701941	0.0300665
0.330114	0.471779
-0.0175256	0.37539
-0.745396	0.154135
-0.919216	-0.627562
-0.940944	-1.10886
-0.788851	-0.641813
2.51373	-0.134832
-0.734533	-0.0116533
-0.919216	-0.599905
-0.712805	-0.109941
0.732073	0.589602
2.26386	0.536503
-0.0935718	0.0921437
-0.278255	-0.444562
-0.940944	0.144007
0.210613	0.432551
0.0802482	0.199065
0.688618	-0.026929
-0.506394	-0.171958
0.818983	0.659921
-0.506394	-0.04288
0.188886	0.36424
-1.04958	-0.731583
-0.289119	-0.466702
-0.810579	-0.641629
-0.506394	0.246798
-0.441212	0.147451
0.460479	0.401896
-0.919216	-0.610228
-0.332574	-0.164646
0.0150657	0.513034
-0.462939	-0.374424
-0.289119	0.207104
-0.0609805	0.503491
0.536525	0.208771
-0.310847	0.287595
-0.289119	0.254775
-0.897489	-0.322167
0.112839	0.315592
-0.343438	0.526314
-0.430348	-0.348091
-0.158754	0.295947
-0.810579	-0.734554
2.42682	0.722741
-0.93008	-1.4732
-0.951808	-1.01326
-0.951808	-0.759323
-0.745396	-1.24945
0.178022	0.199725
0.0476569	0.00414796
-0.506394	-0.123428
-0.462939	0.265546
0.0150657	-0.199713
-0.951808	-0.550047
0.112839	0.234021
-0.864898	-0.249253
-1.04958	-1.64416
-0.40862	0.389547
-0.506394	0.265833
1.3839	0.0564953
-0.767124	0.0299333
-0.223937	0.15954
-0.169618	0.230891
-0.854034	0.20944
-0.278255	0.539006
-0.2348	-0.26005
-0.832306	0.117438
-0.875761	-0.483642
-0.213073	-0.197671
-0.658487	-0.132513
-0.691078	0.0516127
0.873302	0.350926
-0.245664	-0.0770806
0.49307	0.715209
-0.191345	-0.0715433
1.87277	0.334703
-0.940944	-0.72474
-0.658487	0.221607
0.938484	-0.121232
-0.289119	-0.567743
-0.32171	-0.215169
-0.604168	-0.151952
-0.115299	0.442431
0.710345	0.476494
-0.854034	-0.645906
-0.245664	0.356313
-0.473803	0.336665
-0.66935	0.111151
-0.376029	-0.122595
-0.441212	0.143958
-0.788851	0.341168
1.82931	0.624379
-0.538985	-0.00379525
-0.365165	0.0218809
1.32958	0.245998
0.84071	0.295935
1.7424	0.373529
0.112839	0.281103
1.1449	0.619019
-0.919216	-0.894626
3.21987	0.556345
0.721209	0.203695
-0.397757	0.31576
1.37303	0.113389
-0.658487	-0.480852
-0.278255	0.441087
-0.365165	-0.130397
0.438752	0.289953
-0.777988	-0.427252
0.286659	0.222843
1.49254	0.00946228
-0.365165	0.161321
-0.951808	-0.0970823
-0.951808	-0.441242
-0.93008	-0.676759
-0.593304	-0.565747
-0.962671	-1.15301
0.0150657	0.362382
0.688618	-0.222202
-0.039253	0.0227056
0.340978	0.0636903
-0.332574	0.405364
-0.810579	-0.575984
0.123703	0.491838
1.67722	0.265721
1.88363	-0.0844955
3.23073	0.497241
1.70981	0.367006
-0.864898	0.131664
1.42735	0.57352
-0.984399	-0.0153837
-0.875761	0.0384833
0.677754	-0.494553
1.7424	0.624048
0.829847	0.177284
1.30785	0.355474
0.0150657	-0.0954174
-0.528122	-0.655511
3.74133	0.451472
0.775528	0.52832
-0.832306	-0.157236
-0.343438	0.0166975
-0.984399	0.206171
1.18835	0.38071
0.710345	0.516515
4.33884	0.411352
1.1123	0.106023
2.80705	0.49831
-0.332574	-0.083441
1.09058	0.254476
-0.962671	-0.666875
0.232341	0.323568
-0.832306	-0.337349
0.384433	-0.170376
-0.875761	-0.356672
-0.984399	-0.139916
0.57998	0.377933
-0.0718443	0.416207
-0.875761	-0.376247
-0.180482	-0.274084
-0.951808	-0.540163
-0.777988	-0.072037
-0.886625	-0.343977
1.92708	0.40439
1.09058	0.271967
-1.03872	-0.853657
-0.245664	0.183496
0.427888	0.24424
-0.441212	-0.884506
-0.777988	0.131778
0.960212	0.467525
-0.908353	-0.367814
5.15362	0.69072
-0.93008	-0.337767
0.84071	0.0866108
-0.864898	0.177345
-0.777988	0.171711
-0.14789	0.794452
-0.462939	-0.22565
1.53599	0.328975
1.47081	0.437607
1.64463	0.428986
0.66689	-0.151196
-0.473803	-0.127899
0.0585207	0.340896
-0.962671	-0.849792
-0.723669	0.263431
1.27526	0.264636
0.688618	0.114594
-0.788851	-0.142543
-0.84317	0.551951
-0.84317	0.0584306
-0.137027	0.107458
-0.0609805	0.419952
-0.310847	0.348195
-0.810579	-0.582812
-0.680214	-0.213149
0.0476569	-0.269765
-0.821443	-0.647167
2.78532	0.257303
1.53599	0.477777
-0.137027	0.015025
-0.0609805	0.551913
2.51373	-0.134832
0.0476569	0.466589
-0.137027	0.371855
-0.919216	-0.863239
-0.365165	-0.762164
-0.32171	-0.0594013
-0.658487	-0.652313
-0.84317	-0.464791
-0.158754	-0.423703
0.569117	0.363514
0.0476569	0.466589
-0.58244	-0.445564
-0.430348	0.497632
2.31818	0.40164
-0.897489	-0.435261
-0.767124	-0.870701
-0.430348	-0.162696
-0.832306	-0.610242
0.503934	0.645924
-0.386893	-0.349974
-0.701941	-0.604342
-0.832306	-0.796167
0.634299	0.125472
-0.0283893	0.321807
-0.886625	-0.0648077
0.178022	-0.0652592
0.0150657	0.760638
-0.2348	-0.396864
-0.995263	-0.33533
-0.777988	-0.419433
0.49307	0.131796
0.0693844	-0.202932
-0.908353	-0.121735
-0.278255	0.205282
-0.940944	-0.0404184
-0.93008	-1.26049
0.0693844	0.208906
-0.995263	-0.435356
3.32851	0.274975
1.84017	0.191713
0.0150657	0.128189
0.57998	0.379586
1.51426	-0.668837
-0.169618	0.228233
-0.299983	-0.306609
-0.919216	-0.0234779
0.427888	0.350042
-0.58244	0.19751
-0.484667	0.317172
-0.93008	-0.412191
-0.821443	0.399763
-1.02785	-0.00939288
0.460479	0.208388
-0.571577	0.226887
-0.245664	0.382516
-0.962671	-0.868919
-0.940944	-0.448525
-0.517258	0.263294
0.797255	0.790726
0.123703	0.603066
-0.473803	0.419164
1.2644	0.45015
0.66689	0.247422
-0.897489	0.340711
-0.538985	-0.556275
-0.767124	0.708215
-0.365165	-0.224283
1.21008	0.282881
0.0911119	0.130164
0.221477	0.0768831
-0.58244	-0.833948
-0.0175256	0.30689
2.492	0.775977
-0.191345	-0.300678
-0.973535	-0.931778
-0.0283893	-0.439083
-0.180482	0.548959
-0.864898	0.383584
-0.658487	-0.339221
-0.0175256	-0.139017
-0.680214	0.0502942
-0.560713	0.25171
-0.354302	-0.0997599
-0.158754	-0.0388986
1.16662	0.0115089
2.28559	0.102614
0.123703	-0.204494
-0.897489	-0.437872
0.243204	0.439762
-0.213073	0.3082
4.80598	0.50113
0.101976	0.114083
-0.202209	-0.0572504
0.569117	0.405115
-0.386893	-0.568963
-0.767124	0.348527
2.55718	0.218675
1.48167	0.535282
-0.940944	-0.968307
-0.32171	-0.0604927
-0.854034	-0.677193
0.112839	0.327817
-0.223937	0.448945
-0.0283893	-0.252873
-0.864898	-0.31599
-0.810579	0.293657
0.699482	-0.137675
-0.419484	-0.904768
-0.169618	-0.126996
0.471343	0.402536
0.297523	0.13549
-0.973535	0.315845
-0.93008	-1.14441
-0.169618	0.507342
-0.615032	0.196206
-0.202209	0.197659
-0.397757	0.0506733
-0.58244	0.4157
-0.0609805	-1.17394
1.72067	0.13106
0.514798	0.406075
0.590844	0.339103
1.79672	-0.428987
-0.180482	0.386712
-0.354302	0.317188
-0.919216	-0.149464
-0.528122	-0.0887223
-0.310847	0.286713
0.57998	-0.315267
-0.506394	0.393591
-0.191345	0.396182
-0.940944	-0.550308
1.32958	0.332885
0.0150657	0.351515
-0.864898	-0.487295
-0.604168	-0.203673
-0.680214	-0.0172643
-0.0283893	0.235794
-0.995263	-0.394617
-0.517258	0.140466
-0.365165	0.57564
-0.973535	-0.0183761
-0.66935	-1.03753
-0.49553	-0.0762233
-0.462939	0.138125
-0.604168	0.325905
-0.593304	0.111661
2.20954	0.294722
1.01453	0.686598
-0.93008	0.202679
3.26333	0.246539
-0.213073	0.320186
0.254068	0.478903
-0.658487	0.212876
0.895029	0.602371
-0.658487	0.174205
1.34044	0.550943
1.21008	0.107791
0.134567	-0.0221566
-0.169618	-0.209147
0.243204	0.212114
-0.810579	-0.314597
-0.940944	-0.736742
-0.0283893	-0.0359956
-0.137027	0.471629
-0.462939	-0.288407
-0.452075	0.590603
2.57891	0.240911
-0.245664	-0.430068
-0.767124	-0.928103
-0.886625	-0.613769
-0.723669	0.475936
-0.658487	0.298365
-0.115299	0.213716
0.297523	0.335613
-0.571577	0.219253
-0.549849	-0.904059
0.178022	0.479779
-0.973535	-1.35297
-0.169618	0.060094
-0.821443	0.140312
-0.00666181	0.287463
-0.354302	-0.239274
-0.810579	-1.59829
-0.039253	-0.131294
-0.452075	-0.176319
-0.32171	0.203781
-0.908353	-1.11535
-0.40862	-0.625584
-0.039253	0.0964106
0.330114	0.135787
-0.40862	0.155766
-0.484667	0.227157
-0.0501168	0.182555
0.101976	0.227965
-0.821443	-0.906756
-0.180482	0.489342
-0.58244	-0.560696
-0.810579	-0.32475
0.319251	0.256326
-0.0175256	0.484481
0.471343	0.285432
0.547389	0.309728
1.03626	0.366681
-0.528122	-0.303697
2.6115	0.540705
-0.14789	-0.079784
0.786392	0.541302
-0.701941	-0.142365
0.0150657	0.47192
-0.951808	0.172195
0.7538	0.0899199
-0.984399	-0.2553
0.57998	-0.61639
-0.538985	-0.0662309
-0.995263	0.273811
-0.691078	0.145823
-0.528122	0.077076
-0.571577	0.776543
0.145431	-0.142218
-0.658487	-0.304861
0.199749	-0.534922
-0.441212	0.512256
-0.691078	0.0686865
0.0150657	0.418733
-0.32171	0.348789
0.0367932	0.263956
-0.397757	-0.00409546
-0.310847	0.370886
-0.191345	0.362839
-0.908353	-0.0175608
-0.973535	-0.230033
1.01453	0.420299
0.167158	0.0323591
-0.386893	-0.101006
0.221477	0.458087
-0.951808	-0.159907
1.13403	0.433828
-0.832306	-0.231099
4.59957	0.734275
0.254068	0.803469
0.851574	0.248294
0.417024	0.495896
-0.93008	-0.0812759
-0.126163	0.402443
-0.723669	0.434445
-0.256528	-0.128119
-0.886625	0.0500902
-0.908353	-0.21612
1.47081	0.304623
0.525662	0.340972
-0.767124	-0.03077
-0.854034	-1.56262
-0.343438	-0.00452915
0.0585207	0.649382
0.0802482	-0.189519
0.101976	0.116918
0.623435	0.571675
-0.2348	0.339898
1.03626	0.0232381
-0.00666181	0.515786
2.24213	0.557913
-0.354302	1.16869
-0.832306	-1.24955
-0.430348	0.39052
0.101976	0.61744
-0.169618	-0.0793293
-0.864898	-0.331996
0.0259294	0.293775
-0.506394	-0.30647
-0.777988	0.0412411
-0.299983	-0.022953
0.395297	0.528352
0.0802482	0.567985
-0.0718443	0.16338
1.45994	0.783701
-0.506394	-0.211042
-0.680214	0.48619
-0.951808	-0.362305
-0.593304	-0.531465
0.7538	-0.00706213
4.50179	0.764813
0.427888	0.653356
-0.365165	-0.407093
0.0911119	0.277465
0.0585207	0.364321
0.536525	0.654021
0.0802482	0.224776
-0.864898	-0.502616
-0.962671	-1.49674
-0.940944	-0.752786
-0.897489	-0.557515
1.07971	0.505769
-0.658487	0.234213
1.70981	0.5174
0.00420194	-0.198795
0.601708	0.431118
-0.625895	0.664151
-0.039253	0.456859
0.123703	0.278623
0.417024	0.530901
-0.452075	0.11788
0.178022	0.0562185
-0.517258	-0.595765
-0.419484	0.353742
-0.310847	0.320458
-0.00666181	-0.513457
-0.430348	0.43222
0.742937	0.575453
1.54685	0.40015
-0.745396	0.277398
-0.973535	-0.993284
1.66636	0.0720308
0.00420194	0.492172
-0.984399	-1.03474
0.395297	-0.188371
0.308387	-0.875006
-0.419484	0.745584
-0.658487	-0.319221
-0.984399	-0.29732
-0.854034	-1.02439
0.84071	-0.0859407
-0.267392	0.241127
-0.484667	-0.0698242
-0.984399	-0.947748
-0.940944	-0.635229
1.81845	-0.0915898
0.438752	0.501787
1.07971	0.385712
-0.995263	-0.697474
0.199749	-0.208524
-0.169618	0.390543
0.862438	-0.0039639
-0.886625	-0.26044
0.0367932	0.407374
0.558253	-0.179321
0.297523	0.51175
2.48114	0.357682
0.395297	-0.0740003
0.167158	0.294124
-0.615032	-0.556143
0.438752	-0.449504
-0.951808	-0.763559
-0.593304	-0.503316
-0.039253	0.0882565
-0.299983	-0.579611
-0.604168	-0.416232
-0.484667	0.0384023
-0.310847	0.5909
0.873302	0.0855715
0.243204	0.425402
-0.593304	-0.917292
-0.278255	-0.62864
0.340978	0.193612
-0.951808	-0.721074
2.3725	0.278182
0.460479	0.305404
0.482207	0.265036
-0.354302	0.0441368
-0.430348	-0.698345
-0.940944	-0.653734
-0.0609805	-0.0286577
0.92762	0.410802
0.156294	0.021164
-0.082708	0.395176
0.829847	0.100882
-0.528122	0.468736
0.569117	0.423837
0.634299	-0.213521
0.732073	-0.0197657
-0.777988	-0.0519634
0.656027	0.611398
0.243204	0.609378
-0.973535	0.168915
-0.104436	0.35803
1.1449	0.28367
-0.0935718	0.430448
0.482207	0.556863
0.00420194	-0.529566
-0.66935	-0.650747
-0.908353	-0.269603
-0.799715	-0.505136
-0.799715	0.041977
-0.419484	-0.326352
0.949348	0.370567
-0.484667	-0.262186
-0.908353	0.0750676
2.42682	0.705124
-0.49553	0.303838
-0.777988	-0.14369
-0.658487	-0.640144
-0.734533	-0.552128
1.00367	0.401613
-0.58244	0.00197145
-0.625895	0.384278
1.21008	0.170156
-0.256528	-0.199322
-0.647623	-0.00651371
2.03572	0.334214
-0.777988	0.0942354
-0.00666181	-0.209196
-0.517258	-0.04303
-0.897489	-0.537556
-0.864898	-0.135559
-0.126163	-0.0927279
-0.126163	0.0521568
-0.213073	0.00172116
-0.180482	0.529393
1.13403	0.154684
0.482207	0.51213
-0.104436	-0.011759
0.101976	-0.38788
-0.615032	0.0451135
0.395297	0.463232
-0.951808	-0.383218
-0.0175256	0.185252
-0.441212	0.413686
-0.788851	-1.09041
1.69895	0.10353
-0.245664	0.373729
-0.940944	-0.975191
-0.995263	-0.270481
0.438752	0.255993
-0.462939	0.145904
0.829847	0.842895
-0.93008	-0.00165398
-0.625895	0.370447
0.981939	0.188836
-0.777988	-0.466156
-0.636759	-0.134194
-0.799715	0.435931
0.7538	0.413954
-0.788851	-0.160931
-0.875761	-0.462324
-0.734533	0.301315
-0.810579	-0.170281
0.471343	0.152722
-1.00613	-0.796167
-0.528122	0.432803
-0.289119	0.0763671
-0.897489	-0.670375
-0.593304	-0.113119
-0.723669	0.307628
-0.452075	-0.117049
1.04712	0.60768
-0.940944	-0.754932
-0.354302	-0.324922
-0.75626	-0.399196
0.0802482	0.348893
-0.462939	-0.253061
-0.473803	0.350207
-0.517258	-0.348829
-0.593304	0.37797
0.471343	0.113669
2.97	0.13289
-0.821443	-0.705958
-0.658487	0.387154
-0.397757	0.016082
-0.723669	0.391021
-0.615032	0.51923
2.02486	0.45914
0.536525	0.160206
1.79672	0.322453
1.7424	0.515005
-0.788851	-0.074934
-0.984399	-0.829465
0.254068	-0.592373
0.221477	-0.401144
-0.951808	0.0622722
-0.0935718	0.222818
2.11177	0.212983
1.1123	-0.0203788
0.210613	0.313787
-0.560713	-0.0673558
0.0476569	0.338788
-0.712805	-0.568952
-0.202209	0.184835
-0.973535	-0.781511
0.123703	-0.124411
0.188886	-0.771781
1.7424	0.189198
-1.00613	-1.20076
-0.365165	-0.011375
0.710345	0.318577
-0.951808	-1.04852
-0.126163	-0.131028
0.297523	0.441819
-0.625895	0.206025
-0.299983	0.489757
-0.897489	-0.537556
-0.875761	-0.205883
-0.49553	-0.469507
-0.84317	-0.615667
0.699482	0.368199
-0.137027	0.113407
-0.734533	-0.195116
3.55665	0.502933
-1.02785	-1.20765
0.471343	-0.361541
0.297523	-0.120586
2.18781	0.0607918
-0.962671	-0.11719
0.167158	0.146045
-0.919216	-0.186526
0.992803	0.343948
0.525662	0.617261
1.00367	0.293498
-0.745396	0.457792
-0.897489	-0.518233
9.57516	0.438909
2.82878	0.761346
-0.919216	-0.173847
-0.625895	-0.349676
1.03626	-0.0795579
0.547389	0.0211736
-0.169618	0.199247
-0.386893	-0.805262
0.167158	0.158693
0.156294	0.353168
-0.386893	0.41143
-0.169618	0.216232
-0.951808	-0.266918
-1.04958	0.115131
1.19921	0.026858
-0.484667	0.0203957
-0.658487	0.51115
-0.126163	0.259219
-0.0175256	-0.0273817
0.330114	-0.0191386
-0.962671	0.23069
1.82931	0.559896
0.525662	0.219306
2.54632	0.183622
0.503934	-0.169413
-0.365165	-0.109931
-0.995263	-0.222637
0.7538	0.395749
-0.517258	0.364046
0.960212	0.321592
-0.636759	0.118454
-0.560713	0.309175
-0.430348	-0.432271
-0.767124	0.226358
-0.223937	-0.0452608
-0.256528	-0.111991
0.243204	0.286354
-0.962671	-0.98957
-0.560713	0.478891
-0.0283893	0.33862
-0.571577	-0.893444
-0.647623	0.0987794
0.851574	-0.108548
0.536525	0.235613
-0.506394	0.446099
-0.289119	0.288328
-0.875761	-0.320776
-0.441212	0.192286
-0.397757	-1.19407
0.862438	0.0689346
0.178022	0.367917
-0.66935	-0.174993
-0.908353	-0.0175608
-0.973535	-0.727466
-0.365165	-0.247776
4.9798	0.636003
0.547389	-0.474267
-0.549849	0.295975
0.319251	-0.466875
-0.886625	-0.0897277
-0.397757	0.263173
0.210613	-0.0251397
-0.58244	-0.547169
-0.115299	0.378995
-0.951808	-0.466322
-0.832306	0.327048
-0.115299	0.686071
-0.875761	0.064922
3.26333	0.2988
1.34044	0.101921
-0.32171	0.0605903
-0.14789	0.237769
-0.082708	-0.435813
0.0259294	0.562641
-0.082708	-0.109836
-0.397757	0.248921
0.710345	-0.0649799
-0.310847	0.2458
-0.745396	0.674793
-0.484667	0.391563
-0.777988	-0.797274
-0.310847	-0.229992
-0.777988	-0.331043
0.938484	0.162543
-0.680214	0.131727
-0.137027	0.328968
-1.03872	-0.0322537
3.03519	0.78564
-0.886625	0.0639173
-0.202209	0.106307
-0.84317	-0.111577
1.63376	-0.0476671
-0.875761	-1.07858
-0.593304	-0.0121298
-0.680214	-0.364999
0.482207	0.47559
-0.777988	0.160226
-0.462939	0.0338847
-0.984399	-0.123934
-1.00613	-0.0606683
-0.386893	0.424973
-0.995263	-0.397138
-0.615032	0.12963
-0.604168	0.390596
0.00420194	0.123952
1.52513	0.0449975
1.34044	0.42732
2.02486	0.392983
0.0259294	0.448445
-0.0935718	0.309601
-0.767124	0.862204
2.26386	0.149475
2.20954	0.725358
0.188886	0.583034
-0.854034	-0.189274
0.0693844	0.211013
-0.213073	-0.197988
-0.658487	0.00595073
0.0367932	0.099139
0.895029	0.54774
-0.864898	-0.0253836
-0.484667	-0.36092
-0.571577	0.207609
2.00313	0.105248
-0.919216	-0.333713
-0.864898	-0.192332
-0.962671	-0.258878
-0.962671	-0.187898
-0.919216	-0.229215
0.503934	0.471914
-0.267392	0.343184
0.330114	0.373563
2.47027	0.476687
3.13296	0.705472
1.7424	0.639759
-0.84317	-0.565719
-0.430348	0.248962
-0.376029	-0.246646
1.6229	0.402791
0.0693844	0.708205
-0.984399	-0.813207
-0.723669	-0.0394899
-0.919216	-0.87325
0.949348	0.145184
-0.386893	0.0681261
0.00420194	-0.431686
0.503934	0.322463
-0.473803	0.3438
0.612572	0.354338
1.93795	0.238915
0.916757	0.00604665
-0.75626	0.450993
-0.0718443	0.0914651
-0.864898	-0.131809
0.319251	0.519755
-0.940944	-1.01454
-0.180482	0.648727
0.905893	0.182599
-0.854034	-0.102044
0.0585207	0.283565
-0.299983	-0.198905
-0.625895	0.165981
-0.973535	-0.177482
-0.777988	-0.0858953
-0.104436	0.464498
1.15576	-0.263385
-1.00613	-0.460387
-0.832306	-0.786157
-0.0283893	-0.128701
-0.593304	-0.122731
-0.723669	-0.613166
2.28559	0.291413
0.286659	0.37605
-0.256528	0.484122
-0.734533	0.0945032
-0.14789	0.350293
0.0693844	-0.151974
1.22094	0.247829
-0.821443	0.193847
-0.538985	-0.0798567
-0.169618	-0.0669696
-0.93008	-1.69509
-0.908353	-0.399023
-0.691078	-0.075104
-0.310847	-0.319575
-0.767124	-0.288494
-0.658487	0.213178
-0.289119	-0.404517
0.808119	0.425713
-0.0501168	-0.644971
-0.49553	-0.540225
1.29699	-0.408772
-1.00613	-1.26675
-0.810579	0.000436844
0.601708	-0.051785
-0.604168	0.164006
-0.430348	-0.229339
-0.984399	-0.737403
0.145431	0.200224
0.862438	0.355821
0.829847	0.574868
-0.919216	-0.631464
1.9814	0.372996
-0.115299	0.338425
-0.799715	-0.0679549
1.68808	0.572639
1.28612	0.15819
-0.49553	0.236052
1.1123	0.302311
5.03412	0.577516
-0.256528	0.460904
-0.832306	-0.518695
-0.962671	-0.1951
0.612572	0.423923
-0.517258	-0.342572
-0.810579	-0.524738
-0.799715	-0.0354139
-0.571577	-0.386666
1.99227	-0.0240282
-0.973535	-0.374891
-0.289119	0.109248
0.243204	0.356155
0.971075	-0.230562
-0.593304	-0.0623421
3.28505	0.35952
-0.734533	-0.0439165
-1.01699	-0.976918
-0.940944	-0.669069
0.178022	0.533892
-0.0501168	0.322217
1.40563	0.526536
0.601708	0.358167
-0.908353	-0.692301
-0.712805	0.22606
-0.365165	-0.193258
0.0911119	0.365719
-0.430348	0.251996
0.0693844	-0.118551
-0.289119	-0.778349
-0.767124	-0.336468
-0.2348	0.30379
-0.919216	-0.714525
-0.973535	-1.00617
-0.104436	0.542333
-0.723669	-0.330811
0.00420194	-0.247851
-0.636759	-1.02299
-0.777988	0.301605
-0.864898	0.308546
0.0150657	-0.199713
-0.973535	-1.05549
0.384433	0.311379
0.460479	0.404101
-0.528122	-0.853882
-0.0718443	0.293716
-0.180482	-0.178618
2.47027	0.748728
-0.213073	0.795581
-0.799715	-0.555894
-0.223937	0.396086
-0.919216	-0.708977
-0.137027	-0.0377852
0.677754	0.23965
-0.84317	-0.159968
0.395297	0.0749314
-0.995263	-0.686811
-0.169618	0.38147
-0.951808	-0.161517
-0.180482	0.15897
1.72067	0.415847
-0.995263	-0.530566
-0.0501168	0.15031
0.373569	-0.0218074
1.19921	-0.236062
0.0693844	0.397416
-0.332574	0.383898
-0.538985	0.166531
-0.864898	-0.510914
-0.517258	0.265276
2.20954	0.223873
-0.886625	-0.199135
-0.93008	0.284739
-0.278255	0.490772
1.97054	0.106274
-0.864898	0.227862
-0.115299	-0.053171
0.0585207	0.432981
-0.940944	-0.822527
1.91622	0.274696
1.93795	0.501819
-0.864898	-0.980753
-0.615032	0.351341
-0.430348	0.579177
-0.365165	-0.453789
-0.32171	0.227301
-0.549849	-0.243332
-0.332574	-0.202845
-0.962671	-0.735903
-0.821443	-0.353084
0.395297	-0.0577838
1.22094	0.323714
-0.593304	-0.393079
-0.604168	0.129483
-0.777988	0.126118
-0.908353	-0.850875
0.482207	-0.466714
-0.376029	0.225208
-0.940944	-0.784238
-0.615032	-0.729647
-0.180482	-0.274084
-0.397757	-0.149454
-0.680214	-0.249251
0.134567	-0.568317
-0.104436	0.153142
-0.886625	-0.494585
-0.169618	-0.67679
-0.680214	0.453369
-0.734533	0.0664471
-0.973535	-1.4593
-0.734533	0.174757
-0.875761	-0.219348
-0.549849	0.560222
-0.137027	0.638942
-0.810579	-0.415281
1.65549	0.277932
-0.397757	0.353473
-0.223937	-0.436327
0.818983	0.364993
2.23127	0.857849
0.797255	0.349868
0.775528	0.32359
3.17642	0.482833
-0.484667	-0.246544
-0.973535	-0.615042
-0.821443	0.177072
-0.799715	-0.496832
-0.962671	-0.886948
0.0911119	0.523805
-0.332574	-0.266011
-0.875761	-0.0469906
-0.973535	0.454161
0.0693844	-0.116252
0.243204	0.392369
0.0259294	0.435663
-0.397757	-0.226624
-1.00613	0.00418716
-0.951808	-0.857919
0.438752	-0.472831
-0.886625	0.267402
-0.571577	0.130094
0.286659	0.558018
-0.419484	-0.507381
-0.973535	0.344941
-0.039253	0.403568
0.818983	0.312204
-0.940944	-0.572597
-0.430348	0.0444731
1.6229	0.173563
0.199749	-0.631619
0.00420194	0.492172
-0.919216	-1.71138
0.601708	0.327254
-0.680214	0.324361
-0.875761	0.095404
-0.984399	-0.865452
-0.538985	-0.147149
0.482207	0.204186
-0.777988	-1.22306
0.178022	-0.00639083
-0.441212	0.238452
0.264932	0.35907
1.65549	0.592901
1.81845	0.20299
-0.658487	0.0744276
-0.897489	0.374809
0.0150657	-0.110391
-0.75626	-0.129133
-0.104436	-0.363462
1.00367	0.588635
2.02486	0.111681
0.525662	0.0671909
-0.549849	0.501768
-0.951808	0.408768
2.89396	0.404831
3.38283	-0.14525
-0.886625	-0.665819
-0.58244	0.75468
2.54632	0.400508
-0.940944	-0.412635
1.94881	0.531293
0.319251	0.139344
-0.799715	-0.787072
-0.940944	-0.604429
-0.701941	0.116547
0.49307	0.180463
-0.962671	-0.425112
-0.278255	0.478934
-0.365165	-0.215433
0.0693844	-0.0860844
-0.864898	0.380946
0.49307	0.397163
-0.691078	0.0807785
-0.49553	-0.117111
0.406161	0.357109
-0.995263	-1.21695
-0.549849	0.461273
-0.430348	-0.0231876
-1.00613	-0.31363
-0.767124	-0.441432
-0.0609805	0.419952
-0.0609805	0.100486
-0.441212	-0.285245
0.699482	0.471219
-0.137027	-0.313734
-0.40862	0.0608955
0.0693844	-0.35913
-0.202209	0.421296
0.721209	-0.0280919
-0.289119	0.426387
1.79672	0.413354
1.28612	0.494025
-0.386893	0.347313
2.731	0.5154
5.6968	0.557053
-0.832306	-0.0597546
1.60117	-0.126784
-0.137027	-0.452644
-0.84317	-0.593046
-0.680214	0.97521
1.29699	0.0961555
-1.00613	-0.120119
-0.734533	-0.684596
1.99227	0.641582
2.77446	0.330193
1.43822	-0.0611702
-0.039253	0.478918
-0.517258	0.010545
-0.691078	0.1171
-0.854034	-0.676786
0.482207	0.157177
0.981939	0.356065
-0.00666181	-0.209724
-0.886625	-0.0127371
-0.0175256	0.651797
-0.75626	-1.18266
-0.473803	0.314989
-0.712805	-0.394547
-0.680214	-0.560748
-0.951808	0.321632
-0.897489	0.52994
-0.289119	0.31007
1.1123	0.541726
0.992803	0.460739
0.775528	0.572332
-0.897489	0.131157
0.471343	0.332094
-0.864898	-0.441892
-0.430348	0.00105
0.330114	-0.0964815
-0.962671	-0.601502
0.0259294	0.235188
-0.58244	0.30894
1.75326	0.32649
-0.0283893	0.360085
-0.875761	-0.112945
0.384433	0.462439
3.0026	0.109427
0.471343	0.63352
-1.01699	-1.77454
-0.213073	0.0603726
0.895029	0.0751275
0.0150657	0.541913
-0.137027	0.168306
-0.875761	-0.130195
0.156294	0.379648
0.0367932	0.0146003
3.35024	0.428348
-0.0175256	0.403187
-0.354302	-0.775916
-0.202209	0.323687
0.460479	0.242274
-0.332574	0.158326
1.15576	0.274397
1.29699	-0.16036
0.0259294	0.419188
-0.593304	0.130841
-0.84317	-0.0417863
0.66689	0.515598
-0.484667	0.177281
-0.299983	0.213033
-0.625895	-0.421155
1.9814	0.374165
-0.604168	-0.324481
0.112839	0.309874
-0.528122	0.00277945
0.57998	0.438097
-0.169618	-0.0365343
-0.995263	-0.54994
-0.701941	-0.260597
1.1123	0.533988
-0.517258	-0.0162075
0.482207	0.513966
-0.767124	-0.412186
0.351842	0.338797
-0.430348	-0.348091
1.87277	0.0111993
-0.0175256	-0.252174
0.0150657	0.214854
-0.723669	0.0070212
1.15576	0.597546
-0.984399	-1.34944
2.12263	0.485022
-0.223937	-0.233152
2.88309	0.709835
-0.289119	0.510025
-0.549849	-0.478449
-0.256528	-0.277091
0.00420194	0.331225
-0.40862	0.347258
-0.0501168	-0.876037
-0.126163	-0.0923851
4.52352	0.646727
1.10144	0.116492
-0.951808	-0.72714
0.199749	0.258885
-0.864898	-0.192332
1.00367	-0.0290421
-0.875761	-0.356813
-0.202209	0.572767
-0.691078	0.115387
-0.810579	0.0210135
1.41649	0.737039
0.960212	0.614153
-0.158754	0.15199
-0.691078	-0.22869
-0.940944	-0.0171542
2.492	0.494841
0.92762	0.337734
-0.745396	-0.108757
0.406161	0.484469
-0.93008	-0.450788
-0.452075	0.253228
-0.180482	-0.204
0.829847	0.110616
-0.397757	0.0487617
-0.777988	-0.203506
-0.115299	-0.725607
-0.777988	-0.0941999
-0.376029	0.571035
-0.365165	0.416837
-0.93008	-0.782859
1.7424	0.205371
-0.386893	0.457883
-0.788851	-0.501166
-0.354302	0.293324
-0.66935	-0.0107126
-0.777988	0.139152
-0.32171	-0.431609
-0.897489	-0.878699
0.0367932	0.487961
2.51373	0.338642
0.0476569	0.157435
0.84071	0.559128
0.569117	0.191179
-0.158754	0.349642
-0.788851	-0.70378
-0.984399	-0.312847
-0.169618	0.696223
2.80705	0.389506
-0.484667	-0.281613
0.0585207	-0.27143
0.330114	0.806152
-0.712805	-0.588558
0.0476569	0.52481
-0.908353	-1.21854
1.79672	-0.0795336
-0.310847	0.21578
-0.14789	0.508747
-0.0935718	-0.532117
-0.14789	-0.0442662
-0.886625	-0.518774
-0.767124	-0.0598584
0.210613	-0.045393
1.22094	0.427183
-0.473803	0.0392134
-0.886625	-0.109441
-0.832306	0.482899
-0.658487	0.291161
0.525662	0.176181
0.829847	0.320708
2.72014	0.403211
-0.354302	-0.025985
-0.636759	0.489535
-0.397757	0.267163
-0.528122	0.313124
-0.810579	-0.90229
0.92762	0.337734
0.0367932	0.355386
-0.310847	0.0125122
0.319251	0.545626
-0.354302	-0.348722
1.32958	-0.00577276
0.916757	1.01747
-0.962671	-1.19472
0.764664	0.407759
1.18835	0.22202
-0.940944	0.077271
0.221477	0.763524
0.330114	0.35163
0.612572	-0.040765
-0.14789	0.321417
-0.701941	-0.00174722
1.68808	-0.0748262
0.677754	0.299462
-0.777988	0.322557
0.427888	-0.332048
1.09058	0.521863
-0.951808	-0.25932
-0.604168	0.423412
-0.571577	0.171834
-0.58244	-0.467445
-0.419484	-0.275328
-0.973535	-0.567602
-0.397757	-0.270646
0.145431	-0.291595
-0.430348	-0.634649
-0.875761	0.0312979
-0.40862	-0.14134
0.66689	-0.405792
-0.245664	0.419218
0.00420194	0.154062
-0.14789	-0.150105
2.55718	0.271486
-0.712805	0.570896
0.145431	-0.0966153
-0.538985	0.141255
-0.897489	-1.05999
0.145431	0.310217
-0.908353	-0.71674
-0.799715	0.23844
-0.40862	0.0393215
-0.66935	-0.922048
-0.615032	0.259602
-0.93008	-0.589085
0.156294	0.298808
-0.919216	-0.0959702
0.243204	-0.0386479
-0.40862	0.631411
0.503934	-0.437696
-0.75626	0.119706
1.65549	0.336866
-0.919216	-0.0959702
0.221477	0.449996
0.0476569	-0.106652
-0.32171	0.00551024
-0.289119	-0.0612946
-0.40862	0.254051
1.24267	0.547603
-0.14789	0.374337
-0.908353	-0.398276
1.63376	0.40897
0.0476569	-0.100912
0.0367932	0.396244
-0.832306	-0.238389
-0.615032	-0.466495
0.503934	0.344524
-0.625895	0.196355
0.340978	0.225332
-0.278255	0.226964
-0.864898	-0.408418
-0.832306	0.145732
-0.115299	0.376076
-0.115299	-0.109421
0.199749	0.266643
-0.995263	-0.569153
-0.647623	0.0316837
-1.00613	-1.10526
-0.213073	0.408677
2.48114	0.455753
-0.517258	0.428482
-0.245664	0.266309
-0.267392	-0.0651586
-0.723669	-0.0959402
1.8619	0.4732
-0.571577	0.374592
-0.832306	-0.597119
1.57945	0.248623
-0.528122	0.441546
0.449616	0.371824
-0.40862	0.10939
-0.919216	0.460447
0.677754	0.389921
-0.625895	-0.247814
-0.897489	-0.886165
0.949348	0.235743
-0.354302	0.510094
0.482207	0.290349
0.775528	-0.0471057
0.254068	0.180081
-0.604168	0.419356
-0.93008	-0.0369253
1.12317	-0.207144
0.57998	0.196549
-0.517258	-0.00646308
1.95968	0.457531
0.0693844	0.300586
-0.289119	-0.0612946
-0.897489	-0.459064
0.0259294	0.469043
2.09004	-0.00655487
-0.0283893	-0.12278
0.732073	0.506086
0.601708	0.647254
0.612572	0.304911
1.48167	0.108964
-0.875761	-0.421509
1.02539	0.519985
0.373569	0.184073
-0.126163	-0.200274
4.25193	0.509075
-0.430348	0.583859
0.449616	-0.163608
-0.278255	0.413133
-0.2348	-0.0452321
0.0585207	0.197584
-0.40862	0.466328
-0.441212	0.138993
-0.984399	-0.533144
0.395297	-0.0573095
0.101976	0.769564
-0.636759	-0.156041
2.48114	0.357682
1.00367	0.556192
-0.93008	-0.226306
-0.0175256	0.437308
-0.549849	-0.0676741
0.786392	0.211564
0.112839	0.325091
2.44854	0.285307
-0.962671	-1.28542
0.101976	0.2917
-0.788851	-0.156821
-0.658487	0.50003
0.232341	-0.0520086
3.04605	0.404923
-0.289119	-0.567743
0.612572	0.33309
-0.354302	0.463426
-0.897489	-0.286564
-0.897489	0.113602
1.12317	0.373954
2.43768	0.0914317
0.0693844	0.398605
-0.2348	0.371701
0.645163	0.520609
0.525662	0.249397
0.156294	0.14912
-0.625895	-0.0894718
-0.973535	-0.836827
-0.951808	-0.0486814
-0.691078	0.500488
0.775528	0.17294
-0.202209	-0.664416
-0.0935718	0.0967251
-0.256528	0.136442
-0.691078	0.650059
1.18835	0.41518
-0.549849	0.289549
1.07971	0.13251
-0.864898	-0.34423
0.449616	-0.258059
3.92601	0.260784
-0.223937	0.2696
1.37303	0.726186
0.764664	0.630033
3.20901	0.80221
-0.821443	-0.572169
-0.299983	-0.309227
-0.940944	-0.439541
0.656027	0.599209
0.732073	0.459787
0.981939	-0.0547415
-0.886625	-0.542089
-1.06045	-1.6834
-0.310847	0.0355758
2.50286	0.412398
-0.745396	-0.247136
-0.984399	-0.703428
3.42628	0.381335
-0.0935718	-0.317976
-0.115299	0.664904
-0.126163	0.247407
0.84071	-0.172007
-0.528122	0.186344
-0.58244	-0.245836
0.112839	0.315592
-0.332574	-0.514606
-0.84317	-0.68
-0.538985	-0.645977
0.145431	0.10775
-0.636759	-0.226002
0.938484	0.612604
0.808119	0.58063
2.1335	-0.168331
0.232341	0.613431
0.569117	-0.277988
-0.788851	-0.443199
-0.538985	0.145179
0.101976	0.33328
0.677754	0.379054
4.91461	0.310856
0.232341	-0.0722028
0.601708	-0.431492
-0.625895	0.206309
-0.419484	-0.385095
2.29645	0.704927
-0.864898	-0.636863
1.17749	0.264867
0.460479	-0.240651
-0.115299	0.474318
-0.625895	0.0287014
0.656027	0.161228
2.45941	0.231246
-0.810579	0.409333
-0.745396	0.160624
-0.680214	-0.787138
0.460479	-0.240651
1.44908	-0.317225
0.7538	0.578571
0.101976	0.483079
-0.84317	-1.63547
-0.299983	0.10269
0.362706	-0.257669
-0.2348	-0.386335
-0.267392	-0.270759
-0.441212	0.164565
2.39423	0.396363
-0.267392	-0.135128
1.3839	0.204434
0.895029	0.359699
-0.854034	-0.812094
0.49307	0.655133
0.275796	0.23435
0.406161	-0.218857
-0.908353	-1.01168
-0.84317	-0.974622
1.39476	0.345564
-0.636759	-0.341738
2.1009	0.325907
-0.973535	-0.511742
-0.625895	-0.427598
-0.462939	0.0351467
-0.354302	0.871936
-0.115299	0.688111
-0.213073	0.10692
-0.951808	-0.420175
0.949348	0.285418
-0.40862	0.175268
-0.49553	0.129
0.710345	0.576429
-0.397757	0.653355
-0.343438	0.398313
-0.245664	0.340559
0.482207	-0.67097
-0.376029	0.136443
0.612572	0.560994
-0.484667	-0.305338
-0.854034	-0.183532
-0.832306	0.258067
-0.84317	-0.28927
0.0802482	0.492216
-0.66935	0.0622435
-0.84317	0.0232903
2.03572	0.463988
0.340978	0.237413
0.330114	-0.218804
-0.66935	0.382072
-0.636759	-0.201765
0.351842	-0.133611
-0.245664	0.17135
-0.267392	0.158827
0.254068	0.578528
-0.386893	0.563446
0.721209	-0.0117937
1.25353	0.287472
-0.799715	-1.18832
-0.354302	1.00847
0.123703	0.725049
0.482207	-0.557166
-0.0718443	-0.081803
-0.14789	-0.197205
2.75273	0.0699281
1.23181	0.388918
-0.75626	-0.482792
-0.593304	0.304169
-0.430348	0.225678
-0.854034	0.555441
0.569117	0.182725
0.101976	-0.0148088
-0.202209	0.0461127
-0.115299	-0.298923
-0.864898	-0.138845
-0.810579	0.303452
0.0802482	0.135494
-0.919216	-1.39494
-0.593304	-0.115155
-0.734533	0.337365
-0.452075	-0.111711
-0.75626	0.149437
-0.256528	0.439555
0.460479	0.606493
0.916757	0.426382
-0.213073	0.16751
1.07971	0.506221
0.829847	0.320708
-0.397757	-0.437992
3.65442	0.462457
-0.832306	-0.365626
0.7538	0.138964
-0.625895	-0.285903
-0.2348	0.348995
-0.538985	1.04568
-0.0609805	0.25031
0.547389	0.123059
-0.213073	0.0413465
1.69895	0.12853
-0.115299	0.257338
-0.299983	-0.34017
-0.854034	-1.63893
-0.49553	-0.354965
-0.919216	-0.285009
2.44854	0.590343
-0.267392	-0.0956792
0.92762	0.557699
-0.962671	-0.926642
0.167158	0.50216
1.59031	0.10774
0.688618	0.175894
-1.00613	-0.21968
0.417024	-0.368388
0.221477	-0.0855699
-0.821443	-0.656594
0.829847	0.0522283
-0.810579	0.00188892
-0.267392	0.256328
0.0476569	-0.100912
-0.625895	0.0367808
-0.386893	0.184351
0.330114	0.34496
-0.919216	-0.826427
-0.571577	-0.181928
0.232341	-0.0501303
-0.75626	-0.0472146
0.503934	0.0296574
-0.593304	-0.18502
-0.723669	-0.20226
-0.625895	0.291348
-0.919216	-0.950559
-0.908353	0.846211
-0.560713	-0.461151
2.56805	-0.57356
-0.647623	0.203475
-0.75626	0.148098
-0.223937	-0.306247
0.145431	0.48161
0.0476569	-0.674149
-0.354302	-0.392331
1.69895	0.414505
-0.245664	0.244139
0.438752	-0.404774
-0.854034	-0.555453
-0.995263	-0.778848
-0.886625	-0.492641
-0.93008	-0.607076
0.145431	0.383947
-0.0175256	0.264244
1.34044	-0.0454827
-0.951808	-0.188081
0.0150657	0.54598
0.264932	0.58704
-0.223937	-0.141125
0.623435	0.372092
-0.886625	-0.27624
-0.745396	-0.187028
-0.115299	0.401308
-0.875761	-0.613521
-0.777988	0.532645
-0.777988	-0.492863
-0.897489	0.345808
0.938484	0.358457
-0.854034	-0.267559
0.514798	0.0993064
-0.864898	-0.523585
-0.875761	-0.346415
-0.886625	-1.33232
0.340978	0.330648
0.818983	0.319275
3.20901	0.690568
1.79672	-0.700377
-0.832306	0.366153
-0.376029	0.193051
-0.593304	0.493181
0.66689	0.362207
0.460479	0.613352
0.829847	0.344013
0.417024	0.0263038
-0.75626	-0.0535429
-0.0501168	0.00212619
0.286659	0.251101
0.916757	0.398013
0.145431	0.165356
0.395297	0.399135
0.00420194	-0.845133
0.0367932	-0.221145
-0.0501168	0.374477
0.449616	0.37092
-0.115299	0.252001
-0.734533	0.721279
0.308387	0.10458
-0.343438	-0.0176129
-0.278255	0.494372
-0.32171	-0.141273
-0.104436	0.512731
3.39369	0.286422
-0.397757	0.169408
0.438752	0.356972
0.525662	0.340972
2.07918	0.565042
0.0259294	0.151373
3.18728	0.766693
-0.647623	-0.16953
-0.452075	0.333852
-0.886625	-0.127185
-0.625895	-0.564905
-0.962671	-0.449012
1.43822	0.430785
2.48114	0.357682
-0.082708	0.183028
2.36163	0.334192
-0.940944	-0.12249
3.80651	0.46501
-0.397757	0.412405
-0.886625	0.0474739
-0.723669	0.185232
0.721209	0.176259
-0.712805	-0.301811
-0.777988	-0.055392
1.31872	0.256211
0.438752	-0.112995
-0.962671	-0.315768
0.0367932	0.42688
-0.343438	-0.0289133
0.373569	-0.149728
-0.84317	0.42894
-0.767124	0.585267
-0.549849	0.143525
-0.0935718	0.0546676
0.514798	0.360496
-0.680214	-1.24021
-0.723669	-0.279505
0.101976	0.438817
-0.484667	-0.0698242
1.73154	0.741445
2.11177	0.212983
1.68808	0.631902
-0.343438	-0.329314
-0.452075	0.217032
0.0911119	0.49071
-0.615032	-0.0319667
-0.875761	-1.20596
1.09058	0.0401102
-0.93008	-0.336895
-0.799715	-0.0839967
-0.191345	0.120479
1.47081	0.471352
-0.00666181	0.408391
-0.137027	-0.161414
-0.821443	-0.151397
0.156294	0.0822174
0.0476569	0.475689
-0.712805	-0.665112
0.0693844	0.20458
0.547389	0.502556
0.558253	0.500151
-0.549849	-0.101334
-0.615032	-0.233854
-1.00613	-1.10969
0.254068	0.0114471
0.188886	-0.015663
-0.908353	-0.511189
-0.919216	0.0886209
-0.636759	-0.349762
1.03626	-0.034938
-0.615032	-1.26789
0.232341	0.227152
-0.854034	-0.272997
-0.701941	0.321851
-0.788851	0.282074
0.395297	0.263803
-0.0175256	0.615641
0.0259294	0.538763
-0.951808	-0.292698
1.2644	0.665017
-0.767124	0.241873
-0.93008	0.0246563
-0.712805	-1.40115
-0.940944	-0.610942
0.210613	0.290161
-0.647623	-0.0619529
0.699482	0.406497
0.319251	0.449898
-0.854034	-0.539675
0.710345	0.543457
-0.75626	0.0698478
-0.919216	-0.617794
-0.169618	0.613209
-0.0283893	-0.520081
-0.191345	-0.291357
2.00313	0.120028
-0.854034	-0.862861
-0.58244	-0.36555
-1.02785	-0.256968
-0.115299	-0.24704
1.22094	0.626608
3.02432	0.629101
0.112839	0.260029
2.50286	0.517527
-0.082708	0.689643
-0.115299	0.0451737
0.275796	0.282261
0.308387	0.34203
0.677754	0.557583
2.53545	0.274813
1.72067	0.38587
-0.908353	-0.231953
-0.799715	0.441341
0.178022	-0.239384
-0.082708	-0.139786
0.471343	-0.19941
1.9814	0.0492675
-0.636759	0.278728
0.7538	0.21868
-0.940944	-0.508656
-0.343438	-0.0227717
-0.365165	0.138976
3.14382	0.372426
0.547389	0.447537
0.710345	0.160141
-0.767124	0.503509
-0.245664	-0.362222
-0.538985	0.313745
0.971075	-0.0837085
0.482207	0.530073
-0.734533	-0.175481
-0.680214	0.398906
-0.343438	0.274028
-0.126163	0.323965
0.558253	0.00582947
0.699482	-0.403768
-0.615032	-0.263446
-0.854034	-0.269097
-0.40862	0.499592
0.0693844	0.255061
-0.158754	0.202081
-0.832306	0.258067
-0.984399	-0.527355
8.24978	0.817905
0.960212	0.288087
2.28559	0.588781
-0.810579	-1.05616
-0.788851	-0.27064
0.00420194	0.276732
-0.365165	-0.0314457
-0.14789	-0.110982
-0.082708	0.312342
0.00420194	-0.589182
1.3839	0.396926
-0.723669	0.192611
-0.897489	-0.0223687
-0.951808	-0.25932
-0.32171	-0.0274807
-0.310847	0.0475654
-0.40862	-0.283536
-0.636759	-0.303398
0.0476569	0.464742
-0.788851	0.402462
-0.126163	0.387558
-0.777988	-0.565825
-0.680214	0.249361
3.11123	0.00203949
-0.376029	-0.246646
-0.951808	-0.914033
1.48167	0.285192
-0.864898	-0.0536032
-0.430348	-0.167798
-0.919216	0.0733546
-0.984399	-1.12311
-0.93008	-1.17412
0.775528	0.0398382
0.677754	0.536706
-0.84317	-0.580372
-0.256528	-0.141798
-0.767124	-0.129435
-0.799715	-0.626174
-0.158754	-0.756155
1.9814	-0.185172
0.384433	0.50004
0.232341	0.0439994
-0.691078	-0.549968
1.82931	0.363056
0.362706	-0.181179
2.15522	0.186483
-0.419484	-0.336175
0.0585207	-0.0664442
-0.799715	0.507094
-0.875761	-1.46683
-0.223937	-0.0905149
-0.777988	0.1909
1.32958	0.381178
-0.245664	-0.269941
-0.517258	0.226895
0.0693844	0.139826
-0.691078	-0.354479
0.275796	-0.536483
-0.658487	0.362382
-0.082708	0.21999
-0.082708	0.445255
-0.723669	-0.615414
1.32958	-0.00577276
-0.213073	-0.160943
1.39476	0.302977
-0.886625	0.318629
0.417024	0.232413
-1.00613	-0.638774
0.101976	0.248731
0.460479	0.617871
-0.821443	-0.729496
-0.734533	-1.03414
-0.604168	-0.564222
-0.951808	-0.267157
0.406161	0.509817
0.0693844	-0.584339
3.89342	0.0552873
0.916757	0.111859
-0.441212	0.787756
0.210613	0.151053
-0.0283893	0.198539
-0.832306	0.171489
-0.593304	-0.779419
3.67615	-0.0472311
-0.332574	-0.0541437
0.123703	0.243496
1.39476	0.0565166
-0.854034	0.511428
-0.419484	0.49715
-0.973535	-0.524997
1.05799	0.467484
-0.908353	-0.217657
-0.191345	-0.145783
3.05691	0.434212
-0.441212	-0.729424
-0.875761	0.364345
0.112839	0.0229227
0.0476569	-0.0981838
-0.788851	-1.1642
0.0259294	0.263366
2.56805	0.407126
-0.245664	0.809781
-0.386893	-0.0704569
0.308387	-0.875006
-0.267392	-0.347969
-0.289119	0.159954
-0.473803	0.573989
-0.897489	0.0572725
-0.908353	-0.332421
-0.191345	0.243856
0.547389	0.44287
-0.897489	-0.546845
0.188886	0.0545588
-0.419484	-0.408696
-0.441212	0.342454
-0.647623	0.0389504
0.905893	0.264651
-0.104436	-0.712673
1.31872	-0.147571
2.11177	0.55495
-0.625895	0.173078
-0.32171	0.162418
0.330114	0.371736
0.677754	0.0582056
0.188886	0.149623
1.27526	1.03211
-0.701941	0.332999
-0.908353	-1.25819
0.49307	-0.421119
-0.256528	0.00516394
0.873302	-0.0242194
-0.680214	0.227426
0.797255	0.144262
-0.082708	0.570925
-0.32171	0.227803
-0.886625	-0.864325
0.0585207	0.213684
-0.995263	-1.0348
1.91622	0.679223
0.275796	0.231542
-0.93008	-0.565628
1.82931	0.239634
3.49146	0.340112
-0.0609805	0.640431
0.49307	0.623216
3.40455	0.257564
0.264932	0.449484
0.0259294	0.564226
-0.473803	-0.0422607
-0.93008	-0.360304
-0.962671	-0.34552
-0.223937	-0.233152
0.00420194	-0.0664851
-0.441212	-0.294606
-0.647623	0.263968
-0.799715	-0.580117
-0.777988	-0.14369
0.677754	0.418206
0.808119	0.427362
-0.767124	-0.685778
-0.104436	-0.168844
-0.538985	-0.749553
0.362706	0.49537
-0.962671	0.228802
-0.777988	-0.463758
-0.278255	-0.258083
-0.908353	-0.555501
1.22094	0.498197
1.68808	0.305612
1.78586	0.20891
0.145431	0.445175
-0.84317	-0.683404
-0.615032	0.392279
0.0585207	0.267983
-0.734533	-0.412872
0.7538	-0.124063
1.41649	0.253359
-0.191345	0.13372
-0.864898	0.372506
-0.788851	-0.181013
0.57998	0.107893
-0.973535	-0.520387
-0.00666181	-0.099673
1.21008	0.187204
1.06885	0.148405
-0.278255	-0.568169
-0.58244	-0.63582
-0.951808	-0.644527
0.634299	0.0148677
2.27472	0.294559
-0.821443	0.192409
-0.40862	-0.587013
0.49307	0.0824631
0.319251	0.706069
-0.0283893	0.0962491
-0.875761	-0.785678
-0.908353	-1.06643
0.221477	0.399993
-0.354302	-0.0631431
-0.854034	-1.10993
-0.0175256	0.272092
-0.680214	-0.0743082
-0.745396	0.0406192
-0.365165	-0.191175
-0.615032	-0.48854
0.156294	-0.309364
-0.636759	0.278172
-0.636759	0.270372
3.44801	0.706506
0.340978	-0.124447
2.20954	0.542116
0.417024	0.21979
-0.951808	-0.636114
-0.441212	0.381863
-0.951808	-0.560774
-0.14789	0.558476
-0.365165	0.0286678
0.645163	-0.331727
-0.799715	0.31448
-0.223937	-0.604191
1.39476	-0.280241
0.0367932	-0.233069
0.167158	0.377205
0.0802482	0.394234
0.449616	0.325545
-0.951808	0.0451086
0.145431	-0.051871
1.27526	0.328162
-0.386893	-0.805262
1.27526	0.353254
-0.712805	0.571137
-0.256528	0.188813
0.210613	-0.0311449
0.938484	-0.0100852
3.30678	0.523166
-0.299983	0.42702
0.340978	0.888054
-0.832306	-0.894848
-0.84317	-0.674078
-0.854034	0.40669
-0.712805	0.312376
-0.549849	0.109914
-0.93008	0.219288
2.43768	0.278926
-0.84317	-0.908197
-0.93008	-0.183256
-0.419484	0.432401
0.145431	0.0577184
-0.256528	-0.237921
0.384433	0.494061
1.77499	0.280021
0.319251	-0.305976
-0.75626	-0.188909
-0.506394	-0.0757884
0.221477	0.145779
0.634299	0.38421
-0.919216	-0.171705
-0.386893	0.273469
-0.658487	0.291161
-0.158754	-0.0446294
0.547389	0.437834
0.395297	-0.43702
-0.462939	0.618108
0.981939	-0.338073
1.89449	0.447809
0.482207	-0.249681
-0.180482	-0.0483953
-0.93008	-0.831601
0.0802482	0.595505
-0.886625	0.0922358
0.297523	0.208501
-0.919216	-0.630213
-0.636759	-0.00830488
-0.919216	0.14982
-0.767124	-0.519455
0.362706	-0.130749
-0.940944	-0.367411
-0.712805	-0.580571
-0.908353	-0.374548
0.188886	0.0646522
1.60117	0.308313
0.612572	0.267024
0.362706	0.222335
0.417024	-0.151701
1.02539	0.530002
1.19921	0.286787
-0.593304	-0.290958
-0.354302	0.396968
-0.278255	0.345884
-0.647623	0.186845
0.873302	0.0165536
0.286659	-0.642699
-0.821443	-0.657689
-0.995263	-0.284755
-0.115299	0.767952
-0.49553	0.0898109
0.786392	0.593477
0.884165	0.421837
0.590844	0.519806
0.0150657	0.0340599
0.960212	-0.289209
-0.854034	-0.339421
-0.658487	-0.374246
-0.973535	-0.266637
0.797255	0.349868
0.243204	0.245215
-0.549849	0.134785
0.243204	0.124728
-0.386893	0.332142
-0.723669	-0.305626
-0.767124	0.266246
-0.745396	-0.495319
1.07971	0.122646
-0.419484	0.141415
-0.908353	-1.18231
0.558253	0.71739
-0.712805	0.385873
-0.854034	-0.157561
1.87277	0.209131
-0.745396	-0.741995
-0.191345	0.178226
1.87277	0.391903
-1.00613	-1.22945
-0.32171	0.209171
0.569117	0.177891
2.30732	0.370212
-0.919216	0.300916
-0.310847	0.0750167
-0.441212	-0.619674
-0.799715	-0.259428
-1.01699	-1.28406
-0.115299	0.364644
0.851574	-0.0187816
-0.560713	-0.564557
-0.0935718	0.500245
0.243204	0.302539
-0.908353	0.368408
-0.75626	0.285285
0.569117	0.053858
-0.126163	0.124745
-0.538985	-0.556679
-0.625895	0.182037
0.960212	0.368979
-0.278255	-0.401443
-0.821443	-0.771433
-0.636759	-0.797948
0.862438	0.234847
-0.832306	-0.14753
-0.419484	-1.34181
-0.137027	0.321392
-0.962671	-0.551234
-0.528122	0.224303
2.43768	0.511277
-0.821443	0.0790578
-0.604168	0.133729
-0.897489	-0.685783
-0.191345	0.09793
-0.625895	-0.119314
0.232341	0.331546
-0.430348	0.145046
-0.767124	0.392918
3.78479	0.741484
0.57998	0.0472224
-0.332574	-0.103183
0.818983	0.220515
-0.864898	-0.405866
2.28559	-0.076025
-0.658487	-0.322605
0.167158	0.26176
1.1123	0.486022
1.00367	0.373656
2.20954	0.436297
0.623435	-0.229796
1.39476	0.550448
-0.864898	-0.249104
0.362706	0.499827
0.188886	-0.00508635
2.79618	0.212276
-0.962671	-0.771179
0.101976	0.198532
0.612572	0.241226
1.49254	0.408131
0.156294	-0.13429
0.884165	0.796525
-0.962671	-0.435757
0.134567	0.302479
-0.712805	-0.501378
-0.799715	0.0127099
1.45994	-0.173015
2.86137	0.452589
-0.571577	0.277706
1.02539	0.653734
0.101976	0.661319
-0.897489	0.0739147
0.384433	0.721617
-0.452075	-0.68268
1.52513	0.330195
0.0911119	-0.104703
-0.202209	0.17688
-0.126163	0.285277
-0.376029	0.369871
-0.962671	-0.88692
0.0585207	0.19718
-0.951808	-0.572041
-0.832306	0.245989
-0.180482	0.12241
1.43822	0.209925
1.24267	0.392557
-0.701941	0.572513
-0.951808	-0.303723
-0.810579	-0.462182
-0.691078	0.184617
0.101976	0.528324
-0.886625	-0.919115
-0.528122	0.285655
2.11177	0.330471
-0.66935	0.402454
-0.864898	0.327404
-0.701941	-0.361003
0.775528	0.310066
0.0476569	0.330687
2.87223	0.413471
2.44854	0.590343
-0.984399	-0.639923
0.0150657	-0.327593
0.0367932	0.525552
-0.995263	-0.467355
1.39476	0.462256
0.351842	-0.358083
-0.995263	-0.710649
-0.441212	0.556369
0.873302	0.0507619
-0.386893	-0.36517
-0.886625	-0.386128
1.68808	0.564406
-0.919216	-1.71348
0.319251	0.0786657
-0.908353	-0.992157
3.16555	0.345296
-0.386893	-0.412879
-0.256528	0.348259
0.558253	0.609715
2.04659	0.329608
0.460479	0.401071
0.427888	0.653356
0.0150657	-0.0885075
-0.66935	0.126766
-0.951808	-0.124344
0.981939	0.174384
-0.082708	0.422948
0.0476569	-0.224349
-0.767124	-0.667852
1.43822	0.285999
-0.821443	0.401675
-0.854034	-0.0894705
-0.430348	0.4828
0.275796	-0.0513181
-0.734533	-0.195116
0.0259294	1.05477
-0.854034	-1.24198
-0.691078	0.0224996
-0.973535	-1.13501
1.2644	0.197097
-0.886625	-0.414508
-0.245664	0.0325809
-0.701941	-0.136882
0.66689	0.446329
1.28612	0.579767
-0.452075	0.244964
-0.278255	-1.12984
-0.441212	-0.113665
-0.604168	-0.263208
-0.962671	-0.342471
-0.299983	0.163205
-0.897489	-0.398184
-0.658487	-0.160199
1.99227	0.341475
-0.40862	-0.533588
-0.517258	0.405441
-0.158754	0.10886
-0.897489	-0.487502
2.07918	0.55019
0.156294	0.214316
-0.202209	0.619604
-0.615032	0.302822
-0.951808	-0.558921
-0.354302	-0.12257
-1.00613	-0.042486
-0.397757	-0.00436203
-0.40862	-0.266169
1.52513	0.130387
-0.854034	0.250407
-0.647623	0.514324
-0.517258	0.136095
-0.452075	0.134896
-0.734533	0.0510989
-0.701941	0.303172
-0.919216	0.052088
0.525662	0.216177
1.36217	0.292674
-0.973535	0.382988
-0.810579	0.413341
-0.386893	0.656434
-0.180482	-0.187677
-0.365165	0.692864
0.188886	-0.184409
0.188886	0.0301464
-0.58244	-0.508114
-0.886625	-0.626778
2.81791	0.230988
-0.0718443	0.280932
0.221477	-0.194704
-0.615032	-0.642983
-0.777988	-0.797274
0.971075	0.279571
-0.701941	-0.0253834
-0.864898	-0.243585
0.00420194	0.172088
-0.821443	-0.405366
-0.973535	-1.4843
-0.180482	0.378104
0.427888	0.471814
-0.712805	-0.572314
0.7538	-0.0176033
3.49146	0.498463
0.0693844	-1.06185
-0.180482	-0.302376
-0.84317	0.278033
-0.788851	0.262124
-0.691078	-0.41846
-0.75626	-0.160888
0.829847	-0.405811
-0.082708	0.519593
0.210613	-0.028028
-0.636759	0.0467718
-0.604168	-0.59425
-0.799715	-0.45644
-0.441212	0.256717
-0.365165	-0.749381
-0.940944	-0.764708
1.51426	0.0437864
0.373569	0.569831
0.395297	-0.524713
0.101976	0.464404
0.981939	0.296979
0.0150657	-0.743356
-0.951808	-0.455824
-0.821443	0.499632
-0.0718443	0.0384269
-0.908353	-0.747625
0.460479	0.316287
-0.940944	-0.647817
-0.864898	-0.760143
-0.886625	-0.247669
-0.310847	-0.22189
-0.538985	0.255555
-0.647623	-1.32954
-0.875761	-0.51021
-0.593304	0.0419724
-0.886625	0.175644
1.05799	0.205025
-0.777988	0.0856069
-0.854034	-0.98005
-0.538985	-0.449003
0.0150657	-0.0158666
-0.951808	-0.455824
-0.419484	-0.557913
0.949348	0.469673
-0.593304	-0.461354
-0.32171	0.732313
-0.473803	-0.61615
0.167158	0.0922613
0.721209	0.398646
-0.625895	0.327676
1.30785	0.518253
0.786392	-0.539253
0.0693844	-0.244777
-0.712805	0.30605
1.75326	0.352819
-0.430348	-0.0542211
-0.973535	-0.339263
1.39476	0.210679
-0.832306	-0.202692
-0.115299	0.270293
-0.484667	0.685658
-0.0501168	0.37057
1.22094	0.616557
-0.777988	-0.542356
-0.430348	-0.348091
-0.49553	-0.163993
3.65442	0.501644
0.232341	0.455401
-0.180482	-0.174896
-0.2348	0.371701
0.92762	0.364152
0.384433	0.454671
-0.0501168	-0.456135
1.52513	0.447431
-0.158754	0.102502
-0.66935	-0.684123
2.18781	0.652883
-0.528122	0.223923
0.916757	0.205542
-0.354302	-0.348722
2.1335	0.544296
1.15576	0.122131
-0.462939	-0.587336
2.27472	0.0234704
0.254068	0.326966
-0.777988	-0.571155
-0.462939	-0.110776
-0.84317	0.0932191
-0.854034	-0.584444
-0.908353	-0.141615
-0.745396	0.305555
-1.00613	-0.426318
-0.137027	0.541376
2.01399	0.00322888
-0.213073	-0.433362
-0.886625	-0.243509
-0.560713	-0.627417
-0.0718443	-0.207825
-0.169618	0.152381
-0.93008	0.305009
-0.691078	-0.44318
-0.919216	-0.651007
-0.908353	-0.338053
0.503934	0.475551
0.351842	0.657709
0.57998	0.190645
-0.723669	-0.499069
-0.202209	-0.014909
-0.886625	-0.227156
0.590844	0.135155
-0.897489	-1.57389
-0.625895	-0.293213
1.41649	0.309228
-0.984399	-0.376958
-0.940944	-0.276857
0.851574	0.290854
-0.66935	-0.364042
-0.549849	0.0412971
2.01399	-0.50352
-0.84317	0.111011
1.25353	0.544037
-0.658487	-0.603805
0.0802482	0.468442
0.829847	0.545006
2.70927	0.703069
-0.886625	-0.247973
-0.788851	-0.453178
-0.538985	-0.0402413
3.08951	0.420919
-0.0501168	0.119679
-0.299983	0.584211
-1.03872	-0.143
-0.886625	-0.186365
-0.625895	0.265757
-0.919216	-0.811159
-0.593304	0.317615
0.536525	0.498347
0.460479	0.416774
0.319251	-0.780666
-0.712805	0.147523
-0.908353	-0.0433933
4.00206	0.221081
-0.84317	0.140027
-0.223937	0.38485
2.95914	0.607578
-0.299983	-0.295964
-0.84317	-0.514827
-0.821443	-0.696092
1.19921	-0.0792279
-0.951808	-0.447205
1.34044	0.627756
0.145431	0.51724
-0.2348	0.367068
1.25353	-0.133812
0.199749	0.436013
-0.625895	0.501552
-0.104436	0.411612
-0.49553	-0.280753
0.677754	-0.271684
2.15522	0.602029
0.264932	0.263622
-0.995263	-0.139982
-0.462939	0.0630284
0.340978	0.384004
-0.84317	0.0525346
0.449616	0.641222
-0.962671	-0.0469477
-0.40862	-0.338908
-0.441212	0.0010341
-0.767124	0.131169
0.623435	0.498184
-0.245664	-0.390962
-0.875761	-0.114598
-0.84317	-0.60784
0.0150657	-0.224263
3.77392	0.585985
-0.158754	0.404054
-0.604168	-0.652046
-0.864898	-0.832063
0.981939	0.329666
1.23181	0.170116
0.123703	-0.204494
-0.00666181	0.0456903
-0.897489	-0.86935
-0.919216	-0.54482
-0.169618	-0.525749
-0.701941	-0.7288
-0.897489	0.298115
1.00367	0.36629
-0.886625	-0.478464
-0.897489	-0.482756
0.0693844	0.763708
-0.14789	-0.317794
-0.40862	-0.322428
2.89396	0.286079
-0.66935	-0.0995047
0.330114	0.311226
0.558253	-0.157439
0.210613	0.207575
-0.169618	-0.0365343
-0.245664	0.133837
-0.940944	0.252106
-0.636759	-0.55933
0.0911119	0.163895
2.06831	0.262885
-0.289119	0.31007
-0.2348	0.242997
-0.799715	-0.0834613
-0.32171	-0.162116
-0.951808	-0.625265
1.54685	0.254675
-0.104436	-0.0374261
-0.940944	-0.633994
0.178022	0.17599
0.330114	0.39284
-0.897489	-1.16011
1.52513	0.479912
-0.625895	0.0379001
0.156294	0.221643
0.721209	-0.195385
-0.75626	0.364171
-0.984399	0.333108
-0.973535	-0.297521
-0.593304	0.313699
-0.386893	0.457883
-0.310847	0.0355758
-0.875761	-0.540544
-0.734533	-0.394018
-0.571577	0.275143
1.29699	-0.0518523
-0.082708	-0.00984755
-0.973535	0.0800031
-0.49553	-1.03092
0.417024	-0.151701
2.27472	0.549353
2.00313	0.507484
-0.49553	-0.316183
-0.58244	0.364344
-0.137027	0.465756
-0.0283893	0.515726
-0.332574	1.13781
-0.625895	-1.37017
-0.701941	0.318213
-0.386893	0.068248
0.395297	0.34521


test data
expected	elaborated
===========================
1.84017	0.611868
0.232341	0.584582
-0.625895	-0.882495
-0.897489	-0.575871
3.03519	0.492335
-0.299983	-0.385751
1.25353	0.373424
-0.951808	-0.898113
-0.940944	-0.123103
1.48167	0.0620526
-0.908353	-0.811906
-0.962671	-1.37417
-0.897489	-0.188657
0.742937	0.355999
-0.897489	-0.485303
-0.039253	-0.220198
0.645163	0.154499
-0.723669	-0.0791728
-0.386893	0.161388
0.471343	-0.175383
0.264932	0.573851
-0.854034	0.141683
-0.484667	0.417095
0.264932	0.402926
0.417024	0.279159
-0.310847	0.123987
2.83964	0.434157
1.04712	0.173852
-0.278255	0.0864645
0.156294	0.626692
1.10144	0.478255
-0.278255	0.467165
0.0911119	0.46097
-0.940944	-1.49951
-0.636759	0.00907265
0.525662	0.176181
-0.191345	-0.180622
-0.75626	-0.945443
-0.484667	-0.226633
-0.538985	0.337261
-0.875761	-0.236955
-0.84317	-0.222721
0.732073	0.382497
-0.701942	0.271558
-0.137027	0.557535
0.536525	0.392878
0.178022	0.390665
-0.864898	-0.343459
-0.93008	-0.290103
-0.441212	-0.184293
0.438752	-0.1393
-0.745396	-0.816283
3.49146	0.655406
-0.32171	-0.681264
-0.647623	-0.669685
-0.506394	-0.416207
0.0693844	-0.1921
-0.267392	-0.386138
-0.973535	-0.358433
1.73154	0.437958
0.547389	0.127607
0.916757	0.22086
-0.560713	-0.140004
0.471343	0.383666
0.775528	0.487084
-0.430348	-0.232765
-0.864898	-0.773575
-0.082708	0.406221
0.351842	0.243545
1.06885	0.423253
-0.137027	0.228665
-0.32171	-0.331614
-0.832306	0.411213
0.286659	0.00705146
0.775528	0.60601
-0.039253	0.342136
4.40402	0.508211
-0.560713	-0.172268
0.0693844	0.634029
-0.908353	-0.563649
0.123703	0.207501
-0.777988	-0.408662
0.634299	0.154386
-0.419484	0.260639
-0.919216	-0.0612175
-0.0609805	0.204634
0.525662	0.148904
-0.777988	-1.01558
-0.256528	0.0165004
-0.289119	0.102406
1.34044	0.533478
-0.430348	0.12177
0.221477	0.3434
2.06831	0.36668
0.460479	0.172623
0.829847	-0.117517
-0.810579	-0.096438
-0.517258	0.269631
-0.376029	-0.444051
-0.647623	-0.448721
-0.854034	-0.469105
-0.452075	-0.481514
-0.14789	-0.187607
-0.745396	-0.331715
-0.549849	0.493168
-0.734533	-0.305186
-0.658487	-0.443122
0.210613	0.304356
1.65549	0.0995908
0.406161	0.253127
-0.886625	-1.29217
1.3839	0.569098
0.156294	0.330137
-0.625895	-0.0555017
-0.386893	-0.544749
2.04659	0.044167
-0.75626	0.17136
-0.897489	-0.673053
-0.299983	-0.189538
-0.93008	-0.34832
-0.0609805	0.272338
-0.484667	0.317172
-0.169618	0.256824
-1.02785	0.0945755
3.11123	0.550545
-0.625895	-0.564905
0.0476569	0.437931
-0.0175256	-0.385932
-0.951808	-0.491028
0.210613	-1.03889
-0.104436	-0.113699
2.02486	0.234519
-0.32171	-0.332762
-0.962671	-0.362295
-0.593304	0.452088
-0.104436	0.434518
0.905893	0.467158
0.710345	-0.0966483
0.818983	0.00480353
0.656027	-0.0509432
-0.278255	0.547436
0.732073	0.36876
-0.0283893	-0.134078
-0.0175256	0.419355
-0.962671	-0.416856
-0.799715	-0.0274219
0.938484	0.612604
0.471343	0.412701
-0.223937	0.38485
-0.908353	-0.555076
-0.180482	-0.59749
0.188886	0.489352
0.243204	0.378423
0.732073	0.239198
-0.32171	-0.0107844
0.0911119	0.319281
-0.365165	-0.280142
-0.0283893	-0.324659
0.286659	-0.346241
-0.473803	0.530099
-0.723669	-0.17671
0.286659	0.265318
1.15576	0.227351
-0.864898	-0.0851749
-0.473803	-0.850511
1.48167	-0.0886544
-0.658487	0.32041
-0.289119	0.118429
-0.397757	-0.196563
0.873302	-0.0242195
-0.66935	0.300479
-0.528122	-0.0914491
-0.745396	0.00547604
3.43715	0.706601
-0.473803	-0.272396
0.84071	-0.101801
0.275796	-0.332842
-0.223937	0.634532
-0.940944	-0.52062
-0.571577	-0.136604
-0.0609805	-0.275618
-0.223937	0.341867
0.971075	0.189649
-0.0935718	-0.340008
-0.919216	-0.3312
-0.354302	-0.571387
0.0150657	-0.0565015
1.78586	0.215216
0.916757	0.66776
-0.278255	0.555705
0.406161	0.415397
-0.32171	0.25116
-0.386893	0.489411
-0.115299	0.352058
1.41649	0.573851
0.134567	0.338288
3.88256	0.48038
-0.0609805	-0.253527
-0.832306	-0.995272
-0.908353	-1.56794
-0.0935718	0.737963
-0.897489	-0.00267088
-0.158754	-0.756155
-0.984399	-1.06972
0.623435	-0.179156
-0.821443	-0.432172
1.17749	0.089555
-0.788851	0.292206
2.14436	-0.730153
0.199749	0.00531792
0.199749	0.50704
0.482207	0.290349
-0.636759	0.614723
0.525662	0.5831
0.938484	0.463043
0.340978	0.398987
-0.940944	0.508082
-0.821443	-0.783921
1.90536	0.547528
1.84017	0.496784
-0.32171	0.269081
-0.332574	0.272298
0.275796	-0.144
2.45941	0.604382
-0.039253	-0.617105
0.503934	0.254734
2.60064	0.282835
-0.039253	0.318598
-1.00613	-0.435443
-0.213073	0.254316
0.797255	0.108401
0.0259294	-0.00487401
1.56858	0.142318
-0.365165	0.185859
5.6968	0.557053
-0.636759	-0.641518
1.49254	0.00946228
1.00367	0.205026
0.92762	0.74096
0.645163	0.145878
-0.452075	-0.68268
0.243204	0.409187
2.05745	0.097022
0.732073	-0.0826274
0.178022	0.213877
2.65496	0.454899
-0.854034	-0.30764
0.134567	-0.470083
-0.245664	-0.265684
-0.430348	0.504129
-0.777988	0.334681
-0.0175256	0.045258
-0.897489	-0.402529
-0.397757	-0.199499
0.145431	-0.178447
-0.973535	-0.0459249
-0.354302	0.317188
-0.256528	0.41441
-0.213073	-0.647304
-0.680214	0.104277
0.0802482	0.246228
3.62183	0.615172
-0.712805	-0.430661
0.308387	-0.595714
-0.984399	0.464889
0.264932	0.116717
1.45994	0.0726892
2.02486	0.576534
-0.93008	-0.337767
-0.126163	0.378281
0.503934	0.234857
-0.40862	0.0364412
-0.202209	-0.115386
-0.104436	0.166895
-0.854034	-1.08556
-0.875761	-0.0689104
-0.66935	0.419738
-0.354302	0.47839
-0.180482	-0.497453
-0.680214	-0.820485
-0.0935718	0.481399
-0.256528	-0.645252
-0.93008	0.316414
2.64409	0.509993
0.49307	0.553178
-0.897489	-0.86935
-0.854034	-0.226645
-0.777988	-0.835543
-0.082708	-0.42567
0.547389	0.466228
-0.821443	-0.525265
0.981939	0.185846
-0.223937	-0.0706862
4.9798	0.360093
-0.886625	-1.00721
1.43822	0.604679
-0.734533	-0.0776141
0.92762	0.353055
-0.951808	-0.357131
0.188886	0.36424
-0.777988	-0.204278
0.0802482	0.204554
0.873302	0.161494
-0.723669	-0.32522
0.634299	0.225111
-0.995263	-0.325669
0.199749	-0.147274
-0.875761	0.129712
-0.691078	-0.266156
1.27526	0.504302
0.569117	-0.475333
0.243204	0.398246
0.0150657	-0.0452999
0.482207	0.43776
-0.886625	-0.24648
-0.365165	0.0429289
-0.854034	-0.455063
-0.528122	0.23411
2.78532	0.646562
-0.365165	-0.815536
0.471343	-0.105436
0.895029	0.385165
-0.158754	0.418633
-0.875761	-0.892379
-0.962671	-0.218773
0.319251	-0.228681
1.34044	0.257655
-0.00666181	0.294942
-0.484667	-0.3143
0.427888	0.772932
2.99173	0.520154
-0.0609805	0.147102
-0.462939	0.0718357
0.981939	-0.170064
0.417024	0.290865
-1.00613	-1.06083
0.101976	0.557456
0.775528	0.312151
-0.0175256	0.363675
1.09058	-0.222533
0.569117	0.0513304
1.05799	0.306619
0.221477	0.396979
-0.691078	-0.0295348
-0.2348	0.310854
-0.951808	-0.328218
-0.821443	-0.77483
-0.332574	0.522261
-0.832306	-0.796167
0.167158	0.313941
-0.58244	-0.470844
0.427888	-0.138078
-0.0501168	-0.16698
1.19921	0.0592137
-0.615032	-0.710753
0.503934	0.0709647
1.15576	0.361039
-0.940944	0.431266
0.427888	0.164949
-0.104436	-0.0337942
0.275796	-0.442122
3.46974	0.527825
-0.213073	0.119666
-0.647623	-0.736567
0.156294	0.309518
3.17642	0.818306
-0.897489	-0.456292
-0.2348	0.406701
0.710345	0.39075
0.84071	0.426219
-0.962671	-1.08389
-0.0609805	-0.260319
0.232341	-0.4914
-0.93008	-0.940109
0.0585207	0.592786
-0.0609805	-0.539211
1.44908	0.68393
0.0259294	-0.0707398
-0.658487	-0.247382
-0.0718443	0.307013
0.57998	0.249387
-0.908353	-0.794901
0.590844	0.199968
-0.625895	0.0899895
-0.430348	0.191043
1.17749	0.599516
0.645163	0.35961
-0.0175256	0.169736
-0.452075	0.487953
1.42735	0.0745872
-0.462939	0.376459
-0.32171	0.182015
-0.625895	-0.285903
-0.875761	-0.091623
1.43822	0.401445
-0.538985	-0.316771
0.145431	0.272159
-0.462939	0.307898
-0.376029	-0.425589
0.0802482	0.502269
-0.571577	0.0739939
-0.137027	0.261669
0.243204	0.382713
0.471343	-0.213034
-0.625895	-0.702456
0.340978	-0.286338
0.851574	0.514959
-0.636759	0.118454
-0.973535	-1.0261
0.829847	0.580434
-0.191345	0.236705
-0.84317	-0.379671
-0.66935	0.0852205
0.0693844	0.186723
-0.799715	-0.528173
-0.799715	-1.68988
-0.734533	-1.26796
-0.571577	0.461226
-0.919216	-0.255986
-0.039253	0.201501
-0.93008	-0.418099
-0.0609805	0.404883
-0.462939	-0.532165
0.112839	0.337477
1.12317	0.772429
-0.517258	-0.410388
0.732073	-0.0857792
-0.919216	-1.19184
-0.267392	-0.582229
0.992803	0.476396
-0.701942	0.552146
-0.951808	-0.509224
1.27526	0.280157
3.1221	0.190192
0.123703	0.285434
-0.821443	-0.405366
-0.32171	-0.993545
0.699482	0.330372
0.264932	0.253357
-0.538985	0.186301
-0.40862	0.241334
-0.919216	-0.344477
0.536525	0.337363
-0.386893	-0.101006
0.601708	0.239591
-0.528122	0.108712
-0.886625	-0.512223
-0.180482	0.366566
-0.397757	0.125486
-0.571577	-0.113165
1.61204	0.404604
-0.625895	0.311372
-0.2348	-0.200089
-0.636759	-0.133217
0.308387	-0.443837
-0.2348	-1.12105
2.28559	0.181603
-0.289119	-0.0421332
1.25353	0.325322
0.699482	0.260308
-0.93008	-0.155883
1.72067	0.251518
-0.908353	-0.711899
0.330114	0.406923
-0.897489	-0.161663
-0.886625	-0.991204
2.81791	0.316756
-0.082708	0.00585069
-0.473803	-0.0297064
0.243204	0.425402
0.66689	0.4462
-0.810579	0.442286
-0.691078	0.546576
-0.84317	-0.343635
0.503934	0.339217
0.0802482	0.236953
0.514798	0.239813
1.5034	0.468088
2.68755	0.452368
-0.506394	0.141614
-0.299983	0.560837
-0.864898	-0.945242
0.514798	0.70784
-0.289119	-0.0521228
1.65549	0.265612
-0.919216	-0.174541
0.0911119	0.599524
0.742937	0.148737
-0.864898	-0.391838
-0.875761	-0.180325
2.51373	0.248484
-0.0935718	-0.388006
0.297523	0.283591
-0.169618	-0.126996
0.449616	0.306774
0.0476569	-0.092071
-0.832306	0.577232
-0.810579	-0.434961
0.471343	0.406944
-0.886625	-0.570593
-0.376029	0.519766
-0.691078	0.0676463
0.308387	-0.0993238
-0.647623	0.133724
0.0476569	0.283537
0.0911119	0.0329329
-0.615032	0.0779289
-0.951808	-0.634692
1.15576	0.558931
-0.538985	-0.556679
-0.104436	-0.0692696
-0.875761	-0.579335
-0.267392	0.400737
0.66689	0.144196
-0.951808	-0.575465
2.48114	0.344834
0.0259294	-0.254663
-0.473803	0.0392134
-0.984399	0.446874
-0.430348	0.0576837
-0.767124	-0.74438
-0.712805	0.147523
-0.115299	0.213316
-0.919216	0.451829
-0.604168	0.435553
-0.267392	0.0773769
-0.93008	-1.51892
-0.66935	-1.47749
-0.0283893	-0.065025
0.308387	-0.49692
-1.00613	-0.978137
-0.223937	0.28967
-0.625895	-0.449258
0.254068	0.0631622
1.77499	0.326319
0.384433	0.494061
-0.810579	-0.451533
0.340978	0.448936
-0.386893	0.210631
0.319251	0.271153
0.569117	0.314585
0.471343	0.378226
-0.137027	0.390419
-0.528122	0.115163
-0.310847	0.175646
-0.365165	0.0515448
-0.821443	-0.341697
-0.951808	-0.0970822
0.254068	0.296563
1.87277	0.360011
1.21008	-0.127075
-0.799715	-0.50755
-0.712805	0.474161
0.0367932	-0.577823
-0.767124	-0.278394
1.37303	0.370785
0.775528	-0.312338
-0.734533	0.563361
0.384433	0.0146442
-0.973535	-1.58213
-0.734533	-0.617483
-0.0283893	0.14548
-0.158754	0.16551
-0.354302	0.0400453
0.49307	0.510808
-0.75626	-0.314387
-0.180482	0.632958
0.0150657	0.54598
-0.082708	-0.152495
-0.14789	-0.0442661
-0.995263	-0.534683
2.14436	-0.146105
-0.441212	-0.615968
-0.14789	0.329064
-0.452075	-0.506206
-0.93008	-0.467992
0.286659	-0.18361
-0.93008	-0.658158
-0.821443	-0.222809
-0.745396	-0.242591
0.264932	0.429028
-0.191345	0.502619
0.905893	0.309526
-0.158754	0.171395
1.47081	0.431503
0.264932	0.207482
-0.799715	-0.485207
-1.01699	-0.704276
-0.680214	0.14721
2.69841	0.129611
-0.365165	0.418143
0.0367932	0.149293
0.167158	-0.240306
-0.191345	0.124668
-0.256528	-0.143216
-0.223937	0.415762
2.40509	0.226104
3.35024	0.428348
0.0476569	-0.0751783
0.384433	0.584304
-1.01699	-0.162445
0.57998	0.390711
1.10144	-0.499102
-0.40862	0.164893
-0.549849	0.451772
1.44908	0.755994
0.623435	0.327109
-0.875761	0.552838
-0.734533	0.439522
0.656027	-0.527982
-0.875761	-0.0912263
0.0367932	-0.100284
0.199749	0.182783
0.427888	0.350042
2.74187	0.482435
0.449616	0.36594
-0.00666181	-0.577595
-0.332574	0.241112
-0.452075	-0.111711
-0.75626	-0.541179
-0.354302	0.432187
-0.604168	-0.0735908
-0.14789	0.0700667
-0.777988	-0.382263
-0.430348	-1.49199
-0.919216	-0.52641
-0.854034	-0.498033
-0.908353	-0.360357
-0.75626	-0.0817614
-0.528122	0.141217
-0.995263	-0.713199
0.351842	0.367346
-0.0501168	-0.0208422
-0.473803	0.316707
-0.604168	0.427708
-0.202209	0.145138
-0.680214	-0.166341
1.91622	0.223447
-0.169618	-0.302423
-0.473803	-0.2104
0.199749	-0.383973
-0.75626	0.0217023
-0.538985	-1.64802
-0.875761	-0.402914
0.84071	0.425915
0.178022	-0.0316571
-0.517258	0.407894
-0.951808	-0.427621
0.178022	0.266007
-0.854034	0.16977
-0.191345	0.0730407
-0.951808	-0.74781
-0.788851	-0.494155
0.373569	0.503341
-0.810579	-0.303188
0.101976	0.14937
-0.886625	-1.03185
-0.191345	0.208797
-0.126163	0.319497
0.503934	0.363501
0.0802482	0.0333901
1.04712	0.376063
-0.680214	-0.454986
-0.962671	-0.973565
-0.571577	0.0688139
3.08951	0.476807
-0.821443	-0.960504
-0.0935718	0.0852607
1.18835	-0.223469
0.645163	0.272533
-0.745396	0.133109
-0.376029	0.604715
1.63376	0.126334
1.22094	0.188589
1.34044	0.435873
-0.886625	-0.535494
-0.538985	-0.826502
-0.951808	0.239485
1.22094	0.393205
1.77499	0.449974
-0.93008	-0.613865
-0.40862	0.344233
-0.962671	-0.997899
-0.571577	0.215393
1.68808	0.423151
-0.126163	-0.0927279
0.101976	0.312732
0.351842	-0.352629
0.829847	0.18325
-0.951808	-0.557482
0.503934	-0.237196
1.22094	0.316214
-0.419484	0.49463
-0.528122	-0.586601
-0.202209	0.492256
1.12317	0.053002
0.0693844	-0.158045
-0.767124	0.442487
0.938484	-0.0159807
1.32958	0.226986
-0.908353	0.000978215
1.05799	0.412506
-0.2348	-0.0702703
-0.897489	-0.821583
-0.962671	-0.79536
2.30732	0.0877105
0.00420194	0.331104
-0.701942	0.287606
0.00420194	0.125253
-0.984399	-0.118429
0.427888	0.270173
-0.864898	-0.356745
0.558253	0.627216
0.710345	0.511088
-0.571577	0.352405
-0.864898	0.416282
-0.615032	0.438038
-0.158754	0.295947
-0.310847	0.308022
0.243204	0.275781
-0.32171	0.391787
0.525662	0.216177
-0.767124	0.0177931
-0.0935718	0.328592
-0.452075	0.408334
3.20901	0.532176
0.873302	0.190586
-0.462939	-0.165426
0.210613	-0.320437
-0.984399	-0.627515
0.612572	0.546712
-0.93008	-0.179226
-0.615032	-0.0655747
0.905893	0.619887
0.101976	0.194918
-0.430348	0.357481
-0.886625	0.153158
-0.810579	0.000436828
-0.310847	0.554155
-0.386893	-0.243057
-0.202209	0.0955897
3.67615	0.77541
-0.658487	0.576338
0.254068	0.00124646
1.39476	0.474876
-0.734533	-0.368984
0.808119	0.0891389
-0.951808	-0.417336
0.0367932	0.316801
-0.137027	-0.380783
-0.0718443	-0.487464
-0.777988	0.153104
-0.767124	-0.208108
1.04712	0.536092
0.362706	0.369056
-0.169618	-0.307707
0.275796	0.314511
-0.788851	-0.0236272
-0.32171	0.0694246
-0.788851	-0.530719
-0.245664	0.191328
0.0911119	0.489312
-0.962671	-1.2864
-0.452075	-0.229876
-0.039253	0.439914
2.38336	0.272843
-0.886625	-0.511032
-0.354302	-0.324922
0.167158	-0.108198
-0.691078	-0.881987
-0.528122	-0.327548
-0.0283893	0.462072
-0.712805	-0.264798
-0.213073	-0.151402
-0.680214	-0.0355552
-0.223937	-0.089964
2.05745	0.390771
-0.84317	-0.0942828
-0.299983	-0.202703
-0.0283893	0.291722
-1.00613	-1.0365
-0.452075	-0.0855003
3.68701	0.717644
-0.0609805	0.00830239
-0.158754	0.264303
-0.169618	0.192675
-0.886625	-0.8595
-0.625895	0.165981
3.80651	0.644729
3.23073	0.766518
-0.0175256	0.232192
-0.126163	-0.68822
-0.202209	0.317595
-0.636759	0.237022
-0.810579	0.322887
-0.245664	0.41766
-0.84317	-0.562109
0.536525	-0.475728
-0.462939	0.104653
-0.082708	0.0881371
-0.897489	-0.763969
0.0693844	0.349711
-0.256528	-0.389317
-0.951808	-1.51452
-0.397757	0.189344
-0.082708	0.230887
0.525662	0.287424
-0.886625	-0.0064486
-0.908353	-0.647669
-0.571577	0.025177
-0.832306	0.173186
-1.00613	-1.1535
-0.745396	0.425892
-0.419484	0.438271
-0.604168	0.283206
-0.745396	-1.22903
0.764664	-0.208702
-0.712805	-0.263969
1.55772	0.438897
-0.886625	0.0591603
-0.310847	0.0597891
-0.0175256	0.00159622
-0.962671	0.248214
-0.0609805	0.11917
0.0911119	-0.0979186
0.525662	0.0671909
0.623435	0.683699
-0.908353	-0.774224
0.0802482	0.401501
-1.02785	-0.650934
-0.376029	-0.871682
0.0911119	0.396202
0.775528	0.632431
-0.691078	-0.726716
-0.430348	0.29778
-0.886625	0.420066
0.775528	-0.319279
0.829847	0.556458
-0.354302	0.505749
-0.484667	-0.0746862
1.68808	0.497099
-0.962671	-0.629432
-0.886625	-0.734761
-0.777988	0.390734
-0.169618	-0.311748
2.67668	0.592189
-0.777988	-0.156603
-0.919216	-0.897787
-0.310847	0.347053
-0.0609805	0.0717623
0.362706	0.607841
-0.299983	0.840145
-0.2348	0.234095
-0.886625	-0.205035
-0.647623	-0.0517264
0.710345	0.411526
-0.723669	-0.559944
-0.647623	-0.882414
-0.832306	-0.906553
-0.223937	-0.491765
0.406161	0.0570886
-0.0283893	0.426351
-0.484667	0.673238
-0.560713	0.429448
-0.0501168	0.511611
-0.0175256	-0.241565
8.55397	0.797614
0.471343	0.394322
-0.256528	-0.141798
-0.40862	0.148125
-0.462939	0.532458
-0.908353	0.45618
1.06885	0.808329
-0.517258	0.0313274
0.0693844	0.418885
0.0802482	0.3038
0.123703	-0.0672681
-0.473803	0.419164
0.221477	0.30341
-0.962671	-0.833988
0.232341	-0.0501303
-0.973535	-0.882367
-0.864898	0.0198257
0.764664	0.634424
-0.245664	0.207944
1.04712	0.322421
-0.875761	-0.598753
-0.528122	-0.316046
-0.354302	-0.180845
-0.919216	-0.992305
-0.864898	-0.60378
-0.397757	-0.181118
-0.886625	-0.243387
1.15576	0.726793
-0.712805	-1.08727
-0.636759	-1.4152
0.49307	0.435699
1.10144	0.6835
-0.571577	-0.0964294
-0.560713	-0.0187914
-0.984399	0.320551
-0.973535	-0.0615708
1.81845	0.397894
0.764664	0.0640643
-0.723669	0.0282985
0.308387	0.496148
1.07971	0.0624881
-0.202209	0.619604
-0.951808	0.459848
-0.897489	-0.777562
1.51426	0.426266
-0.897489	-0.148641
3.11123	0.635771
-0.126163	-0.762757
-0.886625	-0.216847
-0.571577	-0.278936
-0.0718443	0.0521034
-0.788851	-0.387184
0.460479	0.312408
-0.549849	-0.444207
-0.940944	-0.735578
-0.821443	0.40798
0.808119	0.0697918
-0.386893	0.561961
0.221477	0.268508
-0.93008	-0.645112
-0.158754	-0.0674498
-0.75626	-0.254523
-0.973535	-0.843267
-0.864898	0.21809
0.525662	0.458574
-0.821443	0.00844614
-0.180482	0.257773
-0.995263	0.380094
0.449616	-0.503667
-0.767124	-0.346653
-0.940944	-0.271221
0.123703	-0.656669
-0.484667	-0.672783
0.829847	0.11658
0.558253	0.0815813
1.95968	0.318641
-0.343438	0.590325
1.60117	-0.284951
-0.951808	-0.760149
2.16609	0.24156
0.178022	-0.983834
0.656027	0.308964
2.44854	0.43144
-0.213073	0.381587
-0.58244	-0.132734
-0.2348	-0.10647
-0.875761	0.126161
1.01453	0.506189
2.55718	0.662403
-0.940944	-0.777632
-0.962671	0.28519
-0.604168	0.129483
-0.919216	-0.44177
0.884165	0.297857
-0.734533	0.137452
3.15469	0.42519
-0.788851	-0.762656
-0.506394	-0.589999
1.02539	0.219387
0.66689	0.362207
-0.343438	0.292913
0.981939	0.323665
-0.202209	0.335147
-0.180482	-0.730743
0.0802482	0.4468
-0.875761	-0.3182
0.0150657	0.384186
-0.310847	0.410404
-1.00613	-0.388825
-0.962671	-0.477689
-0.951808	-0.484318
-0.376029	-0.462199
-0.625895	0.0282113
-0.126163	0.0983893
-0.289119	-0.562839
-0.984399	-0.879977
-0.658487	-0.624718
-0.940944	-0.939799
-0.0609805	-0.599108
0.101976	0.2917
-0.571577	-0.159032
2.01399	0.119555
-0.0283893	0.349589
-0.517258	0.386549
2.48114	0.0296357
-0.310847	-0.703695
-0.897489	-0.38331
3.69788	0.464565
1.07971	0.29983
0.00420194	-0.0209185
-0.636759	-0.106704
0.471343	0.185412
-0.430348	0.0279364
-0.104436	0.153142
-0.93008	-0.0805717
-0.940944	-0.471165
-0.484667	-0.118691
-0.799715	0.0163873
-0.864898	0.22529
-0.484667	0.049565
-0.712805	0.2893
-0.126163	0.223974
0.460479	0.469362
0.688618	-0.026929
0.0150657	-0.15889
0.0150657	0.190381
-0.919216	-0.631279
-0.560713	-0.133408
-0.940944	-0.483808
-0.777988	-0.204824
0.308387	0.449865
-0.810579	0.61187
0.57998	0.156372
-0.137027	0.0725789
-0.430348	0.45251
0.503934	-0.312177
-0.180482	0.220281
-0.604168	0.401617
0.699482	0.0522634
1.63376	0.300607
-0.897489	-1.13763
0.112839	0.475362
-0.940944	-0.155848
0.340978	0.292821
0.884165	0.110759
-0.397757	0.409872
-0.680214	-0.531004
0.123703	-0.397056
-0.245664	-0.174643
0.84071	0.428064
-0.832306	-0.502072
-0.462939	0.42009
-0.680214	-0.099349
-0.604168	-0.553647
-0.104436	0.395317
0.645163	-0.00505892
-0.604168	-0.0569329
-0.919216	0.427585
-0.799715	0.40487
-0.126163	0.0422127
0.0150657	0.385319
-0.951808	-1.12387
0.699482	0.368199
0.112839	0.0603627
0.199749	0.218131
-0.419484	-1.02415
-0.712805	-0.312514
-0.365165	-0.0998258
-0.452075	0.256232
-0.66935	-0.441249
-0.84317	-0.209116
0.167158	-0.471994
-0.430348	0.234856
-0.082708	0.433119
-0.810579	0.324836
1.18835	0.419962
2.6115	0.633397
-0.875761	-0.0286743
0.362706	0.631555
0.156294	0.273033
-0.191345	-0.0497483
0.482207	0.406665
-0.604168	-0.0509594
-0.343438	0.391654
1.82931	0.363056
0.49307	0.401758
-0.332574	0.370343
-0.973535	-0.0015501
2.20954	0.100341
-0.832306	-0.365628
-0.973535	0.353294
-0.810579	-0.172955
-0.245664	-0.131694
1.54685	0.226582
2.33991	0.41787
0.156294	0.128769
-0.58244	0.373832
-0.0175256	0.546752
0.0802482	-0.691603
0.221477	-0.0912065
-1.02785	-0.355226
-0.962671	-0.863233
-0.767124	-0.0297248
0.764664	0.27327
0.308387	-0.0322522
-0.940944	-0.397557
0.275796	0.147617
1.37303	0.677401
-0.767124	-0.0901861
-0.777988	0.243075
-0.376029	0.46767
0.178022	-0.313072
2.14436	0.576618
-0.365165	0.432057
-0.854034	-0.555453
-0.767124	-0.485423
-0.137027	0.299645
-0.647623	0.269575
0.297523	0.471123
-0.647623	-1.29043
0.449616	0.142021
1.35131	0.00922409
-0.864898	-1.28202
2.07918	0.447237
-0.289119	0.27063
-0.354302	0.37496
2.90482	0.477177
0.775528	-0.046747
1.87277	0.0977554
1.00367	0.492535
-0.821443	0.192409
1.27526	0.492073
-0.039253	0.0595895
0.49307	0.1429
6.87009	0.760936
-0.940944	-0.582307
-0.506394	-0.480074
-0.462939	0.386621
-0.462939	0.305809
-0.636759	0.385757
0.57998	0.0658681
0.254068	0.226698
-0.93008	0.109185
-0.919216	-0.40172
-0.332574	-0.2634
0.427888	0.281975
0.503934	0.0949484
-0.0175256	0.238493
0.243204	-0.0572115
-0.560713	0.435588
-0.886625	-0.109441
-0.506394	0.0934331
0.525662	0.352031
7.72832	0.663005
-0.126163	-0.266407
-0.701942	-0.216552
-0.658487	-0.644406
0.971075	0.338151
0.297523	-0.236251
0.677754	0.461174
-0.864898	-0.169084
-0.310847	-0.44915
0.188886	0.393901
0.167158	0.370696
0.351842	0.173193
0.786392	0.532828
-0.158754	-0.627072
-0.864898	-0.0825945
-0.962671	-0.665414
-0.213073	-0.0483955
0.590844	0.0426329
1.27526	0.238223
0.601708	0.404156
-0.376029	-0.122595
-0.875761	-0.549398
0.199749	0.862197
1.48167	0.730471
-0.701942	0.311126
0.590844	0.350743
-0.180482	-0.174896
-0.180482	0.695974
-0.58244	0.281278
-0.549849	-0.15804
0.384433	-0.269574
-0.256528	-0.208817
0.884165	0.563518
0.732073	0.51368
0.438752	0.467541
-0.886625	0.0922358
0.264932	0.138152
-0.734533	0.143356
-0.560713	0.775027
-0.821443	-0.254222
-0.973535	0.225628
0.0367932	0.0146003
-0.897489	-1.36597
0.264932	0.695655
-0.962671	-0.79278
0.406161	0.516268
-0.75626	-0.194489
1.39476	0.331148
0.112839	0.212634
1.57945	0.376659
-0.0283893	0.181634
-0.386893	-0.793974
-0.810579	-0.344485
-0.962671	-0.205947
-0.332574	-0.608051
-0.126163	0.399045
-0.354302	0.385292
-0.223937	0.475119
-0.506394	-0.781384
1.41649	0.737039
-0.0501168	0.293402
-0.84317	-0.94868
-0.245664	0.284234
-0.767124	-0.167272
-0.691078	0.0837254
3.21987	0.76399
-0.951808	-1.04198
-0.310847	0.332388
3.17642	0.349187
-0.832306	0.520008
-0.75626	-0.453101
1.9814	0.372469
-0.951808	-0.444314
-0.082708	0.524129
-0.636759	0.260373
-0.84317	-0.463788
0.232341	-0.0520086
-0.0501168	-0.931184
1.42735	-0.346885
0.732073	0.24337
-0.84317	-0.50202
-0.897489	0.0111557
-0.691078	0.37122
-0.332574	-0.394679
-0.604168	0.568178
2.44854	0.605329
-0.32171	-0.0422279
-0.951808	-0.370396
-1.02785	0.26398
-0.854034	-0.113949
-0.973535	-0.238047
1.21008	0.0153685
0.427888	0.725205
0.503934	0.472625
-0.0283893	0.613047
-0.799715	-0.0344313
-0.962671	-0.689373
-0.897489	-0.0314365
-0.84317	-0.374275
-0.777988	-0.17255
-0.158754	-0.738693
0.0367932	0.467651
-0.104436	-0.636911
-0.712805	-0.427282
-0.376029	0.293839
0.340978	0.243743
0.330114	-0.129395
0.449616	0.418439
-0.951808	-0.578351
0.0150657	0.432727
-0.419484	-0.484551
-0.0175256	-0.142882
-0.84317	-0.0600733
-0.821443	0.152521
0.0693844	0.144957
-0.767124	-0.511439
-0.397757	0.248921
-0.723669	0.321954
-0.0283893	0.265068
-0.14789	0.3095
0.395297	-0.244159
-0.799715	0.222078
-0.289119	0.262757
0.178022	-0.365397
0.742937	0.463998
0.123703	0.173707
-0.962671	-0.11719
-0.104436	0.280242
-1.01699	0.449737
-0.658487	-0.896706
-0.701942	0.163959
-0.810579	-1.00351
-0.897489	-0.182627
-0.940944	-0.427088
-0.821443	0.300427
0.0476569	0.147784
0.0911119	0.69713
-0.213073	0.390568
-0.517258	0.26815
4.06724	0.406732
0.590844	-0.198615
-0.299983	0.0606055
-0.169618	-0.0383088
-0.549849	-0.625166
0.449616	0.324444
0.0367932	0.0608274
-0.14789	-0.137002
-0.549849	0.128565
1.16662	0.320472
0.362706	0.0835408
-0.636759	-0.852706
0.275796	0.456941
-0.354302	-0.355448
-0.169618	-0.112463
-0.571577	-0.203558
0.460479	0.468108
0.482207	0.420308
-0.712805	-1.0328
-0.40862	-0.134821
-0.875761	-0.409597
0.732073	0.321611
-0.0609805	-0.196915
0.123703	-0.452207
-0.2348	0.14491
-0.701942	-0.640273
1.10144	0.388898
-0.430348	0.189114
1.06885	0.472694
-0.40862	-0.327991
2.33991	0.298822
-1.01699	-0.284491
-0.549849	0.0412971
1.30785	-0.130822
-0.647623	-0.666978
-0.039253	0.360863
0.330114	0.39284
0.0585207	0.729714
-0.289119	0.50606
-0.506394	-0.983517
0.786392	0.593477
-0.66935	-0.174993
-0.75626	-0.432102
2.00313	0.222248
2.01399	0.402395
-0.278255	0.298681
1.51426	0.495549
-0.777988	0.0531273
1.85104	-0.0616773
0.199749	0.00830248
0.0693844	0.416931
-0.908353	-0.438222
-0.734533	0.372542
-0.0718443	0.123085
1.03626	-0.210216
-0.962671	-1.09841
-0.223937	-0.118146
-0.84317	0.263222
0.167158	0.294124
-0.745396	-0.532296
-0.93008	-0.769227
1.12317	0.200053
1.51426	0.434479
-0.788851	-0.596235
0.634299	0.156988
3.66528	0.0349874
-0.14789	-0.131052
-0.940944	-0.683146
-0.908353	-1.18323
-0.256528	0.327271
-0.571577	0.171834
-0.278255	0.558725
0.417024	0.500454
0.286659	-0.150998
-0.995263	0.427315
2.43768	0.144231
-0.84317	-1.00928
-0.886625	-0.53137
-1.01699	-0.642157
-0.723669	-0.269796
0.732073	0.226843
1.8619	0.420779
-0.354302	0.173434
-0.66935	-0.478316
-0.180482	0.1055
0.188886	0.1278
0.0476569	0.463896
-0.691078	-0.528948
2.23127	0.857849
-0.517258	0.037585
-0.267392	0.0128815
-0.875761	-0.57083
1.1449	0.651445
-0.919216	0.0578349
-0.441212	-0.68239
-0.354302	-0.33827
-0.908353	0.341237
2.86137	0.441722
-0.169618	0.463106
-0.84317	0.0853982
0.308387	0.255605
-0.256528	0.301934
-0.213073	0.416024
0.101976	-0.438207
-0.821443	-0.53164
3.65442	0.462457
0.0259294	0.146588
-0.58244	-0.375467
-0.777988	0.305879
0.645163	0.724753
-0.680214	-0.560748
-0.538985	0.251798
0.112839	0.406087
-0.832306	-0.157236
0.275796	0.684181
3.65442	-0.036015
-0.0718443	-0.0727733
0.167158	0.0288355
-0.777988	-0.277727
-0.625895	0.148042
2.09004	0.576596
1.79672	0.429438
-0.0283893	0.229304
1.19921	0.270725
-0.636759	0.171031
-0.213073	-0.351819
-0.256528	-0.28435
-0.93008	-0.0325346
-0.40862	0.518505
-0.0283893	0.475992
0.503934	0.299804
0.688618	0.528586
0.732073	-0.251786
-0.919216	-0.982553
0.0911119	0.701077
0.0150657	0.00695793
0.188886	-0.131954
-0.343438	-0.187194
-0.767124	0.387915
-0.658487	0.0501994
-1.00613	-0.14136
-0.549849	-0.657882
0.949348	0.35364
1.48167	0.554265
-0.039253	0.0227057
-0.66935	0.111151
-0.115299	0.767952
-0.615032	-0.713942
-0.517258	0.2161
-0.082708	0.237348
1.2644	0.678102
-0.701942	-0.339935
0.536525	0.512059
-0.93008	-0.508903
-0.864898	-1.33846
0.178022	0.473952
0.156294	0.1339
0.0367932	0.37152
-0.84317	-0.251949
-0.354302	-0.437089
-0.625895	-0.963011
-0.256528	0.305383
1.25353	0.217125
-0.658487	-1.30561
-0.528122	-1.43417
0.688618	0.576272
1.02539	0.533497
1.39476	0.821241
-0.897489	-0.158149
0.123703	0.0363601
-0.604168	0.147682
1.7424	0.457666
-0.875761	-0.485745
-0.951808	-0.702319
1.3839	0.66344
-0.604168	-0.457707
-0.647623	-0.329871
-0.528122	-0.276969
-0.419484	-0.279073
0.0585207	0.352365
0.0911119	-0.206593
-0.951808	-0.851943
-0.886625	0.354099
1.6229	0.6325
-0.365165	0.37176
-0.593304	0.493181
0.0476569	0.244145
-0.593304	-0.00864385
0.742937	0.428116
-0.202209	-0.144644
-0.864898	-0.249253
-0.788851	0.10421
-0.854034	-0.213394
-0.745396	-0.777416
-0.636759	0.137339
-0.908353	-1.37452
-0.658487	-0.414964
0.395297	0.3622
-0.158754	0.135243
-0.0501168	-0.113455
2.68755	0.32848
0.0693844	0.0861449
0.188886	0.48475
0.427888	0.24424
-0.854034	0.0161219
0.862438	0.731792
-0.180482	0.168589
0.112839	-0.0436003
0.732073	0.256423
-0.919216	-0.719811
-0.84317	-1.33677
-0.84317	0.207513
-0.354302	0.34055
2.03572	-0.284373
-0.951808	-0.104804
-0.897489	-0.534827
0.123703	-0.00847726
-0.658487	-0.609751
-1.01699	-1.77454
-0.365165	-0.942434
1.93795	0.470893
0.199749	0.0330273
-0.40862	-0.0825705
1.66635	0.148
0.764664	0.556768
1.23181	0.429347
-0.854034	0.279094
-0.202209	0.401493
-0.658487	-0.58493
-0.897489	-0.175374
-0.560713	-0.02178
-0.712805	-0.519203
3.94774	0.750778
-0.354302	0.618293
-0.452075	-0.400649
0.254068	0.285458
-0.452075	0.457343
-0.0175256	0.144703
1.2644	0.71698
0.449616	0.267155
2.62236	0.551225
-0.256528	0.564985
0.330114	0.0668463
1.75326	0.484856
-0.58244	0.026622
-0.745396	0.477849
0.351842	0.472945
-0.647623	0.46928
-0.115299	-0.748273
-0.951808	-0.518487
-0.962671	-0.844119
-0.2348	0.0628677
-0.940944	-0.936793
-0.93008	-0.35061
-0.832306	0.00655172
-0.864898	-0.468027
-0.386893	0.491474
-0.908353	-1.04321
0.797255	0.286956
0.699482	0.3514
0.471343	0.451294
-0.658487	-0.676089
-0.604168	0.0978546
-0.777988	-0.167086
-0.506394	0.03145
0.0367932	0.403533
0.949348	0.47216
-0.0283893	0.376952
-0.0175256	0.0238864
-0.66935	-1.4343
0.134567	0.0231801
-0.58244	0.227634
-0.636759	-0.0935347
1.68808	0.507694
1.00367	-0.105077
4.19761	0.122062
0.547389	-0.474267
-0.223937	-0.18302
0.590844	-0.072913
-0.712805	0.0220076
-0.777988	-0.133525
-0.517258	-0.103563
0.960212	0.409634
0.438752	0.307885
0.0259294	-0.426038
2.82878	0.682665
0.254068	-0.336024
-0.278255	0.202272
0.123703	0.488245
-0.658487	0.224678
1.22094	0.317124
-0.734533	-0.242093
-0.615032	-0.251145
-0.810579	-0.596987
-0.897489	0.00969128
-0.84317	-0.913699
0.123703	-0.294556
-0.951808	-0.595586
-0.962671	-0.356685
-0.484667	0.440494
0.254068	0.700273
-0.788851	-0.417696
-0.886625	-1.02292
-0.701942	0.208878
-1.00613	-0.559496
0.742937	0.288283
0.134567	0.332284
-0.528122	0.0985177
-0.908353	0.305445
0.427888	-0.0451219
2.01399	0.254676
-0.940944	-0.350249
-0.115299	0.454834
-0.940944	-1.2993
0.101976	0.388645
-0.647623	0.191625
-1.00613	-0.368274
-0.419484	0.525339
-0.506394	-0.336322
0.460479	0.410826
-0.278255	0.292747
-0.973535	-0.10191
-0.75626	0.47633
1.16662	0.414763
-0.2348	-0.0169112
0.232341	0.232623
0.92762	0.478545
-0.549849	-0.0785771
-0.799715	0.370229
-0.799715	0.272177
-0.962671	0.0936595
-0.604168	-0.644714
-0.386893	0.43348
1.35131	0.567142
-0.354302	-0.581839
-0.680214	0.00352879
0.960212	-0.43624
-0.58244	-0.547169
-0.49553	0.12881
-0.897489	-0.482756
0.0259294	-0.405814
-0.84317	0.334432
-0.712805	-1.51994
0.569117	0.115638
0.0367932	0.407374
1.60117	0.346394
-0.875761	-0.481846
-0.864898	-1.11446
-0.984399	-1.11593
-0.788851	-0.242333
-0.647623	-0.215329
-0.821443	-0.223548
0.438752	0.474555
0.417024	0.0730078
0.797255	0.191209
0.656027	0.27919
-0.397757	-0.212332
-0.84317	-1.00857
-0.93008	0.185514
-0.951808	-0.42862
0.482207	0.462585
-1.02785	-1.43105
0.699482	-0.0504738
-0.973535	-0.73512
-0.58244	-0.313544
-0.104436	0.0437245
-0.32171	-0.937055
-0.636759	0.011379
0.992803	0.345947
-0.354302	0.45698
1.07971	0.669972
-0.397757	0.306781
-0.691078	0.493779
3.40455	0.661074
3.05691	0.385021
-0.571577	0.102602
-0.886625	-0.33752
0.66689	-0.233369
0.330114	0.0210419
-0.908353	0.333201
-0.202209	0.191356
-0.0718443	-0.172827
0.243204	0.425868
-0.180482	0.15897
-0.886625	-0.924031
0.123703	0.471757
-0.430348	-0.84226
-0.810579	0.132722
3.41542	0.529817
0.254068	-0.133066
-0.0175256	0.296259
-0.919216	-0.624109
0.178022	0.233216
-0.137027	0.681384
-0.00666181	0.161445
-0.919216	-0.369644
-0.897489	-0.679334
-0.528122	0.478425
1.22094	0.395911
-0.386893	0.068248
-0.32171	0.358998
-0.886625	0.373842
1.15576	-0.385935
-0.767124	-0.899312
0.710345	-0.28813
-0.191345	0.352783
0.536525	0.38123
-0.821443	-0.227288
-0.354302	0.318014
0.0367932	0.182732
-0.712805	-0.00705366
-0.419484	-0.244398
-0.680214	-1.40218
-0.0501168	0.164221
-0.419484	-0.0458724
-0.32171	0.457762
-0.332574	0.355123
0.949348	0.512976
-0.484667	-0.689021
0.960212	-0.231138
-0.604168	0.314278
0.427888	-0.165688
-0.777988	-0.0974897
2.50286	0.377071
2.75273	0.187618
-0.886625	0.247607
-0.571577	0.386654
-0.832306	0.288205
-0.528122	0.0167101
0.732073	0.516451
0.0259294	-0.00897298
2.48114	-0.179608
-0.680214	-0.172917
-0.430348	-0.0231876
1.45994	-0.14351
3.16555	0.44356
-0.137027	0.309951
0.362706	0.399658
0.460479	0.404101
0.623435	0.190145
1.41649	-0.136149
-0.0935718	0.253343
-0.973535	-0.82016
-0.66935	0.117259
0.971075	0.561388
-0.039253	0.368279
0.482207	-0.557166
-0.169618	0.0870674
-0.332574	-0.412029
-0.310847	0.182656
0.49307	0.405203
-0.419484	0.162022
-0.104436	0.383336
1.10144	0.335879
-0.788851	0.282074
1.85104	0.0640103
-0.213073	0.361303
-0.745396	-0.132834
-0.299983	-0.588311
-0.462939	-0.0720962
-0.832306	0.390306
-0.636759	0.359438
-0.604168	0.404133
-0.278255	-0.788933
-0.919216	0.100696
-0.66935	0.362479
-0.0501168	0.354375
-0.799715	0.321635
-0.473803	0.261578
-0.832306	-0.860231
-0.712805	-0.21371
0.677754	0.0783173
-0.951808	-0.257393
-0.267392	0.354254
-0.908353	-0.255443
-0.462939	0.292819
0.264932	0.186234
0.134567	-0.219796
-1.01699	0.00198172
-0.691078	0.206263
-0.995263	-0.155755
-0.84317	-0.156339
-0.473803	0.115967
-0.560713	-0.0363612
-0.864898	-0.852891
-0.767124	-0.207689
-0.995263	-0.143361
1.81845	0.69813
0.351842	0.512372
-0.940944	-1.75013
0.156294	0.315524
-0.354302	0.237346
-0.788851	-0.425283
0.721209	0.533609
-0.528122	-0.69405
-0.951808	-0.684289
-0.962671	-0.281875
0.460479	-0.399799
-0.082708	0.372786
-0.93008	-0.0609869
-0.701942	0.0607392
-0.158754	0.185404
-0.919216	-0.369669
-0.973535	-0.0316008
-0.701942	-0.140354
0.275796	0.257159
-0.723669	0.307628
-1.03872	0.276821
-0.115299	0.0154828
0.92762	0.280105
1.61204	0.0873549
0.167158	0.580039
-0.734533	0.332015
-0.854034	0.604324
-0.940944	0.324607
2.52459	0.158517
-0.75626	0.124442
1.25353	0.177155
-0.636759	-0.849694
-0.615032	-0.208464
0.558253	0.104545
0.340978	0.435488
0.981939	0.222374
0.623435	-0.0451162
0.895029	0.14973
0.232341	-0.0606164
-0.897489	-0.293024
-0.365165	-0.709857
0.0585207	0.300373
-0.962671	-0.953366
0.503934	0.371171
-0.462939	0.312572
2.35077	0.60878
-0.854034	-0.0580667
-0.908353	-0.453319
-0.245664	-0.11589
-0.354302	0.196533
-0.691078	-0.389344
-0.93008	0.317009
-0.104436	-0.109617
0.829847	0.0522283
1.37303	-0.263116
-0.310847	0.600712
-0.49553	-0.114115
-0.299983	0.129918
-0.32171	0.275852
-0.897489	-0.716177
-0.691078	0.165146
0.362706	-0.0562786
1.12317	0.366979
1.19921	0.166262
0.308387	0.150779
0.406161	0.287404
-0.506394	0.52928
-0.940944	0.50376
-0.452075	0.103405
-0.40862	0.42224
-0.745396	-0.60206
0.210613	0.410553
-0.973535	0.132134
-0.0175256	0.384737
-0.810579	-0.16341
0.286659	0.251101
1.15576	0.523467
0.0802482	0.523632
-0.506394	0.0196971
-0.560713	0.357142
-0.386893	0.106662
-0.767124	0.0945945
-0.223937	-0.00215144
-0.32171	-0.29555
0.351842	-0.0758244
-0.84317	-0.585566
0.319251	0.131059
-0.517258	-0.119139
-0.712805	0.0210247
-0.93008	-0.235895
-0.864898	-0.377684
-0.973535	-1.02524
0.460479	-0.240651
0.330114	0.407182
0.351842	-0.214067
0.829847	0.015604
-0.0935718	0.334525
-0.777988	-1.13252
2.57891	0.247776
2.27472	0.643705
-0.560713	-0.472471
3.28505	0.570345
0.297523	-0.171701
0.156294	0.382837
-0.745396	-0.0404546
-0.32171	0.491435
0.232341	0.404755
0.232341	0.640915
-0.289119	0.359414
-0.93008	-0.236565
0.536525	-0.227383
-0.897489	0.19712
-0.897489	-0.444354
0.503934	0.0610833
0.438752	-0.449504
-0.40862	0.0125564
1.88363	0.182003
0.49307	0.447863
1.63376	0.099693
-0.799715	-0.126831
1.12317	0.0895683
-0.897489	-1.06441
-0.354302	-0.265572
-0.332574	-0.169517
-0.245664	0.209586
0.775528	0.564083
-0.821443	-0.121675
2.63323	0.31937
-0.462939	-0.272483
3.7196	0.523072
-0.854034	-0.0622559
-0.951808	0.113541
0.0693844	0.462457
-0.506394	0.0760197
0.818983	0.264728
-0.864898	0.0972048
0.134567	-0.812098
0.395297	0.477727
-0.158754	-0.152712
2.11177	0.294778
0.656027	0.266799
-0.810579	-0.564182
1.29699	0.44887
2.27472	0.350943
0.264932	0.301648
-0.169618	0.507342
0.0585207	0.236358
-0.158754	0.135719
-0.810579	-0.419876
-1.03872	-0.393981
1.51426	0.735072
1.32958	0.324666
-0.897489	-0.223976
-0.484667	0.629008
2.01399	0.357721
-0.604168	-0.490934
-0.908353	0.0358269
-0.854034	-0.411518
-0.767124	0.472658
-0.799715	0.254034
1.59031	0.310624
-0.126163	-0.182597
-0.886625	-0.47856
-0.919216	0.176986
0.971075	0.784378
-0.788851	-1.16238
0.123703	0.217094
-0.940944	-0.735112
2.253	0.524169
-0.14789	-0.537021
-0.821443	-1.20838
-0.332574	-0.556042
-0.93008	-1.59673
-0.560713	-0.638329
-0.701942	-0.398044
-0.441212	0.342454
0.482207	-0.0398447
1.07971	0.333828
-0.940944	-0.521101
-0.734533	0.0731461
-0.691078	0.39169
0.808119	0.29719
0.417024	-0.323547
0.156294	-0.0536404
-0.49553	0.247478
0.960212	0.360828
2.01399	0.279032
-0.864898	-0.689897
2.04659	0.202897
-0.506394	-0.301124
-0.951808	0.211699
-0.386893	0.35037
-0.365165	-0.165221
0.895029	0.40591
0.0693844	-0.116252
-0.2348	0.277165
-0.223937	0.360966
-0.571577	0.439404
1.79672	0.256513
-0.864898	-0.354846
-0.951808	-0.3898
0.0150657	0.0800146
-0.962671	-0.499468
0.134567	0.596253
-0.691078	-0.330682
-0.647623	-0.363817
0.406161	0.224353
-0.2348	-0.531973
1.81845	0.0604177
-0.712805	-0.103398
-0.169618	-0.364704
-0.864898	0.0743377
0.0367932	0.0327894
-0.180482	0.182976
-0.973535	-0.288986
0.167158	0.370295
-0.615032	0.437362
-0.473803	0.254619
-0.886625	-0.825681
-0.202209	-0.102916
0.362706	0.402925
-0.821443	-1.46127
-0.462939	-0.425579
-0.604168	-0.651323
-0.202209	-0.461151
-0.245664	-0.710303
0.417024	0.406463
-0.691078	-0.219108
-0.897489	-0.352359
0.167158	0.436124
-0.940944	-0.953446
0.254068	0.478903
-0.289119	0.336501
0.362706	0.197117
0.623435	-0.83118
-0.332574	-0.0147139
-0.615032	0.412837
-0.799715	0.368378
-0.115299	-0.0968221
-0.126163	0.247407
0.0476569	-0.398163
-0.962671	-0.834922
-0.571577	-0.436291
-0.810579	-0.0561795
-0.93008	-0.0297157
-0.0283893	0.205165
-0.973535	-0.0406593
0.710345	0.531178
0.775528	0.273956
-0.66935	0.448952
0.134567	0.439395
-0.0175256	0.458906
-0.908353	-0.195204
-0.973535	-0.363799
0.536525	0.337798
-0.625895	0.397558
-0.940944	-1.21625
-0.701942	0.0665808
0.362706	0.49537
-0.919216	-0.654057
0.710345	0.252981
-0.202209	0.146598
2.36163	0.334192
-0.658487	-0.371996
-0.506394	-0.582892
-0.75626	0.291563
-0.2348	-0.0951802
-0.745396	-0.707193
-0.538985	-1.00461
0.482207	0.632818
0.558253	0.166114
0.797255	-0.003041
-0.40862	-0.0131277
-0.951808	-0.426769
-0.745396	-0.00421421
-0.0175256	0.112009
-0.93008	-0.82601
0.00420194	0.214458
-0.962671	-0.580901
0.721209	0.143468
-0.93008	-0.233198
-0.951808	-0.0157148
-0.506394	-0.620207
0.427888	0.471814
-0.745396	-0.206518
-0.93008	-0.610767
-0.039253	0.46285
-0.680214	0.0742994
0.112839	0.223151
-0.864898	-0.507967
-0.267392	0.0917295
0.569117	0.203967
0.167158	0.610507
-0.137027	0.232619
2.69841	0.584696
0.49307	0.180463
-0.365165	0.470098
-0.137027	0.44274
-0.58244	0.387932
-0.973535	0.0887468
-0.734533	-0.412832
-0.462939	0.265546
1.25353	-0.115488
0.330114	0.34496
0.199749	0.33651
0.818983	0.446136
-0.919216	0.0520881
-0.58244	0.160488
0.254068	0.359627
0.199749	0.370192
-0.517258	-0.102614
-1.00613	-1.19572
0.112839	0.181682
-0.169618	-0.195143
-0.213073	0.423916
-0.615032	0.344989
-0.788851	0.441548
0.84071	0.668611
-0.951808	-1.30271
0.0802482	-0.102703
-0.538985	-0.479787
0.340978	-0.335203
-0.745396	-0.147069
1.19921	0.206723
-0.799715	0.40417
0.884165	0.511066
0.362706	-0.204786
-0.571577	-0.559567
-0.908353	0.0993466
-0.484667	-0.124178
-0.951808	-0.193194
0.254068	0.16989
-0.864898	-0.937276
0.0585207	-0.144477
1.29699	0.39902
-0.897489	-0.279619
-0.680214	-0.22941
0.808119	0.302165
-0.821443	-0.378339
-0.169618	0.424703
-0.462939	-0.0806531
-0.625895	-0.0289682
0.66689	-0.0769038
-0.473803	0.24164
-0.354302	-0.639348
-0.452075	-0.474619
0.427888	0.678863
-0.636759	0.0684227
-0.919216	0.185031
-0.897489	-0.744732
-0.506394	0.302873
1.02539	0.353149
-0.0175256	0.403187
-0.180482	0.335266
2.27472	0.241763
-0.180482	0.631718
0.134567	0.207392
0.199749	-0.0167203
-0.593304	-0.0121298
0.254068	-0.0907967
0.710345	0.218634
-0.49553	0.390604
-0.821443	-0.768027
-0.267392	0.49941
-0.0718443	0.216577
-0.940944	-0.819639
-0.908353	0.105747
-0.278255	-0.815839
-0.864898	0.0520405
-0.430348	0.513366
0.569117	0.403605
-0.810579	-0.468158
0.710345	-0.484172
0.0802482	-0.369973
0.0367932	-0.0875263
-0.40862	-0.625584
-0.962671	-1.13863
0.0150657	-0.0158666
0.221477	-0.489999
-0.745396	0.0423181
-0.473803	-0.31176
-0.158754	0.138001
-0.452075	0.409411
-0.680214	0.138385
-0.84317	-0.908197
-0.593304	-0.0404661
-0.0501168	0.112389
-0.75626	0.353257
-0.886625	-1.04108
-0.940944	-0.834502
-0.625895	-0.480578
1.02539	0.182177
-0.213073	0.387024
-0.810579	-0.0546217
-0.93008	-0.613702
0.134567	-0.0725728
-0.734533	-0.328133
-0.875761	-0.547197
-0.137027	-0.0184383
-0.875761	-1.03159
-0.84317	-0.974622
-0.951808	-0.581124
-0.560713	0.428946
-0.191345	-0.168019
2.00313	0.300705
0.0802482	0.579004
0.547389	0.544603
-0.745396	-0.780974
-0.984399	0.268466
-0.00666181	0.369633
0.916757	0.719731
-0.615032	-0.177418
-0.528122	0.350391
-0.701942	-0.7288
-0.712805	0.437535
-0.908353	0.523383
0.340978	0.739883
-0.886625	0.343477
-0.84317	-0.176282
-0.962671	0.155587
-0.93008	-1.14724
0.0476569	0.52481
-0.712805	-1.3406
-0.93008	-0.46469
-0.821443	-0.920598
-0.777988	0.210424
0.482207	0.317523
-0.962671	-0.735903
-0.951808	-0.288967
-0.66935	-0.325329
0.0150657	0.43571
-0.571577	-0.959043
-1.01699	-0.656745
0.732073	0.296057
-0.723669	-0.175657
0.57998	-0.327501
-1.00613	-0.156219
-0.864898	-0.220263
-0.777988	0.47839
-0.701942	-0.408498
-0.908353	-0.801427
-0.528122	-0.0887223
-0.788851	-0.627571
-0.810579	-0.989394
-0.691078	-0.357135
0.84071	0.399953
-0.701942	0.115779
1.59031	-0.0190191
-0.940944	-0.516898
-0.864898	0.0151854
-0.864898	-0.192332
-0.973535	0.0317937
0.960212	-0.0123956
-0.00666181	-0.121753
-0.864898	-0.18726
-0.821443	0.351841
-0.245664	-0.240782
-0.940944	-0.415726
-0.00666181	-0.17667
1.60117	0.256241
-0.517258	-0.295376
-0.397757	0.216163
0.873302	0.234093
-0.484667	-0.166636
-0.0175256	0.173604
0.101976	0.308088
0.482207	0.282868
1.66635	0.337199
-0.940944	-0.488919
-0.886625	-0.857487
-0.473803	0.389598
-0.919216	-0.734394
-0.256528	-0.420032
-0.506394	-1.53571
-0.397757	0.0346729
-0.40862	0.631411
-0.169618	-0.0669696
-0.854034	-0.679707
-0.962671	0.33209
4.3497	0.673561
-0.854034	-0.602842
1.01453	0.35823
0.178022	-0.124712
-0.299983	0.169663
-0.973535	-0.527573
0.471343	0.0487546
0.0585207	0.164636
-0.462939	0.120855
-0.49553	0.208473
1.1123	0.166275
-0.223937	-0.0523144
-0.908353	-0.124177
0.221477	0.0726385
-0.908353	-0.499763
2.24213	0.601482
-0.734533	-0.870196
-0.549849	0.383962
-0.528122	-0.306805
1.32958	0.173728
0.232341	-0.170036
0.145431	0.420549
-0.821443	0.330138
-0.734533	0.130147
-0.517258	0.498961
-0.734533	0.480905
0.210613	0.286319
0.362706	0.593367
-0.788851	-0.196081
-0.821443	-0.77666
-0.49553	-0.708883
-0.2348	0.542831
-0.647623	0.158955
-0.256528	-0.240976
0.351842	0.24913
4.09983	0.635665
3.14382	0.372426
0.460479	0.264074
0.0585207	0.497596
0.0693844	-0.54575
-0.973535	-0.598409
0.384433	-0.217475
-0.549849	0.436162
-0.93008	-0.683024
-0.462939	0.266684
-0.615032	-0.14827
-0.169618	0.38147
-0.538985	-0.260049
-0.462939	0.138125
-0.919216	-0.253338
1.89449	0.594205
2.30732	0.598276
-0.832306	-0.450149
-0.854034	-0.404037
3.19814	0.113005
2.67668	0.577091
0.0150657	0.394056
-0.723669	-0.330811
-0.799715	-0.803026
1.31872	0.806364
-0.680214	0.315124
-0.810579	-0.618548
-0.0501168	0.263418
-0.0283893	-0.508193
-0.0501168	0.157001
-0.462939	0.08844
-0.832306	-0.476222
-0.897489	-0.48178
-0.680214	-0.308513
-0.864898	-0.39923
-0.897489	-0.459064
-0.256528	0.192112
-0.386893	-0.180626
-0.169618	0.435218
-0.821443	-0.500309
-0.202209	0.241026
-0.777988	-0.0450951
-0.658487	0.100188
-0.441212	0.20606
-0.940944	-0.255641
-0.93008	-0.0944629
-0.506394	0.519963
-0.571577	0.0543553
-0.875761	-0.574547
2.01399	0.612904
-0.549849	0.32975
0.00420194	-0.676245
-0.908353	-1.00762
1.12317	0.208065
-0.441212	-0.126234
-0.538985	0.214704
-0.484667	-0.0224374
1.90536	0.466423
0.536525	0.189151
-0.441212	-0.342243
-0.995263	-0.569153
0.938484	-0.0184888
0.818983	0.305784
-0.897489	0.000929652
-0.386893	0.267316
-0.49553	-0.0767843
-0.864898	-1.56838
1.81845	0.329125
-0.376029	-0.227521
-0.951808	-0.592377
-0.223937	0.448801
-0.864898	-1.00882
0.286659	0.509666
0.808119	0.408365
1.37303	0.630562
0.145431	-0.235851
-0.767124	-0.693394
-0.40862	-0.587013
-0.962671	-1.16422
-0.788851	-0.700919
1.66635	0.267583
-0.745396	0.452633
-0.00666181	0.167238
3.81738	0.550551
-0.430348	0.304763
-0.549849	-0.191481
-0.593304	-0.057691
1.1449	0.343348
-0.126163	0.0446689
-0.32171	-0.467731
-0.0283893	0.585136
-0.973535	-1.18918
-0.0283893	0.433867
0.395297	0.589445
-0.886625	-0.267215
2.18781	0.603388
-1.00613	-1.5016
-0.386893	0.53952
-0.767124	-0.953468
-0.854034	-0.240577
0.00420194	0.0296418
-0.919216	-0.0653303
-0.538985	-0.438447
-0.75626	-0.296972
-0.365165	-0.0667404
-1.01699	-0.374714
-0.289119	0.0310346
1.73154	0.285866
-0.00666181	-0.280967
-0.919216	0.05525
-0.93008	-0.466673
0.514798	0.340682
-0.354302	0.201165
-0.940944	0.0626885
-0.897489	-1.19102
-0.0175256	0.283112
-0.821443	0.00424171
0.0367932	0.117164
-0.973535	-0.375776
0.721209	0.314704
2.41595	0.559388
-0.549849	-0.494879
0.590844	0.017938
1.12317	-0.142979
0.590844	0.216035
-0.821443	-0.409619
1.04712	0.508383
-0.354302	0.396968
1.77499	0.383989
-0.897489	-0.596563
-0.777988	0.39122
3.98033	0.438853
0.786392	-0.0279936
-0.940944	-1.18101
-0.462939	0.276274
0.308387	0.489787
-0.821443	0.244539
-0.658487	-0.153791
4.03465	0.600993
0.895029	0.727874
-0.810579	-0.806521
-0.625895	-0.725988
-0.430348	0.498572
-0.908353	-0.242318
0.188886	-0.0937838
-0.886625	-0.355993
-0.66935	0.425544
0.134567	0.825157
-0.462939	-0.129154
-0.734533	-0.708734
-0.267392	-0.644288
-0.951808	-0.14101
1.51426	0.0437864
-0.00666181	-0.106127
-0.32171	-0.1656
-0.93008	-0.929347
-0.854034	-0.916926
-0.484667	0.0228541
0.297523	0.375294
-0.039253	0.304702
-1.00613	-1.05439
0.406161	-0.0623636
1.17749	0.35268
-0.49553	0.282695
-0.93008	0.302723
-0.984399	-1.17012
-0.995263	-0.469486
-0.0283893	-0.53076
-0.799715	-0.45234
1.19921	0.232852
-0.701942	0.201318
-0.2348	0.302837
0.0259294	0.181685
1.81845	0.322006
1.53599	0.316321
-0.875761	-0.573568
-0.484667	-0.109618
-0.32171	-0.124282
-0.419484	0.13699
-1.01699	0.0917117
-0.940944	0.198634
-0.734533	-0.293823
-0.517258	0.23936
-0.376029	0.367708
2.04659	0.513777
-0.506394	-0.120978
-0.984399	-0.675194
-0.810579	-0.485303
-0.386893	0.0866382
0.112839	0.0841205
-0.984399	-1.20862
1.54685	-0.0500085
0.590844	-0.229389
0.471343	0.402536
-0.919216	-0.112878
-0.365165	0.331831
-0.66935	-0.245016
-0.680214	-0.644303
-0.821443	-1.07055
0.558253	0.648701
-0.278255	0.383248
-0.701942	0.458982
-0.886625	0.147524
0.00420194	0.331225
-0.310847	-0.17249
-0.2348	0.108583
0.243204	0.112713
1.3839	0.0705998
-0.767124	0.215984
-0.278255	0.268266
1.85104	0.344057
-0.767124	-0.487692
2.15522	0.25318
0.960212	0.342652
-0.00666181	0.0409291
0.384433	0.486631
-0.995263	-0.529414
-0.886625	0.293095
-0.777988	-1.05392
-0.267392	0.481264
-0.2348	0.193829
-0.66935	0.298318
-0.0175256	-0.280671
-0.223937	0.34595
-0.49553	0.0615537
-0.647623	-0.196981
-0.2348	0.00170066
0.101976	-0.0817119
0.232341	0.295249
1.03626	0.433868
0.49307	0.31063
1.05799	0.2378
-0.908353	-0.470605
0.275796	-0.680307
-0.66935	0.348054
0.49307	0.131517
-0.560713	0.42308
-0.93008	-0.487496
-0.973535	-0.556118
-0.0718443	0.411136
0.0585207	-0.0267571
3.6001	0.305054
-0.571577	0.491849
-0.788851	-0.24369
0.210613	0.122185
-0.799715	0.151421
-0.962671	-0.552251
-0.66935	0.211558
-0.332574	0.48028
-0.919216	-0.391225
0.862438	0.451753
0.818983	0.490761
0.0911119	0.0615922
-0.962671	-0.571683
-0.984399	0.126786
-0.202209	0.509333
0.145431	0.51724
-0.897489	-0.461059
0.0150657	0.255746
1.16662	0.425925
2.17695	0.341233
-0.908353	-1.43672
-0.365165	0.127705
-0.777988	-0.129906
-0.854034	0.110159
-0.528122	-0.366447
0.590844	0.0769163
-0.256528	0.255993
0.938484	0.191182
-0.897489	-0.605335
0.167158	0.0804
-0.84317	-0.622126
-0.00666181	0.191404
0.319251	0.530774
1.57945	-0.345685
-0.0609805	0.361842
-0.528122	0.183219
0.536525	0.169735
3.95861	0.546717
-0.289119	0.087008
-0.767124	0.343808
-0.799715	-0.617742
-0.799715	-0.505136
-0.940944	-0.828521
-0.462939	0.145904
0.66689	0.449624
-0.75626	0.245452
-0.832306	-0.181724
-0.169618	0.0600941
0.558253	0.244706
0.569117	0.439866
-0.354302	-0.523268
-1.03872	-0.22969
1.07971	-0.23768
0.884165	0.415628
-0.799715	0.108407
1.48167	0.287936
1.55772	0.248746
-0.995263	-1.47707
-0.767124	-0.336468
-0.104436	-0.328266
-0.191345	0.406903
2.68755	0.21561
-0.332574	0.239341
0.645163	-0.0193804
0.264932	0.48748
-0.799715	0.375391
0.0585207	0.350208
-0.875761	-0.0497832
-0.995263	-0.741509
-0.854034	0.388426
2.91569	0.440384
-0.821443	0.407797
0.84071	0.069791
-0.984399	-0.380431
-0.636759	-0.826646
-0.636759	0.259696
-0.169618	0.473017
-0.593304	-0.502205
0.818983	0.338959
-0.484667	0.356839
-0.875761	-0.544179
-0.995263	-0.117221
-0.180482	0.195639
0.536525	0.390499
-0.310847	0.421048
-0.376029	0.163265
-0.951808	-0.222624
0.0367932	-0.967515
-0.767124	-0.615609
-0.810579	-0.510648
-0.419484	-0.344998
-0.93008	-0.796654
-0.560713	-0.626814
-0.973535	-0.598037
0.134567	0.372293
3.39369	0.286422
2.75273	0.267741
-0.973535	0.400645
-0.875761	-0.990532
0.308387	-0.480681
-0.940944	-0.621558
-0.886625	-0.0195018
1.15576	0.524262
0.0259294	-0.042282
-0.267392	0.34002
-0.940944	-0.318997
-0.832306	-0.327666
-0.593304	-0.620011
-0.278255	0.507187
1.1123	0.292028
-0.14789	-0.157691
-1.00613	0.130614
1.54685	-0.0557152
0.0476569	-0.139509
-0.419484	0.418125
-0.289119	0.532499
2.62236	0.318441
0.243204	0.245215
-0.75626	-0.482792
-0.104436	-0.541175
-0.93008	-0.209475
-0.376029	0.41251
-0.082708	0.23681
-0.49553	-0.376193
-0.940944	-0.12735
0.590844	0.272227
0.406161	-0.165961
-0.995263	-0.850301
-0.506394	-0.0639924
2.54632	0.320484
1.19921	-0.357696
0.7538	0.554281
-0.940944	-0.448525
-0.886625	0.384425
-0.745396	0.534464
-0.93008	0.0982282
-0.169618	0.104985
1.61204	0.215058
-0.386893	-0.832882
-0.799715	-0.182528
-0.875761	-1.56356
-0.104436	0.32582
-0.680214	0.0339066
0.145431	-0.103583
3.41542	0.461943
-0.365165	-0.248233
1.16662	0.0751036
-0.788851	-0.936182
-0.777988	0.097023
0.275796	0.282261
-0.680214	-0.408111
0.699482	0.352231
0.775528	0.231538
-0.560713	-0.0523158
3.84997	0.554773
1.16662	0.414248
-0.213073	-0.21884
1.8619	-0.155968
-0.571577	0.472181
-0.810579	-0.513094
-0.897489	0.0135724
-0.745396	0.00377018
0.254068	0.458578
1.23181	0.362659
-0.951808	-0.513352
-0.593304	-0.618055
1.68808	0.331326
1.00367	0.363323
2.52459	0.607652
0.482207	0.149259
-0.441212	0.151611
0.873302	0.352083
0.297523	-0.147298
-0.082708	0.570925
2.39423	0.396363
0.688618	0.507654
3.2416	0.644759
0.482207	0.405413
-0.75626	-0.00508438
-0.137027	0.39108
-0.712805	-0.689055
-0.625895	-0.421155
-0.126163	0.200043
2.98087	-0.000615411
-0.951808	0.276433
-0.213073	0.10017
-0.615032	-0.0774571
-0.191345	0.176031
0.0802482	-0.218886
-0.66935	-0.376985
0.482207	0.441726
-0.886625	-0.270399
-0.40862	-0.21469
-0.082708	-0.0898364
1.36217	0.351272
0.0802482	-0.174693
-0.528122	0.434123
0.297523	0.250526
-0.397757	0.118681
0.156294	-0.026152
-0.397757	0.0916646
0.112839	-0.0363668
0.156294	0.451416
0.156294	0.379648
-0.213073	-0.222155
-0.636759	0.29001
0.862438	0.544534
-0.864898	-0.930995
-0.951808	-0.630461
-0.528122	-0.00552094
-0.951808	-0.940504
-0.799715	-0.336973
0.818983	0.431024
-0.517258	0.337364
0.188886	0.415086
2.50286	0.531631
1.6229	0.397763
2.07918	0.34377
3.13296	0.318346
1.22094	0.630002
-0.137027	-0.381529
-0.365165	0.455304
-0.647623	0.479679
0.0259294	0.321694
-0.278255	0.0626886
0.330114	0.274328
0.818983	-0.0525021
0.101976	-0.0750056
-0.919216	0.449143
0.112839	-0.631896
0.514798	0.55553
-0.940944	-0.480348
2.06831	0.381041
1.34044	0.187517
-0.0283893	0.177825
0.905893	0.477847
-0.267392	-0.374988
-0.832306	-0.21437
-0.549849	0.0242818
-0.788851	-0.243233
2.31818	0.638213
0.134567	0.185621
-0.484667	0.0926121
-0.995263	-0.710649
0.818983	0.344613
-0.973535	0.0799833
-0.58244	0.234833
0.286659	0.575275
0.732073	0.335461
-0.973535	-0.491621
-0.821443	0.504133
-0.126163	0.533397
-0.386893	-0.713112
-0.832306	-0.242856
0.49307	0.466393
-0.484667	0.418576
0.210613	0.38638
4.51266	0.147576
-0.039253	0.0372292
-0.289119	-0.53124
0.732073	0.31658
-0.528122	0.237378
2.30732	0.585409
-0.462939	-0.0847444
-0.962671	-0.671224
0.0367932	0.00614676
0.0585207	0.792474
1.78586	0.534389
-0.799715	0.601611
-0.919216	-1.06197
-0.940944	-0.486613
-0.734533	0.313184
4.64302	-0.0606624
-0.886625	0.285681
0.123703	0.74964
-0.886625	-0.616309
0.417024	0.0747851
-0.799715	-0.247178
0.57998	-0.25887
-0.180482	0.426579
-0.625895	0.370447
-0.995263	-0.915493
2.48114	0.261177
1.53599	0.572946
-0.712805	0.624165
0.308387	0.0254791
-0.2348	0.493752
0.0476569	-0.0981838
-0.940944	-0.115003
-0.397757	0.549646
0.949348	0.37006
-0.897489	-0.668827
0.0150657	0.227392
-0.84317	0.319633
1.29699	0.0460562
0.916757	0.651136
2.90482	0.409318
-0.256528	-0.192099
-0.310847	0.524282
-0.734533	0.209056
-0.777988	-1.69806
-0.658487	-0.645499
-0.299983	-0.184405
-0.615032	0.51923
-0.49553	-0.968177
-0.75626	0.262271
0.308387	0.0184547
1.06885	0.603795
2.1335	0.323177
-0.0609805	-0.120389
1.16662	-0.0925581
0.514798	0.40955
0.0367932	-0.203907
-0.115299	-0.489183
-0.84317	-0.383832
-0.897489	-0.101268
-0.158754	0.222936
-0.267392	0.192712
-0.615032	-0.556143
0.330114	-0.218804
-0.886625	-0.0631942
-0.636759	0.14383
1.85104	0.441736
0.590844	0.538531
-0.397757	0.211123
0.417024	-0.368388
-0.267392	0.452617
-0.658487	-0.132513
-0.299983	-0.317157
-0.506394	0.15605
3.46974	0.0973553
-0.908353	-1.57097
-0.66935	0.159916
-0.897489	-1.00517
0.384433	-0.133936
-0.93008	0.289189
0.960212	0.212289
1.73154	0.422141
-0.0609805	0.640431
0.417024	-0.0541537
-0.354302	0.669221
0.569117	0.0956946
-0.897489	-0.338493
0.569117	-0.0636736
-0.919216	-0.921288
0.243204	-0.109138
-0.267392	-0.207448
0.569117	-0.086503
-0.788851	-0.0629149
2.40509	0.327591
1.04712	0.269644
-0.441212	0.371067
-0.0935718	0.479379
0.862438	0.244629
-0.604168	-0.282932
0.188886	-0.152637
-0.701942	0.375931
-0.484667	-0.133816
-0.701942	0.605675
0.0259294	0.0853187
-0.788851	0.120079
-0.691078	-0.400303
-0.919216	-0.544201
-0.984399	-0.285438
-0.734533	0.60019
1.92708	0.444449
-0.299983	0.186944
-0.549849	-0.683157
-0.484667	0.367239
-0.908353	-1.18231
-0.647623	-1.56253
-0.810579	-0.177637
-0.875761	-0.364866
0.275796	0.390097
-0.625895	-1.37017
-0.169618	-0.628276
1.15576	0.0858013
-0.767124	0.253675
2.14436	0.452563
1.35131	0.346887
3.18728	0.67632
-1.04958	-0.765987
0.0585207	0.193282
-0.40862	-0.0820402
-0.0175256	0.513562
-0.897489	-0.270982
-0.0175256	-0.0901513
0.286659	0.407042
-0.115299	0.261596
0.829847	0.172731
-0.734533	-0.731047
1.70981	0.607823
-0.777988	-0.743728
-0.745396	0.213038
0.438752	0.152825
-0.66935	0.480248
-0.430348	0.0739142
0.188886	-0.0653352
-0.647623	-0.946015
-1.00613	-0.629801
-0.919216	0.303434
-0.723669	-0.781275
0.536525	0.0839743
2.48114	0.292355
-0.419484	0.745584
1.09058	0.335689
0.0367932	0.283578
-0.897489	-1.01938
-0.0718443	-0.207825
2.06831	0.411915
-0.875761	-0.586987
0.786392	-0.0664152
-0.441212	-0.662489
-0.49553	0.346989
-0.799715	-0.206041
-0.799715	-0.555894
-0.864898	-0.0900583
-0.462939	0.285917
-0.66935	-0.427246
-0.875761	0.496034
1.77499	0.34759
-0.767124	0.0483113
0.112839	0.426893
-0.951808	-1.07673
-0.962671	-0.226946
-0.864898	-0.0148461
-0.832306	0.253599
-0.93008	-0.325099
-0.995263	0.245549
0.677754	0.521064
-0.962671	-1.57785
-0.376029	0.436888
-0.84317	-1.60982
-0.777988	0.220451
0.395297	0.467002
-0.560713	-0.485456
-0.66935	-0.129361
3.70874	0.498737
0.57998	0.361851
0.851574	0.290854
-0.137027	0.358216
1.21008	0.39194
-0.202209	0.254996
-0.397757	-0.74739
0.0585207	0.379952
-0.104436	0.464498
0.340978	0.410127
-0.506394	-0.166538
0.427888	0.452391
-1.00613	-0.552609
1.85104	0.406601
-0.93008	0.0697227
-0.647623	-0.4133
1.13403	0.276906
0.00420194	0.376734
1.02539	0.505389
1.05799	0.264687
0.188886	0.672175
-0.93008	-0.355719
1.90536	0.0691514
3.9912	0.606658
1.02539	0.0627522
-0.875761	-0.328432
-0.951808	-0.455824
-0.40862	0.300662
-0.538985	-0.280506
0.340978	0.585961
-0.202209	-0.0472677
2.01399	0.395709
1.53599	0.344472
0.167158	0.158693
-0.0718443	0.510499
-0.0283893	0.0199034
-0.245664	-0.247264
0.503934	0.514723
0.0802482	-0.115711
0.449616	0.44252
-0.908353	-0.314816
0.406161	-1.01171
-0.962671	0.229832
4.39316	0.372947
-0.473803	0.200234
-0.821443	-0.397251
0.721209	0.240069
-0.473803	0.287995
0.0259294	0.643245
-0.180482	0.349139
0.742937	-0.98509
-0.604168	-0.393046
-0.886625	0.226909
-0.897489	-0.454074
1.91622	0.297553
-0.723669	-0.499069
1.76413	0.727119
-0.951808	-0.721074
-0.538985	0.229779
-0.397757	-0.642289
0.829847	0.666661
0.710345	-0.671949
1.34044	0.324138
-0.430348	-0.306557
-0.875761	-0.0993653
-0.625895	-0.442297
0.688618	0.734788
-0.875761	-0.083055
-0.473803	-0.802403
-0.821443	-0.122568
-0.49553	0.053279
-0.799715	-0.284041
-0.832306	-0.899904
-0.462939	0.0630284
0.601708	-0.399844
1.09058	0.35404
-0.538985	-0.332127
0.112839	-0.0845635
-0.995263	-0.638935
-0.821443	-0.68862
-0.951808	-0.25932
-0.58244	-0.478964
2.29645	0.47452
0.145431	-0.298156
-0.528122	-0.163992
1.16662	0.109887
0.0911119	0.190537
0.00420194	0.506083
-0.919216	-0.329947
-0.745396	-0.778504
-0.082708	0.175637
-0.788851	0.402462
1.48167	0.469559
1.77499	0.36981
-0.680214	-0.00518547
-0.082708	0.0769736
0.0693844	0.211424
0.503934	0.376352
2.06831	0.395706
-0.962671	-0.360154
-0.691078	-0.626779
0.0693844	-0.238151
-0.799715	-0.220219
-0.832306	0.593505
0.188886	0.300335
0.645163	0.389784
2.83964	0.635175
0.992803	0.502503
-0.897489	-0.354535
-0.593304	0.356127
-0.973535	0.329323
2.63323	0.501164
-0.0501168	0.406087
0.384433	0.558867
-0.32171	0.202937
-0.278255	0.527302
-0.58244	-0.739233
-0.984399	0.153568
-0.169618	-0.909036
-0.082708	-0.153861
0.101976	0.214589
-0.528122	0.307588
-0.995263	-1.51416
0.7538	0.57096
2.12263	0.771537
0.286659	-0.303582
0.971075	0.317158
1.30785	0.399289
1.64463	0.324845
-0.0718443	0.381748
-0.93008	0.362953
-0.951808	0.1088
0.57998	0.347759
0.112839	0.396164
-0.213073	0.658794
2.09004	-0.109381
-0.777988	-0.492863
-0.528122	-0.083122
-0.962671	-0.388538
0.57998	0.107893
1.1123	0.316266
-0.919216	-0.590552
0.438752	0.177765
-0.267392	0.512938
-0.875761	-0.410801
5.30571	0.635884
0.210613	-0.661965
-0.962671	-0.541315
-0.951808	-0.915875
-0.658487	0.282374
0.319251	0.256326
-0.821443	-0.385295
-0.180482	0.120608
2.95914	0.538499
-0.93008	-0.600283
-0.658487	-0.174519
-0.995263	-0.80872
0.112839	0.13155
-0.897489	-0.886164
-0.777988	-0.287642
3.69788	0.813634
0.449616	0.371824
-0.082708	0.395813
-0.365165	0.495748
-0.897489	-0.86076
1.35131	0.300745
-0.419484	0.370376
-0.115299	-0.11434
-0.267392	-0.337545
-0.962671	-0.523739
-0.386893	0.288476
0.710345	0.195201
1.16662	0.209223
-0.343438	-0.076205
-0.615032	-0.8407
0.362706	0.270064
-0.289119	0.0735325
0.210613	0.290772
-0.810579	-0.663284
-0.66935	-0.519328
0.199749	0.380146
-0.821443	-0.842191
-0.995263	-0.402607
-0.636759	-0.780267
-0.886625	-0.444654
-0.386893	0.207813
-0.560713	0.457762
-0.93008	-0.558664
-0.484667	0.358732
-0.289119	0.0978165
-0.84317	-0.164625
-0.58244	-0.528341
-0.875761	0.366992
0.340978	0.53341
-0.93008	-0.805708
-0.625895	-0.48493
-0.615032	0.407038
0.884165	0.490312
0.330114	0.806152
-0.58244	-0.245836
0.275796	0.192677
-0.615032	-0.661714
2.17695	0.375247
1.84017	0.620366
-0.658487	0.390693
-0.897489	-0.410057
-0.40862	0.0393215
2.17695	0.33691
0.145431	0.27918
-0.571577	-0.33044
-0.14789	-0.0384399
0.438752	0.0883674
-0.169618	0.401353
-0.821443	-0.350348
-0.951808	0.350341
-0.84317	-0.808317
0.362706	0.565625
0.601708	0.0645525
-0.984399	-0.736615
0.0476569	0.016218
1.39476	0.54778
-0.973535	-0.273343
-0.267392	0.210493
-0.397757	0.525692
-0.289119	0.298879
-0.908353	0.13843
-0.973535	-0.868305
-0.799715	-0.838367
-0.897489	-1.47858
-0.919216	-1.39806
-0.75626	-0.119572
-0.560713	0.358495
-0.951808	-0.362304
-0.32171	-0.366282
-0.908353	-1.21854
0.710345	0.417046
1.85104	0.409747
-0.245664	-0.357715
0.145431	0.33103
-0.267392	0.365579
-0.441212	-0.125004
0.438752	0.204951
0.971075	0.557305
-0.332574	-0.116648
0.167158	0.41831
1.61204	0.451106
2.89396	0.308915
-0.0501168	0.0533633
-0.984399	-0.230872
1.80758	0.560063
-0.452075	0.10267
1.73154	0.43599
-0.115299	0.688111
0.340978	0.104106
-0.2348	-0.361127
-0.93008	-0.789933
-0.49553	0.322003
2.06831	0.393828
-0.49553	-0.304988
4.02379	0.540922
-0.452075	0.155379
-0.788851	-0.0541269
0.558253	-0.0331996
0.406161	0.125289
-0.919216	-0.566723
-0.115299	0.336714
-0.202209	-0.683419
-0.49553	0.382496
1.16662	0.445671
0.243204	0.495387
-0.962671	-0.658472
0.623435	0.120363
-0.636759	-0.0574272
2.66582	0.630594
0.895029	0.0751275
-0.995263	-0.0734787
-0.886625	0.247263
-0.267392	0.10958
-0.821443	-0.19427
0.275796	0.200869
-0.636759	-0.653287
-0.267392	-0.29162
2.69841	0.163985
-0.299983	-0.273928
-0.0501168	0.215963
0.254068	-0.110651
0.449616	0.523425
2.47027	0.39973
0.0367932	-0.485826
0.514798	0.442012
0.112839	0.40298
0.514798	0.347164
-0.343438	-0.0249843
-0.549849	0.477039
-0.343438	-0.276251
-0.310847	0.24959
-0.625895	-0.25785
-0.908353	0.406226
0.645163	0.403385
-0.777988	0.346901
-0.310847	0.176658
-0.549849	-0.411739
-0.777988	-0.723122
1.16662	0.242544
0.112839	-0.349321
-0.473803	0.166491
-0.604168	-0.0902935
-0.734533	-0.255331
-0.951808	-0.276656
-0.191345	0.25993
-1.02785	-0.482307
0.0259294	0.389266
-0.289119	0.0240378
-0.984399	-1.024
-0.788851	-0.354454
-0.506394	0.119314
1.09058	-0.0166821
-0.506394	-0.0807606
-0.625895	0.522143
0.0259294	0.754763
-0.343438	-0.0289134
-0.984399	-0.398903
1.04712	0.331099
-0.886625	0.0999077
-0.767124	0.00369929
-0.104436	0.135556
0.829847	0.506282
-0.115299	0.44417
-0.267392	0.199079
-0.951808	-1.03536
0.156294	0.592314
0.210613	-0.578069
-0.951808	0.310349
-0.462939	0.316152
-0.821443	-0.975428
-0.137027	0.386761
-0.897489	-0.618764
-0.2348	0.164966
-0.32171	-0.192205
-0.723669	-1.03117
1.21008	0.29639
2.6115	0.161638
-0.875761	-0.48336
-0.0609805	0.317074
-0.93008	-0.55283
1.95968	0.614406
-0.712805	0.439265
-0.0609805	-0.476979
-0.039253	0.495704
2.30732	0.36742
-0.799715	0.368932
0.351842	0.366665
0.0476569	0.341788
-0.821443	-1.24188
-1.01699	0.107372
-0.821443	-0.639235
-0.66935	0.105564
1.81845	0.511058
-0.126163	-0.218161
-0.430348	0.306194
2.62236	0.131631
2.15522	0.602029
0.0259294	0.542708
-0.191345	-0.198881
-0.723669	0.151876
1.67722	0.508018
-0.995263	-0.74643
1.16662	0.694211
1.81845	0.448234
2.52459	0.282985
-0.180482	0.658629
0.57998	0.176734
-0.625895	0.268802
-0.256528	0.188813
-0.821443	-0.1341
0.199749	-0.207846
2.90482	0.528143
-0.560713	-0.414881
-0.256528	0.539235
-0.126163	0.310653
-0.604168	0.477563
0.297523	0.56215
-0.310847	0.369827
-0.951808	-1.55528
-0.84317	0.32641
-0.723669	0.0714115
-0.0718443	0.441799
-1.03872	0.384022
0.427888	-0.666625
0.134567	0.329912
-0.940944	-0.580156
-0.723669	-0.051192
0.57998	0.579445
-0.137027	0.0616774
-0.0718443	0.533354
-0.169618	0.338607
0.710345	0.433347
-0.691078	0.403844
-0.180482	0.189236
-0.571577	-0.448512
1.36217	0.339548
3.29592	0.704329
-0.0609805	-0.0791046
-0.93008	-0.243377
2.82878	0.761346
-0.810579	-0.700605
2.05745	0.505025
-0.593304	0.3858
-0.93008	0.0648828
-0.202209	0.249317
1.79672	0.612676
0.275796	0.395558
-0.452075	0.258627
-0.940944	-0.219386
0.0150657	-0.243785
0.992803	0.160278
-0.213073	0.137341
-0.158754	0.0757112
-0.419484	-0.412343
-0.571577	-0.36798
-0.593304	-0.136927
-0.310847	-0.511075
-0.647623	-0.0284811
-0.832306	-0.751736
-0.115299	0.147636
-0.528122	-0.549806
1.30785	-0.0132627
-0.864898	0.457983
0.0693844	0.378801
-0.32171	0.209575
-0.940944	-1.25385
0.895029	0.353875
-0.343438	0.160086
-0.256528	-0.537453
-0.93008	-0.0388126
0.145431	0.520032
-0.93008	-0.575754
-0.104436	-0.0783207
-0.973535	-0.234978
-0.310847	-1.01203
-0.897489	-1.05999
0.188886	0.319027
-0.712805	0.546066
-1.03872	-0.363918
-0.223937	0.15954
-0.93008	-0.186741
-0.973535	0.514566
-0.973535	-0.531058
2.07918	0.508469
-0.75626	0.450994
-0.039253	0.409278
1.39476	0.115932
-0.962671	-1.14776
-0.875761	-0.283788
0.699482	-0.0102019
-0.082708	0.0805686
-0.680214	-0.883713
1.99227	0.360875
-0.832306	-0.592558
-0.84317	-0.406538
-0.799715	0.390043
0.373569	0.0468872
3.15469	-0.00879639
0.319251	0.406494
-0.864898	-0.138845
-0.636759	-0.0484999
-0.875761	-0.710773
-0.213073	0.187778
0.710345	0.531889
1.92708	0.369284
-0.691078	-0.0134552
0.0585207	-0.27143
0.688618	0.457462
-0.397757	-0.0312916
0.938484	0.464702
-0.908353	-0.58919
1.82931	-0.0602927
-0.104436	0.413522
-0.115299	0.595193
0.156294	0.278193
0.514798	0.442787
-0.180482	0.489342
-0.397757	0.236022
0.243204	0.337622
1.12317	0.279032
-0.58244	-0.193823
1.70981	0.276048
-0.854034	-0.262194
-0.658487	0.313337
0.254068	0.605078
-0.908353	-0.353445
-0.299983	0.447517
-0.636759	-0.600614
-0.973535	-0.0893148
0.92762	0.453227
-0.93008	-0.758647
-0.571577	0.228194
-0.49553	-0.240511
-0.647623	-0.432303
-0.32171	-0.0168934
-0.767124	-0.11213
-0.864898	-0.160042
-0.560713	-0.205119
-0.039253	-0.272076
0.916757	0.492966
-0.310847	0.320458
-0.962671	-0.311103
-0.0283893	-0.520081
-0.202209	0.0291944
0.0150657	-0.42426
1.2644	0.341194
1.47081	0.652164
0.0476569	-0.224349
1.15576	0.265568
-0.604168	-0.851521
-0.473803	-0.743692
0.49307	0.304229
0.634299	0.38421
0.362706	0.22668
0.92762	0.391706
0.732073	-0.0197657
-0.365165	0.569685
-0.506394	-0.448076
-0.256528	0.227795
-1.00613	-0.265907
-0.158754	0.296695
-0.506394	0.454908
-0.745396	0.154135
-0.962671	-0.218556
0.558253	0.187845
0.981939	0.551644
-0.245664	0.183961
1.70981	0.342422
0.167158	0.165735
0.0476569	0.170338
1.03626	0.359575
-0.854034	-0.334041
-0.549849	0.0314179
-0.191345	-0.493562
-0.75626	-0.258863
-0.039253	0.563023
0.721209	0.089467
1.32958	0.406598
0.395297	0.430567
1.31872	-0.346579
-0.115299	-0.526517
-0.984399	0.38215
2.82878	0.0467041
-0.745396	0.274916
-0.169618	0.0131637
-1.02785	-0.181429
-0.886625	-0.494066
1.30785	0.225961
-0.256528	-0.0427314
-0.0609805	0.514934
-0.299983	0.473956
-0.864898	-0.599657
0.84071	0.0570968
4.24106	0.445289
0.786392	0.207343
1.53599	0.269663
0.0802482	-0.0285569
-0.158754	-0.00358881
-0.777988	-1.07579
0.330114	0.328455
-0.00666181	0.36543
-0.58244	0.535214
-0.386893	-0.11741
-0.93008	-0.560336
0.797255	0.315188
-0.289119	0.329427
-0.299983	0.27824
-0.919216	0.0800844
-0.126163	0.214912
-0.854034	-0.265561
-0.951808	-0.351072
-0.191345	-0.160567
1.42735	0.210706
1.13403	0.258038
-1.00613	-1.09606
-0.810579	0.383015
2.23127	0.603432
-0.799715	0.507094
-0.223937	0.597535
0.873302	0.344297
1.29699	0.26902
-0.386893	0.146569
-0.32171	0.499439
0.786392	0.537072
-0.376029	-0.508444
-0.973535	-1.18587
-0.386893	0.495439
-0.810579	0.413341
2.492	0.496129
0.156294	0.0317583
-0.93008	-0.411564
0.178022	0.15803
0.0150657	0.135333
-0.897489	-0.460148
-0.810579	-0.813458
-0.365165	-0.442841
-1.00613	-1.98467
-0.528122	0.2891
2.58977	0.322463
-0.723669	-0.811071
-0.039253	0.30164
-0.549849	0.2752
3.51319	0.4678
-0.202209	-0.0907096
0.0367932	0.296539
-0.49553	0.121208
0.340978	0.381881
-0.376029	-0.385365
-0.962671	-1.00063
7.67401	0.815205
-0.615032	-0.0801106
0.340978	0.185254
-0.886625	-0.175338
-0.202209	-0.0918405
-0.213073	0.205905
-0.58244	0.0801
-0.115299	-0.479203
-0.354302	-0.398974
1.3839	0.0318186
-0.430348	0.448646
-0.864898	-0.648435
1.16662	0.0482618
-0.875761	0.0384833
-0.951808	-0.21492
-0.995263	-1.10909
-0.821443	-0.370574
-0.528122	0.377024
-0.32171	0.412404
-0.788851	-1.09041
0.971075	0.0887968
0.645163	0.264885
0.525662	0.662416
-0.462939	-0.457348
-0.854034	-0.169941
0.145431	-0.0896315
-0.93008	-0.514349
2.38336	0.514393
0.417024	0.36288
0.286659	-0.0127605
-0.538985	-0.0770466
-0.0718443	0.199986
-0.875761	-0.688744
-0.788851	-1.1039
0.297523	0.262313
2.38336	0.386403
1.78586	0.65332
0.84071	0.322125
-0.549849	-0.43255
-0.517258	-0.0879376
-0.202209	-0.124054
-0.84317	-0.0725927
-0.658487	-0.564915
-0.734533	-0.198037
-0.66935	0.39648
0.00420194	0.551697
-0.951808	-0.6241
-0.506394	-0.707217
-0.897489	-0.131627
1.9814	0.0372975
0.297523	0.412511
-0.84317	-0.265022
0.623435	-0.0476191
0.178022	0.497821
1.70981	0.381324
0.688618	-0.00253828
4.50179	0.280869
-0.919216	-0.40642
-0.419484	0.218758
-0.788851	0.174246
-0.0935718	0.417257
-0.962671	-0.726277
-0.897489	-0.809447
-0.528122	-0.161508
-0.788851	0.270118
1.53599	0.553313
0.373569	0.338649
0.427888	0.60416
-0.712805	0.53868
0.275796	0.346815
2.89396	0.289337
-0.712805	-0.155903
0.656027	0.120696
-0.658487	-0.590615
0.916757	-0.298798
-0.995263	-0.512303
-0.386893	0.441587
-0.832306	-0.464876
-0.245664	-0.481516
0.57998	0.702386
-0.115299	0.453056
-0.126163	-0.385317
0.732073	-0.271278
0.330114	0.0356523
1.25353	0.544037
0.981939	-0.491056
-0.875761	-1.66735
1.7424	0.125777
-0.430348	0.187668
-0.213073	0.311995
0.536525	0.409071
0.395297	0.289618
-0.886625	-0.515545
-0.180482	0.228242
-0.0501168	0.270395
-0.386893	0.00229609
-0.788851	-0.225937
-0.984399	0.252861
-0.245664	0.412681
0.188886	0.148548
-0.962671	-0.876445
-0.658487	-0.524823
-0.517258	-0.924303
0.92762	0.557699
-0.712805	0.571137
0.0585207	-0.39497
0.232341	-0.483799
-0.908353	-0.953131
-0.962671	-1.49674
-0.712805	-0.583363
-0.864898	-0.103142
0.895029	0.449345
-0.0175256	0.380895
-0.93008	-0.610932
-0.2348	0.0233352
-0.299983	0.584211
-0.180482	0.583317
0.330114	0.314208
-0.256528	0.275634
1.22094	0.387399
0.66689	0.449841
-0.430348	-0.0860701
-0.712805	-0.243063
1.88363	0.530093
-0.973535	-0.0436315
-0.126163	0.143993
0.916757	0.00604667
-0.788851	0.413493
-0.788851	0.661096
-0.723669	-0.209059
0.167158	0.184879
-0.84317	-1.06516
2.99173	0.283757
-0.32171	0.0489358
2.16609	-0.255394
-0.169618	0.411487
0.134567	0.044182
0.308387	-0.701822
-0.962671	-1.03394
-0.40862	0.254051
0.764664	0.38411
-0.376029	0.403817
-0.202209	0.465369
3.57837	0.43187
-0.604168	-0.835608
-0.886625	-0.536294
-0.897489	-0.398255
1.15576	0.3645
-0.962671	-0.839607
-0.473803	-1.26398
-0.0283893	-0.561562
-0.0283893	0.709899
-0.310847	0.260501
-0.104436	-1.07868
-0.984399	-1.10098
-0.799715	0.614831
-0.604168	-0.235722
2.11177	0.620993
-0.386893	-0.519825
-0.93008	-0.36445
0.0693844	-0.627628
-0.767124	-0.31024
1.18835	0.412409
-0.528122	-0.433755
-0.712805	0.0593229
3.33937	0.441565
1.59031	0.71811
-0.864898	-1.61929
-0.93008	-1.42779
-0.875761	-0.986573
-0.604168	-0.0872054
-0.810579	-0.985071
0.178022	0.533892
-0.473803	0.0849093
-0.66935	0.390635
0.536525	0.658758
-0.14789	0.0516596
-0.00666181	0.184784
0.742937	0.529247
2.17695	0.426539
0.254068	0.635065
-0.93008	-1.14135
-0.897489	-0.40539
-0.973535	0.501299
1.35131	0.293271
-0.658487	-0.404147
-0.49553	-0.280753
0.0693844	0.213691
0.482207	-0.492237
-0.680214	-0.263753
-0.875761	0.0312979
-0.995263	0.598958
-0.571577	0.00456841
-0.332574	0.203414
-0.84317	-0.347987
-0.506394	0.158786
1.23181	0.227347
-0.0935718	0.209534
0.112839	0.0366072
1.63376	0.440705
-0.0718443	0.579182
2.53545	0.361069
0.373569	0.569831
-0.875761	-0.639133
-0.897489	-0.267578
-0.0718443	0.22757
-0.962671	-1.16417
-0.723669	-0.298601
-0.560713	-0.357057
-0.864898	-0.284034
0.460479	-0.221222
-0.951808	-0.231375
1.91622	0.330979
-0.66935	0.0983898
-0.919216	0.0875747
2.18781	0.0607918
0.156294	-0.302729
-0.995263	-0.467048
0.645163	0.494277
-0.365165	0.0867867
0.656027	0.180797
-0.66935	0.393748
-0.419484	0.446446
-0.832306	0.363325
-0.202209	0.383187
1.09058	0.462038
1.2644	0.321668
2.38336	0.530598
-0.615032	-0.333689
-0.560713	0.28496
-0.93008	-0.398807
-0.897489	0.216851
0.797255	0.285536
-0.897489	0.355832
1.2644	0.368868
0.188886	0.0362425
-0.104436	-0.0766763
-0.875761	-0.279454
-0.0609805	0.153339
-0.951808	0.459043
-0.430348	-0.170715
-0.213073	-0.0520537
0.427888	0.676527
0.406161	0.359246
-0.278255	0.490772
0.319251	-0.269919
-0.126163	-0.673722
-0.984399	-0.865003
-0.560713	-0.258259
-0.701942	0.105141
1.7424	0.0212228
-0.647623	0.275509
0.123703	-0.138548
-0.962671	-0.134641
-0.777988	0.0640245
-0.0501168	-0.0709722
0.460479	0.361712
-0.832306	-0.251313
-0.0609805	-0.0565532
0.145431	0.510638
-0.788851	0.130683
-1.00613	0.0536005
-0.32171	-0.251623
-0.951808	-0.249043
-0.973535	-0.538494
-0.680214	-0.0246883
0.862438	0.278637
0.00420194	0.238179
0.0259294	0.318737
-0.126163	0.0207117
1.91622	0.365495
-0.734533	-0.106568
0.384433	0.0185568
-0.571577	0.00345387
0.7538	0.322569
0.0585207	0.451717
-0.462939	0.478428
1.36217	0.494537
-0.484667	0.489882
-0.897489	-0.349015
-0.84317	-0.501609
-0.419484	-0.408696
-0.473803	-0.308397
-0.267392	0.348789
-0.245664	-0.0540411
-0.0718443	0.193967
-0.995263	0.424315
-0.452075	0.209597
-0.93008	-0.837527
1.6229	0.575319
-0.875761	-0.0503832
-0.158754	0.26054
-0.723669	0.252755
1.2644	0.200781
-0.75626	-0.0149871
-0.745396	0.104832
0.0802482	0.398575
0.0476569	0.384861
-0.701942	-0.138535
1.85104	0.0812889
-1.00613	0.24365
-0.799715	0.447617
0.340978	0.468482
0.84071	0.364515
-0.158754	-0.113226
1.7424	0.2242
-0.538985	-0.258699
-0.777988	-0.478677
-0.951808	-0.89771
-0.538985	0.172055
-0.376029	0.323495
-1.00613	0.392701
0.981939	0.0816838
0.264932	0.105009
-0.962671	-0.450955
0.7538	0.503867
0.123703	0.0203718
0.112839	0.0134785
-0.126163	-0.164122
-0.278255	-0.027582
-0.66935	-0.650747
0.547389	-0.111476
-0.256528	0.26158
-1.00613	-1.22945
-0.647623	-0.315933
0.786392	0.540807
-0.973535	0.442881
-1.01699	-1.52047
2.14436	0.2483
-0.984399	-0.310894
-0.854034	-0.173053
-0.299983	-0.594635
1.81845	0.143053
1.3839	0.443214
0.0585207	0.0637072
1.87277	0.172283
-0.571577	0.0404843
-0.376029	-0.265584
0.710345	0.402551
-0.386893	-0.0249604
1.21008	-0.424854
3.3611	0.693632
-0.484667	-0.281865
-0.571577	0.177575
-0.191345	0.09793
1.3839	0.0896991
0.460479	0.411142
-0.506394	0.295087
-0.951808	-0.402548
-0.940944	0.00451959
-0.864898	-0.487295
-0.788851	-0.142094
0.0585207	-0.0493209
-0.973535	-0.53191
-0.419484	0.0844516
-0.40862	0.414865
-0.2348	0.199166
1.41649	0.191937
-0.897489	0.275795
0.101976	-0.38788
0.0693844	0.284254
-0.745396	-0.567209
-0.2348	-0.317694
-0.365165	-0.0778536
0.66689	0.165091
-0.745396	0.074594
-0.126163	0.412562
0.134567	0.406568
-0.115299	-0.0728727
0.503934	0.322463
-0.745396	0.53061
2.04659	0.497421
-0.908353	0.0340113
-0.473803	0.430644
-0.538985	0.0151917
-0.777988	-0.0540468
-0.473803	0.320409
0.199749	0.49265
-0.365165	0.397262
2.03572	0.348473
-0.734533	-0.28786
-0.875761	-0.391061
0.905893	0.533982
1.42735	0.103469
-0.864898	0.490728
-0.897489	-0.577062
1.64463	0.220907
-0.0609805	0.378931
-0.788851	0.188043
-0.788851	0.418342
-0.549849	-0.445083
0.340978	0.435621
-0.908353	-0.0328057
-0.984399	-0.860426
-0.560713	-0.127449
2.19868	0.519853
0.362706	-0.0153605
-0.278255	0.106182
-0.799715	-0.203814
3.75219	0.08993
-0.00666181	0.128272
-0.191345	-0.115049
-0.854034	-0.367003
-0.430348	0.621961
-0.777988	-0.967317
0.254068	0.386703
-0.462939	0.38999
2.02486	0.561146
0.590844	0.519806
-0.560713	-0.601782
-0.897489	0.494624
1.39476	0.448631
-0.104436	0.153413
-0.169618	0.547845
-0.571577	0.0858246
-0.854034	-0.425337
-0.919216	0.106204
0.264932	0.350935
-0.66935	-0.184557
0.92762	-0.188206
0.275796	0.548591
-0.767124	-0.133828
-0.984399	-0.815492
-0.452075	0.294343
-0.886625	-1.04172
-0.734533	0.060707
0.134567	-0.0373799
-0.745396	-0.297182
0.57998	-0.113609
3.13296	0.44272
1.34044	0.140078
0.732073	0.368567
-0.897489	-0.451305
-0.951808	-0.572041
-0.180482	0.233068
0.373569	0.29097
0.330114	0.392022
-0.636759	-0.184097
-0.908353	-0.282943
-0.0718443	0.496419
-0.310847	-0.676844
0.0802482	-0.32285
1.13403	0.106041
0.742937	0.42921
2.48114	0.264276
1.53599	0.328975
-0.658487	-0.150259
0.514798	-0.245051
-0.430348	0.155192
-0.767124	-1.09506
0.677754	0.476246
-0.0283893	-0.113822
-0.202209	0.196353
-0.0609805	0.551913
-0.278255	0.111928
-0.32171	0.0715828
0.905893	0.698635
-0.14789	-0.149716
-1.00613	-0.479818
-0.799715	0.0775252
0.308387	0.64151
-0.810579	-0.6828
-0.832306	-0.520707
-0.528122	0.179951
0.862438	0.644738
-0.897489	-0.778907
-0.788851	-0.927758
-0.940944	-0.285076
-0.777988	-0.459987
-0.799715	0.632418
-0.343438	-0.54666
-0.734533	-1.49197
-0.484667	-0.242436
2.65496	0.496313
-0.571577	0.359116
-0.897489	-0.253825
-0.213073	0.461511
2.62236	0.663986
-0.75626	-0.306622
0.210613	-0.863045
-0.462939	-0.110776
-0.191345	-0.300822
-1.00613	-0.787132
0.590844	0.350595
0.536525	0.358879
-0.202209	0.275094
-0.104436	0.041153
-0.0935718	0.133468
2.53545	0.535665
0.634299	-0.00593815
0.797255	-0.127847
-0.58244	-0.833948
-0.919216	-0.602485
-0.202209	0.489391
-0.571577	-0.260437
-0.821443	-0.333011
0.797255	0.57954
1.05799	-0.662992
0.786392	0.415227
-0.875761	-0.97392
-0.625895	-0.267228
-0.908353	-0.181041
-0.158754	0.220806
-0.723669	0.297158
-0.973535	0.0275874
-0.462939	-0.777439
-0.940944	-0.891359
-0.40862	0.174908
-0.875761	-0.837641
1.5034	0.101452
1.28612	0.486099
-0.169618	0.353444
-0.864898	-0.656275
-0.788851	-0.253923
-0.962671	-0.331076
0.264932	0.315597
2.62236	0.666417
-0.2348	-0.220272
-0.832306	0.333692
-0.40862	0.576955
3.3611	0.826617
-0.908353	-0.180434
-0.995263	-0.695831
-0.473803	0.410072
-0.951808	-0.445785
1.05799	0.319825
0.264932	0.506339
-0.365165	-0.633
0.873302	0.652835
-0.397757	0.498453
-0.701942	0.465471
-0.919216	-0.521578
0.460479	0.105124
3.2416	0.0763303
-0.875761	-0.798011
-0.267392	0.482822
-0.604168	0.341445
-1.03872	-0.342907
-0.864898	0.177345
-0.158754	0.00287422
2.14436	0.273996
-0.0935718	0.280603
2.29645	-0.0089729
-0.962671	-2.19362
-0.84317	-0.75525
-0.517258	0.320496
-0.49553	-1.03092
-0.386893	0.332142
0.438752	0.178522
0.00420194	-0.0406113
0.547389	0.280202
-0.767124	-0.0107624
0.0259294	0.151373
0.438752	0.0431765
0.308387	0.376576
0.199749	0.33502
-0.430348	0.38396
-0.560713	-0.0537881
-0.386893	-0.485216
-0.115299	-0.0951944
-0.777988	-1.02045
-0.832306	-0.397126
2.29645	0.0508918
1.15576	0.274982
-0.441212	0.00103407
3.0026	0.572456
-0.973535	0.241312
0.232341	-0.28609
-0.571577	0.377287
-0.951808	0.408768
0.351842	0.0416732
-0.973535	0.312079
0.210613	-0.0251397
-0.549849	0.289549
-0.745396	-0.134496
-0.691078	-1.17235
-0.897489	-0.210853
-0.93008	-0.242127
-0.506394	0.0679293
1.07971	0.385712
-0.560713	-0.687106
-0.919216	-0.50407
-0.58244	0.478105
0.884165	0.0511621
-0.039253	-0.00319778
-0.245664	-0.271824
-0.940944	-0.102363
-0.636759	-0.14117
-0.0283893	0.0838345
-0.951808	-0.34557
-0.289119	-0.367507
-0.788851	-0.00386647
1.93795	0.464104
-0.701942	0.279389
-1.03872	-1.00856
-1.01699	-0.35891
-0.560713	0.384189
1.31872	0.378718
-0.919216	-0.904784
-0.897489	0.219738
-0.788851	-0.287638
0.0150657	-0.274847
-0.821443	0.264557
0.438752	0.65644
-0.430348	0.0583382
-0.0935718	0.437239
-0.680214	-0.6816
-0.517258	-0.446489
0.775528	0.161586
-0.158754	0.464362
0.808119	-0.139596
-0.734533	0.464941
-0.343438	-0.675735
-0.0935718	0.302643
0.547389	0.696399
-0.767124	0.391337
0.786392	0.479678
2.29645	0.380092
-0.419484	-0.298668
-0.615032	0.0294091
-0.940944	-0.497652
0.525662	0.44914
0.981939	0.178677
-0.202209	-0.0896512
0.503934	0.0795423
4.63216	0.784569
-0.039253	-0.013609
-0.701942	-0.458259
-0.788851	-0.122804
2.86137	0.263254
0.178022	-0.0202885
-0.245664	0.761354
-0.082708	0.0646518
0.112839	0.682538
1.84017	0.617597
-0.49553	0.33072
-0.821443	-0.620397
-0.821443	0.307977
-0.940944	-1.14518
-0.984399	-0.24342
-0.691078	0.0686865
-0.951808	-0.74468
0.395297	0.112502
0.49307	0.491306
2.51373	0.468285
2.28559	0.272019
1.41649	0.582436
1.16662	0.396595
-0.528122	-0.276665
0.0150657	0.14126
2.92655	0.665623
-0.484667	0.244066
-0.256528	0.502795
-0.115299	0.131825
0.938484	-0.0819974
-0.854034	-0.467711
1.3839	0.0376136
-0.995263	-0.885111
1.70981	0.254705
-0.604168	0.132093
-0.484667	-0.581004
-0.995263	-1.11688
-0.354302	0.325684
0.275796	0.238775
-1.03872	-0.283022
0.264932	0.322273
-0.604168	0.0778361
1.00367	-0.0948716
0.319251	0.545626
-0.897489	-0.452102
-0.58244	0.440445
-0.973535	-0.351214
-0.658487	-0.222688
1.57945	0.340201
2.19868	0.200511
-0.908353	-0.460526
0.449616	0.163271
0.188886	0.319501
-0.701942	0.502598
1.29699	0.620684
0.884165	0.368856
-0.810579	0.00643457
0.0150657	0.631242
-0.32171	0.446848
-0.441212	-0.884506
-0.940944	-1.67173
-0.897489	-0.531837
0.981939	0.773137
3.14382	0.422148
0.590844	0.222784
-0.799715	-0.409009
0.818983	-0.111579
-0.810579	0.254385
-0.658487	0.212808
-0.810579	-0.0832075
0.601708	0.235017
-0.734533	0.396522
0.656027	0.232812
-0.810579	0.120298
-0.0718443	-0.51323
-0.84317	-0.398576
-0.278255	-0.246604
-0.58244	-0.837509
-0.832306	-0.306723
-0.571577	-0.108634
-0.66935	-0.574876
-0.84317	-1.22165
1.49254	0.138377
0.395297	0.299781
-0.386893	-0.517664
1.7424	0.644116
1.30785	0.483058
-0.951808	0.468681
-0.691078	0.496752
2.43768	0.181802
-0.984399	-0.304751
-0.528122	0.583053
-0.84317	-0.887998
1.53599	0.543333
-0.0175256	0.0307564
1.59031	0.810315
-0.940944	-1.04511
-0.462939	0.346898
-0.84317	0.0677029
2.99173	0.51425
1.29699	0.298845
0.645163	-0.00907707
-1.02785	-0.16909
0.949348	0.231095
-0.723669	-0.0566538
0.721209	-0.236366
-0.0283893	0.439495
1.65549	0.137471
0.710345	0.0317951
0.677754	0.160727
-0.419484	-0.412461
-0.571577	0.52928
-0.886625	-0.543024
2.731	0.229536
-0.875761	0.261197
0.895029	0.444914
-0.267392	0.290148
0.406161	-0.262196
1.78586	0.489616
-0.191345	-0.0472801
-1.01699	-0.66224
-0.864898	-0.201761
-0.115299	0.225663
-0.2348	0.367068
-0.213073	0.31152
-0.430348	0.398617
-0.40862	-0.471989
-0.484667	-0.51101
-0.549849	0.134785
2.19868	0.298095
-0.310847	-0.128379
-0.712805	0.61226
-0.919216	-0.38326
-0.58244	0.115441
-0.777988	0.112752
0.167158	0.364145
-0.441212	-0.634473
-0.376029	-0.179991
0.264932	0.200668
1.70981	0.501062
0.145431	0.616793
1.79672	0.644135
-0.32171	-0.384411
-0.14789	0.0345813
0.00420194	-0.0664851
-0.158754	0.0333607
-0.908353	-0.116409
-0.376029	0.248253
0.0476569	0.260788
0.145431	-0.404708
-0.995263	-0.67085
0.427888	0.0882544
-0.213073	-0.0719049
1.1123	0.72133
-0.951808	-0.297575
-0.897489	0.193708
0.00420194	-0.185883
-0.332574	-0.264757
-0.810579	0.0702709
-0.549849	0.519964
-0.995263	0.322385
0.482207	0.00187575
-0.973535	-0.664933
-0.940944	0.209459
0.254068	-0.0928395
1.55772	0.605284
-0.00666181	-0.0307372
0.482207	-0.554338
-0.506394	0.50112
-0.973535	-0.667717
0.406161	0.37266
-0.875761	0.309743
-0.126163	-0.086909
-0.354302	-0.52959
-0.549849	0.199161
-0.788851	-0.152951
-0.691078	-0.0741069
1.32958	0.0930149
-0.039253	-0.0214595
0.851574	0.42106
-0.767124	0.464808
-0.560713	-0.270499
-0.419484	-0.25745
-0.995263	-0.422536
-0.452075	0.237512
-0.0283893	0.397443
-0.40862	0.504313
1.09058	-0.266049
-0.213073	0.211396
-0.864898	-0.386258
0.308387	0.179343
-0.636759	0.0386878
0.992803	-0.236656
0.525662	0.00895306
-0.593304	0.0838968
1.8619	0.415595
-0.908353	-0.780514
-0.777988	-1.17731
-0.245664	0.0454732
1.1449	0.567716
0.362706	-0.106874
0.395297	0.222422
-0.0935718	-0.364891
-0.854034	-0.156432
-0.84317	-0.406547
-0.691078	0.0105725
-0.93008	-0.886901
-0.864898	-0.389858
1.49254	0.60012
0.0367932	0.278489
-0.799715	0.464319
1.80758	-0.133571
0.960212	0.472474
0.123703	0.322349
-0.962671	-0.409119
1.16662	0.408144
-0.951808	-1.04852
0.938484	-0.0385981
-0.14789	-0.421049
-0.549849	-0.58387
-0.908353	0.260866
-0.158754	-0.702619
-0.701942	-0.431748
-0.430348	0.351565
-0.886625	-0.372898
-0.908353	0.114944
-0.0609805	0.176956
0.351842	0.398209
2.65496	0.464403
-0.49553	0.103291
-0.832306	-0.467067
1.56858	0.431365
-0.951808	-0.420175
0.84071	0.559128
-0.419484	-0.646508
-0.973535	-0.940265
1.13403	0.708477
-0.528122	0.313124
-0.951808	-0.544964
-0.767124	-0.519455
-0.777988	0.371788
-1.00613	-0.581761
-0.169618	0.343129
-0.40862	0.518676
-0.104436	0.488884
-0.701942	-0.0708198
0.112839	-0.408647
-0.604168	0.418091
0.449616	0.166718
-0.082708	0.395732
-0.93008	-0.419236
-0.571577	0.447136
-0.864898	-1.04334
0.167158	0.570042
-0.452075	-0.0335766
0.0150657	0.319201
-0.777988	0.200564
0.330114	0.358929
-0.49553	-0.195012
-0.788851	-0.238259
-0.984399	-0.465343
-0.49553	0.382842
1.9814	0.0689736
-0.734533	-0.0677364
-0.810579	0.107198
-0.875761	-0.103337
0.112839	-0.058153
-1.01699	-1.0067
0.254068	0.480911
-0.919216	-0.677183
-0.332574	0.571335
0.0259294	0.535685
-0.354302	-0.421288
1.6229	0.402791
0.384433	0.469961
-0.864898	-1.07912
-0.745396	0.0729337
-0.908353	-0.675485
-0.962671	-1.17691
0.340978	0.61036
-0.951808	-0.68424
-0.919216	0.0807954
1.56858	0.242061
-0.484667	0.288908
-0.897489	-0.243045
-0.32171	0.677971
-0.940944	-1.05647
0.156294	-0.111434
-0.799715	-0.403546
0.199749	0.457694
-0.267392	-0.926619
0.221477	-0.369139
-0.821443	0.201891
1.49254	0.499442
-0.310847	0.0856901
-0.538985	0.0819954
-0.810579	-0.286464
1.41649	0.549938
1.97054	0.185604
8.24978	0.817905
1.68808	-0.035663
-0.332574	0.453888
0.0476569	0.537197
0.656027	0.287324
-0.571577	0.214028
-0.289119	0.223534
-0.0609805	-0.501379
-0.658487	0.0395112
-0.462939	0.374911
0.145431	0.235934
-0.58244	-0.43866
-0.940944	-0.827227
-0.137027	0.268639
0.297523	0.498875
0.514798	0.27833
0.905893	0.604727
3.07864	0.512844
-0.267392	0.400144
0.254068	0.446341
-0.777988	0.0476694
-0.658487	0.171785
0.101976	0.248731
-0.919216	-0.805753
0.0367932	0.346916
0.254068	0.242346
-0.299983	-0.017368
-0.973535	-0.982434
1.52513	0.581334
-0.908353	-0.627355
1.73154	0.604487
-0.962671	-0.754552
-0.00666181	0.224657
-0.462939	-0.558029
-0.517258	-0.285703
0.384433	0.145168
-0.386893	-0.02098
-0.604168	-0.552256
-0.625895	-1.03366
-0.571577	-1.66923
-0.571577	0.367925
-0.832306	-0.182288
-0.0609805	0.176592
-0.712805	-0.90369
0.145431	0.543341
-0.0609805	0.38932
-0.647623	0.175166
0.275796	-0.401105
-0.93008	-0.645103
1.80758	0.394699
1.04712	0.263751
-0.082708	0.280715
-0.289119	0.254259
1.39476	0.50499
-0.343438	-0.564431
-0.289119	-0.467116
0.797255	0.69276
1.17749	-0.587617
0.742937	0.373711
-0.267392	-0.265087
-1.00613	-1.94848
-0.658487	-0.0936143
-0.115299	0.313069
-0.0718443	0.436218
1.43822	0.368206
-0.973535	-0.871182
-0.223937	0.34517
0.188886	0.307198
-0.473803	-0.123517
-1.00613	-0.627675
0.275796	0.379971
-0.14789	0.508747
3.2416	0.485556
-0.810579	0.177276
0.0585207	0.283764
0.536525	0.671511
-0.75626	-0.0888585
3.20901	0.37327
0.373569	0.508898
-0.430348	-0.0368517
-0.40862	0.296502
0.482207	-0.0664618
-0.995263	-0.761158
-0.636759	0.4585
-0.278255	-0.0384204
-0.962671	-1.32151
-0.777988	-0.803736
-0.658487	0.271466
0.243204	-0.382241
-0.386893	0.159069
-0.593304	-0.122782
2.06831	0.637266
0.677754	-0.058636
-0.701942	0.300686
-0.799715	-0.496832
0.134567	0.409046
-0.636759	-0.752238
0.873302	0.0165536
-0.984399	-1.09585
0.656027	0.313618
-0.604168	0.404397
0.438752	0.0174575
0.742937	-0.0226651
1.37303	0.428006
0.536525	0.319206
-0.32171	0.408168
1.07971	0.25091
-0.169618	-0.310306
1.03626	-0.0287217
-0.93008	-0.226433
2.11177	0.363579
-0.039253	0.191061
-0.940944	-0.369783
-0.875761	-0.396376
2.44854	0.310399
0.905893	-0.263595
3.17642	0.425103
-0.66935	-0.660945
-0.864898	-0.0674361
1.70981	0.39077
0.851574	0.268635
-0.213073	-0.318347
-0.267392	-0.820901
0.949348	0.449499
0.395297	-0.141657
0.243204	0.286354
-0.973535	-1.08591
-0.0283893	0.0243741
-0.462939	-0.0326703
0.971075	0.298001
2.56805	0.365053
-0.343438	-0.0714428
-0.0609805	0.193062
-0.712805	-0.511545
1.06885	0.510529
2.40509	0.516072
-1.00613	-0.734464
2.52459	0.0615574
0.482207	0.522876
-0.84317	0.249793
-0.93008	-0.579555
-0.593304	-0.165528
-0.615032	-0.304653
-0.832306	-0.29943
0.232341	0.341887
1.90536	-0.0585995
-0.908353	0.470797
-0.365165	0.741092
-0.734533	0.412561
-0.777988	-0.0729015
-0.452075	-0.0849742
1.16662	0.330003
-0.0175256	0.40505
1.27526	0.318259
-0.93008	-0.549859
-0.332574	0.131299
2.12263	0.470952
-0.66935	-0.875795
3.06778	0.695209
0.101976	0.159971
-0.93008	-0.359358
-0.58244	-0.371099
1.99227	0.0380715
-0.832306	-0.965505
-0.799715	-1.05219
-0.430348	-0.784972
0.0911119	0.479944
-0.245664	-0.28724
-0.299983	-0.309227
1.1449	0.429311
-0.452075	0.274178
0.656027	0.611398
-0.908353	-0.74964
-0.00666181	-0.513457
1.51426	0.281231
-0.538985	0.0964629
-0.484667	0.324456
0.547389	0.272087
-0.615032	-0.525564
-0.908353	-0.895128
-0.430348	0.298482
-0.854034	0.430927
-0.452075	-1.04678
-0.115299	-0.159762
-0.832306	-0.85823
1.7424	0.0442225
0.00420194	-0.130229
0.167158	0.135321
-0.202209	-0.598733
0.145431	-0.315003
-0.462939	0.164456
-0.701942	0.182127
0.0585207	-0.471964
-0.886625	-0.492769
-0.278255	0.318173
-0.278255	-0.351839
1.30785	0.487075
0.406161	0.339916
-0.93008	-0.341382
4.05638	0.111779
-0.973535	-0.189853
-0.919216	0.339211
-1.01699	-0.273671
-0.940944	-0.74171
1.60117	-0.126784
-0.658487	-0.467626
-0.66935	-0.348363
-0.777988	-0.372799
-0.984399	-0.58695
-0.419484	-0.385095
-0.180482	-0.541703
0.395297	-0.188371
-0.886625	0.359437
-0.441212	0.323701
0.0150657	0.15813
-0.821443	0.201221
-1.01699	-0.332915
1.21008	0.372829
-0.104436	-0.570554
-0.691078	-0.532036
1.66635	0.281837
-0.864898	-0.403144
-0.93008	0.372159
2.23127	0.742292
-0.506394	-0.259995
0.221477	0.301022
-0.767124	-0.628638
2.52459	0.401868
-0.0501168	0.224628
-0.919216	-0.361473
-0.940944	-0.629878
-0.940944	-0.647817
0.00420194	0.396561
0.101976	0.466864
-0.734533	0.039198
0.0476569	0.217813
-0.712805	0.282073
-0.343438	0.392969
-0.777988	-0.311151
0.0259294	-0.148419
-0.854034	-0.535416
-0.202209	0.0610588
2.91569	0.239509
-0.93008	0.219743
-0.734533	0.126687
-0.734533	0.272569
-0.473803	-0.258578
0.0367932	-0.0348136
-0.962671	-0.671682
-0.93008	-0.47241
1.13403	0.00699332
-0.799715	-0.772481
-0.115299	0.326275
0.210613	0.415299
-0.484667	-0.475093
-0.169618	-0.00615913
-0.397757	0.137338
0.732073	0.548452
2.16609	0.380664
0.949348	0.222416
-0.32171	0.41248
-0.636759	-0.325007
-0.995263	-0.464562
-0.365165	0.531102
0.569117	-0.392831
-0.919216	-0.665036
1.53599	0.410692
-0.712805	0.190127
0.221477	0.476257
1.99227	0.206147
-0.625895	-0.877083
-0.452075	0.254253
1.30785	0.235638
0.112839	0.457774
2.6115	0.687667
2.82878	0.590787
-0.202209	0.042103
-0.66935	-0.684123
0.0150657	0.202068
-0.267392	0.326597
-0.810579	-0.165364
0.57998	0.263404
-0.571577	-0.381653
0.275796	0.424426
-0.365165	0.253398
-0.723669	-0.652416
1.16662	0.235735
-0.278255	-0.163765
-0.723669	-0.0394899
-0.799715	-0.0864028
0.340978	0.398822
0.656027	0.109662
1.61204	0.383432
-0.647623	-0.377643
-0.767124	-0.739824
0.362706	0.523505
-0.951808	-0.652773
-0.549849	0.0671373
0.0367932	-0.0295646
0.340978	0.319586
-0.571577	0.0439119
-0.506394	0.181418
-0.875761	-1.03177
-0.908353	-0.55783
0.57998	0.196549
0.873302	0.29905
-0.126163	-0.324041
0.992803	0.422961
-0.571577	0.418015
-0.788851	-0.511812
-0.701942	-0.142365
-0.908353	-1.01168
-0.810579	0.176346
1.34044	-0.464391
0.145431	0.341614
-0.658487	-0.703446
0.0693844	0.398605
-0.549849	-0.0502276
-0.278255	0.335511
-0.158754	0.387225
-0.788851	-0.433003
0.916757	0.232514
-0.430348	-0.449174
-0.14789	-0.462397
2.02486	0.643723
-0.202209	-0.180454
-0.875761	-0.376247
-0.0935718	0.384926
1.01453	0.413341
0.330114	-0.0164454
-0.886625	-1.38354
0.514798	-0.330876
0.92762	0.349417
-0.832306	-0.38043
-0.245664	-0.621914
0.57998	-0.0191973
0.905893	0.562548
0.786392	0.333201
0.210613	0.279183
-0.875761	0.411118
1.1123	0.384259
-0.777988	0.269929
-0.082708	0.689643
-0.517258	0.34748
-0.886625	-0.787088
-0.593304	-0.0635726
-0.984399	-0.225977
-0.984399	-1.03863
0.482207	0.124692
-0.593304	0.0419724
-0.0718443	0.359511
-0.615032	-0.178877
-0.658487	-1.51091
2.32904	0.686935
-0.908353	-0.830933
-0.93008	-0.157286
0.623435	-0.1243
0.612572	0.430393
0.558253	0.481995
-0.691078	0.1171
-0.84317	0.214781
-0.647623	0.440217
-0.625895	0.115161
0.00420194	-0.0819306
2.76359	0.627496
3.92601	0.567014
0.786392	-0.984892
-0.0609805	-1.16558
-1.00613	-1.16169
-0.32171	0.240597
-0.32171	-0.322629
-0.32171	0.236108
1.88363	0.209848
0.417024	0.40991
0.547389	0.186757
-0.93008	-0.332445
-0.691078	-0.101146
0.84071	0.268496
0.656027	0.61847
-0.528122	0.0805188
0.0911119	-0.545889
0.634299	-0.224841
-0.49553	-0.248796
0.362706	0.0686881
-0.49553	-0.863708
-0.517258	-0.04303
1.1123	0.286974
0.66689	0.0786085
-0.973535	-0.846766
-0.875761	0.0660254
-0.593304	0.357833
-0.538985	0.0808287
0.569117	0.429462
-0.0609805	0.412338
0.178022	0.0551957
0.0367932	0.452684
0.221477	-0.464714
2.60064	0.432047
1.56858	0.336696
0.721209	-0.313556
-0.93008	-1.08077
-0.832306	-0.233095
-0.58244	-0.552236
-0.299983	0.428507
2.17695	0.539746
0.145431	0.37316
1.30785	0.434114
1.13403	0.171276
1.94881	0.298351
-0.973535	-0.626173
0.612572	0.0862232
0.0585207	-0.48083
0.742937	0.625314
0.981939	0.503108
-0.299983	-0.0508587
-0.973535	-0.615042
-0.376029	0.333882
-0.528122	0.530353
-0.84317	0.039227
-0.908353	-0.844748
-0.419484	-0.196591
-0.93008	-0.627717
1.91622	-0.379523
1.31872	0.310789
-0.701942	-0.0374013
-0.940944	-0.749636
0.764664	-0.0848804
-0.625895	0.254892
-0.202209	-0.41681
1.29699	0.130499
0.101976	-0.13438
-0.473803	-0.22761
-0.452075	-0.555613
-0.799715	-1.49465
-0.223937	0.314694
0.199749	-0.0580649
-0.680214	0.481013
-0.462939	0.311831
-0.419484	0.0351832
-0.213073	-0.0144581
1.18835	0.502034
0.775528	0.564759
-0.897489	-0.119181
-0.615032	-0.537645
-0.680214	0.265414
0.0693844	0.449763
-0.386893	0.260257
-0.462939	0.0211218
-0.625895	-0.642264
-0.854034	0.387109
0.84071	0.126183
-0.289119	0.363066
-0.430348	-0.28699
1.43822	0.763924
0.49307	0.0612254
-0.832306	0.425229
0.0911119	0.203708
-0.93008	-0.394401
-0.484667	0.30914
0.254068	-0.43445
0.167158	-0.0327735
1.09058	0.548577
0.438752	0.294193
-0.886625	-0.309894
-0.191345	0.409237
-0.223937	0.045707
-0.473803	0.322399
-0.886625	-0.431019
-0.0935718	0.0367439
2.35077	0.775896
-0.75626	-0.0451018
0.417024	0.204291
-0.625895	-0.19266
-0.658487	-0.304861
-0.788851	-0.307036
0.00420194	0.0809622
-0.528122	-0.816732
0.0150657	-0.0119168
-0.723669	-0.20226
0.938484	0.68397
2.88309	-0.0167403
-0.289119	-0.549741
1.1449	0.283671
-0.560713	-0.168104
-0.126163	0.182789
1.18835	0.201595
2.01399	0.449101
-0.810579	-0.850726
-1.00613	-0.21968
4.25193	0.517305
0.167158	0.525317
-0.984399	-0.582001
1.84017	0.409084
1.17749	-0.305655
-0.615032	-0.625647
-0.256528	-0.217599
-0.40862	-0.254069
-0.245664	0.179466
1.31872	0.493195
0.981939	0.381893
2.14436	0.64315
3.02432	0.573245
0.525662	-0.48615
1.2644	0.468825
2.70927	0.45628
1.15576	0.160742
0.66689	0.202986
-0.767124	0.0657376
-0.84317	0.591262
-0.777988	-0.455314
-0.00666181	0.32999
-0.0283893	0.398643
1.30785	0.343474
0.145431	0.523046
-0.875761	-0.0218745
2.60064	0.227976
0.0693844	-0.269105
3.04605	0.433586
-0.625895	0.218674
-0.14789	-0.342974
1.68808	0.631902
1.31872	-0.257968
-0.115299	0.119557
1.66635	0.258376
-0.484667	-0.0347952
0.243204	-0.619216
-0.365165	0.154369
0.427888	0.11305
0.471343	0.142278
-0.93008	-0.825766
0.895029	0.459616
-0.897489	-0.177608
-0.767124	-0.834928
-0.93008	0.065373
-0.223937	0.37993
6.35949	0.736255
-0.538985	-0.111327
-0.897489	-1.39429
1.49254	0.265589
-0.452075	-0.804684
-0.951808	-0.586399
-0.40862	-0.333483
-0.615032	-0.0804094
2.78532	0.513927
0.775528	0.20952
1.19921	0.026858
0.938484	-0.0191916
0.732073	0.180524
-0.517258	-0.765507
-0.984399	0.10133
-0.180482	0.548959
0.829847	0.108592
4.1107	0.124236
0.829847	0.093849
0.808119	0.516044
-0.788851	-0.624303
4.27365	0.0267569
-1.03872	-0.525501
-0.593304	-0.367527
-0.593304	0.304169
-0.32171	0.286557
1.37303	0.203787
0.503934	0.0444246
-0.821443	-0.743357
-0.908353	-0.992489
-0.430348	-0.159603
2.92655	0.567905
-0.875761	-0.871695
0.471343	0.415282
-0.0718443	0.372286
-0.691078	0.13061
-0.691078	0.147251
0.362706	0.482616
0.275796	0.437951
-0.821443	-0.0858999
0.210613	0.375871
0.938484	0.517302
-0.267392	0.172759
-0.897489	-1.57998
0.395297	0.34521
-0.962671	-0.158
0.167158	0.259786
-0.854034	-0.651418
-0.593304	-0.197194
-0.310847	0.197484
-0.571577	0.581362
-0.908353	-0.0993893
-1.00613	-0.266516
-0.528122	-0.368599
0.66689	-0.0832135
-0.66935	-0.173288
-0.940944	-0.842604
0.330114	0.368361
-0.919216	-1.06369
-0.745396	0.579919
0.0911119	0.255743
-0.49553	-0.483808
-0.886625	-1.12822
0.732073	0.457304
-0.0718443	-0.203817
-0.430348	0.245709
0.427888	-0.125845
0.101976	0.114083
0.656027	0.256854
-0.647623	-0.802393
-0.180482	0.324856
0.243204	0.297927
0.0585207	0.345791
1.10144	0.561926
0.330114	-0.44478
-0.00666181	0.493754
1.10144	0.411187
0.677754	0.358922
-0.180482	0.375782
-0.908353	-0.112477
-0.973535	-1.07575
0.710345	-0.230292
-0.593304	-1.3646
-0.386893	-0.521517
0.0367932	0.282818
-0.625895	-0.70983
2.22041	0.490295
1.06885	0.342888
0.264932	0.344319
-0.886625	-0.704456
-0.832306	-0.63683
-0.680214	0.242115
1.07971	0.506221
0.199749	0.454395
0.514798	0.393641
-0.854034	-0.894161
-0.419484	0.488965
-0.788851	0.215562
0.264932	-0.424418
-0.332574	-0.126845
-0.430348	0.593093
0.254068	-0.803881
-0.158754	0.418847
-0.528122	-0.171087
-0.875761	-0.585164
-0.777988	-0.558825
-0.647623	0.17776
2.27472	0.269779
0.971075	-0.00315732
-0.14789	0.0800132
-0.691078	-0.0751402
0.482207	0.0940109
-0.528122	0.494996
-0.66935	-0.541294
0.0802482	0.573885
0.373569	0.116316
-0.169618	0.579943
1.07971	0.271704
0.57998	0.402549
2.20954	0.0725551
0.178022	0.214393
-0.658487	0.356326
-0.40862	0.401609
0.797255	0.274871
-0.104436	0.0166545
1.22094	-0.177811
-0.919216	-0.0194605
-0.343438	-0.148029
-0.082708	0.362689
-0.245664	-0.00576148
-0.278255	0.321178
2.45941	0.381792
-0.126163	-0.0485398
-0.549849	0.192885
-0.0175256	0.368443
-0.897489	-0.409837
0.590844	0.711005
0.112839	0.250352
-0.973535	-0.564042
0.460479	0.267969
0.384433	-0.175455
-0.919216	0.355548
-0.984399	-0.0307869
-0.886625	-1.01845
-0.84317	-0.0417863
1.23181	-0.064128
-0.658487	-0.0293751
-0.625895	0.265035
-0.376029	0.157831
-0.886625	-0.785848
0.156294	0.0682717
-0.223937	0.411908
-0.0935718	-0.0232527
-0.908353	0.283253
-0.984399	0.371112
-0.691078	-0.13752
0.688618	0.578339
1.06885	-0.0422817
0.699482	0.578368
-0.734533	-0.344916
-0.213073	0.383994
-0.560713	0.407406
-0.49553	0.390725
0.590844	0.422613
-0.962671	-0.795569
-0.66935	-1.51649
-0.039253	0.349466
-0.213073	-0.487144
-0.104436	0.108576
-0.386893	-0.0704568
-0.940944	-0.264389
1.3839	-0.806323
-0.158754	-0.0011045
0.818983	0.10521
-0.680214	-0.857304
0.873302	0.306385
-0.0935718	0.456418
1.75326	0.367925
-0.908353	-0.328214
-0.343438	0.313864
-0.84317	0.238903
1.37303	0.317724
0.57998	0.0491395
-0.376029	0.233066
1.09058	0.614849
-0.452075	0.573534
0.547389	0.054957
0.395297	0.306732
-0.919216	-1.02789
-0.2348	-0.451874
-0.484667	-0.767467
-1.02785	-0.824067
0.145431	-0.226377
-0.908353	-0.231226
-0.875761	-0.346415
-0.93008	0.0307081
-0.875761	-0.172525
-0.658487	-0.512755
-0.289119	0.0945003
2.253	-0.0602551
1.6229	0.513598
-0.777988	-1.01927
1.3839	0.538879
-0.571577	-0.481305
-0.593304	0.130841
-0.788851	-0.59095
-0.973535	0.0371353
-0.32171	0.102067
-0.93008	-0.989148
-0.864898	0.25195
-0.940944	-0.633994
0.0367932	0.131172
-0.473803	-0.260251
0.949348	-0.352583
-0.245664	0.246389
-0.788851	-0.830223
-0.919216	-0.381633
-0.973535	-0.518735
-0.549849	0.402576
-0.191345	0.211479
0.710345	0.0364845
-0.799715	-1.10831
-0.940944	-1.0295
-0.864898	0.543271
-0.430348	-0.432922
-0.908353	-1.08944
0.427888	0.0749049
-0.430348	-0.0164278
0.319251	0.0319833
-0.712805	0.385873
0.547389	0.214998
0.0911119	-0.0858411
-0.604168	0.416021
-0.691078	-0.843356
0.981939	0.695059
2.1009	0.271306
-0.506394	-0.400357
-0.701942	0.520652
0.427888	-0.00175658
0.471343	0.418428
-0.723669	-0.686267
1.1449	0.415764
-0.940944	-0.257784
4.30625	0.567729
-0.604168	-0.0222347
-0.419484	0.389012
-0.810579	0.504136
-0.343438	0.325176
-0.473803	0.288569
-0.593304	0.0784398
-0.169618	0.249897
1.1123	0.643373
-0.799715	-0.0215924
-0.767124	0.554873
-0.299983	-0.410492
-0.299983	0.103045
0.0259294	-0.0448285
-0.75626	0.149437
-0.267392	-0.447905
-0.93008	-0.676759
-0.93008	-0.104489
-0.0501168	0.251202
0.243204	0.358459
-0.538985	0.17087
1.12317	0.495079
-0.832306	-0.455814
-0.256528	0.401625
-1.02785	-0.150758
2.80705	0.204854
-0.289119	-0.0609944
0.677754	0.301701
-0.126163	-0.00342543
-0.354302	-0.357736
1.02539	0.291414
-0.984399	-0.607703
1.8619	0.621294
1.02539	0.366819
3.92601	0.465278
-0.462939	0.0633716
3.58924	0.69898
2.00313	0.0690739
0.829847	0.108798
0.0150657	0.018519
-0.854034	-0.423904
-0.473803	-0.129928
0.0476569	-0.838503
-0.995263	-0.286994
1.34044	0.624186
0.851574	0.0622162
0.503934	-0.0567127
-0.897489	-0.869766
-1.03872	-0.356384
-0.462939	0.0311489
0.797255	0.508659
-0.00666181	0.283462
-0.538985	-1.51669
-0.169618	-0.00355579
-0.908353	-0.350433
-0.256528	0.562193
1.70981	0.565847
2.253	0.617247
-0.832306	0.337819
-0.75626	-0.477959
-0.278255	0.225854
-0.788851	0.163843
0.286659	0.327491
0.0911119	-0.04112
1.43822	0.480518
1.70981	0.565198
-0.951808	0.0360523
-0.810579	-0.0422784
-0.299983	0.182713
0.395297	-0.0740003
0.297523	0.263959
0.590844	0.300351
-0.58244	0.427267
-0.788851	-1.17134
-0.897489	-0.522559
1.6229	0.563025
-0.919216	-1.21123
-0.245664	-0.183829
0.0476569	0.355931
0.0367932	-0.586633
-0.940944	-0.12249
0.482207	-0.0170708
0.49307	0.62298
-0.897489	0.496857
-0.0718443	0.541089
1.12317	0.697133
-0.593304	-1.18771
-0.973535	-0.762325
1.00367	-0.0189671
-0.93008	-0.87265
0.503934	0.782148
0.406161	-0.0712909
-1.00613	-0.435376
-0.93008	0.524609
0.829847	0.448791
1.35131	0.0660108
0.656027	-0.322339
0.960212	0.614153
1.52513	0.662258
-0.32171	-0.215169
-0.0501168	0.152633
0.558253	0.313303
0.49307	0.26374
-0.2348	-0.489058
-0.0501168	-0.182325
-0.897489	-1.08942
-0.810579	-0.458262
-0.691078	-0.690587
1.75326	0.226761
1.3839	0.166527
0.156294	0.18151
-0.734533	-0.52811
1.94881	0.129278
-0.854034	-0.230158
-0.528122	0.26163
-0.278255	-0.238929
-0.636759	-0.797948
-0.538985	-0.471918
-0.180482	0.163045
-0.940944	-1.01454
0.264932	-0.00366166
-0.549849	-0.139613
-0.93008	0.473377
0.851574	-0.466986
-0.289119	0.106076
0.178022	-0.153396
0.134567	0.25956
-0.962671	-0.747617
0.330114	0.1753
-0.984399	-0.56534
-0.310847	0.0918201
-0.538985	0.196016
4.38229	0.162887
-0.919216	-0.684442
-0.462939	0.508894
-0.180482	-0.30453
1.84017	0.412874
-0.49553	-0.0762233
0.525662	0.0397091
-0.604168	0.399465
-0.940944	-0.628925
-0.365165	-0.613336
-0.517258	0.0116227
-0.169618	-0.209147
0.123703	0.376114
-1.03872	-0.118417
-0.897489	-0.283467
-0.864898	-1.44876
2.20954	0.272707
2.19868	0.342725
0.503934	0.348595
-0.886625	0.463167
-0.158754	-0.0697512
-0.202209	-0.472369
-0.962671	-0.96451
-0.821443	-0.380739
-0.0283893	0.149251
1.00367	0.373656
0.0585207	0.0271656
-0.886625	-0.777407
-0.734533	0.525526
-0.951808	0.0409181
-0.680214	0.363999
-0.169618	0.466631
2.19868	0.530588
-0.528122	-0.594719
-0.962671	-0.335779
0.656027	0.269652
0.992803	0.530034
1.44908	0.238243
1.36217	0.17532
-0.734533	-0.140044
-0.40862	-0.837071
0.0911119	0.427902
0.406161	0.344768
-0.864898	0.131664
-0.0609805	-0.101663
-0.40862	0.114224
-0.940944	-0.861505
-0.332574	0.145909
-0.549849	-0.292292
-0.376029	-0.282924
-0.636759	-0.36174
-0.528122	-0.0461743
-0.354302	0.122101
0.188886	-0.0225388
-0.908353	-0.250714
-0.419484	-0.357274
0.971075	0.375916
-0.430348	-0.314129
-0.940944	-0.935917
-0.821443	0.267535
-0.115299	0.120145
-0.864898	-0.747284
-0.299983	0.729367
1.17749	0.264906
-0.0718443	0.195038
-0.962671	-0.931665
-0.777988	0.247308
0.49307	-0.356593
-0.886625	-0.0898724
-0.908353	-0.885177
1.24267	0.0141489
-0.386893	-0.760906
-0.506394	-0.0918683
-0.549849	-0.435153
-0.0935718	0.41533
1.35131	0.247536
-0.343438	-0.392255
0.688618	0.514196
-0.767124	0.0448134
-0.680214	-0.491
-0.0609805	-0.0455661
0.362706	-0.4907
-0.75626	-0.0943844
0.742937	0.0912596
-0.886625	-0.48887
-0.593304	-0.779419
-0.441212	0.289515
0.449616	0.313158
-0.897489	-0.386747
-0.75626	-0.946989
0.297523	0.187986
0.0259294	-0.0342403
-0.854034	-0.819544
0.471343	-0.361541
-0.365165	0.509855
1.00367	0.556192
0.134567	-0.0441616
1.18835	0.198474
0.710345	0.0330161
-0.473803	0.10305
0.275796	0.507925
-0.386893	0.208857
-0.169618	-0.527419
3.82824	0.807794
-0.908353	0.139001
1.89449	0.269719
0.395297	0.347837
0.00420194	-0.32759
2.27472	0.382863
3.80651	0.46501
9.48825	0.249208
-0.951808	-0.652355
0.786392	0.540987
-0.658487	0.100023
0.0367932	0.187237
-0.528122	0.0117153
0.764664	-0.147677
-0.712805	-0.354746
0.362706	0.250782
-0.788851	0.240076
0.482207	-0.437292
1.66635	0.304075
-0.810579	-0.258749
-0.658487	-0.580735
0.00420194	0.265466
0.167158	0.086817
-0.538985	0.272949
-0.745396	-0.0345199
-0.00666181	-0.209724
1.63376	0.534586
-0.864898	-0.632215
-1.01699	-0.133668
-0.2348	0.612988
0.460479	0.162462
0.134567	0.333492
-0.0609805	0.189134
-0.2348	0.30379
0.319251	0.51551
-0.0501168	-0.39406
-0.897489	0.0142855
-0.506394	-0.236614
-0.984399	-0.294873
-0.593304	-0.062078
0.0150657	0.145539
1.37303	0.261221
0.786392	0.654801
-0.462939	-0.200603
0.167158	-0.15856
-0.864898	0.0304165
0.732073	0.244501
-0.517258	0.437524
1.9814	0.528626
-0.397757	-0.43655
-0.0501168	0.458821
-0.93008	-1.01695
1.6229	0.344069
1.94881	0.238293
-0.256528	-0.443385
1.21008	-0.381816
0.134567	-0.537776
-0.354302	-1.24425
1.76413	0.369372
-0.32171	-0.0811878
0.449616	0.476005
-0.854034	-0.340373
-0.213073	0.0756279
-0.821443	0.0849047
-0.919216	0.333625
-0.267392	-0.825792
-0.995263	-0.556572
-0.832306	0.389609
-0.767124	0.295847
-0.647623	-0.184634
-0.66935	-0.288195
-0.940944	-0.975191
2.83964	0.517818
0.319251	0.166677
5.04498	0.641329
-0.549849	-0.412316
1.24267	0.242039
0.0693844	0.397416
-0.506394	0.347853
0.699482	0.0233616
-0.66935	0.0834083
-0.821443	-0.787288
-0.571577	-0.154848
0.623435	0.372092
-0.788851	-0.365006
-0.777988	-0.372188
0.688618	0.778466
1.99227	0.781425
-0.897489	-0.580762
0.340978	0.00302211
-0.940944	-1.15308
-0.712805	0.451632
1.07971	0.00633707
-0.962671	0.163317
-0.647623	-0.186986
0.373569	0.122971
3.19814	0.575465
-0.376029	0.136443
0.232341	0.326733
-0.854034	0.337417
-0.777988	-0.184078
-0.452075	0.548469
-0.777988	-0.163671
-0.213073	0.402323
0.677754	0.754739
-0.365165	-0.011375
0.243204	0.240741
-0.767124	-0.120402
1.53599	0.257908
-0.810579	0.353998
-0.245664	0.0305591
0.00420194	0.491477
2.93741	0.756391
-0.93008	-0.42632
-0.32171	-0.440914
1.42735	0.176721
-0.354302	-0.0935718
-0.647623	0.349533
0.66689	0.368553
-0.115299	0.316814
0.0367932	0.264738
-0.940944	-0.657796
-0.593304	-0.184489
-0.658487	0.428291
1.21008	0.544267
-0.897489	-0.757817
-0.191345	-0.124004
1.05799	0.322615
-0.376029	0.464136
-1.01699	-0.874871
-0.973535	-0.50658
0.264932	0.320059
-0.278255	0.213151
-1.03872	-0.401585
3.67615	0.569683
-0.14789	0.315382
0.319251	0.278217
0.188886	0.25622
-0.430348	-0.17798
0.438752	0.0652473
-0.32171	-0.561716
-0.213073	-0.562498
0.895029	0.464097
-0.897489	-0.340712
-0.376029	-0.0599631
-0.245664	-0.304479
0.0150657	0.528547
0.319251	-0.312652
1.44908	0.457606
1.68808	0.366852
2.44854	0.526609
-0.84317	0.117214
-0.864898	-0.429401
-0.734533	0.530166
-0.376029	0.163352
2.14436	0.304814
-0.767124	-1.18174
0.145431	0.0404525
-0.886625	-0.535202
-0.821443	-0.0580067
-0.462939	0.310629
1.60117	0.594335
-0.245664	0.116574
1.69895	0.10353
-0.984399	-0.67646
0.710345	0.514484
0.66689	-0.191917
-0.354302	-0.0259849
-0.734533	-0.273779
-0.571577	-0.386666
0.417024	0.0358138
-0.940944	0.378742
-0.473803	0.441423
-0.854034	-0.3895
2.17695	0.725626
-0.58244	0.0463135
0.677754	-0.494553
-0.799715	0.431117
-0.897489	-0.345702
1.39476	0.353949
-0.832306	-1.45337
-0.419484	-0.0983395
-0.180482	-0.28213
-0.14789	0.00977547
-0.2348	-0.599718
0.134567	-0.0117804
-0.897489	-0.363692
0.916757	0.446712
-0.799715	-1.61559
-0.202209	-0.0183142
0.438752	0.501787
2.11177	0.357631
-0.0501168	0.474812
-0.158754	-0.110222
-0.604168	-0.345388
0.0367932	0.148
-0.777988	-0.336258
-0.49553	0.167046
0.101976	0.365842
-0.745396	0.369032
-0.0718443	0.438874
-0.484667	-0.0214025
1.8619	0.505968
-0.908353	0.209007
4.27365	0.518035
-0.951808	-0.786797
3.90429	0.456504
0.634299	0.48129
1.54685	0.33775
-0.973535	-0.428453
0.612572	-0.0232122
0.601708	0.474544
0.351842	0.355526
-0.267392	0.624948
-0.452075	-0.451848
-0.538985	0.351762
0.786392	0.177987
-0.734533	0.336161
-0.32171	0.523188
-0.821443	-0.705958
-0.223937	0.227507
2.01399	0.504562
0.254068	0.390126
0.145431	-1.10915
-0.441212	-0.285245
0.297523	0.121084
-0.528122	0.0434074
-0.299983	0.489757
-0.734533	0.0785126
0.960212	-0.194869
0.123703	0.0464087
-0.951808	-0.15408
-0.528122	-0.303697
-0.615032	-0.0319667
0.330114	0.415261
-0.00666181	0.0259123
-0.75626	0.396561
0.536525	0.426592
1.36217	0.121721
-0.951808	-0.20488
-0.886625	0.299368
-0.919216	-0.458375
0.0259294	0.201707
2.06831	0.00719169
-0.886625	-0.791334
-0.799715	-0.440945
-0.734533	-0.307558
-0.745396	0.334034
0.286659	0.34094
2.11177	0.404729
2.07918	0.472311
-1.03872	-1.09827
-0.821443	-0.585478
0.818983	0.442678
-0.886625	-0.545704
-0.680214	-0.314306
0.264932	0.139277
1.82931	0.419874
-0.875761	-0.582481
1.63376	0.615947
0.362706	0.0622108
0.0693844	-0.45401
-0.962671	-0.396935
-0.962671	-0.926641
1.94881	0.594513
-0.538985	-0.119668
-0.223937	0.587579
0.0911119	-0.0135333
-0.299983	0.0106332
1.69895	0.243872
-0.854034	0.300462
4.49093	0.073134
0.514798	0.360496
1.51426	0.359262
-0.680214	0.103751
-0.419484	-0.499045
1.6229	0.712935
-0.506394	-0.185957
0.417024	0.340384
-0.777988	-0.315184
0.362706	0.143508
-0.169618	0.562375
0.0476569	0.468412
0.264932	-0.312456
0.275796	0.515406
-0.658487	-0.581438
0.286659	0.438618
0.558253	0.463944
-0.506394	0.0198689
2.63323	0.579618
-0.506394	0.242649
-0.875761	-0.0401176
1.61204	0.134969
0.427888	0.563915
0.145431	-0.0553319
-0.84317	-1.13811
-0.973535	-0.532184
0.0911119	0.387731
-0.462939	0.256708
-0.799715	-0.699953
1.24267	0.452266
0.808119	0.427362
-0.788851	0.126126
0.340978	0.193612
1.30785	0.203887
-0.875761	-1.03917
-0.886625	-0.2147
0.0693844	-0.726311
-0.082708	0.156817
-0.441212	-0.294606
-0.93008	-0.456903
-0.951808	-0.109254
-0.2348	0.498039
0.590844	0.0837441
-0.593304	0.202741
-0.788851	0.092404
0.145431	-0.0966153
-0.691078	0.505443
0.699482	0.181317
-0.158754	-0.0516542
3.07864	0.537168
0.645163	0.460779
0.634299	-0.00844474
-0.723669	0.461782
1.03626	0.59884
0.112839	0.135512
-0.213073	-0.691925
0.547389	0.573904
0.884165	0.354768
-0.332574	0.477892
-0.202209	0.158201
-0.767124	0.387177
0.482207	0.426075
-0.864898	0.239524
-0.680214	-0.201122
-0.897489	-0.642178
0.742937	-0.196449
-0.213073	0.190269
-0.0718443	0.249624
0.547389	0.244711
-0.886625	-0.496775
0.558253	-0.157439
-0.528122	0.499239
-0.571577	-0.835435
-0.452075	0.137781
-0.256528	-0.164897
0.112839	-0.125247
-0.93008	-0.347282
0.0259294	0.424656
-0.126163	0.551001
1.48167	0.310401
0.232341	0.145838
1.91622	0.400269
-0.897489	-0.0304384
-0.810579	0.0980766
-0.386893	-1.19565
-0.549849	0.172051
0.482207	-0.122989
2.45941	0.300687
2.14436	0.426584
-0.777988	0.111254
-0.571577	0.409229
-0.875761	-0.223422
-0.712805	-0.696102
-0.386893	-0.118295
-0.75626	0.146239
-0.854034	-0.516722
-0.973535	-0.725972
-0.039253	0.497516
2.56805	0.0329671
-0.75626	-0.399673
-0.32171	0.331424
-0.810579	-1.04984
-1.01699	-0.584029
-0.310847	-0.359611
-0.604168	-0.0124672
-0.886625	-0.700388
-0.462939	0.207741
0.00420194	0.402211
-0.712805	-0.588558
-0.430348	-0.546713
-1.02785	-0.972302
3.02432	0.0448888
-0.462939	0.00881411
-0.484667	-0.614525
-0.75626	-0.0337893
-0.973535	-0.869318
0.0259294	0.293656
-0.376029	0.235014
-0.788851	0.302984
-0.593304	0.313699
-0.137027	0.486619
-0.58244	-0.504977
-0.799715	0.186189
-0.256528	0.703218
0.199749	-0.0880577
0.0259294	0.134317
-0.821443	0.365245
-0.832306	-0.0413655
-0.973535	-0.916012
3.89342	0.679378
0.0802482	0.440824
0.569117	0.686776
-0.712805	-0.897998
0.232341	0.728015
-0.549849	0.0589064
0.7538	0.190638
-0.506394	-0.521147
-0.897489	-1.47728
0.0911119	0.174169
-0.310847	0.00918113
1.31872	0.503354
-0.40862	-0.582739
-0.430348	0.286678
-0.832306	-0.895973
0.829847	-0.0945323
0.721209	0.42216
-0.169618	-0.270019
0.199749	-0.451425
0.688618	0.198174
-0.278255	-0.0581999
-0.430348	0.0849226
0.536525	0.318163
-0.245664	0.566624
2.02486	0.392983
0.775528	-0.192474
2.57891	0.466189
0.188886	0.174984
0.254068	-0.0986916
1.88363	-0.0499803
0.612572	0.494144
-0.376029	0.251104
-0.767124	0.423283
2.38336	-0.352168
-0.832306	-0.956449
-0.538985	-0.739405
-0.984399	-0.809666
-0.430348	0.321532
-0.973535	-2.37699
-0.571577	0.061208
-0.93008	-0.0997988
-0.636759	0.30214
0.351842	0.153714
1.1123	0.484911
0.0693844	0.343815
-0.951808	-0.726744
0.764664	0.240424
-0.897489	-0.954955
-0.625895	-0.398654
-0.951808	-0.558921
-0.2348	0.412779
-0.897489	-0.913269
-0.66935	-0.149327
-0.506394	-0.563363
0.84071	0.140893
0.188886	-0.175834
0.558253	0.609715
-0.984399	-0.639923
-0.854034	-0.339421
0.688618	0.417419
-0.593304	0.0148224
0.308387	0.441814
0.699482	-0.141695
1.10144	-0.000967128
0.0150657	0.457766
-0.723669	0.0708814
2.15522	0.0523625
0.427888	0.257185
0.851574	-0.291874
-0.213073	0.0417589
-0.604168	-0.777451
0.981939	-0.0547415
-0.49553	-0.0883414
-0.473803	-0.14513
-0.93008	-0.831601
-0.93008	-0.639324
1.70981	0.258877
1.92708	0.483766
0.101976	0.200021
2.76359	0.139322
0.00420194	0.492974
-1.02785	-0.0784627
0.0802482	0.432227
0.0911119	-0.286824
0.0585207	0.389501
-0.951808	-0.40539
0.797255	0.412938
-0.0283893	0.475165
-0.245664	0.422658
-0.245664	0.306185
1.53599	0.466346
-0.810579	-0.222623
-0.571577	-0.59017
-0.788851	-0.815274
0.395297	-0.402281
0.449616	0.141118
-0.821443	-0.624336
-0.810579	-1.23976
-0.636759	-0.216572
-0.332574	0.208011
0.808119	-0.0718806
1.45994	0.549379
-0.962671	0.264885
-0.0501168	-0.279022
2.80705	0.39118
-0.875761	-0.186858
-0.169618	0.032004
-0.821443	-0.967753
0.0585207	-0.618414
-0.039253	0.473711
-0.886625	-0.772408
-0.484667	0.136164
-0.919216	0.467991
-1.06045	0.387991
0.482207	0.0796824
-0.886625	-0.243509
-0.66935	0.483734
-0.66935	0.455687
-0.169618	0.0964916
3.62183	0.385976
-0.658487	0.264076
-0.2348	-0.608819
0.471343	0.711201
-0.462939	0.100568
0.49307	-0.0679409
-0.0718443	-0.576663
-0.995263	-0.76245
-0.376029	0.321343
0.699482	0.352805
0.992803	0.216404
-0.84317	-0.743856
-0.158754	-0.00748533
-0.386893	0.226662
0.221477	0.127679
0.0367932	0.42688
0.0150657	-0.526185
-0.973535	0.129903
-0.864898	0.40565
0.645163	0.409859
-0.332574	0.0794188
-0.973535	-0.163048
2.26386	0.178621
-0.354302	0.490889
-0.973535	-1.18313
-0.354302	-0.0368461
-0.32171	0.59267
-0.615032	-0.437936
1.12317	-0.276561
0.308387	0.163275
-0.560713	-0.630475
-0.506394	-0.234245
-0.864898	0.0946107
-0.951808	0.368802
-0.691078	-0.133271
-0.745396	0.142472
-0.571577	-0.278875
-0.397757	0.435473
-0.897489	-0.216281
0.308387	0.545752
-0.484667	0.0524821
-0.75626	-0.130379
-0.886625	-0.234326
-0.832306	-0.0577801
-0.397757	0.356818
-1.01699	-0.699947
0.884165	-0.259679
-0.267392	0.137619
0.634299	-0.213521
-0.821443	-0.684566
-0.202209	0.577143
0.0911119	0.199272
-0.137027	0.344054
0.427888	0.0473539
1.84017	0.642426
1.39476	0.302977
-0.49553	0.343816
0.873302	0.0507619
-0.995263	-0.530566
1.29699	0.422367
-0.430348	-0.613088
0.742937	-0.279667
1.82931	0.658563
-0.875761	-0.0305531
-0.484667	0.112026
-0.14789	0.350293
0.612572	0.649668
-0.082708	-0.243917
-0.441212	0.306474
-0.864898	0.0903517
1.43822	0.396859
2.64409	0.339061
-0.310847	-0.146261
-0.452075	-0.129676
2.00313	0.376325
-0.777988	0.178992
-0.49553	0.493949
-0.973535	-0.0385326
-0.419484	0.370727
0.178022	-0.497844
0.167158	0.352441
0.134567	0.0326782
-0.701942	0.338275
-0.777988	-1.29353
1.22094	0.247829
-0.441212	0.422788
-0.995263	-0.555156
-0.213073	0.0247135
-0.14789	0.460182
-0.940944	0.0427761
-0.615032	-0.43327
0.362706	0.675838
0.264932	0.457841
0.525662	0.0931707
0.460479	-0.825188
-0.452075	0.227945
-0.245664	-0.0647197
0.623435	0.152777
-0.919216	-1.71348
-0.951808	-0.144341
1.44908	0.461792
0.373569	0.145754
-0.452075	-0.670219
-0.919216	-0.782682
-0.93008	-0.837055
0.254068	0.489535
-0.777988	-0.175192
-0.951808	-1.15826
0.0693844	0.538471
-0.680214	0.352515
-0.919216	0.25885
-0.897489	-0.952336
-0.723669	0.346623
-0.93008	-0.576175
-0.593304	0.363131
-0.593304	-0.230549
-0.897489	0.415141
-0.278255	0.436565
-1.01699	-0.628233
2.1335	-0.0528269
-0.191345	0.385924
-0.734533	0.484252
-0.604168	-0.324481
0.569117	0.423837
-0.560713	-0.0575527
-0.604168	-0.847639
-0.299983	0.757036
-0.299983	0.108892
0.699482	0.0508401
-0.940944	-0.687041
0.438752	0.672465
-0.962671	0.0195268
3.26333	0.0780205
-0.995263	-0.536525
-0.332574	0.143848
-0.082708	0.241776
-0.919216	-0.458991
3.80651	0.380847
4.67561	0.495921
-0.984399	-0.608041
-0.951808	-1.1708
-0.886625	-0.633428
-0.810579	-0.255735
-0.473803	-0.00399823
-0.528122	0.500181
-0.615032	-0.125043
1.44908	0.27167
-0.625895	-0.376544
1.94881	0.392772
-0.951808	-0.133831
4.72993	0.478802
-0.386893	0.496157
0.156294	0.0698528
-0.897489	-0.56912
0.351842	0.390023
-0.897489	-0.934516
0.57998	0.150093
-0.995263	0.0392716
-0.734533	-0.303357
0.210613	0.323577
-0.919216	-0.764289
0.112839	-0.486651
-0.169618	0.449956
-0.995263	-0.483921
1.72067	0.236033
-0.169618	0.230891
-0.908353	-0.31829
0.156294	0.340363
-0.636759	-0.341738
-0.560713	0.479069
-0.940944	-1.17264
-0.810579	-0.733781
0.84071	0.2873
-1.00613	0.419252
-0.115299	-0.407399
1.39476	-0.423645
-0.14789	-0.359933
-0.984399	0.107737
-0.854034	-0.35279
1.18835	0.424359
-0.680214	-0.67701
0.569117	0.177891
0.308387	-0.170741
-0.202209	0.0686051
-0.701942	-0.158619
1.87277	-0.573884
0.156294	-0.592989
0.49307	0.406649
1.32958	0.308259
-0.777988	0.0630564
0.699482	0.406497
-1.00613	-1.01017
0.417024	-0.310016
-0.0283893	-0.264499
0.145431	0.20443
-0.854034	-0.676786
0.00420194	-0.194309
1.55772	0.344636
0.395297	0.298851
-0.082708	0.233385
-0.940944	-0.283589
-0.462939	0.505572
-0.962671	-0.922196
-0.777988	-0.413409
-0.625895	0.501552
-0.245664	-0.0937401
0.742937	-0.238347
-0.940944	-0.515594
-0.473803	-0.104455
-0.549849	-0.711341
-0.767124	-0.42402
-0.332574	-0.1282
0.992803	0.623389
-0.745396	-0.309631
-0.560713	0.144855
-0.799715	0.140772
-0.788851	-0.15924
-0.93008	-0.41296
1.24267	0.522333
-0.810579	-0.556429
-0.2348	-0.187563
0.0150657	0.106973
1.18835	0.717787
-0.343438	-0.302425
-0.973535	-0.509832
-0.940944	-0.136442
1.47081	0.432017
-0.777988	-1.09386
-0.75626	-0.421856
0.971075	-0.00920841
1.31872	0.546043
1.31872	0.58516
-0.0609805	0.455183
-0.701942	-0.787292
0.286659	0.577484
1.52513	0.397649
0.460479	0.319308
-0.462939	-0.278096
-0.940944	0.308644
2.04659	0.537805
-0.58244	0.096254
-0.615032	-0.128463
1.41649	0.71832
-0.995263	-0.350939
0.243204	0.256121
-0.799715	0.0371678
-0.0609805	0.25031
-0.854034	-0.0754605
-0.777988	-0.219282
1.02539	0.359916
-0.354302	-0.388675
-0.951808	-0.673919
0.232341	0.128299
0.145431	-0.111649
-0.810579	-0.687785
2.39423	0.330773
-0.680214	-0.174656
-0.919216	-0.713173
0.319251	0.212041
-0.158754	0.152457
-0.995263	-0.69971
-0.962671	-0.700956
-0.777988	-0.25351
0.449616	0.501773
-0.484667	0.199748
-0.919216	-0.618002
0.395297	0.221862
-0.919216	-0.0713041
-0.691078	0.516785
0.525662	0.372862
0.49307	0.198324
-0.973535	-0.763846
2.30732	0.526453
-0.636759	0.562338
-0.864898	-0.514896
3.49146	0.407399
-0.962671	-1.21914
-0.571577	0.428656
0.7538	0.450505
-0.202209	-0.399411
-1.04958	0.182951
-0.299983	0.485877
0.00420194	0.0970224
-0.0935718	0.31692
-0.810579	0.160463
1.28612	0.528339
-0.886625	-0.27624
0.0259294	0.514413
0.601708	0.256956
-0.832306	-0.783522
0.243204	0.397254
0.156294	0.465888
-0.158754	-0.458019
0.319251	0.0968879
-0.919216	-0.410714
-0.951808	-0.353348
-0.810579	-0.751703
0.84071	0.0507589
-0.0283893	0.403129
-0.93008	-0.638677
-0.604168	-0.693296
-0.180482	-0.302376
-0.75626	0.163469
2.24213	0.454987
0.449616	0.637292
-0.169618	0.355562
-0.788851	-0.535146
2.05745	0.220021
-0.039253	0.0118562
2.99173	0.804701
0.482207	0.532498
-1.00613	-0.771594
-0.821443	0.02915
0.449616	0.04707
-0.854034	0.196231
2.04659	0.470104
-0.245664	-0.253007
-0.223937	0.502765
0.232341	0.121555
-0.821443	-0.893863
-0.452075	-0.0073789
-0.680214	-0.323114
-0.854034	-0.534314
-0.213073	-0.0770113
2.17695	0.432422
-0.854034	-0.0991097
-0.0718443	0.00277991
-0.647623	-1.32954
0.101976	0.737532
-0.560713	-0.246299
-0.528122	0.206814
-0.908353	-0.577334
-0.549849	0.560222
-0.365165	-0.470335
-0.658487	-0.642442
-0.0609805	0.24961
-1.00613	-0.360611
0.0150657	0.316555
0.210613	-0.277161
0.384433	0.71157
-0.506394	0.406482
3.06778	0.461263
0.275796	0.68459
-0.723669	0.0860717
-0.549849	-0.220976
-0.788851	0.318911
-0.897489	-0.309953
0.178022	0.29743
-0.680214	0.318224
-0.886625	-0.543914
-0.886625	-0.296067
0.895029	-0.198188
0.786392	0.541302
-0.039253	-0.317672
1.18835	0.308384
-0.354302	-0.0825786
0.373569	0.561798
-0.995263	-1.04651
0.00420194	0.383521
-0.223937	-0.242331
0.536525	0.677797
0.57998	0.475418
-0.452075	-0.160667
-0.680214	0.410818
-0.419484	-0.182923
-0.734533	-0.0631963
0.275796	0.417777
0.0150657	0.382628
-0.158754	0.286502
0.0259294	-0.584918
-0.962671	-0.826159
0.57998	0.584121
0.286659	-0.00501385
-0.886625	-0.0127371
-0.701942	-0.0620927
-0.810579	0.381116
-0.419484	-0.339338
-0.940944	-0.56153
-0.940944	-0.525292
-0.2348	0.0337523
-0.940944	-0.867297
1.1449	0.38199
1.70981	0.439089
-0.419484	0.0358668
-0.473803	0.366356
-0.354302	0.19099
-0.560713	-0.0175361
-0.66935	-0.00718413
1.05799	0.431248
1.82931	0.21246
-0.571577	0.269304
0.601708	0.40894
-0.2348	0.35399
0.449616	0.465107
-0.615032	-0.150591
-1.04958	-0.750018
1.06885	0.157797
-0.104436	0.492481
0.00420194	-0.154608
0.612572	0.716568
-0.430348	-0.762646
-0.701942	-0.64454
0.558253	0.0991931
0.134567	0.389632
-0.484667	-0.475688
-0.647623	0.0316837
-0.278255	-0.109715
3.15469	0.389981
-0.777988	-0.720995
-0.712805	-0.528512
0.0150657	0.214854
0.340978	0.501819
0.297523	-0.131413
-0.267392	-1.03633
-0.278255	0.391849
-0.0935718	0.0546676
1.42735	0.407018
-0.84317	-0.794416
-0.473803	0.0823027
-0.462939	-0.0795221
-0.430348	-0.133211
0.00420194	0.016035
1.52513	0.330195
-0.691078	0.193381
3.80651	0.499381
-0.484667	0.00370386
-0.0718443	0.48371
1.5034	0.864028
1.31872	0.482858
-0.245664	0.244609
1.12317	0.436202
-0.691078	-0.694066
0.645163	0.612051
-0.875761	-0.127241
0.362706	0.175311
1.03626	0.401653
1.19921	0.286956
0.286659	0.00247138
2.11177	0.0114399
1.09058	0.457324
0.156294	0.351543
2.30732	0.479698
-0.93008	0.413317
-0.484667	-0.247688
0.482207	0.435992
-0.397757	0.283422
0.471343	0.339985
-0.799715	-1.17912
-0.604168	0.425407
2.3725	0.655523
-0.0501168	0.0185385
0.547389	0.282554
-1.00613	0.523211
0.49307	-0.266318
-0.777988	0.0772003
-0.158754	0.101171
-0.897489	-0.160709
-0.799715	-1.13626
-0.908353	-0.905415
0.862438	-0.0655709
0.471343	0.282678
-0.66935	-0.414235
0.319251	0.450107
-0.951808	0.400023
-0.84317	-0.857313
-0.517258	-0.00646309
0.395297	0.412055
-0.528122	0.107943
-0.430348	0.207913
1.36217	0.310357
-0.506394	0.362324
-0.864898	-0.637836
-0.701942	0.272677
-0.419484	-0.0235075
-0.40862	-0.190767
-0.397757	0.0958855
-0.821443	-0.763516
-0.864898	-0.52893
-0.397757	-0.130179
0.178022	-0.227528
-0.397757	-0.531902
-0.58244	0.41662
-0.310847	-0.502264
-0.962671	-0.47508
-0.788851	-0.604704
-0.484667	0.0329298
0.0150657	0.0550607
-0.14789	0.246745
-0.66935	-0.0910392
-0.680214	-0.381226
0.417024	-0.198903
0.710345	0.563878
-0.484667	0.177281
0.123703	0.330218
-0.419484	0.358838
-0.886625	0.267402
-0.995263	-1.0348
-0.58244	0.439443
-0.854034	-0.281391
-0.995263	-0.561502
0.514798	0.0563541
0.254068	0.741652
-0.864898	-0.996547
1.1123	0.106023
1.1449	0.418327
0.471343	0.517984
-0.299983	0.310939
-0.223937	-0.477253
0.178022	-0.0193595
2.88309	0.623439
-0.039253	0.382897
0.254068	0.280751
-0.0283893	0.317281
1.17749	0.268199
0.873302	-0.151476
-0.0718443	-0.299685
0.449616	0.401774
-0.832306	-0.0769836
-0.788851	0.137177
-0.104436	-0.0863796
-0.213073	0.562653
-0.908353	-0.628226
1.59031	0.10774
-0.419484	-0.655006
0.101976	0.24904
-0.821443	0.37125
0.0150657	0.452425
0.905893	0.376278
0.340978	-0.282595
0.601708	0.677414
-0.864898	-0.977262
-0.115299	0.391146
-0.984399	-1.16437
-1.00613	-0.25787
-0.93008	-0.274431
-0.376029	0.257729
0.66689	0.123497
4.39316	0.371618
0.384433	0.258532
-0.549849	0.502401
-0.919216	-0.438938
0.101976	0.483079
0.829847	0.502246
1.23181	0.587926
-0.93008	-0.0304723
0.471343	0.0265488
1.41649	-0.0370089
-0.115299	0.32703
-0.517258	-0.901343
0.406161	0.404414
-0.886625	-0.860816
0.145431	0.383947
-0.93008	0.106981
3.1221	0.490903
-0.441212	0.422033
2.65496	0.505527
1.09058	-0.115708
2.14436	0.112246
0.92762	0.0418038
1.7424	0.503241
-0.777988	0.427227
-0.951808	-0.615985
0.0911119	-0.544376
-0.473803	-0.0297646
0.66689	0.0849055
-0.549849	-0.101334
-0.723669	-1.38954
3.9912	0.546116
0.558253	0.426049
-0.560713	0.0688838
0.884165	0.457139
-0.854034	0.274605
-0.799715	0.488853
4.19761	0.538363
-0.647623	-0.441597
-0.908353	-0.661996
0.471343	0.352901
2.65496	0.314291
-0.767124	0.0330412
0.547389	0.108707
-0.66935	0.365867
-0.810579	-0.138329
-0.419484	0.203322
-0.973535	-1.00861
-0.919216	-0.929175
-0.799715	0.0610451
-0.680214	-0.121442
-0.66935	-0.360219
1.80758	0.532538
0.275796	0.518969
0.612572	0.648287
0.764664	0.245199
-1.00613	-0.708412
-0.84317	-0.536288
-0.919216	-0.220915
-0.691078	0.0516127
2.70927	0.292678
-0.104436	0.13505
-0.604168	0.230418
0.384433	0.117447
0.123703	-0.287976
-0.854034	0.521945
-0.104436	0.113811
-0.777988	0.114409
-0.810579	-0.665797
-0.799715	-0.631698
0.156294	0.240915
-0.310847	0.267718
-0.213073	-0.243553
-0.625895	-0.203163
-0.126163	0.163471
-0.397757	-0.149405
-0.517258	-0.754677
-0.767124	0.23451
-0.734533	-0.253538
0.590844	-0.479368
-0.647623	-0.14561
-0.75626	0.224619
1.9814	0.400844
0.905893	0.242332
-0.115299	-0.24704
-0.886625	-0.58772
0.167158	0.40122
0.243204	0.311189
0.938484	0.128535
0.00420194	0.0463659
-0.66935	0.382072
-0.75626	0.469552
-0.202209	-0.103164
0.275796	0.510784
-0.517258	-0.461102
0.916757	0.0439121
-0.832306	0.0191416
-0.419484	0.491742
0.340978	0.17088
-0.604168	0.440802
-0.625895	-0.233412
-0.180482	-0.0324748
0.471343	0.258704
-0.310847	0.0568221
2.30732	-0.104045
0.634299	0.278211
-0.864898	-0.0190229
-0.973535	-0.781511
0.775528	0.0542927
-0.908353	-0.626764
-0.0609805	0.186762
-0.951808	-0.816709
-0.354302	-1.23208
2.41595	0.66691
-0.897489	0.345808
0.742937	0.53652
-0.745396	-0.179658
-0.854034	-1.74531
-0.919216	-1.60921
-0.625895	-0.349676
0.0259294	-0.0613371
0.351842	0.250188
-0.973535	0.5838
-0.00666181	-0.209041
-0.082708	-0.435813
-0.712805	0.370604
0.710345	0.416931
-0.32171	0.297053
-0.897489	-0.951944
0.601708	0.176299
0.330114	0.645953
-0.647623	-0.147947
0.101976	-0.65725
0.688618	0.370111
-0.332574	0.285818
0.264932	0.189786
-0.419484	0.353742
-0.126163	0.259219
-0.40862	-0.0205826
1.77499	0.379377
-0.84317	0.0525345
-0.256528	0.610318
0.84071	-0.146057
-0.615032	0.350996
-0.984399	-0.70791
0.710345	0.337343
-0.854034	0.425193
-0.00666181	0.487743
-1.00613	-1.35982
-0.549849	0.688609
-0.430348	-0.634649
0.503934	-0.225191
1.47081	0.0435065
0.514798	0.406075
-0.93008	-1.13381
-0.995263	-0.400691
-0.039253	-0.0848917
-0.767124	-0.953023
1.27526	0.264636
1.93795	0.167646
0.351842	0.277478
0.351842	-0.0924322
0.427888	0.105013
0.873302	0.302086
-0.658487	0.159767
-0.658487	-0.99508
1.39476	0.437605
0.0693844	-0.473033
1.13403	0.433828
-0.256528	0.363162
-0.799715	-0.485925
-0.528122	-0.0359024
0.612572	0.304911
-0.701942	0.3672
-0.973535	-0.261988
-0.615032	-0.969075
-0.386893	0.592276
-0.14789	-0.373149
0.482207	0.261645
0.254068	0.691897
0.156294	0.107007
-0.951808	-0.0476659
-0.213073	0.423902
0.0585207	0.00597655
2.492	0.338291
-0.571577	-0.459289
1.66635	0.530103
-0.951808	-0.644527
-0.962671	-0.0844645
-0.799715	0.0159434
-0.310847	-0.534345
0.949348	0.465326
-0.115299	0.686071
-0.84317	-0.713987
0.699482	0.358396
-0.66935	0.311712
0.514798	0.452999
-0.202209	0.230852
0.156294	0.246046
-0.538985	-0.0679217
0.0367932	0.36713
0.308387	0.385095
-0.593304	0.2526
1.37303	0.313554
-0.799715	-0.436472
2.12263	0.280467
-0.951808	-0.216053
0.525662	0.357885
1.13403	0.476074
-0.951808	-0.428565
0.482207	0.352882
-0.517258	0.454131
-0.701942	-0.572637
0.547389	0.0885675
-0.289119	0.29653
0.254068	0.0681792
-0.213073	0.00949546
-0.00666181	0.398791
-0.832306	-0.355619
1.19921	-0.236062
-0.995263	-0.810428
-0.940944	-0.356379
0.427888	0.372564
-0.267392	0.391501
-0.691078	0.156831
1.01453	0.0810747
-0.343438	0.174849
-0.2348	-0.197503
-0.810579	-0.314597
2.66582	0.370078
-0.191345	-0.0250714
-0.886625	-1.02451
-0.951808	0.284032
-0.365165	0.161321
0.0911119	0.432431
-0.14789	0.498353
1.55772	0.569866
0.49307	0.294266
-0.712805	0.315221
0.427888	0.562637
-0.777988	0.0630052
0.243204	-0.395031
0.623435	0.116226
-0.777988	0.383439
-0.14789	-0.616872
1.06885	0.305993
-0.962671	-0.484692
-0.191345	-0.00149589
-0.940944	-0.443166
-0.908353	-1.19528
1.7424	0.154608
4.72993	0.44493
-0.93008	0.0113376
1.60117	0.724034
2.99173	0.473147
-0.75626	0.329449
-0.973535	-1.28651
-0.940944	-0.783329
2.02486	0.109585
1.89449	0.499506
0.0911119	-0.924583
-0.788851	-0.51403
-0.14789	0.459905
-0.995263	-0.664494
0.569117	0.614807
-0.854034	-0.451209
-0.973535	-0.552458
1.97054	0.0179984
-0.93008	0.551335
0.199749	0.171122
-0.84317	-0.605627
0.156294	0.43556
0.0802482	0.268149
0.330114	0.117685
-0.0935718	-0.147905
0.123703	0.465491
-0.430348	-0.0565232
0.264932	0.227545
-0.701942	-0.158695
-0.430348	-0.375453
-0.538985	-0.106341
-0.0718443	-0.205518
0.590844	-0.0480859
-0.854034	0.11841
-0.365165	0.506025
-0.452075	0.268838
1.75326	0.233367
-0.354302	0.129512
0.330114	0.578677
-1.02785	-0.948782
-0.875761	-0.617459
1.51426	0.272945
-0.115299	0.245408
0.558253	0.191568
-0.158754	0.199326
-0.897489	-0.546845
1.23181	0.528856
0.123703	0.500911
2.86137	0.682646
-0.538985	-0.604835
2.68755	0.444129
-0.875761	-0.544741
1.03626	-0.401916
-0.93008	0.0104743
-0.571577	-0.35576
1.25353	0.413496
0.590844	-0.0856851
-0.93008	-0.11885
-0.984399	-1.01162
-0.419484	0.312337
-0.767124	-0.623587
-0.289119	0.0930881
-0.223937	0.0935151
-0.919216	-0.631869
0.264932	-0.0282926
-0.886625	-0.247669
1.15576	0.335062
2.35077	0.456047
-0.310847	-0.195901
0.0585207	-0.0342225
0.362706	0.163535
0.699482	0.045737
-0.430348	-0.33665
-0.549849	-0.771378
-0.126163	-0.0511167
-0.615032	-0.579265
1.7424	-0.337611
0.330114	0.284403
-0.864898	-0.0676296
-0.821443	-0.656594
-0.419484	0.526296
-0.734533	-0.668547
-0.777988	-0.550659
0.645163	-0.434022
-0.376029	-0.143731
-0.854034	0.411478
-0.66935	-0.00775682
-0.278255	0.39667
-0.962671	-0.730069
-0.441212	-0.0472762
1.05799	0.477836
2.60064	0.346832
-0.245664	0.223142
2.492	0.069146
1.04712	0.381391
-0.343438	-0.00452917
0.145431	0.0845422
-0.14789	-0.317794
1.04712	0.3514
0.297523	-0.0830138
1.05799	0.312714
0.156294	0.460592
-0.799715	-0.00146743
0.373569	0.280215
-0.973535	-1.03621
1.68808	0.338416
-0.625895	-0.0638673
0.677754	0.448937
2.03572	-0.226301
0.0585207	0.22744
-0.560713	0.349302
0.112839	0.0830436
-0.0283893	0.43518
0.319251	0.537293
0.49307	-0.15942
0.373569	0.131359
0.851574	0.601442
1.24267	-0.0326388
2.80705	0.0886986
-0.875761	-0.397721
-0.40862	0.403633
-0.560713	-0.0504705
-0.484667	-0.292837
-0.832306	0.165781
1.34044	0.508528
0.319251	-0.550654
0.101976	0.320498
-0.832306	0.354457
1.53599	0.377068
-0.66935	0.278841
-0.951808	-1.25869
-0.00666181	0.174652
1.02539	-0.0241115
0.895029	0.405431
-0.528122	0.0591519
-0.864898	-0.14425
-0.66935	0.0916346
-0.310847	0.240825
0.243204	-0.552508
-0.84317	-0.580372
-0.951808	0.457096
1.15576	0.235701
-0.517258	0.461238
0.0476569	-0.269765
0.742937	0.373832
-0.40862	-0.376001
0.156294	-0.189424
-0.810579	-1.02102
2.14436	0.479844
0.438752	-0.276012
-0.2348	-0.128888
-0.604168	0.150101
0.66689	0.00243742
3.14382	0.0958175
-0.864898	0.163751
-0.984399	-0.499845
1.7424	0.338795
-0.40862	0.0608955
-0.039253	-0.00312995
-0.832306	0.0239094
-0.919216	-0.709952
-0.908353	0.182662
-0.973535	-0.249963
2.58977	0.765303
-0.951808	-0.565609
-0.593304	-0.134909
1.02539	-0.00778764
-0.158754	0.306073
-0.875761	-0.256542
1.04712	-0.284527
-0.180482	0.226359
4.1107	0.600874
-0.940944	-0.480538
-0.14789	0.308962
0.0476569	0.454285
-0.49553	0.300017
-0.104436	0.271143
-0.951808	-0.705306
-0.886625	-0.636475
-0.32171	0.348789
-0.40862	0.207956
-1.00613	-0.078857
-0.0609805	0.171231
-1.02785	-1.51901
2.74187	0.390762
-0.386893	-1.36452
0.210613	0.264713
-0.691078	0.330035
-0.984399	-0.0782012
-0.951808	-0.694313
-0.484667	-0.536659
-0.625895	-1.05988
-0.821443	-0.185373
-0.680214	0.23413
-0.951808	-0.159907
-0.00666181	0.184522
-0.93008	-0.328327
-0.951808	-0.893153
0.134567	0.267287
-1.00613	0.10368
-0.299983	0.420607
-0.821443	-0.519417
1.82931	0.407183
-0.636759	-0.0775393
-0.799715	-0.0270348
-0.169618	-0.615458
-0.310847	0.202362
-0.897489	-0.452001
0.688618	0.059942
-0.691078	0.49472
-0.854034	-0.296278
-0.984399	-0.713265
-0.940944	-0.832407
-0.93008	-0.240141
0.156294	-0.416099
1.04712	0.348852
-0.886625	-0.583304
-0.289119	-0.0520817
-0.430348	-0.107025
-1.00613	0.175967
0.547389	0.134063
-0.397757	0.184971
-0.419484	-0.19194
-0.93008	-0.923764
0.145431	0.283141
0.57998	0.272068
-0.115299	0.206404
-0.810579	-0.0391205
-0.767124	0.328157
-0.289119	-0.029923
-0.278255	0.479291
-0.517258	0.447526
0.188886	-0.185785
-0.712805	0.293929
0.0476569	0.0488496
0.221477	0.337509
0.0693844	0.255061
0.775528	0.17294
0.167158	0.428178
2.14436	0.21745
-0.908353	-0.839012
-0.0175256	-0.0945325
-0.875761	0.129724
0.66689	0.748313
0.0911119	0.176011
-1.03872	-1.00746
-0.202209	-0.18158
1.56858	0.521068
0.688618	0.103381
-0.40862	0.346139
0.156294	-0.13429
-0.951808	0.270997
-0.213073	-0.356958
-0.636759	0.27412
-0.365165	0.181503
-0.0609805	0.175139
0.601708	0.289881
-0.701942	0.432722
1.78586	0.765194
-0.506394	0.25628
-0.365165	0.627443
1.28612	0.455724
0.49307	0.310817
0.406161	0.73064
-0.528122	0.295791
-0.14789	0.517396
-0.14789	0.580819
-0.636759	-0.0556823
-0.528122	-0.257615
-0.549849	0.194235
-0.0935718	-0.120769
1.59031	0.331422
-0.419484	0.497934
0.547389	0.231617
-0.386893	-0.2186
-0.267392	0.23871
2.78532	0.437754
-0.223937	0.387516
-0.810579	-0.428107
1.94881	0.391995
1.10144	0.42232
0.275796	0.204159
0.992803	0.370148
0.590844	0.273979
0.210613	-0.144508
-0.864898	0.335718
0.395297	0.395103
-0.14789	-0.110982
0.395297	0.0411325
2.07918	0.480059
-0.202209	0.17688
-0.854034	-0.0914205
-0.506394	0.320763
0.764664	0.419813
0.101976	0.0288751
0.330114	0.243293
-0.908353	0.50438
-0.973535	-0.556935
-0.430348	-0.589645
0.786392	-0.0511879
-0.93008	-0.742079
-0.723669	-0.342655
0.101976	-0.417418
-0.32171	-0.0274807
3.81738	0.0357527
-0.875761	-0.694872
-0.0609805	-0.253781
-0.93008	-0.608858
-0.810579	-1.05616
-0.560713	-0.38635
-0.397757	-0.644758
-0.00666181	-0.142996
-0.897489	0.466915
-0.419484	0.339563
-0.854034	-0.578313
-0.00666181	-0.0970783
1.61204	-0.0810524
3.69788	0.780758
-0.973535	0.359333
0.188886	0.27527
-0.332574	0.527281
-0.799715	-1.10158
-0.191345	-0.00375455
-0.2348	0.312615
-0.832306	0.152208
0.427888	0.189502
-0.386893	-0.632877
-0.2348	0.0974478
-0.821443	-0.59186
-0.625895	0.362535
0.895029	0.236709
-0.897489	-0.332876
-0.549849	0.136287
1.55772	0.0363615
-0.832306	-0.505789
-0.691078	0.331511
1.18835	-0.0804535
-0.799715	-0.417647
-1.03872	-1.12084
-0.691078	0.168719
0.862438	0.445891
0.514798	0.643435
0.721209	0.600328
-0.484667	0.414751
-0.647623	-0.134701
-0.299983	0.254723
-0.810579	-0.521132
-0.137027	-0.214857
1.1123	0.417775
-0.75626	-0.146372
-0.821443	-0.129595
-0.93008	-0.711677
-0.604168	0.059036
-0.647623	-0.235835
1.60117	0.491536
-0.58244	0.508166
-0.604168	-0.564222
3.01346	0.566952
-0.897489	-0.274172
-1.00613	-0.234163
-0.593304	-0.604002
-0.0609805	0.0551585
-0.875761	-0.936074
-0.49553	0.408392
0.960212	0.288087
-0.2348	0.291429
-0.365165	-0.173713
0.373569	0.0327658
0.797255	0.177115
0.438752	0.304496
-0.484667	-0.305338
-0.104436	-0.208725
-0.419484	0.490877
-0.788851	-0.0998192
-0.462939	0.00989052
0.427888	0.357132
-0.680214	-0.58825
1.8619	0.456275
1.22094	0.319165
2.19868	0.614394
0.232341	0.190701
-0.940944	-0.478525
0.308387	0.0943314
-0.864898	-0.390398
-1.01699	0.430681
0.156294	0.14912
0.134567	-0.0304062
-0.984399	-0.785145
0.297523	0.518927
-0.191345	0.215723
0.623435	-0.178731
-0.75626	-0.746659
0.460479	0.128215
0.949348	0.151545
0.721209	0.0992863
0.92762	0.30004
0.818983	0.290871
2.60064	0.374178
-0.32171	-0.105838
-0.137027	0.48973
-0.886625	-0.992384
-0.854034	-0.469367
0.525662	0.54388
3.61097	0.530935
-0.332574	0.253946
-0.854034	0.373497
0.525662	0.686782
1.15576	0.562509
-0.49553	-0.568045
-0.343438	-0.173083
1.34044	0.481713
-0.430348	0.00591147
-0.767124	0.324038
3.31764	0.619771
-0.452075	0.285893
-0.832306	0.328792
-0.995263	-0.868889
-0.84317	-0.121603
0.829847	0.0692191
-0.908353	-1.83108
-0.441212	0.24405
0.514798	0.491356
-0.571577	0.323678
3.89342	0.0552873
1.22094	0.410777
-0.647623	-0.0263786
-0.462939	-0.296902
-0.864898	-0.946045
1.00367	0.518417
1.60117	-0.234499
-0.115299	0.265717
1.88363	-0.0844955
0.471343	0.634552
-0.973535	-0.0431577
-0.517258	-0.0162075
-0.289119	0.403306
0.395297	0.169133
-0.365165	-0.247776
0.188886	0.365902
-0.832306	0.258067
-0.647623	0.163182
-0.0283893	0.0945453
-0.0718443	0.422954
-0.397757	-0.0303137
-0.397757	0.416751
-0.452075	-0.422805
2.00313	0.328508
-0.32171	0.464835
-0.734533	0.514457
-0.32171	0.410682
0.590844	0.347561
0.0585207	0.109045
-0.940944	-0.0898536
-0.788851	-0.453178
-0.191345	0.411799
0.656027	0.599209
0.438752	0.0563477
0.395297	0.0779599
-0.604168	0.14513
-0.919216	0.14982
-0.484667	-0.447658
0.0476569	0.0469929
1.48167	0.502428
-0.691078	-0.698843
-0.647623	-0.798177
-0.951808	-0.775959
-0.397757	-0.370706
-0.397757	0.169408
0.981939	0.198572
1.41649	0.253359
-0.940944	-0.275033
-0.908353	-0.146754
0.101976	-0.257533
-0.897489	-0.321448
-0.75626	0.145814
-0.58244	-0.0990365
-0.2348	-0.109777
0.427888	0.238072
1.05799	0.205025
-0.32171	-0.130008
-0.604168	0.237657
0.373569	0.0152922
0.971075	-0.367537
-0.691078	0.343835
1.42735	-0.00437505
-0.571577	0.347305
-0.864898	-0.436828
-0.734533	-0.282156
0.482207	0.0351
-0.441212	0.328921
-0.995263	-1.25313
-0.289119	0.303915
-0.777988	-0.837529
-0.93008	-0.887952
-0.940944	0.259152
0.123703	0.327893
-0.973535	-0.520387
-0.376029	0.227545
0.764664	0.453604
-0.615032	-0.440176
-0.484667	0.440585
0.699482	-0.0524944
-0.278255	-0.111006
-0.560713	-0.207482
-0.278255	0.626881
0.677754	0.694081
0.275796	0.361329
-0.799715	-1.15381
-0.712805	-0.9321
0.623435	-0.184919
-0.256528	0.159631
-0.115299	0.398717
-0.452075	0.180756
-0.821443	0.390205
0.286659	0.523298
1.48167	0.282706
-0.875761	-0.891228
1.09058	0.350705
-0.354302	-0.2225
0.536525	0.129115
-1.02785	-1.30319
-0.973535	-0.649043
-0.386893	-0.00270826
-0.452075	0.127166
-0.658487	0.234213
0.677754	0.481271
-0.647623	-0.294366
2.1335	0.531121
0.0476569	0.429778
0.134567	0.281229
-0.14789	0.519477
-0.202209	-0.261051
-0.821443	-0.943611
0.66689	0.521594
-0.810579	-0.043894
-0.332574	0.377326
0.949348	0.724874
-0.58244	-0.239976
0.308387	0.238944
-0.615032	-0.830596
-0.788851	-0.668112
-0.886625	0.0509558
0.623435	0.263152
1.7424	0.501935
-0.473803	0.0404574
-0.625895	-0.157089
-0.289119	0.285757
-0.799715	0.345223
0.895029	0.637631
-0.473803	0.0818786
-0.473803	0.459314
-0.560713	0.144803
-0.180482	0.232429
-0.93008	0.145269
-0.897489	-0.639264
-0.517258	0.238259
-0.343438	-0.782624
0.590844	-0.187743
-0.571577	0.317843
1.16662	0.257876
-0.506394	0.446099
-0.169618	0.299061
-0.169618	0.0227991
-0.799715	0.409833
1.75326	0.298063
-0.299983	-0.410256
0.7538	0.0409271
-0.517258	0.35422
-0.951808	-1.28773
1.88363	0.108253
-0.810579	0.585273
-0.039253	-0.0474407
0.764664	0.380303
-0.49553	0.51068
2.68755	0.439022
-0.441212	0.432983
-0.658487	-0.596163
-0.712805	0.518628
-0.386893	0.075885
2.93741	0.297716
-0.691078	0.493946
-0.75626	0.517889
-0.951808	-0.433641
-0.919216	0.344999
0.536525	0.135483
-0.777988	-0.246456
-0.832306	-0.960237
-0.767124	0.32891
-0.919216	-0.835182
0.330114	0.471779
0.0802482	0.567985
-0.973535	-0.916943
0.851574	-0.0857076
-0.104436	0.62816
-0.66935	0.218252
-0.615032	0.211879
-0.267392	0.403897
-0.973535	0.324796
4.72993	0.740551
-0.897489	-0.605942
-0.973535	0.0746405
-0.00666181	0.394773
0.438752	0.0359295
0.7538	-0.176135
0.123703	-0.0498921
0.514798	0.183859
2.19868	0.466209
1.02539	-0.139514
-0.191345	0.359814
-0.84317	0.312307
-0.995263	-1.18143
-0.636759	-0.0687911
0.0259294	0.228801
-0.940944	0.178044
-0.680214	0.15913
0.938484	0.6602
1.21008	-0.0854383
1.2644	0.548838
-0.821443	0.177072
-0.940944	-1.3986
-0.180482	0.0268746
-1.01699	-1.63014
0.84071	0.479629
-0.560713	-0.375342
0.884165	0.493005
0.210613	0.0622632
-0.267392	-0.155579
-0.332574	0.349434
-0.908353	-0.508497
-0.49553	-0.163993
0.210613	-0.139561
0.884165	0.264435
-0.473803	-0.211462
-0.919216	-0.343555
0.0259294	-0.0288783
-0.14789	0.128025
-0.984399	-0.634674
-0.604168	0.33133
-0.680214	-0.0743082
-0.951808	-0.829954
-0.299983	0.511407
-0.908353	-0.549162
1.06885	-0.215294
0.0693844	0.108219
-0.995263	0.430974
-0.93008	-0.692173
0.862438	0.24959
-0.484667	0.391563
-0.0175256	0.0929852
-0.647623	0.343618
0.601708	0.274513
-0.332574	-0.0513901
2.3725	0.475221
1.41649	0.447547
-0.571577	0.446375
0.373569	-0.0950979
-0.810579	0.059887
0.829847	0.49982
-0.32171	0.221993
-0.517258	-0.812911
0.66689	0.132591
-0.962671	-0.548633
0.514798	0.157073
-0.267392	0.241993
0.406161	0.506761
0.612572	0.766488
2.81791	0.622198
-0.462939	0.649863
-0.169618	0.330343
0.275796	-1.08823
1.1123	0.263684
-0.49553	-0.139975
1.19921	0.334957
-0.973535	-0.594391
-0.376029	0.533501
-0.875761	-0.613521
1.75326	0.541086
-0.93008	0.170732
-0.0175256	-0.437154
-0.2348	0.156474
2.26386	0.382001
-0.636759	0.0152371
-0.93008	-0.693047
0.254068	0.405618
-0.75626	0.411498
-0.549849	0.503929
-0.549849	-0.637025
2.97	0.371996
-0.441212	-0.65518
0.884165	0.448573
-0.777988	-0.610995
-0.082708	-0.291202
1.78586	0.346287
1.37303	0.0339428
-0.397757	-0.281964
-0.604168	-0.96667
-0.604168	-0.553522
-0.810579	-0.415266
-0.919216	-0.30897
-0.354302	-0.348722
2.20954	0.300476
0.0150657	-0.280377
-0.0283893	0.412131
0.0259294	-0.1571
-0.615032	0.392279
1.34044	0.427237
-0.799715	-1.00968
-0.625895	-0.218753
-0.0935718	0.167067
3.52406	0.121326
0.417024	0.412214
-0.560713	0.185608
0.221477	-0.024786
-0.951808	0.237607
0.286659	0.366363
-0.223937	-0.762278
0.0802482	0.0912284
0.362706	0.308606
-0.039253	0.0420347
-0.984399	-0.183642
0.471343	-0.427879
1.48167	0.37993
-0.658487	-0.147889
-0.680214	-0.70751
0.818983	0.471849
-0.289119	0.0949789
-0.93008	-0.251877
3.33937	0.55134
-0.14789	-0.189029
-0.647623	0.0979935
-0.452075	0.323106
2.22041	0.275265
0.101976	0.153026
0.319251	0.57182
-0.854034	-0.147113
-0.245664	-0.229914
-0.419484	0.00168953
-0.875761	-0.665302
-0.32171	0.121392
-0.636759	-0.106643
-0.0935718	0.0174254
-0.343438	0.526314
1.97054	0.320401
0.0476569	0.338788
-0.571577	0.493205
-0.158754	-0.210025
-0.604168	0.217447
-0.202209	0.0162908
3.76306	0.313451
-0.647623	0.0976083
-0.767124	0.402612
-0.267392	0.129619
-0.864898	-0.0177798
-0.951808	-0.161517
0.406161	0.456809
1.2644	-0.352312
1.04712	0.490781
1.57945	0.510556
0.818983	0.319275
-0.875761	-0.442909
0.0802482	0.335118
-0.919216	0.295447
0.569117	0.323635
0.112839	-0.0616117
-0.854034	-0.323211
-0.908353	-0.412287
0.503934	0.501788
-0.680214	-0.629152
-0.897489	-1.01276
-0.864898	0.218391
0.00420194	-0.159549
-0.66935	0.302715
0.362706	0.151174
0.308387	0.131153
0.57998	0.310111
-0.93008	0.284739
-0.691078	-1.31493
-0.875761	-0.732649
-0.984399	-0.556715
-0.538985	0.584435
-0.908353	-0.0876854
0.971075	0.626668
-0.571577	-0.0302222
-0.691078	-0.125496
1.22094	0.554196
-0.908353	0.211218
-0.0175256	0.327996
-0.734533	-0.0586822
-0.734533	-0.166233
0.0693844	0.225206
-0.875761	-0.316109
-0.538985	0.683898
0.178022	-0.815991
-0.310847	-0.233259
-0.625895	-0.358962
-0.647623	-0.550817
-0.40862	-0.160963
1.95968	0.266618
0.0585207	0.630323
-0.940944	-0.437535
-0.0718443	0.034629
-0.376029	0.23525
2.06831	0.455367
-0.799715	-0.741378
-0.137027	-0.157967
-0.310847	0.144546
1.91622	-0.183375
-0.452075	0.26404
0.188886	0.448977
-0.604168	-0.366311
0.623435	0.418722
0.808119	0.103641
-0.191345	0.091356
-0.104436	-0.179623
2.91569	0.20693
-0.864898	-0.490129
-0.430348	0.0716373
-0.712805	-0.0890169
-0.441212	0.380988
-0.886625	0.129184
-0.864898	0.216679
-0.940944	-0.307152
-0.940944	-0.07745
-0.213073	0.236999
-0.0718443	0.0895198
1.12317	-0.321308
0.688618	-0.247533
0.199749	0.167858
-0.647623	-0.0901435
-0.93008	-0.239548
-0.267392	-0.471977
-0.58244	-0.0307329
-0.473803	0.32535
1.09058	0.330279
-0.039253	-0.537862
1.03626	-0.21711
-0.962671	-0.56753
-0.332574	-0.671131
0.243204	0.386815
3.07864	0.373447
-0.75626	-0.273686
-0.886625	-0.31542
0.677754	-0.144006
-0.723669	-0.00677969
-0.908353	-0.535657
0.460479	0.432637
-0.158754	-0.0726191
-0.191345	0.248464
1.31872	0.605286
-0.875761	-0.951681
1.35131	0.325358
-0.245664	0.619682
0.503934	0.400781
-0.40862	0.331576
2.1335	0.542298
-0.712805	-1.07529
-0.897489	0.277262
3.49146	0.498463
-0.745396	0.489084
-0.0935718	0.174049
1.63376	0.529243
-0.256528	0.237425
0.0150657	0.386755
1.1449	0.38623
-0.908353	-0.595063
-0.832306	0.10022
0.514798	-0.496075
-0.821443	0.535137
-0.897489	-0.1855
-0.245664	0.246056
-0.691078	-0.647844
-0.14789	-0.1189
-0.604168	0.291694
3.10037	0.331315
-0.126163	-0.0805293
-0.777988	-0.405863
0.0693844	-0.424851
0.254068	0.330845
-0.452075	0.0059382
1.13403	0.446561
-0.973535	-0.718025
-0.962671	-0.22368
-0.430348	0.375192
-0.919216	-0.362333
0.0367932	-0.00502075
-0.386893	-0.00549482
-0.919216	-0.171705
-0.701942	0.294348
0.297523	0.382611
-0.973535	-0.836827
-0.180482	0.13795
-0.354302	0.423218
-0.821443	0.127203
1.93795	0.450309
3.23073	0.746662
0.92762	0.113957
0.156294	0.739012
-0.082708	0.240693
-0.571577	-0.109148
0.156294	0.46504
-0.115299	0.327088
-0.082708	-0.430241
-0.723669	-1.21927
-0.0718443	0.170897
-0.115299	-0.798718
0.0693844	0.320517
-0.202209	-0.338841
0.829847	0.203256
-0.93008	-1.11837
-0.462939	-0.287167
-0.278255	0.136476
-0.571577	0.0341937
-0.832306	0.473976
1.28612	0.350874
-0.962671	0.0401302
-0.517258	0.0365906
0.829847	0.574868
-0.386893	0.272222
-0.386893	-0.491415
-0.897489	-0.542469
0.167158	-0.268757
-0.832306	0.105467
-0.104436	-0.712673
-0.202209	-0.146368
-0.799715	-0.519894
0.0585207	0.177252
-0.441212	0.247451
-0.832306	-1.02036
-0.66935	-0.405119
0.732073	0.467341
0.0476569	0.519906
-0.854034	-0.705096
-0.397757	-0.0749289
-0.126163	0.351079
-0.462939	0.164945
-0.636759	-0.226133
0.00420194	0.0234954
0.417024	-0.493999
-0.560713	-0.0389442
-0.940944	-0.34955
-0.256528	-0.00653466
-0.40862	-0.170312
-0.767124	-1.13815
1.16662	0.287946
-0.712805	-0.138456
-0.84317	0.385088
-0.299983	-0.255108
-0.919216	-0.698083
-0.506394	0.335531
-0.58244	-0.341284
-0.886625	-0.4741
-0.984399	-0.713808
-0.810579	-0.127513
-0.191345	0.722428
-0.00666181	0.14543
-0.919216	-0.631464
-0.875761	-1.63409
0.417024	0.0475477
-0.202209	0.544934
-0.343438	0.494129
-0.734533	-0.384695
0.395297	0.107667
0.297523	0.369025
-0.223937	0.327393
-0.93008	-0.587478
-0.984399	-0.238293
-0.712805	-1.15123
-0.701942	0.508072
-0.202209	-0.124212
0.199749	-0.0489512
1.10144	0.366575
-0.386893	0.0552207
-0.473803	0.47002
2.81791	0.356128
0.66689	0.320325
-0.452075	0.181326
-0.940944	-0.238432
1.00367	0.111757
-0.951808	-0.625265
-0.712805	0.283661
-0.571577	-0.254967
-0.788851	0.346468
-1.01699	-0.719708
-0.082708	0.388577
-0.462939	-1.22257
-0.647623	-0.0595991
-0.864898	-0.270977
-0.2348	0.340139
4.29538	0.00357856
0.786392	0.270249
-0.365165	0.130618
0.547389	-0.111825
-0.995263	-0.857657
-0.202209	0.0559561
-0.32171	-0.0892743
-0.712805	0.531032
-0.245664	0.184783
0.862438	0.171431
-0.832306	-0.704759
-0.984399	-0.916344
-0.126163	0.317705
1.23181	0.402745
-0.0609805	-0.586117
-0.58244	-0.467445
0.721209	0.254033
0.297523	0.202253
1.03626	0.321862
-0.908353	-0.187688
1.68808	0.0886766
-0.919216	-0.110429
-0.691078	-0.225994
0.905893	0.215585
0.319251	0.0362623
0.536525	-0.182299
-0.691078	0.27468
1.48167	0.154572
-0.58244	-0.661296
-0.49553	0.371259
-0.821443	-0.621489
-0.2348	0.255157
-0.441212	0.218633
-0.647623	-0.16953
-0.951808	-0.0140204
-0.00666181	0.262027
-0.75626	-0.742666
0.0693844	-0.0860844
-0.995263	-0.786164
0.536525	0.6784
0.732073	-0.621581
-0.289119	-0.152674
-0.180482	0.28969
0.134567	-0.0203322
-0.908353	-0.57042
0.0150657	0.437196
1.72067	0.308239
-0.397757	0.386813
-0.245664	-0.160151
-0.462939	-0.0260608
-0.593304	-0.374753
-0.799715	0.330552
0.699482	0.258437
-0.875761	-1.04189
-0.473803	0.161152
0.742937	0.429634
0.634299	-0.146053
0.0259294	0.0526106
2.40509	0.573826
0.308387	-0.114909
-0.441212	-0.743029
0.319251	0.405355
0.612572	0.441978
-0.082708	0.438677
-0.549849	0.332306
0.275796	0.233276
3.68701	0.376399
0.351842	-0.0226141
-0.0283893	0.47322
-0.615032	-1.48287
-0.104436	-0.678399
-0.593304	-0.917292
-0.299983	0.494089
-0.604168	0.325905
0.351842	-0.381248
0.536525	0.0183487
-0.039253	-0.152983
-0.00666181	0.139554
-0.951808	-0.72714
2.14436	0.500121
-0.691078	-0.751235
-0.256528	0.315164
0.199749	-0.032716
-0.115299	0.425723
-0.278255	-0.256105
0.0150657	0.353275
-0.919216	-0.377332
1.32958	0.435225
-0.777988	-0.188135
2.35077	0.0768187
3.95861	0.695866
-0.376029	0.130042
-0.593304	0.387074
-0.528122	-0.0347251
0.0693844	-0.191789
0.0150657	0.115802
-0.973535	-0.695648
-0.875761	-0.36504
0.558253	-0.080621
-0.0283893	0.192763
-0.919216	-1.11069
2.79618	0.493467
-0.723669	-0.234035
-0.984399	0.208715
-0.625895	0.327411
-0.962671	-0.342703
1.13403	0.376054
-0.701942	0.187809
-0.908353	0.266265
2.40509	0.0901617
1.09058	0.271967
-0.441212	-0.781809
-0.549849	0.170192
0.482207	0.502852
0.243204	0.34659
-0.723669	-0.697998
-0.897489	0.350557
-0.191345	0.33761
1.64463	0.377718
-0.919216	-0.980646
-0.84317	-0.0821353
0.895029	0.143287
1.21008	0.390514
-0.0283893	0.20224
-0.223937	0.301394
0.742937	0.151513
0.395297	0.379238
-0.864898	-0.835234
1.07971	0.563022
-0.75626	0.26474
-0.267392	-0.814706
-0.854034	-0.377773
-0.647623	-0.293117
1.42735	0.203501
-0.104436	0.445849
-0.908353	0.00247854
1.5034	0.550946
1.12317	-0.109272
-0.202209	0.60619
-0.430348	-0.568058
0.0150657	0.580172
0.254068	0.193523
1.93795	0.62353
0.547389	0.453777
-0.854034	0.31188
-0.593304	0.222988
-0.202209	0.453154
0.178022	0.321165
-0.506394	0.0205504
0.0367932	0.263956
-0.734533	0.186593
-0.799715	-0.0547059
-0.0501168	0.3569
-0.386893	-0.0522201
-0.908353	-0.755278
-0.951808	-0.808284
1.02539	0.482663
0.417024	0.0324575
0.232341	0.255644
-0.0501168	0.0574838
-0.473803	0.665507
1.53599	0.555015
0.884165	0.602341
0.569117	0.387536
-0.571577	-0.11775
-0.386893	0.020594
-0.137027	-0.0712364
0.145431	0.356302
-0.386893	0.0827537
-0.767124	0.0703074
-0.528122	0.285879
2.24213	0.61029
-0.593304	0.443752
0.417024	-0.189941
1.5034	0.143492
-0.2348	0.183345
3.04605	0.42227
0.254068	0.338016
-0.788851	-0.0199249
1.63376	0.658234
-0.919216	0.473954
-0.137027	-0.435357
-0.604168	-0.841239
2.64409	0.317739
-0.40862	0.678388
0.188886	0.163771
-0.984399	0.21385
-0.810579	-0.99982
-0.202209	0.252024
-0.430348	0.409437
-0.691078	-1.00635
-0.951808	-0.0423371
-1.03872	-1.33049
-0.343438	-0.274531
-0.897489	-0.419039
2.01399	0.381547
2.48114	0.347306
-0.799715	-0.471382
-0.462939	0.299369
-0.441212	0.106579
-0.40862	0.39738
-0.191345	0.429753
0.895029	0.545458
-0.908353	-0.0364531
-0.625895	-0.78646
-0.93008	-1.42597
-0.908353	-0.143414
-0.940944	-0.827418
0.742937	0.292449
-0.691078	-0.159072
0.57998	-0.0626802
-0.115299	0.435524
-0.0609805	0.115385
0.0911119	-0.0261799
-0.919216	-0.650749
-1.04958	-0.786419
0.243204	0.257213
0.471343	-0.146982
-0.625895	-0.371769
1.85104	0.394349
-0.528122	-0.266103
-0.267392	-0.227472
0.0150657	-0.595991
-0.821443	0.415655
-0.256528	-0.0295188
2.50286	0.287301
-0.636759	0.399909
-0.701942	-0.547333
-0.365165	0.0182815
-0.984399	-1.20404
-0.441212	0.0216008
-0.984399	-0.741008
-0.213073	0.482726
-0.951808	-0.367441
-0.593304	0.220045
-1.02785	-0.622605
0.0150657	0.164123
-0.386893	-0.939016
-0.517258	0.454204
-0.647623	-0.21411
0.558253	0.189673
-0.538985	-0.304269
-0.940944	-0.439541
1.13403	0.646857
1.85104	0.261543
-0.799715	0.166457
0.710345	0.318577
-0.84317	-0.417944
-0.886625	0.105568
-0.332574	0.463856
-0.376029	0.203434
-0.799715	0.386827
-0.886625	-0.137992
-1.03872	-1.03613
-0.484667	-0.232858
-0.788851	-0.363643
0.645163	0.502323
-0.549849	-0.150955
-0.549849	0.251977
-0.213073	-0.500622
-0.549849	-0.371352
-0.647623	-0.548946
-0.723669	-0.615414
-0.767124	-0.666508
-0.951808	-0.691923
-0.962671	-0.782427
-0.32171	0.206258
1.87277	0.397084
-0.821443	0.183445
-0.538985	0.374455
0.384433	0.0744444
-0.604168	-0.142168
-0.32171	-0.141273
-0.278255	-0.325846
-0.919216	-0.404697
0.688618	-0.387105
0.438752	0.737189
0.818983	0.598108
1.13403	0.121563
-0.0175256	0.136674
0.438752	0.439031
3.08951	0.25679
-0.419484	0.585249
1.2644	0.387652
3.46974	0.604496
-0.908353	-0.586462
-0.75626	-0.69754
-0.940944	-0.0906139
-0.0718443	-0.0167009
-0.169618	0.354407
0.0802482	-0.0427779
0.547389	0.462325
-0.0609805	0.589849
-0.452075	0.491129
-0.908353	-0.12734
-0.93008	-0.343002
-0.886625	-0.340229
-0.245664	0.463724
-0.66935	-0.98089
2.30732	0.14106
-0.919216	-0.63919
-0.897489	0.217471
-0.93008	0.0224694
-0.973535	-0.0581322
3.41542	0.539038
-0.995263	-0.134314
1.6229	0.327387
-0.169618	0.406668
-0.473803	0.01171
-0.84317	-0.68
0.92762	-0.0264818
-0.0935718	0.0622951
0.275796	0.368036
0.569117	0.0964722
-0.0175256	0.36493
-0.625895	0.099647
-0.647623	0.17139
-0.223937	0.239163
-0.636759	0.0634035
1.77499	0.481899
-0.039253	0.539681
-0.506394	0.165928
-0.832306	0.404512
-0.908353	-0.401829
-0.32171	-0.211556
4.5887	0.52453
2.03572	0.692774
0.688618	-0.178422
0.503934	0.0542582
-0.397757	-1.19407
-0.430348	-0.687277
-0.864898	-0.36258
2.05745	0.624879
-0.517258	-0.537366
0.188886	0.507464
0.0585207	0.68194
0.66689	0.173771
0.742937	0.741016
-0.995263	-1.30828
-0.115299	0.53878
0.623435	0.782768
-0.701942	-0.293675
0.503934	0.334436
-0.49553	0.158542
0.601708	0.56252
-0.267392	0.418514
-0.810579	-0.0277833
-0.886625	0.130418
-0.528122	-0.464002
-0.886625	-0.189759
0.178022	-0.0307717
-0.0283893	-0.794078
-0.919216	0.540878
-0.343438	-0.309772
1.57945	-0.0957065
0.482207	0.656029
-0.213073	-0.108425
0.503934	0.56312
-0.104436	-0.071452
1.1123	0.177306
0.330114	0.269631
-0.647623	-0.0353042
-0.875761	0.409382
0.949348	-0.083392
1.01453	0.24749
0.243204	0.36663
-0.636759	0.306217
2.20954	0.294722
-0.940944	-0.943916
-0.875761	-0.196793
1.67722	0.505978
0.340978	0.269132
-0.886625	-0.677789
-0.452075	0.476574
0.797255	0.763793
-0.615032	-0.501923
0.286659	0.232736
-0.940944	-0.561811
-0.115299	0.257338
-0.2348	0.327868
-0.169618	0.364847
-0.202209	-0.671985
-0.419484	0.321813
1.43822	-0.381568
-0.115299	0.229661
0.0367932	0.723096
-0.745396	0.21457
-0.213073	-0.155628
0.482207	0.481532
0.547389	0.348165
-0.66935	0.335885
-0.354302	-0.257369
-0.528122	0.053501
-0.441212	-0.145408
0.92762	-0.094564
0.656027	-0.137997
-0.723669	-0.697056
-0.419484	0.275505
-0.908353	0.114079
0.503934	0.324958
-0.365165	0.440578
1.77499	0.476122
0.0259294	0.164012
1.95968	0.224917
-0.875761	-0.401234
-0.995263	0.0105308
0.449616	0.401467
-0.734533	-0.343095
-0.245664	-0.0770806
-0.832306	-0.575819
-0.58244	0.325695
-0.854034	-0.983635
2.43768	0.103477
-0.223937	0.171278
-0.897489	-0.449884
0.645163	-0.0548758
1.1123	-0.0344123
-0.528122	0.323573
-0.875761	-1.41688
-0.799715	0.273308
-0.745396	0.388494
-0.14789	-0.073964
-0.799715	0.441341
1.10144	0.471682
1.8619	0.0588226
0.308387	0.0187467
-0.158754	-0.0686901
0.395297	0.416341
3.16555	0.348064
-0.462939	0.123381
0.971075	0.245535
0.938484	0.0937682
-0.517258	-0.27756
1.24267	0.0731387
-0.984399	-0.947748
0.0476569	-0.216284
-0.49553	-0.247434
0.254068	0.0431265
-0.995263	-1.01425
-0.528122	0.559677
3.64356	0.742618
-0.2348	0.462874
0.699482	0.371575
-0.354302	0.410067
2.60064	0.408146
-0.104436	0.00948556
-0.962671	-0.4996
-0.615032	0.282926
-0.452075	0.20739
0.406161	0.726787
-0.886625	0.266999
-0.310847	-0.138969
1.37303	0.113389
-0.40862	0.126114
0.938484	0.37051
-0.40862	-0.14134
0.275796	-0.0184745
-0.452075	-0.883155
-0.115299	-0.142173
0.145431	0.186002
-0.908353	-0.738973
2.75273	0.576496
-0.386893	-0.652048
1.27526	0.336866
-0.854034	-0.119108
-0.506394	-0.225344
1.36217	-0.0847402
1.00367	0.225528
0.101976	0.209269
-0.647623	-0.466179
0.438752	0.352005
-0.973535	-0.642454
0.286659	0.358314
0.786392	-0.367211
0.0259294	0.562641
2.66582	0.47133
1.35131	0.829828
-0.962671	-0.776501
0.308387	0.250459
-0.995263	-1.58464
1.60117	0.470659
-0.854034	0.381709
-0.864898	-0.243585
0.286659	0.624622
-0.886625	-0.216558
1.49254	0.50711
1.1449	0.488206
-0.332574	-0.65066
-0.821443	-0.125033
2.28559	0.162564
-0.473803	-0.168447
-0.462939	-0.269689
2.28559	0.291413
-0.832306	-0.36864
-0.919216	-0.0959702
-0.821443	0.234779
0.0693844	-0.8943
-0.93008	-0.578498
-0.0283893	0.294468
-0.039253	-0.0511884
-0.484667	-0.7884
-0.897489	-0.151771
-0.973535	-0.0183762
0.818983	0.451603
-0.897489	-0.176535
-0.40862	0.219309
-0.821443	0.00252837
-0.875761	0.508123
-0.940944	-0.39059
-0.397757	-0.427575
-0.788851	-0.3598
-0.886625	-0.433491
-0.821443	0.40291
-0.0175256	0.516749
-0.854034	0.381201
-0.875761	-0.480841
0.243204	0.258734
-0.75626	0.414383
-0.84317	-0.554429
0.0476569	0.121122
-0.484667	0.492841
-0.310847	0.527872
-1.04958	-0.44811
1.39476	-0.26465
0.232341	0.277089
-0.484667	0.243774
0.0476569	0.260549
-1.02785	-0.318814
-0.919216	-0.0524485
-0.625895	0.449149
-0.0609805	-0.503687
-0.452075	0.0348082
-0.625895	0.181011
0.742937	-0.0473711
1.25353	0.427079
0.417024	0.157893
-0.767124	-0.435597
3.33937	0.421256
4.39316	0.435012
0.362706	0.631337
-0.767124	0.284816
-0.940944	-1.30007
-0.082708	-1.23423
1.68808	0.530083
-0.473803	0.0209498
-0.256528	0.185266
-0.984399	-0.530643
-0.58244	0.540315
1.53599	0.44359
-0.995263	-0.454763
